sample_id,source,company,position,question_no,question_type,question,answer,quality_bucket,manual_label,match_score_0_100,question_requirements,covered_requirements,expected_keywords,mismatch_reason,notes
MATCH001,synthetic_from_direct_labeling_200_style,롯데월드,전기·전자엔지니어,1,motivation_plan,롯데월드 전기·전자엔지니어 직무에 지원한 동기와 입사 후 어떤 방식으로 기여할 수 있는지 기술해 주십시오.,"저는 전기·전자엔지니어 직무에서 실제 문제를 데이터와 현장 관찰로 연결해 해결하는 점에 끌려 롯데월드에 지원했습니다. 이전에 동아리 예산 관리 자동화를 진행하며 문제 원인을 정리하고, 이해관계자 인터뷰와 로그 분석을 통해 실행 우선순위를 세웠습니다. 이후 제가 맡은 역할은 실행안을 설계하고 주 단위로 결과를 검증하는 것이었으며, 그 과정에서 오류 건수를 월 15건에서 4건으로 낮췄습니다. 입사 후에도 이 경험을 바탕으로 롯데월드의 전기·전자엔지니어 업무에서 고객과 조직에 측정 가능한 기여를 만들겠습니다.",엄청 잘 답변,EXCELLENT,89,지원동기 | 직무 이해 | 입사 후 기여,지원동기 | 직무 이해 | 입사 후 기여,지원 | 직무 | 기여 | 입사 후,질문 핵심 조건을 모두 반영하고 직무/회사 연결과 구체적 결과가 있음,ROLE05_MATCH 질문-답변 적합도 모델용 더미데이터
MATCH002,synthetic_from_direct_labeling_200_style,신한은행,영업관리,2,collaboration,다른 사람들과 함께 일하며 팀워크를 발휘했던 경험과 그 과정에서 본인이 맡은 역할을 구체적으로 서술해 주십시오.,"사용자 이탈 원인 분석를 진행할 때 일정 지연으로 팀원 간 역할이 겹치는 문제가 있었습니다. 저는 회의록을 기준으로 업무를 다시 나누고, 매일 10분씩 진행 상황을 공유하는 방식을 제안했습니다. 그 결과 제 역할이었던 자료 정리와 일정 조율이 안정화되었고 오류 건수를 월 15건에서 4건으로 낮췄습니다. 이 경험을 통해 팀워크는 좋은 분위기보다 역할과 책임을 명확히 하는 데서 시작된다는 점을 배웠습니다.",엄청 잘 답변,EXCELLENT,89,협업 상황 | 본인 역할 | 팀 성과,협업 상황 | 본인 역할 | 팀 성과,팀 | 협업 | 역할 | 성과,질문 핵심 조건을 모두 반영하고 직무/회사 연결과 구체적 결과가 있음,ROLE05_MATCH 질문-답변 적합도 모델용 더미데이터
MATCH003,synthetic_from_direct_labeling_200_style,카카오페이,마케팅,3,problem_solving,"예상하지 못한 문제를 발견하고 해결했던 경험을 상황, 행동, 결과 중심으로 기술해 주십시오.","고객 상담 FAQ 재정비 과정에서 예상하지 못한 문제를 발견한 상황이 있었습니다. 저는 해결 행동으로 오류 발생 시간, 담당 단계, 입력 데이터를 표로 정리해 병목 지점을 찾았습니다. 이후 체크리스트와 검수 기준을 새로 적용했고, 결과적으로 오류 건수를 월 15건에서 4건으로 낮췄습니다. 문제를 감으로 판단하지 않고 데이터로 좁힌 점이 가장 큰 성과였습니다.",엄청 잘 답변,EXCELLENT,89,문제 상황 | 해결 행동 | 결과,문제 상황 | 해결 행동 | 결과,문제 | 해결 | 행동 | 결과,질문 핵심 조건을 모두 반영하고 직무/회사 연결과 구체적 결과가 있음,ROLE05_MATCH 질문-답변 적합도 모델용 더미데이터
MATCH004,synthetic_from_direct_labeling_200_style,CJ올리브네트웍스,시설관리,4,competency,시설관리 직무와 관련된 본인의 강점 또는 역량을 실제 경험을 바탕으로 설명해 주십시오.,"제 강점은 시설관리 직무에 필요한 문제 구조화와 실행력입니다. 스터디 운영 방식 개선에서 저는 요구사항을 기능, 일정, 리스크로 나누어 우선순위를 정했습니다. 그 뒤 핵심 과제부터 실행하고 결과를 매주 검토해 오류 건수를 월 15건에서 4건으로 낮췄습니다. 이 역량은 CJ올리브네트웍스에서도 복잡한 업무를 실행 가능한 단위로 바꾸는 데 활용될 수 있습니다.",엄청 잘 답변,EXCELLENT,87,직무 역량 | 근거 경험 | 활용 가능성,직무 역량 | 근거 경험 | 활용 가능성,강점 | 역량 | 경험 | 직무,질문 핵심 조건을 모두 반영하고 직무/회사 연결과 구체적 결과가 있음,ROLE05_MATCH 질문-답변 적합도 모델용 더미데이터
MATCH005,synthetic_from_direct_labeling_200_style,LG전자,품질관리,5,weakness,"본인의 단점 또는 부족했던 점을 쓰고, 이를 보완하기 위해 어떤 노력을 했는지 기술해 주십시오.","제 단점은 중요한 일을 맡으면 초기에 혼자 해결하려는 경향이 있었다는 점입니다. 신입 교육 자료 표준화를 하며 이 방식이 검토 지연으로 이어진다는 것을 깨닫고, 중간 공유 시점을 일정표에 고정했습니다. 이후 팀원 피드백을 먼저 반영하면서 오류 건수를 월 15건에서 4건으로 낮췄습니다. 지금은 완성도보다 빠른 공유와 보완을 우선하는 방식으로 개선하고 있습니다.",엄청 잘 답변,EXCELLENT,96,단점 인식 | 보완 행동 | 변화,단점 인식 | 보완 행동 | 변화,단점 | 부족 | 보완 | 개선,질문 핵심 조건을 모두 반영하고 직무/회사 연결과 구체적 결과가 있음,ROLE05_MATCH 질문-답변 적합도 모델용 더미데이터
MATCH006,synthetic_from_direct_labeling_200_style,롯데월드,환경안전,1,growth,본인의 성장과정 또는 가치관이 현재의 진로 선택에 어떤 영향을 주었는지 작성해 주십시오.,"저는 성장과정에서 맡은 일을 끝까지 책임지는 태도를 중요하게 배웠습니다. 그 가치관은 동아리 예산 관리 자동화를 수행할 때도 이어져, 어려운 상황에서도 원인을 기록하고 해결책을 끝까지 검증하게 했습니다. 그 결과 오류 건수를 월 15건에서 4건으로 낮췄습니다. 이 경험은 현재의 진로 선택에 영향을 주었고, 환경안전 직무에서도 책임 있는 실행으로 이어가겠습니다.",엄청 잘 답변,EXCELLENT,91,성장 배경 | 가치관 | 진로 연결,성장 배경 | 가치관 | 진로 연결,성장 | 가치관 | 진로 | 영향,질문 핵심 조건을 모두 반영하고 직무/회사 연결과 구체적 결과가 있음,ROLE05_MATCH 질문-답변 적합도 모델용 더미데이터
MATCH007,synthetic_from_direct_labeling_200_style,신한은행,데이터 분석,2,customer,고객 또는 사용자의 불편을 파악하고 개선했던 경험을 구체적인 결과와 함께 설명해 주십시오.,"사용자 이탈 원인 분석 중 고객 또는 사용자가 같은 내용을 반복 문의하는 불편을 발견했습니다. 저는 고객 문제를 파악하기 위해 문의 유형을 분류하고, 가장 많은 질문부터 답변 흐름과 안내 문구를 개선했습니다. 구체적 결과로 오류 건수를 월 15건에서 4건으로 낮췄습니다. 사용자의 불편을 실제 행동 데이터로 확인하고 바꿨다는 점에서 데이터 분석 직무와도 맞닿아 있습니다.",엄청 잘 답변,EXCELLENT,89,고객 문제 | 개선 행동 | 구체적 결과,고객 문제 | 개선 행동 | 구체적 결과,고객 | 사용자 | 개선 | 결과,질문 핵심 조건을 모두 반영하고 직무/회사 연결과 구체적 결과가 있음,ROLE05_MATCH 질문-답변 적합도 모델용 더미데이터
MATCH008,synthetic_from_direct_labeling_200_style,카카오페이,서비스 기획,3,challenge,목표 달성을 위해 도전적으로 시도했던 경험과 그 과정에서 배운 점을 기술해 주십시오.,저는 목표 달성을 위해 고객 상담 FAQ 재정비에서 기존 방식보다 높은 기준을 세우고 도전적으로 시도했습니다. 처음에는 반대 의견이 있었지만 작은 범위로 먼저 실험하고 결과를 공유했습니다. 그 결과 오류 건수를 월 15건에서 4건으로 낮췄습니다. 이 과정에서 배운 점은 도전이 무작정 밀어붙이는 것이 아니라 근거와 검증 단계를 함께 설계하는 일이라는 것입니다.,엄청 잘 답변,EXCELLENT,94,목표 | 도전 행동 | 배운 점,목표 | 도전 행동 | 배운 점,목표 | 도전 | 시도 | 배운,질문 핵심 조건을 모두 반영하고 직무/회사 연결과 구체적 결과가 있음,ROLE05_MATCH 질문-답변 적합도 모델용 더미데이터
MATCH009,synthetic_from_direct_labeling_200_style,CJ올리브네트웍스,백엔드 개발,4,ethics,원칙을 지키기 위해 어려운 선택을 했던 경험과 그 결과를 서술해 주십시오.,스터디 운영 방식 개선를 맡았을 때 일정 단축을 위해 검수 단계를 생략하자는 의견이 있었습니다. 저는 단기 성과보다 원칙과 신뢰가 중요하다고 판단해 최소 검수 항목을 남기는 대안을 제시했습니다. 그 결과 일정은 유지하면서도 오류 건수를 월 15건에서 4건으로 낮췄습니다. 이 경험을 통해 원칙을 지키는 선택이 장기적으로 조직의 신뢰를 높인다는 것을 배웠습니다.,엄청 잘 답변,EXCELLENT,92,원칙 | 어려운 선택 | 결과,원칙 | 어려운 선택 | 결과,원칙 | 선택 | 결과 | 신뢰,질문 핵심 조건을 모두 반영하고 직무/회사 연결과 구체적 결과가 있음,ROLE05_MATCH 질문-답변 적합도 모델용 더미데이터
MATCH010,synthetic_from_direct_labeling_200_style,LG전자,인사,5,learning,지원 분야와 관련된 전문성을 키우기 위해 학습하거나 실습했던 경험을 구체적으로 기술해 주십시오.,"인사 분야의 전문성을 키우기 위해 신입 교육 자료 표준화를 직접 실습 주제로 삼았습니다. 관련 자료를 학습한 뒤 작은 기능부터 구현하고, 결과를 기록하며 부족한 개념을 다시 보완했습니다. 그 결과 오류 건수를 월 15건에서 4건으로 낮췄습니다. 학습을 결과물로 연결한 경험을 바탕으로 LG전자에서도 빠르게 실무 지식을 흡수하겠습니다.",엄청 잘 답변,EXCELLENT,94,전문성 | 학습 과정 | 적용 결과,전문성 | 학습 과정 | 적용 결과,전문성 | 학습 | 실습 | 적용,질문 핵심 조건을 모두 반영하고 직무/회사 연결과 구체적 결과가 있음,ROLE05_MATCH 질문-답변 적합도 모델용 더미데이터
MATCH011,synthetic_from_direct_labeling_200_style,롯데월드,전기·전자엔지니어,1,motivation_plan,롯데월드 전기·전자엔지니어 직무에 지원한 동기와 입사 후 어떤 방식으로 기여할 수 있는지 기술해 주십시오.,"저는 전기·전자엔지니어 직무에서 실제 문제를 데이터와 현장 관찰로 연결해 해결하는 점에 끌려 롯데월드에 지원했습니다. 이전에 동아리 예산 관리 자동화를 진행하며 문제 원인을 정리하고, 이해관계자 인터뷰와 로그 분석을 통해 실행 우선순위를 세웠습니다. 이후 제가 맡은 역할은 실행안을 설계하고 주 단위로 결과를 검증하는 것이었으며, 그 과정에서 오류 건수를 월 15건에서 4건으로 낮췄습니다. 입사 후에도 이 경험을 바탕으로 롯데월드의 전기·전자엔지니어 업무에서 고객과 조직에 측정 가능한 기여를 만들겠습니다.",엄청 잘 답변,EXCELLENT,88,지원동기 | 직무 이해 | 입사 후 기여,지원동기 | 직무 이해 | 입사 후 기여,지원 | 직무 | 기여 | 입사 후,질문 핵심 조건을 모두 반영하고 직무/회사 연결과 구체적 결과가 있음,ROLE05_MATCH 질문-답변 적합도 모델용 더미데이터
MATCH012,synthetic_from_direct_labeling_200_style,신한은행,영업관리,2,collaboration,다른 사람들과 함께 일하며 팀워크를 발휘했던 경험과 그 과정에서 본인이 맡은 역할을 구체적으로 서술해 주십시오.,"사용자 이탈 원인 분석를 진행할 때 일정 지연으로 팀원 간 역할이 겹치는 문제가 있었습니다. 저는 회의록을 기준으로 업무를 다시 나누고, 매일 10분씩 진행 상황을 공유하는 방식을 제안했습니다. 그 결과 제 역할이었던 자료 정리와 일정 조율이 안정화되었고 오류 건수를 월 15건에서 4건으로 낮췄습니다. 이 경험을 통해 팀워크는 좋은 분위기보다 역할과 책임을 명확히 하는 데서 시작된다는 점을 배웠습니다.",엄청 잘 답변,EXCELLENT,91,협업 상황 | 본인 역할 | 팀 성과,협업 상황 | 본인 역할 | 팀 성과,팀 | 협업 | 역할 | 성과,질문 핵심 조건을 모두 반영하고 직무/회사 연결과 구체적 결과가 있음,ROLE05_MATCH 질문-답변 적합도 모델용 더미데이터
MATCH013,synthetic_from_direct_labeling_200_style,카카오페이,마케팅,3,problem_solving,"예상하지 못한 문제를 발견하고 해결했던 경험을 상황, 행동, 결과 중심으로 기술해 주십시오.","고객 상담 FAQ 재정비 과정에서 예상하지 못한 문제를 발견한 상황이 있었습니다. 저는 해결 행동으로 오류 발생 시간, 담당 단계, 입력 데이터를 표로 정리해 병목 지점을 찾았습니다. 이후 체크리스트와 검수 기준을 새로 적용했고, 결과적으로 오류 건수를 월 15건에서 4건으로 낮췄습니다. 문제를 감으로 판단하지 않고 데이터로 좁힌 점이 가장 큰 성과였습니다.",엄청 잘 답변,EXCELLENT,97,문제 상황 | 해결 행동 | 결과,문제 상황 | 해결 행동 | 결과,문제 | 해결 | 행동 | 결과,질문 핵심 조건을 모두 반영하고 직무/회사 연결과 구체적 결과가 있음,ROLE05_MATCH 질문-답변 적합도 모델용 더미데이터
MATCH014,synthetic_from_direct_labeling_200_style,CJ올리브네트웍스,시설관리,4,competency,시설관리 직무와 관련된 본인의 강점 또는 역량을 실제 경험을 바탕으로 설명해 주십시오.,"제 강점은 시설관리 직무에 필요한 문제 구조화와 실행력입니다. 스터디 운영 방식 개선에서 저는 요구사항을 기능, 일정, 리스크로 나누어 우선순위를 정했습니다. 그 뒤 핵심 과제부터 실행하고 결과를 매주 검토해 오류 건수를 월 15건에서 4건으로 낮췄습니다. 이 역량은 CJ올리브네트웍스에서도 복잡한 업무를 실행 가능한 단위로 바꾸는 데 활용될 수 있습니다.",엄청 잘 답변,EXCELLENT,87,직무 역량 | 근거 경험 | 활용 가능성,직무 역량 | 근거 경험 | 활용 가능성,강점 | 역량 | 경험 | 직무,질문 핵심 조건을 모두 반영하고 직무/회사 연결과 구체적 결과가 있음,ROLE05_MATCH 질문-답변 적합도 모델용 더미데이터
MATCH015,synthetic_from_direct_labeling_200_style,LG전자,품질관리,5,weakness,"본인의 단점 또는 부족했던 점을 쓰고, 이를 보완하기 위해 어떤 노력을 했는지 기술해 주십시오.","제 단점은 중요한 일을 맡으면 초기에 혼자 해결하려는 경향이 있었다는 점입니다. 신입 교육 자료 표준화를 하며 이 방식이 검토 지연으로 이어진다는 것을 깨닫고, 중간 공유 시점을 일정표에 고정했습니다. 이후 팀원 피드백을 먼저 반영하면서 오류 건수를 월 15건에서 4건으로 낮췄습니다. 지금은 완성도보다 빠른 공유와 보완을 우선하는 방식으로 개선하고 있습니다.",엄청 잘 답변,EXCELLENT,94,단점 인식 | 보완 행동 | 변화,단점 인식 | 보완 행동 | 변화,단점 | 부족 | 보완 | 개선,질문 핵심 조건을 모두 반영하고 직무/회사 연결과 구체적 결과가 있음,ROLE05_MATCH 질문-답변 적합도 모델용 더미데이터
MATCH016,synthetic_from_direct_labeling_200_style,롯데월드,환경안전,1,growth,본인의 성장과정 또는 가치관이 현재의 진로 선택에 어떤 영향을 주었는지 작성해 주십시오.,"저는 성장과정에서 맡은 일을 끝까지 책임지는 태도를 중요하게 배웠습니다. 그 가치관은 동아리 예산 관리 자동화를 수행할 때도 이어져, 어려운 상황에서도 원인을 기록하고 해결책을 끝까지 검증하게 했습니다. 그 결과 오류 건수를 월 15건에서 4건으로 낮췄습니다. 이 경험은 현재의 진로 선택에 영향을 주었고, 환경안전 직무에서도 책임 있는 실행으로 이어가겠습니다.",엄청 잘 답변,EXCELLENT,98,성장 배경 | 가치관 | 진로 연결,성장 배경 | 가치관 | 진로 연결,성장 | 가치관 | 진로 | 영향,질문 핵심 조건을 모두 반영하고 직무/회사 연결과 구체적 결과가 있음,ROLE05_MATCH 질문-답변 적합도 모델용 더미데이터
MATCH017,synthetic_from_direct_labeling_200_style,신한은행,데이터 분석,2,customer,고객 또는 사용자의 불편을 파악하고 개선했던 경험을 구체적인 결과와 함께 설명해 주십시오.,"사용자 이탈 원인 분석 중 고객 또는 사용자가 같은 내용을 반복 문의하는 불편을 발견했습니다. 저는 고객 문제를 파악하기 위해 문의 유형을 분류하고, 가장 많은 질문부터 답변 흐름과 안내 문구를 개선했습니다. 구체적 결과로 오류 건수를 월 15건에서 4건으로 낮췄습니다. 사용자의 불편을 실제 행동 데이터로 확인하고 바꿨다는 점에서 데이터 분석 직무와도 맞닿아 있습니다.",엄청 잘 답변,EXCELLENT,86,고객 문제 | 개선 행동 | 구체적 결과,고객 문제 | 개선 행동 | 구체적 결과,고객 | 사용자 | 개선 | 결과,질문 핵심 조건을 모두 반영하고 직무/회사 연결과 구체적 결과가 있음,ROLE05_MATCH 질문-답변 적합도 모델용 더미데이터
MATCH018,synthetic_from_direct_labeling_200_style,카카오페이,서비스 기획,3,challenge,목표 달성을 위해 도전적으로 시도했던 경험과 그 과정에서 배운 점을 기술해 주십시오.,저는 목표 달성을 위해 고객 상담 FAQ 재정비에서 기존 방식보다 높은 기준을 세우고 도전적으로 시도했습니다. 처음에는 반대 의견이 있었지만 작은 범위로 먼저 실험하고 결과를 공유했습니다. 그 결과 오류 건수를 월 15건에서 4건으로 낮췄습니다. 이 과정에서 배운 점은 도전이 무작정 밀어붙이는 것이 아니라 근거와 검증 단계를 함께 설계하는 일이라는 것입니다.,엄청 잘 답변,EXCELLENT,86,목표 | 도전 행동 | 배운 점,목표 | 도전 행동 | 배운 점,목표 | 도전 | 시도 | 배운,질문 핵심 조건을 모두 반영하고 직무/회사 연결과 구체적 결과가 있음,ROLE05_MATCH 질문-답변 적합도 모델용 더미데이터
MATCH019,synthetic_from_direct_labeling_200_style,CJ올리브네트웍스,백엔드 개발,4,ethics,원칙을 지키기 위해 어려운 선택을 했던 경험과 그 결과를 서술해 주십시오.,스터디 운영 방식 개선를 맡았을 때 일정 단축을 위해 검수 단계를 생략하자는 의견이 있었습니다. 저는 단기 성과보다 원칙과 신뢰가 중요하다고 판단해 최소 검수 항목을 남기는 대안을 제시했습니다. 그 결과 일정은 유지하면서도 오류 건수를 월 15건에서 4건으로 낮췄습니다. 이 경험을 통해 원칙을 지키는 선택이 장기적으로 조직의 신뢰를 높인다는 것을 배웠습니다.,엄청 잘 답변,EXCELLENT,86,원칙 | 어려운 선택 | 결과,원칙 | 어려운 선택 | 결과,원칙 | 선택 | 결과 | 신뢰,질문 핵심 조건을 모두 반영하고 직무/회사 연결과 구체적 결과가 있음,ROLE05_MATCH 질문-답변 적합도 모델용 더미데이터
MATCH020,synthetic_from_direct_labeling_200_style,LG전자,인사,5,learning,지원 분야와 관련된 전문성을 키우기 위해 학습하거나 실습했던 경험을 구체적으로 기술해 주십시오.,"인사 분야의 전문성을 키우기 위해 신입 교육 자료 표준화를 직접 실습 주제로 삼았습니다. 관련 자료를 학습한 뒤 작은 기능부터 구현하고, 결과를 기록하며 부족한 개념을 다시 보완했습니다. 그 결과 오류 건수를 월 15건에서 4건으로 낮췄습니다. 학습을 결과물로 연결한 경험을 바탕으로 LG전자에서도 빠르게 실무 지식을 흡수하겠습니다.",엄청 잘 답변,EXCELLENT,90,전문성 | 학습 과정 | 적용 결과,전문성 | 학습 과정 | 적용 결과,전문성 | 학습 | 실습 | 적용,질문 핵심 조건을 모두 반영하고 직무/회사 연결과 구체적 결과가 있음,ROLE05_MATCH 질문-답변 적합도 모델용 더미데이터
MATCH021,synthetic_from_direct_labeling_200_style,롯데월드,전기·전자엔지니어,1,motivation_plan,롯데월드 전기·전자엔지니어 직무에 지원한 동기와 입사 후 어떤 방식으로 기여할 수 있는지 기술해 주십시오.,"저는 전기·전자엔지니어 직무에서 실제 문제를 데이터와 현장 관찰로 연결해 해결하는 점에 끌려 롯데월드에 지원했습니다. 이전에 동아리 예산 관리 자동화를 진행하며 문제 원인을 정리하고, 이해관계자 인터뷰와 로그 분석을 통해 실행 우선순위를 세웠습니다. 이후 제가 맡은 역할은 실행안을 설계하고 주 단위로 결과를 검증하는 것이었으며, 그 과정에서 오류 건수를 월 15건에서 4건으로 낮췄습니다. 입사 후에도 이 경험을 바탕으로 롯데월드의 전기·전자엔지니어 업무에서 고객과 조직에 측정 가능한 기여를 만들겠습니다.",엄청 잘 답변,EXCELLENT,91,지원동기 | 직무 이해 | 입사 후 기여,지원동기 | 직무 이해 | 입사 후 기여,지원 | 직무 | 기여 | 입사 후,질문 핵심 조건을 모두 반영하고 직무/회사 연결과 구체적 결과가 있음,ROLE05_MATCH 질문-답변 적합도 모델용 더미데이터
MATCH022,synthetic_from_direct_labeling_200_style,신한은행,영업관리,2,collaboration,다른 사람들과 함께 일하며 팀워크를 발휘했던 경험과 그 과정에서 본인이 맡은 역할을 구체적으로 서술해 주십시오.,"사용자 이탈 원인 분석를 진행할 때 일정 지연으로 팀원 간 역할이 겹치는 문제가 있었습니다. 저는 회의록을 기준으로 업무를 다시 나누고, 매일 10분씩 진행 상황을 공유하는 방식을 제안했습니다. 그 결과 제 역할이었던 자료 정리와 일정 조율이 안정화되었고 오류 건수를 월 15건에서 4건으로 낮췄습니다. 이 경험을 통해 팀워크는 좋은 분위기보다 역할과 책임을 명확히 하는 데서 시작된다는 점을 배웠습니다.",엄청 잘 답변,EXCELLENT,95,협업 상황 | 본인 역할 | 팀 성과,협업 상황 | 본인 역할 | 팀 성과,팀 | 협업 | 역할 | 성과,질문 핵심 조건을 모두 반영하고 직무/회사 연결과 구체적 결과가 있음,ROLE05_MATCH 질문-답변 적합도 모델용 더미데이터
MATCH023,synthetic_from_direct_labeling_200_style,카카오페이,마케팅,3,problem_solving,"예상하지 못한 문제를 발견하고 해결했던 경험을 상황, 행동, 결과 중심으로 기술해 주십시오.","고객 상담 FAQ 재정비 과정에서 예상하지 못한 문제를 발견한 상황이 있었습니다. 저는 해결 행동으로 오류 발생 시간, 담당 단계, 입력 데이터를 표로 정리해 병목 지점을 찾았습니다. 이후 체크리스트와 검수 기준을 새로 적용했고, 결과적으로 오류 건수를 월 15건에서 4건으로 낮췄습니다. 문제를 감으로 판단하지 않고 데이터로 좁힌 점이 가장 큰 성과였습니다.",엄청 잘 답변,EXCELLENT,98,문제 상황 | 해결 행동 | 결과,문제 상황 | 해결 행동 | 결과,문제 | 해결 | 행동 | 결과,질문 핵심 조건을 모두 반영하고 직무/회사 연결과 구체적 결과가 있음,ROLE05_MATCH 질문-답변 적합도 모델용 더미데이터
MATCH024,synthetic_from_direct_labeling_200_style,CJ올리브네트웍스,시설관리,4,competency,시설관리 직무와 관련된 본인의 강점 또는 역량을 실제 경험을 바탕으로 설명해 주십시오.,"제 강점은 시설관리 직무에 필요한 문제 구조화와 실행력입니다. 스터디 운영 방식 개선에서 저는 요구사항을 기능, 일정, 리스크로 나누어 우선순위를 정했습니다. 그 뒤 핵심 과제부터 실행하고 결과를 매주 검토해 오류 건수를 월 15건에서 4건으로 낮췄습니다. 이 역량은 CJ올리브네트웍스에서도 복잡한 업무를 실행 가능한 단위로 바꾸는 데 활용될 수 있습니다.",엄청 잘 답변,EXCELLENT,90,직무 역량 | 근거 경험 | 활용 가능성,직무 역량 | 근거 경험 | 활용 가능성,강점 | 역량 | 경험 | 직무,질문 핵심 조건을 모두 반영하고 직무/회사 연결과 구체적 결과가 있음,ROLE05_MATCH 질문-답변 적합도 모델용 더미데이터
MATCH025,synthetic_from_direct_labeling_200_style,LG전자,품질관리,5,weakness,"본인의 단점 또는 부족했던 점을 쓰고, 이를 보완하기 위해 어떤 노력을 했는지 기술해 주십시오.","제 단점은 중요한 일을 맡으면 초기에 혼자 해결하려는 경향이 있었다는 점입니다. 신입 교육 자료 표준화를 하며 이 방식이 검토 지연으로 이어진다는 것을 깨닫고, 중간 공유 시점을 일정표에 고정했습니다. 이후 팀원 피드백을 먼저 반영하면서 오류 건수를 월 15건에서 4건으로 낮췄습니다. 지금은 완성도보다 빠른 공유와 보완을 우선하는 방식으로 개선하고 있습니다.",엄청 잘 답변,EXCELLENT,95,단점 인식 | 보완 행동 | 변화,단점 인식 | 보완 행동 | 변화,단점 | 부족 | 보완 | 개선,질문 핵심 조건을 모두 반영하고 직무/회사 연결과 구체적 결과가 있음,ROLE05_MATCH 질문-답변 적합도 모델용 더미데이터
MATCH026,synthetic_from_direct_labeling_200_style,롯데월드,환경안전,1,growth,본인의 성장과정 또는 가치관이 현재의 진로 선택에 어떤 영향을 주었는지 작성해 주십시오.,"저는 성장과정에서 맡은 일을 끝까지 책임지는 태도를 중요하게 배웠습니다. 그 가치관은 동아리 예산 관리 자동화를 수행할 때도 이어져, 어려운 상황에서도 원인을 기록하고 해결책을 끝까지 검증하게 했습니다. 그 결과 오류 건수를 월 15건에서 4건으로 낮췄습니다. 이 경험은 현재의 진로 선택에 영향을 주었고, 환경안전 직무에서도 책임 있는 실행으로 이어가겠습니다.",엄청 잘 답변,EXCELLENT,95,성장 배경 | 가치관 | 진로 연결,성장 배경 | 가치관 | 진로 연결,성장 | 가치관 | 진로 | 영향,질문 핵심 조건을 모두 반영하고 직무/회사 연결과 구체적 결과가 있음,ROLE05_MATCH 질문-답변 적합도 모델용 더미데이터
MATCH027,synthetic_from_direct_labeling_200_style,신한은행,데이터 분석,2,customer,고객 또는 사용자의 불편을 파악하고 개선했던 경험을 구체적인 결과와 함께 설명해 주십시오.,"사용자 이탈 원인 분석 중 고객 또는 사용자가 같은 내용을 반복 문의하는 불편을 발견했습니다. 저는 고객 문제를 파악하기 위해 문의 유형을 분류하고, 가장 많은 질문부터 답변 흐름과 안내 문구를 개선했습니다. 구체적 결과로 오류 건수를 월 15건에서 4건으로 낮췄습니다. 사용자의 불편을 실제 행동 데이터로 확인하고 바꿨다는 점에서 데이터 분석 직무와도 맞닿아 있습니다.",엄청 잘 답변,EXCELLENT,96,고객 문제 | 개선 행동 | 구체적 결과,고객 문제 | 개선 행동 | 구체적 결과,고객 | 사용자 | 개선 | 결과,질문 핵심 조건을 모두 반영하고 직무/회사 연결과 구체적 결과가 있음,ROLE05_MATCH 질문-답변 적합도 모델용 더미데이터
MATCH028,synthetic_from_direct_labeling_200_style,카카오페이,서비스 기획,3,challenge,목표 달성을 위해 도전적으로 시도했던 경험과 그 과정에서 배운 점을 기술해 주십시오.,저는 목표 달성을 위해 고객 상담 FAQ 재정비에서 기존 방식보다 높은 기준을 세우고 도전적으로 시도했습니다. 처음에는 반대 의견이 있었지만 작은 범위로 먼저 실험하고 결과를 공유했습니다. 그 결과 오류 건수를 월 15건에서 4건으로 낮췄습니다. 이 과정에서 배운 점은 도전이 무작정 밀어붙이는 것이 아니라 근거와 검증 단계를 함께 설계하는 일이라는 것입니다.,엄청 잘 답변,EXCELLENT,88,목표 | 도전 행동 | 배운 점,목표 | 도전 행동 | 배운 점,목표 | 도전 | 시도 | 배운,질문 핵심 조건을 모두 반영하고 직무/회사 연결과 구체적 결과가 있음,ROLE05_MATCH 질문-답변 적합도 모델용 더미데이터
MATCH029,synthetic_from_direct_labeling_200_style,CJ올리브네트웍스,백엔드 개발,4,ethics,원칙을 지키기 위해 어려운 선택을 했던 경험과 그 결과를 서술해 주십시오.,스터디 운영 방식 개선를 맡았을 때 일정 단축을 위해 검수 단계를 생략하자는 의견이 있었습니다. 저는 단기 성과보다 원칙과 신뢰가 중요하다고 판단해 최소 검수 항목을 남기는 대안을 제시했습니다. 그 결과 일정은 유지하면서도 오류 건수를 월 15건에서 4건으로 낮췄습니다. 이 경험을 통해 원칙을 지키는 선택이 장기적으로 조직의 신뢰를 높인다는 것을 배웠습니다.,엄청 잘 답변,EXCELLENT,90,원칙 | 어려운 선택 | 결과,원칙 | 어려운 선택 | 결과,원칙 | 선택 | 결과 | 신뢰,질문 핵심 조건을 모두 반영하고 직무/회사 연결과 구체적 결과가 있음,ROLE05_MATCH 질문-답변 적합도 모델용 더미데이터
MATCH030,synthetic_from_direct_labeling_200_style,LG전자,인사,5,learning,지원 분야와 관련된 전문성을 키우기 위해 학습하거나 실습했던 경험을 구체적으로 기술해 주십시오.,"인사 분야의 전문성을 키우기 위해 신입 교육 자료 표준화를 직접 실습 주제로 삼았습니다. 관련 자료를 학습한 뒤 작은 기능부터 구현하고, 결과를 기록하며 부족한 개념을 다시 보완했습니다. 그 결과 오류 건수를 월 15건에서 4건으로 낮췄습니다. 학습을 결과물로 연결한 경험을 바탕으로 LG전자에서도 빠르게 실무 지식을 흡수하겠습니다.",엄청 잘 답변,EXCELLENT,96,전문성 | 학습 과정 | 적용 결과,전문성 | 학습 과정 | 적용 결과,전문성 | 학습 | 실습 | 적용,질문 핵심 조건을 모두 반영하고 직무/회사 연결과 구체적 결과가 있음,ROLE05_MATCH 질문-답변 적합도 모델용 더미데이터
MATCH031,synthetic_from_direct_labeling_200_style,롯데월드,전기·전자엔지니어,1,motivation_plan,롯데월드 전기·전자엔지니어 직무에 지원한 동기와 입사 후 어떤 방식으로 기여할 수 있는지 기술해 주십시오.,"저는 전기·전자엔지니어 직무에서 실제 문제를 데이터와 현장 관찰로 연결해 해결하는 점에 끌려 롯데월드에 지원했습니다. 이전에 동아리 예산 관리 자동화를 진행하며 문제 원인을 정리하고, 이해관계자 인터뷰와 로그 분석을 통해 실행 우선순위를 세웠습니다. 이후 제가 맡은 역할은 실행안을 설계하고 주 단위로 결과를 검증하는 것이었으며, 그 과정에서 오류 건수를 월 15건에서 4건으로 낮췄습니다. 입사 후에도 이 경험을 바탕으로 롯데월드의 전기·전자엔지니어 업무에서 고객과 조직에 측정 가능한 기여를 만들겠습니다.",엄청 잘 답변,EXCELLENT,90,지원동기 | 직무 이해 | 입사 후 기여,지원동기 | 직무 이해 | 입사 후 기여,지원 | 직무 | 기여 | 입사 후,질문 핵심 조건을 모두 반영하고 직무/회사 연결과 구체적 결과가 있음,ROLE05_MATCH 질문-답변 적합도 모델용 더미데이터
MATCH032,synthetic_from_direct_labeling_200_style,신한은행,영업관리,2,collaboration,다른 사람들과 함께 일하며 팀워크를 발휘했던 경험과 그 과정에서 본인이 맡은 역할을 구체적으로 서술해 주십시오.,"사용자 이탈 원인 분석를 진행할 때 일정 지연으로 팀원 간 역할이 겹치는 문제가 있었습니다. 저는 회의록을 기준으로 업무를 다시 나누고, 매일 10분씩 진행 상황을 공유하는 방식을 제안했습니다. 그 결과 제 역할이었던 자료 정리와 일정 조율이 안정화되었고 오류 건수를 월 15건에서 4건으로 낮췄습니다. 이 경험을 통해 팀워크는 좋은 분위기보다 역할과 책임을 명확히 하는 데서 시작된다는 점을 배웠습니다.",엄청 잘 답변,EXCELLENT,91,협업 상황 | 본인 역할 | 팀 성과,협업 상황 | 본인 역할 | 팀 성과,팀 | 협업 | 역할 | 성과,질문 핵심 조건을 모두 반영하고 직무/회사 연결과 구체적 결과가 있음,ROLE05_MATCH 질문-답변 적합도 모델용 더미데이터
MATCH033,synthetic_from_direct_labeling_200_style,카카오페이,마케팅,3,problem_solving,"예상하지 못한 문제를 발견하고 해결했던 경험을 상황, 행동, 결과 중심으로 기술해 주십시오.","고객 상담 FAQ 재정비 과정에서 예상하지 못한 문제를 발견한 상황이 있었습니다. 저는 해결 행동으로 오류 발생 시간, 담당 단계, 입력 데이터를 표로 정리해 병목 지점을 찾았습니다. 이후 체크리스트와 검수 기준을 새로 적용했고, 결과적으로 오류 건수를 월 15건에서 4건으로 낮췄습니다. 문제를 감으로 판단하지 않고 데이터로 좁힌 점이 가장 큰 성과였습니다.",엄청 잘 답변,EXCELLENT,92,문제 상황 | 해결 행동 | 결과,문제 상황 | 해결 행동 | 결과,문제 | 해결 | 행동 | 결과,질문 핵심 조건을 모두 반영하고 직무/회사 연결과 구체적 결과가 있음,ROLE05_MATCH 질문-답변 적합도 모델용 더미데이터
MATCH034,synthetic_from_direct_labeling_200_style,CJ올리브네트웍스,시설관리,4,competency,시설관리 직무와 관련된 본인의 강점 또는 역량을 실제 경험을 바탕으로 설명해 주십시오.,"제 강점은 시설관리 직무에 필요한 문제 구조화와 실행력입니다. 스터디 운영 방식 개선에서 저는 요구사항을 기능, 일정, 리스크로 나누어 우선순위를 정했습니다. 그 뒤 핵심 과제부터 실행하고 결과를 매주 검토해 오류 건수를 월 15건에서 4건으로 낮췄습니다. 이 역량은 CJ올리브네트웍스에서도 복잡한 업무를 실행 가능한 단위로 바꾸는 데 활용될 수 있습니다.",엄청 잘 답변,EXCELLENT,91,직무 역량 | 근거 경험 | 활용 가능성,직무 역량 | 근거 경험 | 활용 가능성,강점 | 역량 | 경험 | 직무,질문 핵심 조건을 모두 반영하고 직무/회사 연결과 구체적 결과가 있음,ROLE05_MATCH 질문-답변 적합도 모델용 더미데이터
MATCH035,synthetic_from_direct_labeling_200_style,LG전자,품질관리,5,weakness,"본인의 단점 또는 부족했던 점을 쓰고, 이를 보완하기 위해 어떤 노력을 했는지 기술해 주십시오.","제 단점은 중요한 일을 맡으면 초기에 혼자 해결하려는 경향이 있었다는 점입니다. 신입 교육 자료 표준화를 하며 이 방식이 검토 지연으로 이어진다는 것을 깨닫고, 중간 공유 시점을 일정표에 고정했습니다. 이후 팀원 피드백을 먼저 반영하면서 오류 건수를 월 15건에서 4건으로 낮췄습니다. 지금은 완성도보다 빠른 공유와 보완을 우선하는 방식으로 개선하고 있습니다.",엄청 잘 답변,EXCELLENT,92,단점 인식 | 보완 행동 | 변화,단점 인식 | 보완 행동 | 변화,단점 | 부족 | 보완 | 개선,질문 핵심 조건을 모두 반영하고 직무/회사 연결과 구체적 결과가 있음,ROLE05_MATCH 질문-답변 적합도 모델용 더미데이터
MATCH036,synthetic_from_direct_labeling_200_style,롯데월드,환경안전,1,growth,본인의 성장과정 또는 가치관이 현재의 진로 선택에 어떤 영향을 주었는지 작성해 주십시오.,"저는 성장과정에서 맡은 일을 끝까지 책임지는 태도를 중요하게 배웠습니다. 그 가치관은 동아리 예산 관리 자동화를 수행할 때도 이어져, 어려운 상황에서도 원인을 기록하고 해결책을 끝까지 검증하게 했습니다. 그 결과 오류 건수를 월 15건에서 4건으로 낮췄습니다. 이 경험은 현재의 진로 선택에 영향을 주었고, 환경안전 직무에서도 책임 있는 실행으로 이어가겠습니다.",엄청 잘 답변,EXCELLENT,98,성장 배경 | 가치관 | 진로 연결,성장 배경 | 가치관 | 진로 연결,성장 | 가치관 | 진로 | 영향,질문 핵심 조건을 모두 반영하고 직무/회사 연결과 구체적 결과가 있음,ROLE05_MATCH 질문-답변 적합도 모델용 더미데이터
MATCH037,synthetic_from_direct_labeling_200_style,신한은행,데이터 분석,2,customer,고객 또는 사용자의 불편을 파악하고 개선했던 경험을 구체적인 결과와 함께 설명해 주십시오.,"사용자 이탈 원인 분석 중 고객 또는 사용자가 같은 내용을 반복 문의하는 불편을 발견했습니다. 저는 고객 문제를 파악하기 위해 문의 유형을 분류하고, 가장 많은 질문부터 답변 흐름과 안내 문구를 개선했습니다. 구체적 결과로 오류 건수를 월 15건에서 4건으로 낮췄습니다. 사용자의 불편을 실제 행동 데이터로 확인하고 바꿨다는 점에서 데이터 분석 직무와도 맞닿아 있습니다.",엄청 잘 답변,EXCELLENT,96,고객 문제 | 개선 행동 | 구체적 결과,고객 문제 | 개선 행동 | 구체적 결과,고객 | 사용자 | 개선 | 결과,질문 핵심 조건을 모두 반영하고 직무/회사 연결과 구체적 결과가 있음,ROLE05_MATCH 질문-답변 적합도 모델용 더미데이터
MATCH038,synthetic_from_direct_labeling_200_style,카카오페이,서비스 기획,3,challenge,목표 달성을 위해 도전적으로 시도했던 경험과 그 과정에서 배운 점을 기술해 주십시오.,저는 목표 달성을 위해 고객 상담 FAQ 재정비에서 기존 방식보다 높은 기준을 세우고 도전적으로 시도했습니다. 처음에는 반대 의견이 있었지만 작은 범위로 먼저 실험하고 결과를 공유했습니다. 그 결과 오류 건수를 월 15건에서 4건으로 낮췄습니다. 이 과정에서 배운 점은 도전이 무작정 밀어붙이는 것이 아니라 근거와 검증 단계를 함께 설계하는 일이라는 것입니다.,엄청 잘 답변,EXCELLENT,87,목표 | 도전 행동 | 배운 점,목표 | 도전 행동 | 배운 점,목표 | 도전 | 시도 | 배운,질문 핵심 조건을 모두 반영하고 직무/회사 연결과 구체적 결과가 있음,ROLE05_MATCH 질문-답변 적합도 모델용 더미데이터
MATCH039,synthetic_from_direct_labeling_200_style,CJ올리브네트웍스,백엔드 개발,4,ethics,원칙을 지키기 위해 어려운 선택을 했던 경험과 그 결과를 서술해 주십시오.,스터디 운영 방식 개선를 맡았을 때 일정 단축을 위해 검수 단계를 생략하자는 의견이 있었습니다. 저는 단기 성과보다 원칙과 신뢰가 중요하다고 판단해 최소 검수 항목을 남기는 대안을 제시했습니다. 그 결과 일정은 유지하면서도 오류 건수를 월 15건에서 4건으로 낮췄습니다. 이 경험을 통해 원칙을 지키는 선택이 장기적으로 조직의 신뢰를 높인다는 것을 배웠습니다.,엄청 잘 답변,EXCELLENT,98,원칙 | 어려운 선택 | 결과,원칙 | 어려운 선택 | 결과,원칙 | 선택 | 결과 | 신뢰,질문 핵심 조건을 모두 반영하고 직무/회사 연결과 구체적 결과가 있음,ROLE05_MATCH 질문-답변 적합도 모델용 더미데이터
MATCH040,synthetic_from_direct_labeling_200_style,LG전자,인사,5,learning,지원 분야와 관련된 전문성을 키우기 위해 학습하거나 실습했던 경험을 구체적으로 기술해 주십시오.,"인사 분야의 전문성을 키우기 위해 신입 교육 자료 표준화를 직접 실습 주제로 삼았습니다. 관련 자료를 학습한 뒤 작은 기능부터 구현하고, 결과를 기록하며 부족한 개념을 다시 보완했습니다. 그 결과 오류 건수를 월 15건에서 4건으로 낮췄습니다. 학습을 결과물로 연결한 경험을 바탕으로 LG전자에서도 빠르게 실무 지식을 흡수하겠습니다.",엄청 잘 답변,EXCELLENT,88,전문성 | 학습 과정 | 적용 결과,전문성 | 학습 과정 | 적용 결과,전문성 | 학습 | 실습 | 적용,질문 핵심 조건을 모두 반영하고 직무/회사 연결과 구체적 결과가 있음,ROLE05_MATCH 질문-답변 적합도 모델용 더미데이터
MATCH041,synthetic_from_direct_labeling_200_style,롯데월드,전기·전자엔지니어,1,motivation_plan,롯데월드 전기·전자엔지니어 직무에 지원한 동기와 입사 후 어떤 방식으로 기여할 수 있는지 기술해 주십시오.,"저는 전기·전자엔지니어 직무에서 실제 문제를 데이터와 현장 관찰로 연결해 해결하는 점에 끌려 롯데월드에 지원했습니다. 이전에 동아리 예산 관리 자동화를 진행하며 문제 원인을 정리하고, 이해관계자 인터뷰와 로그 분석을 통해 실행 우선순위를 세웠습니다. 이후 제가 맡은 역할은 실행안을 설계하고 주 단위로 결과를 검증하는 것이었으며, 그 과정에서 오류 건수를 월 15건에서 4건으로 낮췄습니다. 입사 후에도 이 경험을 바탕으로 롯데월드의 전기·전자엔지니어 업무에서 고객과 조직에 측정 가능한 기여를 만들겠습니다.",엄청 잘 답변,EXCELLENT,92,지원동기 | 직무 이해 | 입사 후 기여,지원동기 | 직무 이해 | 입사 후 기여,지원 | 직무 | 기여 | 입사 후,질문 핵심 조건을 모두 반영하고 직무/회사 연결과 구체적 결과가 있음,ROLE05_MATCH 질문-답변 적합도 모델용 더미데이터
MATCH042,synthetic_from_direct_labeling_200_style,신한은행,영업관리,2,collaboration,다른 사람들과 함께 일하며 팀워크를 발휘했던 경험과 그 과정에서 본인이 맡은 역할을 구체적으로 서술해 주십시오.,"사용자 이탈 원인 분석를 진행할 때 일정 지연으로 팀원 간 역할이 겹치는 문제가 있었습니다. 저는 회의록을 기준으로 업무를 다시 나누고, 매일 10분씩 진행 상황을 공유하는 방식을 제안했습니다. 그 결과 제 역할이었던 자료 정리와 일정 조율이 안정화되었고 오류 건수를 월 15건에서 4건으로 낮췄습니다. 이 경험을 통해 팀워크는 좋은 분위기보다 역할과 책임을 명확히 하는 데서 시작된다는 점을 배웠습니다.",엄청 잘 답변,EXCELLENT,94,협업 상황 | 본인 역할 | 팀 성과,협업 상황 | 본인 역할 | 팀 성과,팀 | 협업 | 역할 | 성과,질문 핵심 조건을 모두 반영하고 직무/회사 연결과 구체적 결과가 있음,ROLE05_MATCH 질문-답변 적합도 모델용 더미데이터
MATCH043,synthetic_from_direct_labeling_200_style,카카오페이,마케팅,3,problem_solving,"예상하지 못한 문제를 발견하고 해결했던 경험을 상황, 행동, 결과 중심으로 기술해 주십시오.","고객 상담 FAQ 재정비 과정에서 예상하지 못한 문제를 발견한 상황이 있었습니다. 저는 해결 행동으로 오류 발생 시간, 담당 단계, 입력 데이터를 표로 정리해 병목 지점을 찾았습니다. 이후 체크리스트와 검수 기준을 새로 적용했고, 결과적으로 오류 건수를 월 15건에서 4건으로 낮췄습니다. 문제를 감으로 판단하지 않고 데이터로 좁힌 점이 가장 큰 성과였습니다.",엄청 잘 답변,EXCELLENT,96,문제 상황 | 해결 행동 | 결과,문제 상황 | 해결 행동 | 결과,문제 | 해결 | 행동 | 결과,질문 핵심 조건을 모두 반영하고 직무/회사 연결과 구체적 결과가 있음,ROLE05_MATCH 질문-답변 적합도 모델용 더미데이터
MATCH044,synthetic_from_direct_labeling_200_style,CJ올리브네트웍스,시설관리,4,competency,시설관리 직무와 관련된 본인의 강점 또는 역량을 실제 경험을 바탕으로 설명해 주십시오.,"제 강점은 시설관리 직무에 필요한 문제 구조화와 실행력입니다. 스터디 운영 방식 개선에서 저는 요구사항을 기능, 일정, 리스크로 나누어 우선순위를 정했습니다. 그 뒤 핵심 과제부터 실행하고 결과를 매주 검토해 오류 건수를 월 15건에서 4건으로 낮췄습니다. 이 역량은 CJ올리브네트웍스에서도 복잡한 업무를 실행 가능한 단위로 바꾸는 데 활용될 수 있습니다.",엄청 잘 답변,EXCELLENT,96,직무 역량 | 근거 경험 | 활용 가능성,직무 역량 | 근거 경험 | 활용 가능성,강점 | 역량 | 경험 | 직무,질문 핵심 조건을 모두 반영하고 직무/회사 연결과 구체적 결과가 있음,ROLE05_MATCH 질문-답변 적합도 모델용 더미데이터
MATCH045,synthetic_from_direct_labeling_200_style,LG전자,품질관리,5,weakness,"본인의 단점 또는 부족했던 점을 쓰고, 이를 보완하기 위해 어떤 노력을 했는지 기술해 주십시오.","제 단점은 중요한 일을 맡으면 초기에 혼자 해결하려는 경향이 있었다는 점입니다. 신입 교육 자료 표준화를 하며 이 방식이 검토 지연으로 이어진다는 것을 깨닫고, 중간 공유 시점을 일정표에 고정했습니다. 이후 팀원 피드백을 먼저 반영하면서 오류 건수를 월 15건에서 4건으로 낮췄습니다. 지금은 완성도보다 빠른 공유와 보완을 우선하는 방식으로 개선하고 있습니다.",엄청 잘 답변,EXCELLENT,97,단점 인식 | 보완 행동 | 변화,단점 인식 | 보완 행동 | 변화,단점 | 부족 | 보완 | 개선,질문 핵심 조건을 모두 반영하고 직무/회사 연결과 구체적 결과가 있음,ROLE05_MATCH 질문-답변 적합도 모델용 더미데이터
MATCH046,synthetic_from_direct_labeling_200_style,롯데월드,환경안전,1,growth,본인의 성장과정 또는 가치관이 현재의 진로 선택에 어떤 영향을 주었는지 작성해 주십시오.,"저는 성장과정에서 맡은 일을 끝까지 책임지는 태도를 중요하게 배웠습니다. 그 가치관은 동아리 예산 관리 자동화를 수행할 때도 이어져, 어려운 상황에서도 원인을 기록하고 해결책을 끝까지 검증하게 했습니다. 그 결과 오류 건수를 월 15건에서 4건으로 낮췄습니다. 이 경험은 현재의 진로 선택에 영향을 주었고, 환경안전 직무에서도 책임 있는 실행으로 이어가겠습니다.",엄청 잘 답변,EXCELLENT,97,성장 배경 | 가치관 | 진로 연결,성장 배경 | 가치관 | 진로 연결,성장 | 가치관 | 진로 | 영향,질문 핵심 조건을 모두 반영하고 직무/회사 연결과 구체적 결과가 있음,ROLE05_MATCH 질문-답변 적합도 모델용 더미데이터
MATCH047,synthetic_from_direct_labeling_200_style,신한은행,데이터 분석,2,customer,고객 또는 사용자의 불편을 파악하고 개선했던 경험을 구체적인 결과와 함께 설명해 주십시오.,"사용자 이탈 원인 분석 중 고객 또는 사용자가 같은 내용을 반복 문의하는 불편을 발견했습니다. 저는 고객 문제를 파악하기 위해 문의 유형을 분류하고, 가장 많은 질문부터 답변 흐름과 안내 문구를 개선했습니다. 구체적 결과로 오류 건수를 월 15건에서 4건으로 낮췄습니다. 사용자의 불편을 실제 행동 데이터로 확인하고 바꿨다는 점에서 데이터 분석 직무와도 맞닿아 있습니다.",엄청 잘 답변,EXCELLENT,97,고객 문제 | 개선 행동 | 구체적 결과,고객 문제 | 개선 행동 | 구체적 결과,고객 | 사용자 | 개선 | 결과,질문 핵심 조건을 모두 반영하고 직무/회사 연결과 구체적 결과가 있음,ROLE05_MATCH 질문-답변 적합도 모델용 더미데이터
MATCH048,synthetic_from_direct_labeling_200_style,카카오페이,서비스 기획,3,challenge,목표 달성을 위해 도전적으로 시도했던 경험과 그 과정에서 배운 점을 기술해 주십시오.,저는 목표 달성을 위해 고객 상담 FAQ 재정비에서 기존 방식보다 높은 기준을 세우고 도전적으로 시도했습니다. 처음에는 반대 의견이 있었지만 작은 범위로 먼저 실험하고 결과를 공유했습니다. 그 결과 오류 건수를 월 15건에서 4건으로 낮췄습니다. 이 과정에서 배운 점은 도전이 무작정 밀어붙이는 것이 아니라 근거와 검증 단계를 함께 설계하는 일이라는 것입니다.,엄청 잘 답변,EXCELLENT,98,목표 | 도전 행동 | 배운 점,목표 | 도전 행동 | 배운 점,목표 | 도전 | 시도 | 배운,질문 핵심 조건을 모두 반영하고 직무/회사 연결과 구체적 결과가 있음,ROLE05_MATCH 질문-답변 적합도 모델용 더미데이터
MATCH049,synthetic_from_direct_labeling_200_style,CJ올리브네트웍스,백엔드 개발,4,ethics,원칙을 지키기 위해 어려운 선택을 했던 경험과 그 결과를 서술해 주십시오.,스터디 운영 방식 개선를 맡았을 때 일정 단축을 위해 검수 단계를 생략하자는 의견이 있었습니다. 저는 단기 성과보다 원칙과 신뢰가 중요하다고 판단해 최소 검수 항목을 남기는 대안을 제시했습니다. 그 결과 일정은 유지하면서도 오류 건수를 월 15건에서 4건으로 낮췄습니다. 이 경험을 통해 원칙을 지키는 선택이 장기적으로 조직의 신뢰를 높인다는 것을 배웠습니다.,엄청 잘 답변,EXCELLENT,89,원칙 | 어려운 선택 | 결과,원칙 | 어려운 선택 | 결과,원칙 | 선택 | 결과 | 신뢰,질문 핵심 조건을 모두 반영하고 직무/회사 연결과 구체적 결과가 있음,ROLE05_MATCH 질문-답변 적합도 모델용 더미데이터
MATCH050,synthetic_from_direct_labeling_200_style,LG전자,인사,5,learning,지원 분야와 관련된 전문성을 키우기 위해 학습하거나 실습했던 경험을 구체적으로 기술해 주십시오.,"인사 분야의 전문성을 키우기 위해 신입 교육 자료 표준화를 직접 실습 주제로 삼았습니다. 관련 자료를 학습한 뒤 작은 기능부터 구현하고, 결과를 기록하며 부족한 개념을 다시 보완했습니다. 그 결과 오류 건수를 월 15건에서 4건으로 낮췄습니다. 학습을 결과물로 연결한 경험을 바탕으로 LG전자에서도 빠르게 실무 지식을 흡수하겠습니다.",엄청 잘 답변,EXCELLENT,97,전문성 | 학습 과정 | 적용 결과,전문성 | 학습 과정 | 적용 결과,전문성 | 학습 | 실습 | 적용,질문 핵심 조건을 모두 반영하고 직무/회사 연결과 구체적 결과가 있음,ROLE05_MATCH 질문-답변 적합도 모델용 더미데이터
MATCH051,synthetic_from_direct_labeling_200_style,롯데월드,전기·전자엔지니어,1,motivation_plan,롯데월드 전기·전자엔지니어 직무에 지원한 동기와 입사 후 어떤 방식으로 기여할 수 있는지 기술해 주십시오.,"저는 전기·전자엔지니어 직무에서 실제 문제를 데이터와 현장 관찰로 연결해 해결하는 점에 끌려 롯데월드에 지원했습니다. 이전에 동아리 예산 관리 자동화를 진행하며 문제 원인을 정리하고, 이해관계자 인터뷰와 로그 분석을 통해 실행 우선순위를 세웠습니다. 이후 제가 맡은 역할은 실행안을 설계하고 주 단위로 결과를 검증하는 것이었으며, 그 과정에서 오류 건수를 월 15건에서 4건으로 낮췄습니다. 입사 후에도 이 경험을 바탕으로 롯데월드의 전기·전자엔지니어 업무에서 고객과 조직에 측정 가능한 기여를 만들겠습니다.",엄청 잘 답변,EXCELLENT,89,지원동기 | 직무 이해 | 입사 후 기여,지원동기 | 직무 이해 | 입사 후 기여,지원 | 직무 | 기여 | 입사 후,질문 핵심 조건을 모두 반영하고 직무/회사 연결과 구체적 결과가 있음,ROLE05_MATCH 질문-답변 적합도 모델용 더미데이터
MATCH052,synthetic_from_direct_labeling_200_style,신한은행,영업관리,2,collaboration,다른 사람들과 함께 일하며 팀워크를 발휘했던 경험과 그 과정에서 본인이 맡은 역할을 구체적으로 서술해 주십시오.,"사용자 이탈 원인 분석를 진행할 때 일정 지연으로 팀원 간 역할이 겹치는 문제가 있었습니다. 저는 회의록을 기준으로 업무를 다시 나누고, 매일 10분씩 진행 상황을 공유하는 방식을 제안했습니다. 그 결과 제 역할이었던 자료 정리와 일정 조율이 안정화되었고 오류 건수를 월 15건에서 4건으로 낮췄습니다. 이 경험을 통해 팀워크는 좋은 분위기보다 역할과 책임을 명확히 하는 데서 시작된다는 점을 배웠습니다.",엄청 잘 답변,EXCELLENT,91,협업 상황 | 본인 역할 | 팀 성과,협업 상황 | 본인 역할 | 팀 성과,팀 | 협업 | 역할 | 성과,질문 핵심 조건을 모두 반영하고 직무/회사 연결과 구체적 결과가 있음,ROLE05_MATCH 질문-답변 적합도 모델용 더미데이터
MATCH053,synthetic_from_direct_labeling_200_style,카카오페이,마케팅,3,problem_solving,"예상하지 못한 문제를 발견하고 해결했던 경험을 상황, 행동, 결과 중심으로 기술해 주십시오.","고객 상담 FAQ 재정비 과정에서 예상하지 못한 문제를 발견한 상황이 있었습니다. 저는 해결 행동으로 오류 발생 시간, 담당 단계, 입력 데이터를 표로 정리해 병목 지점을 찾았습니다. 이후 체크리스트와 검수 기준을 새로 적용했고, 결과적으로 오류 건수를 월 15건에서 4건으로 낮췄습니다. 문제를 감으로 판단하지 않고 데이터로 좁힌 점이 가장 큰 성과였습니다.",엄청 잘 답변,EXCELLENT,94,문제 상황 | 해결 행동 | 결과,문제 상황 | 해결 행동 | 결과,문제 | 해결 | 행동 | 결과,질문 핵심 조건을 모두 반영하고 직무/회사 연결과 구체적 결과가 있음,ROLE05_MATCH 질문-답변 적합도 모델용 더미데이터
MATCH054,synthetic_from_direct_labeling_200_style,CJ올리브네트웍스,시설관리,4,competency,시설관리 직무와 관련된 본인의 강점 또는 역량을 실제 경험을 바탕으로 설명해 주십시오.,"제 강점은 시설관리 직무에 필요한 문제 구조화와 실행력입니다. 스터디 운영 방식 개선에서 저는 요구사항을 기능, 일정, 리스크로 나누어 우선순위를 정했습니다. 그 뒤 핵심 과제부터 실행하고 결과를 매주 검토해 오류 건수를 월 15건에서 4건으로 낮췄습니다. 이 역량은 CJ올리브네트웍스에서도 복잡한 업무를 실행 가능한 단위로 바꾸는 데 활용될 수 있습니다.",엄청 잘 답변,EXCELLENT,98,직무 역량 | 근거 경험 | 활용 가능성,직무 역량 | 근거 경험 | 활용 가능성,강점 | 역량 | 경험 | 직무,질문 핵심 조건을 모두 반영하고 직무/회사 연결과 구체적 결과가 있음,ROLE05_MATCH 질문-답변 적합도 모델용 더미데이터
MATCH055,synthetic_from_direct_labeling_200_style,LG전자,품질관리,5,weakness,"본인의 단점 또는 부족했던 점을 쓰고, 이를 보완하기 위해 어떤 노력을 했는지 기술해 주십시오.","제 단점은 중요한 일을 맡으면 초기에 혼자 해결하려는 경향이 있었다는 점입니다. 신입 교육 자료 표준화를 하며 이 방식이 검토 지연으로 이어진다는 것을 깨닫고, 중간 공유 시점을 일정표에 고정했습니다. 이후 팀원 피드백을 먼저 반영하면서 오류 건수를 월 15건에서 4건으로 낮췄습니다. 지금은 완성도보다 빠른 공유와 보완을 우선하는 방식으로 개선하고 있습니다.",엄청 잘 답변,EXCELLENT,95,단점 인식 | 보완 행동 | 변화,단점 인식 | 보완 행동 | 변화,단점 | 부족 | 보완 | 개선,질문 핵심 조건을 모두 반영하고 직무/회사 연결과 구체적 결과가 있음,ROLE05_MATCH 질문-답변 적합도 모델용 더미데이터
MATCH056,synthetic_from_direct_labeling_200_style,롯데월드,환경안전,1,growth,본인의 성장과정 또는 가치관이 현재의 진로 선택에 어떤 영향을 주었는지 작성해 주십시오.,"저는 성장과정에서 맡은 일을 끝까지 책임지는 태도를 중요하게 배웠습니다. 그 가치관은 동아리 예산 관리 자동화를 수행할 때도 이어져, 어려운 상황에서도 원인을 기록하고 해결책을 끝까지 검증하게 했습니다. 그 결과 오류 건수를 월 15건에서 4건으로 낮췄습니다. 이 경험은 현재의 진로 선택에 영향을 주었고, 환경안전 직무에서도 책임 있는 실행으로 이어가겠습니다.",엄청 잘 답변,EXCELLENT,98,성장 배경 | 가치관 | 진로 연결,성장 배경 | 가치관 | 진로 연결,성장 | 가치관 | 진로 | 영향,질문 핵심 조건을 모두 반영하고 직무/회사 연결과 구체적 결과가 있음,ROLE05_MATCH 질문-답변 적합도 모델용 더미데이터
MATCH057,synthetic_from_direct_labeling_200_style,신한은행,데이터 분석,2,customer,고객 또는 사용자의 불편을 파악하고 개선했던 경험을 구체적인 결과와 함께 설명해 주십시오.,"사용자 이탈 원인 분석 중 고객 또는 사용자가 같은 내용을 반복 문의하는 불편을 발견했습니다. 저는 고객 문제를 파악하기 위해 문의 유형을 분류하고, 가장 많은 질문부터 답변 흐름과 안내 문구를 개선했습니다. 구체적 결과로 오류 건수를 월 15건에서 4건으로 낮췄습니다. 사용자의 불편을 실제 행동 데이터로 확인하고 바꿨다는 점에서 데이터 분석 직무와도 맞닿아 있습니다.",엄청 잘 답변,EXCELLENT,92,고객 문제 | 개선 행동 | 구체적 결과,고객 문제 | 개선 행동 | 구체적 결과,고객 | 사용자 | 개선 | 결과,질문 핵심 조건을 모두 반영하고 직무/회사 연결과 구체적 결과가 있음,ROLE05_MATCH 질문-답변 적합도 모델용 더미데이터
MATCH058,synthetic_from_direct_labeling_200_style,카카오페이,서비스 기획,3,challenge,목표 달성을 위해 도전적으로 시도했던 경험과 그 과정에서 배운 점을 기술해 주십시오.,저는 목표 달성을 위해 고객 상담 FAQ 재정비에서 기존 방식보다 높은 기준을 세우고 도전적으로 시도했습니다. 처음에는 반대 의견이 있었지만 작은 범위로 먼저 실험하고 결과를 공유했습니다. 그 결과 오류 건수를 월 15건에서 4건으로 낮췄습니다. 이 과정에서 배운 점은 도전이 무작정 밀어붙이는 것이 아니라 근거와 검증 단계를 함께 설계하는 일이라는 것입니다.,엄청 잘 답변,EXCELLENT,86,목표 | 도전 행동 | 배운 점,목표 | 도전 행동 | 배운 점,목표 | 도전 | 시도 | 배운,질문 핵심 조건을 모두 반영하고 직무/회사 연결과 구체적 결과가 있음,ROLE05_MATCH 질문-답변 적합도 모델용 더미데이터
MATCH059,synthetic_from_direct_labeling_200_style,CJ올리브네트웍스,백엔드 개발,4,ethics,원칙을 지키기 위해 어려운 선택을 했던 경험과 그 결과를 서술해 주십시오.,스터디 운영 방식 개선를 맡았을 때 일정 단축을 위해 검수 단계를 생략하자는 의견이 있었습니다. 저는 단기 성과보다 원칙과 신뢰가 중요하다고 판단해 최소 검수 항목을 남기는 대안을 제시했습니다. 그 결과 일정은 유지하면서도 오류 건수를 월 15건에서 4건으로 낮췄습니다. 이 경험을 통해 원칙을 지키는 선택이 장기적으로 조직의 신뢰를 높인다는 것을 배웠습니다.,엄청 잘 답변,EXCELLENT,91,원칙 | 어려운 선택 | 결과,원칙 | 어려운 선택 | 결과,원칙 | 선택 | 결과 | 신뢰,질문 핵심 조건을 모두 반영하고 직무/회사 연결과 구체적 결과가 있음,ROLE05_MATCH 질문-답변 적합도 모델용 더미데이터
MATCH060,synthetic_from_direct_labeling_200_style,LG전자,인사,5,learning,지원 분야와 관련된 전문성을 키우기 위해 학습하거나 실습했던 경험을 구체적으로 기술해 주십시오.,"인사 분야의 전문성을 키우기 위해 신입 교육 자료 표준화를 직접 실습 주제로 삼았습니다. 관련 자료를 학습한 뒤 작은 기능부터 구현하고, 결과를 기록하며 부족한 개념을 다시 보완했습니다. 그 결과 오류 건수를 월 15건에서 4건으로 낮췄습니다. 학습을 결과물로 연결한 경험을 바탕으로 LG전자에서도 빠르게 실무 지식을 흡수하겠습니다.",엄청 잘 답변,EXCELLENT,90,전문성 | 학습 과정 | 적용 결과,전문성 | 학습 과정 | 적용 결과,전문성 | 학습 | 실습 | 적용,질문 핵심 조건을 모두 반영하고 직무/회사 연결과 구체적 결과가 있음,ROLE05_MATCH 질문-답변 적합도 모델용 더미데이터
MATCH061,synthetic_from_direct_labeling_200_style,롯데월드,전기·전자엔지니어,1,motivation_plan,롯데월드 전기·전자엔지니어 직무에 지원한 동기와 입사 후 어떤 방식으로 기여할 수 있는지 기술해 주십시오.,"저는 전기·전자엔지니어 직무에서 실제 문제를 데이터와 현장 관찰로 연결해 해결하는 점에 끌려 롯데월드에 지원했습니다. 이전에 동아리 예산 관리 자동화를 진행하며 문제 원인을 정리하고, 이해관계자 인터뷰와 로그 분석을 통해 실행 우선순위를 세웠습니다. 이후 제가 맡은 역할은 실행안을 설계하고 주 단위로 결과를 검증하는 것이었으며, 그 과정에서 오류 건수를 월 15건에서 4건으로 낮췄습니다. 입사 후에도 이 경험을 바탕으로 롯데월드의 전기·전자엔지니어 업무에서 고객과 조직에 측정 가능한 기여를 만들겠습니다.",엄청 잘 답변,EXCELLENT,95,지원동기 | 직무 이해 | 입사 후 기여,지원동기 | 직무 이해 | 입사 후 기여,지원 | 직무 | 기여 | 입사 후,질문 핵심 조건을 모두 반영하고 직무/회사 연결과 구체적 결과가 있음,ROLE05_MATCH 질문-답변 적합도 모델용 더미데이터
MATCH062,synthetic_from_direct_labeling_200_style,신한은행,영업관리,2,collaboration,다른 사람들과 함께 일하며 팀워크를 발휘했던 경험과 그 과정에서 본인이 맡은 역할을 구체적으로 서술해 주십시오.,"사용자 이탈 원인 분석를 진행할 때 일정 지연으로 팀원 간 역할이 겹치는 문제가 있었습니다. 저는 회의록을 기준으로 업무를 다시 나누고, 매일 10분씩 진행 상황을 공유하는 방식을 제안했습니다. 그 결과 제 역할이었던 자료 정리와 일정 조율이 안정화되었고 오류 건수를 월 15건에서 4건으로 낮췄습니다. 이 경험을 통해 팀워크는 좋은 분위기보다 역할과 책임을 명확히 하는 데서 시작된다는 점을 배웠습니다.",엄청 잘 답변,EXCELLENT,94,협업 상황 | 본인 역할 | 팀 성과,협업 상황 | 본인 역할 | 팀 성과,팀 | 협업 | 역할 | 성과,질문 핵심 조건을 모두 반영하고 직무/회사 연결과 구체적 결과가 있음,ROLE05_MATCH 질문-답변 적합도 모델용 더미데이터
MATCH063,synthetic_from_direct_labeling_200_style,카카오페이,마케팅,3,problem_solving,"예상하지 못한 문제를 발견하고 해결했던 경험을 상황, 행동, 결과 중심으로 기술해 주십시오.","고객 상담 FAQ 재정비 과정에서 예상하지 못한 문제를 발견한 상황이 있었습니다. 저는 해결 행동으로 오류 발생 시간, 담당 단계, 입력 데이터를 표로 정리해 병목 지점을 찾았습니다. 이후 체크리스트와 검수 기준을 새로 적용했고, 결과적으로 오류 건수를 월 15건에서 4건으로 낮췄습니다. 문제를 감으로 판단하지 않고 데이터로 좁힌 점이 가장 큰 성과였습니다.",엄청 잘 답변,EXCELLENT,92,문제 상황 | 해결 행동 | 결과,문제 상황 | 해결 행동 | 결과,문제 | 해결 | 행동 | 결과,질문 핵심 조건을 모두 반영하고 직무/회사 연결과 구체적 결과가 있음,ROLE05_MATCH 질문-답변 적합도 모델용 더미데이터
MATCH064,synthetic_from_direct_labeling_200_style,CJ올리브네트웍스,시설관리,4,competency,시설관리 직무와 관련된 본인의 강점 또는 역량을 실제 경험을 바탕으로 설명해 주십시오.,"제 강점은 시설관리 직무에 필요한 문제 구조화와 실행력입니다. 스터디 운영 방식 개선에서 저는 요구사항을 기능, 일정, 리스크로 나누어 우선순위를 정했습니다. 그 뒤 핵심 과제부터 실행하고 결과를 매주 검토해 오류 건수를 월 15건에서 4건으로 낮췄습니다. 이 역량은 CJ올리브네트웍스에서도 복잡한 업무를 실행 가능한 단위로 바꾸는 데 활용될 수 있습니다.",엄청 잘 답변,EXCELLENT,96,직무 역량 | 근거 경험 | 활용 가능성,직무 역량 | 근거 경험 | 활용 가능성,강점 | 역량 | 경험 | 직무,질문 핵심 조건을 모두 반영하고 직무/회사 연결과 구체적 결과가 있음,ROLE05_MATCH 질문-답변 적합도 모델용 더미데이터
MATCH065,synthetic_from_direct_labeling_200_style,LG전자,품질관리,5,weakness,"본인의 단점 또는 부족했던 점을 쓰고, 이를 보완하기 위해 어떤 노력을 했는지 기술해 주십시오.","제 단점은 중요한 일을 맡으면 초기에 혼자 해결하려는 경향이 있었다는 점입니다. 신입 교육 자료 표준화를 하며 이 방식이 검토 지연으로 이어진다는 것을 깨닫고, 중간 공유 시점을 일정표에 고정했습니다. 이후 팀원 피드백을 먼저 반영하면서 오류 건수를 월 15건에서 4건으로 낮췄습니다. 지금은 완성도보다 빠른 공유와 보완을 우선하는 방식으로 개선하고 있습니다.",엄청 잘 답변,EXCELLENT,86,단점 인식 | 보완 행동 | 변화,단점 인식 | 보완 행동 | 변화,단점 | 부족 | 보완 | 개선,질문 핵심 조건을 모두 반영하고 직무/회사 연결과 구체적 결과가 있음,ROLE05_MATCH 질문-답변 적합도 모델용 더미데이터
MATCH066,synthetic_from_direct_labeling_200_style,롯데월드,환경안전,1,growth,본인의 성장과정 또는 가치관이 현재의 진로 선택에 어떤 영향을 주었는지 작성해 주십시오.,"저는 성장과정에서 맡은 일을 끝까지 책임지는 태도를 중요하게 배웠습니다. 그 가치관은 동아리 예산 관리 자동화를 수행할 때도 이어져, 어려운 상황에서도 원인을 기록하고 해결책을 끝까지 검증하게 했습니다. 그 결과 오류 건수를 월 15건에서 4건으로 낮췄습니다. 이 경험은 현재의 진로 선택에 영향을 주었고, 환경안전 직무에서도 책임 있는 실행으로 이어가겠습니다.",엄청 잘 답변,EXCELLENT,97,성장 배경 | 가치관 | 진로 연결,성장 배경 | 가치관 | 진로 연결,성장 | 가치관 | 진로 | 영향,질문 핵심 조건을 모두 반영하고 직무/회사 연결과 구체적 결과가 있음,ROLE05_MATCH 질문-답변 적합도 모델용 더미데이터
MATCH067,synthetic_from_direct_labeling_200_style,신한은행,데이터 분석,2,customer,고객 또는 사용자의 불편을 파악하고 개선했던 경험을 구체적인 결과와 함께 설명해 주십시오.,"사용자 이탈 원인 분석 중 고객 또는 사용자가 같은 내용을 반복 문의하는 불편을 발견했습니다. 저는 고객 문제를 파악하기 위해 문의 유형을 분류하고, 가장 많은 질문부터 답변 흐름과 안내 문구를 개선했습니다. 구체적 결과로 오류 건수를 월 15건에서 4건으로 낮췄습니다. 사용자의 불편을 실제 행동 데이터로 확인하고 바꿨다는 점에서 데이터 분석 직무와도 맞닿아 있습니다.",엄청 잘 답변,EXCELLENT,88,고객 문제 | 개선 행동 | 구체적 결과,고객 문제 | 개선 행동 | 구체적 결과,고객 | 사용자 | 개선 | 결과,질문 핵심 조건을 모두 반영하고 직무/회사 연결과 구체적 결과가 있음,ROLE05_MATCH 질문-답변 적합도 모델용 더미데이터
MATCH068,synthetic_from_direct_labeling_200_style,카카오페이,서비스 기획,3,challenge,목표 달성을 위해 도전적으로 시도했던 경험과 그 과정에서 배운 점을 기술해 주십시오.,저는 목표 달성을 위해 고객 상담 FAQ 재정비에서 기존 방식보다 높은 기준을 세우고 도전적으로 시도했습니다. 처음에는 반대 의견이 있었지만 작은 범위로 먼저 실험하고 결과를 공유했습니다. 그 결과 오류 건수를 월 15건에서 4건으로 낮췄습니다. 이 과정에서 배운 점은 도전이 무작정 밀어붙이는 것이 아니라 근거와 검증 단계를 함께 설계하는 일이라는 것입니다.,엄청 잘 답변,EXCELLENT,90,목표 | 도전 행동 | 배운 점,목표 | 도전 행동 | 배운 점,목표 | 도전 | 시도 | 배운,질문 핵심 조건을 모두 반영하고 직무/회사 연결과 구체적 결과가 있음,ROLE05_MATCH 질문-답변 적합도 모델용 더미데이터
MATCH069,synthetic_from_direct_labeling_200_style,CJ올리브네트웍스,백엔드 개발,4,ethics,원칙을 지키기 위해 어려운 선택을 했던 경험과 그 결과를 서술해 주십시오.,스터디 운영 방식 개선를 맡았을 때 일정 단축을 위해 검수 단계를 생략하자는 의견이 있었습니다. 저는 단기 성과보다 원칙과 신뢰가 중요하다고 판단해 최소 검수 항목을 남기는 대안을 제시했습니다. 그 결과 일정은 유지하면서도 오류 건수를 월 15건에서 4건으로 낮췄습니다. 이 경험을 통해 원칙을 지키는 선택이 장기적으로 조직의 신뢰를 높인다는 것을 배웠습니다.,엄청 잘 답변,EXCELLENT,98,원칙 | 어려운 선택 | 결과,원칙 | 어려운 선택 | 결과,원칙 | 선택 | 결과 | 신뢰,질문 핵심 조건을 모두 반영하고 직무/회사 연결과 구체적 결과가 있음,ROLE05_MATCH 질문-답변 적합도 모델용 더미데이터
MATCH070,synthetic_from_direct_labeling_200_style,LG전자,인사,5,learning,지원 분야와 관련된 전문성을 키우기 위해 학습하거나 실습했던 경험을 구체적으로 기술해 주십시오.,"인사 분야의 전문성을 키우기 위해 신입 교육 자료 표준화를 직접 실습 주제로 삼았습니다. 관련 자료를 학습한 뒤 작은 기능부터 구현하고, 결과를 기록하며 부족한 개념을 다시 보완했습니다. 그 결과 오류 건수를 월 15건에서 4건으로 낮췄습니다. 학습을 결과물로 연결한 경험을 바탕으로 LG전자에서도 빠르게 실무 지식을 흡수하겠습니다.",엄청 잘 답변,EXCELLENT,90,전문성 | 학습 과정 | 적용 결과,전문성 | 학습 과정 | 적용 결과,전문성 | 학습 | 실습 | 적용,질문 핵심 조건을 모두 반영하고 직무/회사 연결과 구체적 결과가 있음,ROLE05_MATCH 질문-답변 적합도 모델용 더미데이터
MATCH071,synthetic_from_direct_labeling_200_style,롯데월드,전기·전자엔지니어,1,motivation_plan,롯데월드 전기·전자엔지니어 직무에 지원한 동기와 입사 후 어떤 방식으로 기여할 수 있는지 기술해 주십시오.,"저는 전기·전자엔지니어 직무에서 실제 문제를 데이터와 현장 관찰로 연결해 해결하는 점에 끌려 롯데월드에 지원했습니다. 이전에 동아리 예산 관리 자동화를 진행하며 문제 원인을 정리하고, 이해관계자 인터뷰와 로그 분석을 통해 실행 우선순위를 세웠습니다. 이후 제가 맡은 역할은 실행안을 설계하고 주 단위로 결과를 검증하는 것이었으며, 그 과정에서 오류 건수를 월 15건에서 4건으로 낮췄습니다. 입사 후에도 이 경험을 바탕으로 롯데월드의 전기·전자엔지니어 업무에서 고객과 조직에 측정 가능한 기여를 만들겠습니다.",엄청 잘 답변,EXCELLENT,96,지원동기 | 직무 이해 | 입사 후 기여,지원동기 | 직무 이해 | 입사 후 기여,지원 | 직무 | 기여 | 입사 후,질문 핵심 조건을 모두 반영하고 직무/회사 연결과 구체적 결과가 있음,ROLE05_MATCH 질문-답변 적합도 모델용 더미데이터
MATCH072,synthetic_from_direct_labeling_200_style,신한은행,영업관리,2,collaboration,다른 사람들과 함께 일하며 팀워크를 발휘했던 경험과 그 과정에서 본인이 맡은 역할을 구체적으로 서술해 주십시오.,"사용자 이탈 원인 분석를 진행할 때 일정 지연으로 팀원 간 역할이 겹치는 문제가 있었습니다. 저는 회의록을 기준으로 업무를 다시 나누고, 매일 10분씩 진행 상황을 공유하는 방식을 제안했습니다. 그 결과 제 역할이었던 자료 정리와 일정 조율이 안정화되었고 오류 건수를 월 15건에서 4건으로 낮췄습니다. 이 경험을 통해 팀워크는 좋은 분위기보다 역할과 책임을 명확히 하는 데서 시작된다는 점을 배웠습니다.",엄청 잘 답변,EXCELLENT,95,협업 상황 | 본인 역할 | 팀 성과,협업 상황 | 본인 역할 | 팀 성과,팀 | 협업 | 역할 | 성과,질문 핵심 조건을 모두 반영하고 직무/회사 연결과 구체적 결과가 있음,ROLE05_MATCH 질문-답변 적합도 모델용 더미데이터
MATCH073,synthetic_from_direct_labeling_200_style,카카오페이,마케팅,3,problem_solving,"예상하지 못한 문제를 발견하고 해결했던 경험을 상황, 행동, 결과 중심으로 기술해 주십시오.","고객 상담 FAQ 재정비 과정에서 예상하지 못한 문제를 발견한 상황이 있었습니다. 저는 해결 행동으로 오류 발생 시간, 담당 단계, 입력 데이터를 표로 정리해 병목 지점을 찾았습니다. 이후 체크리스트와 검수 기준을 새로 적용했고, 결과적으로 오류 건수를 월 15건에서 4건으로 낮췄습니다. 문제를 감으로 판단하지 않고 데이터로 좁힌 점이 가장 큰 성과였습니다.",엄청 잘 답변,EXCELLENT,95,문제 상황 | 해결 행동 | 결과,문제 상황 | 해결 행동 | 결과,문제 | 해결 | 행동 | 결과,질문 핵심 조건을 모두 반영하고 직무/회사 연결과 구체적 결과가 있음,ROLE05_MATCH 질문-답변 적합도 모델용 더미데이터
MATCH074,synthetic_from_direct_labeling_200_style,CJ올리브네트웍스,시설관리,4,competency,시설관리 직무와 관련된 본인의 강점 또는 역량을 실제 경험을 바탕으로 설명해 주십시오.,"제 강점은 시설관리 직무에 필요한 문제 구조화와 실행력입니다. 스터디 운영 방식 개선에서 저는 요구사항을 기능, 일정, 리스크로 나누어 우선순위를 정했습니다. 그 뒤 핵심 과제부터 실행하고 결과를 매주 검토해 오류 건수를 월 15건에서 4건으로 낮췄습니다. 이 역량은 CJ올리브네트웍스에서도 복잡한 업무를 실행 가능한 단위로 바꾸는 데 활용될 수 있습니다.",엄청 잘 답변,EXCELLENT,89,직무 역량 | 근거 경험 | 활용 가능성,직무 역량 | 근거 경험 | 활용 가능성,강점 | 역량 | 경험 | 직무,질문 핵심 조건을 모두 반영하고 직무/회사 연결과 구체적 결과가 있음,ROLE05_MATCH 질문-답변 적합도 모델용 더미데이터
MATCH075,synthetic_from_direct_labeling_200_style,LG전자,품질관리,5,weakness,"본인의 단점 또는 부족했던 점을 쓰고, 이를 보완하기 위해 어떤 노력을 했는지 기술해 주십시오.","제 단점은 중요한 일을 맡으면 초기에 혼자 해결하려는 경향이 있었다는 점입니다. 신입 교육 자료 표준화를 하며 이 방식이 검토 지연으로 이어진다는 것을 깨닫고, 중간 공유 시점을 일정표에 고정했습니다. 이후 팀원 피드백을 먼저 반영하면서 오류 건수를 월 15건에서 4건으로 낮췄습니다. 지금은 완성도보다 빠른 공유와 보완을 우선하는 방식으로 개선하고 있습니다.",엄청 잘 답변,EXCELLENT,91,단점 인식 | 보완 행동 | 변화,단점 인식 | 보완 행동 | 변화,단점 | 부족 | 보완 | 개선,질문 핵심 조건을 모두 반영하고 직무/회사 연결과 구체적 결과가 있음,ROLE05_MATCH 질문-답변 적합도 모델용 더미데이터
MATCH076,synthetic_from_direct_labeling_200_style,롯데월드,환경안전,1,growth,본인의 성장과정 또는 가치관이 현재의 진로 선택에 어떤 영향을 주었는지 작성해 주십시오.,"저는 성장과정에서 맡은 일을 끝까지 책임지는 태도를 중요하게 배웠습니다. 그 가치관은 동아리 예산 관리 자동화를 수행할 때도 이어져, 어려운 상황에서도 원인을 기록하고 해결책을 끝까지 검증하게 했습니다. 그 결과 오류 건수를 월 15건에서 4건으로 낮췄습니다. 이 경험은 현재의 진로 선택에 영향을 주었고, 환경안전 직무에서도 책임 있는 실행으로 이어가겠습니다.",엄청 잘 답변,EXCELLENT,92,성장 배경 | 가치관 | 진로 연결,성장 배경 | 가치관 | 진로 연결,성장 | 가치관 | 진로 | 영향,질문 핵심 조건을 모두 반영하고 직무/회사 연결과 구체적 결과가 있음,ROLE05_MATCH 질문-답변 적합도 모델용 더미데이터
MATCH077,synthetic_from_direct_labeling_200_style,신한은행,데이터 분석,2,customer,고객 또는 사용자의 불편을 파악하고 개선했던 경험을 구체적인 결과와 함께 설명해 주십시오.,"사용자 이탈 원인 분석 중 고객 또는 사용자가 같은 내용을 반복 문의하는 불편을 발견했습니다. 저는 고객 문제를 파악하기 위해 문의 유형을 분류하고, 가장 많은 질문부터 답변 흐름과 안내 문구를 개선했습니다. 구체적 결과로 오류 건수를 월 15건에서 4건으로 낮췄습니다. 사용자의 불편을 실제 행동 데이터로 확인하고 바꿨다는 점에서 데이터 분석 직무와도 맞닿아 있습니다.",엄청 잘 답변,EXCELLENT,93,고객 문제 | 개선 행동 | 구체적 결과,고객 문제 | 개선 행동 | 구체적 결과,고객 | 사용자 | 개선 | 결과,질문 핵심 조건을 모두 반영하고 직무/회사 연결과 구체적 결과가 있음,ROLE05_MATCH 질문-답변 적합도 모델용 더미데이터
MATCH078,synthetic_from_direct_labeling_200_style,카카오페이,서비스 기획,3,challenge,목표 달성을 위해 도전적으로 시도했던 경험과 그 과정에서 배운 점을 기술해 주십시오.,저는 목표 달성을 위해 고객 상담 FAQ 재정비에서 기존 방식보다 높은 기준을 세우고 도전적으로 시도했습니다. 처음에는 반대 의견이 있었지만 작은 범위로 먼저 실험하고 결과를 공유했습니다. 그 결과 오류 건수를 월 15건에서 4건으로 낮췄습니다. 이 과정에서 배운 점은 도전이 무작정 밀어붙이는 것이 아니라 근거와 검증 단계를 함께 설계하는 일이라는 것입니다.,엄청 잘 답변,EXCELLENT,97,목표 | 도전 행동 | 배운 점,목표 | 도전 행동 | 배운 점,목표 | 도전 | 시도 | 배운,질문 핵심 조건을 모두 반영하고 직무/회사 연결과 구체적 결과가 있음,ROLE05_MATCH 질문-답변 적합도 모델용 더미데이터
MATCH079,synthetic_from_direct_labeling_200_style,CJ올리브네트웍스,백엔드 개발,4,ethics,원칙을 지키기 위해 어려운 선택을 했던 경험과 그 결과를 서술해 주십시오.,스터디 운영 방식 개선를 맡았을 때 일정 단축을 위해 검수 단계를 생략하자는 의견이 있었습니다. 저는 단기 성과보다 원칙과 신뢰가 중요하다고 판단해 최소 검수 항목을 남기는 대안을 제시했습니다. 그 결과 일정은 유지하면서도 오류 건수를 월 15건에서 4건으로 낮췄습니다. 이 경험을 통해 원칙을 지키는 선택이 장기적으로 조직의 신뢰를 높인다는 것을 배웠습니다.,엄청 잘 답변,EXCELLENT,95,원칙 | 어려운 선택 | 결과,원칙 | 어려운 선택 | 결과,원칙 | 선택 | 결과 | 신뢰,질문 핵심 조건을 모두 반영하고 직무/회사 연결과 구체적 결과가 있음,ROLE05_MATCH 질문-답변 적합도 모델용 더미데이터
MATCH080,synthetic_from_direct_labeling_200_style,LG전자,인사,5,learning,지원 분야와 관련된 전문성을 키우기 위해 학습하거나 실습했던 경험을 구체적으로 기술해 주십시오.,"인사 분야의 전문성을 키우기 위해 신입 교육 자료 표준화를 직접 실습 주제로 삼았습니다. 관련 자료를 학습한 뒤 작은 기능부터 구현하고, 결과를 기록하며 부족한 개념을 다시 보완했습니다. 그 결과 오류 건수를 월 15건에서 4건으로 낮췄습니다. 학습을 결과물로 연결한 경험을 바탕으로 LG전자에서도 빠르게 실무 지식을 흡수하겠습니다.",엄청 잘 답변,EXCELLENT,92,전문성 | 학습 과정 | 적용 결과,전문성 | 학습 과정 | 적용 결과,전문성 | 학습 | 실습 | 적용,질문 핵심 조건을 모두 반영하고 직무/회사 연결과 구체적 결과가 있음,ROLE05_MATCH 질문-답변 적합도 모델용 더미데이터
MATCH081,synthetic_from_direct_labeling_200_style,롯데월드,전기·전자엔지니어,1,motivation_plan,롯데월드 전기·전자엔지니어 직무에 지원한 동기와 입사 후 어떤 방식으로 기여할 수 있는지 기술해 주십시오.,"저는 전기·전자엔지니어 직무에서 실제 문제를 데이터와 현장 관찰로 연결해 해결하는 점에 끌려 롯데월드에 지원했습니다. 이전에 동아리 예산 관리 자동화를 진행하며 문제 원인을 정리하고, 이해관계자 인터뷰와 로그 분석을 통해 실행 우선순위를 세웠습니다. 이후 제가 맡은 역할은 실행안을 설계하고 주 단위로 결과를 검증하는 것이었으며, 그 과정에서 오류 건수를 월 15건에서 4건으로 낮췄습니다. 입사 후에도 이 경험을 바탕으로 롯데월드의 전기·전자엔지니어 업무에서 고객과 조직에 측정 가능한 기여를 만들겠습니다.",엄청 잘 답변,EXCELLENT,97,지원동기 | 직무 이해 | 입사 후 기여,지원동기 | 직무 이해 | 입사 후 기여,지원 | 직무 | 기여 | 입사 후,질문 핵심 조건을 모두 반영하고 직무/회사 연결과 구체적 결과가 있음,ROLE05_MATCH 질문-답변 적합도 모델용 더미데이터
MATCH082,synthetic_from_direct_labeling_200_style,신한은행,영업관리,2,collaboration,다른 사람들과 함께 일하며 팀워크를 발휘했던 경험과 그 과정에서 본인이 맡은 역할을 구체적으로 서술해 주십시오.,"사용자 이탈 원인 분석를 진행할 때 일정 지연으로 팀원 간 역할이 겹치는 문제가 있었습니다. 저는 회의록을 기준으로 업무를 다시 나누고, 매일 10분씩 진행 상황을 공유하는 방식을 제안했습니다. 그 결과 제 역할이었던 자료 정리와 일정 조율이 안정화되었고 오류 건수를 월 15건에서 4건으로 낮췄습니다. 이 경험을 통해 팀워크는 좋은 분위기보다 역할과 책임을 명확히 하는 데서 시작된다는 점을 배웠습니다.",엄청 잘 답변,EXCELLENT,90,협업 상황 | 본인 역할 | 팀 성과,협업 상황 | 본인 역할 | 팀 성과,팀 | 협업 | 역할 | 성과,질문 핵심 조건을 모두 반영하고 직무/회사 연결과 구체적 결과가 있음,ROLE05_MATCH 질문-답변 적합도 모델용 더미데이터
MATCH083,synthetic_from_direct_labeling_200_style,카카오페이,마케팅,3,problem_solving,"예상하지 못한 문제를 발견하고 해결했던 경험을 상황, 행동, 결과 중심으로 기술해 주십시오.","고객 상담 FAQ 재정비 과정에서 예상하지 못한 문제를 발견한 상황이 있었습니다. 저는 해결 행동으로 오류 발생 시간, 담당 단계, 입력 데이터를 표로 정리해 병목 지점을 찾았습니다. 이후 체크리스트와 검수 기준을 새로 적용했고, 결과적으로 오류 건수를 월 15건에서 4건으로 낮췄습니다. 문제를 감으로 판단하지 않고 데이터로 좁힌 점이 가장 큰 성과였습니다.",엄청 잘 답변,EXCELLENT,96,문제 상황 | 해결 행동 | 결과,문제 상황 | 해결 행동 | 결과,문제 | 해결 | 행동 | 결과,질문 핵심 조건을 모두 반영하고 직무/회사 연결과 구체적 결과가 있음,ROLE05_MATCH 질문-답변 적합도 모델용 더미데이터
MATCH084,synthetic_from_direct_labeling_200_style,CJ올리브네트웍스,시설관리,4,competency,시설관리 직무와 관련된 본인의 강점 또는 역량을 실제 경험을 바탕으로 설명해 주십시오.,"제 강점은 시설관리 직무에 필요한 문제 구조화와 실행력입니다. 스터디 운영 방식 개선에서 저는 요구사항을 기능, 일정, 리스크로 나누어 우선순위를 정했습니다. 그 뒤 핵심 과제부터 실행하고 결과를 매주 검토해 오류 건수를 월 15건에서 4건으로 낮췄습니다. 이 역량은 CJ올리브네트웍스에서도 복잡한 업무를 실행 가능한 단위로 바꾸는 데 활용될 수 있습니다.",엄청 잘 답변,EXCELLENT,94,직무 역량 | 근거 경험 | 활용 가능성,직무 역량 | 근거 경험 | 활용 가능성,강점 | 역량 | 경험 | 직무,질문 핵심 조건을 모두 반영하고 직무/회사 연결과 구체적 결과가 있음,ROLE05_MATCH 질문-답변 적합도 모델용 더미데이터
MATCH085,synthetic_from_direct_labeling_200_style,LG전자,품질관리,5,weakness,"본인의 단점 또는 부족했던 점을 쓰고, 이를 보완하기 위해 어떤 노력을 했는지 기술해 주십시오.","제 단점은 중요한 일을 맡으면 초기에 혼자 해결하려는 경향이 있었다는 점입니다. 신입 교육 자료 표준화를 하며 이 방식이 검토 지연으로 이어진다는 것을 깨닫고, 중간 공유 시점을 일정표에 고정했습니다. 이후 팀원 피드백을 먼저 반영하면서 오류 건수를 월 15건에서 4건으로 낮췄습니다. 지금은 완성도보다 빠른 공유와 보완을 우선하는 방식으로 개선하고 있습니다.",엄청 잘 답변,EXCELLENT,87,단점 인식 | 보완 행동 | 변화,단점 인식 | 보완 행동 | 변화,단점 | 부족 | 보완 | 개선,질문 핵심 조건을 모두 반영하고 직무/회사 연결과 구체적 결과가 있음,ROLE05_MATCH 질문-답변 적합도 모델용 더미데이터
MATCH086,synthetic_from_direct_labeling_200_style,롯데월드,환경안전,1,growth,본인의 성장과정 또는 가치관이 현재의 진로 선택에 어떤 영향을 주었는지 작성해 주십시오.,"저는 성장과정에서 맡은 일을 끝까지 책임지는 태도를 중요하게 배웠습니다. 그 가치관은 동아리 예산 관리 자동화를 수행할 때도 이어져, 어려운 상황에서도 원인을 기록하고 해결책을 끝까지 검증하게 했습니다. 그 결과 오류 건수를 월 15건에서 4건으로 낮췄습니다. 이 경험은 현재의 진로 선택에 영향을 주었고, 환경안전 직무에서도 책임 있는 실행으로 이어가겠습니다.",엄청 잘 답변,EXCELLENT,98,성장 배경 | 가치관 | 진로 연결,성장 배경 | 가치관 | 진로 연결,성장 | 가치관 | 진로 | 영향,질문 핵심 조건을 모두 반영하고 직무/회사 연결과 구체적 결과가 있음,ROLE05_MATCH 질문-답변 적합도 모델용 더미데이터
MATCH087,synthetic_from_direct_labeling_200_style,신한은행,데이터 분석,2,customer,고객 또는 사용자의 불편을 파악하고 개선했던 경험을 구체적인 결과와 함께 설명해 주십시오.,"사용자 이탈 원인 분석 중 고객 또는 사용자가 같은 내용을 반복 문의하는 불편을 발견했습니다. 저는 고객 문제를 파악하기 위해 문의 유형을 분류하고, 가장 많은 질문부터 답변 흐름과 안내 문구를 개선했습니다. 구체적 결과로 오류 건수를 월 15건에서 4건으로 낮췄습니다. 사용자의 불편을 실제 행동 데이터로 확인하고 바꿨다는 점에서 데이터 분석 직무와도 맞닿아 있습니다.",엄청 잘 답변,EXCELLENT,98,고객 문제 | 개선 행동 | 구체적 결과,고객 문제 | 개선 행동 | 구체적 결과,고객 | 사용자 | 개선 | 결과,질문 핵심 조건을 모두 반영하고 직무/회사 연결과 구체적 결과가 있음,ROLE05_MATCH 질문-답변 적합도 모델용 더미데이터
MATCH088,synthetic_from_direct_labeling_200_style,카카오페이,서비스 기획,3,challenge,목표 달성을 위해 도전적으로 시도했던 경험과 그 과정에서 배운 점을 기술해 주십시오.,저는 목표 달성을 위해 고객 상담 FAQ 재정비에서 기존 방식보다 높은 기준을 세우고 도전적으로 시도했습니다. 처음에는 반대 의견이 있었지만 작은 범위로 먼저 실험하고 결과를 공유했습니다. 그 결과 오류 건수를 월 15건에서 4건으로 낮췄습니다. 이 과정에서 배운 점은 도전이 무작정 밀어붙이는 것이 아니라 근거와 검증 단계를 함께 설계하는 일이라는 것입니다.,엄청 잘 답변,EXCELLENT,93,목표 | 도전 행동 | 배운 점,목표 | 도전 행동 | 배운 점,목표 | 도전 | 시도 | 배운,질문 핵심 조건을 모두 반영하고 직무/회사 연결과 구체적 결과가 있음,ROLE05_MATCH 질문-답변 적합도 모델용 더미데이터
MATCH089,synthetic_from_direct_labeling_200_style,CJ올리브네트웍스,백엔드 개발,4,ethics,원칙을 지키기 위해 어려운 선택을 했던 경험과 그 결과를 서술해 주십시오.,스터디 운영 방식 개선를 맡았을 때 일정 단축을 위해 검수 단계를 생략하자는 의견이 있었습니다. 저는 단기 성과보다 원칙과 신뢰가 중요하다고 판단해 최소 검수 항목을 남기는 대안을 제시했습니다. 그 결과 일정은 유지하면서도 오류 건수를 월 15건에서 4건으로 낮췄습니다. 이 경험을 통해 원칙을 지키는 선택이 장기적으로 조직의 신뢰를 높인다는 것을 배웠습니다.,엄청 잘 답변,EXCELLENT,98,원칙 | 어려운 선택 | 결과,원칙 | 어려운 선택 | 결과,원칙 | 선택 | 결과 | 신뢰,질문 핵심 조건을 모두 반영하고 직무/회사 연결과 구체적 결과가 있음,ROLE05_MATCH 질문-답변 적합도 모델용 더미데이터
MATCH090,synthetic_from_direct_labeling_200_style,LG전자,인사,5,learning,지원 분야와 관련된 전문성을 키우기 위해 학습하거나 실습했던 경험을 구체적으로 기술해 주십시오.,"인사 분야의 전문성을 키우기 위해 신입 교육 자료 표준화를 직접 실습 주제로 삼았습니다. 관련 자료를 학습한 뒤 작은 기능부터 구현하고, 결과를 기록하며 부족한 개념을 다시 보완했습니다. 그 결과 오류 건수를 월 15건에서 4건으로 낮췄습니다. 학습을 결과물로 연결한 경험을 바탕으로 LG전자에서도 빠르게 실무 지식을 흡수하겠습니다.",엄청 잘 답변,EXCELLENT,87,전문성 | 학습 과정 | 적용 결과,전문성 | 학습 과정 | 적용 결과,전문성 | 학습 | 실습 | 적용,질문 핵심 조건을 모두 반영하고 직무/회사 연결과 구체적 결과가 있음,ROLE05_MATCH 질문-답변 적합도 모델용 더미데이터
MATCH091,synthetic_from_direct_labeling_200_style,롯데월드,전기·전자엔지니어,1,motivation_plan,롯데월드 전기·전자엔지니어 직무에 지원한 동기와 입사 후 어떤 방식으로 기여할 수 있는지 기술해 주십시오.,"저는 전기·전자엔지니어 직무에서 실제 문제를 데이터와 현장 관찰로 연결해 해결하는 점에 끌려 롯데월드에 지원했습니다. 이전에 동아리 예산 관리 자동화를 진행하며 문제 원인을 정리하고, 이해관계자 인터뷰와 로그 분석을 통해 실행 우선순위를 세웠습니다. 이후 제가 맡은 역할은 실행안을 설계하고 주 단위로 결과를 검증하는 것이었으며, 그 과정에서 오류 건수를 월 15건에서 4건으로 낮췄습니다. 입사 후에도 이 경험을 바탕으로 롯데월드의 전기·전자엔지니어 업무에서 고객과 조직에 측정 가능한 기여를 만들겠습니다.",엄청 잘 답변,EXCELLENT,94,지원동기 | 직무 이해 | 입사 후 기여,지원동기 | 직무 이해 | 입사 후 기여,지원 | 직무 | 기여 | 입사 후,질문 핵심 조건을 모두 반영하고 직무/회사 연결과 구체적 결과가 있음,ROLE05_MATCH 질문-답변 적합도 모델용 더미데이터
MATCH092,synthetic_from_direct_labeling_200_style,신한은행,영업관리,2,collaboration,다른 사람들과 함께 일하며 팀워크를 발휘했던 경험과 그 과정에서 본인이 맡은 역할을 구체적으로 서술해 주십시오.,"사용자 이탈 원인 분석를 진행할 때 일정 지연으로 팀원 간 역할이 겹치는 문제가 있었습니다. 저는 회의록을 기준으로 업무를 다시 나누고, 매일 10분씩 진행 상황을 공유하는 방식을 제안했습니다. 그 결과 제 역할이었던 자료 정리와 일정 조율이 안정화되었고 오류 건수를 월 15건에서 4건으로 낮췄습니다. 이 경험을 통해 팀워크는 좋은 분위기보다 역할과 책임을 명확히 하는 데서 시작된다는 점을 배웠습니다.",엄청 잘 답변,EXCELLENT,94,협업 상황 | 본인 역할 | 팀 성과,협업 상황 | 본인 역할 | 팀 성과,팀 | 협업 | 역할 | 성과,질문 핵심 조건을 모두 반영하고 직무/회사 연결과 구체적 결과가 있음,ROLE05_MATCH 질문-답변 적합도 모델용 더미데이터
MATCH093,synthetic_from_direct_labeling_200_style,카카오페이,마케팅,3,problem_solving,"예상하지 못한 문제를 발견하고 해결했던 경험을 상황, 행동, 결과 중심으로 기술해 주십시오.","고객 상담 FAQ 재정비 과정에서 예상하지 못한 문제를 발견한 상황이 있었습니다. 저는 해결 행동으로 오류 발생 시간, 담당 단계, 입력 데이터를 표로 정리해 병목 지점을 찾았습니다. 이후 체크리스트와 검수 기준을 새로 적용했고, 결과적으로 오류 건수를 월 15건에서 4건으로 낮췄습니다. 문제를 감으로 판단하지 않고 데이터로 좁힌 점이 가장 큰 성과였습니다.",엄청 잘 답변,EXCELLENT,97,문제 상황 | 해결 행동 | 결과,문제 상황 | 해결 행동 | 결과,문제 | 해결 | 행동 | 결과,질문 핵심 조건을 모두 반영하고 직무/회사 연결과 구체적 결과가 있음,ROLE05_MATCH 질문-답변 적합도 모델용 더미데이터
MATCH094,synthetic_from_direct_labeling_200_style,CJ올리브네트웍스,시설관리,4,competency,시설관리 직무와 관련된 본인의 강점 또는 역량을 실제 경험을 바탕으로 설명해 주십시오.,"제 강점은 시설관리 직무에 필요한 문제 구조화와 실행력입니다. 스터디 운영 방식 개선에서 저는 요구사항을 기능, 일정, 리스크로 나누어 우선순위를 정했습니다. 그 뒤 핵심 과제부터 실행하고 결과를 매주 검토해 오류 건수를 월 15건에서 4건으로 낮췄습니다. 이 역량은 CJ올리브네트웍스에서도 복잡한 업무를 실행 가능한 단위로 바꾸는 데 활용될 수 있습니다.",엄청 잘 답변,EXCELLENT,94,직무 역량 | 근거 경험 | 활용 가능성,직무 역량 | 근거 경험 | 활용 가능성,강점 | 역량 | 경험 | 직무,질문 핵심 조건을 모두 반영하고 직무/회사 연결과 구체적 결과가 있음,ROLE05_MATCH 질문-답변 적합도 모델용 더미데이터
MATCH095,synthetic_from_direct_labeling_200_style,LG전자,품질관리,5,weakness,"본인의 단점 또는 부족했던 점을 쓰고, 이를 보완하기 위해 어떤 노력을 했는지 기술해 주십시오.","제 단점은 중요한 일을 맡으면 초기에 혼자 해결하려는 경향이 있었다는 점입니다. 신입 교육 자료 표준화를 하며 이 방식이 검토 지연으로 이어진다는 것을 깨닫고, 중간 공유 시점을 일정표에 고정했습니다. 이후 팀원 피드백을 먼저 반영하면서 오류 건수를 월 15건에서 4건으로 낮췄습니다. 지금은 완성도보다 빠른 공유와 보완을 우선하는 방식으로 개선하고 있습니다.",엄청 잘 답변,EXCELLENT,87,단점 인식 | 보완 행동 | 변화,단점 인식 | 보완 행동 | 변화,단점 | 부족 | 보완 | 개선,질문 핵심 조건을 모두 반영하고 직무/회사 연결과 구체적 결과가 있음,ROLE05_MATCH 질문-답변 적합도 모델용 더미데이터
MATCH096,synthetic_from_direct_labeling_200_style,롯데월드,환경안전,1,growth,본인의 성장과정 또는 가치관이 현재의 진로 선택에 어떤 영향을 주었는지 작성해 주십시오.,"저는 성장과정에서 맡은 일을 끝까지 책임지는 태도를 중요하게 배웠습니다. 그 가치관은 동아리 예산 관리 자동화를 수행할 때도 이어져, 어려운 상황에서도 원인을 기록하고 해결책을 끝까지 검증하게 했습니다. 그 결과 오류 건수를 월 15건에서 4건으로 낮췄습니다. 이 경험은 현재의 진로 선택에 영향을 주었고, 환경안전 직무에서도 책임 있는 실행으로 이어가겠습니다.",엄청 잘 답변,EXCELLENT,90,성장 배경 | 가치관 | 진로 연결,성장 배경 | 가치관 | 진로 연결,성장 | 가치관 | 진로 | 영향,질문 핵심 조건을 모두 반영하고 직무/회사 연결과 구체적 결과가 있음,ROLE05_MATCH 질문-답변 적합도 모델용 더미데이터
MATCH097,synthetic_from_direct_labeling_200_style,신한은행,데이터 분석,2,customer,고객 또는 사용자의 불편을 파악하고 개선했던 경험을 구체적인 결과와 함께 설명해 주십시오.,"사용자 이탈 원인 분석 중 고객 또는 사용자가 같은 내용을 반복 문의하는 불편을 발견했습니다. 저는 고객 문제를 파악하기 위해 문의 유형을 분류하고, 가장 많은 질문부터 답변 흐름과 안내 문구를 개선했습니다. 구체적 결과로 오류 건수를 월 15건에서 4건으로 낮췄습니다. 사용자의 불편을 실제 행동 데이터로 확인하고 바꿨다는 점에서 데이터 분석 직무와도 맞닿아 있습니다.",엄청 잘 답변,EXCELLENT,94,고객 문제 | 개선 행동 | 구체적 결과,고객 문제 | 개선 행동 | 구체적 결과,고객 | 사용자 | 개선 | 결과,질문 핵심 조건을 모두 반영하고 직무/회사 연결과 구체적 결과가 있음,ROLE05_MATCH 질문-답변 적합도 모델용 더미데이터
MATCH098,synthetic_from_direct_labeling_200_style,카카오페이,서비스 기획,3,challenge,목표 달성을 위해 도전적으로 시도했던 경험과 그 과정에서 배운 점을 기술해 주십시오.,저는 목표 달성을 위해 고객 상담 FAQ 재정비에서 기존 방식보다 높은 기준을 세우고 도전적으로 시도했습니다. 처음에는 반대 의견이 있었지만 작은 범위로 먼저 실험하고 결과를 공유했습니다. 그 결과 오류 건수를 월 15건에서 4건으로 낮췄습니다. 이 과정에서 배운 점은 도전이 무작정 밀어붙이는 것이 아니라 근거와 검증 단계를 함께 설계하는 일이라는 것입니다.,엄청 잘 답변,EXCELLENT,98,목표 | 도전 행동 | 배운 점,목표 | 도전 행동 | 배운 점,목표 | 도전 | 시도 | 배운,질문 핵심 조건을 모두 반영하고 직무/회사 연결과 구체적 결과가 있음,ROLE05_MATCH 질문-답변 적합도 모델용 더미데이터
MATCH099,synthetic_from_direct_labeling_200_style,CJ올리브네트웍스,백엔드 개발,4,ethics,원칙을 지키기 위해 어려운 선택을 했던 경험과 그 결과를 서술해 주십시오.,스터디 운영 방식 개선를 맡았을 때 일정 단축을 위해 검수 단계를 생략하자는 의견이 있었습니다. 저는 단기 성과보다 원칙과 신뢰가 중요하다고 판단해 최소 검수 항목을 남기는 대안을 제시했습니다. 그 결과 일정은 유지하면서도 오류 건수를 월 15건에서 4건으로 낮췄습니다. 이 경험을 통해 원칙을 지키는 선택이 장기적으로 조직의 신뢰를 높인다는 것을 배웠습니다.,엄청 잘 답변,EXCELLENT,95,원칙 | 어려운 선택 | 결과,원칙 | 어려운 선택 | 결과,원칙 | 선택 | 결과 | 신뢰,질문 핵심 조건을 모두 반영하고 직무/회사 연결과 구체적 결과가 있음,ROLE05_MATCH 질문-답변 적합도 모델용 더미데이터
MATCH100,synthetic_from_direct_labeling_200_style,LG전자,인사,5,learning,지원 분야와 관련된 전문성을 키우기 위해 학습하거나 실습했던 경험을 구체적으로 기술해 주십시오.,"인사 분야의 전문성을 키우기 위해 신입 교육 자료 표준화를 직접 실습 주제로 삼았습니다. 관련 자료를 학습한 뒤 작은 기능부터 구현하고, 결과를 기록하며 부족한 개념을 다시 보완했습니다. 그 결과 오류 건수를 월 15건에서 4건으로 낮췄습니다. 학습을 결과물로 연결한 경험을 바탕으로 LG전자에서도 빠르게 실무 지식을 흡수하겠습니다.",엄청 잘 답변,EXCELLENT,95,전문성 | 학습 과정 | 적용 결과,전문성 | 학습 과정 | 적용 결과,전문성 | 학습 | 실습 | 적용,질문 핵심 조건을 모두 반영하고 직무/회사 연결과 구체적 결과가 있음,ROLE05_MATCH 질문-답변 적합도 모델용 더미데이터
MATCH101,synthetic_from_direct_labeling_200_style,롯데월드,전기·전자엔지니어,1,motivation_plan,롯데월드 전기·전자엔지니어 직무에 지원한 동기와 입사 후 어떤 방식으로 기여할 수 있는지 기술해 주십시오.,"전기·전자엔지니어 직무에 관심이 있어 롯데월드에 지원했습니다. 대학 시절 동아리 예산 관리 자동화를 하면서 지원동기의 중요성을 느꼈고 팀원들과 함께 문제를 해결하려고 노력했습니다. 구체적인 과정에서 여러 의견을 듣고 자료를 정리했으며 일부 개선 효과도 있었습니다. 다만 결과는 점검 누락률을 18%에서 3%로 낮췄습니다 정도로 정리할 수 있고, 앞으로 관련 역량을 더 키워 회사에 도움이 되고 싶습니다.",중간 정도 답변,MEDIUM,66,지원동기 | 직무 이해 | 입사 후 기여,지원동기 | 직무 이해,지원 | 직무 | 기여 | 입사 후,문항 방향은 맞지만 요구 조건 일부가 추상적이거나 결과/직무 연결이 약함,ROLE05_MATCH 질문-답변 적합도 모델용 더미데이터
MATCH102,synthetic_from_direct_labeling_200_style,신한은행,영업관리,2,collaboration,다른 사람들과 함께 일하며 팀워크를 발휘했던 경험과 그 과정에서 본인이 맡은 역할을 구체적으로 서술해 주십시오.,"영업관리 직무에 관심이 있어 신한은행에 지원했습니다. 대학 시절 사용자 이탈 원인 분석를 하면서 협업 상황의 중요성을 느꼈고 팀원들과 함께 문제를 해결하려고 노력했습니다. 구체적인 과정에서 여러 의견을 듣고 자료를 정리했으며 일부 개선 효과도 있었습니다. 다만 결과는 점검 누락률을 18%에서 3%로 낮췄습니다 정도로 정리할 수 있고, 앞으로 관련 역량을 더 키워 회사에 도움이 되고 싶습니다.",중간 정도 답변,MEDIUM,61,협업 상황 | 본인 역할 | 팀 성과,협업 상황 | 본인 역할,팀 | 협업 | 역할 | 성과,문항 방향은 맞지만 요구 조건 일부가 추상적이거나 결과/직무 연결이 약함,ROLE05_MATCH 질문-답변 적합도 모델용 더미데이터
MATCH103,synthetic_from_direct_labeling_200_style,카카오페이,마케팅,3,problem_solving,"예상하지 못한 문제를 발견하고 해결했던 경험을 상황, 행동, 결과 중심으로 기술해 주십시오.","마케팅 직무에 관심이 있어 카카오페이에 지원했습니다. 대학 시절 고객 상담 FAQ 재정비를 하면서 문제 상황의 중요성을 느꼈고 팀원들과 함께 문제를 해결하려고 노력했습니다. 구체적인 과정에서 여러 의견을 듣고 자료를 정리했으며 일부 개선 효과도 있었습니다. 다만 결과는 점검 누락률을 18%에서 3%로 낮췄습니다 정도로 정리할 수 있고, 앞으로 관련 역량을 더 키워 회사에 도움이 되고 싶습니다.",중간 정도 답변,MEDIUM,63,문제 상황 | 해결 행동 | 결과,문제 상황 | 해결 행동,문제 | 해결 | 행동 | 결과,문항 방향은 맞지만 요구 조건 일부가 추상적이거나 결과/직무 연결이 약함,ROLE05_MATCH 질문-답변 적합도 모델용 더미데이터
MATCH104,synthetic_from_direct_labeling_200_style,CJ올리브네트웍스,시설관리,4,competency,시설관리 직무와 관련된 본인의 강점 또는 역량을 실제 경험을 바탕으로 설명해 주십시오.,"시설관리 직무에 관심이 있어 CJ올리브네트웍스에 지원했습니다. 대학 시절 스터디 운영 방식 개선를 하면서 직무 역량의 중요성을 느꼈고 팀원들과 함께 문제를 해결하려고 노력했습니다. 구체적인 과정에서 여러 의견을 듣고 자료를 정리했으며 일부 개선 효과도 있었습니다. 다만 결과는 점검 누락률을 18%에서 3%로 낮췄습니다 정도로 정리할 수 있고, 앞으로 관련 역량을 더 키워 회사에 도움이 되고 싶습니다.",중간 정도 답변,MEDIUM,61,직무 역량 | 근거 경험 | 활용 가능성,직무 역량 | 근거 경험,강점 | 역량 | 경험 | 직무,문항 방향은 맞지만 요구 조건 일부가 추상적이거나 결과/직무 연결이 약함,ROLE05_MATCH 질문-답변 적합도 모델용 더미데이터
MATCH105,synthetic_from_direct_labeling_200_style,LG전자,품질관리,5,weakness,"본인의 단점 또는 부족했던 점을 쓰고, 이를 보완하기 위해 어떤 노력을 했는지 기술해 주십시오.",저의 보완점은 발표 전 긴장으로 핵심 메시지를 길게 설명하는 습관입니다. 이를 줄이기 위해 체크리스트를 만들고 주변 피드백을 받았습니다. 아직 결과를 수치로 설명하기는 어렵지만 같은 실수를 반복하지 않으려 노력하고 있습니다.,중간 정도 답변,MEDIUM,60,단점 인식 | 보완 행동 | 변화,단점 인식 | 보완 행동,단점 | 부족 | 보완 | 개선,문항 방향은 맞지만 요구 조건 일부가 추상적이거나 결과/직무 연결이 약함,ROLE05_MATCH 질문-답변 적합도 모델용 더미데이터
MATCH106,synthetic_from_direct_labeling_200_style,롯데월드,환경안전,1,growth,본인의 성장과정 또는 가치관이 현재의 진로 선택에 어떤 영향을 주었는지 작성해 주십시오.,"환경안전 직무에 관심이 있어 롯데월드에 지원했습니다. 대학 시절 동아리 예산 관리 자동화를 하면서 성장 배경의 중요성을 느꼈고 팀원들과 함께 문제를 해결하려고 노력했습니다. 구체적인 과정에서 여러 의견을 듣고 자료를 정리했으며 일부 개선 효과도 있었습니다. 다만 결과는 점검 누락률을 18%에서 3%로 낮췄습니다 정도로 정리할 수 있고, 앞으로 관련 역량을 더 키워 회사에 도움이 되고 싶습니다.",중간 정도 답변,MEDIUM,66,성장 배경 | 가치관 | 진로 연결,성장 배경 | 가치관,성장 | 가치관 | 진로 | 영향,문항 방향은 맞지만 요구 조건 일부가 추상적이거나 결과/직무 연결이 약함,ROLE05_MATCH 질문-답변 적합도 모델용 더미데이터
MATCH107,synthetic_from_direct_labeling_200_style,신한은행,데이터 분석,2,customer,고객 또는 사용자의 불편을 파악하고 개선했던 경험을 구체적인 결과와 함께 설명해 주십시오.,"데이터 분석 직무에 관심이 있어 신한은행에 지원했습니다. 대학 시절 사용자 이탈 원인 분석를 하면서 고객 문제의 중요성을 느꼈고 팀원들과 함께 문제를 해결하려고 노력했습니다. 구체적인 과정에서 여러 의견을 듣고 자료를 정리했으며 일부 개선 효과도 있었습니다. 다만 결과는 점검 누락률을 18%에서 3%로 낮췄습니다 정도로 정리할 수 있고, 앞으로 관련 역량을 더 키워 회사에 도움이 되고 싶습니다.",중간 정도 답변,MEDIUM,74,고객 문제 | 개선 행동 | 구체적 결과,고객 문제 | 개선 행동,고객 | 사용자 | 개선 | 결과,문항 방향은 맞지만 요구 조건 일부가 추상적이거나 결과/직무 연결이 약함,ROLE05_MATCH 질문-답변 적합도 모델용 더미데이터
MATCH108,synthetic_from_direct_labeling_200_style,카카오페이,서비스 기획,3,challenge,목표 달성을 위해 도전적으로 시도했던 경험과 그 과정에서 배운 점을 기술해 주십시오.,"서비스 기획 직무에 관심이 있어 카카오페이에 지원했습니다. 대학 시절 고객 상담 FAQ 재정비를 하면서 목표의 중요성을 느꼈고 팀원들과 함께 문제를 해결하려고 노력했습니다. 구체적인 과정에서 여러 의견을 듣고 자료를 정리했으며 일부 개선 효과도 있었습니다. 다만 결과는 점검 누락률을 18%에서 3%로 낮췄습니다 정도로 정리할 수 있고, 앞으로 관련 역량을 더 키워 회사에 도움이 되고 싶습니다.",중간 정도 답변,MEDIUM,56,목표 | 도전 행동 | 배운 점,목표 | 도전 행동,목표 | 도전 | 시도 | 배운,문항 방향은 맞지만 요구 조건 일부가 추상적이거나 결과/직무 연결이 약함,ROLE05_MATCH 질문-답변 적합도 모델용 더미데이터
MATCH109,synthetic_from_direct_labeling_200_style,CJ올리브네트웍스,백엔드 개발,4,ethics,원칙을 지키기 위해 어려운 선택을 했던 경험과 그 결과를 서술해 주십시오.,"백엔드 개발 직무에 관심이 있어 CJ올리브네트웍스에 지원했습니다. 대학 시절 스터디 운영 방식 개선를 하면서 원칙의 중요성을 느꼈고 팀원들과 함께 문제를 해결하려고 노력했습니다. 구체적인 과정에서 여러 의견을 듣고 자료를 정리했으며 일부 개선 효과도 있었습니다. 다만 결과는 점검 누락률을 18%에서 3%로 낮췄습니다 정도로 정리할 수 있고, 앞으로 관련 역량을 더 키워 회사에 도움이 되고 싶습니다.",중간 정도 답변,MEDIUM,58,원칙 | 어려운 선택 | 결과,원칙 | 어려운 선택,원칙 | 선택 | 결과 | 신뢰,문항 방향은 맞지만 요구 조건 일부가 추상적이거나 결과/직무 연결이 약함,ROLE05_MATCH 질문-답변 적합도 모델용 더미데이터
MATCH110,synthetic_from_direct_labeling_200_style,LG전자,인사,5,learning,지원 분야와 관련된 전문성을 키우기 위해 학습하거나 실습했던 경험을 구체적으로 기술해 주십시오.,"인사 직무에 관심이 있어 LG전자에 지원했습니다. 대학 시절 신입 교육 자료 표준화를 하면서 전문성의 중요성을 느꼈고 팀원들과 함께 문제를 해결하려고 노력했습니다. 구체적인 과정에서 여러 의견을 듣고 자료를 정리했으며 일부 개선 효과도 있었습니다. 다만 결과는 점검 누락률을 18%에서 3%로 낮췄습니다 정도로 정리할 수 있고, 앞으로 관련 역량을 더 키워 회사에 도움이 되고 싶습니다.",중간 정도 답변,MEDIUM,67,전문성 | 학습 과정 | 적용 결과,전문성 | 학습 과정,전문성 | 학습 | 실습 | 적용,문항 방향은 맞지만 요구 조건 일부가 추상적이거나 결과/직무 연결이 약함,ROLE05_MATCH 질문-답변 적합도 모델용 더미데이터
MATCH111,synthetic_from_direct_labeling_200_style,롯데월드,전기·전자엔지니어,1,motivation_plan,롯데월드 전기·전자엔지니어 직무에 지원한 동기와 입사 후 어떤 방식으로 기여할 수 있는지 기술해 주십시오.,"전기·전자엔지니어 직무에 관심이 있어 롯데월드에 지원했습니다. 대학 시절 동아리 예산 관리 자동화를 하면서 지원동기의 중요성을 느꼈고 팀원들과 함께 문제를 해결하려고 노력했습니다. 구체적인 과정에서 여러 의견을 듣고 자료를 정리했으며 일부 개선 효과도 있었습니다. 다만 결과는 점검 누락률을 18%에서 3%로 낮췄습니다 정도로 정리할 수 있고, 앞으로 관련 역량을 더 키워 회사에 도움이 되고 싶습니다.",중간 정도 답변,MEDIUM,64,지원동기 | 직무 이해 | 입사 후 기여,지원동기 | 직무 이해,지원 | 직무 | 기여 | 입사 후,문항 방향은 맞지만 요구 조건 일부가 추상적이거나 결과/직무 연결이 약함,ROLE05_MATCH 질문-답변 적합도 모델용 더미데이터
MATCH112,synthetic_from_direct_labeling_200_style,신한은행,영업관리,2,collaboration,다른 사람들과 함께 일하며 팀워크를 발휘했던 경험과 그 과정에서 본인이 맡은 역할을 구체적으로 서술해 주십시오.,"영업관리 직무에 관심이 있어 신한은행에 지원했습니다. 대학 시절 사용자 이탈 원인 분석를 하면서 협업 상황의 중요성을 느꼈고 팀원들과 함께 문제를 해결하려고 노력했습니다. 구체적인 과정에서 여러 의견을 듣고 자료를 정리했으며 일부 개선 효과도 있었습니다. 다만 결과는 점검 누락률을 18%에서 3%로 낮췄습니다 정도로 정리할 수 있고, 앞으로 관련 역량을 더 키워 회사에 도움이 되고 싶습니다.",중간 정도 답변,MEDIUM,55,협업 상황 | 본인 역할 | 팀 성과,협업 상황 | 본인 역할,팀 | 협업 | 역할 | 성과,문항 방향은 맞지만 요구 조건 일부가 추상적이거나 결과/직무 연결이 약함,ROLE05_MATCH 질문-답변 적합도 모델용 더미데이터
MATCH113,synthetic_from_direct_labeling_200_style,카카오페이,마케팅,3,problem_solving,"예상하지 못한 문제를 발견하고 해결했던 경험을 상황, 행동, 결과 중심으로 기술해 주십시오.","마케팅 직무에 관심이 있어 카카오페이에 지원했습니다. 대학 시절 고객 상담 FAQ 재정비를 하면서 문제 상황의 중요성을 느꼈고 팀원들과 함께 문제를 해결하려고 노력했습니다. 구체적인 과정에서 여러 의견을 듣고 자료를 정리했으며 일부 개선 효과도 있었습니다. 다만 결과는 점검 누락률을 18%에서 3%로 낮췄습니다 정도로 정리할 수 있고, 앞으로 관련 역량을 더 키워 회사에 도움이 되고 싶습니다.",중간 정도 답변,MEDIUM,71,문제 상황 | 해결 행동 | 결과,문제 상황 | 해결 행동,문제 | 해결 | 행동 | 결과,문항 방향은 맞지만 요구 조건 일부가 추상적이거나 결과/직무 연결이 약함,ROLE05_MATCH 질문-답변 적합도 모델용 더미데이터
MATCH114,synthetic_from_direct_labeling_200_style,CJ올리브네트웍스,시설관리,4,competency,시설관리 직무와 관련된 본인의 강점 또는 역량을 실제 경험을 바탕으로 설명해 주십시오.,"시설관리 직무에 관심이 있어 CJ올리브네트웍스에 지원했습니다. 대학 시절 스터디 운영 방식 개선를 하면서 직무 역량의 중요성을 느꼈고 팀원들과 함께 문제를 해결하려고 노력했습니다. 구체적인 과정에서 여러 의견을 듣고 자료를 정리했으며 일부 개선 효과도 있었습니다. 다만 결과는 점검 누락률을 18%에서 3%로 낮췄습니다 정도로 정리할 수 있고, 앞으로 관련 역량을 더 키워 회사에 도움이 되고 싶습니다.",중간 정도 답변,MEDIUM,57,직무 역량 | 근거 경험 | 활용 가능성,직무 역량 | 근거 경험,강점 | 역량 | 경험 | 직무,문항 방향은 맞지만 요구 조건 일부가 추상적이거나 결과/직무 연결이 약함,ROLE05_MATCH 질문-답변 적합도 모델용 더미데이터
MATCH115,synthetic_from_direct_labeling_200_style,LG전자,품질관리,5,weakness,"본인의 단점 또는 부족했던 점을 쓰고, 이를 보완하기 위해 어떤 노력을 했는지 기술해 주십시오.",저의 보완점은 발표 전 긴장으로 핵심 메시지를 길게 설명하는 습관입니다. 이를 줄이기 위해 체크리스트를 만들고 주변 피드백을 받았습니다. 아직 결과를 수치로 설명하기는 어렵지만 같은 실수를 반복하지 않으려 노력하고 있습니다.,중간 정도 답변,MEDIUM,63,단점 인식 | 보완 행동 | 변화,단점 인식 | 보완 행동,단점 | 부족 | 보완 | 개선,문항 방향은 맞지만 요구 조건 일부가 추상적이거나 결과/직무 연결이 약함,ROLE05_MATCH 질문-답변 적합도 모델용 더미데이터
MATCH116,synthetic_from_direct_labeling_200_style,롯데월드,환경안전,1,growth,본인의 성장과정 또는 가치관이 현재의 진로 선택에 어떤 영향을 주었는지 작성해 주십시오.,"환경안전 직무에 관심이 있어 롯데월드에 지원했습니다. 대학 시절 동아리 예산 관리 자동화를 하면서 성장 배경의 중요성을 느꼈고 팀원들과 함께 문제를 해결하려고 노력했습니다. 구체적인 과정에서 여러 의견을 듣고 자료를 정리했으며 일부 개선 효과도 있었습니다. 다만 결과는 점검 누락률을 18%에서 3%로 낮췄습니다 정도로 정리할 수 있고, 앞으로 관련 역량을 더 키워 회사에 도움이 되고 싶습니다.",중간 정도 답변,MEDIUM,56,성장 배경 | 가치관 | 진로 연결,성장 배경 | 가치관,성장 | 가치관 | 진로 | 영향,문항 방향은 맞지만 요구 조건 일부가 추상적이거나 결과/직무 연결이 약함,ROLE05_MATCH 질문-답변 적합도 모델용 더미데이터
MATCH117,synthetic_from_direct_labeling_200_style,신한은행,데이터 분석,2,customer,고객 또는 사용자의 불편을 파악하고 개선했던 경험을 구체적인 결과와 함께 설명해 주십시오.,"데이터 분석 직무에 관심이 있어 신한은행에 지원했습니다. 대학 시절 사용자 이탈 원인 분석를 하면서 고객 문제의 중요성을 느꼈고 팀원들과 함께 문제를 해결하려고 노력했습니다. 구체적인 과정에서 여러 의견을 듣고 자료를 정리했으며 일부 개선 효과도 있었습니다. 다만 결과는 점검 누락률을 18%에서 3%로 낮췄습니다 정도로 정리할 수 있고, 앞으로 관련 역량을 더 키워 회사에 도움이 되고 싶습니다.",중간 정도 답변,MEDIUM,60,고객 문제 | 개선 행동 | 구체적 결과,고객 문제 | 개선 행동,고객 | 사용자 | 개선 | 결과,문항 방향은 맞지만 요구 조건 일부가 추상적이거나 결과/직무 연결이 약함,ROLE05_MATCH 질문-답변 적합도 모델용 더미데이터
MATCH118,synthetic_from_direct_labeling_200_style,카카오페이,서비스 기획,3,challenge,목표 달성을 위해 도전적으로 시도했던 경험과 그 과정에서 배운 점을 기술해 주십시오.,"서비스 기획 직무에 관심이 있어 카카오페이에 지원했습니다. 대학 시절 고객 상담 FAQ 재정비를 하면서 목표의 중요성을 느꼈고 팀원들과 함께 문제를 해결하려고 노력했습니다. 구체적인 과정에서 여러 의견을 듣고 자료를 정리했으며 일부 개선 효과도 있었습니다. 다만 결과는 점검 누락률을 18%에서 3%로 낮췄습니다 정도로 정리할 수 있고, 앞으로 관련 역량을 더 키워 회사에 도움이 되고 싶습니다.",중간 정도 답변,MEDIUM,54,목표 | 도전 행동 | 배운 점,목표 | 도전 행동,목표 | 도전 | 시도 | 배운,문항 방향은 맞지만 요구 조건 일부가 추상적이거나 결과/직무 연결이 약함,ROLE05_MATCH 질문-답변 적합도 모델용 더미데이터
MATCH119,synthetic_from_direct_labeling_200_style,CJ올리브네트웍스,백엔드 개발,4,ethics,원칙을 지키기 위해 어려운 선택을 했던 경험과 그 결과를 서술해 주십시오.,"백엔드 개발 직무에 관심이 있어 CJ올리브네트웍스에 지원했습니다. 대학 시절 스터디 운영 방식 개선를 하면서 원칙의 중요성을 느꼈고 팀원들과 함께 문제를 해결하려고 노력했습니다. 구체적인 과정에서 여러 의견을 듣고 자료를 정리했으며 일부 개선 효과도 있었습니다. 다만 결과는 점검 누락률을 18%에서 3%로 낮췄습니다 정도로 정리할 수 있고, 앞으로 관련 역량을 더 키워 회사에 도움이 되고 싶습니다.",중간 정도 답변,MEDIUM,62,원칙 | 어려운 선택 | 결과,원칙 | 어려운 선택,원칙 | 선택 | 결과 | 신뢰,문항 방향은 맞지만 요구 조건 일부가 추상적이거나 결과/직무 연결이 약함,ROLE05_MATCH 질문-답변 적합도 모델용 더미데이터
MATCH120,synthetic_from_direct_labeling_200_style,LG전자,인사,5,learning,지원 분야와 관련된 전문성을 키우기 위해 학습하거나 실습했던 경험을 구체적으로 기술해 주십시오.,"인사 직무에 관심이 있어 LG전자에 지원했습니다. 대학 시절 신입 교육 자료 표준화를 하면서 전문성의 중요성을 느꼈고 팀원들과 함께 문제를 해결하려고 노력했습니다. 구체적인 과정에서 여러 의견을 듣고 자료를 정리했으며 일부 개선 효과도 있었습니다. 다만 결과는 점검 누락률을 18%에서 3%로 낮췄습니다 정도로 정리할 수 있고, 앞으로 관련 역량을 더 키워 회사에 도움이 되고 싶습니다.",중간 정도 답변,MEDIUM,70,전문성 | 학습 과정 | 적용 결과,전문성 | 학습 과정,전문성 | 학습 | 실습 | 적용,문항 방향은 맞지만 요구 조건 일부가 추상적이거나 결과/직무 연결이 약함,ROLE05_MATCH 질문-답변 적합도 모델용 더미데이터
MATCH121,synthetic_from_direct_labeling_200_style,롯데월드,전기·전자엔지니어,1,motivation_plan,롯데월드 전기·전자엔지니어 직무에 지원한 동기와 입사 후 어떤 방식으로 기여할 수 있는지 기술해 주십시오.,"전기·전자엔지니어 직무에 관심이 있어 롯데월드에 지원했습니다. 대학 시절 동아리 예산 관리 자동화를 하면서 지원동기의 중요성을 느꼈고 팀원들과 함께 문제를 해결하려고 노력했습니다. 구체적인 과정에서 여러 의견을 듣고 자료를 정리했으며 일부 개선 효과도 있었습니다. 다만 결과는 점검 누락률을 18%에서 3%로 낮췄습니다 정도로 정리할 수 있고, 앞으로 관련 역량을 더 키워 회사에 도움이 되고 싶습니다.",중간 정도 답변,MEDIUM,73,지원동기 | 직무 이해 | 입사 후 기여,지원동기 | 직무 이해,지원 | 직무 | 기여 | 입사 후,문항 방향은 맞지만 요구 조건 일부가 추상적이거나 결과/직무 연결이 약함,ROLE05_MATCH 질문-답변 적합도 모델용 더미데이터
MATCH122,synthetic_from_direct_labeling_200_style,신한은행,영업관리,2,collaboration,다른 사람들과 함께 일하며 팀워크를 발휘했던 경험과 그 과정에서 본인이 맡은 역할을 구체적으로 서술해 주십시오.,"영업관리 직무에 관심이 있어 신한은행에 지원했습니다. 대학 시절 사용자 이탈 원인 분석를 하면서 협업 상황의 중요성을 느꼈고 팀원들과 함께 문제를 해결하려고 노력했습니다. 구체적인 과정에서 여러 의견을 듣고 자료를 정리했으며 일부 개선 효과도 있었습니다. 다만 결과는 점검 누락률을 18%에서 3%로 낮췄습니다 정도로 정리할 수 있고, 앞으로 관련 역량을 더 키워 회사에 도움이 되고 싶습니다.",중간 정도 답변,MEDIUM,53,협업 상황 | 본인 역할 | 팀 성과,협업 상황 | 본인 역할,팀 | 협업 | 역할 | 성과,문항 방향은 맞지만 요구 조건 일부가 추상적이거나 결과/직무 연결이 약함,ROLE05_MATCH 질문-답변 적합도 모델용 더미데이터
MATCH123,synthetic_from_direct_labeling_200_style,카카오페이,마케팅,3,problem_solving,"예상하지 못한 문제를 발견하고 해결했던 경험을 상황, 행동, 결과 중심으로 기술해 주십시오.","마케팅 직무에 관심이 있어 카카오페이에 지원했습니다. 대학 시절 고객 상담 FAQ 재정비를 하면서 문제 상황의 중요성을 느꼈고 팀원들과 함께 문제를 해결하려고 노력했습니다. 구체적인 과정에서 여러 의견을 듣고 자료를 정리했으며 일부 개선 효과도 있었습니다. 다만 결과는 점검 누락률을 18%에서 3%로 낮췄습니다 정도로 정리할 수 있고, 앞으로 관련 역량을 더 키워 회사에 도움이 되고 싶습니다.",중간 정도 답변,MEDIUM,71,문제 상황 | 해결 행동 | 결과,문제 상황 | 해결 행동,문제 | 해결 | 행동 | 결과,문항 방향은 맞지만 요구 조건 일부가 추상적이거나 결과/직무 연결이 약함,ROLE05_MATCH 질문-답변 적합도 모델용 더미데이터
MATCH124,synthetic_from_direct_labeling_200_style,CJ올리브네트웍스,시설관리,4,competency,시설관리 직무와 관련된 본인의 강점 또는 역량을 실제 경험을 바탕으로 설명해 주십시오.,"시설관리 직무에 관심이 있어 CJ올리브네트웍스에 지원했습니다. 대학 시절 스터디 운영 방식 개선를 하면서 직무 역량의 중요성을 느꼈고 팀원들과 함께 문제를 해결하려고 노력했습니다. 구체적인 과정에서 여러 의견을 듣고 자료를 정리했으며 일부 개선 효과도 있었습니다. 다만 결과는 점검 누락률을 18%에서 3%로 낮췄습니다 정도로 정리할 수 있고, 앞으로 관련 역량을 더 키워 회사에 도움이 되고 싶습니다.",중간 정도 답변,MEDIUM,56,직무 역량 | 근거 경험 | 활용 가능성,직무 역량 | 근거 경험,강점 | 역량 | 경험 | 직무,문항 방향은 맞지만 요구 조건 일부가 추상적이거나 결과/직무 연결이 약함,ROLE05_MATCH 질문-답변 적합도 모델용 더미데이터
MATCH125,synthetic_from_direct_labeling_200_style,LG전자,품질관리,5,weakness,"본인의 단점 또는 부족했던 점을 쓰고, 이를 보완하기 위해 어떤 노력을 했는지 기술해 주십시오.",저의 보완점은 발표 전 긴장으로 핵심 메시지를 길게 설명하는 습관입니다. 이를 줄이기 위해 체크리스트를 만들고 주변 피드백을 받았습니다. 아직 결과를 수치로 설명하기는 어렵지만 같은 실수를 반복하지 않으려 노력하고 있습니다.,중간 정도 답변,MEDIUM,74,단점 인식 | 보완 행동 | 변화,단점 인식 | 보완 행동,단점 | 부족 | 보완 | 개선,문항 방향은 맞지만 요구 조건 일부가 추상적이거나 결과/직무 연결이 약함,ROLE05_MATCH 질문-답변 적합도 모델용 더미데이터
MATCH126,synthetic_from_direct_labeling_200_style,롯데월드,환경안전,1,growth,본인의 성장과정 또는 가치관이 현재의 진로 선택에 어떤 영향을 주었는지 작성해 주십시오.,"환경안전 직무에 관심이 있어 롯데월드에 지원했습니다. 대학 시절 동아리 예산 관리 자동화를 하면서 성장 배경의 중요성을 느꼈고 팀원들과 함께 문제를 해결하려고 노력했습니다. 구체적인 과정에서 여러 의견을 듣고 자료를 정리했으며 일부 개선 효과도 있었습니다. 다만 결과는 점검 누락률을 18%에서 3%로 낮췄습니다 정도로 정리할 수 있고, 앞으로 관련 역량을 더 키워 회사에 도움이 되고 싶습니다.",중간 정도 답변,MEDIUM,63,성장 배경 | 가치관 | 진로 연결,성장 배경 | 가치관,성장 | 가치관 | 진로 | 영향,문항 방향은 맞지만 요구 조건 일부가 추상적이거나 결과/직무 연결이 약함,ROLE05_MATCH 질문-답변 적합도 모델용 더미데이터
MATCH127,synthetic_from_direct_labeling_200_style,신한은행,데이터 분석,2,customer,고객 또는 사용자의 불편을 파악하고 개선했던 경험을 구체적인 결과와 함께 설명해 주십시오.,"데이터 분석 직무에 관심이 있어 신한은행에 지원했습니다. 대학 시절 사용자 이탈 원인 분석를 하면서 고객 문제의 중요성을 느꼈고 팀원들과 함께 문제를 해결하려고 노력했습니다. 구체적인 과정에서 여러 의견을 듣고 자료를 정리했으며 일부 개선 효과도 있었습니다. 다만 결과는 점검 누락률을 18%에서 3%로 낮췄습니다 정도로 정리할 수 있고, 앞으로 관련 역량을 더 키워 회사에 도움이 되고 싶습니다.",중간 정도 답변,MEDIUM,67,고객 문제 | 개선 행동 | 구체적 결과,고객 문제 | 개선 행동,고객 | 사용자 | 개선 | 결과,문항 방향은 맞지만 요구 조건 일부가 추상적이거나 결과/직무 연결이 약함,ROLE05_MATCH 질문-답변 적합도 모델용 더미데이터
MATCH128,synthetic_from_direct_labeling_200_style,카카오페이,서비스 기획,3,challenge,목표 달성을 위해 도전적으로 시도했던 경험과 그 과정에서 배운 점을 기술해 주십시오.,"서비스 기획 직무에 관심이 있어 카카오페이에 지원했습니다. 대학 시절 고객 상담 FAQ 재정비를 하면서 목표의 중요성을 느꼈고 팀원들과 함께 문제를 해결하려고 노력했습니다. 구체적인 과정에서 여러 의견을 듣고 자료를 정리했으며 일부 개선 효과도 있었습니다. 다만 결과는 점검 누락률을 18%에서 3%로 낮췄습니다 정도로 정리할 수 있고, 앞으로 관련 역량을 더 키워 회사에 도움이 되고 싶습니다.",중간 정도 답변,MEDIUM,52,목표 | 도전 행동 | 배운 점,목표 | 도전 행동,목표 | 도전 | 시도 | 배운,문항 방향은 맞지만 요구 조건 일부가 추상적이거나 결과/직무 연결이 약함,ROLE05_MATCH 질문-답변 적합도 모델용 더미데이터
MATCH129,synthetic_from_direct_labeling_200_style,CJ올리브네트웍스,백엔드 개발,4,ethics,원칙을 지키기 위해 어려운 선택을 했던 경험과 그 결과를 서술해 주십시오.,"백엔드 개발 직무에 관심이 있어 CJ올리브네트웍스에 지원했습니다. 대학 시절 스터디 운영 방식 개선를 하면서 원칙의 중요성을 느꼈고 팀원들과 함께 문제를 해결하려고 노력했습니다. 구체적인 과정에서 여러 의견을 듣고 자료를 정리했으며 일부 개선 효과도 있었습니다. 다만 결과는 점검 누락률을 18%에서 3%로 낮췄습니다 정도로 정리할 수 있고, 앞으로 관련 역량을 더 키워 회사에 도움이 되고 싶습니다.",중간 정도 답변,MEDIUM,58,원칙 | 어려운 선택 | 결과,원칙 | 어려운 선택,원칙 | 선택 | 결과 | 신뢰,문항 방향은 맞지만 요구 조건 일부가 추상적이거나 결과/직무 연결이 약함,ROLE05_MATCH 질문-답변 적합도 모델용 더미데이터
MATCH130,synthetic_from_direct_labeling_200_style,LG전자,인사,5,learning,지원 분야와 관련된 전문성을 키우기 위해 학습하거나 실습했던 경험을 구체적으로 기술해 주십시오.,"인사 직무에 관심이 있어 LG전자에 지원했습니다. 대학 시절 신입 교육 자료 표준화를 하면서 전문성의 중요성을 느꼈고 팀원들과 함께 문제를 해결하려고 노력했습니다. 구체적인 과정에서 여러 의견을 듣고 자료를 정리했으며 일부 개선 효과도 있었습니다. 다만 결과는 점검 누락률을 18%에서 3%로 낮췄습니다 정도로 정리할 수 있고, 앞으로 관련 역량을 더 키워 회사에 도움이 되고 싶습니다.",중간 정도 답변,MEDIUM,70,전문성 | 학습 과정 | 적용 결과,전문성 | 학습 과정,전문성 | 학습 | 실습 | 적용,문항 방향은 맞지만 요구 조건 일부가 추상적이거나 결과/직무 연결이 약함,ROLE05_MATCH 질문-답변 적합도 모델용 더미데이터
MATCH131,synthetic_from_direct_labeling_200_style,롯데월드,전기·전자엔지니어,1,motivation_plan,롯데월드 전기·전자엔지니어 직무에 지원한 동기와 입사 후 어떤 방식으로 기여할 수 있는지 기술해 주십시오.,"전기·전자엔지니어 직무에 관심이 있어 롯데월드에 지원했습니다. 대학 시절 동아리 예산 관리 자동화를 하면서 지원동기의 중요성을 느꼈고 팀원들과 함께 문제를 해결하려고 노력했습니다. 구체적인 과정에서 여러 의견을 듣고 자료를 정리했으며 일부 개선 효과도 있었습니다. 다만 결과는 점검 누락률을 18%에서 3%로 낮췄습니다 정도로 정리할 수 있고, 앞으로 관련 역량을 더 키워 회사에 도움이 되고 싶습니다.",중간 정도 답변,MEDIUM,69,지원동기 | 직무 이해 | 입사 후 기여,지원동기 | 직무 이해,지원 | 직무 | 기여 | 입사 후,문항 방향은 맞지만 요구 조건 일부가 추상적이거나 결과/직무 연결이 약함,ROLE05_MATCH 질문-답변 적합도 모델용 더미데이터
MATCH132,synthetic_from_direct_labeling_200_style,신한은행,영업관리,2,collaboration,다른 사람들과 함께 일하며 팀워크를 발휘했던 경험과 그 과정에서 본인이 맡은 역할을 구체적으로 서술해 주십시오.,"영업관리 직무에 관심이 있어 신한은행에 지원했습니다. 대학 시절 사용자 이탈 원인 분석를 하면서 협업 상황의 중요성을 느꼈고 팀원들과 함께 문제를 해결하려고 노력했습니다. 구체적인 과정에서 여러 의견을 듣고 자료를 정리했으며 일부 개선 효과도 있었습니다. 다만 결과는 점검 누락률을 18%에서 3%로 낮췄습니다 정도로 정리할 수 있고, 앞으로 관련 역량을 더 키워 회사에 도움이 되고 싶습니다.",중간 정도 답변,MEDIUM,54,협업 상황 | 본인 역할 | 팀 성과,협업 상황 | 본인 역할,팀 | 협업 | 역할 | 성과,문항 방향은 맞지만 요구 조건 일부가 추상적이거나 결과/직무 연결이 약함,ROLE05_MATCH 질문-답변 적합도 모델용 더미데이터
MATCH133,synthetic_from_direct_labeling_200_style,카카오페이,마케팅,3,problem_solving,"예상하지 못한 문제를 발견하고 해결했던 경험을 상황, 행동, 결과 중심으로 기술해 주십시오.","마케팅 직무에 관심이 있어 카카오페이에 지원했습니다. 대학 시절 고객 상담 FAQ 재정비를 하면서 문제 상황의 중요성을 느꼈고 팀원들과 함께 문제를 해결하려고 노력했습니다. 구체적인 과정에서 여러 의견을 듣고 자료를 정리했으며 일부 개선 효과도 있었습니다. 다만 결과는 점검 누락률을 18%에서 3%로 낮췄습니다 정도로 정리할 수 있고, 앞으로 관련 역량을 더 키워 회사에 도움이 되고 싶습니다.",중간 정도 답변,MEDIUM,60,문제 상황 | 해결 행동 | 결과,문제 상황 | 해결 행동,문제 | 해결 | 행동 | 결과,문항 방향은 맞지만 요구 조건 일부가 추상적이거나 결과/직무 연결이 약함,ROLE05_MATCH 질문-답변 적합도 모델용 더미데이터
MATCH134,synthetic_from_direct_labeling_200_style,CJ올리브네트웍스,시설관리,4,competency,시설관리 직무와 관련된 본인의 강점 또는 역량을 실제 경험을 바탕으로 설명해 주십시오.,"시설관리 직무에 관심이 있어 CJ올리브네트웍스에 지원했습니다. 대학 시절 스터디 운영 방식 개선를 하면서 직무 역량의 중요성을 느꼈고 팀원들과 함께 문제를 해결하려고 노력했습니다. 구체적인 과정에서 여러 의견을 듣고 자료를 정리했으며 일부 개선 효과도 있었습니다. 다만 결과는 점검 누락률을 18%에서 3%로 낮췄습니다 정도로 정리할 수 있고, 앞으로 관련 역량을 더 키워 회사에 도움이 되고 싶습니다.",중간 정도 답변,MEDIUM,72,직무 역량 | 근거 경험 | 활용 가능성,직무 역량 | 근거 경험,강점 | 역량 | 경험 | 직무,문항 방향은 맞지만 요구 조건 일부가 추상적이거나 결과/직무 연결이 약함,ROLE05_MATCH 질문-답변 적합도 모델용 더미데이터
MATCH135,synthetic_from_direct_labeling_200_style,LG전자,품질관리,5,weakness,"본인의 단점 또는 부족했던 점을 쓰고, 이를 보완하기 위해 어떤 노력을 했는지 기술해 주십시오.",저의 보완점은 발표 전 긴장으로 핵심 메시지를 길게 설명하는 습관입니다. 이를 줄이기 위해 체크리스트를 만들고 주변 피드백을 받았습니다. 아직 결과를 수치로 설명하기는 어렵지만 같은 실수를 반복하지 않으려 노력하고 있습니다.,중간 정도 답변,MEDIUM,63,단점 인식 | 보완 행동 | 변화,단점 인식 | 보완 행동,단점 | 부족 | 보완 | 개선,문항 방향은 맞지만 요구 조건 일부가 추상적이거나 결과/직무 연결이 약함,ROLE05_MATCH 질문-답변 적합도 모델용 더미데이터
MATCH136,synthetic_from_direct_labeling_200_style,롯데월드,환경안전,1,growth,본인의 성장과정 또는 가치관이 현재의 진로 선택에 어떤 영향을 주었는지 작성해 주십시오.,"환경안전 직무에 관심이 있어 롯데월드에 지원했습니다. 대학 시절 동아리 예산 관리 자동화를 하면서 성장 배경의 중요성을 느꼈고 팀원들과 함께 문제를 해결하려고 노력했습니다. 구체적인 과정에서 여러 의견을 듣고 자료를 정리했으며 일부 개선 효과도 있었습니다. 다만 결과는 점검 누락률을 18%에서 3%로 낮췄습니다 정도로 정리할 수 있고, 앞으로 관련 역량을 더 키워 회사에 도움이 되고 싶습니다.",중간 정도 답변,MEDIUM,66,성장 배경 | 가치관 | 진로 연결,성장 배경 | 가치관,성장 | 가치관 | 진로 | 영향,문항 방향은 맞지만 요구 조건 일부가 추상적이거나 결과/직무 연결이 약함,ROLE05_MATCH 질문-답변 적합도 모델용 더미데이터
MATCH137,synthetic_from_direct_labeling_200_style,신한은행,데이터 분석,2,customer,고객 또는 사용자의 불편을 파악하고 개선했던 경험을 구체적인 결과와 함께 설명해 주십시오.,"데이터 분석 직무에 관심이 있어 신한은행에 지원했습니다. 대학 시절 사용자 이탈 원인 분석를 하면서 고객 문제의 중요성을 느꼈고 팀원들과 함께 문제를 해결하려고 노력했습니다. 구체적인 과정에서 여러 의견을 듣고 자료를 정리했으며 일부 개선 효과도 있었습니다. 다만 결과는 점검 누락률을 18%에서 3%로 낮췄습니다 정도로 정리할 수 있고, 앞으로 관련 역량을 더 키워 회사에 도움이 되고 싶습니다.",중간 정도 답변,MEDIUM,56,고객 문제 | 개선 행동 | 구체적 결과,고객 문제 | 개선 행동,고객 | 사용자 | 개선 | 결과,문항 방향은 맞지만 요구 조건 일부가 추상적이거나 결과/직무 연결이 약함,ROLE05_MATCH 질문-답변 적합도 모델용 더미데이터
MATCH138,synthetic_from_direct_labeling_200_style,카카오페이,서비스 기획,3,challenge,목표 달성을 위해 도전적으로 시도했던 경험과 그 과정에서 배운 점을 기술해 주십시오.,"서비스 기획 직무에 관심이 있어 카카오페이에 지원했습니다. 대학 시절 고객 상담 FAQ 재정비를 하면서 목표의 중요성을 느꼈고 팀원들과 함께 문제를 해결하려고 노력했습니다. 구체적인 과정에서 여러 의견을 듣고 자료를 정리했으며 일부 개선 효과도 있었습니다. 다만 결과는 점검 누락률을 18%에서 3%로 낮췄습니다 정도로 정리할 수 있고, 앞으로 관련 역량을 더 키워 회사에 도움이 되고 싶습니다.",중간 정도 답변,MEDIUM,66,목표 | 도전 행동 | 배운 점,목표 | 도전 행동,목표 | 도전 | 시도 | 배운,문항 방향은 맞지만 요구 조건 일부가 추상적이거나 결과/직무 연결이 약함,ROLE05_MATCH 질문-답변 적합도 모델용 더미데이터
MATCH139,synthetic_from_direct_labeling_200_style,CJ올리브네트웍스,백엔드 개발,4,ethics,원칙을 지키기 위해 어려운 선택을 했던 경험과 그 결과를 서술해 주십시오.,"백엔드 개발 직무에 관심이 있어 CJ올리브네트웍스에 지원했습니다. 대학 시절 스터디 운영 방식 개선를 하면서 원칙의 중요성을 느꼈고 팀원들과 함께 문제를 해결하려고 노력했습니다. 구체적인 과정에서 여러 의견을 듣고 자료를 정리했으며 일부 개선 효과도 있었습니다. 다만 결과는 점검 누락률을 18%에서 3%로 낮췄습니다 정도로 정리할 수 있고, 앞으로 관련 역량을 더 키워 회사에 도움이 되고 싶습니다.",중간 정도 답변,MEDIUM,60,원칙 | 어려운 선택 | 결과,원칙 | 어려운 선택,원칙 | 선택 | 결과 | 신뢰,문항 방향은 맞지만 요구 조건 일부가 추상적이거나 결과/직무 연결이 약함,ROLE05_MATCH 질문-답변 적합도 모델용 더미데이터
MATCH140,synthetic_from_direct_labeling_200_style,LG전자,인사,5,learning,지원 분야와 관련된 전문성을 키우기 위해 학습하거나 실습했던 경험을 구체적으로 기술해 주십시오.,"인사 직무에 관심이 있어 LG전자에 지원했습니다. 대학 시절 신입 교육 자료 표준화를 하면서 전문성의 중요성을 느꼈고 팀원들과 함께 문제를 해결하려고 노력했습니다. 구체적인 과정에서 여러 의견을 듣고 자료를 정리했으며 일부 개선 효과도 있었습니다. 다만 결과는 점검 누락률을 18%에서 3%로 낮췄습니다 정도로 정리할 수 있고, 앞으로 관련 역량을 더 키워 회사에 도움이 되고 싶습니다.",중간 정도 답변,MEDIUM,68,전문성 | 학습 과정 | 적용 결과,전문성 | 학습 과정,전문성 | 학습 | 실습 | 적용,문항 방향은 맞지만 요구 조건 일부가 추상적이거나 결과/직무 연결이 약함,ROLE05_MATCH 질문-답변 적합도 모델용 더미데이터
MATCH141,synthetic_from_direct_labeling_200_style,롯데월드,전기·전자엔지니어,1,motivation_plan,롯데월드 전기·전자엔지니어 직무에 지원한 동기와 입사 후 어떤 방식으로 기여할 수 있는지 기술해 주십시오.,"전기·전자엔지니어 직무에 관심이 있어 롯데월드에 지원했습니다. 대학 시절 동아리 예산 관리 자동화를 하면서 지원동기의 중요성을 느꼈고 팀원들과 함께 문제를 해결하려고 노력했습니다. 구체적인 과정에서 여러 의견을 듣고 자료를 정리했으며 일부 개선 효과도 있었습니다. 다만 결과는 점검 누락률을 18%에서 3%로 낮췄습니다 정도로 정리할 수 있고, 앞으로 관련 역량을 더 키워 회사에 도움이 되고 싶습니다.",중간 정도 답변,MEDIUM,66,지원동기 | 직무 이해 | 입사 후 기여,지원동기 | 직무 이해,지원 | 직무 | 기여 | 입사 후,문항 방향은 맞지만 요구 조건 일부가 추상적이거나 결과/직무 연결이 약함,ROLE05_MATCH 질문-답변 적합도 모델용 더미데이터
MATCH142,synthetic_from_direct_labeling_200_style,신한은행,영업관리,2,collaboration,다른 사람들과 함께 일하며 팀워크를 발휘했던 경험과 그 과정에서 본인이 맡은 역할을 구체적으로 서술해 주십시오.,"영업관리 직무에 관심이 있어 신한은행에 지원했습니다. 대학 시절 사용자 이탈 원인 분석를 하면서 협업 상황의 중요성을 느꼈고 팀원들과 함께 문제를 해결하려고 노력했습니다. 구체적인 과정에서 여러 의견을 듣고 자료를 정리했으며 일부 개선 효과도 있었습니다. 다만 결과는 점검 누락률을 18%에서 3%로 낮췄습니다 정도로 정리할 수 있고, 앞으로 관련 역량을 더 키워 회사에 도움이 되고 싶습니다.",중간 정도 답변,MEDIUM,59,협업 상황 | 본인 역할 | 팀 성과,협업 상황 | 본인 역할,팀 | 협업 | 역할 | 성과,문항 방향은 맞지만 요구 조건 일부가 추상적이거나 결과/직무 연결이 약함,ROLE05_MATCH 질문-답변 적합도 모델용 더미데이터
MATCH143,synthetic_from_direct_labeling_200_style,카카오페이,마케팅,3,problem_solving,"예상하지 못한 문제를 발견하고 해결했던 경험을 상황, 행동, 결과 중심으로 기술해 주십시오.","마케팅 직무에 관심이 있어 카카오페이에 지원했습니다. 대학 시절 고객 상담 FAQ 재정비를 하면서 문제 상황의 중요성을 느꼈고 팀원들과 함께 문제를 해결하려고 노력했습니다. 구체적인 과정에서 여러 의견을 듣고 자료를 정리했으며 일부 개선 효과도 있었습니다. 다만 결과는 점검 누락률을 18%에서 3%로 낮췄습니다 정도로 정리할 수 있고, 앞으로 관련 역량을 더 키워 회사에 도움이 되고 싶습니다.",중간 정도 답변,MEDIUM,70,문제 상황 | 해결 행동 | 결과,문제 상황 | 해결 행동,문제 | 해결 | 행동 | 결과,문항 방향은 맞지만 요구 조건 일부가 추상적이거나 결과/직무 연결이 약함,ROLE05_MATCH 질문-답변 적합도 모델용 더미데이터
MATCH144,synthetic_from_direct_labeling_200_style,CJ올리브네트웍스,시설관리,4,competency,시설관리 직무와 관련된 본인의 강점 또는 역량을 실제 경험을 바탕으로 설명해 주십시오.,"시설관리 직무에 관심이 있어 CJ올리브네트웍스에 지원했습니다. 대학 시절 스터디 운영 방식 개선를 하면서 직무 역량의 중요성을 느꼈고 팀원들과 함께 문제를 해결하려고 노력했습니다. 구체적인 과정에서 여러 의견을 듣고 자료를 정리했으며 일부 개선 효과도 있었습니다. 다만 결과는 점검 누락률을 18%에서 3%로 낮췄습니다 정도로 정리할 수 있고, 앞으로 관련 역량을 더 키워 회사에 도움이 되고 싶습니다.",중간 정도 답변,MEDIUM,56,직무 역량 | 근거 경험 | 활용 가능성,직무 역량 | 근거 경험,강점 | 역량 | 경험 | 직무,문항 방향은 맞지만 요구 조건 일부가 추상적이거나 결과/직무 연결이 약함,ROLE05_MATCH 질문-답변 적합도 모델용 더미데이터
MATCH145,synthetic_from_direct_labeling_200_style,LG전자,품질관리,5,weakness,"본인의 단점 또는 부족했던 점을 쓰고, 이를 보완하기 위해 어떤 노력을 했는지 기술해 주십시오.",저의 보완점은 발표 전 긴장으로 핵심 메시지를 길게 설명하는 습관입니다. 이를 줄이기 위해 체크리스트를 만들고 주변 피드백을 받았습니다. 아직 결과를 수치로 설명하기는 어렵지만 같은 실수를 반복하지 않으려 노력하고 있습니다.,중간 정도 답변,MEDIUM,63,단점 인식 | 보완 행동 | 변화,단점 인식 | 보완 행동,단점 | 부족 | 보완 | 개선,문항 방향은 맞지만 요구 조건 일부가 추상적이거나 결과/직무 연결이 약함,ROLE05_MATCH 질문-답변 적합도 모델용 더미데이터
MATCH146,synthetic_from_direct_labeling_200_style,롯데월드,환경안전,1,growth,본인의 성장과정 또는 가치관이 현재의 진로 선택에 어떤 영향을 주었는지 작성해 주십시오.,"환경안전 직무에 관심이 있어 롯데월드에 지원했습니다. 대학 시절 동아리 예산 관리 자동화를 하면서 성장 배경의 중요성을 느꼈고 팀원들과 함께 문제를 해결하려고 노력했습니다. 구체적인 과정에서 여러 의견을 듣고 자료를 정리했으며 일부 개선 효과도 있었습니다. 다만 결과는 점검 누락률을 18%에서 3%로 낮췄습니다 정도로 정리할 수 있고, 앞으로 관련 역량을 더 키워 회사에 도움이 되고 싶습니다.",중간 정도 답변,MEDIUM,65,성장 배경 | 가치관 | 진로 연결,성장 배경 | 가치관,성장 | 가치관 | 진로 | 영향,문항 방향은 맞지만 요구 조건 일부가 추상적이거나 결과/직무 연결이 약함,ROLE05_MATCH 질문-답변 적합도 모델용 더미데이터
MATCH147,synthetic_from_direct_labeling_200_style,신한은행,데이터 분석,2,customer,고객 또는 사용자의 불편을 파악하고 개선했던 경험을 구체적인 결과와 함께 설명해 주십시오.,"데이터 분석 직무에 관심이 있어 신한은행에 지원했습니다. 대학 시절 사용자 이탈 원인 분석를 하면서 고객 문제의 중요성을 느꼈고 팀원들과 함께 문제를 해결하려고 노력했습니다. 구체적인 과정에서 여러 의견을 듣고 자료를 정리했으며 일부 개선 효과도 있었습니다. 다만 결과는 점검 누락률을 18%에서 3%로 낮췄습니다 정도로 정리할 수 있고, 앞으로 관련 역량을 더 키워 회사에 도움이 되고 싶습니다.",중간 정도 답변,MEDIUM,67,고객 문제 | 개선 행동 | 구체적 결과,고객 문제 | 개선 행동,고객 | 사용자 | 개선 | 결과,문항 방향은 맞지만 요구 조건 일부가 추상적이거나 결과/직무 연결이 약함,ROLE05_MATCH 질문-답변 적합도 모델용 더미데이터
MATCH148,synthetic_from_direct_labeling_200_style,카카오페이,서비스 기획,3,challenge,목표 달성을 위해 도전적으로 시도했던 경험과 그 과정에서 배운 점을 기술해 주십시오.,"서비스 기획 직무에 관심이 있어 카카오페이에 지원했습니다. 대학 시절 고객 상담 FAQ 재정비를 하면서 목표의 중요성을 느꼈고 팀원들과 함께 문제를 해결하려고 노력했습니다. 구체적인 과정에서 여러 의견을 듣고 자료를 정리했으며 일부 개선 효과도 있었습니다. 다만 결과는 점검 누락률을 18%에서 3%로 낮췄습니다 정도로 정리할 수 있고, 앞으로 관련 역량을 더 키워 회사에 도움이 되고 싶습니다.",중간 정도 답변,MEDIUM,73,목표 | 도전 행동 | 배운 점,목표 | 도전 행동,목표 | 도전 | 시도 | 배운,문항 방향은 맞지만 요구 조건 일부가 추상적이거나 결과/직무 연결이 약함,ROLE05_MATCH 질문-답변 적합도 모델용 더미데이터
MATCH149,synthetic_from_direct_labeling_200_style,CJ올리브네트웍스,백엔드 개발,4,ethics,원칙을 지키기 위해 어려운 선택을 했던 경험과 그 결과를 서술해 주십시오.,"백엔드 개발 직무에 관심이 있어 CJ올리브네트웍스에 지원했습니다. 대학 시절 스터디 운영 방식 개선를 하면서 원칙의 중요성을 느꼈고 팀원들과 함께 문제를 해결하려고 노력했습니다. 구체적인 과정에서 여러 의견을 듣고 자료를 정리했으며 일부 개선 효과도 있었습니다. 다만 결과는 점검 누락률을 18%에서 3%로 낮췄습니다 정도로 정리할 수 있고, 앞으로 관련 역량을 더 키워 회사에 도움이 되고 싶습니다.",중간 정도 답변,MEDIUM,61,원칙 | 어려운 선택 | 결과,원칙 | 어려운 선택,원칙 | 선택 | 결과 | 신뢰,문항 방향은 맞지만 요구 조건 일부가 추상적이거나 결과/직무 연결이 약함,ROLE05_MATCH 질문-답변 적합도 모델용 더미데이터
MATCH150,synthetic_from_direct_labeling_200_style,LG전자,인사,5,learning,지원 분야와 관련된 전문성을 키우기 위해 학습하거나 실습했던 경험을 구체적으로 기술해 주십시오.,"인사 직무에 관심이 있어 LG전자에 지원했습니다. 대학 시절 신입 교육 자료 표준화를 하면서 전문성의 중요성을 느꼈고 팀원들과 함께 문제를 해결하려고 노력했습니다. 구체적인 과정에서 여러 의견을 듣고 자료를 정리했으며 일부 개선 효과도 있었습니다. 다만 결과는 점검 누락률을 18%에서 3%로 낮췄습니다 정도로 정리할 수 있고, 앞으로 관련 역량을 더 키워 회사에 도움이 되고 싶습니다.",중간 정도 답변,MEDIUM,71,전문성 | 학습 과정 | 적용 결과,전문성 | 학습 과정,전문성 | 학습 | 실습 | 적용,문항 방향은 맞지만 요구 조건 일부가 추상적이거나 결과/직무 연결이 약함,ROLE05_MATCH 질문-답변 적합도 모델용 더미데이터
MATCH151,synthetic_from_direct_labeling_200_style,롯데월드,전기·전자엔지니어,1,motivation_plan,롯데월드 전기·전자엔지니어 직무에 지원한 동기와 입사 후 어떤 방식으로 기여할 수 있는지 기술해 주십시오.,"전기·전자엔지니어 직무에 관심이 있어 롯데월드에 지원했습니다. 대학 시절 동아리 예산 관리 자동화를 하면서 지원동기의 중요성을 느꼈고 팀원들과 함께 문제를 해결하려고 노력했습니다. 구체적인 과정에서 여러 의견을 듣고 자료를 정리했으며 일부 개선 효과도 있었습니다. 다만 결과는 점검 누락률을 18%에서 3%로 낮췄습니다 정도로 정리할 수 있고, 앞으로 관련 역량을 더 키워 회사에 도움이 되고 싶습니다.",중간 정도 답변,MEDIUM,73,지원동기 | 직무 이해 | 입사 후 기여,지원동기 | 직무 이해,지원 | 직무 | 기여 | 입사 후,문항 방향은 맞지만 요구 조건 일부가 추상적이거나 결과/직무 연결이 약함,ROLE05_MATCH 질문-답변 적합도 모델용 더미데이터
MATCH152,synthetic_from_direct_labeling_200_style,신한은행,영업관리,2,collaboration,다른 사람들과 함께 일하며 팀워크를 발휘했던 경험과 그 과정에서 본인이 맡은 역할을 구체적으로 서술해 주십시오.,"영업관리 직무에 관심이 있어 신한은행에 지원했습니다. 대학 시절 사용자 이탈 원인 분석를 하면서 협업 상황의 중요성을 느꼈고 팀원들과 함께 문제를 해결하려고 노력했습니다. 구체적인 과정에서 여러 의견을 듣고 자료를 정리했으며 일부 개선 효과도 있었습니다. 다만 결과는 점검 누락률을 18%에서 3%로 낮췄습니다 정도로 정리할 수 있고, 앞으로 관련 역량을 더 키워 회사에 도움이 되고 싶습니다.",중간 정도 답변,MEDIUM,74,협업 상황 | 본인 역할 | 팀 성과,협업 상황 | 본인 역할,팀 | 협업 | 역할 | 성과,문항 방향은 맞지만 요구 조건 일부가 추상적이거나 결과/직무 연결이 약함,ROLE05_MATCH 질문-답변 적합도 모델용 더미데이터
MATCH153,synthetic_from_direct_labeling_200_style,카카오페이,마케팅,3,problem_solving,"예상하지 못한 문제를 발견하고 해결했던 경험을 상황, 행동, 결과 중심으로 기술해 주십시오.","마케팅 직무에 관심이 있어 카카오페이에 지원했습니다. 대학 시절 고객 상담 FAQ 재정비를 하면서 문제 상황의 중요성을 느꼈고 팀원들과 함께 문제를 해결하려고 노력했습니다. 구체적인 과정에서 여러 의견을 듣고 자료를 정리했으며 일부 개선 효과도 있었습니다. 다만 결과는 점검 누락률을 18%에서 3%로 낮췄습니다 정도로 정리할 수 있고, 앞으로 관련 역량을 더 키워 회사에 도움이 되고 싶습니다.",중간 정도 답변,MEDIUM,63,문제 상황 | 해결 행동 | 결과,문제 상황 | 해결 행동,문제 | 해결 | 행동 | 결과,문항 방향은 맞지만 요구 조건 일부가 추상적이거나 결과/직무 연결이 약함,ROLE05_MATCH 질문-답변 적합도 모델용 더미데이터
MATCH154,synthetic_from_direct_labeling_200_style,CJ올리브네트웍스,시설관리,4,competency,시설관리 직무와 관련된 본인의 강점 또는 역량을 실제 경험을 바탕으로 설명해 주십시오.,"시설관리 직무에 관심이 있어 CJ올리브네트웍스에 지원했습니다. 대학 시절 스터디 운영 방식 개선를 하면서 직무 역량의 중요성을 느꼈고 팀원들과 함께 문제를 해결하려고 노력했습니다. 구체적인 과정에서 여러 의견을 듣고 자료를 정리했으며 일부 개선 효과도 있었습니다. 다만 결과는 점검 누락률을 18%에서 3%로 낮췄습니다 정도로 정리할 수 있고, 앞으로 관련 역량을 더 키워 회사에 도움이 되고 싶습니다.",중간 정도 답변,MEDIUM,66,직무 역량 | 근거 경험 | 활용 가능성,직무 역량 | 근거 경험,강점 | 역량 | 경험 | 직무,문항 방향은 맞지만 요구 조건 일부가 추상적이거나 결과/직무 연결이 약함,ROLE05_MATCH 질문-답변 적합도 모델용 더미데이터
MATCH155,synthetic_from_direct_labeling_200_style,LG전자,품질관리,5,weakness,"본인의 단점 또는 부족했던 점을 쓰고, 이를 보완하기 위해 어떤 노력을 했는지 기술해 주십시오.",저의 보완점은 발표 전 긴장으로 핵심 메시지를 길게 설명하는 습관입니다. 이를 줄이기 위해 체크리스트를 만들고 주변 피드백을 받았습니다. 아직 결과를 수치로 설명하기는 어렵지만 같은 실수를 반복하지 않으려 노력하고 있습니다.,중간 정도 답변,MEDIUM,57,단점 인식 | 보완 행동 | 변화,단점 인식 | 보완 행동,단점 | 부족 | 보완 | 개선,문항 방향은 맞지만 요구 조건 일부가 추상적이거나 결과/직무 연결이 약함,ROLE05_MATCH 질문-답변 적합도 모델용 더미데이터
MATCH156,synthetic_from_direct_labeling_200_style,롯데월드,환경안전,1,growth,본인의 성장과정 또는 가치관이 현재의 진로 선택에 어떤 영향을 주었는지 작성해 주십시오.,"환경안전 직무에 관심이 있어 롯데월드에 지원했습니다. 대학 시절 동아리 예산 관리 자동화를 하면서 성장 배경의 중요성을 느꼈고 팀원들과 함께 문제를 해결하려고 노력했습니다. 구체적인 과정에서 여러 의견을 듣고 자료를 정리했으며 일부 개선 효과도 있었습니다. 다만 결과는 점검 누락률을 18%에서 3%로 낮췄습니다 정도로 정리할 수 있고, 앞으로 관련 역량을 더 키워 회사에 도움이 되고 싶습니다.",중간 정도 답변,MEDIUM,58,성장 배경 | 가치관 | 진로 연결,성장 배경 | 가치관,성장 | 가치관 | 진로 | 영향,문항 방향은 맞지만 요구 조건 일부가 추상적이거나 결과/직무 연결이 약함,ROLE05_MATCH 질문-답변 적합도 모델용 더미데이터
MATCH157,synthetic_from_direct_labeling_200_style,신한은행,데이터 분석,2,customer,고객 또는 사용자의 불편을 파악하고 개선했던 경험을 구체적인 결과와 함께 설명해 주십시오.,"데이터 분석 직무에 관심이 있어 신한은행에 지원했습니다. 대학 시절 사용자 이탈 원인 분석를 하면서 고객 문제의 중요성을 느꼈고 팀원들과 함께 문제를 해결하려고 노력했습니다. 구체적인 과정에서 여러 의견을 듣고 자료를 정리했으며 일부 개선 효과도 있었습니다. 다만 결과는 점검 누락률을 18%에서 3%로 낮췄습니다 정도로 정리할 수 있고, 앞으로 관련 역량을 더 키워 회사에 도움이 되고 싶습니다.",중간 정도 답변,MEDIUM,63,고객 문제 | 개선 행동 | 구체적 결과,고객 문제 | 개선 행동,고객 | 사용자 | 개선 | 결과,문항 방향은 맞지만 요구 조건 일부가 추상적이거나 결과/직무 연결이 약함,ROLE05_MATCH 질문-답변 적합도 모델용 더미데이터
MATCH158,synthetic_from_direct_labeling_200_style,카카오페이,서비스 기획,3,challenge,목표 달성을 위해 도전적으로 시도했던 경험과 그 과정에서 배운 점을 기술해 주십시오.,"서비스 기획 직무에 관심이 있어 카카오페이에 지원했습니다. 대학 시절 고객 상담 FAQ 재정비를 하면서 목표의 중요성을 느꼈고 팀원들과 함께 문제를 해결하려고 노력했습니다. 구체적인 과정에서 여러 의견을 듣고 자료를 정리했으며 일부 개선 효과도 있었습니다. 다만 결과는 점검 누락률을 18%에서 3%로 낮췄습니다 정도로 정리할 수 있고, 앞으로 관련 역량을 더 키워 회사에 도움이 되고 싶습니다.",중간 정도 답변,MEDIUM,64,목표 | 도전 행동 | 배운 점,목표 | 도전 행동,목표 | 도전 | 시도 | 배운,문항 방향은 맞지만 요구 조건 일부가 추상적이거나 결과/직무 연결이 약함,ROLE05_MATCH 질문-답변 적합도 모델용 더미데이터
MATCH159,synthetic_from_direct_labeling_200_style,CJ올리브네트웍스,백엔드 개발,4,ethics,원칙을 지키기 위해 어려운 선택을 했던 경험과 그 결과를 서술해 주십시오.,"백엔드 개발 직무에 관심이 있어 CJ올리브네트웍스에 지원했습니다. 대학 시절 스터디 운영 방식 개선를 하면서 원칙의 중요성을 느꼈고 팀원들과 함께 문제를 해결하려고 노력했습니다. 구체적인 과정에서 여러 의견을 듣고 자료를 정리했으며 일부 개선 효과도 있었습니다. 다만 결과는 점검 누락률을 18%에서 3%로 낮췄습니다 정도로 정리할 수 있고, 앞으로 관련 역량을 더 키워 회사에 도움이 되고 싶습니다.",중간 정도 답변,MEDIUM,72,원칙 | 어려운 선택 | 결과,원칙 | 어려운 선택,원칙 | 선택 | 결과 | 신뢰,문항 방향은 맞지만 요구 조건 일부가 추상적이거나 결과/직무 연결이 약함,ROLE05_MATCH 질문-답변 적합도 모델용 더미데이터
MATCH160,synthetic_from_direct_labeling_200_style,LG전자,인사,5,learning,지원 분야와 관련된 전문성을 키우기 위해 학습하거나 실습했던 경험을 구체적으로 기술해 주십시오.,"인사 직무에 관심이 있어 LG전자에 지원했습니다. 대학 시절 신입 교육 자료 표준화를 하면서 전문성의 중요성을 느꼈고 팀원들과 함께 문제를 해결하려고 노력했습니다. 구체적인 과정에서 여러 의견을 듣고 자료를 정리했으며 일부 개선 효과도 있었습니다. 다만 결과는 점검 누락률을 18%에서 3%로 낮췄습니다 정도로 정리할 수 있고, 앞으로 관련 역량을 더 키워 회사에 도움이 되고 싶습니다.",중간 정도 답변,MEDIUM,58,전문성 | 학습 과정 | 적용 결과,전문성 | 학습 과정,전문성 | 학습 | 실습 | 적용,문항 방향은 맞지만 요구 조건 일부가 추상적이거나 결과/직무 연결이 약함,ROLE05_MATCH 질문-답변 적합도 모델용 더미데이터
MATCH161,synthetic_from_direct_labeling_200_style,롯데월드,전기·전자엔지니어,1,motivation_plan,롯데월드 전기·전자엔지니어 직무에 지원한 동기와 입사 후 어떤 방식으로 기여할 수 있는지 기술해 주십시오.,"전기·전자엔지니어 직무에 관심이 있어 롯데월드에 지원했습니다. 대학 시절 동아리 예산 관리 자동화를 하면서 지원동기의 중요성을 느꼈고 팀원들과 함께 문제를 해결하려고 노력했습니다. 구체적인 과정에서 여러 의견을 듣고 자료를 정리했으며 일부 개선 효과도 있었습니다. 다만 결과는 점검 누락률을 18%에서 3%로 낮췄습니다 정도로 정리할 수 있고, 앞으로 관련 역량을 더 키워 회사에 도움이 되고 싶습니다.",중간 정도 답변,MEDIUM,60,지원동기 | 직무 이해 | 입사 후 기여,지원동기 | 직무 이해,지원 | 직무 | 기여 | 입사 후,문항 방향은 맞지만 요구 조건 일부가 추상적이거나 결과/직무 연결이 약함,ROLE05_MATCH 질문-답변 적합도 모델용 더미데이터
MATCH162,synthetic_from_direct_labeling_200_style,신한은행,영업관리,2,collaboration,다른 사람들과 함께 일하며 팀워크를 발휘했던 경험과 그 과정에서 본인이 맡은 역할을 구체적으로 서술해 주십시오.,"영업관리 직무에 관심이 있어 신한은행에 지원했습니다. 대학 시절 사용자 이탈 원인 분석를 하면서 협업 상황의 중요성을 느꼈고 팀원들과 함께 문제를 해결하려고 노력했습니다. 구체적인 과정에서 여러 의견을 듣고 자료를 정리했으며 일부 개선 효과도 있었습니다. 다만 결과는 점검 누락률을 18%에서 3%로 낮췄습니다 정도로 정리할 수 있고, 앞으로 관련 역량을 더 키워 회사에 도움이 되고 싶습니다.",중간 정도 답변,MEDIUM,61,협업 상황 | 본인 역할 | 팀 성과,협업 상황 | 본인 역할,팀 | 협업 | 역할 | 성과,문항 방향은 맞지만 요구 조건 일부가 추상적이거나 결과/직무 연결이 약함,ROLE05_MATCH 질문-답변 적합도 모델용 더미데이터
MATCH163,synthetic_from_direct_labeling_200_style,카카오페이,마케팅,3,problem_solving,"예상하지 못한 문제를 발견하고 해결했던 경험을 상황, 행동, 결과 중심으로 기술해 주십시오.","마케팅 직무에 관심이 있어 카카오페이에 지원했습니다. 대학 시절 고객 상담 FAQ 재정비를 하면서 문제 상황의 중요성을 느꼈고 팀원들과 함께 문제를 해결하려고 노력했습니다. 구체적인 과정에서 여러 의견을 듣고 자료를 정리했으며 일부 개선 효과도 있었습니다. 다만 결과는 점검 누락률을 18%에서 3%로 낮췄습니다 정도로 정리할 수 있고, 앞으로 관련 역량을 더 키워 회사에 도움이 되고 싶습니다.",중간 정도 답변,MEDIUM,68,문제 상황 | 해결 행동 | 결과,문제 상황 | 해결 행동,문제 | 해결 | 행동 | 결과,문항 방향은 맞지만 요구 조건 일부가 추상적이거나 결과/직무 연결이 약함,ROLE05_MATCH 질문-답변 적합도 모델용 더미데이터
MATCH164,synthetic_from_direct_labeling_200_style,CJ올리브네트웍스,시설관리,4,competency,시설관리 직무와 관련된 본인의 강점 또는 역량을 실제 경험을 바탕으로 설명해 주십시오.,"시설관리 직무에 관심이 있어 CJ올리브네트웍스에 지원했습니다. 대학 시절 스터디 운영 방식 개선를 하면서 직무 역량의 중요성을 느꼈고 팀원들과 함께 문제를 해결하려고 노력했습니다. 구체적인 과정에서 여러 의견을 듣고 자료를 정리했으며 일부 개선 효과도 있었습니다. 다만 결과는 점검 누락률을 18%에서 3%로 낮췄습니다 정도로 정리할 수 있고, 앞으로 관련 역량을 더 키워 회사에 도움이 되고 싶습니다.",중간 정도 답변,MEDIUM,72,직무 역량 | 근거 경험 | 활용 가능성,직무 역량 | 근거 경험,강점 | 역량 | 경험 | 직무,문항 방향은 맞지만 요구 조건 일부가 추상적이거나 결과/직무 연결이 약함,ROLE05_MATCH 질문-답변 적합도 모델용 더미데이터
MATCH165,synthetic_from_direct_labeling_200_style,LG전자,품질관리,5,weakness,"본인의 단점 또는 부족했던 점을 쓰고, 이를 보완하기 위해 어떤 노력을 했는지 기술해 주십시오.",저의 보완점은 발표 전 긴장으로 핵심 메시지를 길게 설명하는 습관입니다. 이를 줄이기 위해 체크리스트를 만들고 주변 피드백을 받았습니다. 아직 결과를 수치로 설명하기는 어렵지만 같은 실수를 반복하지 않으려 노력하고 있습니다.,중간 정도 답변,MEDIUM,66,단점 인식 | 보완 행동 | 변화,단점 인식 | 보완 행동,단점 | 부족 | 보완 | 개선,문항 방향은 맞지만 요구 조건 일부가 추상적이거나 결과/직무 연결이 약함,ROLE05_MATCH 질문-답변 적합도 모델용 더미데이터
MATCH166,synthetic_from_direct_labeling_200_style,롯데월드,환경안전,1,growth,본인의 성장과정 또는 가치관이 현재의 진로 선택에 어떤 영향을 주었는지 작성해 주십시오.,"환경안전 직무에 관심이 있어 롯데월드에 지원했습니다. 대학 시절 동아리 예산 관리 자동화를 하면서 성장 배경의 중요성을 느꼈고 팀원들과 함께 문제를 해결하려고 노력했습니다. 구체적인 과정에서 여러 의견을 듣고 자료를 정리했으며 일부 개선 효과도 있었습니다. 다만 결과는 점검 누락률을 18%에서 3%로 낮췄습니다 정도로 정리할 수 있고, 앞으로 관련 역량을 더 키워 회사에 도움이 되고 싶습니다.",중간 정도 답변,MEDIUM,57,성장 배경 | 가치관 | 진로 연결,성장 배경 | 가치관,성장 | 가치관 | 진로 | 영향,문항 방향은 맞지만 요구 조건 일부가 추상적이거나 결과/직무 연결이 약함,ROLE05_MATCH 질문-답변 적합도 모델용 더미데이터
MATCH167,synthetic_from_direct_labeling_200_style,신한은행,데이터 분석,2,customer,고객 또는 사용자의 불편을 파악하고 개선했던 경험을 구체적인 결과와 함께 설명해 주십시오.,"데이터 분석 직무에 관심이 있어 신한은행에 지원했습니다. 대학 시절 사용자 이탈 원인 분석를 하면서 고객 문제의 중요성을 느꼈고 팀원들과 함께 문제를 해결하려고 노력했습니다. 구체적인 과정에서 여러 의견을 듣고 자료를 정리했으며 일부 개선 효과도 있었습니다. 다만 결과는 점검 누락률을 18%에서 3%로 낮췄습니다 정도로 정리할 수 있고, 앞으로 관련 역량을 더 키워 회사에 도움이 되고 싶습니다.",중간 정도 답변,MEDIUM,54,고객 문제 | 개선 행동 | 구체적 결과,고객 문제 | 개선 행동,고객 | 사용자 | 개선 | 결과,문항 방향은 맞지만 요구 조건 일부가 추상적이거나 결과/직무 연결이 약함,ROLE05_MATCH 질문-답변 적합도 모델용 더미데이터
MATCH168,synthetic_from_direct_labeling_200_style,카카오페이,서비스 기획,3,challenge,목표 달성을 위해 도전적으로 시도했던 경험과 그 과정에서 배운 점을 기술해 주십시오.,"서비스 기획 직무에 관심이 있어 카카오페이에 지원했습니다. 대학 시절 고객 상담 FAQ 재정비를 하면서 목표의 중요성을 느꼈고 팀원들과 함께 문제를 해결하려고 노력했습니다. 구체적인 과정에서 여러 의견을 듣고 자료를 정리했으며 일부 개선 효과도 있었습니다. 다만 결과는 점검 누락률을 18%에서 3%로 낮췄습니다 정도로 정리할 수 있고, 앞으로 관련 역량을 더 키워 회사에 도움이 되고 싶습니다.",중간 정도 답변,MEDIUM,54,목표 | 도전 행동 | 배운 점,목표 | 도전 행동,목표 | 도전 | 시도 | 배운,문항 방향은 맞지만 요구 조건 일부가 추상적이거나 결과/직무 연결이 약함,ROLE05_MATCH 질문-답변 적합도 모델용 더미데이터
MATCH169,synthetic_from_direct_labeling_200_style,CJ올리브네트웍스,백엔드 개발,4,ethics,원칙을 지키기 위해 어려운 선택을 했던 경험과 그 결과를 서술해 주십시오.,"백엔드 개발 직무에 관심이 있어 CJ올리브네트웍스에 지원했습니다. 대학 시절 스터디 운영 방식 개선를 하면서 원칙의 중요성을 느꼈고 팀원들과 함께 문제를 해결하려고 노력했습니다. 구체적인 과정에서 여러 의견을 듣고 자료를 정리했으며 일부 개선 효과도 있었습니다. 다만 결과는 점검 누락률을 18%에서 3%로 낮췄습니다 정도로 정리할 수 있고, 앞으로 관련 역량을 더 키워 회사에 도움이 되고 싶습니다.",중간 정도 답변,MEDIUM,60,원칙 | 어려운 선택 | 결과,원칙 | 어려운 선택,원칙 | 선택 | 결과 | 신뢰,문항 방향은 맞지만 요구 조건 일부가 추상적이거나 결과/직무 연결이 약함,ROLE05_MATCH 질문-답변 적합도 모델용 더미데이터
MATCH170,synthetic_from_direct_labeling_200_style,LG전자,인사,5,learning,지원 분야와 관련된 전문성을 키우기 위해 학습하거나 실습했던 경험을 구체적으로 기술해 주십시오.,"인사 직무에 관심이 있어 LG전자에 지원했습니다. 대학 시절 신입 교육 자료 표준화를 하면서 전문성의 중요성을 느꼈고 팀원들과 함께 문제를 해결하려고 노력했습니다. 구체적인 과정에서 여러 의견을 듣고 자료를 정리했으며 일부 개선 효과도 있었습니다. 다만 결과는 점검 누락률을 18%에서 3%로 낮췄습니다 정도로 정리할 수 있고, 앞으로 관련 역량을 더 키워 회사에 도움이 되고 싶습니다.",중간 정도 답변,MEDIUM,68,전문성 | 학습 과정 | 적용 결과,전문성 | 학습 과정,전문성 | 학습 | 실습 | 적용,문항 방향은 맞지만 요구 조건 일부가 추상적이거나 결과/직무 연결이 약함,ROLE05_MATCH 질문-답변 적합도 모델용 더미데이터
MATCH171,synthetic_from_direct_labeling_200_style,롯데월드,전기·전자엔지니어,1,motivation_plan,롯데월드 전기·전자엔지니어 직무에 지원한 동기와 입사 후 어떤 방식으로 기여할 수 있는지 기술해 주십시오.,"전기·전자엔지니어 직무에 관심이 있어 롯데월드에 지원했습니다. 대학 시절 동아리 예산 관리 자동화를 하면서 지원동기의 중요성을 느꼈고 팀원들과 함께 문제를 해결하려고 노력했습니다. 구체적인 과정에서 여러 의견을 듣고 자료를 정리했으며 일부 개선 효과도 있었습니다. 다만 결과는 점검 누락률을 18%에서 3%로 낮췄습니다 정도로 정리할 수 있고, 앞으로 관련 역량을 더 키워 회사에 도움이 되고 싶습니다.",중간 정도 답변,MEDIUM,65,지원동기 | 직무 이해 | 입사 후 기여,지원동기 | 직무 이해,지원 | 직무 | 기여 | 입사 후,문항 방향은 맞지만 요구 조건 일부가 추상적이거나 결과/직무 연결이 약함,ROLE05_MATCH 질문-답변 적합도 모델용 더미데이터
MATCH172,synthetic_from_direct_labeling_200_style,신한은행,영업관리,2,collaboration,다른 사람들과 함께 일하며 팀워크를 발휘했던 경험과 그 과정에서 본인이 맡은 역할을 구체적으로 서술해 주십시오.,"영업관리 직무에 관심이 있어 신한은행에 지원했습니다. 대학 시절 사용자 이탈 원인 분석를 하면서 협업 상황의 중요성을 느꼈고 팀원들과 함께 문제를 해결하려고 노력했습니다. 구체적인 과정에서 여러 의견을 듣고 자료를 정리했으며 일부 개선 효과도 있었습니다. 다만 결과는 점검 누락률을 18%에서 3%로 낮췄습니다 정도로 정리할 수 있고, 앞으로 관련 역량을 더 키워 회사에 도움이 되고 싶습니다.",중간 정도 답변,MEDIUM,64,협업 상황 | 본인 역할 | 팀 성과,협업 상황 | 본인 역할,팀 | 협업 | 역할 | 성과,문항 방향은 맞지만 요구 조건 일부가 추상적이거나 결과/직무 연결이 약함,ROLE05_MATCH 질문-답변 적합도 모델용 더미데이터
MATCH173,synthetic_from_direct_labeling_200_style,카카오페이,마케팅,3,problem_solving,"예상하지 못한 문제를 발견하고 해결했던 경험을 상황, 행동, 결과 중심으로 기술해 주십시오.","마케팅 직무에 관심이 있어 카카오페이에 지원했습니다. 대학 시절 고객 상담 FAQ 재정비를 하면서 문제 상황의 중요성을 느꼈고 팀원들과 함께 문제를 해결하려고 노력했습니다. 구체적인 과정에서 여러 의견을 듣고 자료를 정리했으며 일부 개선 효과도 있었습니다. 다만 결과는 점검 누락률을 18%에서 3%로 낮췄습니다 정도로 정리할 수 있고, 앞으로 관련 역량을 더 키워 회사에 도움이 되고 싶습니다.",중간 정도 답변,MEDIUM,57,문제 상황 | 해결 행동 | 결과,문제 상황 | 해결 행동,문제 | 해결 | 행동 | 결과,문항 방향은 맞지만 요구 조건 일부가 추상적이거나 결과/직무 연결이 약함,ROLE05_MATCH 질문-답변 적합도 모델용 더미데이터
MATCH174,synthetic_from_direct_labeling_200_style,CJ올리브네트웍스,시설관리,4,competency,시설관리 직무와 관련된 본인의 강점 또는 역량을 실제 경험을 바탕으로 설명해 주십시오.,"시설관리 직무에 관심이 있어 CJ올리브네트웍스에 지원했습니다. 대학 시절 스터디 운영 방식 개선를 하면서 직무 역량의 중요성을 느꼈고 팀원들과 함께 문제를 해결하려고 노력했습니다. 구체적인 과정에서 여러 의견을 듣고 자료를 정리했으며 일부 개선 효과도 있었습니다. 다만 결과는 점검 누락률을 18%에서 3%로 낮췄습니다 정도로 정리할 수 있고, 앞으로 관련 역량을 더 키워 회사에 도움이 되고 싶습니다.",중간 정도 답변,MEDIUM,60,직무 역량 | 근거 경험 | 활용 가능성,직무 역량 | 근거 경험,강점 | 역량 | 경험 | 직무,문항 방향은 맞지만 요구 조건 일부가 추상적이거나 결과/직무 연결이 약함,ROLE05_MATCH 질문-답변 적합도 모델용 더미데이터
MATCH175,synthetic_from_direct_labeling_200_style,LG전자,품질관리,5,weakness,"본인의 단점 또는 부족했던 점을 쓰고, 이를 보완하기 위해 어떤 노력을 했는지 기술해 주십시오.",저의 보완점은 발표 전 긴장으로 핵심 메시지를 길게 설명하는 습관입니다. 이를 줄이기 위해 체크리스트를 만들고 주변 피드백을 받았습니다. 아직 결과를 수치로 설명하기는 어렵지만 같은 실수를 반복하지 않으려 노력하고 있습니다.,중간 정도 답변,MEDIUM,74,단점 인식 | 보완 행동 | 변화,단점 인식 | 보완 행동,단점 | 부족 | 보완 | 개선,문항 방향은 맞지만 요구 조건 일부가 추상적이거나 결과/직무 연결이 약함,ROLE05_MATCH 질문-답변 적합도 모델용 더미데이터
MATCH176,synthetic_from_direct_labeling_200_style,롯데월드,환경안전,1,growth,본인의 성장과정 또는 가치관이 현재의 진로 선택에 어떤 영향을 주었는지 작성해 주십시오.,"환경안전 직무에 관심이 있어 롯데월드에 지원했습니다. 대학 시절 동아리 예산 관리 자동화를 하면서 성장 배경의 중요성을 느꼈고 팀원들과 함께 문제를 해결하려고 노력했습니다. 구체적인 과정에서 여러 의견을 듣고 자료를 정리했으며 일부 개선 효과도 있었습니다. 다만 결과는 점검 누락률을 18%에서 3%로 낮췄습니다 정도로 정리할 수 있고, 앞으로 관련 역량을 더 키워 회사에 도움이 되고 싶습니다.",중간 정도 답변,MEDIUM,68,성장 배경 | 가치관 | 진로 연결,성장 배경 | 가치관,성장 | 가치관 | 진로 | 영향,문항 방향은 맞지만 요구 조건 일부가 추상적이거나 결과/직무 연결이 약함,ROLE05_MATCH 질문-답변 적합도 모델용 더미데이터
MATCH177,synthetic_from_direct_labeling_200_style,신한은행,데이터 분석,2,customer,고객 또는 사용자의 불편을 파악하고 개선했던 경험을 구체적인 결과와 함께 설명해 주십시오.,"데이터 분석 직무에 관심이 있어 신한은행에 지원했습니다. 대학 시절 사용자 이탈 원인 분석를 하면서 고객 문제의 중요성을 느꼈고 팀원들과 함께 문제를 해결하려고 노력했습니다. 구체적인 과정에서 여러 의견을 듣고 자료를 정리했으며 일부 개선 효과도 있었습니다. 다만 결과는 점검 누락률을 18%에서 3%로 낮췄습니다 정도로 정리할 수 있고, 앞으로 관련 역량을 더 키워 회사에 도움이 되고 싶습니다.",중간 정도 답변,MEDIUM,70,고객 문제 | 개선 행동 | 구체적 결과,고객 문제 | 개선 행동,고객 | 사용자 | 개선 | 결과,문항 방향은 맞지만 요구 조건 일부가 추상적이거나 결과/직무 연결이 약함,ROLE05_MATCH 질문-답변 적합도 모델용 더미데이터
MATCH178,synthetic_from_direct_labeling_200_style,카카오페이,서비스 기획,3,challenge,목표 달성을 위해 도전적으로 시도했던 경험과 그 과정에서 배운 점을 기술해 주십시오.,"서비스 기획 직무에 관심이 있어 카카오페이에 지원했습니다. 대학 시절 고객 상담 FAQ 재정비를 하면서 목표의 중요성을 느꼈고 팀원들과 함께 문제를 해결하려고 노력했습니다. 구체적인 과정에서 여러 의견을 듣고 자료를 정리했으며 일부 개선 효과도 있었습니다. 다만 결과는 점검 누락률을 18%에서 3%로 낮췄습니다 정도로 정리할 수 있고, 앞으로 관련 역량을 더 키워 회사에 도움이 되고 싶습니다.",중간 정도 답변,MEDIUM,70,목표 | 도전 행동 | 배운 점,목표 | 도전 행동,목표 | 도전 | 시도 | 배운,문항 방향은 맞지만 요구 조건 일부가 추상적이거나 결과/직무 연결이 약함,ROLE05_MATCH 질문-답변 적합도 모델용 더미데이터
MATCH179,synthetic_from_direct_labeling_200_style,CJ올리브네트웍스,백엔드 개발,4,ethics,원칙을 지키기 위해 어려운 선택을 했던 경험과 그 결과를 서술해 주십시오.,"백엔드 개발 직무에 관심이 있어 CJ올리브네트웍스에 지원했습니다. 대학 시절 스터디 운영 방식 개선를 하면서 원칙의 중요성을 느꼈고 팀원들과 함께 문제를 해결하려고 노력했습니다. 구체적인 과정에서 여러 의견을 듣고 자료를 정리했으며 일부 개선 효과도 있었습니다. 다만 결과는 점검 누락률을 18%에서 3%로 낮췄습니다 정도로 정리할 수 있고, 앞으로 관련 역량을 더 키워 회사에 도움이 되고 싶습니다.",중간 정도 답변,MEDIUM,52,원칙 | 어려운 선택 | 결과,원칙 | 어려운 선택,원칙 | 선택 | 결과 | 신뢰,문항 방향은 맞지만 요구 조건 일부가 추상적이거나 결과/직무 연결이 약함,ROLE05_MATCH 질문-답변 적합도 모델용 더미데이터
MATCH180,synthetic_from_direct_labeling_200_style,LG전자,인사,5,learning,지원 분야와 관련된 전문성을 키우기 위해 학습하거나 실습했던 경험을 구체적으로 기술해 주십시오.,"인사 직무에 관심이 있어 LG전자에 지원했습니다. 대학 시절 신입 교육 자료 표준화를 하면서 전문성의 중요성을 느꼈고 팀원들과 함께 문제를 해결하려고 노력했습니다. 구체적인 과정에서 여러 의견을 듣고 자료를 정리했으며 일부 개선 효과도 있었습니다. 다만 결과는 점검 누락률을 18%에서 3%로 낮췄습니다 정도로 정리할 수 있고, 앞으로 관련 역량을 더 키워 회사에 도움이 되고 싶습니다.",중간 정도 답변,MEDIUM,65,전문성 | 학습 과정 | 적용 결과,전문성 | 학습 과정,전문성 | 학습 | 실습 | 적용,문항 방향은 맞지만 요구 조건 일부가 추상적이거나 결과/직무 연결이 약함,ROLE05_MATCH 질문-답변 적합도 모델용 더미데이터
MATCH181,synthetic_from_direct_labeling_200_style,롯데월드,전기·전자엔지니어,1,motivation_plan,롯데월드 전기·전자엔지니어 직무에 지원한 동기와 입사 후 어떤 방식으로 기여할 수 있는지 기술해 주십시오.,"전기·전자엔지니어 직무에 관심이 있어 롯데월드에 지원했습니다. 대학 시절 동아리 예산 관리 자동화를 하면서 지원동기의 중요성을 느꼈고 팀원들과 함께 문제를 해결하려고 노력했습니다. 구체적인 과정에서 여러 의견을 듣고 자료를 정리했으며 일부 개선 효과도 있었습니다. 다만 결과는 점검 누락률을 18%에서 3%로 낮췄습니다 정도로 정리할 수 있고, 앞으로 관련 역량을 더 키워 회사에 도움이 되고 싶습니다.",중간 정도 답변,MEDIUM,53,지원동기 | 직무 이해 | 입사 후 기여,지원동기 | 직무 이해,지원 | 직무 | 기여 | 입사 후,문항 방향은 맞지만 요구 조건 일부가 추상적이거나 결과/직무 연결이 약함,ROLE05_MATCH 질문-답변 적합도 모델용 더미데이터
MATCH182,synthetic_from_direct_labeling_200_style,신한은행,영업관리,2,collaboration,다른 사람들과 함께 일하며 팀워크를 발휘했던 경험과 그 과정에서 본인이 맡은 역할을 구체적으로 서술해 주십시오.,"영업관리 직무에 관심이 있어 신한은행에 지원했습니다. 대학 시절 사용자 이탈 원인 분석를 하면서 협업 상황의 중요성을 느꼈고 팀원들과 함께 문제를 해결하려고 노력했습니다. 구체적인 과정에서 여러 의견을 듣고 자료를 정리했으며 일부 개선 효과도 있었습니다. 다만 결과는 점검 누락률을 18%에서 3%로 낮췄습니다 정도로 정리할 수 있고, 앞으로 관련 역량을 더 키워 회사에 도움이 되고 싶습니다.",중간 정도 답변,MEDIUM,67,협업 상황 | 본인 역할 | 팀 성과,협업 상황 | 본인 역할,팀 | 협업 | 역할 | 성과,문항 방향은 맞지만 요구 조건 일부가 추상적이거나 결과/직무 연결이 약함,ROLE05_MATCH 질문-답변 적합도 모델용 더미데이터
MATCH183,synthetic_from_direct_labeling_200_style,카카오페이,마케팅,3,problem_solving,"예상하지 못한 문제를 발견하고 해결했던 경험을 상황, 행동, 결과 중심으로 기술해 주십시오.","마케팅 직무에 관심이 있어 카카오페이에 지원했습니다. 대학 시절 고객 상담 FAQ 재정비를 하면서 문제 상황의 중요성을 느꼈고 팀원들과 함께 문제를 해결하려고 노력했습니다. 구체적인 과정에서 여러 의견을 듣고 자료를 정리했으며 일부 개선 효과도 있었습니다. 다만 결과는 점검 누락률을 18%에서 3%로 낮췄습니다 정도로 정리할 수 있고, 앞으로 관련 역량을 더 키워 회사에 도움이 되고 싶습니다.",중간 정도 답변,MEDIUM,72,문제 상황 | 해결 행동 | 결과,문제 상황 | 해결 행동,문제 | 해결 | 행동 | 결과,문항 방향은 맞지만 요구 조건 일부가 추상적이거나 결과/직무 연결이 약함,ROLE05_MATCH 질문-답변 적합도 모델용 더미데이터
MATCH184,synthetic_from_direct_labeling_200_style,CJ올리브네트웍스,시설관리,4,competency,시설관리 직무와 관련된 본인의 강점 또는 역량을 실제 경험을 바탕으로 설명해 주십시오.,"시설관리 직무에 관심이 있어 CJ올리브네트웍스에 지원했습니다. 대학 시절 스터디 운영 방식 개선를 하면서 직무 역량의 중요성을 느꼈고 팀원들과 함께 문제를 해결하려고 노력했습니다. 구체적인 과정에서 여러 의견을 듣고 자료를 정리했으며 일부 개선 효과도 있었습니다. 다만 결과는 점검 누락률을 18%에서 3%로 낮췄습니다 정도로 정리할 수 있고, 앞으로 관련 역량을 더 키워 회사에 도움이 되고 싶습니다.",중간 정도 답변,MEDIUM,73,직무 역량 | 근거 경험 | 활용 가능성,직무 역량 | 근거 경험,강점 | 역량 | 경험 | 직무,문항 방향은 맞지만 요구 조건 일부가 추상적이거나 결과/직무 연결이 약함,ROLE05_MATCH 질문-답변 적합도 모델용 더미데이터
MATCH185,synthetic_from_direct_labeling_200_style,LG전자,품질관리,5,weakness,"본인의 단점 또는 부족했던 점을 쓰고, 이를 보완하기 위해 어떤 노력을 했는지 기술해 주십시오.",저의 보완점은 발표 전 긴장으로 핵심 메시지를 길게 설명하는 습관입니다. 이를 줄이기 위해 체크리스트를 만들고 주변 피드백을 받았습니다. 아직 결과를 수치로 설명하기는 어렵지만 같은 실수를 반복하지 않으려 노력하고 있습니다.,중간 정도 답변,MEDIUM,56,단점 인식 | 보완 행동 | 변화,단점 인식 | 보완 행동,단점 | 부족 | 보완 | 개선,문항 방향은 맞지만 요구 조건 일부가 추상적이거나 결과/직무 연결이 약함,ROLE05_MATCH 질문-답변 적합도 모델용 더미데이터
MATCH186,synthetic_from_direct_labeling_200_style,롯데월드,환경안전,1,growth,본인의 성장과정 또는 가치관이 현재의 진로 선택에 어떤 영향을 주었는지 작성해 주십시오.,"환경안전 직무에 관심이 있어 롯데월드에 지원했습니다. 대학 시절 동아리 예산 관리 자동화를 하면서 성장 배경의 중요성을 느꼈고 팀원들과 함께 문제를 해결하려고 노력했습니다. 구체적인 과정에서 여러 의견을 듣고 자료를 정리했으며 일부 개선 효과도 있었습니다. 다만 결과는 점검 누락률을 18%에서 3%로 낮췄습니다 정도로 정리할 수 있고, 앞으로 관련 역량을 더 키워 회사에 도움이 되고 싶습니다.",중간 정도 답변,MEDIUM,61,성장 배경 | 가치관 | 진로 연결,성장 배경 | 가치관,성장 | 가치관 | 진로 | 영향,문항 방향은 맞지만 요구 조건 일부가 추상적이거나 결과/직무 연결이 약함,ROLE05_MATCH 질문-답변 적합도 모델용 더미데이터
MATCH187,synthetic_from_direct_labeling_200_style,신한은행,데이터 분석,2,customer,고객 또는 사용자의 불편을 파악하고 개선했던 경험을 구체적인 결과와 함께 설명해 주십시오.,"데이터 분석 직무에 관심이 있어 신한은행에 지원했습니다. 대학 시절 사용자 이탈 원인 분석를 하면서 고객 문제의 중요성을 느꼈고 팀원들과 함께 문제를 해결하려고 노력했습니다. 구체적인 과정에서 여러 의견을 듣고 자료를 정리했으며 일부 개선 효과도 있었습니다. 다만 결과는 점검 누락률을 18%에서 3%로 낮췄습니다 정도로 정리할 수 있고, 앞으로 관련 역량을 더 키워 회사에 도움이 되고 싶습니다.",중간 정도 답변,MEDIUM,54,고객 문제 | 개선 행동 | 구체적 결과,고객 문제 | 개선 행동,고객 | 사용자 | 개선 | 결과,문항 방향은 맞지만 요구 조건 일부가 추상적이거나 결과/직무 연결이 약함,ROLE05_MATCH 질문-답변 적합도 모델용 더미데이터
MATCH188,synthetic_from_direct_labeling_200_style,카카오페이,서비스 기획,3,challenge,목표 달성을 위해 도전적으로 시도했던 경험과 그 과정에서 배운 점을 기술해 주십시오.,"서비스 기획 직무에 관심이 있어 카카오페이에 지원했습니다. 대학 시절 고객 상담 FAQ 재정비를 하면서 목표의 중요성을 느꼈고 팀원들과 함께 문제를 해결하려고 노력했습니다. 구체적인 과정에서 여러 의견을 듣고 자료를 정리했으며 일부 개선 효과도 있었습니다. 다만 결과는 점검 누락률을 18%에서 3%로 낮췄습니다 정도로 정리할 수 있고, 앞으로 관련 역량을 더 키워 회사에 도움이 되고 싶습니다.",중간 정도 답변,MEDIUM,55,목표 | 도전 행동 | 배운 점,목표 | 도전 행동,목표 | 도전 | 시도 | 배운,문항 방향은 맞지만 요구 조건 일부가 추상적이거나 결과/직무 연결이 약함,ROLE05_MATCH 질문-답변 적합도 모델용 더미데이터
MATCH189,synthetic_from_direct_labeling_200_style,CJ올리브네트웍스,백엔드 개발,4,ethics,원칙을 지키기 위해 어려운 선택을 했던 경험과 그 결과를 서술해 주십시오.,"백엔드 개발 직무에 관심이 있어 CJ올리브네트웍스에 지원했습니다. 대학 시절 스터디 운영 방식 개선를 하면서 원칙의 중요성을 느꼈고 팀원들과 함께 문제를 해결하려고 노력했습니다. 구체적인 과정에서 여러 의견을 듣고 자료를 정리했으며 일부 개선 효과도 있었습니다. 다만 결과는 점검 누락률을 18%에서 3%로 낮췄습니다 정도로 정리할 수 있고, 앞으로 관련 역량을 더 키워 회사에 도움이 되고 싶습니다.",중간 정도 답변,MEDIUM,61,원칙 | 어려운 선택 | 결과,원칙 | 어려운 선택,원칙 | 선택 | 결과 | 신뢰,문항 방향은 맞지만 요구 조건 일부가 추상적이거나 결과/직무 연결이 약함,ROLE05_MATCH 질문-답변 적합도 모델용 더미데이터
MATCH190,synthetic_from_direct_labeling_200_style,LG전자,인사,5,learning,지원 분야와 관련된 전문성을 키우기 위해 학습하거나 실습했던 경험을 구체적으로 기술해 주십시오.,"인사 직무에 관심이 있어 LG전자에 지원했습니다. 대학 시절 신입 교육 자료 표준화를 하면서 전문성의 중요성을 느꼈고 팀원들과 함께 문제를 해결하려고 노력했습니다. 구체적인 과정에서 여러 의견을 듣고 자료를 정리했으며 일부 개선 효과도 있었습니다. 다만 결과는 점검 누락률을 18%에서 3%로 낮췄습니다 정도로 정리할 수 있고, 앞으로 관련 역량을 더 키워 회사에 도움이 되고 싶습니다.",중간 정도 답변,MEDIUM,63,전문성 | 학습 과정 | 적용 결과,전문성 | 학습 과정,전문성 | 학습 | 실습 | 적용,문항 방향은 맞지만 요구 조건 일부가 추상적이거나 결과/직무 연결이 약함,ROLE05_MATCH 질문-답변 적합도 모델용 더미데이터
MATCH191,synthetic_from_direct_labeling_200_style,롯데월드,전기·전자엔지니어,1,motivation_plan,롯데월드 전기·전자엔지니어 직무에 지원한 동기와 입사 후 어떤 방식으로 기여할 수 있는지 기술해 주십시오.,"전기·전자엔지니어 직무에 관심이 있어 롯데월드에 지원했습니다. 대학 시절 동아리 예산 관리 자동화를 하면서 지원동기의 중요성을 느꼈고 팀원들과 함께 문제를 해결하려고 노력했습니다. 구체적인 과정에서 여러 의견을 듣고 자료를 정리했으며 일부 개선 효과도 있었습니다. 다만 결과는 점검 누락률을 18%에서 3%로 낮췄습니다 정도로 정리할 수 있고, 앞으로 관련 역량을 더 키워 회사에 도움이 되고 싶습니다.",중간 정도 답변,MEDIUM,62,지원동기 | 직무 이해 | 입사 후 기여,지원동기 | 직무 이해,지원 | 직무 | 기여 | 입사 후,문항 방향은 맞지만 요구 조건 일부가 추상적이거나 결과/직무 연결이 약함,ROLE05_MATCH 질문-답변 적합도 모델용 더미데이터
MATCH192,synthetic_from_direct_labeling_200_style,신한은행,영업관리,2,collaboration,다른 사람들과 함께 일하며 팀워크를 발휘했던 경험과 그 과정에서 본인이 맡은 역할을 구체적으로 서술해 주십시오.,"영업관리 직무에 관심이 있어 신한은행에 지원했습니다. 대학 시절 사용자 이탈 원인 분석를 하면서 협업 상황의 중요성을 느꼈고 팀원들과 함께 문제를 해결하려고 노력했습니다. 구체적인 과정에서 여러 의견을 듣고 자료를 정리했으며 일부 개선 효과도 있었습니다. 다만 결과는 점검 누락률을 18%에서 3%로 낮췄습니다 정도로 정리할 수 있고, 앞으로 관련 역량을 더 키워 회사에 도움이 되고 싶습니다.",중간 정도 답변,MEDIUM,61,협업 상황 | 본인 역할 | 팀 성과,협업 상황 | 본인 역할,팀 | 협업 | 역할 | 성과,문항 방향은 맞지만 요구 조건 일부가 추상적이거나 결과/직무 연결이 약함,ROLE05_MATCH 질문-답변 적합도 모델용 더미데이터
MATCH193,synthetic_from_direct_labeling_200_style,카카오페이,마케팅,3,problem_solving,"예상하지 못한 문제를 발견하고 해결했던 경험을 상황, 행동, 결과 중심으로 기술해 주십시오.","마케팅 직무에 관심이 있어 카카오페이에 지원했습니다. 대학 시절 고객 상담 FAQ 재정비를 하면서 문제 상황의 중요성을 느꼈고 팀원들과 함께 문제를 해결하려고 노력했습니다. 구체적인 과정에서 여러 의견을 듣고 자료를 정리했으며 일부 개선 효과도 있었습니다. 다만 결과는 점검 누락률을 18%에서 3%로 낮췄습니다 정도로 정리할 수 있고, 앞으로 관련 역량을 더 키워 회사에 도움이 되고 싶습니다.",중간 정도 답변,MEDIUM,56,문제 상황 | 해결 행동 | 결과,문제 상황 | 해결 행동,문제 | 해결 | 행동 | 결과,문항 방향은 맞지만 요구 조건 일부가 추상적이거나 결과/직무 연결이 약함,ROLE05_MATCH 질문-답변 적합도 모델용 더미데이터
MATCH194,synthetic_from_direct_labeling_200_style,CJ올리브네트웍스,시설관리,4,competency,시설관리 직무와 관련된 본인의 강점 또는 역량을 실제 경험을 바탕으로 설명해 주십시오.,"시설관리 직무에 관심이 있어 CJ올리브네트웍스에 지원했습니다. 대학 시절 스터디 운영 방식 개선를 하면서 직무 역량의 중요성을 느꼈고 팀원들과 함께 문제를 해결하려고 노력했습니다. 구체적인 과정에서 여러 의견을 듣고 자료를 정리했으며 일부 개선 효과도 있었습니다. 다만 결과는 점검 누락률을 18%에서 3%로 낮췄습니다 정도로 정리할 수 있고, 앞으로 관련 역량을 더 키워 회사에 도움이 되고 싶습니다.",중간 정도 답변,MEDIUM,71,직무 역량 | 근거 경험 | 활용 가능성,직무 역량 | 근거 경험,강점 | 역량 | 경험 | 직무,문항 방향은 맞지만 요구 조건 일부가 추상적이거나 결과/직무 연결이 약함,ROLE05_MATCH 질문-답변 적합도 모델용 더미데이터
MATCH195,synthetic_from_direct_labeling_200_style,LG전자,품질관리,5,weakness,"본인의 단점 또는 부족했던 점을 쓰고, 이를 보완하기 위해 어떤 노력을 했는지 기술해 주십시오.",저의 보완점은 발표 전 긴장으로 핵심 메시지를 길게 설명하는 습관입니다. 이를 줄이기 위해 체크리스트를 만들고 주변 피드백을 받았습니다. 아직 결과를 수치로 설명하기는 어렵지만 같은 실수를 반복하지 않으려 노력하고 있습니다.,중간 정도 답변,MEDIUM,69,단점 인식 | 보완 행동 | 변화,단점 인식 | 보완 행동,단점 | 부족 | 보완 | 개선,문항 방향은 맞지만 요구 조건 일부가 추상적이거나 결과/직무 연결이 약함,ROLE05_MATCH 질문-답변 적합도 모델용 더미데이터
MATCH196,synthetic_from_direct_labeling_200_style,롯데월드,환경안전,1,growth,본인의 성장과정 또는 가치관이 현재의 진로 선택에 어떤 영향을 주었는지 작성해 주십시오.,"환경안전 직무에 관심이 있어 롯데월드에 지원했습니다. 대학 시절 동아리 예산 관리 자동화를 하면서 성장 배경의 중요성을 느꼈고 팀원들과 함께 문제를 해결하려고 노력했습니다. 구체적인 과정에서 여러 의견을 듣고 자료를 정리했으며 일부 개선 효과도 있었습니다. 다만 결과는 점검 누락률을 18%에서 3%로 낮췄습니다 정도로 정리할 수 있고, 앞으로 관련 역량을 더 키워 회사에 도움이 되고 싶습니다.",중간 정도 답변,MEDIUM,71,성장 배경 | 가치관 | 진로 연결,성장 배경 | 가치관,성장 | 가치관 | 진로 | 영향,문항 방향은 맞지만 요구 조건 일부가 추상적이거나 결과/직무 연결이 약함,ROLE05_MATCH 질문-답변 적합도 모델용 더미데이터
MATCH197,synthetic_from_direct_labeling_200_style,신한은행,데이터 분석,2,customer,고객 또는 사용자의 불편을 파악하고 개선했던 경험을 구체적인 결과와 함께 설명해 주십시오.,"데이터 분석 직무에 관심이 있어 신한은행에 지원했습니다. 대학 시절 사용자 이탈 원인 분석를 하면서 고객 문제의 중요성을 느꼈고 팀원들과 함께 문제를 해결하려고 노력했습니다. 구체적인 과정에서 여러 의견을 듣고 자료를 정리했으며 일부 개선 효과도 있었습니다. 다만 결과는 점검 누락률을 18%에서 3%로 낮췄습니다 정도로 정리할 수 있고, 앞으로 관련 역량을 더 키워 회사에 도움이 되고 싶습니다.",중간 정도 답변,MEDIUM,66,고객 문제 | 개선 행동 | 구체적 결과,고객 문제 | 개선 행동,고객 | 사용자 | 개선 | 결과,문항 방향은 맞지만 요구 조건 일부가 추상적이거나 결과/직무 연결이 약함,ROLE05_MATCH 질문-답변 적합도 모델용 더미데이터
MATCH198,synthetic_from_direct_labeling_200_style,카카오페이,서비스 기획,3,challenge,목표 달성을 위해 도전적으로 시도했던 경험과 그 과정에서 배운 점을 기술해 주십시오.,"서비스 기획 직무에 관심이 있어 카카오페이에 지원했습니다. 대학 시절 고객 상담 FAQ 재정비를 하면서 목표의 중요성을 느꼈고 팀원들과 함께 문제를 해결하려고 노력했습니다. 구체적인 과정에서 여러 의견을 듣고 자료를 정리했으며 일부 개선 효과도 있었습니다. 다만 결과는 점검 누락률을 18%에서 3%로 낮췄습니다 정도로 정리할 수 있고, 앞으로 관련 역량을 더 키워 회사에 도움이 되고 싶습니다.",중간 정도 답변,MEDIUM,74,목표 | 도전 행동 | 배운 점,목표 | 도전 행동,목표 | 도전 | 시도 | 배운,문항 방향은 맞지만 요구 조건 일부가 추상적이거나 결과/직무 연결이 약함,ROLE05_MATCH 질문-답변 적합도 모델용 더미데이터
MATCH199,synthetic_from_direct_labeling_200_style,CJ올리브네트웍스,백엔드 개발,4,ethics,원칙을 지키기 위해 어려운 선택을 했던 경험과 그 결과를 서술해 주십시오.,"백엔드 개발 직무에 관심이 있어 CJ올리브네트웍스에 지원했습니다. 대학 시절 스터디 운영 방식 개선를 하면서 원칙의 중요성을 느꼈고 팀원들과 함께 문제를 해결하려고 노력했습니다. 구체적인 과정에서 여러 의견을 듣고 자료를 정리했으며 일부 개선 효과도 있었습니다. 다만 결과는 점검 누락률을 18%에서 3%로 낮췄습니다 정도로 정리할 수 있고, 앞으로 관련 역량을 더 키워 회사에 도움이 되고 싶습니다.",중간 정도 답변,MEDIUM,55,원칙 | 어려운 선택 | 결과,원칙 | 어려운 선택,원칙 | 선택 | 결과 | 신뢰,문항 방향은 맞지만 요구 조건 일부가 추상적이거나 결과/직무 연결이 약함,ROLE05_MATCH 질문-답변 적합도 모델용 더미데이터
MATCH200,synthetic_from_direct_labeling_200_style,LG전자,인사,5,learning,지원 분야와 관련된 전문성을 키우기 위해 학습하거나 실습했던 경험을 구체적으로 기술해 주십시오.,"인사 직무에 관심이 있어 LG전자에 지원했습니다. 대학 시절 신입 교육 자료 표준화를 하면서 전문성의 중요성을 느꼈고 팀원들과 함께 문제를 해결하려고 노력했습니다. 구체적인 과정에서 여러 의견을 듣고 자료를 정리했으며 일부 개선 효과도 있었습니다. 다만 결과는 점검 누락률을 18%에서 3%로 낮췄습니다 정도로 정리할 수 있고, 앞으로 관련 역량을 더 키워 회사에 도움이 되고 싶습니다.",중간 정도 답변,MEDIUM,62,전문성 | 학습 과정 | 적용 결과,전문성 | 학습 과정,전문성 | 학습 | 실습 | 적용,문항 방향은 맞지만 요구 조건 일부가 추상적이거나 결과/직무 연결이 약함,ROLE05_MATCH 질문-답변 적합도 모델용 더미데이터
MATCH201,synthetic_from_direct_labeling_200_style,롯데월드,전기·전자엔지니어,1,motivation_plan,롯데월드 전기·전자엔지니어 직무에 지원한 동기와 입사 후 어떤 방식으로 기여할 수 있는지 기술해 주십시오.,해외여행 중 길을 잃었지만 현지인에게 질문하며 목적지를 찾았습니다. 이 경험으로 낯선 환경에서도 당황하지 않는 법을 배웠습니다. 또한 저는 맡은 일을 끝까지 하려는 책임감이 있습니다. 앞으로 롯데월드에서도 누구보다 성실하게 일하며 좋은 구성원이 되겠습니다.,질문과 어긋난 답변,OFF_TOPIC,33,지원동기 | 직무 이해 | 입사 후 기여,,지원 | 직무 | 기여 | 입사 후,문장은 자연스럽지만 질문 핵심어와 요구 조건을 거의 반영하지 않음,ROLE05_MATCH 질문-답변 적합도 모델용 더미데이터
MATCH202,synthetic_from_direct_labeling_200_style,신한은행,영업관리,2,collaboration,다른 사람들과 함께 일하며 팀워크를 발휘했던 경험과 그 과정에서 본인이 맡은 역할을 구체적으로 서술해 주십시오.,학창 시절 반장을 맡아 친구들과 즐겁게 지냈습니다. 사람들과 친해지는 성격은 저의 가장 큰 장점이라고 생각합니다. 또한 저는 맡은 일을 끝까지 하려는 책임감이 있습니다. 앞으로 신한은행에서도 누구보다 성실하게 일하며 좋은 구성원이 되겠습니다.,질문과 어긋난 답변,OFF_TOPIC,31,협업 상황 | 본인 역할 | 팀 성과,,팀 | 협업 | 역할 | 성과,문장은 자연스럽지만 질문 핵심어와 요구 조건을 거의 반영하지 않음,ROLE05_MATCH 질문-답변 적합도 모델용 더미데이터
MATCH203,synthetic_from_direct_labeling_200_style,카카오페이,마케팅,3,problem_solving,"예상하지 못한 문제를 발견하고 해결했던 경험을 상황, 행동, 결과 중심으로 기술해 주십시오.",어릴 때부터 운동을 좋아해 주말마다 축구를 했습니다. 체력을 기르며 성실함을 배웠고 앞으로도 밝은 태도로 생활하겠습니다. 또한 저는 맡은 일을 끝까지 하려는 책임감이 있습니다. 앞으로 카카오페이에서도 누구보다 성실하게 일하며 좋은 구성원이 되겠습니다.,질문과 어긋난 답변,OFF_TOPIC,27,문제 상황 | 해결 행동 | 결과,,문제 | 해결 | 행동 | 결과,문장은 자연스럽지만 질문 핵심어와 요구 조건을 거의 반영하지 않음,ROLE05_MATCH 질문-답변 적합도 모델용 더미데이터
MATCH204,synthetic_from_direct_labeling_200_style,CJ올리브네트웍스,시설관리,4,competency,시설관리 직무와 관련된 본인의 강점 또는 역량을 실제 경험을 바탕으로 설명해 주십시오.,저는 음악 감상을 좋아합니다. 다양한 장르를 들으며 스트레스를 관리했고 긍정적인 마음가짐을 유지할 수 있었습니다. 또한 저는 맡은 일을 끝까지 하려는 책임감이 있습니다. 앞으로 CJ올리브네트웍스에서도 누구보다 성실하게 일하며 좋은 구성원이 되겠습니다.,질문과 어긋난 답변,OFF_TOPIC,5,직무 역량 | 근거 경험 | 활용 가능성,,강점 | 역량 | 경험 | 직무,문장은 자연스럽지만 질문 핵심어와 요구 조건을 거의 반영하지 않음,ROLE05_MATCH 질문-답변 적합도 모델용 더미데이터
MATCH205,synthetic_from_direct_labeling_200_style,LG전자,품질관리,5,weakness,"본인의 단점 또는 부족했던 점을 쓰고, 이를 보완하기 위해 어떤 노력을 했는지 기술해 주십시오.",독서를 통해 인문학적 소양을 키웠습니다. 책을 읽으며 세상을 넓게 보는 태도를 배웠고 꾸준히 성장하고 있습니다. 또한 저는 맡은 일을 끝까지 하려는 책임감이 있습니다. 앞으로 LG전자에서도 누구보다 성실하게 일하며 좋은 구성원이 되겠습니다.,질문과 어긋난 답변,OFF_TOPIC,19,단점 인식 | 보완 행동 | 변화,,단점 | 부족 | 보완 | 개선,문장은 자연스럽지만 질문 핵심어와 요구 조건을 거의 반영하지 않음,ROLE05_MATCH 질문-답변 적합도 모델용 더미데이터
MATCH206,synthetic_from_direct_labeling_200_style,롯데월드,환경안전,1,growth,본인의 성장과정 또는 가치관이 현재의 진로 선택에 어떤 영향을 주었는지 작성해 주십시오.,해외여행 중 길을 잃었지만 현지인에게 질문하며 목적지를 찾았습니다. 이 경험으로 낯선 환경에서도 당황하지 않는 법을 배웠습니다. 또한 저는 맡은 일을 끝까지 하려는 책임감이 있습니다. 앞으로 롯데월드에서도 누구보다 성실하게 일하며 좋은 구성원이 되겠습니다.,질문과 어긋난 답변,OFF_TOPIC,31,성장 배경 | 가치관 | 진로 연결,,성장 | 가치관 | 진로 | 영향,문장은 자연스럽지만 질문 핵심어와 요구 조건을 거의 반영하지 않음,ROLE05_MATCH 질문-답변 적합도 모델용 더미데이터
MATCH207,synthetic_from_direct_labeling_200_style,신한은행,데이터 분석,2,customer,고객 또는 사용자의 불편을 파악하고 개선했던 경험을 구체적인 결과와 함께 설명해 주십시오.,학창 시절 반장을 맡아 친구들과 즐겁게 지냈습니다. 사람들과 친해지는 성격은 저의 가장 큰 장점이라고 생각합니다. 또한 저는 맡은 일을 끝까지 하려는 책임감이 있습니다. 앞으로 신한은행에서도 누구보다 성실하게 일하며 좋은 구성원이 되겠습니다.,질문과 어긋난 답변,OFF_TOPIC,31,고객 문제 | 개선 행동 | 구체적 결과,,고객 | 사용자 | 개선 | 결과,문장은 자연스럽지만 질문 핵심어와 요구 조건을 거의 반영하지 않음,ROLE05_MATCH 질문-답변 적합도 모델용 더미데이터
MATCH208,synthetic_from_direct_labeling_200_style,카카오페이,서비스 기획,3,challenge,목표 달성을 위해 도전적으로 시도했던 경험과 그 과정에서 배운 점을 기술해 주십시오.,어릴 때부터 운동을 좋아해 주말마다 축구를 했습니다. 체력을 기르며 성실함을 배웠고 앞으로도 밝은 태도로 생활하겠습니다. 또한 저는 맡은 일을 끝까지 하려는 책임감이 있습니다. 앞으로 카카오페이에서도 누구보다 성실하게 일하며 좋은 구성원이 되겠습니다.,질문과 어긋난 답변,OFF_TOPIC,24,목표 | 도전 행동 | 배운 점,,목표 | 도전 | 시도 | 배운,문장은 자연스럽지만 질문 핵심어와 요구 조건을 거의 반영하지 않음,ROLE05_MATCH 질문-답변 적합도 모델용 더미데이터
MATCH209,synthetic_from_direct_labeling_200_style,CJ올리브네트웍스,백엔드 개발,4,ethics,원칙을 지키기 위해 어려운 선택을 했던 경험과 그 결과를 서술해 주십시오.,저는 음악 감상을 좋아합니다. 다양한 장르를 들으며 스트레스를 관리했고 긍정적인 마음가짐을 유지할 수 있었습니다. 또한 저는 맡은 일을 끝까지 하려는 책임감이 있습니다. 앞으로 CJ올리브네트웍스에서도 누구보다 성실하게 일하며 좋은 구성원이 되겠습니다.,질문과 어긋난 답변,OFF_TOPIC,27,원칙 | 어려운 선택 | 결과,,원칙 | 선택 | 결과 | 신뢰,문장은 자연스럽지만 질문 핵심어와 요구 조건을 거의 반영하지 않음,ROLE05_MATCH 질문-답변 적합도 모델용 더미데이터
MATCH210,synthetic_from_direct_labeling_200_style,LG전자,인사,5,learning,지원 분야와 관련된 전문성을 키우기 위해 학습하거나 실습했던 경험을 구체적으로 기술해 주십시오.,독서를 통해 인문학적 소양을 키웠습니다. 책을 읽으며 세상을 넓게 보는 태도를 배웠고 꾸준히 성장하고 있습니다. 또한 저는 맡은 일을 끝까지 하려는 책임감이 있습니다. 앞으로 LG전자에서도 누구보다 성실하게 일하며 좋은 구성원이 되겠습니다.,질문과 어긋난 답변,OFF_TOPIC,31,전문성 | 학습 과정 | 적용 결과,,전문성 | 학습 | 실습 | 적용,문장은 자연스럽지만 질문 핵심어와 요구 조건을 거의 반영하지 않음,ROLE05_MATCH 질문-답변 적합도 모델용 더미데이터
MATCH211,synthetic_from_direct_labeling_200_style,롯데월드,전기·전자엔지니어,1,motivation_plan,롯데월드 전기·전자엔지니어 직무에 지원한 동기와 입사 후 어떤 방식으로 기여할 수 있는지 기술해 주십시오.,해외여행 중 길을 잃었지만 현지인에게 질문하며 목적지를 찾았습니다. 이 경험으로 낯선 환경에서도 당황하지 않는 법을 배웠습니다. 또한 저는 맡은 일을 끝까지 하려는 책임감이 있습니다. 앞으로 롯데월드에서도 누구보다 성실하게 일하며 좋은 구성원이 되겠습니다.,질문과 어긋난 답변,OFF_TOPIC,12,지원동기 | 직무 이해 | 입사 후 기여,,지원 | 직무 | 기여 | 입사 후,문장은 자연스럽지만 질문 핵심어와 요구 조건을 거의 반영하지 않음,ROLE05_MATCH 질문-답변 적합도 모델용 더미데이터
MATCH212,synthetic_from_direct_labeling_200_style,신한은행,영업관리,2,collaboration,다른 사람들과 함께 일하며 팀워크를 발휘했던 경험과 그 과정에서 본인이 맡은 역할을 구체적으로 서술해 주십시오.,학창 시절 반장을 맡아 친구들과 즐겁게 지냈습니다. 사람들과 친해지는 성격은 저의 가장 큰 장점이라고 생각합니다. 또한 저는 맡은 일을 끝까지 하려는 책임감이 있습니다. 앞으로 신한은행에서도 누구보다 성실하게 일하며 좋은 구성원이 되겠습니다.,질문과 어긋난 답변,OFF_TOPIC,31,협업 상황 | 본인 역할 | 팀 성과,,팀 | 협업 | 역할 | 성과,문장은 자연스럽지만 질문 핵심어와 요구 조건을 거의 반영하지 않음,ROLE05_MATCH 질문-답변 적합도 모델용 더미데이터
MATCH213,synthetic_from_direct_labeling_200_style,카카오페이,마케팅,3,problem_solving,"예상하지 못한 문제를 발견하고 해결했던 경험을 상황, 행동, 결과 중심으로 기술해 주십시오.",어릴 때부터 운동을 좋아해 주말마다 축구를 했습니다. 체력을 기르며 성실함을 배웠고 앞으로도 밝은 태도로 생활하겠습니다. 또한 저는 맡은 일을 끝까지 하려는 책임감이 있습니다. 앞으로 카카오페이에서도 누구보다 성실하게 일하며 좋은 구성원이 되겠습니다.,질문과 어긋난 답변,OFF_TOPIC,11,문제 상황 | 해결 행동 | 결과,,문제 | 해결 | 행동 | 결과,문장은 자연스럽지만 질문 핵심어와 요구 조건을 거의 반영하지 않음,ROLE05_MATCH 질문-답변 적합도 모델용 더미데이터
MATCH214,synthetic_from_direct_labeling_200_style,CJ올리브네트웍스,시설관리,4,competency,시설관리 직무와 관련된 본인의 강점 또는 역량을 실제 경험을 바탕으로 설명해 주십시오.,저는 음악 감상을 좋아합니다. 다양한 장르를 들으며 스트레스를 관리했고 긍정적인 마음가짐을 유지할 수 있었습니다. 또한 저는 맡은 일을 끝까지 하려는 책임감이 있습니다. 앞으로 CJ올리브네트웍스에서도 누구보다 성실하게 일하며 좋은 구성원이 되겠습니다.,질문과 어긋난 답변,OFF_TOPIC,7,직무 역량 | 근거 경험 | 활용 가능성,,강점 | 역량 | 경험 | 직무,문장은 자연스럽지만 질문 핵심어와 요구 조건을 거의 반영하지 않음,ROLE05_MATCH 질문-답변 적합도 모델용 더미데이터
MATCH215,synthetic_from_direct_labeling_200_style,LG전자,품질관리,5,weakness,"본인의 단점 또는 부족했던 점을 쓰고, 이를 보완하기 위해 어떤 노력을 했는지 기술해 주십시오.",독서를 통해 인문학적 소양을 키웠습니다. 책을 읽으며 세상을 넓게 보는 태도를 배웠고 꾸준히 성장하고 있습니다. 또한 저는 맡은 일을 끝까지 하려는 책임감이 있습니다. 앞으로 LG전자에서도 누구보다 성실하게 일하며 좋은 구성원이 되겠습니다.,질문과 어긋난 답변,OFF_TOPIC,17,단점 인식 | 보완 행동 | 변화,,단점 | 부족 | 보완 | 개선,문장은 자연스럽지만 질문 핵심어와 요구 조건을 거의 반영하지 않음,ROLE05_MATCH 질문-답변 적합도 모델용 더미데이터
MATCH216,synthetic_from_direct_labeling_200_style,롯데월드,환경안전,1,growth,본인의 성장과정 또는 가치관이 현재의 진로 선택에 어떤 영향을 주었는지 작성해 주십시오.,해외여행 중 길을 잃었지만 현지인에게 질문하며 목적지를 찾았습니다. 이 경험으로 낯선 환경에서도 당황하지 않는 법을 배웠습니다. 또한 저는 맡은 일을 끝까지 하려는 책임감이 있습니다. 앞으로 롯데월드에서도 누구보다 성실하게 일하며 좋은 구성원이 되겠습니다.,질문과 어긋난 답변,OFF_TOPIC,34,성장 배경 | 가치관 | 진로 연결,,성장 | 가치관 | 진로 | 영향,문장은 자연스럽지만 질문 핵심어와 요구 조건을 거의 반영하지 않음,ROLE05_MATCH 질문-답변 적합도 모델용 더미데이터
MATCH217,synthetic_from_direct_labeling_200_style,신한은행,데이터 분석,2,customer,고객 또는 사용자의 불편을 파악하고 개선했던 경험을 구체적인 결과와 함께 설명해 주십시오.,학창 시절 반장을 맡아 친구들과 즐겁게 지냈습니다. 사람들과 친해지는 성격은 저의 가장 큰 장점이라고 생각합니다. 또한 저는 맡은 일을 끝까지 하려는 책임감이 있습니다. 앞으로 신한은행에서도 누구보다 성실하게 일하며 좋은 구성원이 되겠습니다.,질문과 어긋난 답변,OFF_TOPIC,22,고객 문제 | 개선 행동 | 구체적 결과,,고객 | 사용자 | 개선 | 결과,문장은 자연스럽지만 질문 핵심어와 요구 조건을 거의 반영하지 않음,ROLE05_MATCH 질문-답변 적합도 모델용 더미데이터
MATCH218,synthetic_from_direct_labeling_200_style,카카오페이,서비스 기획,3,challenge,목표 달성을 위해 도전적으로 시도했던 경험과 그 과정에서 배운 점을 기술해 주십시오.,어릴 때부터 운동을 좋아해 주말마다 축구를 했습니다. 체력을 기르며 성실함을 배웠고 앞으로도 밝은 태도로 생활하겠습니다. 또한 저는 맡은 일을 끝까지 하려는 책임감이 있습니다. 앞으로 카카오페이에서도 누구보다 성실하게 일하며 좋은 구성원이 되겠습니다.,질문과 어긋난 답변,OFF_TOPIC,31,목표 | 도전 행동 | 배운 점,,목표 | 도전 | 시도 | 배운,문장은 자연스럽지만 질문 핵심어와 요구 조건을 거의 반영하지 않음,ROLE05_MATCH 질문-답변 적합도 모델용 더미데이터
MATCH219,synthetic_from_direct_labeling_200_style,CJ올리브네트웍스,백엔드 개발,4,ethics,원칙을 지키기 위해 어려운 선택을 했던 경험과 그 결과를 서술해 주십시오.,저는 음악 감상을 좋아합니다. 다양한 장르를 들으며 스트레스를 관리했고 긍정적인 마음가짐을 유지할 수 있었습니다. 또한 저는 맡은 일을 끝까지 하려는 책임감이 있습니다. 앞으로 CJ올리브네트웍스에서도 누구보다 성실하게 일하며 좋은 구성원이 되겠습니다.,질문과 어긋난 답변,OFF_TOPIC,33,원칙 | 어려운 선택 | 결과,,원칙 | 선택 | 결과 | 신뢰,문장은 자연스럽지만 질문 핵심어와 요구 조건을 거의 반영하지 않음,ROLE05_MATCH 질문-답변 적합도 모델용 더미데이터
MATCH220,synthetic_from_direct_labeling_200_style,LG전자,인사,5,learning,지원 분야와 관련된 전문성을 키우기 위해 학습하거나 실습했던 경험을 구체적으로 기술해 주십시오.,독서를 통해 인문학적 소양을 키웠습니다. 책을 읽으며 세상을 넓게 보는 태도를 배웠고 꾸준히 성장하고 있습니다. 또한 저는 맡은 일을 끝까지 하려는 책임감이 있습니다. 앞으로 LG전자에서도 누구보다 성실하게 일하며 좋은 구성원이 되겠습니다.,질문과 어긋난 답변,OFF_TOPIC,29,전문성 | 학습 과정 | 적용 결과,,전문성 | 학습 | 실습 | 적용,문장은 자연스럽지만 질문 핵심어와 요구 조건을 거의 반영하지 않음,ROLE05_MATCH 질문-답변 적합도 모델용 더미데이터
MATCH221,synthetic_from_direct_labeling_200_style,롯데월드,전기·전자엔지니어,1,motivation_plan,롯데월드 전기·전자엔지니어 직무에 지원한 동기와 입사 후 어떤 방식으로 기여할 수 있는지 기술해 주십시오.,해외여행 중 길을 잃었지만 현지인에게 질문하며 목적지를 찾았습니다. 이 경험으로 낯선 환경에서도 당황하지 않는 법을 배웠습니다. 또한 저는 맡은 일을 끝까지 하려는 책임감이 있습니다. 앞으로 롯데월드에서도 누구보다 성실하게 일하며 좋은 구성원이 되겠습니다.,질문과 어긋난 답변,OFF_TOPIC,13,지원동기 | 직무 이해 | 입사 후 기여,,지원 | 직무 | 기여 | 입사 후,문장은 자연스럽지만 질문 핵심어와 요구 조건을 거의 반영하지 않음,ROLE05_MATCH 질문-답변 적합도 모델용 더미데이터
MATCH222,synthetic_from_direct_labeling_200_style,신한은행,영업관리,2,collaboration,다른 사람들과 함께 일하며 팀워크를 발휘했던 경험과 그 과정에서 본인이 맡은 역할을 구체적으로 서술해 주십시오.,학창 시절 반장을 맡아 친구들과 즐겁게 지냈습니다. 사람들과 친해지는 성격은 저의 가장 큰 장점이라고 생각합니다. 또한 저는 맡은 일을 끝까지 하려는 책임감이 있습니다. 앞으로 신한은행에서도 누구보다 성실하게 일하며 좋은 구성원이 되겠습니다.,질문과 어긋난 답변,OFF_TOPIC,33,협업 상황 | 본인 역할 | 팀 성과,,팀 | 협업 | 역할 | 성과,문장은 자연스럽지만 질문 핵심어와 요구 조건을 거의 반영하지 않음,ROLE05_MATCH 질문-답변 적합도 모델용 더미데이터
MATCH223,synthetic_from_direct_labeling_200_style,카카오페이,마케팅,3,problem_solving,"예상하지 못한 문제를 발견하고 해결했던 경험을 상황, 행동, 결과 중심으로 기술해 주십시오.",어릴 때부터 운동을 좋아해 주말마다 축구를 했습니다. 체력을 기르며 성실함을 배웠고 앞으로도 밝은 태도로 생활하겠습니다. 또한 저는 맡은 일을 끝까지 하려는 책임감이 있습니다. 앞으로 카카오페이에서도 누구보다 성실하게 일하며 좋은 구성원이 되겠습니다.,질문과 어긋난 답변,OFF_TOPIC,30,문제 상황 | 해결 행동 | 결과,,문제 | 해결 | 행동 | 결과,문장은 자연스럽지만 질문 핵심어와 요구 조건을 거의 반영하지 않음,ROLE05_MATCH 질문-답변 적합도 모델용 더미데이터
MATCH224,synthetic_from_direct_labeling_200_style,CJ올리브네트웍스,시설관리,4,competency,시설관리 직무와 관련된 본인의 강점 또는 역량을 실제 경험을 바탕으로 설명해 주십시오.,저는 음악 감상을 좋아합니다. 다양한 장르를 들으며 스트레스를 관리했고 긍정적인 마음가짐을 유지할 수 있었습니다. 또한 저는 맡은 일을 끝까지 하려는 책임감이 있습니다. 앞으로 CJ올리브네트웍스에서도 누구보다 성실하게 일하며 좋은 구성원이 되겠습니다.,질문과 어긋난 답변,OFF_TOPIC,23,직무 역량 | 근거 경험 | 활용 가능성,,강점 | 역량 | 경험 | 직무,문장은 자연스럽지만 질문 핵심어와 요구 조건을 거의 반영하지 않음,ROLE05_MATCH 질문-답변 적합도 모델용 더미데이터
MATCH225,synthetic_from_direct_labeling_200_style,LG전자,품질관리,5,weakness,"본인의 단점 또는 부족했던 점을 쓰고, 이를 보완하기 위해 어떤 노력을 했는지 기술해 주십시오.",독서를 통해 인문학적 소양을 키웠습니다. 책을 읽으며 세상을 넓게 보는 태도를 배웠고 꾸준히 성장하고 있습니다. 또한 저는 맡은 일을 끝까지 하려는 책임감이 있습니다. 앞으로 LG전자에서도 누구보다 성실하게 일하며 좋은 구성원이 되겠습니다.,질문과 어긋난 답변,OFF_TOPIC,25,단점 인식 | 보완 행동 | 변화,,단점 | 부족 | 보완 | 개선,문장은 자연스럽지만 질문 핵심어와 요구 조건을 거의 반영하지 않음,ROLE05_MATCH 질문-답변 적합도 모델용 더미데이터
MATCH226,synthetic_from_direct_labeling_200_style,롯데월드,환경안전,1,growth,본인의 성장과정 또는 가치관이 현재의 진로 선택에 어떤 영향을 주었는지 작성해 주십시오.,해외여행 중 길을 잃었지만 현지인에게 질문하며 목적지를 찾았습니다. 이 경험으로 낯선 환경에서도 당황하지 않는 법을 배웠습니다. 또한 저는 맡은 일을 끝까지 하려는 책임감이 있습니다. 앞으로 롯데월드에서도 누구보다 성실하게 일하며 좋은 구성원이 되겠습니다.,질문과 어긋난 답변,OFF_TOPIC,11,성장 배경 | 가치관 | 진로 연결,,성장 | 가치관 | 진로 | 영향,문장은 자연스럽지만 질문 핵심어와 요구 조건을 거의 반영하지 않음,ROLE05_MATCH 질문-답변 적합도 모델용 더미데이터
MATCH227,synthetic_from_direct_labeling_200_style,신한은행,데이터 분석,2,customer,고객 또는 사용자의 불편을 파악하고 개선했던 경험을 구체적인 결과와 함께 설명해 주십시오.,학창 시절 반장을 맡아 친구들과 즐겁게 지냈습니다. 사람들과 친해지는 성격은 저의 가장 큰 장점이라고 생각합니다. 또한 저는 맡은 일을 끝까지 하려는 책임감이 있습니다. 앞으로 신한은행에서도 누구보다 성실하게 일하며 좋은 구성원이 되겠습니다.,질문과 어긋난 답변,OFF_TOPIC,31,고객 문제 | 개선 행동 | 구체적 결과,,고객 | 사용자 | 개선 | 결과,문장은 자연스럽지만 질문 핵심어와 요구 조건을 거의 반영하지 않음,ROLE05_MATCH 질문-답변 적합도 모델용 더미데이터
MATCH228,synthetic_from_direct_labeling_200_style,카카오페이,서비스 기획,3,challenge,목표 달성을 위해 도전적으로 시도했던 경험과 그 과정에서 배운 점을 기술해 주십시오.,어릴 때부터 운동을 좋아해 주말마다 축구를 했습니다. 체력을 기르며 성실함을 배웠고 앞으로도 밝은 태도로 생활하겠습니다. 또한 저는 맡은 일을 끝까지 하려는 책임감이 있습니다. 앞으로 카카오페이에서도 누구보다 성실하게 일하며 좋은 구성원이 되겠습니다.,질문과 어긋난 답변,OFF_TOPIC,6,목표 | 도전 행동 | 배운 점,,목표 | 도전 | 시도 | 배운,문장은 자연스럽지만 질문 핵심어와 요구 조건을 거의 반영하지 않음,ROLE05_MATCH 질문-답변 적합도 모델용 더미데이터
MATCH229,synthetic_from_direct_labeling_200_style,CJ올리브네트웍스,백엔드 개발,4,ethics,원칙을 지키기 위해 어려운 선택을 했던 경험과 그 결과를 서술해 주십시오.,저는 음악 감상을 좋아합니다. 다양한 장르를 들으며 스트레스를 관리했고 긍정적인 마음가짐을 유지할 수 있었습니다. 또한 저는 맡은 일을 끝까지 하려는 책임감이 있습니다. 앞으로 CJ올리브네트웍스에서도 누구보다 성실하게 일하며 좋은 구성원이 되겠습니다.,질문과 어긋난 답변,OFF_TOPIC,10,원칙 | 어려운 선택 | 결과,,원칙 | 선택 | 결과 | 신뢰,문장은 자연스럽지만 질문 핵심어와 요구 조건을 거의 반영하지 않음,ROLE05_MATCH 질문-답변 적합도 모델용 더미데이터
MATCH230,synthetic_from_direct_labeling_200_style,LG전자,인사,5,learning,지원 분야와 관련된 전문성을 키우기 위해 학습하거나 실습했던 경험을 구체적으로 기술해 주십시오.,독서를 통해 인문학적 소양을 키웠습니다. 책을 읽으며 세상을 넓게 보는 태도를 배웠고 꾸준히 성장하고 있습니다. 또한 저는 맡은 일을 끝까지 하려는 책임감이 있습니다. 앞으로 LG전자에서도 누구보다 성실하게 일하며 좋은 구성원이 되겠습니다.,질문과 어긋난 답변,OFF_TOPIC,19,전문성 | 학습 과정 | 적용 결과,,전문성 | 학습 | 실습 | 적용,문장은 자연스럽지만 질문 핵심어와 요구 조건을 거의 반영하지 않음,ROLE05_MATCH 질문-답변 적합도 모델용 더미데이터
MATCH231,synthetic_from_direct_labeling_200_style,롯데월드,전기·전자엔지니어,1,motivation_plan,롯데월드 전기·전자엔지니어 직무에 지원한 동기와 입사 후 어떤 방식으로 기여할 수 있는지 기술해 주십시오.,해외여행 중 길을 잃었지만 현지인에게 질문하며 목적지를 찾았습니다. 이 경험으로 낯선 환경에서도 당황하지 않는 법을 배웠습니다. 또한 저는 맡은 일을 끝까지 하려는 책임감이 있습니다. 앞으로 롯데월드에서도 누구보다 성실하게 일하며 좋은 구성원이 되겠습니다.,질문과 어긋난 답변,OFF_TOPIC,20,지원동기 | 직무 이해 | 입사 후 기여,,지원 | 직무 | 기여 | 입사 후,문장은 자연스럽지만 질문 핵심어와 요구 조건을 거의 반영하지 않음,ROLE05_MATCH 질문-답변 적합도 모델용 더미데이터
MATCH232,synthetic_from_direct_labeling_200_style,신한은행,영업관리,2,collaboration,다른 사람들과 함께 일하며 팀워크를 발휘했던 경험과 그 과정에서 본인이 맡은 역할을 구체적으로 서술해 주십시오.,학창 시절 반장을 맡아 친구들과 즐겁게 지냈습니다. 사람들과 친해지는 성격은 저의 가장 큰 장점이라고 생각합니다. 또한 저는 맡은 일을 끝까지 하려는 책임감이 있습니다. 앞으로 신한은행에서도 누구보다 성실하게 일하며 좋은 구성원이 되겠습니다.,질문과 어긋난 답변,OFF_TOPIC,19,협업 상황 | 본인 역할 | 팀 성과,,팀 | 협업 | 역할 | 성과,문장은 자연스럽지만 질문 핵심어와 요구 조건을 거의 반영하지 않음,ROLE05_MATCH 질문-답변 적합도 모델용 더미데이터
MATCH233,synthetic_from_direct_labeling_200_style,카카오페이,마케팅,3,problem_solving,"예상하지 못한 문제를 발견하고 해결했던 경험을 상황, 행동, 결과 중심으로 기술해 주십시오.",어릴 때부터 운동을 좋아해 주말마다 축구를 했습니다. 체력을 기르며 성실함을 배웠고 앞으로도 밝은 태도로 생활하겠습니다. 또한 저는 맡은 일을 끝까지 하려는 책임감이 있습니다. 앞으로 카카오페이에서도 누구보다 성실하게 일하며 좋은 구성원이 되겠습니다.,질문과 어긋난 답변,OFF_TOPIC,24,문제 상황 | 해결 행동 | 결과,,문제 | 해결 | 행동 | 결과,문장은 자연스럽지만 질문 핵심어와 요구 조건을 거의 반영하지 않음,ROLE05_MATCH 질문-답변 적합도 모델용 더미데이터
MATCH234,synthetic_from_direct_labeling_200_style,CJ올리브네트웍스,시설관리,4,competency,시설관리 직무와 관련된 본인의 강점 또는 역량을 실제 경험을 바탕으로 설명해 주십시오.,저는 음악 감상을 좋아합니다. 다양한 장르를 들으며 스트레스를 관리했고 긍정적인 마음가짐을 유지할 수 있었습니다. 또한 저는 맡은 일을 끝까지 하려는 책임감이 있습니다. 앞으로 CJ올리브네트웍스에서도 누구보다 성실하게 일하며 좋은 구성원이 되겠습니다.,질문과 어긋난 답변,OFF_TOPIC,28,직무 역량 | 근거 경험 | 활용 가능성,,강점 | 역량 | 경험 | 직무,문장은 자연스럽지만 질문 핵심어와 요구 조건을 거의 반영하지 않음,ROLE05_MATCH 질문-답변 적합도 모델용 더미데이터
MATCH235,synthetic_from_direct_labeling_200_style,LG전자,품질관리,5,weakness,"본인의 단점 또는 부족했던 점을 쓰고, 이를 보완하기 위해 어떤 노력을 했는지 기술해 주십시오.",독서를 통해 인문학적 소양을 키웠습니다. 책을 읽으며 세상을 넓게 보는 태도를 배웠고 꾸준히 성장하고 있습니다. 또한 저는 맡은 일을 끝까지 하려는 책임감이 있습니다. 앞으로 LG전자에서도 누구보다 성실하게 일하며 좋은 구성원이 되겠습니다.,질문과 어긋난 답변,OFF_TOPIC,17,단점 인식 | 보완 행동 | 변화,,단점 | 부족 | 보완 | 개선,문장은 자연스럽지만 질문 핵심어와 요구 조건을 거의 반영하지 않음,ROLE05_MATCH 질문-답변 적합도 모델용 더미데이터
MATCH236,synthetic_from_direct_labeling_200_style,롯데월드,환경안전,1,growth,본인의 성장과정 또는 가치관이 현재의 진로 선택에 어떤 영향을 주었는지 작성해 주십시오.,해외여행 중 길을 잃었지만 현지인에게 질문하며 목적지를 찾았습니다. 이 경험으로 낯선 환경에서도 당황하지 않는 법을 배웠습니다. 또한 저는 맡은 일을 끝까지 하려는 책임감이 있습니다. 앞으로 롯데월드에서도 누구보다 성실하게 일하며 좋은 구성원이 되겠습니다.,질문과 어긋난 답변,OFF_TOPIC,16,성장 배경 | 가치관 | 진로 연결,,성장 | 가치관 | 진로 | 영향,문장은 자연스럽지만 질문 핵심어와 요구 조건을 거의 반영하지 않음,ROLE05_MATCH 질문-답변 적합도 모델용 더미데이터
MATCH237,synthetic_from_direct_labeling_200_style,신한은행,데이터 분석,2,customer,고객 또는 사용자의 불편을 파악하고 개선했던 경험을 구체적인 결과와 함께 설명해 주십시오.,학창 시절 반장을 맡아 친구들과 즐겁게 지냈습니다. 사람들과 친해지는 성격은 저의 가장 큰 장점이라고 생각합니다. 또한 저는 맡은 일을 끝까지 하려는 책임감이 있습니다. 앞으로 신한은행에서도 누구보다 성실하게 일하며 좋은 구성원이 되겠습니다.,질문과 어긋난 답변,OFF_TOPIC,33,고객 문제 | 개선 행동 | 구체적 결과,,고객 | 사용자 | 개선 | 결과,문장은 자연스럽지만 질문 핵심어와 요구 조건을 거의 반영하지 않음,ROLE05_MATCH 질문-답변 적합도 모델용 더미데이터
MATCH238,synthetic_from_direct_labeling_200_style,카카오페이,서비스 기획,3,challenge,목표 달성을 위해 도전적으로 시도했던 경험과 그 과정에서 배운 점을 기술해 주십시오.,어릴 때부터 운동을 좋아해 주말마다 축구를 했습니다. 체력을 기르며 성실함을 배웠고 앞으로도 밝은 태도로 생활하겠습니다. 또한 저는 맡은 일을 끝까지 하려는 책임감이 있습니다. 앞으로 카카오페이에서도 누구보다 성실하게 일하며 좋은 구성원이 되겠습니다.,질문과 어긋난 답변,OFF_TOPIC,34,목표 | 도전 행동 | 배운 점,,목표 | 도전 | 시도 | 배운,문장은 자연스럽지만 질문 핵심어와 요구 조건을 거의 반영하지 않음,ROLE05_MATCH 질문-답변 적합도 모델용 더미데이터
MATCH239,synthetic_from_direct_labeling_200_style,CJ올리브네트웍스,백엔드 개발,4,ethics,원칙을 지키기 위해 어려운 선택을 했던 경험과 그 결과를 서술해 주십시오.,저는 음악 감상을 좋아합니다. 다양한 장르를 들으며 스트레스를 관리했고 긍정적인 마음가짐을 유지할 수 있었습니다. 또한 저는 맡은 일을 끝까지 하려는 책임감이 있습니다. 앞으로 CJ올리브네트웍스에서도 누구보다 성실하게 일하며 좋은 구성원이 되겠습니다.,질문과 어긋난 답변,OFF_TOPIC,28,원칙 | 어려운 선택 | 결과,,원칙 | 선택 | 결과 | 신뢰,문장은 자연스럽지만 질문 핵심어와 요구 조건을 거의 반영하지 않음,ROLE05_MATCH 질문-답변 적합도 모델용 더미데이터
MATCH240,synthetic_from_direct_labeling_200_style,LG전자,인사,5,learning,지원 분야와 관련된 전문성을 키우기 위해 학습하거나 실습했던 경험을 구체적으로 기술해 주십시오.,독서를 통해 인문학적 소양을 키웠습니다. 책을 읽으며 세상을 넓게 보는 태도를 배웠고 꾸준히 성장하고 있습니다. 또한 저는 맡은 일을 끝까지 하려는 책임감이 있습니다. 앞으로 LG전자에서도 누구보다 성실하게 일하며 좋은 구성원이 되겠습니다.,질문과 어긋난 답변,OFF_TOPIC,12,전문성 | 학습 과정 | 적용 결과,,전문성 | 학습 | 실습 | 적용,문장은 자연스럽지만 질문 핵심어와 요구 조건을 거의 반영하지 않음,ROLE05_MATCH 질문-답변 적합도 모델용 더미데이터
MATCH241,synthetic_from_direct_labeling_200_style,롯데월드,전기·전자엔지니어,1,motivation_plan,롯데월드 전기·전자엔지니어 직무에 지원한 동기와 입사 후 어떤 방식으로 기여할 수 있는지 기술해 주십시오.,해외여행 중 길을 잃었지만 현지인에게 질문하며 목적지를 찾았습니다. 이 경험으로 낯선 환경에서도 당황하지 않는 법을 배웠습니다. 또한 저는 맡은 일을 끝까지 하려는 책임감이 있습니다. 앞으로 롯데월드에서도 누구보다 성실하게 일하며 좋은 구성원이 되겠습니다.,질문과 어긋난 답변,OFF_TOPIC,11,지원동기 | 직무 이해 | 입사 후 기여,,지원 | 직무 | 기여 | 입사 후,문장은 자연스럽지만 질문 핵심어와 요구 조건을 거의 반영하지 않음,ROLE05_MATCH 질문-답변 적합도 모델용 더미데이터
MATCH242,synthetic_from_direct_labeling_200_style,신한은행,영업관리,2,collaboration,다른 사람들과 함께 일하며 팀워크를 발휘했던 경험과 그 과정에서 본인이 맡은 역할을 구체적으로 서술해 주십시오.,학창 시절 반장을 맡아 친구들과 즐겁게 지냈습니다. 사람들과 친해지는 성격은 저의 가장 큰 장점이라고 생각합니다. 또한 저는 맡은 일을 끝까지 하려는 책임감이 있습니다. 앞으로 신한은행에서도 누구보다 성실하게 일하며 좋은 구성원이 되겠습니다.,질문과 어긋난 답변,OFF_TOPIC,34,협업 상황 | 본인 역할 | 팀 성과,,팀 | 협업 | 역할 | 성과,문장은 자연스럽지만 질문 핵심어와 요구 조건을 거의 반영하지 않음,ROLE05_MATCH 질문-답변 적합도 모델용 더미데이터
MATCH243,synthetic_from_direct_labeling_200_style,카카오페이,마케팅,3,problem_solving,"예상하지 못한 문제를 발견하고 해결했던 경험을 상황, 행동, 결과 중심으로 기술해 주십시오.",어릴 때부터 운동을 좋아해 주말마다 축구를 했습니다. 체력을 기르며 성실함을 배웠고 앞으로도 밝은 태도로 생활하겠습니다. 또한 저는 맡은 일을 끝까지 하려는 책임감이 있습니다. 앞으로 카카오페이에서도 누구보다 성실하게 일하며 좋은 구성원이 되겠습니다.,질문과 어긋난 답변,OFF_TOPIC,5,문제 상황 | 해결 행동 | 결과,,문제 | 해결 | 행동 | 결과,문장은 자연스럽지만 질문 핵심어와 요구 조건을 거의 반영하지 않음,ROLE05_MATCH 질문-답변 적합도 모델용 더미데이터
MATCH244,synthetic_from_direct_labeling_200_style,CJ올리브네트웍스,시설관리,4,competency,시설관리 직무와 관련된 본인의 강점 또는 역량을 실제 경험을 바탕으로 설명해 주십시오.,저는 음악 감상을 좋아합니다. 다양한 장르를 들으며 스트레스를 관리했고 긍정적인 마음가짐을 유지할 수 있었습니다. 또한 저는 맡은 일을 끝까지 하려는 책임감이 있습니다. 앞으로 CJ올리브네트웍스에서도 누구보다 성실하게 일하며 좋은 구성원이 되겠습니다.,질문과 어긋난 답변,OFF_TOPIC,15,직무 역량 | 근거 경험 | 활용 가능성,,강점 | 역량 | 경험 | 직무,문장은 자연스럽지만 질문 핵심어와 요구 조건을 거의 반영하지 않음,ROLE05_MATCH 질문-답변 적합도 모델용 더미데이터
MATCH245,synthetic_from_direct_labeling_200_style,LG전자,품질관리,5,weakness,"본인의 단점 또는 부족했던 점을 쓰고, 이를 보완하기 위해 어떤 노력을 했는지 기술해 주십시오.",독서를 통해 인문학적 소양을 키웠습니다. 책을 읽으며 세상을 넓게 보는 태도를 배웠고 꾸준히 성장하고 있습니다. 또한 저는 맡은 일을 끝까지 하려는 책임감이 있습니다. 앞으로 LG전자에서도 누구보다 성실하게 일하며 좋은 구성원이 되겠습니다.,질문과 어긋난 답변,OFF_TOPIC,23,단점 인식 | 보완 행동 | 변화,,단점 | 부족 | 보완 | 개선,문장은 자연스럽지만 질문 핵심어와 요구 조건을 거의 반영하지 않음,ROLE05_MATCH 질문-답변 적합도 모델용 더미데이터
MATCH246,synthetic_from_direct_labeling_200_style,롯데월드,환경안전,1,growth,본인의 성장과정 또는 가치관이 현재의 진로 선택에 어떤 영향을 주었는지 작성해 주십시오.,해외여행 중 길을 잃었지만 현지인에게 질문하며 목적지를 찾았습니다. 이 경험으로 낯선 환경에서도 당황하지 않는 법을 배웠습니다. 또한 저는 맡은 일을 끝까지 하려는 책임감이 있습니다. 앞으로 롯데월드에서도 누구보다 성실하게 일하며 좋은 구성원이 되겠습니다.,질문과 어긋난 답변,OFF_TOPIC,6,성장 배경 | 가치관 | 진로 연결,,성장 | 가치관 | 진로 | 영향,문장은 자연스럽지만 질문 핵심어와 요구 조건을 거의 반영하지 않음,ROLE05_MATCH 질문-답변 적합도 모델용 더미데이터
MATCH247,synthetic_from_direct_labeling_200_style,신한은행,데이터 분석,2,customer,고객 또는 사용자의 불편을 파악하고 개선했던 경험을 구체적인 결과와 함께 설명해 주십시오.,학창 시절 반장을 맡아 친구들과 즐겁게 지냈습니다. 사람들과 친해지는 성격은 저의 가장 큰 장점이라고 생각합니다. 또한 저는 맡은 일을 끝까지 하려는 책임감이 있습니다. 앞으로 신한은행에서도 누구보다 성실하게 일하며 좋은 구성원이 되겠습니다.,질문과 어긋난 답변,OFF_TOPIC,8,고객 문제 | 개선 행동 | 구체적 결과,,고객 | 사용자 | 개선 | 결과,문장은 자연스럽지만 질문 핵심어와 요구 조건을 거의 반영하지 않음,ROLE05_MATCH 질문-답변 적합도 모델용 더미데이터
MATCH248,synthetic_from_direct_labeling_200_style,카카오페이,서비스 기획,3,challenge,목표 달성을 위해 도전적으로 시도했던 경험과 그 과정에서 배운 점을 기술해 주십시오.,어릴 때부터 운동을 좋아해 주말마다 축구를 했습니다. 체력을 기르며 성실함을 배웠고 앞으로도 밝은 태도로 생활하겠습니다. 또한 저는 맡은 일을 끝까지 하려는 책임감이 있습니다. 앞으로 카카오페이에서도 누구보다 성실하게 일하며 좋은 구성원이 되겠습니다.,질문과 어긋난 답변,OFF_TOPIC,33,목표 | 도전 행동 | 배운 점,,목표 | 도전 | 시도 | 배운,문장은 자연스럽지만 질문 핵심어와 요구 조건을 거의 반영하지 않음,ROLE05_MATCH 질문-답변 적합도 모델용 더미데이터
MATCH249,synthetic_from_direct_labeling_200_style,CJ올리브네트웍스,백엔드 개발,4,ethics,원칙을 지키기 위해 어려운 선택을 했던 경험과 그 결과를 서술해 주십시오.,저는 음악 감상을 좋아합니다. 다양한 장르를 들으며 스트레스를 관리했고 긍정적인 마음가짐을 유지할 수 있었습니다. 또한 저는 맡은 일을 끝까지 하려는 책임감이 있습니다. 앞으로 CJ올리브네트웍스에서도 누구보다 성실하게 일하며 좋은 구성원이 되겠습니다.,질문과 어긋난 답변,OFF_TOPIC,25,원칙 | 어려운 선택 | 결과,,원칙 | 선택 | 결과 | 신뢰,문장은 자연스럽지만 질문 핵심어와 요구 조건을 거의 반영하지 않음,ROLE05_MATCH 질문-답변 적합도 모델용 더미데이터
MATCH250,synthetic_from_direct_labeling_200_style,LG전자,인사,5,learning,지원 분야와 관련된 전문성을 키우기 위해 학습하거나 실습했던 경험을 구체적으로 기술해 주십시오.,독서를 통해 인문학적 소양을 키웠습니다. 책을 읽으며 세상을 넓게 보는 태도를 배웠고 꾸준히 성장하고 있습니다. 또한 저는 맡은 일을 끝까지 하려는 책임감이 있습니다. 앞으로 LG전자에서도 누구보다 성실하게 일하며 좋은 구성원이 되겠습니다.,질문과 어긋난 답변,OFF_TOPIC,17,전문성 | 학습 과정 | 적용 결과,,전문성 | 학습 | 실습 | 적용,문장은 자연스럽지만 질문 핵심어와 요구 조건을 거의 반영하지 않음,ROLE05_MATCH 질문-답변 적합도 모델용 더미데이터
MATCH251,synthetic_from_direct_labeling_200_style,롯데월드,전기·전자엔지니어,1,motivation_plan,롯데월드 전기·전자엔지니어 직무에 지원한 동기와 입사 후 어떤 방식으로 기여할 수 있는지 기술해 주십시오.,해외여행 중 길을 잃었지만 현지인에게 질문하며 목적지를 찾았습니다. 이 경험으로 낯선 환경에서도 당황하지 않는 법을 배웠습니다. 또한 저는 맡은 일을 끝까지 하려는 책임감이 있습니다. 앞으로 롯데월드에서도 누구보다 성실하게 일하며 좋은 구성원이 되겠습니다.,질문과 어긋난 답변,OFF_TOPIC,9,지원동기 | 직무 이해 | 입사 후 기여,,지원 | 직무 | 기여 | 입사 후,문장은 자연스럽지만 질문 핵심어와 요구 조건을 거의 반영하지 않음,ROLE05_MATCH 질문-답변 적합도 모델용 더미데이터
MATCH252,synthetic_from_direct_labeling_200_style,신한은행,영업관리,2,collaboration,다른 사람들과 함께 일하며 팀워크를 발휘했던 경험과 그 과정에서 본인이 맡은 역할을 구체적으로 서술해 주십시오.,학창 시절 반장을 맡아 친구들과 즐겁게 지냈습니다. 사람들과 친해지는 성격은 저의 가장 큰 장점이라고 생각합니다. 또한 저는 맡은 일을 끝까지 하려는 책임감이 있습니다. 앞으로 신한은행에서도 누구보다 성실하게 일하며 좋은 구성원이 되겠습니다.,질문과 어긋난 답변,OFF_TOPIC,9,협업 상황 | 본인 역할 | 팀 성과,,팀 | 협업 | 역할 | 성과,문장은 자연스럽지만 질문 핵심어와 요구 조건을 거의 반영하지 않음,ROLE05_MATCH 질문-답변 적합도 모델용 더미데이터
MATCH253,synthetic_from_direct_labeling_200_style,카카오페이,마케팅,3,problem_solving,"예상하지 못한 문제를 발견하고 해결했던 경험을 상황, 행동, 결과 중심으로 기술해 주십시오.",어릴 때부터 운동을 좋아해 주말마다 축구를 했습니다. 체력을 기르며 성실함을 배웠고 앞으로도 밝은 태도로 생활하겠습니다. 또한 저는 맡은 일을 끝까지 하려는 책임감이 있습니다. 앞으로 카카오페이에서도 누구보다 성실하게 일하며 좋은 구성원이 되겠습니다.,질문과 어긋난 답변,OFF_TOPIC,11,문제 상황 | 해결 행동 | 결과,,문제 | 해결 | 행동 | 결과,문장은 자연스럽지만 질문 핵심어와 요구 조건을 거의 반영하지 않음,ROLE05_MATCH 질문-답변 적합도 모델용 더미데이터
MATCH254,synthetic_from_direct_labeling_200_style,CJ올리브네트웍스,시설관리,4,competency,시설관리 직무와 관련된 본인의 강점 또는 역량을 실제 경험을 바탕으로 설명해 주십시오.,저는 음악 감상을 좋아합니다. 다양한 장르를 들으며 스트레스를 관리했고 긍정적인 마음가짐을 유지할 수 있었습니다. 또한 저는 맡은 일을 끝까지 하려는 책임감이 있습니다. 앞으로 CJ올리브네트웍스에서도 누구보다 성실하게 일하며 좋은 구성원이 되겠습니다.,질문과 어긋난 답변,OFF_TOPIC,11,직무 역량 | 근거 경험 | 활용 가능성,,강점 | 역량 | 경험 | 직무,문장은 자연스럽지만 질문 핵심어와 요구 조건을 거의 반영하지 않음,ROLE05_MATCH 질문-답변 적합도 모델용 더미데이터
MATCH255,synthetic_from_direct_labeling_200_style,LG전자,품질관리,5,weakness,"본인의 단점 또는 부족했던 점을 쓰고, 이를 보완하기 위해 어떤 노력을 했는지 기술해 주십시오.",독서를 통해 인문학적 소양을 키웠습니다. 책을 읽으며 세상을 넓게 보는 태도를 배웠고 꾸준히 성장하고 있습니다. 또한 저는 맡은 일을 끝까지 하려는 책임감이 있습니다. 앞으로 LG전자에서도 누구보다 성실하게 일하며 좋은 구성원이 되겠습니다.,질문과 어긋난 답변,OFF_TOPIC,24,단점 인식 | 보완 행동 | 변화,,단점 | 부족 | 보완 | 개선,문장은 자연스럽지만 질문 핵심어와 요구 조건을 거의 반영하지 않음,ROLE05_MATCH 질문-답변 적합도 모델용 더미데이터
MATCH256,synthetic_from_direct_labeling_200_style,롯데월드,환경안전,1,growth,본인의 성장과정 또는 가치관이 현재의 진로 선택에 어떤 영향을 주었는지 작성해 주십시오.,해외여행 중 길을 잃었지만 현지인에게 질문하며 목적지를 찾았습니다. 이 경험으로 낯선 환경에서도 당황하지 않는 법을 배웠습니다. 또한 저는 맡은 일을 끝까지 하려는 책임감이 있습니다. 앞으로 롯데월드에서도 누구보다 성실하게 일하며 좋은 구성원이 되겠습니다.,질문과 어긋난 답변,OFF_TOPIC,6,성장 배경 | 가치관 | 진로 연결,,성장 | 가치관 | 진로 | 영향,문장은 자연스럽지만 질문 핵심어와 요구 조건을 거의 반영하지 않음,ROLE05_MATCH 질문-답변 적합도 모델용 더미데이터
MATCH257,synthetic_from_direct_labeling_200_style,신한은행,데이터 분석,2,customer,고객 또는 사용자의 불편을 파악하고 개선했던 경험을 구체적인 결과와 함께 설명해 주십시오.,학창 시절 반장을 맡아 친구들과 즐겁게 지냈습니다. 사람들과 친해지는 성격은 저의 가장 큰 장점이라고 생각합니다. 또한 저는 맡은 일을 끝까지 하려는 책임감이 있습니다. 앞으로 신한은행에서도 누구보다 성실하게 일하며 좋은 구성원이 되겠습니다.,질문과 어긋난 답변,OFF_TOPIC,28,고객 문제 | 개선 행동 | 구체적 결과,,고객 | 사용자 | 개선 | 결과,문장은 자연스럽지만 질문 핵심어와 요구 조건을 거의 반영하지 않음,ROLE05_MATCH 질문-답변 적합도 모델용 더미데이터
MATCH258,synthetic_from_direct_labeling_200_style,카카오페이,서비스 기획,3,challenge,목표 달성을 위해 도전적으로 시도했던 경험과 그 과정에서 배운 점을 기술해 주십시오.,어릴 때부터 운동을 좋아해 주말마다 축구를 했습니다. 체력을 기르며 성실함을 배웠고 앞으로도 밝은 태도로 생활하겠습니다. 또한 저는 맡은 일을 끝까지 하려는 책임감이 있습니다. 앞으로 카카오페이에서도 누구보다 성실하게 일하며 좋은 구성원이 되겠습니다.,질문과 어긋난 답변,OFF_TOPIC,22,목표 | 도전 행동 | 배운 점,,목표 | 도전 | 시도 | 배운,문장은 자연스럽지만 질문 핵심어와 요구 조건을 거의 반영하지 않음,ROLE05_MATCH 질문-답변 적합도 모델용 더미데이터
MATCH259,synthetic_from_direct_labeling_200_style,CJ올리브네트웍스,백엔드 개발,4,ethics,원칙을 지키기 위해 어려운 선택을 했던 경험과 그 결과를 서술해 주십시오.,저는 음악 감상을 좋아합니다. 다양한 장르를 들으며 스트레스를 관리했고 긍정적인 마음가짐을 유지할 수 있었습니다. 또한 저는 맡은 일을 끝까지 하려는 책임감이 있습니다. 앞으로 CJ올리브네트웍스에서도 누구보다 성실하게 일하며 좋은 구성원이 되겠습니다.,질문과 어긋난 답변,OFF_TOPIC,5,원칙 | 어려운 선택 | 결과,,원칙 | 선택 | 결과 | 신뢰,문장은 자연스럽지만 질문 핵심어와 요구 조건을 거의 반영하지 않음,ROLE05_MATCH 질문-답변 적합도 모델용 더미데이터
MATCH260,synthetic_from_direct_labeling_200_style,LG전자,인사,5,learning,지원 분야와 관련된 전문성을 키우기 위해 학습하거나 실습했던 경험을 구체적으로 기술해 주십시오.,독서를 통해 인문학적 소양을 키웠습니다. 책을 읽으며 세상을 넓게 보는 태도를 배웠고 꾸준히 성장하고 있습니다. 또한 저는 맡은 일을 끝까지 하려는 책임감이 있습니다. 앞으로 LG전자에서도 누구보다 성실하게 일하며 좋은 구성원이 되겠습니다.,질문과 어긋난 답변,OFF_TOPIC,15,전문성 | 학습 과정 | 적용 결과,,전문성 | 학습 | 실습 | 적용,문장은 자연스럽지만 질문 핵심어와 요구 조건을 거의 반영하지 않음,ROLE05_MATCH 질문-답변 적합도 모델용 더미데이터
MATCH261,synthetic_from_direct_labeling_200_style,롯데월드,전기·전자엔지니어,1,motivation_plan,롯데월드 전기·전자엔지니어 직무에 지원한 동기와 입사 후 어떤 방식으로 기여할 수 있는지 기술해 주십시오.,해외여행 중 길을 잃었지만 현지인에게 질문하며 목적지를 찾았습니다. 이 경험으로 낯선 환경에서도 당황하지 않는 법을 배웠습니다. 또한 저는 맡은 일을 끝까지 하려는 책임감이 있습니다. 앞으로 롯데월드에서도 누구보다 성실하게 일하며 좋은 구성원이 되겠습니다.,질문과 어긋난 답변,OFF_TOPIC,34,지원동기 | 직무 이해 | 입사 후 기여,,지원 | 직무 | 기여 | 입사 후,문장은 자연스럽지만 질문 핵심어와 요구 조건을 거의 반영하지 않음,ROLE05_MATCH 질문-답변 적합도 모델용 더미데이터
MATCH262,synthetic_from_direct_labeling_200_style,신한은행,영업관리,2,collaboration,다른 사람들과 함께 일하며 팀워크를 발휘했던 경험과 그 과정에서 본인이 맡은 역할을 구체적으로 서술해 주십시오.,학창 시절 반장을 맡아 친구들과 즐겁게 지냈습니다. 사람들과 친해지는 성격은 저의 가장 큰 장점이라고 생각합니다. 또한 저는 맡은 일을 끝까지 하려는 책임감이 있습니다. 앞으로 신한은행에서도 누구보다 성실하게 일하며 좋은 구성원이 되겠습니다.,질문과 어긋난 답변,OFF_TOPIC,29,협업 상황 | 본인 역할 | 팀 성과,,팀 | 협업 | 역할 | 성과,문장은 자연스럽지만 질문 핵심어와 요구 조건을 거의 반영하지 않음,ROLE05_MATCH 질문-답변 적합도 모델용 더미데이터
MATCH263,synthetic_from_direct_labeling_200_style,카카오페이,마케팅,3,problem_solving,"예상하지 못한 문제를 발견하고 해결했던 경험을 상황, 행동, 결과 중심으로 기술해 주십시오.",어릴 때부터 운동을 좋아해 주말마다 축구를 했습니다. 체력을 기르며 성실함을 배웠고 앞으로도 밝은 태도로 생활하겠습니다. 또한 저는 맡은 일을 끝까지 하려는 책임감이 있습니다. 앞으로 카카오페이에서도 누구보다 성실하게 일하며 좋은 구성원이 되겠습니다.,질문과 어긋난 답변,OFF_TOPIC,19,문제 상황 | 해결 행동 | 결과,,문제 | 해결 | 행동 | 결과,문장은 자연스럽지만 질문 핵심어와 요구 조건을 거의 반영하지 않음,ROLE05_MATCH 질문-답변 적합도 모델용 더미데이터
MATCH264,synthetic_from_direct_labeling_200_style,CJ올리브네트웍스,시설관리,4,competency,시설관리 직무와 관련된 본인의 강점 또는 역량을 실제 경험을 바탕으로 설명해 주십시오.,저는 음악 감상을 좋아합니다. 다양한 장르를 들으며 스트레스를 관리했고 긍정적인 마음가짐을 유지할 수 있었습니다. 또한 저는 맡은 일을 끝까지 하려는 책임감이 있습니다. 앞으로 CJ올리브네트웍스에서도 누구보다 성실하게 일하며 좋은 구성원이 되겠습니다.,질문과 어긋난 답변,OFF_TOPIC,6,직무 역량 | 근거 경험 | 활용 가능성,,강점 | 역량 | 경험 | 직무,문장은 자연스럽지만 질문 핵심어와 요구 조건을 거의 반영하지 않음,ROLE05_MATCH 질문-답변 적합도 모델용 더미데이터
MATCH265,synthetic_from_direct_labeling_200_style,LG전자,품질관리,5,weakness,"본인의 단점 또는 부족했던 점을 쓰고, 이를 보완하기 위해 어떤 노력을 했는지 기술해 주십시오.",독서를 통해 인문학적 소양을 키웠습니다. 책을 읽으며 세상을 넓게 보는 태도를 배웠고 꾸준히 성장하고 있습니다. 또한 저는 맡은 일을 끝까지 하려는 책임감이 있습니다. 앞으로 LG전자에서도 누구보다 성실하게 일하며 좋은 구성원이 되겠습니다.,질문과 어긋난 답변,OFF_TOPIC,8,단점 인식 | 보완 행동 | 변화,,단점 | 부족 | 보완 | 개선,문장은 자연스럽지만 질문 핵심어와 요구 조건을 거의 반영하지 않음,ROLE05_MATCH 질문-답변 적합도 모델용 더미데이터
MATCH266,synthetic_from_direct_labeling_200_style,롯데월드,환경안전,1,growth,본인의 성장과정 또는 가치관이 현재의 진로 선택에 어떤 영향을 주었는지 작성해 주십시오.,해외여행 중 길을 잃었지만 현지인에게 질문하며 목적지를 찾았습니다. 이 경험으로 낯선 환경에서도 당황하지 않는 법을 배웠습니다. 또한 저는 맡은 일을 끝까지 하려는 책임감이 있습니다. 앞으로 롯데월드에서도 누구보다 성실하게 일하며 좋은 구성원이 되겠습니다.,질문과 어긋난 답변,OFF_TOPIC,34,성장 배경 | 가치관 | 진로 연결,,성장 | 가치관 | 진로 | 영향,문장은 자연스럽지만 질문 핵심어와 요구 조건을 거의 반영하지 않음,ROLE05_MATCH 질문-답변 적합도 모델용 더미데이터
MATCH267,synthetic_from_direct_labeling_200_style,신한은행,데이터 분석,2,customer,고객 또는 사용자의 불편을 파악하고 개선했던 경험을 구체적인 결과와 함께 설명해 주십시오.,학창 시절 반장을 맡아 친구들과 즐겁게 지냈습니다. 사람들과 친해지는 성격은 저의 가장 큰 장점이라고 생각합니다. 또한 저는 맡은 일을 끝까지 하려는 책임감이 있습니다. 앞으로 신한은행에서도 누구보다 성실하게 일하며 좋은 구성원이 되겠습니다.,질문과 어긋난 답변,OFF_TOPIC,33,고객 문제 | 개선 행동 | 구체적 결과,,고객 | 사용자 | 개선 | 결과,문장은 자연스럽지만 질문 핵심어와 요구 조건을 거의 반영하지 않음,ROLE05_MATCH 질문-답변 적합도 모델용 더미데이터
MATCH268,synthetic_from_direct_labeling_200_style,카카오페이,서비스 기획,3,challenge,목표 달성을 위해 도전적으로 시도했던 경험과 그 과정에서 배운 점을 기술해 주십시오.,어릴 때부터 운동을 좋아해 주말마다 축구를 했습니다. 체력을 기르며 성실함을 배웠고 앞으로도 밝은 태도로 생활하겠습니다. 또한 저는 맡은 일을 끝까지 하려는 책임감이 있습니다. 앞으로 카카오페이에서도 누구보다 성실하게 일하며 좋은 구성원이 되겠습니다.,질문과 어긋난 답변,OFF_TOPIC,29,목표 | 도전 행동 | 배운 점,,목표 | 도전 | 시도 | 배운,문장은 자연스럽지만 질문 핵심어와 요구 조건을 거의 반영하지 않음,ROLE05_MATCH 질문-답변 적합도 모델용 더미데이터
MATCH269,synthetic_from_direct_labeling_200_style,CJ올리브네트웍스,백엔드 개발,4,ethics,원칙을 지키기 위해 어려운 선택을 했던 경험과 그 결과를 서술해 주십시오.,저는 음악 감상을 좋아합니다. 다양한 장르를 들으며 스트레스를 관리했고 긍정적인 마음가짐을 유지할 수 있었습니다. 또한 저는 맡은 일을 끝까지 하려는 책임감이 있습니다. 앞으로 CJ올리브네트웍스에서도 누구보다 성실하게 일하며 좋은 구성원이 되겠습니다.,질문과 어긋난 답변,OFF_TOPIC,15,원칙 | 어려운 선택 | 결과,,원칙 | 선택 | 결과 | 신뢰,문장은 자연스럽지만 질문 핵심어와 요구 조건을 거의 반영하지 않음,ROLE05_MATCH 질문-답변 적합도 모델용 더미데이터
MATCH270,synthetic_from_direct_labeling_200_style,LG전자,인사,5,learning,지원 분야와 관련된 전문성을 키우기 위해 학습하거나 실습했던 경험을 구체적으로 기술해 주십시오.,독서를 통해 인문학적 소양을 키웠습니다. 책을 읽으며 세상을 넓게 보는 태도를 배웠고 꾸준히 성장하고 있습니다. 또한 저는 맡은 일을 끝까지 하려는 책임감이 있습니다. 앞으로 LG전자에서도 누구보다 성실하게 일하며 좋은 구성원이 되겠습니다.,질문과 어긋난 답변,OFF_TOPIC,33,전문성 | 학습 과정 | 적용 결과,,전문성 | 학습 | 실습 | 적용,문장은 자연스럽지만 질문 핵심어와 요구 조건을 거의 반영하지 않음,ROLE05_MATCH 질문-답변 적합도 모델용 더미데이터
MATCH271,synthetic_from_direct_labeling_200_style,롯데월드,전기·전자엔지니어,1,motivation_plan,롯데월드 전기·전자엔지니어 직무에 지원한 동기와 입사 후 어떤 방식으로 기여할 수 있는지 기술해 주십시오.,해외여행 중 길을 잃었지만 현지인에게 질문하며 목적지를 찾았습니다. 이 경험으로 낯선 환경에서도 당황하지 않는 법을 배웠습니다. 또한 저는 맡은 일을 끝까지 하려는 책임감이 있습니다. 앞으로 롯데월드에서도 누구보다 성실하게 일하며 좋은 구성원이 되겠습니다.,질문과 어긋난 답변,OFF_TOPIC,16,지원동기 | 직무 이해 | 입사 후 기여,,지원 | 직무 | 기여 | 입사 후,문장은 자연스럽지만 질문 핵심어와 요구 조건을 거의 반영하지 않음,ROLE05_MATCH 질문-답변 적합도 모델용 더미데이터
MATCH272,synthetic_from_direct_labeling_200_style,신한은행,영업관리,2,collaboration,다른 사람들과 함께 일하며 팀워크를 발휘했던 경험과 그 과정에서 본인이 맡은 역할을 구체적으로 서술해 주십시오.,학창 시절 반장을 맡아 친구들과 즐겁게 지냈습니다. 사람들과 친해지는 성격은 저의 가장 큰 장점이라고 생각합니다. 또한 저는 맡은 일을 끝까지 하려는 책임감이 있습니다. 앞으로 신한은행에서도 누구보다 성실하게 일하며 좋은 구성원이 되겠습니다.,질문과 어긋난 답변,OFF_TOPIC,18,협업 상황 | 본인 역할 | 팀 성과,,팀 | 협업 | 역할 | 성과,문장은 자연스럽지만 질문 핵심어와 요구 조건을 거의 반영하지 않음,ROLE05_MATCH 질문-답변 적합도 모델용 더미데이터
MATCH273,synthetic_from_direct_labeling_200_style,카카오페이,마케팅,3,problem_solving,"예상하지 못한 문제를 발견하고 해결했던 경험을 상황, 행동, 결과 중심으로 기술해 주십시오.",어릴 때부터 운동을 좋아해 주말마다 축구를 했습니다. 체력을 기르며 성실함을 배웠고 앞으로도 밝은 태도로 생활하겠습니다. 또한 저는 맡은 일을 끝까지 하려는 책임감이 있습니다. 앞으로 카카오페이에서도 누구보다 성실하게 일하며 좋은 구성원이 되겠습니다.,질문과 어긋난 답변,OFF_TOPIC,8,문제 상황 | 해결 행동 | 결과,,문제 | 해결 | 행동 | 결과,문장은 자연스럽지만 질문 핵심어와 요구 조건을 거의 반영하지 않음,ROLE05_MATCH 질문-답변 적합도 모델용 더미데이터
MATCH274,synthetic_from_direct_labeling_200_style,CJ올리브네트웍스,시설관리,4,competency,시설관리 직무와 관련된 본인의 강점 또는 역량을 실제 경험을 바탕으로 설명해 주십시오.,저는 음악 감상을 좋아합니다. 다양한 장르를 들으며 스트레스를 관리했고 긍정적인 마음가짐을 유지할 수 있었습니다. 또한 저는 맡은 일을 끝까지 하려는 책임감이 있습니다. 앞으로 CJ올리브네트웍스에서도 누구보다 성실하게 일하며 좋은 구성원이 되겠습니다.,질문과 어긋난 답변,OFF_TOPIC,22,직무 역량 | 근거 경험 | 활용 가능성,,강점 | 역량 | 경험 | 직무,문장은 자연스럽지만 질문 핵심어와 요구 조건을 거의 반영하지 않음,ROLE05_MATCH 질문-답변 적합도 모델용 더미데이터
MATCH275,synthetic_from_direct_labeling_200_style,LG전자,품질관리,5,weakness,"본인의 단점 또는 부족했던 점을 쓰고, 이를 보완하기 위해 어떤 노력을 했는지 기술해 주십시오.",독서를 통해 인문학적 소양을 키웠습니다. 책을 읽으며 세상을 넓게 보는 태도를 배웠고 꾸준히 성장하고 있습니다. 또한 저는 맡은 일을 끝까지 하려는 책임감이 있습니다. 앞으로 LG전자에서도 누구보다 성실하게 일하며 좋은 구성원이 되겠습니다.,질문과 어긋난 답변,OFF_TOPIC,30,단점 인식 | 보완 행동 | 변화,,단점 | 부족 | 보완 | 개선,문장은 자연스럽지만 질문 핵심어와 요구 조건을 거의 반영하지 않음,ROLE05_MATCH 질문-답변 적합도 모델용 더미데이터
MATCH276,synthetic_from_direct_labeling_200_style,롯데월드,환경안전,1,growth,본인의 성장과정 또는 가치관이 현재의 진로 선택에 어떤 영향을 주었는지 작성해 주십시오.,해외여행 중 길을 잃었지만 현지인에게 질문하며 목적지를 찾았습니다. 이 경험으로 낯선 환경에서도 당황하지 않는 법을 배웠습니다. 또한 저는 맡은 일을 끝까지 하려는 책임감이 있습니다. 앞으로 롯데월드에서도 누구보다 성실하게 일하며 좋은 구성원이 되겠습니다.,질문과 어긋난 답변,OFF_TOPIC,32,성장 배경 | 가치관 | 진로 연결,,성장 | 가치관 | 진로 | 영향,문장은 자연스럽지만 질문 핵심어와 요구 조건을 거의 반영하지 않음,ROLE05_MATCH 질문-답변 적합도 모델용 더미데이터
MATCH277,synthetic_from_direct_labeling_200_style,신한은행,데이터 분석,2,customer,고객 또는 사용자의 불편을 파악하고 개선했던 경험을 구체적인 결과와 함께 설명해 주십시오.,학창 시절 반장을 맡아 친구들과 즐겁게 지냈습니다. 사람들과 친해지는 성격은 저의 가장 큰 장점이라고 생각합니다. 또한 저는 맡은 일을 끝까지 하려는 책임감이 있습니다. 앞으로 신한은행에서도 누구보다 성실하게 일하며 좋은 구성원이 되겠습니다.,질문과 어긋난 답변,OFF_TOPIC,12,고객 문제 | 개선 행동 | 구체적 결과,,고객 | 사용자 | 개선 | 결과,문장은 자연스럽지만 질문 핵심어와 요구 조건을 거의 반영하지 않음,ROLE05_MATCH 질문-답변 적합도 모델용 더미데이터
MATCH278,synthetic_from_direct_labeling_200_style,카카오페이,서비스 기획,3,challenge,목표 달성을 위해 도전적으로 시도했던 경험과 그 과정에서 배운 점을 기술해 주십시오.,어릴 때부터 운동을 좋아해 주말마다 축구를 했습니다. 체력을 기르며 성실함을 배웠고 앞으로도 밝은 태도로 생활하겠습니다. 또한 저는 맡은 일을 끝까지 하려는 책임감이 있습니다. 앞으로 카카오페이에서도 누구보다 성실하게 일하며 좋은 구성원이 되겠습니다.,질문과 어긋난 답변,OFF_TOPIC,21,목표 | 도전 행동 | 배운 점,,목표 | 도전 | 시도 | 배운,문장은 자연스럽지만 질문 핵심어와 요구 조건을 거의 반영하지 않음,ROLE05_MATCH 질문-답변 적합도 모델용 더미데이터
MATCH279,synthetic_from_direct_labeling_200_style,CJ올리브네트웍스,백엔드 개발,4,ethics,원칙을 지키기 위해 어려운 선택을 했던 경험과 그 결과를 서술해 주십시오.,저는 음악 감상을 좋아합니다. 다양한 장르를 들으며 스트레스를 관리했고 긍정적인 마음가짐을 유지할 수 있었습니다. 또한 저는 맡은 일을 끝까지 하려는 책임감이 있습니다. 앞으로 CJ올리브네트웍스에서도 누구보다 성실하게 일하며 좋은 구성원이 되겠습니다.,질문과 어긋난 답변,OFF_TOPIC,16,원칙 | 어려운 선택 | 결과,,원칙 | 선택 | 결과 | 신뢰,문장은 자연스럽지만 질문 핵심어와 요구 조건을 거의 반영하지 않음,ROLE05_MATCH 질문-답변 적합도 모델용 더미데이터
MATCH280,synthetic_from_direct_labeling_200_style,LG전자,인사,5,learning,지원 분야와 관련된 전문성을 키우기 위해 학습하거나 실습했던 경험을 구체적으로 기술해 주십시오.,독서를 통해 인문학적 소양을 키웠습니다. 책을 읽으며 세상을 넓게 보는 태도를 배웠고 꾸준히 성장하고 있습니다. 또한 저는 맡은 일을 끝까지 하려는 책임감이 있습니다. 앞으로 LG전자에서도 누구보다 성실하게 일하며 좋은 구성원이 되겠습니다.,질문과 어긋난 답변,OFF_TOPIC,6,전문성 | 학습 과정 | 적용 결과,,전문성 | 학습 | 실습 | 적용,문장은 자연스럽지만 질문 핵심어와 요구 조건을 거의 반영하지 않음,ROLE05_MATCH 질문-답변 적합도 모델용 더미데이터
MATCH281,synthetic_from_direct_labeling_200_style,롯데월드,전기·전자엔지니어,1,motivation_plan,롯데월드 전기·전자엔지니어 직무에 지원한 동기와 입사 후 어떤 방식으로 기여할 수 있는지 기술해 주십시오.,해외여행 중 길을 잃었지만 현지인에게 질문하며 목적지를 찾았습니다. 이 경험으로 낯선 환경에서도 당황하지 않는 법을 배웠습니다. 또한 저는 맡은 일을 끝까지 하려는 책임감이 있습니다. 앞으로 롯데월드에서도 누구보다 성실하게 일하며 좋은 구성원이 되겠습니다.,질문과 어긋난 답변,OFF_TOPIC,25,지원동기 | 직무 이해 | 입사 후 기여,,지원 | 직무 | 기여 | 입사 후,문장은 자연스럽지만 질문 핵심어와 요구 조건을 거의 반영하지 않음,ROLE05_MATCH 질문-답변 적합도 모델용 더미데이터
MATCH282,synthetic_from_direct_labeling_200_style,신한은행,영업관리,2,collaboration,다른 사람들과 함께 일하며 팀워크를 발휘했던 경험과 그 과정에서 본인이 맡은 역할을 구체적으로 서술해 주십시오.,학창 시절 반장을 맡아 친구들과 즐겁게 지냈습니다. 사람들과 친해지는 성격은 저의 가장 큰 장점이라고 생각합니다. 또한 저는 맡은 일을 끝까지 하려는 책임감이 있습니다. 앞으로 신한은행에서도 누구보다 성실하게 일하며 좋은 구성원이 되겠습니다.,질문과 어긋난 답변,OFF_TOPIC,7,협업 상황 | 본인 역할 | 팀 성과,,팀 | 협업 | 역할 | 성과,문장은 자연스럽지만 질문 핵심어와 요구 조건을 거의 반영하지 않음,ROLE05_MATCH 질문-답변 적합도 모델용 더미데이터
MATCH283,synthetic_from_direct_labeling_200_style,카카오페이,마케팅,3,problem_solving,"예상하지 못한 문제를 발견하고 해결했던 경험을 상황, 행동, 결과 중심으로 기술해 주십시오.",어릴 때부터 운동을 좋아해 주말마다 축구를 했습니다. 체력을 기르며 성실함을 배웠고 앞으로도 밝은 태도로 생활하겠습니다. 또한 저는 맡은 일을 끝까지 하려는 책임감이 있습니다. 앞으로 카카오페이에서도 누구보다 성실하게 일하며 좋은 구성원이 되겠습니다.,질문과 어긋난 답변,OFF_TOPIC,15,문제 상황 | 해결 행동 | 결과,,문제 | 해결 | 행동 | 결과,문장은 자연스럽지만 질문 핵심어와 요구 조건을 거의 반영하지 않음,ROLE05_MATCH 질문-답변 적합도 모델용 더미데이터
MATCH284,synthetic_from_direct_labeling_200_style,CJ올리브네트웍스,시설관리,4,competency,시설관리 직무와 관련된 본인의 강점 또는 역량을 실제 경험을 바탕으로 설명해 주십시오.,저는 음악 감상을 좋아합니다. 다양한 장르를 들으며 스트레스를 관리했고 긍정적인 마음가짐을 유지할 수 있었습니다. 또한 저는 맡은 일을 끝까지 하려는 책임감이 있습니다. 앞으로 CJ올리브네트웍스에서도 누구보다 성실하게 일하며 좋은 구성원이 되겠습니다.,질문과 어긋난 답변,OFF_TOPIC,6,직무 역량 | 근거 경험 | 활용 가능성,,강점 | 역량 | 경험 | 직무,문장은 자연스럽지만 질문 핵심어와 요구 조건을 거의 반영하지 않음,ROLE05_MATCH 질문-답변 적합도 모델용 더미데이터
MATCH285,synthetic_from_direct_labeling_200_style,LG전자,품질관리,5,weakness,"본인의 단점 또는 부족했던 점을 쓰고, 이를 보완하기 위해 어떤 노력을 했는지 기술해 주십시오.",독서를 통해 인문학적 소양을 키웠습니다. 책을 읽으며 세상을 넓게 보는 태도를 배웠고 꾸준히 성장하고 있습니다. 또한 저는 맡은 일을 끝까지 하려는 책임감이 있습니다. 앞으로 LG전자에서도 누구보다 성실하게 일하며 좋은 구성원이 되겠습니다.,질문과 어긋난 답변,OFF_TOPIC,6,단점 인식 | 보완 행동 | 변화,,단점 | 부족 | 보완 | 개선,문장은 자연스럽지만 질문 핵심어와 요구 조건을 거의 반영하지 않음,ROLE05_MATCH 질문-답변 적합도 모델용 더미데이터
MATCH286,synthetic_from_direct_labeling_200_style,롯데월드,환경안전,1,growth,본인의 성장과정 또는 가치관이 현재의 진로 선택에 어떤 영향을 주었는지 작성해 주십시오.,해외여행 중 길을 잃었지만 현지인에게 질문하며 목적지를 찾았습니다. 이 경험으로 낯선 환경에서도 당황하지 않는 법을 배웠습니다. 또한 저는 맡은 일을 끝까지 하려는 책임감이 있습니다. 앞으로 롯데월드에서도 누구보다 성실하게 일하며 좋은 구성원이 되겠습니다.,질문과 어긋난 답변,OFF_TOPIC,10,성장 배경 | 가치관 | 진로 연결,,성장 | 가치관 | 진로 | 영향,문장은 자연스럽지만 질문 핵심어와 요구 조건을 거의 반영하지 않음,ROLE05_MATCH 질문-답변 적합도 모델용 더미데이터
MATCH287,synthetic_from_direct_labeling_200_style,신한은행,데이터 분석,2,customer,고객 또는 사용자의 불편을 파악하고 개선했던 경험을 구체적인 결과와 함께 설명해 주십시오.,학창 시절 반장을 맡아 친구들과 즐겁게 지냈습니다. 사람들과 친해지는 성격은 저의 가장 큰 장점이라고 생각합니다. 또한 저는 맡은 일을 끝까지 하려는 책임감이 있습니다. 앞으로 신한은행에서도 누구보다 성실하게 일하며 좋은 구성원이 되겠습니다.,질문과 어긋난 답변,OFF_TOPIC,28,고객 문제 | 개선 행동 | 구체적 결과,,고객 | 사용자 | 개선 | 결과,문장은 자연스럽지만 질문 핵심어와 요구 조건을 거의 반영하지 않음,ROLE05_MATCH 질문-답변 적합도 모델용 더미데이터
MATCH288,synthetic_from_direct_labeling_200_style,카카오페이,서비스 기획,3,challenge,목표 달성을 위해 도전적으로 시도했던 경험과 그 과정에서 배운 점을 기술해 주십시오.,어릴 때부터 운동을 좋아해 주말마다 축구를 했습니다. 체력을 기르며 성실함을 배웠고 앞으로도 밝은 태도로 생활하겠습니다. 또한 저는 맡은 일을 끝까지 하려는 책임감이 있습니다. 앞으로 카카오페이에서도 누구보다 성실하게 일하며 좋은 구성원이 되겠습니다.,질문과 어긋난 답변,OFF_TOPIC,7,목표 | 도전 행동 | 배운 점,,목표 | 도전 | 시도 | 배운,문장은 자연스럽지만 질문 핵심어와 요구 조건을 거의 반영하지 않음,ROLE05_MATCH 질문-답변 적합도 모델용 더미데이터
MATCH289,synthetic_from_direct_labeling_200_style,CJ올리브네트웍스,백엔드 개발,4,ethics,원칙을 지키기 위해 어려운 선택을 했던 경험과 그 결과를 서술해 주십시오.,저는 음악 감상을 좋아합니다. 다양한 장르를 들으며 스트레스를 관리했고 긍정적인 마음가짐을 유지할 수 있었습니다. 또한 저는 맡은 일을 끝까지 하려는 책임감이 있습니다. 앞으로 CJ올리브네트웍스에서도 누구보다 성실하게 일하며 좋은 구성원이 되겠습니다.,질문과 어긋난 답변,OFF_TOPIC,32,원칙 | 어려운 선택 | 결과,,원칙 | 선택 | 결과 | 신뢰,문장은 자연스럽지만 질문 핵심어와 요구 조건을 거의 반영하지 않음,ROLE05_MATCH 질문-답변 적합도 모델용 더미데이터
MATCH290,synthetic_from_direct_labeling_200_style,LG전자,인사,5,learning,지원 분야와 관련된 전문성을 키우기 위해 학습하거나 실습했던 경험을 구체적으로 기술해 주십시오.,독서를 통해 인문학적 소양을 키웠습니다. 책을 읽으며 세상을 넓게 보는 태도를 배웠고 꾸준히 성장하고 있습니다. 또한 저는 맡은 일을 끝까지 하려는 책임감이 있습니다. 앞으로 LG전자에서도 누구보다 성실하게 일하며 좋은 구성원이 되겠습니다.,질문과 어긋난 답변,OFF_TOPIC,29,전문성 | 학습 과정 | 적용 결과,,전문성 | 학습 | 실습 | 적용,문장은 자연스럽지만 질문 핵심어와 요구 조건을 거의 반영하지 않음,ROLE05_MATCH 질문-답변 적합도 모델용 더미데이터
MATCH291,synthetic_from_direct_labeling_200_style,롯데월드,전기·전자엔지니어,1,motivation_plan,롯데월드 전기·전자엔지니어 직무에 지원한 동기와 입사 후 어떤 방식으로 기여할 수 있는지 기술해 주십시오.,해외여행 중 길을 잃었지만 현지인에게 질문하며 목적지를 찾았습니다. 이 경험으로 낯선 환경에서도 당황하지 않는 법을 배웠습니다. 또한 저는 맡은 일을 끝까지 하려는 책임감이 있습니다. 앞으로 롯데월드에서도 누구보다 성실하게 일하며 좋은 구성원이 되겠습니다.,질문과 어긋난 답변,OFF_TOPIC,15,지원동기 | 직무 이해 | 입사 후 기여,,지원 | 직무 | 기여 | 입사 후,문장은 자연스럽지만 질문 핵심어와 요구 조건을 거의 반영하지 않음,ROLE05_MATCH 질문-답변 적합도 모델용 더미데이터
MATCH292,synthetic_from_direct_labeling_200_style,신한은행,영업관리,2,collaboration,다른 사람들과 함께 일하며 팀워크를 발휘했던 경험과 그 과정에서 본인이 맡은 역할을 구체적으로 서술해 주십시오.,학창 시절 반장을 맡아 친구들과 즐겁게 지냈습니다. 사람들과 친해지는 성격은 저의 가장 큰 장점이라고 생각합니다. 또한 저는 맡은 일을 끝까지 하려는 책임감이 있습니다. 앞으로 신한은행에서도 누구보다 성실하게 일하며 좋은 구성원이 되겠습니다.,질문과 어긋난 답변,OFF_TOPIC,20,협업 상황 | 본인 역할 | 팀 성과,,팀 | 협업 | 역할 | 성과,문장은 자연스럽지만 질문 핵심어와 요구 조건을 거의 반영하지 않음,ROLE05_MATCH 질문-답변 적합도 모델용 더미데이터
MATCH293,synthetic_from_direct_labeling_200_style,카카오페이,마케팅,3,problem_solving,"예상하지 못한 문제를 발견하고 해결했던 경험을 상황, 행동, 결과 중심으로 기술해 주십시오.",어릴 때부터 운동을 좋아해 주말마다 축구를 했습니다. 체력을 기르며 성실함을 배웠고 앞으로도 밝은 태도로 생활하겠습니다. 또한 저는 맡은 일을 끝까지 하려는 책임감이 있습니다. 앞으로 카카오페이에서도 누구보다 성실하게 일하며 좋은 구성원이 되겠습니다.,질문과 어긋난 답변,OFF_TOPIC,34,문제 상황 | 해결 행동 | 결과,,문제 | 해결 | 행동 | 결과,문장은 자연스럽지만 질문 핵심어와 요구 조건을 거의 반영하지 않음,ROLE05_MATCH 질문-답변 적합도 모델용 더미데이터
MATCH294,synthetic_from_direct_labeling_200_style,CJ올리브네트웍스,시설관리,4,competency,시설관리 직무와 관련된 본인의 강점 또는 역량을 실제 경험을 바탕으로 설명해 주십시오.,저는 음악 감상을 좋아합니다. 다양한 장르를 들으며 스트레스를 관리했고 긍정적인 마음가짐을 유지할 수 있었습니다. 또한 저는 맡은 일을 끝까지 하려는 책임감이 있습니다. 앞으로 CJ올리브네트웍스에서도 누구보다 성실하게 일하며 좋은 구성원이 되겠습니다.,질문과 어긋난 답변,OFF_TOPIC,34,직무 역량 | 근거 경험 | 활용 가능성,,강점 | 역량 | 경험 | 직무,문장은 자연스럽지만 질문 핵심어와 요구 조건을 거의 반영하지 않음,ROLE05_MATCH 질문-답변 적합도 모델용 더미데이터
MATCH295,synthetic_from_direct_labeling_200_style,LG전자,품질관리,5,weakness,"본인의 단점 또는 부족했던 점을 쓰고, 이를 보완하기 위해 어떤 노력을 했는지 기술해 주십시오.",독서를 통해 인문학적 소양을 키웠습니다. 책을 읽으며 세상을 넓게 보는 태도를 배웠고 꾸준히 성장하고 있습니다. 또한 저는 맡은 일을 끝까지 하려는 책임감이 있습니다. 앞으로 LG전자에서도 누구보다 성실하게 일하며 좋은 구성원이 되겠습니다.,질문과 어긋난 답변,OFF_TOPIC,21,단점 인식 | 보완 행동 | 변화,,단점 | 부족 | 보완 | 개선,문장은 자연스럽지만 질문 핵심어와 요구 조건을 거의 반영하지 않음,ROLE05_MATCH 질문-답변 적합도 모델용 더미데이터
MATCH296,synthetic_from_direct_labeling_200_style,롯데월드,환경안전,1,growth,본인의 성장과정 또는 가치관이 현재의 진로 선택에 어떤 영향을 주었는지 작성해 주십시오.,해외여행 중 길을 잃었지만 현지인에게 질문하며 목적지를 찾았습니다. 이 경험으로 낯선 환경에서도 당황하지 않는 법을 배웠습니다. 또한 저는 맡은 일을 끝까지 하려는 책임감이 있습니다. 앞으로 롯데월드에서도 누구보다 성실하게 일하며 좋은 구성원이 되겠습니다.,질문과 어긋난 답변,OFF_TOPIC,25,성장 배경 | 가치관 | 진로 연결,,성장 | 가치관 | 진로 | 영향,문장은 자연스럽지만 질문 핵심어와 요구 조건을 거의 반영하지 않음,ROLE05_MATCH 질문-답변 적합도 모델용 더미데이터
MATCH297,synthetic_from_direct_labeling_200_style,신한은행,데이터 분석,2,customer,고객 또는 사용자의 불편을 파악하고 개선했던 경험을 구체적인 결과와 함께 설명해 주십시오.,학창 시절 반장을 맡아 친구들과 즐겁게 지냈습니다. 사람들과 친해지는 성격은 저의 가장 큰 장점이라고 생각합니다. 또한 저는 맡은 일을 끝까지 하려는 책임감이 있습니다. 앞으로 신한은행에서도 누구보다 성실하게 일하며 좋은 구성원이 되겠습니다.,질문과 어긋난 답변,OFF_TOPIC,19,고객 문제 | 개선 행동 | 구체적 결과,,고객 | 사용자 | 개선 | 결과,문장은 자연스럽지만 질문 핵심어와 요구 조건을 거의 반영하지 않음,ROLE05_MATCH 질문-답변 적합도 모델용 더미데이터
MATCH298,synthetic_from_direct_labeling_200_style,카카오페이,서비스 기획,3,challenge,목표 달성을 위해 도전적으로 시도했던 경험과 그 과정에서 배운 점을 기술해 주십시오.,어릴 때부터 운동을 좋아해 주말마다 축구를 했습니다. 체력을 기르며 성실함을 배웠고 앞으로도 밝은 태도로 생활하겠습니다. 또한 저는 맡은 일을 끝까지 하려는 책임감이 있습니다. 앞으로 카카오페이에서도 누구보다 성실하게 일하며 좋은 구성원이 되겠습니다.,질문과 어긋난 답변,OFF_TOPIC,7,목표 | 도전 행동 | 배운 점,,목표 | 도전 | 시도 | 배운,문장은 자연스럽지만 질문 핵심어와 요구 조건을 거의 반영하지 않음,ROLE05_MATCH 질문-답변 적합도 모델용 더미데이터
MATCH299,synthetic_from_direct_labeling_200_style,CJ올리브네트웍스,백엔드 개발,4,ethics,원칙을 지키기 위해 어려운 선택을 했던 경험과 그 결과를 서술해 주십시오.,저는 음악 감상을 좋아합니다. 다양한 장르를 들으며 스트레스를 관리했고 긍정적인 마음가짐을 유지할 수 있었습니다. 또한 저는 맡은 일을 끝까지 하려는 책임감이 있습니다. 앞으로 CJ올리브네트웍스에서도 누구보다 성실하게 일하며 좋은 구성원이 되겠습니다.,질문과 어긋난 답변,OFF_TOPIC,20,원칙 | 어려운 선택 | 결과,,원칙 | 선택 | 결과 | 신뢰,문장은 자연스럽지만 질문 핵심어와 요구 조건을 거의 반영하지 않음,ROLE05_MATCH 질문-답변 적합도 모델용 더미데이터
MATCH300,synthetic_from_direct_labeling_200_style,LG전자,인사,5,learning,지원 분야와 관련된 전문성을 키우기 위해 학습하거나 실습했던 경험을 구체적으로 기술해 주십시오.,독서를 통해 인문학적 소양을 키웠습니다. 책을 읽으며 세상을 넓게 보는 태도를 배웠고 꾸준히 성장하고 있습니다. 또한 저는 맡은 일을 끝까지 하려는 책임감이 있습니다. 앞으로 LG전자에서도 누구보다 성실하게 일하며 좋은 구성원이 되겠습니다.,질문과 어긋난 답변,OFF_TOPIC,21,전문성 | 학습 과정 | 적용 결과,,전문성 | 학습 | 실습 | 적용,문장은 자연스럽지만 질문 핵심어와 요구 조건을 거의 반영하지 않음,ROLE05_MATCH 질문-답변 적합도 모델용 더미데이터
