rank,cluster_id,question,noun_form
1,8,채용공고 상의 수행 직무 및 본인이 희망하는 관심 직무와 관련하여 전문가가 되기 위한 노력(프로젝트 경험 등)을 구체적으로 기술하시오.,채용공고 수행 직무 본인 희망 관심 직무 관련 전문가 되기 노력 구체적 기술하
2,8,(선택) 빅데이터 관련 역량을 개발하기 위해 수행한 노력을 본인의 경험 및 경력을 기반으로 기술하시오.,선택 빅데이터 역량 개발하기 수행한 노력 본인 경험 경력 기반 기술하
3,8,우리 회사에 지원하는 이유와 해당 직무에 지원하는 이유에 대해 각각 서술하여 주십시오.,우리 회사 지원 이유 해당 직무 지원 이유 대해 각각 서술
4,8,"역량 또는 경력 추가 기술 (양식, 분량 자유)",역량 경력 기술
5,8,본인이 지원한 직무와 관련한 경험 중 성공했거나 실패했던 사례가 있다면 기재해 주세요.,본인 지원한 직무 관련한 경험 성공했거 실패했던 사례 있다면 기재해
6,8,"지원 직무와 관련하여 어떠한 역량을(지식/기술 등) 강점으로 가지고 있는지, 그 역량을 갖추기 위해 무슨 노력과 경험을 했는지 구체적으로 작성해 주시기 바랍니다.",지원 직무 관련 어떠한 역량 강점 가지고 있는지 역량 갖추기 무슨 노력 경험 했는지 구체적 작성해 주시기 바랍니다
7,8,본인이 지원하는 직무에 있어 다른 지원자와는 차별화된 역량 및 그와 관련된 경험 혹은 경력을 기술하여 주십시오.,본인 지원 직무 있어 다른 지원자와 차별화된 역량 관련된 경험 경력 기술
8,8,"해당 직무에 지원하신 이유, 본인이 적합하다고 판단하는 근거, 관련 산출물 등을 작성해 주세요.",해당 직무 지원하신 이유 본인 적합하다고 판단 근거 산출물 작성해
9,8,본인이 지원한 직무에서 입사 후 어떠한 업무를 하고 싶은지 작성해 주세요.,본인 지원한 직무 입사 어떠한 업무 싶은지 작성해
10,8,지원 직무를 성공적으로 수행하기 위해 가장 중요하다고 생각하는 역량이 무엇인지 제시한 후 그 역량을 갖추기 위해 본인이 노력한 사례를 기술해 주시기 바랍니다.,지원 직무 성공적 수행하기 가장 중요하다고 생각 역량 무엇인지 제시한 역량 갖추기 본인 노력한 사례 기술해 주시기 바랍니다
11,8,"희망 직무에 대해 본인이 이해한 내용을 서술하고, 본인이 해당 직무에 적합한 사유(전공능력, 경력 등)를 구체적으로 기술하시오.",희망 직무 대해 본인 이해한 내용 서술 본인 해당 직무 적합한 사유 구체적 기술하
12,8,"지원한 직무와 관련된 본인의 활동, 경험 및 성과 등을 설명하고, 해당 경험이 희망 직무 수행 시 어떻게 활용될 수 있는지 기술해 주십시오. (800자 이내)",지원한 직무 관련된 본인 활동 경험 설명 해당 경험 희망 직무 수행 어떻게 활용될 있는지 기술해
13,8,KT 및 해당 직무에 지원한 동기와 KT 입사 후 해당 직무의 전문가로 성장하기 위해 어떠한 노력을 할지 구체적으로 기술해 주십시오. (최대 500자 입력 가능),KT 해당 직무 지원한 동기 KT 입사 해당 직무 전문가 성장하기 어떠한 노력 할지 구체적 기술해
14,8,"지원 직무와 관련된 협업 경험을 본인이 수행한 역할 중심으로 제시하고, 해당 경험을 통해 무엇을 얻었는지 기술해 주십시오. (최대 500자 입력 가능)",지원 직무 관련된 협업 경험 본인 수행한 역할 중심 제시 해당 경험 무엇 얻었는지 기술해
15,8,지원 직무와 관련해서 본인의 대표적인 연구/Project 수행 경험에 대해 구체적으로 기술해 주십시오. (최대 500자 입력 가능),지원 직무 관련 본인 대표적인 연구Project 수행 경험 대해 구체적 기술해
16,8,본인의 AI 개발 역량이나 관련 지식 및 보유 Skill 등에 대해 구체적으로 기술해 주십시오. (최대 500자 입력 가능),본인 AI 개발 역량 지식 보유 Skill 대해 구체적 기술해
17,8,"본인이 지원한 직무(채용분야)를 선택한 이유는 무엇이며, 해당 직무에 필요한 역량을 갖추기 위해 어떠한 준비를 하였는지 본인이 보유한 경력, 지식 또는 경험을 바탕으로 설명하고, 타 지원자와 차별되는 강점은 무엇인지 기술해 주십시오.",본인 지원한 직무채용분야 선택한 이유 무엇 해당 직무 필요한 역량 갖추기 어떠한 준비 하였는지 본인 보유한 경력 지식 경험 바탕 설명 지원자 차별되 강점 무엇인지 기술해
18,8,"한국은행에서 업무를 수행하기 위해 본인이 자신 있게 내세울 수 있는 역량은 무엇이며, 동 역량을 갖추기 위한 노력 과정과 동 역량이 한국은행의 어떠한 업무에 어떻게 기여할 수 있을지 기술하시오.",한국은행 업무 수행하기 본인 자신 있게 내세울 역량 무엇 역량 갖추기 노력 과정 역량 한국은행 어떠한 업무 어떻게 기여할 있을지 기술하
19,8,지원하신 직무와 관련하여 본인이 키웠던 대표적인 역량을 소개하고 이를 계룡건설에서 어떻게 접목하고 기여하고 싶은지 기술하세요. (1500바이트 이내),지원하신 직무 관련 본인 키웠던 대표적인 역량 소개 계룡건설 어떻게 접목 기여 싶은지 기술하
20,8,본인이 지원하고자 하는 직무 분야와 관련하여 어떠한 역량을 갖추고 있는지 기술하고 이를 통해 어떻게 한국영상자료원에 기여할 수 있는지 기술해 주십시오. (500자 이내),본인 지원하고자 직무 분야 관련 어떠한 역량 갖추고 있는지 기술 어떻게 한국영상자료원 기여할 있는지 기술해
21,8,지원한 직무 관련한 본인의 역량(지식/Skill/Tool 등)과 직무에 대한 열정/노력에 대해 기술해 주십시오. (800자 이내),지원한 직무 관련한 본인 역량 직무 열정노력 대해 기술해
22,8,"본인이 지원한 직무와 관련한 경험(금전적 보수 없음) 혹은 경력(금전적 보수 있음)에 대해 기술해 주시기 바랍니다. 다양한 활동(학교, 회사, 동아리, 동호회 등)을 통해 지원한 직무와 관련하여 쌓은 경험 또는 경력사항에 대해 작성해 주십시오.",본인 지원한 직무 관련한 경험 경력 대해 기술해 주시기 바랍니다 다양한 활동 지원한 직무 관련 경험 경력사항 대해 작성해
23,8,"본인이 한국공항공사의 인재상과 직무에 맞는 인재가 되기 위해 어떠한 면에서 준비가 되어 있으며, 해당 능력을 갖추기 위해 어떠한 노력을 하였는지 작성해 주십시오.",본인 한국공항공사 인재상 직무 인재 되기 어떠한 준비 되어 있으며 해당 능력 갖추기 어떠한 노력 하였는지 작성해
24,8,"지원한 직무에 필요한 ① 핵심 역량 혹은 전문지식 2가지를 선정하여 그 이유를 간략히 기술하고, ② 그것을 개발하기 위한 도전, 시행착오나 성취를 구체적으로 말씀해 주세요.",지원한 직무 필요한 핵심 역량 전문지식 2가지 선정 이유 간략히 기술 그것 개발하기 도전 시행착오 성취 구체적 말씀해
25,8,E1이라는 회사와 지원한 직무를 선택한 이유를 설명해 주세요.,E1이라 회사 지원한 직무 선택한 이유 설명해
26,8,지원 직무에서 본인이 발휘할 수 있는 역량과 전문성을 어필해 주세요.,지원 직무 본인 발휘할 역량 전문성 어필해
27,8,희망 직무를 수행하기 위해 준비한 것과 직무와 관련된 본인 역량,희망 직무 수행하기 준비한 직무 관련된 본인 역량
28,8,kt ds 및 해당 직무에 지원한 동기와 입사 후 해당 직무의 전문가로 성장하기 위해 어떠한 노력을 할지 구체적으로 기술해 주십시오.,kt ds 해당 직무 지원한 동기 입사 해당 직무 전문가 성장하기 어떠한 노력 할지 구체적 기술해
29,8,"지원한 직무를 수행하기 위해 필요한 핵심 역량은 무엇이라고 생각하며, 그 이유에 대해 설명해 주십시오. 또한 해당 역량을 갖추기 위해 본인이 어떤 노력을 하였는지 기술해 주십시오.",지원한 직무 수행하기 필요한 핵심 역량 무엇이라고 생각 이유 대해 설명해 또한 해당 역량 갖추기 본인 어떤 노력 하였는지 기술해
30,8,본인이 지원한 직무관련 향후 계획에 대하여 -본인이 지원한 직무와 관련된 본인의 향후 미래 계획에 대해 구체적으로 기술해 주시기 바랍니다.,본인 지원한 직무 향후 계획 본인 지원한 직무 관련된 본인 향후 미래 계획 대해 구체적 기술해 주시기 바랍니다
31,8,"그동안 쌓은 지식, 능력, 활동 및 경험 등을 기반으로 지원한 직무에 본인이 가장 적합하다는 것을 구체적인 업무 내용과 매칭하여 말씀해 주세요. (최대 500자 입력 가능)",그동안 지식 능력 활동 경험 기반 지원한 직무 본인 가장 적합하다 구체적인 업무 내용 매칭 말씀해
32,8,"평소 CU 편의점 이용 시 느낀 장단점을 기술하고, CU 편의점의 경쟁력을 제고할 수 있는 아이디어를 설명해 주세요. 가능하다면 지원한 직무와 연계하여 적어주시고, 어려운 경우 고객 입장에서 설명해 주세요. (최대 700자 입력 가능)",평소 CU 편의점 이용 느낀 장단점 기술 CU 편의점 경쟁력 제고할 아이디어 설명해 가능하다면 지원한 직무 연계 적어주시고 어려운 경우 고객 입장 설명해
33,8,"지원한 직무 관련 본인이 갖고 있는 전문지식/경험을 작성하고, 이를 바탕으로 본인이 지원 직무에 적합한 사유를 구체적으로 서술해 주시기 바랍니다 (1000자)",지원한 직무 본인 갖고 전문지식경험 작성 바탕 본인 지원 직무 적합한 사유 구체적 서술해 주시기 바랍니다
34,8,영업전문직 직무의 핵심 역량에 대한 본인의 생각과 본인이 적합한 이유를 기술하여 주십시오. (700자 이내),영업전문직 직무 핵심 역량 본인 생각 본인 적합한 이유 기술
35,8,"지원 직무에 요구되는 역량은 무엇이라고 생각하며, 이를 갖추기 위해 어떠한 노력을 해 왔는지 기술해 주십시오. 700자",지원 직무 요구되 역량 무엇이라고 생각 갖추기 어떠한 노력 왔는지 기술해 700자
36,8,AJ에 지원하게 된 계기와 동기를 설명하고 지원한 직무를 성공적으로 수행할 수 있다고 생각하는 이유를 서술하여 주십시오. [300~800자 이내],AJ 지원하게 계기 동기 설명 지원한 직무 성공적 수행할 있다고 생각 이유 서술 300
37,8,자기소개서 내 출신 학교를 기재하거나 유추할 수 있는 문구를 포함하지 않도록 유의해주시기 바랍니다. (올바른 입력 예. OO대학교) 현대캐피탈에 지원하게 된 동기와 지원 직무에 필요한 역량을 기르기 위해 노력했던 경험을 기술해 주십시오.,자기소개서 출신 학교 기재하거 유추할 문구 포함 않도록 유의해주시기 바랍니다 현대캐피탈 지원하게 동기 지원 직무 필요한 역량 기르기 노력했던 경험 기술해
38,8,"지원하신 직무가 무엇을 하는 일이라고 생각하시는지, 본인의 정의를 기술해 주십시오. 직무수행에 필요한 역량/지식을 갖추기 위해 학업 또는 학업 외적으로 어떤 준비를 하셨는지 구체적 사례 중심으로 작성해 주세요.",지원하신 직무 무엇 일이라고 생각하시는지 본인 정의 기술해 직무수행 필요한 역량지식 갖추기 학업 학업 외적 어떤 준비 하셨는지 구체적 사례 중심 작성해
39,8,"전공과목- 지원직무와 관련된 가장 흥미로웠던 전공 과목 Guide> 수강했던 전공 과목 중 지원 직무와 관련하여 가장 흥미로웠던 주제(한 가지)에 대해서 설명해주세요. (선정배경, 주제요약, 학점 등 포함) (1000자)",전공과목 지원직무 관련된 가장 흥미로웠던 전공 과목 Guide 수강했던 전공 과목 지원 직무 관련 가장 흥미로웠던 주제한 가지 설명해
40,8,"직무관심도 및 역량- 지원직무에 대한 관심 및 보유 직무 역량 Guide> 지원직무에 관심을 가지게 된 계기(수강과목, 동아리 등 교내외활동 등) 및 관심 직무 관련 자신만의 차별화된 강점이나 역량을 기재하면 좋습니다. (1000자)",직무관심 역량 지원직무 관심 보유 직무 역량 Guide 지원직무 관심 가지게 계기 관심 직무 자신만 차별화된 강점 역량 기재
41,8,"지원한 동기를 기술하고, 직무 수행에 필요한 역량 2가지를 제시하고 그 역량을 쌓기 위한 노력을 구체적으로 작성해 주시기 바랍니다. (1,200자)",지원한 동기 기술 직무 수행 필요한 역량 2가지 제시 역량 쌓기 노력 구체적 작성해 주시기 바랍니다
42,8,"지원한 직무에 전문성을 갖추기 위하여 어떠한 노력을 기울였으며, 그 결과 타인과 차별화된 본인만의 역량은 무엇인지 기술해 주십시오. (500자)",지원한 직무 전문성 갖추기 어떠한 노력 기울였으며 타인 차별화된 본인만 역량 무엇인지 기술해 500자
43,8,"지원한 직무는 무엇입니까? 해당 직무의 전문가가 되기 위해서 입사 후 어떤 노력이 필요한지 작성하여 주십시오. (1,000자)",지원한 직무 무엇입니까 해당 직무 전문가 되기 입사 어떤 노력 필요한지 작성
44,8,"해당 직무를 잘 수행하기 위해 필요하다고 생각하는 역량을 자신의 경험을 바탕으로 작성하여 주십시오. (1,000자)",해당 직무 수행하기 필요하다고 생각 역량 자신 경험 바탕 작성
45,8,"직무수행능력의 차별화된 경쟁력(Competitiveness)/ 귀하가 재단의 직무를 수행함에 있어 타인과 비교하여 차별화된 핵심 경쟁력이 무엇인지 기술하고, 해당 경쟁력을 보유하게 된 경력 또는 경험을 기술해주십시오.",직무수행능력 차별화된 경쟁력 귀하 재단 직무 수행함 있어 타인 비교 차별화된 핵심 경쟁력 무엇인지 기술 해당 경쟁력 보유하게 경력 경험 기술해주
46,8,"직무수행을 위한 지식 및 기술(Knowledge & Skill)/ 재단의 지원 직무를 수행함에 있어 필요한 핵심 지식(knowledge)과 기술(Skill)이 무엇인지 기술하고, 이러한 지식과 기술을 보유하게 된 경력 또는 경험을 기술해주십시오.",직무수행 지식 기술 재단 지원 직무 수행함 있어 필요한 핵심 지식 기술 무엇인지 기술 이러한 지식 기술 보유하게 경력 경험 기술해주
47,8,"직무수행을 위한 태도 (Attitude)/ 재단의 지원 직무를 수행하기 위해 가장 중요한 태도(attitude)와 그 필요성을 기술하고, 이와 관련된 귀하의 경험을 기술해주십시오.",직무수행 재단 지원 직무 수행하기 가장 중요한 필요성 기술 관련된 귀하 경험 기술해주
48,8,"본인이 지원한 직무에 가장 중요하다고 생각하는 역량에 대해 기술하고, 그 역량을 갖추기 위해 본인이 무엇을 준비했는지 기술해주세요.",본인 지원한 직무 가장 중요하다고 생각 역량 대해 기술 역량 갖추기 본인 무엇 준비했는지 기술해
49,8,"본인이 선택한 직무를 담당하고 싶은 이유, 적합성 등에 대해 자유롭게 설명해 보십시오.",본인 선택한 직무 담당 이유 적합성 대해 자유롭게 설명해
50,8,희망 직무를 수행하기 위한 준비한 것과 직무와 관련된 본인의 역량.,희망 직무 수행하기 준비한 직무 관련된 본인 역량
51,8,지원하신 직무를 수행하기 위해 필요한 역량을 기르고자 어떤 노력을 했는지 구체적인 사례에 근거하여 서술해주세요. [250~ 500자],지원하신 직무 수행하기 필요한 역량 기르고자 어떤 노력 했는지 구체적인 사례 근거 서술해 250 500자
52,8,(경력/경험) 본인의 역량을 설명할 수 있는 경험을 소개해주세요. (최대 500자 입력가능),본인 역량 설명할 경험 소개해
53,8,지원분야를 선택한 이유와 이 직무에 본인이 적임자로 설명할 수 있는 근거를 경험을 바탕으로 서술하여 주십시오.,지원분야 선택한 이유 직무 본인 적임자 설명할 근거 경험 바탕 서술
54,8,하나투어에 지원한 이유는 무엇인가요? 지원자가 생각하는 하나투어의 강점과 지원 직무를 수행하고 싶은 이유를 포함하여 구체적으로 설명해주세요. (800자),하나투어 지원한 이유 무엇인가요 지원자 생각 하나투어 강점 지원 직무 수행 이유 포함 구체적 설명해 800자
55,8,지원한 직무를 수행함에 있어 예상되는 어려움과 이를 극복해 나갈 수 있는 본인만의 강점을 관련 경험 기반으로 서술해주세요. (800자),지원한 직무 수행함 있어 예상되 어려움 극복해 나갈 본인만 강점 경험 기반 서술해 800자
56,8,자신이 현대로템 및 지원 직무에 적합한 인재라고 생각하는 이유에 대해 말씀해 주세요.,자신 현대로템 지원 직무 적합한 인재라고 생각 이유 대해 말씀해
57,8,"지원하신 직무에 지원한 동기는 무엇이며, 해당 직무에 대하여 본인이 가지고 있는 강점을 구체적 사례와 함께 말씀해 주십시오.(700자)",지원하신 직무 지원한 동기 무엇 해당 직무 본인 가지고 강점 구체적 사례 말씀해 주십시오700자
58,8,본인이 지원한 직무와 관련된 이슈를 선정하여 그에 대한 본인의 생각을 기술해 주십시오.(700자),본인 지원한 직무 관련된 이슈 선정 본인 생각 기술해 주십시오700자
59,8,"지원한 직무에 필요한 역량 중 본인이 가진 강점을 기술하고, 그 강점을 유지 또는 향상시키기 위해 어떤 것들을 했는지 설명하십시오.",지원한 직무 필요한 역량 본인 가진 강점 기술 강점 유지 향상시키기 어떤 것들 했는지 설명하
60,8,역량과 흥미 기반의 업무 배분,역량 흥미 기반 업무 배분
61,8,직무에 지원한 이유,직무 지원한 이유
62,8,지원직무에 대한 자신의 목표와 구체적인 실행계획을 기술하여 주십시오. 지원 직무에 대한 목표와 해당 목표를 설정한 이유와 설정한 목표를 이루기 위한 현실적이며 구체적인 계획에 대해 기술하여 주십시오.,지원직무 자신 목표 구체적인 실행계획 기술 지원 직무 목표 해당 목표 설정한 이유 설정한 목표 이루기 현실적 구체적인 계획 대해 기술
63,8,"정보원의 직원으로서 지켜야할 직업윤리는 무엇이며 해당 직업윤리를 지킨 사례에 대해 기술하여 주십시오. 가능한 지원분야의 직무와 연계하여 기술하며, 사례에 대한 자세한 상황과 어떻게 직업윤리를 지켰는지, 어려운 점은 무엇이었는지 등 구체적으로 기술하여 주십시오.",정보원 직원으로서 지켜야할 직업윤리 무엇 해당 직업윤리 지킨 사례 대해 기술 가능한 지원분야 직무 연계 기술 사례 자세한 상황 어떻게 직업윤리 지켰는지 어려운 무엇이었는지 구체적 기술
64,8,"본인이 해당 직무에 적합한 이유를 경험, 경력, 개인의 역량 등과 연계하여 사례 중심으로 기술하시오. (600자)",본인 해당 직무 적합한 이유 경험 경력 개인 역량 연계 사례 중심 기술하 600자
65,8,"본인이 해당 직무에 적합한 이유를 경험, 경력 등과 연계하여 사례 중심으로 기술하시오.",본인 해당 직무 적합한 이유 경험 경력 연계 사례 중심 기술하
66,8,해당 직무에 지원하신 이유를 작성해주세요. [500자 내외],해당 직무 지원하신 이유 작성해 500자 내외
67,8,지원 직무를 성공적으로 수행하기 위해 어떤 노력과 경험을 하였는지 서술해 주십시오.(최대 600자 입력가능),지원 직무 성공적 수행하기 어떤 노력 경험 하였는지 서술해
68,8,"지원 직무 관련 자신이 갖춘 역량에 대하여 구체적으로 기술하여 주십시오(최대 1,000자 입력가능)",지원 직무 자신 갖춘 역량 구체적 기술
69,8,지원 분야에서 가장 필요하다고 생각되는 역량과 해당 역량을 향상 시키기 위해 어떠한 노력을 기울여 왔는지 기입해 주십시오.,지원 분야 가장 필요하다고 생각되 역량 해당 역량 향상 시키기 어떠한 노력 기울여 왔는지 기입해
70,8,지원한 분야와 관련된 본인의 보유 역량을 기술하시오. (500자 내외),지원한 분야 관련된 본인 보유 역량 기술하
71,8,"지원하신 직무를 수행하기 위해 필요한 역량을 기르고자 어떤 노력을 했는지 구체적인 사례에 근거하여 서술해주세요. [250~ 500자] Guide> 어떤 역량인지/ 역량을 기르기 위한 학습방법, 경험, 기간 등/ 적용사례/ 활동 단체나 네트워크 등 경험의 사실관계를 확인할 수 있도록 세부적으로 작성",지원하신 직무 수행하기 필요한 역량 기르고자 어떤 노력 했는지 구체적인 사례 근거 서술해 250 500자 Guide 어떤 역량인지 역량 기르기 학습방법 경험 기간 적용사례 활동 단체 네트워크 경험 사실관계 확인할 있도록 세부적 작성
72,8,"지원한 직무와 관련하여 본인만의 경쟁력은 무엇이며, 이를 얻기 위해 노력했던 구체적인 사례를 작성해 주세요",지원한 직무 관련 본인만 경쟁력 무엇 얻기 노력했던 구체적인 사례 작성해
73,8,"지원한 직무 분야와 관련하여 본인이 가장 자신 있는 필요지식이나 기술을 제시하고, 이를 활용해 특정 과업 또는 과제를 해결했던 사례에 대해 기술해 주십시오. (500자 이내)",지원한 직무 분야 관련 본인 가장 자신 필요지식 기술 제시 활용해 특정 과업 과제 해결했던 사례 대해 기술해
74,8,재단의 직무를 수행함에 있어 본인이 가지고 있는 차별화된 경쟁력이 무엇인지 기술해 주십시오.,재단 직무 수행함 있어 본인 가지고 차별화된 경쟁력 무엇인지 기술해
75,8,"본인이 가지고 있는 역량 중 가장 뛰어나다고 생각하는 역량과 그 역량 개발에 가장 도움이 되었던 경험 또는 활동을 작성하고, 해당 역량이 지원한 직무에서 어떻게 활용될 수 있는지 작성하여 주십시오. (700자 이내)",본인 가지고 역량 가장 뛰어나다고 생각 역량 역량 개발 가장 도움 되었던 경험 활동 작성 해당 역량 지원한 직무 어떻게 활용될 있는지 작성
76,8,"해당 직무를 수행하기 위해 필요한 역량은 무엇이며, 이 역량을 갖추기 위해 어떠한 노력을 해왔는지(학습사항, 학위 및 전공 등) 사실에 근거하여 설명해주십시오. 또한 지원직무와 관련해 본인만의 차별화된 지식과 경험을 구체적으로 기술하여 주십시오.",해당 직무 수행하기 필요한 역량 무엇 역량 갖추기 어떠한 노력 해왔는지 사실 근거 설명해주 또한 지원직무 관련해 본인만 차별화된 지식 경험 구체적 기술
77,8,"수행예정 직무를 선택하게 된 배경, 직무를 수행함에 있어서 예상되는 어려움, 이를 극복할 수 있는 본인만의 강점에 대해 기술하십시오.?(최대 600자 입력가능)",수행예정 직무 선택하게 배경 직무 수행함 있어서 예상되 어려움 극복할 본인만 강점 대해 기술하
78,8,"(지원포부) 한국토지주택공사의 어떤 사업에 관심이 있으며 어떤 부분에 기여하고 싶은지, 본인의 주요 직무 역량 및 강점을 기반으로 기술해 주십시오.",지원포부 한국토지주택공사 어떤 사업 관심 있으며 어떤 부분 기여 싶은지 본인 주요 직무 역량 강점 기반 기술해
79,8,"(경험 및 경력활동) 본인의 전문성 또는 역량 향상에 가장 도움이 되었던 경험, 경력, 활동을 먼저 기술하고, 귀하가 지원한 직무를 수행하는데 어떻게 활용(도움)이 될 수 있는지 기술해 주십시오.",본인 전문성 역량 향상 가장 도움 되었던 경험 경력 활동 먼저 기술 귀하 지원한 직무 수행하는데 어떻게 활용도움 있는지 기술해
80,8,본인이 지원한 직무분야에서 필요하다고 생각하는 기술과 향후 해당 기술을 업무에 적용하기 위한 구체적인 계획을 작성해주십시오.,본인 지원한 직무분야 필요하다고 생각 기술 향후 해당 기술 업무 적용하기 구체적인 계획 작성해주
81,8,"해당 직무에 지원한 동기와 해당 직무에 본인이 적합한 이유 및 근거를 본인의 경험, 전공 등과 연계하여 서술하여 주십시오.",해당 직무 지원한 동기 해당 직무 본인 적합한 이유 근거 본인 경험 전공 연계 서술
82,8,"기술보증기금의 인재상은 이공계, 상경계, 법학적 직무 역량을 갖춘 융합형 인재입니다. 이 중 본인이 강점을 가지고 있는 직무 역량을 한 가지 선택하고, 1)해당 직무 역량을 키우기 위해 어떤 노력을 해왔는지 본인의 경험에 기초하여 설명해 주십시오. 2)선택하지 않은 직무 역량을 어떻게 개발해 나갈 것인지 구체적으로 기술해 주십시오. (300~1,000자 이내)",기술보증기금 인재상 이공계 상경계 법학적 직무 역량 갖춘 융합형 인재 본인 강점 가지고 직무 역량 가지 선택 1해당 직무 역량 키우기 어떤 노력 해왔는지 본인 경험 기초 설명해 2선택 직무 역량 어떻게 개발해 나갈 것인지 구체적 기술해
83,8,지원한 직무를 성공적으로 수행하기 위해 필요한 핵심역량은 무엇이라고 생각합니까? 현재 귀하는 어느 정도의 역량을 갖추었는지 관련 경험에 근거하여 기술해 주시기 바랍니다. (700자 이내),지원한 직무 성공적 수행하기 필요한 핵심역량 무엇이라고 생각합니까 현재 어느 정도 역량 갖추었는지 경험 근거 기술해 주시기 바랍니다
84,8,"지원분야의 직무를 수행함에 있어서 요구되는 역량이 무엇이라고 생각하며, 이 역량을 갖추기 위한 노력 또는 특별한 경험을 구체적으로 기술하시오.",지원분야 직무 수행함 있어서 요구되 역량 무엇이라고 생각 역량 갖추기 노력 특별한 경험 구체적 기술하
85,8,"그동안 쌓은 지식, 능력, 활동 및 경험 등을 기반으로 지원한 직무에 본인이 가장 적합하다는 것을 구체적인 업무 내용과 매칭하여 말씀해 주세요.",그동안 지식 능력 활동 경험 기반 지원한 직무 본인 가장 적합하다 구체적인 업무 내용 매칭 말씀해
86,8,"평소 CU편의점 이용 시 느낀 장단점을 기술하고, CU편의점의 경쟁력을 제고할 수 있는 아이디어를 설명해 주세요. 가능하다면 지원한 직무와 연계하여 적어주시고, 어려운 경우 고객 입장에서 설명해 주세요.",평소 CU편의점 이용 느낀 장단점 기술 CU편의점 경쟁력 제고할 아이디어 설명해 가능하다면 지원한 직무 연계 적어주시고 어려운 경우 고객 입장 설명해
87,8,"해당 직무에 지원한 동기와 해당 직무에 본인이 적합한 이유 및 근거를 본인의 경험, 전공 등과 연계하여 서술하여 주십시오(600자)",해당 직무 지원한 동기 해당 직무 본인 적합한 이유 근거 본인 경험 전공 연계 서술 주십시오600자
88,8,귀하가 지원한 직무의 역량을 발전시키기 위해서 도전했던 경험 또는 프로젝트를 서술해주세요. 500자,귀하 지원한 직무 역량 발전시키기 도전했던 경험 프로젝트 서술해 500자
89,8,지원 직무에서 차별되는 본인만의 강점을 서술해 주십시오.,지원 직무 차별되 본인만 강점 서술해
90,8,"본인의 핵심 역량을 현재까지의 경험에 근거하여 작성하고,지원직무에 어떻게 활용할 수 있을지 구체적으로 서술하시오(1000자)",본인 핵심 역량 현재까지 경험 근거 작성하고지원직무 어떻게 활용할 있을지 구체적 서술하
91,8,[직무에세이] 1-2. 1전의 사항을 바탕으로 한전KPS에서 수행하고 싶은 직무에 대하여 기술해주시기 바랍니다(500자),직무에세 1전 사항 바탕 한전KPS 수행 직무 기술해주시기 바랍니다500자
92,8,"에스엘에서 일하고 싶은 구체적인 분야(직무)를 제시하고, 해당 직무에 관심을 가지게 된 계기와 이를 잘 수행할 수 있다고 생각하는 이유를 구체적으로 서술해 주십시오 (1000자)",에스엘 구체적인 분야직무 제시 해당 직무 관심 가지게 계기 수행할 있다고 생각 이유 구체적 서술해
93,8,"지원한 직무 관련 본인이 갖고 있는 전문지식/경험(심화전공, 프로젝트, 논문, 공모전)을 작성하고, 이를 바탕으로 본인이 지원 직무에 적합한 사유를 구체적으로 서술해 주시기 바랍니다(1000자)",지원한 직무 본인 갖고 전문지식경험 작성 바탕 본인 지원 직무 적합한 사유 구체적 서술해 주시기 바랍니다
94,8,"지원 직무 수행에 필요한 핵심역량은 무엇이라고 생각하는지 그 이유와 함께 소개하고, 그 역량을 갖추기 위해 어떠한 노력을 준비하였는지 구체적으로 기술하여 주십시오(600자)",지원 직무 수행 필요한 핵심역량 무엇이라고 생각하는지 이유 소개 역량 갖추기 어떠한 노력 준비하였는지 구체적 기술 주십시오600자
95,8,"해당 직무에 지원한 동기는 무엇이며 본인이 직무에 적합하다고 생각하는 이유를 작성해 주십시오. (1,000자)",해당 직무 지원한 동기 무엇 본인 직무 적합하다고 생각 이유 작성해
96,8,지원하신 직무를 수행하기 위해 필요한 역량을 기르고자 어떤 노력을 했는지 구체적인 사례에 근거하여 서술해주세요. [500자],지원하신 직무 수행하기 필요한 역량 기르고자 어떤 노력 했는지 구체적인 사례 근거 서술해 500자
97,8,현대오토에버의 해당 직무에 지원한 이유와 앞으로 현대오토에버에서 키워 나갈 커리어 계획을 작성해주시기 바랍니다.,현대오토에버 해당 직무 지원한 이유 현대오토에버 키워 나갈 커리어 계획 작성해주시기 바랍니다
98,8,"2. 지원한 직무와 관련하여 어떠한 역량(지식/기술)을 강점으로 가지고 있는지, 그 역량을 갖추기 위해 무슨 노력과 경험을 했는지 구체적으로 작성해주시기 바랍니다.",지원한 직무 관련 어떠한 역량 강점 가지고 있는지 역량 갖추기 무슨 노력 경험 했는지 구체적 작성해주시기 바랍니다
99,8,지원한 직무를 수행하기 위한 역량을 갖추기 위해 어떤 노력을 했는지 작성해 주세요. (1000자),지원한 직무 수행하기 역량 갖추기 어떤 노력 했는지 작성해
100,8,해당 직무에 지원한 이유 및 직무 수행을 위해 본인이 갖추고 있는 역량을 기술하시오,해당 직무 지원한 이유 직무 수행 본인 갖추고 역량 기술하
101,8,"여러분이 선택한 계열사 및 직무에 대한 지원 동기는 무엇인가요? ① CJ CGV가 아니면 안되는 이유, ② 지원 직무에 관심 갖게 된 계기는 무엇인지 본인의 경험에 근거하여 작성해 주세요.",여러분 선택한 계열사 직무 지원 동기 무엇인가요 CJ CGV 아니면 안되 이유 지원 직무 관심 갖게 계기 무엇인지 본인 경험 근거 작성해
102,8,"지원 직무 수행 시 필요한 역량은 무엇이며, 이를 갖추기 위해 어떤 노력을 해왔나요? ① 지원 직무 수행 시 필요하다고 생각하는 역량, ② 해당 역량을 갖추기 위한 그동안의 노력과 도전, 경험 등을 반드시 포함하여 작성해 주세요.",지원 직무 수행 필요한 역량 무엇 갖추기 어떤 노력 해왔나요 지원 직무 수행 필요하다고 생각 역량 해당 역량 갖추기 그동안 노력 도전 경험 반드시 포함 작성해
103,8,"CGV는 '영화 그 이상의 감동, 글로벌 NO.1 컬처플렉스’로 자리매김하기 위해 끊임없이 변화하고 혁신하고 있습니다. ① 본인이 지원한 직무 내에서 어떤 역할을 수행할 수 있는지, ② 입사 후 성장 계획을 구체적으로 작성해 주세요.",CGV 영화 이상 감동 글로벌 NO1 컬처플렉스 자리매김하기 끊임없 변화 혁신 본인 지원한 직무 어떤 역할 수행할 있는지 입사 성장 계획 구체적 작성해
104,8,"반도체/디스플레이 장비산업에 대하여 어떻게 이해하고 있으며, 지원한 직무 관련 본인이 갖고 있는 전문지식/경험을 작성하고, 이를 바탕으로 본인이 지원 직무에 적합한 사유를 구체적으로 서술해 주시기 바랍니다(1000자)",반도체디스플레 장비산업 어떻게 이해 있으며 지원한 직무 본인 갖고 전문지식경험 작성 바탕 본인 지원 직무 적합한 사유 구체적 서술해 주시기 바랍니다
105,8,"한전kps에 지원한 동기(관심을 가지게 된 계기, 시기 등)와 본인이 가지고 있는 직무관련 역량 또는 경험을 상세하게 기술해주시기 바랍니다.",한전kps 지원한 동기 본인 가지고 직무 역량 경험 상세하게 기술해주시기 바랍니다
106,8,한전 kps에서 수행하고 싶은 직무에 대하여 기술해주시기 바랍니다.,한전 kps 수행 직무 기술해주시기 바랍니다
107,8,"지원한 직무 관련 본인이 갖고 있는 전문지식/경험을 작성하고, 이를 바탕으로 본인이 지원 직무에 적합한 사유를 구체적으로 서술해 주시기 바랍니다(1000자)",지원한 직무 본인 갖고 전문지식경험 작성 바탕 본인 지원 직무 적합한 사유 구체적 서술해 주시기 바랍니다
108,8,지원하고자 하는 직무와 관련하여 본인만의 전문지식 및 능력을 갖추기 위해 노력했던 경험과 그 결과에 대해 작성하시기 바랍니다.,지원하고자 직무 관련 본인만 전문지식 능력 갖추기 노력했던 경험 결과 대해 작성하시기 바랍니다
109,8,"지원 직무 관련 자신이 갖춘 역량에 대하여 구체적으로 기술하여 주십시오 (최대 1,000자 입력가능)",지원 직무 자신 갖춘 역량 구체적 기술
110,8,(경험 및 경력활동) 지원자가 설정한 목표를 이루기 위해 경험한 활동들 중 가장 의미 있었던 사례를 기술해 주십시오. (240~400) ① 사례에 대한 간략한 요약 ② 그 경험이 설정한 목표를 이루기 위한 과정으로 어떤 의미가 있었는지 기술 ③ 지원한 직무를 수행하는데 어떤 관련성이 있는지 기술,지원자 설정한 목표 이루기 경험한 활동들 가장 의미 있었던 사례 기술해 사례 간략한 요약 경험 설정한 목표 이루기 과정 어떤 의미 있었는지 기술 지원한 직무 수행하는데 어떤 관련성 있는지 기술
111,8,"캠코에 입사 후 희망하는 직무는 무엇이며, 해당 직무를 수행함에 있어 어떻게 기여할 계획인지 기술해 주시기 바랍니다. (300자 이상 ~ 500자 이내)",캠코 입사 희망 직무 무엇 해당 직무 수행함 있어 어떻게 기여할 계획인지 기술해 주시기 바랍니다
112,8,"(경험기술서1) 본인이 지원한 직무와 관련하여, 경험한 활동은 어떤 내용인지 기술해 주십시오.",본인 지원한 직무 관련 경험한 활동 어떤 내용인지 기술해
113,8,"지원부문의 필요한 역량은 무엇이며, 그러한 역량을 갖추기 위해 어떤 노력을 했는지 서술해주세요. (최소 1자, 최대 500자 입력가능)",지원부문 필요한 역량 무엇 그러한 역량 갖추기 어떤 노력 했는지 서술해
114,8,HR에 대한 관심 및 보유 역량,HR 관심 보유 역량
115,8,해당 직무를 수행함에 있어서 자신의 장점에 대해 본인 경험을 토대로 기술해주십시오.,해당 직무 수행함 있어서 자신 장점 대해 본인 경험 토대 기술해주
116,8,"지원분야의 직무를 수행함에 있어서 요구되는 역량이 무엇이라고 생각하며, 이 역량을 갖추기 위한 노력 또는 특별한 경험을 구체적으로 기술하시오",지원분야 직무 수행함 있어서 요구되 역량 무엇이라고 생각 역량 갖추기 노력 특별한 경험 구체적 기술하
117,8,해당 직무에 지원하신 이유를 작성해주세요,해당 직무 지원하신 이유 작성해
118,8,해당하는 직무의 수행과 관련하여 가지고 있는 개인의 장점과 약점을 모두 기술하여 주십시오,해당 직무 수행 관련 가지고 개인 장점 약점 모두 기술
119,8,"지원한 직무 관련한 본인의 역량(지식,skill,tool 등)과 직무에 대한 열정/노력에 대해 기술해 주십시오",지원한 직무 관련한 본인 역량 직무 열정노력 대해 기술해
120,8,"(자유양식) 글로벌 마인드, 원만한 의사소통 역량을 갖춘 사람",자유양식 글로벌 마인드 원만한 의사소통 역량 갖춘 사람
121,8,본인의 역량 또는 강점과 이를 협회에서 어떻게 발휘할 것인지 서술하시기 바랍니다.,본인 역량 강점 협회 어떻게 발휘할 것인지 서술하시기 바랍니다
122,8,KT 및 해당 직무에 지원한 동기와 KT 입사 후 해당 직무의 전문가로 성장하기 위해 어떠한 노력을 할 지 구체적으로 기술해 주십시오. (최대 500자 입력가능),KT 해당 직무 지원한 동기 KT 입사 해당 직무 전문가 성장하기 어떠한 노력 구체적 기술해
123,8,"지원 직무와 관련된 협업 경험을 본인이 수행한 역할 중심으로 제시하고, 해당 경험을 통해 무엇을 얻었는지 기술해 주십시오. (최대 500자 입력가능)",지원 직무 관련된 협업 경험 본인 수행한 역할 중심 제시 해당 경험 무엇 얻었는지 기술해
124,8,지원 직무와 관련해서 본인의 대표적인 연구/Project 수행 경험에 대해 구체적으로 기술해 주십시오. (최대 500자 입력가능),지원 직무 관련 본인 대표적인 연구Project 수행 경험 대해 구체적 기술해
125,8,"IBK캐피탈의 일원이 되기 위하여 필요한 역량은 무엇이고, 이러한 점을 갖추기 위해 그 동안 준비한 것을 설명하시오.",IBK캐피탈 일원 되기 필요한 역량 무엇 이러한 갖추기 동안 준비한 설명하
126,8,"희망하는 직무를 수행함에 있어서 요구되는 역량을 갖추기 위해 어떠한 학습 또는 도전적인 경험을 하였고, 입사 후 이를 어떻게 발전시켜 나갈 것인지 서술하여 주십시오.(800자)",희망 직무 수행함 있어서 요구되 역량 갖추기 어떠한 학습 도전적인 경험 하였고 입사 어떻게 발전시켜 나갈 것인지 서술 주십시오800자
127,8,"해당 직무의 지원동기를 포함하여, 직무관련 본인이 보유한 강점과 보완점 사례를 통하여 구체적으로 기술해주시기 바랍니다.(1000자)",해당 직무 지원동기 포함 직무 본인 보유한 강점 보완점 사례 구체적 기술해주시기 바랍니다
128,8,본인이 지원한 직무와 관련된 본인의 향후 미래 계획에 대해 구체적으로 기술해주시기 바랍니다.(500자),본인 지원한 직무 관련된 본인 향후 미래 계획 대해 구체적 기술해주시기 바랍니다500자
129,8,"1.? 지원 직무에 요구되는 역량은 무엇이라고 생각하며, 이를 갖추기 위해 어떠한 노력을 해왔는지 기술해 주십시오. 550자",지원 직무 요구되 역량 무엇이라고 생각 갖추기 어떠한 노력 해왔는지 기술해 550자
130,8,"본인의 역량을 나타낼 수 있는 주요 전공과목(최대 5개)을 선정하여, 해당 과목에서 습득한 역량 및 성취도(학점)를 기술해 주십시오.",본인 역량 나타낼 주요 전공과목 선정 해당 과목 습득한 역량 성취도학점 기술해
131,8,"채용공고 상의 수행직무 중 본인의 희망직무를 기술하고, 동 직무 수행을 위한 본인의 강점을 구체적으로 기술하시오. (학업(전공), 경험 등을 포함)[ 500자 이상 700자 이내 ]",채용공고 수행직무 본인 희망직무 기술 직무 수행 본인 강점 구체적 기술하 경험 포함
132,8,[직무 핵심 역량],직무 핵심 역량
133,8,"지원한 직무를 수행함에 있어 본인의 강점, 노력, 성과를 사례 중심으로 서술하여 주십시오.",지원한 직무 수행함 있어 본인 강점 노력 성과 사례 중심 서술
134,8,2. 지원 분야와 관련하여 다양한 분야에서 쌓은 경력 및 경험 활동에 대하여 아래 기준에 따라 상세히 기술해 주시기 바랍니다.2-1. 입사지원서에 기입한 지원 직무와 관련한 경력 및 경험 활동의 주요 내용과 본인의 역할에 대해서 구체적으로 기술해 주십시오. (600byte 이내),지원 분야 관련 다양한 분야 경력 경험 활동 아래 기준 따라 상세히 기술해 주시기 바랍니다2 입사지원서 기입한 지원 직무 관련한 경력 경험 활동 주요 내용 본인 역할 구체적 기술해
135,8,2-2. 위 경력 및 경험 활동이 우리 병원 입사 후 지원 분야의 직무 수행에 어떻게 도움이 될지 구체적으로 기술해 주십시오. (600byte 이내),경력 경험 활동 우리 병원 입사 지원 분야 직무 수행 어떻게 도움 될지 구체적 기술해
136,8,'JYP'에 관심을 가지게 된 계기와 해당 직무에 지원하신 이유를 작성하시기 바랍니다. (1000자 이내),JYP 관심 가지게 계기 해당 직무 지원하신 이유 작성하시기 바랍니다
137,8,급변하는 방송 환경 속에서 방송업계 또는 본인이 지원한 직무에서 나아가야 할 방향은 무엇인지 제시해주세요. (100자 이상 - 500자 이내),급변 방송 환경 방송업계 본인 지원한 직무 나아가야 방향 무엇인지 제시해
138,8,"DL이앤씨와 지원 직무에 본인이 선발되어야 하는 이유를 자유 형식으로 기재해 주세요 (최대 1,500자 입력가능)",DL이앤씨 지원 직무 본인 선발되어야 이유 자유 형식 기재해
139,8,"지원 직무와 관련하여 역량 및 전문성을 키우기 위해 어떤 활동과 노력을 기울였는지 작성해 주세요. (최대 1,000자 입력가능)",지원 직무 관련 역량 전문성 키우기 어떤 활동 노력 기울였는지 작성해
140,8,"1. 본인이 지원한 직무의 지원동기와 입사 후 어떻게 성장하고 싶은지 작성해주십시오. [직무에 관심을 가지가 된 계기, 향후 성장목표 및 보완점 등]",본인 지원한 직무 지원동기 입사 어떻게 성장 싶은지 작성해주 직무 관심 가지 계기 향후 성장목표 보완점
141,8,2. 지원 직무에 본인이 적합하다고 생각하는 이유와 직무수행에 필요한 역량을 기르기 위해 했던 행동 및 활동을 작성해주십시오.,지원 직무 본인 적합하다고 생각 이유 직무수행 필요한 역량 기르기 했던 행동 활동 작성해주
142,8,"4. 지원 직무 또는 본인에 대해서 어필할 수 있는 내용을 자유롭게 작성하시기 바랍니다. [연구직무의 경우 프로젝트, 논문, 습득한 지식, 결과 및 성과 등을 주요내용 위주로 작성]",지원 직무 본인 어필할 내용 자유롭게 작성하시기 바랍니다 연구직무 경우 프로젝트 논문 습득한 지식 주요내용 위주 작성
143,8,"본인이 지원하는 직무가 왜 중요한지 설명하고, 해당 직무를 수행하는데 있어 본인만의 차별화 된 역량을 구체적으로 기술해 주십시오. (최대 700자 입력가능)",본인 지원 직무 중요한지 설명 해당 직무 수행하는데 있어 본인만 차별화 역량 구체적 기술해
144,8,지원 분야를 선택한 이유와 본인이 해당 직무에 적합하다고 판단할 수 있는 근거를 구체적인 경험과 함께 소개해주세요.,지원 분야 선택한 이유 본인 해당 직무 적합하다고 판단할 근거 구체적인 경험 소개해
145,8,"지원하는 직무의 핵심 역량을 정의하고, 해당 역량을 갖추기 위해 노력한 경험과 향후 자신의 커리어를 어떻게 쌓아가고 싶은지 작성해 주세요.",지원 직무 핵심 역량 정의 해당 역량 갖추기 노력한 경험 향후 자신 커리어 어떻게 쌓아가고 싶은지 작성해
146,8,1. 지원분야를 선택한 이유와 이 직무에 본인이 적임자라고 설명할 수 있는 근거를 경험을 바탕으로 서술하여 주십시오.,지원분야 선택한 이유 직무 본인 적임자라고 설명할 근거 경험 바탕 서술
147,8,지원하는 직무의 본인만의 역량과 관련 역량을 키우기 위해 노력한 과정을 기술하세요.,지원 직무 본인만 역량 역량 키우기 노력한 과정 기술하
148,8,"지원 직무에서 다른 지원자들과 ‘차별화 되는 강점 키워드’를 해시태그 형태로 표현한 후, 지식, 경험, 성격의 각 강점을 서술하세요. (800자)",지원 직무 다른 지원자들 차별화 강점 키워드 해시태그 형태 표현한 지식 경험 성격 강점 서술하 800자
149,8,"본인이 선택한 직무를 담당하고 싶은 이유, 적합성 등에 대해 자유롭게 설명해 보십시오. (200-800자)",본인 선택한 직무 담당 이유 적합성 대해 자유롭게 설명해
150,8,지원 직무에 관심을 갖게 된 계기와 해당 직무 수행 시 필요한 역량을 키우기 위해 어떠한 경험과 노력을 했는지 작성해 주세요.,지원 직무 관심 갖게 계기 해당 직무 수행 필요한 역량 키우기 어떠한 경험 노력 했는지 작성해
151,8,"My Competency 1. 본인의 지원분야와 관련된 경험을 가이드와 같은 형식으로 기술하시기 바랍니다. 2. LG에너지솔루션이 지향해야할 방향성에 대해 논하고, 위의 경험을 바탕으로 해당 직무에 어떻게 기여할 수 있는지 구체적으로 작성해주세요. [예시 가이드] 1-1. 회사/인턴 경력 회사명: OOO 부서명: OO부서 직무: OO 최종직위: OO 근무기간: 2023.01~2023.02 활동내역: - OOO분석 1-2. 대내외활동/공모전 단체명: 기간: 활동내용: 수상내역: 1-3. 전공수업 프로젝트 수업명: 주제: 기간: 활동 내용: 2. LG에너지솔루션이 지향해야 할 방향성에 대해 논하고, 위의 경험을 바탕으로 해당 직무에 어떻게 기여할 수 있는지 구체적으로 작성하세요.",My Competency 본인 지원분야 관련된 경험 가이드 형식 기술하시기 바랍니다 LG에너지솔루션 지향해야할 방향성 대해 경험 바탕 해당 직무 어떻게 기여할 있는지 구체적 작성해 예시 가이드 회사인턴 경력 회사명 OOO 부서명 OO부서 직무 OO 최종직위 OO 근무기간 01 02 활동내역 OOO분석 대내외활동공모전 단체명 기간 활동내용 수상내역 전공수업 프로젝트 수업명 주제 기간 활동 내용 LG에너지솔루션 지향 방향성 대해 경험 바탕 해당 직무 어떻게 기여할 있는지 구체적 작성하
152,8,* 모든 질문은 800자 이내 및 20줄을 넘지 않도록 작성 부탁 드립니다. * [선택]외 항목은 각 100Byte 이상 입력하셔야 최종제출할 수 있습니다. 해당 직무의 지원 동기와 본인이 지원 직무에 적합하다는 것을 나타낼 수 있는 강점과 약점을 구체적으로 기술해 주십시오,모든 질문 20줄 넘지 않도록 작성 부탁 드립니다 선택외 항목 100Byte 이상 입력하셔야 최종제출할 해당 직무 지원 동기 본인 지원 직무 적합하다 나타낼 강점 약점 구체적 기술해
153,8,"지원 직무와 관련된 최근 이슈/트렌드/사회현상 중 한가지를 선택하고, 자신의 견해를 기술해 주십시오",지원 직무 관련된 최근 이슈트렌드사회현상 한가지 선택 자신 견해 기술해
154,8,"지원 직무 관련 수강과목(전공/교양과목, 최대 2개)을 선정하고, 선정 사유 및 직무 수행 시 어떻게 활용 할 것인지를 기술해 주십시오",지원 직무 수강과목 선정 선정 사유 직무 수행 어떻게 활용 것인지 기술해
155,8,1. 스마트로 및 해당 직무에 지원한 동기와 스마트로에 입사 후 해당 직무의 전문가로 성장하기 위해 어떠한 노력을 할지 구체적으로 기술해 주십시오.,스마트 해당 직무 지원한 동기 스마트로 입사 해당 직무 전문가 성장하기 어떠한 노력 할지 구체적 기술해
156,8,"2. 지원한 직무를 수행하기위해 필요한 핵심역량은 무엇이라고 생각하며, 그 이유에 대해 설명해 주십시오. 또한 해당 역량을 갖추기 위해 본인이 어떤 노력을 하였는지 기술해 주십시오.",지원한 직무 수행하기 필요한 핵심역량 무엇이라고 생각 이유 대해 설명해 또한 해당 역량 갖추기 본인 어떤 노력 하였는지 기술해
157,8,"2. 신용보증기금이 청년인턴에게 기대하는 역량은 무엇이라고 생각하며, 본인이 그 역량에 어떻게 부합하는지 경험 또는 교육사항 등을 포함하여 기술하여 주십시오. (400자 이상 600자 이내)",신용보증기금 청년인턴 기대 역량 무엇이라고 생각 본인 역량 어떻게 부합하는지 경험 교육사항 포함 기술
158,8,1. 현대오토에버의 해당 직무에 지원한 이유와 앞으로 현대오토에버에서 키워 나갈 커리어 계획을 작성해주시기 바랍니다.,현대오토에버 해당 직무 지원한 이유 현대오토에버 키워 나갈 커리어 계획 작성해주시기 바랍니다
159,8,"2. 지원 직무와 관련하여 어떠한 역량을(지식/기술 등) 강점으로 가지고 있는지, 그 역량을 갖추기 위해 무슨 노력과 경험을 했는지 구체적으로 작성해주시기 바랍니다.",지원 직무 관련 어떠한 역량 강점 가지고 있는지 역량 갖추기 무슨 노력 경험 했는지 구체적 작성해주시기 바랍니다
160,8,"지원 분야 관련 본인의 직무 역량 또는 전문성에 대해 기술하고, 입사 후 직무 전문가로서의 성장 Vision을 서술해주세요., 회사에 기여할 수 있는 점, 성장 Vision(경력 개발 계획, 최종 목표 등)을 포함하여 구체적으로 기술)",지원 분야 본인 직무 역량 전문성 대해 기술 입사 직무 전문가로서 성장 Vision 서술해 회사 기여할 성장 Vision 포함 구체적 기술
161,8,지원분야를 선택한 이유와 이 직무에 본인이 적임자라고 설명할 수 있는 근거를 경험을 바탕으로 서술하여 주십시오.,지원분야 선택한 이유 직무 본인 적임자라고 설명할 근거 경험 바탕 서술
162,8,"본인이 수행하고 싶은 세부 희망 직무는 무엇입니까? 희망 직무에 요구되는 역량은 무엇이라고 생각하며, 이를 갖추기 위해 어떠한 노력을 해왔는지 기술해 주십시오.",본인 수행 세부 희망 직무 무엇입니까 희망 직무 요구되 역량 무엇이라고 생각 갖추기 어떠한 노력 해왔는지 기술해
163,8,"지원한 직무와 관련하여 본인만의 경쟁력은 무엇이며, 이를 얻기 위해 노력했던 구체적인 사례를 작성해 주세요.",지원한 직무 관련 본인만 경쟁력 무엇 얻기 노력했던 구체적인 사례 작성해
164,8,"영화관 운영 직무 준비 과정에서 영화관에 대해 느낀점과 본인만의 강점, 관련된 지식/경험을 구체적으로 기술해주세요.",영화관 운영 직무 준비 과정 영화관 대해 느낀점 본인만 강점 관련된 지식경험 구체적 기술해
165,8,"1. 코오롱글로벌에 지원한 동기는 무엇이며, 희망하는 직무의 역량을 키우기 위해 어떤 노력을 하였는지 기술하여 주십시오. (",코오롱글로벌 지원한 동기 무엇 희망 직무 역량 키우기 어떤 노력 하였는지 기술
166,8,"3. 코오롱글로벌이 인턴사원에게 기대하는 역량은 무엇이라고 생각하며, 인턴기간 동안의 목표를 구체적으로 기술하여 주십시오.",코오롱글로벌 인턴사원 기대 역량 무엇이라고 생각 인턴기간 동안 목표 구체적 기술
167,8,"지원하는 직무을 수행하기 위하여 가장 중요하다고 생각하는 역량 2가지를 기술하고, 그 이유와 해당 역량을 갖추기 위해 어떤 준비와 경험을 하였는지 구체적으로 기술하시오.",지원 직무 수행하기 가장 중요하다고 생각 역량 2가지 기술 이유 해당 역량 갖추기 어떤 준비 경험 하였는지 구체적 기술하
168,8,3. 지원직무를 선택한 이유와 그 직무를 수행함에 있어 본인만의 차별화된 역량은 무엇인지 설명해 주세요.,지원직무 선택한 이유 직무 수행함 있어 본인만 차별화된 역량 무엇인지 설명해
169,8,"지원한 직무 관련 본인이 갖고 있는 전문지식/경험을 작성하고, 이를 바탕으로 본인이 지원 직무에 적합한 사유를 구체적으로 서술해 주시기 바랍니다.",지원한 직무 본인 갖고 전문지식경험 작성 바탕 본인 지원 직무 적합한 사유 구체적 서술해 주시기 바랍니다
170,8,3. 역량을 키우기 위한 노력,역량 키우기 노력
171,8,본인만의 차별화된 직무 관련 경험과 이를 통해 지원한 회사 및 사업부에 기여할 수 있는 점에 대해 구체적으로 기술해 주세요.,본인만 차별화된 직무 경험 지원한 회사 사업부 기여할 대해 구체적 기술해
172,8,지원한 직무에서 하고 싶은 일과 커리어 목표에 대해 구체적으로 기술해 주세요.,지원한 직무 커리어 목표 대해 구체적 기술해
173,8,지원한 직무와 관련하여 자신이 갖춘 역량에 대하여 서술해 주시기 바랍니다.,지원한 직무 관련 자신 갖춘 역량 서술해 주시기 바랍니다
174,8,"지원 분야를 선택한 이유와, 이 직무에 본인이 적임자라고 설명할 수 있는 근거를 본인의 경험을 바탕으로 작성해 주세요.",지원 분야 선택한 이유 직무 본인 적임자라고 설명할 근거 본인 경험 바탕 작성해
175,8,지원한 직무를 수행하기 위한 본인만의 역량 및 경험에 대해 작성하시오.*,지원한 직무 수행하기 본인만 역량 경험 대해 작성하
176,8,지원 분야와 관련하여 경력 및 경험 활동에 대하여 아래 기준에 따라 상세히 기술하여 주십시오. (자기개발능력) 2-1. 지원 직무와 관련 경력 및 경험의 주요 내용과 본인의 역할에 대하여 구체적으로 기술해 주십시오.,지원 분야 관련 경력 경험 활동 아래 기준 따라 상세히 기술 지원 직무 경력 경험 주요 내용 본인 역할 구체적 기술해
177,8,위 경력 및 경험이 우리 의학원 입사 후 지원 분야의 직무 수행에 어떻게 도움이 될 지 구체적으로 기술해 주십시오.,경력 경험 우리 의학원 입사 지원 분야 직무 수행 어떻게 도움 구체적 기술해
178,8,"지원 직무 수행에 필요한 지식, 기술 등 남들과 다른 전문성을 갖추기 위해 어떤 준비를 하였으며, 본인의 어떠한 면이 해당 직무에 적합한지를 구체적으로 작성해주시기 바랍니다.",지원 직무 수행 필요한 지식 기술 남들 다른 전문성 갖추기 어떤 준비 하였으며 본인 어떠한 해당 직무 적합한지 구체적 작성해주시기 바랍니다
179,8,Q.3. 지원하는 직무와 연계하여 본인의 장단점을 서술하시오.,지원 직무 연계 본인 장단점 서술하
180,8,Q.4. 지원하는 직무에 대한 역량 및 경험을 작성해주세요.,지원 직무 역량 경험 작성해
181,8,지원 직무 관련하여 최근 관심있는 분야 및 해당 분야 역량 강화를 위해 노력한 점을 기술해주세요.,지원 직무 관련 최근 관심 분야 해당 분야 역량 강화 노력한 기술해
182,8,"본인이 지원하는 직무가 왜 중요한지 설명하고, 해당 직무를 수행하는데 있어 본인만의 차별화 된 역량을 구체적으로 기술해 주십시오.",본인 지원 직무 중요한지 설명 해당 직무 수행하는데 있어 본인만 차별화 역량 구체적 기술해
183,8,"지원 직무와 관련하여, 학교/사회 생활을 통해 본인의 전문성 및 역량 개발에 도움이 되었던 것들은?",지원 직무 관련 학교사회 생활 본인 전문성 역량 개발 도움 되었던 것들
184,8,"1. CJ제일제당과 해당 직무에 지원한 동기는 무엇인가요? 1) CJ제일제당이어야만 하는 이유, 2) BIO사업부문이어야만 하는 이유, 3) 지원 직무에 관심을 갖게 된 게기 및 입사 후 성장 목표 (1,000자 이내)",CJ제일제당 해당 직무 지원한 동기 무엇인가요 CJ제일제당이어야 이유 BIO사업부문이어야 이유 지원 직무 관심 갖게 게기 입사 성장 목표
185,8,3. 지원한 직무를 본인이 잘 수행할 수 있다고 생각하는 이유와 특별히 노력한 경험에 대하여 서술하시오. (700자 이내),지원한 직무 본인 수행할 있다고 생각 이유 특별히 노력한 경험 서술하
186,8,"당사 지원분야의 직무를 수행하는데 필요한 역량은 무엇이며, 그 직무를 수행하는 데 있어 본인이 적합하다고 생각하는 사유를 서술해 주시기 바랍니다.",당사 지원분야 직무 수행하는데 필요한 역량 무엇 직무 수행 있어 본인 적합하다고 생각 사유 서술해 주시기 바랍니다
187,8,지원한 직무를 수행함에 있어 다른 사람과 차별화되는 본인만의 강점을 기술하여 주십시오.,지원한 직무 수행함 있어 다른 사람 차별화되 본인만 강점 기술
188,8,지원한 직무와 관련하여 본인이 수행해온 노력과 입사 후 해당 직무분야에서 본인의 발전 방향을 기술해 주십시오.(자기개발능력),지원한 직무 관련 본인 수행해온 노력 입사 해당 직무분야 본인 발전 방향 기술해
189,8,"지원한 직무에 필요한 역량은 무엇이라고 생각하며, 본인이 해당 직무에 적합하다고 판단할 수 있는 근거를 기술하기시 바랍니다.",지원한 직무 필요한 역량 무엇이라고 생각 본인 해당 직무 적합하다고 판단할 근거 기술하기시 바랍니다
190,8,"[직무 관련 경험] 교과목, 동아리, 프로젝트 등을 통해 실제로 구현과정에 참여했던 직무 관련 경험을 서술하고, 그 과정에서 드러난 본인의 강점분야 또는 관심분야를 작성하시오.",직무 경험 교과목 동아리 프로젝트 실제 구현과정 참여했던 직무 경험 서술 과정 드러난 본인 강점분야 관심분야 작성하
191,8,지원한 직무와 삶의 목표가 어떤 연관성이 있는지 적어주세요.,지원한 직무 목표 어떤 연관성 있는지 적어
192,8,지원한 직무를 하기 위한 구체적인 준비과정을 적어주세요.,지원한 직무 하기 구체적인 준비과정 적어
193,8,"CJ제일제당과 해당 직무에 지원한 동기는 무엇인가요? ① CJ제일제당이어야만 하는 이유, ② BIO사업부문이어야만 하는 이유 ③ 지원 직무에 관심을 갖게 된 계기 및 입사 후 성장 목표 (1,000자 이내)",CJ제일제당 해당 직무 지원한 동기 무엇인가요 CJ제일제당이어야 이유 BIO사업부문이어야 이유 지원 직무 관심 갖게 계기 입사 성장 목표
194,8,지원한 직무를 본인이 잘 수행할 수 있다고 생각하는 이유와 특별히 노력한 경험에 대하여 서술하시오,지원한 직무 본인 수행할 있다고 생각 이유 특별히 노력한 경험 서술하
195,8,입사 지원 분야에 대한 본인의 직무 수행 경험을 설명해 주세요.,입사 지원 분야 본인 직무 수행 경험 설명해
196,8,본인이 지원하는 직무에 있어 그 일을 잘할 수 있는 차별화된 역량 및 그와 관련된 경험을 3가지 이내로 기술해 주십시오.,본인 지원 직무 있어 잘할 차별화된 역량 관련된 경험 3가지 이내 기술해
197,8,"지원한 직무에 관심을 갖게 된 계기 및 이 직무를 성공적으로 수행할 수 있다고 생각하는 이유, 지금까지 해온 노력, 성과 등을 작성해 주시기 바랍니다.",지원한 직무 관심 갖게 계기 직무 성공적 수행할 있다고 생각 이유 지금 해온 노력 작성해 주시기 바랍니다
198,8,"지원하신 직무에 지원한 동기는 무엇이며, 해당 직무에 대하여 본인의 강점을 구체적 사례와 함께 말씀해 주십시오.",지원하신 직무 지원한 동기 무엇 해당 직무 본인 강점 구체적 사례 말씀해
199,8,본인이 지원한 직무와 관련된 이슈를 선정하여 그에 대한 본인의 생각을 기술해 주십시오. (700자),본인 지원한 직무 관련된 이슈 선정 본인 생각 기술해 700자
200,8,구체적인 지원 직무와 해당 직무를 지원한 동기에 대해서 기재하여 주시기 바랍니다. (500~700자),구체적인 지원 직무 해당 직무 지원한 동기 기재 주시기 바랍니다
201,8,"본인의 희망하는 상세 직무를 쓰고, 그 직무를 수행하기 위해 어떠한 노력을 해왔는지 기술하십시오.",본인 희망 상세 직무 쓰고 직무 수행하기 어떠한 노력 해왔는지 기술하
202,8,"지원직무를 수행함에 있어 가장 필요한 역량이 무엇인지 기술하고, 해당 역량을 갖추기 위해 어떤 노력을 해왔는지 기술해주십시오.",지원직무 수행함 있어 가장 필요한 역량 무엇인지 기술 해당 역량 갖추기 어떤 노력 해왔는지 기술해주
203,8,귀하가 지원한 직무를 잘 수행할 수 있다고 생각하는 이유를 본인의 경험과 관련지어 구체적으로 서술해 주십시오.,귀하 지원한 직무 수행할 있다고 생각 이유 본인 경험 관련지어 구체적 서술해
204,8,"(전문성) 지원한 직무와 관련된 경력 또는 경험사항을 토대로 습득한 능력을 상세히 기재하고, 이를 습득하기 위해 어떤 노력을 기울였는지 기재해주십시오. 요약 답변(100자 이내)",전문성 지원한 직무 관련된 경력 경험사항 토대 습득한 능력 상세히 기재 습득하기 어떤 노력 기울였는지 기재해주 요약 답변
205,8,직무와 관련한 본인의 전공 및 경험,직무 관련한 본인 전공 경험
206,8,"1. 여러분이 선택한 계열사 및 직무에 대한 지원동기는 무엇인가요? ① 선택한 계열사가 아니면 안되는 이유, ② 직무에 관심갖게 된 계기, ③ 본인이 직무를 잘 수행할 수 있는 이유를 반드시 포함하여 구체적으로 작성해 주세요.",여러분 선택한 계열사 직무 지원동기 무엇인가요 선택한 계열사 아니면 안되 이유 직무 관심갖게 계기 본인 직무 수행할 이유 반드시 포함 구체적 작성해
207,8,"2. 지원한 직무 수행 시 필요한 역량은 무엇이라고 생각하며, 해당 직무를 잘 수행할 수 있는 이유에 대해 본인만의 차별화된 강점 및 준비과정, 경험(학업, 학업 외 활동 등)을 포함하여 구체적으로 작성해 주세요. (1,000자 이내)",지원한 직무 수행 필요한 역량 무엇이라고 생각 해당 직무 수행할 이유 대해 본인만 차별화된 강점 준비과정 경험 포함 구체적 작성해
208,8,조직 생활과 지원 직무 수행을 위한 본인의 강점에 대해 작성해 주세요.,조직 생활 지원 직무 수행 본인 강점 대해 작성해
209,8,"그동안 쌓은 지식, 능력, 활동 및 경험 등을 기반으로 지원한 직무에 본인이 가장 적합하다는 것을 지원한 직무의 업무 내용과 매칭하여 말씀해 주세요. (최대 500자 입력가능)",그동안 지식 능력 활동 경험 기반 지원한 직무 본인 가장 적합하다 지원한 직무 업무 내용 매칭 말씀해
210,8,"평소 CU편의점 이용 시 느낀 장단점을 기술하고, CU편의점의 경쟁력을 제고할 수 있는 아이디어를 설명해 주세요. 가능하다면 지원한 직무와 연계하여 적어주시고, 어려운 경우 고객 입장에서 설명해 주세요. (최대 700자 입력가능)",평소 CU편의점 이용 느낀 장단점 기술 CU편의점 경쟁력 제고할 아이디어 설명해 가능하다면 지원한 직무 연계 적어주시고 어려운 경우 고객 입장 설명해
211,8,채용분야와 관련된 본인의 보유 역량을 기술해 주십시오.,채용분야 관련된 본인 보유 역량 기술해
212,8,해당 직무에 지원하게 된 동기와 이 직무를 수행하기 위한 본인만의 강점에 대해 구체적 사례를 들어 설명해주십시오. 또한 이를 바탕으로 입사 후 실현하고자 하는 커리어 목표에 대해서도 함께 작성해주시기 바랍니다. (1000자),해당 직무 지원하게 동기 직무 수행하기 본인만 강점 대해 구체적 사례 들어 설명해주 또한 바탕 입사 실현하고자 커리어 목표 대해서 작성해주시기 바랍니다
213,8,UMC에 관심을 가지게 된 계기와 본인이 직무를 잘 수행할 수 있는 이유를 작성해 주세요. (필수,UMC 관심 가지게 계기 본인 직무 수행할 이유 작성해 필수
214,8,직무 수행 시 남들과 차별화 된 강점을 키워드로 선정하여 구체적으로 작성해주세요.(ex. #기획력 #협동 #소통의 왕),직무 수행 남들 차별화 강점 키워드 선정 구체적 작성해
215,8,"지원분야의 관련 직무를 수행한 경력 또는 경험 중 대표적인 것에 대하여 기술해 주십시오. (1,000자 이내)",지원분야 직무 수행한 경력 경험 대표적인 기술해
216,8,지원하는 직무에 대한 역량 및 경험 (500),지원 직무 역량 경험 500
217,8,전문성 측면에서 본인이 지원한 직무의 적임자라고 말할 수 있는 이유를 기술하시오.(350~500자),전문성 측면 본인 지원한 직무 적임자라고 말할 이유 기술하
218,8,"지원 분야와 관련된 경험 및 역량, 관심사항, 개인의 목표 및 비전, 지원동기, 전문성 등 자신을 어필할 수 있는 내용을 기반으로 자유롭게 기술하시기 바랍니다. 지원직무를 선택한 이유와 그 직무를 수행함에 있어 본인만의 차별화된 역량은 무엇인지 설명해 주세요.",지원 분야 관련된 경험 역량 관심사항 개인 목표 비전 지원동기 전문성 자신 어필할 내용 기반 자유롭게 기술하시기 바랍니다 지원직무 선택한 이유 직무 수행함 있어 본인만 차별화된 역량 무엇인지 설명해
219,8,"서울특별시 사회서비스원에 입사하고자 하는 이유와, 사회서비스원에서 본인이 발휘할 수 있는 전문성을 구체적으로 기술해 주십시오. 지원 직무관련 경험과 교육을 기반으로 서술해주시기 바랍니다. 최소 100자 이상 기재하시기 바랍니다. (최대 800자 입력가능)",서울특별시 사회서비스원 입사하고자 이유 사회서비스원 본인 발휘할 전문성 구체적 기술해 지원 직무 경험 교육 기반 서술해주시기 바랍니다 최소 기재하시기 바랍니다
220,8,해당 직무에 지원한 이유와 본인이 그 직무에 적합하다고 생각하는 이유를 사례를 통해 구체적으로 기술해 주세요.,해당 직무 지원한 이유 본인 직무 적합하다고 생각 이유 사례 구체적 기술해
221,8,지원하는 직무와 연계하여 본인의 장단점을 서술하시오.,지원 직무 연계 본인 장단점 서술하
222,8,지원하는 직무에 대한 역량 및 경험,지원 직무 역량 경험
223,8,직무와 관련한 본인의 경험,직무 관련한 본인 경험
224,8,"제약영업(전문의약품) 직무에 대해 본인이 알고 있는 내용을 서술하고, 본인이 해당 직무에 적합한 사유를 작성해주십시오?",제약영업 직무 대해 본인 알고 내용 서술 본인 해당 직무 적합한 사유 작성해주
225,8,지원한 직무에 적합한 이유(본인의 차별화된 역량을 근거로 기재),지원한 직무 적합한 이유
226,8,"직무 경력, 동아리 활동, 교육사항, 수상경력",직무 경력 동아리 활동 교육사항 수상경력
227,8,"필수 여러분이 선택한 계열사 및 직무에 대한 지원동기는 무엇인가요? ① 선택한 계열사가 아니면 안되는 이유, ② 직무에 관심갖게 된 계기, ③ 본인이 직무를 잘 수행할 수 있는 이유를 반드시 포함하여 구체적으로 작성해 주세요. (1,000자 이내)",필수 여러분 선택한 계열사 직무 지원동기 무엇인가요 선택한 계열사 아니면 안되 이유 직무 관심갖게 계기 본인 직무 수행할 이유 반드시 포함 구체적 작성해
228,8,해당 직무에 본인이 적합하다고 판단하는 이유를 업무 경력/역량 관점에서 구체적으로 기술하시오.,해당 직무 본인 적합하다고 판단 이유 업무 경력역량 관점 구체적 기술하
229,8,지원 직무 관련 자신이 갖춘 역량에 대하여 구체적으로 기술하여 주십시오.,지원 직무 자신 갖춘 역량 구체적 기술
230,8,지원 분야에 관련된 경험 또는 역량 등을 바탕으로 작성해주시기 바랍니다.,지원 분야 관련된 경험 역량 바탕 작성해주시기 바랍니다
231,8,여러분이 CJ ENM과 해당 직무에 지원한 이유는 무엇인가요? ①CJ ENM과 해당 직무에 관심을 갖게 된 계기와 ②입사 후 성장비전을 반드시 포함하여 작성해주세요. (700자 이내),여러분 CJ ENM 해당 직무 지원한 이유 무엇인가요 CJ ENM 해당 직무 관심 갖게 계기 입사 성장비전 반드시 포함 작성해
232,8,"본인이 해당 직무를 잘 수행할 수 있는 이유를 ①도전정신 ②성과창출 경험을 모두 포함하여 구체적인 사례 중심으로 작성해주세요. (1,000자 이내)",본인 해당 직무 수행할 이유 도전정신 성과창출 경험 모두 포함 구체적인 사례 중심 작성해
233,8,"본인이 해당 직무를 잘 수행할 수 있는 이유를 ①도전정신 ②협업 경험을 모두 포함하여 구체적인 사례 중심으로 작성해주세요. (1,000자 이내)",본인 해당 직무 수행할 이유 도전정신 협업 경험 모두 포함 구체적인 사례 중심 작성해
234,8,"지원한 직무 관련 본인이 갖고 있는 전문지식/경험을 작성하고, 이를 바탕으로 본인이 지원 직무에 적합한 사유를 구체적으로 서술하시기 바랍니다.",지원한 직무 본인 갖고 전문지식경험 작성 바탕 본인 지원 직무 적합한 사유 구체적 서술하시기 바랍니다
235,8,지원직무를 선택한 이유와 그 직무를 수행함에 있어 본인만의 차별화된 역량은 무엇인지 설명해주세요.,지원직무 선택한 이유 직무 수행함 있어 본인만 차별화된 역량 무엇인지 설명해
236,8,"지원 분야와 관련하여 본인이 충분한 역량 또는 잠재력을 갖고 있다고 어필할 수 있는 근거를 경험(인턴, 아르바이트, 수행과제 등) 또는 사례와 함께 이야기해 주세요.",지원 분야 관련 본인 충분한 역량 잠재력 갖고 있다고 어필할 근거 경험 사례 이야기해
237,8,본 직무에 지원한 이유와 해당 직무에 본인이 적합하다고 판단하는 근거를 기술하여 주십시오. (최대 800자)최소 400자.,직무 지원한 이유 해당 직무 본인 적합하다고 판단 근거 기술 최소 400자
238,8,개인의 핵심 역량과 자격,개인 핵심 역량 자격
239,8,"원한 직무와 관련하여 본인이 학습한 주요 전공 과목은 무엇이었으며, 학습 결과와 공부를 하면서 느낀 점에 대해 서술하시오.",원한 직무 관련 본인 학습한 주요 전공 과목 무엇이었으며 학습 결과 공부 하면서 느낀 대해 서술하
240,8,본인이 지원한 직무관련 지원동기와 역량에 대하여,본인 지원한 직무 지원동기 역량
241,8,본인이 지원한 직무관련 향후 계획에 대하여,본인 지원한 직무 향후 계획
242,8,"본인이 지원한 직무 관련 지원동기와 역량에 대하여 해당 직무의 지원동기를 포함하여, 직무 관련 본인이 보유한 강점과 보완점을 사례를 통하여 구체적으로 기술해주시기 바랍니다.",본인 지원한 직무 지원동기 역량 해당 직무 지원동기 포함 직무 본인 보유한 강점 보완점 사례 구체적 기술해주시기 바랍니다
243,8,본인이 지원한 직무 관련 향후 계획에 대하여 본인이 지원한 직무와 관련된 본인의 향후 미래 계획에 대해 구체적으로 기술해주시기 바랍니다.,본인 지원한 직무 향후 계획 본인 지원한 직무 관련된 본인 향후 미래 계획 대해 구체적 기술해주시기 바랍니다
244,8,한세실업 해당 직무에 지원하게 된 이유와 선택 직무에 대해 본인이 적합하다고 판단할 수 있는 이유 및 근거를 제시하여 주십시오. (1000자),한세실업 해당 직무 지원하게 이유 선택 직무 대해 본인 적합하다고 판단할 이유 근거 제시
245,8,"희망하는 직무를 수행함에 있어서 요구되는 역량을 갖추기 위해 어떠한 학습 또는 도전적인 경험을 하였고, 입사 후 이를 어떻게 발전시켜 나갈 것인지 서술하여 주십시오.",희망 직무 수행함 있어서 요구되 역량 갖추기 어떠한 학습 도전적인 경험 하였고 입사 어떻게 발전시켜 나갈 것인지 서술
246,8,자신이 해당 직무에 적합한 이유를 보유한 지식/기술/경험 측면에서 구체적으로 작성해주세요.,자신 해당 직무 적합한 이유 보유한 지식기술경험 측면 구체적 작성해
247,8,직무역량/전문성과 본인의 노력 - 지원한 직무를 수행하기 위한 역량을 갖추기 위해 어떠한 노력을 하였는지 작성해 주세요.,직무역량전문성 본인 노력 지원한 직무 수행하기 역량 갖추기 어떠한 노력 하였는지 작성해
248,8,직무 수행 시 예상되는 어려움은 무엇이며 이를 극복하기 위한 본인만의 강점을 작성해주십시오.,직무 수행 예상되 어려움 무엇 극복하기 본인만 강점 작성해주
249,8,"귀하가 지원한 직무의 힘들고 어려운 점은 무엇이라 생각하며, 이를 해결했던 경험은?",귀하 지원한 직무 힘들고 어려운 무엇이라 생각 해결했던 경험
250,8,해당 직무를 잘 수행할 수 있는 이유(본인의 강점),해당 직무 수행할 이유
251,8,"본인이 선택한 직무에 대해 아래 내용을 포함하여 기술하시오. ①지원한 직무의 역할이 무엇이라 생각하는지 자유롭게 기술 ②본인이 해당 직무에 적합하다는 근거를 본인의 경험을 바탕으로 기술 ③입사 후 경력개발 계획에 대해 기술 (최대 1,000자 입력가능)",본인 선택한 직무 대해 아래 내용 포함 기술하 지원한 직무 역할 무엇이라 생각하는지 자유롭게 기술 본인 해당 직무 적합하다 근거 본인 경험 바탕 기술 입사 경력개발 계획 대해 기술
252,8,DL이앤씨와 지원 직무에 본인이 선발되어야 하는 이유를 자유 형식으로 기재해 주세요,DL이앤씨 지원 직무 본인 선발되어야 이유 자유 형식 기재해
253,8,"반도체/디스플레이 장비산업에 대하여 어떻게 이해하고 있으며, 지원한 직무 관련 본인이 갖고 있는 전문지식/경험을 작성하고, 이를 바탕으로 본인이 지원 직무에 적합한 사유를 구체적으로 서술해 주시기 바랍니다. (최대 1,000자 입력가능)",반도체디스플레 장비산업 어떻게 이해 있으며 지원한 직무 본인 갖고 전문지식경험 작성 바탕 본인 지원 직무 적합한 사유 구체적 서술해 주시기 바랍니다
254,8,My Competence 본인이 지원한 직무관련 지원동기와 역량에 대하여,My Competence 본인 지원한 직무 지원동기 역량
255,8,My Future 본인이 지원한 직무관련 향후 계획에 대하여,My Future 본인 지원한 직무 향후 계획
256,8,지원한 직무에 관심을 갖게 된 계기가 어떻게 되나요? 관련하여 자신만의 강점/근거/경험 등 내용이 있다면 같이 작성해주세요.,지원한 직무 관심 갖게 계기 어떻게 되나요 관련 자신만 강점근거경험 내용 있다면 작성해
257,8,지원한 직무는 무엇입니까? 해당 직무의 전문가가 되기 위해서 입사 후 어떤 노력이 필요한지 작성하여 주십시오,지원한 직무 무엇입니까 해당 직무 전문가 되기 입사 어떤 노력 필요한지 작성
258,8,해당 직무를 잘 수행하기 위해 필요하다고 생각하는 역량을 자신의 경험을 바탕으로 작성하여 주십시오,해당 직무 수행하기 필요하다고 생각 역량 자신 경험 바탕 작성
259,8,"디지털금융 전환 시대에 DGB 대구은행의 현재 위치와 앞으로 나아갈 방향에 대하여 작성 하고, 이를 위한 본인의 역할은 무엇이 있을지 지원한 직무와 관련하여 구체적으로 기술하여 주십시오.",디지털금융 전환 시대 DGB 대구은행 현재 위치 나아갈 방향 작성 본인 역할 무엇 있을지 지원한 직무 관련 구체적 기술
260,8,"해당 직무에 지원한 동기와, 직무 역량을 키우기 위해 노력한 경험을 자세하게 기술하시오.",해당 직무 지원한 동기 직무 역량 키우기 노력한 경험 자세하게 기술하
261,8,지원하신 직무를 수행하기 위해 필요한 역량을 기르고자 어떤 노력을 했는지 구체적인 사례에 근거하여 서술해주세요. (500자),지원하신 직무 수행하기 필요한 역량 기르고자 어떤 노력 했는지 구체적인 사례 근거 서술해 500자
262,8,"지원직무를 수행함에 있어 가장 필요한 역량이 무엇인지 기술하고, 해당 역량을 갖추기 위해 어떤 노력을 해왔는지 기술해주십시오. (최대 500자 입력가능)",지원직무 수행함 있어 가장 필요한 역량 무엇인지 기술 해당 역량 갖추기 어떤 노력 해왔는지 기술해주
263,8,"지원 직무에서 다른 지원자들과 ‘차별화 되는 강점 키워드’를 해시태그 형태로 표현한 후, 지식, 경험, 성격의 각 강점을 서술하세요.",지원 직무 다른 지원자들 차별화 강점 키워드 해시태그 형태 표현한 지식 경험 성격 강점 서술하
264,8,지원한 직무에 본인이 적합하다고 생각하는 이유와 해당 직무를 위해 어떤 노력을 하였는지 기술하시오. (500자),지원한 직무 본인 적합하다고 생각 이유 해당 직무 어떤 노력 하였는지 기술하 500자
265,8,지원 직무에 필요한 역량을 키우기 위해서 어떠한 노력을 하였는지 기술하여 주십시오.,지원 직무 필요한 역량 키우기 어떠한 노력 하였는지 기술
266,8,"[필수] 보안솔루션 기술지원 직무를 수행하기 위해 필요한 역량은 무엇이며, 본인은 어떤 역량을 갖추고 있는지 기술해 주세요.",필수 보안솔루션 기술지원 직무 수행하기 필요한 역량 무엇 본인 어떤 역량 갖추고 있는지 기술해
267,8,지원하신 직무와 관련하여 갖추고 있는 본인만의 경쟁력을 구체적인 사례와 경험을 들어 말씀해주십시오.,지원하신 직무 관련 갖추고 본인만 경쟁력 구체적인 사례 경험 들어 말씀해주
268,8,"한화시스템 ICT부문은 ""SMART&CREATIVE""""라는 비전슬로건을 갖고 있습니다. 현재 IT업계에서 ""SMART&CREATIVE""가 왜 필요한지 정의하고, 지원한 직무와 관련하여 본인이 ""SMART&CREATIVE"" 한 인재라는 것을 증명할 수 있는 구체적인 사례와 경험을 말씀해주십시오.",한화시스템 ICT부문 SMARTCREATIVE라 비전슬로건 갖고 현재 IT업계 SMARTCREATIVE 필요한지 정의 지원한 직무 관련 본인 SMARTCREATIVE 인재라 증명할 구체적인 사례 경험 말씀해주
269,8,조직 생활과 지원 직무 수행을 위한 본인의 강점에 대해 작성해 주세요. (최대 500자 입력가능),조직 생활 지원 직무 수행 본인 강점 대해 작성해
270,8,희망직무와 본인에게 적합한 직무,희망직무 본인 적합한 직무
271,8,"본인이 지원한 직무 수행시 필요하다고 생각하는 역량을 중심으로 직무를 정의해보고, 해당 직무를 본인이 잘 수행할 수 있다고 판단하는 근거를 기술해주십시오. (800자 이내)",본인 지원한 직무 수행시 필요하다고 생각 역량 중심 직무 정의해보고 해당 직무 본인 수행할 있다고 판단 근거 기술해주
272,8,"CJ제일제당이 속한 식품산업군은 급속한 환경의 변화가 이루어지는 시장입니다. 식품산업군의 지원 직무 Specialist로 어떤 미래를 그리고 싶은지, 본인의 성장 계획을 작성해주십시오. (800자 이내)",CJ제일제당 속한 식품산업군 급속한 환경 변화 이루어지 시장 식품산업군 지원 직무 Specialist 어떤 미래 그리고 싶은지 본인 성장 계획 작성해주
273,8,"지원분야와 관련하여 보유한 기술 및 지식, 해당 분야의 수행 경력 또는 관련 경험과 함께 본인이 보유한 역량의 수준을 기술하여 주십시오. 본인의 차별성과 전문성이 효과적으로 드러날 수 있도록 핵심 내용 위주로 작성해주시길 바랍니다. 경력 또는 경험의 단순 나열은 지양해 주시길 바랍니다.",지원분야 관련 보유한 기술 지식 해당 분야 수행 경력 경험 본인 보유한 역량 수준 기술 본인 차별성 전문성 효과적 드러날 있도록 핵심 내용 위주 작성해주시길 바랍니다 경력 경험 단순 나열 지양해 주시길 바랍니다
274,8,"지원 분야에서 가장 중요한 실무 역량은 무엇이라고 생각하는지 정의하고, 본인의 역량 수준을 점수화하여 주십시오. (100점 만점 기준) 그리고 본인의 현재 역량을 키우기 위해 어떤 노력을 해 왔는지 기술해주십시오.",지원 분야 가장 중요한 실무 역량 무엇이라고 생각하는지 정의 본인 역량 수준 점수화 그리고 본인 현재 역량 키우기 어떤 노력 왔는지 기술해주
275,8,"지원 직무 수행에 필요한 전문 역량을 키우기 위해 노력한 경험을 작성하여 주십시오. - 전공/동아리/프로젝트/공모전/논문/연구/인턴 등 경험 종류는 무관하며, 직무 연관성이 가장 큰 경험부터 작성해 주십시오. ① 관련 경험과 ②상세 내용으로 나누어 작성 ① 관련 경험 - 관련 경험 및 수행기간 - 직무 역량과 관련 있는 객관적 증빙 가능한 경험 작성",지원 직무 수행 필요한 전문 역량 키우기 노력한 경험 작성 전공동아리프로젝트공모전논문연구인턴 경험 종류 무관 직무 연관성 가장 경험 작성해 경험 상세 내용 나누어 작성 경험 경험 수행기간 직무 역량 객관적 증빙 가능한 경험 작성
276,8,"지원 직무 수행에 필요한 전문 역량을 키우는 과정에서 타인의 협력을 최대한으로 이끌어 내며, Teamwork를 발휘해 공동의 목표 달성에 기여한 경험에 대해 작성하여 주십시오. ① 관련 경험 - 관련 경험 및 수행 기간 - 직무 역량과 관련 있는 객관적 증빙 가능한 경험 작성",지원 직무 수행 필요한 전문 역량 키우 과정 타인 협력 최대한 이끌어 내며 Teamwork 발휘해 공동 목표 달성 기여한 경험 대해 작성 경험 경험 수행 기간 직무 역량 객관적 증빙 가능한 경험 작성
277,8,지원 직무 관련 최근 중요하다고 판단하는 이슈/트렌드 한 가지를 작성하여 주십시오. 해당 이슈/트렌드가 중요하다고 판단한 사유와 SK브로드밴드 사업에 대한 이해를 바탕으로 지원 직무 담당자로서의 대응 방안을 작성하여 주십시오. ① 지원 직무 관련 중요하다고 판단되는 이슈/트렌드 ② 해당 이슈/트렌드가 중요하다고 판단한 사유와 SK브로드밴드 사업에 대한 이해를 바탕으로 지원 직무 담당자로서의 대응 방안 작성,지원 직무 최근 중요하다고 판단 이슈트렌드 가지 작성 해당 이슈트렌드 중요하다고 판단한 사유 SK브로드밴드 사업 이해 바탕 지원 직무 담당자로서 대응 방안 작성 지원 직무 중요하다고 판단되 이슈트렌드 해당 이슈트렌드 중요하다고 판단한 사유 SK브로드밴드 사업 이해 바탕 지원 직무 담당자로서 대응 방안 작성
278,8,"좋은 회사에 대해서 정의하시고, 그런 회사를 만들기 위해 본인이 지원 직무 구성원으로서 기여할 수 있는 부분에 대해서 작성하여 주십시오. - 본인이 생각하는 좋은 회사란? - 지원 직무 구성원으로서 역할, 기여 할 수 있는 부분 , 향후 계획 등 에 대해 작성",회사 정의하시고 그런 회사 만들기 본인 지원 직무 구성원으로서 기여할 부분 작성 본인 생각 회사란 지원 직무 구성원으로서 역할 기여 부분 향후 계획 대해 작성
279,8,"본인 지원 직무에 맞춰 한 가지 항목에만 내용을 작성해 주십시오. (일반행정) 대학 행정의 역할에 대한 본인의 생각을 서술하고, 본인이 우리대학이 요구하는 인재에 적합한 사유를 본인의 경험 및 역량과 연계하여 구체적으로 작성해 주십시오.",본인 지원 직무 맞춰 가지 항목에 내용 작성해 일반행정 대학 행정 역할 본인 생각 서술 본인 우리대학 요구 인재 적합한 사유 본인 경험 역량 연계 구체적 작성해
280,8,본인이 지원한 직무와 관련한 경험 및 활동은 어떤 내용인지 기술해 주십시오. (200자 이내),본인 지원한 직무 관련한 경험 활동 어떤 내용인지 기술해
281,8,품질관리 직무 수행을 위해 노력한 점,품질관리 직무 수행 노력한
282,8,"지원 직무 준비 과정과 본인만의 강점, 관련된 지식/경험을 구체적으로 기술해주세요.",지원 직무 준비 과정 본인만 강점 관련된 지식경험 구체적 기술해
283,8,"지원한 직무 관련 본인이 갖고 있는 전문지식/경험을 작성하고, 이를 바탕으로 본인이 지원 직무에 적합한 사유를 구체적으로 서술해 주시기 바랍니다. - 1000자 (영문작성 시 2000자) 이내",지원한 직무 본인 갖고 전문지식경험 작성 바탕 본인 지원 직무 적합한 사유 구체적 서술해 주시기 바랍니다
284,8,"지원 직무와 관련된 본인의 강점에 대해 경험에 근거하여 서술해 주십시오. 학교 수업, 자격증, 외부 교육, 동아리 등 어떤 경험이든 무방합니다.",지원 직무 관련된 본인 강점 대해 경험 근거 서술해 학교 수업 자격증 외부 교육 동아리 어떤 경험이든 무방
285,8,kt telecop 및 해당 직무에 지원한 동기와 kt telecop 입사 후 해당 직무의 전문가로 성장하기 위해 어떠한 노력을 할지 구체적으로 기술해 주십시오.,kt telecop 해당 직무 지원한 동기 kt telecop 입사 해당 직무 전문가 성장하기 어떠한 노력 할지 구체적 기술해
286,8,"지원한 직무를 수행하기 위해 필요한 핵심역량은 무엇이라고 생각하며, 그 이유에 대해 설명해 주십시오. 또한 해당 역량을 갖추기 위해 본인이 어떤 노력을 하였는지 기술해 주십시오.",지원한 직무 수행하기 필요한 핵심역량 무엇이라고 생각 이유 대해 설명해 또한 해당 역량 갖추기 본인 어떤 노력 하였는지 기술해
287,8,지원하신 직무를 본인이 잘 수행할 수 있다고 생각하는 이유와 해당 직무를 통해 이루고 싶은 비전을 기재하여 주십시오.,지원하신 직무 본인 수행할 있다고 생각 이유 해당 직무 이루고 비전 기재
288,8,"SK텔레콤이 지금보다 더 성장하기 위해 필요한 것이 무엇인지, 그리고 이를 위해 지원한 직무에서 본인이 기여할 수 있는 점은 무엇인지 서술해 주십시오. (필수)",SK텔레콤 지금 성장하기 필요한 무엇인지 그리고 지원한 직무 본인 기여할 무엇인지 서술해 필수
289,8,"지원 직무와 관련하여 어떠한 역량을(지식/기술 등) 강점으로 가지고 있는지, 그 역량을 갖추기 위해 무슨 노력과 경험을 했는지 구체적으로 작성해주시기 바랍니다.",지원 직무 관련 어떠한 역량 강점 가지고 있는지 역량 갖추기 무슨 노력 경험 했는지 구체적 작성해주시기 바랍니다
290,8,입사지원 동기와 지원 직무와 관련한 경험을 자유롭게 작성해주세요.,입사지원 동기 지원 직무 관련한 경험 자유롭게 작성해
291,8,지원 직무의 핵심역량 중 본인이 남들보다 뛰어나다고 생각하는 역량은 무엇입니까? 해당 역량을 갖추기 위해 어떠한 노력을 했는지 구체적 근거를 들어 기술해주십시오.,지원 직무 핵심역량 본인 남들 뛰어나다고 생각 역량 무엇입니까 해당 역량 갖추기 어떠한 노력 했는지 구체적 근거 들어 기술해주
292,8,"해당 직무 지원동기와 직무 관련 본인만의 차별화된 강점, 이를 통해 당사에 기여할 수 있는 점에 대해 기술해 주세요.",해당 직무 지원동기 직무 본인만 차별화된 강점 당사 기여할 대해 기술해
293,8,"지원하신 직무가 무엇을 하는 일이라고 생각하시는지, 본인의 정의를 기술해 주십시오. 직무수행에 필요한 역량/지식을 갖추기 위해 학업 또는 학업 외적으로 어떤 준비를 하셨는지 구체적 사례 중심으로 작성해 주세요.*",지원하신 직무 무엇 일이라고 생각하시는지 본인 정의 기술해 직무수행 필요한 역량지식 갖추기 학업 학업 외적 어떤 준비 하셨는지 구체적 사례 중심 작성해
294,8,"지원한 직무를 잘 수행하기 위한 본인의 강점 중 ‘지식’과 ‘기술’을 각 1개씩 제시하고, 그 지식과 기술을 활용하여 성과를 이룬 경험에 대해 구체적으로 작성해 주십시오.",지원한 직무 수행하기 본인 강점 지식 기술 1개씩 제시 지식 기술 활용 성과 이룬 경험 대해 구체적 작성해
295,8,"지원한 직무와 관련하여 본인이 학습한 주요 전공 과목은 무엇이었으며, 학습 결과와 공부를 하면서 느낀 점에 대해 서술하시오.",지원한 직무 관련 본인 학습한 주요 전공 과목 무엇이었으며 학습 결과 공부 하면서 느낀 대해 서술하
296,8,"지원 직무와 관련하여, 학교/사회 생활을 통해 본인의 전문성 및 역량 개발에 도움이 되었던 경험, 경력, 활동을 먼저 서술하고 지원 직무를 수행하는데 어떻게 활용(도움) 될 수 있는지 작성해 주십시오.",지원 직무 관련 학교사회 생활 본인 전문성 역량 개발 도움 되었던 경험 경력 활동 먼저 서술 지원 직무 수행하는데 어떻게 활용도움 있는지 작성해
297,8,"지원하신 분야에서 가장 중요하다고 생각하는 역량이란 무엇인지 정의하고, 해당 역량이 직무수행에 있어 어떤 도움이 될 수 있을지 이유를 작성해 주십시오. 나아가 해당 역량을 보유하기 위해 본인이 노력한 경험을 구체적으로 기술해 주십시오.",지원하신 분야 가장 중요하다고 생각 역량이란 무엇인지 정의 해당 역량 직무수행 있어 어떤 도움 있을지 이유 작성해 나아 해당 역량 보유하기 본인 노력한 경험 구체적 기술해
298,8,"희망 직무에 대해 본인이 이해한 내용을 서술하고, 본인이 해당 직무에 적합한 사유(전공능력, 경력 등)를 구체적으로 기술하시오. (100자 이상 600자 이내)",희망 직무 대해 본인 이해한 내용 서술 본인 해당 직무 적합한 사유 구체적 기술하
299,8,희망 직무를 수행하기 위해 준비한 것과 직무와 관련된 본인 역량을 기술해 주십시오.,희망 직무 수행하기 준비한 직무 관련된 본인 역량 기술해
300,8,직무 역량과 경험에 대하여,직무 역량 경험
301,8,지원한 직무를 수행하기 위한 본인만의 역량 및 경험에 대해 작성하시오.,지원한 직무 수행하기 본인만 역량 경험 대해 작성하
302,8,"희망하는 직무를 수행함에 있어서 요구되는 역량이 무엇이라 생각하며, 이 역량을 갖추기 위한 노력 또는 특별한 경험을 기술하여 주십시오.",희망 직무 수행함 있어서 요구되 역량 무엇이라 생각 역량 갖추기 노력 특별한 경험 기술
303,8,지원한 직무에 본인이 적합하다고 판단할 수 있는 근거를 자신만의 강점과 경험을 바탕으로 기술해 주십시오,지원한 직무 본인 적합하다고 판단할 근거 자신만 강점 경험 바탕 기술해
304,8,"[전문성] 지원한 직무를 잘 수행하기 위한 본인의 강점 중 ‘지식’과 ‘기술’을 각 1개씩 제시하고, 그 지식과 기술을 활용하여 성과를 이룬 경험에 대해 구체적으로 작성해 주십시오.",전문성 지원한 직무 수행하기 본인 강점 지식 기술 1개씩 제시 지식 기술 활용 성과 이룬 경험 대해 구체적 작성해
305,8,"[공직 윤리] 공공기관 임직원으로서 가져야 하는 기본적인 윤리의식은 무엇이라고 생각하는지 작성하고, 지원하는 직무와 어떻게 연관지어 수행할 것인지 대하여 작성해 주십시오.",공직 윤리 공공기관 임직원으로서 가져야 기본적인 윤리의식 무엇이라고 생각하는지 작성 지원 직무 어떻게 연관지어 수행할 것인지 작성해
306,8,[직무능력기술서] 본인이 가지고 있는 직무 경험과 경력이 본원에서 어떻게 발휘될 수 있는지 최대한 구체적으로 기술하여 주십시오,직무능력기술서 본인 가지고 직무 경험 경력 본원 어떻게 발휘될 있는지 구체적 기술
307,8,"키움증권에 지원한 이유는 무엇이며, 지원한 직무를 위해 어떤 준비와 노력을 했는지 기술하십시오.",키움증권 지원한 이유 무엇 지원한 직무 어떤 준비 노력 했는지 기술하
308,8,지원한 직무에 본인이 적합하다고 생각하는 이유와 해당 직무를 위해 어떤 노력을 하였는지 기술하시오.,지원한 직무 본인 적합하다고 생각 이유 해당 직무 어떤 노력 하였는지 기술하
309,8,"지원 분야와 관련하여 보유한 기술 및 지식, 해당 분야의 수행 경력 또는 관련 경험과 함께 본인이 보유한 역량의 수준을 기술하여 주십시오.",지원 분야 관련 보유한 기술 지식 해당 분야 수행 경력 경험 본인 보유한 역량 수준 기술
310,8,지원 직무에 필요한 역량 중 지원자에게 부족하다고 느껴지는 역량을 극복하기 위해 교육/실습/체험/연구/프로젝트 참여 등의 방법으로 역량을 향상 시킨 경험에 대해 아래 내용을 포함해 작성해 주시기 바랍니다.,지원 직무 필요한 역량 지원자 부족하다고 느껴지 역량 극복하기 교육실습체험연구프로젝트 참여 방법 역량 향상 시킨 경험 대해 아래 내용 포함해 작성해 주시기 바랍니다
311,8,지원 직무를 선택하게 된 계기와 해당 직무를 수행하기 위해 했던 노력과 성과에 대해 기술하고 이를 통해 현재 본인이 가지고 있는 직무관련 강점에 대해 구체적으로 기술해 주세요.,지원 직무 선택하게 계기 해당 직무 수행하기 했던 노력 성과 대해 기술 현재 본인 가지고 직무 강점 대해 구체적 기술해
312,8,지원 직무에 대한 선정 사유 및 본인의 경쟁력을 기술해 주세요.,지원 직무 선정 사유 본인 경쟁력 기술해
313,8,지원하신 직무를 위해 준비해온 사항 및 본인이 해당 직무를 수행하며 당사에 어떻게 기여할 수 있는지 서술하여 주십시오.,지원하신 직무 준비해온 사항 본인 해당 직무 수행 당사 어떻게 기여할 있는지 서술
314,8,본인만이 발휘 가능한 직무 영역과 관련된 경험이나 근거 및 이를 통해서 당사에 기여할 수 있는 점에 대하여 자세히 가술하시오.,본인만 발휘 가능한 직무 영역 관련된 경험 근거 당사 기여할 자세히 가술하
315,8,"지원자께서는 자신에게 필요한 정보를 어떻게 입수하고 관리하고 있습니까? ?- 어떤 정보를, 어떤 수단과 방법을 통해서 입수하십니까? ?- 입수된 정보는 어떻게 처리하고 관리하십니까? ?- 해당 능력이 지원하신 직무를 수행하는데 어떤 도움이 될 것이라 생각하십니까?",지원자께서 자신 필요한 정보 어떻게 입수 관리 있습니까 어떤 정보 어떤 수단 방법 입수하십니까 입수된 정보 어떻게 처리 관리하십니까 해당 능력 지원하신 직무 수행하는데 어떤 도움 것이라 생각하십니까
316,8,"현재 본인이 지원한 채용분야에서 가장 필요한 역량이 무엇이고, 본인이 어느 정도의 역량을 갖추었다고 생각하는지 근거를 제시하며 서술하시오.",현재 본인 지원한 채용분야 가장 필요한 역량 무엇 본인 어느 정도 역량 갖추었다고 생각하는지 근거 제시 서술하
317,8,지원 직무를 수행하는 데 가장 필요한 역량이 무엇인지 기술하고 이를 위해 본인이 어떤 준비를 해왔는지 소개해주세요.,지원 직무 수행 가장 필요한 역량 무엇인지 기술 본인 어떤 준비 해왔는지 소개해
318,8,"[사회활동] 글로벌 테마파크를 만들기 위해 필요한 역량은 무엇이고, 이러한 점을 갖추기 위해 그동안의 경험을 기술해 주십시오",사회활동 글로벌 테마파크 만들기 필요한 역량 무엇 이러한 갖추기 그동안 경험 기술해
319,8,"지원한 직무 관련 본인이 갖고 있는 전문지식/경험을 작성하고, 이를 바탕으로 본인이 지원 직무에 적합한 사유를 구체적으로 서술해 주시기 바랍니다",지원한 직무 본인 갖고 전문지식경험 작성 바탕 본인 지원 직무 적합한 사유 구체적 서술해 주시기 바랍니다
320,8,직무수행을 위한 역량,직무수행 역량
321,8,"본인이 지원한 직무 수행시 필요하다고 생각하는 역량을 중심으로 직무를 정의해보고, 해당 직무를 본인이 잘 수행할 수 있다고 판단하는 근거를 기술해주십시오.",본인 지원한 직무 수행시 필요하다고 생각 역량 중심 직무 정의해보고 해당 직무 본인 수행할 있다고 판단 근거 기술해주
322,8,"CJ제일제당이 속한 식품산업군은 급속한 환경의 변화가 이루어지는 시장입니다. 식품산업군의 지원 직무 Specialist로 어떤 미래를 그리고 싶은지, 본인의 성장 계획을 작성해주십시오.",CJ제일제당 속한 식품산업군 급속한 환경 변화 이루어지 시장 식품산업군 지원 직무 Specialist 어떤 미래 그리고 싶은지 본인 성장 계획 작성해주
323,8,"지원한 직무와 관련된 전공 혹은 경험(경력)이 있다면 적어주세요 (최대 1,000자 입력가능)",지원한 직무 관련된 전공 경험경력 있다면 적어
324,8,지원분야 직무 수행을 위한 본인의 경험과 노력을 서술하여 주십시오.,지원분야 직무 수행 본인 경험 노력 서술
325,8,"지원하신 직무에 지원한 동기는 무엇이며, 해당 직무에 대하여 본인이 가지고 있는 강점을 구체적 사례와 함께 말씀해 주십시오. (~700자)",지원하신 직무 지원한 동기 무엇 해당 직무 본인 가지고 강점 구체적 사례 말씀해
326,8,본인이 지원한 직무와 관련된 이슈를 선정하여 그에 대한 본인의 생각을 기술해 주십시오.(~700자),본인 지원한 직무 관련된 이슈 선정 본인 생각 기술해
327,8,지원 커리어로 의해 발전할 수 있는 사항,지원 커리어 의해 발전할 사항
328,8,"본인의 지원직무를 어떻게 이해하고 있는지 구체적으로 기술하고, 해당 직무에 본인이 적합하다고 판단할 수 있는 근거를 경험을 바탕으로 기술하여 주십시오.",본인 지원직무 어떻게 이해 있는지 구체적 기술 해당 직무 본인 적합하다고 판단할 근거 경험 바탕 기술
329,8,지원 직무를 수행하면서 본인이 기여할 수 있는 강점에 대하여 기술하여 주십시오.,지원 직무 수행하면서 본인 기여할 강점 기술
330,8,지원한 분야 및 직무를 수행하기 위한 본인의 보유 역량을 기술하시오.,지원한 분야 직무 수행하기 본인 보유 역량 기술하
331,8,"지원 직무와 관련한 경험 및 역량, 관심사항 등 자신을 가장 잘 설명할 수 있는 내용을 기반으로 서술해 주십시오.",지원 직무 관련한 경험 역량 관심사항 자신 가장 설명할 내용 기반 서술해
332,8,지원 직무에 요구되는 역량은 무엇이라고 생각하며 해당역량을 갖추기 위한 본인의 노력 또는 경험을 기술하세요.,지원 직무 요구되 역량 무엇이라고 생각 해당역량 갖추기 본인 노력 경험 기술하
333,8,"최근 은행은 디지털 전환이 가속화되고 있습니다. 이러한 상황 속에서 (1) 향후 은행 사업이 어떻게 변화해 갈 것인지, (2) 변화된 환경에서 은행원으로서 필요한 역량과 본인이 갖춘 역량을 비교하여 기술해 주세요.",최근 은행 디지털 전환 가속화되고 이러한 상황 향후 은행 사업 어떻게 변화해 것인지 변화된 환경 은행원으로서 필요한 역량 본인 갖춘 역량 비교 기술해
334,8,지원 직무에 대한 지원 동기와 해당 직무를 위해 어떤 준비를 해왔는지 소개해주세요,지원 직무 지원 동기 해당 직무 어떤 준비 해왔는지 소개해
335,8,지원한 분야의 전문성과 역량을 갖추기 위해 본인이 노력했던 경험과 그 결과에 대하여 구체적으로 서술해 주세요.,지원한 분야 전문성 역량 갖추기 본인 노력했던 경험 결과 구체적 서술해
336,8,현대글로비스와 지원 직무에 지원하게 된 이유를 구체적으로 설명해주세요.,현대글로비스 지원 직무 지원하게 이유 구체적 설명해
337,8,지원분야를 선택한 이유와 본인이 이 직무에 적합하다고 판단할 수 있는 근거를 기술해 주십시오.,지원분야 선택한 이유 본인 직무 적합하다고 판단할 근거 기술해
338,8,"21년 이후, 현대자동차와 관련하여 발생한 이슈사항을 한 가지 선정하고, 재경측면에는 어떤 영향을 미칠지, 지원 직무의 관점에서 기술해 주십시오.",21년 이후 현대자동차 관련 발생한 이슈사항 가지 선정 재경측면에 어떤 영향 미칠지 지원 직무 관점 기술해
339,8,"지원 직무에 요구되는 역량은 무엇이라고 생각하며, 이를 갖추기 위해 어떠한 노력을 해왔는지 기술해 주십시오.",지원 직무 요구되 역량 무엇이라고 생각 갖추기 어떠한 노력 해왔는지 기술해
340,8,"일룸의 영업전문직으로서 필요한 역량 2가지를 제시하고, 이와 연관된 사례로 서술하세요.",일룸 영업전문직으로서 필요한 역량 2가지 제시 연관된 사례 서술하
341,8,"지원한 직무에 대한 본인만의 차별화된 역량은 무엇이며, 이를 갖추기 위한 노력과 경험에 대해 기술해 주십시오.",지원한 직무 본인만 차별화된 역량 무엇 갖추기 노력 경험 대해 기술해
342,8,지원 직무와 관련된 이력을 간결하게 나열해주시기 바랍니다.,지원 직무 관련된 이력 간결하게 나열해주시기 바랍니다
343,8,현대글로비스와 지원 직무에 지원하게 된 이유를 구체적으로 설명해주세요. [500자 내외],현대글로비스 지원 직무 지원하게 이유 구체적 설명해 500자 내외
344,8,"지원하는 직무에 대해 본인이 이해하는 바에 대해서 구체적으로 기술하고, 왜 이 직무에 지원하게 되었는지 기술해주세요.",지원 직무 대해 본인 이해 구체적 기술 직무 지원하게 되었는지 기술해
345,8,본인이 선택한 직무에 대해 아래 내용을 포함하여 기술하시오. ①지원한 직무의 역할이 무엇이라 생각하는지 자유롭게 기술 ②본인이 해당 직무에 적합하다는 근거를 본인의 경험을 바탕으로 기술 ③입사 후 경력개발 계획에 대해 기술,본인 선택한 직무 대해 아래 내용 포함 기술하 지원한 직무 역할 무엇이라 생각하는지 자유롭게 기술 본인 해당 직무 적합하다 근거 본인 경험 바탕 기술 입사 경력개발 계획 대해 기술
346,8,지원 직무가 본인의 커리어에 어떤 영향을 미칠 지 본인의 생각을 자유롭게 기재해 주세요.,지원 직무 본인 커리어 어떤 영향 미칠 본인 생각 자유롭게 기재해
347,8,"지원 직무와 관련한 경험(교육, 프로젝트, 대외활동 등)을 3개 이내의 키워드로 기재해 주시고, 이에 대한 본인의 의견을 자유롭게 기재해 주세요.",지원 직무 관련한 경험 3개 이내 키워드 기재해 주시고 본인 의견 자유롭게 기재해
348,8,"지원분야에 대한 전문성을 향상시키기 위해 노력했던 경험 및 경력, 해당 직무에서 본인이 지닌 강점에 대해 기술하시오. (800자 이하)",지원분야 전문성 향상시키기 노력했던 경험 경력 해당 직무 본인 지닌 강점 대해 기술하
349,8,"본인이 지원한 직무에 가장 필요한 역량 '2가지'를 제시하고, 그 역량을 갖추기 위해 어떠한 노력을 했는지 구체적인 경험과 함께 기술해 주세요.",본인 지원한 직무 가장 필요한 역량 2가지 제시 역량 갖추기 어떠한 노력 했는지 구체적인 경험 기술해
350,8,CE 직무를 더 잘 수행하기 위한 경험한 자신만의 강점,CE 직무 수행하기 경험한 자신만 강점
351,8,"본인이 KIST에 입원지원하게 된 동기와 지원한 분야의 업무 전문성 신장을 위해 노력하신 내용을 다음 항목에 따라 구체적으로 작성하여 주십시오. 1-1 KIST에 대하여 어떻게 알게 되셨으며, 왜 우리원 해당 직무에 지원하고자 하십니까? (300자 이내)",본인 KIST 입원지원하게 동기 지원한 분야 업무 전문성 신장 노력하신 내용 다음 항목 따라 구체적 작성 11 KIST 어떻게 알게 되셨으며 우리원 해당 직무 지원하고자 하십니까
352,8,본인이 해당 직무에 대해 적합하다고 생각하는 이유를 서술하시기 바랍니다.,본인 해당 직무 대해 적합하다고 생각 이유 서술하시기 바랍니다
353,8,지원한 직무에 필요한 역량이 무엇이라고 생각하는지 ①Knowledge(지식) ②Skill(기술/자격) ③Attitude(태도) 세가지 관점으로 구분한 후 본인은 어떤 역량(경쟁력)을 가지고 있는지 구체적으로 작성해주세요.,지원한 직무 필요한 역량 무엇이라고 생각하는지 Knowledge지식 Skill Attitude태 세가지 관점 구분한 본인 어떤 역량경쟁력 가지고 있는지 구체적 작성해
354,8,지원분야 직무와 관련된 본인의 경험 및 주요 성과를 기술해 주십시오. (1000자 이내),지원분야 직무 관련된 본인 경험 주요 성과 기술해
355,8,직무경험: 지원 직무와 관련된 경험을 기술해주세요. (800자),직무경험 지원 직무 관련된 경험 기술해 800자
356,8,"지원하신 직무에 지원한 동기는 무엇이며, 해당 직무에 대하여 본인이 가지고 있는 강점을 구체적 사례와 함께 말씀해 주십시오.",지원하신 직무 지원한 동기 무엇 해당 직무 본인 가지고 강점 구체적 사례 말씀해
357,8,본인이 지원한 직무와 관련된 이슈를 선정하여 그에 대한 본인의 생각을 기술해 주십시오.,본인 지원한 직무 관련된 이슈 선정 본인 생각 기술해
358,8,"지원한 직무에 대한 본인의 경쟁력(지식, 경험, 스킬 등)은 무엇인지 구체적인 사례(학내외 활동, 프로젝트 등)를 들어 서술하고, 이를 통해 입사 후 기여할 수 있는 점은 무엇인지 작성해주시기 바랍니다.",지원한 직무 본인 경쟁력 무엇인지 구체적인 사례 들어 서술 입사 기여할 무엇인지 작성해주시기 바랍니다
359,8,"지원 직무를 선택한 이유와 해당 직무를 성공적으로 수행하기 위하여 어떠한 노력과 경험을 하였는지 서술하십시오. (최소 200자, 최대 2,000자)",지원 직무 선택한 이유 해당 직무 성공적 수행하기 어떠한 노력 경험 하였는지 서술하
360,8,"지원 직무와 관련한 비전 또는 목표는 무엇이며, 이를 달성하기 위하여 어떠한 노력을 할 것인지 단기적/장기적 측면에서 서술하십시오. (최소 200자, 최대 2,000자)",지원 직무 관련한 비전 목표 무엇 달성하기 어떠한 노력 것인지 단기적장기적 측면 서술하
361,8,역량기술서 - 직무기술서 [참고] 모집분야내 희망 연수번호 F-2 o 모집분야 직무에 대해 보유한 지식,역량기술서 직무기술서 참고 모집분야내 희망 연수번호 F2 모집분야 직무 대해 보유한 지식
362,8,직무에 대한 본인의 적합성(경력 및 역량중심),직무 본인 적합성
363,8,직무와 관련된 경력/교육/기타 사례,직무 관련된 경력교육기타 사례
364,8,지원직무를 선택한 이유와 그 직무를 수행함에 있어 본인만의 차별화된 역량은 무엇인지 설명해 주세요.,지원직무 선택한 이유 직무 수행함 있어 본인만 차별화된 역량 무엇인지 설명해
365,8,지원분야와 관련한 본인의 경력ㆍ경험 및 역량을 기술하시오.,지원분야 관련한 본인 경력경험 역량 기술하
366,8,"DL건설과 해당 직무에 지원한 동기를 작성하고, 지원한 직무를 수행함에 있어 필요한 역량은 무엇이라고 생각하며, 자신이 해당 직무를 잘할 수 있는 근거를 구체적으로 서술해 주십시오.",DL건설 해당 직무 지원한 동기 작성 지원한 직무 수행함 있어 필요한 역량 무엇이라고 생각 자신 해당 직무 잘할 근거 구체적 서술해
367,8,본인만의 차별화된 직무 강점과 이를 통해 당사에 기여할 수 있는 점에 대하여 기술하시오.(500자),본인만 차별화된 직무 강점 당사 기여할 기술하시오500자
368,8,"같지만 다른 은행인 카카오뱅크, 본인의 차별화 된 역량 및 기술을 근거로 지원한 직무에 적합한 이유를 기술해 주세요.",같지 다른 은행인 카카오뱅크 본인 차별화 역량 기술 근거 지원한 직무 적합한 이유 기술해
369,8,"애경산업의 현 상황을 고려할 때, 지원 직무에서 본인이 어떠한 기여를 할 수 있는지 기술해 주십시오.",애경산업 상황 고려할 지원 직무 본인 어떠한 기여 있는지 기술해
370,8,"해당직무에 필요한 역량을 기술하고 이를 갖추기 위해 본인이 해온 노력 (지식, 경험 기술 등)을 기술해 주십시오.",해당직무 필요한 역량 기술 갖추기 본인 해온 노력 기술해
371,8,"지원 직무 관련 최근 Trend를 간략히 정의하고, 해당 역량을 키우기 위해 노력한 경험을 기술하시오",지원 직무 최근 Trend 간략히 정의 해당 역량 키우기 노력한 경험 기술하
372,8,"지원 직무를 수행하기 위해 본인이 열정적으로 준비했던 경험을 중심으로 본인만의 기술, 능력, 지식에 대해 기술해주십시오.",지원 직무 수행하기 본인 열정적 준비했던 경험 중심 본인만 기술 능력 지식 대해 기술해주
373,8,해당직무에 지원한 이유와 그 직무에 필요한 역량을 갖추기 위해 어떠한 노력을 했는지 기술하시오. (800자~1000자),해당직무 지원한 이유 직무 필요한 역량 갖추기 어떠한 노력 했는지 기술하
374,8,"지원한 직무와 관련된 본인이 갖고 있는 강점(전문지식 혹은 스킬)은 무엇이며, 앞으로의 목표는 무엇입니까.",지원한 직무 관련된 본인 갖고 강점 무엇 앞으로 목표 무엇입니까
375,8,직무와 관련하여 본인이 보유한 역량과 전문성에 대해 기술하여 주십시오.,직무 관련 본인 보유한 역량 전문성 대해 기술
376,8,직무와 관련하여 본인이 보유한 문제해결능력을 발휘한 경험에 대해 기술하여 주십시오.,직무 관련 본인 보유한 문제해결능력 발휘한 경험 대해 기술
377,8,직무 관련 경력 및 경험 사항에 대해 지원분야 관련여부 판단의 주요 참고사항이오니 구체적인 내용을 기술해주시기 바랍니다.,직무 경력 경험 사항 대해 지원분야 관련여부 판단 주요 참고사항이오니 구체적인 내용 기술해주시기 바랍니다
378,8,직무 수행에 있어서 본인의 핵심적인 역량은?,직무 수행 있어서 본인 핵심적인 역량
379,8,지원한 직무를 성공적으로 수행하기 위해 필요한 핵심역량은 무엇이라고 생각합니까? 현재 귀하는 어느 정도의 역량을 갖추었는지 관련 경험에 근거하여 기술해 주시기 바랍니다.(700자 이내),지원한 직무 성공적 수행하기 필요한 핵심역량 무엇이라고 생각합니까 현재 어느 정도 역량 갖추었는지 경험 근거 기술해 주시기 바랍니다
380,8,"본인이 지원한 직무 및 설명을 채용공고를 참조하여 첫 줄에 간략히 기입하고, 이에 대한 스스로의 경쟁력(경험,지식,Skill)과 입사 후 기여할 수 있는 점은 무엇인지 사례를 들어 설명하시오. ex) 국내영업관리 - 지역별 유통망 개발 및 육성 활동 실행 등 / 전공무관, 강한 도전정신과 실행력을 갖춘 분 등",본인 지원한 직무 설명 채용공고 참조 간략히 기입 스스로 경쟁력 입사 기여할 무엇인지 사례 들어 설명하 ex 국내영업관리 지역별 유통망 개발 육성 활동 실행 전공무관 강한 도전정신 실행력 갖춘
381,8,직무관련 역량에 대한 자신의 활용능력 및 강점을 기술해 주십시오.,직무 역량 자신 활용능력 강점 기술해
382,8,직무 관련 강점 : 지원 직무 수행과 연계한 본인만의 경쟁력 및 강점을 기술하여 주시기 바랍니다.,직무 강점 지원 직무 수행 연계한 본인만 경쟁력 강점 기술 주시기 바랍니다
383,8,직무 관련 강점 지원 직무 수행과 연계한 본인만의 경쟁력 및 강점을 기술하여 주시기 바랍니다.,직무 강점 지원 직무 수행 연계한 본인만 경쟁력 강점 기술 주시기 바랍니다
384,8,"지원 직무와 관련한 경험 및 역량, 관심 사항 등 자신을 가장 잘 설명할 수 있는 내용을 기반으로 서술해 주십시오.",지원 직무 관련한 경험 역량 관심 사항 자신 가장 설명할 내용 기반 서술해
385,8,해당 직무를 수행함에 있어 본인이 가진 강점과 역량 혹은 강점 및 역량 개발을 위한 본인 개발 계획을 서술해 주세요.(제한없음),해당 직무 수행함 있어 본인 가진 강점 역량 강점 역량 개발 본인 개발 계획 서술해 주세요제한없음
386,8,"지원한 직무를 위해 학습하고, 경험하고, 노력했던 과정을 구체적으로 기술하세요. (글자수 제한 없음)",지원한 직무 학습 경험 노력했던 과정 구체적 기술하
387,8,지원하신 직무를 성공적으로 수행할 수 있다고 생각하는 이유와 이를 위해 어떤 준비를 해 왔는지에 대해 구체적으로 기술하여 주세요.,지원하신 직무 성공적 수행할 있다고 생각 이유 어떤 준비 왔는지 대해 구체적 기술
388,8,"입사 후 업무를 잘 수행할 수 있도록 준비한 '나의 역량'이 무엇이며, 그 역량을 갖추기 위해 어떠한 노력을 해왔는지 본인의 경험을 중심으로 기술해주시기 바랍니다.",입사 업무 수행할 있도록 준비한 역량 무엇 역량 갖추기 어떠한 노력 해왔는지 본인 경험 중심 기술해주시기 바랍니다
389,8,"희망하는 직무를 수행함에 있어서 요구되는 역량이 무엇이라 생각하며, 이 역량을 갖추기 위한 노력 또는 특별한 경험을 기술하여 주십시오. (1800byte)",희망 직무 수행함 있어서 요구되 역량 무엇이라 생각 역량 갖추기 노력 특별한 경험 기술
390,8,"지원직무를 선택한 이유와 그 직무를 수행함에 있어 본인만의 차별화된 역량은 무엇인지 설명해 주세요. 지원 분야와 관련된 경험 및 역량, 관심사항, 개인의 목표 및 비전, 지원동기, 전문성 등 자신을 어필할 수 있는 내용을 기반으로 자유롭게 기술하시기 바랍니다.",지원직무 선택한 이유 직무 수행함 있어 본인만 차별화된 역량 무엇인지 설명해 지원 분야 관련된 경험 역량 관심사항 개인 목표 비전 지원동기 전문성 자신 어필할 내용 기반 자유롭게 기술하시기 바랍니다
391,8,"지원한 직무에 필요한 역량이 무엇이라고 생각하는지 ①Knowledge(지식), ②Skill(기술/자격), ③Attitude(태도) 세가지 관점으로 구분한 후, 본인은 어떤 역량(경쟁력)을 가지고 있는지 구체적으로 작성해주세요.",지원한 직무 필요한 역량 무엇이라고 생각하는지 Knowledge지식 Skill Attitude태 세가지 관점 구분한 본인 어떤 역량경쟁력 가지고 있는지 구체적 작성해
392,8,"지원 분야와 관련하여 다양한 분야에서 쌓은 경험 및 활동에 대하여 상세히 기술해 주시기 바랍니다. * 경험 및 활동에는 채용 분야의 직무와 관련하여 기업이나 조직에서 실제로 업무를 수행한 경험, 학교나 직업교육과정 내 조별 과제 활동, 동아리 활동, 재능기부 활동 등 다양한 조직과 장면에서의 경험이 포합됩니다. 2-1. 본인이 지원한 직무와 관련한 경험 및 활동은 어떤 내용인지 기술해 주십시오. (200자 이내)",지원 분야 관련 다양한 분야 경험 활동 상세히 기술해 주시기 바랍니다 경험 활동에 채용 분야 직무 관련 기업 조직 실제 업무 수행한 경험 학교 직업교육과정 조별 과제 활동 동아리 활동 재능기부 활동 다양한 조직 장면에서 경험 포합 본인 지원한 직무 관련한 경험 활동 어떤 내용인지 기술해
393,8,지원한 직무와 관련된 전공 혹은 경험(경력)이 있다면 적어주세요.,지원한 직무 관련된 전공 경험경력 있다면 적어
394,8,희망하는 직무를 수행함에 있어 필요한 역량과 이 역량을 갖추기 위한 노력 또는 경험을 기술 바랍니다.,희망 직무 수행함 있어 필요한 역량 역량 갖추기 노력 경험 기술 바랍니다
395,8,코오롱 글로벌에 지원한 동기와 지원한 직무에 필요한 전문성을 갖추기 위하여 어떤 노력을 했는지 기술하여 주십시오.( 0 / 1500 bytes),코오롱 글로벌 지원한 동기 지원한 직무 필요한 전문성 갖추기 어떤 노력 했는지 기술
396,8,"본인의 전공 또는 경력사항 중 지원하신 직무와 연결하여 구체적인 사례, 경험을 들려주세요.",본인 전공 경력사항 지원하신 직무 연결 구체적인 사례 경험 들려
397,8,"지원분야의 직무를 수행함에 있어서 요구되는 역량이 무엇이라 생각하며, 이 역량을 갖추기 위한 노력 또는 특별한 경험을 구체적으로 기술하시오",지원분야 직무 수행함 있어서 요구되 역량 무엇이라 생각 역량 갖추기 노력 특별한 경험 구체적 기술하
398,8,지원한 직무에 필요한 역량을 갖추기 위해 어떠한 노력을 하였는지 구체적인 예시와 함께 서술해 주십시오.(교육이수 및 수상경력 등) 최대 800자 이하,지원한 직무 필요한 역량 갖추기 어떠한 노력 하였는지 구체적인 예시 서술해 최대 800자 이하
399,8,지원한 직무에 적합한 이유 (본인의 차별화된 역량을 근거로 기재),지원한 직무 적합한 이유
400,8,"소니코리아와 해당 직무에 지원한 동기는 무엇인가요? ① 소니코리아이어야만 하는 이유, ② 지원 직무에 관심을 갖게 된 계기, ③ 입사 후 성장 목표를 반드시 포함하여 구체적으로 작성해 주세요",소니코리아 해당 직무 지원한 동기 무엇인가요 소니코리아이어야 이유 지원 직무 관심 갖게 계기 입사 성장 목표 반드시 포함 구체적 작성해
401,8,"연구 직무에 요구되는 핵심역량은 무엇이라고 생각하며, 그것을 갖추기 위해 어떠한 노력을 기울였는지 기술하시오.",연구 직무 요구되 핵심역량 무엇이라고 생각 그것 갖추기 어떠한 노력 기울였는지 기술하
402,8,직무 관련 역량 (본인만의 경쟁력) 500자,직무 역량 500자
403,8,직무 관련 경험 500자,직무 경험 500자
404,8,"직장으로서 지엠테크니켈센터코리아를 선택한 이유와 희망분야를 지원한 이유는 무엇인지? 그리고 지원하는 분야의 직무를 잘 수행하기 위해 어떤 준비를 했는지, 학습분야 또는 관련경험/직무 경험 중심으로 기술해 주십시오.",직장으로서 지엠테크니켈센터코리아 선택한 이유 희망분야 지원한 이유 무엇인지 그리고 지원 분야 직무 수행하기 어떤 준비 했는지 학습분야 관련경험직무 경험 중심 기술해
405,8,지원 직무의 적합성을 증명할만한 경험,지원 직무 적합성 증명할만한 경험
406,8,"지원한 직무를 위해 학습하고, 경험하고, 노력했던 과정을 구체적으로 기술하세요.",지원한 직무 학습 경험 노력했던 과정 구체적 기술하
407,8,"지원한 직무를 잘 수행할 수 있도록 준비한‘나의 역량’은 무엇이며, 그 역량을 갖추기 위하여 어떠한 노력을 해왔는지 구체적으로 작성해 주시기 바랍니다.",지원한 직무 수행할 있도록 준비한나 역량 무엇 역량 갖추기 어떠한 노력 해왔는지 구체적 작성해 주시기 바랍니다
408,8,지원 직무 관련 수강 과목 경험,지원 직무 수강 과목 경험
409,8,동화에 관심을 갖게 된 계기와 지원하신 이유와 지원하신 직무를 맡아 앞으로 동화에서 어떻게 성장하고 싶은지 작성해주시길 바랍니다.,동화 관심 갖게 계기 지원하신 이유 지원하신 직무 맡아 동화 어떻게 성장 싶은지 작성해주시길 바랍니다
410,8,지원하신 직무를 잘 수행하기 위해 본인이 노력한 경험 에 대해서 작성해주시길 바랍니다.,지원하신 직무 수행하기 본인 노력한 경험 작성해주시길 바랍니다
411,8,현대엠엔소프트의 해당 직무에 지원한 이유와 앞으로 현대엠엔소프트에서 키워 나갈 커리어 계획을 작성해주시기 바랍니다.,현대엠엔소프트 해당 직무 지원한 이유 현대엠엔소프트 키워 나갈 커리어 계획 작성해주시기 바랍니다
412,8,"지원 분야/직무에 본인이 적합하다고 생각하는 이유와, 해당 직무 관련 역량 육성을 위해 노력한 사례를 설명해주십시오. (최대 500자 입력가능)",지원 분야직무 본인 적합하다고 생각 이유 해당 직무 역량 육성 노력한 사례 설명해주
413,8,"지원 직무를 수행하기 위해 본인이 열정적으로 준비했던 경험을 중심으로 본인만의 기술, 능력, 지식에 대해 기술해 주세요.",지원 직무 수행하기 본인 열정적 준비했던 경험 중심 본인만 기술 능력 지식 대해 기술해
414,8,지원 직무 관련 가장 어려웠던 과제와 해결방안에 대해 구체적으로 기술하세요.,지원 직무 가장 어려웠던 과제 해결방안 대해 구체적 기술하
415,8,지원분야 직무 수행을 위한 본인의 경험과 노력을 서술하여 주십시오. (최대 500자 입력가능),지원분야 직무 수행 본인 경험 노력 서술
416,8,현대오토에버의 해당 직무에 지원한 이유와/ 앞으로 현대오토에버에서 키워 나갈 커리어 계획을 작성해주시기 바랍니다. (1000자),현대오토에버 해당 직무 지원한 이유 현대오토에버 키워 나갈 커리어 계획 작성해주시기 바랍니다
417,8,"지원 직무와 관련하여 어떠한 역량을(지식/기술 등) 강점으로 가지고 있는지, 그 역량을 갖추기 위해 무슨 노력과 경험을 했는지 구체적으로 작성해주시기 바랍니다.(1500자)",지원 직무 관련 어떠한 역량 강점 가지고 있는지 역량 갖추기 무슨 노력 경험 했는지 구체적 작성해주시기 바랍니다
418,8,본인이 지원하는 직무에 있어 그 일을 잘할 수 있는 차별화된 역량 및 그와 관련된 경험을 3가지 이내로 기술해 주십시오. (800자),본인 지원 직무 있어 잘할 차별화된 역량 관련된 경험 3가지 이내 기술해 800자
419,8,"My Competence 본인이 지원한 직무관련 지원동기와 역량에 대하여 Guide> 해당 직무의 지원동기를 포함하여, 직무관련 본인이 보유한 강점과 보완점을 사례를 통하여 구체적으로 기술해주시기 바랍니다.",My Competence 본인 지원한 직무 지원동기 역량 Guide 해당 직무 지원동기 포함 직무 본인 보유한 강점 보완점 사례 구체적 기술해주시기 바랍니다
420,8,My Future 본인이 지원한 직무관련 향후 계획에 대하여 Guide> 본인이 지원한 직무와 관련된 본인의 향후 미래 계획에 대해 구체적으로 기술해주시기 바랍니다.,My Future 본인 지원한 직무 향후 계획 Guide 본인 지원한 직무 관련된 본인 향후 미래 계획 대해 구체적 기술해주시기 바랍니다
421,8,마케팅 직무를 위해 준비되어 있는 것,마케팅 직무 준비되어
422,8,희망 직무를 지원한 이유와 해당 직무를 수행하기 위해 어떠한 노력이나 경험을 하였는지 작성해주세요.,희망 직무 지원한 이유 해당 직무 수행하기 어떠한 노력 경험 하였는지 작성해
423,8,"본인이 지원한 직무의 지원동기와 입사 후 어떻게 성장하고 싶은지 작성해주십시오. [직무에 관심을 가지가 된 계기, 향후 성장목표 및 보완점 등]",본인 지원한 직무 지원동기 입사 어떻게 성장 싶은지 작성해주 직무 관심 가지 계기 향후 성장목표 보완점
424,8,지원 직무에 본인이 적합하다고 생각하는 이유와 직무수행을 위해 필요한 역량을 기르기 위해 했던 행동 및 활동을 작성해주십시오.,지원 직무 본인 적합하다고 생각 이유 직무수행 필요한 역량 기르기 했던 행동 활동 작성해주
425,8,지원 직무 또는 본인에 대해서 어필할 수 있는 내용을 자유롭게 작성하시기 바랍니다. [꼭 하고 싶은 나만의 이야기],지원 직무 본인 어필할 내용 자유롭게 작성하시기 바랍니다 나만 이야기
426,8,"지원한 직무에 필요한 역량은 무엇이라고 생각하며, 본인이 해당 직무에 적합하다고 판단할 수 있는 근거를 기술해 주십시오.",지원한 직무 필요한 역량 무엇이라고 생각 본인 해당 직무 적합하다고 판단할 근거 기술해
427,8,주택도시보증공사의 다양한 업무 분야 중 본인이 가장 잘 수행할 수 있다고 생각하는 직무와 그 이유를 기술하여 주십시오. (0/500자),주택도시보증공사 다양한 업무 분야 본인 가장 수행할 있다고 생각 직무 이유 기술
428,8,직무 관련 강점/ 지원 직무 수행과 연계한 본인만의 경쟁력 및 강점을 기술하여 주시기 바랍니다.,직무 강점 지원 직무 수행 연계한 본인만 경쟁력 강점 기술 주시기 바랍니다
429,8,[직무경험] 희망 직무 준비과정과 희망 직무에 대한 본인의 강점과 약점을 기술해주십시오.,직무경험 희망 직무 준비과정 희망 직무 본인 강점 약점 기술해주
430,8,"해당 직무 지원동기와 직무 관련 본인만의 차별화된 강점, 이를 통해 당사에 기여할 수 있는 점에 대해 기술해 주세요. 600자",해당 직무 지원동기 직무 본인만 차별화된 강점 당사 기여할 대해 기술해 600자
431,8,지원 직무에 필요한 역량,지원 직무 필요한 역량
432,8,코오롱글로벌에 지원한 동기와 지원한 직무에 필요한 전문성을 갖추기 위하여 어떤 노력을 했는지 기술하여 주십시오.,코오롱글로벌 지원한 동기 지원한 직무 필요한 전문성 갖추기 어떤 노력 했는지 기술
433,8,"직무와 관련하여 최근 들어 관심이 있는 기술이 있다면, 해당 기술을 직접 적용 또는 활용해봤는지, 그 기술을 통해 어떠한 결과 또는 효과를 보았는지 상세히 서술하여 주십시오.",직무 관련 최근 들어 관심 기술 있다면 해당 기술 직접 적용 활용해봤는지 기술 어떠한 효과 보았는지 상세히 서술
434,8,입사 후 지원 직무에 대한 목표와 목표 달성을 위한 구체적인 계획을 기술하여 주십시오. (500자 이내),입사 지원 직무 목표 목표 달성 구체적인 계획 기술
435,8,도쿄일렉트론코리아에 지원하게 된 계기와 지원하신 직무에 대한 생각을 기술해주시기 바랍니다.,도쿄일렉트론코리아 지원하게 계기 지원하신 직무 생각 기술해주시기 바랍니다
436,8,-지원한 직무를 잘 수행할 수 있는 본인만의 강점을 현재까지 경험한 내용을 토대로 기술해주시기 바랍니다,지원한 직무 수행할 본인만 강점 현재 경험한 내용 토대 기술해주시기 바랍니다
437,8,"희망 직무에서 필요로 하는 핵심 역량은 무엇이라고 생각하는지 서술하고, 해당 역량을 갖추기 위해 어떤 노력과 준비를 했는지 구체적으로 작성해 주십시오. (1200byte)",희망 직무 필요 핵심 역량 무엇이라고 생각하는지 서술 해당 역량 갖추기 어떤 노력 준비 했는지 구체적 작성해
438,8,"한전KPS에 지원한 동기(관심을 가지게 된 계기, 시기 등)와 본인이 가지고 있는 직무관련 역량 또는 경험을 상세하게 기술해주시기 바랍니다.",한전KPS 지원한 동기 본인 가지고 직무 역량 경험 상세하게 기술해주시기 바랍니다
439,8,1번의 사항을 바탕으로 한전KPS에서 수행하고 싶은 직무에 대하여 기술해주시기 바랍니다.,1번 사항 바탕 한전KPS 수행 직무 기술해주시기 바랍니다
440,8,희망 직무의 준비과정과 희망 직무와 유관된 경험 및 본인만의 강점을 서술해주세요. 1000,희망 직무 준비과정 희망 직무 유관된 경험 본인만 강점 서술해 1000
441,8,지원직무를 선택한 이유와/ 그 직무를 수행함에 있어 본인만의 차별화된 역량은 무엇인지 설명해 주세요.,지원직무 선택한 이유 직무 수행함 있어 본인만 차별화된 역량 무엇인지 설명해
442,8,"최근 은행은 디지털 전환이 가속화되고 있습니다. 이러한 상황 속에서 (1) 향후 은행 사업이 어떻게 변화해 갈 것인지 (2) 변화된 환경에서 은행원으로서 필요한 역량과 본인이 갖춘 역량을 비교하여 기술해 주세요 (최대 1,000자 입력가능)",최근 은행 디지털 전환 가속화되고 이러한 상황 향후 은행 사업 어떻게 변화해 것인지 변화된 환경 은행원으로서 필요한 역량 본인 갖춘 역량 비교 기술해
443,8,지원 직무(또는 관련 분야)에 전문성을 기르기 위해 노력한 과정과 지원 직무에 대한 본인의 강점을 서술해 주십시오. 700,지원 직무 전문성 기르기 노력한 과정 지원 직무 본인 강점 서술해 700
444,8,"한국철도의 사업분야 및 특성을 고려했을 때 고객만족을 위해 필요한 역량은 무엇이라고 생각하며, 지원자가 해당 역량을 발휘했던 경험을 작성해 주십시오.",한국철도 사업분야 특성 고려했 고객만족 필요한 역량 무엇이라고 생각 지원자 해당 역량 발휘했던 경험 작성해
445,8,"여러분이 CJ ENM과 해당 직무에 지원한 동기는 무엇이며, ENM이 여러분을 선발해야 하는 이유를 설명해주세요. ①CJ ENM과 해당 직무에 관심을 갖게 된 계기와 ②입사 후 성장비전을 반드시 포함하여 작성해주세요. (700자 이내)",여러분 CJ ENM 해당 직무 지원한 동기 무엇 ENM 여러분 선발 이유 설명해 CJ ENM 해당 직무 관심 갖게 계기 입사 성장비전 반드시 포함 작성해
446,8,"본인이 해당 직무를 잘 수행할 수 있는 이유를 ①협업 ②리더십 발휘 경험을 모두 포함하여 구체적인 사례 중심으로 작성해주세요. (1,000자 이내)",본인 해당 직무 수행할 이유 협업 리더십 발휘 경험 모두 포함 구체적인 사례 중심 작성해
447,8,본인이 지원하는 직무에 있어 그 일을 잘할 수 있는 차별화된 역량 및 그와 관련된 경험을 3가지 이내로 기술해 주십시오. (0/800),본인 지원 직무 있어 잘할 차별화된 역량 관련된 경험 3가지 이내 기술해
448,8,"해당 직무에 지원하신 동기와 본인의 강점에 대해 경험에 근거하여 서술해 주십시오. 학교 수업, 자격증, 외부 교육, 동아리 등 어떤 경험이든 무방합니다.",해당 직무 지원하신 동기 본인 강점 대해 경험 근거 서술해 학교 수업 자격증 외부 교육 동아리 어떤 경험이든 무방
449,8,"[사회활동] 글로벌 테마파크를 만들기 위해 필요한 역량은 무엇이고, 이러한 점을 갖추기 위해 그동안의 경험을 기술해 주십시오 800",사회활동 글로벌 테마파크 만들기 필요한 역량 무엇 이러한 갖추기 그동안 경험 기술해 800
450,8,직무 경험 : 희망 직무 준비 과정과 희망 직무에 대한 본인의 강점과 약점을 기술해 주세요. 800,직무 경험 희망 직무 준비 과정 희망 직무 본인 강점 약점 기술해 800
451,8,"본인이 지원한 직무 및 설명을 채용공고를 참조하여 첫 줄에 기입하고, 이에 대한 스스로의 경쟁력(경험, 지식, Skill)과 입사 후 기여할 수 있는 점은 무엇인지 사례를 들어 설명하시오. (800자 이내)",본인 지원한 직무 설명 채용공고 참조 기입 스스로 경쟁력 입사 기여할 무엇인지 사례 들어 설명하
452,8,지원하신 직무를 맡아 앞으로 어떻게 성장하고 싶은지 작성해주시기 바랍니다.(1000자 이내),지원하신 직무 맡아 어떻게 성장 싶은지 작성해주시기 바랍니다
453,8,지원 직무 관련하여 최근 관심있는 분야 및 해당 분야 역량 강화를 위해 노력한 점을 기술해주세요.*,지원 직무 관련 최근 관심 분야 해당 분야 역량 강화 노력한 기술해
454,8,"본인이 생각하는 교직원으로서의 필요한 핵심역량은 무엇이라고 생각하며, 해당 역량을 갖추기 위해 본인이 어떤 노력을 하였는지 구체적인 경험을 중심으로 기술해 주십시오. (1000자)",본인 생각 교직원으로서 필요한 핵심역량 무엇이라고 생각 해당 역량 갖추기 본인 어떤 노력 하였는지 구체적인 경험 중심 기술해
455,8,"희망하는 직무에 대해 구체적으로 기술하고, 임용 후 본인은 어떠한 기여를 할 것인지를 구체적으로 기술해 주십시오.(500자)",희망 직무 대해 구체적 기술 임용 본인 어떠한 기여 것인지 구체적 기술해 주십시오500자
456,8,코오롱글로벌에 지원한 동기와 지원한 직무에 필요한 전문성을 갖추기 위하여 어떤 노력을 했는지 기술하여 주십시오. ( 0 / 1500 bytes),코오롱글로벌 지원한 동기 지원한 직무 필요한 전문성 갖추기 어떤 노력 했는지 기술
457,8,팀워크를 위해 필요한 태도나 역량은 무엇입니까?(최소 200 최대 500),팀워크 필요한 태도 역량 무엇입니까
458,8,"전문성, 지식/기술, 경력/경험, 지원자가 지원한 분야에서 보유하고 있는 전문성 및 역량 등과 관련하여 지원한 직무와 연관된 학업사항 또는 업무를 수행하였을 때 본인이 어떠한 역할을 맡았는지 상세하게 기술하여 주십시오.",전문성 지식기술 경력경험 지원자 지원한 분야 보유 전문성 역량 관련 지원한 직무 연관된 학업사항 업무 수행하였 본인 어떠한 역할 맡았는지 상세하게 기술
459,8,"전문성, 지식/기술, 경력/경험, 지원자가 지원한 분야에서 보유하고 있는 전문성 및 역량 등과 관련하여 전문성, 지식/기술, 경력/경험을 쌓기 위해 어떠한 노력을 하였으며 현재 보유 역량 수준에 대해 기술하여 주십시오.",전문성 지식기술 경력경험 지원자 지원한 분야 보유 전문성 역량 관련 전문성 지식기술 경력경험 쌓기 어떠한 노력 하였으며 현재 보유 역량 수준 대해 기술
460,8,"지원한 직무에 가장 필요하다고 생각하는 역량과, 그와 관련된 프로젝트 혹은 직무 경험을 기술해 주세요.",지원한 직무 가장 필요하다고 생각 역량 관련된 프로젝트 직무 경험 기술해
461,8,"지원한 직무를 수행하는 데 있어 본인의 약점과, 이를 보완하기 위해 어떤 노력을 하였는지 기술해 주세요.",지원한 직무 수행 있어 본인 약점 보완하기 어떤 노력 하였는지 기술해
462,8,"본인이 보유한 직무 관련 Skill의 활용 정도를 기재한 후, 현재 관심있는 기술 분야는 무엇이며 그 이유에 대해 기술해 주세요.",본인 보유한 직무 Skill 활용 정도 기재한 현재 관심 기술 분야 무엇 이유 대해 기술해
463,8,지원한 직무와 관련한 자신의 기술력과 열정을 보여줄 수 있는 활동사항을 기술해 주세요.,지원한 직무 관련한 자신 기술력 열정 보여줄 활동사항 기술해
464,8,"귀하가 직무와 관련하여 습득한 지식이나 기술을 3개 이상, 열거하고, 그중에서 가장 대표적인 사항에 대한, 자기개발의 과정과 결과를 구체적으로 서술하시오.",귀하 직무 관련 습득한 지식 기술 3개 이상 열거 그중 가장 대표적인 사항 자기개발 과정 결과 구체적 서술하
465,8,한세실업 해당 직무에 지원하게 된 이유와 선택 직무에 대해 본인이 적합하다고 판단할 수 있는 이유 및 근거를 제시하여 주십시오.,한세실업 해당 직무 지원하게 이유 선택 직무 대해 본인 적합하다고 판단할 이유 근거 제시
466,8,"한전 KPS에 지원한 동기(관심을 가지게 된 계기, 시기 등)와 본인이 가지고 있는 직무관련 역량 또는 경험을 상세하게 기술해주시기 바랍니다. (500자)",한전 KPS 지원한 동기 본인 가지고 직무 역량 경험 상세하게 기술해주시기 바랍니다 500자
467,8,1번의 사항을 바탕으로 한전KPS에서 수행하고 싶은 직무에 대하여 기술해주시기 바랍니다.(500자),1번 사항 바탕 한전KPS 수행 직무 기술해주시기 바랍니다500자
468,8,"대학생활 중 이수한 과목 중 가장 흥미로웠던 과목은 무엇이며, 해당 과목에서 습득한 지식 및 경험을 어떻게 지원 직무에서 발휘할 수 있을지 작성해 주십시오.",대학생활 이수한 과목 가장 흥미로웠던 과목 무엇 해당 과목 습득한 지식 경험 어떻게 지원 직무 발휘할 있을지 작성해
469,8,"지원한 직무에 필요한 역량은 무엇이며, 해당 역량에서 전문성을 갖추기 위해 어떠한 노력을 했는지 작성해 주십시오",지원한 직무 필요한 역량 무엇 해당 역량 전문성 갖추기 어떠한 노력 했는지 작성해
470,8,"다양한 유형의 사람을 상대하기 위해 필요한 역량은 무엇인지 서술하고, 지원자가 해당 역량을 발휘하여 상대방을 만족시켰던 경험에 대해 구체적으로 작성해 주십시오.",다양한 유형 사람 상대하기 필요한 역량 무엇인지 서술 지원자 해당 역량 발휘 상대방 만족시켰던 경험 대해 구체적 작성해
471,8,"지원 분야의 직무를 수행하는데 있어 지원자의 전문성(장점)을 소개하고, 전문성 향상을 위한 그동안의 노력과 입사 후 코레일 기여 방안에 대해 작성해 주십시오.",지원 분야 직무 수행하는데 있어 지원자 전문성장점 소개 전문성 향상 그동안 노력 입사 코레일 기여 방안 대해 작성해
472,8,"지원하신 직무를 선택한 이유와, 해당 직무에 대한 본인의 강점과 약점을 기술해주세요.",지원하신 직무 선택한 이유 해당 직무 본인 강점 약점 기술해
473,8,본인의 지원 직무와 관련하여 아래의 내용을 포함하여 기술해 주십시오. 1) 해당 직무를 지원한 이유 2) 해당 직무를 수행함에 있어 예상되는 어려움 3) 이를 극복해 나갈 수 있는 본인만의 강점 (관련 경험 기반) 4) 해당 직무 분야에 있어 본인의 직무 비전 및 목표 800,본인 지원 직무 관련 아래 내용 포함 기술해 해당 직무 지원한 이유 해당 직무 수행함 있어 예상되 어려움 극복해 나갈 본인만 강점 해당 직무 분야 있어 본인 직무 비전 목표 800
474,8,[LX하우시스] 와 [해당 직무] 에 지원한 이유는 무엇인가요?,LX하우시스 해당 직무 지원한 이유 무엇인가요
475,8,본인이 지원 직무에 적합하다고 판단하는 근거와 직무수행에 필요한 역량/지식을 갖추기 위해 어떤 준비를 하셨나요?,본인 지원 직무 적합하다고 판단 근거 직무수행 필요한 역량지식 갖추기 어떤 준비 하셨나요
476,8,"지원 직무 수행에 필요한 전문 역량을 키우기 위해 노력한 경험을 작성하여 주십시오. - 전공/동아리/프로젝트/공모전/논문/연구/인턴 등 경험 종류는 무관하며, 직무 연관성이 가장 큰 경험부터 작성해 주십시오.",지원 직무 수행 필요한 전문 역량 키우기 노력한 경험 작성 전공동아리프로젝트공모전논문연구인턴 경험 종류 무관 직무 연관성 가장 경험 작성해
477,8,지원 직무 관련 최근 중요하다고 판단하는 이슈/트렌드 한 가지를 작성하여 주십시오. 해당 이슈/트렌드가 중요하다고 판단한 사유와 SK브로드밴드 사업에 대한 이해를 바탕으로 지원 직무 담당자로서의 대응 방안을 작성하여 주십시오. (1000 자 10 단락 이내),지원 직무 최근 중요하다고 판단 이슈트렌드 가지 작성 해당 이슈트렌드 중요하다고 판단한 사유 SK브로드밴드 사업 이해 바탕 지원 직무 담당자로서 대응 방안 작성
478,8,"좋은 회사에 대해서 정의하시고, 그런 회사를 만들기 위해 본인이 지원 직무 구성원으로서 기여할 수 있는 부분에 대해서 작성하십시오. 1) 본인이 생각하는 좋은 회사란? 2) 지원 직무 구성원으로서 역할, 기여 할 수 있는 부분 , 향후 계획 등 에 대해 작성 (500 자 10 단락 이내)",회사 정의하시고 그런 회사 만들기 본인 지원 직무 구성원으로서 기여할 부분 작성하 본인 생각 회사란 지원 직무 구성원으로서 역할 기여 부분 향후 계획 대해 작성
479,8,지원한 직무에 대해 본인이 이해한 내용과 해당 직무에 본인이 적합하다고 생각하는 이유를 구체적인 사례와 함께 서술하여 주십시오.,지원한 직무 대해 본인 이해한 내용 해당 직무 본인 적합하다고 생각 이유 구체적인 사례 서술
480,8,본인의 지원 직무와 관련하여 아래의 내용을 포함하여 기술해 주십시오. 1) 해당 직무를 지원한 이유 2) 해당 직무를 수행함에 있어 예상되는 어려움 3) 이를 극복해 나갈 수 있는 본인만의 강점 (관련 경험 기반) 4) 해당 직무 분야에 있어 본인의 직무 비전 및 목표,본인 지원 직무 관련 아래 내용 포함 기술해 해당 직무 지원한 이유 해당 직무 수행함 있어 예상되 어려움 극복해 나갈 본인만 강점 해당 직무 분야 있어 본인 직무 비전 목표
481,8,지원 직무 수행에 필요한 지식과 기술을 습득하기 위해 어떤 노력과 경험을 했는지 구체적으로 작성해주세요.,지원 직무 수행 필요한 지식 기술 습득하기 어떤 노력 경험 했는지 구체적 작성해
482,8,직무와 관련하여 수행한 프로젝트 또는 교육 경험 중 하나를 선정하여 자세하게 서술해주세요.,직무 관련 수행한 프로젝트 교육 경험 하나 선정 자세하게 서술해
483,8,㈜코미코 '회사 및 직무에 대한 지원 동기'와 '해당 직무에 대한 경험'이 있는지 구체적으로 설명해주시기 바랍니다.,코미코 회사 직무 지원 동기 해당 직무 경험 있는지 구체적 설명해주시기 바랍니다
484,8,지원분야와 관련하여 본인의 역량 중 보완해야 할 부분과 그 역량을 향상시킬 수 있는 방안에 대해 기술하여 주십시오,지원분야 관련 본인 역량 보완 부분 역량 향상시킬 방안 대해 기술
485,8,해당 직무에 지원한 이유와 그 직무에 필요한 역량을 갖추기 위해 어떠한 노력을 했는지 기술하시오. 800-1000,해당 직무 지원한 이유 직무 필요한 역량 갖추기 어떠한 노력 했는지 기술하 8001000
486,8,"지원하신 직무가 무엇을 하는 일이라고 생각하시는지, 본인의 정의를 기술해 주십시오. 직무수행에 필요한 역량/지식을 갖추기 위해 학업 또는 학업 외적으로 어떤 준비를 하셨는지 구체적 사례 중심으로 작성해 주세요.*700자 이내로 내용을 입력해주세요.",지원하신 직무 무엇 일이라고 생각하시는지 본인 정의 기술해 직무수행 필요한 역량지식 갖추기 학업 학업 외적 어떤 준비 하셨는지 구체적 사례 중심 작성해 내용 입력해
487,8,"현재 본인이 지원한 채용분야에서 가장 필요한 역량은 무엇이고, 본인이 어느 정도의 역량을 갖추었다고 생각하는지 근거를 제시하며 서술하시오.",현재 본인 지원한 채용분야 가장 필요한 역량 무엇 본인 어느 정도 역량 갖추었다고 생각하는지 근거 제시 서술하
488,8,"본인이 지원한 직무와 관련한 경험 혹은 경력에 대해 기술해 주시기 바랍니다. 다양한 활동(학교, 회사, 동아리, 동호회 등)을 통해 지원한 직무와 관련하여 쌓은 경험경력 사항에 대해 작성해 주십시오. (1000자)",본인 지원한 직무 관련한 경험 경력 대해 기술해 주시기 바랍니다 다양한 활동 지원한 직무 관련 경험경력 사항 대해 작성해
489,8,"여러분의 CJ ENM PD 지원동기는 무엇인가요? ①CJ ENM에 지원한 이유, ②해당 채널의 PD에 관심을 갖게 된 계기, ③PD라는 직무를 잘 수행할 수 있는 이유를 포함하여 구체적으로 작성해주세요. (1,000자 이내)",여러분 CJ ENM PD 지원동기 무엇인가요 CJ ENM 지원한 이유 해당 채널 PD 관심 갖게 계기 PD라 직무 수행할 이유 포함 구체적 작성해
490,8,본인이 지원한 직무에 가장 중요하다고 생각하는 역량과 이에 대한 자신만의 차별화된 강점은 무엇인지 기술해 주십시오. (최대 700자 입력가능),본인 지원한 직무 가장 중요하다고 생각 역량 자신만 차별화된 강점 무엇인지 기술해
491,8,직무관련 경험(주요 성과 중심) [,직무 경험
492,8,"본인의 직무와 관련하여 관심 있는 주제를 선정하여 기술하고, 그에 대한 본인의 생각을 서술해 주십시오.",본인 직무 관련 관심 주제 선정 기술 본인 생각 서술해
493,8,"본인이 지원한 직무를 수행하기 위해 가장 필수적으로 요구되는 역량이 무엇이라 생각하며, 해당 역량을 갖추기 위해 특별히 노력한 경험에 대해 기술해 주십시오. [1000바이트]",본인 지원한 직무 수행하기 가장 필수적 요구되 역량 무엇이라 생각 해당 역량 갖추기 특별히 노력한 경험 대해 기술해 1000바이트
494,8,"지원 분야와 관련하여 본인이 충분한 역량 또는 잠재력을 갖고 있다고 어필할 수 있는 근거를 경험 (인턴, 아르바이트, 수행과제 등) 또는 사례와 함께 이야기 해 주세요. (1000byte 이내)",지원 분야 관련 본인 충분한 역량 잠재력 갖고 있다고 어필할 근거 경험 사례 이야기
495,8,[경력 및 경험활동 1] 입사지원서에 기입한 지원 직무와 관련한 경력 및 경험 활동의 주요 내용과 본인의 역할에 대해서 구체적으로 기술해 주십시오. (300자 이내),경력 경험활동 입사지원서 기입한 지원 직무 관련한 경력 경험 활동 주요 내용 본인 역할 구체적 기술해
496,8,"지원한 직무에 필요한 역량이 무엇이라고 생각하는지 ①Knowledge(지식), ②Skill(기술/자격), ③Attitude(태도) 세가지 관점으로 구분하여 작성해주세요.",지원한 직무 필요한 역량 무엇이라고 생각하는지 Knowledge지식 Skill Attitude태 세가지 관점 구분 작성해
497,8,"본인은 직무 관련 어떤 역량을 가지고 있으며, 앞으로 개발하고자 하는 것은 무엇입니까? (구체적으로 작성할수록 좋습니다.)",본인 직무 어떤 역량 가지고 있으며 개발하고자 무엇입니까
498,8,[본인이 선택한 직무에 대해 아래 내용을 포함하여 기술하시오. ①지원한 직무의 역할이 무엇이라 생각하는지 자유롭게 기술 ②본인이 해당 직무에 적합하다는 근거를 본인의 경험을 바탕으로 기술 ③입사 후 경력개발 계획에 대해 기술 (최대 700자 입력가능),본인 선택한 직무 대해 아래 내용 포함 기술하 지원한 직무 역할 무엇이라 생각하는지 자유롭게 기술 본인 해당 직무 적합하다 근거 본인 경험 바탕 기술 입사 경력개발 계획 대해 기술
499,8,"본인이 지원한 직무 수행시 필요하다고 생각하는 역량을 중심으로 직무를 정의해보고, 해당 직무를 본인이 잘 수행할 수 있다고 판단하는 근거를 기술해주십시오. (800자 이내) (799/800)",본인 지원한 직무 수행시 필요하다고 생각 역량 중심 직무 정의해보고 해당 직무 본인 수행할 있다고 판단 근거 기술해주
500,8,입사지원서에 기술한 직무관련 경험 및 기타활동 사항에 대해 상세히 기술해주시기 바랍니다.,입사지원서 기술한 직무 경험 기타활동 사항 대해 상세히 기술해주시기 바랍니다
501,8,지원하신 직무와 관련된 본인의 장단점을 기술해 주세요.,지원하신 직무 관련된 본인 장단점 기술해
502,8,"해당 직무에 지원한 동기는 무엇이고, 귀하가 지원 직무에 적합하다고 생각하는 이유를 구체적인 사례를 통해 기술해 주세요.",해당 직무 지원한 동기 무엇 귀하 지원 직무 적합하다고 생각 이유 구체적인 사례 기술해
503,8,"지원한 직무와 관련하여 현재 귀하의 가장 부족한 역량은 무엇이며, 이를 극복하기 위해 어떤 노력을 하고 있는지 기술해 주세요.",지원한 직무 관련 현재 귀하 가장 부족한 역량 무엇 극복하기 어떤 노력 있는지 기술해
504,8,"본인이 지원한 직무 수행 시 필요하다고 생각하는 역량을 중심으로 직무를 정의해보고, 해당 직무를 본인이 잘 수행할 수 있다고 판단하는 근거를 기술해주십시오. (800자 이내)",본인 지원한 직무 수행 필요하다고 생각 역량 중심 직무 정의해보고 해당 직무 본인 수행할 있다고 판단 근거 기술해주
505,8,"CJ제일제당이 속한 식품산업군은 급속한 환경의 변화가 이루어지는 시장입니다. 식품산업군의 지원 직무 Specialist로 어떤 미래를 그리고 싶은 지, 본인의 성장 계획을 작성해주십시오. (800자 이내)",CJ제일제당 속한 식품산업군 급속한 환경 변화 이루어지 시장 식품산업군 지원 직무 Specialist 어떤 미래 그리고 본인 성장 계획 작성해주
506,8,청년인턴 직무와 관련하여 본인이 수행한 경력 또는 경험 중 가장 대표적인 것에 대해 기술하여 주십시오.,청년인턴 직무 관련 본인 수행한 경력 경험 가장 대표적인 대해 기술
507,8,청년인턴 직무와 관련하여 현재 귀하의 능력 중 보완할 부분과 해당능력을 향상시킬 수 있는 방안에 대하여 구체적으로 기술하여 주십시오.,청년인턴 직무 관련 현재 귀하 능력 보완할 부분 해당능력 향상시킬 방안 구체적 기술
508,8,지원한 직무의 적합성이 뭐라고 생각하는지 그 이유,지원한 직무 적합성 뭐라고 생각하는지 이유
509,8,"직무에 지원한 동기와 지원 직무를 잘 수행할 수 있는 이유를 본인의 경험, 준비와 노력을 바탕으로 기술하여 주십시오",직무 지원한 동기 지원 직무 수행할 이유 본인 경험 준비 노력 바탕 기술
510,8,"CJ제일제당이 속한 식품산업군은 급속한 환경의 변화가 이루어지는 시장입니다. 식품산업군의 지원 직무 Specialist로 어떤 미래를 그리고 싶은지, 본인의 성장 계획을 작성해주십시오. 800",CJ제일제당 속한 식품산업군 급속한 환경 변화 이루어지 시장 식품산업군 지원 직무 Specialist 어떤 미래 그리고 싶은지 본인 성장 계획 작성해주 800
511,8,"지원한 직무와 관련된 경력이나 경험에서 본인의 역활, 활동 내용을 기술하시고, 해당 경험이 한국가스기술공사 입사 후 업무수행에 어떠한 도움을 줄 수 있을지 기술해 주십시오. (",지원한 직무 관련된 경력 경험 본인 역활 활동 내용 기술하시고 해당 경험 한국가스기술공사 입사 업무수행 어떠한 도움 있을지 기술해
512,8,"지원한 직무 관련 본인이 갖고 있는 전문지식/경험을 작성하고, 이를 바탕으로 본인이 지원 직무에 적합한 사유를 구체적으로 서술해 주시기 바랍니다. / 1000자 (영문작성 시 2000자) 이내",지원한 직무 본인 갖고 전문지식경험 작성 바탕 본인 지원 직무 적합한 사유 구체적 서술해 주시기 바랍니다
513,8,입사 후 본인이 지원한 직무와 관련된 계획과 기여할 수 있는 점에 대하여 기술하시오.,입사 본인 지원한 직무 관련된 계획 기여할 기술하
514,8,"본인이 희망하는 직무와 연계해 '나의 고객'을 정의하고, 그 고객에게 신뢰받기 위한 방안을 서술하세요. (800자 이내)",본인 희망 직무 연계해 고객 정의 고객 신뢰받기 방안 서술하
515,8,"지원 직무 수행에 필요한 전문 역량을 키우기 위해 노력한 경험을 작성하여 주십시오. - 전공/동아리/프로젝트/공모전/논문/연구/인턴 등 경험 종류는 무관하며, 직무 연관성이 가장 큰 경험부터 작성해 주십시오. - ① 관련 경험과 ②상세 내용으로 나누어 작성 (최대 3개까지 작성 가능)",지원 직무 수행 필요한 전문 역량 키우기 노력한 경험 작성 전공동아리프로젝트공모전논문연구인턴 경험 종류 무관 직무 연관성 가장 경험 작성해 경험 상세 내용 나누어 작성
516,8,지원 직무 관련 최근 중요하다고 판단하는 이슈/트렌드 한 가지를 작성하여 주십시오. 해당 이슈/트렌드가 중요하다고 판단한 사유와 SK브로드밴드 사업에 대한 이해를 바탕으로 지원 직무 담당자로서의 대응 방안을 작성하여 주십시오. 1) 지원 직무 관련 중요하다고 판단되는 이슈/트렌드 2) 해당 이슈/트렌드가 중요하다고 판단한 사유와 SK브로드밴드 사업에 대한 이해를 바탕으로 지원 직무 담당자로서의 대응 방안 작성 (1000 자 10 단락 이내),지원 직무 최근 중요하다고 판단 이슈트렌드 가지 작성 해당 이슈트렌드 중요하다고 판단한 사유 SK브로드밴드 사업 이해 바탕 지원 직무 담당자로서 대응 방안 작성 지원 직무 중요하다고 판단되 이슈트렌드 해당 이슈트렌드 중요하다고 판단한 사유 SK브로드밴드 사업 이해 바탕 지원 직무 담당자로서 대응 방안 작성
517,8,"좋은 회사에 대해서 정의하시고, 그런 회사를 만들기 위해 본인이 지원 직무 구성원으로서 기여할 수 있는 부분에 대해서 작성하십시오. 1) 본인이 생각하는 좋은 회사란? 2) 지원 직무 구성원으로서 역할, 기여할 수 있는 부분 , 향후 계획 등에 대해 작성 (500 자 10 단락 이내)",회사 정의하시고 그런 회사 만들기 본인 지원 직무 구성원으로서 기여할 부분 작성하 본인 생각 회사란 지원 직무 구성원으로서 역할 기여할 부분 향후 계획 대해 작성
518,8,"지원 직무에 요구되는 역량은 무엇이라고 생각하며, 이를 갖추기 위해 어떠한 노력을 해왔는지 기술해 주십시오. ( 0 / 1500 bytes )",지원 직무 요구되 역량 무엇이라고 생각 갖추기 어떠한 노력 해왔는지 기술해
519,8,"[직무능력기술서] 직무 관련 보유 지식, 자격, 경험, 경력에 대해 자세히 기술 (800)",직무능력기술서 직무 보유 지식 자격 경험 경력 대해 자세히 기술 800
520,8,지원 직무의 핵심역량 중 본인이 남들보다 뛰어나다고 생각하는 역량은 무엇입니까? 해당 역량을 갖추기 위해 어떠한 노력을 했는지 구체적 근거를 들어 기술해주십시오. (600자 이내),지원 직무 핵심역량 본인 남들 뛰어나다고 생각 역량 무엇입니까 해당 역량 갖추기 어떠한 노력 했는지 구체적 근거 들어 기술해주
521,8,"지원 직무와 관련된 경험 및 준비해 온 것은 무엇인지, 해당 직무를 잘 수행할 수 있는 자신만의 경쟁력을 기술해 주세요* 800",지원 직무 관련된 경험 준비해 무엇인지 해당 직무 수행할 자신만 경쟁력 기술해 800
522,8,본인만의 핵심 역량,본인만 핵심 역량
523,8,"석사(혹은 박사)학위과정에서 이수한 과목 중 지원하신 직무와 관련된 과목을 기술하여 주시기 바라며, 당시 사용했던 실험기기(실험 skill)에 대해 기술하여 주십시오. 특허 및 IT개발 지원자의 경우, 대학생활 중 이수한 과목 중 지원하신 직무와 관련된 과목(복수 가능)을 기술하여 주시기 바라며, 해당 과목을 통해 직무를 잘 수행할 수 있는 이유를 기술하여 주십시오.(1,000자 이내)",석사 학위과정 이수한 과목 지원하신 직무 관련된 과목 기술 주시기 바라며 당시 사용했던 실험기기 대해 기술 특허 IT개발 지원자 경우 대학생활 이수한 과목 지원하신 직무 관련된 과목 기술 주시기 바라며 해당 과목 직무 수행할 이유 기술
524,8,직무 관련 본인의 주요 성과 및 과정,직무 본인 주요 과정
525,8,지원 직무를 수행함에 있어 본인만의 강점과 핵심역량은 무엇인가요?,지원 직무 수행함 있어 본인만 강점 핵심역량 무엇인가요
526,8,귀하가 지원한 직무분야에서 일하고자 하는 이유는 무엇입니까? 직무와 관련된 역량을 갖추기 위하여 그동안 어떠한 노력을 하였는지 기술해주시기 바랍니다.,귀하 지원한 직무분야 일하고자 이유 무엇입니까 직무 관련된 역량 갖추기 그동안 어떠한 노력 하였는지 기술해주시기 바랍니다
527,8,직무를 성공적으로 수행하기 위하여 어떤 노력과 경험을 하였는지 작성해 주십시오.,직무 성공적 수행하기 어떤 노력 경험 하였는지 작성해
528,8,직무와 관련된 성공사례 혹은 인상깊은 경험을 작성해 주십시오.,직무 관련된 성공사례 인상깊 경험 작성해
529,8,직무 수행간 실패사례에 대한 경험을 작성해 주십시오.,직무 수행간 실패사례 경험 작성해
530,8,"직무 관련, 본인의 주요 성과 및 과정",직무 본인 주요 과정
531,8,본인의 글로벌 역량을 키우기 위한 노력 또는 경험을 기술 바랍니다.,본인 글로벌 역량 키우기 노력 경험 기술 바랍니다
532,8,"지원하는 직무와 관련해서 타인과 비교하여 차별화된 자신만의 핵심 경쟁력이 무엇인지 기술하고, 그러한 경쟁력을 보유하게 된 과정과 입사 후 적용 방안에 대하여 작성해 주십시오. [800] byte 이내",지원 직무 관련 타인 비교 차별화된 자신만 핵심 경쟁력 무엇인지 기술 그러한 경쟁력 보유하게 과정 입사 적용 방안 작성해 800 byte 이내
533,8,"지원하신 직무와 관련되거나 가깝다고 생각되는 전공 프로젝트 1가지를 선정하여, 배경/과정/결론으로 중심으로 소개해주세요.",지원하신 직무 관련되거 가깝다고 생각되 전공 프로젝트 1가지 선정 배경과정결론 중심 소개해
534,8,"지원 분야에 대한 본인의 역량을 분석해 보고, 역량을 향상시키기 위해 어떠한 노력을 했는지 기술하여 주십시오.(400자 이내)",지원 분야 본인 역량 분석해 보고 역량 향상시키기 어떠한 노력 했는지 기술
535,8,"본인이 지원하는 직무에 대한 경험과 강점에 대해 말씀해 주십시오. (1,000자 이내)",본인 지원 직무 경험 강점 대해 말씀해
536,8,"자신의 글로벌 역량 강화를 위하여 어떤 노력을 하였으며, 그 결과 갖추게 된 능력이나 역량에 대하여 기술해 주십시오. (500자 이내)",자신 글로벌 역량 강화 어떤 노력 하였으며 갖추게 능력 역량 기술해
537,8,"본인이 KIST에 입원지원하게 된 동기와 지원한 분야의 업무 전문성 신장을 위해 노력하신 내용을 다음 항목에 따라 구체적으로 작성하여 주십시오. 1-1. KIST에 대하여 어떻게 알게 되었으며, 왜 우리원 해당 직무에 지원하고자 하십니까? (300자 이내)",본인 KIST 입원지원하게 동기 지원한 분야 업무 전문성 신장 노력하신 내용 다음 항목 따라 구체적 작성 KIST 어떻게 알게 되었으며 우리원 해당 직무 지원하고자 하십니까
538,8,"지원한 직무 관련 본인이 갖고 있는 전문지식/경험을 작성하고, 이를 바탕으로 본인이 지원 직무에 적합한 사유를 구체적으로 서술해 주시기 바랍니다. 1000자 (영문작성 시 2000자) 이내",지원한 직무 본인 갖고 전문지식경험 작성 바탕 본인 지원 직무 적합한 사유 구체적 서술해 주시기 바랍니다
539,8,"(지원포부) LH 경영목표 중 어떤 부분에 관심이 있으며 입사 후 어떻게 기여하고 싶은지, 본인의 주요 직무 역량 및 강점을 기반으로 기술해 주십시오. (0 / 500자 이내)",지원포부 LH 경영목표 어떤 부분 관심 있으며 입사 어떻게 기여 싶은지 본인 주요 직무 역량 강점 기반 기술해
540,8,지원하신 직무와 관련하여 습득한 지식과 경험에 대해 기술해주시기 바랍니다.,지원하신 직무 관련 습득한 지식 경험 대해 기술해주시기 바랍니다
541,8,지원한 직무를 수행하기 위해 필요한 핵심역량은 무엇이라고 생각하며 그 이유는 무엇인지 설명해 주세요. (최대 500자 입력가능),지원한 직무 수행하기 필요한 핵심역량 무엇이라고 생각 이유 무엇인지 설명해
542,8,그 역량을 갖추기 위해 본인이 어떠한 노력을 기울였는지 구체적으로 기술해 주세요. (최대 500자 입력가능),역량 갖추기 본인 어떠한 노력 기울였는지 구체적 기술해
543,8,"직무수행 계획서 본인이 지원한 분야에 필요한 역량은 무엇이고, 해당 역량을 발전시키기 위해서 어떤 노력을 하였고, 향후 직무수행 계획은 어떠한지 구체적으로 기술하여 주시기 바랍니다. * [700자 이내]",직무수행 계획서 본인 지원한 분야 필요한 역량 무엇 해당 역량 발전시키기 어떤 노력 하였고 향후 직무수행 계획 어떠한지 구체적 기술 주시기 바랍니다
544,8,"지원한 직무에 필요한 핵심역량 혹은 전문지식 3가지를 선정하여 그 이유를 기술하고 이와 관련한 본인의 강점에 대해 기술하여 주십시오. ① 지원한 직무에 본인이 적합한 이유 ② 지원한 직무를 잘 수행하기 위한 그 동안의 노력과 도전 등을 반드시 포함하여 구체적으로 기술하여 주십시오. (최대 1,000자 입력가능)",지원한 직무 필요한 핵심역량 전문지식 3가지 선정 이유 기술 관련한 본인 강점 대해 기술 지원한 직무 본인 적합한 이유 지원한 직무 수행하기 동안 노력 도전 반드시 포함 구체적 기술
545,8,"지원한 직무에 가장 필요하다고 생각하는 기술이 무엇인지 제시하고, 해당 기술을 업무에 적용하기 위한 본인의 구체적인 계획을 기술하여 주십시오.",지원한 직무 가장 필요하다고 생각 기술 무엇인지 제시 해당 기술 업무 적용하기 본인 구체적인 계획 기술
546,8,지원 분야에 대한 내용을 아래 항목별로 작성해 주세요. 2-1. 지원한 직무를 수행하기 위해 필요한 핵심역량은 무엇이라고 생각하며 그 이유는 무엇인지 설명해 주세요. (최대 500자 입력가능),지원 분야 내용 아래 항목별 작성해 지원한 직무 수행하기 필요한 핵심역량 무엇이라고 생각 이유 무엇인지 설명해
547,8,"우리공사 및 지원한 직무에 관심이 생긴 계기를 기술하고, 우리공사에서 근무하면서 어떤 부분을 성취하고 싶은지 기술해 주세요.",우리공사 지원한 직무 관심 생긴 계기 기술 우리공사 근무하면서 어떤 부분 성취 싶은지 기술해
548,8,지원 직무와 관려된 본인의 강점에 대해 경험에 근거하여 서술해 주십시오,지원 직무 관려된 본인 강점 대해 경험 근거 서술해
549,8,"지원하신 직무 분야에서 일을 하시게 된다면,어떤 커리어를 만들어 나갈지에 대한 계획을 서술해 주시고, 이를 통해 어떤 방식으로 회사발전에 기여할 수 있을지 설명해주십시오",지원하신 직무 분야 하시게 된다면어떤 커리어 만들어 나갈지 계획 서술해 주시고 어떤 방식 회사발전 기여할 있을지 설명해주
550,8,"해당 직무에 지원하신 이유, 본인이 적합하다고 판단하는 근거, 관련 산출물 등을 작성해주세요.",해당 직무 지원하신 이유 본인 적합하다고 판단 근거 산출물 작성해
551,8,본인이 지원한 직무에서 입사 후 어떠한 업무를 하고 싶은지 작성해주세요.,본인 지원한 직무 입사 어떠한 업무 싶은지 작성해
552,8,"본인이 가진 역량 중 우리 공단 직무를 수행할 때 강점이 될 것이라 생각하는 역량은 무엇이며, 그 역량을 갖추기 위해 어떤 노력이나 경험을 하였는지 서술하여 주십시오. (600자)",본인 가진 역량 우리 공단 직무 수행할 강점 것이라 생각 역량 무엇 역량 갖추기 어떤 노력 경험 하였는지 서술 600자
553,8,지원 직무에 대해 자신이 적합하다고 생각하는 이유를 기술하십시오.,지원 직무 대해 자신 적합하다고 생각 이유 기술하
554,8,당신이 지원한 직무와 관련하여 보유한 직무역량을 서술하십시오. (30자),당신 지원한 직무 관련 보유한 직무역량 서술하 30자
555,8,본인이 지원한 직무관련 지원동기와 역량에 대하여 (500~1000자),본인 지원한 직무 지원동기 역량
556,8,본인이 지원한 직무관련 향후 계획에 대하여 (500자),본인 지원한 직무 향후 계획 500자
557,8,"다양한 유형의 사람을 상대하기 위해 필요한 역량은 무엇인지 서술하고, 지원자가 해당 역량을 발휘 하여 상대방을 만족시켰던 경험에 대해 구체적으로 작성해 주십시오.",다양한 유형 사람 상대하기 필요한 역량 무엇인지 서술 지원자 해당 역량 발휘 상대방 만족시켰던 경험 대해 구체적 작성해
558,8,"지원분야의 직무를 수행 하는데 있어 지원자의 전문성(장점)을 소개하고, 전문성 향상을 위한 그동안의 노력과 입사 후 코레일 기여방안에 대해 작성해 주십시오.",지원분야 직무 수행 하는데 있어 지원자 전문성장점 소개 전문성 향상 그동안 노력 입사 코레일 기여방안 대해 작성해
559,8,"해당 직무를 위해 노력해온 준비사항, 역량 등을 본인의 경험 중심으로 작성해주시고 입사 후 본인의 커리어 목표에 대해 구체적으로 작성해주시기 바랍니다. (800자 이내)",해당 직무 노력해온 준비사항 역량 본인 경험 중심 작성해주시고 입사 본인 커리어 목표 대해 구체적 작성해주시기 바랍니다
560,8,"본인이 가진 역량 중 우리 공단 직무를 수행할 때 강점이 될 것이라 생각하는 역량은 무엇이며, 그 역량을 갖추기 위해 어떤 노력이나 경험을 하였는지 서술하여 주십시오.",본인 가진 역량 우리 공단 직무 수행할 강점 것이라 생각 역량 무엇 역량 갖추기 어떤 노력 경험 하였는지 서술
561,8,"지원 직무 관련, 본인의 주요 성과 및 과정",지원 직무 본인 주요 과정
562,8,지원 분야와 관련하여 본인의 역량 중 보완해야 할 부분과 그 역량을 향상시킬 수 있는 방안에 대해 기술하여 주십시오,지원 분야 관련 본인 역량 보완 부분 역량 향상시킬 방안 대해 기술
563,8,"지원한 분야에서 업무를 수행하기 위해 필요한 역량은 무엇이며, 해당 역량이 필요한 이유와 그 역량을 향상시키기 위한 개발과정에 대해 기술하여 주십시오. (200자 이상 500자 이내)",지원한 분야 업무 수행하기 필요한 역량 무엇 해당 역량 필요한 이유 역량 향상시키기 개발과정 대해 기술
564,8,현대건설 및 해당 직무에 지원한 이유와 본인이 이루고자 하는 목표를 기술하여 주십시오. (500자 이내),현대건설 해당 직무 지원한 이유 본인 이루고자 목표 기술
565,8,"지원 직무를 어떻게 이해하고 있는지 기술하고, 본인이 적합하다고 판단할 수 있는 근거를 경험과 사례를 바탕으로 작성하여 주십시오. (500자 이내)",지원 직무 어떻게 이해 있는지 기술 본인 적합하다고 판단할 근거 경험 사례 바탕 작성
566,8,지원 직무와 관련하여 본인이 이루어낸 성과를 구체적으로 기술하시오,지원 직무 관련 본인 이루어낸 성과 구체적 기술하
567,8,지원 직무 관련 전문성을 향상시키기 위해 노력한 성과(경험)를 구체적으로 기술하시오,지원 직무 전문성 향상시키기 노력한 성과경험 구체적 기술하
568,8,"한국산업기술평가관리원(이하 '우리원') 지원사유 ★ 자기소개서 작성요령 - 작성 시 학교명, 출신지역, 가족관계 등 개인 신상을 직.간접적으로 파악할 수 있도록 기재할 경우 불이익을 받을 수 있습니다. - 직무와 관련된 경험 및 경력 위주로 기재하여 주십시오.",한국산업기술평가관리원 지원사유 자기소개서 작성요령 작성 학교명 출신지역 가족관계 개인 신상 직간접적 파악할 있도록 기재할 경우 불이익 직무 관련된 경험 경력 위주 기재
569,8,"역량기술서 ★ 직무능력기술서 작성요령 - 작성 시 학교명, 출신지역, 가족관계 등 개인 신상을 직.간접적으로 파악할 수 있도록 기재할 경우 불이익을 받을 수 있습니다. - 직무와 관련된 경험 및 경력 위주로 기재하여 주십시오. [직무능력기술서] 직무 관련 보유 지식.자격.경험.경력 사항에 대해 자세히 기술하시오.",역량기술서 직무능력기술서 작성요령 작성 학교명 출신지역 가족관계 개인 신상 직간접적 파악할 있도록 기재할 경우 불이익 직무 관련된 경험 경력 위주 기재 직무능력기술서 직무 보유 지식자격경험경력 사항 대해 자세히 기술하
570,8,지원 직무의 필요 역량 3가지와 그 역량을 갖추기 위해 준비한 것을 기술하시오.,지원 직무 필요 역량 3가지 역량 갖추기 준비한 기술하
571,8,희망하는 직무를 준비해온 과정과 희망직무에 대한 본인만의 강점 및 약점을 기술해 주세요.,희망 직무 준비해온 과정 희망직무 본인만 강점 약점 기술해
572,8,"학교 수업이나 대외활동을 통해 습득한 CS 지식 중 지원한 직무와 연관된 내용을 설명해 주세요. (최대 3개 / 2,000자 이내)",학교 수업 대외활동 습득한 CS 지식 지원한 직무 연관된 내용 설명해
573,8,"본인이 KAMCO에 입사 후 희망하는 직무는 무엇이며, 해당 직무를 수행함에 있어 어떻게 기여할 수 있을지를 KAMCO의 역할 및 사업내용과 관련지어 구체적으로 작성해 주십시오",본인 KAMCO 입사 희망 직무 무엇 해당 직무 수행함 있어 어떻게 기여할 있을지 KAMCO 역할 사업내용 관련지어 구체적 작성해
574,8,본인이 지원한 직무의 전문가가 되기 위해 수행한 경험 및 경력을 구체적으로 서술하시오.,본인 지원한 직무 전문가 되기 수행한 경험 경력 구체적 서술하
575,8,지원 직무와 관련 경력 및 경험의 주요 내용과 본인의 역할에 대해서 구체적으로 기술해 주십시오.,지원 직무 경력 경험 주요 내용 본인 역할 구체적 기술해
576,8,kt ds 및 해당 직무에 지원한 동기와 kt ds 입사 후 해당 직무의 전문가로 성장하기 위해 어떠한 노력을 할지 구체적으로 기술해 주십시오.,kt ds 해당 직무 지원한 동기 kt ds 입사 해당 직무 전문가 성장하기 어떠한 노력 할지 구체적 기술해
577,8,"직무경험 : 본인이 지원한 직무에 대한 준비과정과 해당직무와 관련된 본인의 강점, 약점을 기술해주세요.",직무경험 본인 지원한 직무 준비과정 해당직무 관련된 본인 강점 약점 기술해
578,8,"지원한 분야에서 업무를 수행하기 위해 필요한 역량은 무엇이며, 해당 역량이 필요한 이유와 그 역량을 향상시키기 위한 개발과정에 대해 기술하여 주십시오. [ 200자 이상 500자 이내 ]",지원한 분야 업무 수행하기 필요한 역량 무엇 해당 역량 필요한 이유 역량 향상시키기 개발과정 대해 기술
579,8,지원분야 직무 수행을 위한 본인의 경험과 노력을 적어주세요,지원분야 직무 수행 본인 경험 노력 적어
580,8,"지원 직무와 관련된 경험(프로젝트, 과업 수행 등)을 작성해 주세요 (700자)",지원 직무 관련된 경험 작성해 700자
581,8,청년인턴 직무와 관련하여 현재 귀하의 능력 중 보완할 부분과 해당 능력을 향상시킬 수 있는 방안에 대하여 구체적으로 기술하여 주십시오.,청년인턴 직무 관련 현재 귀하 능력 보완할 부분 해당 능력 향상시킬 방안 구체적 기술
582,8,지원분야를 선택한 이유와 본인이 이 직무에 적합하다고 판단할 수 있는 근거를 기술해주십시오. [700],지원분야 선택한 이유 본인 직무 적합하다고 판단할 근거 기술해주 700
583,8,직무 수행 경험 및 직무역량,직무 수행 경험 직무역량
584,8,"[관련 경험 1] 지원 직무에 필요한 역량과 관련된 프로젝트/공모전/논문/연구/학습 및 기타 활동에 참여한 경험을 작성하여 주십시오. (최대 3개 경험) ㅇ [관련 경험], [기간], [본인의 역할 (1)], [본인의 역할 (2)] 로 나누어 작성 ㅇ [관련 경험] : 직무 역량과 관련있는 객관적 증빙 가능 경험 작성 (50자 이내) - 예시 1) 신제품 개발 프로젝트 수행 - 예시 2) 교내 소프트웨어 프로젝트 경진대회 수상 ㅇ [기간] : 경험 수행 기간 작성 (20자 이내) - 예시 1) 2017.01~2018.01 ㅇ [본인의 역할] : 해당 경험에서 본인의 주요 역할 (또는 사용기술) 및 실행 과정 작성 (200자 이내) - 예시 1) 신규 서비스의 고객 반응 조사 담당 : 실행 과정 작성 - 예시 2) 서비스 개발 담당 ) : 실행 과정 작성 ㅇ 구체적인 성과가 없거나 실패한 사례라도 과정 상의 노력 서술 가능",경험 지원 직무 필요한 역량 관련된 프로젝트공모전논문연구학습 기타 활동 참여한 경험 작성 경험 기간 본인 역할 본인 역할 나누어 작성 경험 직무 역량 관련 객관적 증빙 가능 경험 작성 예시 신제품 개발 프로젝트 수행 예시 교내 소프트웨어 프로젝트 경진대회 수상 기간 경험 수행 기간 작성 예시 01 01 본인 역할 해당 경험 본인 주요 역할 실행 과정 작성 예시 신규 서비스 고객 반응 조사 담당 실행 과정 작성 예시 서비스 개발 담당 실행 과정 작성 구체적인 성과 없거 실패한 사례 과정 노력 서술 가능
585,8,본인의 강점 및 약점을 은행 직무와 연관지어 기술해 주십시오. (최대 600자 입력가능),본인 강점 약점 은행 직무 연관지어 기술해
586,8,"인턴십을 수행하기 위해 필요한 역량 3가지를 선정하고, 그 이유를 본인의 역량, 준비과정 및 관련 경험을 근거로 작성해주시기 바랍니다.(50자 이상 500자 이내)",인턴십 수행하기 필요한 역량 3가지 선정 이유 본인 역량 준비과정 경험 근거 작성해주시기 바랍니다
587,8,"고객의 서비스 만족을 위해 가장 중요한 역량은 무엇인지 서술하고, 해당 역량을 갖추기 위해 노력했던 경험 혹은 해당 역량을 발휘한 경험에 대해 구체적으로 작성해 주십시오.",고객 서비스 만족 가장 중요한 역량 무엇인지 서술 해당 역량 갖추기 노력했던 경험 해당 역량 발휘한 경험 대해 구체적 작성해
588,8,"지원하는 직무와 관련해서 타인과 비교하여 차별화된 자신만의 핵심 경쟁력이 무엇인지 기술하고, 그러한 경쟁력을 보유하게 된 과정과 입사 후 적용 방안에 대하여 작성해 주십시오.",지원 직무 관련 타인 비교 차별화된 자신만 핵심 경쟁력 무엇인지 기술 그러한 경쟁력 보유하게 과정 입사 적용 방안 작성해
589,8,KT SkyLife 및 해당 직무에 지원한 동기와 입사 후 해당 직무의 전문가로 성장하기 위해 어떠한 노력을 할지 구체적으로 기술해 주십시오. (최대 700자 입력가능),KT SkyLife 해당 직무 지원한 동기 입사 해당 직무 전문가 성장하기 어떠한 노력 할지 구체적 기술해
590,8,"지원한 직무를 수행하기 위해 필요한 핵심역량은 무엇이라고 생각하며, 그 이유에 대해 설명해 주십시오. 또한 해당 역량을 갖추기 위해 본인이 어떤 노력을 하였는지 기술해 주십시오. (최대 800자 입력가능)",지원한 직무 수행하기 필요한 핵심역량 무엇이라고 생각 이유 대해 설명해 또한 해당 역량 갖추기 본인 어떤 노력 하였는지 기술해
591,8,"건강보험심사평가원의 직원이 가져야할 역량 중 가장 필요한 역량이 무엇인지 제시하고, 본인이 왜 적합한 인재인지를 기술하여 주십시오.",건강보험심사평가원 직원 가져야할 역량 가장 필요한 역량 무엇인지 제시 본인 적합한 인재인지 기술
592,8,"본인이 지원한 직무와 관련한 경험(금전적 보수 없음) 혹은 경력(금전적 보수 있음)에 대해 기술해 주시기 바랍니다. 다양한 활동(학교, 회사, 동아리, 동호회 등)을 통해 지원한 직무와 관련하여 쌓은 경험 또는 경력사항에 대해 작성해 주십시오. (1000자 이내)1-1. 언제, 어디서 활동했던 경험인지 기술해 주십시오. (200자 이내)",본인 지원한 직무 관련한 경험 경력 대해 기술해 주시기 바랍니다 다양한 활동 지원한 직무 관련 경험 경력사항 대해 작성해 언제 어디서 활동했던 경험인지 기술해
593,8,지원한 직무와 관련된 노력이나 경험,지원한 직무 관련된 노력 경험
594,8,지원분야와 관련된 본인의 역량을 기술 하십시오,지원분야 관련된 본인 역량 기술
595,8,"지원분야에 필요한 핵심역량은 무엇이며, 그 역량을 갖추기 위해 어떤 노력을 하였는지 객관적인 근거를 토대로 작성바랍니다. (한글 750자)",지원분야 필요한 핵심역량 무엇 역량 갖추기 어떤 노력 하였는지 객관적인 근거 토대 작성바랍니다
596,8,"지원한 직무에 관심을 갖게 된 계기와 이를 잘 수행할 수 있다고 생각하는 이유를, 본인의 역량, 교육사항, 준비과정, 경험 또는 경력을 근거로 기술해 주십시오. 그리고 입사 후 실천하고자 하는 목표 및 향후 자기개발?경력개발 계획에 대해서도 함께 기술해 주십시오.",지원한 직무 관심 갖게 계기 수행할 있다고 생각 이유 본인 역량 교육사항 준비과정 경험 경력 근거 기술해 그리고 입사 실천하고자 목표 향후 자기개발경력개발 계획 대해서 기술해
597,8,한국연구재단에서 지원 직무에 대한 자신의 목표와 그를 이루기 위한 구체적인 계획을 기술하여 주십시오.,한국연구재단 지원 직무 자신 목표 이루기 구체적인 계획 기술
598,8,"지원 직무에 본인이 적합하다고 판단할 수 있는 이유를 구체적인 경험 / 나만의 차별화 포인트 / 그동안의 노력과 도전 측면에서 실제 사례 중심으로 구체적으로 작성해 주세요. ① 대학생활과 졸업 이후 다양한 활동, 공모전 등의 경험과 ②이를 통하여 배운점과 발현된 역량, 위기를 극복한 사례를 포함하여 작성(1,500자 이내)",지원 직무 본인 적합하다고 판단할 이유 구체적인 경험 나만 차별화 포인트 그동안 노력 도전 측면 실제 사례 중심 구체적 작성해 대학생활 졸업 이후 다양한 활동 공모전 경험 배운점 발현된 역량 위기 극복한 사례 포함 작성
599,8,본인이 해당 업무를 지원한 이유와 지원 직무를 위해 했던 노력에 대해서 서술해 주세요.,본인 해당 업무 지원한 이유 지원 직무 했던 노력 서술해
600,8,"지원 직무에 대해 본인이 이해한 내용을 서술하고, 본인이 해당 직무에 적합한 사유를 전공능력 측면에서 구체적으로 서술해 주시기 바랍니다.",지원 직무 대해 본인 이해한 내용 서술 본인 해당 직무 적합한 사유 전공능력 측면 구체적 서술해 주시기 바랍니다
601,8,본인이 지원한 직무를 수행하기 위해 필요한 핵심역량은 무엇이며 해당 역량을 갖추기 위해 본인이 어떤 노력을 하였는지 기술해 주십시오.,본인 지원한 직무 수행하기 필요한 핵심역량 무엇 해당 역량 갖추기 본인 어떤 노력 하였는지 기술해
602,8,"본인이 지원한 업무를 수행함에 있어 가장 중요한 역량은 무엇이라 생각하는지 기술하고, 해당 역량이 잘 발휘되어 좋은 성과를 내었던 사례에 대해 구체적으로 작성해주시기 바랍니다.",본인 지원한 업무 수행함 있어 가장 중요한 역량 무엇이라 생각하는지 기술 해당 역량 발휘되어 성과 내었던 사례 대해 구체적 작성해주시기 바랍니다
603,8,직무와 관련된 본인의 보유 역량을 기술하시오.,직무 관련된 본인 보유 역량 기술하
604,8,선택한 직무에 지원하는 이유와 해당 직무에 필요한 역량을 키우기 위한 자신의 경험 및 노력을 기술해주십시오. (500),선택한 직무 지원 이유 해당 직무 필요한 역량 키우기 자신 경험 노력 기술해주 500
605,8,지원 직무에 관심을 갖게 된 계기,지원 직무 관심 갖게 계기
606,8,지원직무 수행 시 (1) 필요하다고 생각하는 역량 세가지를 중요도 순으로 작성해주세요. (2) 해당 역량과 관련하여 본인이 지원 직무를 잘 수행할 수 있는 이유를 구체적으로 작성해주세요.,지원직무 수행 필요하다고 생각 역량 세가지 중요 작성해 해당 역량 관련 본인 지원 직무 수행할 이유 구체적 작성해
607,8,지원분야와 관련하여 본인의 역량 중 보완해야 할 부분과 그 역량을 향상시킬 수 있는 방안에 대해 기술하여 주십시오.,지원분야 관련 본인 역량 보완 부분 역량 향상시킬 방안 대해 기술
608,8,KT 및 해당 직무에 지원한 동기와 KT 입사 후 해당 직무의 전문가로 성장하기 위해 어떤 노력을 할 것인지 구체적으로 기술해 주십시오. (최대 700자 입력가능),KT 해당 직무 지원한 동기 KT 입사 해당 직무 전문가 성장하기 어떤 노력 것인지 구체적 기술해
609,8,"지원한 직무를 수행하기 위해 필요한 핵심역량은 무엇이라고 생각하며, 그 이유에 대해 설명해 주십시오. 또한 해당 역량을 갖추기 위해 노력한 본인의 경험에 대해 기술해 주십시오. (최대 800자 입력가능)",지원한 직무 수행하기 필요한 핵심역량 무엇이라고 생각 이유 대해 설명해 또한 해당 역량 갖추기 노력한 본인 경험 대해 기술해
610,8,"(지원포부) LH 경영목표 중 어떤 부분에 관심이 있으며 입사 후 어떻게 기여하고 싶은지, 본인의 주요 직무 역량 및 강점을 기반으로 기술해 주십시오.",지원포부 LH 경영목표 어떤 부분 관심 있으며 입사 어떻게 기여 싶은지 본인 주요 직무 역량 강점 기반 기술해
611,8,해당 직무에 지원한 이유는 무엇입니까?,해당 직무 지원한 이유 무엇입니까
612,8,지원하는 직무에 대해 본인이 가장 중요하게 생각하는 역량은 무엇이고 그 이유에 대해 서술하여 주십시오.,지원 직무 대해 본인 가장 중요하게 생각 역량 무엇 이유 대해 서술
613,8,지원한 분야의 전문성과 역량을 갖추기 위한 본인의 노력과 경험에 대하여 기술하여 주십시오.,지원한 분야 전문성 역량 갖추기 본인 노력 경험 기술
614,8,"지원한 직무 관련 본인이 갖고 있는 전문지식/경험을 작성하고, 이를 바탕으로 본인이 지원 직 무에 적합한 사유를 구체적으로 서술해 주시기 바랍니다.",지원한 직무 본인 갖고 전문지식경험 작성 바탕 본인 지원 적합한 사유 구체적 서술해 주시기 바랍니다
615,8,지원 직무에 요구되는 역량은 무엇이라고 생각하며. 이를 갖추기 위해 어떠한 노력을 해왔는지 기술해 주십시오 *,지원 직무 요구되 역량 무엇이라고 생각 갖추기 어떠한 노력 해왔는지 기술해
616,8,지원하신 직무를 수행하기 위해 어떤 역량이 필요하다고 생각하시나요? 그 역량을 갖추기 위해 기울인 노력을 서술해주시기 바랍니다,지원하신 직무 수행하기 어떤 역량 필요하다고 생각하시나요 역량 갖추기 기울인 노력 서술해주시기 바랍니다
617,8,본인이 지원한 분야의 직무와 그 역할에 대하여 기술하여 주십시오.(1282/1500byte 이내),본인 지원한 분야 직무 역할 기술
618,8,"지원분야에 적용할 수 있는 본인의 역량 및 그 역량을 갖추기 위한 노력, 동기 등을 기술하여 주십시오.(1426/1500byte 이내)",지원분야 적용할 본인 역량 역량 갖추기 노력 동기 기술
619,8,본인이 선택한 직무에 대해 아래 내용을 포함하여 기술하시오.(700) ①지원한 직무의 역할이 무엇이라 생각하는지 자유롭게 기술 ②본인이 해당 직무에 적합하다는 근거를 본인의 경험을 바탕으로 기술 ③입사 후 경력개발 계획에 대해 기술,본인 선택한 직무 대해 아래 내용 포함 기술하시오700 지원한 직무 역할 무엇이라 생각하는지 자유롭게 기술 본인 해당 직무 적합하다 근거 본인 경험 바탕 기술 입사 경력개발 계획 대해 기술
620,8,직무 수행을 위한 전문성,직무 수행 전문성
621,8,지원한 직무를 성공적으로 수행할 수 있다고 생각하는 이유를 자신의 경험을 바탕으로 기술해 주십시오. [750자 이내],지원한 직무 성공적 수행할 있다고 생각 이유 자신 경험 바탕 기술해
622,8,본인이 선택한 직무에 대해 아래 내용을 포함하여 기술하시오.(2100바이트) ①지원한 직무의 역할이 무엇이라 생각하는지 자유롭게 기술 ②본인이 해당 직무에 적합하다는 근거를 본인의 경험을 바탕으로 기술 ③입사 후 경력개발 계획에 대해 기술,본인 선택한 직무 대해 아래 내용 포함 기술하 지원한 직무 역할 무엇이라 생각하는지 자유롭게 기술 본인 해당 직무 적합하다 근거 본인 경험 바탕 기술 입사 경력개발 계획 대해 기술
623,8,역량기술서 [직무능력기술서] 직무 관련 보유 지식.자격.경험.경력 사항에 대해 자세히 기술하시오.,역량기술서 직무능력기술서 직무 보유 지식자격경험경력 사항 대해 자세히 기술하
624,8,"지원하신 직무를 수행하기 위한 준비과정 및 관련 경험에 대해, 사실을 기반으로 구체적으로 작성해주세요.(최대 800자 입력가능)",지원하신 직무 수행하기 준비과정 경험 대해 사실 기반 구체적 작성해
625,8,지원한 분야의 전문성과 역량을 갖추기 위해 본인이 노력했던 경험과 그 결과에 대하여 구체적으로 서술하시오.,지원한 분야 전문성 역량 갖추기 본인 노력했던 경험 결과 구체적 서술하
626,8,"직무와 관련된 수상 및 경력, 경험",직무 관련된 수상 경력 경험
627,8,"본인의 지원분야에서 근무할 때 가장 필요하다고 생각되는 역량은 무엇인지 설명하고, 해당 역량을 향상시키기 위해 어떠한 노력을 기울여 왔는지 기술해라",본인 지원분야 근무할 가장 필요하다고 생각되 역량 무엇인지 설명 해당 역량 향상시키기 어떠한 노력 기울여 왔는지 기술해라
628,8,"지원 직무에 대한 지원 동기와 해당 직무를 수행하기 위해 어떠한 준비를 해왔는지 아래 항목에 따라 작성해 주십시오. 1-1. 지원한 직무에 관심을 갖게 된 계기는 무엇이며, 한국남부발전에서 해당 직무를 하고자 하는 이유에 대해 작성해 주십시오.",지원 직무 지원 동기 해당 직무 수행하기 어떠한 준비 해왔는지 아래 항목 따라 작성해 지원한 직무 관심 갖게 계기 무엇 한국남부발전 해당 직무 하고자 이유 대해 작성해
629,8,지원 직무를 수행하기 위해 준비한 과정과 경험을 작성해 주십시오.??????해당 경험을 통해 준비한 역량을 입사 후 어떻게 향상시킬 것인지 작성해 주십시오.,지원 직무 수행하기 준비한 과정 경험 작성해 주십시오해당 경험 준비한 역량 입사 어떻게 향상시킬 것인지 작성해
630,8,"지원하고자 하는 직무와 관련하여, 직무활동, 동아리/동호회, 팀프로젝트, 연구회, 재능기부 등 주요경험을 기재합니다.",지원하고자 직무 관련 직무활동 동아리동호회 팀프로젝트 연구회 재능기부 주요경험 기재
631,8,"직무 전문성 - 지원 직무와 관련된 전문 역량을 키우기 위해 노력한 경험에 대해 작성해 주십시오. 작성방법 안내 : [관련 경험]과 [상세 내용]으로 구분하여 작성 관련경험 안내 관련경험에는 역량향상을 위해 노력한 경험과 수행기간을 작성(100자이내) 관련경험은 강의수강/인턴십/프로젝트/논문/공모전/학회/스터디/동아리/대외활동/논문 등 자유롭게 선택 가능 관련경험은 증명서 결과물 등 객관적 증빙이 가능한 경험으로 작성 관련경험은 최소2개 최대 5개 까지 작성가능 상세내용 안내 상세내용은 해당경험에서의 역할, 수행과정, 향상된 역량, 느낀점 등에 대해 상세하게 작성(300자 이내)",직무 전문성 지원 직무 관련된 전문 역량 키우기 노력한 경험 대해 작성해 작성방법 안내 경험 상세 내용 구분 작성 관련경험 안내 관련경험에 역량향상 노력한 경험 수행기간 작성 관련경험 강의수강인턴십프로젝트논문공모전학회스터디동아리대외활동논문 자유롭게 선택 가능 관련경험 증명서 결과물 객관적 증빙 가능한 경험 작성 관련경험 최소2개 최대 5개 작성가능 상세내용 안내 상세내용 해당경험에서 역할 수행과정 향상된 역량 느낀점 대해 상세하게 작성
632,8,"지원 직무 수행에 필요한 전문 역량을 키우기 위해 노력한 경험에 대해 서술해 주십시오. - 학습/동아리/공모전/프로젝트/논문/연구/인턴 등 경험의 종류는 무관하며, 직무 연관성이 가장 큰 경험부터 작성해 주십시오. - [관련경험]과 [상세내용]으로 나눠서 작성 (각 최소 2개 이상 작성) 1) [관련경험] : 경험 및 수행기간 작성 (100자 이내) 2) [상세내용] : 해당 경험에서의 역할/과정/결과/얻게 된 역량/느낀점 등에 대해 상세히 작성 (300자 이내) [관련경험 1] (10 단락 이내)",지원 직무 수행 필요한 전문 역량 키우기 노력한 경험 대해 서술해 학습동아리공모전프로젝트논문연구인턴 경험 종류 무관 직무 연관성 가장 경험 작성해 관련경험 상세내용 나눠서 작성 관련경험 경험 수행기간 작성 상세내용 해당 경험에서 역할과정결과얻게 역량느낀점 대해 상세히 작성 관련경험
633,8,"역량기술서-(직무수행계획서) 지원자가 응시한 직무와 지원자의 경험, 경력, 지식 등의 관련성을 바탕으로 구체적인 직무수행계획서를 기술해 주십시오.",역량기술서 지원자 응시한 직무 지원자 경험 경력 지식 관련성 바탕 구체적인 직무수행계획서 기술해
634,8,"지원 직무에 대해 본인이 이해한 내용을 서술하고, 본인이 해당 직무에 적합한 사유를 전공능력 측면에서 구체적으로 서술하시오",지원 직무 대해 본인 이해한 내용 서술 본인 해당 직무 적합한 사유 전공능력 측면 구체적 서술하
635,8,지원한 직무를 잘 수행하기 위한 본인의 강점 중 지식과 기술을 각 1개씩 제시하고 그 지식과 기술을 활용하여 성과를 이룬 경험에 대해 구체적으로 작성해 주십시오.,지원한 직무 수행하기 본인 강점 지식 기술 1개씩 제시 지식 기술 활용 성과 이룬 경험 대해 구체적 작성해
636,8,지원 직무에 지원하기 위해 했던 노력과 경험을 서술하시오,지원 직무 지원하기 했던 노력 경험 서술하
637,8,"해당 직무의 지원동기를 포함하여, 직무관련 본인이 보유한 강점과 보완점을 사례를 통하여 구체적으로 기술해주시기 바랍니다. 1000자",해당 직무 지원동기 포함 직무 본인 보유한 강점 보완점 사례 구체적 기술해주시기 바랍니다 1000자
638,8,"귀하가 우리 공단 및 해당 직무에 지원하게 된 동기를 기술하여 주십시오. 이를 위해 어떤 역량을 갖추고자 노력하였으며, 입사 후 해당 역량을 활용하여 어떻게 기여할 수 있을지 본인의 경험을 기반으로 작성하여 주시기 바랍니다.?*?[500자 이내]",귀하 우리 공단 해당 직무 지원하게 동기 기술 어떤 역량 갖추고자 노력하였으며 입사 해당 역량 활용 어떻게 기여할 있을지 본인 경험 기반 작성 주시기 바랍니다
639,8,희망하는 직무를 수행함에 있어 필요한 역량과 이 역량을 갖추기 위한 노력 또는 경험을 기술 바랍니다. (최대 500자 입력가능),희망 직무 수행함 있어 필요한 역량 역량 갖추기 노력 경험 기술 바랍니다
640,8,"해당 직무를 지원하게 된 이유와 그 직무에 있어 가장 중요한 실무역량이 무엇이라고 생각하는 지 정의해보고 그에 따른 자신만의 역량(경험, 노력)을 구체적인 사례를 근거로 이야기 해 주세요. [700자 이상 1000자 이내]",해당 직무 지원하게 이유 직무 있어 가장 중요한 실무역량 무엇이라고 생각 정의해보고 자신만 역량 구체적인 사례 근거 이야기
641,8,"지원 직무에 있어 핵심역량은 무엇이며, 그 이유는? 해당 역량을 갖추기 위해 어떠한 준비를 하였는지 기술해주세요.",지원 직무 있어 핵심역량 무엇 이유 해당 역량 갖추기 어떠한 준비 하였는지 기술해
642,8,지원 직무 관련 주요 연구 및 업무경험에 대해 구체적으로 기술해 주십시오.,지원 직무 주요 연구 업무경험 대해 구체적 기술해
643,8,학업과정 중 직무와 관련된 역량을 개발하는 데 도움이 된 활동이나 경험에 대해 작성해주시기 바랍니다.(100자 이내),학업과정 직무 관련된 역량 개발 도움 활동 경험 대해 작성해주시기 바랍니다
644,8,"지원한 분야에서 업무를 수행하기 위해 필요한 역량은 무엇이며, 해당 역량이 필요한 이유와 그 역량을 향상시키기 위한 개발과정에 대해 기술하여 주십시오.",지원한 분야 업무 수행하기 필요한 역량 무엇 해당 역량 필요한 이유 역량 향상시키기 개발과정 대해 기술
645,8,"지원 직무에서 다른 지원자들과 ‘차별화 되는 강점 키워드’를 해시태그 형태로 표현한 후, 지식, 경험, 성격의 각 강점을 서술하세요.(800자)",지원 직무 다른 지원자들 차별화 강점 키워드 해시태그 형태 표현한 지식 경험 성격 강점 서술하세요800자
646,8,직무관련 자격증 또는 경험/경력사항이 연구원에 근무하게 된다면 어떠한 도움을 줄 수 있는지 기술해 주십시오.,직무 자격증 경험경력사항 연구원 근무하게 된다면 어떠한 도움 있는지 기술해
647,8,현대자동차 해당 직무 분야에 지원하게 된 이유와 선택 직무에 본인이 적합하다고 판단할 수 있는 이유 및 근거를 제시해 주십시오.,현대자동차 해당 직무 분야 지원하게 이유 선택 직무 본인 적합하다고 판단할 이유 근거 제시해
648,8,"본인의 지원분야에서 근무할 때 가장 필요하다고 생각되는 역량은 무엇인지 설명하고, 해당 역량을 향상시키기 위해 어떠한 노력을 기울여 왔는지 기술하세요.",본인 지원분야 근무할 가장 필요하다고 생각되 역량 무엇인지 설명 해당 역량 향상시키기 어떠한 노력 기울여 왔는지 기술하
649,8,"본인이 지원한 직무를 효과적으로 수행하기 위해 갖춰야 하는 역량(지식, 기술, 태도 등)은 무엇이라고 생각하며, 본인은 그것에 어떤 강점이 있는지 사례와 함께 기술해 주시기 바랍니다.",본인 지원한 직무 효과적 수행하기 갖춰야 역량 무엇이라고 생각 본인 그것 어떤 강점 있는지 사례 기술해 주시기 바랍니다
650,8,지원하신 분야(직무)를 선택한 이유와 해당 분야(직무)에 필요한 역량을 갖추기 위해 어떠한 노력을 해왔는지 구체적으로 서술해주세요.,지원하신 분야직무 선택한 이유 해당 분야직무 필요한 역량 갖추기 어떠한 노력 해왔는지 구체적 서술해
651,8,"직무와 관련한 본인의 경험이나 경력을 설명하고, 입사 후 본인의 역량을 발전시키기 위한 방안을 지원분야와 관련하여 기술해주시기 바랍니다.",직무 관련한 본인 경험 경력 설명 입사 본인 역량 발전시키기 방안 지원분야 관련 기술해주시기 바랍니다
652,8,코레일테크 직원으로 근무하게 된다면 어떠한 직무를 맡아 근무하고 싶은지 자유롭게 기술하시오,코레일테크 직원 근무하게 된다면 어떠한 직무 맡아 근무 싶은지 자유롭게 기술하
653,8,[사무일반/국내영업]해당 직무분야에 지원하게 된 이유와 해당 직무에 본인이 적합하다고 판단할 수 있는 이유 및 근거를 기술하시오. [ 100자 이상 1000자 이내 ],사무일반국내영업해당 직무분야 지원하게 이유 해당 직무 본인 적합하다고 판단할 이유 근거 기술하
654,8,선택한 직무에 지원하는 이유와 해당 직무에 필요한 역량을 키우기 위한 자신의 경험 및 노력을 기술해주십시오.,선택한 직무 지원 이유 해당 직무 필요한 역량 키우기 자신 경험 노력 기술해주
655,8,"본인의 지원분야에서 근무할 때 가장 필요하다고 생각되는 역량은 무엇인지 설명하고, 해당 역량을 향상시키기 위해 어떠한 노력을 기울여 왔는지 기술하세요",본인 지원분야 근무할 가장 필요하다고 생각되 역량 무엇인지 설명 해당 역량 향상시키기 어떠한 노력 기울여 왔는지 기술하
656,8,풀무원의 인재상과 부합하는 인재라고 할 수 있는 차별화된 역량 및 이와 관련된 경험을 서술해 주십시오.(100~1000자),풀무원 인재상 부합 인재라고 차별화된 역량 관련된 경험 서술해
657,8,"지원한 분야에 필요한 역량은 무엇, 해당 역량을 발전시키기 위해서 어떤 노력을 하였고, 향후 직무수행 계획은 어떠한지 구체적으로 기술하여 주세요. 700",지원한 분야 필요한 역량 무엇 해당 역량 발전시키기 어떤 노력 하였고 향후 직무수행 계획 어떠한지 구체적 기술 700
658,8,"본인이 지원한 직무를 회사에서 수행하는 역할을 기준으로 하나의 키워드를 활용해서 정의해보고, 해당 직무를 본인이 잘 할 수 있다고 판단하는 근거를 기술해주십시오.",본인 지원한 직무 회사 수행 역할 기준 하나 키워드 활용 정의해보고 해당 직무 본인 있다고 판단 근거 기술해주
659,8,"CJ가 만들고 있는 '문화'는 무엇이라고 생각하는지 자신의 견해를 기술하고, 자신이 지원 직무를 수행함으로써 본인이 정의한 '문화'를 만드는 일에 어떻게 기여할 수 있을지 작성해주십시오.",CJ 만들고 문화 무엇이라고 생각하는지 자신 견해 기술 자신 지원 직무 수행함으로써 본인 정의한 문화 만드 어떻게 기여할 있을지 작성해주
660,8,"필수 CJ제일제당이 속한 식품산업군은 급속한 환경의 변화가 이루어지는 시장입니다. 식품산업군의 지원 직무 Specialist로 어떤 미래를 그리고 싶은지, 본인의 성장 계획을 작성해주십시오.",필수 CJ제일제당 속한 식품산업군 급속한 환경 변화 이루어지 시장 식품산업군 지원 직무 Specialist 어떤 미래 그리고 싶은지 본인 성장 계획 작성해주
661,8,직무와 관련하여 전문성을 키우기 위해 노력해 온 경험을 서술해 주십시오.,직무 관련 전문성 키우기 노력해 경험 서술해
662,8,직무 경험을 기술해주세요,직무 경험 기술해
663,8,"디지털 전환시대에 농협이 경쟁력을 갖추기 위한 방안을 서술하고, 본인의 역량으로 농협에 기여할 수 있는 방법을 기술하여 주십시오.",디지털 전환시대 농협 경쟁력 갖추기 방안 서술 본인 역량 농협 기여할 방법 기술
664,8,"자신의 글로벌 역량 강화를 위하여 어떤 노력을 하였으며, 그 결과 갖추게 된 능력이나 역량에 대하여 기술해 주십시오.",자신 글로벌 역량 강화 어떤 노력 하였으며 갖추게 능력 역량 기술해
665,8,"지원한 분야의 직무 수행에 있어 본인이 생각하기에 가장 중요한 지식과 기술, 태도는 어떤 것인지를 본인이 보유한 핵심 역량, 태도를 비교하여 제시하고, 해당 전문지식, 능력, 역량을 습득하게 된 사례에 대하여 구체적으로 기술하시오.",지원한 분야 직무 수행 있어 본인 생각하기 가장 중요한 지식 기술 태도 어떤 것인지 본인 보유한 핵심 역량 태도 비교 제시 해당 전문지식 능력 역량 습득하게 사례 구체적 기술하
666,8,"지원 직무에 대해 본인이 이해한 내용을 서술하고, 본인이 해당 직무에 적합한 사유를 전공능력 측면 에서 구체적으로 서술해 주시기 바랍니다.",지원 직무 대해 본인 이해한 내용 서술 본인 해당 직무 적합한 사유 전공능력 측면 구체적 서술해 주시기 바랍니다
667,8,"본인의 지원 분야에서 근무할 때 가장 필요하다고 생각되는 역량은 무엇인지 설명하고, 해당 역량을 향상시키기 위해 어떠한 노력을 기울여 왔는지 기술하세요.",본인 지원 분야 근무할 가장 필요하다고 생각되 역량 무엇인지 설명 해당 역량 향상시키기 어떠한 노력 기울여 왔는지 기술하
668,8,"지원 직무에 대해 본인이 이해한 내용을 서술하고, 본인이 해당 직무에 적합한 사유를 전공능력 측면에서 구체적으로 서술하시오.",지원 직무 대해 본인 이해한 내용 서술 본인 해당 직무 적합한 사유 전공능력 측면 구체적 서술하
669,8,지원하신 직무가 회사에서 어떠한 역할을 수행한다고 생각하는지 자유롭게 기술해주시기 바랍니다.,지원하신 직무 회사 어떠한 역할 수행한다고 생각하는지 자유롭게 기술해주시기 바랍니다
670,8,"입사 후 업무를 잘 수행할 수 있도록 준비한 ‘나의 역량’이 무엇이며, 그 역량을 갖추기 위해 어떠한 노력을 해왔는지 본인의 경험을 바탕으로 기술해주시기 바랍니다.",입사 업무 수행할 있도록 준비한 역량 무엇 역량 갖추기 어떠한 노력 해왔는지 본인 경험 바탕 기술해주시기 바랍니다
671,8,"지원한 직무를 수행하는데 필요한 핵심역량은 무엇이라 생각하며, 해당 역량을 키우기 위해 어떤 노력을 해왔는지 기술하시오.",지원한 직무 수행하는데 필요한 핵심역량 무엇이라 생각 해당 역량 키우기 어떤 노력 해왔는지 기술하
672,8,( 공백포함 2000byte 이내 ) 지원 직무에 대한 본인 스스로의 정의를 내려보고 이 직무를 잘 수행하기 위한 본인의 노력에 대해 말씀해 주세요.,지원 직무 본인 스스로 정의 내려보고 직무 수행하기 본인 노력 대해 말씀해
673,8,"본인이 지원한 직무와 관련하여, 경험한 활동은 어떤 내용인지 기술해 주십시오.",본인 지원한 직무 관련 경험한 활동 어떤 내용인지 기술해
674,8,희망하는 연구분야(과제) 또는 직무 [600자 이내],희망 연구분야과제 직무
675,8,현재 직무 분야에서 전문성을 쌓기 위해 했던 노력과 향후 계획을 기술하시오. [600자 이내],현재 직무 분야 전문성 쌓기 했던 노력 향후 계획 기술하
676,8,해당 직무를 선택한 이유와 지원자님께서 본 분야에 적합하다고 판단할 수 있는 근거를 서술 해주십시오.,해당 직무 선택한 이유 지원자님께서 분야 적합하다고 판단할 근거 서술 해주
677,8,"본인의 장점 혹은 직무 역량을 나타낼 수 있는 주요 사례를 선정하여, 해당 경험을 통해 체득한 장점 혹은 직무 역량을 간략하게 서술해주십시오.",본인 장점 직무 역량 나타낼 주요 사례 선정 해당 경험 체득한 장점 직무 역량 간략하게 서술해주
678,8,본인이 지원한 직무관련 지원동기와 역량에 대하여 [1000자 이내],본인 지원한 직무 지원동기 역량
679,8,본인이 지원한 직무관련 향후 계획에 대하여[500자 이내],본인 지원한 직무 향후 계획
680,8,"한샘 SC 직무의 역할이 무엇이며, 해당 직무에 지원한 이유에 대해 작성하시오. (300자 이내)",한샘 SC 직무 역할 무엇 해당 직무 지원한 이유 대해 작성하
681,8,해당 직무에 있어 예상되는 가장 어려운 점 2가지와 극복방법을 작성하시오. (500자 이내),해당 직무 있어 예상되 가장 어려운 2가지 극복방법 작성하
682,8,"최근 국내외적으로 이슈가 되고 있는 트렌드/사회현상 중, 지원 직무와 가장 밀접하게 연관되는 이슈를 한 가지 선택하고, 지원 직무에서 적용/해결시켜나갈 남다른 아이디어를 서술해 주십시오(300자)",최근 국내외적 이슈 되고 트렌드사회현상 지원 직무 가장 밀접하게 연관되 이슈 가지 선택 지원 직무 적용해결시켜나갈 남다른 아이디어 서술해 주십시오300자
683,8,지원 직무에서 본인의 차별화된 강점을 해시태그 형태로 표현한 후 ①지식 ②경험 ③성격 각 강점을 서술하세요.(500자),지원 직무 본인 차별화된 강점 해시태그 형태 표현한 지식 경험 성격 강점 서술하세요500자
684,8,MD로서 갖춰야 할 중요한 역량과 본인의 적합성을 기술하세요.,MD로서 갖춰야 중요한 역량 본인 적합성 기술하
685,8,"본인의 장점 혹은 직무 역량을 나타낼 수 있는 주요 사례를 선정하여, 해당 경험을 통해 체득한 장점 혹은 직무 역량을 간략하게 서술 해주십시오.",본인 장점 직무 역량 나타낼 주요 사례 선정 해당 경험 체득한 장점 직무 역량 간략하게 서술 해주
686,8,지원 직무에 요구되는 역량은 무엇이라고 생각하며. 이를 갖추기 위해 어떠한 노력을 해왔는지 기술해 주십시오,지원 직무 요구되 역량 무엇이라고 생각 갖추기 어떠한 노력 해왔는지 기술해
687,8,"지원한 직무 관련 본인이 갖고 있는 전문지식/경험을 작성하고, 이를 바탕으로 본인이 지원 직무에 적합한 사유를 구체적으로 서술해 주시기 바랍니다. (1000자)",지원한 직무 본인 갖고 전문지식경험 작성 바탕 본인 지원 직무 적합한 사유 구체적 서술해 주시기 바랍니다
688,8,"본인이 지원한 직무를 회사에서 수행하는 역할을 기준으로 하나의 키워드를 활용해서 정의해보고, 해당 직무를 본인이 잘 할 수 있다고 판단하는 근거를 기술해주십시오. (500자)",본인 지원한 직무 회사 수행 역할 기준 하나 키워드 활용 정의해보고 해당 직무 본인 있다고 판단 근거 기술해주 500자
689,8,"CJ제일제당이 속한 식품산업군은 급속한 환경의 변화가 이루어지는 시장입니다. 식품산업군의 지원 직무 Specialist로 어떤 미래를 그리고 싶은지, 본인의 성장 계획을 작성해주십시오. (500자)",CJ제일제당 속한 식품산업군 급속한 환경 변화 이루어지 시장 식품산업군 지원 직무 Specialist 어떤 미래 그리고 싶은지 본인 성장 계획 작성해주 500자
690,8,Challenge A. 당신이 지원한 직무와 관련하여 보유한 직무역량을 서술하십시오.,Challenge 당신 지원한 직무 관련 보유한 직무역량 서술하
691,8,"지원한 분야에서 업무를 수행하기 위해 필요한 역량은 무엇이며, 해당 역량이 필요한 이유와 그 역량을 향상시키기 위한 개발과정에 대해 기술하여 주십시오",지원한 분야 업무 수행하기 필요한 역량 무엇 해당 역량 필요한 이유 역량 향상시키기 개발과정 대해 기술
692,8,해당 직무를 위해 준비해온 역량,해당 직무 준비해온 역량
693,8,"지원 직무에 대해 본인이 이해한 내용을 서술하고, 본인이 해당 직무에 적합한 사유를 전공능력 측면에서 구체적으로 서술하시오. 1000자 (영문작성 시 2000자) 이내",지원 직무 대해 본인 이해한 내용 서술 본인 해당 직무 적합한 사유 전공능력 측면 구체적 서술하
694,8,본인이 지원한 직무에 필요한 전문성을 갖추기 위하여 어떤 도전과 경험을 통해 이를 준비했는지 기술해 주세요. (600자),본인 지원한 직무 필요한 전문성 갖추기 어떤 도전 경험 준비했는지 기술해 600자
695,8,"본인이 지원한 부문 또는 직무 관련, 향후 LF에 입사한다면 실행해보고 싶은 아이디어를 논리적으로 기술해 주세요. (600자)",본인 지원한 부문 직무 향후 LF 입사한다면 실행해보고 아이디어 논리적 기술해 600자
696,8,"4차 산업혁명, 디지털 트랜스포메이션 등 기술과 비즈니스, 생활 환경이 빠르게 변화하고 있습니다. 이러한 흐름에서 현재 지원한 직무의 변화 방향을 예측하고 본인의 역할에 대해 설명해 주세요.",4차 산업혁명 디지털 트랜스포메이션 기술 비즈니스 생활 환경 빠르게 변화 이러한 흐름 현재 지원한 직무 변화 방향 예측 본인 역할 대해 설명해
697,8,"역량기술서 지원직무를 선택한 이유와 그 직무를 수행함에 있어 본인만의 차별화된 역량은 무엇인지 설명해 주세요. 관련 전공과목 수강이력, 직무관련 경험, 기타 역량개발 활동 등을 바탕으로 작성해 주세요.",역량기술서 지원직무 선택한 이유 직무 수행함 있어 본인만 차별화된 역량 무엇인지 설명해 전공과목 수강이력 직무 경험 기타 역량개발 활동 바탕 작성해
698,8,KT 및 해당 직무에 지원한 동기와 KT 입사 후 해당 직무의 전문가로 성장하기 위해 어떠한 노력을 할 지 구체적으로 기술해 주십시오.,KT 해당 직무 지원한 동기 KT 입사 해당 직무 전문가 성장하기 어떠한 노력 구체적 기술해
699,8,"여러분이 CJ ENM과 해당 직무에 지원한 동기는 무엇이며, ENM이 여러분을 선발해야 하는 이유를 설명해주세요. ①CJ ENM과 해당 직무에 관심을 갖게 된 계기, ②해당 직무를 잘 수행할 수 있는 이유, ③입사 후 성장비전을 반드시 포함하여 작성해주세요.",여러분 CJ ENM 해당 직무 지원한 동기 무엇 ENM 여러분 선발 이유 설명해 CJ ENM 해당 직무 관심 갖게 계기 해당 직무 수행할 이유 입사 성장비전 반드시 포함 작성해
700,8,지원한 직무와 관련한 본인만의 경쟁력을 서술하시오.,지원한 직무 관련한 본인만 경쟁력 서술하
701,8,핵심가치 : 희망하는 직무의 역량을 갖추기 위한 자기 개발 노력에 대하여 기술해주십시오.,핵심가치 희망 직무 역량 갖추기 자기 개발 노력 기술해주
702,8,"지원하는 직무에 대해 본인이 이해하는 바에 대해서 구체적으로 기술하고, 왜 이 직무에 지원하게 되었는지와 본인이 희망하는 개발자의 모습에 대해 기술해주세요.",지원 직무 대해 본인 이해 구체적 기술 직무 지원하게 되었는지 본인 희망 개발자 모습 대해 기술해
703,8,종근당의 제약영업 직무에 도전하고 싶은 이유와 제약영업을 통해 본인이 이루고자 하는 목표를 구체적으로 기술하여 주십시오.,종근당 제약영업 직무 도전 이유 제약영업 본인 이루고자 목표 구체적 기술
704,8,"제약영업 직무에서 가장 중요하다고 생각되는 실무역량을 정의하고, 해당 역량을 보유하기 위해 과거에 어떠한 노력을 해왔는지 사례를 들어 기술하여 주십시오.",제약영업 직무 가장 중요하다고 생각되 실무역량 정의 해당 역량 보유하기 과거 어떠한 노력 해왔는지 사례 들어 기술
705,8,"타인과 자신의 차별화된 경험, 역량, 강점",타인 자신 차별화된 경험 역량 강점
706,8,KT 및 해당 직무에 지원한 동기와 KT 입사 후 해당 직무의 전문가로 성장하기 위해 어떠한 노력을 할지 구체적으로 기술해 주십시오. (최대 700자 입력가능),KT 해당 직무 지원한 동기 KT 입사 해당 직무 전문가 성장하기 어떠한 노력 할지 구체적 기술해
707,8,지원한 분야와 관련된 본인의 보유 역량을 기술하시오,지원한 분야 관련된 본인 보유 역량 기술하
708,8,"지원 직무에 대해 본인이 이해한 내용을 서술하고, 본인이 해당 직무에 적합한 사유를 전공능력 측면에서 구체적으로 서술하시오.(1000자)",지원 직무 대해 본인 이해한 내용 서술 본인 해당 직무 적합한 사유 전공능력 측면 구체적 서술하
709,8,본인이 선택한 직무에 대해 아래 내용을 포함하여 기술하시오. ①지원한 직무의 역할이 무엇이라 생각하는지 자유롭게 기술 ②본인이 해당 직무에 적합하다는 근거를 본인의 경험을 바탕으로 기술 ③입사 후 경력개발 계획에 대해 기술 2100 BYTE,본인 선택한 직무 대해 아래 내용 포함 기술하 지원한 직무 역할 무엇이라 생각하는지 자유롭게 기술 본인 해당 직무 적합하다 근거 본인 경험 바탕 기술 입사 경력개발 계획 대해 기술 2100 BYTE
710,8,"지원 직무를 선택하게된 이유와 본인이 그 직무에 적합하다고 판단되는 근거를 역량 위주로 상세히 적어주세요 (최대 1,000자 입력가능)",지원 직무 선택하게된 이유 본인 직무 적합하다고 판단되 근거 역량 위주 상세히 적어
711,8,지원한 직무에 대해 자신의 차별화된 역량과 이를 갖추기 위해 어떤 노력을 했는지 기술하시오.,지원한 직무 대해 자신 차별화된 역량 갖추기 어떤 노력 했는지 기술하
712,8,지원 분야에 대한 내용을 아래 항목별로 작성해 주세요. 1) 지원한 직무를 수행하기 위해 필요한 핵심역량은 무엇이라고 생각하며 그 이유는 무엇인지 설명해 주세요. 2) 그 역량을 갖추기 위해 본인이 어떠한 노력을 기울였는지 구체적으로 기술해 주세요.,지원 분야 내용 아래 항목별 작성해 지원한 직무 수행하기 필요한 핵심역량 무엇이라고 생각 이유 무엇인지 설명해 역량 갖추기 본인 어떠한 노력 기울였는지 구체적 기술해
713,8,본인이 선택한 직무에 대해 아래 내용을 포함하여 기술하시오. ①직무선택이유 ②직무수행 시 예상되는 어려움(구체적) ③어려움을 극복하는 본인 강점 및 방안,본인 선택한 직무 대해 아래 내용 포함 기술하 직무선택이유 직무수행 예상되 어려움구체적 어려움 극복 본인 강점 방안
714,8,"자신의 글로벌 역량 강화를 위하여 어떤 노력을 하였으며, 그 결과 갖추게 된 능력이나 역량에 대하여 기술해 주십시오",자신 글로벌 역량 강화 어떤 노력 하였으며 갖추게 능력 역량 기술해
715,8,직무를 잘 수행하기 위한 귀하의 ‘지식’ 및 ‘기술’을 각각 1개 이상 작성하시오. 그리고 이러한 ‘지식’과 ‘기술’을 활용하여 성과를 이룩한 경험이나 사례를 구체적으로 작성하시오.,직무 수행하기 귀하 지식 기술 각각 1개 이상 작성하 그리고 이러한 지식 기술 활용 성과 이룩한 경험 사례 구체적 작성하
716,8,해당 직무에 지원한 이유와 종근당 입사 후 목표를 구체적으로 작성해 주십시오,해당 직무 지원한 이유 종근당 입사 목표 구체적 작성해
717,8,"지원한 직무에서 가장 중요하다고 생각하는 역량을 정의하고, 해당 역량 향상을 위해 노력한 경험을 작성해 주십시오",지원한 직무 가장 중요하다고 생각 역량 정의 해당 역량 향상 노력한 경험 작성해
718,8,자신을 잘 표현할 수 있는 키워드(단어/문장 등)와 그 이유를 지원한 직무와 연결하여 설명해 주십시오,자신 표현할 키워드 이유 지원한 직무 연결 설명해
719,8,본인이 지원한 분야에서 직무를 수행하기 위한 본인만의 준비내용을 작성해 주세요(500자),본인 지원한 분야 직무 수행하기 본인만 준비내용 작성해 주세요500자
720,8,한샘 SC 직무의 역할이 무엇인지 작성하시오.,한샘 SC 직무 역할 무엇인지 작성하
721,8,지원분야의 해당직무를 성공적으로 수행할 수 있다고 생각하는 이유를 본인의 경험 및 역량과 결부시켜 기술해 주십시오.,지원분야 해당직무 성공적 수행할 있다고 생각 이유 본인 경험 역량 결부시켜 기술해
722,8,학업과정 중 직무와 관련된 역량을 개발하는 데 도움이 된 활동이나 경험에 대해 작성해주시기 바랍니다. (100자 이내),학업과정 직무 관련된 역량 개발 도움 활동 경험 대해 작성해주시기 바랍니다
723,8,"희망 직무에 대해 본인이 이해한 내용을 서술하고, 본인이 해당 직무에 적합한 사유(전공능력, 경력 등)를 구체적으로 기술하시오 / 600자",희망 직무 대해 본인 이해한 내용 서술 본인 해당 직무 적합한 사유 구체적 기술하 600자
724,8,"4차 산업혁명이 가져올 일자리 변화로 구직자에게 필요한 역량이 무엇인지에 대해 서술하고, 그 중 지원한 직무에 대해 본인이 어떻게 기여할 수 있는지 구체적인 사례를 들어 서술하여 주시기 바랍니다.",4차 산업혁명 가져올 일자리 변화 구직자 필요한 역량 무엇인지 대해 서술 지원한 직무 대해 본인 어떻게 기여할 있는지 구체적인 사례 들어 서술 주시기 바랍니다
725,8,위의 사항을 바탕으로 한전KPS에서 수행하고 싶은 직무에 대하여 기술해주시기 바랍니다.(500자),사항 바탕 한전KPS 수행 직무 기술해주시기 바랍니다500자
726,8,"지원자께서는 자신에게 필요한 정보를 어떻게 입수하고 관리하고 있습니까? - 어떤 정보를, 어떤 수단과 방법을 통해서 입수하십니까? - 입수된 정보는 어떻게 처리하고 관리하십니까? - 해당 능력이 지원하신 직무를 수행하는데 어떤 도움이 될 것이라 생각하십니까?",지원자께서 자신 필요한 정보 어떻게 입수 관리 있습니까 어떤 정보 어떤 수단 방법 입수하십니까 입수된 정보 어떻게 처리 관리하십니까 해당 능력 지원하신 직무 수행하는데 어떤 도움 것이라 생각하십니까
727,8,직무이해- 지원한 직무는 무엇입니까? 해당 직무의 전문가가 되기 위해서 입사 후 어떤 노력이 필요한지 작성하여 주십시오,직무이해 지원한 직무 무엇입니까 해당 직무 전문가 되기 입사 어떤 노력 필요한지 작성
728,8,직무경험- 해당 직무를 잘 수행하기 위해 필요하다고 생각하는 역량을 자신의 경험을 바탕으로 작성하여 주십시오,직무경험 해당 직무 수행하기 필요하다고 생각 역량 자신 경험 바탕 작성
729,8,현대글로비스와 해당 직무에 지원한 이유는 무엇인가요? (최대 800자 입력가능),현대글로비스 해당 직무 지원한 이유 무엇인가요
730,8,지원하신 직무에 가장 필요한 역량은 무엇이라 생각하나요? 해당 역량을 갖추기 위하여 어떠한 노력을 하셨나요? (최대 800자 입력가능),지원하신 직무 가장 필요한 역량 무엇이라 생각하나요 해당 역량 갖추기 어떠한 노력 하셨나요
731,8,현대글로비스와 지원하신 직무에 있어 5년 이내 이루고 싶은 목표를 구체적으로 작성해주세요. (최대 800자 입력가능),현대글로비스 지원하신 직무 있어 5년 이내 이루고 목표 구체적 작성해
732,8,지원 직무의 필요 역량 3가지와 그 역량을 갖추기 위해 준비한 것을 기술하시오. (800자),지원 직무 필요 역량 3가지 역량 갖추기 준비한 기술하 800자
733,8,본인이 지원한 직무에서 직무를 수행하기 위한 본인만의 준비내용을 작성해 주세요(500자),본인 지원한 직무 직무 수행하기 본인만 준비내용 작성해 주세요500자
734,8,조직 생활과 희망 직무 수행을 위한 본인의 강점에 대해 작성해 주세요. (최대 500자 입력가능),조직 생활 희망 직무 수행 본인 강점 대해 작성해
735,8,지원하는 직무에 있어 그 일을 잘할 수 있는 본인만의 차별화된 역량(준비했던 노력)은 무엇인지 기술해주세요,지원 직무 있어 잘할 본인만 차별화된 역량 무엇인지 기술해
736,8,[필수문항] Test Engineer 와 QA 직무가 수행하는 역할에 대해 이해한 내용과 TE 혹은 QA에 관심을 갖게 된 계기를 기술해 주세요.,필수문항 Test Engineer QA 직무 수행 역할 대해 이해한 내용 TE QA 관심 갖게 계기 기술해
737,8,지원분야 직무 수행을 위한 본인의 경험과 노력을 서술하여 주십시오. 1000BYTE,지원분야 직무 수행 본인 경험 노력 서술 1000BYTE
738,8,현대글로비스와 해당 직무에 지원한 이유,현대글로비스 해당 직무 지원한 이유
739,8,지원 직무에 필요한 역량은 무엇이며 이를 갖추기 위한 노력,지원 직무 필요한 역량 무엇 갖추기 노력
740,8,현대글로비스와 지원 직무에 있어 5년 이내 이루고 싶은 목표,현대글로비스 지원 직무 있어 5년 이내 이루고 목표
741,8,지원하신 직무를 수행하기 위해 어떤 역량이 필요하다고 생각하시나요? 그 역량을 갖추기 위해 기울인 노력을 서술해주시기 바랍니다.,지원하신 직무 수행하기 어떤 역량 필요하다고 생각하시나요 역량 갖추기 기울인 노력 서술해주시기 바랍니다
742,8,핵심 역량 위한 본인 노력,핵심 역량 본인 노력
743,8,"지원 분야에 필요한 핵심 역량은 무엇이며, 그 역량을 갖추기 위해 어떤 노력을 하였는지 객관적인 근거를 토대로 작성 바랍니다.",지원 분야 필요한 핵심 역량 무엇 역량 갖추기 어떤 노력 하였는지 객관적인 근거 토대 작성 바랍니다
744,8,"여러분이 선택한 계열사 및 직무에 대한 지원동기는 무엇인가요? ①회사를 선택하는 기준이 무엇이며 CJ프레시웨이가 그 기준에 적합한 이유, ②지원 직무의 조직 내에서의 역할을 어떻게 이해하고 있는지 기술하고, ③직무에 본인이 적합하다고 판단하는 이유를 구체적으로 작성해 주세요.",여러분 선택한 계열사 직무 지원동기 무엇인가요 회사 선택 기준 무엇 CJ프레시웨이 기준 적합한 이유 지원 직무 조직 내에서 역할 어떻게 이해 있는지 기술 직무 본인 적합하다고 판단 이유 구체적 작성해
745,8,"지원 직무 수행 시 예상되는 가장 큰 어려움(갈등)은 무엇이라고 생각하며, 이를 극복해 나갈 수 있는 필수역량(또는 가치관)은 무엇입니까? ①그렇게 생각한 이유, ②본인의 성공 또는 실패했던 경험과 연관 지어 구체적으로 작성해 주세요.",지원 직무 수행 예상되 가장 어려움갈등 무엇이라고 생각 극복해 나갈 필수역량 무엇입니까 그렇게 생각한 이유 본인 성공 실패했던 경험 연관 지어 구체적 작성해
746,8,역량기술서 지원직무를 선택한 이유와 그 직무를 수행함에 있어 본인만의 차별화된 역량은 무엇인지 설명해 주세요.,역량기술서 지원직무 선택한 이유 직무 수행함 있어 본인만 차별화된 역량 무엇인지 설명해
747,8,"여러분이 선택한 계열사 및 직무에 대한 지원동기는 무엇인가요? ①CJ프레시웨이가 아니면 안되는 이유, ②지원한 직무를 잘 수행할 수 있는 이유, ③입사 후 해당 직무에서의 성장 비전을 반드시 포함하여 구체적으로 작성해주세요. (1,000자 이내)",여러분 선택한 계열사 직무 지원동기 무엇인가요 CJ프레시웨이 아니면 안되 이유 지원한 직무 수행할 이유 입사 해당 직무에서 성장 비전 반드시 포함 구체적 작성해
748,8,"해당 직무를 지원한 이유와, 본인이 그 직무에 필요한 어떤 역량을 갖추었는지 기술해 주시기 바랍니다. (500자 내외)",해당 직무 지원한 이유 본인 직무 필요한 어떤 역량 갖추었는지 기술해 주시기 바랍니다
749,8,"여러분이 CJ ENM과 해당 직무에 지원한 동기는 무엇이며, ENM이 여러분을 선발해야 하는 이유를 설명해주세요. ①CJ ENM과 해당 직무에 관심을 갖게 된 계기, ②해당 직무를 잘 수행할 수 있는 이유, ③입사 후 성장비전을 반드시 포함하여 작성해주세요. (1,000자 이내)",여러분 CJ ENM 해당 직무 지원한 동기 무엇 ENM 여러분 선발 이유 설명해 CJ ENM 해당 직무 관심 갖게 계기 해당 직무 수행할 이유 입사 성장비전 반드시 포함 작성해
750,8,지원자가 해당 직무에 왜 적합한 인재인지 알려주세요.,지원자 해당 직무 적합한 인재인지 알려
751,8,"IoT/Data사업은 Data의 분석과 활용, 그리고 IoT 기술을 활용하여 다양한 사업/상품을 기획/개발/운영/고도화하는 직무입니다. 해당 직무에 필요한 역량과 관련된 프로젝트/공모전/대회/논문/연구/학습 및 기타 활동에 참여했던 경험을 작성하여 주십시오.",IoTData사업 Data 분석 활용 그리고 IoT 기술 활용 다양한 사업상품 기획개발운영고도화 직무 해당 직무 필요한 역량 관련된 프로젝트공모전대회논문연구학습 기타 활동 참여했던 경험 작성
752,8,지원한 직무와 관련하여 어떠한 노력을 하였는지 구체적으로 서술하시오.,지원한 직무 관련 어떠한 노력 하였는지 구체적 서술하
753,8,지원한 직무에서 주체적으로 하고 싶은 일은 무엇입니까? 그 일을 다른 사람보다 더 잘할 수 있다고 생각하는 지원자의 차별점(경험/역량 등)에 대해 말씀해주세요.,지원한 직무 주체적 무엇입니까 다른 사람 잘할 있다고 생각 지원자 차별점 대해 말씀해
754,8,자신의 지식·경험·경력 등과 응시직위와의 관련성을 중심으로 ①직무에 대한 이해 및 응시 취지 ②직무수행 방향 및 비전 ③구체적 실천방안 순으로 자유롭게 기술하여 주십시오.,자신 지식경험경력 응시직위와 관련성 중심 직무 이해 응시 취지 직무수행 방향 비전 구체적 실천방안 자유롭게 기술
755,8,본인이 지원한 직무관련 지원동기와 역량에 대하여 글자수 976 / 500자 ~ 1000자 글자수 976 / 500자 ~ 1000자,본인 지원한 직무 지원동기 역량 글자수 976 500자 1000자 글자수 976 500자 1000자
756,8,본인이 지원한 직무관련 향후 계획에 대하여 글자수 474 / 100자 ~ 500자 글자수 474 / 100자 ~ 500자,본인 지원한 직무 향후 계획 글자수 474 100자 500자 글자수 474 100자 500자
757,8,"직무이해, 해당 직무 전문가가 되기 위해서 입사 후 어떤 노력이 필요한지 작성",직무이해 해당 직무 전문가 되기 입사 어떤 노력 필요한지 작성
758,8,"직무경험, 해당 직무를 잘 수행하기 위해 필요하다고 생각하는 역량을 자신의 경험을 바탕 작성",직무경험 해당 직무 수행하기 필요하다고 생각 역량 자신 경험 작성
759,8,희망 직무에 대한 포부를 쓰시오,희망 직무 포부
760,8,"직무역량 1) 본 직무 수행에 필요한 핵심역량 3가지를 기재하십시오 2) 위에 기재한 3가지 핵심역량 중 가장 자신 있는 역량 한 가지를 선택하고, 해당 역량을 발휘한 경험을 구체적으로 작성하십시오",직무역량 직무 수행 필요한 핵심역량 3가지 기재하 기재한 3가지 핵심역량 가장 자신 역량 가지 선택 해당 역량 발휘한 경험 구체적 작성하
761,8,관심분야 1) 지원 직무 관련 최근 중요하다고 판단되는 이슈 한가지를 기재하십시오 2) 위에 기재한 이슈에 대해서 중요하다고 판단한 사유와 SK브로드밴드 업무 담당자로서의 의견을 기술하십시오,관심분야 지원 직무 최근 중요하다고 판단되 이슈 한가지 기재하 기재한 이슈 중요하다고 판단한 사유 SK브로드밴드 업무 담당자로서 의견 기술하
762,8,본인이 지원한 직무분야를 어떻게 이해하고 있고 본인이 해당 직무에 적합하다는 근거를 구체적인 사례 및 경험을 바탕으로 기술해 주십시오.(1000자 이내),본인 지원한 직무분야 어떻게 이해 본인 해당 직무 적합하다 근거 구체적인 사례 경험 바탕 기술해
763,8,"직무와 관련된 수상 및 경력,경험",직무 관련된 수상 경력경험
764,8,지원직무를 위해 노력했던 경험과 해당 직무를 수행함에 있어 본인이 가진 역량을 작성해주세요.,지원직무 노력했던 경험 해당 직무 수행함 있어 본인 가진 역량 작성해
765,8,"오뚜기에 입사하고자 하는 이유와 지원 직무에 대한 본인의 장점, 그리고 입사 후 자신의 목표에 대해 설명하십시오.",오뚜기 입사하고자 이유 지원 직무 본인 장점 그리고 입사 자신 목표 대해 설명하
766,8,지원 직무와 관련한 경험을 바탕으로 본인을 자유롭게 어필해 주세요. [500자 이상 700자 이내],지원 직무 관련한 경험 바탕 본인 자유롭게 어필해
767,8,본인이 지원한 분야에서 직무를 수행하기 위한 본인만의 준비내용을 작성해 주세요.,본인 지원한 분야 직무 수행하기 본인만 준비내용 작성해
768,8,"해당 기관, 직무에 지원한 이유와 인턴십 기간 혹은 인턴십 후에 이루고 싶은 목표에 대해 기술하여 주십시오.",해당 기관 직무 지원한 이유 인턴십 기간 인턴십 이루고 목표 대해 기술
769,8,지원한 직무관련 경력/경험에 대해 기술하여 주십시오.,지원한 직무 경력경험 대해 기술
770,8,본인이 지원한 직무에 가장 필요한 핵심역량 또는 기술은 무엇이라고 생각하는지 이유와 함께 기술하여 주십시오.,본인 지원한 직무 가장 필요한 핵심역량 기술 무엇이라고 생각하는지 이유 기술
771,8,지원직무를 선택한 이유와 해당 직무를 성공적으로 수행하기 위해 어떤 노력과 경험을 하였는지 서술해 주십시오,지원직무 선택한 이유 해당 직무 성공적 수행하기 어떤 노력 경험 하였는지 서술해
772,8,자신이 현대로템 및 지원 직무에 적합한 인재라고 생각하는 이유에 대해 말씀해주세요.,자신 현대로템 지원 직무 적합한 인재라고 생각 이유 대해 말씀해
773,8,"CJ제일제당과 해당 직무에 지원한 동기는 무엇인가요? ① CJ제일제당이어야만 하는 이유, ② 지원 직무에 관심을 갖게 된 계기, ③ 입사 후 성장 목표를 반드시 포함하여 구체적으로 작성해 주세요",CJ제일제당 해당 직무 지원한 동기 무엇인가요 CJ제일제당이어야 이유 지원 직무 관심 갖게 계기 입사 성장 목표 반드시 포함 구체적 작성해
774,8,지원직무 수행 시 ① 필요하다고 생각하는 역량 세가지를 중요도 순으로 작성해 주세요. ② 해당 역량과 관련하여 본인이 지원 직무를 잘 수행할 수 있는 이유를 구체적으로 작성해 주세요.,지원직무 수행 필요하다고 생각 역량 세가지 중요 작성해 해당 역량 관련 본인 지원 직무 수행할 이유 구체적 작성해
775,8,"애경산업의 현 상황을 고려할 때, 지원 직무에서 본인이 어떠한 기여를 할 수 있는지 기술해 주십시오",애경산업 상황 고려할 지원 직무 본인 어떠한 기여 있는지 기술해
776,8,"해당직무에 필요한 역량을 기술하고 이를 갖추기 위해 본인이 해온 노력 (지식, 경험 기술등)을 기술해 주십시오",해당직무 필요한 역량 기술 갖추기 본인 해온 노력 기술해
777,8,희망직무를 지원하게 된 이유와 그에 필요한 역량을 키우기 위해 어떤 노력을 하고 있는지 서술하시오.,희망직무 지원하게 이유 필요한 역량 키우기 어떤 노력 있는지 서술하
778,8,지원한 직무를 수행하기 위해 필요한 핵심역량은 무엇이라고 생각하며 그 이유는 무엇인지 설명해 주세요.,지원한 직무 수행하기 필요한 핵심역량 무엇이라고 생각 이유 무엇인지 설명해
779,8,그 역량을 갖추기 위해 본인이 어떠한 노력을 기울였는지 구체적으로 기술해 주세요.,역량 갖추기 본인 어떠한 노력 기울였는지 구체적 기술해
780,8,지원 직무의 특징과 역할에 대해 아는대로 말해주세요! (700자 이내),지원 직무 특징 역할 대해 아는대 말해
781,8,지원 직무에 대해 지난 3년간 준비한 것은 무엇인가요? (700자 이내),지원 직무 대해 지난 3년간 준비한 무엇인가요
782,8,지원 직무에서 중요한 덕목은 무엇이라 생각하시나요? (700자 이내),지원 직무 중요한 덕목 무엇이라 생각하시나요
783,8,지원분야 직무 수행을 위한 본인의 경험과 노력을 서술하여 주십시오. (1000byte),지원분야 직무 수행 본인 경험 노력 서술
784,8,현대자동차 해당 직무 분야에 지원하게 된 이유와 본인이 해당 직무에 적합하다고 판단할 수 있는 근거를 기술해주십시오. (800자 이내),현대자동차 해당 직무 분야 지원하게 이유 본인 해당 직무 적합하다고 판단할 근거 기술해주
785,8,"오뚜기에 입사하고자 하는 이유와 지원 직무에 대한 본인의 장점, 그리고 입사 후 자신의 목표에 대해 설명",오뚜기 입사하고자 이유 지원 직무 본인 장점 그리고 입사 자신 목표 대해 설명
786,8,희망 직무를 지원한 이유와 직무수행에 필요한 역량을 키우기 위해 노력한 경험들에 대해 작성해 주세요.,희망 직무 지원한 이유 직무수행 필요한 역량 키우기 노력한 경험들 대해 작성해
787,8,"여러분이선택한 계열사(CGV) 및 직무에 대한 지원동기는 무엇인가요? ① 선택한계열사(CGV)가 아니면안되는 이유, ② 직무에 관심갖게 된 계기, ③ 본인이 직무를 잘 수행할 수 있는 이유를 반드시 포함하여 구체적으로 작성해 주세요.(700자이내)",여러분이선택한 계열사CGV 직무 지원동기 무엇인가요 선택한계열사CGV 아니면안되 이유 직무 관심갖게 계기 본인 직무 수행할 이유 반드시 포함 구체적 작성해
788,8,본인이 지원한 직무관련 향후 계획에 대하여 [500자 이내],본인 지원한 직무 향후 계획
789,8,"지원한 회사, 직무, 근무지에 관련하여 특별히 희망하는 점이 있으면 알려 주시고, 회사에서 이루고 싶은 자신의 포부를 밝혀주십시오.",지원한 회사 직무 근무지 관련 특별히 희망 있으면 알려 주시고 회사 이루고 자신 포부 밝혀주
790,8,"지원한 직무를 수행 시 예상되는 문제상황(어려운 점)을 가정한 후, 이를 해결할 수 있는 방안에 대해 작성해 주시기 바랍니다. 또한 이 직무를 잘 수행할 수 있는 ‘나의 차별화된 역량’은 무엇이며, 그 역량을 갖추기 위하여 어떠한 노력을 해왔는지 함께 작성해 주시기 바랍니다.",지원한 직무 수행 예상되 문제상황 가정한 해결할 방안 대해 작성해 주시기 바랍니다 또한 직무 수행할 차별화된 역량 무엇 역량 갖추기 어떠한 노력 해왔는지 작성해 주시기 바랍니다
791,8,지원 분야에 대해 전문성과 역량을 갖추기 위해 어떠한 노력을 했는지 경험과 결과를 중심으로 기술하세요.(500 ~ 1500자),지원 분야 대해 전문성 역량 갖추기 어떠한 노력 했는지 경험 결과 중심 기술하
792,8,"본인이 지원한 직무에 있어서 가장 중요한 역량은 무엇이라고 생각합니까? 그리고 해당 역량을 발휘한 사례(직무경험, 자격증, 전공지식)가 있다면 구체적으로 작성 바랍니다.",본인 지원한 직무 있어서 가장 중요한 역량 무엇이라고 생각합니까 그리고 해당 역량 발휘한 사례 있다면 구체적 작성 바랍니다
793,8,지원한 직무관련 어떻게 성장하고 싶은지 그리고 그 방법에 대해 구체적으로 작성 바랍니다. 자기소개서 작성 가이드,지원한 직무 어떻게 성장 싶은지 그리고 방법 대해 구체적 작성 바랍니다 자기소개서 작성 가이드
794,8,"현재 경제 흐름을 통해 본 보험시장 환경의 전망과 2) 보험회사가 나아갈 방향을 검토하고, 3) 그 방향에서 본인이 지원한 직무의 핵심 역할을 기술하세요 *해당 채용사이트의 자기소개서 줄바꿈(엔터)을 할 경우 2글자로 계산되어 자소설닷컴의 글자수와 차이가 있을 수 있습니다. 이를 참고하여 자기소개서를 작성해주시길 바랍니다.",현재 경제 흐름 보험시장 환경 전망 보험회사 나아갈 방향 검토 방향 본인 지원한 직무 핵심 역할 기술하 해당 채용사이트 자기소개서 줄바꿈엔터 경우 2글자 계산되어 자소설닷컴 글자수 차이 참고 자기소개서 작성해주시길 바랍니다
795,8,"직무 역량을 습득하기 위한 경험과 활용 방법 자신이 지원한 직무를 수행함에 있어 갖추어야 할 지식, 기술, 역량등을 습득하기 위해 노력했던 구체적인 경험과 입사 후 어떻게 활용할 수 있을지 기술하세요",직무 역량 습득하기 경험 활용 방법 자신 지원한 직무 수행함 있어 갖추어야 지식 기술 역량등 습득하기 노력했던 구체적인 경험 입사 어떻게 활용할 있을지 기술하
796,8,본인이 지원한 직무를 잘 수행할 수 있다고 생각하는 이유와 입사 후 자신의 목표를 설명하십시오.,본인 지원한 직무 수행할 있다고 생각 이유 입사 자신 목표 설명하
797,8,"희망직무는 무엇이며 희망직무를 성공적으로 수행하기 위해 가장 필요한 역량을 한 가지 선정하고, 선정 이유와 향상 시키기 위해 본인이 했던 노력에 대하여 서술하시오.",희망직무 무엇 희망직무 성공적 수행하기 가장 필요한 역량 가지 선정 선정 이유 향상 시키기 본인 했던 노력 서술하
798,8,지원 직무와 밀접하게 연관되는 국내외 최근 이슈/트렌드/사회현상을 선택하고 자신의 견해를 서술해 주십시오. (600자),지원 직무 밀접하게 연관되 국내외 최근 이슈트렌드사회현상 선택 자신 견해 서술해 600자
799,8,지원 직무에서 다른 지원자들과 ‘차별화 되는 강점 키워드’를 해시태그 형태로 표현한 후 ①지식 ②경험 ③성격의 각 강점을 서술하세요. (600자),지원 직무 다른 지원자들 차별화 강점 키워드 해시태그 형태 표현한 지식 경험 성격 강점 서술하 600자
800,8,"한화시스템 ICT부문은 ""SMART&CREATIVE""라는 비전슬로건을 갖고 있습니다. 현재 IT업계에서 ""SMART&CREATIVE""가 왜 필요한지 정의하고, 지원한 직무와 관련하여 본인이 ""SMART&CREATIVE"" 한 인재라는 것을 증명할 수 있는 구체적인 사례와 경험을 말씀해주십시오.",한화시스템 ICT부문 SMARTCREATIVE라 비전슬로건 갖고 현재 IT업계 SMARTCREATIVE 필요한지 정의 지원한 직무 관련 본인 SMARTCREATIVE 인재라 증명할 구체적인 사례 경험 말씀해주
801,8,"해당 직무에 지원하신 이유와 본인이 적합하다고 판단하는 근거를 경험(학업, 대내외 활동, 아르바이트 등)을 바탕으로 작성해주세요.",해당 직무 지원하신 이유 본인 적합하다고 판단 근거 경험 바탕 작성해
802,8,"4차 산업혁명, 디지털 트랜스포메이션 등 기술과 비즈니스, 생활 환경이 빠르게 변화하고 있습니다. 이러한 흐름에서 현재 지원한 직무의 변화 방향을 예측하고 본인의 역할에 대해 설명해 주세요. (1000자)",4차 산업혁명 디지털 트랜스포메이션 기술 비즈니스 생활 환경 빠르게 변화 이러한 흐름 현재 지원한 직무 변화 방향 예측 본인 역할 대해 설명해
803,8,지원직무를 선택한 이유와 그 직무를 수행함에 있어 본인만의 차별화된 역량은 무엇인지 설명해 주세요. (2000자),지원직무 선택한 이유 직무 수행함 있어 본인만 차별화된 역량 무엇인지 설명해
804,8,당신이 지원한 직무와 관련하여 보유한 직무역량을 서술하십시오. (30자이내),당신 지원한 직무 관련 보유한 직무역량 서술하
805,8,본인이 지원한 분야에서 직무를 수행하기 위한 본인만의 준비내용을 작성해 주세요. (최대 500자 입력가능),본인 지원한 분야 직무 수행하기 본인만 준비내용 작성해
806,8,"md/상품개발 직무 시 필요한 역량은 무엇인가? 이 역량을 갖추기 위해 그 동안 어떤 노력, 도전, 경험을 했는지",md상품개발 직무 필요한 역량 무엇인 역량 갖추기 동안 어떤 노력 도전 경험 했는지
807,8,희망 직무를 선택한 이유와 그에 필요한 역량을 키우기 위해 어떤 노력을 하였는지 기술하여 주십시오.,희망 직무 선택한 이유 필요한 역량 키우기 어떤 노력 하였는지 기술
808,8,"직무 필요 역량/전문성과 본인의 노력 : 본인이 지원한 직무를 수행하는데 요구되는 핵심 필요 역량과 전문성이 무엇이라 생각하며, 이 역량과 전문성을 갖추기 위해 어떠한 노력을 하였는지 기술해 주십시오.",직무 필요 역량전문성 본인 노력 본인 지원한 직무 수행하는데 요구되 핵심 필요 역량 전문성 무엇이라 생각 역량 전문성 갖추기 어떠한 노력 하였는지 기술해
809,8,"본인이 지원한 직무를 수행하기 위해 가장 필수적으로 요구되는 역량이 무엇이라 생각하며, 해당 역량을 갖추기 위해 특별히 노력한 경험에 대해 기술해 주십시오.",본인 지원한 직무 수행하기 가장 필수적 요구되 역량 무엇이라 생각 해당 역량 갖추기 특별히 노력한 경험 대해 기술해
810,8,조직 생활과 희망 직무 수행을 위한 본인의 강점에 대해 작성해 주세요.,조직 생활 희망 직무 수행 본인 강점 대해 작성해
811,8,"해당 직무에 지원한 동기와 해당 직무에 본인이 적합한 이유 및 근거를 본인의 경험, 전공 등과 연계하여 서술하시오.(600자 이내)",해당 직무 지원한 동기 해당 직무 본인 적합한 이유 근거 본인 경험 전공 연계 서술하
812,8,"지원한 직무는 무엇이며, 해당 직무에 관심을 갖게 된 계기와 이를 잘 수행할 수 있다고 생각하는 이유를 본인의 역량, 준비과정, 및 관련 경험을 근거로 서술",지원한 직무 무엇 해당 직무 관심 갖게 계기 수행할 있다고 생각 이유 본인 역량 준비과정 경험 근거 서술
813,8,상기 역량(전부 또는 일부)을 개발하기 위해 스스로 노력하고 있습니까? 그 사례를 구체적으로 기재해주시기 바랍니다.,상기 역량 개발하기 스스 노력 있습니까 사례 구체적 기재해주시기 바랍니다
814,8,"지원 직무를 위해 노력했던 경험, 본인이 가진 역량",지원 직무 노력했던 경험 본인 가진 역량
815,8,"지원분야에 대한 내용을 아래 항목별로 작성해주세요. 2-1) 지원자 직무를 수행하기 위해 필요한 핵심역량을 무엇이라고 생각하며, 그 이유는 무엇인지 설명해주세요. 500자",지원분야 내용 아래 항목별 작성해 21 지원자 직무 수행하기 필요한 핵심역량 무엇이라고 생각 이유 무엇인지 설명해 500자
816,8,그 역량을 갖추기 위해 본인이 어떠한 노력을 기울였는지 구체적으로 기술해주세요. 500자,역량 갖추기 본인 어떠한 노력 기울였는지 구체적 기술해 500자
817,8,"우리재단 직무수행을 위한 본인만의 차별화된 경험, 역량, 능력은 무엇입니까? (최대 300자 입력가능)",우리재단 직무수행 본인만 차별화된 경험 역량 능력 무엇입니까
818,8,해당 직무에 지원한 이유와 직무를 잘 수행하기 위해 자신의 역량을 어떻게 개발시켜왔는지 구체적으로 기술하여 주십시오.,해당 직무 지원한 이유 직무 수행하기 자신 역량 어떻게 개발시켜왔는지 구체적 기술
819,8,직무 전문성 [관련 경험 1],직무 전문성 경험
820,8,직무와 관련한 자신만의 역량,직무 관련한 자신만 역량
821,8,"직무관련 주요내용-직무활동, 동아리/동호회, 팀 프로젝트, 연구회, 재능기부 등 주요 직무경험을 서술하여 주십시오.",직무 주요내용직무활동 동아리동호회 프로젝트 연구회 재능기부 주요 직무경험 서술
822,8,"지원한 직무를 수행하기 위하여 필요한 역량은 무엇이라고 생각하며, 해당역량을 갖추기 위해 본인이 무엇을 어떻게 노력해왔는지(지식, 경험, 기술 등) 기술해 주십시오.",지원한 직무 수행하기 필요한 역량 무엇이라고 생각 해당역량 갖추기 본인 무엇 어떻게 노력해왔는지 기술해
823,8,해당 직무에 지원하기 위해 지난 3년간 준비해 왔던 것에 대해 설명해 주세요. (900자 이내),해당 직무 지원하기 지난 3년간 준비해 왔던 대해 설명해
824,8,지원한 직무에 대해 본인이 갖추고 있는 지식이나 기술에 관하여 서술해주십시오.,지원한 직무 대해 본인 갖추고 지식 기술 서술해주
825,8,해당 직무로 지원한 이유는 무엇인지 소개해주십시오,해당 직무 지원한 이유 무엇인지 소개해주
826,8,지원한 직무를 효과적으로 수행하기 위해 귀하가 가지고 있는 장점은 무엇인지 소개,지원한 직무 효과적 수행하기 귀하 가지고 장점 무엇인지 소개
827,8,지원한 직무를 수행함에 있어 어려움이 발생할 수 있는 귀하의 단점과 개선방법을 소개해주십시오,지원한 직무 수행함 있어 어려움 발생할 귀하 단점 개선방법 소개해주
828,8,마케팅 직무에 있어서 왜 본인이 적임자인지 해당 직무와 관련된 경험과 역량향상을 위한 본인의 노력에 대해 서술 해 주십시오. - 마케팅 직무의 전문성 획득을 위해 어떠한 경험 및 노력을 했는지 구체적으로 작성 - 경험 및 노력의 결과와 그 과정에서 느낀 점에 대해 구체적으로 작성 - 프로젝트/공모전/대회/논문/연구/학습 및 기타 활동에 참여 경험 등 작성 가능 (1000 자 10 단락 이내),마케팅 직무 있어서 본인 적임자인지 해당 직무 관련된 경험 역량향상 본인 노력 대해 서술 마케팅 직무 전문성 획득 어떠한 경험 노력 했는지 구체적 작성 경험 노력 결과 과정 느낀 대해 구체적 작성 프로젝트공모전대회논문연구학습 기타 활동 참여 경험 작성 가능
829,8,선택한 직무에 지원하는 이유와 해당 직무에 필요한 역량을 키우기 위한 자신의 경험 및 노력을 기술해주십시오. (500자),선택한 직무 지원 이유 해당 직무 필요한 역량 키우기 자신 경험 노력 기술해주 500자
830,8,지원하는 직무에 대해 본인이 가장 중요하게 생각하는 역량은 무엇이고 그 이유에 대해 서술하여 주십시오. * [500자 이상 700자 이내],지원 직무 대해 본인 가장 중요하게 생각 역량 무엇 이유 대해 서술
831,8,지원하신 직무가 회사에서 어떠한 역할을 수행한다고 생각하는지 자유롭게 기술해주시기 바랍니다. *,지원하신 직무 회사 어떠한 역할 수행한다고 생각하는지 자유롭게 기술해주시기 바랍니다
832,8,"입사 후 업무를 잘 수행할 수 있도록 준비한 ‘나의 역량’이 무엇이며, 그 역량을 갖추기 위해 어떠한 노력을 해왔는지 본인의 경험을 바탕으로 기술해주시기 바랍니다. *",입사 업무 수행할 있도록 준비한 역량 무엇 역량 갖추기 어떠한 노력 해왔는지 본인 경험 바탕 기술해주시기 바랍니다
833,8,"CJ제일제당과 해당 직무에 지원한 동기는 무엇인가요? ① CJ제일제당이어야만 하는 이유, ② 지원 직무에 관심을 갖게 된 계기, ③ 입사 후 성장 목표를 반드시 포함하여 구체적으로 작성해 주세요. (1,000자 이내)",CJ제일제당 해당 직무 지원한 동기 무엇인가요 CJ제일제당이어야 이유 지원 직무 관심 갖게 계기 입사 성장 목표 반드시 포함 구체적 작성해
834,8,"대학생활 중 이수한 과목 중 지원하신 직무와 관련된 과목(복수 가능)을 기술하여 주시기 바라며, 해당 과목을 통해 직무를 잘 수행할 수 있는 이유를 기술하여 주십시오.① 이수과목 중 지원 직무와 관련된 과목 ② 해당 과목을 통해 지원 직무를 잘 수행할 수 있는 이유 (1,000자 이내)",대학생활 이수한 과목 지원하신 직무 관련된 과목 기술 주시기 바라며 해당 과목 직무 수행할 이유 기술 이수과목 지원 직무 관련된 과목 해당 과목 지원 직무 수행할 이유
835,8,"지원 직무를 수행함에 있어 ① 예상되는 어려움 또는 갈등은 무엇이며, ② 이를 극복해 나갈 수 있는 본인만의 강점을 구체적으로 작성해주세요. (1,000자 이내)",지원 직무 수행함 있어 예상되 어려움 갈등 무엇 극복해 나갈 본인만 강점 구체적 작성해
836,8,희망 직무를 지원한 이유와 해당 직무를 수행하기 위해 어떠한 노력이나 경험을 하였는지 작성해주세요. _글자수 제한 없음,희망 직무 지원한 이유 해당 직무 수행하기 어떠한 노력 경험 하였는지 작성해 글자수 제한 없음
837,8,"지원한 업무에 대해 아는 바를 설명하고, 이 업무를 수행하기에 왜 본인이 적합한 지 본인의 직무 지식과 경험을 바탕으로 서술 해 주세요",지원한 업무 대해 설명 업무 수행하기 본인 적합한 본인 직무 지식 경험 바탕 서술
838,8,"지원한 분야의 직무를 잘 할 수 있다고 생각하는 이유와, 그 직무를 통해 달성하려는 목표를 기술하여 주십시오.",지원한 분야 직무 있다고 생각 이유 직무 달성하려 목표 기술
839,8,지원 직무와 관련하여 전문지식을 갖추기 위해 학습한 경험에 대해 작성해주시기 바랍니다.,지원 직무 관련 전문지식 갖추기 학습한 경험 대해 작성해주시기 바랍니다
840,8,"여러분이 선택한 계열사 및 직무에 대한 지원동기는 무엇인가요? ① 선택한 계열사가 아니면 안되는 이유, ② 직무에 관심갖게 된 계기, ③ 본인이 직무를 잘 수행할 수 있는 이유를 반드시 포함하여 구체적으로 작성해 주세요. (1,000자 이내)",여러분 선택한 계열사 직무 지원동기 무엇인가요 선택한 계열사 아니면 안되 이유 직무 관심갖게 계기 본인 직무 수행할 이유 반드시 포함 구체적 작성해
841,8,"지원직무 수행 시 ① 필요하다고 생각하는 역량 세가지를 중요도 순으로 작성해 주세요. ② 해당 역량과 관련하여 본인이 지원 직무를 잘 수행할 수 있는 이유를 구체적으로 작성해 주세요. (1,000자 이내)",지원직무 수행 필요하다고 생각 역량 세가지 중요 작성해 해당 역량 관련 본인 지원 직무 수행할 이유 구체적 작성해
842,8,해당 직무를 하고 싶은 이유를 구체적으로 서술하시오.,해당 직무 이유 구체적 서술하
843,8,"본인이 지원한 직무를 위해 필요한 역량은 무엇이며, 해당 역량을 갖추기 위한 노력 혹은 자신만의 특별한 경험에 대해 기술하여 주십시오.",본인 지원한 직무 필요한 역량 무엇 해당 역량 갖추기 노력 자신만 특별한 경험 대해 기술
844,8,본인의 희망 직무는 무엇이며 그 일을 남들보다 잘 할 수 있는 차별화된 능력과 경험이 무엇인지 서술하여 주십시오,본인 희망 직무 무엇 남들 차별화된 능력 경험 무엇인지 서술
845,8,"당신이 지원한 직무에 대해서 어떠한 노력과 준비를 해왔으며, 풍산에 입사한다면 그러한 것들을 어떻게 펼치고 발전시켜 나갈 것인지에 대해 기술해 주십시오.",당신 지원한 직무 어떠한 노력 준비 해왔으며 풍산 입사한다면 그러한 것들 어떻게 펼치고 발전시켜 나갈 것인지 대해 기술해
846,8,지원하신 부문의 직무를 수행하기 위해 어떤 역량이 필요하다고 생각하시나요? 그 역량을 갖추기 위해 기울인 노력을 서술해주시기 바랍니다.,지원하신 부문 직무 수행하기 어떤 역량 필요하다고 생각하시나요 역량 갖추기 기울인 노력 서술해주시기 바랍니다
847,8,"귀하가 지원한 직무는 무엇이며, 해당 직무에 관심을 갖게 된 계기와 이를 잘 수행할 수 있다고 생각하는 이유를 본인의 역량, 준비과정 및 관련 경험을 근거로 서술해 주십시오 * [100자 이상 500자 이내]",귀하 지원한 직무 무엇 해당 직무 관심 갖게 계기 수행할 있다고 생각 이유 본인 역량 준비과정 경험 근거 서술해
848,8,직무와 관련된 본인의 장점 및 역량,직무 관련된 본인 장점 역량
849,8,지원 직무 관련 자신이 갖춘 역량에 대하여 구체적으로 기술하여 주십시오. (500~700자),지원 직무 자신 갖춘 역량 구체적 기술
850,8,"지원한 직무에서 구체적으로 하고 싶은 일은 무엇입니까?그 일을 다른 사람보다 더 잘할 수 있다고 생각하는 지원자의 차별점(경험/역량 등)에 대해 말씀해주세요. 775/800 (글자 수, 공백 포함)",지원한 직무 구체적 무엇입니까그 다른 사람 잘할 있다고 생각 지원자 차별점 대해 말씀해 775800
851,8,"우리공사 및 지원한 직무에 관심이 생긴 계기를 기술하고, 우리공사에서 근무하면서 어떤 부분을 성취하고 싶은지 기술해 주세요. (1000자)",우리공사 지원한 직무 관심 생긴 계기 기술 우리공사 근무하면서 어떤 부분 성취 싶은지 기술해
852,8,"본인이 지원한 분야에 필요한 역량은 무엇이고, 해당 역량을 현재의 수준까지 향상시키기 위해 어떤 노력을 하였는지 구체적으로 기술해 주시기 바랍니다.",본인 지원한 분야 필요한 역량 무엇 해당 역량 현재 수준 향상시키기 어떤 노력 하였는지 구체적 기술해 주시기 바랍니다
853,8,한국연구재단에서 지원 직무에 대한 자신의 목표와 그를 이루기 위한 구체적인 계획을 기술하여 주십시오.(1000자),한국연구재단 지원 직무 자신 목표 이루기 구체적인 계획 기술
854,8,귀하가 지원한 직무를 수행함에 있어서 필요한 능력 세 가지와 선정한 사유를 기술하고 그 능력을 갖추기 위해 본인이 노력했던 점 및 그 성과에 대하여 기술하여 주십시오,귀하 지원한 직무 수행함 있어서 필요한 능력 가지 선정한 사유 기술 능력 갖추기 본인 노력했던 성과 기술
855,8,(NCS 직업기초: 공동체윤리) 지원한 직무에서 지켜야 하는 원칙이나 가치는 무엇이라고 생각하는지 기술해주십시오.,지원한 직무 지켜야 원칙 가치 무엇이라고 생각하는지 기술해주
856,8,"지원 분야에 대한 본인의 역량을 분석해 보고, 역량을 향상시키기 위해 어떠한 노력을 했는지 기술하여 주십시요.",지원 분야 본인 역량 분석해 보고 역량 향상시키기 어떠한 노력 했는지 기술 주십시요
857,8,"본인의 강점이라고 생각하는 역량을 우리 공단 입사지원 동기와 연계하여 서술하고, 해당 역량을 현재의 수준까지 향상시키기 위하여 어떤 노력을 하였는지 서술하여 주십시오.",본인 강점이라고 생각 역량 우리 공단 입사지원 동기 연계 서술 해당 역량 현재 수준 향상시키기 어떤 노력 하였는지 서술
858,8,지원 직무에 대해 본인이 이해한 내용을 서술하고 본인이 해당 직무에 적합한 사유를 전공능력 측면에서 구체적으로 서술하시오. (1000자 이내),지원 직무 대해 본인 이해한 내용 서술 본인 해당 직무 적합한 사유 전공능력 측면 구체적 서술하
859,8,"희망하는 직무를 수행함에 있어서 요구되는 역량이 무엇이라 생각하며, 이 역량을 갖추기 위한 노력 또는 특별한 경험을 기술하여 주십시오 1800byte",희망 직무 수행함 있어서 요구되 역량 무엇이라 생각 역량 갖추기 노력 특별한 경험 기술 1800byte
860,8,"지원직무 수행 시 예상되는 어려움(갈등)은 무엇이며, 이를 극복해 나갈 수 있는 본인의 강점과 가치관을 작성해주세요. ① 지원 직무 수행시 필요하다고 생각하는 역량, ② 지원 직무를 잘 수행하기 위한 그동안의 노력과 도전 등을 반드시 포함하여 구체적으로 작성해 주세요. (1,000자 이내)",지원직무 수행 예상되 어려움갈등 무엇 극복해 나갈 본인 강점 가치관 작성해 지원 직무 수행시 필요하다고 생각 역량 지원 직무 수행하기 그동안 노력 도전 반드시 포함 구체적 작성해
861,8,"리하우스TR 또는 SC 직무의 역할 및 필요 역량은 무엇이고, 본인에게 가장 어려울 것으로 생각되는 부분은 무엇인가요?",리하우스TR SC 직무 역할 필요 역량 무엇 본인 가장 어려울 생각되 부분 무엇인가요
862,8,리하우스TR 또는 SC 직무에 도전하는 이유와 한샘에 지원하는 이유는 무엇인가요?,리하우스TR SC 직무 도전 이유 한샘 지원 이유 무엇인가요
863,8,"직무수행을 위한 지식(Knowledge) □ 진흥원 직무를 수행함에 있어 본인이 보유하고 있는 필요한 핵심 지식(knowledge)이 무엇인지 기술하고, 해당 지식을 보유하게 된 경력 또는 경험을 기술하세요.",직무수행 지식 진흥원 직무 수행함 있어 본인 보유 필요한 핵심 지식 무엇인지 기술 해당 지식 보유하게 경력 경험 기술하
864,8,"직무수행을 위한 기술 (Skill) 진흥원 직무를 수행함에 있어 본인이 보유하고 있는 필요한 핵심 기술(Skill)이 무엇인지 기술하고, 해당 기술을 보유하게 된 경력 또는 경험을 기술하세요.",직무수행 기술 진흥원 직무 수행함 있어 본인 보유 필요한 핵심 기술 무엇인지 기술 해당 기술 보유하게 경력 경험 기술하
865,8,"진흥원 직무를 수행하기 위해 가장 중요한 태도(attitude)가 무엇인지와 그 필요성을 기술하고, 그 태도와 관련한 본인의 경험을 기술하세요",진흥원 직무 수행하기 가장 중요한 무엇인지 필요성 기술 태도 관련한 본인 경험 기술하
866,8,"지원분야를 위해 노력했던 준비사항과 직무를 잘 수행 할 수 있는 본인의 전공/직무 경험, 역량 등에 대하여 구체적으로 작성하시오",지원분야 노력했던 준비사항 직무 수행 본인 전공직무 경험 역량 구체적 작성하
867,8,"지원한 직무에 대해 정의를 내리고, 본인이 지원한 직무에 적합하다고 생각하는 이유를 구체적으로 서술해주시기 바랍니다.",지원한 직무 대해 정의 내리고 본인 지원한 직무 적합하다고 생각 이유 구체적 서술해주시기 바랍니다
868,8,본인이 지원한 직무에 가장 중요하다고 생각하는 역량과 이에 대한 자신만의 차별화된 강점은 무엇인지 기술해 주십시오.,본인 지원한 직무 가장 중요하다고 생각 역량 자신만 차별화된 강점 무엇인지 기술해
869,8,"지원 분야의 직무를 수행할 역량 강화 및 경험 축적을 위해 당신이 기울인 노력과 그 과정에서 느낀 성취 및 한계, 그리고 한계를 극복한 경험 또는 계획에 대하여 설명해주세요. * [1000자 이내]",지원 분야 직무 수행할 역량 강화 경험 축적 당신 기울인 노력 과정 느낀 성취 한계 그리고 한계 극복한 경험 계획 설명해
870,8,"최근 국내외적으로 이슈가 되고 있는 트렌드/사회현상 중, 지원 직무와 가장 밀접하게 연관되는 이슈를 한 가지 선택하고, 지원 직무에서 적용/해결시켜나갈 남다른 아이디어를 서술해 주십시오. (300자)",최근 국내외적 이슈 되고 트렌드사회현상 지원 직무 가장 밀접하게 연관되 이슈 가지 선택 지원 직무 적용해결시켜나갈 남다른 아이디어 서술해 300자
871,8,본인이 지원한 분야에서 직무를 수행하기 위한 본인만의 준비내용,본인 지원한 분야 직무 수행하기 본인만 준비내용
872,8,경력/경험기술서 - 직무관련 경력사항 및 직무관련 활동사항과 관련하여 작성하시기 바랍니다.,경력경험기술서 직무 경력사항 직무 활동사항 관련 작성하시기 바랍니다
873,8,"지원 직무에 대해 본인이 이해한 내용을 서술하고, 본인이 해당 직무에 적합한 사유를 전공능력 측면에서 구체적으로 서술하시오. 1000",지원 직무 대해 본인 이해한 내용 서술 본인 해당 직무 적합한 사유 전공능력 측면 구체적 서술하 1000
874,8,지원한 직무에 대해 자신의 차별화된 역량과 이를 갖추기 위해 어떤 노력을 했는지 기술하시,지원한 직무 대해 자신 차별화된 역량 갖추기 어떤 노력 했는지 기술하시
875,8,직무와 관련된 경험을 기술해주세요.,직무 관련된 경험 기술해
876,8,"해당 직무를 지원하게 된 이유와 그 직무에 있어 가장 중요한 실무역량이 무엇이라고 생각하는 지 정의해보고 그에 따른 자신만의 역량(경험, 노력)을 구체적인 사례를 근거로 이야기 해 주세요. [700자 이상 1000자 이내] (1000자)",해당 직무 지원하게 이유 직무 있어 가장 중요한 실무역량 무엇이라고 생각 정의해보고 자신만 역량 구체적인 사례 근거 이야기
877,8,희망하는 직무를 기재하고 그 이유와 본인의 적합성을 지식/자신의 장기 비전/성격에 비추어 기술하시오.,희망 직무 기재 이유 본인 적합성 지식자신 장기 비전성격 비추어 기술하
878,8,CJ 오쇼핑부문 및 해당 직무를 지원한 동기와 지원직무를 잘 수행할 수 있는 이유 ① 지원직무에 관심을 가지게 된 계기 ② 지원직무 수행시 예상되는 어려움 및 이를 극복하기 위한 본인만의 역량 ③ 입사 후 해당 직무에서의 성장 비전 등을 포함하여 구체적으로 작성 1500자,CJ 오쇼핑부문 해당 직무 지원한 동기 지원직무 수행할 이유 지원직무 관심 가지게 계기 지원직무 수행시 예상되 어려움 극복하기 본인만 역량 입사 해당 직무에서 성장 비전 포함 구체적 작성 1500자
879,8,지원 직무를 잘 수행하기 위한 그동안의 노력을 본인의 경험 또는 역량을 중심으로 ① 해당 경험 및 역량을 취득하는 과정에서 어려웠던 점 ② 이를 극복하기 위한 과정 및 결과 등을 포함하여 구체적으로 작성 1000자,지원 직무 수행하기 그동안 노력 본인 경험 역량 중심 해당 경험 역량 취득 과정 어려웠던 극복하기 과정 포함 구체적 작성 1000자
880,8,대원제약 지원동기 및 지원 직무 수행을 위해 어떠한 준비를 해왔는지 기술하여 주십시오. [ 500자 이상 700자 이내 ] /700,대원제약 지원동기 지원 직무 수행 어떠한 준비 해왔는지 기술 700
881,8,"본인이 희망하는 직무에 필요한 역량은 무엇이라 생각하며, 해당 역량을 갖추기 위한 본인의 노력에 대해 구체적인 사례를 통하여 설명해 주시기 바랍니다.",본인 희망 직무 필요한 역량 무엇이라 생각 해당 역량 갖추기 본인 노력 대해 구체적인 사례 설명해 주시기 바랍니다
882,8,"지원하신 직무가 무엇을 하는 일이라고 생각하시는지, 본인의 정의를 기술해 주십시오. 또한 해당 직무에 어떤 역량/지식이 필요하다고 생각하시는지, 이를 갖추기 위해 학업 또는 학업 외적으로 어떤 준비를 하셨는지 구체적 사례 중심으로 작성해주세요. (글자수 : 0 / 800)",지원하신 직무 무엇 일이라고 생각하시는지 본인 정의 기술해 또한 해당 직무 어떤 역량지식 필요하다고 생각하시는지 갖추기 학업 학업 외적 어떤 준비 하셨는지 구체적 사례 중심 작성해
883,8,"에스엘에서 일하고 싶은 구체적인 분야(직무)를 제시하고, 해당 직무에 관심을 갖게 된 계기와 이를 잘 수행할 수 있다고 생각하는 이유를 본인의 준비과정, 보유 역량, 관련 경험 등 구체적으로 서술해 주십시오.",에스엘 구체적인 분야직무 제시 해당 직무 관심 갖게 계기 수행할 있다고 생각 이유 본인 준비과정 보유 역량 경험 구체적 서술해
884,8,"지원 직무에 대한 중장기적 성장 목표가 무엇인지 구체적으로 서술하고, 그에 차별화된 강점이 있다면 구체적인 사례와 경험을 들어 서술해 주십시오",지원 직무 중장기적 성장 목표 무엇인지 구체적 서술 차별화된 강점 있다면 구체적인 사례 경험 들어 서술해
885,8,회사와 이 직무에 지원한 이유를 쓰시오.,회사 직무 지원한 이유
886,8,"여러분이 CJ E&M과 해당 직무에 지원한 동기는 무엇이며, E&M이 여러분을 선발해야 하는 이유를 설명해주세요. ①CJ E&M과 해당직무에 관심을 갖게 된 계기, ②해당직무를 잘 수행할 수 있는 이유, ③입사 후 성장비전 을 반드시 포함하여 작성해주세요.",여러분 CJ EM 해당 직무 지원한 동기 무엇 EM 여러분 선발 이유 설명해 CJ EM 해당직무 관심 갖게 계기 해당직무 수행할 이유 입사 성장비전 반드시 포함 작성해
887,8,"여러분의 CJ E&M PD 지원동기는 무엇인가요? ①CJ E&M에 지원한 이유, ②해당 채널의 PD에 관심을 갖게 된 계기, ③PD라는 직무를 잘 수행할 수 있는 이유를 포함하여 구체적으로 작성해주세요. (1,000자 이내)",여러분 CJ EM PD 지원동기 무엇인가요 CJ EM 지원한 이유 해당 채널 PD 관심 갖게 계기 PD라 직무 수행할 이유 포함 구체적 작성해
888,8,"CJ ENM(오쇼핑부문) 및 해당 직무를 지원한 동기와 지원직무를 잘 수행할수 있는 이유는 무엇인가요? ① 지원 동기 및 지원 직무 수행시 필요하다고 생각하는 역량 ② 해당 역량을 갖추기 위한 그동안의 노력과 도전 (본인만의 강점, 준비, 관련경험 등) ③ 입사 후 성장 목표 등을 포함하여 구체적으로 작성해 주세요.",CJ ENM 해당 직무 지원한 동기 지원직무 수행할수 이유 무엇인가요 지원 동기 지원 직무 수행시 필요하다고 생각 역량 해당 역량 갖추기 그동안 노력 도전 입사 성장 목표 포함 구체적 작성해
889,8,대학생활과 졸업이후의 다양한 활동 중 여러분이 지원한 직무와 관련하여 자신의 역량을 보여줄 수 있었던 실제 사례 중심의 구체적인 경험을 작성해 주세요. ① 경험 및 역량을 바탕으로 본인을 어필할 수 있는 나만의 차별화 포인트 ② 경험을 통하여 배운점과 발현된 역량 등을 포함하여 구체적으로 작성해 주세요.,대학생활 졸업이후 다양한 활동 여러분 지원한 직무 관련 자신 역량 보여줄 있었던 실제 사례 중심 구체적인 경험 작성해 경험 역량 바탕 본인 어필할 나만 차별화 포인트 경험 배운점 발현된 역량 포함 구체적 작성해
890,8,지원 직무 관련 자신이 갖춘 역량에 대하여 구체적으로 기술하여 주십시오.(700자),지원 직무 자신 갖춘 역량 구체적 기술 주십시오700자
891,8,한세실업 해당 직무에 지원하게 된 이유와 선택 직무에 대해 본인이 적합하다고 판단할 수 있는 이유 및 근거를 제시해주세요.(1000자),한세실업 해당 직무 지원하게 이유 선택 직무 대해 본인 적합하다고 판단할 이유 근거 제시해
892,8,"지원 직무와 관련된 ① 학습경험(학교 수업, 자격증, 외부 교육 등), ② 활동경험(동아리, 블로그 운영, 취미 등)에 대해 각각 서술해 주세요.",지원 직무 관련된 학습경험 활동경험 대해 각각 서술해
893,8,지원한 직무에서 하고자하는 업무와 이를 위해 준비된 본인의 역량을 기술하세요.(500자 이내),지원한 직무 하고자 업무 준비된 본인 역량 기술하
894,8,"본인의 지원직무를 위해 필요한 역량은 무엇이며, 이 역량을 갖추기 위한 노력이나 자신만의 특별한 경험을 기술하여 주십시오.",본인 지원직무 필요한 역량 무엇 역량 갖추기 노력 자신만 특별한 경험 기술
895,8,회계직무를 수행하는데 필요한 역량은 무엇이라고 생각합니까? 그 역량을 발휘한 본인의 사례를 구체적으로 작성해주시기 바랍니다.,회계직무 수행하는데 필요한 역량 무엇이라고 생각합니까 역량 발휘한 본인 사례 구체적 작성해주시기 바랍니다
896,8,입사 후 담당하게 될 직무에서 본인이 달성하고자 하는 목표 또는 성과에 대해 작성해주시기 바랍니다.,입사 담당하게 직무 본인 달성하고자 목표 성과 대해 작성해주시기 바랍니다
897,8,"본인이 지원한 직무에 있어서 가장 중요한 역량은 무엇이라고 생각합니까? 그리고 해당 역량을 발휘한 사례(직무경험, 자격증, 전공지식)가 있다면 구체적으로 작성 바랍니다.글자수 959 / 300자 ~ 1000자",본인 지원한 직무 있어서 가장 중요한 역량 무엇이라고 생각합니까 그리고 해당 역량 발휘한 사례 있다면 구체적 작성 바랍니다글자수 959 300자 1000자
898,8,지원한 직무관련 어떻게 성장하고 싶은지 그리고 그 방법에 대해 구체적으로 작성 바랍니다.글자수 932 / 300자 ~ 1000자,지원한 직무 어떻게 성장 싶은지 그리고 방법 대해 구체적 작성 바랍니다글자수 932 300자 1000자
899,8,GS칼텍스에 지원한 이유는 무엇입니까? 지원한 직무 관련 경험 및 경력을 중심으로 작성해주시기 바랍니다.,GS칼텍스 지원한 이유 무엇입니까 지원한 직무 경험 경력 중심 작성해주시기 바랍니다
900,8,글로벌 역량을 위한 도전,글로벌 역량 도전
901,8,"필수 CJ제일제당과 해당 직무에 지원한 동기는 무엇인가요? ① CJ제일제당이어야만 하는 이유, ② 지원 직무에 관심을 갖게 된 계기, ③ 입사 후 성장 목표를 반드시 포함하여 구체적으로 작성해 주세요. (1,000자 이내)",필수 CJ제일제당 해당 직무 지원한 동기 무엇인가요 CJ제일제당이어야 이유 지원 직무 관심 갖게 계기 입사 성장 목표 반드시 포함 구체적 작성해
902,8,"필수 지원직무 수행 시 예상되는 어려움(갈등)은 무엇이며, 이를 극복해 나갈 수 있는 본인의 강점과 가치관을 작성해주세요. ① 지원 직무 수행시 필요하다고 생각하는 역량, ② 지원 직무를 잘 수행하기 위한 그동안의 노력과 도전 등을 반드시 포함하여 구체적으로 작성해 주세요. (1,000자 이내)",필수 지원직무 수행 예상되 어려움갈등 무엇 극복해 나갈 본인 강점 가치관 작성해 지원 직무 수행시 필요하다고 생각 역량 지원 직무 수행하기 그동안 노력 도전 반드시 포함 구체적 작성해
903,8,"본인이 지원한 직무에 가장 중요하다고 생각하는 역량과 이에 대한 자신만의 차별화된 강점(전문지식, 기술, 경험 등)은 무엇인지 기술해 주십시오. (최대 700자 입력가능)",본인 지원한 직무 가장 중요하다고 생각 역량 자신만 차별화된 강점 무엇인지 기술해
904,8,희망하는 직무를 기재하고 그 이유와 본인의 적합성을 지식/자신의 장기 비전/성격에 비추어 기술하시오.(1000),희망 직무 기재 이유 본인 적합성 지식자신 장기 비전성격 비추어 기술하시오1000
905,8,희망 직무를 수행하기 위해 준비한 것과 직무와 관련된 본인의 역량,희망 직무 수행하기 준비한 직무 관련된 본인 역량
906,8,도시와 농촌의 균형 있는 발전을 위하여 농협에서 본인이 하고자 하는 일을 직무와 연관하여 기술하여 주십시오.,도시 농촌 균형 발전 농협 본인 하고자 직무 연관 기술
907,8,"지원한 직무 수행에 필요한 핵심역량은 무엇이라고 생각하며, 그 이유에 대해 설명, 해당 역량을 갖추기 위해 어떤 노력을 하였는지 기술 (800자)",지원한 직무 수행 필요한 핵심역량 무엇이라고 생각 이유 대해 설명 해당 역량 갖추기 어떤 노력 하였는지 기술 800자
908,8,"[My Competence] 본인이 지원한 직무관련 지원동기와 역량에 대하여 Guide> 해당 직무의 지원동기를 포함하여, 직무관련 본인이 보유한 강점과 보완점을 사례를 통하여 구체적으로 기술해주시기 바랍니다 (1000자)",My Competence 본인 지원한 직무 지원동기 역량 Guide 해당 직무 지원동기 포함 직무 본인 보유한 강점 보완점 사례 구체적 기술해주시기 바랍니다
909,8,[My Future] 본인이 지원한 직무관련 향후 계획에 대하여 Guide> 본인이 지원한 직무와 관련된 본인의 향후 미래 계획에 대해 구체적으로 기술해주시기 바랍니다. (500자),My Future 본인 지원한 직무 향후 계획 Guide 본인 지원한 직무 관련된 본인 향후 미래 계획 대해 구체적 기술해주시기 바랍니다 500자
910,8,"지원하신 직무를 수행하기 위해 어떠한 역량이 필요하다고 생각하는지 기술해 주시고, 본인은 현재 어떤 역량을 가지고 계시는지 구체적으로 기술해 주세요",지원하신 직무 수행하기 어떠한 역량 필요하다고 생각하는지 기술해 주시고 본인 현재 어떤 역량 가지고 계시는지 구체적 기술해
911,8,"지원 분야 관련 직무 전문성 확보를 위해 본인이 했던 구체적인 노력을 기술하고, 습득한 지식과 기술을 실전적으로 활용해 본 경험이 있다면 함께 서술해 주십시오. (600자 이내로 기술)",지원 분야 직무 전문성 확보 본인 했던 구체적인 노력 기술 습득한 지식 기술 실전적 활용해 경험 있다면 서술해
912,8,"본인이 지원한 직무 및 설명을 채용공고를 참조하여 첫 줄에 기입하고, 이에 대한 스스로의 경쟁력(경험,지식,Skill)과 입사 후 기여할 수 있는 점은 무엇인지 사례를 들어 설명하시오.(800자 이내)",본인 지원한 직무 설명 채용공고 참조 기입 스스로 경쟁력 입사 기여할 무엇인지 사례 들어 설명하
913,8,"본인의 Digital 역량 및 관심도에 대해 분량에 관계없이 자유롭게 기술하시오. * 공통 기술사항 : 컴퓨터, 소프트웨어, 통계, 머신러닝, UI/UX 등 Digital관련 이수한 수업 (학내외 모두 가능) 세부분야별 기술사항 : 본인이 지원한 세부분야별 요구되는 내용을 최대한 포함하여 기술",본인 Digital 역량 관심도 대해 분량 관계없 자유롭게 기술하 공통 기술사항 컴퓨터 소프트웨어 통계 머신러닝 UIUX Digital 이수한 수업 세부분야별 기술사항 본인 지원한 세부분야별 요구되 내용 포함 기술
914,8,해당 직무에 지원하게 된 동기와 해당 직무를 수행하기 위한 본인의 차별화된 강점을 기술해 주십시오.* [100자 이상 1000자 이내],해당 직무 지원하게 동기 해당 직무 수행하기 본인 차별화된 강점 기술해
915,8,지원한 직무에서 (업무를 성공적으로 수행하기 위한) 가장 중요한 역량은 무엇이라 생각하는가? * [100자 이상 1000자 이내],지원한 직무 가장 중요한 역량 무엇이라 생각하는
916,8,"대웅그룹과 직무에 지원한 이유와 경험적 사례를 아래의 키워드를 활용하여 논리적(S.T.A.R 기법)으로 서술하여 주세요.[제시어 : 정직, 자율, 학습, 소통 도전, 변화, 협력, 성장] [ 500자 이상 1000자 이내 ] /1000",대웅그룹 직무 지원한 이유 경험적 사례 아래 키워드 활용 논리적 서술 주세요제시어 정직 자율 학습 소통 도전 변화 협력 성장 1000
917,8,"지원하신 직무에 부합하는 인재가 되기 위해 어떤 준비가 되어 있으며, 해당 능력을 개발하기 위해 어떤 노력을 하였는지 상세히 기술해 주십시오.",지원하신 직무 부합 인재 되기 어떤 준비 되어 있으며 해당 능력 개발하기 어떤 노력 하였는지 상세히 기술해
918,8,본 직무를 성공적으로 수행하기 위해 그동안 어떤 노력과 경험을 하였는지 서술해 주십시오. [ 1자 이상 600자 이내 ],직무 성공적 수행하기 그동안 어떤 노력 경험 하였는지 서술해
919,8,"입사지원서의 '경험 혹은 경력사항'에 기입한 것 중 하나를 선택한 후 아래의 질문에 답해 주시기 바랍니다. - 직무활동, 동아리/동호회, 팀 프로젝트, 연구회, 재능기부 등의 주요 직무경험을 서술하여 주십시오. * 가. 본인이 지원한 직무와 관련하여, 경험(경력)한 활동은 어떤 내용인지 기술해 주십시오. (200자 이내)",입사지원서 경험 경력사항 기입한 하나 선택한 아래 질문 답해 주시기 바랍니다 직무활동 동아리동호회 프로젝트 연구회 재능기부 주요 직무경험 서술 본인 지원한 직무 관련 경험경력한 활동 어떤 내용인지 기술해
920,8,직무관련 본인 생각,직무 본인 생각
921,8,지원분야 직무 수행을 위한 본인의 경험과 노력을 서술하여 주십시오. (500자 이내),지원분야 직무 수행 본인 경험 노력 서술
922,8,"최근 국내외적으로 이슈가 되고 있는 트렌드/사회현상 중, 지원 직무와 가장 밀접하게 연관되는 이슈를 한 가지 선택하고, 지원 직무에서 적용/해결시켜나갈 남다른 아이디어를 서술해 주십시오.(400자)",최근 국내외적 이슈 되고 트렌드사회현상 지원 직무 가장 밀접하게 연관되 이슈 가지 선택 지원 직무 적용해결시켜나갈 남다른 아이디어 서술해 주십시오400자
923,8,지원 직무에서 다른 지원자들과 차별화 되는 강점의 각 키워드를 해시태그 형태로 표현한 후 ①지식 ②경험 ③성격 각 강점을 서술하세요.(800자),지원 직무 다른 지원자들 차별화 강점 키워드 해시태그 형태 표현한 지식 경험 성격 강점 서술하세요800자
924,8,"본인이 가지고 있는 IT역량을 기술하고, 해당 역량을 갖추기 위해 구체적으로 기울인 경험 및 노력을 작성 바랍니다.",본인 가지고 IT역량 기술 해당 역량 갖추기 구체적 기울인 경험 노력 작성 바랍니다
925,8,"금전적 보수를 받고 일정기간 동안 일했던 이력이나 직업 외적인 활동으로 산학 활동, 팀 프로젝트 활동, 연구회 활동, 동아리·동호회 활동, 온라인 커뮤니티 활동, 재능기부 활동 등이 포함될 수 있습니다. 본인이 지원한 분야의 직무와 관련하여, 경험에 대한 본인의 담당직무, 역할 및 구체적 행동, 주요 성과에 대해 작성하세요.",금전적 보수 받고 일정기간 동안 일했던 이력 직업 외적인 활동 산학 활동 프로젝트 활동 연구회 활동 동아리동호회 활동 온라인 커뮤니티 활동 재능기부 활동 포함될 본인 지원한 분야 직무 관련 경험 본인 담당직무 역할 구체적 행동 주요 성과 대해 작성하
926,8,본인이 선택한 직무에 대해 아래 내용을 포함하여 기술하시오. 1) 직무를 선택하게 된 이유 2) 직무를 수행함에 있어 예상되는 어려움 3) 이를 극복해 나갈 수 있는 본인만의 강점 (관련경험 기반),본인 선택한 직무 대해 아래 내용 포함 기술하 직무 선택하게 이유 직무 수행함 있어 예상되 어려움 극복해 나갈 본인만 강점
927,8,"아모레퍼시픽 그룹 핵심가치(개방, 정직, 혁신, 친밀, 도전) 중 본인에게 가장 부합하는 하나를 선택하고, 지원 직무를 수행하는 데 있어 해당 가치를 어떻게 발휘할 수 있을 지 앞으로의 목표(비전) 및 계획에 대해 기술하시오.",아모레퍼시픽 그룹 핵심가치 본인 가장 부합 하나 선택 지원 직무 수행 있어 해당 가치 어떻게 발휘할 앞으로 목표비전 계획 대해 기술하
928,8,"지원 직무에 대해 본인이 이해한 내용을 서술하고, 본인이 해당 직무에 적합한 사유를 전공능력 측면에서 구체적으로 서술하시오. (1000자 이내)",지원 직무 대해 본인 이해한 내용 서술 본인 해당 직무 적합한 사유 전공능력 측면 구체적 서술하
929,8,"희망 직무에 대해 본인이 이해한 내용을 서술하고, 본인이 해당 직무에 적합한 사유(전공능력, 경력 등)를 구체적으로 기술하시오 [100자 이상 600자 이내",희망 직무 대해 본인 이해한 내용 서술 본인 해당 직무 적합한 사유 구체적 기술하
930,8,"귀하가 지원한 직무는 무엇이며, 해당 직무에 관심을 갖게 된 계기와 이를 잘 수행할 수 있다고 생각하는 이유를 본인의 역량, 준비과정 및 관련 경험을 근거로 서술해 주십시오",귀하 지원한 직무 무엇 해당 직무 관심 갖게 계기 수행할 있다고 생각 이유 본인 역량 준비과정 경험 근거 서술해
931,8,대웅그룹과 희망 직무에 지원한 이유를 본인의 경험적 사례를 들어 논리적 STAR 기법으로 서술하여 주세요. [ 1000자 이내 ] 0 /1000,대웅그룹 희망 직무 지원한 이유 본인 경험적 사례 들어 논리적 STAR 기법 서술 1000
932,8,"본인이 지원한 직무와 관련한 경험(금전적 보수 없음) 혹은 경력(금전적 보수 있음)에 대해 기술해 주시기 바랍니다. 다양한 활동(학교, 회사, 동아리, 동호회 등)을 통해 지원한 직무와 관련하여 쌓은 경험 또는 경력사항에 대해 작성해 주십시오. (1000자 이내)",본인 지원한 직무 관련한 경험 경력 대해 기술해 주시기 바랍니다 다양한 활동 지원한 직무 관련 경험 경력사항 대해 작성해
933,8,"[Part2] 나는 이런 경험과 역량을 가지고 있습니다. 지원한 직무와 관련하여 어떤 준비를 했는지 구체적으로 기술하여 주시고, 입사 후 직무수행에서 예상되는 본인의 강점과 약점을 기술해주십시오.",Part2 이런 경험 역량 가지고 지원한 직무 관련 어떤 준비 했는지 구체적 기술 주시고 입사 직무수행 예상되 본인 강점 약점 기술해주
934,8,"지원한 직무 수행 시 필요한 역량은 무엇이라고 생각하며, 해당 직무를 잘 수행할 수 있는 이유에 대해 본인만의 차별화된 강점 및 준비과정, 경험(학업, 학업 외 활동 등)을 포함하여 구체적으로 작성해 주세요. (1,000자 이내)",지원한 직무 수행 필요한 역량 무엇이라고 생각 해당 직무 수행할 이유 대해 본인만 차별화된 강점 준비과정 경험 포함 구체적 작성해
935,8,지원 직무에 요구되는 역량은 무엇이라고 생각하며 해당역량을 갖추기 위한 본인의 노력 또는 특별한 경험을 기술하세요.,지원 직무 요구되 역량 무엇이라고 생각 해당역량 갖추기 본인 노력 특별한 경험 기술하
936,8,"지원한 직무를 수행하기 위해 필요한 핵심역량은 무엇이라고 생각하며, 그 이유에 대해 설명해 주십시오. 또한 해당 역량을 갖추기 위해 본인이 어떤 노력을 하였는지 기술해 주십시오",지원한 직무 수행하기 필요한 핵심역량 무엇이라고 생각 이유 대해 설명해 또한 해당 역량 갖추기 본인 어떤 노력 하였는지 기술해
937,8,본인이 지원한 부문에 적합하다고 판단될 수 있는 이유 및 근거를 기재하시오. * [600자 이내],본인 지원한 부문 적합하다고 판단될 이유 근거 기재하
938,8,"본인이 지원한 직무관련 지원동기와 역량에 대하여. 해당 직무의 지원동기를 포함하여, 직무관련 본인이 보유한 강점과 보완점을 사례를 통하여 구체적으로 기술해주시기 바랍니다.",본인 지원한 직무 지원동기 역량 해당 직무 지원동기 포함 직무 본인 보유한 강점 보완점 사례 구체적 기술해주시기 바랍니다
939,8,본인이 지원한 직무관련 향후 계획에 대하여. 본인이 지원한 직무와 관련된 본인의 향후 미래 계획에 대해 구체적으로 기술해주시기 바랍니다.,본인 지원한 직무 향후 계획 본인 지원한 직무 관련된 본인 향후 미래 계획 대해 구체적 기술해주시기 바랍니다
940,8,[LG디스플레이의 공정/장비 직무의 역량을 갖춘 인재],LG디스플레이 공정장비 직무 역량 갖춘 인재
941,8,본인이 지원하는 직무에 있어 그 일을 잘할 수 있는 차별화된 역량 및 그와 관련된 경험을 3가지 이내로 기술해 주십시오.(800자),본인 지원 직무 있어 잘할 차별화된 역량 관련된 경험 3가지 이내 기술해 주십시오800자
942,8,"입사지원을 하게 된 동기와, 자신이 지원한 직무에 적합하다고 생각하는 구체적인 이유를 기술하시오.",입사지원 하게 동기 자신 지원한 직무 적합하다고 생각 구체적인 이유 기술하
943,8,한국전력기술 인턴을 통하여 본인의 어떠한 역량을 개발하고 싶으십니까? (최소200자 / 최대500자),한국전력기술 인턴 본인 어떠한 역량 개발 싶으십니까
944,8,본인이 당사에 입사하고자 하는 이유와 지원 직무를 위해 했던 구체적인 노력에 대해서 기술하여 주십시오. [ 200자 이상 600자 이내],본인 당사 입사하고자 이유 지원 직무 했던 구체적인 노력 기술
945,8,"지원한 직무를 잘 수행할 수 있도록 준비한 '나의 역량'은 무엇이며, 그 역량을 갖추기 위하여 어떠한 노력을 해왔는지 구체적으로 작성해주시기 바랍니다.",지원한 직무 수행할 있도록 준비한 역량 무엇 역량 갖추기 어떠한 노력 해왔는지 구체적 작성해주시기 바랍니다
946,8,주제2.본인의 역량 기술(적성 및 전문지식에 대한 본인 평가),주제 본인 역량 기술
947,8,"지원하신 직무 관련 연구개발 수행(또는 실무경력/경험)을 통해 얻었던 성과(가시적 또는 내재적)가 있다면, 그 과정과 성과의 우수성을 사실대로 기술해주세요. (최대 500자 입력가능)",지원하신 직무 연구개발 수행 얻었던 있다면 과정 성과 우수성 사실대 기술해
948,8,지원하신 직무에 있어 본인이 생각하는 고객의 정의와 해당 고객의 만족을 위해 본인이 습득한 기술이나 지식을 어떻게 활용할 수 있을지 생각을 기술해주세요. (500자 이내) (최대 500자 입력가능),지원하신 직무 있어 본인 생각 고객 정의 해당 고객 만족 본인 습득한 기술 지식 어떻게 활용할 있을지 생각 기술해
949,8,"본인이 공사 직무를 수행함에 있어 갖추어야 할 지식 및 기술, 태도 등을 습득하기 위해 노력했던 구체적인 경험을 기술하시오.",본인 공사 직무 수행함 있어 갖추어야 지식 기술 습득하기 노력했던 구체적인 경험 기술하
950,8,지원한 직무를 잘 수행하기 위해 중요한 세가지를 꼽아보고 이와 관련하여 본인의 장점과 단점을 기술해 주세요.,지원한 직무 수행하기 중요한 세가지 꼽아보고 관련 본인 장점 단점 기술해
951,8,"CJ오쇼핑 및 해당 직무를 지원한 동기와 지원직무를 잘 수행 할 수 있는 이유는 무엇인가요? ① 지원 동기 및 지원 직무 수행시 필요하다고 생각하는 역량, ② 해당 역량을 갖추기 위한 그동안의 노력과 도전(본인만의 강점, 준비, 관련경험 등), ③ 입사 후 성장 목표 등을 포함하여 구제적으로 작성해 주세요. (1,000~1,500자 이내)",CJ오쇼핑 해당 직무 지원한 동기 지원직무 수행 이유 무엇인가요 지원 동기 지원 직무 수행시 필요하다고 생각 역량 해당 역량 갖추기 그동안 노력 도전 입사 성장 목표 포함 구제적 작성해
952,8,"대학생활과 졸업이후를 포함하여 여러분이 지원한 직무와 관련된 노력과 경험을 실제사례를 중심으로 구체적으로 작성해 주세요. (1,000~1,500자 이내)",대학생활 졸업이후 포함 여러분 지원한 직무 관련된 노력 경험 실제사례 중심 구체적 작성해
953,8,본 직무에 지원하고자 하는 이유를 귀하의 경험(경력)과 연결하여 상세히 기술 하십시오.,직무 지원하고자 이유 귀하 경험경력 연결 상세히 기술
954,8,지원자님이 지원한 직무를 잘 수행할 수 있을 것이라 생각하신 이유를 설명하여 주십시오. [100자 이상 400자 이내],지원자님 지원한 직무 수행할 것이라 생각하신 이유 설명
955,8,"지원한 해당 직무 수행을 위해 본인이 가지고 있는 역량(지식, 스킬, 태도)의 강점은 무엇이며, 해당 역량을 갖추기 위해 어떤 준비와 경험을 하였는지 기술해 주십시오.",지원한 해당 직무 수행 본인 가지고 역량 강점 무엇 해당 역량 갖추기 어떤 준비 경험 하였는지 기술해
956,8,"지원한 직무를 수행하기 위해 필요한 핵심 역량을 무엇이라고 생각하며, 해당역량을 갖추기 위해 어떤 노력을 하였는지 기술하세요",지원한 직무 수행하기 필요한 핵심 역량 무엇이라고 생각 해당역량 갖추기 어떤 노력 하였는지 기술하
957,8,"관심 직무(운송,HR,영업 등)를 서두에 명시하고, 이와 관련하여 귀하가 보유한 경험, 역량, 재능, 지식 등을 구체적으로 기술해 주십시오. [100자 이상 600자 이내]",관심 직무 서두 명시 관련 귀하 보유한 경험 역량 재능 지식 구체적 기술해
958,8,귀하가 지원한 직무를 수행함에 있어서 필요한 능력 세 가지와 선정한 사유를 기술하고 그 능력을 갖추기 위해 본인이 노력했던 점 및 그 성과에 대하여 기술하여 주십시오. (400자 이내),귀하 지원한 직무 수행함 있어서 필요한 능력 가지 선정한 사유 기술 능력 갖추기 본인 노력했던 성과 기술
959,8,공사 직무 중 관심분야 및 해당직무 전문가로 성장하기 위한 자기계발 계획을 작성하여 주십시오.,공사 직무 관심분야 해당직무 전문가 성장하기 자기계발 계획 작성
960,8,"지원한 직무를 잘 수행할 수 있도록 준비한 ‘나의 역량’은 무엇이며, 그 역량을 갖추기 위하여 어떠한 노력을 해왔는지 구체적으로 작성해 주시기 바랍니다. *",지원한 직무 수행할 있도록 준비한 역량 무엇 역량 갖추기 어떠한 노력 해왔는지 구체적 작성해 주시기 바랍니다
961,8,본인이 지원한 직무를 잘 수행할 수 있다고 생각하는 이유를 설명하세요.,본인 지원한 직무 수행할 있다고 생각 이유 설명하
962,8,지원 직무를 수행함에 있어 도움이 될 것이라 생각하는 경험과 본인이 해당 직무에 적합하다고 생각하는 이유에 대해 기술해주세요.(최소 500 글자),지원 직무 수행함 있어 도움 것이라 생각 경험 본인 해당 직무 적합하다고 생각 이유 대해 기술해
963,8,지원 직무의 전문성을 향상시키기 위하여 노력한 경험을 기술하여 주십시오,지원 직무 전문성 향상시키기 노력한 경험 기술
964,8,씨제이헬스케어와 해당 직무에 지원한 동기는 무엇인가요? ①씨제이헬스케어를 선택한 이유 ②지원 직무에 관심을 갖게 된 계기 ③입사 후 성장목표 등 앞의 세 가지 내용을 반드시 포함하여 구체적으로 작성해 주세요.,씨제이헬스케어 해당 직무 지원한 동기 무엇인가요 씨제이헬스케어 선택한 이유 지원 직무 관심 갖게 계기 입사 성장목표 가지 내용 반드시 포함 구체적 작성해
965,8,지원한 직무에 필요한 핵심역량 혹은 전문지식 시3가지를 선정하여 그 이유를 기술하고 이와 관련한 본인의 강점에 대해 작성해주세요. ①지원한 직무에 본인이 적합한 이유 ②지원한 직무를 잘 수행하기 위한 그 동안의 노력과 도전 등을 포함하여 구체적으로 작성해 주세요.,지원한 직무 필요한 핵심역량 전문지식 시3가지 선정 이유 기술 관련한 본인 강점 대해 작성해 지원한 직무 본인 적합한 이유 지원한 직무 수행하기 동안 노력 도전 포함 구체적 작성해
966,8,"진흥원 직무를 수행함에 있어 본인이 보유하고 있는 필요한 핵심 지식(knowledge)이 무엇인지 기술하고, 해당 지식을 보유하게 된 경력 또는 경험을 기술하세요.",진흥원 직무 수행함 있어 본인 보유 필요한 핵심 지식 무엇인지 기술 해당 지식 보유하게 경력 경험 기술하
967,8,"진흥원 직무를 수행함에 있어 본인이 보유하고 있는 필요한 핵심 기술(Skill)이 무엇인지 기술하고, 해당 기술을 보유하게 된 경력 또는 경험을 기술하세요.",진흥원 직무 수행함 있어 본인 보유 필요한 핵심 기술 무엇인지 기술 해당 기술 보유하게 경력 경험 기술하
968,8,"본인의 역량과 본원의 핵심가치[첨단,혁신,창의성,국제화,효율화]가 부합되는 항목을 기술(경험 및 사례를 중심으로 기술)",본인 역량 본원 핵심가치첨단혁신창의성국제화효율화 부합되 항목 기술
969,8,"지원 직무의 핵심 역할은 무엇이고, 본인에게 가장 어려울 것으로 생각되는 부분은 무엇인가요?",지원 직무 핵심 역할 무엇 본인 가장 어려울 생각되 부분 무엇인가요
970,8,지원 직무에 도전하는 이유는 무엇인가요?,지원 직무 도전 이유 무엇인가요
971,8,해당 직무를 선택한 이유와 그 직무를 수행함에 있어 본인의 경쟁력은 무엇인지 기술해 주십시오.(1300byte),해당 직무 선택한 이유 직무 수행함 있어 본인 경쟁력 무엇인지 기술해
972,8,"지원한 직무수행에 필요한 역량은 무엇이며, 이를 갖추기 위해 본인이 무엇을 어떻게 노력해왔는지(지식, 경험, 기술 등)기술하시오.",지원한 직무수행 필요한 역량 무엇 갖추기 본인 무엇 어떻게 노력해왔는지 기술하
973,8,"PR/광고 직무는 ① PR, ② IMC 기획 총 두 개의 직무로 이루어져 있습니다. 본인의 역량에 가장 적합한 직무를 선택하고, 해당 직무에 있어서 왜 본인이 적임자인지 직무와 관련된 경험과 역량 향상을 위한 본인의 노력에 대해 서술 해 주십시오. - 먼저, 세부 직무를 선택 하십시오 (예 : ① PR)",PR광고 직무 PR IMC 기획 직무 이루어져 본인 역량 가장 적합한 직무 선택 해당 직무 있어서 본인 적임자인지 직무 관련된 경험 역량 향상 본인 노력 대해 서술 먼저 세부 직무 선택
974,8,"LH 한국토지주택공사의 주요 사업을 기술하고, 그 사업과 관련하여 본인이 어떤 부분에 기여하고 싶은지, 본인의 주요 직무 역량 및 강점을 기반으로 기술해 주십시오.",LH 한국토지주택공사 주요 사업 기술 사업 관련 본인 어떤 부분 기여 싶은지 본인 주요 직무 역량 강점 기반 기술해
975,8,"지원 분야와 관련된 업무경력 및 실적 등 경력사항이나 다른 경험 및 활동에 대해 상세히 기술해 주시기 바랍니다. 경력사항의 경우, 채용 분야의 직무와 관련된 기업이나 조직에서 실제적으로 수행한 업무경험에 대해서 작성해 주십시오. 경험 및 활동의 경우, 산학, 팀 프로젝트, 연구회, 동아리/동호회, 온라인 커뮤니티, 재능기부 등 다양한 조직에서의 활동을 통해 지원 분야와 관련한 경험을 쌓은 내용을 작성해 주십시오. - 본인이 지원한 직무와 관련하여 경험한 업무 또는 활동은 어떤 내용인지 기술해 주십시오.",지원 분야 관련된 업무경력 실적 경력사항 다른 경험 활동 대해 상세히 기술해 주시기 바랍니다 경력사항 경우 채용 분야 직무 관련된 기업 조직 실제적 수행한 업무경험 작성해 경험 활동 경우 산학 프로젝트 연구회 동아리동호회 온라인 커뮤니티 재능기부 다양한 조직에서 활동 지원 분야 관련한 경험 내용 작성해 본인 지원한 직무 관련 경험한 업무 활동 어떤 내용인지 기술해
976,8,"경력사항 경험 및 경력기술서 직무 연관성이 높거나, 지원직무에서 본인을 어필할 수 있는 내용만을 기재하시기 바랍니다. (최대 1,000자 입력가능)",경력사항 경험 경력기술서 직무 연관성 높거 지원직무 본인 어필할 내용만 기재하시기 바랍니다
977,8,"지원한 직무와 삶의 목표가 어떤 연관성이 있는지 적어주세요. (최소 1자, 최대 300자 입력가능)",지원한 직무 목표 어떤 연관성 있는지 적어
978,8,"지원한 직무를 하기 위한 구체적인 준비과정을 적어주세요. (최소 1자, 최대 300자 입력가능)",지원한 직무 하기 구체적인 준비과정 적어
979,8,"여러분이 선택한 계열사 및 직무에 대한 지원동기는 무엇인가요? ①CJ프레시웨이가 아니면 안되는 이유, ②지원한 직무를 잘 수행할 수 있는 이유 , ③입사 후 해당 직무에서의 성장 비전을 반드시 포함하여 구체적으로 작성해주세요.(1,000자 이내)",여러분 선택한 계열사 직무 지원동기 무엇인가요 CJ프레시웨이 아니면 안되 이유 지원한 직무 수행할 이유 입사 해당 직무에서 성장 비전 반드시 포함 구체적 작성해
980,8,지원 직무를 성공적으로 수행할 수 있다고 생각하시는 이유와 향후 당사에서 이루고자 하는 비전을 기재바랍니다. (500 자 10 단락 이내) (500자),지원 직무 성공적 수행할 있다고 생각하시 이유 향후 당사 이루고자 비전 기재바랍니다 500자
981,8,"입사지원서만으로 표현하기 힘든, 직무와 관련된 본인의 역량을 설명해주십시오. (최대 500자 입력가능)",입사지원서만 표현하기 힘든 직무 관련된 본인 역량 설명해주
982,8,본인이 지원한 직무관련 향후 계획에 관하여,본인 지원한 직무 향후 계획
983,8,"4차 산업혁명과 Digital transformation이 본인이 지원하는 직무에 어떤 영향을 미칠지, 나아가 해당 직무가 향후 어떻게 변화할 지 의견을 제시해 주시기 바랍니다.",4차 산업혁명 Digital transformation 본인 지원 직무 어떤 영향 미칠지 나아 해당 직무 향후 어떻게 변화할 의견 제시해 주시기 바랍니다
984,8,"희망 직무 준비 과정과 희망직무에 대한 약, 강점을 서술하세요",희망 직무 준비 과정 희망직무 강점 서술하
985,8,"본인이 지원한 직무를 수행하기 위해 갖춰야 할 역량은 어떤 것이 있으며, 본인이 그 역량을 얼마나 갖추고 있는지 서술하여 주십시오. (300자 이내)",본인 지원한 직무 수행하기 갖춰야 역량 어떤 있으며 본인 역량 얼마 갖추고 있는지 서술
986,8,"다른 사람과 협업하는 데 있어 중요한 역량이 무엇인지 제시하고, 해당 역량을 키우기 위해 노력했던 본인의 경험을 설명하여 주십시오.(600자 이내)",다른 사람 협업 있어 중요한 역량 무엇인지 제시 해당 역량 키우기 노력했던 본인 경험 설명
987,8,"My Copetence 본인이 지원한 직무관련 지원동기와 역량에 대하여 해당 직무의 지원동기를 포함하여, 직무관련 본인이 보유한 강점과 보완점을 사례를 통하여 구체적으로 기술해주시기 바랍니다.",My Copetence 본인 지원한 직무 지원동기 역량 해당 직무 지원동기 포함 직무 본인 보유한 강점 보완점 사례 구체적 기술해주시기 바랍니다
988,8,My Future 본인이 지원한 직무관련 향후 계획에 대하여 본인이 지원한 직무와 관련된 본인의 향후 미래 계획에 대해 구체적으로 기술해주시기 바랍니다.,My Future 본인 지원한 직무 향후 계획 본인 지원한 직무 관련된 본인 향후 미래 계획 대해 구체적 기술해주시기 바랍니다
989,8,지원 직무 관련 자신이 갖춘 역량에 대하여 구체적으로 기술하여 주십시오. (700),지원 직무 자신 갖춘 역량 구체적 기술 700
990,8,"입사지원을 하게 된 동기와, 자신이 지원한 직무에 적합하다고 생각하는 구체적인 이유를 기술하시오. (600자)",입사지원 하게 동기 자신 지원한 직무 적합하다고 생각 구체적인 이유 기술하 600자
991,8,"본인의 역량과 본원의 핵심가치[첨단,혁신,창의성,국제화,효율화]가 부합되는 항목을 기술",본인 역량 본원 핵심가치첨단혁신창의성국제화효율화 부합되 항목 기술
992,8,"본인이 공사 직무를 수행함에 있어 갖추어야 할 지식 및 기술, 태도 등을 습득하기 위해 노력했던 구체적인 경험을 기술하시오. (500)",본인 공사 직무 수행함 있어 갖추어야 지식 기술 습득하기 노력했던 구체적인 경험 기술하 500
993,8,"지원 직무와 관련된 (1)학습 경험(학교 수업, 자격증, 외부 교육 등), (2)활동 경험(동아리, 블로그 운영, 취미 등)에 대해 각각 서술해 주세요 전공이 지원 직무와 직접적 관련이 없어도 어떻게 연관되어 활용될 수 있는지 서술해 주셔도 무방합니다.",지원 직무 관련된 1학습 경험 2활동 경험 대해 각각 서술해 전공 지원 직무 직접적 관련 없어 어떻게 연관되어 활용될 있는지 서술해 주셔 무방
994,8,지원한 직무와 관련된 경력 또는 경험 내용 및 본인이 수행한 역할에 대해 구체적으로 기술해 주십시오. 이를 통해 본인이 배우거나 얻은 점에 대해서도 상세히 기술해 주십시오.,지원한 직무 관련된 경력 경험 내용 본인 수행한 역할 대해 구체적 기술해 본인 배우거 대해서 상세히 기술해
995,8,"지원 직무 관련 자신이 갖춘 역량에 대하여 구체적으로 기술하여 주십시오. 597/700 (글자 수, 공백 포함)",지원 직무 자신 갖춘 역량 구체적 기술 597700
996,8,지원 직무에 대한 타인과 차별화 될 수 있는 본인만의 강점,지원 직무 타인 차별화 본인만 강점
997,8,지원 직무 관련 자신이 갖춘 역량에 대하여 구체적으로 기술하여 주십시오. 500~700자,지원 직무 자신 갖춘 역량 구체적 기술 500700자
998,8,"본인이 지원한 직무를 수행함에 있어 필요한 핵심역량은 무엇이라고 생각하며, 이를 위해 그 동안의 노력과 앞으로의 계획에 대해 기술하시오",본인 지원한 직무 수행함 있어 필요한 핵심역량 무엇이라고 생각 동안 노력 앞으로 계획 대해 기술하
999,8,"지원한 직무와 관련하여 어떤 준비를 했는지 구체적으로 기술하여 주시고, 입사 후 직무수행에서 예상되는 본인의 강점과 약점을 기술해주십시오. (전공 / 자격증 / 관련교육 / 스터디 / 직무경험 등",지원한 직무 관련 어떤 준비 했는지 구체적 기술 주시고 입사 직무수행 예상되 본인 강점 약점 기술해주 전공 자격증 관련교육 스터디 직무경험
1000,8,자신의 전공을 직무에 활용할 수 있는 방안에 대해 구체적으로 기술바랍니다.,자신 전공 직무 활용할 방안 대해 구체적 기술바랍니다
1001,8,지원 직무에 있어서 왜 본인이 적임자인지 직무와 관련된 경험과 역량 향상을 위한 본인의 노력에 대해 서술해 주십시오.,지원 직무 있어서 본인 적임자인지 직무 관련된 경험 역량 향상 본인 노력 대해 서술해
1002,8,"본인이 지원한 직무에 필요한 역량을 갖추기 위해 기울인 노력은 무엇인지 구체적으로 기술해주시고, 그것이 앞으로 회사 생활 및 직무 수행에 어떻게 기여할 수 있는지 기술해주십시오.",본인 지원한 직무 필요한 역량 갖추기 기울인 노력 무엇인지 구체적 기술해주시고 그것 회사 생활 직무 수행 어떻게 기여할 있는지 기술해주
1003,8,해당 직무에 지원한 이유와 직무와 관련하여 본인의 강점을 서술해 주십시오. (최대 700자 입력가능),해당 직무 지원한 이유 직무 관련 본인 강점 서술해
1004,8,본인이 지원한 직무에 대하여 그 직무를 잘 수행할 수 있다고 생각하는 이유를 설명하십시오.,본인 지원한 직무 직무 수행할 있다고 생각 이유 설명하
1005,8,응시원서에 기재한 직무관련 자격사항이 연구원에 근무하게 된다면 어떠한 도움을 줄 수 있는지 기술해 주십시오.,응시원서 기재한 직무 자격사항 연구원 근무하게 된다면 어떠한 도움 있는지 기술해
1006,8,"희망직무는 무엇이며 희망직무를 성공적으로 수행하기 위해 가장 필요한 역량을 한가지 선정하고, 선정 이유와 필요역량을 향상시키기 위해 본인이 했던 노력에 대하여 기술하시오. ① 희망직무 (10자)",희망직무 무엇 희망직무 성공적 수행하기 가장 필요한 역량 한가지 선정 선정 이유 필요역량 향상시키기 본인 했던 노력 기술하 희망직무 10자
1007,8,희망직무에 가장 필요한 역량 한 가지 (10자),희망직무 가장 필요한 역량 가지 10자
1008,8,"지원 직무 수행 시 예상되는 가장 큰 어려움(갈등)이 무엇이라고 생각하며, 이를 극복해 나갈 수 있는 필수역량(또는 가치관)은 무엇입니까? ①그렇게 생각한 이유, ②본인의 성공 또는 실패했던 경험과 연관 지어 구체적으로 작성해 주세요.",지원 직무 수행 예상되 가장 어려움갈등 무엇이라고 생각 극복해 나갈 필수역량 무엇입니까 그렇게 생각한 이유 본인 성공 실패했던 경험 연관 지어 구체적 작성해
1009,8,"다른 사람과 협업하는 데 있어 중요한 역량이 무엇인지 제시하고, 해당 역량을 키우기 위해 노력했던 본인의 경험을 설명하여 주십시오.(600자 이내) 글자수 자",다른 사람 협업 있어 중요한 역량 무엇인지 제시 해당 역량 키우기 노력했던 본인 경험 설명 글자수
1010,8,"지원한 직무에 필요한 글로벌 역량은 무엇이라고 생각하며, 본인은 그러한 글로벌 역량을 발전시키기 위해 어떠한 노력을 기울였고, 어떠한 결과를 얻었는지 구체적으로 기술해주세요. (1,000자 이내)",지원한 직무 필요한 글로벌 역량 무엇이라고 생각 본인 그러한 글로벌 역량 발전시키기 어떠한 노력 기울였고 어떠한 결과 얻었는지 구체적 기술해
1011,8,"지원한 직무와 관련된 경험 및 역량 향상을 위한 본인의 노력에 대해 서술해 주십시오. - 방법과 노력(난이도, 시간 등)은 구체적으로 무엇이었나요? - 실제로 본인의 역량을 확인할 수 있었던 객관적인 사례나 근거가 있었나요?",지원한 직무 관련된 경험 역량 향상 본인 노력 대해 서술해 방법 노력 구체적 무엇이었나요 실제 본인 역량 확인할 있었던 객관적인 사례 근거 있었나요
1012,8,"희망 직무와 관련한 본인만의 역량을 기술하고, 그 역량이 모두투어 발전에 기여할 수 있는 부분을 기술해주세요.",희망 직무 관련한 본인만 역량 기술 역량 모두투어 발전 기여할 부분 기술해
1013,8,반도체 엔지니어로서의 역량,반도체 엔지니어로서 역량
1014,8,"신한은행을 지원한 이유와 지원한 희망 직무를 잘 수행할 수 있는 본인만의 준비 내용, 역량, 경험 및 이를 토대로 입행 후 이루고 싶은 꿈을 기술해 주세요.",신한은행 지원한 이유 지원한 희망 직무 수행할 본인만 준비 내용 역량 경험 토대 입행 이루고 기술해
1015,8,본인이 선택한 직무에 대해 아래 내용을 포함하여 기술하시오.,본인 선택한 직무 대해 아래 내용 포함 기술하
1016,8,대원제약 지원동기 및 지원 직무 수행을 위해 어떠한 준비를 해왔는지 기술하여 주십시오.,대원제약 지원동기 지원 직무 수행 어떠한 준비 해왔는지 기술
1017,8,"해당 직무를 지원하게 된 이유와 그 직무에 있어 가장 중요한 실무역량이 무엇이라고 생각하는 지 정의해보고 그에 따른 자신만의 역량(경험, 노력)을 구체적인 사례를 근거로 이야기 해 주세요. [ 700자 이상 1000자 이내 ]",해당 직무 지원하게 이유 직무 있어 가장 중요한 실무역량 무엇이라고 생각 정의해보고 자신만 역량 구체적인 사례 근거 이야기
1018,8,"CJ헬로비전 및 해당 직무에 지원한 이유와 CJ헬로비전이 당신을 채용해야하는 이유를 구체적으로 작성해주세요. (1,000자 이내)",CJ헬로비전 해당 직무 지원한 이유 CJ헬로비전 당신 채용해야 이유 구체적 작성해
1019,8,지원한 직무에 대하여 본인만의 경험 및 강점을 자세히 기술해 주세요.,지원한 직무 본인만 경험 강점 자세히 기술해
1020,8,입사지원서에 기술한 직무관련 경력 및 경험 사항과 관련하여 대표적으로 본인이 수행한 활동(3개 이내)을기술해 주십시오,입사지원서 기술한 직무 경력 경험 사항 관련 대표적 본인 수행한 활동 을기술해
1021,8,귀하가 가진 직무관련 경험과 능력을 바탕으로 인천관광공사에 기여할 수 있는 바를 기술해 주십시오. (500자 이내),귀하 가진 직무 경험 능력 바탕 인천관광공사 기여할 기술해
1022,8,"우리 원의 입사시 지원한 부문의 전문성을 향상시키기 위하여 기울인 노력은 무엇이며, 타인과 차별되는 본인만의 경험과 역량은 무엇인지 서술해 주십시오.",우리 입사시 지원한 부문 전문성 향상시키기 기울인 노력 무엇 타인 차별되 본인만 경험 역량 무엇인지 서술해
1023,8,"희망직무는 무엇이고, 여러분의 경험과 지식 등이 해당 직무에 어떻게 활용될 수 있을지 구체적인 근거로 설명해주세요. 1000자",희망직무 무엇 여러분 경험 지식 해당 직무 어떻게 활용될 있을지 구체적인 근거 설명해 1000자
1024,8,"본인이 지원한 직무와 관련한 경험(금전적 보수 없음) 혹은 경력(금전적 보수 있음)에 대해 기술해 주시기 바랍니다. 다양한 활동(학교, 회사, 동아리, 동호회 등)을 통해 지원한 직무와 관련하여 쌓은 경험 또는 경력사항에 대해 작성해 주십시오. 1-1. 언제, 어디서 활동했던 경험인지 기술해 주십시오. (200자 이내)",본인 지원한 직무 관련한 경험 경력 대해 기술해 주시기 바랍니다 다양한 활동 지원한 직무 관련 경험 경력사항 대해 작성해 언제 어디서 활동했던 경험인지 기술해
1025,8,위의 사항을 바탕으로 한전KPS에서 수행하고 싶은 직무에 대하여 기술해주시기 바랍니다.,사항 바탕 한전KPS 수행 직무 기술해주시기 바랍니다
1026,8,지원하는 직무와 관련한 본인의 강점에 대해 기술하여 주십시오.,지원 직무 관련한 본인 강점 대해 기술
1027,8,타인과 차별되는 자신만의 강점 및 역량을 작성해 주세요.,타인 차별되 자신만 강점 역량 작성해
1028,8,직무관련 경험기술서 (3000바이트 이내로 기입),직무 경험기술서
1029,8,여러분이 해당 계열사 및 직무를 지원한 이유와 해당 직무를 잘 수행할 수 있다고 생각하는 본인만의 차별화된 강점에 대해 구체적으로 작성해 주세요.,여러분 해당 계열사 직무 지원한 이유 해당 직무 수행할 있다고 생각 본인만 차별화된 강점 대해 구체적 작성해
1030,8,"지원 직무를 수행하기 위한 본인만의 강점, 노력 또는 경험에 대하여 서술하여 주십시오.",지원 직무 수행하기 본인만 강점 노력 경험 서술
1031,8,본인의 장단점을 지원 직무와 연관 지어 기술하여 주십시오,본인 장단점 지원 직무 연관 지어 기술
1032,8,"희망직무는 무엇이며 희망직무를 성공적으로 수행하기 위해 가장 필요한 역량을 한가지 선정하고, 선정 이유와 필요역량을 향상시키기 위해 본인이 했던 노력에 대하여 기술하시오.① 희망직무 (10자) ② 희망직무에 가장 필요한 역량 한 가지 (10자) ③ 해당역량 선정 이유 (200자) ④ 필요역량을 향상시키기 위해 본인이 했던 노력 (500자)",희망직무 무엇 희망직무 성공적 수행하기 가장 필요한 역량 한가지 선정 선정 이유 필요역량 향상시키기 본인 했던 노력 기술하 희망직무 10자 희망직무 가장 필요한 역량 가지 10자 해당역량 선정 이유 200자 필요역량 향상시키기 본인 했던 노력 500자
1033,8,cj인으로서 갖춰야하는 역량 3가지,cj인으로서 갖춰야 역량 3가지
1034,8,직무와 관련된 본인의 역량,직무 관련된 본인 역량
1035,8,"지원한 직무를 수행하기 위해 필요한 핵심역량은 무엇이라고 생각하며, 그 이유에 대해 설명해 주십시오.",지원한 직무 수행하기 필요한 핵심역량 무엇이라고 생각 이유 대해 설명해
1036,8,"*LH 한국토지주택공사의 주요 사업을 기술하고, 그 사업과 관련하여 본인이 어떤 부분에 기여하고 싶은지, 본인의 주요 직무 역량 및 강점을 기반으로 기술해 주십시오.",LH 한국토지주택공사 주요 사업 기술 사업 관련 본인 어떤 부분 기여 싶은지 본인 주요 직무 역량 강점 기반 기술해
1037,8,본인이 지원한 직무와 관련하여 경험한 업무 또는 활동은 어떤 내용인지 기술해 주십시오.,본인 지원한 직무 관련 경험한 업무 활동 어떤 내용인지 기술해
1038,8,[Competitiveness] 지원하신 직무와 관련하여 갖추고 있는 본인만의 경쟁력을 구체적인 사례와 경험을 들어 말씀해주십시오.(694/700),Competitiveness 지원하신 직무 관련 갖추고 본인만 경쟁력 구체적인 사례 경험 들어 말씀해주
1039,8,"[SMART&CREATIVE] 한화S&C는 ""SMART&CREATIVE""라는 비전슬로건을 갖고 있습니다. 현재 IT업계에서 ""SMART&CREATIVE""가 왜 필요한지 정의하고, 지원한 직무와 관련하여 본인이 ""SMART&CREATIVE"" 한 인재라는 것을 증명할 수 있는 구체적인 사례와 경험을 말씀해주십시오.(699/700)",SMARTCREATIVE 한화SC SMARTCREATIVE라 비전슬로건 갖고 현재 IT업계 SMARTCREATIVE 필요한지 정의 지원한 직무 관련 본인 SMARTCREATIVE 인재라 증명할 구체적인 사례 경험 말씀해주
1040,8,"다음의 ‘4차 산업혁명‘이 가져올 일자리 변화로 구직자에게 필요한 역량이 무엇인지에 대해 서술하고, 그 중 지원한 직무에 필요한 역량을 자신은 어느정도 보유하고 있는지 구체적인 사례를 들어 서술하여 주시기 바랍니다.",다음 4차 산업혁명 가져올 일자리 변화 구직자 필요한 역량 무엇인지 대해 서술 지원한 직무 필요한 역량 자신 어느정 보유 있는지 구체적인 사례 들어 서술 주시기 바랍니다
1041,8,"직무수행역량(본인의 직무역량을 구체적으로 기재) - 직무와 관련된 경험, 어학능력, 보유자격증 등",직무수행역량 직무 관련된 경험 어학능력 보유자격증
1042,8,"[역량기술서] 본인이 생각하는 본인만의 차별화된 역량은 무엇이며 지금까지 해당 역량을 개발하기 위해 수행한 활동들을 구체적 사례 중심으로 기술해 주시기 바랍니다. Guide> [Sample] - 아래와 같이 본인이 경험한 사실 위주 나열형으로 작성 바랍니다. ? 나의 역량 : 직무 관련 기초지식, 협업Skill, 분석능력 ? 역량 개발 활동 / 결과 1. ’15년 구매자재관리사(KPM) 자격증 준비 / 구매 관련 기초 지식 함양 및 자격증 취득 2. 컴퓨터 활용 관련 기초 역량 개발 / 컴퓨터활용능력 1급 자격증 취득 3. ’16년 서브원 인턴십(3개월) / 직무 관련 실무 역량 개발 4. [재무관리](’15년 2학기), [소비자 행동론](’16년 1학기) 팀 프로젝트 조장 역할 수행 / 해당 과목 A+학점 취득 및 협업Skill, 리더십 역량 개발 5. 통계학 복수전공 / 분석능력 개발 및 복수전공 평점 4.0 취득",역량기술서 본인 생각 본인만 차별화된 역량 무엇 지금 해당 역량 개발하기 수행한 활동들 구체적 사례 중심 기술해 주시기 바랍니다 Guide Sample 아래 본인 경험한 사실 위주 나열형 작성 바랍니다 역량 직무 기초지식 협업Skill 분석능력 역량 개발 활동 15년 구매자재관리사KPM 자격증 준비 구매 기초 지식 함양 자격증 취득 컴퓨터 활용 기초 역량 개발 컴퓨터활용능력 1급 자격증 취득 16년 서브원 인턴십3개월 직무 실무 역량 개발 재무관리 소비자 행동론 프로젝트 조장 역할 수행 해당 과목 A학점 취득 협업Skill 리더십 역량 개발 통계학 복수전공 분석능력 개발 복수전공 평점 취득
1043,8,"IBK캐피탈의 일원이 되기 위하여 필요한 역량은 무엇이고, 이러한 점을 갖추기 위해 그 동안 준비한 것을 설명 하시오.",IBK캐피탈 일원 되기 필요한 역량 무엇 이러한 갖추기 동안 준비한 설명
1044,8,"지원한 직무에 어울리는 본인의 강점, 역량, 경험 및 해당 직무 지원 사유 등을 자유롭게 서술해 주세요.",지원한 직무 어울리 본인 강점 역량 경험 해당 직무 지원 사유 자유롭게 서술해
1045,8,"희망직무에 요구되는 역량은 무엇이라고 생각하며, 이를 갖추기 위한 본인의 노력 또는 특별한 경험을 기술하세요",희망직무 요구되 역량 무엇이라고 생각 갖추기 본인 노력 특별한 경험 기술하
1046,8,"해당 직무를 선택한 이유와, 이를 위해 꾸준히 노력했던 것은 무엇인지 설명하여 주세요. * [10자 이상 800자 이내]",해당 직무 선택한 이유 꾸준히 노력했던 무엇인지 설명
1047,8,해당 영역에서의 직무 수행을 위해 본인이 무엇을 어떻게 준비하고 노력해 왔는지 작성해 주십시오. (700~1000 자),해당 영역에서 직무 수행 본인 무엇 어떻게 준비 노력해 왔는지 작성해
1048,8,"지원 직무에 대해 본인이 이해한 내용을 서술하고, 본인이 해당직무에 적합한 이유를 전공 능력 측면에서 구체적으로 서술하시오",지원 직무 대해 본인 이해한 내용 서술 본인 해당직무 적합한 이유 전공 능력 측면 구체적 서술하
1049,8,현대자동차 해당 직무 분야에 지원하게 된 이유와 선택 직무에 본인이 적합하다고 판단 할 수 있는 이유 및 근거를 제시해 주십시오. (1000),현대자동차 해당 직무 분야 지원하게 이유 선택 직무 본인 적합하다고 판단 이유 근거 제시해 1000
1050,8,지원한 직무와 관련하여 본인이 수행해온 노력과 입사 후 해당 직무분야에서 본인의 발전 방향을 기술해 주십시오.,지원한 직무 관련 본인 수행해온 노력 입사 해당 직무분야 본인 발전 방향 기술해
1051,8,해당하는 직무의 수행과 관련하여 가지고 있는 개인의 장점과 약점을 모두 기술하여 주십시오 1000자,해당 직무 수행 관련 가지고 개인 장점 약점 모두 기술 1000자
1052,8,"직무관련 근무경험, 동아리/동호회, 팀 프로젝트, 연구회, 재능기부 등 주요 직무경험 혹은 경력사항을 서술하여 주십시오",직무 근무경험 동아리동호회 프로젝트 연구회 재능기부 주요 직무경험 경력사항 서술
1053,8,"다음의 ‘4차 산업혁명‘이 가져올 일자리 변화로 구직자에게 필요한 역량이 무엇인지에 대해 서술하고, 그 중 지원한 직무에 필요한 역량을 자신은 어느정도 보유하고 있는지 구체적인 사례를 들어 서술하여 주시기 바랍니다. 『세계경제포럼은 4차 산업혁명으로 인해 2020년까지 향후 5년간 710만개의 일자리가 없어지고 200만개의 새로운 일자리가 생겨날 것이라고 예측했다. 4차 산업혁명은 초연결성을 가진 사회로 사람, 사물, 정보가 인터넷으로 모두 연결되어 직업, 일자리, 일하는 방식에 크게 영향을 미칠 것이다. 특히 일하는 방식이 달라지면 그에 따라 필요한 사람이 달라지게 되므로 4차 산업혁명 시대가 요구하는 인재를 확보하기 위해 기업은 노력해야 한다.』",다음 4차 산업혁명 가져올 일자리 변화 구직자 필요한 역량 무엇인지 대해 서술 지원한 직무 필요한 역량 자신 어느정 보유 있는지 구체적인 사례 들어 서술 주시기 바랍니다 세계경제포럼 4차 산업혁명 인해 2020년 향후 5년간 710만개 일자리 없어지고 200만개 새로운 일자리 생겨날 것이라고 예측했다 4차 산업혁명 초연결성 가진 사회 사람 사물 정보 인터넷 모두 연결되어 직업 일자리 방식 크게 영향 미칠 특히 방식 달라지면 따라 필요한 사람 달라지게 되므 4차 산업혁명 시대 요구 인재 확보하기 기업 노력 한다
1054,8,본인이 지원한 직무에 적합하다고 생각하는 이유와 그 근거를 서술하세요.,본인 지원한 직무 적합하다고 생각 이유 근거 서술하
1055,8,지원 직무에서 본인의 차별화된 강점을 해시태그 형태로 표현한 후 ①지식 ②경험 ③성격 3가지 측면에서의 강점을 서술하세요.(800자),지원 직무 본인 차별화된 강점 해시태그 형태 표현한 지식 경험 성격 3가지 측면에서 강점 서술하세요800자
1056,8,희망직무를 지원한 이유와 직무를 수행하기 위해 어떠한 노력이나 경험을 하였는지 구체적으로 작성해주시기 바랍니다.(최대 500 자 이내로 작성),희망직무 지원한 이유 직무 수행하기 어떠한 노력 경험 하였는지 구체적 작성해주시기 바랍니다
1057,8,"CJ대한통운과 해당 직무를 지원한 동기는 무엇인가요? ① CJ대한통운을 지원한 이유, ② 직무에 관심갖게 된 계기, ③입사 후 해당 직무에서의 성장 비전을 구체적으로 작성해 주세요. (1,000자 이내)",CJ대한통운 해당 직무 지원한 동기 무엇인가요 CJ대한통운 지원한 이유 직무 관심갖게 계기 입사 해당 직무에서 성장 비전 구체적 작성해
1058,8,본인이 지원한 직무를 잘 수행할 수 있다고 생각하는 이유와 입사 후 자신의 목표를 설명하십시오. [자필 기재] 700,본인 지원한 직무 수행할 있다고 생각 이유 입사 자신 목표 설명하 자필 기재 700
1059,8,희망직무를 지원한 이유와 직무를 수행하기 위해 어떠한 노력이나 경험을 하였는지 구체적으로 작성해주시기 바랍니다,희망직무 지원한 이유 직무 수행하기 어떠한 노력 경험 하였는지 구체적 작성해주시기 바랍니다
1060,8,"[My Competency] 관심분야 및 희망직무 중심으로 기술해주시기 바랍니다. Guide> 관심분야 및 직무에 관련된 경험, 역량, 개인의 목표 및 비전 등을 자유롭게 기술해주시기 바랍니다.",My Competency 관심분야 희망직무 중심 기술해주시기 바랍니다 Guide 관심분야 직무 관련된 경험 역량 개인 목표 비전 자유롭게 기술해주시기 바랍니다
1061,8,"여러분이 선택한 계열사 및 직무에 대한 지원동기는 무엇인가요? ① 선택한 계열사가 아니면 안되는 이유, ② 직무에 관심갖 게 된 계기, ③ 본인이 직무를 잘 수행할 수 있는 이유를 반드시 포함하여 구체적으로 작 성해 주세요. (1000자)",여러분 선택한 계열사 직무 지원동기 무엇인가요 선택한 계열사 아니면 안되 이유 직무 관심갖 계기 본인 직무 수행할 이유 반드시 포함 구체적 성해
1062,8,자신이 지원한 직무의 역할에 대해서 기술하시오.,자신 지원한 직무 역할 기술하
1063,8,본인이 지원한 직무관련 지원동기와 역량,본인 지원한 직무 지원동기 역량
1064,8,직무관련 향후 계획,직무 향후 계획
1065,8,역량기술서 - 본인의 직무 역량 또는 Skill에 대해 서술하세요.,역량기술서 본인 직무 역량 Skill 대해 서술하
1066,8,도쿄일렉트론코리아에 지원하게 된 계기와 지원하신 직무에 대한 생각을 기술해주시기 바랍니다. [100자 이상 500자 이내],도쿄일렉트론코리아 지원하게 계기 지원하신 직무 생각 기술해주시기 바랍니다
1067,8,지원하신 직무와 관련하여 습득한 지식과 경험에 대해 기술해주시기 바랍니다. [100자 이상 500자 이내],지원하신 직무 관련 습득한 지식 경험 대해 기술해주시기 바랍니다
1068,8,"지원 직무에 대해 본인이 이해한 내용을 서술하고, 본인이 해당 직무에 적합한 사유를 전공능력 측면에서 구체적으로 서술하시오 (1000)",지원 직무 대해 본인 이해한 내용 서술 본인 해당 직무 적합한 사유 전공능력 측면 구체적 서술하 1000
1069,8,지원한 분야의 전문성과 역량을 갖추기 위해 본인이 노력했던 경험과 그 결과에 대하여 구체적으로 서술하시오.(1500),지원한 분야 전문성 역량 갖추기 본인 노력했던 경험 결과 구체적 서술하시오1500
1070,8,엔씨소프트에 입사한 후 3년 이내에 본인이 지원한 직무에서 이루어내고 싶은 목표에 대하여 구체적으로 서술하시오.(800),엔씨소프트 입사한 3년 이내 본인 지원한 직무 이루어내고 목표 구체적 서술하시오800
1071,8,직무관련 역량 (본인만의 경쟁력),직무 역량
1072,8,직무를 잘 수행할 수 있다고 생각하는 이유는?,직무 수행할 있다고 생각 이유
1073,8,"여러분이 선택한 계열사 및 직무에 대한 지원동기는 무엇인가요? ①CJ프레시웨이여야만 하는 이유, ②지원한 직무를 잘 수행할 수 있는 이유, ③입사 후 해당 직무에서의 성장 비전을 반드시 포함하여 구체적으로 작성해주세요. (1,000자 이내)",여러분 선택한 계열사 직무 지원동기 무엇인가요 CJ프레시웨이여야 이유 지원한 직무 수행할 이유 입사 해당 직무에서 성장 비전 반드시 포함 구체적 작성해
1074,8,"지원 직무 수행 시 예상되는 어려움(갈등)이 무엇이라고 생각하며, 이를 극복해 나갈 수 있는 본인의 강점(또는 가치관)은 무엇입니까? ①그렇게 생각한 이유, ②본인이 경험한 성공이나 실패사례를 반드시 포함하여 구체적으로 작성해 주세요",지원 직무 수행 예상되 어려움갈등 무엇이라고 생각 극복해 나갈 본인 강점 무엇입니까 그렇게 생각한 이유 본인 경험한 성공 실패사례 반드시 포함 구체적 작성해
1075,8,청년인턴 직무와 관련하여 현재 귀하의 능력 중 보완할 부분과 해당능력을 향상시킬 수 있는 방안에 대하여 구체적으로 기술하여 주십시오. (600자),청년인턴 직무 관련 현재 귀하 능력 보완할 부분 해당능력 향상시킬 방안 구체적 기술 600자
1076,8,"여러분이 선택한 계열사 및 직무에 대한 지원동기는 무엇인가요? ①CJ프레시웨이여야만 하는 이유, ②지원한 직무를 잘 수행할 수 있는 이유, ③입사 후 해당 직무에서의 성장 비전을 반드시 포함하여 구체적으로 작성해주세요.",여러분 선택한 계열사 직무 지원동기 무엇인가요 CJ프레시웨이여야 이유 지원한 직무 수행할 이유 입사 해당 직무에서 성장 비전 반드시 포함 구체적 작성해
1077,8,"여러분이 지원한 직무와 관련된 노력과 도전, 경험, 그리고 입사 후 해당 직무에서의 성장 비전을 구체적으로 기술해주세요. (1,000자 이내)",여러분 지원한 직무 관련된 노력 도전 경험 그리고 입사 해당 직무에서 성장 비전 구체적 기술해
1078,8,"한화S&C는 ""SMART&CREATIVE""라는 비전슬로건을 갖고 있습니다. 현재 IT업계에서 ""SMART&CREATIVE""가 왜 필요한지 정의하고, 지원한 직무와 관련하여 본인이 ""SMART&CREATIVE"" 한 인재라는 것을 증명할 수 있는 구체적인 사례와 경험을 말씀해주십시오.",한화SC SMARTCREATIVE라 비전슬로건 갖고 현재 IT업계 SMARTCREATIVE 필요한지 정의 지원한 직무 관련 본인 SMARTCREATIVE 인재라 증명할 구체적인 사례 경험 말씀해주
1079,8,엔씨소프트에 입사한 후 3년 이내에 본인이 지원한 직무에서 이루어내고 싶은 목표에 대하여 구체적으로 서술하시오.,엔씨소프트 입사한 3년 이내 본인 지원한 직무 이루어내고 목표 구체적 서술하
1080,8,지원한 직무관련 지원동기와 역량,지원한 직무 지원동기 역량
1081,8,"입사 후 희망하는 직무는 무엇이며, 그 직무를 희망하는 이유에 대하여 기술하시오.",입사 희망 직무 무엇 직무 희망 이유 기술하
1082,8,직무를 위해 준비해온 것,직무 준비해온
1083,8,지원동기와 지원한 직무를 수행하기 위한 구체적인 노력을 서술하시오.,지원동기 지원한 직무 수행하기 구체적인 노력 서술하
1084,8,"필수 CJ대한통운과 해당 직무를 지원한 동기는 무엇인가요? ① CJ대한통운을 지원한 이유, ② 직무에 관심갖게 된 계기, ③입사 후 해당 직무에서의 성장 비전을 구체적으로 작성해 주세요. (1,000자 이내)",필수 CJ대한통운 해당 직무 지원한 동기 무엇인가요 CJ대한통운 지원한 이유 직무 관심갖게 계기 입사 해당 직무에서 성장 비전 구체적 작성해
1085,8,지원하신 직무를 본인이 잘 수행할 수 있다고 생각하는 이유를 구체적으로 기술해 주십시오. [1000자 이내],지원하신 직무 본인 수행할 있다고 생각 이유 구체적 기술해
1086,8,"해당 영역에서의 직무 수행을 위해 본인이 무엇을 어떻게 준비하고 노력해 왔는지 작성해 주십시오. (700~1000 자) *3-1번 문항의 영역 선택 사유를 기재하고, 이와 연계하여 작성 *관련된 경험 및 Knowledge, Skill(자격증) 등 본인의 역량을 상세히 기술",해당 영역에서 직무 수행 본인 무엇 어떻게 준비 노력해 왔는지 작성해 31번 문항 영역 선택 사유 기재 연계 작성 관련된 경험 Knowledge Skill자격증 본인 역량 상세히 기술
1087,8,자신에 대해 기술해 보십시오. 직무와 관련된 자신의 주요 경력이나 경험 3가지를 기술해 보십시오. (1200 byte 이내),자신 대해 기술해 직무 관련된 자신 주요 경력 경험 3가지 기술해
1088,8,"지원 직무에 적합한 능력을 갖추기 위해 어떠한 노력을 해왔는지 구체적인 경험을 바탕으로 설명하고, 그 능력을 바탕으로 실제 업무수행에 어떻게 도움을 줄 수 있는지 기술하여 주십시오. 700",지원 직무 적합한 능력 갖추기 어떠한 노력 해왔는지 구체적인 경험 바탕 설명 능력 바탕 실제 업무수행 어떻게 도움 있는지 기술 700
1089,8,"직무가 어떤일을 하는지, 잘 할 수 있는 이유",직무 어떤일 하는지 이유
1090,8,자신이 직무를 잘 할수있다고 생각하는 이유,자신 직무 할수있다고 생각 이유
1091,8,"[My Story] 해당회사 및 직무에 지원하는 동기에 대해 기술해 주십시오. Guide> 성격(장단점), 직무에 관련된 경험 및 역량, 관심사항, 개인의 목표 및 비전 등 자신을 어필할 수 있는 내용을 기반으로 자유롭게 기술하시기 바랍니다.",My Story 해당회사 직무 지원 동기 대해 기술해 Guide 성격장단점 직무 관련된 경험 역량 관심사항 개인 목표 비전 자신 어필할 내용 기반 자유롭게 기술하시기 바랍니다
1092,8,"[My Competency] 지원 직무와 관련된 이력을 간결하게 나열해주시기 바랍니다. Guide> 학교수강교과목, 외부교육수강 이력, 프로젝트 경험 등을 제목/경험/성적(또는 성과) 등으로 기술해주시면 됩니다.",My Competency 지원 직무 관련된 이력 간결하게 나열해주시기 바랍니다 Guide 학교수강교과목 외부교육수강 이력 프로젝트 경험 제목경험성적 기술해주시면
1093,8,현대오트론과 해당 직무에 관심을 가지게 된 계기와 우리와 함께 이루고 싶은 목표는 무엇인가요?,현대오트론 해당 직무 관심 가지게 계기 우리 이루고 목표 무엇인가요
1094,8,해당 직무를 수행하기 위해 필요한 역량은 무엇일까요? 그 역량을 갖추기 위해 어떠한 노력을 기울였는지 서술해주세요,해당 직무 수행하기 필요한 역량 무엇일까요 역량 갖추기 어떠한 노력 기울였는지 서술해
1095,8,본인이 지원한 직무관련 지원동기와 역량에 대하여 (1000자),본인 지원한 직무 지원동기 역량
1096,8,"CJ제일제당과 해당 직무에 지원한 동기는 무엇인가요? ① CJ제일제당이어야만 하는 이유, ② 지원 직무에 관심을 갖게 된 계기, ③ 입사 후 성장 목표를 반드시 포함하여 구체적으로 작성해 주세요.",CJ제일제당 해당 직무 지원한 동기 무엇인가요 CJ제일제당이어야 이유 지원 직무 관심 갖게 계기 입사 성장 목표 반드시 포함 구체적 작성해
1097,8,"지원직무 수행 시 예상되는 어려움(갈등)은 무엇이며, 이를 극복해 나갈 수 있는 본인의 강점과 가치관을 작성해주세요. ① 지원 직무 수행시 필요하다고 생각하는 역량, ② 지원 직무를 잘 수행하기 위한 그동안의 노력과 도전 등을 반드시 포함하여 구체적으로 작성해 주세요.",지원직무 수행 예상되 어려움갈등 무엇 극복해 나갈 본인 강점 가치관 작성해 지원 직무 수행시 필요하다고 생각 역량 지원 직무 수행하기 그동안 노력 도전 반드시 포함 구체적 작성해
1098,8,"[직무경험] 한화큐셀에 지원한 직무를 수행하기 위해서 그 동안 어떤 노력 및 자기계발을 했는지 기술하시오. 만약, 관련 역량을 발휘했던 경험이 있다면 함께 서술하시오.",직무경험 한화큐셀 지원한 직무 수행하기 동안 어떤 노력 자기계발 했는지 기술하 만약 역량 발휘했던 경험 있다면 서술하
1099,8,지원하게 된 계기와 지원하신 직무에 대한 생각[500],지원하게 계기 지원하신 직무 생각500
1100,8,지원하신 직무와 관련하여 습득한 지식과 경험[500]],지원하신 직무 관련 습득한 지식 경험500
1101,8,해당 직무를 지원한 이유와 지원직무를 잘 수행하기 위해 역량을 개발해온 과정을 구체적으로 기술하여 주십시오.,해당 직무 지원한 이유 지원직무 수행하기 역량 개발해온 과정 구체적 기술
1102,8,"[My Competence] 본인이 지원한 직무관련 지원동기와 역량에 대하여 Guide> 해당 직무의 지원동기를 포함하여, 직무관련 본인이 보유한 강점과 보완점을 사례를 통하여 구체적으로 기술해주시기 바랍니다.",My Competence 본인 지원한 직무 지원동기 역량 Guide 해당 직무 지원동기 포함 직무 본인 보유한 강점 보완점 사례 구체적 기술해주시기 바랍니다
1103,8,[My Future] 본인이 지원한 직무관련 향후 계획에 대하여 Guide> 본인이 지원한 직무와 관련된 본인의 향후 미래 계획에 대해 구체적으로 기술해주시기 바랍니다.,My Future 본인 지원한 직무 향후 계획 Guide 본인 지원한 직무 관련된 본인 향후 미래 계획 대해 구체적 기술해주시기 바랍니다
1104,8,"한전KPS에 지원한 동기(관심을 가지게 된 계기, 시기 등)와 본인이 가지고 있는 직무관련 역량 또는 경험을 상세하게 기술해주시기 바랍니다. 500자",한전KPS 지원한 동기 본인 가지고 직무 역량 경험 상세하게 기술해주시기 바랍니다 500자
1105,8,위의 사항을 바탕으로 한전KPS에서 수행하고 싶은 직무에 대하여 기술해주시기 바랍니다. 480 / 500,사항 바탕 한전KPS 수행 직무 기술해주시기 바랍니다 480 500
1106,8,"지원한 직무를 본인이 훌륭하게 수행할 수 있다고 생각하는 이유와 코웨이에서의 10년 후 나의 비전을 제시하고, 비전과 관련하여 도전하고 싶은 한 가지를 서술하여 주시기 바랍니다.",지원한 직무 본인 훌륭하게 수행할 있다고 생각 이유 코웨이에서 10년 비전 제시 비전 관련 도전 가지 서술 주시기 바랍니다
1107,8,"지원 직무를 성공적으로 수행해 나가기 위하여 중요하다고 생각하는 역량을 한 가지 제시하고, 해당 역량을 개발하기 위해 본인이 어떠한 노력을 해왔는지 구체적으로 기술하여 주십시오.",지원 직무 성공적 수행해 나가기 중요하다고 생각 역량 가지 제시 해당 역량 개발하기 본인 어떠한 노력 해왔는지 구체적 기술
1108,8,"입사 이후 생각하고 있는 구체적인 직무는 무엇이며, 이를 위해 가장 필요한 역량이 무엇이라고 생각하십니까?",입사 이후 생각 구체적인 직무 무엇 가장 필요한 역량 무엇이라고 생각하십니까
1109,8,본인이 지원한 직무를 선택한 이유와 해당 직무에 필요한 역량을 갖추기 위해 어떠한 노력을 했는지 기술해 주세요. (10행/500자),본인 지원한 직무 선택한 이유 해당 직무 필요한 역량 갖추기 어떠한 노력 했는지 기술해
1110,8,관심분야 및 희망 직무 중심으로 기술해주시기 바랍니다.(500자),관심분야 희망 직무 중심 기술해주시기 바랍니다500자
1111,8,"여러분이 지원한 직무와 관련된 노력과 도전, 경험 , 그리고 입사 후 해당 직무에서의 성장 비전을 구체적으로 기술해주세요. (1,000자 이내)",여러분 지원한 직무 관련된 노력 도전 경험 그리고 입사 해당 직무에서 성장 비전 구체적 기술해
1112,8,지원하신 직무를 본인이 잘 수행할 수 있다고 생각하는 이유와 해당 직무를 통해 이루고 싶은 비전을 기재하여 주십시오.(700자),지원하신 직무 본인 수행할 있다고 생각 이유 해당 직무 이루고 비전 기재 주십시오700자
1113,8,"CJ제일제당과 해당 직무에 지원한 동기는 무엇인가요? ① CJ제일제당이 아니면 안 되는 이유 ② 직무에 관심 갖게 된 계기 반드시 포함하여 구체적으로 작성해주세요. (1,000자 이내)",CJ제일제당 해당 직무 지원한 동기 무엇인가요 CJ제일제당 아니면 이유 직무 관심 갖게 계기 반드시 포함 구체적 작성해
1114,8,"Food Sales 직무를 수행함에 있어 예상되는 어려움은 무엇이며, 이를 극복해 나갈 수 있는 본인만의 강점을 구체적으로 작성해주세요. (1,000자 이내)",Food Sales 직무 수행함 있어 예상되 어려움 무엇 극복해 나갈 본인만 강점 구체적 작성해
1115,8,"지원직무를 잘 수행할수 있는 이유는 무엇인가요? ① 지원 직무 수행시 필요하다고 생각하는 역량 ② 지원 직무를 잘 수행하기 위한 그동안의 노력과 도전 (본인만의 강점, 준비, 관련경험) ③ 영업사원으로서 예상되는 하루업무 일과 등을 포함하여 구제적으로 작성해 주세요. (1,000자 이내)",지원직무 수행할수 이유 무엇인가요 지원 직무 수행시 필요하다고 생각 역량 지원 직무 수행하기 그동안 노력 도전 영업사원으로서 예상되 하루업무 포함 구제적 작성해
1116,8,현대자동차 해당 직무 분야에 지원하게 된 이유와 선택 직무에 본인이 적합하다고 판단할 수 있는 이유 및 근거를 제시해 주십시오. (1000자 이내),현대자동차 해당 직무 분야 지원하게 이유 선택 직무 본인 적합하다고 판단할 이유 근거 제시해
1117,8,지원 직무 관련 프로젝트/과제 중 새로운 관점에서 접근하여 해결방안을 제시한 경험에 대해 기술해주시기 바랍니다.,지원 직무 프로젝트과제 새로운 관점 접근 해결방안 제시한 경험 대해 기술해주시기 바랍니다
1118,8,"희망직무는 무엇이고, 여러분의 경험과 지식 등이 해당 직무에 어떻게 활용될 수 있을지 구체적인 근거로 설명해주세요.",희망직무 무엇 여러분 경험 지식 해당 직무 어떻게 활용될 있을지 구체적인 근거 설명해
1119,8,희망직무 및 그 직무를 위해 준비한 사항,희망직무 직무 준비한 사항
1120,8,해당 직무 분야에 지원하게 된 이유와 선택 직무에 본인이 적합하다고 판단할 수 있는 이유 및 근거를 구체적으로 제시해 주십시오,해당 직무 분야 지원하게 이유 선택 직무 본인 적합하다고 판단할 이유 근거 구체적 제시해
1121,8,해당직무에 지원한 이유와 그 직무에 필요한 역량을 갖추기 위해 어떠한 노력을 했는지 기술하시오.,해당직무 지원한 이유 직무 필요한 역량 갖추기 어떠한 노력 했는지 기술하
1122,8,현재 농협은 ‘농가소득 5천만원 달성’이라는 목표를 위해 전사적으로 역량을,현재 농협 농가소득 5천만원 달성이라 목표 전사적 역량
1123,8,입사 이후에 생각하고 있는 직무에 대해 기술하여 주십시오.,입사 이후 생각 직무 대해 기술
1124,8,"[신입] 지원한 직무를 수행하기 위해 본인이 지금까지 무엇을 어떻게 노력해왔는지(지식, 경험, 기술 등)제시하고 노력의 결과에 대한 느낀 점을 기술하시오. [1000자 이내]",신입 지원한 직무 수행하기 본인 지금 무엇 어떻게 노력해왔는지 제시 노력 결과 느낀 기술하
1125,8,본인이 지원한 직무에 관심을 가지게 된 계기와 이를 위해 어떤 노력을 하였는지에 대해 설명해주세요,본인 지원한 직무 관심 가지게 계기 어떤 노력 하였는지 대해 설명해
1126,8,본인이 지원한 직무는 왜 필요하다고 생각하시나요? 그리고 그 일을 잘 할 수 있다고 생각하는 이유에 대해 어필해주세요.,본인 지원한 직무 필요하다고 생각하시나요 그리고 있다고 생각 이유 대해 어필해
1127,8,"직무관련 근무경험, 동아리, 동호회, 팀 프로젝트, 연구회등 주요 직무경력 혹은 경험사항을 서술하여 주십시오. (1000자 내외)",직무 근무경험 동아리 동호회 프로젝트 연구회등 주요 직무경력 경험사항 서술
1128,8,"지원 직무 관련 경험(인턴, 교육, 프로젝트)과 이를 통해 느낀 점을 기술하여 주십시오",지원 직무 경험 느낀 기술
1129,8,"본인의 장,단점을 기술하고 희망한 직무를 성공적으로 수행할 수 있는 이유를 기술해 주십시오. 가급적 도전정신의 관점에서 기술해주십시오",본인 장단점 기술 희망한 직무 성공적 수행할 이유 기술해 가급적 도전정신 관점 기술해주
1130,8,여러분이 해당 계열사와 직무를 지원한 동기는 무엇인가요? ① CJ프레시웨이를 지원한 이유 ② 해당 직무를 잘 수행할 수 있는 본인의 역량 ③ 입사 후 본인의 목표 세 가지 항목을 포함하여 구체적으로 작성해 주세요.,여러분 해당 계열사 직무 지원한 동기 무엇인가요 CJ프레시웨이 지원한 이유 해당 직무 수행할 본인 역량 입사 본인 목표 가지 항목 포함 구체적 작성해
1131,8,[NCS 직무능력 소개서] 해당 직무를 지원한 이유와 직무를 잘 수행하기 위해 역량을 개발해온 과정을 구체적으로 기술하여 주십시오,NCS 직무능력 소개서 해당 직무 지원한 이유 직무 수행하기 역량 개발해온 과정 구체적 기술
1132,8,지원한 직무를 선택한 이유와 해당 직무에 필요한 역량을 갖추기 위해 어떠한 노력을 했는지 기술해 주세요.,지원한 직무 선택한 이유 해당 직무 필요한 역량 갖추기 어떠한 노력 했는지 기술해
1133,8,지원 직무와 관련된 이력을 간결하게 나열해주시기 바랍니다. (263/500자),지원 직무 관련된 이력 간결하게 나열해주시기 바랍니다
1134,8,지원하는 직무관련 준비 사항 및 직무에 대한 본인의 강약점,지원 직무 준비 사항 직무 본인 강약점
1135,8,지원분야에 필요한 핵심역량은 무엇이며 그 역량을 갖기 위해 어떤 노력을 했는지 객관적인 근거를 토대로 작성바랍니다.(700자),지원분야 필요한 핵심역량 무엇 역량 갖기 어떤 노력 했는지 객관적인 근거 토대 작성바랍니다700자
1136,8,자신이 지원한 직무의 역할과 히로세와 같은 기업에서 나아갈 방향에 대해서 기술하시오.,자신 지원한 직무 역할 히로세 기업 나아갈 방향 기술하
1137,8,"지원하신 직무를 잘 수행할 수 있다고 생각하는 이유를, 보유한 전문지식 및 스킬과 관련하여 기술하시오.",지원하신 직무 수행할 있다고 생각 이유 보유한 전문지식 스킬 관련 기술하
1138,8,지원 분야와 관련하여 다양한 분야에서 쌓은 경력 및 경험 활동에 대하여 아래 기준에 따라 상세히 기술해 주시기 바랍니다. 2-1. 입사지원서에 기입한 지원 직무와 관련한 경력 및 경험 활동의 주요 내용과 본인의 역할에 대해서 구체적으로 기술해주십시오. (약 200자 이내) 2-2. 위 경력 및 경험 활동이 우리 병원 입사 후 지원 분야의 직무 수행에 어떻게 도움이 될지 구체적으로 기술해 주십시오. (200자 이내),지원 분야 관련 다양한 분야 경력 경험 활동 아래 기준 따라 상세히 기술해 주시기 바랍니다 입사지원서 기입한 지원 직무 관련한 경력 경험 활동 주요 내용 본인 역할 구체적 기술해주 경력 경험 활동 우리 병원 입사 지원 분야 직무 수행 어떻게 도움 될지 구체적 기술해
1139,8,해당 직무에 지원하게 된 이유와 본인이 그 직무에 적합하다고 생각하는 근거를 기술하시오,해당 직무 지원하게 이유 본인 직무 적합하다고 생각 근거 기술하
1140,8,해당 직무를 선택한 이유와 그 직무를 수행함에 있어 본인의 경쟁력은 무엇인지 기술해 주십시오.,해당 직무 선택한 이유 직무 수행함 있어 본인 경쟁력 무엇인지 기술해
1141,8,직무 관련 경험 및 본인의 노력,직무 경험 본인 노력
1142,8,"본인의 강점이라고 생각하는 역량을 소개하고, 그 역량이 발휘되어 성취 또는 실패하였던 경험을 작성해 주십시오.(1000자 이내)",본인 강점이라고 생각 역량 소개 역량 발휘되어 성취 실패하였던 경험 작성해
1143,8,경신 및 해당 직무에 지원한 이유는 무엇입니까? 그리고 입사 후 회사에 어떻게 기여할 수 있는지 구체적으로 작성해 주십시오.(1000자 이내),경신 해당 직무 지원한 이유 무엇입니까 그리고 입사 회사 어떻게 기여할 있는지 구체적 작성해
1144,8,귀하가 항공정비 직무를 성공적으로 수행할 수 있다고 생각하는 이유를 본인의 경험과 강점을 바탕으로 구체적으로 서술해 주십시오.(600),귀하 항공정비 직무 성공적 수행할 있다고 생각 이유 본인 경험 강점 바탕 구체적 서술해 주십시오600
1145,8,하나저축은행에 지원한 이유와 직무에 필요한 역량을 갖추기 위해 지금까지 어떠한 노력을 해왔으며 앞으로 개인과 회사의 발전에 어떻게 기여할 수 있는지 서술하시오,하나저축은행 지원한 이유 직무 필요한 역량 갖추기 지금 어떠한 노력 해왔으며 개인 회사 발전 어떻게 기여할 있는지 서술하
1146,8,"입행후 희망 직무는 어떤 것이며, 입행후 만들고 싶은 하나저축은행의 모습과 이를 위한 본인의 역할에 대해 서술하시오",입행후 희망 직무 어떤 입행후 만들고 하나저축은행 모습 본인 역할 대해 서술하
1147,8,지원한 직무는 무엇입니까? 해당직무에 대한 전문가가 되기위해 어떤노력(전문지식 습득 등)을 하였으며 이를 통해 무엇을 배웠는지 기술하여 주십시오,지원한 직무 무엇입니까 해당직무 전문가 되기 어떤노력 하였으며 무엇 배웠는지 기술
1148,8,"[직무 능력] 직무수행능력의 차별화된 경쟁력 (Competitiveness) 본인이 진흥원 직무를 수행함에 있어 타인과 비교하여 차별화된 자신의 핵심 경쟁력이 무엇인지 기술하고, 해당 경쟁력을 보유하게 된 경력 또는 경험을 기술하세요.",직무 능력 직무수행능력 차별화된 경쟁력 본인 진흥원 직무 수행함 있어 타인 비교 차별화된 자신 핵심 경쟁력 무엇인지 기술 해당 경쟁력 보유하게 경력 경험 기술하
1149,8,"직무수행을 위한 지식 및 기술 (Knowledge &Skill) 본인이 보유하고 있는 진흥원 직무를 수행함에 있어 필요한 핵심 지식(knowledge) 및 기술(Skill)이 무엇인지 기술하고, 해당 지식과 기술을 보유하게 된 경력 또는 경험을 기술하세요.",직무수행 지식 기술 본인 보유 진흥원 직무 수행함 있어 필요한 핵심 지식 기술 무엇인지 기술 해당 지식 기술 보유하게 경력 경험 기술하
1150,8,"직무수행을 위한 태도 (Attitude) 진흥원 직무를 수행하기 위해 가장 중요한 태도(attitude)가 무엇인지와 그 필요성을 기술하고, 그 태도와 관련한 본인의 경험을 기술하세요.",직무수행 진흥원 직무 수행하기 가장 중요한 무엇인지 필요성 기술 태도 관련한 본인 경험 기술하
1151,8,"희망직무(기획,인사,운항통제 등)를 서두에 명시하고, 이와 관련하여 귀하가 보유한 경험, 역량, 재능, 지식 등을 구체적으로 기술해 주십시오. [100자 이상 600자 이내]",희망직무 서두 명시 관련 귀하 보유한 경험 역량 재능 지식 구체적 기술해
1152,8,해당직무에 지원한 이유와 그 직무에 필요한 역량을 갖추기 위해 어떠한 노력을 했는지.,해당직무 지원한 이유 직무 필요한 역량 갖추기 어떠한 노력 했는지
1153,8,직무관련 본인의 역량,직무 본인 역량
1154,8,본인만의 차별화된 역량과 그 역량을 통해 회사에 무엇 기여하겠는가,본인만 차별화된 역량 역량 회사 무엇 기여하겠는
1155,8,해당 직무 분야에 지원하게 된 이유와 선택 직무에 본인이 적합하다고 판단할 수 있는 이유 및 근거를 기술해 주십시오.,해당 직무 분야 지원하게 이유 선택 직무 본인 적합하다고 판단할 이유 근거 기술해
1156,8,지원한 분야와 관련하여 자신이 다른 지원자보다 조금이라도 수준이 높다고 내세울만한 역량 및 부족하다고 생각하는 역량을 각각 한가지씩 기술하여 주십시오.,지원한 분야 관련 자신 다른 지원자 조금 수준 높다고 내세울만한 역량 부족하다고 생각 역량 각각 한가지씩 기술
1157,8,직무를 수행하는데 있어 본인의 역량이나 장점,직무 수행하는데 있어 본인 역량 장점
1158,8,"지원 직무와 관련하여 자신의 경쟁력은 무엇이며, 그러한 경쟁력을 활용한 입사 후 기대를 기술해주시기 바랍니다.",지원 직무 관련 자신 경쟁력 무엇 그러한 경쟁력 활용한 입사 기대 기술해주시기 바랍니다
1159,8,"본인이 성공 또는 실패했던 조직적응사례를 기술하고, 조직 적응을 위해 필요한 역량이 무엇인지?",본인 성공 실패했던 조직적응사례 기술 조직 적응 필요한 역량 무엇인지
1160,8,본인이 1지망으로 선택한 직무를 잘 수행할 수 있을 거라고 생각하는 이유에 대해 본인의 강점과 연결지어 기술해 주십시오.,본인 1지망 선택한 직무 수행할 거라고 생각 이유 대해 본인 강점 연결지어 기술해
1161,8,지원 직무를 수행함에 있어 도움이 될 것이라 생각하는 경험과 본인이 해당 직무에 적합하다고 생각하는 이유에 대해 기술해주세요.,지원 직무 수행함 있어 도움 것이라 생각 경험 본인 해당 직무 적합하다고 생각 이유 대해 기술해
1162,8,"지원한 희망직무를 수행하기 위한 본인이 가지고 있는 역량은 무엇이며, 해당 역량을 갖추기 위해 어떤 준비와 경험을 하였는지 작성해 주십시오.*",지원한 희망직무 수행하기 본인 가지고 역량 무엇 해당 역량 갖추기 어떤 준비 경험 하였는지 작성해
1163,8,"지원 직무를 수행하기 위한 본인만의 강점, 노력 또는 경험에 대하여 서술하여 주십시오. (800자, 면접 시 활용예정) *필요 시 하단의 첨부기능 활용 가능",지원 직무 수행하기 본인만 강점 노력 경험 서술 필요 하단 첨부기능 활용 가능
1164,8,입사 후 본인이 희망하는 직무와 그 이유,입사 본인 희망 직무 이유
1165,8,"지원하신 직무와 연관되어 본인이 보유한 지식, 기술, 경험 등을 구체적으로 기술하여 주십시오.",지원하신 직무 연관되어 본인 보유한 지식 기술 경험 구체적 기술
1166,8,지원 직무를 잘 수행하기 위한 준비과정과 자신만의 강점 입사 후 이루고 싶은 목표,지원 직무 수행하기 준비과정 자신만 강점 입사 이루고 목표
1167,8,지원 직무를 선택한 이유와 해당 직무를 성공적으로 수행하기 위해 어떤 노력과 경험을 하였는지 서술해 주십시오. [ 300자 이상 600자 이내],지원 직무 선택한 이유 해당 직무 성공적 수행하기 어떤 노력 경험 하였는지 서술해
1168,8,본인의 지원 직무를 통해 지원 회사의 성장을 도모할 수 있는 방법을 서술해 주십시오. [ 300자 이상 600자 이내],본인 지원 직무 지원 회사 성장 도모할 방법 서술해
1169,8,지원 직무 관련 자신이 갖춘 역량에 대하여 구체적으로 기술하여 주십시오. (700자),지원 직무 자신 갖춘 역량 구체적 기술 700자
1170,8,"여러분이 지원한 직무와 관련된 노력과 경험 , 그리고 입사 후 해당 직무에서의 성장 비전을 구체적으로 기술해주세요. (1,000자 이내)",여러분 지원한 직무 관련된 노력 경험 그리고 입사 해당 직무에서 성장 비전 구체적 기술해
1171,8,"지원직무 수행 시 ① CJ인으로서 기본적으로 갖춰야하는 정직, 열정, 창의, 존중 외 영업사원으로서 필요한 역량 다섯 가지를 중요도 순으로 작성해주세요. ② 본인이 가진 가장 높은 역량과 그렇게 생각하는 이유를 기술하고, 가장 낮은 수준으로 판단되는 역량은 어떻게 극복해 나갈 수 있을지 구체적으로 작성해 주세요.(1,000자 이내)",지원직무 수행 CJ인으로서 기본적 갖춰야 정직 열정 존중 영업사원으로서 필요한 역량 다섯 가지 중요 작성해 본인 가진 가장 역량 그렇게 생각 이유 기술 가장 수준 판단되 역량 어떻게 극복해 나갈 있을지 구체적 작성해
1172,8,지원하신 직무에 있어 본인만의 차별화된 특성이나 특별히 강조하는 전문성이 있다면 기재하시오.,지원하신 직무 있어 본인만 차별화된 특성 특별히 강조 전문성 있다면 기재하
1173,8,"해당 직무의 지원동기를 포함하여, 직무관련 본인이 보유한 강점과 보완점을 사례를 통하여 구체적으로 기술해주시기 바랍니다.",해당 직무 지원동기 포함 직무 본인 보유한 강점 보완점 사례 구체적 기술해주시기 바랍니다
1174,8,본인이 지원한 직무와 관련된 본인의 향후 미래 계획에 대해 구체적으로 기술해주시기 바랍니다.,본인 지원한 직무 관련된 본인 향후 미래 계획 대해 구체적 기술해주시기 바랍니다
1175,8,지원하는 이유와 지원한 업무를 누구보다 더 잘 수행할 것이라고 확신하는 이유,지원 이유 지원한 업무 누구 수행할 것이라고 확신 이유
1176,8,"지원 직무와 관련한 준비과정(학업, 교내외 활동 등) 및 입사 후 어떻게 성장해 나갈 것인지 기술하십시오.",지원 직무 관련한 준비과정 입사 어떻게 성장해 나갈 것인지 기술하
1177,8,"입사지원서에 기술한 직무 관련 경력, 경험 중 가장 몰입했던 사례를 상세하게 기술해 주십시오. - 본인의 역할, 구체적인 직무 내용, 발전하게 된 본인의 역량과 자세 등 구체적으로 기재",입사지원서 기술한 직무 경력 경험 가장 몰입했던 사례 상세하게 기술해 본인 역할 구체적인 직무 내용 발전하게 본인 역량 자세 구체적 기재
1178,8,"지원 직무에 적합한 능력을 갖추기 위해 어떠한 노력을 해왔는지 구체적인 경험을 바탕으로 설명하고, 그 능력을 바탕으로 실제 업무수행에 어떻게 도움을 줄 수 있는지 기술하여 주십시오.",지원 직무 적합한 능력 갖추기 어떠한 노력 해왔는지 구체적인 경험 바탕 설명 능력 바탕 실제 업무수행 어떻게 도움 있는지 기술
1179,8,본인이 지원한 직무관련 지원동기와 역량에 대하여 1000자,본인 지원한 직무 지원동기 역량 1000자
1180,8,본인이 지원한 직무관련 향후 계획에 대하여 500자,본인 지원한 직무 향후 계획 500자
1181,8,"지원한 직무와 관련된 경험 중, 어려움을 극복한 사례를 서술해 주세요.",지원한 직무 관련된 경험 어려움 극복한 사례 서술해
1182,8,"입사 후, 본인의 직무 능력 향상을 위한 구체적인 계획을 서술해 주세요.",입사 본인 직무 능력 향상 구체적인 계획 서술해
1183,8,"학교생활 : 직무와 관련된 학업내용, 동아리 활동, 이색적인 경험 등",학교생활 직무 관련된 학업내용 동아리 활동 이색적인 경험
1184,8,"CJ헬스케어와 해당 직무에 지원한 동기는 무엇인가요? ① CJ헬스케어야만 하는 이유, ② 지원 직무에 관심을 갖게 된 계기, ③ 입사 후 성장 목표를 반드시 포함하여 구체적으로 작성해 주세요 (1,000자 이내)",CJ헬스케어 해당 직무 지원한 동기 무엇인가요 CJ헬스케어야 이유 지원 직무 관심 갖게 계기 입사 성장 목표 반드시 포함 구체적 작성해
1185,8,"지원한 직무에 필요한 역량은 무엇이며 이 역량을 확보하기 위해 어떤 노력을 기울였습니까? ① 지원한 직무에 본인이 적합한 이유, ② 지원한 직무를 잘 수행하기 위한 그동안의 노력과 도전 등을 반드시 포함하여 구체적으로 작성해 주세요 (1,000자 이내)",지원한 직무 필요한 역량 무엇 역량 확보하기 어떤 노력 기울였습니까 지원한 직무 본인 적합한 이유 지원한 직무 수행하기 그동안 노력 도전 반드시 포함 구체적 작성해
1186,8,"여러분이 CJ CGV의 Multiplex Manager 직무에 지원한 동기는 무엇인가요? ① 본인이 생각하는 Multiplex Manager의 역할과 사명, ② 본인이 Multiplex Manager에 관심갖게 된 계기, ③ Multiplex Manager가 되기 위한 나의 노력을 반드시 포함하여 구체적으로 작성해 주세요. (1,000자 이내)",여러분 CJ CGV Multiplex Manager 직무 지원한 동기 무엇인가요 본인 생각 Multiplex Manager 역할 사명 본인 Multiplex Manager 관심갖게 계기 Multiplex Manager 되기 노력 반드시 포함 구체적 작성해
1187,8,"대웅그룹과 직무에 지원한 이유와 경험적 사례를 아래의 키워드를 활용하여 논리적(S.T.A.R 기법)으로 서술하여 주세요.[제시어 : 정직, 자율, 학습, 소통 도전, 변화, 협력, 성장]",대웅그룹 직무 지원한 이유 경험적 사례 아래 키워드 활용 논리적 서술 주세요제시어 정직 자율 학습 소통 도전 변화 협력 성장
1188,8,내가 지원한 직무에서 다른 지원자들과 차별화되는 강점의 각 키워드를 해시태그 형태로 표현한 후 ① 지식 ② 경험 ③ 성격에서 각 강점을 서술하시오.(1500자),지원한 직무 다른 지원자들 차별화되 강점 키워드 해시태그 형태 표현한 지식 경험 성격 강점 서술하
1189,8,지원한 직무를 선택한 이유와 해당 직무에 필요한 역량을 갖추기 위해 어떠한 노력을 했는지 기술해 주세요.(10행),지원한 직무 선택한 이유 해당 직무 필요한 역량 갖추기 어떠한 노력 했는지 기술해 주세요10행
1190,8,UMC로서 필요한 역량을 발휘한 경험을 기술하여 주십시오. (400자),UMC로서 필요한 역량 발휘한 경험 기술 400자
1191,8,당사 지원동기 및 본인의 지원 직무 수행을 위해 준비해 온 사항에 대해 기술하여 주십시오.,당사 지원동기 본인 지원 직무 수행 준비해 사항 대해 기술
1192,8,"관심있는 직무는 무엇이며, 이에 필요한 역량을 갖추기 위해 어떠한 노력을 해왔는지 구체적으로 서술해 주세요.",관심 직무 무엇 필요한 역량 갖추기 어떠한 노력 해왔는지 구체적 서술해
1193,8,연세대학교에 입사한다면 입사 이후에 생각하고 있는 직무에 대해 기술하여 주십시오(100자 내외),연세대학교 입사한다면 입사 이후 생각 직무 대해 기술
1194,8,"희망직무에 요구되는 역량은 무엇이라고 생각하며, 이를 갖추기 위한 본인의 노력 또는 특별한 경험을 기술하세요.",희망직무 요구되 역량 무엇이라고 생각 갖추기 본인 노력 특별한 경험 기술하
1195,8,지원한 직무에 대한 열정과 해당직무와 관련된 본인의 강점에 대해서 기술하십시오.,지원한 직무 열정 해당직무 관련된 본인 강점 기술하
1196,8,지원 직무를 선택한 이유와 해당 직무를 성공적으로 수행하기 위해 어떤 노력과 경험을 하였는지 서술해 주십시오.,지원 직무 선택한 이유 해당 직무 성공적 수행하기 어떤 노력 경험 하였는지 서술해
1197,8,본인의 지원 직무를 통해 지원 회사의 성장을 도모할 수 있는 방법을 서술해 주십시오.,본인 지원 직무 지원 회사 성장 도모할 방법 서술해
1198,8,"지원직무를 수행함에 있어 남들과 차별화 되는 본인만의 강점을 해당 직무의 핵심역량을 고려하여 구체적으로 기술하시오. (1,000자 이내)",지원직무 수행함 있어 남들 차별화 본인만 강점 해당 직무 핵심역량 고려 구체적 기술하
1199,8,해당 직무에 지원하게 된 이유와 본인이 적합하다고 생각하는 이유 및 근거를 기술하시오.,해당 직무 지원하게 이유 본인 적합하다고 생각 이유 근거 기술하
1200,8,"[My story] 해당회사 및 직무에 지원하는 동기에 대해 기술하시오. Guide> 직무에 관련된 경험 및 역량, 관심사항, 개인의 목표 및 비전 등 자신을 어필할 수 있는 내용을 기반으로 자유롭게 기술하시기 바랍니다.",My story 해당회사 직무 지원 동기 대해 기술하 Guide 직무 관련된 경험 역량 관심사항 개인 목표 비전 자신 어필할 내용 기반 자유롭게 기술하시기 바랍니다
1201,8,"[직무역량]지원동기와 해당 직무를 선택하게 된 이유, 어떠한 노력을 기울였는지 작성해 주세요. *600자 이상 1000자 이하로 입력하세요.",직무역량지원동기 해당 직무 선택하게 이유 어떠한 노력 기울였는지 작성해 1000자 이하 입력하
1202,8,"지원 직무와 관련한 준비과정(학업, 교내외 활동 등) 및 입사 후 어떻게 성장해 나갈 것인지 기술하십시오. 1194/1200 (바이트 수(2 byte), 공백 포함)",지원 직무 관련한 준비과정 입사 어떻게 성장해 나갈 것인지 기술하 11941200 공백 포함
1203,8,본인이 지원한 직무를 잘 수행할 수 있다고 생각하는 이유와 입사 후 자신의 목표를 설명하십시오,본인 지원한 직무 수행할 있다고 생각 이유 입사 자신 목표 설명하
1204,8,"본인이 지원한 직무를 수행하기 위해 준비한 지식이나 스킬, 경험 등에 대해 기술하고 향후 구체적으로 어느 분야에서의 전문가로 성장하고자 하는 지에 대해 설명해 주십시오.",본인 지원한 직무 수행하기 준비한 지식 스킬 경험 대해 기술 향후 구체적 어느 분야에서 전문가 성장하고자 대해 설명해
1205,8,본인이 지원한 직무관련 지원동기와 역량에 대해서,본인 지원한 직무 지원동기 역량
1206,8,지원분야와 관련하여 본인의 역량 중 보완해야 할 부분과 그 역량을 향상시킬 수 있는 방안에 대해 기술하여 주십시오. [200자 이상 700자 이내],지원분야 관련 본인 역량 보완 부분 역량 향상시킬 방안 대해 기술
1207,8,지원 직무에 요구되는 역량은 무엇이라고 생각하십니까. 그리고 이를 갖추기 위해 어떠한 노력을 기울이셨나요.,지원 직무 요구되 역량 무엇이라고 생각하십니까 그리고 갖추기 어떠한 노력 기울이셨나요
1208,8,해당 직무에 지원하기 위해 준비한 본인만의 경쟁력을 구체적인 사례와 경험을 들어 말씀해주십시오.,해당 직무 지원하기 준비한 본인만 경쟁력 구체적인 사례 경험 들어 말씀해주
1209,8,"여러분이 선택한 계열사와 해당 직무를 지원한 동기는 무엇인가요? ① 선택한 계열사가 아니면 안되는 이유, ② 직무에 관심갖게 된 계기, ③ 본인이 직무를 잘 수행할 수 있는 이유를 반드시 포함하여 구체적으로 작성해 주세요.",여러분 선택한 계열사 해당 직무 지원한 동기 무엇인가요 선택한 계열사 아니면 안되 이유 직무 관심갖게 계기 본인 직무 수행할 이유 반드시 포함 구체적 작성해
1210,8,"해당 영역에서의 직무 수행을 위해 본인이 무엇을 어떻게 준비하고 노력해 왔는지 작성해 주십시오. 관련된 경험 및 Knowledge, Skill(자격증) 등 본인의 역량을 상세히 기술",해당 영역에서 직무 수행 본인 무엇 어떻게 준비 노력해 왔는지 작성해 관련된 경험 Knowledge Skill자격증 본인 역량 상세히 기술
1211,8,"(지원포부) 한국토지주택공사의 주요 사업 중에서, 앞으로 입사 후 본인이 어떤 부분에 기여하고 싶은지, 본인의 주요 직무 역량 및 강점을 기반으로 기술해 주십시오.",지원포부 한국토지주택공사 주요 사업 입사 본인 어떤 부분 기여 싶은지 본인 주요 직무 역량 강점 기반 기술해
1212,8,"지원 직무 수행에 필요한 전문성을 갖추기 위해 어떤 준비를 했으며, 왜 본인이 해당 직무에 적합한지 구체적으로 작성해 주시기 바랍니다.",지원 직무 수행 필요한 전문성 갖추기 어떤 준비 했으며 본인 해당 직무 적합한지 구체적 작성해 주시기 바랍니다
1213,8,"지원한 직무를 위해 필요한 핵심 역량 무엇, 그 이유에 대해 설명 / 갖추기 위한 노력",지원한 직무 필요한 핵심 역량 무엇 이유 대해 설명 갖추기 노력
1214,8,당신이 지원한 직무와 관련하여 보유한 직무역량을 서술하십시오.,당신 지원한 직무 관련 보유한 직무역량 서술하
1215,8,"여러분이 해당 계열사와 직무를 지원한 동기는 무엇인가요? ① 프레시웨이를 지원한 이유, ② 해당 직무를 잘 수행할 수 있는 본인의 역량, ③ 입사 후 본인의 목표 세 가지 항목을 포함하여 구체적으로 작성해 주세요. (1,000자 이내)",여러분 해당 계열사 직무 지원한 동기 무엇인가요 프레시웨이 지원한 이유 해당 직무 수행할 본인 역량 입사 본인 목표 가지 항목 포함 구체적 작성해
1216,8,본인의 경험 중 지원한 직무와 관련하여 가장 특별하고 인상 깊었던 경험에 대해 구체적으로 기술해 주십시오.,본인 경험 지원한 직무 관련 가장 특별 인상 깊었던 경험 대해 구체적 기술해
1217,8,"고객감동을 실현하며 고객과 동반성장할 수 있는 본인의 역량은 무엇이며, 그러한 역량을 발휘한 경험을 서술해 주십시오.",고객감동 실현 고객 동반성장할 본인 역량 무엇 그러한 역량 발휘한 경험 서술해
1218,8,해당 직무에 지원한 동기와 해당직무와 관련된 본인의 경험 및 역량을 기술해 주십시오.,해당 직무 지원한 동기 해당직무 관련된 본인 경험 역량 기술해
1219,8,"해당 영역에서의 직무 수행을 위해 본인이 무엇을 어떻게 준비하고 노력해 왔는지 작성해 주십시오. *3-1)번 문항의 영역 선택 사유를 기재하고, 이와 연계하여 작성 *관련된 경험 및 Knowledge/Skill 등 본인의 역량을 상세히 기술",해당 영역에서 직무 수행 본인 무엇 어떻게 준비 노력해 왔는지 작성해 31번 문항 영역 선택 사유 기재 연계 작성 관련된 경험 KnowledgeSkill 본인 역량 상세히 기술
1220,8,귀하가 가진 직무관련 경험과 능력을 바탕으로 인천관광공사에 기여할 수 있는 바를 기술하여 주십시오.,귀하 가진 직무 경험 능력 바탕 인천관광공사 기여할 기술
1221,8,지원 직무를 성공적으로 수행할 수 있다고 생각하시는 이유와 향후 당사에서 이루고자 하는 비전을 기재바랍니다.,지원 직무 성공적 수행할 있다고 생각하시 이유 향후 당사 이루고자 비전 기재바랍니다
1222,8,"지원한 직무를 수행하기 위해 필요한 핵심역량은 무엇이라고 생각하며, 그 이 유에 대해 설명해 주십시오. 또한 해당 역량을 갖추기 위해 본인이 어떤 노력을 하였는지 기술해 주십시오. (최대 800자 입력가능)",지원한 직무 수행하기 필요한 핵심역량 무엇이라고 생각 대해 설명해 또한 해당 역량 갖추기 본인 어떤 노력 하였는지 기술해
1223,8,"여러분이 선택한 계열사와 해당 직무를 지원한 동기는 무엇인가요? ① 선택한 계열사가 아니면 안되는 이유, ② 직무에 관심갖게 된 계기, ③ 본인이 직무를 잘 수행할 수 있는 이유를 반드시 포함하여 구체적으로 작성해 주세요. (1000자)",여러분 선택한 계열사 해당 직무 지원한 동기 무엇인가요 선택한 계열사 아니면 안되 이유 직무 관심갖게 계기 본인 직무 수행할 이유 반드시 포함 구체적 작성해
1224,8,공사 직무 중 관심분야 및 해당직무 전문가로 성장하기 위한 자기계발 계획을 작성하여 주십시오,공사 직무 관심분야 해당직무 전문가 성장하기 자기계발 계획 작성
1225,8,"지원하신 직무를 선택한 이유와, 그 직무에 필요한 역량을 갖추기 위해 지금까지 어떠한 노력을 해왔는지 구체적으로 서술해 주시고, 그 경험들이 앞으로 회사와 본인의 발전에 어떻게 기여할 것이라 생각하는지 작성해 주시기 바랍니다.",지원하신 직무 선택한 이유 직무 필요한 역량 갖추기 지금 어떠한 노력 해왔는지 구체적 서술해 주시고 경험들 회사 본인 발전 어떻게 기여할 것이라 생각하는지 작성해 주시기 바랍니다
1226,8,"해당 직무에 지원하기 위해 어떠한 노력을 하였으며, 본인의 노력이 해당 직무의 전문성 함양에 어떤 영향을 주었습니까? - 준비과정 및 현재 본인의 수준, 해당 직무에서 기여할 수 있는 부분에 대해 구체적으로 작성해 주십시오.",해당 직무 지원하기 어떠한 노력 하였으며 본인 노력 해당 직무 전문성 함양 어떤 영향 주었습니까 준비과정 현재 본인 수준 해당 직무 기여할 부분 대해 구체적 작성해
1227,8,"(My Story)해당회사 및 직무에 지원하는 동기에 대해 기술해 주십시오.<Guide> 성격(장단점), 직무에 관련된 경험 및 역량, 관심사항, 개인의 목표 및 비전 등 자신을 어필할 수 있는 내용을 기반으로 자유롭게 기술하시기 바랍니다.(100자~1,000자)",해당회사 직무 지원 동기 대해 기술해 주십시오Guide 성격장단점 직무 관련된 경험 역량 관심사항 개인 목표 비전 자신 어필할 내용 기반 자유롭게 기술하시기 바랍니다
1228,8,"(My Competency)지원 직무와 관련된 이력을 간결하게 나열해주시기 바랍니다.<Guide> 학교수강교과목, 외부교육수강 이력, 프로젝트 경험 등을 제목/경험/성적(또는 성과) 등으로 기술해주시면 됩니다.",지원 직무 관련된 이력 간결하게 나열해주시기 바랍니다Guide 학교수강교과목 외부교육수강 이력 프로젝트 경험 제목경험성적 기술해주시면
1229,8,"여러분은 어떤 선택을 하실 건가요? - 당신은 현재 내년초 대리승진이 확정적입니다. 대리승진 후에는 상당 부분의 의사결정 권한과 폭넓은 업무경험으로 해당 직무 전문가로 성장 가능성이 매우 높습니다. 그런데 마침 당신이 꼭 가고 싶었던 국가의 해외전문가 교육과정 공모가 진행 중입니다. 6개월 교육 후 최종 선발을 하는데 최종 선발 경쟁이 매우 치열합니다. 해당 교육과정에 참여할 경우 승진이 불투명해 진다면 당신은 어떤 선택을 하겠으며, 그 이유는 무엇인가요?(최대 500자 이내)",여러분 어떤 선택 하실 건가요 당신 현재 내년초 대리승진 확정적 대리승진 후에 상당 부분 의사결정 권한 폭넓 업무경험 해당 직무 전문가 성장 가능성 매우 그런데 마침 당신 가고 싶었던 국가 해외전문 교육과정 공모 진행 6개월 교육 최종 선발 하는데 최종 선발 경쟁 매우 치열 해당 교육과정 참여할 경우 승진 불투명해 진다면 당신 어떤 선택 하겠으며 이유 무엇인가요
1230,8,"여러분이 CJ헬로비전과 해당 직무를 지원한 동기는 무엇인가요? ① CJ헬로비전을 지원한 이유, ② 해당 직무를 잘 수행할 수 있는 본인의 역량, ③ 입사 후 본인의 목표 세 가지 항목을 포함하여 구체적으로 작성해 주세요. (1,000자 이내)",여러분 CJ헬로비전 해당 직무 지원한 동기 무엇인가요 CJ헬로비전 지원한 이유 해당 직무 수행할 본인 역량 입사 본인 목표 가지 항목 포함 구체적 작성해
1231,8,직무경험 : 선택한 직무에 있어서 필요한 사람임을 보일 수 있도록 자신에 대해 좀 더 자세히 기술해 주세요.,직무경험 선택한 직무 있어서 필요한 사람임 보일 있도록 자신 대해 자세히 기술해
1232,8,"선택한 직무에 관심을 갖게 된 계기는 무엇이며, 직무에 본인이 적합한 이유 및 근거를 제시해 주세요.",선택한 직무 관심 갖게 계기 무엇 직무 본인 적합한 이유 근거 제시해
1233,8,"여러분이 선택한 계열사와 해당 직무를 지원한 동기는 무엇인가요? ① 선택한 계열사가 아니면 안되는 이유, ② 직무에 관심 갖게 된 계기, ③ 본인이 직무를 잘 수행할 수 있는 이유를 반드시 포함하여 구체적으로 작성해 주세요. (1,000자 이내)",여러분 선택한 계열사 해당 직무 지원한 동기 무엇인가요 선택한 계열사 아니면 안되 이유 직무 관심 갖게 계기 본인 직무 수행할 이유 반드시 포함 구체적 작성해
1234,8,지원한 분야에서 본인이 하고자 하는 구체적인 직무는 무엇입니까? 해당 직무와 관련된 본인의 역량을 구체적으로 작성해 주십시오. (전공 or 전공 이외,지원한 분야 본인 하고자 구체적인 직무 무엇입니까 해당 직무 관련된 본인 역량 구체적 작성해 전공 or 전공 이외
1235,8,지원동기 및 본인이 지원한 직무에 적합한 이유(600자 이내),지원동기 본인 지원한 직무 적합한 이유
1236,8,"해당 직무를 수행하기 위해 필요한 역량은 무엇이며, 이 역량을 갖추기 위해 어떠한 노력을 해왔는지 사실에 근거하여 설명해 주십시오. 또한 지원직무와 관련해 본인만의 차별화된 지식과 경험을 구체적으로 기술하여 주십시오.",해당 직무 수행하기 필요한 역량 무엇 역량 갖추기 어떠한 노력 해왔는지 사실 근거 설명해 또한 지원직무 관련해 본인만 차별화된 지식 경험 구체적 기술
1237,8,"본인이 지원한 직무와 관련된 실무역량을 습득하기 위하여 노력했거나 경험했던 사례를 구체적으로 기술하고, 습득한 실무역량을 다양한 환경변화 속에서 지속적으로 유지&발전 시키기 위하여 어떠한 노력을 기울이고 있는지 자세히 기술하시오.",본인 지원한 직무 관련된 실무역량 습득하기 노력했거 경험했던 사례 구체적 기술 습득한 실무역량 다양한 환경변화 지속적 유지발전 시키기 어떠한 노력 기울 있는지 자세히 기술하
1238,8,"입사 후 본인의 희망과 상이한 직무에서 근무하게 되거나, 소속팀의 이익을 위하여 지원자 개인의 희생을 강요한다면 어떻게 행동할지 구체적으로 기술하시오.",입사 본인 희망 상이한 직무 근무하게 되거 소속팀 이익 지원자 개인 희생 강요한다면 어떻게 행동할지 구체적 기술하
1239,8,"여러분이 CJ올리브네트웍스 IT사업 부문과 해당 직무를 지원한 동기는 무엇인가요? ① CJ올리브네트웍스 IT사업 부문이 아니면 안되는 이유, ② 직무에 관심갖게 된 계기, ③ 본인이 직무를 잘 수행할 수 있는 이유를 반드시 포함하여 구체적으로 작성해 주세요.",여러분 CJ올리브네트웍스 IT사업 부문 해당 직무 지원한 동기 무엇인가요 CJ올리브네트웍스 IT사업 부문 아니면 안되 이유 직무 관심갖게 계기 본인 직무 수행할 이유 반드시 포함 구체적 작성해
1240,8,해당하는 직무의 수행과 관련하여 가지고 있는 개인의 장점과 약점을 모두 기술하여 주십시오 686/1000,해당 직무 수행 관련 가지고 개인 장점 약점 모두 기술 6861000
1241,8,"희망하는 직무에 지원하기 위해 준비해 온 과정과 함께, 지원 분야 관련 프로젝트 수행경험이 있다면 역할 및 기여도를 중심으로 기술하시기 바랍니다.",희망 직무 지원하기 준비해 과정 지원 분야 프로젝트 수행경험 있다면 역할 기여도 중심 기술하시기 바랍니다
1242,8,'회사 및 직무에 대한 지원 동기'와 '해당 직무를 잘 수행하기 위해 어떤 준비'를 해왔는지 구체적으로 설명해주시기 바랍니다.,회사 직무 지원 동기 해당 직무 수행하기 어떤 준비 해왔는지 구체적 설명해주시기 바랍니다
1243,8,"한화 S&C는 위 같은 비전슬로건을 갖고 있습니다. 현재 IT 업계에서 SMART&CREATIVE가 왜 필요한지 정의하고, 지원한 직무와 관련하여 본인이 SMART&CREATIVE 인재라는 것을 증명할 수 있는 구체적인 사례와 경험을 말씀해주십시오.",한화 SC 비전슬로건 갖고 현재 IT 업계 SMARTCREATIVE 필요한지 정의 지원한 직무 관련 본인 SMARTCREATIVE 인재라 증명할 구체적인 사례 경험 말씀해주
1244,8,"원하는 직무에 대해 본인이 갖추고 있는 전문지식이나 기술, 강점 등을 기술해주십시오.",직무 대해 본인 갖추고 전문지식 기술 강점 기술해주
1245,8,당사 지원동기 및 본인의 지원 직무 수행을 위해 준비해 온 사항에 대해 기술하여 주십시오,당사 지원동기 본인 지원 직무 수행 준비해 사항 대해 기술
1246,8,"CJ오쇼핑 및 해당 직무를 지원한 동기와 지원직무를 잘 수행할수 있는 이유는 무엇인 가요? 1 지원 동기 및 지원 직무 수행시 필요하다고 생각하는 역량, 2 지원 직무를 잘 수행하기 위한 그동안의 노력과 도전 (본인만의 강점, 준비, 관련경험), 3 입사 후 성장 목표등을 포함하여 구제적으로 작성해 주세요.(1,000자 이내)",CJ오쇼핑 해당 직무 지원한 동기 지원직무 수행할수 이유 무엇인 가요 지원 동기 지원 직무 수행시 필요하다고 생각 역량 지원 직무 수행하기 그동안 노력 도전 입사 성장 목표등 포함 구제적 작성해
1247,8,지원하신 직무와 관련하여 갖추고 있는 본인만의 경쟁력을 구체적인 사례와 경험을 들어 말씀해주십시오. (700자),지원하신 직무 관련 갖추고 본인만 경쟁력 구체적인 사례 경험 들어 말씀해주 700자
1248,8,"한화S&C는 ""SMART&CREATIVE""라는 비전슬로건을 갖고 있습니다. 현재 IT업계에서 ""SMART&CREATIVE""가 왜 필요한지 정의하고, 지원한 직무와 관련하여 본인이 ""SMART&CREATIVE""한 인재라는 것을 증명할 수 있는 구체적인 사례와 경험을 말씀해주십시오. (700자)",한화SC SMARTCREATIVE라 비전슬로건 갖고 현재 IT업계 SMARTCREATIVE 필요한지 정의 지원한 직무 관련 본인 SMARTCREATIVE한 인재라 증명할 구체적인 사례 경험 말씀해주 700자
1249,8,"본인이 희망한 직무를 성공적으로 수행할 수 있는 역량을 기술하고, 해당 역량을 갖추기 위해 어떤 준비와 경험을 하였는지 기술해 주십시오.",본인 희망한 직무 성공적 수행할 역량 기술 해당 역량 갖추기 어떤 준비 경험 하였는지 기술해
1250,8,청년인턴 직무에 필요한 직무능력을 습득하기 위해 받은 학교교육 또는 직업교육에 대해 기술하십시오. 400,청년인턴 직무 필요한 직무능력 습득하기 학교교육 직업교육 대해 기술하 400
1251,8,청년인턴 직무와 관련하여 현재 귀하의 능력 중 보완할 부분과 해당능력을 향상시킬 수 있는 방안에 대하여 구체적으로 기술하여 주십시오. 400,청년인턴 직무 관련 현재 귀하 능력 보완할 부분 해당능력 향상시킬 방안 구체적 기술 400
1252,8,본인이 지원한 직무와 관련하여 해당 직무를 수행할 수 있는 역량에 대해 구체적으로 기술하여 주시기 바랍니다.,본인 지원한 직무 관련 해당 직무 수행할 역량 대해 구체적 기술 주시기 바랍니다
1253,8,현대자동차 해당 직무 분야에 지원하게 된 이유와 선택 직무에 본인이 적합하다고 판단할 수 있는 이유 및 근거를 제시해 주십시오. (1000자),현대자동차 해당 직무 분야 지원하게 이유 선택 직무 본인 적합하다고 판단할 이유 근거 제시해
1254,8,"본인이 지원한 직무 및 설명을 채용공고를 참조하여 첫 줄에 기입하고, 이에 대한 스스로의 경쟁력(경험,지식,Skill)과 입사 후 기여할 수 있는 점은 무엇인지 사례를 들어 설명하시오.(800자 이내",본인 지원한 직무 설명 채용공고 참조 기입 스스로 경쟁력 입사 기여할 무엇인지 사례 들어 설명하
1255,8,"해당회사 및 직무에 지원하는 동기에 대해 기술해 주십시오 - 성격(장단점), 직무에 관련된 경험 및 역량, 관심사항, 개인의 목표 및 비전 등 자신을 어필할 수 있는 내용을 기반으로 자유롭게 기술하시기 바랍니다",해당회사 직무 지원 동기 대해 기술해 성격장단점 직무 관련된 경험 역량 관심사항 개인 목표 비전 자신 어필할 내용 기반 자유롭게 기술하시기 바랍니다
1256,8,넥센타이어와 지원 직무에 요구되는 역량은 무엇이라고 생각하시나요? 또 이를 갖추기 위한 본인의 노력 또는 특별한 경험도 함께 기술해 주세요. 993 / 1000 자,넥센타이어 지원 직무 요구되 역량 무엇이라고 생각하시나요 갖추기 본인 노력 특별한 경험 기술해 993 1000
1257,8,본인이 지원하는 직무를 가장 잘 표현하는 기존의 광고 카피를 선정하시고 그 이유를 작성하시오. [ 제한 500자 ],본인 지원 직무 가장 표현 기존 광고 카피 선정하시고 이유 작성하 제한 500자
1258,8,"현대엔지니어링의 프로젝트 하나를 선택하여, 해당 프로젝트에서 본인이 어떠한 역할을 수행할 수 있을지 지원한 직무를 기반으로 기술해 주십시오. [1000자]",현대엔지니어링 프로젝트 하나 선택 해당 프로젝트 본인 어떠한 역할 수행할 있을지 지원한 직무 기반 기술해 1000자
1259,8,"본인이 지원한 부서의 주요 업무내용 및 자격요건과 관련지어서, 해당 업무를 잘 수행할 수 있는 이유에 대하여 본인의 핵심 업무 역량 중심으로 기술하시오. 또한 업무 관련 경험이나 경력이 있을 경우 이에 대해 상세히 기술하시오.(업무 능력 중심)",본인 지원한 부서 주요 업무내용 자격요건 관련지어서 해당 업무 수행할 이유 본인 핵심 업무 역량 중심 기술하 또한 업무 경험 경력 경우 대해 상세히 기술하
1260,8,"한화S&C는 ""SMART&CREATIVE""라는 비전슬로건을 갖고 있습니다. 현재 IT업계에서 ""SMART&CREATIVE""가 왜 필요한지 정의하고, 지원한 직무와 관련하여 본인이 ""SMART&CREATIVE"" 한 인재라는 것을 증명할 수 있는 구체적인 사례와 경험을 말씀해주십시오",한화SC SMARTCREATIVE라 비전슬로건 갖고 현재 IT업계 SMARTCREATIVE 필요한지 정의 지원한 직무 관련 본인 SMARTCREATIVE 인재라 증명할 구체적인 사례 경험 말씀해주
1261,8,본인이 지원한 부문에 적합하다고 판단될 수 있는 이유 및 근거를 기재하시오.,본인 지원한 부문 적합하다고 판단될 이유 근거 기재하
1262,8,지원 직무를 향상시킨 경험,지원 직무 향상시킨 경험
1263,8,"입사지원을 하게 된 동기와, 자신이 지원한 직무에 적합하다고 생각하는 구체적인 이유를 기술하시오. (1000바이트)",입사지원 하게 동기 자신 지원한 직무 적합하다고 생각 구체적인 이유 기술하
1264,8,"지원하신 직무에 지원하게 되신 동기를 간략하게 밝히고, 본인이 잘 수행할 수 있다고 생각하는 이유를 구체적으로 기술해 주십시오.",지원하신 직무 지원하게 되신 동기 간략하게 밝히고 본인 수행할 있다고 생각 이유 구체적 기술해
1265,8,"직장으로서 한국지엠을 선택한 이유와 희망분야를 지원한 이유는 무엇인지? 그리고 지원하는 분야의 직무를 잘 수행하기 위해 어떤 준비를 했는지, 학습분야 또는 관련경험/직무 경험 중심으로 기술해 주십시오.",직장으로서 한국지엠 선택한 이유 희망분야 지원한 이유 무엇인지 그리고 지원 분야 직무 수행하기 어떤 준비 했는지 학습분야 관련경험직무 경험 중심 기술해
1266,8,삼양그룹과 해당 직무에 지원하는 이유를 기재해주십시오.,삼양그룹 해당 직무 지원 이유 기재해주
1267,8,본인이 지원하는 직무에 있어 그 일을 잘할 수 있는 차별화된 역량과 경험에 대하여 기술해주십시오,본인 지원 직무 있어 잘할 차별화된 역량 경험 기술해주
1268,8,"필수 여러분이 해당 계열사 및 직무를 지원한 이유와 해당 직무를 수행하기 위해 그동안 어떤 노력과 도전, 그리고 경험을 해왔는지 구체적으로 설명해주세요. (1,000자 이내)",필수 여러분 해당 계열사 직무 지원한 이유 해당 직무 수행하기 그동안 어떤 노력 도전 그리고 경험 해왔는지 구체적 설명해
1269,8,입사지원을 하게 된 동기와 자신이 지원한 직무에 적합하다고 생각하는 구체적인 이유,입사지원 하게 동기 자신 지원한 직무 적합하다고 생각 구체적인 이유
1270,8,"지원직무를 잘 수행할 수 있는 이유는 무엇인가요? ① 지원 직무 수행 시 필요하다고 생각하는 역량 ② 지원 직무를 잘 수행하기 위한 그동안의 노력과 도전 (본인만의 강점, 준비, 관련경험) ③ 입사 후 성장 목표 등을 포함하여 구체적으로 작성해 주세요. (1,000자 이내)",지원직무 수행할 이유 무엇인가요 지원 직무 수행 필요하다고 생각 역량 지원 직무 수행하기 그동안 노력 도전 입사 성장 목표 포함 구체적 작성해
1271,8,지원 직무의 필요 역량 3가지와 그 역량을 갖추기 위해 준비한 것을 기술하시오.(800자),지원 직무 필요 역량 3가지 역량 갖추기 준비한 기술하시오800자
1272,8,"여러분이 선택한 계열사와 해당 직무를 지원한 동기는 무엇인가요? ① 선택한 계열사가 아니면 안되는 이유, ② 직무에 관심갖게 된 계기, ③ 본인이 직무를 잘 수행할 수 있는 이유를 반드시 포함하여 구체적으로 작성해 주세요.(1,000자 이내)",여러분 선택한 계열사 해당 직무 지원한 동기 무엇인가요 선택한 계열사 아니면 안되 이유 직무 관심갖게 계기 본인 직무 수행할 이유 반드시 포함 구체적 작성해
1273,8,"귀하가 지원한 직무는 무엇이며, 해당 직무에 관심을 갖게 된 계기와 이를 잘 수행할 수 있다고 생각하는 이유를 본인의 역량, 준비과정 및 관련 경험을 근거로 서술해 주십시오. [500자 이하]",귀하 지원한 직무 무엇 해당 직무 관심 갖게 계기 수행할 있다고 생각 이유 본인 역량 준비과정 경험 근거 서술해 500자 이하
1274,8,"본인의 직업관과 직장 선택의 기준은 무엇이며, 지원 직무를 위해 기울인 노력, 입사 후 목표와 성장 계획을 기술해 주십시오 [1200자 이내, 24줄 이내]",본인 직업관 직장 선택 기준 무엇 지원 직무 기울인 노력 입사 목표 성장 계획 기술해 24줄 이내
1275,8,"희망직무는 무엇이고, 여러분의 경험과 지식 등이 해당 직무에 어떻게 활용될 수 있을지 구체적인 근거로 설명해주세요",희망직무 무엇 여러분 경험 지식 해당 직무 어떻게 활용될 있을지 구체적인 근거 설명해
1276,8,"본인이 지원한 직무 및 설명을 채용공고를 참조하여 첫 줄에 기입하고, 이에 대한 스스로의 경쟁력(경험,지식,Skill)과 입사 후 기여할 수 있는 점은 무엇인지 사례를 들어 설명하시오.(800자 이내) ex) 국내영업관리 - 유통망 육성 및 영업활동 지원, 영업정보 분석, 신규시장 개발, 전공무관, 명확한 목표의식, 적극성, 영업적 커뮤니케이션 스킬",본인 지원한 직무 설명 채용공고 참조 기입 스스로 경쟁력 입사 기여할 무엇인지 사례 들어 설명하 ex 국내영업관리 유통망 육성 영업활동 지원 영업정보 분석 신규시장 개발 전공무관 명확한 목표의식 적극성 영업적 커뮤니케이션 스킬
1277,8,"'하나투어'가 왜 본인을 선발해야 하는지, 지원한 직무에 있어 '나만의 장점'이 무엇인지 구체적으로 기술하시오.",하나투어 본인 선발 하는지 지원한 직무 있어 나만 장점 무엇인지 구체적 기술하
1278,8,입사를 위해 필요한 직무 역량,입사 필요한 직무 역량
1279,8,자신만의 차별화 되는 특성 또는 역량,자신만 차별화 특성 역량
1280,8,"본인이 지원한 직무에 가장 중요하다고 생각하는 역량과 이에 대한 자신만의 차별화된 강점 (전문지식, 기술, 경험 등)은 무엇인지 기술해 주십시오.",본인 지원한 직무 가장 중요하다고 생각 역량 자신만 차별화된 강점 무엇인지 기술해
1281,8,"지원하신 직무와 관련 하여, 가장 필요한 역량은 무엇이며, 이 역량을 갖추기 위하여 어떠한 노력을 하였는지 본인의 경험에 근거하여 서술하여 주시기 바랍니다. [500자 이상 1000자 이내]",지원하신 직무 가장 필요한 역량 무엇 역량 갖추기 어떠한 노력 하였는지 본인 경험 근거 서술 주시기 바랍니다
1282,8,세부역량기술 *지원자가 갖고있는 역량에 대하여 기술하여 주십시오.,세부역량기술 지원자 갖고 역량 기술
1283,8,"해당 희망직무를 지원한 이유를 기술하고, 지원한 직무를 성공적으로 수행하기 위해 어떠한 활동 또는 노력을 하고 있는지 기술하시오. (띄어쓰기 포함 800 자 이내)",해당 희망직무 지원한 이유 기술 지원한 직무 성공적 수행하기 어떠한 활동 노력 있는지 기술하
1284,8,"본인이 지원한 직무와 관련한 경험(금전적 보수 없음) 혹은 경력(금전적 보수 있음)에 대해 기술해 주시기 바랍니다. 다양한 활동(학교, 회사, 동아리, 동호회 등)을 통해 지원한 직무와 관련하여 쌓은 경험 또는 경력사항에 대해 작성해 주십시오. (1000자 이내) 1-1. 언제, 어디서 활동했던 경험인지 기술해 주십시오. (200자 이내)",본인 지원한 직무 관련한 경험 경력 대해 기술해 주시기 바랍니다 다양한 활동 지원한 직무 관련 경험 경력사항 대해 작성해 언제 어디서 활동했던 경험인지 기술해
1285,8,[My Competence] 본인이 지원한 직무관련 지원동기와 역량에 대하여 해당 직무의 지원동기를 포함하여 직무관련 본인이 보유한 강점과 보완점을 사례를 통하여 구체적으로 기술해주시기 바랍니다.(1000자),My Competence 본인 지원한 직무 지원동기 역량 해당 직무 지원동기 포함 직무 본인 보유한 강점 보완점 사례 구체적 기술해주시기 바랍니다
1286,8,[My Future] 본인이 지원한 직무관련 향후 계획에 대하여 본인이 지원한 직무와 관련된 본인이 향후 미래 계획에 대해 구체적으로 기술해주시기 바랍니다.(500자),My Future 본인 지원한 직무 향후 계획 본인 지원한 직무 관련된 본인 향후 미래 계획 대해 구체적 기술해주시기 바랍니다500자
1287,8,청년인턴 직무에 필요한 직무능력을 습득하기 위해 받은 학교교육 또는 직업교육에 대해 기술하십시오.,청년인턴 직무 필요한 직무능력 습득하기 학교교육 직업교육 대해 기술하
1288,8,Test Engineer와 QA 직무가 수행하는 역할에 대해 이해한 내용과 TE 혹은 QA에 관심을 갖게 된 계기를 기술해 주세요.,Test Engineer QA 직무 수행 역할 대해 이해한 내용 TE QA 관심 갖게 계기 기술해
1289,8,직무에 필요한 역량은?,직무 필요한 역량
1290,8,[직무역량]지원직무에 지원하는 이유와 지원한 직무와 관련된 본인이 가진 열정과 역량에 대하여 작성해 주시기 바랍니다. (700자),직무역량지원직무 지원 이유 지원한 직무 관련된 본인 가진 열정 역량 작성해 주시기 바랍니다 700자
1291,8,"여러분이 CJ CGV의 해당 직무에 지원한 동기는 무엇인가요? ① 해당 직무에 관심갖게 된 계기, ② 해당 직무를 본인이 잘 수행할 수 있는 이유를 본인의 경험을 반드시 포함하여 구체적으로 작성해 주세요. (1,000자 이내)",여러분 CJ CGV 해당 직무 지원한 동기 무엇인가요 해당 직무 관심갖게 계기 해당 직무 본인 수행할 이유 본인 경험 반드시 포함 구체적 작성해
1292,8,"여러분이 CJ CGV의 해당 직무를 수행하기 위해 노력해온 과정과 그 과정에서의 어려움 및 극복 방법을 본인의 경험을 바탕으로 구체적으로 작성해 주세요. (1,000자 이내)",여러분 CJ CGV 해당 직무 수행하기 노력해온 과정 과정에서 어려움 극복 방법 본인 경험 바탕 구체적 작성해
1293,8,"지원 직무 관련 주요 연구 및 업무경험에 대해 구체적으로 기술해 주십시오. * Lab명, Lab 주요연구활동, 주요논문 혹은 연구과제, 연구기간, 관련 특허, 논문초록 등 (700자)",지원 직무 주요 연구 업무경험 대해 구체적 기술해 Lab명 Lab 주요연구활동 주요논문 연구과제 연구기간 특허 논문초록 700자
1294,8,"입사 후 희망하는 직무는 무엇이며, 그 직무를 희망하는 이유에 대하여 기술하시오. * [100자 이상 300자 이내]",입사 희망 직무 무엇 직무 희망 이유 기술하
1295,8,"아래 열거된 역량은 DSME에서 필요한 역량입니다. 본인이 보유한 역량 중 가장 근접한 역량 3가지를 선택하고, 스스로 각 역량별로 점수화(각각 100점 만점 기준)한 다음 그에 따른 근거를 기술하십시오. → 성실성, 협력성, 책임감, 주도성/적극성, 창의성, 협상력, 위기관리능력, 외국어구사능력, 복수과제처리능력, 조선해양산업의 이해, 의사소통능력, 기획력",아래 열거된 역량 DSME 필요한 역량 본인 보유한 역량 가장 근접한 역량 3가지 선택 스스 역량별 점수화 다음 근거 기술하 성실성 협력성 책임감 주도성적극성 창의성 협상력 위기관리능력 외국어구사능력 복수과제처리능력 조선해양산업 이해 의사소통능력 기획력
1296,8,지원한 직무와 관련한 경력이나 경험 및 활동의 내용을 기술해 주십시오. (400byte 이내),지원한 직무 관련한 경력 경험 활동 내용 기술해
1297,8,"본인이 지원한 분야에 기여할 수 있는 점 지원분야의 직무를 잘 수행할 수 있는 본인의 강점, 역량, 직무경험 등에 대하여 작성하여 주십시오.",본인 지원한 분야 기여할 지원분야 직무 수행할 본인 강점 역량 직무경험 작성
1298,8,"(NCS 경험 및 경력기술서)지원 분야와 관련된 업무경력 및 실적 등 경력사항이나 다른 경험 및 활동에 대해 상세히 기술해 주시기 바랍니다. 경력사항의 경우, 채용 분야의 직무와 관련된 기업이나 조직에서 실제적으로 수행한 업무 경험에 대해서 작성해 주십시오. 경험 및 활동의 경우, 산학, 팀 프로젝트, 연구회, 동아리/동호회, 온라인 커뮤니티, 재능기부 등 다양한 조직에서의 활동을 통해 지원 분야와 관련한 경험을 쌓은 내용을 작성해 주십시오. 2-1. 본인이 지원한 직무와 관련하여 경험한 업무 또는 활동은 어떤 내용인지 기술해 주십시오.",지원 분야 관련된 업무경력 실적 경력사항 다른 경험 활동 대해 상세히 기술해 주시기 바랍니다 경력사항 경우 채용 분야 직무 관련된 기업 조직 실제적 수행한 업무 경험 작성해 경험 활동 경우 산학 프로젝트 연구회 동아리동호회 온라인 커뮤니티 재능기부 다양한 조직에서 활동 지원 분야 관련한 경험 내용 작성해 본인 지원한 직무 관련 경험한 업무 활동 어떤 내용인지 기술해
1299,8,사회 활동이나 강점과 연계한 직무 연관성,사회 활동 강점 연계한 직무 연관성
1300,8,"지원직무를 잘 수행할 수 있는 이유는 무엇인가요? ① 지원 직무 수행 시 필요하다고 생각하는 역량 ② 지원 직무를 잘 수행하기 위한 그동안의 노력과 도전 (본인만의 강점, 준비, 관련경험) ③ 영업사원으로서 예상되는 하루업무 일과 등을 포함하여 구제적으로 작성해 주세요. (1,000자 이내)",지원직무 수행할 이유 무엇인가요 지원 직무 수행 필요하다고 생각 역량 지원 직무 수행하기 그동안 노력 도전 영업사원으로서 예상되 하루업무 포함 구제적 작성해
1301,8,쌍용건설에 지원하게 된 동기와 입사 후 하고 싶은 직무를 기술해 주십시오. 또한 해당 직무에 필요한 역량을 갖추기 위해 어떤 노력을 했는지 구체적으로 작성해 주시기 바랍니다.,쌍용건설 지원하게 동기 입사 직무 기술해 또한 해당 직무 필요한 역량 갖추기 어떤 노력 했는지 구체적 작성해 주시기 바랍니다
1302,8,"해당 직무 분야를 선택하게 된 이유와, 직무 수행에 필요한 역량을 갖추기 위해 어떠한 노력을 하였는지 구체적인 경험을 근거로 상세하게 기술하여 주시길 바랍니다. (700자)",해당 직무 분야 선택하게 이유 직무 수행 필요한 역량 갖추기 어떠한 노력 하였는지 구체적인 경험 근거 상세하게 기술 주시길 바랍니다 700자
1303,8,"[역량] 관련 역량을 갖추기 위해 구체적으로 어떠한 노력을 하였는지 말씀해 주세요. (학업과정, 경험, 자격증 취득 등)",역량 역량 갖추기 구체적 어떠한 노력 하였는지 말씀해
1304,8,자신이 현대로템 및 지원 직무에 적합한 인재라고 생각하는 이유에 대해 말씀해주세요. 필수입력 (1000자 이하로 작성),자신 현대로템 지원 직무 적합한 인재라고 생각 이유 대해 말씀해 필수입력
1305,8,"지원한 직무를 선택한 동기는 무엇이며, 직무 수행에 필요한 역량을 갖추기 위한 본인의 노력에 대해 구체적으로 기술하십시오. (전공 또는 전공 외 교육 및 경험)* 1000자 이내(공백 포함)로 기술하여 주십시오.",지원한 직무 선택한 동기 무엇 직무 수행 필요한 역량 갖추기 본인 노력 대해 구체적 기술하 기술
1306,8,지원한 직무에 귀하를 반드시 채용해야 하는 이유를 두 가지 이상 기술해주십시오.(500자 이상),지원한 직무 귀하 반드시 채용 이유 가지 이상 기술해주
1307,8,"희망직무에 요구되는 역량은 무엇이라고 생각하며, 이를 갖추기 위한 본인의 노력 또는 특별한 경험을 기술하세요. (600자)",희망직무 요구되 역량 무엇이라고 생각 갖추기 본인 노력 특별한 경험 기술하 600자
1308,8,지원 동기 : 지원동기와 지원한 직무를 본인이 잘 수행할 수 있다고 생각하는 이유는 무엇입니까?,지원 동기 지원동기 지원한 직무 본인 수행할 있다고 생각 이유 무엇입니까
1309,8,"본인이 지원한 직무와 관련한 경험(금전적 보수 없음) 혹은 경력(금전적 보수 있음)에 대해 기술해주시기 바랍니다. 다양한 활동(학교, 회사, 동아리, 동호회 등)을 통해 지원한 직무와 관련하여 쌓은 경험 또는 경력사항에 대해 작성해 주십시오.",본인 지원한 직무 관련한 경험 경력 대해 기술해주시기 바랍니다 다양한 활동 지원한 직무 관련 경험 경력사항 대해 작성해
1310,8,지원 직무를 위해 준비된 본인 만의 차별화된 필살기/경험/경력을 상세히 기술하시오. * [100자 이상 1000자 이내],지원 직무 준비된 본인 차별화된 필살기경험경력 상세히 기술하
1311,8,"지원하신 직무를 수행하기 위해 필요한 전문적인 역량은 무엇이라 생각하며, 귀하가 가진 역량에 대해 아래 질문을 감안하여 기술하여 주십시오. - 서울시설공단을 알게된 경로나 지원하게 된 동기는 무엇입니까?",지원하신 직무 수행하기 필요한 전문적인 역량 무엇이라 생각 귀하 가진 역량 대해 아래 질문 감안 기술 서울시설공단 알게된 경로 지원하게 동기 무엇입니까
1312,8,"지원분야 업무를 수행함에 있어서 필요한 역량은 무엇이라고 생각하며, 본인이 가진 역량은 무엇입니까?",지원분야 업무 수행함 있어서 필요한 역량 무엇이라고 생각 본인 가진 역량 무엇입니까
1313,8,"지원하신 직무를 수행하기 위해 필요한 전문적인 역량은 무엇인지, 그 역량을 가지게 되기 까지의 경험, 자신의 행동, 결과 등을 아래 질문을 감안하여 기술하여 주십시오.",지원하신 직무 수행하기 필요한 전문적인 역량 무엇인지 역량 가지게 되기 까지 경험 자신 행동 아래 질문 감안 기술
1314,8,"LG디스플레이 및 지원 직무에 지원하는 동기에 대해 기술해 주십시오. 성격(장단점), 직무와 관련된 경험 및 역량, 관심사항, 개인의 목표 및 비전 등 자신을 어필할 수 있는 내용을 기반으로 자유롭게 기술하시기 바랍니다",LG디스플레 지원 직무 지원 동기 대해 기술해 성격장단점 직무 관련된 경험 역량 관심사항 개인 목표 비전 자신 어필할 내용 기반 자유롭게 기술하시기 바랍니다
1315,8,"디스플레이 및 지원 직무 관련된 이력을 간결하게 나열해주시기 바랍니다. 학교수강교과목, 외부교육수강 이력, 프로젝트 경험 등을 제목/경험/성적(또는 성과) 등으로 기술해주시면 됩니다.",디스플레 지원 직무 관련된 이력 간결하게 나열해주시기 바랍니다 학교수강교과목 외부교육수강 이력 프로젝트 경험 제목경험성적 기술해주시면
1316,8,"해당 직무를 수행하기 위해 필요한 역량은 무엇이며, 이 역량을 갖추기 위해 어떠한 노력을 해왔는지(학습사항, 학위 및 전공 등) 사실에 근거하여 설명해주십시오. 또한 지원직무와 관련해 본인 만의 차별화된 지식과 경험을 구체적으로 기술하여 주십시오. [ 100자 이상 1000자 이내 ]",해당 직무 수행하기 필요한 역량 무엇 역량 갖추기 어떠한 노력 해왔는지 사실 근거 설명해주 또한 지원직무 관련해 본인 차별화된 지식 경험 구체적 기술
1317,8,"본인이 지원한 직렬에 필요한 지식이나 기술을 습득하기 위해 받은 교육(전공포함), 경력(경험, 현장실습 등 포함)을 기술해 주십시오. (띄어쓰기 포함 800자 이내)",본인 지원한 직렬 필요한 지식 기술 습득하기 교육전공포함 경력 기술해
1318,8,해당 직무를 수행함에 있어 예상되는 어려움과 이를 극복해 나갈 수 있는 본인만의 경쟁력이 무엇인지 기술하시오.(경험 중심으로 기재) 300,해당 직무 수행함 있어 예상되 어려움 극복해 나갈 본인만 경쟁력 무엇인지 기술하 300
1319,8,지원하신 직무에 귀하를 반드시 채용해야 하는 이유를 두 가지 이상 기술해주십시오.,지원하신 직무 귀하 반드시 채용 이유 가지 이상 기술해주
1320,8,"지원한 직무를 본인이 훌륭하게 수행할 수 있다고 생각하는 이유와 코웨이에서의 10년 후 나의 비전을 제시하고, 비전과 관련하여 도전하고 싶은 한 가지를 서술하여 주시기 바랍니다. (1000자)",지원한 직무 본인 훌륭하게 수행할 있다고 생각 이유 코웨이에서 10년 비전 제시 비전 관련 도전 가지 서술 주시기 바랍니다
1321,8,"Big Data 직무는 ①Data 분석 및 Modeling ②Data Engineering의 두 가지 분야로 이루어져 있습니다. 본인의 역량에 가장 적합한 분야를 한가지 선택하고, 해당 분야와 관련된 프로젝트 / 공모전 / 대회 / 논문 / 연구 / 학습 및 기타 활동에 참여했던 2가지 경험에 대해 서술해 주십시오. (4~5번 문항 각 1가지)",Big Data 직무 Data 분석 Modeling Data Engineering 가지 분야 이루어져 본인 역량 가장 적합한 분야 한가지 선택 해당 분야 관련된 프로젝트 공모전 대회 논문 연구 학습 기타 활동 참여했던 2가지 경험 대해 서술해
1322,8,해당 직무에 지원하기 위해 준비한 본인만의 경쟁력을 구체적인 사례와 경험을 들어 말씀해주십시오. (700자),해당 직무 지원하기 준비한 본인만 경쟁력 구체적인 사례 경험 들어 말씀해주 700자
1323,8,"한화 S&C는 “SMART & CREATIVE”라는 비전 슬로건을 갖고 있습니다. 현재 IT업계에서 “SMART & CREATIVE”가 왜 필요한지 정의하고, 지원한 직무와 관련하여 본인이 “SMART & CREATIVE”한 인재라는 것을 증명할 수 있는 구체적인 사례와 경험을 말씀해주십시오. (700자)",한화 SC SMART CREATIVE라 비전 슬로건 갖고 현재 IT업계 SMART CREATIVE 필요한지 정의 지원한 직무 관련 본인 SMART CREATIVE한 인재라 증명할 구체적인 사례 경험 말씀해주 700자
1324,8,"아모레퍼시픽 그룹 핵심가치(개방, 정직, 혁신, 친밀, 도전) 중 본인에게 가장 부합하는 하나를 선택하고, 지원 직무를 수행하는 데 있어 해당 가치를 어떻게 발휘할 수 있을 지 앞으로의 목표(비전) 및 계획에 대해 기술하시오. (필수입력사항 최대 600",아모레퍼시픽 그룹 핵심가치 본인 가장 부합 하나 선택 지원 직무 수행 있어 해당 가치 어떻게 발휘할 앞으로 목표비전 계획 대해 기술하 필수입력사항 최대 600
1325,8,"지원분야의 직무를 잘 수행할 수 있는 본인의 강점, 역량, 직무경험 등에 대하여 작성하여 주십시오.",지원분야 직무 수행할 본인 강점 역량 직무경험 작성
1326,8,"(직무역량) 본인이 희망하는 직무를 선정하고, 그 이유와 이를 위해 어떠한 준비를 하였는지 서술하시오.",직무역량 본인 희망 직무 선정 이유 어떠한 준비 하였는지 서술하
1327,8,"해외영업직을 효과적으로 수행하기 위해 필요한 역량 또는 덕목은 무엇이며, 이를 바탕으로 본인이 가진 강점과 보완점을 기술해 주시기 바랍니다.(500)",해외영업직 효과적 수행하기 필요한 역량 덕목 무엇 바탕 본인 가진 강점 보완점 기술해 주시기 바랍니다500
1328,8,본인이 지원한 직무를 하고 싶은 이유와 본인이 그 직무에 어떻게 적합한지 기술해주세요.,본인 지원한 직무 이유 본인 직무 어떻게 적합한지 기술해
1329,8,"지원동기 및 직무역량 지원한 직무를 선택하게 된 계기는 무엇이며, 해당 직무수행을 위한 준비사항 및 경험을 작성하여 주시고, 다른 사람보다 차별화된 역량이 무엇인지 기술하여 주시기 바랍니다. 500자",지원동기 직무역량 지원한 직무 선택하게 계기 무엇 해당 직무수행 준비사항 경험 작성 주시고 다른 사람 차별화된 역량 무엇인지 기술 주시기 바랍니다 500자
1330,8,지원한 직무는 무엇입니까? 해당 직무에 대한 전문가가(전문지식 습득 등)되기 위해 어떤 노력을 하였으며 이를 통해 무엇을 배웠는지 기술하여 주십시오,지원한 직무 무엇입니까 해당 직무 전문가 되기 어떤 노력 하였으며 무엇 배웠는지 기술
1331,8,"(My Story)해당회사 및 직무에 지원하는 동기에 대해 기술해 주십시오.≪Guide≫ 성격(장단점), 직무에 관련된 경험 및 역량, 관심사항, 개인의 목표 및 비전 등 자신을 어필할 수 있는 내용을 기반으로 자유롭게 기술하시기 바랍니다.(100자~1,000자)",해당회사 직무 지원 동기 대해 기술해 주십시오Guide 성격장단점 직무 관련된 경험 역량 관심사항 개인 목표 비전 자신 어필할 내용 기반 자유롭게 기술하시기 바랍니다
1332,8,"(My Competency)지원 직무와 관련된 이력을 간결하게 나열해주시기 바랍니다.≪Guide≫ 학교수강교과목, 외부교육수강 이력, 프로젝트 경험 등을 제목/경험/성적(또는 성과) 등으로 기술해주시면 됩니다.",지원 직무 관련된 이력 간결하게 나열해주시기 바랍니다Guide 학교수강교과목 외부교육수강 이력 프로젝트 경험 제목경험성적 기술해주시면
1333,8,"여러분이 선택한 계열사 및 직무에 대한 지원동기는 무엇인가요? ① 선택한 계열사가 아니면 안되는 이유, ② 직무에 관심갖게 된 계기, ③ 본인이 직무를 잘 수행할 수 있는 이유를 반드시 포함하여 구체적으로 작성해 주세요. (1000자)",여러분 선택한 계열사 직무 지원동기 무엇인가요 선택한 계열사 아니면 안되 이유 직무 관심갖게 계기 본인 직무 수행할 이유 반드시 포함 구체적 작성해
1334,8,본인이 NSOK에 꼭 입사해야 하는 이유와 지원 직무에 대한 본인의 적합성을 다음 3가지 차원에서 정리하여 구체적으로 기술해 주십시오.,본인 NSOK 입사 이유 지원 직무 본인 적합성 다음 3가지 차원 정리 구체적 기술해
1335,8,본인이 선택한 직무에 대해 아래 내용을 포함하여 기술하시오.1) 직무를 선택하게 된 이유2) 직무를 수행함에 있어 예상되는 어려움3) 이를 극복해 나갈 수 있는 본인만의 강점 (관련경험 기반),본인 선택한 직무 대해 아래 내용 포함 기술하시오1 직무 선택하게 이유2 직무 수행함 있어 예상되 어려움3 극복해 나갈 본인만 강점
1336,8,"지원한 직렬에 필요한 지식이나 기술을 습득하기 위해 받은 교육, 경험을 기술하시오.",지원한 직렬 필요한 지식 기술 습득하기 교육 경험 기술하
1337,8,"본인이 지원하는 직무를 수행함에 있어서 요구되는 역량이 무엇이라 생각하며, 이 역량을 갖추기 위한 노력 또는 특별한 경험을 기술하여 주십시오.",본인 지원 직무 수행함 있어서 요구되 역량 무엇이라 생각 역량 갖추기 노력 특별한 경험 기술
1338,8,지원한 직무에 본인이 적합하다고 생각하는 이유를 구체적으로 서술해 주시기 바랍니다.(800자이내),지원한 직무 본인 적합하다고 생각 이유 구체적 서술해 주시기 바랍니다
1339,8,"CJ오쇼핑 및 해당 직무를 지원한 동기와 지원직무를 잘 수행할수 있는 이유는 무엇인가요? ① 지원 동기 및 지원 직무 수행시 필요하다고 생각하는 역량, ② 지원 직무를 잘 수행하기 위한 그동안의 노력과 도전 (본인만의 강점, 준비, 관련경험), ③ 입사 후 성장 목표 등을 포함하여 구제적으로 작성해 주세요. (1,000자 이내)",CJ오쇼핑 해당 직무 지원한 동기 지원직무 수행할수 이유 무엇인가요 지원 동기 지원 직무 수행시 필요하다고 생각 역량 지원 직무 수행하기 그동안 노력 도전 입사 성장 목표 포함 구제적 작성해
1340,8,지원직무를 위해 노력했던 경험과 해당 직무를 수행함에 있어 본인이 가진 역량을 기술해 주십시오.,지원직무 노력했던 경험 해당 직무 수행함 있어 본인 가진 역량 기술해
1341,8,"여러분은 어떤 선택을 하실 건가요? 500자 - 당신은 현재 내년초 대리승진이 확정적입니다. 대리승진 후에는 상당 부분의 의사결정 권한과 폭넓은 업무경험으로 해당 직무 전문가로 성장 가능성이 매우 높습니다. 그런데 마침 당신이 꼭 가고 싶었던 국가의 해외전문가 교육과정 공모가 진행 중입니다. 6개월 교육 후 최종 선발을 하는데 최종 선발 경쟁이 매우 치열합니다. 해당 교육과정에 참여할 경우 승진이 불투명해 진다면 당신은 어떤 선택을 하겠으며, 그 이유는 무엇인가요?",여러분 어떤 선택 하실 건가요 500자 당신 현재 내년초 대리승진 확정적 대리승진 후에 상당 부분 의사결정 권한 폭넓 업무경험 해당 직무 전문가 성장 가능성 매우 그런데 마침 당신 가고 싶었던 국가 해외전문 교육과정 공모 진행 6개월 교육 최종 선발 하는데 최종 선발 경쟁 매우 치열 해당 교육과정 참여할 경우 승진 불투명해 진다면 당신 어떤 선택 하겠으며 이유 무엇인가요
1342,8,"지원한 직무를 수행함에 있어 본인이 가지고 있는 강점 및 경험, 노력 등을 기술해 주세요",지원한 직무 수행함 있어 본인 가지고 강점 경험 노력 기술해
1343,8,직무 역량에 대해 서술하시오.,직무 역량 대해 서술하
1344,8,본인이 지원한 직무에 대해 남들보다 어떠한 강점과 경쟁력이 있는지 기술해 주세요.,본인 지원한 직무 대해 남들 어떠한 강점 경쟁력 있는지 기술해
1345,8,해당 직무를 지원한 이유와 직무를 잘 수행하기 위해 역량을 개발해온 과정을 구체적으로 기술하여 주십시오.,해당 직무 지원한 이유 직무 수행하기 역량 개발해온 과정 구체적 기술
1346,8,직무를 위해 준비해 온 것,직무 준비해
1347,8,"지원직무를 선택한 이유와 그 직무에 필요한 역량을 갖추기 위해 어떠한 노력을 해왔는지 구체적으로 서술하고, 그 준비과정들이 회사와 본인의 발전에 어떻게 기여할 것이라 생각하시는지 기술하시오.",지원직무 선택한 이유 직무 필요한 역량 갖추기 어떠한 노력 해왔는지 구체적 서술 준비과정들 회사 본인 발전 어떻게 기여할 것이라 생각하시는지 기술하
1348,8,"CJ헬스케어와 해당 직무에 지원한 동기는 무엇인가요? ① CJ헬스케어야만 하는 이유, ② 지원 직무에 관심을 갖게 된 계기, ③ 입사 후 성장 목표를 반드시 포함하여 구체적으로 작성해 주세요. (1,000자 이내)",CJ헬스케어 해당 직무 지원한 동기 무엇인가요 CJ헬스케어야 이유 지원 직무 관심 갖게 계기 입사 성장 목표 반드시 포함 구체적 작성해
1349,8,"지원직무 수행 시, 중요하다고 생각되는 직무관련 전문지식을 2~3가지 주제로 선정하고 그 이유와 내용을 구체적으로 작성해주세요. (700자 이내)",지원직무 수행 중요하다고 생각되 직무 전문지식 23가지 주제 선정 이유 내용 구체적 작성해
1350,8,"지원한 직무를 선택한 동기는 무엇이며, 직무 수행에 필요한 역량을 갖추기 위한 본인의 노력에 대해 구체적으로 기술하십시오. (전공 또는 전공 외 교육 및 경험)",지원한 직무 선택한 동기 무엇 직무 수행 필요한 역량 갖추기 본인 노력 대해 구체적 기술하
1351,8,직무 강점을 서술하시오.,직무 강점 서술하
1352,8,위메프에 꼭 입사해야하는 이유와 지원 직무를 위해 노력한점은 무엇인가요?,위메프 입사해야 이유 지원 직무 노력한점 무엇인가요
1353,8,지원 직무를 수행하는데 필요한 역량 중 본인이 보유한 강점은 무엇인가요?,지원 직무 수행하는데 필요한 역량 본인 보유한 강점 무엇인가요
1354,8,본인의 경험 중 지원한 직무와 관련하여 가장 특별하고 인상 깊었던 경험에 대해 구체적으로 기술하세요. (1000자 이내),본인 경험 지원한 직무 관련 가장 특별 인상 깊었던 경험 대해 구체적 기술하
1355,8,"해당 직무에 지원하는 구체적 이유, 그리고 그 직무를 잘 수행하기 위해 준비해 온 과정을 기술해주십시오.",해당 직무 지원 구체적 이유 그리고 직무 수행하기 준비해 과정 기술해주
1356,8,본인이 위메프에 꼭 입사해야하는 이유와 지원 직무를 위해 노력한 점은 무엇인가요?,본인 위메프 입사해야 이유 지원 직무 노력한 무엇인가요
1357,8,"본인이 지원한 직렬의 주요업무를 간략히 기술하고, 그에 따른 필요한 지식이나 기술을 습득하기 위해 받은 교육, 실무실습 내용을 기술하십시오.",본인 지원한 직렬 주요업무 간략히 기술 필요한 지식 기술 습득하기 교육 실무실습 내용 기술하
1358,8,희망 직무에 지원한 이유와 해당 직무에 대한 본인만의 강점을 쓰시오.,희망 직무 지원한 이유 해당 직무 본인만 강점
1359,8,"본인이 희망하는 업무는 무엇이며, 업무 수행에 필요한 역량을 갖추기 위해 어떠한 노력을 했는지 구체적으로 기술해 주십시오.",본인 희망 업무 무엇 업무 수행 필요한 역량 갖추기 어떠한 노력 했는지 구체적 기술해
1360,8,"지원한 지역의 경제, 문화, 산업(농업 등)의 특성에 대해 설명하고, 해당지역 인재로 성장하기 위해 어떠한 역량을 갖추고 있는지 기술하시오.",지원한 지역 경제 문화 산업농업 특성 대해 설명 해당지역 인재 성장하기 어떠한 역량 갖추고 있는지 기술하
1361,8,"은행 지점에서 근무하기 위해 가장 필요한 역량에 대해 제시하고, 자신은 얼마나 그 역량을 갖추고 있는지 구체적 경험을 들어 기술하시오.",은행 지점 근무하기 가장 필요한 역량 대해 제시 자신 얼마 역량 갖추고 있는지 구체적 경험 들어 기술하
1362,8,본인이 당사에 꼭 입사해야하는 이유와 지원 직무를 위해 했던 구체적인 노력에 대해서 서술해주십시오. (1000자 이내),본인 당사 입사해야 이유 지원 직무 했던 구체적인 노력 서술해주
1363,8,"희망직무는 무엇이며, 그 직무를 수행하기 위한 필요역량이 무엇인지 제시하고 그러한 역량을 확보하기 위해 어떠한 노력을 해왔는지 기술하세요. (1000자 이내)",희망직무 무엇 직무 수행하기 필요역량 무엇인지 제시 그러한 역량 확보하기 어떠한 노력 해왔는지 기술하
1364,8,"자신이 갖춘 직무와 관련된 실력을 표현하고, 그 근거를 기술하시오.",자신 갖춘 직무 관련된 실력 표현 근거 기술하
1365,8,"지원한 직무와 직접적인 연관성은 없으나, 입사 후 회사생활을 하는 데 도움이 될 수 있는 자신이 가진 지식이나 경험에 대해 기술하시오. (400 자 4 단락 이내)",지원한 직무 직접적인 연관성 없으 입사 회사생활 도움 자신 가진 지식 경험 대해 기술하
1366,8,"여신전문금융업무를 위해 필요한 역량은 무엇이고, 이러한 점을 갖추기 위해 그동안 준비한 것을 설명 하시오. (1000자 이내)",여신전문금융업무 필요한 역량 무엇 이러한 갖추기 그동안 준비한 설명
1367,8,희망직무를 지원한 이유와 직무를 수행하기 위한 노력 및 경험을 구체적으로 작성하시오,희망직무 지원한 이유 직무 수행하기 노력 경험 구체적 작성하
1368,8,희망 직무을 지원한 이유와 해당 직군의 직무를 수행하기 위해 어떠한 노력이나 경험을 하였는지 작성해주세요.,희망 직무 지원한 이유 해당 직군 직무 수행하기 어떠한 노력 경험 하였는지 작성해
1369,8,총무 직무를 잘 수행할 수 있다고 생각하는 이유,총무 직무 수행할 있다고 생각 이유
1370,8,"현대글로비스가 당신을 채용해야 하는 이유는 무엇인지, 희망 직무 관점에서 자신만의 역량을 구체적인 사례를 근거로 기술해 주시길 바랍니다. (500자 ~ 700자)",현대글로비스 당신 채용 이유 무엇인지 희망 직무 관점 자신만 역량 구체적인 사례 근거 기술해 주시길 바랍니다
1371,8,"지원 직무와 관련한 본인의 경험(전공, 개인역량 등) 및 노력에 대하여 기술하시오.",지원 직무 관련한 본인 경험 노력 기술하
1372,8,"‘고객 만족’을 이끌어 낼 수 있는 본인의 역량은 무엇이며, 그러한 역량을 발휘한 경험을 서술해 주십시오.",고객 만족 이끌어 본인 역량 무엇 그러한 역량 발휘한 경험 서술해
1373,8,당사 지원동기와 본인의 지원 직무 수행을 위해 준비해 온 사항에 대해 기술하시기 바랍니다.,당사 지원동기 본인 지원 직무 수행 준비해 사항 대해 기술하시기 바랍니다
1374,8,지원 직무 관련 자신이 갖춘 역량에 대하여 구체적으로 기술하여 주십시오. (1000자 이내),지원 직무 자신 갖춘 역량 구체적 기술
1375,8,"지원한 분야의 직무를 잘 할 수 있다고 생각하는 이유와, 그 직무를 통해 달성하려는 목표를 기술하여 주십시오. (1000자 이내)",지원한 분야 직무 있다고 생각 이유 직무 달성하려 목표 기술
1376,8,"지원 직무와 관련한 준비과정(학업, 교내외 활동 등) 및 입사 후 어떻게 성장해 나갈 것인지 기술하십시오. (1000자 이내)",지원 직무 관련한 준비과정 입사 어떻게 성장해 나갈 것인지 기술하
1377,8,본인이 해당 직무 분야에 지원하게 된 이유와 해당 직무에 본인이 적합하다고 판단할 수 있는 이유 및 근거를 기술하시오.,본인 해당 직무 분야 지원하게 이유 해당 직무 본인 적합하다고 판단할 이유 근거 기술하
1378,8,"희망하는 직무에 지원하기 위해 준비해 온 과정과 함께, 지원분야 관련 프로젝트 수행경험이 있다면 역할 및 기여도를 중심으로 기술하시기 바랍니다. (1000자 이내)",희망 직무 지원하기 준비해 과정 지원분야 프로젝트 수행경험 있다면 역할 기여도 중심 기술하시기 바랍니다
1379,8,직무에 대해 남들과 차별화 되는 본인의 경쟁력.,직무 대해 남들 차별화 본인 경쟁력
1380,8,"지원한 직무 수행을 위해 본인이 무엇을 어떻게 준비하고 노력 해 왔는지 구체적으로 기술하십시오. / 관련 Project 수행 당시 본인의 역할/ knowledge, skill 등 보유 역량)",지원한 직무 수행 본인 무엇 어떻게 준비 노력 왔는지 구체적 기술하 Project 수행 당시 본인 역할 knowledge skill 보유 역량
1381,8,"현대글로비스가 당신을 채용해야 하는 이유는 무엇인지, 희망 직무 관점에서 자신만의 역량을 구체적인 사례를 근거로 기술해 주시길 바랍니다.",현대글로비스 당신 채용 이유 무엇인지 희망 직무 관점 자신만 역량 구체적인 사례 근거 기술해 주시길 바랍니다
1382,8,해당 직무 분야에 본인이 최적의 지원자라고 생각하는 이유를 서술하시오,해당 직무 분야 본인 최적 지원자라고 생각 이유 서술하
1383,8,"여러분이 선택한 계열사와 해당 직무를 지원한 동기는 무엇인가요? ① 선택한 계열사가 아니면 안되는 이유, ② 직무에 관심갖게 된 계기, ③ 본인이 직무를 잘 수행할 수 있는 이유를 반드시 포함하여 구체적으로 작성해 주세요. (1000자 이내)",여러분 선택한 계열사 해당 직무 지원한 동기 무엇인가요 선택한 계열사 아니면 안되 이유 직무 관심갖게 계기 본인 직무 수행할 이유 반드시 포함 구체적 작성해
1384,8,"본인의 역량, 경쟁력에 대해 말씀해 주십시오.",본인 역량 경쟁력 대해 말씀해
1385,8,"공단 입사 후 업무를 수행함에 있어 현재 본인에게 가장 필요한 역량은 무엇이며, 역량 개발을 위해 어떤 활동과 노력을 하고 있는지 기술해주시길 바랍니다.",공단 입사 업무 수행함 있어 현재 본인 가장 필요한 역량 무엇 역량 개발 어떤 활동 노력 있는지 기술해주시길 바랍니다
1386,8,"입사지원을 하게 된 동기와, 자신이 지원한 직무에 적합하다고 생각하는 구체적인 이유를 기술하시오. (1000자 이내)",입사지원 하게 동기 자신 지원한 직무 적합하다고 생각 구체적인 이유 기술하
1387,8,지원한 직무는 무엇입니까? 해당 직무에 대한 전문가가(전문지식 습득 등)되기 위해 어떤 노력을 하였으며 이를 통해 무엇을 배웠는지 기술하여 주십시오. (1000자 이내),지원한 직무 무엇입니까 해당 직무 전문가 되기 어떤 노력 하였으며 무엇 배웠는지 기술
1388,8,"귀하가 지원한 직무는 무엇이며, 해당 직무에 관심을 갖게 된 계기와 이를 잘 수행할 수 있다고 생각하는 이유를 본인의 역량, 준비과정 및 관련 경험을 근거로 서술해 주십시오. (1000자 이내)",귀하 지원한 직무 무엇 해당 직무 관심 갖게 계기 수행할 있다고 생각 이유 본인 역량 준비과정 경험 근거 서술해
1389,8,지원동기 및 지원한 직무에 자신이 적합한 이유를 서술하시기 바랍니다.,지원동기 지원한 직무 자신 적합한 이유 서술하시기 바랍니다
1390,8,본인이 생각하는 영업관리 직무의 필수적인 역량과 이와 관련된 본인의 강점과 약점을 기술하시오,본인 생각 영업관리 직무 필수적인 역량 관련된 본인 강점 약점 기술하
1391,8,3. 직무 수행에 필요한 강점,직무 수행 필요한 강점
1392,8,본인이 지원하는 직무에 있어 그 일을 잘할 수 있는 차별화된 역량과 경험에 대하여 기술해주십시오.,본인 지원 직무 있어 잘할 차별화된 역량 경험 기술해주
1393,8,"지원 직무를 본인이 훌륭히 수행할 수 있는 근거와 이유를, 본인의 강점과 경험 등을 바탕으로.",지원 직무 본인 훌륭히 수행할 근거 이유 본인 강점 경험 바탕
1394,8,"해당 직무에 지원한 동기와 해당 직무에 본인이 적합한 이유 및 근거를 본인의 경험, 전공 등과 연계하여 서술하여 주십시오. (1000자 이내)",해당 직무 지원한 동기 해당 직무 본인 적합한 이유 근거 본인 경험 전공 연계 서술
1395,8,본인이 당사에 입사하고자 하는 이유와 지원 직무를 위해 했던 구체적인 노력에 대해서 기술하여 주십시오.,본인 당사 입사하고자 이유 지원 직무 했던 구체적인 노력 기술
1396,8,지원한 업무를 수행하기 위해 가장 필요한 역량과 이를 위해 준비한 경험을 작성하여 주십시오_학교생활 이외 (500字 이내),지원한 업무 수행하기 가장 필요한 역량 준비한 경험 작성 주십시오학교생활 이외
1397,8,"귀하가 지원한 직무는 무엇이며, 해당 직무에 관심을 갖게 된 계기와 이를 잘 수행할 수 있다고 생각하는 이유를 본인의 역량, 준비과정 및 관련 경험을 근거로 서술해 주십시오.",귀하 지원한 직무 무엇 해당 직무 관심 갖게 계기 수행할 있다고 생각 이유 본인 역량 준비과정 경험 근거 서술해
1398,8,3. 지원 직무와 관련된 이력을 간결하게 나열해주시기 바랍니다.,지원 직무 관련된 이력 간결하게 나열해주시기 바랍니다
1399,8,지원 직무를 잘 수행하여 위하여 어떤 준비를 했는지 구체적으로 기술해 주세요.(600자 이내),지원 직무 수행 어떤 준비 했는지 구체적 기술해
1400,8,"1)지원직무 수행을 위해 필요한 역량(지식, 스킬, 태도)은 무엇이라고 생각하는지 서술하세요 2)본인이 요구 역량을 함양하기 위해 어떤 노력을 해 왔는지 구체적 사례를 중심으로 서술하세요.",1지원직무 수행 필요한 역량 무엇이라고 생각하는지 서술하 2본인 요구 역량 함양하기 어떤 노력 왔는지 구체적 사례 중심 서술하
1401,8,"본인이 지원한 분야에 대한 지식, 직무 수행을 위해 노력한 경험이나 자신만의 노하우가 있다면 어떤 것인지 구체적으로 기술해 주세요.",본인 지원한 분야 지식 직무 수행 노력한 경험 자신만 노하우 있다면 어떤 것인지 구체적 기술해
1402,8,본인이 지원한 직무관련 역량에 대해 기술해 주십시오.,본인 지원한 직무 역량 대해 기술해
1403,8,"본인이, 지원한 직무를 잘 수행할 수 있다고 생각하는 이유를 설명하세요.",본인 지원한 직무 수행할 있다고 생각 이유 설명하
1404,8,"지원한 희망 직무를 수행하기 위해 본인이 가지고 있는 역량 2가지를 기술하고, 해당역량을 갖추기 위해 어떤 준비와 경험을 하였는지 구체적으로 기술하여 주십시오.",지원한 희망 직무 수행하기 본인 가지고 역량 2가지 기술 해당역량 갖추기 어떤 준비 경험 하였는지 구체적 기술
1405,8,지원 직무 관련 자신이 갖춘 역량에 대하여 구체적으로 기술하여 주십시오. (700자 이내),지원 직무 자신 갖춘 역량 구체적 기술
1406,8,직무와 관련된 경험.,직무 관련된 경험
1407,8,지원하신 직무를 본인이 잘 수행할 수 있다고 생각하는 이유를 기술해 주십시오,지원하신 직무 본인 수행할 있다고 생각 이유 기술해
1408,8,지원동기 : 해당 직무를 지원한 동기와 그 직무를 수행하기 위한 본인만의 차별화된 역량을 기술해 주시기 바랍니다.,지원동기 해당 직무 지원한 동기 직무 수행하기 본인만 차별화된 역량 기술해 주시기 바랍니다
1409,8,직무 경험: 희망 직무 준비 과정과 희망 직무에 대한 본인의 장점과 단점을 기술해 주세요.,직무 경험 희망 직무 준비 과정 희망 직무 본인 장점 단점 기술해
1410,8,본인의 경험 중 지원한 직무와 관련하여 가장 특별하고 인상 깊었던 경험에 대하여 사례위주로 설명하여 주시기 바랍니다.,본인 경험 지원한 직무 관련 가장 특별 인상 깊었던 경험 사례위주 설명 주시기 바랍니다
1411,8,"지원한 희망 직무를 수행하기 위해 본인이 가지고 있는 역량 2가지를 기술하고, 해당 역량을 갖추기 위해 어떤 준비와 경험을 하였는지 구체적으로 기술해주세요.",지원한 희망 직무 수행하기 본인 가지고 역량 2가지 기술 해당 역량 갖추기 어떤 준비 경험 하였는지 구체적 기술해
1412,8,지원 분야와 관련한 역량.,지원 분야 관련한 역량
1413,8,Test Engineer 와 QA 직무가 수행하는 역할에 대해 이해한 내용과 TE 혹은 QA에 관심을 갖게 된 계기를 기술해 주세요.,Test Engineer QA 직무 수행 역할 대해 이해한 내용 TE QA 관심 갖게 계기 기술해
1414,8,"해당 직무 분야를 선택하게 된 이유와, 직무 수행에 필요한 역량을 갖추기 위해 어떠한 노력을 하였는지 구체적인 사례를 근거로 기술해 주시길 바랍니다.",해당 직무 분야 선택하게 이유 직무 수행 필요한 역량 갖추기 어떠한 노력 하였는지 구체적인 사례 근거 기술해 주시길 바랍니다
1415,8,"본인이 지원한 직무와 관련한 경험(금전적 보수 없음) 혹은 경력(금전적 보수 있음)에 대해 기술해 주시기 바랍니다. 다양한 활동(학교, 회사, 동아리, 동호회 등)을 통해 지원한 직무와 관련하여 쌓은 경험 또는 경력사항에 대해 작성해 주십시오.언제, 어디서 활동했던 경험인지 기술해 주십시오.",본인 지원한 직무 관련한 경험 경력 대해 기술해 주시기 바랍니다 다양한 활동 지원한 직무 관련 경험 경력사항 대해 작성해 주십시오언제 어디서 활동했던 경험인지 기술해
1416,8,본인이 지원한 직무를 선택한 이유와 해당 직무에 필요한 역량을 갖추기 위해 어떠한 노력을 했는지 기술해 주세요.,본인 지원한 직무 선택한 이유 해당 직무 필요한 역량 갖추기 어떠한 노력 했는지 기술해
1417,8,지원한 직무 수행을 위해 본인이 무엇을 어떻게 준비하고 노력해 왔는지 구체적으로 기술하십시오.,지원한 직무 수행 본인 무엇 어떻게 준비 노력해 왔는지 구체적 기술하
1418,8,"1. 본인이 지원한 직렬에 필요한 지식이나 기술을 습득하기 위해 받은 교육(전공포함), 경력(경험, 현장실습 등 포함)을 기술해 주십시오.",본인 지원한 직렬 필요한 지식 기술 습득하기 교육전공포함 경력 기술해
1419,8,3. 디스플레이 및 지원 직무 관련된 이력을 간결하게 나열해주시기 바랍니다.,디스플레 지원 직무 관련된 이력 간결하게 나열해주시기 바랍니다
1420,8,"입사지원을 하게 된 동기와, 자신이 지원한 직무에 적합하다고 생각하는 구체적인 이유를 기술하시오.(500자)",입사지원 하게 동기 자신 지원한 직무 적합하다고 생각 구체적인 이유 기술하시오500자
1421,8,해당 영역에서의 직무 수행을 위해 본인이 무엇을 어떻게 준비하고 노력해 왔는지 작성해 주십시오.,해당 영역에서 직무 수행 본인 무엇 어떻게 준비 노력해 왔는지 작성해
1422,8,"희망직무를 성공적으로 수행하기 위해 필요하다고 생각하는 역량 1가지를 선정하고, 그 이유와 해당 역량을 갖추기 위해 노력한 경험에 대하여 구체적으로 기술하시오. (1000자 이내)",희망직무 성공적 수행하기 필요하다고 생각 역량 1가지 선정 이유 해당 역량 갖추기 노력한 경험 구체적 기술하
1423,8,SK가스와 직무를 지원한 이유+적합하다고 판단한 이유(각 3문장 이하/5문장 이하 서술),SK가스 직무 지원한 이유적합하다고 판단한 이유
1424,8,지원 직무 관련 자신이 갖춘 역량에 대하여 기술하세요,지원 직무 자신 갖춘 역량 기술하
1425,8,"지원한 직무를 수행하기 위하여 필요한 핵심역량은 무엇이라고 생각하며, 해당 역량을 갖추기 위해 본인은 어떠한 노력을 했는지 구체적으로 기술해 주십시오. 다양한 고객들에게 맞춰 적절히 대응할 수 있는 `소통능력`이 중요하다고 생각합니 기술의 변화를 잘 읽어 내고 소비자의 행동을 과학적으로 이해하는 힘을 갖게 되었습니다.",지원한 직무 수행하기 필요한 핵심역량 무엇이라고 생각 해당 역량 갖추기 본인 어떠한 노력 했는지 구체적 기술해 다양한 고객들 맞춰 적절히 대응할 소통능력 중요하다고 생각합니 기술 변화 읽어 내고 소비자 행동 과학적 이해 갖게 되었
1426,8,지원 직무와 관련된 이력을 간결하게 나열해주시기 바랍니다,지원 직무 관련된 이력 간결하게 나열해주시기 바랍니다
1427,8,현대파워텍이 향후 어떤 회사가 되어야 한다고 생각하는지 본인의 직무와 연계하여 기술해 주세요.(1000자 이내),현대파워텍 향후 어떤 회사 되어야 한다고 생각하는지 본인 직무 연계 기술해
1428,8,본인이 생각하는 영업관리 직무의 필수적인 역량과 이와 관련된 본인의 강점과 약점을 기술하시오.,본인 생각 영업관리 직무 필수적인 역량 관련된 본인 강점 약점 기술하
1429,8,JTBC가 글로벌 최고의 프로덕션 하우스가 되려면 현재 회사에 필요한 역량이 무엇일지 기술하세요. (1000자 이내),JTBC 글로벌 최고 프로덕션 하우스 되려면 현재 회사 필요한 역량 무엇일지 기술하
1430,8,"해당 직무 분야에 본인이 최적의 지원자라고 생각하는 이유를 서술하시오. - 본인이 갖추고 있는 해당 직무 분야의 요구 역량을 학습적인 측면(전공, 이수 과목 등)과 그 외 영역으로 구분하여 제시할 것 - 타인과 차별화되는 본인만의 강점이 잘 드러나도록 할 것 - 본인의 능력이나 차별적 강점에 대한 구체적인 근거를 제시할 것 (1000자 이내)",해당 직무 분야 본인 최적 지원자라고 생각 이유 서술하 본인 갖추고 해당 직무 분야 요구 역량 학습적인 측면 영역 구분 제시할 타인 차별화되 본인만 강점 드러나도록 본인 능력 차별적 강점 구체적인 근거 제시할
1431,8,5. 지원한 직무 수행을 위해 본인이 무엇을 어떻게 준비하고 노력 해 왔는지 구체적으로 기술하십시오.,지원한 직무 수행 본인 무엇 어떻게 준비 노력 왔는지 구체적 기술하
1432,8,"여러분이 해당 계열사와 직무를 지원한 동기는 무엇인가요? ① CJ프레시웨이를 지원한 이유 ② 해당 직무를 잘 수행할 수 있는 본인의 역량 ③ 입사 후 본인의 목표 세 가지 항목을 포함하여 구체적으로 작성해 주세요. (1,000자 이내)",여러분 해당 계열사 직무 지원한 동기 무엇인가요 CJ프레시웨이 지원한 이유 해당 직무 수행할 본인 역량 입사 본인 목표 가지 항목 포함 구체적 작성해
1433,8,지원한 직무를 성공적으로 수행할 수 있다고 생각 하는 이유를 본인의 경험에 기반 하여 자기만의 강점 혹은 개성을 바탕으로 서술해 주십시오.,지원한 직무 성공적 수행할 있다고 생각 이유 본인 경험 자기만 강점 개성 바탕 서술해
1434,8,입사지원동기와 지원하신 직무를 잘 수행하기 위하여 어떤 준비를 했는지를 본인의 경험과 관련하여 기술하시오.,입사지원동기 지원하신 직무 수행하기 어떤 준비 했는지 본인 경험 관련 기술하
1435,8,보유 기술 및 경험 직무 (구체적으로 기술),보유 기술 경험 직무
1436,8,본인의 역량과 본원의 핵심가치,본인 역량 본원 핵심가치
1437,8,"지원 분야와 관련된 업무 경력 및 실적 등 경력사항이나 기타 경험 및 활동에 대하여 상세히 기술해 주시기 바랍니다. 경력사항의 경우, 채용 분야의 직무와 관련하여 기업 또는 조직에서 실제적으로 수행한 업무에 관하여 작성해 주십시오. 경험 및 활동의 경우, 산학, 팀 프로젝트, 연구회, 동아리/동호회, 재능기부 등 지원 분야와 관련하여 쌓은 경험에 관하여 작성해 주십시오. 1-1. 지원한 직무와 관련한 경력이나 경험 및 활동의 내용을 기술해 주십시오. (1000자 이내)",지원 분야 관련된 업무 경력 실적 경력사항 기타 경험 활동 상세히 기술해 주시기 바랍니다 경력사항 경우 채용 분야 직무 관련 기업 조직 실제적 수행한 업무 작성해 경험 활동 경우 산학 프로젝트 연구회 동아리동호회 재능기부 지원 분야 관련 경험 작성해 지원한 직무 관련한 경력 경험 활동 내용 기술해
1438,8,"희망직무는 무엇이며 희망직무를 성공적으로 수행하기 위해 가장 필요한 역량을 한가지 선정하고, 선정 이유와 필요역량을 향상시키기 위해 본인이 했던 노력에 대하여 기술하시오.",희망직무 무엇 희망직무 성공적 수행하기 가장 필요한 역량 한가지 선정 선정 이유 필요역량 향상시키기 본인 했던 노력 기술하
1439,8,"1)지원직무 수행을 위해 필요한 역량(지식, 스킬, 태도)은 무엇이라고 생각하는지 서술하세요 2)본인이 요구 역량을 함양하기 위해 어떤 노력을 해 왔는지 구체적 사례를 중심으로 서술하세요(1000자 이내)",1지원직무 수행 필요한 역량 무엇이라고 생각하는지 서술하 2본인 요구 역량 함양하기 어떤 노력 왔는지 구체적 사례 중심 서술하
1440,8,희망 직무를 지원한 이유와 해당 직무를 수행하기 위해 어떠한 노력이나 경험을 하였는지 작성해주세요. (2000자 이내),희망 직무 지원한 이유 해당 직무 수행하기 어떠한 노력 경험 하였는지 작성해
1441,8,"본인이 지원한 직무와 관련한 경험(금전적 보수 없음) 혹은 경력(금전적 보수 있음)에 대해 기술해 주시기 바랍니다. 다양한 활동(학교, 회사, 동아리, 동호회 등)을 통해 지원한 직무와 관련하여 쌓은 경험 또는 경력사항에 대해 작성해 주십시오.1-1. 언제, 어디서 활동했던 경험인지 기술해 주십시오. (1000자 이내)",본인 지원한 직무 관련한 경험 경력 대해 기술해 주시기 바랍니다 다양한 활동 지원한 직무 관련 경험 경력사항 대해 작성해 주십시오1 언제 어디서 활동했던 경험인지 기술해
1442,8,"본인의 강점이라고 생각하는 역량을 소개하고, 그 역량이 발휘되어 성취 또는 실패하였던 경험을 소개하시오. (1000자 이내)",본인 강점이라고 생각 역량 소개 역량 발휘되어 성취 실패하였던 경험 소개하
1443,8,지원한 분야에서 본인이 하고자 하는 구체적인 직무는 무엇입니까? 해당 직무와 관련된 본인의 역량을 구체적으로 작성해 주십시오. . (1000자 10단락 이내),지원한 분야 본인 하고자 구체적인 직무 무엇입니까 해당 직무 관련된 본인 역량 구체적 작성해
1444,8,"지원한 분야, 직무와 직접적인 연관성은 없으나 입사 후 회사 생활을 하는 데 도움이 될 수 있는 자신이 가진 지식이나 경험은 무엇입니까? 해당 지식과 경험을 얻기까지 본인의 노력/과정 등과 함께 구체적으로 작성해 주십시오. (1000자 10단락 이내)",지원한 분야 직무 직접적인 연관성 없으 입사 회사 생활 도움 자신 가진 지식 경험 무엇입니까 해당 지식 경험 얻기 본인 노력과정 구체적 작성해
1445,8,"본인이 지원한 직무와 관련한 경험(금전적 보수 없음) 혹은 경력(금전적 보수 있음)에 대해 기술해 주시기 바랍니다. 다양한 활동(학교, 회사, 동아리, 동호회 등)을 통해 지원한 직무와 관련하여 쌓은 경험 또는 경력사항에 대해 작성해 주십시오.1-1. 언제, 어디서 활동했던 경험인지 기술해 주십시오. (200자 이내)",본인 지원한 직무 관련한 경험 경력 대해 기술해 주시기 바랍니다 다양한 활동 지원한 직무 관련 경험 경력사항 대해 작성해 주십시오1 언제 어디서 활동했던 경험인지 기술해
1446,8,지원하신 직무를 본인이 잘 수행할 수 있다고 생각하는 이유를 구체적으로 말해주세요.,지원하신 직무 본인 수행할 있다고 생각 이유 구체적 말해
1447,8,"* CJ오쇼핑 MD(홈쇼핑 MD)를 지원한 동기는 무엇인가요? ① CJ오쇼핑 MD가 아니면 안되는 이유, ② 관심분야와 해당 관심을 갖게된 계기, ③ 본인이 직무를 잘 수행할 수 있는 이유(본인의 강점, 노력, 경험에 근거) 를 반드시 포함하여 구체적으로 작성해 주세요.(1,000자 ~ 1,500자)",CJ오쇼핑 MD 지원한 동기 무엇인가요 CJ오쇼핑 MD 아니면 안되 이유 관심분야 해당 관심 갖게된 계기 본인 직무 수행할 이유 반드시 포함 구체적 작성해
1448,8,지원동기 및 본인이 지원 직무에 적합하다고 생각하는 이유는 무엇입니까?,지원동기 본인 지원 직무 적합하다고 생각 이유 무엇입니까
1449,8,"학교생활 : 직무와 관련된 학업내용, 동아리 활동, 이색적인 경험 등 * 300자 이상 2000자 이하로 입력하세요.",학교생활 직무 관련된 학업내용 동아리 활동 이색적인 경험 2000자 이하 입력하
1450,8,"본인이 가장 관심을 가지고 있는 ICT 기술은 무엇이며, 해당 기술과 SK주식회사 C&C의 연관성에 대해서 기술하여 주십시오. *해당 기술이 당사에 어떻게 기여할 수 있는지를 작성 *해당 기술과 관련된 본인의 역할을 지원 직무와 연계하여 작성 (600 자 6 단락 이내)",본인 가장 관심 가지고 ICT 기술 무엇 해당 기술 SK주식회사 CC 연관성 기술 해당 기술 당사 어떻게 기여할 있는지 작성 해당 기술 관련된 본인 역할 지원 직무 연계 작성
1451,8,"지원한 직무 수행을 위해 본인이 무엇을 어떻게 준비하고 노력해 왔는지 구체적으로 기술하십시오. *전공 및 전공 이외 학습 내용, 프로젝트 수행 경험(본인의 역할 명시) 등을 기술 *Knowledge, Skill 등 보유 역량 등을 포함하여 작성 *입사 후 성장 목표 및 목표 달성을 위해 노력하고자 하는 바에 대해 작성 (1000자 10 단락 이내)",지원한 직무 수행 본인 무엇 어떻게 준비 노력해 왔는지 구체적 기술하 전공 전공 이외 학습 내용 프로젝트 수행 경험 기술 Knowledge Skill 보유 역량 포함 작성 입사 성장 목표 목표 달성 노력하고자 대해 작성
1452,8,"지원 분야와 관련된 업무 경력 및 실적 등 경력사항이나 기타 경험 및 활동에 대하여 상세히 기술해 주시기 바랍니다. 경력사항의 경우, 채용 분야의 직무와 관련하여 기업 또는 조직에서 실제적으로 수행한 업무에 관하여 작성해 주십시오. 경험 및 활동의 경우, 산학, 팀 프로젝트, 연구회, 동아리/동호회, 재능기부 등 지원 분야와 관련하여 쌓은 경험에 관하여 작성해 주십시오. (1200byte 이내) 1-1. 지원한 직무와 관련한 경력이나 경험 및 활동의 내용을 기술해 주십시오. (400byte 이내)",지원 분야 관련된 업무 경력 실적 경력사항 기타 경험 활동 상세히 기술해 주시기 바랍니다 경력사항 경우 채용 분야 직무 관련 기업 조직 실제적 수행한 업무 작성해 경험 활동 경우 산학 프로젝트 연구회 동아리동호회 재능기부 지원 분야 관련 경험 작성해 지원한 직무 관련한 경력 경험 활동 내용 기술해
1453,8,"지원직무 수행을 위해 필요한 역량 (지식, 스킬 , 태도)은 무엇이라고 생각하는지 서술하세요. (1500자 30줄 이내)",지원직무 수행 필요한 역량 무엇이라고 생각하는지 서술하
1454,8,한화호텔&리조트FC 부문 인사 직무 서류합격 자소서,한화호텔리조트FC 부문 인사 직무 서류합격 자소서
1455,8,지원하는 직무관련 준비 사항 및 직무에 대한 본인의 강약점 [100Bytes 이상 1500Bytes 이내],지원 직무 준비 사항 직무 본인 강약점 100Bytes 이상 1500Bytes 이내
1456,8,"ㆍ본인이 지원한 부문에 필요한 역량과 이에대한 자신만의 차별화된 강점(전문지식, 기술, 경험 등)은 무엇인지 기술해 주십시오. (700자 이내)",본인 지원한 부문 필요한 역량 이에 자신만 차별화된 강점 무엇인지 기술해
1457,8,지원직무를 위해 노력했던 경험과 해당 직무를 수행함에 있어 본인이 가진 역량을 기술해 주십시오. (1000자 이내),지원직무 노력했던 경험 해당 직무 수행함 있어 본인 가진 역량 기술해
1458,8,"지원한 직무를 잘 할 수 있다고 생각하는 이유와, 그 직무를 통해 달성하려는 목표를 작성해 주세요",지원한 직무 있다고 생각 이유 직무 달성하려 목표 작성해
1459,8,본인이 지원한 직무를 잘 수행할 수 있다고 생각하는 이유와 입사 후 자신의 목표를 설명하십시오. (자필기재),본인 지원한 직무 수행할 있다고 생각 이유 입사 자신 목표 설명하 자필기재
1460,8,희망 직무에 지원한 이유와 해당 직무에 대한 본인만의 강점을 쓰시오 (1200byte),희망 직무 지원한 이유 해당 직무 본인만 강점
1461,8,본인이 생각하는 영업관리 직무의 필수적인 역량과 이와 관련된 본인의 강점과 약점을 기술하시오.(1000자 이내),본인 생각 영업관리 직무 필수적인 역량 관련된 본인 강점 약점 기술하
1462,8,지원하신 직무를 잘 수행할 수 있다고 생각하는 본인만의 장점(강점),지원하신 직무 수행할 있다고 생각 본인만 장점강점
1463,8,"여러분이 지원한 직무와 관련된 노력과 도전, 경험 , 그리고 입사 후 해당 직무에서의 성장 비전을 구체적으로 기술해주세요.",여러분 지원한 직무 관련된 노력 도전 경험 그리고 입사 해당 직무에서 성장 비전 구체적 기술해
1464,8,"본인이 지원한 직무 수행에 필요한 지식, 기술 등 남들과 다른 전문성을 갖추기 위해 어떤 준비를 하였으며, 본인의 어떠한 면이 해당 직무에 적합한지 구체적으로 작성해주시기 바랍니다.",본인 지원한 직무 수행 필요한 지식 기술 남들 다른 전문성 갖추기 어떤 준비 하였으며 본인 어떠한 해당 직무 적합한지 구체적 작성해주시기 바랍니다
1465,8,"본인이 지원한 직무관련 지원동기와 역량에 대하여. 해당 직무의 지원동기를 포함하여, 직무관련 본인이 보유한 강점과 보완점을 사례를 통하여 구체적으로 기술해주시기 바랍니다.(1000자 이내)",본인 지원한 직무 지원동기 역량 해당 직무 지원동기 포함 직무 본인 보유한 강점 보완점 사례 구체적 기술해주시기 바랍니다
1466,8,본인이 지원한 직무와 관련된 본인의 향후 미래 계획에 대해 구체적으로 기술해주시기 바랍니다. (1000자 이내),본인 지원한 직무 관련된 본인 향후 미래 계획 대해 구체적 기술해주시기 바랍니다
1467,8,본인의 경험 중 지원한 직무와 관련하여 가장 특별하고 인상 깊었던 경험에 대해 구체적으로 기술해 주십시오. (1000자 이내),본인 경험 지원한 직무 관련 가장 특별 인상 깊었던 경험 대해 구체적 기술해
1468,8,"현대글로비스가 당신을 채용해야 하는 이유는 무엇인지, 희망 직무 관점에서 자신만의 역량을",현대글로비스 당신 채용 이유 무엇인지 희망 직무 관점 자신만 역량
1469,8,희망 직무에 대한 본인의 강점과 약점 기술 (사례 중심으로) (1000자 이내),희망 직무 본인 강점 약점 기술
1470,8,"지원직무 수행을 위해 필요한 역량(지식, 스킬, 태도)은 무엇이라고 생각하는지 서술하세요? 2)본인이 요구 역량을 함양하기 위해 어떤 노력을 해 왔는지 구체적 사례를 중심으로 서술하세요. (1000자 이내)",지원직무 수행 필요한 역량 무엇이라고 생각하는지 서술하 2본인 요구 역량 함양하기 어떤 노력 왔는지 구체적 사례 중심 서술하
1471,8,"본인의 지원 직무와 관련하여 자신의 강점/약점을 기술, 약점을 보완하기 위한 노력을 기술하십시오. (1200Byte)",본인 지원 직무 관련 자신 강점약점 기술 약점 보완하기 노력 기술하
1472,8,지원하신 직무를 본인이 잘 수행할 수 있다고 생각하는 이유와 해당 직무를 통해 이루고 싶은 비전을 기재하여 주십시오. (1000자 이내),지원하신 직무 본인 수행할 있다고 생각 이유 해당 직무 이루고 비전 기재
1473,8,객실승무원 직무를 본인이 잘 수행할 수 있다고 생각하는 이유를 구체적으로 기술하십시오.,객실승무원 직무 본인 수행할 있다고 생각 이유 구체적 기술하
1474,8,귀하가 가진 직무관련 경험과 능력을 바탕으로 한국에너지공단의 발전 및 미래성장동력 확보에 기여할 수 있는 바를 기술해 주십시오. (1000자 이내),귀하 가진 직무 경험 능력 바탕 한국에너지공단 발전 미래성장동력 확보 기여할 기술해
1475,8,"현대엔지니어링의 프로젝트 하나를 선택하여, 해당 프로젝트에서 본인이 어떠한 역할을 수행할 수 있을지 지원한 직무를 기반으로 기술해 주십시오.",현대엔지니어링 프로젝트 하나 선택 해당 프로젝트 본인 어떠한 역할 수행할 있을지 지원한 직무 기반 기술해
1476,8,"인턴 지원 직무 중, 본인의 역량에 가장 적합하다고 생각하는 것은 무엇이며 왜 그렇게 생각하는지 설명하시오.",인턴 지원 직무 본인 역량 가장 적합하다고 생각 무엇 그렇게 생각하는지 설명하
1477,8,희망 직무 준비 과정과 희망 직무에 대한 본인의 강점과 약점을 기술해주세요.,희망 직무 준비 과정 희망 직무 본인 강점 약점 기술해
1478,8,"지원한 직무 수행을 위해 본인이 무엇을 어떻게 준비하고 노력해 왔는지 구체적으로 기술하십시오. - 하기의 내용을 포함하여 기술하십시오. * 인턴십, 타사 근무경험 * 관련 프로젝트 수행 당시 본인의 역할 * Knowledge. Skill 등 보유 역량 (1000자)",지원한 직무 수행 본인 무엇 어떻게 준비 노력해 왔는지 구체적 기술하 하기 내용 포함 기술하 인턴십 타사 근무경험 프로젝트 수행 당시 본인 역할 Knowledge Skill 보유 역량
1479,8,CJ오쇼핑 해당 직무를 지원한 동기는 무엇인가요? ① 해당 직무를 잘 수행할 수 있다고 생각하는 본인의 성격 및 가치관 ② 오쇼핑에 입사하여 이루고 싶은 인생 목표를 반드시 포함하여 작성해주세요.(1000자 이내),CJ오쇼핑 해당 직무 지원한 동기 무엇인가요 해당 직무 수행할 있다고 생각 본인 성격 가치관 오쇼핑 입사 이루고 인생 목표 반드시 포함 작성해
1480,8,지원 직무 관련 자신이 갖춘 역량에 대하여 구체적으로 기술하여 주십시오,지원 직무 자신 갖춘 역량 구체적 기술
1481,8,"'고객 만족’을 이끌어 낼 수 있는 본인의 역량은 무엇이며, 그러한 역량을 발휘한 경험을 서술해 주십시오.",고객 만족 이끌어 본인 역량 무엇 그러한 역량 발휘한 경험 서술해
1482,8,"지원분야의 직무를 잘 수행할 수 있는 본인의 강점, 직무경험 등에 대하여 작성하여 주십시오.",지원분야 직무 수행할 본인 강점 직무경험 작성
1483,8,1지망 직무를 선택한 이유에 대해 기술하시오.,1지망 직무 선택한 이유 대해 기술하
1484,8,"지원한 응시분야에 가장 필요한 직무역량이 무엇이라고 생각하는지 설명하고, 해당 역량개발을 위해 어떠한 노력을 했는지 사례와 함께 작성해 주십시오.",지원한 응시분야 가장 필요한 직무역량 무엇이라고 생각하는지 설명 해당 역량개발 어떠한 노력 했는지 사례 작성해
1485,8,"여러분이 CJ올리브네트웍스 IT사업 부문과 해당 직무를 지원한 동기는 무엇인가요? ① CJ올리브네트웍스 IT사업 부문이 아니면 안되는 이유, ② 직무에 관심갖게 된 계기, ③ 본인이 직무를 잘 수행할 수 있는 이유를 반드시 포함하여 구체적으로 작성해 주세요.(1000자 이내)",여러분 CJ올리브네트웍스 IT사업 부문 해당 직무 지원한 동기 무엇인가요 CJ올리브네트웍스 IT사업 부문 아니면 안되 이유 직무 관심갖게 계기 본인 직무 수행할 이유 반드시 포함 구체적 작성해
1486,8,희망 직무 및 해당 직무에 대한 본인의 VISION,희망 직무 해당 직무 본인 VISION
1487,8,희망직무를 지원한 이유와 직무를 수행하기 위해 어떠한 노력이나 경험을 하였는지 구체적으로 작성해주시기 바랍니다.,희망직무 지원한 이유 직무 수행하기 어떠한 노력 경험 하였는지 구체적 작성해주시기 바랍니다
1488,8,본인이 지원한 직무관련 지원동기와 역량에 대하여 (1000자 이내),본인 지원한 직무 지원동기 역량
1489,8,본인이 지원한 직무관련 향후 계획에 대하여 (1000자 이내),본인 지원한 직무 향후 계획
1490,8,HR담당자로서의 ‘화합’ 역량,HR담당자로서 화합 역량
1491,8,직무관련 연구 및 특수훈련 등 경험,직무 연구 특수훈련 경험
1492,8,"인턴십에서 하고 싶은 직무는 무엇이며, 그 직무와 관련해서 어떤 지식과 기술을 어떻게 학습해 왔는지 기술하시오.",인턴십 직무 무엇 직무 관련 어떤 지식 기술 어떻게 학습해 왔는지 기술하
1493,8,지원한 직무에 가지고 있는 강점,지원한 직무 가지고 강점
1494,8,"입사지원서에 기재한 직무 관련 교육사항 및 경력사항을 포함하여, 지원자가 지원한 분야의 직무 관련 활동에 대하여 상세하게 기술하십시오. (1000자 이내)",입사지원서 기재한 직무 교육사항 경력사항 포함 지원자 지원한 분야 직무 활동 상세하게 기술하
1495,8,"여러분이 지원한 직무와 관련된 노력과 도전, 경험 , 그리고 입사 후 해당 직무에서의 성장 비전을 구체적으로 기술해주세요. (1000자 이내)",여러분 지원한 직무 관련된 노력 도전 경험 그리고 입사 해당 직무에서 성장 비전 구체적 기술해
1496,8,본인이 지원한 직무 수행에 필요한 지식 기술 등 남들과 다른 전문성을 갖추기 위해 어떤 준비를 하였으며 본인의 어떤한 면이 해당 직무에 적합한지 구체적으로 작성해 주시기 바랍니다. (1000자 이내),본인 지원한 직무 수행 필요한 지식 기술 남들 다른 전문성 갖추기 어떤 준비 하였으며 본인 어떤한 해당 직무 적합한지 구체적 작성해 주시기 바랍니다
1497,8,본인의 경험 중 지원한 직무와 관련하여 가장 특별하고 인상 깊었던 경험에 대해 구체적으로 기술해 주십시오. 글쓰기 전략 & 개요 영업 관리 직무와 관련하여 가장 특별하고 인상 깊었던 경험.,본인 경험 지원한 직무 관련 가장 특별 인상 깊었던 경험 대해 구체적 기술해 글쓰기 전략 개요 영업 관리 직무 관련 가장 특별 인상 깊었던 경험
1498,8,"본인의 지원한 직무를 수행하기 위해 갖춰야 할 역량은 어떤 것들이 있으며, 본인은 얼마만큼(또는 어떤) 준비가 되어 있다고 생각되는지 기술해 주시기 바랍니다.",본인 지원한 직무 수행하기 갖춰야 역량 어떤 것들 있으며 본인 얼마만큼 준비 되어 있다고 생각되는지 기술해 주시기 바랍니다
1499,8,해당 영역에서 직무 수행을 위해 본인이 무엇을 어떻게 준비하고 노력해 왔는지 작성해 주십시오.,해당 영역 직무 수행 본인 무엇 어떻게 준비 노력해 왔는지 작성해
1500,8,"본인이 지원한 직무관련 지원동기와 역량에 대하여. 해당 직무의 지원동기를 포함하여, 직무관련 본인이 보유한 강점과 보완점을 사례를 통하여 구체적으로 기술해주시기 바랍니다",본인 지원한 직무 지원동기 역량 해당 직무 지원동기 포함 직무 본인 보유한 강점 보완점 사례 구체적 기술해주시기 바랍니다
1501,8,"현대엔지니어링의 프로젝트 하나를 선택하여, 해당 프로젝트에서 본인이 어떠한 역할을 수행할 수 있을지 지원한 직무를 기반으로 기술해 주십시오. (경영 분야는 프로젝트 무관하게 작성)",현대엔지니어링 프로젝트 하나 선택 해당 프로젝트 본인 어떠한 역할 수행할 있을지 지원한 직무 기반 기술해
1502,8,지원 직무를 잘 수행할 수 있는 이유,지원 직무 수행할 이유
1503,8,여러분이 선택한 계열사 및 직무에 대한 지원동기는 무엇인가요? (1500자 이내) ① 선택한 계열사가 아니면 안되는 이유 ② 직무에 관심 갖게 된 계기 ③ 본인이 직무를 잘 수행할 수 있는 이유를 반드시 포함하여 구체적으로 작성해 주세요.,여러분 선택한 계열사 직무 지원동기 무엇인가요 선택한 계열사 아니면 안되 이유 직무 관심 갖게 계기 본인 직무 수행할 이유 반드시 포함 구체적 작성해
1504,8,"해당 직무 분야를 선택하게 된 이유와, 직무 수행에 필요한 역량을 갖추기 위해 어떠한 노력을 하였는지 구체적인 경험을 근거로 상세하게 기술하여 주시길 바랍니다.",해당 직무 분야 선택하게 이유 직무 수행 필요한 역량 갖추기 어떠한 노력 하였는지 구체적인 경험 근거 상세하게 기술 주시길 바랍니다
1505,8,"당신은 현재 내년초 대리승진이 확정적입니다. 대리승진 후에는 상당 부분의 의사결정 권한과 폭넓은 업무경험으로 해당 직무 전문가로 성장 가능성이 매우 높습니다. 그런데 마침 당신이 꼭 가고 싶었던 국가의 해외전문가 교육과정 공모가 진행 중입니다. 6개월 교육 후 최종 선발을 하는데 최종 선발 경쟁이 매우 치열합니다. 해당 교육과정에 참여할 경우 승진이 불투명해 진다면 당신은 어떤 선택을 하겠으며, 그 이유는 무엇인가요? (1000자 이내)",당신 현재 내년초 대리승진 확정적 대리승진 후에 상당 부분 의사결정 권한 폭넓 업무경험 해당 직무 전문가 성장 가능성 매우 그런데 마침 당신 가고 싶었던 국가 해외전문 교육과정 공모 진행 6개월 교육 최종 선발 하는데 최종 선발 경쟁 매우 치열 해당 교육과정 참여할 경우 승진 불투명해 진다면 당신 어떤 선택 하겠으며 이유 무엇인가요
1506,8,SK가스와 직무를 선택한 이유에 대하여 아래 질문에 답해 주세요,SK가스 직무 선택한 이유 아래 질문 답해
1507,8,자신이 지원한 직무의 역할에 대하여 기술하시오.,자신 지원한 직무 역할 기술하
1508,8,"은행 업무를 위해 필요한 역량은 무엇이고, 이러한 점을 갖추기 위해 본인이 노력한 사례와 차별화된 강점을 구체적으로 설명해 주십시오.(취업준비, 자기계발 등)",은행 업무 필요한 역량 무엇 이러한 갖추기 본인 노력한 사례 차별화된 강점 구체적 설명해
1509,8,"현대글로비스가 당신을 채용해야 하는 이유는 무엇인지, 희망 직무 관점에서 자신만의 역량을 구체적인 사례를 근거로 기술해 주시길 바랍니다. (1000자 이내)",현대글로비스 당신 채용 이유 무엇인지 희망 직무 관점 자신만 역량 구체적인 사례 근거 기술해 주시길 바랍니다
1510,8,"본인이 지원한 직무 수행에 필요한 지식, 기술 등 남들과 다른 전문성을 갖추기 위해 어떤 준비를 하였으며, 본인의 어떠한 면이 해당 직무에 적합한지 구체적으로 작성해주시기 바랍니다. (1000자 이내)",본인 지원한 직무 수행 필요한 지식 기술 남들 다른 전문성 갖추기 어떤 준비 하였으며 본인 어떠한 해당 직무 적합한지 구체적 작성해주시기 바랍니다
1511,8,"[직무 능력] 직무수행능력의 차별화된 경쟁력 (Competitiveness)- 본인이 진흥원 직무를 수행함에 있어 타인과 비교하여 차별화된 자신의 핵심 경쟁력이 무엇인지 기술하고, 해당 경쟁력을 보유하게 된 경력 또는 경험을 기술하세요. (1000자 이내)",직무 능력 직무수행능력 차별화된 경쟁력 본인 진흥원 직무 수행함 있어 타인 비교 차별화된 자신 핵심 경쟁력 무엇인지 기술 해당 경쟁력 보유하게 경력 경험 기술하
1512,8,"[직무 능력] 직무수행을 위한 지식 및 기술 (Knowledge & Skill)- 본인이 보유하고 있는 진흥원 직무를 수행함에 있어 필요한 핵심 지식(knowledge) 및 기술(Skill)이 무엇인지 기술하고, 해당 지식과 기술을 보유하게 된 경력 또는 경험을 기술하세요. (1000자 이내)",직무 능력 직무수행 지식 기술 본인 보유 진흥원 직무 수행함 있어 필요한 핵심 지식 기술 무엇인지 기술 해당 지식 기술 보유하게 경력 경험 기술하
1513,8,"[직무 능력] 직무수행을 위한 태도 (Attitude)- 진흥원 직무를 수행하기 위해 가장 중요한 태도(attitude)가 무엇인지와 그 필요성을 기술하고, 그 태도와 관련한 본인의 경험을 기술하세요. (1000자 이내)",직무 능력 직무수행 진흥원 직무 수행하기 가장 중요한 무엇인지 필요성 기술 태도 관련한 본인 경험 기술하
1514,8,"은행업무 수행을 위해 필요한 역량은 무엇이며, 이 역량을 갖추기 위해 어떻게 노력해 왔는지 설명",은행업무 수행 필요한 역량 무엇 역량 갖추기 어떻게 노력해 왔는지 설명
1515,8,"'고객 만족'을 이끌어 낼 수 있는 본인의 역량은 무엇이며, 그러한 역량을 발휘한 경험을 서술해 주십시오.",고객 만족 이끌어 본인 역량 무엇 그러한 역량 발휘한 경험 서술해
1516,8,이스트소프트 및 해당 직무에 지원한 이유에 대해 적어주세요.,이스트소프트 해당 직무 지원한 이유 대해 적어
1517,8,채용공고상 주요업무를 수행하는데 있어 본인의 역량이나 지식으로는 부족하여 학습 또는 지도가 필요하다고 판단되는 점이 있다면 적어주세요.,채용공고상 주요업무 수행하는데 있어 본인 역량 지식으로 부족 학습 지도 필요하다고 판단되 있다면 적어
1518,8,"sk가스를 지원하게 된 이유, 직무를 선택한 이유, 본인이 적합하다고 생각한 이유",sk가스 지원하게 이유 직무 선택한 이유 본인 적합하다고 생각한 이유
1519,8,재단의 직무를 수행함에 있어 본인이 가지고 있는 차별화된 경쟁력이 무엇인지 기술해 주십시오. (1000자 이내),재단 직무 수행함 있어 본인 가지고 차별화된 경쟁력 무엇인지 기술해
1520,8,"학교생활 직무와 관련된 학업내용, 동아리 활동, 이색적인 경험 등",학교생활 직무 관련된 학업내용 동아리 활동 이색적인 경험
1521,8,해당 직무에 본인이 적합한 이유:(1500자) 적임자가 되기 위해 어떤 경험과 노력을 했는가? 경험 및 노력의 결과와 그 과정에서 느낀 점,해당 직무 본인 적합한 이유 적임자 되기 어떤 경험 노력 했는 경험 노력 결과 과정 느낀
1522,8,지원 직무와 관련된 이력을 간결하게 나열해주시기 바랍니다.(1000자이내),지원 직무 관련된 이력 간결하게 나열해주시기 바랍니다
1523,8,SK가스와 직무를 선택한 이유에 대하여 아래 질문에 답해 주세요.,SK가스 직무 선택한 이유 아래 질문 답해
1524,8,지원 직무 및 디스플레이 관련된 이력을 간결하게 나열해주시기 바랍니다.,지원 직무 디스플레 관련된 이력 간결하게 나열해주시기 바랍니다
1525,8,"[직무 능력] 직무수행을 위한 태도(Attitude) - 진흥원 직무를 수행하기 위해 가장 중요한 태도(attitude)가 무엇인지와 그 필요성을 기술하고, 그 태도와 관련한 본인의 경험을 기술하세요. (200자 이상, 500자 이내)",직무 능력 직무수행 진흥원 직무 수행하기 가장 중요한 무엇인지 필요성 기술 태도 관련한 본인 경험 기술하
1526,8,"[직무 능력] 직무수행을 위한 지식 및 기술(Knowledge & Skill) - 본인이 보유하고 있는 진흥원 직무를 수행함에 있어 필요한 핵심 지식(knowledge) 및 기술(Skill)이 무엇인지 기술하고, 해당 지식과 기술을 보유하게 된 경력 또는 경험을 기술하세요. (200자 이상, 500자 이내)",직무 능력 직무수행 지식 기술 본인 보유 진흥원 직무 수행함 있어 필요한 핵심 지식 기술 무엇인지 기술 해당 지식 기술 보유하게 경력 경험 기술하
1527,8,지원동기/ 해당 직무를 지원한 동기와 그 직무를 수행하기 위한 본인만의 차별화된 역량을 기술해 주시기 바랍니다. (1000자 이내),지원동기 해당 직무 지원한 동기 직무 수행하기 본인만 차별화된 역량 기술해 주시기 바랍니다
1528,8,"여러분이 해당 계열사 및 직무를 지원한 이유와 해당 직무를 수행하기 위해 그동안 어떤 노력과 도전, 그리고 경험을 해왔는지 구체적으로 설명해주세요. (1,000자 이내)",여러분 해당 계열사 직무 지원한 이유 해당 직무 수행하기 그동안 어떤 노력 도전 그리고 경험 해왔는지 구체적 설명해
1529,8,"여러분이 경험했던 방송 콘텐츠 중 가장 인상 깊었던 콘텐츠는 무엇이었나요? ①콘텐츠 하나를 선정하여 콘텐츠에 대해 설명하고, ②해당 콘텐츠를 선정한 이유를 지원한 직무와 연관지어 구체적으로 작성해 주세요. (1,000자 이내)",여러분 경험했던 방송 콘텐츠 가장 인상 깊었던 콘텐츠 무엇이었나요 콘텐츠 하나 선정 콘텐츠 대해 설명 해당 콘텐츠 선정한 이유 지원한 직무 연관지어 구체적 작성해
1530,8,삼양그룹과 해당 직무에 지원하는 이유를 기재해주십시오. (1000자 이내),삼양그룹 해당 직무 지원 이유 기재해주
1531,8,본인이 지원하는 직무에 있어 그 일을 잘할 수 있는 차별화된 역량과 경험에 대하여 기술해주십시오 (1000자 이내),본인 지원 직무 있어 잘할 차별화된 역량 경험 기술해주
1532,8,해당 직무를 수행하기 위해 대학 생활을 포함하여 지금까지 어떠한 준비를 하였는지 작성해 주십시오.,해당 직무 수행하기 대학 생활 포함 지금 어떠한 준비 하였는지 작성해
1533,8,수행가능 직무 중 희망하는 직무를 기재하여 주십시오.,수행가능 직무 희망 직무 기재
1534,8,"여러분은 어떤 선택을 할 건가요? - 당신은 현재 내년 초 대리승진이 확정적입니다. 대리승진 후에는 상당 부분의 의사결정 권한과 폭넓은 업무경험으로 해당 직무 전문가로 성장 가능성이 매우 높습니다. 그런데 마침 당신이 꼭 가고 싶었던 국가의 해외전문가 교육과정 공모가 진행 중입니다. 6개월 교육 후 최종 선발을 하는데 최종 선발 경쟁이 매우 치열합니다. 해당 교육과정에 참여할 경우 승진이 불투명해 진다면 당신은 어떤 선택을 하겠으며, 그 이유는 무엇인가요?",여러분 어떤 선택 건가요 당신 현재 내년 대리승진 확정적 대리승진 후에 상당 부분 의사결정 권한 폭넓 업무경험 해당 직무 전문가 성장 가능성 매우 그런데 마침 당신 가고 싶었던 국가 해외전문 교육과정 공모 진행 6개월 교육 최종 선발 하는데 최종 선발 경쟁 매우 치열 해당 교육과정 참여할 경우 승진 불투명해 진다면 당신 어떤 선택 하겠으며 이유 무엇인가요
1535,8,"올리브영 및 해당 직무에 지원한 동기는 무엇인가요? 관심 갖게 된 계기를 반드시 포함하여 구체적으로 작성해 주세요. (1,000자 이내)",올리브영 해당 직무 지원한 동기 무엇인가요 관심 갖게 계기 반드시 포함 구체적 작성해
1536,8,"마케팅 직무 수행 시 필요한 역량은 무엇이라고 생각하며, 본인은 해당 역량을 갖추기 위해 그동안 어떤 노력과 도전, 그리고 경험을 해왔는지 구체적으로 설명해 주세요. (1,000자 이내)",마케팅 직무 수행 필요한 역량 무엇이라고 생각 본인 해당 역량 갖추기 그동안 어떤 노력 도전 그리고 경험 해왔는지 구체적 설명해
1537,8,"학교생활 : 직무와 관련된 학업내용, 동아리 활동, 이색적인 경험 등 (1000자 이내)",학교생활 직무 관련된 학업내용 동아리 활동 이색적인 경험
1538,8,"여러분이 해당 계열사 및 직무를 지원한 이유와 해당 직무를 수행하기 위해 그동안 어떤 노력과 도전, 그리고 경험을 해왔는지 구체적으로 설명해주세요",여러분 해당 계열사 직무 지원한 이유 해당 직무 수행하기 그동안 어떤 노력 도전 그리고 경험 해왔는지 구체적 설명해
1539,8,"1)지원직무 수행을 위해 필요한 역량(지식, 스킬, 태도)은 무엇이라고 생각하는지 서술하세요. 2) 요구 역량을 함양하기 위해 어떤 노력을 해 왔는지 사례를 중심으로 서술하세요. (1000자 이내)",1지원직무 수행 필요한 역량 무엇이라고 생각하는지 서술하 요구 역량 함양하기 어떤 노력 왔는지 사례 중심 서술하
1540,8,"지원직무 수행을 위해 필요한 역량(지식, 스킬, 태도)은 무엇이라고 생각하는지 서술하세요",지원직무 수행 필요한 역량 무엇이라고 생각하는지 서술하
1541,8,[WHY THIS POSITION] 왜 해당 직무에 지원하였습니까?,WHY THIS POSITION 해당 직무 지원하였습니까
1542,8,"CJ오쇼핑 MD(홈쇼핑 MD)를 지원한 동기는 무엇인가요? ① CJ오쇼핑 MD가 아니면 안되는 이유, ② 관심분야와 해당 관심을 갖게된 계기, ③ 본인이 직무를 잘 수행할 수 있는 이유(본인의 강점, 노력, 경험에 근거)를 반드시 포함하여 구체적으로 작성해 주세요.",CJ오쇼핑 MD 지원한 동기 무엇인가요 CJ오쇼핑 MD 아니면 안되 이유 관심분야 해당 관심 갖게된 계기 본인 직무 수행할 이유 반드시 포함 구체적 작성해
1543,8,학창시절 및 사회경험에 기반하여 본인의 역량에 대해서 기술해 주십시오.,학창시절 사회경험 기반 본인 역량 기술해
1544,8,본인이 지원한 직무관련 지원동기와 역량에 대하여.,본인 지원한 직무 지원동기 역량
1545,8,해당 직무를 지원한 동기와 그 직무를 수행하기 위한 본인만의 차별화된 역량을 기술해 주시기 바랍니다. 직무에 관련된 경험 및 역량 등 자신을 어필할 수 있는 내용을 기반으로 자유롭게 기술하시기 바랍니다.,해당 직무 지원한 동기 직무 수행하기 본인만 차별화된 역량 기술해 주시기 바랍니다 직무 관련된 경험 역량 자신 어필할 내용 기반 자유롭게 기술하시기 바랍니다
1546,8,지원한 분야의 전문성과 역량을 갖추기 위해 본인이 노력했던 경험과 그 결과에 대하여 구체적으로 서술하시오. (1000자이내),지원한 분야 전문성 역량 갖추기 본인 노력했던 경험 결과 구체적 서술하
1547,8,엔씨소프트에 입사한 후 3년 이내에 본인이 지원한 직무에서 이루어내고 싶은 목표에 대하여 구체적으로 서술하시오. (1000자이내),엔씨소프트 입사한 3년 이내 본인 지원한 직무 이루어내고 목표 구체적 서술하
1548,8,입사 후 본인이 해당 직무 분야에서 Market Top 수준의 인재로 성장하기 위해 어떤 노력을 할 것인지 구체적으로 기술하십시오.,입사 본인 해당 직무 분야 Market Top 수준 인재 성장하기 어떤 노력 것인지 구체적 기술하
1549,8,본인이 지원한 직무관련 향후 계획에 다하여(My future)(1000자이내) - 직무와 관련된 본인의 향후 미래 계획에 대해 구체적 기술,본인 지원한 직무 향후 계획 직무 관련된 본인 향후 미래 계획 대해 구체적 기술
1550,8,"본인이 지원한 직무관련 지원동기와 역량에 대하여(My Competence)(1000자이내) - 직무 지원동기, 관련 강점과 보완점 사례를 통해서",본인 지원한 직무 지원동기 역량 직무 지원동기 강점 보완점 사례
1551,8,"여신전문금융업무를 위해 필요한 역량은 무엇이고, 이러한 점을 갖추기 위해 그동안 준비한 것을 설명 하시오.",여신전문금융업무 필요한 역량 무엇 이러한 갖추기 그동안 준비한 설명
1552,8,[ Why YOU? ] 선택한 직무에 지원한 동기와 직무를 수행하는데 필요한 역량을 갖추기 위해 어떤 노력을 기울였는지 기술해주시기 바랍니다.,Why YOU 선택한 직무 지원한 동기 직무 수행하는데 필요한 역량 갖추기 어떤 노력 기울였는지 기술해주시기 바랍니다
1553,8,"직무 지원 계기, 준비사항 및 경험, 차별화된 역량",직무 지원 계기 준비사항 경험 차별화된 역량
1554,8,현대파워텍이 향후 어떤 회사가 되어야 한다고 생각하는지 본인의 직무와 연계하여 기술해 주세요.(500자),현대파워텍 향후 어떤 회사 되어야 한다고 생각하는지 본인 직무 연계 기술해 주세요500자
1555,8,"본인이 지원한 직렬에 필요한 지식이나 기술을 습득하기 위해 받은 교육(전공포함), 경력(경험, 현장실습 등 포함)을 기술해 주십시오. (1000자이내)",본인 지원한 직렬 필요한 지식 기술 습득하기 교육전공포함 경력 기술해
1556,8,"지원 직무 관련 주요 연구 및 업무경험에 대해 구체적으로 기술해 주십시오. * Lab명, Lab주요연구활동, 주요논문 혹은 연구과제, 연구기간, 관련 특허, 논문초록 등",지원 직무 주요 연구 업무경험 대해 구체적 기술해 Lab명 Lab주요연구활동 주요논문 연구과제 연구기간 특허 논문초록
1557,8,"본인이 가진 열정과 역량에 대하여(본인이 지원한 직무와 관련된 경험 및 역량, 관심사항 등 자신을 어필할 수 있는 내용을 기반으로 자유롭게 기술해주시기 바랍니다.",본인 가진 열정 역량 대하여본인 지원한 직무 관련된 경험 역량 관심사항 자신 어필할 내용 기반 자유롭게 기술해주시기 바랍니다
1558,8,선택한 직무에 지원한 동기와 직무를 수행하는데 필요한 역량을 갖추기 위해 어떤 노력을 기울였는지 기술해 주시기 바랍니다,선택한 직무 지원한 동기 직무 수행하는데 필요한 역량 갖추기 어떤 노력 기울였는지 기술해 주시기 바랍니다
1559,8,올리브영 및 해당 직무에 지원한 동기는 무엇인가요? 관심 갖게 된 계기를 반드시 포함하여 구체적으로 작성해 주세요.,올리브영 해당 직무 지원한 동기 무엇인가요 관심 갖게 계기 반드시 포함 구체적 작성해
1560,8,본인이 지원한 직무를 잘 수행할 수 있다고 생각하는 이유와 입사 후 자신의 목표를 설명하십시오. (1000자이내),본인 지원한 직무 수행할 있다고 생각 이유 입사 자신 목표 설명하
1561,8,"CJ오쇼핑 해당 직무를 지원한 동기는 무엇인가요? ① 해당 직무를 잘 수행할 수 있다고 생각하는 본인의 성격 및 가치관 ② 오쇼핑에 입사하여 이루고 싶은 인생 목표를 반드시 포함하여 작성해주세요. [1,000자]",CJ오쇼핑 해당 직무 지원한 동기 무엇인가요 해당 직무 수행할 있다고 생각 본인 성격 가치관 오쇼핑 입사 이루고 인생 목표 반드시 포함 작성해 1000자
1562,8,"지원한 직무를 잘 수행할 수 있는 본인만의 강점을 현재까지 경험한 내용을 토대로 기술하십시오. (200자 이상, 500자 이하)",지원한 직무 수행할 본인만 강점 현재 경험한 내용 토대 기술하
1563,8,직무경험 : 희망 직무 준비과정과 직무에 대한 본인의 강점과 약점을 기술하시오,직무경험 희망 직무 준비과정 직무 본인 강점 약점 기술하
1564,8,"‘고객 만족’을 이끌어 낼 수 있는 본인의 역량은 무엇이며, 그러한 역량을 발휘한 경험을 서술해 주십시오. [650자]",고객 만족 이끌어 본인 역량 무엇 그러한 역량 발휘한 경험 서술해 650자
1565,8,"SCM 직무 수행 시 필요한 역량은 무엇이라고 생각하며, 본인은 해당 역량을 갖추기 위해 그 동안 어떤 노력과 도전, 그리고 경험을 해 왔는지 구체적으로 설명해 주세요. (1,000자 이내)",SCM 직무 수행 필요한 역량 무엇이라고 생각 본인 해당 역량 갖추기 동안 어떤 노력 도전 그리고 경험 왔는지 구체적 설명해
1566,8,지원하신 직무를 본인이 잘 수행할 수 있다고 생각하는 이유를 기술해 주십시오.(1000자 이내),지원하신 직무 본인 수행할 있다고 생각 이유 기술해
1567,8,지원한 직무를 수행함에 있어 귀하가 가지고 있는 강점에 대해 경험을 중심으로 기술하시오.,지원한 직무 수행함 있어 귀하 가지고 강점 대해 경험 중심 기술하
1568,8,여러분이 지원한 직무와 관련된 노력과 도전 경험 그리고 입사 후 해당 직무에서의 성장 비전을 구체적으로 기술해 주세요. (1000자 이내),여러분 지원한 직무 관련된 노력 도전 경험 그리고 입사 해당 직무에서 성장 비전 구체적 기술해
1569,8,"(자유양식)지원하신 직무에 지원하게 되신 동기를 간략하게 밝히고, 지원하신 직무에 연관되어 본인이 보유한 지식, 기술, 경험 등을 구체적으로 기술 하시오.",자유양식지원하신 직무 지원하게 되신 동기 간략하게 밝히고 지원하신 직무 연관되어 본인 보유한 지식 기술 경험 구체적 기술
1570,8,지원직무에 지원하는 이유와 지원한 직무와 관련된 본인이 가진 열정과 역량에 대하여 작성해 주시기 바랍니다. (1000자이내),지원직무 지원 이유 지원한 직무 관련된 본인 가진 열정 역량 작성해 주시기 바랍니다
1571,8,직무를 훌륭히 수행할 수 있는 근거,직무 훌륭히 수행할 근거
1572,8,지원한 직무를 수행함에 있어 귀하가 가지고 있는 강점에 대해 경험을 중심으로 기술하시오. (1000자이내),지원한 직무 수행함 있어 귀하 가지고 강점 대해 경험 중심 기술하
1573,8,"해당 직무 분야에 본인이 최적의 지원자라고 생각하는 이유를 서술하시오. - 본인이 갖추고 있는 해당 직무 분야의 요구 역량을 학습적인 측면(전공, 이수 과목 등)과 그 외 영역으로 구분하여 제시할 것 - 타인과 차별화되는 본인만의 강점이 잘 드러나도록 할 것 - 본인의 능력이나 차별적 강점에 대한 구체적인 근거를 제시할 것 (1000자이내)",해당 직무 분야 본인 최적 지원자라고 생각 이유 서술하 본인 갖추고 해당 직무 분야 요구 역량 학습적인 측면 영역 구분 제시할 타인 차별화되 본인만 강점 드러나도록 본인 능력 차별적 강점 구체적인 근거 제시할
1574,8,지원 직무 관련 자신이 갖춘 역량에 대하여 구체적으로 기술하여 주십시오. .[500~700자],지원 직무 자신 갖춘 역량 구체적 기술 500700자
1575,8,지원한 분야에서 본인이 하고자 하는 구체적인 직무는 무엇입니까? 해당 직무와 관련된 본인의 역량을 구체적으로 작성해 주십시오. (1000 자 10 단락 이내),지원한 분야 본인 하고자 구체적인 직무 무엇입니까 해당 직무 관련된 본인 역량 구체적 작성해
1576,8,"지원한 분야, 직무와 직접적인 연관성은 없으나 입사 후 회사생활을 하는데 도움이 될 수 있는 자신이 가진 지식이나 경험은 무엇입니까? 해당 지식과 경험을 얻기까지 본인의 노력/ 과정 등과 함께 구체적으로 작성해 주십시오. (1000 자 10 단락 이내)",지원한 분야 직무 직접적인 연관성 없으 입사 회사생활 하는데 도움 자신 가진 지식 경험 무엇입니까 해당 지식 경험 얻기 본인 노력 과정 구체적 작성해
1577,8,"CJ제일제당 및 선택한 직무에 대한 지원동기는 무엇인가요? ① 선택한 직무에 관심을 갖게된 계기, ② 영업사원으로서의 하루 업무 일과 예상해보고, 본인이 해당 직무를 잘 수행할 수 있는 이유(본인의 강점, 준비, 관련경험 근거)를 반드시 포함하여 구체적으로 작성해주세요.(1000자)",CJ제일제당 선택한 직무 지원동기 무엇인가요 선택한 직무 관심 갖게된 계기 영업사원으로서 하루 업무 예상해보고 본인 해당 직무 수행할 이유 반드시 포함 구체적 작성해
1578,8,"희망하는 직무를 수행함에 있어서 요구되는 역량이 무엇이라 생각하며, 이 역량을 갖추기 위한 노력 또는 ‘특별한 경험’을 기술하여 주십시오. (600자 이내)",희망 직무 수행함 있어서 요구되 역량 무엇이라 생각 역량 갖추기 노력 특별한 경험 기술
1579,8,"1)지원직무 수행을 위해 필요한 역량(지식, 스킬, 태도)은 무엇이라고 생각하는지 서술하세요 2)본인이 요구 역량을 함양하기 위해 어떤 노력을 해 왔는지 구체적 사례를 중심으로 서술하세요(1500자,30줄이내)",1지원직무 수행 필요한 역량 무엇이라고 생각하는지 서술하 2본인 요구 역량 함양하기 어떤 노력 왔는지 구체적 사례 중심 서술하
1580,8,지원 직무 관련 자신이 갖춘 역량에 대하여 구체적으로 기술하여 주십시오. [700자],지원 직무 자신 갖춘 역량 구체적 기술 700자
1581,8,"여러분은 어떤 선택을 하실 건가요? - 당신은 현재 내년초 대리승진이 확정적입니다. 대리승진 후에는 상당 부분의 의사결정 권한과 폭넓은 업무경험으로 해당 직무 전문가로 성장 가능성이 매우 높습니다. 그런데 마침 당신이 꼭 가고 싶었던 국가의 해외전문가 교육과정 공모가 진행 중입니다. 6개월 교육 후 최종 선발을 하는데 최종 선발 경쟁이 매우 치열합니다. 해당 교육과정에 참여할 경우 승진이 불투명해 진다면 당신은 어떤 선택을 하겠으며, 그 이유는 무엇인가요? (최대 500자 이내로 작성)",여러분 어떤 선택 하실 건가요 당신 현재 내년초 대리승진 확정적 대리승진 후에 상당 부분 의사결정 권한 폭넓 업무경험 해당 직무 전문가 성장 가능성 매우 그런데 마침 당신 가고 싶었던 국가 해외전문 교육과정 공모 진행 6개월 교육 최종 선발 하는데 최종 선발 경쟁 매우 치열 해당 교육과정 참여할 경우 승진 불투명해 진다면 당신 어떤 선택 하겠으며 이유 무엇인가요
1582,8,"직무와 관련된 학업내용,동아리활동,이색적인 경험(학교생활)",직무 관련된 학업내용동아리활동이색적인 경험학교생활
1583,8,"본인이 지원한 직무관련 지원동기와 역량에 대하여 (해당 직무의 지원동기를 포함하여, 직무관련 본인이 보유한 강점과 보완점을 사례를 통하여 구체적으로 기술해주시기 바랍니다.",본인 지원한 직무 지원동기 역량 해당 직무 지원동기 포함 직무 본인 보유한 강점 보완점 사례 구체적 기술해주시기 바랍니다
1584,8,본인이 지원한 직무관련 향후 계획에 대하여 (본인이 지원한 직무와 관련된 본인의 향후 미래 계획에 대해 구체적으로 기술해주시기 바랍니다.,본인 지원한 직무 향후 계획 본인 지원한 직무 관련된 본인 향후 미래 계획 대해 구체적 기술해주시기 바랍니다
1585,8,"지원하신 직무를 수행하기 위해 필요한 전문적인 역량은 무엇인지, 그 역량을 가지게 되기 까지이 경험, 자신의 행동, 결과등을 아래 질문을 감안하여 기술하여 주십시오.",지원하신 직무 수행하기 필요한 전문적인 역량 무엇인지 역량 가지게 되기 까지 경험 자신 행동 결과등 아래 질문 감안 기술
1586,8,"지원직무를 잘 수행할수 있는 이유는 무엇인가요? ① 지원 직무 수행시 필요하다고 생각하는 역량 ② 지원 직무를 잘 수행하기 위한 그동안의 노력과 도전 (본인만의 강점, 준비, 관련경험) ③ 입사 후 성장 목표 등을 포함하여 구제적으로 작성해 주세요. (1,000자 이내)",지원직무 수행할수 이유 무엇인가요 지원 직무 수행시 필요하다고 생각 역량 지원 직무 수행하기 그동안 노력 도전 입사 성장 목표 포함 구제적 작성해
1587,8,지원 직무를 본인이 훌륭히 수행할 수 있는 근거와 이유를 구체적으로 서술하되 본인의 강점과 경험을 중심으로 작성하십시오.,지원 직무 본인 훌륭히 수행할 근거 이유 구체적 서술하되 본인 강점 경험 중심 작성하
1588,8,해당 직무에 지원자님을 선발해야 하는 이유와 입사 후 회사에 기여할 수 있는 점을 기술해 주십시오. [ 100자 이상 500자 이내 ],해당 직무 지원자님 선발 이유 입사 회사 기여할 기술해
1589,8,"해당 직무 분야를 선택하게 된 이유와, 직무 수행에 필요한 역량을 갖추기 위해 어떠한 노력을 하였는지 구체적인 사례를 근거로 기술해 주시길 바랍니다. (700자 이내)",해당 직무 분야 선택하게 이유 직무 수행 필요한 역량 갖추기 어떠한 노력 하였는지 구체적인 사례 근거 기술해 주시길 바랍니다
1590,8,"직무관련 경험(1,000자 이내)",직무 경험
1591,8,"지원하신 직무와 관련하여, 필요한 역량을 갖추기 위해 지금까지 어떠한 노력을 해왔는지 구체적으로 기술하고, 이들을 업무에 어떻게 적용할 것인지 기술하여 주시기 바랍니다. [ 400자 이상 2000자 이내 ]",지원하신 직무 관련 필요한 역량 갖추기 지금 어떠한 노력 해왔는지 구체적 기술 이들 업무 어떻게 적용할 것인지 기술 주시기 바랍니다
1592,8,지원한 직무를 수행함에 있어 귀하가 가지고 있는 강점에 대해 경험을 중심으로 기술하시오. [600자],지원한 직무 수행함 있어 귀하 가지고 강점 대해 경험 중심 기술하 600자
1593,8,해당 직무에 지원한 동기와 해당 직무와 관련된 본인의 경험 및 역량을 기술해 주십시오(1000자),해당 직무 지원한 동기 해당 직무 관련된 본인 경험 역량 기술해
1594,8,"귀하가 지원한 직무는 무엇이며, 지원한 직무를 성공적으로 수행할 수 있다고 생각하는 이유를 본인의 경험에 기반하여 내세울만한 강점 혹은 개성을 바탕으로 서술해 주십시오",귀하 지원한 직무 무엇 지원한 직무 성공적 수행할 있다고 생각 이유 본인 경험 기반 내세울만한 강점 개성 바탕 서술해
1595,8,"여러분은 어떤 선택을 하실 건가요? - 당신은 현재 내년초 대리승진이 확정적입니다. 대리승진 후에는 상당 부분의 의사결정 권한과 폭넓은 업무경험으로 해당 직무 전문가로 성장 가능성이 매우 높습니다. 그런데 마침 당신이 꼭 가고 싶었던 국가의 해외전문가 교육과정 공모가 진행 중입니다. 6개월 교육 후 최종 선발을 하는데 최종 선발 경쟁이 매우 치열합니다. 해당 교육과정에 참여할 경우 승진이 불투명해 진다면 당신은 어떤 선택을 하겠으며, 그 이유는 무엇인가요?",여러분 어떤 선택 하실 건가요 당신 현재 내년초 대리승진 확정적 대리승진 후에 상당 부분 의사결정 권한 폭넓 업무경험 해당 직무 전문가 성장 가능성 매우 그런데 마침 당신 가고 싶었던 국가 해외전문 교육과정 공모 진행 6개월 교육 최종 선발 하는데 최종 선발 경쟁 매우 치열 해당 교육과정 참여할 경우 승진 불투명해 진다면 당신 어떤 선택 하겠으며 이유 무엇인가요
1596,8,"CJ푸드빌과 해당 직무를 지원한 동기 및 해당 직무를 잘 수행할 수 있는 본인만의 경쟁력을 기술해주세요. 단, 자신의 실제경험을 바탕으로 아래와 같이 직접/간접경험으로 구분하여 작성해 주시기 바랍니다. (1,000자 이내) ① 직접경험 , ② 간접경험",CJ푸드빌 해당 직무 지원한 동기 해당 직무 수행할 본인만 경쟁력 기술해 자신 실제경험 바탕 아래 직접간접경험 구분 작성해 주시기 바랍니다 직접경험 간접경험
1597,8,"CJ푸드빌 브랜드 중 경쟁력이 가장 크다고 생각하는 브랜드를 선택해 아래 문항에 대해 기술해주세요. (1,000자 이내) ① 해당 브랜드를 선택한 이유 ② 선택한 브랜드가 앞으로 나아가야 할 방향 혹은 전략 ③ 해당 브랜드의 성장에 도움이 될 것으로 생각되는 본인만의 역량과 구체적인 경험을 작성해주세요.",CJ푸드빌 브랜드 경쟁력 가장 크다고 생각 브랜드 선택해 아래 문항 대해 기술해 해당 브랜드 선택한 이유 선택한 브랜드 나아가야 방향 전략 해당 브랜드 성장 도움 생각되 본인만 역량 구체적인 경험 작성해
1598,8,JTBC가 글로벌 최고의 프로덕션 하우스가 되려면 현재 회사에 필요한 역량이 무엇일지 기술하세요. (1000자),JTBC 글로벌 최고 프로덕션 하우스 되려면 현재 회사 필요한 역량 무엇일지 기술하
1599,8,"본인이 지원한 직무 수행에 필요한 지식, 기술 등 남들과 다른 전문성을 갖추기 위해 어떤 준비를 하였으며, 본인의 어떠한 면이 해당 직무에 적합한지 구체적으로 작성해주시기 바랍니다. [700자 이내]",본인 지원한 직무 수행 필요한 지식 기술 남들 다른 전문성 갖추기 어떤 준비 하였으며 본인 어떠한 해당 직무 적합한지 구체적 작성해주시기 바랍니다
1600,8,"귀하가 지원한 직무는 무엇이며, 지원한 직무를 수행할 수 있다고 생각하는 이유를 본인의 경험에 기반하여 내세울만 한 강점, 혹은 개성을 바탕으로 서술해 주십시오.",귀하 지원한 직무 무엇 지원한 직무 수행할 있다고 생각 이유 본인 경험 기반 내세울 강점 개성 바탕 서술해
1601,8,지원한 직무와 관련한 경력이나 경험 및 활동의 내용을 기술해 주십시오.,지원한 직무 관련한 경력 경험 활동 내용 기술해
1602,8,"1)지원직무 수행을 위해 필요한 역량(지식, 스킬, 태도)은 무엇이라고 생각하는지 서술하세요 2)본인이 요구 역량을 함양하기 위해 어떤 노력을 해 왔는지 구체적 사례를 중심으로 서술하세요(1500자)",1지원직무 수행 필요한 역량 무엇이라고 생각하는지 서술하 2본인 요구 역량 함양하기 어떤 노력 왔는지 구체적 사례 중심 서술하
1603,8,귀하가 희망하는 직무와 그 직무에 대한 Vision에 대하여 서술해 주십시오. [300자],귀하 희망 직무 직무 Vision 서술해 300자
1604,8,귀하가 가진 직무관련 경험과 능력을 바탕으로 한국에너지공단의 발전 및 미래성장동력 확보에 기여할 수 있는 바를 기술해 주십시오. [500자 이내],귀하 가진 직무 경험 능력 바탕 한국에너지공단 발전 미래성장동력 확보 기여할 기술해
1605,8,"여러분이 선택한 계열사와 해당 직무를 지원한 동기는 무엇인가요? ① 해당 회사/직무에 지원한 이유 ② 본인이 직무를 잘 수행할 수 있는 이유를 반드시 포함하여 구체적으로 작성해 주세요. (1,000자)",여러분 선택한 계열사 해당 직무 지원한 동기 무엇인가요 해당 회사직무 지원한 이유 본인 직무 수행할 이유 반드시 포함 구체적 작성해
1606,8,해당직무를 지원한 이유와 직무를 통해 이루고 싶은 목표는 무엇입니까?,해당직무 지원한 이유 직무 이루고 목표 무엇입니까
1607,8,"여러분이 CJ CGV의 Multiplex Manager 직무에 지원한 동기는 무엇인가요? ① 본인이 생각하는 Multiplex Manager의 역할과 사명, ② 본인이 Multiplex Manager에 관심갖게 된 계기, ③ Multiplex Manager가 되기 위한 나의 노력 을 반드시 포함하여 구체적으로 작성해 주세요.",여러분 CJ CGV Multiplex Manager 직무 지원한 동기 무엇인가요 본인 생각 Multiplex Manager 역할 사명 본인 Multiplex Manager 관심갖게 계기 Multiplex Manager 되기 노력 반드시 포함 구체적 작성해
1608,8,지원한 직무와 관련한 경력이나 경험의 활동 내용을 기술해 주십시오(200자),지원한 직무 관련한 경력 경험 활동 내용 기술해 주십시오200자
1609,8,"본인이 성공 또는 실패했던 조직적응 사례를 기술하고, 조직 적응을 위해 필요한 역량이 무엇인지 기술하시오. [ 600자 이내 ]",본인 성공 실패했던 조직적응 사례 기술 조직 적응 필요한 역량 무엇인지 기술하
1610,8,본인이 희망하는 직무 수행을 위해 본인이 무엇을 어떻게 준비해왔는지를 구체적으로 기술하시오. [ 500자 이내 ],본인 희망 직무 수행 본인 무엇 어떻게 준비해왔는지 구체적 기술하
1611,8,"여러분이 지원한 직무와 관련된 노력과 경험 , 그리고 입사 후 해당 직무에서의 성장 비전을 구체적으로 기술해주세요.",여러분 지원한 직무 관련된 노력 경험 그리고 입사 해당 직무에서 성장 비전 구체적 기술해
1612,8,"해당 직무 수행 시 필요한 역량은 무엇이라고 생각하며, 본인은 해당 역량을 갖추기 위해 그 동안 어떤 노력과 도전, 그리고 경험을 해 왔는지 구체적으로 설명해 주세요.",해당 직무 수행 필요한 역량 무엇이라고 생각 본인 해당 역량 갖추기 동안 어떤 노력 도전 그리고 경험 왔는지 구체적 설명해
1613,8,쌍용건설에 지원하게 된 동기 / 입사후 하고싶은 직무 / 해당 직무에 필요한 역량 (600자),쌍용건설 지원하게 동기 입사후 하고싶 직무 해당 직무 필요한 역량 600자
1614,8,지원 직무를 잘 수행하기 위하여 어떤 준비를 했는지 구체적으로 기술해 주세요,지원 직무 수행하기 어떤 준비 했는지 구체적 기술해
1615,8,"CJ제일제당 및 선택한 직무에 대한 지원동기는 무엇인가요? ① 선택한 직무에 관심을 갖게된 계기, ② 본인이 지원 직무를 잘 수행할 수 있는 이유 ③ CJ제일제당이 아니면 안되는 이유를 반드시 포함하여 구체적으로 작성해주세요.(1,000자 이내)",CJ제일제당 선택한 직무 지원동기 무엇인가요 선택한 직무 관심 갖게된 계기 본인 지원 직무 수행할 이유 CJ제일제당 아니면 안되 이유 반드시 포함 구체적 작성해
1616,8,"당사에 입사를 하기 위해 거친 준비 과정과, 입사 후에 본인의 경험/지식/능력을 어떻게 발휘할 것인지를 희망 직무와 연결하여 기술하시기 바랍니다.",당사 입사 하기 거친 준비 과정 입사 본인 경험지식능력 어떻게 발휘할 것인지 희망 직무 연결 기술하시기 바랍니다
1617,8,지원한 직무와 관련하여 타 지원자가 가지지 못한 본인`만`의 경쟁력이 무엇이라고 생각합니까? 또한 그 경쟁력을 보유/유지 하기 위해 어떤 노력을 해 왔습니까?,지원한 직무 관련 지원자 가지지 못한 본인만 경쟁력 무엇이라고 생각합니까 또한 경쟁력 보유유지 하기 어떤 노력 왔습니까
1618,8,지원한 직무와 관련한 경력이나 경험 및 활동의 내용을 기술해 주십시오.(200자),지원한 직무 관련한 경력 경험 활동 내용 기술해 주십시오200자
1619,8,개발자로서 역량을 쌓기 위해 해온 자기계발 활동,개발자로서 역량 쌓기 해온 자기계발 활동
1620,8,"현대엔지니어링의 프로젝트 하나를 선택하여, 해당 프로젝트에서 본인이 어떠한 수행을 할수있을지 지원한 직무를 기반으로 기술해주십시오",현대엔지니어링 프로젝트 하나 선택 해당 프로젝트 본인 어떠한 수행 할수있을지 지원한 직무 기반 기술해주
1621,8,귀하가 가진 직무관련 경험과 능력을 바탕으로 한국에너지공단의 발전 및 미래성장동력 확보에 기여할 수 있는 바를 기술해 주십시오.,귀하 가진 직무 경험 능력 바탕 한국에너지공단 발전 미래성장동력 확보 기여할 기술해
1622,8,직무와 관련된 경력 및 활동사항과 성과에 대해 말씀해 주십시오.,직무 관련된 경력 활동사항 성과 대해 말씀해
1623,8,"직무와 관련하여 본인의 특별한 경험과 역량은 무엇입니까?창업(신사업을 일궈낸 경험), 마케팅조사 (2000 Bytes 이내)",직무 관련 본인 특별한 경험 역량 무엇입니까창업 마케팅조사
1624,8,해당 직무에 지원하기 위해 어떤 준비를 했는지 구체적으로 서술하시오.,해당 직무 지원하기 어떤 준비 했는지 구체적 서술하
1625,8,지원한 직무와 관련하여 본인이 수행해 온 노력과 입사 후 해당 직무분야에서 본인의 발전 방향을 기술해 주십시오.,지원한 직무 관련 본인 수행해 노력 입사 해당 직무분야 본인 발전 방향 기술해
1626,8,"당사의 지원동기와 지원분야에서 성과를 내는데 필요한 역량은 무엇이며, 해당역량을 갖추기 위해 어떤 노력을 해왔는지 기술하시오.",당사 지원동기 지원분야 성과 내는데 필요한 역량 무엇 해당역량 갖추기 어떤 노력 해왔는지 기술하
1627,8,본인이 당사에 입사하고자 하는 이유와 지원 직무를 위해 했던 구체적인 노력에 대해서 기술하여 주십시오. [ 200자 이상 600자 이내 ],본인 당사 입사하고자 이유 지원 직무 했던 구체적인 노력 기술
1628,8,개발자로서 역량을 쌓기 위해 해온 노력!,개발자로서 역량 쌓기 해온 노력
1629,8,해당 직무를 선택한 이유와 그 직무를 수행함에 있어 본인의 경쟁력은 무엇인지 기술해 주십시오. (400자),해당 직무 선택한 이유 직무 수행함 있어 본인 경쟁력 무엇인지 기술해 400자
1630,8,본인이 자신 있는 직무와 이유를 설명해 주세요. [500자],본인 자신 직무 이유 설명해 500자
1631,8,지원한 직무를 수행함에 있어 귀하가 가지고 있는 강점에 대해 경험을 중심으로 기술하시오. (600자),지원한 직무 수행함 있어 귀하 가지고 강점 대해 경험 중심 기술하 600자
1632,8,지원하신 직무에 대한 본인의 열정을 생각해 보시기 바랍니다.,지원하신 직무 본인 열정 생각해 보시기 바랍니다
1633,8,"지원하신 직무와 관련하여, 필요한 역량을 갖추기 위해 지금까지 어떠한 노력을 해왔는지 구체적으로 기술하고, 이들을 업무에 어떻게 적용할것인지 기술하여 주시기 바랍니다. [400자 이상2000자 이내]",지원하신 직무 관련 필요한 역량 갖추기 지금 어떠한 노력 해왔는지 구체적 기술 이들 업무 어떻게 적용할것인지 기술 주시기 바랍니다
1634,8,지원 직무에 대한 본인만의 강점,지원 직무 본인만 강점
1635,8,희망직무/ 본인에게 적합한 직무와 그 이유를 설명하시오.,희망직무 본인 적합한 직무 이유 설명하
1636,8,"LG디스플레이 및 지원직무에 지원하는 동기에 대해 기술 (성격 장,단점) 직무와 관련된 경험 및 역량, 관심사항, 개인의 목표 및 비전 등 자신을 어필할 수 있는 내용을 기반으로 자유롭게 서술하시기 바랍니다.(500~1000자)",LG디스플레 지원직무 지원 동기 대해 기술 직무 관련된 경험 역량 관심사항 개인 목표 비전 자신 어필할 내용 기반 자유롭게 서술하시기 바랍니다
1637,8,지원 직무와 관련된 이력을 간결하게 나열해주시기 바랍니다. 등으로 기술해주시면 됩니다. 예시) 디스플레이 개론 수강(2013)/ A학점 취득 (100~500자),지원 직무 관련된 이력 간결하게 나열해주시기 바랍니다 기술해주시면 예시 디스플레 개론 수강2013 A학점 취득
1638,8,지원분야 직무를 선택한 이유와 직무를 수행함에 있어 본인의 강점을 기재해주시기 바랍니다. (1000자),지원분야 직무 선택한 이유 직무 수행함 있어 본인 강점 기재해주시기 바랍니다
1639,8,"해당 직무 분야를 선택하게 된 이유와, 직무 수행에 필요한 역량을 갖추기 위해 어떠한 노력을 하였는지 구체적인 사례를 근거로 기술해 주시길 바랍니다(700자 이내)",해당 직무 분야 선택하게 이유 직무 수행 필요한 역량 갖추기 어떠한 노력 하였는지 구체적인 사례 근거 기술해 주시길 바랍니다
1640,8,해당 직무에 지원하기 위해 준비한 본인만의 경쟁력을 구체적 사례와 경험을 들어 기술하세요. (700자),해당 직무 지원하기 준비한 본인만 경쟁력 구체적 사례 경험 들어 기술하 700자
1641,8,"직무수행능력의 차별화된 경쟁력 (Competitiveness) - 본인이 진흥원 직무를 수행함에 있어 타인과 비교하여 차별화된 자신의 핵심 경쟁력이 무엇인지 기술하고, 해당 경쟁력을 보유하게 된 경력 또는 경험을 기술하세요. [1000자]",직무수행능력 차별화된 경쟁력 본인 진흥원 직무 수행함 있어 타인 비교 차별화된 자신 핵심 경쟁력 무엇인지 기술 해당 경쟁력 보유하게 경력 경험 기술하 1000자
1642,8,"직무수행을 위한 지식 및 기술 (Knowledge & Skill) - 본인이 보유하고 있는 진흥원 직무를 수행함에 있어 필요한 핵심 지식(knowledge) 및 기술(Skill)이 무엇인지 기술하고, 해당 지식과 기술을 보유하게 된 경력 또는 경험을 기술하세요.[1000자]",직무수행 지식 기술 본인 보유 진흥원 직무 수행함 있어 필요한 핵심 지식 기술 무엇인지 기술 해당 지식 기술 보유하게 경력 경험 기술하세요1000자
1643,8,"직무수행을 위한 태도 (Attitude) - 진흥원 직무를 수행하기 위해 가장 중요한 태도(attitude)가 무엇인지와 그 필요성을 기술하고, 그 태도와 관련한 본인의 경험을 기술하세요. [1000자]",직무수행 진흥원 직무 수행하기 가장 중요한 무엇인지 필요성 기술 태도 관련한 본인 경험 기술하 1000자
1644,8,"CJ오쇼핑 MD(홈쇼핑 MD)를 지원한 동기는 무엇인가요? ① 선택한 계열사가 아니면 안되는 이유, ② 직무에 관심갖게 된 계기, ③ 관심분야 및 관심을 갖게된 계기, ④ 본인이 직무를 잘 수행할 수 있는 이유(본인의 강점, 노력, 경험에 근거)를 반드시 포함하여 구체적으로 작성해 주세요.(1500자)",CJ오쇼핑 MD 지원한 동기 무엇인가요 선택한 계열사 아니면 안되 이유 직무 관심갖게 계기 관심분야 관심 갖게된 계기 본인 직무 수행할 이유 반드시 포함 구체적 작성해
1645,8,지원한 직무와 관련하여 본인이 수행해 온 노력과 입사 후 해당 직무분야에서 본인의 발전 방향을 기술해 주십시오,지원한 직무 관련 본인 수행해 노력 입사 해당 직무분야 본인 발전 방향 기술해
1646,8,희망하는 직무를 기재하고 그 이유와 본인의 적합성을 지식/자신의 장기 비전/성격에 비추어 기술하시오,희망 직무 기재 이유 본인 적합성 지식자신 장기 비전성격 비추어 기술하
1647,8,직무경험 : 선택한 직무에 있어서 필요한 사람임을 보일 수 있도록 자신에 대해 좀 더 자세히 기술해 주세요.[800자],직무경험 선택한 직무 있어서 필요한 사람임 보일 있도록 자신 대해 자세히 기술해 주세요800자
1648,8,"본인이 지원한 직무에 가장 중요하다고 생각하는 역량과 이에 대한 자신만의 차별화된 강점(전문지식, 기술, 경험 등)은 무엇인지 기술해 주십시오. (700자이내)",본인 지원한 직무 가장 중요하다고 생각 역량 자신만 차별화된 강점 무엇인지 기술해
1649,8,해당 직무를 수행함에 있어 본인만의 경쟁력에 대하여 기술하여 주십시오.(300자),해당 직무 수행함 있어 본인만 경쟁력 기술 주십시오300자
1650,8,지원한 직무를 수행함에 있어 귀하가 가지고 있는 강점에 대해 경험을 중심으로 기술하시오,지원한 직무 수행함 있어 귀하 가지고 강점 대해 경험 중심 기술하
1651,8,"해당직무에 지원한 이유와 본 직무를 수행하기 위한 구체적인 준비 및 노력과정을 설명하고, 직무를 통해 이루고 싶은 목표를 기술하십시오. * [100자 이상 400자 이내]",해당직무 지원한 이유 직무 수행하기 구체적인 준비 노력과정 설명 직무 이루고 목표 기술하
1652,8,지원한 분야와 관련하여 자신이 다른 지원자보다 조금이라도 수준이 높다고 내세울만한 역량 및 부족하다고 생각하는 역량을 각각 한 가지씩 기술하여 주십시오.,지원한 분야 관련 자신 다른 지원자 조금 수준 높다고 내세울만한 역량 부족하다고 생각 역량 각각 가지씩 기술
1653,8,해당 직무에 지원자님을 선발해야 하는 이유와 입사 후 회사에 기여할 수 있는 점을 기술해 주십시오.,해당 직무 지원자님 선발 이유 입사 회사 기여할 기술해
1654,8,지원 직무와 관련된 경력사항과 주요 실적을 기재해주세요.,지원 직무 관련된 경력사항 주요 실적 기재해
1655,8,"지원하신회사, 직무, 근무지에관련하여특별히희망하는점이있으면알려주시고, 회사에서이루고싶은자신의포부를밝혀주십시오.",지원하신회사 직무 근무지에관련하여특별히희망하는점이있으면알려주시고 회사에서이루고싶은자신의포부를밝혀주
1656,8,영업관리 직무에 대한 준비과정과 이와 관련된 본인의 강점과 약점 기술,영업관리 직무 준비과정 관련된 본인 강점 약점 기술
1657,8,지원하신 직무를 선택한 이유와 그 직무에 필요한 역량을 갖추기 위해 지금까지 어떠한 노력을 해왔는지 구체적으로 작성해주십시오. (600자 이내),지원하신 직무 선택한 이유 직무 필요한 역량 갖추기 지금 어떠한 노력 해왔는지 구체적 작성해주
1658,8,"본인이 희망하는 업무는 무엇이며, 업무 수행에 필요한 역량을 갖추기 위해 어떠한 노력을 했는지 구체적으로 기술해 주십시오. (500자 이내)",본인 희망 업무 무엇 업무 수행 필요한 역량 갖추기 어떠한 노력 했는지 구체적 기술해
1659,8,"여러분이 선택한 계열사 및 직무에 대한 지원동기는 무엇인가요? ① 선택한 계열사가 아니면 안되는 이유, ② 직무에 관심갖게 된 계기, ③ 본인이 직무를 잘 수행할 수 있는 이유를 반드시 포함하여 구체적으로 작성해 주세요.",여러분 선택한 계열사 직무 지원동기 무엇인가요 선택한 계열사 아니면 안되 이유 직무 관심갖게 계기 본인 직무 수행할 이유 반드시 포함 구체적 작성해
1660,8,지원동기 및 본인이 지원 직무에 적합하다고 생각하는 이유는?,지원동기 본인 지원 직무 적합하다고 생각 이유
1661,8,타인과 차별되는 자신만의 강점 및 역량을 작성해 주세요,타인 차별되 자신만 강점 역량 작성해
1662,8,희망직무를 지원한 이유와 직무를 수행하기 위해 어떠한 노력이나 경험을 하였는지 구체적으로 작성해주시기 바랍니다. (500자),희망직무 지원한 이유 직무 수행하기 어떠한 노력 경험 하였는지 구체적 작성해주시기 바랍니다 500자
1663,8,"CJ제일제당 및 선택한 직무에 대한 지원동기는 무엇인가요? ① 선택한 직무에 관심을 갖게된 계기, ② 본인 직무를 잘 수행할 수 있는 이유 ③ CJ제일제당이 아니면 안되는 이유를 반드시 포함하여 구체적으로 작성해주세요.(1000자)",CJ제일제당 선택한 직무 지원동기 무엇인가요 선택한 직무 관심 갖게된 계기 본인 직무 수행할 이유 CJ제일제당 아니면 안되 이유 반드시 포함 구체적 작성해
1664,8,해당 직무를 지원한 동기와 그 직무를 수행하기 위한 본인만의 차별화된 역량을 기술해 주시기 바랍니다.,해당 직무 지원한 동기 직무 수행하기 본인만 차별화된 역량 기술해 주시기 바랍니다
1665,8,"지원하신 직무를 수행하기 위해 필요한 전문적인 역량은 무엇인지, 그 역량을 가지게 되기까지의 경험, 자신의 행동, 결과 등을 아래 질문을 감안하여 기술하여 주십시오.",지원하신 직무 수행하기 필요한 전문적인 역량 무엇인지 역량 가지게 되기까지 경험 자신 행동 아래 질문 감안 기술
1666,8,재단의 직무를 수행함에 있어 본인이 가지고 있는 차별화된 경쟁력이 무엇인지 기술해 주십시오. [500자 이내],재단 직무 수행함 있어 본인 가지고 차별화된 경쟁력 무엇인지 기술해
1667,8,"본인이 지원한 직무에 필요한 역량은 무엇이라고 생각하며, 그 이유는 무엇입니까?",본인 지원한 직무 필요한 역량 무엇이라고 생각 이유 무엇입니까
1668,8,직무에 필요한 역량을 갖추기 위해 본인이 노력했던 점은 무엇입니까?,직무 필요한 역량 갖추기 본인 노력했던 무엇입니까
1669,8,회사를 지원한 이유와 직무를 선택하고 준비해온 것을 소개해 주세요. [700자 이내],회사 지원한 이유 직무 선택 준비해온 소개해
1670,8,희망직무를 지원한 이유와 직무를 수행하기 위해 어떠한 노력이나 경험을 하였는지 구체적으로 작성해주시기 바랍니다. (500 자 이내),희망직무 지원한 이유 직무 수행하기 어떠한 노력 경험 하였는지 구체적 작성해주시기 바랍니다
1671,8,귀하가 가진 직무관련 경험과 능력을 바탕으로 한국에너지공단의 발전 및 미래성장동력 확보에 기여할 수 있는 바를 기술해 주십시오. * [500자 이내],귀하 가진 직무 경험 능력 바탕 한국에너지공단 발전 미래성장동력 확보 기여할 기술해
1672,8,"타인과 차별화된 자신만의 역량, 이를 위해 준비해온 과정",타인 차별화된 자신만 역량 준비해온 과정
1673,8,"[ Why This position? ] 지원한 직무를 선택한 동기는 무엇이며, 직무 수행에 필요한 역량을 갖추기 위한 본인의 노력에 대해 구체적으로 기술하시오.",Why This position 지원한 직무 선택한 동기 무엇 직무 수행 필요한 역량 갖추기 본인 노력 대해 구체적 기술하
1674,8,지원한 직무 수행을 위해 본인이 무엇을 어떻게 준비하고 노력 해 왔는지 구체적으로 기술하십시오.,지원한 직무 수행 본인 무엇 어떻게 준비 노력 왔는지 구체적 기술하
1675,8,`회사 및 직무에 대한 지원 동기`와 `해당 직무를 잘 수행하기 위해 어떤 준비`를 해왔는지 구체적으로 설명해주시기 바랍니다. (1000자),회사 직무 지원 동기 해당 직무 수행하기 어떤 준비 해왔는지 구체적 설명해주시기 바랍니다
1676,8,"귀하가 지원한 직무는 무엇이며, 해당 직무에 관심을 갖게 된 계기와 이를 잘 수행할 수 있다고 생각하는 이유를 본인의 역량, 준비과정 및 관련 경험을 근거로 서술",귀하 지원한 직무 무엇 해당 직무 관심 갖게 계기 수행할 있다고 생각 이유 본인 역량 준비과정 경험 근거 서술
1677,8,지원하신 직무를 수행함에 있어 본인이 가지고 있는 강점에 대해 경험을 중심으로 기술해 주십시오. (500자 이내),지원하신 직무 수행함 있어 본인 가지고 강점 대해 경험 중심 기술해
1678,8,해당 직무에 지원한 사유 및 직무 수행에 적합하다고 생각되는 근거를 본인의 전공 및 경험등에 연계하여 서술해 주시기 바랍니다 (최소 500자 1000자 이하),해당 직무 지원한 사유 직무 수행 적합하다고 생각되 근거 본인 전공 경험등 연계 서술해 주시기 바랍니다
1679,8,"본인이 해당직무를 지원하게 된 이유는 무엇이며 직무를 잘 수행하기 위해 어떻게 준비해왔는지 경험, 전공 등을 연계하여 서술하시오 (400자)",본인 해당직무 지원하게 이유 무엇 직무 수행하기 어떻게 준비해왔는지 경험 전공 연계 서술하 400자
1680,8,본인의 경험 중 지원한 직무와 관련하여 가장 특별하고 인상 깊었던 경험에 대해 구체적으로 기술해 주십시오. (700자),본인 경험 지원한 직무 관련 가장 특별 인상 깊었던 경험 대해 구체적 기술해 700자
1681,8,"대우건설 내 희망 직무는 무엇이며, 직무 수행에 필요한 지식, 기술 등 남들과 다른 전문성을 갖추기 위해 어떤 준비를 하였는지 구체적으로 작성해 주시기 바랍니다. [700자]",대우건설 희망 직무 무엇 직무 수행 필요한 지식 기술 남들 다른 전문성 갖추기 어떤 준비 하였는지 구체적 작성해 주시기 바랍니다 700자
1682,8,"CJ제일제당 및 선택한 직무에 대한 지원동기는 무엇인가요? ① 선택한 직무에 관심을 갖게된 계기, ② 본인이 지원직무를 잘 수행할 수 있는 이유(본인의 강점, 준비, 관련경험 근거) ③ 영업사원으로서의 Vision과 포부 를 반드시 포함하여 구체적으로 작성해주세요.(1000자)",CJ제일제당 선택한 직무 지원동기 무엇인가요 선택한 직무 관심 갖게된 계기 본인 지원직무 수행할 이유 영업사원으로서 Vision 포부 반드시 포함 구체적 작성해
1683,8,해당 직무에 지원자님을 선발해야 하는 이유와/ 입사 후 회사에 기여할 수 있는 점을 기술해 주십시오.,해당 직무 지원자님 선발 이유 입사 회사 기여할 기술해
1684,8,"지원한 직무와 직접적인 연관성은 없으나, 입사 후 회사생활을 하는 데 도움이 될 수 있는 자신이 가진 지식이나 경험에 대해 기술하시오.",지원한 직무 직접적인 연관성 없으 입사 회사생활 도움 자신 가진 지식 경험 대해 기술하
1685,8,"[직무 Guide]를 참고하여 희망직무 분야와 사유, 그리고 이와 관련하여 준비해온 과정에 대하여 작성 바랍니다. (800자)",직무 Guide 참고 희망직무 분야 사유 그리고 관련 준비해온 과정 작성 바랍니다 800자
1686,8,"CJ제일제당 및 선택한 직무에 대한 지원동기는 무엇인가요? ① 선택한 직무에 관심을 갖게된 계기, ② 본인이 지원직무를 잘 수행할 수 있는 이유(본인의 강점, 준비, 관련경험 근거) ③ 영업사원으로서의 Vision과 포부 를 반드시 포함하여 구체적으로 작성해주세요.(1000자 이내)",CJ제일제당 선택한 직무 지원동기 무엇인가요 선택한 직무 관심 갖게된 계기 본인 지원직무 수행할 이유 영업사원으로서 Vision 포부 반드시 포함 구체적 작성해
1687,8,"Food Sales 직무를 수행함에 있어서 예상되는 어려움을 작성하고, 그에 대한 본인만의 해결책을 제시해주세요. (1000자 이내)",Food Sales 직무 수행함 있어서 예상되 어려움 작성 본인만 해결책 제시해
1688,8,"관련 역량을 갖추기 위해 구체적으로 어떠한 노력을 하였는지 말씀해 주세요. (학업과정, 경험, 자격증 취득 등) [600자 이내] *",역량 갖추기 구체적 어떠한 노력 하였는지 말씀해
1689,8,"본인의 글로벌 역량과 관련한 사항을 말씀해 주세요.(외국어능력, 거주경험 등) [600자 이내]",본인 글로벌 역량 관련한 사항 말씀해
1690,8,"여러분이 선택한 계열사와 해당 직무를 지원한 동기는 무엇인가요? ① 선택한 계열사가 아니면 안되는 이유, ② 직무에 관심갖게 된 계기, ③ 본인이 직무를 잘 수행할 수 있는 이유, ④ 입사 후 목표를 반드시 포함하여 구체적으로 작성해 주세요. (1000자)",여러분 선택한 계열사 해당 직무 지원한 동기 무엇인가요 선택한 계열사 아니면 안되 이유 직무 관심갖게 계기 본인 직무 수행할 이유 입사 목표 반드시 포함 구체적 작성해
1691,8,"귀하가 지원한 직무는 무엇이며, 해당 직무에 관심을 갖게 된 계기와 이를 잘 수행할 수 있다고 생각하는 이유를 본인의 역량, 준비과정 및 관련 경험을 근거로 서술해 주십시오 [100자 이상 500자 이내]",귀하 지원한 직무 무엇 해당 직무 관심 갖게 계기 수행할 있다고 생각 이유 본인 역량 준비과정 경험 근거 서술해
1692,8,"지원직무를 선택한 이유와 그 직무에 필요한 역량을 갖추기 위해 어떠한 노력을 해왔는지 구체적으로 서술하고, 그 경험들이 앞으로 회사와 본인의 발전에 어떻게 기여할 것이라 생각하십니까?",지원직무 선택한 이유 직무 필요한 역량 갖추기 어떠한 노력 해왔는지 구체적 서술 경험들 회사 본인 발전 어떻게 기여할 것이라 생각하십니까
1693,8,"① 지원직무 수행을 위해 필요한 역량(지식, 스킬, 태도)은 무엇이라고 생각하는지 서술하세요. ② 본인이 요구 역량을 함양하기 위해 어떤 노력을 해 왔는지 구체적 사례를 중심으로 서술하세요. (1500자,30줄 이내)",지원직무 수행 필요한 역량 무엇이라고 생각하는지 서술하 본인 요구 역량 함양하기 어떤 노력 왔는지 구체적 사례 중심 서술하
1694,8,"지원한 부문의 업무를 수행하기 위하여 필요한 핵심역량은 무엇이라고 생각하며, 해당 역량을 갖추기 위해 본인은 어떠한 노력을 했는지 구체적으로 기술해 주십시오. (1000자 이내)",지원한 부문 업무 수행하기 필요한 핵심역량 무엇이라고 생각 해당 역량 갖추기 본인 어떠한 노력 했는지 구체적 기술해
1695,8,"은행업무 수행을 위해 필요한 역량은 무엇이며, 이 역량을 갖추기 위해 어떻게 노력해 왔는지 설명해 주십시오.",은행업무 수행 필요한 역량 무엇 역량 갖추기 어떻게 노력해 왔는지 설명해
1696,8,입사 후 본인이 해당 직무 분야에서 Market Top 수준의 인재로 성장하기 위해 어떤 노력을 할 것인지 구체적으로 기술하십시오. (500자 10 단락 이내),입사 본인 해당 직무 분야 Market Top 수준 인재 성장하기 어떤 노력 것인지 구체적 기술하
1697,8,직무관련 경험 및 강점,직무 경험 강점
1698,8,"해당직무에 지원한 이유와 본 직무를 수행하기 위한 구체적인 준비 및 노력과정을 설명하고, 직무를 통해 이루고 싶은 목표를 기술하십시오.",해당직무 지원한 이유 직무 수행하기 구체적인 준비 노력과정 설명 직무 이루고 목표 기술하
1699,8,여러분이 선택한 계열사 및 직무에 대한 지원동기는 무엇인가요? 1. 선택한 계열사가 아니면 안되는 이유 2. 직무에 관심갖게 된 계기 3. 본인이 직무를 잘 수행할 수 있는 이유 를 반드시 포함하여 구체적으로 작성해주세요.,여러분 선택한 계열사 직무 지원동기 무엇인가요 선택한 계열사 아니면 안되 이유 직무 관심갖게 계기 본인 직무 수행할 이유 반드시 포함 구체적 작성해
1700,8,본인이 해당 직무 분야에 지원하게 된 이유와 해당 직무에 본인이 적합하다고 판단할 수 있는 이유 및 근거를 기술하시오. (800자),본인 해당 직무 분야 지원하게 이유 해당 직무 본인 적합하다고 판단할 이유 근거 기술하 800자
1701,8,지원한 직무를 수행함에 있어 귀하가 가지고 있는 강점에 대해 경험을 중심으로 기술하시오. (최대 600 최소 100),지원한 직무 수행함 있어 귀하 가지고 강점 대해 경험 중심 기술하
1702,8,"본인의 성장과정 및 지원동기를 기술해 주시기 바랍니다. - 성장과정은 자신에게 가장 큰 영향을 끼친 사건 포함 - 지원동기는 회사 및 직무를 선택한 이유, 직무에 필요한 역량을 갖추기 위한 노력, 입사 後 포부 포함 (2000자)",본인 성장과정 지원동기 기술해 주시기 바랍니다 성장과정 자신 가장 영향 끼친 사건 포함 지원동기 회사 직무 선택한 이유 직무 필요한 역량 갖추기 노력 입사 포부 포함
1703,8,"희망직무를 성공적으로 수행하기 위해 필요하다고 생각하는 역량 1가지를 선정하고 그 이유와 해당 역량을 갖추기 위해 노력한 경험에 대하여 구체적으로 기술하시오. * 1,500 Byte 글자수 공백포함 이내 입력",희망직무 성공적 수행하기 필요하다고 생각 역량 1가지 선정 이유 해당 역량 갖추기 노력한 경험 구체적 기술하 1500 Byte 글자수 공백포함 이내 입력
1704,8,`회사 및 직무에 대한 지원 동기`와 `해당 직무를 잘 수행하기 위해 어떤 준비`를 해왔는지 구체적으로 설명해주시기 바랍니다.,회사 직무 지원 동기 해당 직무 수행하기 어떤 준비 해왔는지 구체적 설명해주시기 바랍니다
1705,8,"지원한 직무를 선택하게 된 이유를 자신의 성격,전공지식,능력,경험 등과 결부하여 기술해 주십시오.",지원한 직무 선택하게 이유 자신 성격전공지식능력경험 결부 기술해
1706,8,"지원한 지역(분야)에 대하여 얼마나 알고 있는지 설명하시고, 그 지역(분야)에 근무하기 위한 어떤 역량을 갖추고 있는지 구체적 경험을 들어 기술하시오.",지원한 지역분야 얼마 알고 있는지 설명하시고 지역분야 근무하기 어떤 역량 갖추고 있는지 구체적 경험 들어 기술하
1707,8,[제가 재경 직무에 적합한 이유],재경 직무 적합한 이유
1708,8,본인이 남들과 차별화되는 점은 무엇이라고 생각하며 본인이 역량을 개발하기 위해 어떠한 노력을 하고 있는지 기술하여 주십시오,본인 남들 차별화되 무엇이라고 생각 본인 역량 개발하기 어떠한 노력 있는지 기술
1709,8,본인이 지원한 직무를 선택한 이유를 말씀해 주시고 그 직무를 수행하기 위해 남들과 차별화되어 준비된 역량이 있다 면 설명해주세요.,본인 지원한 직무 선택한 이유 말씀해 주시고 직무 수행하기 남들 차별화되어 준비된 역량 있다 설명해
1710,8,본인이 해당직무를 지원하게 된 이유는 무엇이며 직무를 잘 수행하기 위해 어떻게 준비해 왔는지 경험 전공 등을 연계하여 서술하여 주십시오. (400자),본인 해당직무 지원하게 이유 무엇 직무 수행하기 어떻게 준비해 왔는지 경험 전공 연계 서술 400자
1711,8,입사지원 동기와 본인이 지원 직무를 잘 수행할 수 있다고 생각하는 이유를 기술하여 주십시오.,입사지원 동기 본인 지원 직무 수행할 있다고 생각 이유 기술
1712,8,지원 직무와 관련된 전문 지식을 습득하기 위하여 수행해온 학습 활동과 직무경험에 대하여 기술하여 주십시오.,지원 직무 관련된 전문 지식 습득하기 수행해온 학습 활동 직무경험 기술
1713,8,지원한 직무를 수행함에 있어 귀하가 가지고 있는 강점에 대해 경험을 중심으로 기술하시오 (600자),지원한 직무 수행함 있어 귀하 가지고 강점 대해 경험 중심 기술하 600자
1714,8,"대우건설 내 희망 직무는 무엇이며, 직무 수행에 필요한 지식, 기술 등 남들과 다른 전문성을 갖추기 위해 어떤 준비를 하였는지 구체적으로 작성해 주시기 바랍니다. (700자)",대우건설 희망 직무 무엇 직무 수행 필요한 지식 기술 남들 다른 전문성 갖추기 어떤 준비 하였는지 구체적 작성해 주시기 바랍니다 700자
1715,8,"직무적합도 - Staff(경영지원)직무는 사업을 직접 수행하는 부서가 아니기 때문에 자칫 직무수행과정에서 주도성과 적극성을 잃어버리는 경우가 발생할 수도 있씁니다. 지원한 직무와 연계하여 본인이 가진 강 약점(경험, 역량, 태도, 스킬 등)을 기술해 주시고, 자신의 어떤 점을 살려 다른사람과는 달리 차별화되며 주도적으로 직무수행을 해나갈 수 있을지에 대해 기술해주시기 바랍니다. (100자~1,000자)",직무적합 Staff경영지원직무 사업 직접 수행 부서 아니기 때문 자칫 직무수행과정 주도성 적극성 잃어버리 경우 발생할 있씁니다 지원한 직무 연계 본인 가진 약점 기술해 주시고 자신 어떤 살려 다른사람과 달리 차별화되며 주도적 직무수행 해나갈 있을지 대해 기술해주시기 바랍니다
1716,8,"지원한 직무를 수행하기 위하여 필요한 핵심역량은 무엇이라고 생각하며, 해당 역량을 갖추기 위해 본인은 어떠한 노력을 했는지 구체적으로 기술해 주십시오.",지원한 직무 수행하기 필요한 핵심역량 무엇이라고 생각 해당 역량 갖추기 본인 어떠한 노력 했는지 구체적 기술해
1717,8,이 회사의 지원동기와 지원하신 부문의 직무를 잘 수행하기 위하여 어떤 준비를 했는지 본인의 경험과 관련하여 기술해 주십시오,회사 지원동기 지원하신 부문 직무 수행하기 어떤 준비 했는지 본인 경험 관련 기술해
1718,8,"지원하신 직무와 관련하여, 필요한 역량을 갖추기 위해 지금까지 어떠한 노력을 해왔는지 구체적으로 기술하고, 이들을 업무에 어떻게 적용 할 것인지 기술하여 주시기 바랍니다.",지원하신 직무 관련 필요한 역량 갖추기 지금 어떠한 노력 해왔는지 구체적 기술 이들 업무 어떻게 적용 것인지 기술 주시기 바랍니다
1719,8,"여러분이 선택한 계열사와 해당 직무를 지원한 동기는 무엇인가요? ① 선택한 계열사가 아니면 안되는 이유, ② 직무에 관심갖게 된 계기, ③ 본인이 직무를 잘 수행할 수 있는 이유를 반드시 포함하여 구체적으로 작성해 주세요.(1000자)",여러분 선택한 계열사 해당 직무 지원한 동기 무엇인가요 선택한 계열사 아니면 안되 이유 직무 관심갖게 계기 본인 직무 수행할 이유 반드시 포함 구체적 작성해
1720,8,해당 직무에 지원한 사유 및 직무 수행에 적합하다고 생각되는 근거를 본인의 전공 및 경험 등에 연계하여 서술해 주시기 바랍니다. [500자 이상 1000자 이내],해당 직무 지원한 사유 직무 수행 적합하다고 생각되 근거 본인 전공 경험 연계 서술해 주시기 바랍니다
1721,8,올리브영 및 해당 직무에 지원한 동기는 무엇인가요? 관심 갖게 된 계기를 반드시 포함하여 구체적으로 작성해 주세요.(1000자),올리브영 해당 직무 지원한 동기 무엇인가요 관심 갖게 계기 반드시 포함 구체적 작성해
1722,8,"인테리어 직무 수행 시 필요한 역량은 무엇이라고 생각하며, 본인은 해당 역량을 갖추기 위해 그 동안 어떤 노력과 경험을 해 왔는지 구체적으로 설명해 주세요",인테리어 직무 수행 필요한 역량 무엇이라고 생각 본인 해당 역량 갖추기 동안 어떤 노력 경험 왔는지 구체적 설명해
1723,8,에누리닷컴 지원동기와 지원하는 직무에 본인이 적합하다고 판단할 수 있는 이유,에누리닷컴 지원동기 지원 직무 본인 적합하다고 판단할 이유
1724,8,지원한 직무와 관련하여 본인만의 강점과 성격을 기술해 주세요. (500자 이내),지원한 직무 관련 본인만 강점 성격 기술해
1725,8,지원한 직무와 관련하여 본인만의 강점과 성격을 기술해 주세요 (500자),지원한 직무 관련 본인만 강점 성격 기술해 500자
1726,8,"경력기술서 본인이 지원한 분야의 직무와 관련하여, 기업조직(기관,단체)에 소속되어 활동한 내용(인턴, 아르바이트 경험 등)과 본인의 역할 및 구체적 행동, 주요 성과에 대해 작성하세요",경력기술서 본인 지원한 분야 직무 관련 기업조직 소속되어 활동한 내용 본인 역할 구체적 행동 주요 성과 대해 작성하
1727,8,"경험기술서 본인이 지원한 분야의 직무와 관련한 기타 활동/경험/수행(연구회, 동아리, 동호회 등) 내용, 본인의역할 및 구체적 행동, 주요 성과에 대해 작성하세요",경험기술서 본인 지원한 분야 직무 관련한 기타 활동경험수행 내용 본인의역할 구체적 행동 주요 성과 대해 작성하
1728,8,본인이 지원한 직무에 대하여 그 직무를 잘 수행할 수 있다고 생각하는 이유를 설명하십시오 (400자),본인 지원한 직무 직무 수행할 있다고 생각 이유 설명하 400자
1729,8,지원분야 직무를 선택한 이유와 직무를 수행함에 있어 본인의 강점을 기재해주시기 바랍니다.,지원분야 직무 선택한 이유 직무 수행함 있어 본인 강점 기재해주시기 바랍니다
1730,8,"LG디스플레이 및 지원 직무에 지원하는 동기에 대해 기술해 주십시오. 성격(장단점), 직무와 관련된 경험 및 역량, 관심사항, 개인의 목표 및 비전 등 자신을 어필 할 수 있는 내용을 기반으로 자유롭게 기술",LG디스플레 지원 직무 지원 동기 대해 기술해 성격장단점 직무 관련된 경험 역량 관심사항 개인 목표 비전 자신 어필 내용 기반 자유롭게 기술
1731,8,"지원 직무와 관련된 이력을 간결하게 나열해주시기 바랍니다. 학교수강과목, 외부교육수강 이력, 대외 활동, 프로젝트경험 등을 제목/경험/성적 등으로 기술",지원 직무 관련된 이력 간결하게 나열해주시기 바랍니다 학교수강과목 외부교육수강 이력 대외 활동 프로젝트경험 제목경험성적 기술
1732,8,"본인의 성장과정 및 지원동기를 기술해 주시기 바랍니다. - 성장과정은 자신에게 가장 큰 영향을 끼친 사건 포함 - 지원동기는 회사 및 직무를 선택한 이유, 직무에 필요한 역량을 갖추기 위한 노력, 입사 後 포부 포함",본인 성장과정 지원동기 기술해 주시기 바랍니다 성장과정 자신 가장 영향 끼친 사건 포함 지원동기 회사 직무 선택한 이유 직무 필요한 역량 갖추기 노력 입사 포부 포함
1733,8,"해당직무에 지원한 이유와 본 직무를 수행하기 위한 구체적인 준비 및 노력과정을 설명하고, 직무를 통해 이루고 싶은 목표를 기술하십시오",해당직무 지원한 이유 직무 수행하기 구체적인 준비 노력과정 설명 직무 이루고 목표 기술하
1734,8,"여러분이 선택한 계열사와 해당 직무를 지원한 동기는 무엇인가요? ① 선택한 계열사가 아니면 안되는 이유, ② 직무에 관심갖게 된 계기, ③ 영업사원으로서 예상되는 하루 업무 일과, ④ 본인이 직무를 잘 수행할 수 있는 이유, ⑤ 입사 후 목표를 반드시 포함하여 구체적으로 작성해 주세요. (1000자)",여러분 선택한 계열사 해당 직무 지원한 동기 무엇인가요 선택한 계열사 아니면 안되 이유 직무 관심갖게 계기 영업사원으로서 예상되 하루 업무 본인 직무 수행할 이유 입사 목표 반드시 포함 구체적 작성해
1735,8,현대자동차 해당 직무 분야에 지원하게 된 이유와 선택 직무에 본인이 적합하다고 판단할 수 있는 이유 및 근거를 제시해 주십시오,현대자동차 해당 직무 분야 지원하게 이유 선택 직무 본인 적합하다고 판단할 이유 근거 제시해
1736,8,지원한 직무와 관련하여 본인만의 강점과 성격을 기술해 주세요.,지원한 직무 관련 본인만 강점 성격 기술해
1737,8,해당 직무를 지원한 동기와 그 직무를 수행하기 위한 본인만의 차별화된 역량을 기술해 주시기 바랍니다. (500자 ~ 1000자),해당 직무 지원한 동기 직무 수행하기 본인만 차별화된 역량 기술해 주시기 바랍니다
1738,8,현대자동차 해당 직무 분야에 지원하게 된 이유와 선택직무에 본인이 적합하다고 판단할 수 있는 이유 및 근거를 제시해 주십시오. (3000자),현대자동차 해당 직무 분야 지원하게 이유 선택직무 본인 적합하다고 판단할 이유 근거 제시해
1739,8,해당 직무에 지원한 사유 및 직무 수행에 적합하다고 생각되는 근거를 본인의 전공 및 경험 등에 연계하여 서술해 주시기 바랍니다. * [500자 이상 1000자 이내],해당 직무 지원한 사유 직무 수행 적합하다고 생각되 근거 본인 전공 경험 연계 서술해 주시기 바랍니다
1740,8,"본인이 가진 열정과 역량에 대하여 (500~1000) - 본인이 지원한 직무와 관련된 경험 및 역량, 관심사항 등 자신을 어필할 수 있는 내용을 기반으로 자유롭기 기술",본인 가진 열정 역량 본인 지원한 직무 관련된 경험 역량 관심사항 자신 어필할 내용 기반 자유롭기 기술
1741,8,"본인의 10년 후 계획에 대하여(500) - 본인이 지원한 직무와 관련된 본인의 계획, 꿈, 비전에 대하여 기술해주시기 바랍니다.",본인 10년 계획 대하여500 본인 지원한 직무 관련된 본인 계획 비전 기술해주시기 바랍니다
1742,8,"본인이 가진 열정과 역량에 대하여. 본인이 지원한 직무와 관련된 경험 및 역량, 관심사항 등 자신을 어필할 수 있는 내용을 기반으로 자유롭게 기술해주시기 바랍니다. 핵심위주로 근거에 기반 하여 간결하게 기술 (500~1000)",본인 가진 열정 역량 본인 지원한 직무 관련된 경험 역량 관심사항 자신 어필할 내용 기반 자유롭게 기술해주시기 바랍니다 핵심위주 근거 간결하게 기술
1743,8,"본인의 10년 후 계획에 대하여. 본인이 지원한 직무와 관련된 본인의 계획, 꿈, 비전에 대하여 기술해주시기 바랍니다. 핵심 위주로 근거에 기반 하여 간략하게 기술 (500)",본인 10년 계획 본인 지원한 직무 관련된 본인 계획 비전 기술해주시기 바랍니다 핵심 위주 근거 간략하게 기술 500
1744,8,직무를 지원동기와 직무 관련된 준비사항,직무 지원동기 직무 관련된 준비사항
1745,8,자신이 남들보다 뛰어난 점은 무엇이며 직무에 어떻게 적용할 수 있을 것인지를 구체적으로 기술하여 주십시오.,자신 남들 뛰어난 무엇 직무 어떻게 적용할 것인지 구체적 기술
1746,8,본인이 남들과 차별화되는 점은 무엇이라고 생각하며 본인의 역량을 개발하기 위해 어떠한 노력을 하고 있습니까?,본인 남들 차별화되 무엇이라고 생각 본인 역량 개발하기 어떠한 노력 있습니까
1747,8,"본인의 성장과정 및 지원동기를 기술해 주시기 바랍니다.- 성장과정은 자신에게 가장 큰 영향을 끼친 사건 포함 - 지원동기는 회사 및 직무를 선택한 이유, 직무에 필요한 역량을 갖추기 위한 노력, 입사 後 포부 포함 (2000자 이내)",본인 성장과정 지원동기 기술해 주시기 바랍니다 성장과정 자신 가장 영향 끼친 사건 포함 지원동기 회사 직무 선택한 이유 직무 필요한 역량 갖추기 노력 입사 포부 포함
1748,8,선택한 직무에 지원한 동기와 직무를 수행하는데 필요한 역량을 갖추기 위해 어떤 노력을 기울였는지 기술해 주시기 바랍니다.,선택한 직무 지원한 동기 직무 수행하는데 필요한 역량 갖추기 어떤 노력 기울였는지 기술해 주시기 바랍니다
1749,8,지원하는 직무 관련 경험 및 역량에 대해 작성하세요. (800자 이내),지원 직무 경험 역량 대해 작성하
1750,8,해당 직무에 지원하기 위해 어떤 준비를 했는지 구체적으로 서술하시오,해당 직무 지원하기 어떤 준비 했는지 구체적 서술하
1751,8,"여러분이 지원하신 직무를 잘 수행할 수 있다고 생각하는 이유 3가지를 적고, 각각의 이유를 설명할 수 있는 구체적인 경험을 작성해 주세요. (1000자)",여러분 지원하신 직무 수행할 있다고 생각 이유 3가지 적고 각각 이유 설명할 구체적인 경험 작성해
1752,8,"직무 관련 노력과 경험, 입사 후 성장 비전 기술",직무 노력 경험 입사 성장 비전 기술
1753,8,"해당직무에 지원한 이유와 본 직무를 수행하기 위해 구체적인 준비 및 노력과정을 설명하고, 직무를 통해 이루고 싶은 목표를 기술하시기 바랍니다.",해당직무 지원한 이유 직무 수행하기 구체적인 준비 노력과정 설명 직무 이루고 목표 기술하시기 바랍니다
1754,8,지원 직무와 관련된 이력을 간결하게 나열해주시기 바랍니다. [100자 ~ 500자],지원 직무 관련된 이력 간결하게 나열해주시기 바랍니다 100자 500자
1755,8,본인이 해당직무를 지원하게된 이유는 무엇이며 직무를 잘 수행하기 위해 어떻게 준비해 왔는지 경험 전공 등을 연계하여 서술하여 주십시오. (400자),본인 해당직무 지원하게된 이유 무엇 직무 수행하기 어떻게 준비해 왔는지 경험 전공 연계 서술 400자
1756,8,해당 직무에 지원한 사유 및 직무 수행에 적합하다고 생각되는 근거를 본인의 전공 및 경험 등에 연계하여 서술해 주시기 바랍니다.,해당 직무 지원한 사유 직무 수행 적합하다고 생각되 근거 본인 전공 경험 연계 서술해 주시기 바랍니다
1757,8,"본인이 지원한 직무에 가장 중요하다고 생각하는 역량과 이에 대한 자신만의 차별화된 강점 (전문지식, 기술, 경험 등)은 무엇인지 기술해 주십시오. (700자이내)",본인 지원한 직무 가장 중요하다고 생각 역량 자신만 차별화된 강점 무엇인지 기술해
1758,8,`회사 및 직무에 대한 지원 동기`와 `해당 직무를 잘 수행하기 위해 어떤 준비`를 해왔는지 구체적으로 설명해주시기 바랍니다. [100자 ~ 1000자],회사 직무 지원 동기 해당 직무 수행하기 어떤 준비 해왔는지 구체적 설명해주시기 바랍니다 100자 1000자
1759,8,희망 직무를 수행하기 위한 본인의 강점과 노력에 대해 구체적으로 말씀해 주십시오.,희망 직무 수행하기 본인 강점 노력 대해 구체적 말씀해
1760,8,지원하는 분야와 관련해서 어떠한 경험과 역량을 쌓고자 노력했는지 사례를 중심으로 기술해 주십시오.,지원 분야 관련 어떠한 경험 역량 쌓고자 노력했는지 사례 중심 기술해
1761,8,"CJ제일제당 및 선택한 직무에 대한 지원동기는 무엇인가요? ① 선택한 직무에 관심을 갖게된 계기, ② 본인이 지원직무를 잘 수행할 수 있는 이유(본인의 강점, 준비, 관련경험 근거) ③ 영업사원으로서의 Vision과 포부 를 반드시 포함하여 구체적으로 작성해주세요.(1,000자 이내)",CJ제일제당 선택한 직무 지원동기 무엇인가요 선택한 직무 관심 갖게된 계기 본인 지원직무 수행할 이유 영업사원으로서 Vision 포부 반드시 포함 구체적 작성해
1762,8,"Feed Sales 직무를 수행함에 있어서 예상되는 어려움을 작성하고, 그에 대한 본인만의 해결책을 제시해주세요. (1,000자 이내)",Feed Sales 직무 수행함 있어서 예상되 어려움 작성 본인만 해결책 제시해
1763,8,"해당 직무 분야에 본인이 최적의 지원자라고 생각하는 이유를 서술하시오. (1000자, 10단락이내)",해당 직무 분야 본인 최적 지원자라고 생각 이유 서술하
1764,8,여러분이 선택한 계열사 및 직무에 대한 지원동기는 무엇인가요? ① 선택한 계열사가 아니면 안되는 이유 ② 직무에 관심 갖게 된 계기 ③ 본인이 직무를 잘 수행할 수 있는 이유 를 반드시 포함하여 구체적으로 작성해 주세요. (1000자),여러분 선택한 계열사 직무 지원동기 무엇인가요 선택한 계열사 아니면 안되 이유 직무 관심 갖게 계기 본인 직무 수행할 이유 반드시 포함 구체적 작성해
1765,8,지원 직무를 선택한 동기와 본인만의 차별화된 역량에 대해 구체적으로 서술하시오.,지원 직무 선택한 동기 본인만 차별화된 역량 대해 구체적 서술하
1766,8,"지원직무 수행을 위해 필요한 역량(지식, 스킬, 태도)은 무엇이라고 생각하는지 서술하세요 2)본인이 요구 역량을 함양하기 위해 어떤 노력을 해 왔는지 구체적 사례를 중심으로 서술하세요",지원직무 수행 필요한 역량 무엇이라고 생각하는지 서술하 2본인 요구 역량 함양하기 어떤 노력 왔는지 구체적 사례 중심 서술하
1767,8,"지원직무 수행을 위해 필요한 역량이 무엇이며, 어떤 준비를 했는지 구체적 사례를 중심으로 서술하세요. (600)",지원직무 수행 필요한 역량 무엇 어떤 준비 했는지 구체적 사례 중심 서술하 600
1768,8,나의 장점을 살려 회사에 어떻게 기여할 수 있을 지와 지원 직무에서 나의 비전을 적으세요. (400),장점 살려 회사 어떻게 기여할 지원 직무 비전 적으 400
1769,8,본인이 해당직무를 지원하게 된 이유는 무엇이며 직무를 잘 수행하기 위해 어떻게 준비해 왔는지 경험 전공 등을 연계하여 서술하여 주십시오.(400자),본인 해당직무 지원하게 이유 무엇 직무 수행하기 어떻게 준비해 왔는지 경험 전공 연계 서술 주십시오400자
1770,8,지원한 직무를 수행함에 있어 귀하가 가지고 있는 강점에 대해 경험 중심으로 서술하시오.,지원한 직무 수행함 있어 귀하 가지고 강점 대해 경험 중심 서술하
1771,8,희망 직무에 지원하기 위해 지금까지 준비해온 것과 세아상역에 입사하여 이루고자 하는 것,희망 직무 지원하기 지금 준비해온 세아상역 입사 이루고자
1772,8,해당직무를 지원하게 된 이유는 무엇이며 직무를 잘 수행하기 위해 어떻게 준비해 왔는지 경험 전공 등을 연계하여 서술하여 주십시오,해당직무 지원하게 이유 무엇 직무 수행하기 어떻게 준비해 왔는지 경험 전공 연계 서술
1773,8,본인의 경험 중 지원한 직무와 관련하여 가장 특별하고 인상 깊었던 경험에 대해 구체적으로 기술해 주십시오. (700자이내),본인 경험 지원한 직무 관련 가장 특별 인상 깊었던 경험 대해 구체적 기술해
1774,8,직무 관련 보유 지식·자격·경험·경력에 대해 자세히 기술,직무 보유 지식자격경험경력 대해 자세히 기술
1775,8,해당직무를 지원하게 된 이유는 무엇이며 직무를 잘 수행하기 위해 어떻게 준비해 왔는지 경험 전공 등을 연계하여 서술하여 주십시오 [ 500자 이내 ],해당직무 지원하게 이유 무엇 직무 수행하기 어떻게 준비해 왔는지 경험 전공 연계 서술
1776,8,입사 후 본인이 해당 직무 분야에서 Market Top 수준의 인재로 성장하기 위해 어떤 노력을 할 것인지 구체적으로 기술하십시오 (500자 10 단락 이내),입사 본인 해당 직무 분야 Market Top 수준 인재 성장하기 어떤 노력 것인지 구체적 기술하
1777,8,디스플레이 및 지원 직무 관련된 이력을 간결하게 나열해주시기 바랍니다.,디스플레 지원 직무 관련된 이력 간결하게 나열해주시기 바랍니다
1778,8,본인의 경험 중 지원한 직무와 관련하여 가장 특별하고 인상 깊었던 경험에 대해 구체 적으로 기술하세요.(700자),본인 경험 지원한 직무 관련 가장 특별 인상 깊었던 경험 대해 구체 기술하세요700자
1779,8,"지원하신 직무를 선택한 이유와, 그 직무에 필요한 역량을 갖추기 위해 지금까지 어떠한 노력을 해왔는지 구체적으로 기술해 주세요.",지원하신 직무 선택한 이유 직무 필요한 역량 갖추기 지금 어떠한 노력 해왔는지 구체적 기술해
1780,8,"본인의 성장과정 및 지원동기를 기술해 주시기 바랍니다. - 성장과정은 자신에게 가장 큰 영향을 끼친 사건 포함 - 지원동기는 회사 및 직무를 선택한 이유, 직무에 필요한 역량을 갖추기 위한 노력, 입사 후 포부 포함",본인 성장과정 지원동기 기술해 주시기 바랍니다 성장과정 자신 가장 영향 끼친 사건 포함 지원동기 회사 직무 선택한 이유 직무 필요한 역량 갖추기 노력 입사 포부 포함
1781,8,해당하는 직무의 수행과 관련하여 가지고 있는 개인의 장점과 약점을 모두 기술하여 주십시오 (1000자),해당 직무 수행 관련 가지고 개인 장점 약점 모두 기술
1782,8,여러분이 해당 계약사 및 직무를 지원한 이유와 해당 직무를 잘 수행할 수 있다고 생각하는 본인만의 차별화된 강점에 대해 구체적으로 작성해 주십시오,여러분 해당 계약사 직무 지원한 이유 해당 직무 수행할 있다고 생각 본인만 차별화된 강점 대해 구체적 작성해
1783,8,지원 직무를 위해 준비된 본인 만의 차별화된 필살기/경험/경력을 상세히 기술하시오.,지원 직무 준비된 본인 차별화된 필살기경험경력 상세히 기술하
1784,8,"직무수행을 위한 지식 및 기술 (Knowledge & Skill) - 본인이 보유하고 있는 진흥원 직무를 수행함에 있어 필요한 핵심 지식(knowledge) 및 기술(Skill)이 무엇인지 기술하고, 해당 지식과 기술을 보유하게 된 경력 또는 경험을 기술하세요. [400byte 이상 1000byte 이내]",직무수행 지식 기술 본인 보유 진흥원 직무 수행함 있어 필요한 핵심 지식 기술 무엇인지 기술 해당 지식 기술 보유하게 경력 경험 기술하 400byte 이상 1000byte 이내
1785,8,"직무수행을 위한 태도 (Attitude) - 진흥원 직무를 수행하기 위해 가장 중요한 태도(attitude)가 무엇인지와 그 필요성을 기술하고, 그 태도와 관련한 본인의 경험을 기술하세요. [400byte 이상 1000byte 이내]",직무수행 진흥원 직무 수행하기 가장 중요한 무엇인지 필요성 기술 태도 관련한 본인 경험 기술하 400byte 이상 1000byte 이내
1786,8,"My Competence 본인이 가진 열정과 역량에 대하여 Guide> 본인이 지원한 직무와 관련된 경험 및 역량, 관심사항 등 자신을 어필할 수 있는 내용을 기반으로 자유롭게 기술해주시기 바랍니다. (1,000자)",My Competence 본인 가진 열정 역량 Guide 본인 지원한 직무 관련된 경험 역량 관심사항 자신 어필할 내용 기반 자유롭게 기술해주시기 바랍니다
1787,8,"My Future 본인의 10년 후 계획에 대하여 Guide> 본인이 지원한 직무와 관련된 본인의 계획, 꿈, 비전에 대하여 기술해주시기 바랍니다. (500자)",My Future 본인 10년 계획 Guide 본인 지원한 직무 관련된 본인 계획 비전 기술해주시기 바랍니다 500자
1788,8,"본인이 지원한 직무를 선택한 이유를 말씀해주시고, 해당 직무에서 가장 필요한 역량이 무엇인지 본인의 생각을 서술해주세요.",본인 지원한 직무 선택한 이유 말씀해주시고 해당 직무 가장 필요한 역량 무엇인지 본인 생각 서술해
1789,8,우리 공단에 지원한 동기 및 지원 분야의 직무 수행과 관련하여 자신의 전문성 향상을 위해 어떤 노력을 했는지 구체적으로 기술,우리 공단 지원한 동기 지원 분야 직무 수행 관련 자신 전문성 향상 어떤 노력 했는지 구체적 기술
1790,8,"여신전문금융업무를 위해 필요한 역량은 무엇이고, 이러한 점을 갖추기 위해 그동안 준비한 것을 설명 하시오",여신전문금융업무 필요한 역량 무엇 이러한 갖추기 그동안 준비한 설명
1791,8,"여러분이 선택한 계열사와 해당 직무를 지원한 동기는 무엇인가요? (1,000자 이내) ① 선택한 계열사가 아니면 안되는 이유, ② 직무에 관심갖게 된 계기, ③ 직무 관련 역량을 쌓기 위한 노력과 도전을 포함하여 구체적으로 작성해 주세요.",여러분 선택한 계열사 해당 직무 지원한 동기 무엇인가요 선택한 계열사 아니면 안되 이유 직무 관심갖게 계기 직무 역량 쌓기 노력 도전 포함 구체적 작성해
1792,8,"CJ제일제당 및 선택한 직무에 대한 지원동기는 무엇인가요? ① 선택한 직무에 관심을 갖게된 계기, ② 본인이 지원 직무를 잘 수행할 수 있는 이유 ③ CJ제일제당이 아니면 안되는 이유를 반드시 포함하여 구체적으로 작성해주세요.",CJ제일제당 선택한 직무 지원동기 무엇인가요 선택한 직무 관심 갖게된 계기 본인 지원 직무 수행할 이유 CJ제일제당 아니면 안되 이유 반드시 포함 구체적 작성해
1793,8,해당직무를 지원한 이유와 직무를 통해 이루고 싶은 목표는 무엇입니까? * [100자 이상 400자 이내],해당직무 지원한 이유 직무 이루고 목표 무엇입니까
1794,8,"인턴십/근무경력, 아르바이트, 동아리/봉사활동, 자격증, 수상경력 등 직무 관련된 본인의 경험을 기술합니다. (작성가이드 참고) [50자이상 1000자 이내]",인턴십근무경력 아르바이트 동아리봉사활동 자격증 수상경력 직무 관련된 본인 경험 기술
1795,8,"본인 지원한 직무에 있어서 탁월한 성과를 거두기 위한 가장 핵심적인 자질 세 가지는 무엇이며, 본인이 왜 적합한지(Right Person)를 본인의 노력과 경험에 기초하여 기술하여 주세요.",본인 지원한 직무 있어서 탁월한 성과 거두기 가장 핵심적인 자질 가지 무엇 본인 적합한지 본인 노력 경험 기초 기술
1796,8,"지원한 직무 수행을 위해 본인이 무엇을 어떻게 준비하고 노력 해 왔는지 구체적으로 기술하십시오. * 인턴십, 타사 근무 경험 * 관련 Project 수행 당시 본인의 역할 * knowledge, skill 등 보유 역량 (1000 자 10 단락 이내)",지원한 직무 수행 본인 무엇 어떻게 준비 노력 왔는지 구체적 기술하 인턴십 타사 근무 경험 Project 수행 당시 본인 역할 knowledge skill 보유 역량
1797,8,여러분이 선택한 계열사 및 직무에 대한 지원동기는 무엇인가요?,여러분 선택한 계열사 직무 지원동기 무엇인가요
1798,8,"본인이 지원한 직무에 필요한 역량은 무엇이라고 생각하며, 그 이유는 무엇입니까? [ 400자 이상 600자 이내 ]",본인 지원한 직무 필요한 역량 무엇이라고 생각 이유 무엇입니까
1799,8,직무에 필요한 역량을 갖추기 위해 본인이 노력했던 점은 무엇입니까? [ 400자 이상 600자 이내 ],직무 필요한 역량 갖추기 본인 노력했던 무엇입니까
1800,8,"지원 직무의 하루 업무 일과를 예상해 보고, 본인이 입사 후 신입사원으로서 어떤 기여를 할 수 있는지 작성해 주세요. (500자)",지원 직무 하루 업무 일과 예상해 보고 본인 입사 신입사원으로서 어떤 기여 있는지 작성해 500자
1801,8,"여러분이 선택한 계열사와 해당 직무를 지원한 동기는 무엇인가요? ① 선택한 계열사가 아 니면 안되는 이유, ② 직무에 관심갖게 된 계기, ③ 본인이 직무를 잘 수행할 수 있는 이유 를 반드시 포함하여 구체적으로 작성해 주세요. (1000 자)",여러분 선택한 계열사 해당 직무 지원한 동기 무엇인가요 선택한 계열사 니면 안되 이유 직무 관심갖게 계기 본인 직무 수행할 이유 반드시 포함 구체적 작성해
1802,8,희망직무를 지원한 이유 / 수행하기 위한 노력 및 경험,희망직무 지원한 이유 수행하기 노력 경험
1803,8,"관련 전공과목 수강이력, 직무관련 경험, 기타 역량개발 활동 등을 바탕으로 작성해 주세요. 해당직무를 수행하기 위해 대학생활을 포함하여 지금까지 어떠한 준비를 하였는지 작성해 주십시오. [ 500자 이상 2000자 이내 ]",전공과목 수강이력 직무 경험 기타 역량개발 활동 바탕 작성해 해당직무 수행하기 대학생활 포함 지금 어떠한 준비 하였는지 작성해
1804,8,여러분이 선택한 계열사 및 직무에 대한 지원동기는 무엇인가요? (1500 자 이내) ① 선택한 계열사가 아니면 안되는 이유 ② 직무에 관심 갖게 된 계기 ③ 본인이 직무를 잘 수행할 수 있는 이유를 반드시 포함하여 구체적으로 작성해 주세요.,여러분 선택한 계열사 직무 지원동기 무엇인가요 선택한 계열사 아니면 안되 이유 직무 관심 갖게 계기 본인 직무 수행할 이유 반드시 포함 구체적 작성해
1805,8,"여러분이 선택한 계열사 및 직무에 대한 지원동기는 무엇인가요? ① 선택한 계 열사가 아니면 안 되는 이유, ② 직무에 관심 갖게 된 계기, ③ 본인이 직무를 잘 수행할 수 있는 이유를 반드시 포함하여 구체적으로 작성해 주세요. (1000자 이내)",여러분 선택한 계열사 직무 지원동기 무엇인가요 선택한 열사 아니면 이유 직무 관심 갖게 계기 본인 직무 수행할 이유 반드시 포함 구체적 작성해
1806,8,해당 직무를 지원한 동기와 그 직무를 수행하기 위한 본인만의 차별화된 역량을 기술해 주시기 바랍니다. (1000자),해당 직무 지원한 동기 직무 수행하기 본인만 차별화된 역량 기술해 주시기 바랍니다
1807,8,"여러분이 선택한 계열사 및 직무에 대한 지원 동기는 무엇인가요? ① 선택한 계열사가 아니면 안되는 이유, ② 직무에 관심 갖게 된 계기, ③ 본인이 직무를 잘 수행할 수 있는 이유 를 반드시 포함하여 구체적으로 작성해 주세요. (1000자)",여러분 선택한 계열사 직무 지원 동기 무엇인가요 선택한 계열사 아니면 안되 이유 직무 관심 갖게 계기 본인 직무 수행할 이유 반드시 포함 구체적 작성해
1808,8,지원 직무를 잘 수행하여 위하여 어떤 준비를 했는지 구체적으로 기술해 주세요.(600자),지원 직무 수행 어떤 준비 했는지 구체적 기술해 주세요600자
1809,8,직무 관련 경력기술서,직무 경력기술서
1810,8,직무 관련 경험기술서 (2),직무 경험기술서
1811,8,타인과 차별되는 자신만의 강점 및 역량을 작성해 주세요(300),타인 차별되 자신만 강점 역량 작성해 주세요300
1812,8,지원한 직무에 대해 본인의 강점과 약점에 대해 서술하세요.(800자),지원한 직무 대해 본인 강점 약점 대해 서술하세요800자
1813,8,본인의 직무 역량 또는 Skill 에 대해 서술하세요 (800자),본인 직무 역량 Skill 대해 서술하 800자
1814,8,"소프트웨어 테스트 엔지니어가 갖춰야 할 필수역량을 기재하고, 본인이 보유하고 있는 역량 또는 강점을 적어주세요.",소프트웨어 테스트 엔지니어 갖춰야 필수역량 기재 본인 보유 역량 강점 적어
1815,8,입사지원 동기 및 본인이 지원한 분야를 성공적으로 수행 할 수 있다고 생각하는 이유와 그것을 수행하기 위해 어떠한 준비를 했는지 실제 경험을 바탕으로 서술해 주십시오.(경력/교육사항),입사지원 동기 본인 지원한 분야 성공적 수행 있다고 생각 이유 그것 수행하기 어떠한 준비 했는지 실제 경험 바탕 서술해
1816,8,"자신이 지원한 직무를 잘 수행할 수 있는 자신만의 강점(경험, 역량, 스킬 등)에 대하여 기술하시고, LG생활건강에 어떻게 기여할 수 있을지 기술해주시기 바랍니다.",자신 지원한 직무 수행할 자신만 강점 기술하시고 LG생활건강 어떻게 기여할 있을지 기술해주시기 바랍니다
1817,8,직무 관련 보유 지식·자격·경험·경력에 대해 자세히 기술 (1600자),직무 보유 지식자격경험경력 대해 자세히 기술
1818,8,지원한 직무와 관련하여 본인만의 강점과 성격을 기술해 주세요. (500),지원한 직무 관련 본인만 강점 성격 기술해 500
1819,8,희망직무를 지원한 이유와 직무를 수행하기 위해 어떠한 노력이나 경험을 하였는지 구체적으로 작성해주시기 바랍니다 (최대 500 자 이내로 작성),희망직무 지원한 이유 직무 수행하기 어떠한 노력 경험 하였는지 구체적 작성해주시기 바랍니다
1820,8,본인의 경험 중 지원한 직무와 관련하여 가장 특별하고 인상 깊었던 경험에 대해 구체적으로 기술하세요.(700자),본인 경험 지원한 직무 관련 가장 특별 인상 깊었던 경험 대해 구체적 기술하세요700자
1821,8,지원한 업무를 수행하기 위해 가장 필요한 역량과 이를 위해 준비한 경험을 작성하여 주십시오_학교생활 이외,지원한 업무 수행하기 가장 필요한 역량 준비한 경험 작성 주십시오학교생활 이외
1822,8,"회사 및 직무에 지원한 동기와 지원한 직무를 잘 수행할 수 있는 이유를 본인의 경험, 준비와 노력을 바탕으로 기술하여 주십시오.",회사 직무 지원한 동기 지원한 직무 수행할 이유 본인 경험 준비 노력 바탕 기술
1823,8,지원 직무 관련 자신이 갖춘 역량에 대하여 구체적으로 기술하여 주십시오. 700,지원 직무 자신 갖춘 역량 구체적 기술 700
1824,8,"여러분이 선택한 계열사 및 직무에 대한 지원 동기는 무엇인가요? ① 선택한 계열사가 아니면 안 되는 이유, ② 직무에 관심 갖게 된 계기, ③ 본인이 직무를 잘 수행할 수 있는 이유를 반드시 포함하여 구체적으로 작성해 주세요. (1000자)",여러분 선택한 계열사 직무 지원 동기 무엇인가요 선택한 계열사 아니면 이유 직무 관심 갖게 계기 본인 직무 수행할 이유 반드시 포함 구체적 작성해
1825,8,"여러분이 예상하는 2020년 문화 트렌드는 무엇인가요? ① 3개의 키워드를 적고, ② 그렇게 생각한 이유, ③ 지원한 직무에 접목해서 어떻게 활용할 수 있을지에 대해 구체적으로 작성해 주세요. (700자)",여러분 예상 2020년 문화 트렌드 무엇인가요 3개 키워드 적고 그렇게 생각한 이유 지원한 직무 접목 어떻게 활용할 있을지 대해 구체적 작성해 700자
1826,8,"입사 후 지원 분야에서 성과를 내기 위해 가장 필요한 역량은 무엇이라고 생각하며, 그러한 역량을 갖추기 위해 그동안 노력한 과정을 소개하고, 본인이 어떤 역량을 발휘할 수 있는지 구체적인 사례와 함께 쓰시오.(800자 이내)",입사 지원 분야 성과 내기 가장 필요한 역량 무엇이라고 생각 그러한 역량 갖추기 그동안 노력한 과정 소개 본인 어떤 역량 발휘할 있는지 구체적인 사례
1827,8,"[Why this position?] 지원한 직무를 선택한 동기는 무엇이며, 직무 수행에 필요한 역량을 갖추기 위한 본인의 노력에 대해 구체적으로 기술하시오. (1000자 이내)",Why this position 지원한 직무 선택한 동기 무엇 직무 수행 필요한 역량 갖추기 본인 노력 대해 구체적 기술하
1828,8,공사 직무 중 관심분야 및 해당 직무 전문가로 성장하기 위한 자기계발 계획을 작성해 주십시오. [ 100자 이상 600자 이내 ],공사 직무 관심분야 해당 직무 전문가 성장하기 자기계발 계획 작성해
1829,8,"귀하가 지원한 직무는 무엇이며, 지원한 직무를 성공적으로 수행할 수 있다고 생각하는 이유를 본인의 경험에 기반하여 내세울만한 강점 혹은 개성을 바탕으로 서술해 주십시오 * [100자 이상 500자 이내]",귀하 지원한 직무 무엇 지원한 직무 성공적 수행할 있다고 생각 이유 본인 경험 기반 내세울만한 강점 개성 바탕 서술해
1830,8,귀하가 지원한 직무를 지원한 동기가 무엇이고 희망직무와 관련된 본인의 경험 또는 노력에 대해 작성해주세요. * [700자 이내],귀하 지원한 직무 지원한 동기 무엇 희망직무 관련된 본인 경험 노력 대해 작성해
1831,8,경력사항 및 직무관련 기타활동,경력사항 직무 기타활동
1832,8,"지원한 지역(분야)에 대하여 얼마나 알고 있는지 설명하시고, 그 지역(분야)에 근무하기 위한 어떤 역량을 갖추고 있는지 구체적 경험을 들어 기술하시오. (200~1000byte)",지원한 지역분야 얼마 알고 있는지 설명하시고 지역분야 근무하기 어떤 역량 갖추고 있는지 구체적 경험 들어 기술하
1833,8,직무관련 경험/경력(750자 이내),직무 경험경력
1834,8,지원한 분야의 전문성과 역량을 갖추기 위해 본인이 노력했던 경험과 그 결과에 대하여 구체적으로 서술하시오 (1500자),지원한 분야 전문성 역량 갖추기 본인 노력했던 경험 결과 구체적 서술하
1835,8,엔씨소프트에 입사한 후 3년 이내에 본인이 지원한 직무에서 이루어내고 싶은 목표에 대하여 구체적으로 서술하시오 (800자),엔씨소프트 입사한 3년 이내 본인 지원한 직무 이루어내고 목표 구체적 서술하 800자
1836,8,본인의 경험 중 지원한 직무와 관련하여 가장 특별하고 인상 깊었던 경험에 대해 구체적으로 기술해 주십시오.(700자이내),본인 경험 지원한 직무 관련 가장 특별 인상 깊었던 경험 대해 구체적 기술해
1837,8,"지원한 직무를 수행하기 위하여 필요한 핵심역량은 무엇이라고 생각하며, 해당 역량을 갖추기 위해 본인은 어떠한 노력을 했는지 구체적으로 기술해 주십시오.(700)",지원한 직무 수행하기 필요한 핵심역량 무엇이라고 생각 해당 역량 갖추기 본인 어떠한 노력 했는지 구체적 기술해 주십시오700
1838,8,"지원하신 직무를 선택한 이유와, 그 직무에 필요한 역량을 갖추기 위해 지금까지 어떠한 노력을 해왔는지 구체적으로 서술해 주시고, 그 경험들이 앞으로 회사와 본인의 발전에 어떻게 기여할 것이라 생각하는지 작성해 주시기 바랍니다. * [1000자 이내]",지원하신 직무 선택한 이유 직무 필요한 역량 갖추기 지금 어떠한 노력 해왔는지 구체적 서술해 주시고 경험들 회사 본인 발전 어떻게 기여할 것이라 생각하는지 작성해 주시기 바랍니다
1839,8,[공통질문]해당직무에 지원한 동기는?본인이 직무에 적합하다고 생각하는 이유는?,공통질문해당직무 지원한 동기는본인 직무 적합하다고 생각 이유
1840,8,희망직무를 지원한 이유와 직무를 수행하기 위해 어떠한 노력이나 경험을 하였는지 구체적으로 작성해 주시기 바랍니다. (500자 이내),희망직무 지원한 이유 직무 수행하기 어떠한 노력 경험 하였는지 구체적 작성해 주시기 바랍니다
1841,8,1지망 직무를 선택한 이유에 대해 기술하시오.(400자),1지망 직무 선택한 이유 대해 기술하시오400자
1842,8,지원한 직무를 본인이 잘 수행할 수 있다고 생각하는 이유 [100자 이상 600자 이내],지원한 직무 본인 수행할 있다고 생각 이유
1843,8,개발 직무를 선택한 이유,개발 직무 선택한 이유
1844,8,지원동기 : 해당 직무를 본인이 잘 수행할 수 있다고 생각하는 이유를 구체적으로 기술해 주세요.,지원동기 해당 직무 본인 수행할 있다고 생각 이유 구체적 기술해
1845,8,[직무와 관련된 경험],직무 관련된 경험
1846,8,본인의 경험 중 지원한 직무와 관련하여 가장 특별하고 인상 깊었던 경험에 대해 구체적으로 기술해 주십시오. 1400byte이내,본인 경험 지원한 직무 관련 가장 특별 인상 깊었던 경험 대해 구체적 기술해 1400byte이내
1847,8,"지원직무를 선택한 이유와 그 직무에 필요한 역량을 갖추기 위해 어떠한 노력을 해왔는지 구체적으로 서술하고, 그 경험들이 앞으로 회사와 본인의 발전에 있어 어떻게 기여갛ㄹ 것이라 생각하십니까?",지원직무 선택한 이유 직무 필요한 역량 갖추기 어떠한 노력 해왔는지 구체적 서술 경험들 회사 본인 발전 있어 어떻게 기여갛 것이라 생각하십니까
1848,8,"여러분이 선택한 계열사 및 직무에 대한 지원동기는 무엇인가요? ① 선택한 계열사가 아니면 안 되는 이유, ② 직무에 관심 갖게 된 계기, ③ 본인이 직무를 잘 수행할 수 있는 이유를 반드시 포함하여 구체적으로 작성해 주세요. (1000자)",여러분 선택한 계열사 직무 지원동기 무엇인가요 선택한 계열사 아니면 이유 직무 관심 갖게 계기 본인 직무 수행할 이유 반드시 포함 구체적 작성해
1849,8,"지원직무를 선택한 이유와 그 직무에 필요한 역량을 갖추기 위해 어떠한 노력을 해왔는지 구체적으로 서술하고, 그 경험들이 앞으로 회사와 본인의 발전에 어떻게 기여할 것이라 생각하십니까? 글자 수 100자 이상 1000자 이내",지원직무 선택한 이유 직무 필요한 역량 갖추기 어떠한 노력 해왔는지 구체적 서술 경험들 회사 본인 발전 어떻게 기여할 것이라 생각하십니까 글자
1850,8,"[ Why This position? ] 지원한 직무를 선택한 동기는 무엇이며, 직무 수행에 필요한 역량을 갖추기 위한 본인의 노력에 대해 구체적으로 기술하시오. 1000자",Why This position 지원한 직무 선택한 동기 무엇 직무 수행 필요한 역량 갖추기 본인 노력 대해 구체적 기술하 1000자
1851,8,"직무와 관련된 전공 수업 중 대표적인 2~3개의 강의명, 학점, 교수, 수강시기, 타인에게 설명 가능한 인상 깊은 내용을 기술하세요.",직무 관련된 전공 수업 대표적인 23개 강의명 학점 교수 수강시기 타인 설명 가능한 인상 내용 기술하
1852,8,지원한 직무 수행에 필요한 역량을 기르기 위해 어떤 노력을 해 왔는지 대표적인 경험을 들어 구체적으로 기술하세요.,지원한 직무 수행 필요한 역량 기르기 어떤 노력 왔는지 대표적인 경험 들어 구체적 기술하
1853,8,"본인의 10년 후 계획에 대하여, 본인이 지원한 직무와 관련된 계획, 꿈, 비전에 대해 기술해주시기 바랍니다.",본인 10년 계획 본인 지원한 직무 관련된 계획 비전 대해 기술해주시기 바랍니다
1854,8,"희망하는 직무와 관련하여, 자신이 타 지원자에 비해 특별한 점이 무엇이라고 생각합니까? (600)",희망 직무 관련 자신 지원자 비해 특별한 무엇이라고 생각합니까 600
1855,8,"반대로, 희망하는 직무 분야에서 자신이 부족한 점은 무엇이며 앞으로 이를 어떻게 보완할 계획인가요? (400)",반대 희망 직무 분야 자신 부족한 무엇 어떻게 보완할 계획인가요 400
1856,8,"본인이 지원한 직무를 선택한 이유를 말씀해주시고, 해당 직무에서 가장 필요한 역량이 무엇인지 본인의 생각을 서술해주세요. (400자)",본인 지원한 직무 선택한 이유 말씀해주시고 해당 직무 가장 필요한 역량 무엇인지 본인 생각 서술해 400자
1857,8,지원한 직무 수행을 위해 본인이 무엇을 어떻게 준비하고 노력 해 왔는지 구체적으로 기술하십시오. (1000),지원한 직무 수행 본인 무엇 어떻게 준비 노력 왔는지 구체적 기술하 1000
1858,8,"본인이 지원한 직무와 관련된 경험 및 역량, 관심사항 등 자신을 어필할 수 있는 내용을 기반으로 자유롭게 기술해주시기 바랍니다. (1000자)",본인 지원한 직무 관련된 경험 역량 관심사항 자신 어필할 내용 기반 자유롭게 기술해주시기 바랍니다
1859,8,"본인이 지원한 직무와 관련된 본인의 계획, 꿈, 비전에 대하여 기술해주시기 바랍니다. (500자)",본인 지원한 직무 관련된 본인 계획 비전 기술해주시기 바랍니다 500자
1860,8,"본인이 지원한 직무와 관련된 경험 및 역량, 관심사항 등",본인 지원한 직무 관련된 경험 역량 관심사항
1861,8,지원 직무 관련 자신이 갖춘 역량에 대하여 구체적으로 기술하여 주십시오. 700자,지원 직무 자신 갖춘 역량 구체적 기술 700자
1862,8,해당 직무에 지원하기 위해 준비한 본인만의 경쟁력을 구체적 사례와 경험을 들어 기술하세요(700자),해당 직무 지원하기 준비한 본인만 경쟁력 구체적 사례 경험 들어 기술하세요700자
1863,8,"한화S&C는 `SMART&CREATIVE`라는 비전슬로건을 갖고 있습니다. 현재 IT업계에서 `SMART&CREATIVE`가 왜 필요한지 정의하고, 본인이 ""SMART&CREATIVE"" 한 인재이라는 것을 증명할 수 있는 구체적 사례와 경험을 지원한 직무에 관련하여 기술하세요. (1000자)",한화SC SMARTCREATIVE라 비전슬로건 갖고 현재 IT업계 SMARTCREATIVE 필요한지 정의 본인 SMARTCREATIVE 인재이라 증명할 구체적 사례 경험 지원한 직무 관련 기술하
1864,8,"(역량기술서) 관련 전공과목 수강이력, 직무관련 경험, 기타 역량개발 활동 등을 바탕으로 작성해 주세요. 해당직무를 수행하기 위해 대학생활을 포함하여 지금까지 어떠한 준비를 하였는지 작성해 주십시오. [ 500자 이상 2000자 이내 ]",전공과목 수강이력 직무 경험 기타 역량개발 활동 바탕 작성해 해당직무 수행하기 대학생활 포함 지금 어떠한 준비 하였는지 작성해
1865,8,여러분이 선택한 계열사와 해당 직무를 지원한 동기는 무엇인가요 ① CJ오쇼핑이 아니면 안되는 이유 ② 직무에 관심갖게 된 계기 ③ 본인이 직무를 잘 수행할 수 있는 이유 를 반드시 포함하여 구체적으로 작성해 주세요.(1000자),여러분 선택한 계열사 해당 직무 지원한 동기 무엇인가요 CJ오쇼핑 아니면 안되 이유 직무 관심갖게 계기 본인 직무 수행할 이유 반드시 포함 구체적 작성해
1866,8,지원 직무 관련하여 준비한 사항(교육 등)을 작성하여 주십시오. / 500자 제한,지원 직무 관련 준비한 사항교육 작성 500자 제한
1867,8,"지원하신 직무를 선택한 이유와, 그 직무에 필요한 역량을 갖추기 위해 지금까지 어떠한 노력을 해 왔는지 구체적으로 기술해 주시기 바랍니다.(1,000자) - 그 경험들이 앞으로 회사와 본인의 발전에 어떻게 기여할 것이라 생각하는지 포함",지원하신 직무 선택한 이유 직무 필요한 역량 갖추기 지금 어떠한 노력 왔는지 구체적 기술해 주시기 바랍니다 경험들 회사 본인 발전 어떻게 기여할 것이라 생각하는지 포함
1868,8,"본인의 성장과정 및 지원동기를 기술해 주시기 바랍니다. - 성장과정은 자신에게 가장 큰 영향을 끼친 사건 포함 - 지원동기는 회사 및 직무를 선택한 이유, 직무에 필요한 역량을 갖추기 위한 노력, 입사 후 포부 포함 (1000자 이내)",본인 성장과정 지원동기 기술해 주시기 바랍니다 성장과정 자신 가장 영향 끼친 사건 포함 지원동기 회사 직무 선택한 이유 직무 필요한 역량 갖추기 노력 입사 포부 포함
1869,8,지원한 직무와 관련하여 타 지원자가 가지지 못한 본인`만`의 경쟁력이 무엇이라고 생각합니까? 또한 그 경쟁력을 보유/유지 하기 위해 어떤 노력을 해 왔습니까? (600자 이내),지원한 직무 관련 지원자 가지지 못한 본인만 경쟁력 무엇이라고 생각합니까 또한 경쟁력 보유유지 하기 어떤 노력 왔습니까
1870,8,지원한 분야의 전문성과 역량을 갖추기 위해 본인이 노력했던 경험과 그 결과에 대하여 구체적으로 서술하시오. 0/1500,지원한 분야 전문성 역량 갖추기 본인 노력했던 경험 결과 구체적 서술하 01500
1871,8,엔씨소프트에 입사한 후 3년 이내에 본인이 지원한 직무에서 이루어내고 싶은 목표에 대하여 구체적으로 서술하시오. 0/800,엔씨소프트 입사한 3년 이내 본인 지원한 직무 이루어내고 목표 구체적 서술하 0800
1872,8,귀하가 희망하는 직무는 무엇이며 어떤 성과를 보여줄 수 있는지 요약해 주세요. 500,귀하 희망 직무 무엇 어떤 성과 보여줄 있는지 요약해 500
1873,8,본인이 해당직무를 지원하게 된 이유는 무엇이며 직무를 잘 수행하기 위해 어떻게 준비해 왔는지 경험 전공 등을 연계하여 서술하여 주십시오 400자,본인 해당직무 지원하게 이유 무엇 직무 수행하기 어떻게 준비해 왔는지 경험 전공 연계 서술 400자
1874,8,해당직무를 지원하게 된 이유는 무엇이며 직무를 잘 수행하기 위해 어떻게 준비해 왔는지 경험 전공 등을 연계하여 서술하여 주십시오 [ 500자 이내],해당직무 지원하게 이유 무엇 직무 수행하기 어떻게 준비해 왔는지 경험 전공 연계 서술
1875,8,지원한 직무를 수행함에 있어 귀하가 가지고 있는 강점에 대해 경험을 중심으로 기술하시오. 600자,지원한 직무 수행함 있어 귀하 가지고 강점 대해 경험 중심 기술하 600자
1876,8,"회사를 지원한 이유와 직무를 선택하고 준비해온 것을 소개해 주세요. (띄어쓰기 포함 1,000자)",회사 지원한 이유 직무 선택 준비해온 소개해
1877,8,본인이 당사에 꼭 입사해야하는 이유와 지원 직무를 위해 했던 구체적인 노력에 대해서 서술해주십시오. [ 800자 이상 1200자 이내,본인 당사 입사해야 이유 지원 직무 했던 구체적인 노력 서술해주
1878,8,"본인이 지원한 직무에 필요한 역량은 무엇이며, 그 이유는 무엇입니까? [200자 이상 400자 이내]",본인 지원한 직무 필요한 역량 무엇 이유 무엇입니까
1879,8,직무에 필요한 역량을 갖추기 위해 본인이 노력했던 점은 무엇입니까? [200자 이상 400자 이내],직무 필요한 역량 갖추기 본인 노력했던 무엇입니까
1880,8,여러분이 선택한 계열사 및 직무에 대한 지원동기는 무엇인가요? (1500자 이내) ① 선택한 계열사가 아니면 안되는 이유 ② 직무에 관심 갖게 된 계기,여러분 선택한 계열사 직무 지원동기 무엇인가요 선택한 계열사 아니면 안되 이유 직무 관심 갖게 계기
1881,8,해당 직무에 지원하기 위해 준비한 본인만의 경쟁력을 구체적 사례와 경험을 들어 기술하세요. 700,해당 직무 지원하기 준비한 본인만 경쟁력 구체적 사례 경험 들어 기술하 700
1882,8,"한화S&C는 `SMART&CREATIVE`라는 비전슬로건을 갖고 있습니다. 현재 IT업계에서 `SMART&CREATIVE`가 왜 필요한지 정의하고, 본인이 `SMART&CREATIVE` 한 인재이라는 것을 증명할 수 있는 구체적 사례와 경험을 지원한 직무에 관련하여 기술하세요 1000",한화SC SMARTCREATIVE라 비전슬로건 갖고 현재 IT업계 SMARTCREATIVE 필요한지 정의 본인 SMARTCREATIVE 인재이라 증명할 구체적 사례 경험 지원한 직무 관련 기술하 1000
1883,8,해당 직무에 지원한 사유 및 직무 수행에 적합하다고 생각되는 근거를 본인의 전공 및 경험 등에 연계하여 서술하시오.,해당 직무 지원한 사유 직무 수행 적합하다고 생각되 근거 본인 전공 경험 연계 서술하
1884,8,"지원분야 내에서 입사 후 희망하는 직무를 기술하고, 직무를 수행하기 위해 본인이 보유한 역량을 기술하여 주십시오.(400자~700자)",지원분야 입사 희망 직무 기술 직무 수행하기 본인 보유한 역량 기술
1885,8,"해당직무에 지원한 이유(150)와 본 직무를 수행하기 위한 구체적인 준비 및 노력과정(200)을 설명하고, 직무를 통해 이루고 싶은 목표를 기술(100)하십시오. * [100자 이상 400자 이내]",해당직무 지원한 이유150 직무 수행하기 구체적인 준비 노력과정200 설명 직무 이루고 목표 기술100하
1886,8,희망직무를 지원한 이유와 직무를 수행하기 위해 어떠한 노력이나 경험을 하였는지 구체적으로 작성해주시기 바랍니다. 500,희망직무 지원한 이유 직무 수행하기 어떠한 노력 경험 하였는지 구체적 작성해주시기 바랍니다 500
1887,8,지원한 분야의 전문성과 역량을 갖추기 위해 본인이 노력했던 경험과 그 결과에 대하여 구체적으로 서술하시오. (1500),지원한 분야 전문성 역량 갖추기 본인 노력했던 경험 결과 구체적 서술하 1500
1888,8,엔씨소프트에 입사한 후 3년 이내에 본인이 지원한 직무에서 이루어내고 싶은 목표에 대하여 구체적으로 서술하시오. (800),엔씨소프트 입사한 3년 이내 본인 지원한 직무 이루어내고 목표 구체적 서술하 800
1889,8,현대자동차 해당 직무 분야에 지원하게 된 이유와 선택 직무에 본인이 적합하다고 판단할 수 있는 이유 및 근거를 제시해 주십시오. (3000자),현대자동차 해당 직무 분야 지원하게 이유 선택 직무 본인 적합하다고 판단할 이유 근거 제시해
1890,8,본인의 경험 중 지원한 직무와 관련하여 가장 특별하고 인상 깊었던 경험에 대해 구체적으로 기술해 주십시오,본인 경험 지원한 직무 관련 가장 특별 인상 깊었던 경험 대해 구체적 기술해
1891,8,지원 직무와 관련하여 어떠한 경험/준비를 하였는지 구체적으로 기술해 주십시오 (800자 이내 서술),지원 직무 관련 어떠한 경험준비 하였는지 구체적 기술해
1892,8,"본인이 신용회복위원회에서 발휘할 수 있는 역량과, 목표달성을 위한 실천계획을 기술하여 주십시오.",본인 신용회복위원회 발휘할 역량 목표달성 실천계획 기술
1893,8,"회사 및 직무에 지원한 동기와 지원한 직무를 잘 수행할 수 있는 이유를 본인의 경험, 준비와 노력을 바탕으로 기술하여 주십시오. (1000자)",회사 직무 지원한 동기 지원한 직무 수행할 이유 본인 경험 준비 노력 바탕 기술
1894,8,"직무를 준비해온 과정 : [영업에 대한 적극성, 현장성, 열정을 갖춘 신입]",직무 준비해온 과정 영업 적극성 현장성 열정 갖춘 신입
1895,8,여러분이 선택한 계열사 및 직무에 대한 지원동기는 무엇인가요? ① 선택한 계열사가 아니면 안되는 이유 ② 직무에 관심 갖게 된 계기 ③ 본인이 직무를 잘 수행할 수 있는 이유를 반드시 포함하여 구체적으로 작성해 주세요.,여러분 선택한 계열사 직무 지원동기 무엇인가요 선택한 계열사 아니면 안되 이유 직무 관심 갖게 계기 본인 직무 수행할 이유 반드시 포함 구체적 작성해
1896,8,"불가능을 가능하게 하는 당신만의 역량은 무엇이며, 그 역량을 활용하여 대한민국에서 “김영희”라는 이름을 가진 사람이 모두 몇 명인지 찾아 낼 수 있는 방법을 기술하시오. *",불가능 가능하게 당신만 역량 무엇 역량 활용 대한민국 김영희라 이름 가진 사람 모두 명인지 찾아 방법 기술하
1897,8,"당신이 지원한 직무에 대해서, 어떠한 노력과 준비를 해왔으며, 풍산에 입사한다면그러한 것들을 어떻게 펼치고 발전시켜 나갈 것인지에 대해 기술해 주세요.",당신 지원한 직무 어떠한 노력 준비 해왔으며 풍산 입사한다면그러한 것들 어떻게 펼치고 발전시켜 나갈 것인지 대해 기술해
1898,8,[회사 및 직무에 대한 지원 동기] [해당 직무를 잘 수행하기 위한 어떤 준비],회사 직무 지원 동기 해당 직무 수행하기 어떤 준비
1899,8,직무 선택 이유 (300자 이내),직무 선택 이유
1900,8,"직무에 지원한 동기와 지원 직무를 잘 수행할 수 있는 이유를 본인의 경험, 준비와 노력을 바탕으로 기술하여 주십시오. 500자",직무 지원한 동기 지원 직무 수행할 이유 본인 경험 준비 노력 바탕 기술 500자
1901,8,"대우건설 내 희망 직무는 무엇이며, 직무 수행에 필요한 지식, 기술 등 남들과 다른 전문성을 갖추기 위해 어떤 준비를 하였는지 구체적으로 작성해 주시기 바랍니다.",대우건설 희망 직무 무엇 직무 수행 필요한 지식 기술 남들 다른 전문성 갖추기 어떤 준비 하였는지 구체적 작성해 주시기 바랍니다
1902,8,지원한 분야의 전문성과 역량을 갖추기 위해 본인이 노력했던 경험과 그 결과에 대하여 구체적으로 서술하시오. 1500,지원한 분야 전문성 역량 갖추기 본인 노력했던 경험 결과 구체적 서술하 1500
1903,8,엔씨소프트에 입사한 후 3년 이내에 본인이 지원한 직무에서 이루어내고 싶은 목표에 대하여 구체적으로 서술하시오. 800,엔씨소프트 입사한 3년 이내 본인 지원한 직무 이루어내고 목표 구체적 서술하 800
1904,8,해당 직무에 지원한 사유 및 직무 수행에 적합하다고 생각되는 근거를 본인의 전공 및 경험 등에 연계하여 서술하시오. (600자),해당 직무 지원한 사유 직무 수행 적합하다고 생각되 근거 본인 전공 경험 연계 서술하 600자
1905,8,본인이 우리회사와 지원한 직무에 적합하다고 생각하는 이유를 구체적으로 기술해 주십시오.(성향/전문지식/역량) (1000자),본인 우리회사 지원한 직무 적합하다고 생각 이유 구체적 기술해
1906,8,입사 후 본인이 해당 직무 분야에서 Market Top 수준의 인재로 성장하기 위해 어떤 노력을 할 것인지 구체적으로 기술하십시오. 500자이내,입사 본인 해당 직무 분야 Market Top 수준 인재 성장하기 어떤 노력 것인지 구체적 기술하
1907,8,"KDB대우증권 입사 후 희망 직무는 무엇이며, 희망 직무에 본인이 적합하다고 판단할 수 있는 근거를 솔직하게 서술해주시기 바랍니다.(800자)*필수입력사항",KDB대우증권 입사 희망 직무 무엇 희망 직무 본인 적합하다고 판단할 근거 솔직하게 서술해주시기 바랍니다800자필수입력사항
1908,8,"KDB대우증권 입사 후 희망 직무는 무엇이며, 희망 직무에 본인이 적합하다고 판단할 수 있는 근거를 솔직하게 서술해주시기 바랍니다.(800자)",KDB대우증권 입사 희망 직무 무엇 희망 직무 본인 적합하다고 판단할 근거 솔직하게 서술해주시기 바랍니다800자
1909,8,"은행업무 수행을 위해 필요한 역량은 무엇이며, 이 역량을 갖추기 위해 어떻게 노력해 왔는지 설명해 주십시오. (1300 Bytes, 600자 이내)",은행업무 수행 필요한 역량 무엇 역량 갖추기 어떻게 노력해 왔는지 설명해
1910,8,본인이 우리회사와 지원한 직무에 적합하다고 생각하는 이유를 구체적으로 기술해 주십시오.(성향/전문지식/역량) [ 400자 이상 1000자 이내 ],본인 우리회사 지원한 직무 적합하다고 생각 이유 구체적 기술해
1911,8,여러분이 선택한 계열사 및 직무에 대한 지원동기는 무엇인가요? (1500자 이내) 1 선택한 계열사가 아니면 안되는 이유 2 직무에 관심 갖게 된 계기 3 본인이 직무를 잘 수행할 수 있는 이유를 반드시 포함하여 구체적으로 작성해 주세요.,여러분 선택한 계열사 직무 지원동기 무엇인가요 선택한 계열사 아니면 안되 이유 직무 관심 갖게 계기 본인 직무 수행할 이유 반드시 포함 구체적 작성해
1912,8,"본인이 지원한 직무를 선택한 이유를 말씀하시고, 해당 직무에서 가장 필요한 역량은 무엇인지 본인의 생각을 기술해주세요",본인 지원한 직무 선택한 이유 말씀하시고 해당 직무 가장 필요한 역량 무엇인지 본인 생각 기술해
1913,8,해당 직무에 지원하기 위해 본인의 준비 과정을 구체적 사례와 경험을 들어 기술하시오,해당 직무 지원하기 본인 준비 과정 구체적 사례 경험 들어 기술하
1914,8,"본인이 지원한 직무와 관련된 경험 및 역량, 관심사항 등 자신을 어필할 수 있는 내용을 기반으로 자유롭게 기술해주시기 바랍니다.",본인 지원한 직무 관련된 경험 역량 관심사항 자신 어필할 내용 기반 자유롭게 기술해주시기 바랍니다
1915,8,"본인이 지원한 직무와 관련된 본인의 계획, 꿈, 비전에 대하여 기술해주시기 바랍니다.",본인 지원한 직무 관련된 본인 계획 비전 기술해주시기 바랍니다
1916,8,이수한 전공을 통해 얻은 지식과 역량에 관해 기술하세요.(700 자 7 단락 이내),이수한 전공 지식 역량 관해 기술하
1917,8,"지원 분야에서 성과를 내는데 필요한 역량이 무엇이라고 생각하며, 해당 역량을 갖추기 위하여 어떠한 노력을 했는지 `전공 이외의 경험`에 대해 기술하세요. (700 자 7 단락 이내)",지원 분야 성과 내는데 필요한 역량 무엇이라고 생각 해당 역량 갖추기 어떠한 노력 했는지 전공 이외 경험 대해 기술하
1918,8,현대자동차 해당 직무 분야에 지원하게 된 이유와 선택 직무에 본인이 적합하다고 판단할 수 있는 이유 및 근거를 제시해 주십시오.(1000자),현대자동차 해당 직무 분야 지원하게 이유 선택 직무 본인 적합하다고 판단할 이유 근거 제시해
1919,8,"여러분이 선택한 계열사와 해당 직무를 지원한 동기는 무엇인가요? ① 선택한 계열사가 아니면 안 되는 이유, ② 직무에 관심 갖게 된 계기, ③ 본인이 직무를 잘 수행할 수 있는 이유를 반드시 포함하여 구체적으로 작성해 주세요. (1000자)",여러분 선택한 계열사 해당 직무 지원한 동기 무엇인가요 선택한 계열사 아니면 이유 직무 관심 갖게 계기 본인 직무 수행할 이유 반드시 포함 구체적 작성해
1920,8,해당직무에 지원한 이유와 직무를 수행하기 위해 어떠한 노력을 했는지 기술하시오. (1000),해당직무 지원한 이유 직무 수행하기 어떠한 노력 했는지 기술하 1000
1921,8,"본인이 희망하는 업무는 무엇이며, 업무 수행에 필요한 역량을 갖추기 위해 어떠한 노력을 했는지 구체적으로 기술해 주십시오.(500)",본인 희망 업무 무엇 업무 수행 필요한 역량 갖추기 어떠한 노력 했는지 구체적 기술해 주십시오500
1922,8,종근당홀딩스에 지원한 동기와 지원한 직무에 대하여 성공적으로 수행할 수 있다고 생각하는 이유를 개인의 강점과 개성을 바탕으로 서술해 주십시오.,종근당홀딩스 지원한 동기 지원한 직무 성공적 수행할 있다고 생각 이유 개인 강점 개성 바탕 서술해
1923,8,"우리 회사의 사업 및 지원한 직무를 수행하는데 있어서 본인이 보유한 남과 다른 차별화된 능력(능력, 재능)을 기술 해주세요.",우리 회사 사업 지원한 직무 수행하는데 있어서 본인 보유한 다른 차별화된 능력 기술
1924,8,본인이 지원한 직무와 관련된 활동은 어떤 내용인지 간략히 기술해 주십시오. (200자 이내),본인 지원한 직무 관련된 활동 어떤 내용인지 간략히 기술해
1925,8,"본인이 지원한 직무 및 설명을 채용공고를 참조하여 첫 줄에 기입하고, 이에 대한 스스로의 경쟁력(경험,지식,Skill)과 입사 후 기여할 수 있는 점은 무엇인지 사례를 들어 설명하시오.",본인 지원한 직무 설명 채용공고 참조 기입 스스로 경쟁력 입사 기여할 무엇인지 사례 들어 설명하
1926,8,"본인이 지원한 직렬의 주요업무를 간략히 기술하고, 그에 따른 필요한 지식이나 기술을 습득하기 위해 받은 교육(전공포함), 경험&#8231;경력을 기술하십시오.",본인 지원한 직렬 주요업무 간략히 기술 필요한 지식 기술 습득하기 교육전공포함 경험8231경력 기술하
1927,8,"본인의 10년 후 계획에 대하여Guide> 본인이 지원한 직무와 관련된 본인의 계획, 꿈, 비전에 대하여 기술해주시기 바랍니다.",본인 10년 계획 대하여Guide 본인 지원한 직무 관련된 본인 계획 비전 기술해주시기 바랍니다
1928,8,본인의 경험 중 지원한 직무와 관련하여 가장 특별하고 인상 깊었던 경험에 대해 구체적으로 기술해 주십시오.(700자),본인 경험 지원한 직무 관련 가장 특별 인상 깊었던 경험 대해 구체적 기술해 주십시오700자
1929,8,"지원 분야의 직무를 잘 수행할 수 있는 본인의 강점은 무엇인지, 지원 분야에 본인이 어떻게 기여할 수 있는지에 대하여 작성하여 주십시오. 700",지원 분야 직무 수행할 본인 강점 무엇인지 지원 분야 본인 어떻게 기여할 있는지 작성 700
1930,8,영업관리 직무에 대한 준비과정과 이와 관련된 본인의 강점과 약점을 기술하시오. [1000자],영업관리 직무 준비과정 관련된 본인 강점 약점 기술하 1000자
1931,8,본인의 경험 중 지원한 직무와 관련하여 가장 특별하고 인상 깊었던 경험에 대해 구체적으로 기술하세요. (700자),본인 경험 지원한 직무 관련 가장 특별 인상 깊었던 경험 대해 구체적 기술하 700자
1932,8,희망직무를 지원한 이유와 직무를 수행하기 위해 어떠한 노력이나 경험을 하였는지 구체적으로 작성해주시기 바랍니다 ~500자,희망직무 지원한 이유 직무 수행하기 어떠한 노력 경험 하였는지 구체적 작성해주시기 바랍니다 500자
1933,8,"원하는 직무와 관련하여 경험했던 활동이나 경력에 대해 작성해주십시오. 활동이 어떤 내용이었는지, 활동의 결과와 이를 통해 배운점은 무엇인지 최대한 상세하게 기술해주십시오. (2000Byte이내 약1000자)[직무 관련 경험 및 경험 관련 질문]",직무 관련 경험했던 활동 경력 대해 작성해주 활동 어떤 내용이었는지 활동 결과 배운점 무엇인지 상세하게 기술해주 직무 경험 경험 질문
1934,8,여러분이 선택한 계열사 및 직무에 대한 지원 동기는 무엇인가요? (1000자) 1) 선택한 계열사가 아니면 안 되는 이유 2) 직무에 관심 갖게 된 계기 3) 본인이 직무를 잘 수행할 수 있는 이유 를 반드시 포함하여 구체적으로 작성해 주세요.,여러분 선택한 계열사 직무 지원 동기 무엇인가요 선택한 계열사 아니면 이유 직무 관심 갖게 계기 본인 직무 수행할 이유 반드시 포함 구체적 작성해
1935,8,"희망 직무의 수행을 위한 핵심역량은 무엇이며, 이를 위한 본인의 노력을 기술하시오.(600 자 8단락)",희망 직무 수행 핵심역량 무엇 본인 노력 기술하
1936,8,지원 직무 관련 자신이 갖춘 역량에 대하여 구체적으로 기술하여 주십시오.(500~700),지원 직무 자신 갖춘 역량 구체적 기술
1937,8,"해당 직무를 지원하게 된 동기와 직무 관련된 준비사항에 대하여 기술해 주세요. (1500자) 1) 선택한 직무에 대해 관심 갖게 된 계기 2) 직무 역량을 개발하기 위해 기울인 노력, 준비, 경험 등 3) 선택 직무를 통해 본인이 성과를 창출할 수 있다고 생각하는 이유",해당 직무 지원하게 동기 직무 관련된 준비사항 기술해 선택한 직무 대해 관심 갖게 계기 직무 역량 개발하기 기울인 노력 준비 경험 선택 직무 본인 성과 창출할 있다고 생각 이유
1938,8,"CJ제일제당 및 선택한 직무에 대한 지원동기는 무엇인가요? 1) 선택한 직무에 관심을 갖게 된 계기, 2) 영업사원으로서의 하루 업무 일과 예상해보고, 본인이 해당 직무를 잘 수행할 수 있는 이유(본인의 강점, 준비, 관련경험 근거)를 반드시 포함하여 구체적으로 작성해주세요. (1000자)",CJ제일제당 선택한 직무 지원동기 무엇인가요 선택한 직무 관심 갖게 계기 영업사원으로서 하루 업무 예상해보고 본인 해당 직무 수행할 이유 반드시 포함 구체적 작성해
1939,8,여러분이 선택한 계열사와 해당 직무를 지원한 동기는 무엇인가요? 1) 선택한 계열사와 직무가 아니면 안 되는 이유 2) 입사 후 목표를 반드시 포함하여 구체적으로 작성해 주세요. (1000자),여러분 선택한 계열사 해당 직무 지원한 동기 무엇인가요 선택한 계열사 직무 아니면 이유 입사 목표 반드시 포함 구체적 작성해
1940,8,"자신이 갖춘 직무와 관련된 실력을 표현하고, 그 근거를 기술하시오. 전공 or 전공 이외의 학습 내용, 각종 경험 등 (800 자 8 단락 이내)",자신 갖춘 직무 관련된 실력 표현 근거 기술하 전공 or 전공 이외 학습 내용 각종 경험
1941,8,"한화S&C는 `SMART&CREATIVE`라는 비전슬로건을 갖고 있습니다. 현재 IT업계에서 `SMART&CREATIVE`가 왜 필요한지 정의하고, 본인이 ""SMART&CREATIVE"" 한 인재이라는 것을 증명할 수 있는 구체적 사례와 경험을 지원한 직무에 관련하여 기술하세요(1000자)",한화SC SMARTCREATIVE라 비전슬로건 갖고 현재 IT업계 SMARTCREATIVE 필요한지 정의 본인 SMARTCREATIVE 인재이라 증명할 구체적 사례 경험 지원한 직무 관련 기술하
1942,8,직무를 준비해온 과정,직무 준비해온 과정
1943,8,"입사지원을 하게 된 동기와, 자신이 지원한 직무에 적합하다고 생각하는 구체적인 이유를 기술하시오.(한글은 한 글자에 2byte입니다.) (0/1000 bytes)",입사지원 하게 동기 자신 지원한 직무 적합하다고 생각 구체적인 이유 기술하
1944,8,여러분이 선택한 계열사 및 직무에 대한 지원동기는 무엇인가요? 1) 선택한 계열사가 아니면 안 되는 이유 2) 직무에 관심 갖게 된 계기 3) 본인이 직무를 잘 수행할 수 있는 이유 를 반드시 포함하여 구체적으로 작성해 주세요.,여러분 선택한 계열사 직무 지원동기 무엇인가요 선택한 계열사 아니면 이유 직무 관심 갖게 계기 본인 직무 수행할 이유 반드시 포함 구체적 작성해
1945,8,본인이 해당 직무를 잘 수행할 수 있을 거라고 생각하는 이유에 대해 본인의 강점과 연결 지어 기술해 주십시오.,본인 해당 직무 수행할 거라고 생각 이유 대해 본인 강점 연결 지어 기술해
1946,8,해당 직무를 수행하기 위해 그 동안 어떤 노력을 기울여 왔는지 구체적인 활동을 예로 들어 기술해 주십시오.,해당 직무 수행하기 동안 어떤 노력 기울여 왔는지 구체적인 활동 들어 기술해
1947,8,자신만의 차별화된 특성 또는 역량은 무엇이라 생각하십니까? 혹은 귀하가 지원한 분야를 성공적으로 수행할 수 있다고 생각하는 이유를 서술해 주십시오. * [100자 이상 600자 이내],자신만 차별화된 특성 역량 무엇이라 생각하십니까 귀하 지원한 분야 성공적 수행할 있다고 생각 이유 서술해
1948,8,귀하가 희망하는 직무는 무엇이며 어떤 성과를 보여줄 수 있는지 요약해 주세요. [ 300자 이상 500자 이내],귀하 희망 직무 무엇 어떤 성과 보여줄 있는지 요약해
1949,8,"CJ오쇼핑 MD(홈쇼핑 MD)를 지원한 동기는 무엇인가요? 1) 선택한 계열사가 아니면 안 되는 이유 2) 직무에 관심 갖게 된 계기 3) 관심분야 및 관심을 갖게 된 계기 4) 본인이 직무를 잘 수행할 수 있는 이유(본인의 강점, 노력, 경험에 근거)를 반드시 포함하여 구체적으로 작성해 주세요. (1500자)",CJ오쇼핑 MD 지원한 동기 무엇인가요 선택한 계열사 아니면 이유 직무 관심 갖게 계기 관심분야 관심 갖게 계기 본인 직무 수행할 이유 반드시 포함 구체적 작성해
1950,8,"해당 직무 분야를 선택하게 된 이유와, 직무 수행에 필요한 역량을 갖추기 위해 어떠한 노력을 하였는지 구체적인 사례를 근거로 기술해 주시길 바랍니다.(700자 이내)",해당 직무 분야 선택하게 이유 직무 수행 필요한 역량 갖추기 어떠한 노력 하였는지 구체적인 사례 근거 기술해 주시길 바랍니다
1951,8,"지원한 직무를 잘 할 수 있다고 생각하는 이유와, 그 직무를 통해 달성하려는 목표를 작성해 주세요.",지원한 직무 있다고 생각 이유 직무 달성하려 목표 작성해
1952,8,"본인이 지원한 직무에 필요한 역량은 무엇이며, 그 이유는 무엇입니까?",본인 지원한 직무 필요한 역량 무엇 이유 무엇입니까
1953,8,지원 직무 관련 자신이 갖춘 역량에 대하여 기술,지원 직무 자신 갖춘 역량 기술
1954,8,"입사지원을 하게 된 동기와, 자신이 지원한 직무에 적합하다고 생각하는 구체적인 이유를 기술하시오. (500자 이내)",입사지원 하게 동기 자신 지원한 직무 적합하다고 생각 구체적인 이유 기술하
1955,8,CJ제일제당 및 선택한 직무에 대한 지원동기는 무엇인가요? (1000자) 1) 선택한 직무에 관심을 갖게 된 계기 2) 본인 직무를 잘 수행할 수 있는 이유 3) CJ제일제당이 아니면 안 되는 이유를 반드시 포함하여 구체적으로 작성해주세요.,CJ제일제당 선택한 직무 지원동기 무엇인가요 선택한 직무 관심 갖게 계기 본인 직무 수행할 이유 CJ제일제당 아니면 이유 반드시 포함 구체적 작성해
1956,8,"지원자께서는 자신에게 필요한 정보를 어떻게 입수하고 관리하고 있습니까? - 어떤 정보를, 어떤 수단과 방법을 통해서 입수하십니까? - 입수된 정보는 어떻게 처리하고 관리하십니까? - - 해당 능력이 지원하신 직무를 수행하는데 어떤 도움이 될 것이라 생각하십니까? * [300자 이내]",지원자께서 자신 필요한 정보 어떻게 입수 관리 있습니까 어떤 정보 어떤 수단 방법 입수하십니까 입수된 정보 어떻게 처리 관리하십니까 해당 능력 지원하신 직무 수행하는데 어떤 도움 것이라 생각하십니까
1957,8,본인이 우리회사와 지원한 직무에 적합하다고 생각하는 이유를 구체적으로 기술해 주십시오.(성향/전문지식/역량) [400자 이상 1000자 이내],본인 우리회사 지원한 직무 적합하다고 생각 이유 구체적 기술해
1958,8,지원한 분야의 전문성과 역량을 갖추기 위해 본인이 노력했던 경험과 그 결과에 대하여 구체적으로 서술하시오. (1500자),지원한 분야 전문성 역량 갖추기 본인 노력했던 경험 결과 구체적 서술하
1959,8,엔씨소프트에 입사한 후 3년 이내에 본인이 지원한 직무에서 이루어내고 싶은 목표에 대하여 구체적으로 서술하시오. (800자),엔씨소프트 입사한 3년 이내 본인 지원한 직무 이루어내고 목표 구체적 서술하 800자
1960,8,회사 및 직무에 대한 지원 동기`와 `해당 직무를 잘 수행하기 위해 어떤 준비`를 해왔는지 구체적으로 설명해주시기 바랍니다.,회사 직무 지원 동기 해당 직무 수행하기 어떤 준비 해왔는지 구체적 설명해주시기 바랍니다
1961,8,"CJ제일제당 및 선택한 직무에 대한 지원동기는 무엇인가요? 1) 선택한 직무에 관심을 갖게 된 계기 2) 영업사원으로서의 하루 업무 일과 예상해보고, 본인이 해당 직무를 잘 수행할 수 있는 이유 (본인의 강점, 준비, 관련경험 근거)를 반드시 포함하여 구체적으로 작성해주세요.(1000자)",CJ제일제당 선택한 직무 지원동기 무엇인가요 선택한 직무 관심 갖게 계기 영업사원으로서 하루 업무 예상해보고 본인 해당 직무 수행할 이유 반드시 포함 구체적 작성해
1962,8,"지원직무 수행을 위해 필요한 역량(지식, 스킬, 태도)은 무엇이라고 생각하는지 서술하세요.",지원직무 수행 필요한 역량 무엇이라고 생각하는지 서술하
1963,8,여러분이 선택한 계열사와 해당 직무를 지원한 동기는 무엇인가요? 1) 선택한 계열사가 아니면 안 되는 이유 2) 직무에 관심 갖게 된 계기 3) 본인이 직무를 잘 수행할 수 있는 이유 4) 입사 후 목표를 반드시 포함하여 구체적으로 작성해 주세요. (1000자),여러분 선택한 계열사 해당 직무 지원한 동기 무엇인가요 선택한 계열사 아니면 이유 직무 관심 갖게 계기 본인 직무 수행할 이유 입사 목표 반드시 포함 구체적 작성해
1964,8,"귀하가 지원한 직무는 무엇이며, 지원한 직무를 성공적으로 수행할 수 있다고 생각하는 이유를 본인의 경험에 기반하여 내세울만한 강점 혹은 개성을 바탕으로 서술해 주십시오. [100자 이상 500자 이내]",귀하 지원한 직무 무엇 지원한 직무 성공적 수행할 있다고 생각 이유 본인 경험 기반 내세울만한 강점 개성 바탕 서술해
1965,8,3.희망 직무 및 해당 직무에 대한 본인의 VISION (1000byte),희망 직무 해당 직무 본인 VISION
1966,8,본인이 해당 직무를 잘 수행할 수 있을 거라고 생각하는 이유에 대해 본인의 강점과 연결 지어 기술해 주십시오 (30자 ~ 1000자),본인 해당 직무 수행할 거라고 생각 이유 대해 본인 강점 연결 지어 기술해
1967,8,해당 직무를 수행하기 위해 그 동안 어떤 노력을 기울여 왔는지 구체적인 활동을 예로 들어 기술해 주십시오. (최소 30자 ~ 1000자),해당 직무 수행하기 동안 어떤 노력 기울여 왔는지 구체적인 활동 들어 기술해
1968,8,타인과 차별되는 자신만의 강점 및 역량을 작성해 주세요. 300자,타인 차별되 자신만 강점 역량 작성해 300자
1969,8,영업 관리 직무에 대한 준비과정과 이와 관련된 본인의 강점과 약점을 기술하시오.,영업 관리 직무 준비과정 관련된 본인 강점 약점 기술하
1970,8,여러분이 선택한 계열사 및 직무에 대한 지원동기는 무엇인가요? 1) 선택한 계열사가 아니면 안 되는 이유 2) 직무에 관심 갖게 된 계기 3) 본인이 직무를 잘 수행할 수 있는 이유 를 반드시 포함하여 구체적으로 작성해 주세요. (1000자),여러분 선택한 계열사 직무 지원동기 무엇인가요 선택한 계열사 아니면 이유 직무 관심 갖게 계기 본인 직무 수행할 이유 반드시 포함 구체적 작성해
1971,8,"본인이 희망하는 업무는 무엇이며, 업무 수행에 필요한 역량을 갖추기 위해 어떠한 노력을 했는지 구체적으로 기술해 주십시오. (500자)",본인 희망 업무 무엇 업무 수행 필요한 역량 갖추기 어떠한 노력 했는지 구체적 기술해 500자
1972,8,강점 및 직무관련 경험,강점 직무 경험
1973,8,"본인이 희망하는 업무는 무엇이며, 업무 수행에 필요한 역량을 갖추기 위해 어떠한 노력을 했는지 구체적으로 기술해 주십시오. 글자수 자/500자 이내",본인 희망 업무 무엇 업무 수행 필요한 역량 갖추기 어떠한 노력 했는지 구체적 기술해 글자수
1974,8,"여러분이 선택한 계열사와 해당 직무를 지원한 동기는 무엇인가요?① CJ오쇼핑이 아니면 안되는 이유, ② 직무에 관심갖게 된 계기, ③ 본인이 직무를 잘 수행할 수 있는 이유를 반드시 포함하여 구체적으로 작성해 주세요.(1000자)",여러분 선택한 계열사 해당 직무 지원한 동기 무엇인가요 CJ오쇼핑 아니면 안되 이유 직무 관심갖게 계기 본인 직무 수행할 이유 반드시 포함 구체적 작성해
1975,8,입사지원을 하게 된 동기와 자신이 지원한 직무에 적합하다고 생각하는 구체적인 이유를 기술하시오.,입사지원 하게 동기 자신 지원한 직무 적합하다고 생각 구체적인 이유 기술하
1976,8,희망 직무 선택이유와 역량,희망 직무 선택이유 역량
1977,8,"지원한 부문의 업무를 수행하기 위하여 필요한 핵심역량은 무엇이라고 생각하며, 해당 역량을 갖추기 위해 본인은 어떠한 노력을 했는지 구체적으로 기술해 주십시오.",지원한 부문 업무 수행하기 필요한 핵심역량 무엇이라고 생각 해당 역량 갖추기 본인 어떠한 노력 했는지 구체적 기술해
1978,8,영업관리 직무에 대한 준비과정과 이와 관련된 본인의 강점과 약점을 기술하시오.,영업관리 직무 준비과정 관련된 본인 강점 약점 기술하
1979,8,"은행업무 수행에 있어 필요한 요소와 역량은 무엇이고, 이러한 점을 갖추기 위해 본인이 노력한 사례와 차별화된 강점을 구체적으로 설명해 주십시오",은행업무 수행 있어 필요한 요소 역량 무엇 이러한 갖추기 본인 노력한 사례 차별화된 강점 구체적 설명해
1980,8,종근당에 지원한 동기와 지원한 직무에 대하여 성공적으로 수행할 수 있다고 생각하는 이유를 개인의 강점과 개성을 바탕으로 서술해 주십시오.,종근당 지원한 동기 지원한 직무 성공적 수행할 있다고 생각 이유 개인 강점 개성 바탕 서술해
1981,8,귀하가 희망하는 직무는 무엇이며 어떤 성과를 보여줄 수 있는지 요약해 주세요. [300자 이상 500자 이내],귀하 희망 직무 무엇 어떤 성과 보여줄 있는지 요약해
1982,8,해당 직무에 지원하기 위해 준비한 본인만의 경쟁력을 구체적 사례와 경험을 들어 기술하세요. (700자 이내로 작성해 주세요.),해당 직무 지원하기 준비한 본인만 경쟁력 구체적 사례 경험 들어 기술하
1983,8,"한화S&C는 SMART&CREATIVE라는 비전슬로건을 갖고 있습니다. 현재 IT업계에서 SMART&CREATIVE가 왜 필요한지 정의하고, 본인이 SMART&CREATIVE한 인재이라는 것을 증명할 수 있는 구체적 사례와 경험을 지원한 직무에 관련하여 기술하세요.(1000자 이내로 작성해 주세요.)",한화SC SMARTCREATIVE라 비전슬로건 갖고 현재 IT업계 SMARTCREATIVE 필요한지 정의 본인 SMARTCREATIVE한 인재이라 증명할 구체적 사례 경험 지원한 직무 관련 기술하
1984,8,"CJ오쇼핑 MD(홈쇼핑 MD)를 지원한 동기는 무엇인가요? ① 선택한 계열사가 아니면 안되는 이유, ② 직무에 관심갖게 된 계기, ③ 관심분야 및 관심을 갖게된 계기, ④ 본인이 직무를 잘 수행할 수 있는 이유(본인의 강점, 노력, 경험에 근거)를 반드시 포함하여 구체적으로 작성해 주세요. (1500자)",CJ오쇼핑 MD 지원한 동기 무엇인가요 선택한 계열사 아니면 안되 이유 직무 관심갖게 계기 관심분야 관심 갖게된 계기 본인 직무 수행할 이유 반드시 포함 구체적 작성해
1985,8,"본인이 희망하는 업무는 무엇이며, 업무 수행에 필요한 역량을 갖추기 위해 어떠한 노력을 했는지 구체적으로 기술해 주십시오. 500자",본인 희망 업무 무엇 업무 수행 필요한 역량 갖추기 어떠한 노력 했는지 구체적 기술해 500자
1986,8,회사를 지원한 이유와 직무를 선택하고 준비해온 것을 소개해 주세요.,회사 지원한 이유 직무 선택 준비해온 소개해
1987,8,입사 후 본인이 해당 직무 분야에서 Market Top 수준의 인재로 성장하기 위해 어떤 노력을 할 것인지 구체적으로 기술하십시오. (500 자 10 단락 이내),입사 본인 해당 직무 분야 Market Top 수준 인재 성장하기 어떤 노력 것인지 구체적 기술하
1988,8,대구은행에 입행하게 된다면 희망하는 직무와 이유는 무엇인지 소개해 주십시오.,대구은행 입행하게 된다면 희망 직무 이유 무엇인지 소개해
1989,8,"[직무 Guide]를 참고하여 희망직무 분야와 사유, 그리고 이와 관련하여 준비해온 과정에 대하여 작성 바랍니다.",직무 Guide 참고 희망직무 분야 사유 그리고 관련 준비해온 과정 작성 바랍니다
1990,8,노벨리스 지원동기와 지원하신 부문의 직무를 잘 수행하기 위하여 어떤 준비를 했는지 본인의 경험과 관련하여 기술해 주십시오.,노벨리스 지원동기 지원하신 부문 직무 수행하기 어떤 준비 했는지 본인 경험 관련 기술해
1991,8,타인과 차별되는 자신만의 강점 및 역량을 작성해 주세요. (300자),타인 차별되 자신만 강점 역량 작성해 300자
1992,8,"CJ제일제당 및 선택한 직무에 대한 지원동기는 무엇인가요? ① 선택한 직무에 관심을 갖게된 계기, ② 본인 직무를 잘 수행할 수 있는 이유 ③ CJ제일제당이 아니면 안되는 이유를 반드시 포함하여 구체적으로 작성해주세요. (1000자)",CJ제일제당 선택한 직무 지원동기 무엇인가요 선택한 직무 관심 갖게된 계기 본인 직무 수행할 이유 CJ제일제당 아니면 안되 이유 반드시 포함 구체적 작성해
1993,8,"인턴, 기업 근무 등 본인의 직무 경험 중 채용직무와 가장 밀접한 경력 한 가지를 300자 이내로 기술하시오",인턴 기업 근무 본인 직무 경험 채용직무 가장 밀접한 경력 가지 기술하
1994,8,본인이 지원한 직무가 가지고 있는 사회적(고객) 가치에 대해 본인의 생각을 구체적으로 작성해 주세요.,본인 지원한 직무 가지고 사회적고객 가치 대해 본인 생각 구체적 작성해
1995,8,"여러분이 선택한 직무에 대한 지원동기는 무엇인가요? ① 관심 갖게 된 계기, ② 본인이 직무를 잘 수행할 수 있는 이유 를 반드시 포함하여 구체적으로 작성해 주세요",여러분 선택한 직무 지원동기 무엇인가요 관심 갖게 계기 본인 직무 수행할 이유 반드시 포함 구체적 작성해
1996,8,"20년 후 본인의 VISION에 대해 기술하시오. ① 지원한 직무에서 향후 어떠한 과정을 통해 ② 어떠한 역할을 수행하고, ③ 달성하고 싶은 목표는 무엇인지 구체적으로 작성해 주세요.",20년 본인 VISION 대해 기술하 지원한 직무 향후 어떠한 과정 어떠한 역할 수행 달성 목표 무엇인지 구체적 작성해
1997,8,"지원자의 희망직무는 무엇이며 그 직무를 수행하기 위한 필요역량이 무엇인지 제시하고, 그러한 역량을 확보하기 위해 어떠한 노력을 해왔는지 기술하세요",지원자 희망직무 무엇 직무 수행하기 필요역량 무엇인지 제시 그러한 역량 확보하기 어떠한 노력 해왔는지 기술하
1998,8,본인이 지원한 직무를 수행하기 위해 어떠한 노력과 경험을 했는지 기술하여 주십시오. (700자),본인 지원한 직무 수행하기 어떠한 노력 경험 했는지 기술 700자
1999,8,"해당직무를 성공적으로 수행하기 위해 필요하다고 생각하는 역량 1가지를 선정하고, 그 이유와 해당 역량을 갖추기 위해 노력한 경험에 대하여 구체적으로 기술하시오.",해당직무 성공적 수행하기 필요하다고 생각 역량 1가지 선정 이유 해당 역량 갖추기 노력한 경험 구체적 기술하
2000,8,"본인이 지원한 직무에서 가장 필요한 역량이 무엇이라고 생각하며, 그 역량을 갖추기 위해 어떠한 노력을 했는지 경험에 근거하여 구체적으로 기술하시오.",본인 지원한 직무 가장 필요한 역량 무엇이라고 생각 역량 갖추기 어떠한 노력 했는지 경험 근거 구체적 기술하
2001,8,"본인의 지원직무를 위해 필요한 역량은 무엇이며, 이 역량을 갖추기 위한 노력이나 자신만의 특별한 경험을 기술하여 주십시오. [/1000]",본인 지원직무 필요한 역량 무엇 역량 갖추기 노력 자신만 특별한 경험 기술 1000
2002,8,본인이 우리회사와 지원한 직무에 적합하다고 생각하는 이유를 구체적으로 기술해 주십시오. (성향/전문지식/역량),본인 우리회사 지원한 직무 적합하다고 생각 이유 구체적 기술해
2003,8,여러분이 선택한 계열사 및 직무에 대한 지원동기는 무엇인가요? (1500자),여러분 선택한 계열사 직무 지원동기 무엇인가요
2004,8,여러분이 선택한 계열사 및 직무에 대한 지원동기는 무엇인가요? ① 선택한 계열사가 아니면 안되는 이유 ② 직무에 관심 갖게 된 계기 ③ 본인이 직무를 잘 수행할 수 있는 이유를 반드시 포함하여 구체적으로 작성해 주세요. (1500자),여러분 선택한 계열사 직무 지원동기 무엇인가요 선택한 계열사 아니면 안되 이유 직무 관심 갖게 계기 본인 직무 수행할 이유 반드시 포함 구체적 작성해
2005,8,지원 직무를 잘 수행하기 위하여 어떤 준비를 했는지 구체적으로 기술해주세요.,지원 직무 수행하기 어떤 준비 했는지 구체적 기술해
2006,8,지원한 직무 수행을 위해 본인이 무엇을 어떻게 준비하고 노력 해 왔는지 구체적으로 기술하십시오. (1000 자 10 단락 이내),지원한 직무 수행 본인 무엇 어떻게 준비 노력 왔는지 구체적 기술하
2007,8,희망 직무에서 본인의 전공 활용 방안,희망 직무 본인 전공 활용 방안
2008,8,재단의 직무를 수행함에 있어 본인이 가지고 있는 차별화된 경쟁력이 무엇인지 기술해 주십시오.[ 100자 이상 500자 이내 ],재단 직무 수행함 있어 본인 가지고 차별화된 경쟁력 무엇인지 기술해
2009,8,현대자동차 해당 직무 분야에 지원하게 된 이유와/ 선택 직무에 본인이 적합하다고 판단할 수 있는 이유 및 근거를 제시해 주십시오. (최대 1000 자 이내로 작성),현대자동차 해당 직무 분야 지원하게 이유 선택 직무 본인 적합하다고 판단할 이유 근거 제시해
2010,8,"현대엔지니어링의 프로젝트 하나를 선택하여, 해당 프로젝트에서 본인이 어떠한 역할을 수행할 수 있을지 지원한 직무를 기반으로 기술해 주십시오. (1,000자)",현대엔지니어링 프로젝트 하나 선택 해당 프로젝트 본인 어떠한 역할 수행할 있을지 지원한 직무 기반 기술해
2011,8,[직무관련 본인의 경쟁력] 지원한 직무와 관련하여 타 지원자가 가지지 못한 본인`만`의 경쟁력이 무엇이라고 생각합니까? 또한 그 경쟁력을 보유/유지 하기 위해 어떤 노력을 해 왔습니까? (600자),직무 본인 경쟁력 지원한 직무 관련 지원자 가지지 못한 본인만 경쟁력 무엇이라고 생각합니까 또한 경쟁력 보유유지 하기 어떤 노력 왔습니까 600자
2012,8,희망직무 준비과정과 직무에 관한 본인의 강점과 약점(실패 또는 성공사례),희망직무 준비과정 직무 본인 강점 약점
2013,8,지원 직무를 선택한 동기와 본인만의 차별화된 역량에 대해 구체적으로 서술하시오,지원 직무 선택한 동기 본인만 차별화된 역량 대해 구체적 서술하
2014,8,희망 직무 및 해당 직무에 대한 본인의 VISION (1000byte),희망 직무 해당 직무 본인 VISION
2015,8,"본인의 강점이라고 생각하는 역량을 소개하고, 그 역량이 발휘되어 성취 또는 실패하였던 경험을 소개하시오.",본인 강점이라고 생각 역량 소개 역량 발휘되어 성취 실패하였던 경험 소개하
2016,8,"본인이 가진 열정과 역량에 대하여 본인이 지원한 직무와 관련된 경험 및 역량, 관심사항 등 자신을 어필할 수 있는 내용을 기반으로 자유롭게 기술 (500~1000자)",본인 가진 열정 역량 본인 지원한 직무 관련된 경험 역량 관심사항 자신 어필할 내용 기반 자유롭게 기술
2017,8,"본인이 지원한 직무와 관련된 본인의 계획, 꿈, 비전에 대하여 기술해주시기 바랍니다. (100~500자)",본인 지원한 직무 관련된 본인 계획 비전 기술해주시기 바랍니다
2018,8,"경동에 지원한 동기 및 해당 직무를 선택한 이유, 그리고 그 분야에 본인이 적합하다고 생각하는 근거에 대해 서술하시오. (600자 이내)",경동 지원한 동기 해당 직무 선택한 이유 그리고 분야 본인 적합하다고 생각 근거 대해 서술하
2019,8,자신의 역량과 강점,자신 역량 강점
2020,8,해당하는 직무의 수행과 관련하여 가지고 있는 개인의 장점과 약점을 모두 기술하여 주십시오.,해당 직무 수행 관련 가지고 개인 장점 약점 모두 기술
2021,8,"(역량기술서) 관련 전공과목 수강이력, 직무관련 경험, 기타 역량개발 활동 등을 바탕으로 작성해 주세요. 해당직무를 수행하기 위해 대학생활을 포함하여 지금까지 어떠한 준비를 하였는지 작성해 주십시오. (2000자)",전공과목 수강이력 직무 경험 기타 역량개발 활동 바탕 작성해 해당직무 수행하기 대학생활 포함 지금 어떠한 준비 하였는지 작성해
2022,8,희망 직무를 선택한 이유와 그에 필요한 역량을 키우기 위해 어떤 노력을 했는지 (500자),희망 직무 선택한 이유 필요한 역량 키우기 어떤 노력 했는지 500자
2023,8,지원한 직무를 선택한 이유는 무엇입니까? (500자 이내),지원한 직무 선택한 이유 무엇입니까
2024,8,지원한 직무를 성공적으로 수행할 수 있다는 이유를 경험에 기반해 강점 혹은 개성을 서술해 주십시오.,지원한 직무 성공적 수행할 있다 이유 경험 기반해 강점 개성 서술해
2025,8,"4. 지원한 직무에 필요한 역량은 무엇이며, 왜 본인이 그 직무에 적합하다고 생각하는지 설명해 주세요.",지원한 직무 필요한 역량 무엇 본인 직무 적합하다고 생각하는지 설명해
2026,8,"여러분이 선택한 계열사 및 직무에 대한 지원동기는 무엇인가요? 1. 선택한 계열사가 아니면 안되는 이유, 2. 직무에 관심갖게된 계기, 3. 본인이 직무를 잘 수행할 수 있는 이유 를 반드시 포함하여 구체적으로 작성해 주세요. (1,000자)",여러분 선택한 계열사 직무 지원동기 무엇인가요 선택한 계열사 아니면 안되 이유 직무 관심갖게된 계기 본인 직무 수행할 이유 반드시 포함 구체적 작성해
2027,8,"[인상 깊었던 강의] 직무와 관련된 전공 수업 중 대표적인 2~3개의 강의명, 학점, 교수, 수강시기, 타인에게 설명 가능한 인상 깊은 내용을 기술하세요. (입력 예시) 공학수학, A, 한화인, 2014-2",인상 깊었던 직무 관련된 전공 수업 대표적인 23개 강의명 학점 교수 수강시기 타인 설명 가능한 인상 내용 기술하 공학수학 한화인 20142
2028,8,[직무역량 개발 경험] 지원한 직무 수행에 필요한 역량을 기르기 위해 어떤 노력을 해왔는지 대표적인 경험을 들어 기술하세요.,직무역량 개발 경험 지원한 직무 수행 필요한 역량 기르기 어떤 노력 해왔는지 대표적인 경험 들어 기술하
2029,8,디스플레이 및 지원 직무 관련된 이력을 간결하게 나열해주시기 바랍니다. (100 ~ 500자),디스플레 지원 직무 관련된 이력 간결하게 나열해주시기 바랍니다
2030,8,CJ제일제당 및 선택한 직무에 대한 지원동기는 무엇인가요? ㄷ. CJ제일제당이 아니면 안되는 이유를 반드시 포함하여 구체적으로 작성해주세요.) (1000자),CJ제일제당 선택한 직무 지원동기 무엇인가요 CJ제일제당 아니면 안되 이유 반드시 포함 구체적 작성해
2031,8,"LG디스플레이 및 지원 직무에 지원하는 동기에 대해 기술해 주십시오. 성격(장단점), 직무와 관련된 경험 및 역량, 관심사항, 개인의 목표 및 비전 등 자신을 어필할 수 있는 내용을 기반으로 자유롭게 기술하시기 바랍니다. (500자 ~ 1000자)",LG디스플레 지원 직무 지원 동기 대해 기술해 성격장단점 직무 관련된 경험 역량 관심사항 개인 목표 비전 자신 어필할 내용 기반 자유롭게 기술하시기 바랍니다
2032,8,"지원직무 수행을 위해 필요한 역량이 무엇이며, 어떤 준비를 했는지 구체적 사례를 중심으로 서술하세요.",지원직무 수행 필요한 역량 무엇 어떤 준비 했는지 구체적 사례 중심 서술하
2033,8,"여러분이 선택한 계열사와 해당 직무를 지원한 동기는 무엇인가요? ① 선택한 계열사가 아니면 안되는 이유, ② 직무에 관심 갖게 된 계기, ③ 본인이 직무를 잘 수행할 수 있는 이유를 반드시 포함하여 구체적으로 작성해 주세요. (1000자) 총 글자 수 0 / 1000 자",여러분 선택한 계열사 해당 직무 지원한 동기 무엇인가요 선택한 계열사 아니면 안되 이유 직무 관심 갖게 계기 본인 직무 수행할 이유 반드시 포함 구체적 작성해 글자 1000
2034,8,[직무관련 본인의 경쟁력] 지원한 직무와 관련하여 타 지원자가 가지지 못한 본인`만`의 경쟁력이 무엇이라고 생각합니까? 또한 그 경쟁력을 보유/유지하기 위해 어떤 노력을 해 왔습니까? (600자),직무 본인 경쟁력 지원한 직무 관련 지원자 가지지 못한 본인만 경쟁력 무엇이라고 생각합니까 또한 경쟁력 보유유지하기 어떤 노력 왔습니까 600자
