rank,cluster_id,question
1,4,"조직(예 : 학교, 동아리, 가족 등)의 구성원으로서 갈등이 있었던 상황을 설명하고, 원인, 대처방안, 현재 시점에서의 판단을 구체적으로 기술하시오."
2,4,활발하게 활동하는 외부 개발 커뮤니티가 있다면 서술하여 주십시오.
3,4,지원자는 업무를 수행함에 있어 동료들과 협력적으로 수행하는 사람임을 가장 잘 보여주는 사례를 구체적으로 작성해 주시기 바랍니다.
4,4,"협업을 하는 과정에서 구성원 간 갈등 상황 등 어려웠던 사례를 기술하고, 이를 해결하기 위한 노력과 그런 경험에서 무엇을 느꼈는지 작성해 주십시오."
5,4,[조직 이해] 조직에서 추구하는 방향이나 궁극적인 목표 등을 공유함으로써 팀원들과 공동의 목표로 일을 추진한 경험이 있습니까? 당시 지원자가 취한 행동과 그 결과를 중심으로 기술해 주십시오.
6,4,"새로운 조직, 단체에서 빠르게 적응하기 위해 노력한 경험은 무엇이며, 빠르게 적응할 수 있는 본인만의 효과적인 방법은 무엇인지 기술해 주십시오."
7,4,"타인과의 인간관계, 타인과의 협업 경험 중 가장 힘들었던 사례를 제시하고, 그 원인과 해결 노력 등에 대해 기술하시오."
8,4,"본인의 성격을 간단히 소개하고 그러한 성격을 적극적으로 활용 또는 극복하여 다른 사람들과 협업했던 경험(프로젝트, 업무 등)을 기술하여 주십시오. 또한 성공적인 협업을 위해서 가장 중요한 조건과 그 이유에 대한 본인의 의견을 기술하여 주십시오."
9,4,학교생활 혹은 사회생활 중 발생한 문제 상황에서 적극적으로 의견 제시를 하여 문제를 해결한 경험이 있다면 작성해 주십시오. (350~500자 이내)
10,4,본인의 경험 중에 구성원과 협력을 통해 문제를 해결했던 경험과 자신과 반대되는 타인의 의견을 수용했던 경험을 말씀해 주세요. (1500바이트 이내)
11,4,"다른 사람들과 함께 일을 했던 경험에 대해 설명하고, 그 경험 속에서 팀워크 형성과 협업을 이루기 위해 어떠한 노력을 하였는지 서술해 주십시오. (대인관계 능력) (500자 이내)"
12,4,"조직(회사, 학회, 동아리, 프로젝트 등)에서 시간과 일정을 효율적으로 관리하여 주어진 업무나 과제를 효과적으로 해결했던 경험을 기술해 주십시오. (500자 이내)"
13,4,"정직, 남을 위한 봉사, 규칙 준수 등 윤리적인 행동으로 좋은 결과를 얻었던 경험을 아래 세부 항목에 따라 구체적으로 작성해 주십시오."
14,4,"집단(학교, 회사, 동아리, 동호회 등)의 원만한 화합, 또는 공동의 목표 달성을 위해 남들보다 더 많이 노력하고 헌신했던 경험을 아래 세부 항목에 따라 구체적으로 작성해 주십시오."
15,4,"단체(학교, 회사, 동아리, 동호회 등)에서 대화나 토론을 통해 상호 입장과 상황을 정확히 이해함으로써 건설적으로 문제를 해결해 본 경험에 대해 아래 세부 항목에 따라 작성해 주십시오."
16,4,"집단(학교, 회사, 동아리, 동호회 등)에서 기존보다 더 나은 성과를 창출하기 위해 적극적으로 새로운 방법을 시도하고 성과를 낸 경험에 대해 작성해 주십시오."
17,4,"집단(학교, 회사, 동아리, 동호회 등)에서 집단 내 구성원들의 입장 차이를 이해하고, 이를 중재하기 위해 노력하여 건설적으로 해결한 경험에 대해 작성해 주십시오."
18,4,"지역사회참여, 사회봉사, 공공활동 등 사회 공공의 가치 실현을 위해 활동했던 경험을 구체적으로 작성해 주십시오."
19,4,다른 사람을 배려하고 협업하여 성취한 본인만의 사례를 한 가지 소개해 주세요.
20,4,"*[의사소통 능력] 지원자의 메시지 전달 능력, 타인 메시지 이해 능력을 활용하여 상호 간 만족스러운 의사소통을 진행했던 경험에 대해 작성해 주십시오."
21,4,다양한 환경 변화에 적응한 경험과 다른 사람의 신뢰를 얻은 경험을 서술해 주세요.
22,4,"타인과의 협업 경험 중 가장 의미 있었던 사례를 제시하고, 그 과정에서 본인이 노력한 부분과 그 경험이 본인의 가치관 형성에 미친 영향에 대하여 기술하여 주시기 바랍니다."
23,4,"본인이 속한 집단 내에서 의견 충돌이나 갈등 경험을 소개하고, 해결 과정에 대해 기술하시오."
24,4,"공동의 목표 달성을 위한 협업 경험을 본인이 수행한 역할 중심으로 설명하고, 그 경험을 통해 무엇을 얻었는지 기술해 주십시오."
25,4,타인과 협업하는 과정에서 본인이 가장 중요하다고 생각하는 덕목과 그 이유를 실제 경험과 함께 서술하시오. 493 / 500 자
26,4,"[솔선수범] 관리, 감독 없이도 스스로 업무를 처리하며 남들이 꺼리는 업무나 궂은일도 주도적으로 나서서 해결한다. (A, B 중 택 1) A. 자신이 공동 목표 달성을 하는 과정에서 솔선수범하는 사람임을 입증할 수 있는 사례(경험)와 그 근거를 구체적으로 작성해 주시기 바랍니다. B. 소속 조직을 위해 주도적으로 나서서 문제를 해결하기 위해 노력했던 경험에 대해 구체적으로 작성해 주시기 바랍니다."
27,4,"조직 내에서 변화를 주도했던 경험을 (가), (나)에 맞춰 기술해 주시기 바랍니다. (가) 당시 진행했던 업무에 대해서 간략히 기술 (나) (가)로 인해 조직에 생긴 변화는 무엇이며, 한국동서발전에서 어떻게 활용될 수 있는지 기술 (모든 답변 500자 이내)"
28,4,"본인이 속한 조직의 위기 또는 갈등 상황을 협력하여 극복한 경험을 (가), (나)에 맞춰 기술해 주시기 바랍니다. (가) 당시의 위기 또는 갈등 상황에 대해 간략히 기술 (나) 위기 또는 갈등 상황이 발생했을 당시 본인이 어떻게 협력을 이끌어내 상황을 해결했는지에 대해 기술"
29,4,"공공의 이익을 위해 자발적으로 노력한 경험에 대해 아래 (가), (나)의 내용에 맞춰 기술해 주시기 바랍니다. (가) 본인이 공공의 이익을 위해 노력하게 된 계기에 대해 기술 (나) 본인의 활동이 사회나 공동체에 어떠한 기여가 되는지 기술"
30,4,학교 정규 과정 이외에 개발 참여 경험이 있다면 소개해 주세요.
31,4,본인의 경험 중 다양한 배경과 생각을 가진 사람들과 의견을 조율하여 문제를 해결한 경험에 대해 기술해 주시기 바랍니다.
32,4,공동의 목표 달성을 위한 협업 경험을 본인이 수행한 역할 중심으로 기술해 주십시오. 700자
33,4,"가치관이 다른 구성원들과 협업했던 과정에서 본인의 역할은 무엇이었는지, 그 경험을 통해 어떤 역량이 향상되었는지 기술해 주십시오."
34,4,지금까지 살아오면서 타인 또는 공동체를 위해 노력한 경험과 이를 통해 배운 점을 기술해 주시기 바랍니다. [공동체를 위한 솔선수범]
35,4,"본인이 참여한 팀 활동 중 가장 기억에 남는 사례를 기술해 주세요. 각 팀원들의 역할, 과정에서 의견조율 등 어려웠던 점과 그를 극복하기 위해 어떤 노력을 기울였는지 등을 포함해 구체적으로 작성하여 주시기 바랍니다."
36,4,다른 사람과 함께 목표를 달성하기 위해 노력했던 경험과 본인의 역할에 대해 구체적으로 기술해주시기 바랍니다.
37,4,"팀워크 역량- 팀워크를 발휘하여 계획한 목표를 달성한 경험 Guide> 공동의 목표를 설정하게 된 계기, 기간, 참여한 인원 및 본인의 역할, 목표 달성을 위해 수립한 구체적인 계획 및 실행여부, 목표 대비 달성한 수준, 그 과정 속에서 갈등 및 문제점 그리고 해결과정, 그 과정 속에서 본인이 배우고 느낀 점을 포함하면 좋습니다. (1000자)"
38,4,"소속 집단에 공동의 업무가 부여되었을 때, 본인이 생각하는 합리적인 업무 배분 방식을 서술하고 그 이유를 제시해주십시오. (400자 이상 1,000자 이내) 749 / 1000 자"
39,4,"타인 또는 타집단과의 갈등으로 인하여 불편을 겪었던 사례를 설명하고, 이때 본인의 대응에 대하여 기술해주십시오. (400자 이상 1,000자 이내) 728 / 1000 자"
40,4,"최근 사회 및 조직에서 한정된 자원을 두고 세대간ㆍ집단간 경쟁하거나 갈등을 겪는 사례가 많습니다. 이러한 사례를 한가지 들고 어떠한 방법으로 갈등을 최소화하고 또한 해결 할 수 있을지 본인의 생각을 구체적으로 서술해 주시기 바랍니다. (1,200자)"
41,4,학교나 회사와 같은 조직에서 적극적 소통을 통해 갈등관계에 있던 상대방으로부터 협력을 이끌어낸 경험에 대해 기술해 주십시오. (500자)
42,4,"팀이나 조직에서 다른 사람과 팀웍을 이루어 성과를 이뤄낸 경험에 대해 작성하여 주십시오. (1,000자)"
43,4,"재단 핵심가치-책임, 직업기초능력-문제해결능력/자원관리능력/ 동아리, 인턴 등 귀하가 속한 조직에서 당면한 어려움 가운데 자신만의 시간, 자원 등을 활용하여 새로운 아이디어를 가지고 문제 상황을 극복한 경험이 있다면 기술해 주십시오."
44,4,"재단 핵심가치-상생, 직업기초능력-의사소통능력/대인관계능력/ 격렬한 논의나 열띤 토론에 참여 또는 진행하는 자리에서 효과적인 소통과 성공적으로 마무리한 경험이 있다면 기술해 주십시오."
45,4,"학교, 동아리 등 소속 집단에서 공동의 성과창출을 위해 본인이 특별히 기여했던 경험과 성과 창출 과정에서 갈등 상황을 해결하기 위해 본인이 남다르게 기울였던 노력을 구체적으로 기술하여 주십시오."
46,4,서로에 대한 이해를 바탕으로 타인과 소통하고 협업했던 경험을 서술하여 주십시오.
47,4,공동의 목표달성을 위해 협업을 진행한 사례에 대하여 자신의 역할 과 기여 중심으로 서술해주세요. (800자)
48,4,"혼자 하기 어려운 일에서 다양한 자원 활용, 타인의 협력을 최대한으로 이끌어 내며, Teamwork를 발휘하여 공동의 목표 달성에 기여한 경험에 대해 서술해 주십시오. 및 역할/ 혼자 하기 어렵다고 판단한 이유/ 목표 설정 과정/ 자원(예. 사람, 자료 등) 활용 계획 및 행동/ 구성원들의 참여도 및 의견 차이/ 그에 대한 대응 및 협조를 이끌어 내기 위한 구체적 행동/ 목표 달성 정도 및 본인의 기여도/ 경험의 진실성을 증명할 수 있는 근거가 잘 드러나도록 기술) (700~1000 자 10 단락 이내)"
49,4,"타인 또는 타집단과의 갈등으로 인하여 불편을 겪었던 사례를 설명하고, 이때 본인의 대응에 대하여 기술해주십시오. (400자 이상 1,000자 이내)"
50,4,특기사항 및 단체활동 경험
51,4,"사회경험 중 가장 힘들었던 대인관계에 대한 사례와 이를 해결하기 위하여 본인이 노력한 점에 대해 구체적으로 기술하여 주십시오.가능한 지원분야 해당 직무와 연계하여 기술하며, 이해관계자의 인적정보 등은 제외하여 서술하되 구체적으로 기술하여 주십시오."
52,4,"타인과 긴밀하게 소통하여 공동의 목표를 달성한 경험을, 본인의 역할 중심으로 기술하시오."
53,4,자신이 속한 단체에서 타인과의 갈등이 생겼던 경험과 그 문제를 극복하기 위한 경험에 대해 기술하여 주십시오.
54,4,"동화의 핵심가치 '자율', '협업', '변혁' 중2가지를 선택하여 각각을 실천한 경험에 대해 작성해 주시기 바랍니다."
55,4,팀워크 및 협업을 통해 공동의 목표를 달성한 경험을 구체적으로 기술해주세요.
56,4,"협업, 소통, 희생, 봉사, 성장, 변화추구, 중 해당역량을 활용하여 목표를 수행했던 경험을 기입해 주십시오"
57,4,구성원들과 협업하면서 어려움을 겪었던 상황과 이를 극복하기 위해 노력했던 부분을 작성해 주세요.
58,4,다양한 사람의 의견을 듣고 이를 조율하는 본인만의 노하우와 이러한 노하우를 사용했던 경험에 대해 작성해 주십시오.
59,4,"과업 또는 과제 수행 과정에서 다른 사람과 의사소통이 원활하지 않아 갈등이 발생하고 원하는 결과를 기대하기 어려웠던 경험에 대해 기술해 주십시오. 그 이유와 본인의 책임, 해소하기 위한 노력 등을 구체적으로 기술해 주십시오. (500자 이내)"
60,4,일상 또는 업무수행 등에서 공동의 성과 창출을 위해 타인과 협업했었던 사례를 제시하고 해당 사례에서 본인이 어떠한 노력을 하였는지 기술하여 주시기 바랍니다.
61,4,공동과제 수행 시 자신에게 주어진 과업 이상을 했던 경험이나 일을 추진하는 데 있어 타인과의 협력으로 큰 성과를 거두었던 경험을 기술해 주십시오.
62,4,주변 지인과의 관계가 원만하지 못했던 경험과 그 경험을 통하여 본인이 무엇을 얻을 수 있었는지 기재하여 주십시오.(700자 이내)
63,4,본인이 속했던 조직 안에서 의견이나 생각이 다른 구성원을 효과적으로 설득하거나 합의를 이끌어낸 경험에 대해 구체적으로 기술하여 주십시오.
64,4,"[업무성실성] 본인이 세운 원칙, 또는 집단의 규정이나 절차 등을 준수하기 위해 노력했던 사례가 있다면 기술해 주십시오. ① 원칙, 규정 혹은 절차 등을 지키기 위해 노력한 이유는 무엇이었으며, 얼마나 지속했습니까? ② 원칙, 규정 혹은 절차 등을 지키는데 어떤 어려움이 있었으며, 어떻게 극복하여 지속하고 있습니까?"
65,4,[팀워크] 팀 목표를 달성하기 위해 팀원으로서 본인은 주로 어떤 노력을 하는지 최근 사례를 기반으로 기술해 주십시오. ① 팀 목표는 무엇이었으며 본인은 어떤 역할을 수행했습니까? ② 팀 목표달성을 위해 본인에게 주어진 역할 이외에 노력한 부분이 있다면 무엇이었습니까?
66,4,"타인과 함께 일을 할 때 가장 중요하게 생각하는 점을 이유와 함께 설명하고, 그 부분이 맞지 않아 갈등이 발생했던 사례를 자세하게 기술하여 주십시오."
67,4,주어진 과제를 정해진 절차에 따라 공정하게 처리했지만 편법을 사용한 타인에 비해 결과가 좋지 않았던 경험을 기술하고 그러한 상황이 다시 발생한다면 어떻게 할 것인지 이야기해 주십시오.
68,4,지원자 본인이 동료 또는 주위 사람들과 적극적으로 소통하고 협력하면서 융화를 위해 노력하는 사람임을 보여주는 최근 3년 이내의 사례 하나를 기술하십시오.?(최대 600자 입력가능)
69,4,(신뢰받는 Partner) 공동의 목표를 달성하거나 공동의 문제를 해결하기 위해 구성원들과 적극적으로 협력했던 경험에 대해 기술해 주십시오.
70,4,(준법정신 및 윤리의식) 본인의 편의(이익)와 공공의 이익 사이에서 고민했던 경험을 아래의 순서에 따라 기술해 주십시오. - 본인의 편의(이익)와 공공(공동체)의 이익이 상충되었으나 두가지를 적절하게 조율하여 해결하였던 사례 - 본인의 손해나 불편함을 감수하고 공익적 선택을 했던 사례와 그 이유
71,4,"(대인관계) 대인관계에 있어서 본인의 특장점을 아래의 순서에 따라 기술해주십시오. - 대인관계에 있어서 본인의 특장점이 무엇이며, 그 특장점이 돋보였던 사례 - 해당 특장점이 회사생활 및 직무수행에 어떻게 도움이 될수 있는지"
72,4,(문제해결) 본인 또는 속해있는 단체(집단)가 당면했던 문제를 본인의 창의적인 방법으로 해결했던 경험을 기술해 주십시오.
73,4,학교나 조직생활에서 구성원들과의 협동을 통해 좋은 결과를 냈던 경험을 기술해 주시기 바랍니다.
74,4,"공동의 목표를 달성하기 위한 구성원과의 활동 중에 본인과 의견이 달랐던 다른 구성원과의갈등 경험이 있다면, 1)어떠한 갈등이었는지 그리고 이를 해결하기 위한 본인의 노력에 대해 설명해 주십시오. 2)이러한 경험이 향후 기금의 일원으로 생활할 때 어떻게 도움을 줄 수 있을지 구체적으로 기술해 주십시오."
75,4,"본인이 소속된 집단에서 부당한 상황에 직면했던 경험이 있다면, 1) 그 부당한 상황은 어떠했으며 왜 부당하다고 생각했는지 설명해 주십시오. 2)부당한 상황에 직면하였을 때 어떻게 행동했는지 구체적으로 기술해 주십시오."
76,4,귀하가 생각하는 소통과 협력은 무엇인지 서술해주세요. 500자
77,4,어떤 사안에 대해 이해관계자들과 우호적 관계를 형성해 본 경험을 작성해 보십시오.
78,4,"본인의 학교생활, 동아리, 동호회 등 조직 내 일원으로서 동료들과 협력하여 어려움을 극복하고 성과를 달성하기 위해 노력했던 경험에 대해 기술해주시기 바랍니다(500자) * 본인이 수행한 업무가 무엇이며 왜 그러한 업무를 맡게 되었습니까? * 사람들과 함께 일을 처리해나가면서 그 사람들과 긍정적 관계 구축을 위해 추가적으로 기울인 노력과 그 결과에 대해 기술해주시기 바랍니다."
79,4,(의사소통능력) 조직 또는 팀의 공동 목표를 달성하는 과정에서 자신과 의견이 다른 사람과 갈등이 발생했던 사례를 작성하고 갈등을 해결하기 위해 상대방을 설득했던 구체적인 행동을 기술해 주십시오. (500자)
80,4,"혼자 하기 어려운 일에서 다양한 자원 활용, 타인의 협력을 최대한으로 이끌어 내며, Teamwork를 발휘하여 공동의 목표 달성에 기여한 경험에 대해 서술해 주십시오. 및 역할/ 혼자 하기 어렵다고 판단한 이유/ 목표 설정 과정/ 자원(예. 사람, 자료 등) 활용 계획 및 행동/ 구성원들의 참여도 및 의견 차이/ 그에 대한 대응 및 협조를 이끌어 내기 위한 구체적 행동/ 목표 달성 정도 및 본인의 기여도/ 경험의 진실성을 증명할 수 있는 근거가 잘 드러나도록 기술)"
81,4,학교생활 혹은 학교생활 이외에 주력했던 활동
82,4,"조직 내에서 변화를 주도했던 경험을 (가), (나)에 맞춰 기술해 주시기 바랍니다. (가) 당시 진행했던 업무에 대해서 간략히 기술 (나) (가)로 인해 조직에 생긴 변화는 무엇이며, 한국동서발전에서 어떻게 활용될 수 있는지 기술"
83,4,"본인이 속한 조직의 위기 또는 갈등상황을 협력하여 극복한 경험을 (가), (나)에 맞춰 기술해 주시기 바랍니다. (가) 당시의 위기 또는 갈등상황에 대해 간략히 기술 (나) 위기 또는 갈등상황이 발생했을 당시 본인이 어떻게 협력을 이끌어내 상황을 해결했는지에 대해 기술"
84,4,"조직 생활 중 의견충돌이 있었던 경우 어떻게 해결하였는지, 본인의 역할을 중심으로 기술하시오. (500자 이내)"
85,4,고객서비스 관련 업무를 해보신 경험이 있다면 작성해 주십시오. (전화서비스 응대 경험 등) (500자)
86,4,블록체인 관련 경험 혹은 경력에 대해 작성해 주세요.
87,4,"타인과 협력하는 과정에서 가장 어려웠던 일을 사례를 들어 설명하고, 어려움을 어떻게 극복하였으며 그를 통해 무엇을 느꼈는지 서술하여 주십시오."
88,4,"본인의 학교생활, 동아리, 동호회 등 조직 내 일원으로서 동료들과 협력하여 어려움을 극복하고 성과를 달성하기 위해 노력했던 경험에 대해 기술해 주시기 바랍니다."
89,4,약속과 원칙을 지켜 신뢰를 형성하거나 지킨 경험에 대해 구체적으로 기술해 주시기 바랍니다.
90,4,"본인의 경험 중 다양한 배경, 생각을 가진 사람들과 협업하여 문제를 해결한 경험에 대해 기술해 주시기 바랍니다. [1000자 이내 (영문작성 시 2000자)]"
91,4,단체 활동 중 발생한 갈등 상황을 해결하기 위한 본인의 노력이 갈등 해결에 어떠한 영향을 미쳤는지 작성하시기 바랍니다.
92,4,새로운 환경이나 조직에 들어가서 갈등을 겪었던 경험과 이를 성공적으로 극복했던 사례에 대하여 서술해주십시오. (500자 이상 1000자 이내)
93,4,"팀원들과 협력하여 도전적인 목표를 달성한 경험이 있다면, 팀 내에서 지원자가 맡은 역할은 무엇이었고, 목표를 달성하기 위해 어떠한 노력을 했는지 구체적으로 서술해주십시오. * [500자 이내]"
94,4,(직업기초능력: 의사소통) 과업 중 상대방의 의견과 다른 의견을 제시해야 했던 경험을 아래의 순서에 따라 기술해 주십시오. (300~500) ① 당시 상황 기술 ② 본인의 의견을 전달하기 전에 확인하거나 준비한 부분 기술 ③ 본인의 의견을 전달한 방법과 그 방법을 사용한 이유 기술
95,4,"(직업기초능력: 대인관계) 팀장이 아닌 팀의 일원으로서 팀워크를 높이기 위해 노력했던 경험을 아래의 순서에 따라 기술해 주십시오. (300~500) ① 당시 상황 기술(과업목표, 본인의 역할) ② 팀워크를 높이기 위해 노력했던 방법과 그러한 방법을 사용한 이유 기술 ③ 팀워크가 높아졌다고 판단한 이유 기술"
96,4,"공동의 목표를 달성하는 과정에서 다른 사람과 의견 차이가 있어, 상대방을 설득하여 좋은 결과(혹은 실패한 결과)를 얻었던 경험을 다음 세부 항목에 따라 작성해 주십시오."
97,4,"상대방을 설득하기 위한 본인의 논리와 방법은 무엇이었으며, 상대방의 반응과 결과는 어떠했는지에 대해 작성해 주십시오. (250자 이상 ~ 400자 이내)"
98,4,본인의 손해나 불편함을 감수하고 조직 혹은 공동의 이익을 위해 행동한 경험과 그 결과에 대해서 설명해 주십시오. (250자 이상 ~ 400자 이내)
99,4,"(대인관계능력) 조직 및 단체 활동을 하면서, 흩어진 의견을 하나로 통합하여 성공적인 결과를 도출했던 경험에 대하여 기술해 주십시오."
100,4,최근 3년간 이뤘던 성취 중 가장 기억에 남는 일 또는 다양한 입장을 가진 사람들의 의견을 조율하여 협의를 이끌어 낸 경험 등을 서술해 주십시오. (600자 이내)
101,4,"지금까지 살면서 대가를 바라지 않고 귀하가 속한 사회(학교, 조직, 지역사회 등)를 더 좋게 만들기 위해서 공헌한 점이 있다면 구체적으로 서술해 주십시오.(600자 이내)"
102,4,지원 직무 관련 경험 또는 리더십을 발휘하여 주어진 성과를 달성한 경험에 대해 기술해주시기 바랍니다.
103,4,본인이 주도적으로 팀을 이끌어 목표에 도전해 본 경험에 대해 설명해주세요
104,4,"공동의 목표 달성을 위한 협업 경험을 본인이 수행한 역할 중심으로 제시하고, 그 경험을 통해 무엇을 얻었는지 기술해 주십시오."
105,4,"본인이 소속된 조직(학교,동아리 등)에서 타인을 만족시키기 위해 본인이 맡은 역할 이상으로 노력했던 경험에 대하여 그렇게 노력한 이유와 행동, 결과를 포함하여 구체적으로 기술해 주시기 바랍니다."
106,4,본인에게 있어 ‘동료 또는 조직‘은 어떠한 의미가 있나요? 교원그룹에서 왜 이런 질문을 하였을 지에 대한 본인의 의견도 적어주세요
107,4,다른 사람들과 상호 협력하여 남다른 성과를 도출했던 구체적인 사례를 들어 주시고 그 과정에서 얻은 것에 대해 기술해 주시기 바랍니다.
108,4,본인이 주도적으로 팀을 이끌어 목표에 도전해본 경험에 대해 기술해주세요.
109,4,다른 사람들이 당연하게 여겨 의식하지 못했던 비효율적인 것에 대해 문제를 제기하여 해결한 경험에 대해 기술해주세요.
110,4,서로 다른 사고방식이나 환경을 가진 사람들과 과제를 수행하면서 팀워크를 형성하기 위해 노력했던 경험에 대해 기술해주세요.
111,4,다양한 Global(해외) 문화를 이해하고 수용했던 경험에 대해 작성해 주시기 바랍니다.
112,4,고객을 상대하며 고객만족을 위해 적극적으로 노력하였던 경험
113,4,"존중과 배려의 마인드로 타인에게 도움을 주었거나, 타인과의 협업을 통해 갈등 상황을 극복한 경험에 대해 서술하여 주십시오.(800자)"
114,4,3.? 타인과의 갈등을 원만하게 극복한 경험에 대해 기술해 주십시오. 550자
115,4,"조직(예 : 학교, 동아리, 가족 등)의 구성원으로서 갈등이 있었던 상황을 설명하고, 원인, 대처방안, 현재시점에서의 판단을 구체적으로 기술하시오.[ 500자 이상 700자 이내 ]"
116,4,3. 타인과의 관계 속에서 정서적으로 스트레스를 받은 경험이 있습니까? 스트레스를 관리하는 본인의 방법을 구체적인 사례를 기반으로 기술해주십시오. (900byte 이내)
117,4,사람들과 함께 일해 본 경험을 본인이 수행한 역할을 중심으로 들려주세요.
118,4,"공동의 목표를 달성하기 위해 타인과 협업했던 경험과 그 과정에서 본인이 수행한 역할, 그리고 해당 경험을 통해 얻은 것은 무엇인지 작성해 주세요. (최대 700자 입력가능)"
119,4,"조직(예 : 학교, 동아리, 가족 등)의 구성원으로서 갈등이 있었던 상황을 설명하고, 원인, 대처방안, 현재시점에서의 판단을 구체적으로 기술하시오"
120,4,"4. 학교, 동아리 등 소속 집단에서 공동의 성과창출을 위해 본인이 특별히 기여했던 경험과 성과 창출 과정에서 갈등 상황을 해결하기 위해 본인이 남다르게 기울였던 노력을 구체적으로 기술하여 주십시오."
121,4,"3. 본인이 경험한 단체생활 또는 조직생활 중 가장 열정적이고 헌신적이었던 활동에 대해 작성해주십시오. [활동의 이유, 결과 등]"
122,4,새로운 환경이나 조직에서 목표달성을 위해 타인과 소통 및 협력한 경험을 본인의 역할을 중심으로 기술해주십시오.
123,4,4. 서로에 대한 이해를 바탕으로 타인과 소통하고 협업했던 경험을 서술하여 주십시오.
124,4,나와 다른 사람(성격/연령/성별 등)과 협업했던 경험에 대해 기술해 주십시오.
125,4,"2. 자신의 생각이나 의견을 통해 상대방을 성공적으로 설득했던 경험을 상황, 행동, 결과 중심으로 구체적으로 기술하시오."
126,4,4. 직무수행을 통하여 문제해결능력을 발휘한 경험이 있으면 기술하시오.
127,4,"4. 공동의 목표 달성을 위한 협업 경험을 본인이 수행한 역할 중심으로 설명하고, 그 경험을 통해 무엇을 얻었는지 기술해 주십시오."
128,4,공동의 목표달성을 위해 상호신뢰와 소통을 바탕으로 협업을 진행한 사례에 대하여 자신의 역할과 기여 중심으로 소개해주세요.
129,4,"타인의 협력을 이끌어 내거나 타인을 주도적으로 도와서 공동의 목표를 달성했던 경험을 서술해주세요., 협업의 어려움과 극복 방법 또는 시너지 발휘를 위한 노력, 목표 달성 여부 및 본인의 기여도를 포함하여 구체적으로 기술)"
130,4,타인과의 갈등을 원만하게 극복한 경험에 대해 기술해 주십시오.
131,4,5. 봉사활동의 경험이 있다면 내용과 횟수(혹은 기간)를 적어 주십시오. (300자)
132,4,"가치관이 다른 구성원들과 협업했던 과정에서 본인의 역할은 무엇이었는지, 그 경험을 통해 어떤 역량이 향상되었는지 구체적으로 기술해 주십시오."
133,4,"어려운 일/과제가 주어졌을 때, 동료와 협업을 통해 새로운 가치를 창출한 경험을 구체적으로 기술하여 주십시오."
134,4,"지금까지 경험해본 단체활동(팀활동, 사회활동 포함) 중 가장 열심히 참여한 활동은 무엇이며, 그 안에서 나의 역할과 기억에 남는 성과는 무엇이었는지 구체적으로 기술하시오."
135,4,"단체 생활을 하면서 부당하다고 느꼈던 사례를 설명하고, 그 부당한 상황에서 본인은 어떠한 해결책을 제시하였는지 구체적인 사례를 통해 작성해 주십시오."
136,4,일상 또는 업무수행 등에서 공동의 성과 창출을 위해 타인과 협업했었던 사례를 제시하고 이를 달성하기 위해 본인이 어떠한 노력을 하였는지 기술하여 주시기 바랍니다.
137,4,직무 관련 경험 중 협업을 통해 성과를 낸 사례와 그 과정에서 본인이 기여한 부분을 서술해 주시기 바랍니다. (최대 800자 입력가능)
138,4,사회활동 및 대외활동에 대한 경험을 작성하시오.*
139,4,"학교나 직장 또는 기타 단체에서 문제 상황이 발생하였을 경우, 창조적이고 논리적인 사고를 통하여 이를 해결해 본 경험이 있으면 자세하게 기술하여 주십시오. (문제해결능력)"
140,4,본인이 속해있던 집단 또는 조직에서 구성원들과 협동하면서 우수한 결과를 얻었던 경험(또는 결과가 좋지 않았던 경험)과 그 과정에서 자신의 행동 및 노력 등을 구체적으로 기술하시오.
141,4,"낯선 환경, 위협적인 도전, 회의론, 무관심 등에도 불구하고 다른 이들과 함께 협업하여 업무 성과를 향상시킨 사례를 구체적으로 기술해주세요."
142,4,"커뮤니케이션을 잘하는 사람은 어떤 사람인지 간략히 정의하고, 커뮤니케이션 역량을 발휘했던 사례를 기술해주세요."
143,4,"혼자하기 어려운 일에서 다양한 자원 활용, 타인의 협력을 최대한 이끌어내며, Teamwork를 활용한 경험은?"
144,4,[인 성] 본인은 다른 사람들에게 어떤 사람이라고 평가받고 싶은지와 그 이유에 대하여 기술해 주시기 바랍니다. 다른 사람들과의 팀웍/협력/존중을 바탕으로 좋은 결과를 얻을 수 있었던 경험에 대해 기술해 주시기 바랍니다.
145,4,"공동의 목표를 달성하기 위해 다른 사람들과 힘을 합쳐 노력했던 경험을 구체적으로 기술하고, 그 경험을 통해 배운 점을 작성해 주세요."
146,4,"조직 또는 단체생활에서 겪었던 가장 큰 갈등 상황은 무엇이며, 이를 극복하기 위해 노력했던 경험을 구체적으로 기술하여 주십시오."
147,4,지금까지 살아오면서 어려운 상황에서도 약속과 원칙을 지켜 신뢰를 형성·유지했던 경험이 있으면 서술해 주십시오.
148,4,"제한된 자원(예: 인력, 시간, 비용 등)에도 불구하고 누군가와의 협상에서 성공적 결과를 이끌어냈던 경험이 있으면 서술해 주십시오."
149,4,그룹의 프로젝트 수행 과정에서 가진 책임감
150,4,"3. 단체생활에서 가장 대하기 어려웠던 리더(상사)가 어떤 유형이었는지, 어떻게 적극적으로 어려움을 해결해 나갔는지 본인의 경험을 서술해주세요. (600자 이하)"
151,4,"성장과정 및 학교시절(봉사활동, 연수, 여행경험)에 대하여 기술해 주십시오."
152,4,최근 3년 이내에 본인이 소속했던 조직에서 타인과 협업을 통해 성과를 창출한 사례를 구체적으로 작성하여 주시기 바랍니다.
153,4,본인이 속했던 조직에서 원칙이나 규율을 준수함으로써 타인의 신뢰를 얻었던 경험을 구체적으로 작성하여 주시기 바랍니다.
154,4,"(인성) 본인이 직면했던 최근 5년 이내의 상황 중 타인과 함께 적극적으로 소통하고 협력하면서 문제를 해결한 경험을 상세히 기재하고, 이를 해결하기 위해 어떤 노력을 기울였는지 기재해주십시오. 요약 답변(100자 이내)"
155,4,"본인이 속했던 조직 내에서 본인과 의견이나 생각이 다른 조직 구성원을 효과적으로 설득한 경험이 있다면 이를 상황-행동-결과 형식으로 작성해 주시고, 성공 요인이 무엇이었는지 기술해 주세요."
156,4,"모임이나 단체 생활 중 함께 활동(또는 업무)하기 힘들었던 사람이 있었다면 구체적인 사례를 들어 그 이유를 설명하고, 입사 후 유사한 성향의 사람과 함께 일하게 된다면 어떻게 대처할지 작성해 주세요."
157,4,"공동의 과업을 달성하는 과정에서 갈등이 있었던 상대를 설득하거나 갈등을 중재했던 경험을 설명하고 당시 상황, 본인이 사용했던 설득 방식, 그 결과를 중심으로 구체적으로 서술해주세요. (최대 800자 입력가능)"
158,4,본인이 다른 사람들과의 협력을 통해 이루어냈던 일 중 가장 기억에 남는 경험은 무엇이었는지 구체적으로 기술해 주십시오. (1000자)
159,4,"조직이나 단체 생활 중 다른 구성원들과 소통이 이루어지지 않아 어려움을 겪었던 경험을 소개하고, 당시 구성원과의 의사소통에 있어 보다 긍정적인 변화를 이끌기 위해 어떤 노력을 기울였는지, 그리고 그 결과는 어땠는지 기술하시오."
160,4,조직이나 팀에 속해 어떠한 목표를 달성하기 위해 새로운 아이디어를 제안하고 기획했던 사례를 기술해 주십시오.
161,4,공동의 목표를 위해 협업하는 과정에서 자신과 다른 의견을 가진 사람과 적극적인 의사소통을 통해 해결했던 경험이 있다면 구체적으로 기술해 주십시오.
162,4,타인과 그룹(팀)으로 활동했던 경험을 기술하고 그 안에서 본인의 역할과 해당 경험을 통해 본인의 어떤 부분이 성장했는지 함께 작성해 주세요. (필수
163,4,"부당하거나 불합리한 지시에 대한 대응 경험, 구성원과의 이견이 발생 시 이를 해결한 경험과 상대방을 설득하기 위한 자신만의 방식을 기술해 주시기 바랍니다."
164,4,목표를 달성하거나 문제를 해결하기 위하여 리더십 또는 창의력을 발휘했던 경험에 대해 기술하시오.(350~500자)
165,4,학교생활이나 대외활동 등 단체 활동에서 불편 사항 또는 문제점을 발견해 본 경험이 있나요? 어떤 문제였는지 그리고 어떻게 그 문제를 해결했는지 기재해 주세요.
166,4,그 동안의 경험 중 타인의 합당한 요구사항을 충족시키기 위해 노력했던 경험을 작성해주시기 바랍니다.
167,4,지금까지의 경험 중 2인 이상이 모여 공통의 목표를 달성했던 경험을 작성해 주십시오. 또한 목표달성의 결과를 얻을 수 있었던 요인과 본인의 역할에 대해 작성해 주십시오.
168,4,타인과의 협상 과정에서 서로 WIN-WIN하기 위한 방법은 무엇이라고 생각하는지 본인의 사례를 통해 설명해 주시기 바랍니다.
169,4,학업 이외에 사회활동 경험에 대해 기술해 주세요.
170,4,서로에 대한 이해를 바탕으로 타인과 소통하고 협업했던 경험을 작성해주세요.
171,4,"공동의 목표를 달성하기 위해 다른 사람들과 협업 했던 경험과 본인이 수행한 역할을 구체적으로 기술하고, 그 경험을 통해 배운 점을 작성해 주세요."
172,4,교내외 활동 및 경력
173,4,"직무 경력, 동아리 활동, 교육사항, 수상경력"
174,4,타인과 협업시 발생한 어려움에 대처한 경험을 구체적으로 언급하고 팀의 일원으로 목표달성을 위해 본인이 기여할 수 있는 방안에 대해 기술해 주세요.
175,4,팀단위의 프로젝트 경험 사례를 수행 역할이 드러나도록 기술해주세요.
176,4,"기존 관습을 극복하고, 새로운 방식을 도입했던 경험과 동료(친구)와 의견충돌이 있었을 때 이를 극복했던 경험에 대해 작성해 주십시오."
177,4,살면서 가장 소속감을 가졌던 조직(or커뮤니티)의 발전을 위해 열의를 다했던 경험과 이를 통해 어떤 것을 얻을 수 있었는지 기술해주세요. (카드사에서 조직이 중요한 이유?)
178,4,소속된 조직의 공동과업을 달성하는 과정에서 발생했던 어려움과 그 어려움을 극복하기 위해 기울인 노력에 대해 구체적인 사례를 바탕으로 기술해 주십시오.
179,4,"다른 사람들과 함께 협력했던 경험 중에 그 안에서 본인의 역할이 무엇이었으며, 어떠한 것들을 느꼈는지 서술하시오."
180,4,"자신의 생각이나 의견을 통해 상대방을 성공적으로 설득했던 경험을 상황, 행동, 결과 중심으로 구체적으로 기술하시오."
181,4,직무수행을 통하여 문제해결능력을 발휘한 경험이 있으면 기술하시오.
182,4,"팀을 이루어 공동의 목표를 달성하기 위해 노력했던 경험을 기술해 주십시오.i) 그 과정에서 본인의 역할은 무엇이었으며, 시간과 자원의 제약을 어떻게 극복했는지 기술해 주십시오."
183,4,여러 사람 앞에서 발표하거나 타인을 이해ㆍ설득 시켰던 경험을 기술해 주십시오.i) 효과적인 의견 전달을 위해 어떤 방법을 사용했는지 기술해 주십시오.
184,4,아래의 질문 중 하나를 선택하여 작성해주세요. 1) 구성원들이 주저하는 역할을 맡아 본인만의 목표를 세우고 달성하기 위해 노력한 경험이 있나요? 2) 본인과 생각 또는 가치관이 다른 구성원과 협업하여 성과를 달성한 경험이 있나요? 3) 더 나은 결과를 위해 구성원들과 다른 방향의 의견을 개진한 경험이 있나요?(800자)
185,4,본인이 주도적으로 팀을 이끌어 목표에 도전해 본 경험에 대해 설명해주세요.
186,4,"존중과 배려의 마인드로 타인에게 도움을 주었거나, 타인과의 협업을 통해 갈등 상황을 극복한 경험에 대해 서술하여 주십시오."
187,4,"[의사소통능력] 그 동안의 경험 중 타인과의 긴밀한 의사소통을 통해 비효율적 과정을 개선하거나, 문제를 사전에 방지했던 사례를 작성해 주시기 바랍니다. (500자 내외)"
188,4,[대인관계능력] 약속과 원칙을 지켜 신뢰를 형성/유지했던 경험에 대해 기술해 주시기 바랍니다. (500자 내외)
189,4,[조직이해능력] 지금까지 학교 및 여러 조직에서 생활을 해 오면서 조직생활에서 가장 중요한 부분이 무엇이라고 느꼈는지 경험을 중심으로 설명해 주십시오.
190,4,"개인의 성공을 위해 열정적으로 매사에 임하는 사람도 공동의 목표로 일을 할 때는 구성원간의 협력 및 역할 분담과 관련하여 때로는 수동적으로 변하고, 인간 관계에 문제가 생기기도 합니다. 해당 문제를 극복하는 본인만의 방안에 대해 기술하십시오."
191,4,소속된 집단에서 겪었던 갈등 상황과 그 갈등을 해결하기 위한 본인의 노력에 대하여 기술하시오. (600자 이내)
192,4,귀하가 생각하는 소통과 협력이란?
193,4,"다양한 배경 및 생각을 가진 사람들과 의견을 조율하여 문제를 해결한 과정에서 가장 중요하다고 생각하는 역량 2가지를 선정하고, 해당 역량을 발휘하여 목표를 달성한 경험 에 대해 구체적으로 서술해 주십시오. , 문제 해결을 위한 구체적 노력, 본인의 해결방법, 실제 결과 등)"
194,4,타인과 함께 공동의 목표를 위해 노력해본 경험이 있나요? 관련된 경험이 있다면 자세하게 작성해주세요.
195,4,팀이나 조직에서 다른 사람과 팀웍을 이루어 성과를 이뤄낸 경험에 대해 작성하여 주십시오
196,4,"팀 프로젝트 수행 중 예상하지 못한 문제가 발생하였지만 책임감을 가지고 팀의 목적을 달성했던 경험을 작성하고, 당시 팀 내에서 본인의 역할과 노력은 무엇이었고 팀원들의 반응은 어떠하였는지 구체적으로 기술하여 주십시오."
197,4,하나의 목표를 달성하기 위해 타인과 함께 협력하여 합리적인 방안을 찾아 완수했던 경험을 서술하여 주십시오. (최대 800자 입력가능)
198,4,다양한 Global(해외) 문화를 이해하고 수용했던 경험에 대해 작성해 주시기 바랍니다. /행동의 결과가 잘 드러날 수 있게 작성)
199,4,"여러 사람과 협동해서 하는 일에 가장 크게 기여한 경험에 대해 써 주십시오. 자신이 맡았던 역할, 실제 기여한 점, 주위 사람을 배려한 점, 결과를 구체적으로 작성바랍니다."
200,4,"공동의 목표를 달성하기 위해 다른 사람들과 힘을 합쳐 노력했던 경험을 구체적으로 기술하고, 그 경험을 통해 배운 점을 작성해 주세요"
201,4,팀워크를 발휘하여 공동의 목표에 기여한 경험에 대해 기술하시오. (500자)
202,4,(직업기초능력: 의사소통) 팀원으로서 과업을 수행할 때 팀장을 포함한 구성원들과 의사소통하는데 가장 중요한 것은 무엇이라고 생각하는지 본인의 경험을 기반으로 아래 순서에 따라 기술해 주십시오 ① 의사소통을 위해 가장 중요한 것과 그 이유 기술 ② 당시 귀하의 역할과 주로 어떤 의사소통을 하였는지 기술 ③ 의사소통을 위해 사용한 방법과 그 방법을 선택한 이유에 대해 기술
203,4,(직업기초능력: 대인관계) 단체생활 중 다른 사람과 갈등이 발생되는 주된 원인은 무엇이라고 생각하는지 본인의 경험을 기반으로 아래 순서에 따라 기술해 주십시오 ① 갈등이 발생되는 주된 원인 기술 ② 당시 상황과 갈등 해결을 위해 노력한 점 기술 ③ 그 이후 동일한 원인으로 갈등이 발생되지 않도록 본인의 대인관계에 어떻게 적용하고 있는지 기술
204,4,"협업을 통해 좋은 성과를 달성했던 사례와, 실패했던 사례를 한가지씩 말씀해주십시오. 각 경험에서 가장 어려웠던 점과 이를 통해 얻은 것을 함께 기술해주십시오."
205,4,혼자서 하기 힘든 일을 타인과 협력하여 성공적인 결과를 이루어낸 경험에 대해 소개하여 주십시오.
206,4,다른 사람과 협력하여 일을 해낸 경험이 있는가.
207,4,팀워크를 발휘하여 공동의 목표 달성에 기여한 경험을 본인이 수행한 역할 및 구체적인 행동 중심으로 서술해 주십시오. - 소속 집단(동료)와의 관계 및 본인의 역할 / 구성원의 참여도 및 의견 차이 / 대응 및 협조를 이끌어 내기 위한 본인의 노력 / 결과 및 본인의 기여도 등이 잘 드러나도록 기술
208,4,"혼자 하기 어려운 일에서 다양한 자원 활용, 타인의 협력을 최대한으로 이끌어 내며, Teamwork를 발휘하여 공동의 목표 달성에 기여한 경험에 대해 서술해 주십시오."
209,4,"지원 직무 수행에 필요한 전문 역량을 키우는 과정에서 타인의 협력을 최대한으로 이끌어 내며, Teamwork를 발휘해 공동의 목표 달성에 기여한 경험에 대해 작성하여 주십시오. ① 관련 경험 - 관련 경험 및 수행 기간 - 직무 역량과 관련 있는 객관적 증빙 가능한 경험 작성"
210,4,교내외 활동 및 특기사항
211,4,팀을 구성해 공동의 목표를 추진해 본 경험에 대하여 기술해 주시기 바랍니다.
212,4,본인이 생각하는 고객의 정의와 고객을 상대하며 고객만족을 위해 적극적으로 노력하였던 경험을 기술해 주시기 바랍니다.
213,4,"타인과의 협력을 통해 공동의 목표를 달성했던 가장 대표적인 경험에 대해 아래의 세부 질문에 따라 구체적으로 작성해 주십시오. 각자의 역할을 기술하고, 그렇게 역할을 분담한 이유는 무엇인지 작성해 주십시오"
214,4,"협력과정에서 발생한 의견차이를 어떻게 해결했는지 작성해 주십시오. 의견차이가 없었다면, 그 이유는 무엇이라고 생각하는지 작성해 주십시오"
215,4,"조직이나 단체 생활 중 다른 구성원들과 원활한 정보 공유나 소통이 이루어지지 않아 어려움을 경험한 적이 있습니까? 당시 상황을 간략하게 설명하고, 다른 구성원과의 의사소통에 있어 보다 긍정적인 변화를 이끌기 위해 어떠한 노력을 기울였으며, 이를 통해 깨달은 점이 무엇이었는지 기술해 주십시오. (500자 이내)"
216,4,학업 과제 수행이나 업무 수행 중에 본인이 협업하는 동료 혹은 본인에게 업무 지시를 하는 윗사람과 일하는 방식이 서로 달라 부딪혀 본 경험이 있습니까? 그러한 상황에서 본인은 어떻게 대처하였는지 기술해 주십시오. (500자 이내)
217,4,학교생활/사회 봉사 활동/연수 여행 경험
218,4,학교생활/사회봉사 활동/연수 여행 경험
219,4,"타인과 협업하거나 소통할 때, 본인이 세우는 두 가지 원칙에 대해 설명하고, 해당 원칙을 지키기 어려웠던 갈등사례에 대해 서술하시오."
220,4,"다양한 상황 고려 의사결정 내린 경험 1) 의사결정 내린 과정, 활용 자료 2) 의사결정 시 고려 대안, 최종 결정 근거"
221,4,"자신과 이견 가진 상대방과 협상, 모두 유리 최종안 도출 1) 서로 간 입장 차이, 합의안 도출 프로세스 2) 모두 이익 합의안, 도출 이유"
222,4,(성취 경험) 체계적인 제휴 전략으로 컨설팅 성공
223,4,(어려움을 겪었던 사례) 모든 이해관계자가 고려된 사회문제 해결 솔루션 개발
224,4,"농업 및 농촌, 또는 농업인이 처한 어려움에 대해 공감하고 고민했던 경험을 언급하고, 입행 후 본인이 가진 장점을 살려 농업 또는 농촌 발전에 기여할 수 있는 방안에 대하여 구체적으로 기술해 주십시오."
225,4,협업하는 과정에서 자신과 다른 의견을 가진 사람과 의사소통을 통해 문제를 해결했던 경험이 있다면 구체적으로 기술하시오. 경험이 없는 경우 어떻게 해결할지 기술하시오.
226,4,공동의 목표를 위해 협업하는 과정에서 본인으로 인해 갈등이 발생해 과업 수행에 어려움을 겪었던 경험을 기술해주십시오.
227,4,"본인이 참여한 팀 활동 중 가장 기억에 남는 사례를 기술해 주세요. 각 팀원들의 역할, 과정에서 의견조율 등 어려웠던 점과 그를 극복하기 위해 어떤 노력을 기울였는지 등을 포함해 구체적으로 작성하여 주시기 바랍니다.*"
228,4,"고교 졸업 이후, 모임이나 조직에서 남들과 다른 해결방법을 제안하고 실천하여 문제를 해결했던 경험에 대해 과정 및 결과를 포함하여 구체적으로 작성해 주십시오."
229,4,"모임이나 단체 생활 중 함께 활동(또는 업무)하기 힘들었던 사람에 대해 이유 및 관련 사례를 포함하여 설명하고, 입사 후 유사한 성향의 팀원을 만난다면 어떻게 대처할지 작성해 주십시오."
230,4,"‘리더십’이나 ‘팔로우십’을 발휘하여 조직이 어려움을 극복하고 성과를 이룬 경험에 대해 작성하고, 입사 후 어떤 리더십 또는 팔로우십을 통해 조직에 기여할 수 있을지 구체적으로 작성해 주십시오."
231,4,"혼자 하기 어려운 일에서 다양한 자원 활용, 타인의 협력을 최대한 이끌어내며, Teamwork를 발휘하여 공동의 목표 달성에 기여한 경험에 대해 작성해 주십시오."
232,4,주요 근무활동 (혹은 성취경험)
233,4,"평소 본인이 중요하게 생각하는 가치관이 드러나는 경험을 구체적으로 서술해 주시고, 입사 후 조직에서 해당 가치를 실현할 방안에 대해서도 논의해 주십시오."
234,4,사회활동 및 대외활동에 대한 경험을 작성하시오.
235,4,사회활동 경험 및 성격의 장단점
236,4,[혁신 능력] 모임이나 조직에서 남들과 다른 해결방법을 제안하고 실천하여 문제를 해결했던 경험에 대해 과정 및 결과를 포함하여 구체적으로 작성해 주십시오.
237,4,"[인성] 모임이나 단체 생활 중 함께 활동(또는 업무)하기 힘들었던 사람에 대해 이유 및 관련 사례를 포함하여 설명하고, 입사 후 유사한 성향의 팀원을 만난다면 어떻게 대처할지 작성해 주십시오"
238,4,"[리더십] ‘리더십’이나 ‘팔로우십’을 발휘하여 조직이 어려움을 극복하고 성과를 이룬 경험에 대해 작성하고, 입사 후 어떤 리더십 또는 팔로우십을 통해 조직에 기여할 수 있을지 구체적으로 작성해 주십시오"
239,4,팀워크를 발휘하여 공동의 목표 달성에 기여한 경험에 대해 기술하시오.
240,4,성격이 다른 조직구성원들과 소통과 협력을 통해서 공동의 목표를 달성한 경험에 대해 기술하여 주시기 바랍니다. (최대 700자 입력가능)
241,4,혼자서 하기 힘든 일을 타인과 협력하여 성공적인 결과를 이루어 낸 경험에 대해 소개하여 주십시오
242,4,사회적 책임감을 가지고 공동체에 변화를 일으키거나 선한 영향력을 전달하기 위해 노력했던 경험에 대해 아래 내용을 포함해 작성해 주시기 바랍니다.
243,4,"다른 사람들과의 협업을 통해 공동의 목표를 달성한 경험을 기술해 주세요. 협업을 이루는 과정, 본인의 역할과 기여도, 추진 과정에서 겪었던 어려움과 이를 극복하기 위한 방법, 협업의 결과가 잘 드러나도록 서술해 주세요"
244,4,"가시적 성과를 중시하는 A팀과 팀원간의 유대를 우선시하는 B팀이 있습니다. 두 팀 중 본인이 배치되어 일하고 싶은 팀과 그렇게 생각한 이유, 그리고 해당 팀의 구성원으로서 본인이 어떠한 역할을 할 수 있을 것인지에 대해 서술해 주세요."
245,4,"공동의 목표를 달성하기 위해 타인과 협업한 경험, 그 과정에서 발생한 문제점, 그리고 그 문제를 해결하는 과정에서 본인이 수행한 역할 및 협업의 결과를 서술하여 주십시오."
246,4,"커뮤니케이션/협업을 잘하는 사람은 어떤 사람인지 간략히 정의하고, 본인이 이러한 역량을 발휘했던 사례를 서술하시오."
247,4,"다른 사람을 배려하는 마음이 어느 정도라고 생각하는지, 그와 관련된 사례를 기술해 주십시오. ?- 언제, 어떤 상황이었습니까? ?- 그래서 귀하는 어떻게 행동했습니까? ?- 이 경험을 통해 배울 수 있었던 것은 무엇입니까?"
248,4,"단체 또는 팀에서 구성원과 갈등을 겪은 경험이 있다면 갈등의 상황 및 해결한 방법, 그 과정에서 배운 점에 대하여 작성해 주십시오."
249,4,"조직(사회 또는 학교)생활에서 업무(또는 과제)를 수행할 때, 본인의 업무(또는 과제) 추진 방식의 장ㆍ단점, 대인관계에서 상대방이 얘기하는 본인 성향의 장ㆍ단점을 사례를 들어서 기술하시오."
250,4,[직무경험] 다른 사람들과 함께 목표를 달성하기 위해 노력했던 경험에 대해 구체적으로 기술해 주십시오.
251,4,"[업무성실성] 본인이 세운 원칙, 또는 집단의 규정이나 절차 등을 준수하기 위해 노력했던 사례가 있다면 기술해 주십시오. 1. 원칙, 규정 혹은 절차 등을 지키기 위해 노력한 이유는 무엇이었으며, 얼마나 지속했습니까? 2. 원칙, 규정 혹은 절차 등을 지키는데 어떤 어려움이 있었으며, 어떻게 극복하여 지속하고 있습니까?"
252,4,[팀워크] 팀 목표를 달성하기 위해 팀원으로서 본인은 주로 어떤 노력을 하는지 최근 사례를 기반으로 기술해 주십시오. 1. 팀 목표는 무엇이었으며 본인은 어떤 역할을 수행했습니까? 2. 팀 목표달성을 위해 본인에게 주어진 역할 이외에 노력한 부분이 있다면 무엇이었습니까?
253,4,"본인의 성장과정에서 만들어진 자신의 장단점이 무엇인지 기술하고, 그 장단점을 활용해 팀 또는 조직의 이익에 어떤 도움이 되었는지 사례를 들어 설명하시오."
254,4,"본인이 사회적 책임을 가지고 타인, 공동체 또는 사회의 공익에 기여했던 경험을 기술하고, 이를 통해 느낀 점을 작성하시오."
255,4,대화를 통해 동료를 이해하고 구성원과의 화합을 이끌어낸 경험을 서술
256,4,사회경험/학교생활/취미에서 주인의식을 갖고 문제를 해결하고자 최선을 다한 경험
257,4,"본인에게 있어 '동료 또는 조직'은 어떠한 의미가 있나요? 교원그룹에서 왜 이런 질문을 하였을 지에 대한 본인의 의견도 적어주세요. (최대 1,000자 입력가능)"
258,4,"조직의 이익을 위해 남들이 꺼리는 일을 자발적으로 수행한 경험에 대해 서술하여 주십시오,"
259,4,회계 교과목 담당 교육조교 활동(교내 기관)
260,4,교내 학생들 대상 멘토링 프로그램 진행
261,4,나는 친구들 사이에서 어떤 역할을 주로 담당하는가?
262,4,"공동의 목표를 달성하기 위해 다른 사람들과 힘을 합쳐 노력했던 경험을 구체적으로 기술하고, 그 경험을 통해 배운 점을 기술하여 주십시오."
263,4,협력적소통 : '내 일'이 아닌 '우리 일'을 성공적으로 수행하기 위해 노력하고 성취한 경험에 대해 구체적으로 기술해주세요.
264,4,타인과의 이해관계가 상충했을 때 상대방을 설득하여 좋은 결과를 이끌어 냈던 경험을 기술하시오.
265,4,팀워크 및 협업을 통해 공동의 목표를 달성한 경험을 구체적으로 기술해주세요
266,4,팀을 이뤄 협업을 하면서 성과를 이뤘던 경험을 적어주세요. 자신이 어떤 역할로 팀에 기여했고 어떤 교훈을 얻었는지를 포함해 주세요.
267,4,"본인이 소속된 조직(학과, 인턴, 동아리, 프로젝트 등)의 목표를 달성하기 위해 노력했던 경험을 아래 항목에 따라 기술해 주시기 바랍니다. 1-1. 소속된 조직의 목표 성과, 문화, 비전 등을 이해하고, 수용하기 위해 노력한 행동에 대해 기술 1-2. 소속된 조직에서 본인의 역할(업무, 책임 등)을 완수하기 위해 전문성, 역량, 장점 등을 발휘한 사례에 대해 기술"
268,4,타인과 함께 일을 할 때 드러나는 본인의 장점과 단점에 대해 사례를 들어 서술하여 주십시오.
269,4,공동의 목표를 달성하기 위하여 노력하였던 점과 목표 달성에 어떤 영향을 주었는지 기재해 주세요.
270,4,개인이 아닌 단체 활동(또는 프로젝트 등)의 구성원으로서 주변인과의 갈등관계를 해결한 경험과 이를 해결하기 위하여 지원자께서는 어떠한 노력을 기울이셨는지 작성하여 주시기 바랍니다.
271,4,"여러사람과 함께 문제를 해결하면서 팀워크 형성과 협업을 위해 노력한 경험을 구체적으로 설명하고, 그 과정에서 본인이 배운 점을 기술해 주시기 바랍니다. * 최근 사례를 기반으로 기술하고, 해당 경험 및 배운 점 등을 구체적으로 작성 ( 500자 이내 , 띄어쓰기 제외)"
272,4,"본인이 생각하는 다양성(Diversity)에 대해 정의해주세요. 이를 토대로 본인이 경험한 타인과의 갈등상황 한가지를 소개하고, 어떻게 대처했는지를 구체적으로 설명해주세요."
273,4,학교생활/사회봉사활동/연수경험 (1500자 이내)
274,4,"주위 사람들은 이를 어떻게 평가하였으며, 이를 통해 배운 점은 무엇입니까? (400자 이내)"
275,4,"본인의 생각을 논리적으로 전개하여, 타인을 설득하신 경험을 다음 항목에 따라 구체적으로 작성하여 주십시오. 3-1. 다른 구성원들과 견해 차이와 그 원인은 무엇이었습니까? (200자 이내)"
276,4,해당 의사소통과정에서 가장 중요했던 점은 무엇이었습니까? 이후 협의과정은 어떻게 진행이 되었습니까? (400자 이내)
277,4,단체 생활 중 발생한 문제 상황을 개선하거나 해결한 경험에 대해서 구체적으로 작성해주세요.
278,4,조직·단체 생활에서 다른 구성원들과 원활한 정보 공유나 소통을 통해 긍정적 변화를 이끌어낸 경험에 대해 기술하시오.
279,4,사회활동: 기억에 남는 사회 활동을 기술해주세요. (800자)
280,4,"공동의 목표를 달성하기 위해 협업 했던 경험과 그 과정에서 본인의 역할은 무엇인지, 어떤 역량이 향상되었는지 기술해 주십시오."
281,4,"지금까지 특정 조직에서 Leader 역할을 수행한 경험이 있다면 어떠한 점을 배울 수 있었는지, 그리고 본인이 생각하는 좋은 리더십이란 어떠한 것인지 설명하십시오."
282,4,본인의 사회성과 적극성 (실제 사례 중심)
283,4,"다수의 사람들과의 생활에서 갈등상황을 해결하거나, 팀워크를 발휘하여 성과를 창출했던 경험을 서술해 주십시오."
284,4,본인이 속해있던 집단 또는 조직에서 구성원들과 협동하면서 우수한 결과를 얻었던 경험(또는 결과가 좋지 않았던 경험)과 그 과정에서 자신의 행동 및 노력 등을 구체적으로 기술하시오. (500자~600자)
285,4,"업무, 과제 등을 추진하면서 관련된 이해관계자들과 관계를 원활하게 유지하여 좋은 성과를 이끌어냈던 경험이나 사례에 대해 구체적으로 기술하여 주십시오."
286,4,소속조직 / 본인이 맡은 주요 역할(직급) / 주요 활동내용 및 성과
287,4,성과로 인한 조직 기여 내용 및 기여 정도
288,4,성장과정 및 지원동기
289,4,소속된 조직의 공동과업을 달성하는 과정에서 발생했던 어려움과 그 어려움을 극복하기 위해 기울인 노력에 대해 구체적인 사례를 바탕으로 기술해 주십시오. (700)
290,4,"팀웍/협력 (최소 1자, 최대 250자 입력가능)"
291,4,"동아리/사회봉사활동 (최소 1자, 최대 200자 입력가능)"
292,4,최근 5년 이내 다른 사람들이 지나치거나 묵인한 문제를 해결하기 위해 노력했던 경험에 대해 작성하여 주십시오. /700자 이내
293,4,다른 사람과 함께 일하면서 보람이 있었거나 힘들었던 경험을 기술하시오. (500자 이내)
294,4,"사회교외 활동(동아리, 연수, 여행 등)중 가장 기억에 남는 경험과 그 이유를 구체적으로 작성하여 주세요."
295,4,학교생활 및 특별활동
296,4,"솔선수범 - 관리, 감독 없이도 스스로 업무를 처리하며 남들이 꺼리는 업무나 궂은 일도 주도적으로 나서서 해결한다(A,B 중 택 1) o A. 자신이 공동 목표 달성을 하는 과정에서 솔선수범하는 사람임을 입증할 수 있는 사례(경험)와 그 근거를 구체적으로 작성해주시기 바랍니다. o B. 소속 조직을 위해 주도적으로 나서서 문제를 해결하기 위해 노력했던 경험에 대해 구체적으로 작성해 주시기 바랍니다."
297,4,"자기통제력 - 대인관계, 과도한 업무 양, 고난과 외압 등의 스트레스가 주어져도 자기감정을 조절하며 업무를 수행하고 중심을 유지한다. (A,B 중 택 1) o A. 자신이 스트레스 상황에서도 자신의 감정을 잘 다스리는 사람임을 입증할 수 있는 사례(경험)와 그 근거를 구체적으로 작성해주시기 바랍니다. o B. 최근 3년 이내 스트레스 상황에서 효과적으로 대처했던 경험에 대해 구체적으로 작성해 주시기 바랍니다."
298,4,본인에게 있어 '동료 또는 조직'은 어떤 의미가 있나요? 교원그룹에서 왜 이런 질문을 하였을지에 대한 본인의 의견도 적어주세요.
299,4,"단체활동을 하며 겪었던 갈등과 이를 극복한 경험에 대해, 갈등의 이유와 극복요인을 포함하여 구체적으로 기술하여 주시기 바랍니다."
300,4,"본인이 속한 공동체의 구성원 간 의견이 달랐을 때, 이를 해결하기 위해 어떤 역할과 노력을 하였는지 구체적으로 기술하여 주십시오."
301,4,조직 또는 팀의 목표를 이해하고 이를 달성하기 위해 노력했던 경험을 다음의 세부항목에 따라 작성해 주십시오. 2-1. [Situation&Task] 해당 조직의 성격과 당시 자신의 역할에 대해 간단히 작성해 주십시오.
302,4,조직 또는 팀의 목표를 이해하고 이를 달성하기 위해 노력했던 경험을 다음의 세부항목에 따라 작성해 주십시오. 2-2. [Action&Result] 조직의 목표달성을 위해 귀하가 노력하였던 점과 그에 따라 조직이 달라졌던 부분을 구체적으로 제시해 주십시오.
303,4,"함께 일하고 싶지 않은 사람의 유형에 대해 설명하고, 만약 부득이하게 같이 일하게 되었을 때는 어떻게 할 것 인지에 대하여 기술해 주십시오."
304,4,"학교나 직장 또는 기타 단체에서 어떤 문제 상황이 발생하였을 경우, 창조적이고 논리적인 사고를 통하여 이를 해결해 본 경험이 있으면 자세하게 작성해 주십시오. 최대 800이하"
305,4,"교내외 수업, 프로젝트 등의 활동(최근 5년 이내)에서 어려운 기술적인 문제를 해결한 경험에 대해 기술바랍니다."
306,4,"학교생활 및 사회봉사활동, 연수여행경험"
307,4,혼자서 하기 힘든 일을 타인과 협력하여 시도해본 경험에 대해 구체적으로 소개해 주세요.
308,4,"지원자가 동료와 협력하여 성취한 일 중에서 가장 기억에 남는 일과, 그것을 성취하기 위해 어떠한 노력을 하였고, 이를 통해 느낀 점은 무엇인지 기술하여 주십시오."
309,4,"동화의 주요가치(자율, 협업, 변혁, 윤리, 안전)를 실천한 경험을 설명해주십시오."
310,4,"동화의 주요가치(자율, 협업, 변혁, 윤리, 안전)를 실천한 경험을 설명해주십시오. [변혁] 고객 중심적 관점에서 대담한 목표를 설정하고, 새로운 관점과 방식으로 접근하여 문제를 해결하였거나, 의미 있는 실패를 통해 학습 하였던 경험을 서술해주십시오."
311,4,"타인과 함께 협동하여 문제를 해결한 경험과 그 과정에서 본인의 역할, 갈등, 극복을 위한 노력 등을 기술하시오."
312,4,조직의 이익을 위해 남들이 꺼리는 일을 자발적으로 수행한 경험에 대해 서술하여 주십시오. (최대 500자 입력가능)
313,4,"본인이 속했던 조직에서 불합리하거나 불필요하다고 생각했던 제도(관습, 관행 등)가 있었다면 그렇게 생각한 이유를 설명하고, 제도 개선을 위해 본인이 기울인 노력과 개선 이후 효과를 기술해 주세요."
314,4,본인의 노력으로 타인과의 갈등을 해결한 경험을 바탕으로 갈등 해결 또는 사전 방지를 위해 가장 중요한 요소는 무엇이라고 생각하는지 기술해 주세요.
315,4,"팀을 이루어 공동의 목표를 달성하기 위해 노력했던 경험을 기술해 주십시오. (300자 이내 작성) 3-1) 그 과정에서 본인의 역할은 무엇이었으며, 시간과 자원의 제약을 어떻게 극복했는지 기술해 주십시오. (300자 이내 작성)"
316,4,여러 사람 앞에서 발표하거나 타인을 이해설득시켰던 경험을 기술해 주십시오. (300자 이내 작성) 4-1) 효과적인 의견 전달을 위해 어떤 방법을 사용했는지 기술해 주십시오. (300자 이내 작성)
317,4,"소속된 집단내 가장 어려웠던 갈등상황은 무엇이며, 이를 극복하기 위해 어떠한 노력을 기울였는지 기술해 주십시오."
318,4,"학창시절 혹은 사회생활 도중 가장 중점적으로 해온 활동은 무엇이며, 그 활동이 성균관대학교 교직원 업무를 수행하는데 어떻게 기여할 수 있는지 기술해 주십시오."
319,4,"타인과의 협업 과정에서 나타나는 본인의 장점 및 단점, 단점을 극복하기 위한 노력 등을 사례를 통해 구체적으로 작성해주세요."
320,4,"협업능력 (적극성, 협력성, 문제해결능력)"
321,4,"공동의 목표달성을 위하여 협력했던 경험을 설명하고, 본인의 역할과 노력을 기술해 주십시오."
322,4,본인에게 있어 '동료 또는 조직'은 어떠한 의미가 있나요? 교원그룹에서 왜 이런 질문을 하였을 지에 대한 본인의 의견도 적어주세요.
323,4,"동료(친구) 등과 입장차이로 대립했던 경험에 대해 아래 ''가)'', ''나)''의 내용에 맞춰 기술해 주시기 바랍니다. 가) 당시 갈등상황에 대해서 간략히 기술 나) 본인이 갈등상황을 어떻게 대처하였는지를 구체적으로 기술 (500자)"
324,4,"(업무성실성) 본인이 세운 원칙, 또는 집단의 규정이나 절차 등을 준수하기 위해 노력했던 사례가 있다면 기술해 주십시오. [500자 이내] ① 원칙, 규정 혹은 절차 등을 지키기 위해 노력한 이유는 무엇이었으며, 얼마나 지속했습니까? ② 원칙, 규정 혹은 절차 등을 지키는데 어떤 어려움이 있었으며, 어떻게 극복하여 지속하고 있습니까?"
325,4,(팀워크) 팀 목표를 달성하기 위해 팀원으로서 본인은 주로 어떤 노력을 하였는지 최근 사례를 기반으로 기술해 주십시오. [500자 이내] ① 팀 목표는 무엇이었으며 본인은 어떤 역할을 수행했습니까? ② 팀 목표달성을 위해 본인에게 주어진 역할 이외에 노력한 부분이 있다면 무엇이었습니까?
326,4,지원자 본인이 자신의 소속 집단뿐만 아니라 주변 사람/집단까지 고려하고 배려하는 사람임을 가장 잘 나타내는 최근 5년 이내의 사례를 기술해 주시기 바랍니다.
327,4,동료와 좋은 관계를 유지하는 방법
328,4,단체 생활 중 생긴 문제와 해결
329,4,"지금까지 본인이 팀웍을 이루어 일을 해결하거나, 리더로서 팀을 이끌어본 경험에 대해 요약 기술하시오."
330,4,"직장, 학교, 단체 등의 조직에서 성공적으로 협업한 사례를 구체적으로 작성하여 주십시오. (500자 이내)"
331,4,"다른 사람들과 함께 일을 했던 경험에 대해 설명하고, 그 경험 속에서 팀워크 형성과 협업을 이루기 위해 구체적으로 어떠한 노력을 하였는지 서술해 주십시오. (대인관계능력)"
332,4,"어떠한 일을 진행할 때, 원칙 준수와 일의 효율성 사이에서 갈등했던 경험에 대해 서술하고, 갈등 해결을 위해 구체적으로 어떠한 노력을 하였는지 서술해 주십시오. (직업윤리)"
333,4,"본인의 학교생활, 동아리, 동호회 등 조직 내 일원으로서 동료들과 협력하여 어려움을 극복하고 성과를 달성하기 위해 노력했던 경험에 대해 기술해 주시기 바랍니다. ㆍ본인이 수행한 업무가 무엇이며 왜 그러한 업무를 맡게 되었습니까? ㆍ사람들과 함께 일을 처리해나가면서 그 사람들과의 긍정적 관계 구축을 위해 추가적으로 기울인 노력과 그 결과에 대해 기술해 주시기 바랍니다."
334,4,기본적인 예의나 규칙을 준수하여 문제나 갈등을 비교적 쉽게 해결했던 경험을 작성해 주십시오.(400-800byte)
335,4,"[직업윤리] 어떠한 일을 진행할 때, 원칙 준수와 일의 효율성 사이에서 갈등했던 경험에 대해 서술하고, 갈등 해결을 위해 구체적으로 어떠한 노력을 하였는지 서술해주십시오."
336,4,"[대인관계능력] 다른 사람들과 함께 일을 했던 경험에 대해 설명하고, 그 경험 속에서 팀워크 형성과 협업을 이루기 위해 구체적으로 어떠한 노력을 하였는지 서술해주십시오."
337,4,다른 사람에게 의사를 전달하기 위해 본인이 가지고 있는 효과적인 방법에 대해 경험을 바탕으로 기술하여 주시기 바랍니다.
338,4,"조직생활 중 다른 구성원들과의 갈등으로 어려움에 부딪힌 경험에 대해 간략히 설명하고, 긍정적인 변화를 이끌기 위해 본인이 기울인 노력과 그 결과에 대해 기술해 주십시오."
339,4,팀의 막내 또는 신입으로서 다른 팀원들과 좋은 관계를 맺어 팀에 빨리 적응했던 경험을 작성해 주십시오.
340,4,자신의 생각/의견을 상대방에게 성공적으로 설득했던 경험을 상황-행동-결과 중심으로 기술하십시오.
341,4,활동했던 조직/단체에서 타인과 갈등이 발생했을 때 효과적으로 해결한 경험을 상황- 행동-결과 중심으로 기술하십시오.
342,4,(NCS 직업기초: 의사소통능력) 다른 사람의 잘못이나 부족한 부분에 대해 피드백 했던 사례를 기술해 주십시오. ① 잘못이나 부족한 부분을 이야기해야 했던 상황과 이유에 대해서 기술해 주십시오. ② 해당 내용을 전달하기 위해 사용한 방법과 그 방법을 선택한 이유에 대해서 기술해 주십시오(0 / 500 자이내)
343,4,(NCS 직업기초: 대인관계능력) 평소에 관계를 잘 하고 있어서 도움을 받을 수 있었던 사례를 기술해 주십시오. ① 평소 좋은 관계를 유지하기 위해 어떠한 노력을 했는지 기술해 주십시오. ② 도움을 받을 수 있었던 구체적인 상황과 이유를 기술해 주십시오. (0 / 500 자이내)
344,4,"(대인관계능력) 업무 수행 중 동료 또는 고객과의 관계에서 어려움을 겪었을 때 자신이 가장 중요하게 생각하는 것은 무엇이며, 이를 바탕으로 어떻게 문제를 해결했는지 구체적으로 기술하시오."
345,4,[직무경험] 다른 사람들과 함께 목표를 달성하기 위해 노력했던 경험에 대해 구체적으로 기술해 주십시오. 800
346,4,"혼자 하기 어려운 일에서 다양한 자원 활용, 타인의 협력을 최대한으로 이끌어 내며, Teamwork를 발휘하여 공동의 목표 달성에 기여한 경험에 대해 서술해 주십시오. 및 역할/혼자 하기 어렵다고 판단한 이유/목표 설정 과정/자원(예. 사람, 자료 등) 활용 계획 및 행동/구성원들의 참여도 및 의견 차이/그에 대한 대응 및 협조를 이끌어 내기 위한 구체적 행동/목표 달성 정도 및 본인의 기여도/경험의 진실성을 증명할 수 있는 근거가 잘 드러나도록 기술) (1000 자 10 단락 이내)"
347,4,"가치관이 다른 사람과 함께 일할 때 본인이 생각하는 가장 중요한 것은 무엇이며, 그 이유와 관련된 사례를 약술하십시오."
348,4,약속과 원칙을 지켜 신뢰를 형성/유지했던 경험에 대해 기술해 주세요.
349,4,"다른 사람이 업무를 수행하면서 규정을 지나치게 남용하거나 악용하는 것을 목격했던 경험에 대해 기술하십시오. 6-1. 구체적으로 언제, 어떤 상황이었습니까? 현재 23 Bytes / 200 Bytes 이내"
350,4,사회적 약자를 배려하거나 도움을 준 경험에 대해 기술해 주십시오. 계기는 무엇이며 이후 달라진 점은 무엇인지 함께 기술해 주십시오.
351,4,"[대인관계능력] 하나의 조직(2인 이상) 속에서 공동의 목표를 이루기 위해 노력했던 경험에 대해 서술해 주시기 바랍니다. 그 과정에서 지원자의 역할과 협력을 서술하고, 이러한 경험을 통하여 조직 속에서 협력하기 위해 중요하다고 생각되는 바를 서술해 주시기 바랍니다."
352,4,"[의사소통능력] 지원자가 속해 있는 조직 안에서 지원자와 생각이 다른 구성원을 효과적으로 설득하였거나, 합의를 이끌어 냈던 경험을 상황, 행동, 결과 중심으로 기술하여 주시기 바랍니다."
353,4,본인이 경험한 갈등 상황과 해결방안 사례를 기술해 주십시오. (최대 600자 입력가능)
354,4,주요경력 및 업무경험 등
355,4,팀워크를 위해 필요한 태도나 역량은 무엇입니까?(최소 200 최대 500)
356,4,"개방성, 과제 및 업무 수행 과정에서 구성원 간의 갈등을 중재하거나 과제 및 업무가 효율적으로 수행되도록 한 의사소통 경험과, 지원자가 생각하는 효과적인 의사소통 방법에 대해 기술해 주십시오."
357,4,"단체생활이나 팀 활동 시, 팀워크를 높이기 위해 행동하였던 적이 있다면 무엇을 했고, 어려웠던 점은 무엇이었으며 어떤 결과가 나왔는지 자세히 기술하여 주십시오."
358,4,"가정, 학교, 기타 사회생활 과정에서 타인과의 갈등이 발생했을 때 이를 해결하기 위해 노력하여 성공적인 결과를 얻었던 경험에 대해 기술하여 주시기 바랍니다."
359,4,"귀하가 소속한 조직이나 모임에서, 다른 사람이 당연히 인식하는 관행을 먼저 극복하여 변화를 주도한 경험을 소개하시오."
360,4,"자신이 속한 조직(학교, 동아리 등) 내에서 다른 구성원과 발생한 갈등이나 어려움을 해결한 경험이 있다면, 기술해 주시기 바랍니다. (400~700자)"
361,4,다양한 사람들과 함께 공통의 목표를 달성하기 위해 협력했던 경험에 대해 기술해주세요. 0 / 800자
362,4,"본인의 학교생활, 동아리, 동호회 등 조직 내 일원으로서 동료들과 협력하여 어려움을 극복하고 성과를 달성하기 위해 노력했던 경험에 대해 기술해 주시기 바랍니다. (500자 내외) - 본인이 수행한 업무가 무엇이며 왜 그러한 업무를 맡게 되었습니까? - 사람들과 함께 일을 처리해나가면서 그 사람들과의 긍정적 관계 구축을 위해 추가적으로 기울인 노력과 그 결과에 대해 기술해 주시기 바랍니다."
363,4,공동의 목표를 달성하기 위해 다른 사람들과 긴밀하게 소통하며 성공적으로 협업을 이루었던 사례에 대해 기술하십시오. (500자)
364,4,평소 다른 사람을 돕기 위해 꾸준히 노력하는 점과 그런 노력을 하게 된 계기를 작성해 주십시오.
365,4,본인의 역할이나 존재가 크게 드러나지 않는 상황에서 팀을 위해 자발적으로 노력한 경험을 구체적인 상황 및 이유와 함께 기술해 주십시오.
366,4,(의사소통능력) 조직 또는 팀의 공동 목표를 달성하는 과정에서 자신과 의견이 다른 사람과 갈등이 발생했던 사례를 작성하고 갈등을 해결하기 위해 상대방을 설득했던 구체적인 행동을 기술해 주십시오. (500자 이내)
367,4,"자신이 속한 조직(학교, 동아리 등) 내에서 다른 구성원과 발생한 갈등이나 어려움을 해결한 경험이 있다면, 기술해 주시기 바랍니다."
368,4,과제(업무) 수행시 구성원 간의 갈등을 해결하기 위해 노력했던 경험에 대해 기술해 주십시오 800
369,4,①도전적인 목표를 자율적으로 설정하고 최선의 노력을 다했던 경험 또는 ②여러 사람과 의견 조율하며 팀워크를 통해 문제를 해결했던 경험을 개인의 장단점과 연결하여 기술해 주시기 바랍니다.(택1)
370,4,과제(업무) 수행시 구성원 간의 갈등을 해결하기 위해 노력했던 경험에 대해 기술해 주십시오
371,4,"동료(친구) 등과 입장차이로 대립했던 경험에 대해 아래 ''가)'', ''나)''의 내용에 맞춰 기술해 주시기 바랍니다. 가) 당시 갈등상황에 대해서 간략히 기술 나) 본인이 갈등상황을 어떻게 대처하였는지를 구체적으로 기술"
372,4,지금까지 학교 또는 조직 생활에서 누군가와 함께 공동의 목표를 이루기 위해 노력했던 경험을 생각해 보시기 바랍니다. 그 목표를 이루기 위한 본인의 역할과 노력 그리고 그 결과는 어떠했는지 구체적으로 작성해 주시기 바랍니다.
373,4,"지원자 본인이, 자신의 소속 집단뿐만 아니라 주변 사람/집단까지 고려하고 배려하는 사람임을 가장 잘 나타내는 최근 5년 이내의 사례를 기술해 주시기 바랍니다."
374,4,"단체활동이나 팀프로젝트를 통해 성과를 달성한 사례에 관해 본인의 역할, 타 구성원과의 협력 내용, 힘든 상황을 극복했던 경험 등을 구체적으로 기술하시오. [1500바이트]"
375,4,"여러 사람들과 공통 목표를 수행하면서 구성원들의 적극적 참여를 이끌어내어 리더십을 발휘한 경험이 있다면 이야기해 주십시오. (200자 이상, 500자 이내)"
376,4,"집단 내·외 갈등 상황에서 소통능력을 발휘하여 문제를 해결했던 경험이 있다면 이야기해 주십시오. (200자 이상, 500자 이내)"
377,4,하나의 목표를 달성하기 위해 타인과 함께 협력하여 합리적인 방안을 찾아 완수했던 경험을 서술하여 주십시오.
378,4,가치관이나 신념이 다른 사람들과 함께 문제를 처리했던 일에 대해 기술해 주세요.
379,4,"다른 사람들과 함께 일을 했던 경험에 대해 설명하고, 팀의 목표를 달성하는 과정에서 팀원들과 의견 차이를 보였던 사례와 갈등을 해결하기 위해 기울인 노력과 방법, 결과를 구체적으로 서술해 주십시오. (300~600자)"
380,4,"다른 사람들과 함께 일을 했던 경험에 대해 설명하고, 팀의 목표를 달성하는 과정에서 팀원들과 의견 차이를 보였던 사례와 갈등을 해결하기 위해 기울인 노력과 방법, 결과를 구체적으로 서술해 주십시오. 600"
381,4,"자신이 생각하는 효과적인 의사소통 방법에 대해 기술하시오. 그러한 방법으로 의사소통을 한 사례, 상황 혹은 그러한 의사소통이 필요했던 상황 등을 구체적으로 기술하시오."
382,4,"귀하가 소속된 조직에서(회사, 학교, 기타 과외 활동) 주도적으로 새로운 것을 도입하거나 변화를 일으킨 것에 대하여 서술하시오. 다른 사람들에게 어떤 영향을 미쳤는지와 그것을 위해 공헌한 귀하의 특성은 무엇입니까?(500자)"
383,4,"귀하가 팀의 일원이었던 경험(회사,학교,기타 과외 활동) 중에서, 팀 내의 다른 일원과 있었던 갈등에 대하여 서술하시오. 그러한 갈등에 대하여 어떻게 대처하였으며, 그 결과는 어떠하였는지 서술하시오. (500자)"
384,4,본인이 속해있던 집단 또는 조직에서 구성원들과 협동하면서 우수한 결과를 얻었던 경험(또는 결과가 좋지 않았던 경험)과 그 과정에서 자신의 행동 및 노력 등을 구체적으로 기술하시오. 500-600
385,4,재학 또는 재직기간 동안 리더십을 발휘한 경험을 기술해 주십시오.
386,4,"조직(사회 또는 학교)생활에서 업무(또는 과제)를 수행할 때, 본인의 업무(또는 과제) 추진 방식의 장?단점, 대인관계에서 상대방이 얘기하는 본인 성향의 장?단점을 사례를 들어서 기술하시오."
387,4,"정직, 남을 위한 봉사, 규칙 준수 등 윤리적인 행동으로 좋은 결과를 얻었던 경험을 아래 세부 항목에 따라 구체적으로 작성해 주십시오. (800자)"
388,4,"집단(학교, 회사, 동아리, 동호회 등)의 원만한 화합, 또는 공동의 목표 달성을 위해 남들보다 더 많이 노력하고 헌신했던 경험을 아래 세부 항목에 따라 구체적으로 작성해 주십시오. (800자)"
389,4,단체에서 대화나 토론을 통해 상호 입장과 상황을 정확히 이해함으로써 건설적으로 문제를 해결해 본 경험에 대해 아래 세부 항목에 따라 작성해 주십시오. (800자)
390,4,"평소 잘 알지 못한 사람들과 함께 공동작업을 해서 좋은 성과를 낸 경험을 이야기해 주십시오. 당시 함께 공동작업을 하게 된 계기 및 배경에 대해 간략하게 기술하고, 그 작업에서 본인의 생각을 관철시킨 부분을 구체적으로 서술해주시기 바랍니다."
391,4,"소속된 조직(팀, 동아리 등)에서 문제가 발생하였을 때 그 조직이 기존에 사용하던 방식이 아닌 자신만의 방식으로 해결하였던 경험이 있습니까? 당시 상황을 간략하게 기술하고 기존 방식이 아닌 자신의 방식을 사용한 이유를 서술하여 주시기 바랍니다."
392,4,"학과, 동아리, 학회, 공모전, 인턴 등 본인이 새로운 팀(또는 조직)에 들어가서 적응해야 했던 경험에 대해 이야기해 주십시오. 당시 본인이 빠른 적응을 위해 구성원들 특성을 파악하려 노력한 행동이 있다면 구체적으로 서술해주시기 바랍니다."
393,4,"동아리, 인턴 등 본인의 사회경험에 대해 기술해 주십시오. (최대 700자 입력가능)"
394,4,직무관련 경험(주요 성과 중심) [
395,4,"팀 프로젝트를 했던 경험 중 달성하기 힘든 목표를 달성했던 경험이 있다면 그게 무엇이었고, 협업시 힘들었던 점과 달성하기 위해 본인이 어떠한 노력을 했는지 자세히 기술해 주십시오.[1000바이트]"
396,4,살면서 가장 소속감을 가졌던 조직(or커뮤니티)의 발전을 위해 열의를 다했던 경험과 이를 통해 어떤 것을 얻을 수 있었는지 기술해주세요. (1400byte 이내)
397,4,[직업윤리] 주변 사람을 돌본 경험(예: 봉사활동 등)에 대해 기술해 주십시오. (300자 이내) (300자)
398,4,[대인관계] 다른 사람의 충고나 피드백을 수용(또는 반영)해본 경험이 있습니까? 피드백의 주요 내용은 무엇이었으며 어떻게 반영했습니까? 반대로 받아들이기 어려운 충고나 피드백을 들었을 경우는 어떻게 대처했는지 기술해주십시오. (300자 이내)
399,4,"본인이 진행하던 프로젝트나 계획이 실패할 위험을 감수하고 타인을 적극적으로 도운 경험과 이를 통해 느낀 점에 대해 기술해 주십시오. 또한 이를 토대로 향후 우리은행에서 어떤 구성원이 되고 싶은지 작성하여 주십시오. 1150/1200 (바이트 수(2 byte), 공백 포함)"
400,4,"지원자가 속한 조직 또는 집단의 공동목표를 달성하는 과정 중에서, 시너지를 내기 위해 다른 구성원들과 구체적으로 어떻게 협력하였는지, 그로 인해 얻었던 성과 또는 새로운 접근방식은 무엇이었는지 기술하여 주십시오."
401,4,문제/과제를 수행하기 위해 다양한 데이터 및 정보를 효과적으로 수집하고 활용한 경험과 노하우에 대해 기술하여 주십시오.
402,4,"귀하가 속한 조직 또는 집단에서 구성원들과 갈등이 발생했을 때, 이를 극복했던 경험을 당시 상황, 본인이 한 행동, 특별히 노력한 점, 노력의 결과, 느낀점 등을 구체적으로 기술해주십시오."
403,4,기억에 남는 팀 활동과 팀 내 본인의 역할에 대해 기술하여 주시기 바랍니다.
404,4,단체 생활 중 어려웠던 것
405,4,조직 생활에서 리더십을 발휘했던 경험
406,4,의사소통 과정에서 발생한 오해를 풀기 위해 노력했던 경험에 관해 기술하여 주십시오.
407,4,구체적으로 어떤 일을 진행하고 있었습니까?[ 50자 이상 100자 이내 ]
408,4,타인과 협업하여 성과를 냈던 경험을 상황->자신의 역할->결과 순으로 쓰시오
409,4,공동의 목표를 달성하기 위하여 팀워크를 발휘한 경험에 대하여 기술하시오.
410,4,지원자께서 소속된 조직의 발전을 위해 공동체 의식을 가지고 노력한 경험에 대해 기술해 주시기 바랍니다.
411,4,타인과의 갈등을 원만하게 극복한 경험에 대해 기술해 주십시오. ( 0 / 1500 bytes )
412,4,"본인이 활동했던 조직 또는 단체에서 타인과 공동생활 중 갈등상황이 생겼을 때, 효과적으로 해결했던 경험에 대해 구체적으로 서술하시오."
413,4,공동의 목표를 위해 협업하는 과정에서 본인으로 인해 갈등이 발생해 과업 수행에 어려움을 겪었던 경험을 기술해주십시오. (500자 이내)
414,4,"본인이 속한 조직에서 비윤리적인 상황을 목격한 경험이 있다면 그 경험을 기술하고, 그 과정에서 어떻게 행동하였는지 구체적으로 기술하여 주시기 바랍니다.(300자 이상 500자 이내)"
415,4,다양한 구성원들과 협력하여 좋은 결과를 만들어낸 경험을 구체적으로 기술해 주십시오.
416,4,팀웍이 좋지 않아 목표했던 성과를 달성하지 못했던 경험을 구체적으로 기술해 주십시오.
417,4,해당 시도의 결과와 주위 반응 및 평가가 어떠하였는지 작성해 주십시오.
418,4,협업 과정에서 본인과 의견 차이를 보였던 견해는 어떤 것이 있었고 그 이유는 무엇이었는지 작성해 주십시오.
419,4,"상대방을 이해하고 설득하기 위해 어떤 노력을 하셨으며, 그 결과는 어떠했는지 작성해 주십시오."
420,4,"본인의 경험 중 다양한 배경, 생각을 가진 사람들과 협업하여 문제를 해결한 경험에 대해 기술해 주시기 바랍니다.(990자 / 1000자)"
421,4,조직 또는 팀의 구성원으로서 팀원간의 갈등을 해소하고 협력하는 분위기를 조성하였던 경험을 다음의 세부항목에 따라 작성해주십시오. 3-1. 당시 조직의 구성원 간의 갈등이 벌어졌던 상황에 대하여 작성해주십시오.
422,4,"구성원간의 갈등을 해소하기 위해 어떤 노력을 하였으며, 그에 따른 결과는 무엇이었는지 구체적으로 작성해주십시오."
423,4,공동의 목표(팀 플레이어)
424,4,"팀으로 협업하여 진행하는 과제(프로젝트)를 성공적으로 마친 경험은 무엇입니까? 그 일에서 귀하의 역할은 무엇이었으며, 어떠한 기여를 하였는지 구체적으로 기술해주시기 바랍니다."
425,4,자신의 생각이나 의견이 상대방에게 성공적으로 설득했던 경험을 상황ㆍ행동ㆍ결과 중심으로 구체적으로 기술하시오.
426,4,"혼자 하기 어려운 일에서 다양한 자원 활용, 타인의 협력을 최대한으로 이끌어 내며, Teamwork를 발휘하여 공동의 목표 달성에 기여한 경험에 대해 서술해 주십시오. 및 역할/ 혼자 하기 어렵다고 판단한 이유/ 목표 설정 과정/ 자원(예. 사람, 자료 등) 활용 계획 및 행동/ 구성원들의 참여도 및 의견 차이/ 그에 대한 대응 및 협조를 이끌어 내기 위한 구체적 행동/ 목표 달성 정도 및 본인의 기여도/ 경험의 진실성을 증명할 수 있는 근거가 잘 드러나도록 기술) (953/1000)"
427,4,"팀을 이루어 일 또는 과제를 수행할 때 본인이 주로 담당하는 역할은 무엇이며, 소극적으로 일하는 동료를 적극적으로 참여시키기 위한 본인의 노하우는 무엇인지 작성해 주십시오. [800] byte 이내"
428,4,본인이 주도적으로 팀을 이끌어 목표에 도전해본 경험에 대해 기술해주세요. (800자)
429,4,다양한 사람들과 함께 공통의 목표를 달성하기 위해 협력했던 경험에 대해 기술해주세요. (800자)
430,4,"본인이 속한 조직 또는 팀에서 발생한 갈등을 중재해 본 경험이 있습니까? 가) 중재자로서 귀하의 원칙이나 기준, 나) 당시 갈등 당사자들을 설득했던 방법을 포함하여 작성해 주십시오."
431,4,"본인이 사회적 책임을 가지고 타인, 공동체 또는 사회의 공익에 기여한 경험이 있습니까? 가) 기여하기 위한 실천사례와 나) 이를 통해 느낀 점을 작성해 주십시오."
432,4,조직 또는 팀의 목표를 이해하고 이를 달성하기 위해 노력했던 경험을 다음의 세부항목에 따라 작성해 주십시오. 1) [Situation&Task] 해당 조직의 성격과 당시 자신의 역할에 대해 간단히 작성해 주십시오.
433,4,조직 또는 팀의 목표를 이해하고 이를 달성하기 위해 노력했던 경험을 다음의 세부항목에 따라 작성해 주십시오. 2) [Action&Result] 조직의 목표달성을 위해 귀하가 노력하였던 점과 그에 따라 조직이 달라졌던 부분을 구체적으로 제시해 주십시오.
434,4,조직 또는 팀의 구성원으로서 팀원간의 갈등을 해소하고 협력하는 분위기를 조성하였던 경험을 다음의 세부항목에 따라 작성해 주십시오. 1) [Situation&Task] 당시 조직의 구성원간의 갈등이 벌어졌던 상황에 대해 간단히 작성해 주십시오.
435,4,"조직 또는 팀의 구성원으로서 팀원간의 갈등을 해소하고 협력하는 분위기를 조성하였던 경험을 다음의 세부항목에 따라 작성해 주십시오. 2) [Action&Result] 구성원간의 갈등을 해소하기 위해 어떤 노력을 하였으며, 그에 따른 결과는 무엇이었는지 구체적으로 제시해 주십시오."
436,4,"팀프로젝트, 단체생활 등 협력경험을 기술하시오"
437,4,공동의 목표를 달성하는 과정에서 구성원들의 자발적이고 적극적인 참여 또는 협력을 이끌어 냈던 대표적인 경험에 대하여 기술해 주십시오. (500자 이내)
438,4,집단 내 또는 집단 간의 갈등 상황에서 효과적인 소통능력을 발휘하여 문제 상황을 해결했던 경험에 대하여 기술해 주십시오. (500자 이내)
439,4,"타인과 협업했던 경험과 그 과정에서 본인은 어떠한 역할을 담당하였으며, 무엇을 느꼈는지 기술하시오."
440,4,"본인의 생각을 논리적으로 전개하여, 타인을 설득하신 경험을 다음 항목에 따라 구체적으로 작성하여 주십시오. 3-1. 다른 구성원들과의 견해 차이와 그 원인은 무엇이었습니까? (200자 이내)"
441,4,"자신의 고유한 아이디어를 가지고 문제를 해결하던 중 다른 사람과 의견 차이가 있어, 상대방을 설득하여 좋은 결과, 혹은 실패를 얻었던 경험을 다음 세부 항목에 따라 작성해 주십시오."
442,4,"본인의 대인관계에 대해 평가해 주시고, 여러 사람이 관계된 일을 수행할 때 상대방의 이익을 해치지 않고 목적을 달성한 사례를 기술해 주십시오. (500)"
443,4,과거 타인의 욕구나 기대사항을 반영하여 주도적으로 도움을 준 사례 및 입사 후 산단 입주기업 지원을 위한 본인의 이행 계획을 기술해 주십시오. (500)
444,4,"(직업기초능력 : 의사소통) 본인보다 나이나 경험이 아주 많은 사람에게 내 의견을 전달하고, 소통했던 경험을 아래 순서에 따라 기술해 주십시오. (가족 제외) ① 당시 의견 전달 및 소통해야 했던 상황과 이유에 대해 기술 ② 사용한 방법과 그 방법을 선택한 이유에 대해 기술 (0 / 600자 이내)"
445,4,"(직업기초능력 : 대인관계) 주변 지인과 원만하지 못한 관계를 회복하기 위해서 노력했던 사례를 아래 순서에 따라 기술해 주십시오.(가족 제외) ① 원만한 대인관계를 유지하기 위해 평소 견지하고 있는 원칙이나 좌우명을 기술 ② 주변 지인과의 평소 관계를 간단하게 기술하고, 그 사람과의 관계가 소홀해졌던 계기 또는 이유에 대해 기술 ③ 원만하지 못한 관계를 회복하기 위해 본인이 취한 노력 및 성과에 대해 기술 (0 / 600 자이내)"
446,4,(직업기초능력 : 공동체윤리) 지원자 개인의 편의와 공공의 이익 사이에서 고민했던 경험을 아래 순서에 따라 소개해 주십시오. ① 고민되었던 상황을 기술 ② 당시 대처 방안과 그 이유를 기술 (0 / 500 자이내)
447,4,"혼자 하기 어려운 일에서 다양한 자원 활용, 타인의 협력을 최대한으로 이끌어 내며, 팀워크를 발휘하여 공동의 목표 달성에 기여한 경험에 대해 서술해 주십시오."
448,4,상대방이 수용할 수 없는 사항을 요구할 때 적절한 대처로 해결하였던 경험에 대해 이야기해 주십시오.
449,4,소속된 팀이 다른 경쟁 팀들보다 뒤쳐지고 있는 상황에서 이를 극복하고 좋은 결과를 만들어냈던 경험에 대해 이야기해 주십시오.
450,4,"다소 불편하고 부적절하다고 생각했던 조직(팀, 학교 등)의 규칙이나 절차가 있었다면 이야기해 주시기 바랍니다."
451,4,의사소통 과정에서 발생하는 본인의 단점 한 가지를 관련 경험과 함께 기술하여 주십시오.
452,4,자신이 속한 팀이나 집단 전체의 목표를 달성하기 위해 행동했던 경험이 있다면 기술하여 주십시오.
453,4,의사소통 과정에서 발생한 오해를 풀기 위해 노력을 기울였던 경험에 대해 기술해주세 요. (500~1000자)
454,4,"본인이 속했던 조직(학교,단체,팀 등)이나 인간관계에서 부당하거나 불공평하다고 생각했던 사례나 경험을 1가지 들고, 그렇게 생각했던 이유와 그에 대해 본인은 어떻게 대응하였는지 서술하여 주십시오. (500자)"
455,4,타인과 협동하여 문제를 해결하는 과정에서 발생했던 갈등을 극복하기 위해 어떻게 노력했는지 기술하십시오.
456,4,"다른 구성원과 갈등이 있거나, 의견이 맞지 않는 상황이 있었을 때, 이를 어떻게 해결하셨는지 서술하십시오.(200자)"
457,4,"귀하가 속한 조직 또는 집단에서 구성원들과 갈등이 발생했을 때, 이를 극복했던 경험을 당시 상황, 본인이 한 행동, 특별히 노력한 점, 노력의 결과, 느낀점 등을 구체적으로 기술해주십시오.700자"
458,4,평소 다른 사람을 돕기 위해 꾸준히 노력하는 점과 그런 노력을 하게 된 계기를 작성해 주십시오 .
459,4,"본인이 속했던 조직(학교,단체,팀 등)이나 인간관계에서 부당하거나 불공평하다고 생각했던 사례나 경험을 1가지 들고, 그렇게 생각했던 이유와 그에 대해 본인은 어떻게 대응하였는지 서술하여 주십시오."
460,4,"기타사항(연수, 사회봉사활동)"
461,4,문제상황에 대한 해결 및 극복방법- 1) 업무 혹은 과제를 수행하는 중에 발생한 문제상황에 대한 주요내용 2) 문제상황 중 가장 우려되었던 부분과 극복방법 (최대글자수 800)
462,4,타인에게 영향력을 발휘하여 긍정적인 방향으로 상황을 변화시킨 경험이 있다면 자유롭게 기술하여 주십시오.
463,4,"본인이 소속된 조직(학과, 인턴, 동아리, 프로젝트 등)의 목표를 달성하기 위해 노력했던 경험을 아래 항목에 따라 기술해 주시기 바랍니다. (800-1000자)"
464,4,자신과 이견을 가진 상대방과 협상하여 모두에게 유리한 최종안을 도출했던 경험을 아래 항목에 따라 기술해 주시기 바랍니다.
465,4,"어떠한 일을 진행할 때, 원칙 준수와 일의 효율성 사이에서 갈등했던 경험에 대해 서술하고, 갈등 해결을 위해 구체적으로 어떠한 노력을 하였는지 기술하여 주십시오. (200자 이상 500자 이내)"
466,4,직무 또는 경험에서 책임감을 가지고 주도적으로 해결한 사례를 기술하시오
467,4,공동의 목표를 달성하기 위해 의견이 다른 구성원과 소통하여 성공적으로 협업을 이루었던 경험에 대해 기술해주십시오.
468,4,"최근 누군가와 함께 활동을 해서 좋은 결과를 얻었던 경험을 생각해 보시기 바랍니다. 공동의 목표가 무엇이었는지, 목표를 이루기 위한 본인의 역할과 노력, 결과에 대해 구체적으로 작성해 주시기 바랍니다."
469,4,어떤 업무를 처리하는 과정에서 다양한 상황들을 고려하여 의사결정을 내렸던 경험에 대해 아래 항목에 따라 기술해 주시기 바랍니다. [출처] 한국도로공사 채용형인턴 자기소개서 자소서 문항 20년 상반기 (~6/1)
470,4,그 일은 구체적으로 어떤 내용이었으며 귀하는 어떻게 그 일을 하게 되었습니까?
471,4,구체적으로 어떤 일을 진행하고 있었습니까?
472,4,팀의 성과를 달성하기 위해 협력한 경험과 이를 SK실트론 및 지원직무에 활용할 수 있는 방안을 서술하시오.
473,4,"타인의 신뢰를 얻어 일의 성과를 이룬 경험에 대해 신뢰를 얻은 과정 및 성과를 이루기까지 어려웠던 점과 해결방안, 성과를 중심으로 구체적으로 기술하여 주시기 바랍니다."
474,4,"팀워크/협력 (최소 1자, 최대 250자 입력가능)"
475,4,"팀원으로서 동료들과 협력하여 좋은 성과를 낸 경험에 대해 설명하고, 구체적으로 본인의 역할과 협력을 위해 노력했던 점을 함께 기술하여 주십시오. [ 200자 이상 500자 이내 ]"
476,4,"어떠한 일을 진행할 때, 원칙 준수와 일의 효율성 사이에서 갈등했던 경험에 대해 서술하고, 갈등 해결을 위해 구체적으로 어떠한 노력을 하였는지 기술하여 주십시오. [ 200자 이상 500자 이내 ]"
477,4,"팀 프로젝트 추진 시 갈등 또는 문제를 해결하기 위해 소통하고 협력했던 최근의 사례를 기술하여 주십시오. 본인의 역할, 행동, 주요 성과를 중심으로 작성해주시기 바라며, 성공 또는 실패 경험 모두 작성 가능합니다. (600 ~ 1200 Bytes)"
478,4,조직의 이익을 위해 남들이 꺼리는 일을 자발적으로 수행한 경험을 적어주세요
479,4,"귀하가 최근 3년 이내에 귀하가 속한 조직(팀, 동아리 등)을 위해 헌신적인 노력을 다한 경험과 그 경험을 통해 귀하가 얻은 것이 있다면 구체적으로 기술하여 주십시오."
480,4,[본인의 역할 (1)] 당 경험에서 본인의 주요 역할 (또는 사용기술) 및 실행 과정 작성 (200자 이내) - 예시 1) 신규 서비스의 고객 반응 조사 담당 : 실행 과정 작성 - 예시 2) 서비스 개발 담당 ) : 실행 과정 작성 ㅇ 구체적인 성과가 없거나 실패한 사례라도 과정 상의 노력 서술 가능
481,4,[본인의 역할 (2)] 당 경험에서 본인의 주요 역할 (또는 사용기술) 및 실행 과정 작성 (200자 이내) - 예시 1) 신규 서비스의 고객 반응 조사 담당 : 실행 과정 작성 - 예시 2) 서비스 개발 담당 ) : 실행 과정 작성 ㅇ 구체적인 성과가 없거나 실패한 사례라도 과정 상의 노력 서술 가능
482,4,조직의 이익을 위해 남들이 꺼리는 일을 자발적으로 수행한 경험에 대해 서술하여 주십시오.
483,4,학창시절 동료 및 선후배와 협업을 통해 성과를 창출했던 경험에 대해 구체적으로 기술해 주십시오. (최대 600자 입력가능)
484,4,협력을 통해 공동의 목표를 달성한 경험과 목표 달성의 과정에서 본인이 노력했던 내용을 구체적으로 기술해 주십시오.
485,4,"프로젝트 또는 과제를 총괄하여 관리했던 경험을 기술하고, 일정 및 자원 등의 관리과정을 구체적으로 기술하여 주십시오."
486,4,자신과는 입장이 다른 상대방을 배려하여 모두에게 좋은 결과를 이끌어냈다고 생각하는 경험에 대해 작성해 주십시오. 800byte 이내
487,4,"본인의 의사를 잘 전달하기 위해 어떠한 방법을 사용하는지 서술하고, 해당 방법을 통해 성공적으로 의견을 관철시킨 경험에 대해 작성해 주십시오."
488,4,"팀을 이루어 일 또는 과제를 수행할 때 본인이 주로 담당하는 역할은 무엇이며, 소극적으로 일하는 동료를 적극적으로 참여시키기 위한 본인의 노하우는 무엇인지 작성해 주십시오."
489,4,"프로젝트 또는 대외활동 중에서 갈등의 경험이 있다면, 그 갈등의 원인은 무엇이었고, 어떻게 해결했는지 기술하여 주십시오."
490,4,"회사, 동아리, 단체 등 귀하가 속했던 조직에서 당면했던 어려움 가운데 자신만의 시간, 자원 등을 활용하여 새로운 아이디어를 가지고 문제상황을 극복한 경험이 있다면 기술하여 주십시오."
491,4,격렬한 논의나 열띤 토론에 참여 또는 진행했던 자리에서 효과적인 소통으로 성공적으로 마무리했던 경험이 있다면 기술하여 주십시오.
492,4,"공동의 목표 달성을 위한 협업 경험을 본인이 수행한 역할 중심으로 설명하고, 그 경험을 통해 무엇을 얻었는지 기술해 주십시오. (최대 700자 입력가능)"
493,4,학업이나 직무수행시 상대방을 설득하는 과정에서 활용하고 있는 자신만의 의사표현 방법이나 설득방식을 기술하여 주십시오.
494,4,"[공통]가치관이나 신념이 다른 사람들과 함께 문제를 처리했던 일에 대해 기재해 주세요. (최대 1,000자 입력가능)"
495,4,조직의 경영방향과 본인의 의사가 배치될 때 합리적 갈등 해소방안과 본인의 역할은 무엇이라고 생각하는지 기술하시오.
496,4,"집단(학교, 회사, 동아리, 동호회 등)의 원만한 화합, 또는 공동의 목표 달성을 위해 남들보다 더 많이 노력하고 헌신했던 경험을 아래 세부 항목에 따라 구체적으로 작성해 주십시오. (800자 이내)3-1. 언제, 어디서 있었던 일이며, 당시 갈등 상황이나 목표는 무엇이었는지 기술해 주십시오. (200자 이내)"
497,4,"당신의 역할은 무엇이었으며, 집단의 화합 또는 목표 달성을 위해 구체적으로 어떤 노력을 하셨는지 기술해 주십시오. (400자 이내)"
498,4,"본인이 노력한 결과는 어떠하였고, 이 일이 집단 혹은 공동체에 미친 영향은 무엇인지 기술해 주십시오. (200자 이내)"
499,4,"단체(학교, 회사, 동아리, 동호회 등)에서 대화나 토론을 통해 상호 입장과 상황을 정확히 이해함으로써 건설적으로 문제를 해결해 본 경험에 대해 아래 세부 항목에 따라 작성해 주십시오. (800자 이내)5-1. 구성원들이 의견 차이를 보였던 견해에는 어떤 것들이 있었고 그 이유는 무엇인지, 그리고 본인의 입장은 어떠했는지 기술해 주십시오. (200자 이내)"
500,4,"상대방을 이해하기 위해 어떤 노력을 하셨는지, 상대방을 설득하기 위해 본인이 사용한 방법이 무엇이고 그 결과는 어떠했는지 기술해 주십시오. (400자 이내)"
501,4,팀 목표달성을 위해 타인과 협력했던 경험을 구체적으로 작성바랍니다. (한글 750자)
502,4,공동의 목표 달성을 위해 동료들과 협력하여 좋은 성과를 낸 경험이 있으면 소개해 주십시오. 그리고 구체적인 본인의 역할과 협력을 위해 본인이 노력했던 점을 함께 기술해 주십시오.
503,4,최근 5년 이내에 자신이 ‘윤리의식’이 높은 사람임을 입증할 수 있는 사례(경험)를 기술해 주십시오. 사례와 관련된 상황을 구체적으로 기술해 주십시오.
504,4,지원자께서 최근에 다른 사람을 만족시키기 위해 노력했던 경험(사례)를 서술해 주시기 바랍니다. (500자 이내)
505,4,지원동기(2000)
506,4,소속된 조직 또는 집단에서 공동의 목표를 달성하기 위해 구성원들과 협력하여 문제를 해결했던 경험에 대해 기술해 주십시오.
507,4,"[대인관계능력] 과제 혹은 업무 수행 중 타인과의 관계에서 어려움을 겪었을 때 자신이 가장 중요하게 생각하는 것은 무엇이며, 이를 바탕으로 어떻게 문제를 해결했는지 구체적으로 기술. (700자)"
508,4,조직 및 단체생활을 하면서 공동의 목표를 달성하기 위해 조직원들과 협력하여 원하는 성과를 얻었던 경험에 대해 구체적으로 작성 해 주시기 바랍니다.
509,4,자신의 생각이나 의견이 상대방에게 성공적으로 설득했던 경험을 상황?행동?결과 중심으로 구체적으로 기술하시오.
510,4,"[대인관계능력]다른 사람들과 함께 일을 했던 경험에 대해 설명하고, 그 경험 속에서 팀워크 형성과 협업을 이루기위해 구체적으로 어떠한 노력을 하였는지 서술해주십시오."
511,4,"[직업윤리]어떠한 일을 진행할 때 원칙 준수와 일의 효율성 사이에서 갈등했던 경험에 대해 서술하고, 갈등 해결을 위해 구체적으로 어떠한 노력을 하였는지 서술해주십시오."
512,4,"본인이 속한 조직 또는 팀에서 발생한 갈등을 중재해 본 경험이 있습니까? ????가) 중재자로서 귀하의 원칙이나 기준, ????나) 당시 갈등 당사자들을 설득했던 방법을 포함하여 작성해 주십시오.?"
513,4,"본인이 사회적 책임을 가지고 타인, 공동체 또는 사회의 공익에 기여한 경험이 있습니까? ????가) 기여하기 위한 실천사례와 ????나) 이를 통해 느낀 점을 작성해 주십시오.?"
514,4,"(직업기초능력 : 의사소통) 본인 보다 나이나 경험이 아주 많은 사람에게 내 의견을 전달하고, 소통했던 경험을 아래 순서에 따라 기술해 주십시오.(가족 제외) ① 당시 의견 전달 및 소통해야 했던 상황과 이유에 대해 기술 ② 사용한 방법과 그 방법을 선택한 이유에 대해 기술"
515,4,"(직업기초능력 : 대인관계) 주변 지인과 원만하지 못한 관계를 회복하기 위해서 노력했던 사례를 아래 순서에 따라 기술해 주십시오.(가족 제외) ① 원만한 대인관계를 유지하기 위해 평소 견지하고 있는 원칙이나 좌우명을 기술 -> 적을 두지 말자 ② 주변 지인과의 평소 관계를 간단하게 기술하고, 그 사람과의 관계가 소홀해졌던 계기 또는 이유에 대해 기술 ③ 원만하지 못한 관계를 회복하기 위해 본인이 취한 노력 및 성과에 대해 기술"
516,4,(직업기초능력 : 공동체윤리) 지원자 개인의 편의와 공공의 이익 사이에서 고민했던 경험을 아래 순서에 따라 소개해 주십시오. ① 고민되었던 상황을 기술 ② 당시 대처 방안과 그 이유를 기술
517,4,다른 입장이나 의견을 가진 사람들 사이에서 발생한 갈등을 극복하고 성과를 창출한 경험에 대하여 상세하게 작성 부탁 드립니다.
518,4,Teamwork를 발휘하여 적극적으로 문제를 해결한 경험에 대해 구체적으로 서술하여 주십시오.
519,4,팀워크 중 팀원 간 갈등이 발생하였을 경우 대처 방안을 기술하여 주십시오.(1173/1500byte 이내)
520,4,"타인의 요구사항을 사전에 파악하여 실천했던 경험에 대해 작성해 주십시오.(타인의 요구사항 파악 내용, 실천 당시의 어려웠던 점과 해결방안, 결과 등을 중심으로 서술"
521,4,"지원자의 메시지 전달능력, 타인 메시지 이해능력을 활용하여 상호간 만족스러운 의사소통을 진행했던 경험에 대해 작성해 주십시오. (300~700 자)"
522,4,새로운 조직에 들어가 적응하기 위해 노력했던 경험과 자신이 활동했던 조직이나 단체에서 다른 사람과 갈등상황이 생겼을 때 효과적으로 해결했던 경험에 대해 기술해 주시기 바랍니다.
523,4,"예상치 못한 문제 해결을 위하여 친구나 동료들과 협력했던 경험에 대하여 당시 상황, 본인의 행동·역할 및 그 결과 등에 대하여 기술하여 주십시오."
524,4,본인이 조직에 소속되어 본인의 이익보다 고객의 이익을 위해 노력한 경험을 구체적인 사례로 기술해 주십시오. (400자 이내)
525,4,조직 또는 단체 생활에서 구성원 간에 협력하여 문제를 해결하거나 목표를 달성하기 위해 노력했던 경험에 대해 기술해 주십시오. (400자 이내)
526,4,의사소통 과정에서 발생한 오해를 풀기 위해 노력을 기울였던 경험에 대해 기술해주세요.
527,4,자신이 속한 조직에서 다른 구성원과 이해관계가 대립했던 경험과 그 상황을 어떻게 극복했는지 기술하여 주시기 바랍니다. [ 1자 이상 500자 이내 ]
528,4,자신이 팀의 일원으로서 중요한 목표를 달성하기 위하여 타인과 협력했던 경험이 있으면 기술하여 주시기 바랍니다. [ 1자 이상 500자 이내 ]
529,4,조직활동 속에서 팀웍을 발휘한 경험과 느낀점을 기술해 주십시오. [500자 이내]
530,4,"공동체의 일원으로서 가장 중요하게 생각하는 가치를 제시하고, 그 가치를 실천했던 경험을 기술하여 주십시오."
531,4,"처음 만났거나 잘 알지 못하는 상대를 위해 본인이 먼저 배려했던 경험 한 가지를 언급하고, 상대방을 위해 그런 행동을 하게 된 이유를 함께 기술하여 주십시오."
532,4,팀원으로서 동료들과 협력하여 좋은 성과를 낸 경험을 소개해 주십시오. 구체적으로 본인의 역할과 협력을 위해 노력했던 점을 함께 기술하여 주십시오.
533,4,협업을 통해 가치 있는 결과를 만들었던 경험에 대해 그 성공 요인과 함께 향후 라이나생명에서 어떤 방식으로 협업을 할 수 있을지 작성해주세요. (최대 500자 입력가능)
534,4,"팀워크를 발휘하여 공동의 목표를 달성한 경험 (필수, 최대1000자)"
535,4,학교 생활 / 사회봉사활동 / 연수ㆍ여행 경험 등
536,4,새로운 조직에 들어가 적응하기 위해 노력했던 경험에 대해 기술해 주시기 바랍니다.?(500자 이내)
537,4,자신이 활동했던 조직이나 단체에서 다른 사람과 갈등상황이 생겼을 때 그 문제를 효과적으로 해결했던 경험을 상황 - 행동 - 결과 중심으로 구체적으로 기술해 주십시오. (500자 이내)
538,4,"타인과 공동생활, 혹은 공동작업을 하면서 갈등을 겪었던 경험을 적고 갈등을 어떻게 해결했는지, 그 과정에서 느낀점이 무엇이었는지 기술해라."
539,4,"조직 또는 팀의 공동 목표를 달성하는 과정에서 자신과 다른 의견을 가진 사람과의 갈등을 해결한 경험에 대해 아래 항목에 따라 작성해 주십시오. 3-1. 당시 조직 또는 팀의 공동 목표는 무엇이며, 구성원들이 의견 차이를 보였던 견해와 그 이유에 대해 작성해 주십시오."
540,4,"상대방을 이해하고 설득하기 위해 본인이 한 행동은 무엇이며, 그 결과는 어떠했는지 작성해 주십시오."
541,4,의사소통 과정에서 발생한 오해를 풀기 위해 노력을 기울였던 경험에 대해 기술해 주세요.
542,4,"혼자 하기 어려운 일에서 타인의 협력을 최대한으로 이끌어 내며, Teamwork를 발휘하여 공동의 목표 달성에 기여한 경험에 대해 서술해 주십시오."
543,4,본인이 속했던 조직의 목표 달성을 위해 개인의 희생 감수하며 해냈던 사례에 대해 최대한 구체적으로 작성해 주십시오.
544,4,팀워크를 발휘하여 공동의 목표 달성에 기여한 경험
545,4,"가정, 학교, 기타 사회생활 과정에서 타인과의 갈등이 발생했을 때 이를 해결하기 위해 노력하여 성공적인 결과를 얻었던 경험에 대해 기술하여 주시기 바랍니다. (400자)"
546,4,자신이 속한 조직이나 단체 생활에서 다른 구성원과 발생한 어려움이나 갈등을 극복한 경험에 대해 구체적으로 작성해 주시기 바랍니다.
547,4,고교 졸업 이후 모임이나 조직에서 남들과 다른 해결방법을 제안하고 실천하여 문제를 해결했던 경험에 대해 과정 및 결과를 포함하여 구체적으로 작 성해 주십시오
548,4,모임이나 단체 생활 중 함께 활동또는 업무하기 힘들었던 사람에 대해 이유 및 관련 사례를 포함하여 설명하고 입사 후 유사한 성향의 팀원을 만난다 면 어떻게 대처할지 작성해 주십시오.
549,4,"상대방을 설득하기 위한 본인의 논리와 방법은 무엇이었으며, 상대방의 반응과 결과는 어떠했는지에 대해 작성해 주십시오."
550,4,"공동체의 일원으로서 가장 중요하게 생각하는 가치를 제시하고, 그 가치를 실천 했던 경험을 기술하여 주십시오."
551,4,팀원으로서 동료들과 협력하여 좋은 성과를 낸 경험을 소개해 주십시오. 구체적으 로 본인의 역할과 협력을 위해 노력했던 점을 함께 기술하여 주십시오.
552,4,"본인과 다른 성향이나 배경을 가진 구성원들과 공동의 성과를 달성하기 위해 활동한 경험에 대해 기술하여 주십시오. 당시 어떤 부분에서 어려움을 겪었으며, 이를 극복하고자 어떤 노력을 하였는지 작성하여 주시기 바랍니다.?*?[500자 이내]"
553,4,"다른 사람을 대상으로 설득하거나 이해를 돕기 위해 주로 어떤 부분을 고려하시고, 어떤 방법을 사용하시는지 본인이 경험한 최근 사례를 기반으로 작성하여 주시기 바랍니다.?*?[500자 이내]"
554,4,별도의 대가 없이 순수한 목적으로 타인을 위해 행동했던 경험을 기술하여 주십시오. 또한 당시의 경험에 기반하여 우리 공단 직원으로서 사회적 책임을 다할 수 있는 캠페인을 제안하여 주시기 바랍니다.?*?[500자 이내]
555,4,본인이 진행하던 프로젝트나 계획이 실패할 위험을 감수하고 타인을 적극적으로 도운 경험과 이를 통해 느낀 점에 대해 기술해 주십시오. 또한 이를 토대로 향후 우리은행에서 어떤 구성원이 되고 싶은지 작성하여 주십시오. (1200byte)
556,4,"인생을 살면서 본인이 가장 소속감을 느꼈던 집단은 무엇이며, 그 집단 내에서 타인과 협업했던 경험에 대해서 자유롭게 이야기 해 주세요. [500자 이상 700자 이내]"
557,4,"공동의 목표 달성을 위한 협업 경험을 본인이 수행한 역할 중심으로 제시하고, 해당 경험을 통해 무엇을 얻었는지 기술해 주십시오."
558,4,"[의사소통능력] 그 동안의 경험 중 타인과의 긴밀한 의사소통을 통해 비효율적 과정을 개선하거나, 문제를 사전에 방지했던 사례를 작성해 주시기 바랍니다."
559,4,[대인관계능력] 약속과 원칙을 지켜 신뢰를 형성/유지했던 경험에 대해 기술해 주시기 바랍니다.
560,4,[조직이해능력] 지금까지 학교 및 여러 조직에서 생활을 해 오면서 조직생활에서 가장 중요한 부분이 무엇이라고 느꼈는지 경험을 중심으로 설명해 주십시오
561,4,본인이 속한 조직 또는 팀에서 발생한 갈등을 중재해 본 경험이 있습니까? 가) 중재자로서 귀하의 원칙이나 기준 나) 당시 갈등 당사자들을 설득했던 방법을 포함하여 작성해 주십시오.
562,4,개인적 손해를 감수하고 본인이 속했던 조직의 이익을 우선적으로 추구했던 경험이 있습니까? 가) 조직의 이익을 우선시하게 된 이유와 나) 지원자의 행동에 대한 주변의 평가를 포함하여 작성해 주십시오.
563,4,타인에게 영향력을 발휘하여 긍정적인 방향으로 상황을 변화시킨 경험이 있다면 자유롭게 기술하여 주십시오. (600자)
564,4,"팀원으로서 동료들과 협력하여 좋은 성과를 낸 경험에 대해 설명하고, 구체적으로 본인의 역할과 협력을 위해 노력했던 점을 함께 기술하여 주십시오."
565,4,"어떠한 일을 진행할 때, 원칙 준수와 일의 효율성 사이에서 갈등했던 경험에 대해 서술하고, 갈등 해결을 위해 구체적으로 어떠한 노력을 하였는지 기술하여 주십시오."
566,4,"스터디 그룹, 학과, 동아리, 동호회, 회사 부서와 같은 조직 내에서 친분이 없던 사람과 새롭게 친분을 형성하여 일을 처리했던 사례에 대해 작성해 주시기 바랍니다."
567,4,"원하는 바를 달성하기 위해 상대방을 설득해야 했던 경험을 서술해 주세요. (최소 1자, 최대 500자 입력가능)"
568,4,자신의 생각이나 의견으로 상대방을 성공적으로 설득했던 경험을 상황행동결과 중심으로구체적으로 기술하시오. (100자 이상 입력) (최대 800자 입력가능)
569,4,"[의사소통능력]조직 또는 학교에서 공동의 목표를 달성하는 과정에서 생긴 어려움은 무엇이며, 그 어려움을 극복하기 위한 노력을 구체적으로 기술해주십시오."
570,4,[문제해결능력]지금까지 학교 및 여러 조직에서 생활하면서 자신이 저지른 실수와 이를 어떻게 해결했는지를 기술해 주십시오.
571,4,"[대인관계능력]약속과 원칙을 지켜 신뢰를 형성하고, 유지했던 경험에 대해 기술해주십시오."
572,4,대화를 통해 동료를 이해하고 구성원과의 화합을 이끌어낸 경험을 서술해 주십시오.
573,4,자신과 이견을 가진 상대방과 협상하여 모두에게 유리한 최종안을 도출했던 경험을 아래 항목에 따라 기술해 주시기 바랍니다. 1) 자신과 상대방의 입장 차이 및 합의안 도출 프로세스에 대한 기술 2) 모두에게 이익이 되는 합의안과 도출 이유에 대해 기술
574,4,"타인과 공동생활, 혹은 공동작업을 하면서 갈등을 겪었던 경험을 적고 갈등을 어떻게 해결했는지, 그 과정에서 느낀점은 무엇이었는지 기술하세요."
575,4,"본인 외에 다른 사람들과의 협업 과정을 통해서 과제 또는 결과물들을 도출했던 경험이 있다면, 그 과정들을 통해서 느낀점이나 다른 사람들과의 협업을 통해서 결과물을 이뤘던 것들을 작성하여 주시기 바랍니다."
576,4,"(대인관계능력) 예상치 못한 상황에서 갑자기 본인에게 불만을 토로하는 사람을 상대했던 사례를 기술해 주십시오. ① 당시 상황과 상대방이 제기한 불만 내용을 기술해 주십시오. ② 그 상황에서 본인의 대응 방법과 그 방법을 선택한 이유, 해당 상황이 어떻게 마무리 되었는지 기술해 주십시오."
577,4,"(조직이해능력) 본인이 속한 팀이나 조직의 공동 목표를 달성하기 위해 노력했던 사례를 기술해 주십시오. ① 본인이 속한 팀이나 조직이 해당 목표를 추구하는 이유가 무엇이라고 생각하였는지 기술해 주십시오. ② 해당 목표를 달성하기 위해 본인이 할 수 있는 것은 무엇이었으며, 그 과정에서 개인적으로 희생하거나 절제 했던 부분을 기술해 주십시오."
578,4,학교나 직장 등에서 어려운 문제를 성공적으로 해결한 경험에 대해 기술하십시오
579,4,공동의 목표를 달성하기 위해 다른 사람들과 소통하며 성공적으로 협업을 이루었던 경험에 대해 기술하십시오
580,4,최근 5년 이내 직장 또는 단체활동에서 구성원 상호간 협력하여 일을 수행했던 경험과 그 경험에서 본인의 역할은 무엇이었는지 기술해주시기 바랍니다
581,4,[직업윤리] 자신의 이익과 공동체의 이익이 충돌하였을 때 자신의 개인적인 이익보다 자신이 속한 팀이나 집단 전체의 이익을 보다 우선적으로 여기며 행동하였던 경험이 있습니까? 당시 상황 속에서 당신이 취한 행동과 그 결과를 중심으로 기술 (300자이내)
582,4,"[대인관계] 위계가 분명한 조직이나 단체에서 상급자(또는 선후배)와 함께 일을 하거나 프로젝트를 진행한 경험이 있습니까? 함께 하면서 어려웠던 점과 극복방법, 또는 팀 구성원으로서 원만하게 지낼 수 있는 당신만의 노하우를 기술. (300자이내)"
583,4,소속된 조직 및 단체생활 중 공동의 목표를 달성하기 위해 조직원들과 협력하여 문제를 해결했던 경험에 대해 기술해 주십시오.
584,4,"타인과 공동생활, 혹은 공동작업을 하면서 갈등을 겪었던 경험을 적고 갈등을 어떻게 해결했는지, 그 과정에서 느낀점은 무엇이었는지 기술하시오"
585,4,"학창 생활 중 주요한 활동 경험(학과, 동아리, 대외활동 등)과 본인의 역할을 기술하여 주시기 바랍니다."
586,4,혼자 하기 어려운 일에서 다양한 자원 활용 타인의 협력을 최대한으로 이끌어 내며 팀워크를 발휘하여 공동의 목표 달성에 기여한 경험
587,4,혼자 하기 힘들 일을 팀워크를 발휘하여 성공적으로 해결한 경험을 서술해 주십시오.
588,4,"본인이 소속된 조직(학과, 인턴, 동아리, 프로젝트 등)의 목표를 달성하기 위해 노력했던 경험을 아래 항목에 따라 기술해 주시기 바랍니다."
589,4,공동의 목표를 달성하는 과정에서 구성원들의 자발적이고 적극적인 참여 또는 협력을 이끌어 냈던 대표적인 경험에 대하여 기술해 주십시오
590,4,집단 내 또는 집단 간의 갈등 상황에서 효과적인 소통능력을 발휘하여 문제 상황을 해결했던 경험에 대하여 기술해 주십시오.
591,4,"타인과 공동생활, 혹은 공동작업을 하면서 갈등을 겪었던 경험을 적고 갈등을 어떻게 해결했는지, 그 과정에서 느낀 점은 무엇이었는지 기술하세요."
592,4,"최근 귀하가 겪은 경험에 비추어 업무상 고객, 동료, 친구 등을 가장 만족시킨 사례를 기술해 주십시오."
593,4,조직 또는 팀의 목표를 이해하고 이를 달성하기 위해 노력했던 경험을 작성해 주십시오.
594,4,조직 또는 팀의 구성원으로서 팀원간의 갈등을 해소하고 협력하는 분위기를 조성하였던 경험을 작성해 주십시오.
595,4,"본인이 사회적 책임을 가지고 타인, 공동체 또는 사회의 공익에 기여했던 경험을 기술하고 이를 통해 느낀점을 작성하시오."
596,4,지원자께서 팀 과제의 성공 및 효과적인 협업에 기여할 수 있는 사람임을 가장 잘 보여주는 최근 3년 이내의 사례를 기술하시오.
597,4,"귀하의 조직생활(직장, 학교, 사회단체 활동 등) 중 귀하가 성공적인 경우로 꼽을 수 있는 협업(co-work) 사례를 기술하시오. (귀하의 성과, 역할 등을 중심으로) [600자 이내]"
598,4,혼자하기 어려운 일
599,4,(의사소통능력) 조직 또는 팀의 공동 목표를 달성하는 과정에서 자신과 의견이 ???다른 사람과 갈등이 발생했던 사례를 작성하고 갈등을 해결하기 위해 ???상대방을 설득했던 구체적인 행동을 기술해 주십시오. (500자 이내)
600,4,"솔선수범 관리, 감독 없이도 스스로 업무를 처리하며 남들이 꺼리는 업무나 궂은 일도 주도적으로 나서서 해결한다 (A,B 중 택 1) A. 자신이 공동 목표 달성을 하는 과정에서 솔선수범하는 사람임을 입증할 수 있는 사례(경험)와 그 근거를 구체적으로 작성해주시기 바랍니다. B. 소속 조직을 위해 주도적으로 나서서 문제를 해결하기 위해 노력했던 경험에 대해 구체적으로 작성해 주시기 바랍니다."
601,4,공동체 속에서 중요한 일을 결정하는 데 있어 자신의 의견과 반대되는 타인의 의견을 수용했던 경험에 대하여 자유롭게 기술하세요.
602,4,"공동체 생활 중 관습적으로 진행되었던 것(프로세스, 규칙 등)을 바꾸거나 개선했던 경험에 대하여 자유롭게 기술하세요."
603,4,"학교생활, 연수, 기타경험"
604,4,어떤 일에 주도적으로 아이디어를 내어 기획이나 제안이 채택되어 성공적으로 수행한 경험이 있다면 서술해 주십시오. (의사소통능력) (최대 700자 입력가능)
605,4,"학교나 직장 또는 기타 단체에서 어떤 문제 상황이 발생하였을 경우, 창조적이고 논리적인 사고를 통하여 이를 해결해 본 경험이 있으면 자세하게 작성해 주십시오. (문제해결능력) (최대 700자 입력가능)"
606,4,학교나 직장 또는 기타 단체에서 업무를 수행함에 있어 접촉하게 되는 사람들과 문제를 일으키지 않고 원만하게 해결해 본 경험이 있으면 자세하게 작성해 주십시오. (대인관계능력) (최대 700자 입력가능)
607,4,공동과제수행시 자신에게 주어진 과업이상을 추진했던 경험을 기술
608,4,"비용이나 효율의 증대에 관련한 이슈나 문제에 대하여, 다른 사람을 설득 또는 협업하여 해결한 사례를 구체적으로 기술하시오.(1400byte)"
609,4,"다른 사람이 생각하지 못한 아이디어를 제시하여, 기대한 성과를 만들어서 주위 사람의 인정을 받은 사례를 기술하시오.(1000byte)"
610,4,(소통과 협력) 개방적 사고로 타인의 의견을 존중·경청함으로써 융합과 협력을 이룬 경험 등 기술 하십시오.
611,4,"공동체의 일원으로서 가장 중요하게 생각하는 가치를 제시하고, 그 가치를 실천했던 경험을 기술하여 주십시오"
612,4,"처음 만났거나 잘 알지 못하는 상대를 위해 본인이 먼저 배려했던 경험 한 가지를 언급하고, 상대방을 위해 그런 행동을 하게 된 이유를 함께 기술하여 주십시오"
613,4,"함께 일하고 싶지 않은 사람의 유형에 대해 설명하고, 만약 부득이하게 같이 일하게 되었을 때는 어떻게 할 것인지에 대하여 기술해 주십시오."
614,4,"본인이 사회적 책임을 가지고 타인, 공동체 또는 사회의 공익에 기여했던 경험을 기술하고, 이를 통해 느낀 점을 작성하시오"
615,4,공동과제 수행 시 자신에게 주어진 과업 이상을 했던 경험이나 일을 추진하는데 있어 타인과의 협력을 통해 큰 성과를 거두었던 경험을 기술해 주십시오.
616,4,자신의 생각이나 의견을 상대방에게 성공적으로 설득하였던 경험을 상황·행동·결과 중심으로 기술하시오.
617,4,업무 중 발생한 의견 불일치 또는 다툼이 있었던 경험과 이를 해결하기 위해 노력한 경험에 대해 서술하십시오.
618,4,최근 3년간 학교생활이나 사회생활을 하며 새로운 조직이나 집단에 들어가 성공적으로 적응한 경험에 대해 서술하시기 바랍니다.
619,4,"C. 다른 구성원과 갈등이 있거나, 의견이 맞지 않는 상황이 있었을 때, 이를 어떻게 해결하셨는지 서술하십시오."
620,4,Honesty A. 원칙과 절차를 준수하고자 노력한 경험에 대해 서술하십시오 .
621,4,팀워크를 발휘하여 공동의 목표 달성에 기여한 경험을 본인이 수행한 역할 및 행동 중심으로 서술해 주십시오.
622,4,"팀원으로서 동료들과 협력하여 좋은 성과를 낸 경험에 대해 설명하고, 구체적으로 본인의 역할과 협력을 위해 노력했던 점을 함께 기술하여 주십시오"
623,4,"어떠한 일을 진행할 때, 원칙 준수와 일의 효율성 사이에서 갈등했던 경험에 대해 서술하고, 갈등 해결을 위해 구체적으로 어떠한 노력을 하였는지 기술하여 주십시오"
624,4,다양한 이해관계가 충돌하는 상황에서 귀하가 주도적으로 갈등을 조정하여 좋은 결과를 얻으신 경험이나 사례를 작성해 주십시오
625,4,지금까지 조직에 속해서 본인의 역할을 수행했던 경험이 있으면 기술해 주십시오. (500자 이내)
626,4,사회적인 법규 또는 조직 내 규범을 성실하게 이행했던 경험이 있으면 기술해 주십시오. (500자 이내)
627,4,타인과 마찰이 생겼을 때 어떻게 해결하였는지 서술하세요.
628,4,타인의 불편함을 해소하거나 불만사항을 해결해 준 경험이 있다면 기술하십시오 500자
629,4,소속된 집단의 동료와 함께 추진 또는 실행한 경험 중 가장 기억에 남는 것은 무엇이었는지 기술하십시오 1000자
630,4,"비용이나 효율의 증대에 관련한 이슈나 문제에 대하여, 다른 사람을 설득 또는 협업하여 해결한 사례를 구체적으로 기술하시오."
631,4,"다른 사람이 생각하지 못한 아이디어를 제시하여, 기대한 성과를 만들어서 주위 사람의 인정을 받은 사례를 기술하시오."
632,4,"지금까지 살면서 대가를 바라지 않고 귀하가 속한 사회(학교, 조직, 지역사회 등)를 더 좋게 만들기 위해서 공헌한 점이 있다면 구체적으로 서술해 주십시오. (600자 이내)"
633,4,"전략적이고 효과적인 커뮤니케이션을 통해 원하는 목적을 달성했던 경험에 대해 구체적으로 작성해주세요. (1,000자 이내)"
634,4,핵심가치 : 공동의 목표와 개인의 이익이 충돌한 경험과 당시 어떻게 행동하였는지 기술해주십시오.
635,4,"지원동기 및 과거 경험 등을 자유롭게 기술, 다른 사람과 함께 수행한 일은 구체적 행동이 최대한 드러나도록 작성 바랍니다."
636,4,"학교생활, 사회생활 등을 하면서 상대방(손님)을 만족시키기 어려운 상황에서 상대방(손님)의 입장을 고려해 기대 이상의 만족을 이끌어낸 경험을 구체적으로 기술해주십시오(1000자)"
637,4,"개인의 손해를 감수하더라도 소속된 조직의 이익을 위해 규정이나 원칙(정직한 방법, 약속)을 지키기 위해 노력했던 경험을 구체적으로 기술해주십시오(1000자)"
638,4,"[대인관계능력] 다른 사람들과 함께 일했던 경험 중 겪었던 갈등상황을 기술하고, 갈등의 이유와 극복할 수 있었던 이유를 기술하여 주시기 바랍니다."
639,4,[의사소통능력] 다른 사람에게 의사전달을 하기 위해 본인이 가지고 있는 효과적인 방법을 경험을 바탕으로 기술하여 주시기 바랍니다.
640,4,"타인과 자신의 차별화된 경험, 역량, 강점"
641,4,"공동의 목표 달성을 위한 협업 경험을 본인이 수행한 역할 중심으로 설명하고, 그 경험을 통해 무엇을 얻었는지 기술해 주십시오 (최대 700자 입력가능)"
642,4,소속된 조직에서 다른 사람들과 함께 일을 처리함에 있어 자신이 반드시 지키는 원칙(가치)과 그와 관련된 경험을 기술해 주십시오. (최대 500자 입력가능)
643,4,"지난 3년간 다른 사람들과 함께 해야 하는 일(업무, 팀 과제 등)에서 특정 사안에 대해 자신과 다른 의견이나 입장을 가진 사람들과 업무를 수행하기 위해 노력했던 경험을 기술하시오. (최대 500자 입력가능)"
644,4,"공동의 목표 달성을 위해 구성원들과 협업하여 이루어낸 성과를 작성해 주세요. 구성원들과의 갈등상황이 있었다면 어떻게 극복하였는지, 팀워크 및 목표달성을 위해 본인은 어떠한 역할을 수행했는지 구체적으로 작성해 주세요."
645,4,재학 또는 재직기간 동안 가장 뛰어난 업적
646,4,"(최근 5년 내에) 비용이나 효율의 증대에 관련한 이슈나 문제에 대하여, 다른 사람을 설득 또는 협업하여 해결한 사례를 구체적으로 기술하시오. 1400byte 이내"
647,4,"(최근 5년 이내에) 다른 사람이 생각하지 못한 아이디어를 제시하여, 기대한 성과를 만들어서 주위 사람의 인정을 받은 사례를 기술하시오. 1000byte 이내"
648,4,"(최근 5년 내에) 비용이나 효율의 증대에 관련한 이슈나 문제에 대하여, 다른 사람을 설득 또는 협업하여 해결한 사례를 구체적으로 기술하시오."
649,4,공동의 목표를 수행하기 위해서 타인과 협력하여 문제를 해결했던 경험에 대해 기술하여 주십시오.
650,4,공동의 목표를 달성하는 과정에서 구성원들의 자발적이고 적극적인 참여 또는 협력을 이끌어 냈던 대표적인 경험에 대하여기술해 주십시오.
651,4,"귀하가 속한 모임이나 단체(또는 조직)를 위하여 ‘시간’과 ‘비용’을 희생하여 성과를 창출한 경험을 소개하고, 이러한 경험이 한국재정정보원에 어떤 기여를 할 수 있을지를 구체적으로 작성하시오."
652,4,"귀하가 ‘리더십’이나 ‘팔로우십’을 발휘하여 ‘조직의 어려움’을 극복하고 성과를 이룬 경험을 소개하시오. 또한 이러한 경험이 한국재정정보원의 직원으로서 성실한 직무수행을 함에 있어서, 어떤 기여를 할 수 있을지 구체적으로 작성하시오."
653,4,"[대인관계능력]과제 혹은 업무 수행 중 타인과의 관계에서 어려움을 겪었을 때 자신이 가장 중요하게 생각하는 것은 무엇이며, 이를 바탕으로 어떻게 문제를 해결했는지 구체적으로 기술하시오. * [300자 이내]"
654,4,현재 또는 과거 소속집단(직장/학교/커뮤니티 등)에서의 경험 중 실패 사례와 극복과정을 작성해 주십시오
655,4,"최근 5년이내, 본인이 속한 조직에서 타인과의 의견차이로 인해 발생한 갈등을 원만하게 해결한 경험이 있다면, 갈등상황, 해결과정, 겨과로 구분하여 구체적으로 기술해 주시기 바랍니다."
656,4,"최근 5년 이내, 스스로 본인을 희생하면서 조직 구성원들의 이익을 위해 노력한 경험이 있다면, 구체적으로 기술해 주시기 바랍니다 .(300~500자)"
657,4,"1), 2) 문항 중 택1 하여 작성 / 1) 조직이나 단체 생활에서 다른 구성원들과의 원활한 정보 공유나 소통을 통해 긍정적 변화를 이끌어낸 경험에 대해 구체적으로 작성하여 주시기 바랍니다./ 2) 학교나 조직 등에서 한정된 자원(인적, 물적, 시간)으로 어려웠던 과제를 처리했던 경험을 구체적으로 작성하여 주시기 바랍니다."
658,4,개인이 아닌 단체의 일원으로서 구성원들과 협업을 통해 이룬 성과에 대해 작성해 주세요.
659,4,"혼자하기 어려운 일에서 다양한 자원 활용, 타인의 협력을 최대한 이끌어 내며, 팀워크를 발휘하여 공동의 목표 달성에 기여한 경험"
660,4,"본인이 세운 원칙, 또는 집단의 규정, 절차 등을 지키기 위해 노력했던 사례가 있다면 기술해 주십시오. ① 해당 내용을 지키기 위해 노력한 이유는 무엇이었으며, 얼마나 지속했습니까? ② 해당 내용을 지키는데 어떤 어려움이 있었으며, 어떻게 극복하여 지속하고 있습니까?"
661,4,팀 목표를 달성하기 위해 팀원으로서 본인은 주로 어떤 노력을 하는지 최근 사례를 기반으로 기술해 주십시오. ① 팀 목표는 무엇이었으며 본인은 어떤 역할을 수행했습니까? ② 본인에게 주어진 역할 이외에 팀 목표달성을 위해 노력한 부분이 있다면 무엇이었습니까?
662,4,"함께 일하고 싶은 유형과 함께 일하기 싫은 유형을 기술하고, 그 두 유형의 사람들과 협력하여 공동의 목표를 달성하기 위한 방안을 기술하시오(600자 이내)"
663,4,조직 또는 팀의 구성원으로서 팀원간의 갈등을 해소하고 협력하는 분위기를 조성하였던 경험을 다음의 세부항목에 따라 작성해 주십시오. 3-1. [Situation&Task] 당시 조직의 구성원간의 갈등이 벌어졌던 상황에 대해 간단히 작성해 주십시오.
664,4,"조직 또는 팀의 구성원으로서 팀원간의 갈등을 해소하고 협력하는 분위기를 조성하였던 경험을 다음의 세부항목에 따라 작성해 주십시오. 3-2. [Action&Result] 구성원간의 갈등을 해소하기 위해 어떤 노력을 하였으며, 그에 따른 결과는 무엇이었는지 구체적으로 제시해 주십시오."
665,4,"스터디 그룹, 학과, 동아리, 회사부서와 같은 조직내에서 팀원과 공동의 목표를 달성하기 위해 협력했던 경험에 대해 기술해 주시기 바랍니다.(500자 내)"
666,4,약속과 원칙을 지켜 신뢰를 형성하거나 지킨 경험에 대해 구체적으로 기술해 주시기 바랍니다.(500자 내)
667,4,지원 직무 관련 경험 또는 리더십을 발휘하여 주어진 성과를 달성한 경험에 대해 기술해주시기 바랍니다. 1000자 (영문작성 시 2000자) 이내
668,4,"다른 사람을 배려하는 마음이 어느 정도라고 생각하는지, 그와 관련된 사례를 기술해 주십시오. - 언제, 어떤 상황이었습니까? - 그래서 귀하는 어떻게 행동했습니까? - 이 경험을 통해 배울 수 있었던 것은 무엇입니까?"
669,4,자신의 생각이나 의견이 상대방에게 성공적으로 설득했던 경험을 상황/행동/결과 중심으 기술하시오. (500자 이내)
670,4,팀(조직) 활동 경험- 팀이나 조직에서 다른 사람과 팀웍을 이루어 성과를 이뤄낸 경험에 대해 작성하여 주십시오
671,4,"공동체의 일원으로서 가장 중요하게 생각하는 가치를 제시하고, 그 가치를 실천했던 경험을 기술하여 주십시오. 450자이내"
672,4,팀원으로서 동료들과 협력하여 좋은 성과를 낸 경험을 소개해 주십시오.
673,4,"(최근 5년 내에) 비용이나 효율의 증대에 관련한 이슈나 문제에 대하여, 다른 사람을 설득 또는 협업하여 해결한 사례를 구체적 으로 기술하시오."
674,4,타인을 설득해야 했던 상황 및 이를 해결한 구체적 방법과 그 결과를 간략히 기술해 주십시오.
675,4,"본인의 손해를 감수하더라도, 단체(학교, 직장, 친구모임 등)를 위해 적극적으로 활동했던 내용을 기술해 주십시오."
676,4,다른 사람들과 적극적으로 협조하여 성과를 낸 경험에 대해 서술해 주십시오.
677,4,다양한분야에서 쌓은 경력 및 경험활동에서의 본인역할과 역할이 도움되었던 구체적 사례
678,4,업무/과제를 수행중에 발생한 문제상황에 대한내용 /가장 우려부분과 극복방법
679,4,"커뮤니케이션, 팀웍과 같은 역량을 개발하기 위한 노력이나 경험을 기술하시오."
680,4,"(최근 5년 이내에) 다른 사람이 생각하지 못한 아이디어를 제시하여, 기대한 성과를 만들어서 주위 사람의 인정을 받은 사례를 기술하시오."
681,4,"의사소통 과정 중 타인을 설득한 경우, 설득하게 된 상황과 본인만의 차별화된 설득 방식 및 그 결과에 대하여 구체적 경험을 들어 기술하여 주십시오."
682,4,프로젝트 팀 내에서 주로 어떤 역할을 해 왔는지를 기술해 주세요
683,4,조직의 이익을 위해 남들이 꺼리는 일을 자발적으로 수행한 경험에 대해 서술하여 주십시오.1000BYTE
684,4,지원 직무 관련 경험 또는 리더십을 발휘하여 주어진 성과를 달성한 경험에 대해 기술해주시기 바랍니다. 1000자
685,4,"공동의 목표를 달성하기 위해 협력한 경험 두 가지를 간단히 기입해주시고, 한 가지를 선택하시어 자세히 서술해주시기 바랍니다."
686,4,"공동의 목표 달성을 위해 구성원들과 협업하여 이루어낸 성과를 작성해 주세요. 구성원들과의 갈등상황이 있었다면 어떻게 극복하였는지, 팀워크 및 목표달성을 위해 본인은 어떠한 역할을 수행했는지 구체적으로 작성해 주세요. 700"
687,4,"공동의 목표 달성을 위한 협업 경험을 본인이 수행한 역할 중심으로 제시하고, 그 경험을 통해 무엇을 얻었는지 기술해 주십시오. (최대 700자 입력가능)"
688,4,팀 목표달성을 위해 타인과 협력했던 경험을 구체적으로 작성바랍니다.
689,4,"팀워크를 발휘하여 목표를 달성한 경험이 있다면, 본인은 어떤 역할이었고 목표를 달성하기 위해 어떤 노력을 했는지 기술하십시오."
690,4,"(최근 5년 이내에) 다른 사람이 생각하지 못한 아이디어를 제시하여, 기대한 성과를 만들어서 주위 사람의 인정을 받은 사례를 기술하시오"
691,4,타인의 불편함을 해소하거나 불만사항을 해결해 준 경험이 있다면 기술하십시오
692,4,소속된 집단의 동료와 함께 추진 또는 실행한 경험 중 가장 기억에 남는 것은 무엇이었는지 기술하십시오
693,4,본인이 진행하던 프로젝트나 계획이 실패할 위험을 감수하고 타인을 적극적으로 도운 경험과 이를 통해 느낀 점에 대해 기술. 또한 이를 토대로 향후 우리은행에 어떤 구성원이 되고 싶은지
694,4,"공동의 목표를 달성하기 위해 타인과 협업했던 경험과 그 과정에서 본인이 수행한 역할, 그리고 해당 경험을 통해 얻은 것은 무엇인지"
695,4,공동의 목표를 위해 끈질기게 노력하여 성취했던 경험과 지원자가 기여한 부분에 대해 기술해주세요.
696,4,"혼자 하기 어려운 일에서 다양한 자원 활용, 타인의 협력을 최대한으로 이끌어 내며, Teamwork을 발휘하여 공동의 목표 달성에 기여한 경험에 대해 서술해 주십시오. 1) 먼저, 관련 대표 경험 2가지를 간략하게 작성해 주십시오. (각 50자 이내) - 언제, 어디서, 어떤 일을 수행했던 경험인지 간략하게 기술할 것 2) 위에 작성한 2가지 경험 중 1개를 골라 좀 더 상세하게 작성해 주십시오. - 관련된 사람들의 관계(예. 친구, 직장 동료) 및 역할/ 혼자 하기 어렵다고 판단한 이유/ 목표 설정 과정/ 자원(예. 사람, 자료 등) 활용 계획 및 행동/ 구성원들의 참여도 및 의견 차이/ 그에 대한 대응 및 협조를 이끌어 내기 위한 구체적 행동/ 목표 달성 정도 및 본인의 기여도/ 경험의 진실성을 증명할 수 있는 근거가 잘 드러나도록 기술 (1000 자 10 단락 이내)"
697,4,"이제까지 가장 강하게 소속감을 느꼈던 조직은 무엇이었으며, 그 조직의 발전을 위해 헌신적으로 노력했던 것 중 가장 기억에 남는 경험은 무엇입니까? [600자]"
698,4,"공동의 목표를 달성하기 위하여 가장 중요하다고 생각하는 역량 1가지를 선정하고,그 이유와 해당 역량을 발휘하여 목표를 달성한 경험에 대해"
699,4,"대립되는 입장이나 관점을 조정하기 위해 가장 중요한 것이 무엇이라고 생각하며,이를 위한 본인의 행동사례나 경험을 기술하시오."
700,4,"(최근 5년 내에) 비용이나 효율의 증대에 관련한 이슈나 문제에 대하여, 다른 사람을 설득 또는 협업하여 해결한 사례를 구체적으로 기술하시오. (1400)"
701,4,공동의 목표를 달성하기 위해 의견/관점 등이 서로 다른 다양한 구성원과 협력하여 시너지를 창출했던 경험에 대해 서술하여 주시기 바랍니다.
702,4,"교내, 대외활동, 회사 등을 통해 협업을 하면서 가장 어려웠던 점은 무엇입니까? 그 어려운 점을 어떻게 해결해 나갔는지에 대해 말씀해주세요."
703,4,본인이 속한 조직 또는 팀에서 발생한 갈등을 중재해 본 경험이 있습니까 가) 중재자로서 귀하의 원칙이나 기준 나) 당시 갈등 당사자들을 설득했던 방법을 포함하여 작성해 주십시오
704,4,"(최근 5년 내에) 비용이나 효율의 증대에 관련한 이슈나 문제에 대하여, 다른 사람을 설득 또는 협업하여 해결한 사례를 구체적으로 기술하시오.(700)"
705,4,"(최근 5년 이내에) 다른 사람이 생각하지 못한 아이디어를 제시하여, 기대한 성과를 만들어서 주위 사람의 인정을 받은 사례를 기술하시오.(500)"
706,4,"자신의 생각이나 의견이 상대방에게 성공적으로 설득했던 경험을 상황,행동,결과 중심으로 구체적으로 기술하시오."
707,4,조직 내에서 갈등을 겪은 사례와 이를 극복한 방법을 말씀해주십시오
708,4,"본인이 속했던 조직(학교, 회사, 동아리, 동호회 등) 안에서 당신과 의견이나 생각이 다른 조직원을 효과적으로 설득하거나 합의를 이끌어낸 경험이 있다면 당시 상황, 행동, 이유, 결과 등에 대해 구체적으로 기술하여 주십시오"
709,4,"과제의 성공 또는 효과적인 협업에 기여한 사례가 있다면 간략하게 요약하고, 본인의 역할 및 기여도에 대해 기술하여 주십시오."
710,4,"직무활동, 동아리/동호회, 팀 프로젝트, 연구회, 재능기부 등의 주요 직무경험을 서술하여 주십시오."
711,4,한국농어촌공사는 구성원의 공통역량으로 팀워크·협업 마인드를 필요로 합니다. 신입사원으로서 소속 부서의 팀워크를 발 휘할 수 있는 방안에 대하여 과거의 경험에 기초하여 기술해주십시오.
712,4,[일반직] 본인과 다른 의견을 가진 사람들과 효과적으로 소통하여 긍정적인 결과를 얻었던 사례에 대해 기술하여 주시기 바랍니다.
713,4,"팀/ 조직 활동 경험, 팀웍을 이루어 성과를 이뤄낸 경험에 대해 작성"
714,4,조직 내에서 갈등을 겪은 사례와 이를 극복한 방법을 말씀해주십시오.
715,4,"팀이나 단체생활을 함에 있어 반드시 지키기로 다짐한 자신만의 원칙을 이유와 함께 제시하고, 실천사례 및 이를 통해 얻은 성과에 대해 구체적으로 기술해 주십시오."
716,4,집단내 문제(갈등 등)가 발생했던 경험이 있다면 해당 상황을 간략하게 제시해주시고 발생한 문제를 어떻게 해결하였는지 구체적으로 기술해 주십시오. (1000자 이내)
717,4,학교생활 / 사회봉사활동 / 연수·여행경험 등
718,4,"본인의 입장과 다른 상대방의 입장에서 성찰하고 배려하여 긍정적인 결과를 이끌어 낸 경험이 있습니까? 본인이 마주했던 상황, 행동과 결과에 대해 기술하여 주십시오."
719,4,"본인이 팀의 구성원으로서 팀 프로젝트를 수행한 경험 중 함께 일하기 힘들었던 유형은 어떤 사람입니까? 본인이 겪었던 상황, 대응방안과 결과에 대해 기술하여 주십시오."
720,4,"조직 내 구성원으로서 뛰어난 성과를 거둔 경험이 있다면, 그 과정과 결과에 대해 구체적으로 이야기해주세요."
721,4,"동료들과 협업하여 성공 또는 실패했던 경험과, 본인의 역할은 무엇이었는지 서술하시오."
722,4,공동체의 일원으로서 가장 중요하게 생각하는 가치를 제시하고 그 가치를 실천했던 경험을 기술하여 주십시오
723,4,처음 만났거나 잘 알지 못하는 상대를 위해 본인이 먼저 배려했던 경험 한 가지를 언급하고 상대방을 위해 그런 행동을 하게 된 이유를 함께 기술하여 주십시오
724,4,팀원으로서 동료들과 협력하여 좋은 성과를 낸 경험을 소개해 주십시오 구체적으로 본인의 역할과 협력을 위해 노력했던 점을 함께 기술하여 주십시오
725,4,직무수행을 통하여 문제해결능력을 발휘한 경험이 있으면 기술하시오
726,4,생각이나 의견이 상대방에게 성공적으로 설득했던 경험을 상황·행동·결과 중심으로 구체적으로 기술합시오
727,4,조직의 변화를 추구했던 사례
728,4,사회경험/학교생활/취미에서 주인의식을 갖고 문제해결하고자 최선다한 경험[
729,4,"혼자 하기 어려운 일에서 다양한 자원 활용, 타인의 협력을 최대한으로 이끌어 내며, Teamwork를 발휘하여 공동의 목표 달성에 기여한 경험에 대해 서술해 주십시오. 및 역할/ 혼자 하기 어렵다고 판단한 이유/ 목표 설정 과정/ 자원(예. 사람, 자료 등) 활용 계획 및 행동/ 구성원들의 참여도 및 의견 차이/ 그에 대한 대응 및 협조를 이끌어 내기 위한 구체적 행동/ 목표 달성 정도 및 본인의 기여도/ 경험의 진실성을 증명할 수 있는 근거가 잘 드러나도록 기술) (700~1000 자 10 단락 이내))"
730,4,자신의 이익과 공동체의 이익이 충돌하였을 때 자신의 개인적인 이익보다 자신이 속한 팀이나 집단 전체의 이익을 보다 우선적으로 여기며 행동하였던 경험이 있습니까? 당시 상황 속에서 당신이 취한 행동과 그 결과를 중심으로 기술 해 주십시오
731,4,"[대인관계] 위계가 분명한 조직이나 단체에서 상급자(또는 선후배)와 함께 일을 하거나 프로젝트를 진행한 경험이 있습니까? 함께 하면서 어려웠던 점과 극복방법, 또는 팀 구성원으로서 원만하게 지낼 수 있는 당신만의 노하우를 기술"
732,4,"함께 일하고 싶은 유형과 함께 일하기 싫은 유형을 기술하고, 그 두 유형의 사람들과 협력하여 공동의 목표를 달성하기 위한 방안을 기술하시오"
733,4,본인이 진행하던 프로젝트나 계획이 실패할 위험을 감수하고 타인을 적극적으로 도운 경험과 이를 통해 느낀 점에 대해 기술해 주십시오.
734,4,"개인이 아닌, 단체의 일원으로서 구성원들과 협업을 통해 이룬 성과에 대해 작성해 주세요. 성과달성에 가장 큰 장애요인은 무엇이었으며, 어떻게 극복했는지와 본인의 역할에 대해서도 구체적으로 작성해 주세요."
735,4,본인이 속한 조직에서 협동을 통하여 목표를 달성했던 경험과 낯선 환경에 적응하기 위해 노력했던 경험을 기술하여 주십시오.
736,4,본인이 속한 조직에서 책임감을 갖고 끈기 있게 업무를 수행했던 경험에 대해 기술하여 주십시오.
737,4,"공동의 목표를 달성하기 위해 타인과 협업했던 경험과 그 과정에서 본인이 수행한 역할, 그리고 해당 경험을 통해 얻은 것은 무엇인지 기술해 주십시오."
738,4,동아리 활동 및 사회봉사활동 경험에 대해 서술하시오. (0Bytes / 1000 Bytes)
739,4,"혼자 하기 어려운 일에서 다양한 자원 활용, 타인의 협력을 최대한으로 이끌어 내며, Teamwork를 발휘하여 공동의 목표 달성에 기여한 경험에 대해 서술"
740,4,"[소통] 팀워크를 발휘하여 함께 성과를 창출해낸 사례를 말씀해 주세요. (최대 1,000자 입력가능)"
741,4,상대방을 설득하여 서로 만족할 수 있는 방향으로 결과를 만들어 본 경험을 작성해 보십시오.500
742,4,주변사람들로부터 책임감 있게 일을 처리한다는 평가를 받았던 경험이나 사례가 있다면 소개해주십시오.
743,4,소속된 집단의 동료와 함께 추진 또는 실행한 경험 중 가장 기억에 남는 것은 무엇인지 서술하십시오.
744,4,조직의 이익을 위해 남들이 꺼리는 일을 자발적으로 수행한 경험에 대해 서술하여 주십시오. (1000byte)
745,4,"여러사람들과 협력하여 목표를 달성했던 경험에 대해 ① 해당경험에서 본인이 수행한 역할, ② 가장 어려웠던점과 이를 해결한 방법을반드시 포함하여 구체적으로 작성해 주세요.(700자이내)"
746,4,가장 강한 소속감을 느낀 조직에서 공동의 목표 달성 혹은 문제 개선을 위해 노력했던 경험을 작성해 주시기 바랍니다. (700자)
747,4,"실습 + 인턴 + 사회(실무, 봉사 등) 경험"
748,4,Team A. 단체활동 중 가장 어려웠던 경험 또는 가장 보람 있는 경험을 서술하십시오.
749,4,Team B. 위에서 언급하신 활동을 하는 동안 본인의 역할을 구체적으로 서술하십시오.
750,4,"Team C. 다른 구성원과 갈등이 있거나, 의견이 맞지 않는 상황이 있었을 때, 이를 어떻게 해결하셨는지 서술하십시오."
751,4,Honesty A. 원칙과 절차를 준수하고자 노력한 경험에 대해 서술하십시오.
752,4,"가장 강한 소속감을 느꼈던 조직(또는 집단)은 무엇이며, 그 속에서 경험한 갈등상황 및 그 해결과정을 구체적으로 기술하세요. (500 ~ 1500자)"
753,4,본인의 단체활동 또는 봉사활동 경험에 대하여 활동을 시작하게 된 계기를 포함하여 설명하십시오.
754,4,(NCS 직업기초: 의사소통능력) 본인이 의도한 바를 상대방이 오해하지 않도록 신중하게 의사를 전달했던 사례를 기술해 주십시오. ① 신중해야 했던 이유는 무엇이었는지 기술해 주십시오. ② 해당 내용을 전달하기 위해 사용한 방법과 그 방법을 선택한 이유에 대해서 기술해 주십시오.
755,4,"(NCS 직업기초: 대인관계능력) 서로 다른 의견에 대한 적절한 조율 혹은 타협점 제시하여 원만하게 문제를 해결한 사례를 기술해 주십시오. ① 본인의 역할을 무엇이었으며, 어떤 문제가 있었는지 기술해 주십시오. ② 어떤 기준으로 조율 혹은 타협점을 제시하였는지, 그 이유는 무엇이었는지 기술해 주십시오."
756,4,"(NCS 직업기초: 공동체윤리) 본인의 맡은바 역할을 가장 책임감 있게 수행했던 사례를 기술해 주십시오. ① 어떤 역할을 수행해야 했으며, 어떤 부분에서 본인의 책임감이 잘 나타났다고 생각했는지 기술해 주십시오. ② 맡은 역할을 책임감 있게 수행하기 위해 노력한 부분을 기술해 주십시오."
757,4,"자신이 속했던 조직(회사, 학교 등)의 리더 또는 구성원으로서 어려운 과제나 갈등상황에 직면했던 경험이 무엇이었으며, 어떻게 해결하고자 노력하였는지 작성해 주세요."
758,4,"다음의 보기 중 하나를 택하여 기술하시오. (택하지 않은 보기는 공란으로 둘 것) ) 1. 공동의 목표달성을 위해 노력했던 경험을 설명하고, 본인이 수행한 역할은 무엇이었는지 기술하시오."
759,4,타인의 불편함을 해소하거나 불만사항을 해결해 준 경험이 있다면 기술하십시오 [ 500자이내 1000kbyte ]
760,4,소속된 집단의 동료와 함께 추진 또는 실행한 경험 중 가장 기억에 남는 것은 무엇이었는지 기술하십시오 [ 1000자이내 2000kbyte ]
761,4,"다른 구성원과 갈등이 있거나, 의견이 맞지 않는 상황이 있었을 때, 이를 어떻게 해결하셨는지 서술하십시오. (200자이내)"
762,4,"개인이 아닌, 단체의 일원으로서 구성원들과 협업을 통해 이룬 성과에 대해 작성해 주세요. 성과달성에 가장 큰 장애요인은 무엇이었으며, 어떻게 극복했는지에 대해서도 구체적으로 작성해 주세요. (최대 1,000자 입력가능)"
763,4,리더 및 팔로워로서의 경험 본인이 리더 및 팔로워로서 각각 경험했던 구체적인 행동과 당시 관련 인원들의 반응에 대하여 기술해 주십시오.
764,4,본인이 속한 조직에서 모두를 위해 기꺼이 나섰던 경험이 있다면 당시 상황과 그렇게 한 이유에 대해기술하여 주십시오.
765,4,지금까지의 경험 중 상대방을 설득하여 목표한 것을 함께 이루었던 경험이 있다면 기술하여 주십시오.
766,4,프로젝트나 과제 수행 중 협업을 통해 문제를 해결하거나 갈등을 극복했던 경험을 써주세요. (500자 이내)
767,4,"팀 프로젝트를 했던 경험 중 달성하기 힘든 목표를 달성했던 경험이 있다면 그게 무엇이었고, 협업시 힘들었던 점과 달성하기 위해 본인이 어떠한 노력을 했는지"
768,4,한국농어촌공사는 구성원의 공통역량으로 팀워크·협업 마인드를 필요로 합니다. 신입사원으로서 소속 부서의 팀워크를 발휘할 수 있는 방안에 대하여 과거의 경험에 기초하여 기술해주십시오.
769,4,학교나 직장 등에서 상기 역량(전부 또는 일부)을 발휘하여 성과를 달성한 사례가 있습니까? 그 사례를 구체적으로 기재해주시기 바랍니다.
770,4,"다른 사람을 배려하는 마음이 어느 정도라고 생각하는지, 그와 관련된 사례를 기술해 주십시오."
771,4,조직내 구성원으로 뛰어난 성과를 낸 경험
772,4,자신과 이견을 가진 상대방과 협상하여 모두에게 유리한 최종안을 도출했던 경험을 아래 항목에 따라 기술해 주시기 바랍니다. 3-1. 자신과 상대방의 입장 차이 및 합의안 도출 프로세스에 대한 기술 3-2. 모두에게 이익이 되는 합의안과 도출 이유에 대해 기술
773,4,"최근 5년 이내, 본인이 속한 조직에서 타인과의 의견차이로 인해 발생한 갈등을 원만하게 해결한 경험이 있다면, 갈등상황, 해결과정, 결과로 구분하여 구체적으로 기술해 주시기 바랍니다. (300~500자)"
774,4,"최근 5년 이내, 스스로 본인을 희생하면서 조직 구성원들의 이익을 위해 노력한 경험이 있다면, 구체적으로 기술해 주시기 바랍니다. (300~500자)"
775,4,본인이 속한 조직의 목표를 이루거나 조직내 갈등을 해결하기 위해 헌신적으로 노력하였던 경험에 대해서 기술해 주세요.
776,4,귀하가 도전정신과 열정을 가지고 소속된 팀을 성공적으로 이끌었던 경험이나 팀 작업 과정에서 겪었던 팀 내 갈등을 적극적으로 극복한 사례를 들어 귀하가 생각하는 팀워크와 리더쉽에 대해 설명해 주십시오.
777,4,가족이나 친구 등 가까운 지인들에게 자주 듣는 잔소리는 무엇이고 그것을 어떻게 개선하려고 노력하고 있습니까?
778,4,공동의 과업을 달성하는 과정에서 예상치 못한 어려움을 겪은 경험은 무엇입니까? (최대 300자 입력가능)
779,4,그 과정과 의사결정을 위해 활용한 수단과 방법은 무엇입니까? (최대 300자 입력가능)
780,4,"조직활동 중 구성원 간에 갈등이 발생했던 사례를 기술하고, 갈등을 해결하기 위해 어떤 노력을 하였는지 본인 역할을 중심으로 구체적으로 기술하여 주십시오."
781,4,"혼자 하기 어려운 일에서 다양한 자원 활용, 타인의 협력을 최대한으로 이끌어 내며, Teamwork를 발휘하여 공동의 달성에 기여한 경험에 대해 서술해 주십시오. 및 역할 / 혼자 하기 어렵다고 판단한 이유 / 목표 설정 과정 / 자원(예. 사람, 자료 등) 활용 계획 및 행동 / 구성원들의 참여도 및 의견 차이 / 그에 대한 대응 및 협조를 이끌어 내기 위한 구체적 행동 / 목표 달성 정도 및 본인의 기여도 / 경험의 진실성을 증명할 수 있는 근거가 잘 드러나도록 기술) (700~1000자 10단락 이내)"
782,4,프로젝트 및 성과를 낸 경험
783,4,"본인의 경험 중 다양한 배경과 생각을 가진 사람들과 의견을 조율하여 문제를 해결했거나, 인사 직무와 관련하여 리더십을 발휘하여 주어진 성과를 달성한 경험에 대해 기술해 주시기 바랍니다."
784,4,"처음만났거나잘알지못하는상대를위해본인이먼저배려했던경험한가지를언급하고, 상대방을위해그런행동을하게된이유를함께기술하여주십시오."
785,4,팀원으로서동료들과협력하여좋은성과를낸경험을소개해주십시오. 구체적으로본인의역할과협력을위해노력했던점을함께기술하여주십시오.
786,4,"직무관련 주요내용-직무활동, 동아리/동호회, 팀 프로젝트, 연구회, 재능기부 등 주요 직무경험을 서술하여 주십시오."
787,4,Teamwork를 발휘하여 적극적으로 문제를 해결한 경험에 대해 구체적으로 서술하여 주십시오. * [500자 이상 700자 이내]
788,4,조직 또는 팀의 목표를 이해하고 이를 달성하기 위해 노력했던 경험을 다음의 세부항목에 따라 작성해 주십시오. [Situation&Task] 해당 조직의 성격과 당시 자신의 역할에 대해 간단히 작성해 주십시오.
789,4,[Action&Result] 조직의 목표달성을 위해 귀하가 노력하였던 점과 그에 따라 조직이 달라졌던 부분을 구체적으로 제시해 주십시오.
790,4,"공동의 목표를 달성하기 위해 다른 사람들과 긴밀하게 소통하며 성공적으로 협업을 이루었던 경험이 있다면 무엇이며, 그 결과는 어떠하였는지 서술하십시오"
791,4,"공동체의 일원으로서 가장 중요하게 생각하는 가치를 제시하고, 그 가치를 실천했던 경험을 기술하여 주십시오. (800byte)"
792,4,"처음 만났거나 잘 알지 못하는 상대를 위해 본인이 먼저 배려했던 경험 한 가지를 언급하고, 상대방을 위해 그런 행동을 하게 된 이유를 함께 기술하여 주십시오. (800byte)"
793,4,팀원으로서 동료들과 협력하여 좋은 성과를 낸 경험을 소개해 주십시오. 구체적으로 본인의 역할과 협력을 위해 노력했던 점을 함께 기술하여 주십시오. (800byte)
794,4,타인과 함께 어렵거나 불리한 상황을 극복한 경험과 당시 애로사항 해결을 위해 노력했던 내용을 기술하여 주십시오.
795,4,소속집단의 공동과업을 달성하는 과정에서 어려움이나 문제로 인해 난관에 부딪혔을때 갈등을 극복하기 위해 구성원들과 적극적으로 협력했거나 이전과는 다른 방식으로 문제를 해결하고자 했던 경험에 대해서 기술하여 주십시오.
796,4,"최근 5년 이내 본인이 속한 조직에서 타인과의 의견차이로 인해 발생한 갈등을 원만하게 해결한 경험이 있다면, 갈등상황, 해결과정, 결과로 구분하여 구체적으로 기술해 주시기 바랍니다."
797,4,"최근 5년 이내 스스로 본인을 희생하면서 조직 구성원들의 이익을 위해 노력한 경험이 있다면, 구체적으로 기술해 주시기 바랍니다."
798,4,자신의 생각이나 의견을 상대방에게 성공적으로 설득했던 경험을 상황·행동·결과 중심으로 구체적으로 기술하십시오. (500자 이내)
799,4,"업무, 과제를 추진하면서 관련된 이해관계자들과 관계를 잘 유지하여 좋은 성과를 이끌어냈던 경험에 대해 구체적으로 기술해 주십시오.(500자 이내)"
800,4,직무수행을 통하여 문제해결능력을 발휘한 경험이 있다면 서술해 주시기 바랍니다. (600자 이내)
801,4,팀(조직) 내에서 갈등을 극복한 경험이 있다면 귀하는 어떠한 노력을 했습니까?
802,4,조직의 일원으로서 공동의 목표를 위해 협업했던 경험에 대해서 기술하세요.
803,4,"교내, 대외활동, 회사 등을 통해 협업을 하면서 가장 어려웠던 점은 무엇입니까? 그 어려운점을 어떻게 해결해 나갔는지에 대해 말씀해주세요. 714/800 (글자 수, 공백 포함)"
804,4,"최근 5년 이내, 본인이 속한 조직에서 타인과의 의견차이로 인해 발생한 갈등을 원만하게 해결한 경험이 있다면, 갈등상황, 해결과정, 결과로 구분하여 구체적으로 기술해 주시기 바랍니다."
805,4,"최근 5년 이내, 스스로 본인을 희생하면서 조직 구성원들의 이익을 위해 노력한 경험이 있다면, 구체적으로 기술해 주시기 바랍니다."
806,4,공동의 목표를 달성하기 위해 의견/관점 등이 서로 다른 다양한 구성운과 협력하여 시너지를 발휘
807,4,"본인이 속했던 조직 안해서 당신과 의견이나 생각이 다른 조직원을 효과적으로 설득하거나 합의를 이끌어낸 경험이 있다면 당시 상황, 행동, 이유, 결과 등에 대해 구체적으로 기술하여 주십시오.(800자)"
808,4,"귀하가 경험한 봉사활동을 구체적으로 사례를 들어 소개하고, 그 과정에서 느낀점을 작성하여 주십시오"
809,4,학교나 직장에서 팀을 이루어 성과를 이루어 내었던 경험을 기술하고 그 결과에 대해 서술하여 주십시오. (400자 이내)
810,4,"귀하가 속한 조직 또는 집단에서 구성원들과 갈등이 발생했을 때, 이를 극복했던 구체적인 경험과 자신의 행동 및 결과 등을 기술하여 주십시오. (400자 이내)"
811,4,(NCS 직업기초: 의사소통능력) 다른 사람의 잘못이나 부족한 부분에 대해 피드백 했던 사례를 기술해 주십시오.
812,4,(NCS 직업기초: 대인관계능력) 평소에 관계를 잘 하고 있어서 도움을 받을 수 있었던 사례를 기술해 주십시오.
813,4,본인의 경험 중 타인을 돕거나 같이 협동하여 성취를 이뤘던 경험과 그 과정에 대해 서술하여 주십시오.
814,4,"혼자 하기 어려운 일에서 다양한 자원 활용, 타인의 협력을 최대한으로 이끌어 내며, Teamwork를 발휘하여 공동의 목표 달성에 기여한 경험에 대해 서술해 주십시오. 및 역할/ 혼자 하기 어렵다고 판단한 이유/ 목표 설정 과정/ 자원(예. 사람, 자료 등) 활용 계획 및 행동/ 구성원들의 참여도 및 의견 차이/ 그에 대한 대응 및 협조를 이끌어 내기 위한 구체적 행동/ 목표 달성 정도 및 본인의 기여도/ 경험의 진실성을 증명할 수 있는 근거가 잘 드러나도록 기술) (700~1000 자 10 단락 이내)*"
815,4,최근 3년 내에 다양한 입장을 가진 사람들의 의견을 조율하여 협의를 이끌어 낸 경험을 서술해 주십시오.(600자 이내)
816,4,협동해서 성취한 일
817,4,단체생활의 어려움을 극복한 경험
818,4,리더십을 발휘한 경험
819,4,"최근 본인이 경험한 타인과의 갈등 사례를 한 가지 들고, 갈등의 원인과 그 상황에 어떻게 대처하였는지 서술하여 주십시오."
820,4,조직의 이익을 위해 남들이 꺼리는 일을 자발적으로 수행한 경험에 대해 서술하여 주십시오
821,4,"[대인관계능력] 다른 사람들과 함께 일을 했던 경험에 대해 설명하고, 그 경험 속에서 팀워크 형성과 협업을 이루기 위해 구체적으로 어떠한 노력을 하였는지 서술해주십시오. 1000 Bytes 이내"
822,4,"[직업윤리] 어떠한 일을 진행할 때, 원칙 준수와 일의 효율성 사이에서 갈등했던 경험에 대해 서술하고, 갈등 해결을 위해 구체적으로 어떠한 노력을 하였는지 서술해주십시오. 1000 Bytes 이내"
823,4,"혼자 하기 어려운 일에서 다양한 자원 활용, 타인의 협력을 최대한으로 이끌어 내며, 팀웍을 발휘하여 공동의 목표 달성에 기여한 경험에 대해 서술해 주십시오. 및 역할/혼자 하기 어렵다고 판단한 이유/목표 설정 과정/자원(예. 사람, 자료 등) 활용 계획 및 행동/구성원들의 참여도 및 의견 차이/그에 대한 대응 및 협조를 이끌어 내기 위한 구체적 행동/목표 달성 정도 및 본인의 기여도/경험의 진실성을 증명할 수 있는 근거가 잘 드러나도록 기술) (700~1000자 10단락 이내)"
824,4,본인의 경험 중 타인을 돕거나 같이 협동하여 성취를 이뤘던 경험과 그 과정에 대해 서술하여 주십시오 (1497byte/1500byte)
825,4,조직의 이익을 위해 남들이 꺼리는 일을 자발적으로 수행한 경험에 대하여.
826,4,팀 단위의 과제 혹은 프로젝트 활동 경험을 한 가지 선택하여 자세하게 소개해 주세요.
827,4,"(동아리, 학회, 소그룹 활동 등)의 팀 활동을 하면서 갈등 상황 시 상대방의 니즈나 의도를 명확히 파악하고 해결하여 목표 달성에 기여했던 경험에 대해 작성해 주시기 바랍니다.(500)"
828,4,"(동아리, 학회, 소그룹 모임 등)의 팀 활동을 하면서 다양한 배경(성격,문화 등)을 가진 사람들과 업무나 일을 함께 했던 경험에 대해 작성해 주시기 바랍니다."
829,4,"(대학,인턴,아르바이트 등)의 활동을 하면서 다른 사람이 생각해내지 못했던 문제점을 찾고 이를 해결한 경험에 대해 작성해 주시기 바랍니다(500자)"
830,4,공동의 목표를 달성하기 위해 의견/관점 등이 서로 다른 다양한 구성원과 협력하여 시너지를 창출했던 경험에 대해 서술해주십시오. (1600byte)
831,4,조직(단체)생활에서 리더십을 발휘하였던 경험을 기술하시기 바랍니다.
832,4,다수의 이익이나 타인을 위해 본인이 배려하거나 봉사한 경험에 대해 서술해 주십시오.
833,4,"동아리, 인턴 등 본인의 사회경험에 대해 기술해 주십시오"
834,4,"개인이 아닌, 단체의 일원으로서 구성원들과 협업을 통해 이룬 성과, 성과달성에 가장 큰 장애요인은 무엇이었으며, 어떻게 극복했는지와 본인의 역할은 무엇이었는가"
835,4,본인이 어떤 일을 처리함에 있어 계획적으로 데이터를 수집하고 듣고자 하는 사람들에게 의미있게 발표한 경험을 기술하여 주시기 바랍니다. (400자 이내)
836,4,본인이 일을 수행하는데 있어 여러 사람의 의견이 달라 이들의 의견을 통합하여 공동의 목적(목표)를 달성하기 위해 자신의 주도했던 사례를 기술해 주십시오. (400자 이내)
837,4,"본인이 어떤 단체(조직, 동아리 등)에 소속되어 공동과업을 달성하는 과정에서 구성원들과 관계에서 발생했던 어려움은 무엇이었으며, 그 어려움을 극복하기 위해 어떠한 노력을 기울였는지 구체적인 사례로 기술해 주십시오."
838,4,"(조직이해능력) 다른 사람들과 함께 일을 하던 중, 당신이 맡은 역할 이외에 다른 사람들이 맡은 일이나 과제를 갑작스럽게 대신해야만 했던 경험이 있습니까? 당시 상황 속에서 어려웠던 점이 무엇이 있으며 이를 해결하기 위해 당신이 취한 행동이 무엇이었는지 기술해 주십시오.(500자 내외)"
839,4,(공동체윤리) 당신에게 주어진 역할을 보다 책임감 있게 수행하고 더 나은 결과를 만들기 위해 노력했던 최근 경험이 있습니까? 당시 상황속 에서 당신이 취한 행동과 그 결과를 중심으로 기술해 주십시오.(500자 이내)
840,4,타인의 요구사항을 사전에 파악하여 실천했던 경험에 대해 작성해 주십시오.. (300~700자)
841,4,지금까지의 경험 중 2인 이상이 모여 공동 작업을 진행했던 경험에 대해 기술해 주시기 바랍니다. 이 경험속에서 지원자의 역할과 협력과정을 작성해 주시기 바랍니다. (300~700자)
842,4,팀워크를 발휘하여 성과를 만든 사례
843,4,리더쉽을 발휘한 경험
844,4,"의사소통 과정 중 타인을 설득한 경우, 설득하게 된 상황과 본인만의 차별화된 설득 방식 및 그 결과에 대하여 구체적 경험을 들어 기술하여 주십시오. (1000byte)"
845,4,(의사소통능력) 과제 및 업무 수행 상황에서 자신과 다른 의견을 가진 사람을 설득하여 본인이 원하는 방향으로 이끌었던 경험이 있습니까? 당시 상황을 간략하게 기술하고 설득하기 위해 취했던 행동을 구체적으로 기술해 주시기 바랍니다.
846,4,"인생을 살면서 본인이 가장 소속감을 느꼈던 집단은 무엇이며, 그 집단 내에서 타인과 협업했던 경험에 대해서 자유롭게 이야기 해 주세요. [500자 이상 700자 이내] (700자)"
847,4,"지원자 본인이, 자신의 소속 집단뿐만 아니라 주변 사람/집단까지 고려하고 배려하는 사람임을"
848,4,조직이나 팀의 일원으로서 본인 만의 강점을 발휘하여 차별화된 성과를 만들어낸 경험에 대해 구체적으로 기술해 주시기 바랍니다.
849,4,본인의 경험 중 타인을 돕거나 같이 협동하여 성취를 이뤘던 경험과 그 과정에 대해 서술하여 주십시오
850,4,지금까지의 경험 중 리더십을 발휘한 경험이 있다면 무엇이며 리더쉽을 발휘하여 성과를 창출한 경험을 기술하시오.
851,4,본인이 속한 조직에서 모두를 위해 기꺼이 나섰던 경험이 있다면 당시 상황과 그렇게 한 이유에 대해 이야기 해 주십시오.
852,4,지금까지의 경험 중 상대방을 설득하여 목표한 것을 함께 이루었던 경험이 있다면 이야기 해주십시오.
853,4,"본인이 세운 원칙, 또는 집단의 규정, 절차 등을 지키기 위해 노력했던 사례가 있다면 기술해 주십시오."
854,4,팀 목표를 달성하기 위해 팀원으로서 본인은 주로 어떤 노력을 하는지 최근 사례를 기반으로 기술해 주십시오.
855,4,"(조직이해능력) 다른 사람들과 함께 일을 하던 중, 당신이 맡은 역할 이외에 다른 사람들이 맡은 일이나, 과제를 갑작스럽게 대신해야만 했던 경험이 있습니까? 당시 상황 속에서 어려웠던 점이 무엇이며, 이를 해결하기 위해 당신이 취한 행동이 무엇이었는지 기술해 주십시오. (500자 이내)"
856,4,(공동체윤리) 당신에게 주어진 역할을 보다 책임감 있게 수행하고 더 나은 결과를 만들기 위해 노력했던 최근 경험이 있습니까? 당시 상황 속에서 당신이 취한 행동과 그 결과를 중심으로 기술해 주십시오. (500자 이내)
857,4,(NCS 직업기초: 조직이해능력) 소속되어 있던 조직에서 중요하게 여기는 규정이나 지침을 지키기 위해 노력했던 경험을 기술해 주십시오. ① 소속되어 있던 조직이 해당 규정이나 지침을 중요하게 생각하는 이유와 지켜야 했던 이유를 기술해 주십시오. ② 위 사항을 지키기 위해 어떤 노력이 필요했는지 구체적으로 기술해 주십시오.
858,4,(NCS 직업기초: 대인관계능력) 평소에 관계를 잘 하고 있어서 도움을 받을 수 있었던 사례를 기술해 주십시오. ① 평소 좋은 관계를 유지하기 위해 어떠한 노력을 했는지 기술해 주십시오. ② 도움을 받을 수 있었던 구체적인 상황과 이유를 기술해 주십시오.
859,4,"본인이 참여한 팀 활동 중 가장 기억에 남는 사례를 기술해 주세요. 각 팀원들의 역할, 과정에서 의견조율 등 어려웠던 점과 그를 극복하기 위해 어떤 노력을 기울였는지 등을 포함해 구체적으로 작성하여 주시기 바랍니다. (글자수 : 0 / 800)"
860,4,본인이 속한 단체나 조직에서 주인의식을 가지고 어떤 일에 몰두한 경험에 대해 서술해 주십시오.
861,4,"혼자 하기 어려운 일에서 다양한 자원 활용, 타인의 협력을 최대한으로 이끌어 내며, teamwork를 발휘하여 공동의 목표를 달성에 기여한 경험에 대해 서술하시오."
862,4,본인의 대인관계능력 또는 협동심을 나타낼 수 있는 경험이나 사례에 대해 기술하여 주십시오.
863,4,"[대인관계능력] 다른 사람들과 함께 일을 했던 경험에 대해 설명하고, 그 경험 속에서 팀워크 형성과 협업을 이루기 위해 구체적으로 어떠한 노력"
864,4,"직업윤리] 어떠한 일을 진행할 때, 원칙 준수와 일의 효율성 사이에서 갈등했던 경험에 대해 서술하고, 갈등 해결을 위해 구체적으로 어떠한 노력"
865,4,조직의 이익을 위해 남들이 꺼리는 일을 자발적으로 수행한 경험에 대하여. (2000byte)
866,4,의견이 다른 구성원과 협력하여 시너지를 낸 경험
867,4,자신과 이견을 가진 상대방과 협상하여 모두에게 유리한 최종안을 도출했던 경험을 아래 항목에 따라 기술해 주시기 바랍니다. 3-1. 자신과 상대방의 입장 차이 및 합의안 도출 프로세스에 대한 기술 3-2. 모두에게 이익이 되는 합의안과 도출 이유에 대해 기술 (1000자)
868,4,"혼자하기 어려운 일에서 다양한 자원 활용, 타인의 협력을 최대한으로 이끌어 내며, Teamwork를 발휘하여 공동의 목표 달성에 기여한 경험에 대해 서술해 주십시오. 및 역할/ 혼자 하기 어렵다고 판단한 이유/ 목표 설정 과정/ 자원(예. 사람, 자료 등) 활용 계획 및 행동/ 구성원들의 참여도 및 의견 차이/ 그에 대한 대응 및 협조를 이끌어 내기 위한 구체적 행동/ 목표 달성 정도 및 본인의 기여도/ 경험의 진실성을 증명할 수 있는 근거가 잘 드러나도록 기술) (700~1000자 10단락 이내)"
869,4,교내 활동(글자수 제한)
870,4,팀워크를 발휘했던 경험
871,4,공동의 목표를 달성하기 위해 의견/관점 등이 서로 다른 다양한 구성원과 협력하여 시너지를 창출했던 경험에 대해 서술해주십시오.
872,4,공동의 목표를 달성하는 과정에서 팀원들과 갈등이 발생했던 경험과 그 해결방법에 대해 소개해 주십시오. (600자)
873,4,(의사소통능력) 과제 및 업무 수행 상황에서 구성원들 간의 갈등을 중재하거나 효율적으로 과제 및 업무가 진행될 수 있도록 의사 발언을 한 경험이 있습니까? 상황을 설명해 주시고 본인이 생각하는 업무 효율성 또는 업무 성과를 높이기 위한 효과적인 의사소통 방법을 기술해 주십시오.
874,4,학교 생활이나 본인이 속해 있던 단체 또는 조직 내 구성원의 다양한 의견을 단일화되도록 이끌었던 경험에 대하여 기술해 주세요.
875,4,"(의사소통능력) 조직이나 단체 생활 중 다른 구성원들과 원활한 정보 공유나 소통이 이루어지지 않아 어려움을 겪었던 경험을 소개해 주십시오. 당시 구성원과의 의사소통에 있어 보다 긍정적인 변화를 이끌기 위해 어떤 노력을 기울였는지, 그리고 그 결과는 어땠는지 기술해 주십시오. (500자 이내)"
876,4,"본인이 판단하기에 함께 일(학습, 동아리 등)하기 어려웠던 사람(동료, 친구, 상사들)에 관한 경험에 대하여 기술하여 주십시오."
877,4,최근 5년간 자신이 속한 조직 내에서 자신의 가치관과 조직의 가치관이 충돌한 경험에 대하여 기술하여 주시기 바랍니다.
878,4,본인이 판단하기에 한국사에서 소통을 활성화하거나 사회적 갈등해결에 기여한 인물 또는 제도에 대하여 기술하여 주십시오.
879,4,지금까지의 경험 중 리더십을 발휘한 경험이 있다면 무엇이며 리더쉽을 발휘하여 성과를 창출한 경험을 기술하시오.(1000)
880,4,"다른 사람들을 설득하고 지지를 이끌어 내야 했던 경험이 있다면, 구체적인 사례를 바탕으로 그 과정과 결과를 기술해 주세요."
881,4,(공동체윤리) 당신에게 주어진 역할을 보다 책임감 있게 수행하고 더 나은결과를 만들기 위해 노력했던 최근 경험이 있습니까? 당시 상황 속에서 당신이 취한 행동과 그 결과를 중심으로 기술해 주십시오. (500자 이내)
882,4,"본인이 소속된 조직에서 타인의 협력을 통해 공동의 목표를 추구했던 경험과, 이를 통해 깨달은 점이 있다면 기술해 주십시오."
883,4,동아리/사회봉사활동
884,4,"공동의 목표 달성을 위한 협업 경험을 본인이 수행한 역할 중심으로 제시하고, 해당 경험을 통해 무엇을 얻었는지 기술 (700자)"
885,4,"어떠한 일을 진행할 때, 원칙 준수와 일의 효율성 사이에서 갈등했던 경험에 대해 서술하고, 갈등 해결을 위해 구체적으로 어떠한 노력을 하였는지 서술해주십시오."
886,4,주변 사람들로부터 본인은 어떠한 사람이라는 이야기를 자주 듣습니까?
887,4,"혼자 하기 어려운 일에서 다양한 자원 활용, 타인의 협력을 최대한으로 이끌어 내며, Teamwork를 발휘하여 공동의 목표 달성에 기여한 경험에 대해 서술해 주십시오. 및 역할/혼자 하기 어렵다고 판단한 이유/ 목표 성정 과정/ 자원(예, 사람, 자료 등) 활용 계획 및 행동/ 구성원들의 참여도 및 의견 차이/ 그에 대한 대응 및 협조를 이끌어내기 위한 구체적 행동/ 목표 달성 정도 및 본인의 기여도/ 경험의 진실성을 증명할 수 있는 근거가 잘 드러나도록 기술) (700~1000자 10단락 이내)"
888,4,입장 차이가 있는 여러 사람들과의 팀워크 향상 및 공동 목표 달성에 기여한 대표적 경험에 대해 서술해 주십시오. (600자 이내로 기술)
889,4,"[대인관계능력] 다른 사람들과 함께 일을 했던 경험에 대해 설명하고, 그 경험 속에서 팀워크 형성과 협업을 이루기 위해 구체적으로 어떠한 노력을 하였는지 서술해주십시오"
890,4,조직의 이익을 위해 남들이 꺼리는 일을 자발적으로 수행한 경험
891,4,"협업,팀워크를 통해 달성한 성과를 서술하여 주시기 바랍니다."
892,4,"혼자 하기 어려운 일에서 다양한 자원 활용, 타인의 협력을 최대한으로 이끌어내며, Teamwork를 발휘하여 공동의 목표 달성에 기여한 경험에 대해 서술해 주십시오."
893,4,"혼자 하기 어려운 일에서 다양한 자원 활용, 타인의 협력을 최대한으로 이끌어내며, 팀워크를 발휘하여 공동의 목표 달성에 기여한 경험에 대해 서술해 주십시오. 활용 계획 및 행동/ 구성원들의 참여도 및 의견차이/ 그에 대한 대응 및 협조를 이끌어 내기 위한 구체적 행동/ 목표 달성 정도 및 본인의 기여도/ 경험의 진실성을 증명할 수 있는 근거가 잘 드러나도록 기술)"
894,4,조직 내 갈등 극복을 위해 어떤 노력을 했고 공동의 목표 달성을 위해 남들보다 더 노력하고 헌신했던 경험을 기술해 주십시오.
895,4,(대인관계능력) 조직 및 단체 활동을 하면서 흩어진 의견을 하나로 통합하여 성공적인 결과를 도출했던 경험에 대하여 기술해 주십시오. (500자 이내)
896,4,지금까지의 경험 중 상대방을 설득하여 본인이 목표한 것을 함께 이루었던 경험이 있다면 이야기 해주십시오.
897,4,"스터디 그룹, 학과, 동아리, 회사부서와 같은 조직 내에서 팀원과 공동의 목표를 달성하기 위해 협력했던 경험에 대해 기술해 주시기 바랍니다. - 본인이 수행한 업무가 무엇이며 왜 그러한 업무를 맡게 되었습니까? - 사람들과 함께 일을 처리해 나가면서 그 사람들과의 긍정적 관계 구축을 위해 추가적으로 기울인 노력과 결과에 대해 기술해 주시기 바랍니다."
898,4,"학과, 동아리, 회사 등에서 개인적 성과 또는 조직의 목표를 달성하고 성과를 창출하기 위해 본인이 맡은 업무에 책임감을 가지고 능동적으로 수행했던 사례에 대해 기술해 주십시오."
899,4,"학과, 동아리, 회사 등에서 공정, 투명, 정직의 원칙을 지키기 위해 본인의 희생 또는 손해를 감수하면서 까지 노력했던 사례에 대해 기술해 주십시오."
900,4,조직에서의 갈등상황을 소통과 협력을 통해 극복한 경험을 본인만의 노하우를 바탕으로 기술하시오
901,4,사회경험 및 업무관련 지식·경험 등
902,4,"혼자 하기 어려운 일에서 다양한 자원 활용, 타인의 협력을 최대한으로 이끌어 내며, teamwork를 발휘하여 공동의 목표 달성에 기여한 경험에 대해 서술해 주십시오"
903,4,"(조직이해능력) 본인이 과거에 속했던 조직의 조직문화 또는 조직특성을 파악하고 이해하기 위해 어떠한 행동/노력을 했는지에 대해 자세하게 기술해 주십시오. 그 조직 내에서 맡았던 역할과 의무가 무엇이었는지, 그 결과가 어떠하였는지에 대해 구체적으로 기술해 주십시오. (500자 이상, 600자 이하)"
904,4,"(대인관계능력) 공동의 목표에 대해 나와는 다른 아이디어를 가진 구성원들과 협력하여 성공적으로 마쳤던 사례에 대해 기술해 주십시오. 당시 본인의 역할은 무엇이었는지, 의견대립 상황을 극복하기 위해 어떠한 노력을 했는지, 어떤 결과를 도출하게 되었는지에 대해 기술해 주십시오. (500자 이상, 600자 이하)"
905,4,"성장과정, 학교생활 및 특기사항(사회봉사활동 및해외경험 등)*"
906,4,본인이 생각하는 리더십과 오너십의 정의 및 본인의 리더십과 오너십을 발휘한 성공 경험을 기술해 주십시오.
907,4,"정직, 남을 위한 봉사, 규칙 준수 등 윤리적인 행동으로 좋은 결과를 얻었던 경험을 아래 세부 항목에 따라 구체적으로 작성해 주십시오. (800자 이내)"
908,4,"집단(학교, 회사, 동아리, 동호회 등)의 원만한 화합, 또는 공동의 목표 달성을 위해 남들보다 더 많이 노력하고 헌신했던 경험을 아래 세부 항목에 따라 구체적으로 작성해 주십시오. (800자 이내)"
909,4,"단체(학교, 회사, 동아리, 동호회 등)에서 대화나 토론을 통해 상호 입장과 상황을 정확히 이해함으로써 건설적으로 문제를 해결해 본 경험에 대해 아래 세부 항목에 따라 작성해 주십시오. (800자 이내)"
910,4,[Part2] 새로운 환경이나 조직에서 목표달성을 위해 타인과 소통 및 협력한 경험을 본인의 역할을 중심으로 기술해주십시오.
911,4,교내외 단체활동 및 봉사활동-700자 이내
912,4,특기사항- 동아리 활동 및 사회봉사활동 경험에 대해 서술하시오.
913,4,(신뢰받는 Partner) 신뢰받는 Partner가 되기 위해 본인이 기울였던 노력은 무엇인지 구체적인 사례를 들어 기술하여 주십시오.
914,4,"기존의 관행에 대해 문제를 제기하고, 팀워크를 발휘하여 이를 해결하거나 개선한 경험을 구체적으로 작성해주시기 바랍니다."
915,4,"주제3.학업 외 활동사항(학회·동아리활동, 아르바이트 등)"
916,4,"최근 사회 및 조직에서 한정된 자원을 두고 세대 간?집단 간 경쟁하거나 갈등을 겪는 사례*가 많습니다. 이러한 사례를 1가지 들고, 어떠한 방법으로 갈등을 최소화 할 수 있을지 본인의 생각을 서술 해 주십시오."
917,4,"함께 일했던 동료들은 지원자분의 성격에 대해 평소 어떤 의견을 주나요? 자신이 생각하기에 주변에서 그렇게 자신을 판단하는 이유나 결정적인 사례가 있다면 기술해주시기 바랍니다. 또한 그런 의견에 얼마나 동의하는지, 생각 차이가 있는 점이 있다면 그 이유는 무엇인가요? [ 1자 이상 500자 이내 ]"
918,4,"단체활동(학교, 회사, 가정, 기타)을 하며 겪었던 갈등과 이를 해결하기 위해 본인이 했던 행동을 기술해주세요. 본인이 생각하는 문제의 이유와 본인의 행동이 문제해결 및 단체에 어떤 영향을 주었는지도 설명해주세요. (500자 이내) (최대 500자 입력가능)"
919,4,자신이 속해 있던 조직 내에서 갈등을 겪었던 경험에 대해 얘기하고 어떤 과정을 통해 갈등을 해결하였는지에 대해 기술하여 주십시오.
920,4,본인이 속해있던 집단 또는 조직에서 구성원들과 협동하면서 우수한 결과를 얻었던 경험과 그 과정에서 자신의 행동 및 노력 등을 구체적으로 기술하시오.
921,4,조직 및 단체에 소속되어 공동과업을 성공적으로 수행한 경험과 그 당시 본인이 어떤 기여를 했는지 기술하시오. (500자 이내)
922,4,"공동의 목표 달성을 위한 협업 경험을 본인이 수행한 역할 중심으로 제시하고, 해당 경험을 통해 무엇을 얻었는지 기술해 주십시오. (최대 700자 입력가능)"
923,4,"개인의 이익 또는 편리함보다 자신이 속했던 단체, 모임 등의 이익을 우선 시 함으로써 과제의 성공, 효과적인 협업 또는 문제해결에 기여했던 사례를 기술해 주십시오."
924,4,귀하께서 나와 다른 누군가와 공감하기 위해 본인의 행동을 변화 시켰던 경험이 있다면 상세히 기술해 주시기 바랍니다.
925,4,공동의 목표 달성을 위한 협업을 본인이 수행한 역할 중심으로 제시하시고 해당 경험을 통해 무엇을 얻었는지 서술하세요
926,4,"공동의 목표를 달성하기 위해 타인과 협업했던 경험과 그 과정에서 귀하가 수행한 역할, 그리고 해당 경험을 통해 얻은 것은 무엇인지 구체적으로 기술해 주십시오. [100자 이상 600자 이내]"
927,4,본인이 속한 조직 또는 팀에서 발생한 예상치 못한 문제를 해결해 본 경험이 있습니까?
928,4,그 과정에서 수행한 역할은 무엇입니까?
929,4,친구들이나 주변 사람들은 지원자를 어떤 사람이라고 평가합니까?
930,4,"팀 또는 조직 내에서 활동했던 경험(학교, 동아리, 동호회, 직장 등) 중 본인이 팀 또는 조직 발전을 위해 헌신적으로 노력을 기울인 사례에 대해 구체적으로 작성해 주십시오."
931,4,"고등학교/전문대학/대학 재학 시 학창생활, 동아리/학회할동(활동단체명/기간/역할/리더경험) 등을 구체적으로 기재하여 주시기 바랍니다."
932,4,자신과 이견을 가진 상대방과 협상하여 모두에게 유리한 최종안을 도출했던 경험을 아래 항목에 따라 기술해 주시기 바랍니다
933,4,다른 사람들과 함께 목표를 달성하기 위해 노력했던 경험과 본인의 역할에 대해 구체적으로 기술해주시기 바랍니다. [500자 이상 800자 이내]
934,4,공동과제 수행 시 자신에게 주어진 과업 이상을 했던 경험이나 일을 추진하는 데 있어 타인과의 협력을 통해 큰 성과를 거두었던 경험을 기술해 주십시오.
935,4,"조직 또는 팀의 구성원으로서 팀원간의 갈등을 해소하고, 협력하는 분위기를 조성하셨던 경험을 다음의 세부 항목에 따라 작성해 주십시오. III-1[Situation & Task] 당시 조직의 구성과 구성원간 갈등이 벌어졌던 상황에 대해 간단히 작성해주십시오.III-2[Action & Result] 구성원간의 갈등을 해소하기 위해 어떤 노력을 하셨으며, 그에 따른 결과는 무엇이었는지 구체적으로 제시해 주십시오."
936,4,"공동의 목표를 달성하기 위한 단체활동 중에 다른 동료와 갈등이 있었던 경험, 이를 극복하기 위한 본인의 노력, 해당 경험을 통한 교훈은 무엇인지 구체적으로 기술해 주시기 바랍니다."
937,4,"본인이 가장 중요하게 여겨온 도덕적 신념과 그것을 지키고자 노력했던 구체적인 사례를 기술해주시고, 기금의 일원이 되었을 때 그러한 신념이 조직에서 어떻게 발현될 수 있을지에 대해 기술해 주시기 바랍니다."
938,4,다른 사람을 효과적으로 설득하기 위해 주로 어떤 부분을 고려하십니까? 귀하가 경험한 가장 최근 사례를 기반으로 기술해 주십시오. ① 상대방을 설득해야만 했던 상황과 이유에 대해서 기술해 주십시오. ② 상대방을 설득하기 위해 사용한 방법과 그 방법을 선택한 이유에 대해서 기술해 주십시오.
939,4,본인의 일은 아닌지만 다른 사람의 필요를 먼저 파악하여 도와준 경험에 대해서 기술해 주십시오. ① 상대방의 필요를 어떻게 파악하게 되었는지 구체적인 경위와 상황을 기술해 주십시오. ② 상대방을 먼저 도와주어야겠다고 판단한 근거와 고려한 사항은 무엇인지 구체적으로 기술해 주십시오.
940,4,"혼자가 아닌, 다른 사람과 함께 같은 목표를 위해 노력한 경험이 있나요? 당시의 배경, 목표, 역할, 과정 및 결과를 포함해 구체적으로 말씀해주세요."
941,4,친구 또는 동료들과 협업하여 어려운 과제나 문제 상황을 해결하였던 경험을 기술해 주세요.
942,4,조직 또는 팀의 목표를 이해하고 이를 달성하기 위해 노력했던 경험을 다음의 세부항목에 따라 작성해 주십시오. [Situation & Task] 해당 조직의 성격과 당시 자신의 역할에 대해 간단히 작성해 주십시오.
943,4,[Action & Result] 조직의 목표달성을 위해 귀하가 노력하였던 점과 그에 따라 조직이 달라졌던 부분을 구체적으로 제시해 주십시오.
944,4,조직 또는 팀의 구성원으로서 팀원간의 갈등을 해소하고 협력하는 분위기를 조성하셨던 경험을 다음의 세부항목에 따라 작성해 주십시오.[Situation & Task] 당시 조직의 구성과 구성원간의 갈등이 벌어졌던 상황에 대해 간단히 작성해 주십시오.
945,4,"[Action & Result] 구성원간의 갈등을 해소하기 위해 어떤 노력을 하셨으며, 그에 따른 결과는 무엇이었는지 구체적으로 제시해 주십시오."
946,4,본인의 일은 아닌지만 다른 사람의 필요를 먼저 파악하여 도와준 경험에 대해서 기술해 주십시오. ① 상대방의 필요를 어떻게 파악하게 되었는지 구체적인 경위와 상황을 기술해 주십시오. ② 상대방을 먼저 도와주어야겠다고 판단한 근거와 고려한 사항은 무엇인지 구체적으로 기술해 주십시오
947,4,사업목표를 달성하기 위해 나름대로 최선을 다해 과업을 수행하고 있었다. 그러나 상사와 동료간의 갈등으로 직장생활에 어려움이 발생하였을 때 어떻게 하면 갈등을 해소할 수 있고 활기찬 직장분위기를 조성할 수 있는지 설명하십시오.
948,4,조직이나 팀의 일원으로서 본인이 맡은 바를 책임감있게 수행하여 조직의 구성원으로서 성과를 만들어낸 경험이 있다면 그에 대해 구체적으로 기술하시오.
949,4,"개인적인 어려움과 희생을 각오하고 조직 내에서 윤리적, 도덕적으로 행동했던 경험이 있다면 구체적으로 기술하시오."
950,4,(의사소통능력) 과제 및 업무 수행 상황에서 구성원들 간의 갈등을 중재하거나 효율적으로 과제 및 업무가 진행될 수 있도록 의사 발언을 한 경험이 있습니까? 상황을 설명해 주시고 본인이 생각하는 업무 효율성 또는 업무 성과를 높이기 위한 효과적인 의사소통 방법을 기술 해 주십시오.
951,4,"팀활동에 조화롭게 참여하지 못하는 등 조직에 잘 적응하지 못하는 구성원과 함께 지냈던 경험을 기술하고, 그 당시 지원자는 어떻게 대처했는지에 대해 구체적으로 기술해 주십시오."
952,4,다른 사람들과 적극적으로 협조하여 성과를 냈던 대표적인 경험
953,4,조직 생활에서 본인이 수행한 업무
954,4,"타인과 함께 협동하여 문제를 해결한 경험과 그 과정에서 본인의 역할, 갈등, 극복을 위한 노력 등을 기술하시오. (600자)"
955,4,팀 목표를 달성하기 위해 팀원으로서 본인은 주로 어떤 노력을 하는지 최근 사례를 기반으로 기술해주십시오
956,4,속한 조직을 위해 헌신했던 경험
957,4,"혼자하기 어려운 일에서 다양한 자원 활용, 타인의 협력을 최대한으로 이끌어 내며, Teamwork를 발휘하여 공동의 목표 달성에 기여한 경험에 대해 서술해 주십시오."
958,4,조직 또는 팀의 목표를 이해하고 이를 달성하기 위해 노력했던 경험을 다음의 세부항목에 따라 작성해 주십시오.
959,4,조직 또는 팀의 구성원으로서 팀원간의 갈등을 해소하고 협력하는 분위기를 조성하였던 경험을 다음의 세부항목에 따라 작성해 주십시오.
960,4,본인의 대인관계능력 또는 협동심을 나타낼 수 있는 경험이나 사례에 대해 기술하여 주십시오
961,4,자신의 생각이나 의견을 상대방에게 성공적으로 설득했던 경험을 기술하여 주십시오.
962,4,본인이 속해있던 집단 또는 조직에서 구성원들과 협동하면서 우수한 결과를 얻었던 경험과 그 과정에서 자신의 행동 및 노력 등을 구체적으로 기술하시오. (500)
963,4,조직에서의 갈등상황을 소통과 협력을 통해 극복한 경험을 본인만의 노하우를 바탕으로 기술하시오.
964,4,지원자 본인이 어떤 일을 할 때 동료 또는 주위 사람들과 적극적으로 소통하고 협력하면서 융화를 위해 노력하는 사람임을 가장 잘 보여주는 최근 5년 이내의 사례 하나를 아래 세부 항목에 따라 작성해 주십시오.
965,4,타인의 요구사항을 사전에 파악하여 실천했던 경험에 대해 작성해 주십시오.
966,4,"지원자의 메시지 전달능력, 타인 메시지 이해능력을 활용하여 상호간 만족스러운 의사소통을 진행했던 경험에 대해 작성해 주십시오."
967,4,지금까지의 경험 중 2인 이상이 모여 공동 작업을 진행했던 경험에 대해 기술해 주시기 바랍니다. 이 경험속에서 지원자의 역할과 협력과정을 작성해 주시기 바랍니다.
968,4,갈등관계에 있거나 본인에게 불만이 있는 상대방을 설득하거나 불만을 해소한 경험에 대해 기술하시오
969,4,갈등 상황을 해결했던 경험
970,4,내에서 갈등을 극복한 경험이 있다면 귀하는 어떠한 노력을 했습니까?
971,4,"자신이 규칙 및 규정준수, 준법성 등과 같은 공동체 윤리를 중요하게 여기는 사람임을 입증할 수 있는 사례를 구체적으로 서술해주십시오."
972,4,조직 또는 팀의 목표를 이해하고 이를 달성하기 위해 노력했던 경험을 다음의 세부항목에 따라 작성해 주십시오
973,4,조직의 목표달성을 위해 귀하가 노력하였던 점과 그에 따라 조직이 달라졌던 부분을 구체적으로 제시해 주십시오
974,4,신뢰를 지켰던 경험을 기술해주세요
975,4,"관련된 사람들의 관계(예. 친구, 직장 동료) 및 역할/ 혼자 하기 어렵다고 판단한 이유/ 목표 설정 과정/ 자원(예. 사람, 자료 등) 활용 계획 및 행동/ 구성원들의 참여도 및 의견 차이/ 그에 대한 대응 및 협조를 이끌어 내기 위한 구체적 행동/ 목표 달성 정도 및 본인의 기여도/ 경험의 진실성을 증명할 수 있는 근거가 잘 드러나도록 기술"
976,4,"다른 사람들과 원활한 의사소통을 하기 위해, 본인이 갖고 있는 효과적인 방법을 경험을 바탕으로 소개해주세요."
977,4,과제 및 업무 수행 상황에서 구성원들 간의 갈등을 중재하거나 효율적으로 과제 및 업무가 진행될 수 있도록 의사 발언을 한 경험이 있습니까? 상황을 설명해 주시고 본인이 생각하는 업무 효율성 또는 업무 성과를 높이기 위한 효과적인 의사소통 방법을 기술해 주십시오. (1000바이트)
978,4,"혼자 하기 어려운 일에서 타인의 협력을 최대한으로 이끌어 내며, Teamwork를 발휘하여 공동의 목표 달성에 기여한 경험에 대해 기술해 주십시오."
979,4,"학교생활, 사회생활 등을 하면서 개인의 입장보다 상대방의 입장을 먼저 생각하여 본인이 손해를 보더라도 상대방의 이익을 위해 노력했던 경험을 기술"
980,4,재학 또는 재직기간 동안 리더십을 발휘한 경험을 기술해 주십시오. [ 200자 이상 1000자 이내]
981,4,본인이 속해있던 집단 또는 조직에서 구성원들과 협동하면서 우수한 결과를 얻었던 경험과
982,4,"[대인관계능력] 본인이 어떤 단체(조직, 동아리 등)에 소속되어 공동과업을 달성하는 과정에서 구성원들과의 관계에서 발생했던 어려움은 무엇이었으며, 그 어려움을 극복하기 위해 어떠한 노력을 했는지 기술하여 주시기 바랍니다."
983,4,"[의사소통능력] 자신의 생각이나 의견을 상대방에게 성공적으로 설득했던 경험을 상황, 행동, 결과 중심으로 기술하여 주시기 바랍니다."
984,4,[자원관리능력] 한정된 시간·자본·시설·인적자원에도 불구하고 이를 이겨내고 주어진 업무나 과제를 성공적으로 마친 경험이 있으면 기술하여 주시기 바랍니다.
985,4,협력과 노력으로 일궈낸 장학금
986,4,과제 및 업무 수행 상황에서 구성원들 간의 갈등을 중재하거나 효율적으로 과제 및 업무가 진행될 수 있도록 의사 발언을 한 경험이 있습니까?
987,4,"외부환경이나 타인으로 인해 일이 지연되었을 때, 지원자께서 지도력이나 추진력을 바탕으로 적기에 일을 완수한 경험을 기술해 주십시오"
988,4,"함께 일하고 싶지 않은 사람의 유형에 대해 설명하고, 만약 부득이하게 같이 일하게 되었을 때는 어떻게 할 것인지에 대하여 기술해 주십시오. 500자"
989,4,사회(봉사)활동 경험
990,4,귀하의 경험사례 중 타인에게 추천 또는 소개하고 싶은 경험과 그 이유를 기술하십시오.
991,4,"팀워크를 발휘하여 공동의 목표 달성에 기여한 경험에 대해 서술해 주십시오. - 구성원 간 갈등 상황 시, 이를 해결하기 위해 어떻게 대응(구체적 행동)했나요? - 목표 달성 과정에서 본인의 역할과 기여한 것은 무엇이었나요?"
992,4,그 인물 또는 제도가 당시 사회나 국가에 어떠한 영향을 주었다고 생각하는지 기술하여 주십시오.
993,4,학부생 연구실습에서의 협력과 노력
994,4,"인생을 살면서 본인이 가장 소속감을 느꼈던 집단은 무엇이며, 그 집단 내에서 타인과 협업했던 경험에 대해서 자유롭게 이야기 해 주세요. [ 500자 이상 700자 이내 ]"
995,4,"회사, 동아리, 소그룹 활동 등) 팀 활동을 하면서 본인과 생각이 다른 사람의 의견을 모아 절충한 사례를 들고, 그 과정에서 갈등요인을 해결하기 위한 자신만의 방법과 성과를 구체적으로 기술해 주십시오."
996,4,소속집단의 공동과업을 달성하는 과정에서 발생된 어려움 및 갈등을 극복하기 위해 구성원들과 적극적으로 협력했던 경험에 대해서 기술해 주십시오. 또한 협력하는 과정에서 갈등이 발생했다면 어떻게 극복했는지도 함께 기술해 주십시오. (500자 이내)
997,4,"지금까지 여러 조직에서 생활해 오면서 조직의 중요성에 대한 경험을 설명하여 주시고, 이러한 경험을 바탕으로 우리 원 조직원으로서의 역할이 무엇인지 설명하십시오."
998,4,"본인이 소속된 조직(학과, 인턴, 동아리, 프로젝트 등)의 목표를 달성하기 위해 노력했던 경험을 아래 항목에 따라 기술해 주시기 바랍니다. 1-1. 소속된 조직의 목표, 성과, 문화, 비전 등을 이해하고, 수용하기 위해 노력한 행동에 대해 기술 1-2. 소속된 조직에서 본인의 역할(업무, 책임 등)을 완수하기 위해 전문성, 역량, 장점 등을 발휘한 사례에 대해 기술 963/(800-1000)"
999,4,최근 3 년 내에 다양한 입장을 가진 사람들의 의견을 조율하여 협의를 이끌어 낸 경험을 서술해 주십시오.(600 자 이내) 596/600
1000,4,"지금까지 살면서 대가를 바라지 않고 귀하가 속한 사회(학교, 조직, 지역사회 등)를 더 좋게 만들기 위해서 공헌한 점이 있다면 구체적으로 서술해 주십시오. (600 자 이내) 592/600"
1001,4,프로젝트 및 연구성과 경험
1002,4,"집단(학교, 회사, 동아리, 동호회 등)의 원만한 화합, 또는 공동의 목표 달성을 위해 남들보다 더 많이 노력하고 헌신했던 경험을 아래 세부 항목에 따라 구체적으로 작성해 주십시오. 3-1. 언제, 어디서 있었던 일이며, 당시 갈등 상황이나 목표는 무엇이었는지 기술해 주십시오. (200자 이내)"
1003,4,"단체(학교, 회사, 동아리, 동호회 등)에서 대화나 토론을 통해 상호 입장과 상황을 정확히 이해함으로써 건설적으로 문제를 해결해 본 경험에 대해 아래 세부 항목에 따라 작성해 주십시오. 5-1. 구성원들이 의견 차이를 보였던 견해에는 어떤 것들이 있었고 그 이유는 무엇인지, 그리고 본인의 입장은 어떠했는지 기술해 주십시오. (200자 이내)"
1004,4,"스터디 그룹, 학과, 동아리, 회사부서와 같은 조직내에서 팀원과 공동의 목표를 달성하기 위해 협력했던 경험에 대해 기술해 주시기 바랍니다."
1005,4,"업무, 과제를 추진하면서 관련된 이해관계자들과 관계를 잘 유지하여 좋은 성과를 이끌어냈던경험에 대해 구체적으로 기술해 주십시오"
1006,4,"학업, 팀 프로젝트 등 다양한 경험을 하면서 한정된 시간, 정보, 인력에도 불구하고 이를 이겨내고 주어진 업무나 과제를 성공적으로 마칠 수 있었던 경험이 있다면구체적으로 기술해 주십시오"
1007,4,자신이 속했던 그룹에서(가족은 제외) 의견이 달라 어려움을 겪었던 경험과 그 상황을 해결했던 과정을 서술해주세요.
1008,4,학업 이외의 다양한 경험
1009,4,"혼자 하기 어려운 일에서 다양한 자원 활용, 타인의 협력을 최대한으로 이끌어 내며, Teamwork를 발휘하여 공동의 목표 달성에 기여한 경험에 대해 서술해 주십시오. 및 역할/ 혼자 하기 어렵다고 판단한 이유/ 목표 설정 과정/ 자원(예. 사람, 자료 등) 활용 계획 및 행동/ 구성원들의 참여도 및 의견 차이/ 그에 대한 대응 및 협조를 이끌어내기 위한 구체적 행동/ 목표 달성 정도 및 본인의 기여도/ 경험의 진실성을 증명할 수 있는 근거가 잘 드러나도록 기술) (700~1000자 10단락 이내)"
1010,4,[창의성 및 문제해결] 귀하가 속한 단체나 조직에서 유연한 사고와 창의성을 발휘하여 변화를 주도하거나 어려운 문제를 해결하였던 경험에 대해 기술하여 주십시오.
1011,4,[감동 및 행복] 주변 사람들에게 인간미를 발휘하여 감동(행복)을 주었던 경험을 기술하여 주십시오.
1012,4,"기타사항 (연수, 사회봉사활동 등) (0~2000자)"
1013,4,"[대인관계능력] (최근 3년 이내의 경험 중에서) 나에게 예상되는 손해(피해)를 감수하고, 약속과 원칙을 지켜 신뢰를 형성/유지했던 경험이 있으면 기술해 주십시오. (500자)"
1014,4,[조직이해능력] (최근 3년 이내의 경험 중에서) 지금까지 조직에 속해서 본인의 역할을 수행했던 경험이 있으면 기술해 주십시오. (500자)
1015,4,[직업윤리] (최근 3년 이내의 경험 중에서) 사회적인 법규 또는 조직 내 규범을 성실하게 이행했던 경험이 있으면 기술해 주십시오. (500자)
1016,4,"혼자하기 어려운 일에서 다양한 자원 활용, 타인의 협력을 최대한 이끌어 내며, Teamwork을 발휘하여 공동의 목표 달성에 기여한 경험에 대해 서술해 주십시오."
1017,4,"본인이 소속된 조직(학과, 인턴, 동아리, 프로젝트 등)의 목표를 달성하기 위해 노력했던 경험을 아래 항목에 따라 기술해 주시기 바랍니다. 1-1. 소속된 조직의 목표, 성과, 문화, 비전 등을 이해하고, 수용하기 위해 노력한 행동에 대해 기술 1-2. 소속된 조직에서 본인의 역할(업무, 책임 등)을 완수하기 위해 전문성, 역량, 장점 등을 발휘한 사례에 대해 기술"
1018,4,*최근 5년 이내 다른 사람들이 지나치거나 묵인한 문제를 해결하기 위해 노력했던 경험에 대해 작성하여 주십시오.
1019,4,"본인과 생각이 다른 사람의 의견을 모아 절충하고 조정한 사례를 들어, 그 과정에서 갈등요인을 어떤 방법을 통해 해결했으며, 그 해결방법을 선택한 이유는 무엇이며, 이후 성과는 무엇인지 구체적으로 기술해 주시기 바랍니다."
1020,4,본인의 일은 아니지만 다른 사람의 필요를 먼저 파악하여 도와준 경험에 대해서 기술해 주십시오. ① 상대방의 필요를 어떻게 파악하게 되었는지 구체적인 경위와 상황을 기술해 주십시오. ② 상대방을 먼저 도와주어야겠다고 판단한 근거와 고려한 사항은 무엇인지 구체적으로 기술해 주십시오.
1021,4,"[Cooperation] 협업을 통해 좋은 성과를 달성했던 사례와, 실패했던 사례를 한가지씩 말씀해주십시오. 각 경험에서 가장 어려웠던 점과 이를 통해 얻은 것을 함께 기술해주십시오.(898/900)"
1022,4,프로젝트나 집단 활동의 목표를 달성하기 위해 자신이 기여한 사례가 있다면 구체적으로 서술하여 주시기 바랍니다.
1023,4,"조직(팀, 프로젝트 등)에서 구성원들의 의견을 수용하고 반영하여 긍정적인 결과를 도출해 냈던 최근의 사례에 대해 기술해주십시오. 본인의 역할과 행동 그리고 주요 성과를 중심으 로, 구체적으로 작성해주십시오."
1024,4,"조직(팀, 프로젝트 등)에서 편법을 사용하여 손쉽게 성과를 얻어낼 수 있는 유혹이 있었음에도 불구하고, 정직한 방법을 택했던 최근의 사례에 대해 기술해주십시오. 본인의 역할과 행동 그리고 주요 성과를 중심으로, 구체적으로 작성해주십시오."
1025,4,"공동의 목표를 달성하기 위해 타인과 협업했던 경험과 그 과정에서 본인이 수행한 역할, 그리고 해당 경험을 통해 얻은 것은 무엇인지 구체적으로 기술해 주십시오. (최대 800자 입력가능)"
1026,4,그 동안 소속 조직에서 노력했던 점
1027,4,단체생활에서 본인은 주로 어떤 역할을 맡는지 또 그 이유는 무엇인지 설명해 주세요.
1028,4,본인의 의사와 정반대되는 주장을 하는 직장 상사 또는 동료를 어떻게 설득할 것인지 작성하여 주십시오.
1029,4,조직 또는 팀의 구성원으로서 팀원간의 갈등을 해소하고 협력하는 분위기를 조성하셨던 경험을 다음의 세부항목에 따라 작성해 주십시오
1030,4,"혼자 하기 어려운 일에서 다양한 자원 활용, 타인의 협력을 최대한으로 이끌어 내며, Teamwork를 발휘하여 공동의 목표 달성에 기여한 경험에 대해 서술해 주십시오"
1031,4,자신과 이견을 가진 상대방과 협상하여 모두에게 유리한 최종안을 도출했던 경험을 아래 항목에 따라 기술해 주시기 바랍니다. ? 3-1. 자신과 상대방의 입장 차이 및 합의안 도출 프로세스에 대한 기술 ? 3-2. 모두에게 이익이 되는 합의안과 도출 이유에 대해 기술
1032,4,"의사소통능력) 본인이 속했던 조직(학교, 회사, 동아리, 동호회 등) 안에서 당신과 의견이나 생각이 다른 조직구성원을 효과적으로 설득하거나 합의를 이끌어낸 경험이 있다면 당시 상황, 행동, 이유, 결과 등에 대해 구체적으로 기술하여 주십시오."
1033,4,지금까지 학교생활 및 여러 조직에서 생활을 해오면서 조직생활에서 가장 중요한 부분이 무엇인지 설명해 주십시오.
1034,4,학교생활/사회봉사활동/연수여행경험
1035,4,"직무관련 근무경험, 동아리/동호회, 팀 프로젝트, 연구회, 재능기부 등 주요 직무경험 혹은 경력사항을 서술하여 주십시오"
1036,4,믿고 협력하여 공동의 성공을 실현하는 사람
1037,4,"혼자 하기 어려운 일에서 다양한 자원 활용, 타인의 협력을 최대한으로 이끌어 내며, Teamwork을 발휘하여 공동의 목표 달성에 기여한 경험에 대해 서술해 주십시오. 관련된 사람들의 관계(예. 친구, 직장 동료) 및 역할/ 혼자 하기 어렵다고 판단한 이유/ 목표 설정 과정/ 자원(예. 사람, 자료 등) 활용 계획 및 행동/ 구성원들의 참여도 및 의견 차이/ 그에 대한 대응 및 협조를 이끌어 내기 위한 구체적 행동/ 목표 달성 정도 및 본인의 기여도/ 경험의 진실성을 증명할 수 있는 근거가 잘 드러나도록 기술 (1000 자 10 단락 이내)"
1038,4,자신이 속했던 그룹에서(가족은 제외) 의견이 달라 어려움을 겪었던 경험과 그 상황을 해결했던 과정을 서술해주세요. 1500자 이내
1039,4,"타인과 함께 협동하여 문제를 해결한 경험과 그 과정에서 본인의 역할, 갈등, 극복을 위한 노력 등을 기술하시오"
1040,4,공동의 목표를 달성하기 위해 다른 사람들과 긴밀하게 소통하며 성공적으로 협업을 이루었던 경험에 대하여 기술하십시오.
1041,4,다양한 정보 또는 데이터를 체계적으로 수집·분석·조직하여 활용해 본 경험에 대하여 기술하십시오.
1042,4,"혼자 하기 어려운 일에서 다양한 자원 활용, 타인의 협력을 최대한으로 이끌어 내며, Teamwork을 발휘하여 공동의 목표 달성에 기여한 경험에 대해 서술해 주십시오."
1043,4,"혼자하기 어려운 일에서 다양한 자원 활용, 타인의 협력을 최대한 이끌어 내며, Teamwork을 발휘하여 공동의 목표 달성에 기여한 경험에 대해 서술해 주십시오. 및 역할/ 혼자 하기 어렵다고 판단한 이유/ 목표 설정 과정/ 자원(예. 사람, 자료 등) 활용계획 및 행동/ 구성원들의 참여도 및 의견 차이/ 그에 대한 대응 및 협조를 이끌어 내기 위한 구체적 행동/ 목표 달성 정도 및 본인의 기여도/ 경험의 진실성을 증명할 수 있는 근거가 잘 드러나도록 기술)"
1044,4,여러 사람들과의 팀워크 향상 및 공동 목표 달성에 기여한 대표적 경험에 대해 기술해 주시기 바랍니다.
1045,4,"[문제해결능력] 2개 이상의 중요한 가치, 원칙 등이 충돌하는 상황에서 전략적으로 해결한 경험에 대하여 기술하여 주십시오."
1046,4,"업무 경험 (적응력, 적극성)"
1047,4,성공 또는 실패 경험 (팀워크)
1048,4,성장과정 (문제해결능력)
1049,4,제 및 업무 수행 상황에서 구성원들 간의 갈등을 중재하거나 효율적으로 과제 및 업무가 진행될 수 있도록 의사 발언을 한 경험이 있습니까? 상황을 설명해 주시고 본인이 생각하는 업무 효율성 또는 업무 성과를 높이기 위한 효과적인 의사소통 방법을 기술해 주십시오.
1050,4,"귀하가 최근 3년 이내에 귀하가 속한 조직(팀, 동아리 등)을 위해 헌신적인 노력을 다한 경험과 그 경험을 통해 귀하가 얻은 것이 있다면 구체적으로 기술하여 주십시오. (600자)"
1051,4,최근 3년간 조직 또는 공동체의 이익을 위하여 자신의 이익을 생각하지 않고 손해를 감수한 경험이 있다면 구체적으로 그 과정과 결과에 대하여 기술해 주십시오.
1052,4,조직 또는 팀의 목표를 이해하고 이를 달성하기 위해 노력했던 경험을 다음의 세부항목에 따라 작성해 주십시오. [Situation & Task] 해당 조직의 성격과 당시 자신의 역할에 대해 간단히 작성해 주십시오.(350자)
1053,4,[Action & Result] 조직의 목표달성을 위해 귀하가 노력하였던 점과 그에 따라 조직이 달라졌던 부분을 구체적으로 제시해 주십시오.(500자)
1054,4,조직 또는 팀의 구성원으로서 팀원간의 갈등을 해소하고 협력하는 분위기를 조성하였던 경험을 다음의 세부항목에 따라 작성해 주십시오. [Situation & Task] 당시 조직의 구성원간의 갈등이 벌어졌던 상황에 대해 간단히 작성해 주십시오.(350자)
1055,4,"[Action & Result] 구성원간의 갈등을 해소하기 위해 어떤 노력을 하였으며, 그에 따른 결과는 무엇이었는지 구체적으로 제시해 주십시오.(500자)"
1056,4,"개인의 이익 또는 편리함보다 자신이 속했던 단체, 모임 등의 이익을 우선시 함으로써 과제의 성공, 효과적인 협업, 또는 문제해결에 기여하였던 사례가 있다면 기술해 주십시오."
1057,4,"자신이 속했던 단체, 모임 등에서 자신과 의견이나 생각이 다른 구성원을 효과적으로 설득하거나 합의를 이끌어낸 경험이 있다면 기술해 주십시오."
1058,4,다른 사람을 효과적으로 설득하기 위해 주로 어떤 부분을 고려하십니까? 귀하가 경험한 가장 최근 사례를 기반으로 기술해 주십시오.
1059,4,본인의 일은 아닌지만 다른 사람의 필요를 먼저 파악하여 도와준 경험에 대해서 기술해 주십시오.
1060,4,가족 외에 가장 애착을 가지고 있는 관계의 인물(들)에 대하여 기술하시오.
1061,4,"혼자 하기 어려운 일에서 다양한 자원의 활용, 타인의 협력을 최대한으로 이끌어 내며, Teamwork를 발휘하여 공동의 목표 달성에 기여한 경험에 대해 서술해 주십시오."
1062,4,언어와 문화가 다른 다양한 세대와 함께 소통하며
1063,4,"혼자 하기 어려운 일에서 다양한 자원 활용, 타인의 협력을 최대한 이끌어 내며, 팀워크를 발휘하여 공동의 목표 달성에 깅한 경험에 대해 서술해 주십시오"
1064,4,타인과 협업을 통해 목표를 달성했던 경험과 그 과정에서 수행한 역할을 서술하시오
1065,4,자신이 속한 조직의 구성원과 갈등을 겪었던 경험과 이를 해소하기 위한 본인의 노력을 서술하시오.
1066,4,"혼자 하기 어려운 일에서 다양한 자원 활용, 타인의 협력을 최대한으로 이끌어 내며, Teamwork를 발휘하여 공동의 목표 달성에 기여한 경험에 대해 서술해 주십시오. 및 역할/ 혼자 하기 어렵다고 판단한 이유/ 목표 설정 과정/ 자원(예. 사람, 자료 등) 활용 계획 및 행동/ 구성원들의 참여도 및 의견 차이/ 그에 대한 대응 및 협조를 이끌어 내기 위한 구체적 행동/ 목표 달성 정도 및 본인의 기여도/ 경험의 진실성을 증명할 수 있는 근거가 잘 드러나도록 기술) (700~800 자 10 단락 이내)"
1067,4,"이제까지 가장 강하게 소속감을 느꼈던 조직은 무엇이었으며, 그 조직의 발전을 위해 헌신적으로 노력했던 것 중 가장 기억에 남는 경험은 무엇입니까?"
1068,4,"지원자 본인이 약속과 원칙을 지켜 신뢰를 형성했던 경험과, 자신의 소속집단 뿐만 아니라 주변사람까지 배려했던 최근의 사례를 기술해주시기 바랍니다."
1069,4,공동의 목표를 달성하기 위해서 노력해본 경험과 그 안에서 본인이 맡은 역할에 대해서 서술해주세요
1070,4,"혼자하기 힘든 일에서 다양한 자원활용, 타인의 협력을 이끌어내며 팀워크를 발휘한 경험"
1071,4,"단체(팀)에서 목표를 달성하는 과정 중 느꼈던 한계는 무엇이고, 이를 극복하기 위해 기울였던 노력과 결과를 구체적인 사례를 바탕으로 기술하여 주십시오. (최대 600자 입력가능)"
1072,4,[사회활동] 팀의 일원으로서 공동의 목표를 위해 협업해서 일했던 경험에 대해 기술하시오.
1073,4,"같은 목표를 위해 함께 협력해야 함에도 불구하고 서로의 이해관계가 맞지 않아서 어려움을 겪었던 경험이 있습니까? 당시 상황을 간략하게 기술하고, 어떤 방법을 통해 협력을 이끌어냈는지 행동을 중심으로 기술해주시기 바랍니다."
1074,4,"함께 수행하는 과제 혹은 업무를 진행할 때, 자신의 약점을 구성원들의 강점을 통해 보완하여 좋은 성과를 낼 수 있었던 경험이 있습니까? 당시 상황을 간략하게 기술하고, 자신의 약점은 어떤 것이었는지, 왜 그렇게 생각했는지, 그리고 구성원들의 강점과 융합된 과정은 어떠했는지 구체적으로 기술해주시기 바랍니다."
1075,4,조직 내 소통에 어려움을 겪었던 경험에 대해 당시의 상황과 원인을 포함하여 구체적으로 기술하여 주십시오.
1076,4,"스터디 그룹, 학과, 동아리, 회사부서와 같은 조직내에서 팀원과 공동의 목표를 달성하기 위해"
1077,4,공동의 목표를 달성하기 위해 협업했던 경험과 그 과정에서 본인이 수행한 역할에 대하여 작성하여 주시기 바랍니다.
1078,4,"본인이 경험했던 조직생활 중, 조직의 팀웍을 유지하고 강화시킨 대표적인 경험을 구체적으로 서술하여 주시기 바랍니다."
1079,4,[창의성 및 문제해결] 귀하가 속한 단체나 조직에서 유연한 사고와 창의성을 발휘하여 변화를 주도하거나 어려운 문제를 해결하였던 경험에 대해 기술하여 주십시오
1080,4,새로운 환경이나 조직에서 동료들과의 협업을 통해 성과를 만들었던 경험과 이를 위해 본인이 했던 구체적인 노력에 대하여 작성해 주십시오 (800자)
1081,4,소속된 조직(팀)의 일원으로서 공동의 목표를 이뤄내기 위해 본인이 기여한 경험을 구체적으로 기술하여 주십시오.
1082,4,다른 사람이 업무를 수행하면서 규정을 지나치게 남용하거나 악용하는 것을 목격했던 경험에 대해 기술하여 주십시오.
1083,4,성실함과 신뢰성으로 타인으로부터 인정받은 경험을 기술하여 주십시오.
1084,4,"본인이 판단하기에 함께 일(학습, 동아리 등)하기 어려웠던 사람(동료, 친구, 상사들)에 관한 경험에 대하여 기술하여 주십시오. 1) 언제, 어떻게 발생한 경험인지 설명하여 주십시오.(100~200자)"
1085,4,4) 입사 후 그러한 사람과 상사 또는 동료로 근무하게 된다면 어떻게 극복할 것인지 기술하여 주십시오. (100~200자)
1086,4,"최근 5년간 자신이 속한 조직 내에서 자신의 가치관과 조직의 가치관이 충돌한 경험에 대하여 기술하여 주시기 바랍니다. 1) 언제, 어떤 조직 내에서 발생한 일이며, 본인의 어떠한 가치관과 조직의 가치관이 충돌하였나요?(150~300자)"
1087,4,3) 그러한 경험을 기반으로 지역난방공사 입사후 가치관 충돌 상황이 발생한다면 어떻게 해결할 것인지 기술하여 주십시오.(150~300자)
1088,4,"본인이 어떤 단체에 소속되어 공동과업을 달성하는 과정에서 발생했던 구성원들과의 어려움은 무엇이었으며, 그 어려움을 극복하기 위해 어떠한 노력을 했는지 구체적인 사례로 기술해 주십시오."
1089,4,본인이 조직 및 집단생활에 있어서 가장 중요하다고 생각하는 것은 무엇인지 본인의 경험을 들어 구체적으로 기술해 주십시오.
1090,4,(협력)자신과 성격이 매우 다른 사람과 함께 과제를 수행해 본 경험과 그 결과에 대해 구체적으로 작성해 주십시오.
1091,4,"(사회적 가치)자신이 속한 공동체 이익과 발전을 위하여 자신이 고민하고 노력했던 사항을 기술하고, 자신이 그렇게 행동하고 노력한 이유에 대하여 작성해 주십시오."
1092,4,성장과정/학교생활/연수여행경험
1093,4,"금전적 보수를 받고 일정기간 동안 일했던 이력이나 직업 외적인 활동으로 산학 활동, 팀 프로젝트 활동, 연구회 활동, 동아리·동호회 활동, 온라인 커뮤니티 활동, 재능기부 활동 등이 포함될 수 있습니다."
1094,4,조직 또는 팀의 구성원으로서 팀원간의 갈등을 해소하고 협력하는 분위기를 조성하셨던 경험을 다음의 세부항목에 따라 작성해 주십시오.
1095,4,생각의 차이로 상대방과 갈등을 겪었던 경험에 대하여 기술하시오. 당시 갈등의 원인은 무엇이었고 갈등을 어떻게 해결했는지 설명해주십시오.
1096,4,"대립되는 입장이나 관점을 조정하기 위해 가장 중요한 것이 무엇이라고 생각하며, 이를 위한 본인의 행동사례나 경험을 기술하시오."
1097,4,"최근 사회 및 조직에서 한정된 자원을 두고 세대간/집단간 경쟁하거나 갈등을 겪는 사례가 많습니다. 이러한 사례를 1가지 들고, 어떠한 방법으로 갈등을 최소화 할 수 있을지 본인의 생각을 서술해 주십시오."
1098,4,최근 5년간 자신이 속한 조직 내에서 자신의 가치관과 조직의 가치관이 충돌한 경험에
1099,4,"직 내 구성원으로서 뛰어난 성과를 거둔 경험이 있다면, 그 과정과 결과를 구체적으로"
1100,4,"다른 사람들과 대화하거나 설득할 때 효과적으로 활용하고 있는 본인만의 대화방법이나 기술은 무엇이며, 실제로 이런 방법을 사용하여 성공한 사례가 있다면 서술해 주십시오."
1101,4,"불만이나 불평이 있는 사람에 대해서 효과적으로 대처한 경험이 있다면 어떤 방식으로 했는지, 그리고 상대방이 만족하도록 상황을 어떻게 이끌어 갔는지 서술해 주십시오."
1102,4,"전체의 더 좋은 결과, 또는 타인을 위해서 자신의 이익을 양보한 경험이 있습니까? 입사를 한다면 주위 동료나 선후배들 간에 어떤 마음가짐으로 함께 일할 수 있을지 서술해 주십시오."
1103,4,지원 직무 관련 프로젝트/과제 중 새로운 관점에서 접근하여 해결방안을 제시한 경험에 대해 기술해주시기 바랍니다.
1104,4,생각의 차이로 상대방과 갈등을 겪었던 경험에 대하여 기술하시오. 당시 갈등의 원인은 무엇이었고 갈등을 어떻게 해결했는지 설명해주십시오. [500자 이상 1000자 이내]
1105,4,타인에게 도움을 주거나 도움을 받았던 경험을 기술해 주십시오. 구체적으로 어떤 상황이었습니까? 어떻게 행동했습니까? 이 경험을 통해 배울 수 있었던 것은 무엇입니까?
1106,4,"타인의 성과를 촉진했던 경험을 소개해 주십시오. 구체적으로 언제, 어떤 상황이었습니까? 어떻게 행동했습니까? 그 결과에 대해 어느 정도 만족하십니까?"
1107,4,교내외 활동 사항 및 주요 경력
1108,4,"직무관련 근무경험, 동아리, 동호회, 팀 프로젝트, 연구회등 주요 직무경력 혹은 경험사항을 서술하여 주십시오. (1000자 내외)"
1109,4,"팀 프로젝트 등 추진 시 갈등을 해결하기 위해 주도적으로 소통하여 협업을 이끌었던 경험을 다음 세부 항목에 따라 작성해 주십시오. -최근 3년 이내 경험을 기준으로 작성하시기 바랍니다. 성공 또는 실패 경험 모두 작성 가능합니다. *갈등의 원인, 갈등 당사자들의 입장 등 당시 상황에 대해 구체적으로 작성해 주십시오.[150자 이상 500자 이내]"
1110,4,*갈등을 해결하고 협업을 이루기 위한 소통의 방법과 그에 따른 결과에 대해 작성해 주십시오.[150자 이상 500자 이내]
1111,4,조직에서 난관을 극복한 경험
1112,4,팀 목표 달성을 위해 타인과 협력했던 경험을 구체적으로 작성 바랍니다.(500자)
1113,4,"업무, 과제를 추진하면서 관련된 이해관계자들과 관계를 잘 유지하여 좋은 성과를 이끌어냈던 경험에 대해 구체적으로 기술해 주십시오."
1114,4,자신이 속한 조직에서 주도적으로 새로운 것을 도입하거나 변화를 일으킨 경험에 대해 기술하시오.
1115,4,그간 수행했던 프로젝트가 있다면 자세히 설명해주세요.
1116,4,기타 계측 및 자동화 시스템을 구성해 본 경험 (400자 이내)
1117,4,소속된 단체에서 팀원과 협력하여 최고의 성과를 내기 위해 노력했던 경험에 대해 작성해 주세요. (1000자)
1118,4,본인이 속한 조직에서 모두를 위해 기꺼이 나섰던 경험이 있다면 당시 상황과 그렇게 한 이유에 대해 이야기 해주십시오.
1119,4,(의사소통능력) 과제 및 업무 수행 상황에서 구성원들 간의 갈등을 중재하거나 효율적으로 과제 및 업무가 진행될 수 있도록 의사 발언을 한 경험이 있습니까? 상황을 설명해 주시고 본인이 생각하는 업무 효율성 또는 업무 성과를 높이기 위한 효과적인 의사소통 방법을 기술해 주십시오. (500자 이내)
1120,4,타인과의 관계 속에서 정서적으로 스트레스를 받은 경험이 있습니까? 스트레스를 관리하는 본인의 방법을 구체적인 사례를 기반으로 기술해주십시오. (약 300자 이내)
1121,4,조직의 구성원으로서 목표달성을 위해 노력한 경험과 공정한 업무처리로 조직에서 신뢰를 얻은 경험
1122,4,보다 다양한 사람을 만나고 다양한 환경을 경험하기 위해 실행에 옮겨본 행동이나 자신만의 사고에서 벗어나 다른 방식으로 사고하고자 노력한 사례가 있다면 이야기해 주십시오. (진흥원의 주요 기능 - 개방)
1123,4,공동의 목표를 달성하기 위해 협업했던 경험과 그 과정에서 본인이 수행한 역할에 대하여 작성하여 주시기 바랍니다
1124,4,"대립되는 입장이나 관점을 조정하기 위해 가장 중요한 것이 무엇이라고 생각하며,이를 위한 본인의 행동사례나 경험을 기술하시오. (1500byte)"
1125,4,"혼자하기 어려운 일에서 다양한 자원 활용, 타인의 협력을 최대한으로 이끌어 내며, 팀워크를 발휘하여 공동의 목표 달성에 기여한 경험에 대해 서술해 주십시오."
1126,4,자신과 성격이나 업무스타일이 매우 다르다고 생각한 사람과 함께 프로젝트 또는 활동해본 경험에 대해 기술해 주십시오.
1127,4,지원자 본인 또는 본인이 속해있는 조직에 변화와 혁신을 일으킨 경험에 대해 기술하여 주십시오.
1128,4,공동의 목표를 달성하기 위해 협업했던 경험과 그 과정에서 본인이 수행한 역할
1129,4,타인과 협업을 통해 목표를 달성했던 경험과 그 과정에서 수행한 역할을 서술하시오.
1130,4,"협업 통해 어려운 목표를 달성하거나, 문제를 해결한 경험을 서술해주십시오"
1131,4,"본인이 성공 또는 실패했던 조직적응사례를 기술하고, 조직 적응을 위해 필요한 역량이 무엇인지?"
1132,4,"팀 프로젝트 등 추진 시 갈등을 해결하기 위해 주도적으로 소통하여 협업을 이끌었던 경험을 다음 세부 항목에 따라 작성해 주십시오. - 갈등의 원인, 갈등 당사자들의 입장 등 당시 상황에 대해 구체적으로 작성해 주십시오. 500자"
1133,4,갈등을 해결하고 협업을 이루기 위한 소통의 방법과 그에 따른 결과에
1134,4,팀을 구성해 공동의 목표를 추진해 본 경험에 대하여 기술해 주시기 바랍니다. 700자
1135,4,"조직의 목표가 본인의 가치관과 충돌하여 갈등을 겪은 경험을 설명하고, 조직의 목표 달성을 위해 본인의 가치관을 포기하였는지 또는 가치관을 위해 조직을 설득하였는지 등 갈등의 해결과정과 그 결과를 상세히 기술해 주십시오."
1136,4,협력을 통해 성과를 이루었거나 어려움을 극복한 경험을 서술하시오. (500자 이내)
1137,4,팀 단위의 과제 혹은 프로젝트 활동 경험을 한 가지 선택하여 자세하게 소개해 주세요. (800자)
1138,4,"본인이 참여한 다양한 조직(학교, 동아리, 직장 등)중에서 기억에 남는 경험을 선택하고 그 조직내에서 본인의 역할은 무엇이였으며, 조직을 위해 본인이 기여한 바는 무엇입니까?"
1139,4,학교 생활 및 연수 경험
1140,4,본인이 생각하는 팀워크는 무엇입니까?
1141,4,"혼자 하기 어려운 일에서 다양한 자원 활용, 타인의 협력을 최대한 이끌어내며 Teamwork을 발휘하여 공동의 목표 달성에 기여한 경험에 대해 서술하시오."
1142,4,학창시절 경험한 사회활동(아르바이트 포함)에서 성취감을 느꼈던 사례를 기술해 주십시오.
1143,4,"조직의 목표를 달성하기 위해 협력하는 과정에서 본인과 다른 의견을 가진 사람들과 효과적으로 소통하여 합의를 이끌어낸 사례를 기술해 주십시오. - 조직의 목표, 이해관계자 정의, 갈등 원인, 이를 극복하기 위한 노력, 주요 성과 등 구체적으로 기재"
1144,4,다른 사람들과 적극적으로 협조하여 성과를 냈던 대표적인 경험에 대해 서술해 주십시오.
1145,4,"본인이 속한 조직 또는 팀의 목표를 이해하고 달성하기 위해 노력했던 경험과 그 과정에서 수행한 역할, 이를 통해 얻은 것은 무엇인지 기술해 주시기 바랍니다. (최근 5년 이내 사례로 기술할 것)"
1146,4,"학교생활 : 직무와 관련된 학업내용, 동아리 활동, 이색적인 경험 등"
1147,4,"인생을 살면서 본인이 가장 소속감을 느꼈던 집단은 무엇이며, 그 집단 내에서 타인과 협업했던 경험에 대해서 자유롭게 이야기 해 주세요."
1148,4,나와 다른 생각이나 성향을 가진 사람과 함께 어려움이나 갈등상황을 해결하며 공동의 목표를 달성했던 경험에 대해 기술해 주시기 바랍니다
1149,4,학창시절 동아리 활동
1150,4,UMC로서 필요한 역량을 발휘한 경험을 기술하여 주십시오. (400자)
1151,4,"타인에게 영향력을 발휘하여 긍정적인 방향으로 상황을 변화시킨 경험이 있다면, 그 동기, 과정, 결과 등을 자유롭게 기술하여 주십시오."
1152,4,사용해 본 프로그래밍 언어와 해당 언어를 사용하여 개발해 본 프로젝트 혹은 개발 산출물을 설명해주세요. [프로젝트명(사용언어) - 한줄개요] 형식으로 작성해주세요.
1153,4,"타인에게 도움을 주거나 도움을 받았던 경험을 기술하여 주십시오. 1) 언제, 어떤 상황이었습니까?(100자 내외)"
1154,4,"본인과 10년 이상 연배가 높은 사람과 함께 일(경험)을 했을 때 그 사람은 귀하를 어떻게 판단했고, 귀하는 그 사람을 어떻게 판단했는지 기술하고, 그 사람의 성함과 연락처를 기재하여 주시기 바랍니다."
1155,4,"팀(조직)내에서 갈등 극복한 경험, 어떤 노력을 했는지?"
1156,4,"자신이 규칙, 규정준수, 준법성 등과 같은 공동체 윤리를 중요하게 여기는 사람임을 입증할 수 있는 구체적인 사례는 무엇인가?"
1157,4,본인이 경험한 사회생활과 직장생활에 도움이 되는 경험에 대해서 기술하십시오.
1158,4,"인생을 살면서 본인이 가장 소속감을 느꼈던 집단은 무엇이며, 그 집단 내에서 타인과 협업했던 경험에 대해서 자유롭게 이야기 해 주세요. [ 500자 이상 700자 이내]"
1159,4,"[문제해결능력] 단체활동(학교, 회사, 기타 활동 등)을 하며 겪었던 문제와 이를 해결하기 위해 본인이 했던 행동을 기술해주세요. 본인이 생각하는 문제의 이유와 본인의 행동이 문제해결 및 단체에 어떤 영향을 주었는지도 설명해주세요."
1160,4,"공동의 목표를 달성하기 위해 타인과 협업했던 경험과 그 과정에서 본인이 수행한 역할, 그리고 해당 경험을 통해 얻은 것은 무엇인지 구체적으로 기술해 주십시오."
1161,4,"팀을 이루어 활동했던 경험 중 가장 최고의 결과물을 만들었던 사례에 대해 소개하고, 그 안에서 본인의 역할은 무엇이었는지 간략하게 기술해 주세요."
1162,4,재학 또는 재직기간 동안 리더십을 발휘한 경험을 기술해 주십시오.(1000자 이내 작성)
1163,4,(NCS 직업기초: 의사소통능력) 다른 사람을 효과적으로 설득하기 위해 주로 어떤 부분을 고려하십니까? 귀하가 경험한 가장 최근 사례를 기반으로 기술해 주십시오.
1164,4,(NCS 직업기초: 대인관계능력) 본인의 일은 아니지만 다른 사람의 필요를 먼저 파악하여 도와준 경험에 대해서 기술해 주십시오.
1165,4,같이 일하고 싶은 동료의 모습에 대해 서술하여 주십시오.
1166,4,조직 화합성 및 인성
1167,4,가장 강한 소속감을 느꼈던 조직과 그 조직의 발전을 위해 헌신적으로 노력했던 경험에 대해 작성해 주시기 바랍니다.
1168,4,"학창시절 단체활동, 봉사활동 또는 연수 등 경험"
1169,4,"공동의 목표 달성을 위한 협업 경험을 본인을 수행한 역할 중심으로 제시하고, 해당 경험을 통해 무엇을 얻었는지 기술"
1170,4,"단체의 목표는 무엇이었으며, 단체 내에서 본인의 역할을 구체적으로 서술하십시오."
1171,4,"지원분야관련 노력한점, 성공한점"
1172,4,조직 또는 팀의 구성원으로서 팀원간의 갈등을 해소하고 협력하는 분위기를 조성하셨던 경험을 다음의 세부항목에 따라 작성해 주십시오. [Situation & Task] 당시 조직의 구성과 구성원간의 갈등이 벌어졌던 상황에 대해 간단히 작성해 주십시오.
1173,4,"[Action & Result] 구성원간의 갈등을 해소하기 위해 어떤 노력을 하셨으며, 그에 따른 결과는 무엇이었는지 구체적으로 제"
1174,4,"[자원관리능력] - (최근 3년 이내의 경험중) 한정된 자원(인적, 시간, 비용 등)을 효율적으로 활용하여 성공적인 결과물을 구현하였던 경험을 기술해 주십시오."
1175,4,[조직이해능력] - (최근 3년 이내의 경험중) 조직에 속해서 개인과 조직의 이해관계가 충돌하였을 때 조직입장에서 문제를 해결하기 위하여 노력하였던 경험을 기술해 주십시오.
1176,4,[대인관계능력] - (최근 3년 이내의 경험중) 처음 본 타인에게 먼저 다가가 친밀감을 형성하였던 경험을 기술해 주십시오.
1177,4,과제 혹은 업무수행 중 타인과의 의사소통에서 어려움을 겪었을 때 자신이 가장 중요하게 생각하는 것은 무엇이며 이를 바탕으로 어떻게 문제를 해결했는지 구체적으로 기술하시오.
1178,4,목표 달성을 위해 새로운 분야의 사람과 협력하여 성과를 낸 경험을 구체적으로 작성하시오.
1179,4,학업과제나 직무수행을 통하여 문제해결능력을 발휘한 경험이 있으면 기술하시오.
1180,4,대인관계에서 가장 중요하게 생각하는 것이 무엇인지 소개해 주십시오. 그것을 위해서 평소에 어떻게 하고 있는지 가장 최근 사례를 기반으로 기술해 주십시오.
1181,4,"고객감동을 실현하며 고객과 동반성장할 수 있는 본인의 역량은 무엇이며, 그러한 역량을 발휘한 경험을 서술해 주십시오."
1182,4,"지금까지 본인이 팀웍을 이루어 일을 해결하거나, 리더로서 팀을 이끌어본 경험에 대해 요약 기술하시오. [100자 이상 800자 이내]"
1183,4,"혼자하기 어려운 일에서 다양한 자원 활용,"
1184,4,"구체적으로 본인이 수행한 활동 내용, 소속 조직이나 활동에서의 역할, 활동 결과에 대해 작성해 주십시오."
1185,4,대인관계에 있어서 자신의 강점과 보완점을 구체적인 사례를 들어 기술해 주시고 의사소통을 통하여 문제를 해결한 경험을 기술해 주세요.
1186,4,공동의 목표를 달성하기 위해 타인과 협업했던 경험과 그 과정에서 본인이 수행한 역할 그리고 해당 경험을 통해 얻은 것은 무엇인지 구체적으로 기술해 주십시오.
1187,4,"조직에서 다른 사람들과 조화를 이루어, 결과를 내 본 경험은 어떤 것이 있습니까? [군대경험 제외] - 조직 구성원들의 협력을 이끌어 내기 위해 어떠한 행동과 희생한 경험에 대해 구체적으로 작성해 주십시오."
1188,4,학교생활/사회봉사활동/연수여행경험 [600자 이내]
1189,4,학교생활이나 사회생활을 하면서 본인의 필요에 의해서가 아니라 다른 사람들의 불편이나 불만을 해소해주기 위해 노력했던 최근의 사례에 대해 기술해 주십시오.
1190,4,팀의 구성원으로 활동한 경험 중 향후 고객과 시장 지향적 직무수행에 가장 도움이 될 것으로 생각되는 경험을 기술해 주시기 바랍니다.
1191,4,성장과정 및 주요활동 경험
1192,4,경력 및 대내외 활동사항
1193,4,"성장과정, 학교활동"
1194,4,"사회활동, 봉사활동, 직무경험"
1195,4,학교생활이나 사회생활 중 조직 내에서 겪었던 갈등과 이를 극복한 경험을 서술해주십시오
1196,4,본인의 의사와 정반대되는 주장을 하는 직장 상사 또는 동료를 어떻게 설득할 것인지 작성하여 주십시오. (3000byte)
1197,4,"공동의 목표를 달성하기 위하여 다른 사람들과 함께 팀을 구성하고 프로젝트를 추진하여 성과를 달성했던 사례를 기술하고, 그 과정과 결과를 통하여 본인에게 어떠한 변화가 있었는지 구체적으로 기술하시오."
1198,4,"나에게 예상되는 손해(피해)를 감수하고, 약속과 원칙을 지켜 신뢰를 형성/유지했던 경험이 있으면 기술해 주십시오."
1199,4,지금까지 조직에 속해서 본인의 역할을 수행했던 경험이 있으면 기술해 주십시오.
1200,4,사회적인 법규또는 조직 내 규범을 성실하게 이행했던 경험이 있으면 기술해 주십시오.
1201,4,공동의 목표를 달성하기 위해 자신과 다른 의견을 가진 사람과 긴밀하게 소통하며 성공적으로 협업을 이루었던 사례에 대해 기술하십시오.
1202,4,본인이 속했던 조직에서 팀웍과 함께 창의적인 도전을 통해 성과를 창출해낸 경험이 있다면 사례를 중심으로 기술하여 주시기 바랍니다.
1203,4,"협업을 통해 좋은 성과를 달성했던 사례와, 실패했던 사례를 한가지씩 말씀해주십시오. 각 경험에서 가장 어려웠던 점과 이를 통해 얻은 것을 함께 기술해주십시오"
1204,4,자신과 다른 의견을 가진 사람을 설득하여 본인이 원하는 방향으로 이끌었던 경험이 있습니까? 당시 상황을 간략하게 기술하고 설득하기 위해 했던 행동을 구체적으로 기술해주시기 바랍니다.
1205,4,소속 팀(또는 조직)의 강점과 약점을 파악하여 강점은 부각시키고 약점은 보완할 수 있도록 노력한 경험이 있습니까? 당시 상황을 간략하게 기술하고 강점 부각 및 약점 보완을 위해 어떤 노력을 기울였는지 행동중심으로 구체적으로 기술해주시기 바랍니다.
1206,4,"다른 사람(가족 제외)과 함께 일(경험)을 했을 때 그 사람은 귀하를 어떻게 판단했고, 귀하는 그 사람을 어떻게 판단했는지 구체적인 사례와 이유를 들어 설명하여 주십시오."
1207,4,"본인이 속한 조직 또는 팀의 목표를 이해하고 달성하기 위해 노력했던 경험과 그 과정에서 수행한 역할, 이를 통해 얻은 것은 무엇인지 기술해 주시기 바랍니다."
1208,4,"협업을 통해 좋은 성과를 달성했던 사례와, 실패했던 사례를 한가지씩 말씀해주십시오. 각 경험에서 가장 어려웠던 점과 이를 통해 얻은 것을 함께 기술해주십시오. (900자)"
1209,4,자신의 생각이나 의견이 상대방을 성공적으로 설득했던 경험을 상황ㆍ행동ㆍ결과 중심으로 구체적으로 기술하시오.
1210,4,"가정, 학교, 기타 사회생활 등을 통해 문제해결능력을 발휘한 경험에 대하여 기술하시오."
1211,4,본인이 경험한 조직생활에서 구성원 간의 갈등이 발생했던 상황을 설명하고 극복하기 위해 주도적으로 했던 노력을 기술해 주십시오.
1212,4,[문제 해결 양상] 어떤 방식으로 문제를 해결하였나요? 해결과정에서 어려움은 없었습니까?
1213,4,"[조직에 대한 관심 및 어려움 극복] a) 목표 달성 과정에서 겪게 된 어려움은 무엇이었으며, 어떻게 극복하였습니까? b) 목표 달성 과정에서 동료들에게 어떤 도움을 주었습니까?"
1214,4,최근 5년 이내 다른 사람들이 지나치거나 묵인한 문제를 해결하기 위해 노력했던 경험에 대해 작성하여 주십시오.
1215,4,두가지 업무수행을 한경험
1216,4,타인과 의견대립 발생 한 원인
1217,4,해결 과정 및 얻게된 교훈
1218,4,회사 입사 후 동료나 후배가 같은 실수를 한다면?
1219,4,"귀하가 최근 3년 이내에 귀하가 속한 조직(팀, 동아리 등)을 위해 헌신적인 노력을 다한 경험과 그 경험을 통해 귀하가 얻은 것이 있다면 구체적으로 기술하여 주십시오. 400"
1220,4,"업무, 과제를 추진하면서 관련된 이해관계자들과 관계를 잘 유지하여 좋은 성과를 이끌어냈던 경험에 대해 구체적으로 기술해주십시오"
1221,4,"지금까지 살아오면서 다른 사람을 위해 서비스를 제공했던 자신의 경험에 대해서 사례를 들어 설명하고, 그 때 상대방이 만족했다면 그 이유를 서술하십시오."
1222,4,조직 또는 집단생활 중 공공의 목적달성을 위해 타인과 협력하여 문제를 해결한 경험이 있다면 구체적으로 이야기해 주십시오.
1223,4,프로젝트나 과제 수행 중 협업을 통해 문제를 해결하거나 갈등을 극복했던 경험을 써주세요.
1224,4,(의사소통능력) 과제 및 업무 수행 상황에서 구성원들 간의 갈등을 중재하거나 효율적으로 과제 및 업무가 진행될 수 있도록 의사 발언을 한 경험이 있습니까? 상황을 설명해 주시고 본인이 생각하는 업무 효율성 또는 업무 성과를 높이기 위한과제 및 업무가 진행될 수 있도록 의사 발언을 한 경험이 있습니까? 상황을 설명해 주시고 본인이 생각하는 업무 효율성 또는 업무 성과를 높이기 위한 효과적인 의사소통 방법을 기술해 주십시오. (500자 이내)
1225,4,"(문제해결능력) 학업 과제 수행이나 업무 수행 중에 예상치 못한 문제를 해결해본 경험이 있습니까? 그 문제를 해결하기 위해 어떠한 과정 (문제 원인 도출, 해결방안 탐색, 해결 방안 적응"
1226,4,본인이 속한 조직에서 모두를 위해 기꺼이 나섰던 경험이 있다면 당시 상황과 그렇게 한 이유에 대해 이야기 해주십시오.(700자)
1227,4,본인의 소속된 조직 혹은 개인의 성과를 위해서 다른 사람 혹은 다른 조직과 협력이 필요했던 상황에 대해 작성해 주십시오. 또한 성공적 협력을 주도하기 위한 본인의 노력과 그 결과에 대해서도 작성해 주십시오. [1000자]
1228,4,"팀을 위해 일한 적, 리더로서 팀 이끈 적"
1229,4,"업무, 과제를 추진하면서 관련된 이해관계자들과 관계를 잘 유지하여 좋은 성과를 이끌어냈던 경험에 대해 구체적으로 기술해 주십시오"
1230,4,"본인의 학교생활 및 주요 과외(동아리, 봉사활동, 아르바이트 등) 활동 경험과 이를 통해 얻은 것에 대하여 구체적으로 기술하시오.(성향 및 가치관 중심)"
1231,4,"(NCS 직업기초: 조직이해) 남들은 당연하다고 생각하는 일 혹은 현상에 의문을 가지고, 이에 대한 개선안을 제시하여 조직에 긍정적인 효과를 가져 온 경험이 있으십니까? 당시의 경험과 함께 남들은 왜 그 일을 당연하다고 여겼는지, 그리고 귀하가 의문을 가지게 된 배경은 무엇이었는지 함께 기술해 주십시오."
1232,4,"(NCS 직업기초: 대인관계능력) 나와는 의견이 다른 사람들과 협업할 때, 과업을 원만하게 이끄는 본인만의 방법은 무엇인가요? 자신의 경험에 빗대어 기술하되, 당시 어떤 의견 대립이 있었으며, 이를 어떻게 조율했는지를 포함하여 기술해 주십시오."
1233,4,"(NCS 직업기초: 공동체윤리) 조직의 목표 달성을 위해, 남들은 꺼려하는 일을 도맡아 묵묵히 수행했던 경"
1234,4,조직의 목표달성을 위해 귀하가 노력하였던 점과 그에 따라 조직이 달라졌던 부분을 구체적으로 제시해 주십시오.
1235,4,당시 조직의 구성과 구성원간의 갈등이 벌어졌던 상황에 대해 간단히 작성해 주십시오.
1236,4,"구성원간의 갈등을 해소하기 위해 어떤 노력을 하셨으며, 그에 따른 결과는 무엇이었는지 구체적으로 제시해 주십시오."
1237,4,"본인이 과거에 속했던 조직의 조직문화 또는 조직특성을 파악하고 이해하기 위해 어떠한 행동/노력을 했는지에 대해 자세하게 기술해 주십시오. 그 조직 내에서 맡았던 역할과 의무가 무엇이었는지, 그 결과가 어떠하였는지에 대해 구체적으로 기술해 주십시오"
1238,4,"공동의 목표에 대해 나와는 다른 아이디어를 가진 구성원들과 협력하여 성공적으로 마쳤던 사례에 대해 기술해 주십시오. 당시 본인의 역할은 무엇이었는지, 의견대립 상황을 극복하기 위해 어떠한 노력을 했는지, 어떤 결과를 도출하게 되었는지에 대해 기술해 주십시오."
1239,4,조직 또는 팀의 목표를 이해하고 이를 달성하기 위해 노력했던 경험을 다음의 세부 항목에 따라 작성해 주십시오.
1240,4,"조직 또는 팀의 구성원으로서 팀원간의 갈등을 해소하고, 협력하는 분위기를 조성하셨던 경험을 다음의 세부 항목에 따라 작성해 주십시오."
1241,4,팀원들간의 협동을 통해 이루어낸 성과
1242,4,"타인과 함께 협동하여 문제를 해결한 경험과 그 과정에서 본인의 역할, 갈등, 극복을 위한 노력 등을 기술하시오. (1000바이트)"
1243,4,"지금까지 학교 또는 여러 조직에서 생활해 오면서 조직의 중요성 및 경험을 설명하여 주시고, 또한 우리 원 조직의 역할이 무엇인지 설명하십시오."
1244,4,교내·외 활동 및 해외연수
1245,4,"본인이 판단하기에 함께 일(학습, 동아리 등)하기 어려웠던 사람(동료, 친구, 상사들)에 관한"
1246,4,구성원들과 협력하여 달성한 사례
1247,4,의견대립 해결 사례
1248,4,"집단(학교, 회사, 동아리, 동호회 등)의 원만한 화합, 또는 공동의 목표 달성을 위해 남들보다 더 많이 노력하고 헌신했던 경험을 아래 세부 항목에 따라 구체적으로 작성해 주십시오"
1249,4,"""세상은 혼자가 아닌 더불어 사는 것, 화합하는 직원이 되겠습니다."""
1250,4,조직이나 팀의 일원으로 본인만의 강점을 발휘하여 차별화된 성과를 만들어낸 경험에 대해 구체적으로 기술해 주시기 바랍니다.(500~700자)
1251,4,타인과 함께 협동하여 문제를 해결한 경험과 그 과정에서 본인의 역할 갈등 극복을 위한 노력 등을 기술하시오
1252,4,"지원자 본인이, 자신의 소속 집단뿐만 아니라 주변 사람/집단까지 고려하고 배려하는 사람임을 가장 잘 나타내는 최근 3년 이내의 사례를 기술해 주시기 바랍니다."
1253,4,사회활동 : 학업 이외에 관심과 열정을 가지고 했던 일
1254,4,"규정이나 절차를 준수하기 위해 노력했던 사례 또는 윤리적, 도덕적으로 행동했던 경험을 기술해 주십시오. [500자, 10줄 이내]"
1255,4,"소속 집단에서 공동의 목표를 달성하기 위하여 협력한 사례를 구체적으로 기술해 주십시오. [500자, 10줄 이내]"
1256,4,소속집단의 공동과업을 달성하는 과정에서 발생된 어려움 및 갈등을 극복하기 위해 구성원들과 적극적으로 협력했던 경험에 대해서 기술해 주십시오. 또한 협력하는 과정에서 갈등이 발생했다면 어떻게 극복했는지도 함께 기술해 주십시오. * [500자 이내]
1257,4,신뢰를 유지했던 사례
1258,4,학교생활 / 사회봉사활동 / 연수 여행경험
1259,4,*(자원관리능력) 어떤 일을 수행하며 한정된 자원을 효과적으로 잘 활용했었던 경험에 대
1260,4,학교생활 / 사회봉사활동/ 연수 여행 경험
1261,4,"학교 수업이나 대외활동 등을 통해 경험한 프로젝트를 적어주세요. 프로젝트에서 맡았던 역할과 활용한 기술 및 개발 방식, 진행하면서 겪었던 어려움이나 이를 극복한 방법 등도 함께 설명해주세요."
1262,4,과제 및 업무 수행 상황에서 구성원들 간의 갈등을 중재하거나 효율적으로 과제 및 업무가 진행될 수 있도록 의사 발언을 한 경험이 있습니까? 상황을 설명해 주시고 본인이 생각하는 업무 효율성 또는 업무 성과를 높이기 위한 효과적인 의사소통 방법을 기술해 주십시오.
1263,4,"[대인관계능력](최근 3년 이내의 경험 중) 나에게 예상되는 손해(피해)를 감수하고, 약속과 원칙을 지켜 신뢰를 형성/유지했던 경험이 있으면 기술해 주십시오."
1264,4,[조직이해능력](최근 3년 이내의 경험 중) 지금까지 조직에 속해서 본인의 역할을 수행했던 경험이 있으면 기술해 주십시오.
1265,4,[직업윤리](최근 3년 이내의 경험 중) 사회적인 법규또는 조직 내 규범을 성실하게 이행했던 경험이 있으면 기술해 주십시오.
1266,4,"[ 문화전략 PT경진대회, 시너지를 만든 소통의 문제해결능력 ]"
1267,4,"다른 사람과 함께 힘을 모아 어떤 일을 해결 또는 극복한 경험을 소개하고, 나 혼자가 아닌 '우리'의 의미를 기술하십시오."
1268,4,"본인의 수상경력, 봉사활동 경험에 대해 기술해 주십시오."
1269,4,"동아리, 인턴, 해외연수 등 본인의 사회경험에 대해 기술해 주십시오."
1270,4,최근 3년 이내에 열정을 가지고 본인이 속한 조직 내에서 동료들과 협력하여 보다 나은 성과를 달성한 경험을 기술하시오.
1271,4,"성장과정 및 학창생활(해외연수, 동아리 활동, 인턴쉽 등)"
1272,4,자신이 생각하는 효과적인 의사소통 방법에 대해 기술하시오.
1273,4,"혼자하기 어려운 일에서 다양한 자원 활용, 타인의 협력을 최대한으로 이끌어 내며, 팀워크를 바뤼하여 공동의 목표 달성에 기여한 경험에 대해 서술해 주십시오"
1274,4,신뢰를 유지한 경험
1275,4,"본인이 속한 조직 또는 팀의 목표를 이해하고 달성하기 위해 노력했던 경험과 그 과정에서 수행한 역할, 이를 통해 얻은 것은 무엇인지 기술해 주시기 바랍니다.(최근 5년 이내 사례로 기술할 것)"
1276,4,"스터디 그룹, 학과, 동아리, 회사부서와 같은 조직내에서 팀원과 공동의 목표를 달성하기 위해 협력했던 경험에 대해 기술해 주시"
1277,4,자신의 전공 또는 자신이 가지고 있는 취미나 다양한 활동들을 기존과는 다르게 타 분야의 영역과 연결하여 다양한 방식으로 사고하고 일을 진행해 나간 사례가 있다면 이야기해 주십시오. (진흥원의 주요 기능 - 융합)
1278,4,본인이 일을 수행하는데 있어 여러 사람의 의견이 달라 이들의 의견을 통합하여 공동의 목적(목표)를 달성하기 위해 자신의 주도했던 사례를 기술해 주십시오 1600
1279,4,의견이 맞지 않을시 대처방법
1280,4,신뢰를 유지했던 경험
1281,4,"[조직관]본인이 지금까지 가장 강하게 소속감을 느꼈던 조직은 무엇이었으며, 그 조직의 발전을 위해 헌신적으로 노력했던 것 중 가장 기억에 남는 경험은 무엇입니까? (500자)"
1282,4,"조직(회사, 학교, 부서, 동아리)의 구성원으로서 목표달성을 위해 노력한 경험 및 공정한 업무처리로 조직에서 신뢰를 얻었던 경험에 대해 기술하세요."
1283,4,"공동의 목표를 달성하기 위해 타인과 협업했던 경험과 그 과정에서 본인이 수행한 역할, 그리고 해당 경험을 통해 얻은 것은 무엇인지 구체적으로 기술해 주십시오. (700자)"
1284,4,[사회봉사활동 (해당경험자 기재)]
1285,4,"기타 특기사항(사회봉사활동, 해외연수, 기타)"
1286,4,약속과 원칙을 지켜 신뢰를 형성 또는 유지했던 경험에 대하여 기술해 주세요.(1000자)
1287,4,"본인이 속한 조직 또는 팀의 목표를 이해하고 달성하기 위해 노력했던 경험과 그 과정에서 수행한 역할, 해당경험을 통해 얻은 것은 무엇인지 기술해 주시기 바랍니다.(최근 5년 이내 사례로 기술할 것)"
1288,4,교내외 활동과 중요경력 (500바이트 ~ 1700바이트)
1289,4,약속과 원칙을 지켜 신뢰를 형성/유지했던 경험에 대해 기술해 주십시오.
1290,4,지금까지 경험해온 학교 또는 기타 조직 생활 속에서 조직을 위해 헌신하고 의미있는 결과를 창출한 경험이 있다면 기술해 주십시오.
1291,4,(팀웍지향)을 발휘한 사례를 경험 중심으로 작성해 주세요.
1292,4,(의사소통)을 강화하고자 노력했던 경험을 구체적으로 작성해 주세요.
1293,4,"[의사소통능력] 자신이 속했던 조직(학교, 회사, 동아리 등) 안에서 자신과 의견이 다른 조직 구성원을 효과적으로 설득하거나 합의를 이끌어낸 경험이 있습니까?"
1294,4,[대인관계능력] 공동의 과제를 여럿이서 함께 수행하는 과정에서 갈등이 발생했을 때 갈등을 원만하게 해결한 경험이 있습니까?
1295,4,"(NCS 직업기초: 조직이해) 남들은 당연하다고 생각하는 일 혹은 현상에 의문을 가지고, 이에 대한 개선안을 제시하여 조직에 긍정적인 효과를 가져 온 경험이 있으십니까? 당시의 경험과 함께 남들은 왜 그 일을 당연"
1296,4,"대인관계, 과도한 업무 양, 고난과 외압 등의 스트레스가 주어져도 자기감정을 조절하며 업무를 수행하고 중심을 유지한다"
1297,4,"자신이 속한 단체의 발전을 위해 노력했던 경험 중 기억에 남는 것을 기술해 주시고, 조직생활에서 가장 필요한 덕목은 무엇이라고 생각하는지 함께 작성해 주시기 바랍니다."
1298,4,"본인이 소속된 조직에서 타인과 협력을 통해 공동의 목표를 추구했던 경험과, 이를 통해 깨달은 점이 있다면 기술해 주십시오."
1299,4,팀의 일원으로서 조직의 성과를 함께 만들어내는데 기여한 경험을 구체적으로 기술해 주시기 바랍니다. (500자)
1300,4,대화를 통해 자신과 다른 생각을 가진 사람을 효과적으로 설득해 본 경험을 기술해 주십시오.
1301,4,공동 과제나 과업을 달성하는 과정에서 발생한 어려움을 해결하기 위해 구성원들과 적극적으로 협력했던 경험을 기술해 주십시오. .
1302,4,"(NCS 직업기초: 의사소통능력) 팀 과제 수행이나 단체 활동 시 타인이 말이나 글을 통해 직접적인 의사 표현을 하지 않았지만 타인의 의도나 감정을 파악하고 대처한 경험이 있습니까? 당시의 경험이나 상황을 간략하게 설명하고 어떠한 방법이나 과정을 통해 타인의 의도나 감정을 파악하고, 대처하였는지 구체적인 사례를 기반으로 기술하여 주십시오."
1303,4,"(NCS 직업기초: 대인관계능력) 친분이 없는 사람에게 무엇인가 부탁을 해야 하는 상황이 발생한다면, 귀하는 어떤 방법으로 원하는 바를 이루시겠습니까? 이와 유사한 경험과 함께 귀하의 생각을 기술해 주십시오."
1304,4,"(NCS 직업기초: 공동체윤리) 조직의 목표 달성을 위해, 남들은 꺼려하는 일을 도맡아 묵묵히 수행했던 경험이 있으신가요? 남들이"
1305,4,"공동의 목표를 위해 협업하는 과정에서 소통의 부재로 인해 어려움을 겪었던 경험이 있습니까? 당시 상황을 기술하고, 어려움을 어떻게 극복했는지를 자세하게 행동 중심으로 기술해 주시기 바랍니다."
1306,4,자신이 속했던 조직의 공동 목표를 달성하기 위해 노력하던 중 발생한 갈등상황을 슬기롭게 극복한 경험이 있습니까? 당시 상황을 기술하고 당시 해결 방법을 자세하게 행동 중심으로 기술해 주시기 바랍니다.
1307,4,"학교나 사회에서 어떤 일(학업, 팀 프로젝트, 인턴활동 등)을 하면서 한정된 시간, 정보, 사람에도 불구하고 이를 이겨내고 주어진 업무나 과제를 성공적으로 마친 경험이 있습니까? 당시 상황을 기술하고, 어떤 방식으로 한정된 자원을 관리해 나갔는지 자세하게 행동 중심으로 기술해 주시기 바랍니다."
1308,4,조직이 처한 상황이나 당면하고 있는 문제를 정확히 이해하고 이를 해결하기 위해 노력했던 경험이 있습니까? 당시 상황을 기술하고 어떤 노력을 기울였는지 자세하게 행동 중심으로 기술해 주시기 바랍니다.
1309,4,"학교나 사회에서 속했던 조직(동아리, 프로젝트 팀 등)에서 개인적 손해를 감수하면서까지 맡은 일 또는 역할을 다하기 위해 노력했던 경험이 있습니까"
1310,4,"함께 일했던 동료들은 지원자분의 성격에 대해 평소 어떤 의견을 주나요? 자신이 생각하기에 주변에서 그렇게 자신을 판단하는 이유나 결정적인 사례가 있다면 기술해 주시기 바랍니다. 또한 그런 의견에 얼마나 동의하는지, 생각에 차이가 있다면 그 이유는 무엇인지 정리해서 말씀해 주십시오."
1311,4,상호 의견이 충돌하고 있는 상황에서 논리적인 근거로 상대방을 설득했던 경험이 있습니까?
1312,4,새롭게 속한 조직에서 다양한 사람들과 좋은 관계를 맺기 위해 노력한 경험이 있습니까?
1313,4,학교나 사회에서 속했던 조직의 발전을 위해 스스로 노력했던 경험이 있습니까?
1314,4,문제를 해결해 나간 경험
1315,4,의견대립 조율한 경험
1316,4,팀 프로젝트 등 추진 시 갈등을 해결하기 위해 주도적으로 소통하여 협업을 이끌었던 경험을 다음 세부 항목에 따라 작성해 주십시오. - 최근 3년 이내 경험을 기준으로 작성하시기 바랍니다. 성공 또는 실패 경험 모두 작성 가능합니다.
1317,4,보다 다양한 사람을 만나고 다양한 환경을 경험하기 위해 실행에 옮겨본 행동이나 자신만의 사고에서 벗어나 다른 방식으로 사고하고자 노력한 사례가 있다면 이야기해 주십시오. (진흥원의 주요 기능 - 개방) [6000byte 이내]
1318,4,의견 조율 하는 방법
1319,4,조직 혹은 공동체의 목표를 달성하는 과정에서 지원자가 동료들보다 더 많이 노력하고 희생함으로써 팀원들 간 협력을 이끌어낸 사례를 아래 세부항목에 따라 작성해주십시오.
1320,4,학교 또는 사회에서 수행했던 경험·경력 및 구성원으로써의 역할이 무엇이었는지 대해 기술해 주시기 바랍니다. (200자 이상 600자 이내)
1321,4,"조직(또는 집단)의 목표를 이해하고 이를 달성하기 위하여 귀하가 기울인 노력과 결과에 대해 아래 질문을 감안하여 기술하여 주십시오. - 언제, 어떠한 목표를 가지고 있는 조직(또는 집단)에서의 경험입니까?"
1322,4,그 경험에서 목표를 이해하고 공유하려 했던 행동과 노력에는 어떤 것이 있습니까?
1323,4,그 결과 동료들의 행동에는 어떠한 변화가 있었습니까?
1324,4,"조직 또는 집단에서 구성원들의 요구와 기대를 정확히 파악하고, 그에 맞게 행동한 구체적인 경험, 자신의 행동, 결과 등을 아래 질문을 감안하여 기술하여 주십시오."
1325,4,"성장과정, 성격 및 주요활동 경험은 어떤 것이 있나요?"
1326,4,학교생활이나 사회생활 중 조직 내에서 겪었던 갈등과 이를 극복한 경험을 기술해주십시오. 갈등의 이유와 극복할 수 있었던 요인에 대해서도 설명해주십시오. [ 100자 이상 1000자 이내 ]
1327,4,지원한 분야와 유사한 경험
1328,4,다른사람에게 신뢰를 얻은 사례
1329,4,본인이 업무 중이나 일상생활에서 상대방의 불만을 효과적으로 해결한 구체적인 경험이나 해결 방법에 대한 자신의 생각을 기술해 주시기 바랍니다.
1330,4,사용해 본 프로그래밍 언어와 해당 언어를 사용하여 개발해 본 프로젝트 혹은 개발 산출물을 설명해 주세요. (필수)
1331,4,"학업, 업무, 특정 과업들의 수행과정에서 새로운 방식을 시도했던 최근의 사례에 대해 기술해 주십시오."
1332,4,"조직(팀, 프로젝트 등)에서 구성원들의 의견을 수용하고 반영하여 긍정적인 결과를 도출해냈던 최근의 사례에 대해 기술해주십시오."
1333,4,"조직(팀, 프로젝트 등)에서 편법을 사용하여 손쉽게 성과를 얻어낼 수 있는 유혹이 있었음에도 불구하고, 정직한 방법을 택했던 최근의 사례에 대해 기술해주십시오."
1334,4,"(NCS 직업기초: 조직이해) 남들은 당연하다고 생각하는 일 혹은 현상에 의문을 가지고, 이에 대한 개선안을 제시하여 조직에 긍정적인 효과를 가져 온 경험이 있으십니까? 당시의 경험과 함께 남들은 왜 그 일을 당연하다고 여겼는지, 그리고 귀하가 의문을 가지게 된 배경은 무엇이었는지 함께 기술해 주십시오. (500자 이내)"
1335,4,"(NCS 직업기초: 공동체윤리) 조직의 목표 달성을 위해, 남들은 꺼려하는 일을 도맡아 묵묵히 수행했던 경험이 있으신가요? 남들이 그 일을 꺼려한 이유, 그럼에도 불구하고 귀하가 그 일을 맡은 이유에 대해 기술해 주십시오."
1336,4,자신과는 다른 생각이나 행동양식을 가진 사람들과 함께 업무나 과제를 추진하면서 겪었던 어려움과 이를 극복하기 위해 노력했던 경험을 구체적으로 기술해주십시오.(500자 이내)
1337,4,업무를 원활히 수행하는데 있어서 자신이 속했던 조직의 체제나 운영 방식의 장점과 단점은 무엇이었으며 단점을 극복하기 위해 어떤 노력을 하였는지 구체적으로 기술해주십시오. (500자 이내)
1338,4,"다양한 경험을 하면서 과업이나 과제를 총괄하여 관리했던 경험을 기술하고 이를 효율적으로 관리하기 위한 계획수립방법, 일정 및 자원관리 과정을 구체적으로 기술해주십시오. (500자 이내)"
1339,4,"본인이 경험했던 조직생활 중, 조직의 팀웍을 유지하고 강화시킨 대표적인 경험을 구체적으로 서술하여 주시기 바랍니다. (800자)"
1340,4,"귀하가 최근 3년 이내에 귀하가 속한 조직(팀, 동아리 등)을 위해 헌신적인 노력을 다한 경험"
1341,4,"혼자 하기 어려운 일에서 다양한 자원 활용, 타인의 협력을 최대한으로 이끌어 내며 팀워크를 발휘하여 공동의 목표 달성에 기여한 경험에 대하여 기술해 주십시오."
1342,4,"본인이 속한 조직 또는 팀의 목표를 이해하고 달성하기 위해 노력했던 경험과 그 과정에서 수행한 역할, 해당경험을 통해 얻은 것은 무엇인지 기술해 주시기 바랍니다. (최근 5년 이내 사례로 기술할 것)"
1343,4,직무관련경험(자유 서술)
1344,4,경력사항 및 사회경험
1345,4,다른 사람들과 상호 협력하여 남다른 성과를 도출했던 사례에 대해 기술하시오. * [500자 이내]
1346,4,"나와는 의견이 다른 사람들과 협업할 때, 과업을 원만하게 이끄는 본인만의 방법은 무엇인가요? 자신의 경험에 빗대어 기술하되, 당시 어떤 의견 대립이 있었으며, 이를 어떻게 조율했는지를 포함하여 기술해 주십시오."
1347,4,"조직의 목표 달성을 위해, 남들은 꺼려하는 일을 도맡아 묵묵히 수행했던 경험이 있으신가요? 남들이 그 일을 꺼려한 이유, 그럼에도 불구하고 귀하가 그 일을 맡은 이유에 대해 기술해 주십시오."
1348,4,"활동경험(해외연수,대외활동 등)"
1349,4,소속조직을 위해 주도적으로 나서서 문제를 해결하기 위해 노력했던 경험
1350,4,다른 사람을 고객으로 대하면서 고객만족을 이루었던 사례에 대해 기술하시오. * [500자 이내]
1351,4,"(자원관리능력) 어떤 일을 수행하며 한정된 자원을 효과적으로 잘 활용했었던 경험에 대해 기술해주십시오. 당시 상황은 어떠했으며, 어떤 요소들을 고려하여 효과적으로 자원을 활용했는지, 본인이 취했던 방식을 중심으"
1352,4,"남들은 당연하다고 생각하는 일 혹은 현상에 의문을 가지고, 이에 대한 개선안을 제시하여 조직에 긍정적인 효과를 가져 온 경험이 있으십니까? 당시의 경험과 함께 남들은 왜 그 일을 당연하다고 여겼는지, 그리고 귀하가 의문을 가지게 된 배경은 무엇이었는지 함께 기술해 주십시오."
1353,4,"학교생활,사회경험 등"
1354,4,책임감을 가지고 임무를 완수한 경험
1355,4,"다른 사람들과 팀을 이루어 성과를 창출한 경험과 당시 팀워크(Team-work)의 장애요인이 무엇이 있었는지, 어떻게 극복 했는지에 대해 기술해 주십시오."
1356,4,타인과 이해가 상충되는 상황에서 본인이 양보하거나 희생한 사례에 대해 이야기 하고 왜 그러한 선택을 하였는지 설명해 주십시오. (500자)
1357,4,팀 프로젝트 등 추진 시 갈등을 해결하기 위해 주도적으로 소통하여 혐업을 이끌었던 경험을 작성해주십시오
1358,4,주변의 동료들이 기피한 업무 또는 목표에 대해 책임감을 가지고 수행하였던 경험을 작성해주십시오
1359,4,교내활동 및 사회활동
1360,4,최근 여러 사람들과 함께 작업을 수행해서 결과를 만들어 내었던 사례
1361,4,사회활동(학업이외에 열정을 가지고 했던 활동)
1362,4,"조직 내 구성원으로서 뛰어난 성과를 거둔 경험이 있다면, 그 과정과 결과에 대해 구체적으로 작성해 주십시오."
1363,4,"공동의 목표를 위해 협업하는 과정에서 소통의 부재로 인해 어려움을 겪었던 경험이 있습니까? 당시 상황을 기술하고, 어려움을 어떻게 극복했는지를 자세하게 행동 중심으로 기술해 주시기 바랍니다"
1364,4,"학교나 사회에서 속했던 조직(동아리, 프로젝트 팀 등)에서 개인적 손해를 감수하면서까지 맡은 일 또는 역할을 다하기 위해 노력했던 경험이 있습니까? 당시 상황을 기술하고 어떤 노력을 기울 였는지 자세하게 행동 중심으로 기술해 주시기 바랍니다."
1365,4,전공과 관련하여 수행한 팀 프로젝트(혹은 연구과제)중 본인의 제안을 구체화한 사례 및 해당 프로젝트를 수행하는데 있어 본인의 제안이 채택될 수 있었던 이유에 대해 작성해 보십시오. 1000자
1366,4,"(NCS 직업기초: 공동체윤리) 조직의 목표 달성을 위해, 남들은 꺼려하는 일을 도맡아 묵묵히 수행했던 경험이 있으신가요? 남들이 그 일을 꺼려한 이"
1367,4,"[학교생활]직무와 관련된 학업내용, 동아리 활동, 이색적인 경험 등 (2000자)"
1368,4,[학업 외 경험사항]
1369,4,조직이해 및 역량개발 노력
1370,4,본인의 의사와 정반대되는 주장을 하는 직장 상사 또는 동료를 어떻게 설득할 것인지 작성하여 주십시오
1371,4,사회봉사활동 및 특기사항
1372,4,"학창시절, 사회생활"
1373,4,공동의 목표를 달성하기 위해 다른 사람들과 긴밀하게 소통하며 성공적으로 협업을 이루었던 사례에 대해 기술 하십시오.
1374,4,자신이 속했던 조직의 공동 목표를 달성하기 위해 노력하던 중 발생한 갈등상황을 슬기롭게
1375,4,"학교나 사회에서 속했던 조직(동아리, 프로젝트 팀 등)에서 개인적 손해를 감수하면서까지 맡은 일 또는 역할을 다하기 위해 노력했던 경험이 있습니까? 당시 상황을 기술하고 어떤 노력을 기울였는지 자세하게 행동 중심으로 기술해 주시기 바랍니다."
1376,4,"공동의 목표를 달성하기 위해 타인과 협업했던 경험과 그 과정에서 본인의 역할, 해당 경험을 통해 얻은 것은 무엇인지 구체적으로 기술하세요. (1000자 이내)"
1377,4,CS(고객섬김)마인드를 바탕으로 상충되는 의견을 가진 사람을 설득한 경험을 기술해 주십시오.
1378,4,상대 의향의 핵심을 파악하여 논리적으로 상대방을 설득했던 경험이 있습니까? 당시 상황을 기술하고 당시 설득 방법을 자세하게 행동 중심으로 기술해 주시기 바랍니다.
1379,4,"어떤 조직(기업, 동아리, 단체 등)에 구성원으로 적응하기 어려웠지만, 이를 극복하고 조직에 잘 적응했던 경험이 있습니까? 당시 상황을 기술하고, 해결 방법을 자세하게 행동 중심으로 기술해 주시기 바랍니다."
1380,4,학교나 사회에서 어떤 일을 하면서 명확한 지시나 감독이 없었으나 맡은 업무를 충실히 수행해서 좋은 결과를 얻었던 경험이 있습니까? 당시 상황을 기술하고 맡은 업무를 어떻게 수행했는지를 자세하게 행동중심으로 기술해 주시기 바랍니다.
1381,4,학교나 사회에서 속했던 조직을 발전시키기 위해 노력했던 경험이 있습니까? 당시 조직 상황을 기술하고 조직의 발전을 위해 어떤 노력을 했는지 자세하게 행동 중심으로 기술해주시기 바랍니다.
1382,4,[의사소통능력] 공동의 목표를 달성하게 위해 다른 사람들과 긴밀하게 소통하며 성공적으로 협업을 이루었던 사례에 대해 기술 하십시오 (500자)
1383,4,"조직 또는 팀의 구성원으로서 팀원 간의 갈등을 해소하고, 협력하는 분위기를 조성하셨던 경험을 다음의 세부 항목에 따라 작성해주십시오."
1384,4,[Action &Result] 조직의 목표달성을 위해 귀하가 노력하셨던 점과 그에 따라 조직이 달라졌던 부분을 구체적으로 제시해 주십시오. (800)
1385,4,[Situation &Task] 당시 조직의 구성과 구성원간 갈등이 벌어졌던 상황에 대해 간단히 작성해주십시오. (600)
1386,4,"[Action &Result] 구성원간의 갈등을 해소하기 위해 어떤 노력을 하셨으며, 그에 따른 결과는 무엇이었는지 구체적으로 제시해 주십시오. (800)"
1387,4,교내외 활동과 중요경력
1388,4,"팀활동에 조화롭게 참여하지 못하는 등 조직에 잘 적응하지 못하는 구성원과 함께 지냈던 경험을 기술하고, 그 당시 지원자는 어떻게 대처했는지에 대해 기술해 주십시오"
1389,4,최근 3년 이내에 귀하가 속한 조직을 위해 헌신적인 노력을 다한 경험과 그 경험을 통해 귀하가 얻은 것이 있다면 구체적으로 기술하여 주십시오.
1390,4,"본인이 속한 조직 또는 팀의 목표를 이해하고 달성하기 위해 노력했던 경험과 그 과정에서 수행한 역할, 이를 통해 얻은 것은 무엇인지 기술해 주시기 바랍니다. (최근 5년 이내 사례로 기술할 것) (1000자 이내)"
1391,4,"[열정&협력]질문 : 최고의 성과를 내기 위해 타인과 협력했던 경험이 있다면 작성해 주시고, 협업과정에서 본인의 역할과 해당 경험을 통해 얻은 것은 무엇인지 구체적으로 작성해 주세요.(1000자 이내)"
1392,4,[고객중심]질문 : 본인이 업무 중이나 일상생활에서 상대방의 불만을 효과적으로 해결한 구체적인 경험이나 해결 방법에 대한 자신의 생각을 기술해 주시기 바랍니다.(1000자 이내)
1393,4,사회경험 및 활동 경력
1394,4,"단체활동을 통해 리더로서 자질을 발휘하였던 경험이나, 팀워크를 발휘하였던 경험을 기술하세요 (1000자 이내)"
1395,4,"(대인관계능력) 소속 조직의 공동과업을 달성하는 과정에서 발생된 어려움을 극복하기 위해 구성원들과 적극적으로 협력했던 경험에 대해 기술해 주십시오. 당시 어떠한 상황이었으며, 이를 해결하는 과정에서 발생한 어려움은 어떻게 극복했는지 구체적으로 기술해 주십시오."
1396,4,(대인관계능력) 소속 조직의 공동과업을 달성하는 과정에서 발생된 어려움을 극복하기 위해 구성원들과 적극적으로 협력했던 경험에 대해 기술해 주십시오.
1397,4,"조직의 구성원으로서 갈등이 발생하였던 사례나 목표에 도전해 실패한 사례를 적고 그 갈등,실패에 대하여 어떻게 대처,극복하였는지를 구체적으로 기술하시오."
1398,4,학교생활 or 사회경험
1399,4,사용해 본 프로그래밍 언어와 해당 언어를 사용하여 개발해 본 프로젝트 혹은 개발 산출물을 설명해 주세요.
1400,4,"타인과의 관계에서 본인의 성향과 리더십은 어떠한 유형인지, 아래 제시된 각 항목을 1~100의 숫자로 나타내 주십시오. 또한 가장 높은 항목 1개에 대해 사례 중심으로 설명하여 주십시오.(0 낮음 ? 100 높음) [성향: 각 항목의 총합은 100] 주도형 : 주도적이고 목표지향적이다. 사교형 : 낙천적이고 사람지향적이다. - 안정형 : 안정적이고 팀지향적이다. 신중형 : 분석적이고 과업지향적이다. [리더십: 각 항목의 총합은 100] 지시 : 다른 사람들을 컨트롤 하는 것을 선호한다. 설득 : 사람들을 설득시키고 표현력을 발휘하는 것을 선호한다. 협력 : 타인과 협력적이고, 프로세스를 중시한다. 원칙 : 원칙, 규칙, 기록 등을 중시하고 신중하게 판단한다."
1401,4,"[팀웍] Guide Page를 확인하신 후 해당역량의 정의 및 중점사항을 참고하여 본인의 경험 사례를 기술하고, 이를 통해 얻은 결과 및 성과에 대해 자유롭게 기술 바랍니다."
1402,4,"[커뮤니케이션] Guide Page를 확인하신 후 해당역량의 정의 및 중점사항을 참고하여 본인의 경험 사례를 기술하고, 이를 통해 얻은 결과 및 성과에 대해 자유롭게 기술 바랍니다."
1403,4,자신이 생각하는 효과적인 의사소통 방법에 대해 기술해 주십시오.
1404,4,자신이 어려운 문제를 해결하여 조직의 일부 또는 전체에 상당히 긍정적인 결과를 가져온 경험이 있으면 기술해 보시오.
1405,4,"자신이 속한 단체 또는 학교생활 중 다른 구성원과 이해관계가 대립했던 경험을 기술하고, 이 상황을 어떻게 극복했는지 기술해 보시오."
1406,4,자신이 팀의 일원으로서 중요한 목표를 달성하기 위하여 타인과 협력했던 경험이 있으면 기술해 보시오.
1407,4,타인을 기쁘게 했던 경험을 기술하여 주십시오.
1408,4,"타인과의 협업과정에서 나타나는 본인의 장점 및 단점, 단점을 극복하기 위한 노력 등을 사례를 통해 구체적으로 작성해주세요."
1409,4,"팀웍을 위해 중요하다고 생각하는 것은 무엇이며 이와 관련된 본인의 경험(역할, 기여도 등)을 기술하시오."
1410,4,본인이 생각하는 행복이란 무엇인지 기술하고 가족을 제외한 타인의 행복을 위해 노력했던 점을 작성해 주십시오.
1411,4,"타인과 이해가 상충되는 상황에서 본인이 양보하거나 희생한 사례에 대해 이야기 하고, 왜 그러한 선택을 하였는지 설명해 주십시오."
1412,4,"지원자가 어떤 일을 하면서 마주친 사람들(선후배, 동료, 고객 등)과의 적극적인 소통을 통해 문제를 해결했던 최근의 사례를 기술해 주십시오."
1413,4,"공동의 목표를 달성하기 위하여 가장 중요하다고 생각하는 역량 1가지를 선정하고, 그 이유와 해당 역량을 발휘하여 목표를 달성한 경험에 대해"
1414,4,[의사소통능력] 자신의 생각이나 의견을 상대방에게 성공적으로 설득했던 경험을 상황 ? 행동 - 결과 중심으로 구체적으로 기술하시오. (1000자 이내)
1415,4,"[자원관리능력] 제한된 자원(예: 시간, 비용, 인력 등)에도 불구하고 목표를 달성했던 경험을 상황 ? 행동 ? 결과 중심으로 구체적으로 기술하시오. (1000자 이내)"
1416,4,[대인관계능력] 자신이 활동했던 조직이나 단체에서 다른 사람과 갈등상황이 생겼을 때 그 문제를 효과적으로 해결했던 경험을 상황 ? 행동 ? 결과 중심으로 구체적으로 기술하시오. (1000자 이내)
1417,4,"팀웍 해당역량의 정의 및 중점사항을 참고하여 본인의 경험 사례를 기술하고, 이를 통해 얻은 결과 및 성과에 대해 자유롭게 기술 하시오(1000자 이내)"
1418,4,"개발 프로젝트에 참여하거나, 직접 프로그래밍한 경험이 있으면 상세히 안내해주세요."
1419,4,나와 다른 생각이나 성향을 가진 사람과 함께 어려움이나 갈등상황을 해결하며 공동의 목표를 달성했던 경험에 대해 기술해 주시기 바랍니다. (1000자 이내)
1420,4,본인이 속했던 조직에서 팀웍과 함꼐 창의적인 도전을 통해 성과를 창출해낸 경험이 있다면 사례를 중심으로 기술하여 주시기 바랍니다. (1000자 이내)
1421,4,[성실한 조직인]과거 타인과의 인간관계에서 가장 힘들었던 갈등상황과 이를 슬기롭게 극복할 수 있었던 본인의 전략 및 노하우에 대해 기술하시오.(1000자 이내)
1422,4,사회활동의 경험을 통해 느낀 점을 기술하시오.
1423,4,경쟁과 협력 가운데 더 중요하다고 생각하는 것.
1424,4,과제 수행 시 구성원들간의 갈등을 해결하기 위해 노력했던 경험에 대해 서술하여 주십시오
1425,4,타인과 협력하는 과정에서 갈등이 발생하였지만 소통을 통해 win-win을 이끌어낸 경험이 있다면 구체적으로 이야기 해주십시오.
1426,4,자신이 어려운 문제를 해결해 조직의 일부 또는 전체에 상당히 긍정적인 결과를 가져온 경험에 대해 기술 (1000자 이내)
1427,4,자신이 속한 조직에서 다른 구성원과 이해관계가 대립했던 경험과 그 상황을 어떻게 극복하였는지 기술 (1000자 이내)
1428,4,자신이 팀의 일원으로서 중요한 목표를 달성하기 위해 타인과 협력했던 경험 기술 (1000자 이내)
1429,4,학교 또는 회사와 같은 조직생활 중 구성원들과 함께 공동 과업을 수행하는 과정에서 발생한 문제나 장애요인을 효과적으로 극복한 최근 경험과 그 당시 본인의 역할에 대하여 구체적으로 기술해 주시기 바랍니다.
1430,4,"타인과 함께 협동하여 문제를 해결한 경험과 그 과정에서 본인의 역할, 갈등, 극복을 위한 노력 등을 기술하시오. (1000자 이내)"
1431,4,"직장인들의 스트레스를 분석해보면 업무의 내용보다는 다양한 관계에서 오는 스트레스가 많습니다. 관계로 인한 스트레스는 다음 4가지 요인이 있습니다. 첫째, 세대간 갈등, 둘째 부서간 갈등, 셋째 직급간의 소통문제, 넷째, 민원인과의 소통문제입니다. 이 4가지 요인 중 우선적으로 해결해야 할 1가지를 선택하고 그것을 선택한 이유와 해결할 수 있는 아이디어를 제안해 주십시오."
1432,4,포상 및 특기사항.
1433,4,소속 조직 혹은 팀활동에 기여했던 경험 [100자 이상 600자 이내]
1434,4,조직 혹은 인간관계 가운데 갈등을 해결한 경험에 대해 문제상황과 해결방법을 서술해주세요.
1435,4,"친해지기 힘든 사람과 관계를 맺고 함께 지내야 했던 상황을 생각해 보고, 그 과정에서 어떤 어려움이 있었으며 어떤 노력을 하였는지 기술해 주시기 바랍니다."
1436,4,다른 입장이나 의견을 가진 사람들과 공동으로 수행한 작업에서 성과를 창출한 경험에 대해서 서술하시오.
1437,4,조직 화합성 및 인성(1000자 이내)
1438,4,단체활동을 하며 겪였던 갈등과 이를 극복한 경험을 기술하여 주십시오.
1439,4,최근 5년간 자신이 속한 조직 내에서 구성원 간의 갈등이 발생하였을 때 이를 극복했던 구체적인 경험과 자신의 행동 및 결과 등을 기술하여 주십시오.
1440,4,사회활동 및 직무경험
1441,4,"리더십의 경험이 있는 경우, 단체명, 단체의 성격, 직책, 활동기간, 리더십 범위 내 멤버의 수와 리더 경험을 통해 얻은 것을 적어주십시오."
1442,4,성장과정 및 지원동기.
1443,4,조직 또는 팀의 목표를 이해하고 이를 달성하기 위해 노력했던 경험을 다음의 세부 항목에 따라 작성해 주십시오. *[Situation & Task] 해당 조직의 성격과 당시 자신의 역할에 대해 간단히 작성해주십시오.
1444,4,*[Action & Result] 조직의 목표달성을 위해 귀하가 노력하셨던 점과 그에 따라 조직이 달라졌던 부분을 구체적으로 제시해 주십시오.
1445,4,"조직 또는 팀의 구성원으로서 팀원간의 갈등을 해소하고, 협력하는 분위기를 조성하셨던 경험을 다음의 세부 항목에 따라 작성해주십시오. *[Situation & Task] 당시 조직의 구성과 구성원간 갈등이 벌어졌던 상황에 대해 간단히 작성해주십시오."
1446,4,"*[Action & Result] 구성원간의 갈등을 해소하기 위해 어떤 노력을 하셨으며, 그에 따른 결과는 무엇이었는지 구체적으로 제시해 주십시오. 현재 0 Bytes / 800 Bytes 이내"
1447,4,[성실한 조직인] 과거 타인과의 인간관계에서 가장 힘들었던 갈등상황과 이를 슬기롭게 극복할 수 있었던 본인의 전략 및 노하우에 대해 기술하시오. (600자 이내)
1448,4,"학교생활, 동아리 활동, 경력사항 등"
1449,4,"5. 지원자 본인이, 자신의 소속 집단뿐만 아니라 주변 사람/집단까지 고려하고 배려하는 사람임을 가장 잘 나타내는 최근 5년 이내의 사례를 기술해 주시기 바랍니다."
1450,4,자신이 어려운 문제를 해결하여 조직의 일부 또는 전체에 상당히 긍정적인 결과를 가져온 경험에 대해 기술하여 주시기 바랍니다.
1451,4,자신이 속한 조직에서 다른 구성원과 이해관계가 대립했던 경험과 그 상황을 어떻게 극복했는지 기술하여 주시기 바랍니다.
1452,4,자신이 팀의 일원으로서 중요한 목표를 달성하기 위하여 타인과 협력했던 경험이 있으면 기술하여 주시기 바랍니다.
1453,4,"Q3. 타인과의 협업 중 예상치 못한 문제가 발생하였을 때, 이를 어떻게 해결하였는지 그 과정과 결과를 구체적으로 작성해주시기 바랍니다."
1454,4,성장과정 및 주요활동 경험. (필수)
1455,4,사람들이 묵인하거나 지나친 문제를 해결하려고 노력했던 경험
1456,4,당신은 평소 갈등관계 있는 직원과 같은 팀이 되었습니다. 업무를 수행하던 중 의견이나 생각이 차이로 갈등이 발생하였을 경우 이를 어떻게 대처할 것인지 본인의 경험에 기반하여 그 방법과 이유를 기술해주십시오.
1457,4,"문제해결능력 - 예상치 못했던 문제나 일의 난이도 등에 따라 원하는 바대로 일이 진행되지 않았을 경우, 이를 끝까지 책임지고 마무리하여 신뢰를 얻었던 경험이 있으면 설명해 주십시오."
1458,4,대인관계능력 - 직무수행 과정이나 일상생활에서 겪었던 갈등상황 및 이를 해결했던 사례를 설명해 주십시오.
1459,4,사회(봉사)활동 경험.
1460,4,대인관계에 있어서 자신의 강점과 보완점을 구체적인 사례를 들어 기술해 주시고 의사소통을 통해서 문제를 해결한 경험을 서술해 주세요. (500이상 1200이내)
1461,4,학창시절 활동사항.
1462,4,[성실한 조직인]과거 타인과의 인간관계에서 가장 힘들었던 갈등상황과 이를 슬기롭게 극복할 수 있었던 본인의 전략 및 노하우에 대해 기술하시오.(600자 이내)
1463,4,조직 혹은 공동체의 목표를 달성하는 과정에서 지원자가 동료들보다 더 많이 노력하고 희생함으로써 팀원들 간 협력을 이끌어 낸 사례(최근 3년 이내)를 아래 세부 항목에 따라 작성해 주십시오. (800자 이내)
1464,4,"단체(학교, 회사, 동아리, 동호회 등)에서 대화나 토론을 통해 상호 입장과 상황을 정확히 이해하고 설득시켜 건설적으로 문제를 해결해 본 경험에 대해 아래 세부 항목에 따라 작성해 주십시오. (800자 이내)"
1465,4,팀 프로젝트 수행 또는 레포트 작성 시 참고자료 또는 Data를 어떠한 방법으로 분석하여 결론을 이끌어 냈는지 사례를 바탕으로 설명하여 주시기 바랍니다.
1466,4,"공동의 목표를 달성하기 위하여 타인과 협업했던 경험과 그 과정에서 본인이 수행한 역할, 그리고 해당 경험을 통해 얻은 것은 무엇인지 사례 위주로 설명하여 주시기 바랍니다."
1467,4,[팀웍] (800자)
1468,4,다른 입장이나 의견을 가진 사람들과 공동으로 수행한 작업에서 성과를 창출한 경험에 대해서 서술하시오. - 최근 5년 이내의 경험으로 작성할 것 - 구성원들의 다른 입장 또는 의견 / 의견 차이가 발생한 이유 / 성과 창출을 위해 기울인 노력 / 성과의 내용 및 효과가 객관적으로 드러나게 작성할 것.
1469,4,"조직 혹은 공동체의 목표를 달성하는 과정에서 지원자가 동료들보다 더 많이 노력하고 희생함으로써 팀원들 간 협력을 이끌어 낸 사례를 아래 세부 항목에 따라 작성해 주십시오. 어떤 조직 혹은 공동체에서의 일이었으며, 당시 조직 혹은 공동체의 목표와 지원자가 맡은 역할은 무엇이었는지 기술해 주십시오."
1470,4,"동료들보다 더 많이 노력하고 희생했던 이유는 무엇이었고, 이를 위해 구체적으로 어떤 노력을 하였는지 기술해 주십시오."
1471,4,"본인이 희생하고 노력한 결과는 어떠하였고, 이 일이 조직 혹은 공동체에 미친 영향은 무엇인지 기술해 주십시오."
1472,4,"단체(학교, 회사, 동아리, 동호회 등)에서 대화나 토론을 통해 상호 입장과 상황을 정확히 이해함으로써 건설적으로 문제를 해결해 본 경험에 대해 아래 세부 항목에 따라 작성해 주십시오. 구성원들이 의견 차이를 보였던 견해에는 어떤 것들이 있었고 그 이유는 무엇인지, 그리고 본인의 입장은 어떠했는지 기술해 주십시오."
1473,4,"상대방을 이해하기 위해 어떤 노력을 하셨는지, 상대방을 설득하기 위해 본인이 사용한 방법이 무엇이고 그 결과는 어떠했는지 기술해 주십시오."
1474,4,대화를 진행하는 과정에서 가장 중요하게 생각한 점은 무엇이었는지 기술해 주십시오.
1475,4,공동의 목표를 달성하기 위해 여러 사람과 함께 일했던 경험을 본인의 역할 중심으로 기술해 주세요.
1476,4,"개인의 이익 또는 편리함보다 자신이 속했던 단체, 모임 등의 이익을 우선 시 함으로써 과제의 성공, 효과적인 협업, 또는 문제해결에 기여하였던 사례가 있다면 기술해 주십시오."
1477,4,"자신이 속했던 단체, 모임 등에서 자신과 의견이나 생각이 다른 구성원을 효과적으로 설득하거나 합의를 이끌어낸 경험이 있다면 기술해 주십시오. (800자 이내)"
1478,4,"나눔, 협력, 리더십 발휘 등을 통해 긍정적인 결과를 낸 경험을 기술하여 주십시오."
1479,4,"개인과 조직의 목표가 달랐던 경험을 제시하고, 구체적으로 어떤 역할과 행동으로 목표를 달성하였는지 기술하시오."
1480,4,"‘책임’이라는 단어의 의미를 정의해 보고, 책임과 관련된 경험에 대해 기술하시오."
1481,4,"어떤 문제에 대해 소통을 통해 다수의 공감대를 이끌어 내고, 시너지를 창출한 경험에 대해 작성해 주십시오."
1482,4,다른 입장이나 의견을 가진 사람들과 공동으로 수행한 작업에서 성과를 창출한 경우
1483,4,다른 입장이나 의견을 가진 사람들과 공동으로 수행한 작어에서 성과를 창출한 경험에 대해서 서술하시오
1484,4,재학 또는 재직기간 동안 리더십을 발휘한 경험을 기술해 주십시오. (1000자 이내)
1485,4,재학 또는 재직기간 동안 리더십을 발휘한 경험을 기술해 주십시오.(1000자 이내)
1486,4,"어떤 문제에 대해 소통을 통해 다수의 공감대를 이끌어내고, 시너지를 창출한 경험에 대해 작성해 주십시오. *문제 상황과 소통 과정, 시너지 창출의 효과를 자신의 역할이 명확히 드러나도록 작성 (1000자 이내)"
1487,4,[필수문항] 프로젝트 팀 내에서 주로 어떤 역할을 해 왔는지를 기술해 주세요.
1488,4,다른 사람들과 함께 일을 할 때 본인이 지닌 장점과 단점에 대해 구체적으로 기술해 주십시오
1489,4,"""어떠한 상황에서도 타인에게 신뢰를 줄 수 있는 사람"""
1490,4,"함께 일하고 싶지 않은 사람의 유형에 대해 설명하고, 만약 그러한 동료와 일하게 되었을 때 어떻게 할 것인지에 대하여 작성해 주십시오."
1491,4,"과제 수행 시 구성원들간의 갈등을 해결하기 위해 노력했던 경험에 대해 서술하여 주십시오. -구성원들간 갈등이 무엇이었는지를 밝히고, 갈등이 발생한 원인을 구체적으로 포함할 것 -갈등 해결을 위해 자신이 취한 행동을 구체적으로 서술할 것 -자신의 노력이 갈등 해결 과정에 미친 영향을 구체적으로 서술할 것 (1000자 이내)"
1492,4,타인과 협력하는 과정에서 갈등이 발생하였지만 소통을 통해 win-win을 이끌어낸 경험이 있다면 이야기해 주십시오.
1493,4,학교생활/사회봉사활동/연수여행경험 (1000자 이내)
1494,4,타인으로부터 믿음이나 신뢰를 크게 얻었던 사례가 있다면 구체적으로 기술해 주십시오.
1495,4,"단체 생활 경험 중 의견이 불일치 할 때, 긍정적인 변화로 이끌어 냈던 경험을 서술해 주십시오."
1496,4,원칙을 지킨 행동으로 타인에게 칭찬을 받은 경험이 있다면 기술해 주십시오.
1497,4,"[의사소통능력] 자신이 속했던 조직(학교, 회사, 동아리 등) 안에서 자신과 의견이 다른 조직 구성원을 효과적으로 설득하거나 합의를 이끌어낸 경험이 있습니까? 당시 상황을 간략하게 요약하고 성공 요인이 무엇이라고 생각하는지 기술해 주십시오.(1000자 이내)"
1498,4,[대인관계능력] 공동의 과제를 여럿이서 함께 수행하는 과정에서 갈등이 발생했을 때 갈등을 원만하게 해결한 경험이 있습니까? 갈등 상황을 간략하게 기술하고 해당 문제를 해결하기 위해 발휘한 본인의 역량과 역량에 따른 결과를 구체적으로 기술해 주십시오. (1000자 이내)
1499,4,[자원관리능력] 팀 프로젝트나 그룹 과제와 같은 공동 작업을 할 때 팀원들의 성격과 특성을 잘 파악하여 각 사람들에 맞는 역할을 부여함으로써 효과적으로 일을 완료한 경험이 있다면 기술해 주십시오. 구체적인 사례와 함께 본인이 취했던 전략이나 방식들을 중심으로 기술해 주십시오.(1000자 이내)
1500,4,사회적으로 성과를 냈던 경험
1501,4,사회봉사활동/연수여행경험(1000자 이내)
1502,4,창업분야 관련경험 및 사회활동.
1503,4,"학교생활이나 사회생활을 하면서 본인의 필요에 의해서가 아니라 다른 사람들의 불편이나 불만을 해소해주기 위해 노력했던 최근의 사례에 대해 기술해 주십시오. 우선, 당시의 상황을 육하원칙에 따라 간략히 기술해 주십시오. 당시 어떤 점이 왜 불편하고 불만일 것이라 생각했는지, 이를 해소하기 위해 어떤 노력을 기울였는지, 그 결과는 어떠했으며 그로 인해 느낀 점은 무엇인지 구체적으로 기술해 주십시오."
1504,4,"[자기소개서] (의사소통능력) 본인이 속했던 조직(학교, 회사, 동아리, 동호회 등) 안에서 당신과 의견이나 생각이 다른 조직구성원을 효과적으로 설득하거나 합의를 이끌어낸 경험이 있다면 당시 상황, 행동, 이유, 결과 등에 대해 구체적으로 기술하여 주십시오."
1505,4,"(대인관계능력) 본인이 속한 조직 안에서 과제의 성공 또는 효과적인 협업에 기여한 사례가 있다면 간략하게 요약하고, 본인의 역할 및 기여도에 대해 기술하여 주십시오."
1506,4,[인재상] 고객을 위한 가치창조 * 귀하는 과거에 타인의 요구를 파악하고 대응하여 칭찬을 받거나 타인의 가치를 향상시킨 경험이 있습니까?
1507,4,"타인과의 협업과정에서 나타나는 본인의 장점 및 단점, 단점을 극복하기 위한 노력 등을 사례를 통해 구체적으로 작성해주세요. (2000자 이내)"
1508,4,"조직 혹은 공동체의 목표를 달성하는 과정에서 지원자가 동료들보다 더 많이 노력하고 희생함으로써 팀원들 간 협력을 이끌어 낸 사례를 아래 세부 항목에 따라 작성해 주십시오. 3-1. 어떤 조직 혹은 공동체에서의 일이었으며, 당시 조직 혹은 공동체의 목표와 지원자가 맡은 역할은 무엇이었는지 기술해 주십시오.(1000자 이내)"
1509,4,"동료들보다 더 많이 노력하고 희생했던 이유는 무엇이었고, 이를 위해 구체적으로 어떤 노력을 하였는지 기술해 주십시오. (1000자 이내)"
1510,4,"본인이 희생하고 노력한 결과는 어떠하였고, 이 일이 조직 혹은 공동체에 미친 영향은 무엇인지 기술해 주십시오.(1000자 이내)"
1511,4,"단체(학교, 회사, 동아리, 동호회 등)에서 대화나 토론을 통해 상호 입장과 상황을 정확히 이해함으로써 건설적으로 문제를 해결해 본 경험에 대해 아래 세부 항목에 따라 작성해 주십시오. 5-1. 구성원들이 의견 차이를 보였던 견해에는 어떤 것들이 있었고 그 이유는 무엇인지, 그리고 본인의 입장은 어떠했는지 기술해 주십시오. (1000자 이내)"
1512,4,"상대방을 이해하기 위해 어떤 노력을 하셨는지, 상대방을 설득하기 위해 본인이 사용한 방법이 무엇이고 그 결과는 어떠했는지 기술해 주십시오. (1000자 이내)"
1513,4,"매일 야근을 하며 열심히 일하지만 역량이 부족하여 상사로부터 많은 꾸지람을 받는 친한 동료가 있습니다. 이런 모습을 보며 본인도 긴장감과 위축감이 듭니다. 어느 날 동료가 다른 좋은 회사에 우리 둘(본인과 동료) 모두 취직할 수 있는 기회가 있다고 말을 합니다. 본인은 어떻게 행동하겠습니까, 그리고 그 이유는 무엇입니까? (700자 이내)"
1514,4,"조직 혹은 공동체의 목표를 달성하는 과정에서 지원자가 동료들보다 더 많이 노력하고 희생함으로써 팀원들 간 협력을 이끌어 낸 사례를 아래 세부 항목에 따라 작성해 주십시오. 3-1. 어떤 조직 혹은 공동체에서의 일이었으며, 당시 조직 혹은 공동체의 목표와 지원자가 맡은 역할은 무엇이었는지 기술해 주십시오. (200자 이내)"
1515,4,"동료들보다 더 많이 노력하고 희생했던 이유는 무엇이었고, 이를 위해 구체적으로 어떤 노력을 하였는지 기술해 주십시오. (400자 이내)"
1516,4,"본인이 희생하고 노력한 결과는 어떠하였고, 이 일이 조직 혹은 공동체에 미친 영향은 무엇인지 기술해 주십시오. (200자 이내)"
1517,4,"상대방을 이해하기 위해 어떤 노력을 하셨는지, 상대방을 설득하기 위해 본인이 사용한 방법이 무엇이고, 그 결과는 어떠했는지 기술해 주십시오. (400자 이내)"
1518,4,도전적인 목표를 수립하고 실행한 사례나 리더쉽을 발휘하여 성과를 달성한 사례를 기술해 주세요.
1519,4,"관리, 감독 없이 스스로 업무를 처리하며 남들이 꺼리는 업무나 궃은 일을 주도적으로 나서 해결한 경험"
1520,4,"대인관계, 과도한 업무 양, 고난과 외압 등의 스트레스가 주어져도 자기감정을 조절하며 업무를 수행하고 중심을 유지한 경험"
1521,4,재학 또는 재직 기간 동안 리더십을 발휘한 경험을 기술해 주십시오. [ 200자 이상 1000자 이내 ]
1522,4,"사회 활동(대학생활, 봉사활동, 해외연수 등)"
1523,4,타회사 경험 및 주요 수행업무 (인턴/실습 등)
1524,4,최근 5년 이내 다른 사람들이 지나치거나 묵인한 문제를 해결하기 위해 노력했던 경험에 대해 작성하여 주십시오. (1000자 이내)
1525,4,"어떤 문제에 대해 소통을 통해 다수의 공감대를 이끌어내고, 시너지를 창출한 경험에 대해 작성해 주십시오. *문제 상황과 소통 과정, 시너지 창출의 효과 및 자신의 역할이 명확히 드러나도록 작성 (600자 6 단락 이내)"
1526,4,지원자 본인이 자신만의 이익이 아닌 집단이나 공동체의 이익을 보다 중시하는 사람임을 가장 잘 보여주는 최근 5년 이내의 사례를 아래 세부 항목에 따라 작성해 주십시오.
1527,4,"개인 혹은 단체(학교, 회사, 동아리 등)에서 본인이 생각하는 바를 다른 사람에게 이해시키기 위해 노력을 기울인 경혐에 대해 아래 세부 항목에 따라 작성해 주십시오"
1528,4,"친구나 동료, 또는 조직(집단, 그룹, 팀)내 다른 구성원들과 협력하여 어떤 문제를 해결했거나 좋은 성과를 달성했던 사례를 기술하십시오. (1000자 내외)"
1529,4,"타인에게 감동을 주었던 경험을 소개하고, 귀하가 생각하는 `고객감동`의 의미를 기술하십시오. (1000자 이내)"
1530,4,지원자가 속한 조직(모임)에서 잘못된 관행에 대해 문제를 적극 제기한 경험을 기술해 주세요.
1531,4,"다른 사람과 함께 힘을 모아 어떤 일을 해결 또는 극복한 경험을 소개하고, 나 혼자가 아닌 `우리`의 의미를 기술하십시오."
1532,4,"각종 사회단체, 봉사활동 경험의 상세 서술"
1533,4,"[의사소통능력] 자신이 속했던 조직(학교, 회사, 동아리 등) 안에서 자신과 의견이 다른 조직 구성원을 효과적으로 설득하거나 합의를 이끌어낸 경험이 있습니까? 당시 상황을 간략하게 요약하고 성공 요인이 무엇이라고 생각하는지 기술해 주십시오. (800byte 이내)"
1534,4,[대인관계능력] 공동의 과제를 여럿이서 함께 수행하는 과정에서 갈등이 발생했을 때 갈등을 원만하게 해결한 경험이 있습니까? 갈등 상황을 간략하게 기술하고 해당 문제를 해결하기 위해 발휘한 본인의 역량과 역량에 따른 결과를 구체적으로 기술해 주십시오. (800byte 이내)
1535,4,[자원관리능력] 팀 프로젝트나 그룹 과제와 같은 공동 작업을 할 때 팀원들의 성격과 특성을 잘 파악하여 각 사람들에 맞는 역할을 부여함으로써 효과적으로 일을 완료한 경험이 있다면 기술해 주십시오. 구체적인 사례와 함께 본인이 취했던 전략이나 방식들을 중심으로 기술해 주십시오. (800byte 이내)
1536,4,사회경험 [150Bytes 이상 1500Bytes 이내]
1537,4,"[노력으로 얻은 성취감], [최고전사가 되다], [우수사원이 되기까지]"
1538,4,모든 구성원이 팀목표 달성을 위한 것이라고 주장하고 있지만 서로 다른 의견으로 인해 의사결정에 갈등을 겪고 있다면 본인은 보통 어떻게 행동하는지 구체적인 사례를 바탕으로 기술해 주십시오.
1539,4,"조직 내 구성원으로서 뛰어난 성과를 거둔 경험이 있다면, 그 과정과 결과에 대해 구체적으로 작성해 주십시오. (1000자 이내)"
1540,4,상대방에게 도움을 주기 위해 적극적으로 노력하여 성공했던 경험에 대해 작성해 주세요.
1541,4,"친구, 또는 동료와의 관계에서 갈등의 경험이 있다면, 그 갈등의 원인과 극복방법을 작성해 주세요"
1542,4,[대인관계 능력] 타인과의 관계에 있어 약속과 원칙을 지켜서 신뢰를 형성/유지했던 경험에 대하여 기술해 주시기 바랍니다.
1543,4,규정이나 절차를 준수하기 위해 노력했던 사례 또는 윤리적 도덕적으로 행동했던 경험을 기술해 주십시오. (1000자 이내)
1544,4,소속 집단에서 공동의 목표를 달성하기 위하여 협력한 사례를 구체적으로 기술해 주십시오. (1000자 이내)
1545,4,단체활동에서 가장 큰 성취감을 느꼈던 사례와 본인의 기여도를 설명하십시오. (자필기재)
1546,4,지원자의 창의적인 아이디어를 통해 조직의 업무 프로세스를 개선하거나 성과를 낸 경험이 있다면 말씀하여 주십시오. [1200 Bytes 이내]
1547,4,단체활동 경험(1000자 이내)
1548,4,4번의 결과를 위해 귀하는 어떤 노력과 역할 및 기여를 했습니까? (1000자 이내)
1549,4,"학창시절 또는 다른 경험을 돌이켜 볼 때 가장 많은 대화를 한 사람은(선배, 동료, 후배) 누구이며, 그 이유는 무엇입니까? (1000자 이내)"
1550,4,조직구성원으로 활동하면서 창의적으로 문제를 해결한 사례를 기술 (1000자 이내)
1551,4,본인의 경험을 바탕으로 원활히 의사소통한 사례를 기술 (1000자 이내)
1552,4,"[최근 3년 이내에 본인이 속한 단체 내에서 갈등이 발생했던 사례를 제시하고, 이를 극복하기 위한 과정, 본인의 역할과 행동 등을 구체적으로 기술하여 주십시오. 700자]"
1553,4,조직 혹은 공동체의 목표를 달성하는 과정에서 지원자가 동료들보다 더 많이 노력하고 희생함으로써 팀원들 간 협력을 이끌어 낸 사례(최근 3년 이내)를 아래 세부 항목에 따라 작성해 주십시오. (1000자 이내)
1554,4,"단체(학교, 회사, 동아리, 동호회 등)에서 대화나 토론을 통해 상호 입장과 상황을 정확히 이해함으로써 건설적으로 문제를 해결해 본 경험에 대해 아래 세부 항목에 따라 작성해 주십시오. (1000자 이내)"
1555,4,"공동의 목표를 달성하기 위해 타인과 협업했던 경험과 그 과정에서 본인이 수행한 역할, 그리고 해당 경험을 통해 얻은 것은 무엇인지 구체적으로 기술해 주십시오. (1000자 이내)"
1556,4,"고등학교/전문대학/대학 재학 시 학창생활, 동아리/학회활동(활동단체명/기간/역할/리더경험) 등을 구체적으로 기재하여 주시기 바랍니다."
1557,4,자신이 속한 조직에서 다른 구성원과 이해관계가 대립했던 경험과 그 상황을 어떻게 극복했는지 기술하여 주시기 바랍니다. (1000자 이내)
1558,4,자신이 팀의 일원으로서 중요한 목표를 달성하기 위하여 타인과 협력했던 경험이 있으면 기술하여 주시기 바랍니다. (1000자 이내)
1559,4,"공동의 목표를 위해 타인과 협업했던 경험과 그 과정에서 본인이 수행한 역할, 그리고 해당경험을 통해 얻은 것은 무엇인지 구체적으로 기술해 주십시오."
1560,4,[협업을 통한 성공적인 프로젝트 수행]
1561,4,소속집단의 공동과업을 달성하는 과정에서 발생된 어려움 및 갈등을 극복하기 위해 구성원들과 적극적으로 협력했던 경험에 대해서 기술해 주십시오. 또한 협력하는 과정에서 갈등이 발생했다면 어떻게 극복했는지도 함께 기술해 주십시오. (1000자 이내)
1562,4,본인이 소속된 조직 혹은 개인의 성과를 위해서 다른 사람 혹은 다른 조직과 협력이 필요했던 상황에 대해 작성해 주십시오. 또한 성공적 협력을 주도하기 위한 본인의 노력과 그 결과에 대해서도 작성해 주십시오.
1563,4,"과거 단체생활 중, 어려움에 처하였던 경험을 기억하시어 이 어려움을 어떻게 극복하였는지 기술하시기 바랍니다."
1564,4,조직(단체)생활에서 리더십을 발휘하였던 경험을 기술하시기 바랍니다
1565,4,지원자가 팀내 구성원들간 협력을 증진하기 위해 노력했던 최근의 경험과 그 결과에 대해 기술해 주십시오.
1566,4,"본인이 속한 조직 또는 팀의 목표를 이해하고 달성하기 위해 노력했던 경험과 그 과정에서 수행한 역할, 해당경험을 통해 얻은 것은 무엇인지 기술해 주시기 바랍니다.(최근 5년 이내 사례로 기술할 것)(1000 Bytes 이내 작성)"
1567,4,자신이 속한 조직에서 다른 구성원과 이해관계가 대립했던 경험과 그 상황을 어떻게 극복했는지 기술하여 주시기 바랍니다. [ 500자 이내 ]
1568,4,자신이 팀의 일원으로서 중요한 목표를 달성하기 위하여 타인과 협력했던 경험이 있으면 기술하여 주시기 바랍니다. [ 500자 이내 ]
1569,4,학교생활/사회봉사활동/연수여행경험 * [1250자 이내]
1570,4,"타인과 이해가 상충되는 상황에서 본인이 양보하거나 희생한 사례에 대해 이야기하고, 왜 그러한 선택을 하였는지 설명해 주십시오."
1571,4,팀 단위로 활동한 경험과 그속에서 팀웍을 발휘한 사례를 구체적으로 기술하여 주시기 바랍니다.
1572,4,타인과 좋은 관계를 유지했던 경험을 자신이 취한 행동중심으로 소개하여 주시기 바랍니다.
1573,4,"공동 과제를 수행하면서 갈등이 발생했던 경험과, 그것을 원만하게 해결하기 위해 어떤 노력을 하였는지 작성해 주십시오."
1574,4,HR담당자로서의 ‘화합’ 역량
1575,4,"지금까지의 경험 중 구성원들 간 갈등사례 및 소통, 화합 등을 통해 슬기롭게 해결한 사례에 대하여 기술하여 주시기 바랍니다."
1576,4,"지금까지의 경험중 사회의 일원으로서 사회를 위한 활동 경험에 대해 작성해 주시고, 향후 사회를 위해 계획하고 있는 활동이 무엇인지 기술하여 주시기 바랍니다."
1577,4,"본인이 경험했던 봉사 활동, 대학 동아리활동, 기타 단체활동에 대한 사례와 느낀 점을 기술해 주십시오."
1578,4,학교생활 및 경력활동
1579,4,타인의 요구사항을 사전에 파악하여 실천했던 경험에 대해 작성해 주십시오. (1000자 이내)
1580,4,지금까지의 경험 중 2인 이상이 모여 공동 작업을 진행했던 경험에 대해 작성해 주시기 바랍니다. 이 경험 속에서 지원자의 역할과 협력과정을 작성해 주시기 바랍니다. (1000자 이내)
1581,4,"어떤 문제에 대해 소통을 통해 다수의 공감대를 이끌어내고, 시너지를 창출한 경험에 대해 작성해 주십시오. 문제 상황과 소통과정, 시너지 창출의 효과를 자신의 역할이 명확히 드러나도록 작성"
1582,4,전공과 관련하여 수행한 팀 프로젝트(혹은 연구과제)중 본인의 제안을 구체화한 사례 및 해당 프로젝트를 수행하는데 있어 본인의 제안이 채택될 수 있었던 이유에 대해 작성해 보십시오.(1000자 이내)
1583,4,소속된 집단 내에서 소통과 협력을 통하여 조직 내 시너지를 이워낸 경험이 있으면 소개해주십시오.
1584,4,본인이 속했던 팀 혹은 단체에서 주도적으로 노력하여 변화를 이끌어낸 사례를 구체적으로 작성하시오 (1000자 이내) ① 주도적으로 변화를 이끌어낸 사례를 선정하고 ② 타인과의 커뮤니케이션 과정을 포함하여 변화를 이끌어낸 결과를 작성한 후 ③ 해당 경험이 입사 후 기여할 수 있는 점은 무엇인지에 대하여 작성해 주세요.
1585,4,지금까지의 경험 중 2인 이상이 모여 공동 작업을 진행했던 경험에 대해 작성해 주시기 바랍니다.
1586,4,[자기소개서] 보다 다양한 사람을 만나고 다양한 환경을 경험하기 위해 실행에 옮겨본 행동이나 자신만의 사고에서 벗어나 다른 방식으로 사고하고자 노력한 사례가 있다면 이야기해 주십시오.
1587,4,팀 단위로 활동한 경험과 그 속에서 팀웍을 발휘한 사례를 구체적으로 기술하여 주시기 바랍니다. (1000자 이내)
1588,4,타인과 좋은 관계를 유지했던 경험을 자신이 취한 행동중심으로 소개하여 주시기 바랍니다. (1000자 이내)
1589,4,"⑤ 모든 구성원이 팀목표 달성을 위한 것이라고 주장하고 있지만 서로 다른 의견으로 인해 의사결정에 갈등을 겪고 있다면 본인은 보통 어떻게 행동하는지 구체적인 사례를 바탕으로 기술해 주십시오. ⓐ 당시 팀목표 및 상황은 어떠했으며, 의사결정에 어려움을 겪고 있는 주요 원인은 무엇이었습니까? ⓑ 본인은 팀원들의 의견을 수렴하기 위해 구체적으로 어떤 행동을 하였습니까? [400 Bytes 이상1000 Bytes 이내 작성] *"
1590,4,공동과제 수행 시 자신에게 주어진 과업 이상을 했던 경험이나 일을 추진하는 데 있어 타인과의 협력을 통해 큰 성과를 거두었던 경험을 기술해 주십시오. (1000자 이내)
1591,4,"학교생활 직무와 관련된 학업내용, 동아리 활동, 이색적인 경험 등"
1592,4,"살면서 가장 강하게 소속감을 느낀 조직은 어디며, 그 조직의 발전을 위해 헌신적으로 노력한 경험:(700자) 노력한 사항에서 본인의 역할, 그 과정에서 했던 행동과 생각, 결과"
1593,4,"단체 활동 중 발생했던 갈등 상황을 기술하고, 그 상황을 해결하기 위해 본인이 했던 행동과 그 행동이 갈등해결 및 단체에 어떤 영향을 주었는지 상세히 작성하시기 바랍니다."
1594,4,소속된 집단 내에서 소통과 협력을 통하여 조직 내 시너지를 이뤄낸 경험이 있으면 소개해 주시기 바랍니다.
1595,4,과거 타인과의 인간관계에서 가장 힘들었던 갈등상황과 이를 슬기롭게 극복할 수 있었던 본인의 전략 및 노하우
1596,4,지금까지의 경험 중 2인 이상이 모여 공동 작업을 진행했던 경험에 대해 작성해 주시기 바랍니다. 이 경험속에서 지원자의 역할과 협력과정을 작성해 주시기 바랍니다.
1597,4,"직무경험 (장,단점)"
1598,4,"(학업 이외에) 본인이 경험한 경력사항 및 학내외 활동이 있다면 그 활동을 하게 된 계기는 무엇이었으며, 활동을 통해 무엇을 얻을 수 있었는지 기술하십시오."
1599,4,"[의사소통능력] 자신이 속했던 조직(학교, 회사, 동아리 등) 안에서 자신과 의견이 다른 조직 구성원을 효과적으로 설득하거나 합의를 이끌어낸 경험이 있습니까? 당시 상황을 간략하게 요약하고 성공 요인이 무엇이라고 생각하는지 기술해 주십시오. (1000자 이내)"
1600,4,[자원관리능력] 팀 프로젝트나 그룹 과제와 같은 공동 작업을 할 때 팀원들의 성격과 특성을 잘 파악하여 각 사람들에 맞는 역할을 부여함으로써 효과적으로 일을 완료한 경험이 있다면 기술해 주십시오. 구체적인 사례와 함께 본인이 취했던 전략이나 방식들을 중심으로 기술해 주십시오. (1000자 이내)
1601,4,"직장인들의 스트레스를 분석해보면 업무의 내용보다는 다양한 관계에서 오는 스트레스가 많습니다. 관계로 인한 스트레스는 다음 4가지 요인이 있습니다. 첫째, 세대 간 갈등, 둘째 부서 간 갈등, 셋째 직급간의 소통문제, 넷째, 민원인과의 소통문제입니다. 이 4가지 요인 중 우선적으로 해결해야 할 1가지를 선택하고 그것을 선택한 이유와 해결할 수 있는 아이디어를 제안해 주십시오. (1000자 이내)"
1602,4,"학교생활 : 직무와 관련된 학업내용, 동아리 활동, 이색적인 경험 등 (1000자 이내)"
1603,4,"공동의 목표를 달성하기 위해 타인과 협업했던 경험과 그 과정에서 본인이 수행한 역할, 그리고 해당 경험을 통해 얻은 것은 무엇인지 기술하세요."
1604,4,"개인의 이익 또는 편리함보다 자신이 속했던 단체, 모임 등의 이익을 우선시함으로써 과제의 성공, 효과적인 협업, 또는 문제해결에 기여하였던 사례가 있다면 기술해 주십시오."
1605,4,"어떤 문제에 대해 소통을 통해 다수의 공감대를 이끌어내고, 시너지를 창출한 경험에 대해 작성해 주십시오."
1606,4,"개인의 이익 또는 편리함보다 자신이 속했던 단체, 모임 등의 이익을 우선시함으로써 과제의 성공, 효과적인 협업 도는 문제해결에 기여하였던 사례가 있다면 기술해 주십시오. (1000자이내)"
1607,4,"자신이 속했던 단체, 모임 등에서 자신과 의견이나 생각이 다른 구성원을 효과적으로 설득하거나 합의를 이끌어 낸 경험이 있다면 기술해 주십시오. (1000자이내)"
1608,4,목표 달성을 위해 새로운 분야의 사람과 협력하여 성과를 낸 경험을 구체적으로 작성하시오. (1000자 이내)
1609,4,조직 혹은 공동체의 목표를 달성하는 과정에서 지원자가 동료들보다 더 많이 노력하고 희생함으로써 팀원들 간 협력을 이끌어 낸 사례(최근 3년 이내)를 아래 세부 항목에 따라 작성해주십시오. (1000자 이내)
1610,4,"단체(학교, 회사, 동아리, 동호회 등)에서 대화나 토론을 통해 상호 입장과 상황을 정확히 이해함으로써 건설적으로 문제를 해결해 본 경험에 대해 아래 세부 항목에 따라 작성하시오."
1611,4,"자신이 속했던 조직(학교, 회사, 동아리 등) 안에서 자신과 의견이 다른 조직 구성원을 효과적으로 설득하거나 합의를 이끌어낸 경험이 있습니까? 당시 상황을 간략하게 요약하고 성공 요인이 무엇이라고 생각하는지 기술해 주십시오. (1000자이내)"
1612,4,공동의 과제를 여럿이서 함께 수행하는 과정에서 갈등이 발생했을 때 갈등을 원만하게 해결한 경험이 있습니까? 갈등 상황을 간략하게 기술하고 해당 문제를 해결하기 위해 발휘한 본인의 역량과 역량에 따른 결과를 구체적으로 기술해 주십시오.
1613,4,팀 프로젝트나 그룹 과제와 같은 공동 작업을 할 때 팀원들의 성격과 특성을 잘 파악하여 각 사람들에 맞는 역할을 부여함으로써 효과적으로 일을 완료한 경험이 있다면 기술해 주십시오. 구체적인 사례와 함께 본인이 취했던 전략이나 방식들을 중심으로 기술해 주십시오.
1614,4,타인을 설득해야 했던 상황 및 이를 해결한 구체적 방법과 그 결과를 간략히 기술해 주십시오. (1000자 이내)
1615,4,"본인의 손해를 감수하더라도, 단체(학교, 직장, 친구모임 등)를 위해 적극적으로 활동했던 내용을 기술해 주십시오. (1000자 이내)"
1616,4,"친구나 동료, 또는 조직(집단, 그룹, 팀)내 다른 구성원들과 협력하여 어떤 문제를 해결했거나 좋은 성과를 달성했던 사례를 기술하십시오."
1617,4,학업 이외의 활동에서 개인의 이익 또는 편리함보다 자신이 속한 공동의 목표를 위해 타인과 협업하여 성취한 경험을 구체적으로 기술하시오. (1000자이내)
1618,4,"(학업 이외에) 본인이 경험한 경력사항 및 학내외 활동이 있다면 그 활동을 하게 된 계기는 무엇이었으며, 활동을 통해 무엇을 얻을 수 있었는지 기술하십시오. 330"
1619,4,다른 입장이나 의견을 가진 사람들과 공동으로 수행한 작업에서 성과를 창출한 경험
1620,4,다양한 의견이나 정보를 자신의 기준으로 분석/판단하고 이를 바탕으로 문제를 해결했던 경험
1621,4,소속된 집단 내에서 소통과 협력을 통하여 조직 내 시너지를 이뤄낸 경험이 있으면 소개해 주십시오. (1000자이내)
1622,4,사회경험 및 학교생활
1623,4,"다른 사람과 함께 힘을 모아 어떤 일을 해결 또는 극복한 경험을 소개하고, 나 혼자가 아닌 '우리'의 의미를 기술하십시오. (1000자이내)"
1624,4,"공동의 목표를 달성하기 위해 타인과 협업했던 경험과 그 과정에서 본인이 수행한 역할, 그리고 해당 경험을 통해 얻은 것은 무엇인지 구체적으로 기술해 주십시오"
1625,4,"대학 또는 단체 생활 중 책임자 또는 리더로서 운영이나 관리 책임의 경험이 있다면 사례를 적어주시고, 그 기간 중 창출했던 성과에 대한 본인의 노력, 도전 과정, 결과, 배운점을 구체적으로 기술해주세요."
1626,4,"본인이 속한 조직 또는 팀의 목표를 이해하고 달성하기 위해 노력했던 경험과 그 과정에서 수행한 역할, 해당경험을 통해 얻은 것은 무엇인지 기술해 주시기 바랍니다."
1627,4,새로운 환경이나 조직에 들어가서 갈등을 겪었던 경험과 이를 해결하기 위해 노력했던 사례에 대해 작성 (1000자이내)
1628,4,단체활동에서 가장 큰 성취감을 느꼈던 사례와 본인의 기여도를 설명하십시오.
1629,4,"본인이 어떤 단체(조직, 동아리 등)에 소속되어 공동과업을 달성하는 과정에서 구성원들과 관계에서 발생했던 어려움은 무엇이었으며, 그 어려움을 극복하기 위해 어떠한 노력을 했는지 구체적인 사례로 기술해 주시기 바랍니다."
1630,4,"타인과 이해가 상충되는 상황에서 본인이 양보하거나 희생한 사례에 대해 이야기 하고, 왜 그러한 선택을 하였는지 설명해 주십시오. [650자]"
1631,4,사회활동 및 대인관계에 대해 서술해주세요.
1632,4,본인이 주도하여 준비한 행사 또는 기타 활동등에서 참석자들의 다양한 요구사항을 만족시켜야 했던 경험에 대해 기술하십시오.
1633,4,"과제 수행 시 구성원들간의 갈등을 해결하기 위해 노력했던 경험에 대해 서술하여 주십시오. -구성원들간 갈등이 무엇이었는지를 밝히고, 갈등이 발생한 원인을 구체적으로 포함할 것 -갈등 해결을 위해 자신이 취한 행동을 구체적으로 서술할 것 -자신의 노력이 갈등 해결 과정에 미친 영향을 구체적으로 서술할 것 (1000자이내)"
1634,4,사회경험(성공경험과 실패경험에 대하여)
1635,4,자발적으로 찾아서 일을 처리해 본 경험을 작성해 보십시오.
1636,4,"자신이 속했던 조직(학교, 회사, 동아리 등) 안에서 자신과 의견이 다른 조직 구성원을 효과적으로 설득하거나 합의를 이끌어낸 경험이 있습니까?"
1637,4,공동의 과제를 여럿이서 함께 수행하는 과정에서 갈등이 발생했을 때 갈등을 원만하게 해결한 경험이 있습니까?
1638,4,팀 프로젝트나 그룹 과제와 같은 공동 작업을 할 때 팀원들의 성격과 특성을 잘 파악하여 각 사람들에 맞는 역할을 부여함으로써 효과적으로 일을 완료한 경험이 있다면 기술해 주십시오
1639,4,"여러분의 대학생활 중, 특정인 혹은 특정 집단과 입장이 상반되었던 경험에 대해 설명해주세요. ①특정인을 설득해야 했던 이유 ②설득했던 과정 및 방법 ③결과를 포함하여 구체적으로 작성해주세요. (1,000자 이내)"
1640,4,"개인의 이익 또는 편리함보다 자신이 속했던 단체, 모임 등의 이익을 우선시함으로써 과제의 성공, 효과적인 협업, 또는 문제해결에 기여하였던 사례가 있다면 기술해 주십시오.(800자)"
1641,4,"자신이 속했던 단체, 모임 등에서 자신과 의견이나 생각이 다른 구성원을 효과적으로 설득하거나 합의를 이끌어낸 경험이 있다면 기술해 주십시오. (800자)"
1642,4,"[문제해결 및 의사소통] 본인이 판단하기에 함께 일(학습, 동아리 등)하기 어려웠던 사람(동료, 친구, 상사들)에 관한 경험에 대하여 기술하여 주십시오."
1643,4,[정직소신력 및 직업윤리] 최근 5년간 자신이 속한 조직 내에서 자신의 가치관과 조직의 가치관이 충돌한 경험에 대하여 기술하여 주시기 바랍니다.
1644,4,[한국사] 본인이 판단하기에 한국사에서 소통을 활성화하거나 사회적 갈등해결에 기여한 인물 또는 제도에 대하여 기술하여 주십시오.
1645,4,"관심과 열의를 갖고 참여했던 모임이나, 교류한 인물에 대해 자유기술(1000자 이내)"
1646,4,다른 입장이나 의견을 가진 사람들과 공동으로 수행한 작업에서 성과를 창출한 경험에 대해서 서술하시오
1647,4,"직무와 관련된 학업내용,동아리활동,이색적인 경험(학교생활)"
1648,4,"I조직 또는 팀의 구성원으로서 팀원간의 갈등을 해소하고, 협력하는 분위기를 조성하셨던 경험을 다음의 세부 항목에 따라 작성해주십시오."
1649,4,"다른 사람과 함께 힘을 모아 어떤 일을 해결 또는 극복한 경험을 소개하고, 나혼자가 아닌 ‘우리’의 의미를 기술하십시오. (600자)"
1650,4,"다양한 의견이나 정보를 자신의 기준으로 분석/판단하고, 이를 바탕으로 문제를 해결했던 경험"
1651,4,새로운 환경이나 조직에 들어가서 갈등을 겪었던 경험과 이를 해결하기 위해 노력했던 사례에 대해 작성해 주세요. [500-1200자]
1652,4,그 결과 조직 또는 집단에서 반영된 결과는 어떠했습니까?(400자)
1653,4,"조직 또는 집단의 목표를 이해하고 이를 달성하기 위해 노력했던 경험, 자신의 행동, 결과 등을 아래 질문을 감안하여 기술하여 주십시오."
1654,4,그 결과 동료들의 행동에는 어떠한 변화가 있었습니까?(200자)
1655,4,"조직 또는 집단에서 구성원들의 요구와 기대를 정확히 파악하고, 그에 맞게 행동한 구체적인 경험, 자신의 행동, 결과 등을 아래질문을 감안하여 기술하여주십시오."
1656,4,지원자가 속한 조직(모임)에서 잘못된 관행에 대해 문제를 적극 제기한 경험을 기술해 주세요
1657,4,사회봉사 및 동호회 활동경험
1658,4,다른 입장 또는 의견을 가진 사람들과의 작업에서 갈등을 극복하고 성과를 창출한 경험을 기술해 주십시오(1000자)
1659,4,"조직(회사,학교,부서,동아리)의 구성원으로서 목표달성을 위해 노력한 경험 및 공정한 업무처리로 조직에서 신뢰를 얻었던 경험에 대해 기술하시오"
1660,4,[성실한 조직인] 과거 타인과의 인간관계에서 가장 힘들었던 갈등상황과 이를 슬기롭게 극복할 수 있었던 본인의 전략 및 노하우에 대해 기술하시오.
1661,4,최근 5년간 자신이 속한 조직 내에서 구성원 간의 갈등이 발생하였을 때 본인의 역할로 갈등을 해결한 경험에 대해 기술하여 주시기 바랍니다.
1662,4,"갈등해결 과정에서 발생한 장애요인은 무엇이었으며, 그 장애요인을 어떻게 극복하고 해결하였나요"
1663,4,갈등해결 과정에서 상대방을 설득하기 위하여 어떠한 의사소통 노력을 하였는지 구체적으로 기술하여 주십시오
1664,4,"갈등해결 이후, 그 조직의 팀워크와 조직 내에서의 자신의 위치에 어떤 변화가 있었는지 기술해 주십시오"
1665,4,"그 인물이 어떠한 리더십을 발휘하였는지 그 방법을 구체적으로 기술하고, 당시 발생한 장애요인이나 극복과정이 있다면 기술하여 주십시오."
1666,4,그 인물의 리더십이 당시 사회나 국가에 어떠한 영향을 주었다고 생각하는지 기술하여 주십시오.
1667,4,"다른 사람들과 함께 목표를 달성하기 위해 노력했던 경험에 대해 구체적으로 기술해주시기 바랍니다. (예: 학과, 동아리, 프로젝트 등) [ 300자 이상 700자 이내 ]"
1668,4,"자신이 속했던 조직(학교, 회사, 동아리 등) 안에서 자신과 의견이 다른 조직 구성원을 효과적으로 설득하거나 합의를 이끌어낸 경험이 있습니까? 당시 상황을 간략하게 요약하고 성공 요인이 무엇이라고 생각하는지 기술해 주십시오."
1669,4,"봉사활동이나 프로젝트 모임, 동아리, 현장 실습이나 인턴 기업체 등과 같이 낯선 단체나 조직에 처음 들어가서 적응하는 데 어려움을 경험한 적이 있습니까? 당시 상황을 간략하게 기술하고 그 상황에서 조직에 보다 빨리 적응하기 위해 어떠한 노력을 기울였으며, 노력을 통해 얻은 교훈은 무엇인지 기술해 주십시오."
1670,4,"자신이 속한 팀이나 집단 전체의 이익을 위하여 주도적으로 행동하고 노력하는 사람임을 보여주는 경험이나 사례에 대해서 기술해 주십시오, 당시 상황에 대해서 간략히 기술한 후 자신이 취한 행동과 행동에 따른 결과가 무엇이었는지 상세히 기술해 주십시오."
1671,4,"사회봉사활동이나 수상경력(주최기간, 준비과정, 수상 결과 등)이 있다면 구체적으로 서술해 주십시오. [400자]"
1672,4,소속집단의 공동과업을 달성하는 과정에서 발생된 어려움 및 갈등을 극복하기 위해 구성원들과 적극적으로 협력했던 경험에 대해서 기술해 주십시오. 또한 협력하는 과정에서 갈등이 발생했다면 어떻게 극복했는지도 함께 기술해 주십시오. [500자 이내]
1673,4,대학생활 중 공동의 목표를 위해 여러 사람과 함께 일하면서 발생한 어려움을 극복한 경험에 대해 구체적으로 작성해주세요. (외국어 학습으로 인한 어려움 제외) ① 일/대인관계상 발생한 어려움 ② 어려움을 극복하기 위해 노력했던 과정 및 결과 ③ 배운 점을 반드시 포함하여 작성해 주세요. (800자)
1674,4,"학교생활 및 사회봉사활동, 연수, 여행경험"
1675,4,"자신이 속한 단체의 발전을 위해 노력했던 경험, 조직생활에 가장 필요한 덕목"
1676,4,"과거 같은 집단에 속한 인원과 있었던 가장 심한 갈등은 무엇이었고, 이를 어떻게 해결하였는지 서술해 주십시오"
1677,4,공동의 과제를 여럿이서 함께 수행하는 과정에서 갈등이 발생했을 때 갈등을 원만하게 해결한 경험이 있습니까? 갈등 상황을 간략하게 기술하고 해당 문제를 해결하기 위해 발휘한 본인의 역량과 역량에 따른 결과를 구체적으로 기술해 주십시오. (400자)
1678,4,팀 프로젝트나 그룹 과제와 같은 공동 작업을 할 때 팀원들의 성격과 특성을 잘 파악하여 각 사람들에 맞는 역할을 부여함으로써 효과적으로 일을 완료한 경험이 있다면 기술해 주십시오. 구체적인 사례와 함께 본인이 취했던 전략이나 방식들을 중심으로 기술해 주십시오. (400자)
1679,4,"리더십의 경험이 있는 경우, 단체명, 단체의 성격, 직책, 활동기간, 리더십 범위 내 멤버의 수와 리더 경험을 통해 얻은 것을 적어주십시오.(1500자 이내)"
1680,4,1순위로 선택한 역량(팀웍지향)을 발휘한 사례를 경험 중심으로 작성해 주세요.
1681,4,소속집단의 공동과업을 달성하는 과정에서 발생된 어려움 및 갈등을 극복하기 위해 구성원들과 적극적으로 협력했던 경험에 대해서 기술해 주십시오. 또한 협력하는 과정에서 갈등이 발생했다면 어떻게 극복했는지도 함께 기술해 주십시오.
1682,4,나와 다른 생각이나 성향을 가진 사람과 함께 어려움이나 갈등상황을 해결하며 공동의 목표를 달성했던 경험에 대해 기술해 주시기 바랍니다.
1683,4,지원부분과 관련된 경험
1684,4,"조직 또는 팀의 구성원으로서 팀원간의 갈등을 해소하고, 협력하는 분위기를 조성하셨던 경험을 다음의 세부 항목에 따라 작성해주십시오."
1685,4,"조직(팀, 프로젝트 등)에서 편법을 사용하여 손쉽게 성과를 얻어낼 수 있는 유혹이 있었음에도 불구하고, 정직한 방법을 택했던 최근의 사례에 대해 기입해 주십시오."
1686,4,다양한 입장을 가진 사람들의 의견을 조율하여 합의를 이끌어 낸 경험을 서술해주십시오.
1687,4,확실히 알고 있는 업무에 대하여 상관이 반대적인 의견을 가지고 본인의 의견이 틀리다고 주장할때 대처방안을 기술해 주시오
1688,4,단체활동을 하며 겪였던 갈등과 이를 극복한 경험을 기술하여 주십시오. [ 200자 이상 600자 이내 ]
1689,4,어학연수 및 사회경험
1690,4,"귀하가 최근 3년 이내에 귀하가 속한 조직(팀, 동아리 등)을 위해 헌신적인 노력을 다한 경험과 그 경험을 통해 귀하가 얻은 것이 있다면 구체적으로 기술하여 주십시오. (400자 이내)"
1691,4,팀 또는 조직 내에서 활동했던 경험 중 본인이 팀 또는 조직의 발전을 위해 노력
1692,4,조직의 구성원으로서 어려운 상황에도 불구하고 끝까지 임무를 완수한 경험은 무엇입니까?(200자)
1693,4,활발하게 활동하는 외부 개발모임!
1694,4,대학 재학 기간 중 본인의 활동 경험
1695,4,나와 다른 생각이나 성향을 가진 사람과 함께 어려움이나 갈등상황을 해결하며 공동의 목표를 달성했던 경험에 대해 기술해 주시기 바랍니다 [500자 이내 ]
1696,4,"사회활동 경험 (학교, 사회단체)"
1697,4,다른 입장이나 의견을 가진 사람들과 공동으로 수행한 작업에서 성과를 창출한 경험에 대하여 서술하시오.
1698,4,본인이 속했던 팀 혹은 단체에서 주도적으로 노력하여 변화를 이끌어낸 사례를 구체적으로 작성하시오 (1500자 이내) ① 주도적으로 변화를 이끌어낸 사례를 선정하고 ② 타인과의 커뮤니케이션 과정을 포함하여 변화를 이끌어낸 결과를 작성한 후 ③ 해당 경험이 입사 후 기여할 수 있는 점은 무엇인지에 대하여 작성해 주세요.
1699,4,과제 및 업무 수행 상황에서 구성원들 간의 갈등을 중재하거나 효율적으로 과제 및 업무가 진행될 수 있도록 의사 발언을 한 경험이 있습니까? 상황을 설명해 주시고 본인이 생각하는 업무 효율성 또는 업무 성과를 높이기 위한 효과적인 의사소통 방법을 기술해 주십시오. (500자)
1700,4,믿고 협력하여 공동의 성공을 실현하는 사람 (500자)
1701,4,[대인관계능력] 사업목표를 달성하기 위해 나름대로 최선을 다해 과업을 수행하고 있었다. 그러나 상사와 동료간의 갈등으로 직장생활에 어려움이 발생하였을 때 어떻게 하면 갈등을 해소할 수 있고 활기찬 직장 분위기를 조성할 수 있는지 설명하십시오. [400자 이상 500자 이내]
1702,4,"지원부문과 관련된 경험(스터디, 프로젝트, 업무 등)이 있으면 서술하고, 그 경험에서 자신이 어떤 역할을 했었고, 결과로 어떤 지식이나 교훈을 얻었는지 서술하시오"
1703,4,타인을 위해 자신을 희생했던 사례를 기술해 주세요 [200자]
1704,4,협업과정에서 의견이 다른 상대방이 설득되지 않았던 사례와(끝까지 설득하지 못한 경우에 한함) 이에 따른 본인의 대처방안을 기술해 주세요. [500자]
1705,4,"본인이 참여한 다양한 조직(학교, 동아리, 직장 등)중에서 기억에 남는 경험을 선택하고 그 조직 내에서 본인의 역할은 무엇이었으며, 조직을 위해 본인이 기여한 바는 무엇입니까?"
1706,4,그 결과 조직 또는 집단에서 반영된 결과는 어떠했습니까?
1707,4,"팀(학회, 동아리, 아르바이트 등)에서 구성원들의 의견을 수용하고 반영하여 긍정적인 결과를 도출해냈던 최근의 사례에 대해 기술해주십시오. 본인의 역할과 행동 그리고 주요 성과를 중심으로, 구체적으로 작성해주십시오."
1708,4,"팀(학회, 동아리, 아르바이트 등)에서 편법을 사용하여 손쉽게 성과를 얻어낼 수 있는 유혹이 있었음에도 불구하고, 정직한 방법을 택했던 최근의 사례에 대해 기술해주십시오. 본인의 역할과 행동 그리고 주요 성과를 중심으로, 구체적으로 작성해주십시오."
1709,4,최근 누군가와 함께 활동을 해서 좋은 결과를 얻었던 경험을 생각해 보시기 바랍니다.
1710,4,"당신이 속했던 조직(학교, 회사, 동아리, 동호회 등)안에서 당신과 의견이나 생각이 다른 조직구성원을 효과적으로 설득하거나 합의를 이끌어낸 경험이 있었습니까? 당시 상황을 간략하게 요약하고 성공 요인이 무엇이었는지 기술해주십시오."
1711,4,지원자 본인이 동료들과 함께 일을 할 때 팀 과제의 성공 및 효과적인 협업에 기여할 수 있는 사람임을 가장 잘 보여주는 최근 3년 이내의 사례를 중심으로 팀 과제 수행 상황에서의 본인의 역할 및 기여도에 대해 기술하여 주십시오.
1712,4,학교생활/사회봉사활동/연수여행경험 (600자 이내)
1713,4,학교 또는 회사와 같은 조직생활 중 공동의 목표 달성을 위한 과정에서 발생한 어려움을 극복하기 위해 구성원들과 적극적으로 소통하고 협력하여 문제를 해결했던 최근의 본인 경험에 대하여 구체적으로 기술해 주시기 바랍니다. [500자~700자]
1714,4,봉사활동 등 교내외 활동경험
1715,4,본인이 주도하여 준비한 행사 또는 기타 활동 등에서 참석자들의 다양한 요구사항을 만족시켜야 했던 경험에 대해 기술하십시오.
1716,4,학교 또는 회사와 같은 조직생활에서 팀이나 그룹의 구성원으로서 다양한 구성원들과 함께 원활한 의사소통을 통해 목표한 바를 성취했던 경험이 있다면 구체적으로 기술해 주시기 바랍니다.
1717,4,자신의 행복을 위해 했던 노력이 주변 타인을 함께 행복하게 했던 경험이 있다면 구체적으로 기술해 주시기 바랍니다.
1718,4,교내활동 및 기타활동내용
1719,4,본인이 생각하는 고객의 정의와 고객을 상대하며 고객만족을 위해 적극적으로 노력하였던 경험을
1720,4,보다 다양한 사람을 만나고 다양한 환경을 경험하기 위해 실행에 옮겨본 행동이나 자신만의 사고에서 벗어나 다른 방식으로 사고하고자 노력한 사례가 있다면 이야기해 주십시오. (진흥원의 주요 기능 - 개방) [6000자]
1721,4,"제한된 자원(예: 인력, 시간, 비용 등)에도 불구하고 누군가와의 협상에서 성공적 결과를 이끌어냈던 경험이 있으면 서술해 주십시오"
1722,4,학교생활/사회봉사활동/연수여행경험 [1000자]
1723,4,"다른 사람들과 함께 목표를 달성하기 위해 노력했던 경험에 대해 구체적으로 기술해 주시기 바랍니다.(예:학과, 동아리, 프로젝트 등)[500자]"
1724,4,"동아리, 인턴, 해외연수 등 본인의 사회경험에 대해 기술해 주십시오. (700자이내)"
1725,4,조직의 구성원으로서 목표달성을 위해 노력한 경험 및 공정한 업무처리로 조직에서 신뢰를 얻었던 경험 에 대해 기술하시오.
1726,4,오랫동안 영업을 했지만 계약에 성공하지 못한 `OO테크놀러지`의 전산담당자인 홍길동 과장이 있습니다. 홍길동 과장과 계약에 성공하기 위한 당신만의 영업방법 또는 영업전략은 무엇인지 서술하십시오.
1727,4,"자신이 속한 단체 또는 학교 생활 중 다른 구성원과 이해관계가 대립했던 경험을 기술하고, 이 상황을 어떻게 극복했는지 기술해 보시오. (500자)"
1728,4,자신이 팀의 일원으로서 중요한 목표를 달성하기 위하여 타인과 협력했던 경험이 있으면 기술해 보시오. (500자)
1729,4,"스터디 그룹, 학과, 동아리, 회사부서와 같은 조직 내에서 팀원과 공동의 목표를 달성하기 위해 협력했던 경험에 대해 기술해 주시기 바랍니다."
1730,4,"협의대상에 대한 이해 및 다양한 관련 자료, 치밀한 사전준비를 바탕으로 내·외부 고객을 교섭, 설득하거나 양방의 의견을 절충하여 상호 만족할 수 있는 방향으로 결과를 도출해 본 경험이 있다면 구체적으로 기술해주십시오. (500자 이내)"
1731,4,"기타사항 (연수, 사회봉사활동 등)"
1732,4,"타인과의 협업 중 예상치 못한 문제가 발생하였을 때, 이를 어떻게 해결하였는지 그 과정과 결과를 구체적으로 작성해주시기 바랍니다."
1733,4,"당신이 속했던 조직(학교, 회사, 동아리, 동호회 등)안에서 당신과 의견이나 생각이 다른 조직구성원을 효과적으로 설득하거나 합의를 이끌어낸 경험이 있었습니까? 당시 상황을 간략하게 요약하고 성공 요인이 무엇이었는지 기술해주십시오. [500자]"
1734,4,지원자 본인이 동료들과 함께 일을 할 때 팀 과제의 성공 및 효과적인 협업에 기여할 수 있는 사람임을 가장 잘 보여주는 최근 3년 이내의 사례를 중심으로 팀 과제 수행 상황에서의 본인의 역할 및 기여도에 대해 기술하여 주십시오. [500]
1735,4,보다 다양한 사람을 만나고 다양한 환경을 경험하기 위해 실행에 옮겨본 행동이나 자신만의 사고에서 벗어나 다른 방식으로 사고하고자 노력한 사례가 있다면 이야기해 주십시오.
1736,4,자신이 속한 조직이나 모임에서 가장 크게 기여했던 경험에 대해서 작성해주십시오. (600자 이내)
1737,4,조직의 목표달성을 위해 귀하가 노력하셨던 점과 그에 따라 조직이 달라졌던 부분을 구체적으로 제시해 주십시오. (800자 이내)
1738,4,당시 조직의 구성과 구성원간 갈등이 벌어졌던 상황에 대해 간단히 작성해주십시오. (600자 이내)
1739,4,"구성원간의 갈등을 해소하기 위해 어떤 노력을 하셨으며, 그에 따른 결과는 무엇이었는지 구체적으로 제시해 주십시오.(800자 이내)"
1740,4,"공동의 목표를 달성하기 위해 타인과 협업했던 경험과 그 과정에서 본인이 수행한 역할, 그리고 해당 경험을 통해 얻은 것은 무엇인지 구체적으로 기술해 주십시오. (500자 이내)"
1741,4,팀웍을 발휘하여 성과를 냈던 에피소드에 대해 기술해 주시기 바랍니다.
1742,4,3인 이상이 팀을 이루어 공통의 목표를 달성하기 위해 노력했던 경험에 대해 설명해 주십시오.
1743,4,"학교 생활 및 사회봉사활동, 연수여행경험[150자]"
1744,4,공동과제 수행시 자신에게 주어진 과업 이상을 했던 경험이나 일을 추진하는 데 있어 타인과의 협력을 통해 큰 성과를 거두었던 경험을 기술해 주십시오. [500자 이내]
1745,4,직무수행 과정이나 일상생활에서 겪었던 갈등상황 및 이를 해결했던 사례를 설명해 주십시오.
1746,4,의사소통(1000자) 본인의 의사와 정반대되는 주장을 하는 직장 상사 또는 동료를 어떻게 설득할 것인지 작성하여 주십시오.
1747,4,귀하가 최근 3년 이내에 공동(조직) 또는 타인의 이익을 위하여 나에게 예상되는 손해(피해)를 감수하고 일을 수행한 경험이 있다면 구체적으로 그 과정과 결과에 대하여 기술하여 주십시오.
1748,4,직무경험:다른사람들과함께목표를달성하기위해노력했던경험에대해구체적으로기술해주십시오.
1749,4,어떤 사안에 대해 이해관계자들과 우호적 관계를 형성해 본 경험을 작성해 보십시오. (1000자)
1750,4,"주요 활동 경험(어학연수, 인턴, 공모전 등)"
1751,4,진정한 리더란 무엇이라고 생각하는지 자신의 경험을 토대로 서술해 주시기 바랍니다.
1752,4,[ Why you? ] 조직이나 팀의 일원으로서 본인 만의 강점을 발휘하여 차별화된 성과를 만들어낸 경험에 대해 구체적으로 기술하시오.
1753,4,"타인에게 감동을 주었던 경험을 소개하고, 귀하가 생각하는 `고객감동`의 의미를 기술하십시오. [ 600자 이내]"
1754,4,학교생활/사회봉사활동/연수여행경험 (600자)
1755,4,자신의 업무 또는 주어진 과제 수행시 창의적 문제해결 사례
1756,4,인간관계에 있어 갈등상황을 극복하는 자신만의 전략 및 노하우
1757,4,"본인이 생각하는 팀웍(Team-Work)이란 무엇인지 간략하게 정의하고, 그렇게 정의한 이유를 본인이 직접 경험한 사례를 통해서 설명해 주십시오."
1758,4,"학교생활(학업, 교우관계, 동아리활동 등) 및 사회활동(자원봉사, 아르바이트, 인턴 등)에 대하여 작성 바랍니다. (800자)"
1759,4,학교생활 사회봉사활동
1760,4,타인 또는 조직을 위해 헌신했던 경험에 대해 서술해주시기 바랍니다.
1761,4,"지원자 본인이, 자신의 소속 집단뿐만 아니라 주변 사람/집단까지 고려하고 배려하는 사람임을 가장 잘 나타내는 최근 5년 이내의 사례를 기술해 주시기 바랍니다"
1762,4,"사회봉사활동, 학교생활, 연수, 여행경험 등 [ 100자 이상 500자 이내 ]"
1763,4,타인과의 관계에서 의사소통 오류를 범해 계획한대로 일이 진행되지 않은 경험과 그로 인해 느낀 점을 기술해 주십시오.
1764,4,최근 5년 이내 다른 사람들이 지나치거나 묵인한 문제를 해결하기 위해 노력했던 경험에 대해 작성하여 주십시오. (1000자)
1765,4,살아오면서 가장 신뢰했던 사람은 가족을 제외하면 누구입니까?
1766,4,"공동의 목표를 달성하기 위해 타인과 협업했던 경험과 그 과정에서 본인이 수행한 역할, 그리고 해당 경험을 통해 얻은 것은 무엇인지 구체적으로 기술해 주십시오. (700자 이내)"
1767,4,다른 입장이나 의견을 가진 사람들과 공동으로 수행한 작업에서 성과를 창출한 경험을 서술하시오.
1768,4,해당 지원 분야와 관련된 프로젝트/공모전/대회/논문/연구 및 학습/기타 활동에 참여했던 경험에 대해 서술하십시오. (700자)
1769,4,귀하가 최근 3년 이내에 공동(조직) 또는 타인의 이익을 위하여 나에게 예상되는 손해(피해)를 감수하고 일을 수행한 경험이 있다면 구체적으로 그 과정과 결과에 대하여 기술하여 주십시오. (450자 이내)
1770,4,팀의 구성원으로 활동한 경험 중 향후 고객과 시장 지향적 직무수행에 가장 도움이 될 것으로 생각되는 경험을 기술해 주시기 바랍니다. (1500자)
1771,4,"다른 사람을 배려하는 마음이 어느 정도라고 생각하는지, 그와 관련된 사례를 기술해 주십시오"
1772,4,"스터디 그룹, 학과, 동아리, 동호회, 회사 부서와 같은 조직내에서 친분이 없던 사람과 새롭게 친분을 형성하여 일을 처리했던 사례에 대해 작성해 주시기 바랍니다."
1773,4,학업에서 과제를 수행하거나 회사에서(아르바이트/인턴 등) 근무 시 고객의 만족을 위하여 최선을 다한 경험을 구체적으로 작성하세요.
1774,4,소통과 협력을 통해 “우리”라는 공동체 의식을 나눔으로써 시너지 효과를 창출한 경험을 서술하세요.
1775,4,"[의사소통능력] 자신이 속했던 조직(학교, 회사, 동아리 등) 안에서 자신과 의견이 다른 조직 구성원을 효과적으로 설득하거나 합의를 이끌어낸 경험이 있습니까? 당시 상황을 간략하게 요약하고 성공 요인이 무엇이라고 생각하는지 기술해 주십시오. (400자 이내)"
1776,4,"[조직이해능력] 봉사활동이나 프로젝트 모임, 동아리, 현장 실습이나 인턴 기업체 등과 같이 낯선 단체나 조직에 처음 들어가서 적응하는 데 어려움을 경험한 적이 있습니까? 당시 상황을 간략하게 기술하고 그 상황에서 조직에 보다 빨리 적응하기 위해 어떠한 노력을 기울였으며, 노력을 통해 얻은 교훈은 무엇인지 기술해 주십시오. (400자 이내)"
1777,4,"[직업윤리] 자신이 속한 팀이나 집단 전체의 이익을 위하여 주도적으로 행동하고 노력하는 사람임을 보여주는 경험이나 사례에 대해서 기술해 주십시오, 당시 상황에 대해서 간략히 기술한 후 자신이 취한 행동과 행동에 따른 결과가 무엇이었는지 상세히 기술해 주십시오. (400자 이내)"
1778,4,"1등정신,창의,도전정신,신뢰/협력을 발휘하여 성과를 창출한 사례를 기술해 주십시오.(4가지중 1가지 이상 선택 기술)"
1779,4,본인이 직무수행 과정이나 일상생활에서 리더십을 발휘하여 성과를 낸 사례가 있다면 설명해 주십시오.
1780,4,직무수행 과정이나 일상생활에서 겪었던 갈등상황 및 이를 해결했던 사례를 설명해 주십시오
1781,4,재학 또는 재직기간 동안 리더십을 발휘한 경험
1782,4,"예상치 못한 문제 해결을 위하여 친구나 동료들과 함께 협력했던 경험이 있다면, 그 때의 상황과 본인의 행동, 그 행동의 결과 등에 대해 기술하여 주십시오."
1783,4,다른 사람들을 위한 자발적인 봉사활동 경험에 대해 기술하여 주십시오.
1784,4,지금까지의 경험 중에서 3인 이상이 모여 공통의 목표를 달성했던 경험을 작성해 주십시오. 또한 목표를 달성할 수 있었던 이유와 본인의 역할에 대해 작성해 주십시오.
1785,4,"새로운 환경이나 팀 내에서 어려운 과제에 직면했던 경험은 무엇이고, 이를 어떻게 해결했는지 실제 사례를 예시로 하여 작성하여 주십시오."
1786,4,"조직에서 근무하는 중 새로운 업무(일,방식)을 추진한 내용은 무엇입니까?"
1787,4,"관심있게 공부해 온 분야는 무엇이며, 어떤 단체활동(봉사활동)을 하셨습니까?"
1788,4,"자신이 소한 단체나 조직 내에서 어려운 상황(또는 목표)에 직면했던 경험을 골라, 행동중심으로 기술하십시오."
1789,4,소속 집단 안에서 주인의식을 가지고 어떤 일에 몰두한 경험에 대해 서술해주세요
1790,4,인턴 기간 동안 참여한 프로젝트 경험
1791,4,경쟁과 협력 가운데 더 중요하다고 생각하는 것
1792,4,다른 사람들과 함께 일을 할 때 본인이 지닌 장점과 단점에 대해 구체적으로 기술해 주십시오.
1793,4,공동의 이익을 위하여 나에게 예상되는 손해(피해)를 감수하고 일을 수행한 경험과 그에 따른 결과 및 느낌을 기술하여 주십시오. (500자)
1794,4,"대립되는 입장이나 관점을 조정하기 위해 가장 중요한 것이 무엇이라고 생각하며, 이를 위한 본인의 행동 사례나 경험을 기술하시오.(1500byte)"
1795,4,1순위로 선택한 역량(팀웍 지향)을 발휘한 사례를 경험 중심으로 작성해 주세요
1796,4,"조직(회사, 학교, 부서, 동아리 등)의 구성원으로서 목표달성을 위해 노력한 경험과 힘들었던 갈등상황 극복 방법"
1797,4,공동의 목표를 달성하기 위해 타인과 협업했던 경험
1798,4,살아오면서 여러방면의 다양한 관계를 형성하고 유지하고자 노력하였던 경험에 대해 구체적으로 기술하세요
1799,4,학교생활/사회봉사활동/연수여행경험 [1000자 이내]
1800,4,[Action & Result] 조직의 목표달성을 위해 귀하가 노력하셨던 점과 그에 따라 조직이 달라졌던 부분을 구체적으로 제시해 주십시오
1801,4,단체의 이익을 위하여 본인이 헌신한 경험이 있다면 구체적인 사례를 들어 기술해 주십시오.
1802,4,입사 후 의견이 대립되거나 싫어하는 사람과 함께 일해야만 한다면 어떻게 대처하겠습니까? 본인의 경험을 바탕으로 기술해 주십시오.
1803,4,"[의사소통능력] 자신이 속했던 조직(학교, 회사, 동아리 등) 안에서 자신과 의견이 다른 조직 구성원을 효과적으로 설득하거나 합의를 이끌어낸 경험이 있습니까? 당시 상황을 간략하게 요약하고 성공 요인이 무엇이라고 생각하는지 기술해 주십시오."
1804,4,[대인관계능력] 공동의 과제를 여럿이서 함께 수행하는 과정에서 갈등이 발생했을 때 갈등을 원만하게 해결한 경험이 있습니까? 갈등 상황을 간략하게 기술하고 해당 문제를 해결하기 위해 발휘한 본인의 역량과 역량에 따른 결과를 구체적으로 기술해 주십시오.
1805,4,[자원관리능력] 팀 프로젝트나 그룹 과제와 같은 공동 작업을 할 때 팀원들의 성격과 특성을 잘 파악하여 각 사람들에 맞는 역할을 부여함으로써 효과적으로 일을 완료한 경험이 있다면 기술해 주십시오. 구체적인 사례와 함께 본인이 취했던 전략이나 방식들을 중심으로 기술해 주십시오.
1806,4,다양한 입장을 가진 사람들의 의견을 조율하여 합의를 이끌어 낸 경험을 서술해 주십시오
1807,4,"조직에 속했던 경험 가운데, 개인의 관점이 아닌, 조직의 발전 전략을 고민하고 효율적으로 이 전략을 실행으로 옮겼던 경험을 다음의 세부 항목에 따라 작성해 주십시오. [조직 및 본인 상황 확인](200자 이내) 본인이 속한 조직은 어떤 상황에 처해 있었으며, 본인의 역할은 무엇입니까?"
1808,4,"조직의 공동 목표 달성을 위해 구성원들의 이해 관계를 조율하고, 이를 위해 솔선수범한 경험을 다음의 세부 항목에 따라 작성해 주십시오. [경험의 상황] (200자 이내) 언제, 어떤 조직에서 가진 경험입니까?"
1809,4,"[조직마인드] (200자 이내) 조직의 공동 목표는 무엇이며, 본인의 역할은 무엇이었습니까?"
1810,4,[업무협조] a. (200자 이내) 구성원들의 이해 관계나 갈등 관계를 조율하기 위해 어떤 의사결정을 내리고 행동에 옮겼습니까?
1811,4,(200자 이내) 공동 목표 달성을 위해 어떤 노력을 하였습니까?
1812,4,[영향력의 범위] (200자 이내) 본인의 노력이 공동 목표 달성에 얼마나 영향을 미쳤는지 구체적으로 작성해주십시오.
1813,4,"조직 또는 팀의 목표를 이해하고 이를 달성하기 위해 노력했던 경험을 다음의 세부 항목에 따라 작성해 주십시오. [경험의 상황과 본인의 역할] (200자 이내) 어떤 성격의 조직에 속해 있었으며, 언제 가지게 된 경험이었습니까?"
1814,4,"[조직에 대한 관심 및 어려움 극복] a. (200자 이내) 목표 달성 과정에서 겪게 된 어려움은 무엇이었으며, 어떻게 극복하였습니까?"
1815,4,(200자 이내) 목표 달성 과정에서 동료들에게 어떤 도움을 주었습니까?
1816,4,"사회봉사활동, 학교생활, 연수, 여행경험 등 (300자)"
1817,4,"다른 사람들과의 팀워크, 협력, 존중을 바탕으로 좋은 결과를 얻을 수 있었던 경험에 대해 작성해 주십시오."
1818,4,대학생활동안 수행한 프로젝트의 주제와 본인의 역할에 대해 설명하고 프로젝트 과정을 통해 얻은 이점은 무엇인가.
1819,4,학창시절 가족과 친구 등 다른 사람과의 약속을 지키기 위해서 고생했던 경험을 적어주십시오. 그리고 왜 그 고생을 감내하셨는지 적어주십시오 (500자)
1820,4,새로운 환경이나 조직에 들어가서 갈등을 겪었던 경험과 이를 성공적으로 극복했던 사례에 대해서 작성해주십시오.
1821,4,자신과 성격이나 업무 스타일이 매우 다른 사람과 프로젝트나 활동을 해 본 경험에 대해 기술해 주십시오
1822,4,"공직자의 바람직한 자세는 무엇이며, 공정성 또는 윤리성 문제가 제기된 문제를 처리했던 경험에 대하여 기술하시오. * [1200자 이내]"
1823,4,"팀워크의 중요성에 대해 자신의 생각은 무엇이며, 이와 관련된 본인의 경험(역할, 기여도, 성취도 등)을 기술하시오. * [1200자 이내]"
1824,4,"공동의 목표를 달성하기 위해 타인과 협업했던 경험과 그 과정에서 본인이 수행한 역할, 그리고 해당 경험을 통해 얻은 것은 무엇인지 구체적으로 기술해 주십시오.("
1825,4,"대학 또는 단체 생활 중 책임자 또는 리더로서 운영이나 관리 책임의 경험이 있다면 사례를 적어주시고, 그 기간 중 구성원과 갈등이 있었다면 어떻게 풀었는지, 갈등이 없었다면 그것을 위해 어떤 노력을 했는지 구체적으로 기술해 주세요. (1,000자 이내)"
1826,4,"팀의 구성원으로 활동한 경험 중 향후 고객과 시장 지향적 직무수행에 가장 도움이 될 것으로 생각되는 경험을 기술해 주시기 바랍니다. - 경험의 배경, 본인의 역할, 동료와 도움을 주고 받은 부분, 당시 감정이나 생각, 성과와 아쉬운 점 포함 (1500자 이내)"
1827,4,"본인이 속했던 조직(학교, 회사, 동아리, 동호회 등) 안에서 당신과 의견이나 생각이 다른 조직구성원을 효과적으로 설득하거나 합의를 이끌어낸 경험이 있다면 당시 상황, 행동, 이유, 결과 등에 대해 구체적으로 기술하여 주십시오."
1828,4,"대인관계능력) 본인이 속한 조직 안에서 과제의 성공 또는 효과적인 협업에 기여한 사례가 있다면 간략하게 요약하고, 본인의 역할 및 기여도에 대해 기술하여 주십시오."
1829,4,"과제 수행 시 구성원들간의 갈등을 해결하기 위해 노력했던 경험에 대해 서술하여 주십시오. (700자, 10단락이내)"
1830,4,"단체 활동 중 주도적으로 장애요소(어려움)을 극복하고 성공했던 경험을 작성해주세요. ① 장애요소의 정의 ② 극복 과정에서의 리더십, 의사결정 ③ 창출해낸 성과 상기 내용을 반드시 포함하여 구체적으로 작성해주세요. (1000자)"
1831,4,"단체 생활(동아리, 아르바이트 등) 중 공동의 목표를 달성하거나 문제를 해결하기 위해 노력한 경험을 구체적으로 서술하시오."
1832,4,"대학 또는 단체 생활 중 책임자 또는 리더로서 운영이나 관리 책임의 경험이 있다면 사례를 적어주시고, 그 기간 중 구성원과 갈등이 있었다면 어떻게 풀었는지, 갈등이 없었다면 그것을 위해 어떤 노력을 했는지 구체적으로 기술해 주세요."
1833,4,"공동의 목표를 달성하기 위해 타인과 협업했던 경험과 그 과정에서 본인이 수행한 역할, 그리고 해당 경험을 통해 얻은 것은 무엇인지 구체적으로 기술해 주십시오. (700자이내)"
1834,4,다른 입장이나 의견을 가진 사람들과 공동으로 수행한 작업에서 성과를 창출한 경험에 대해서 서술하시오. - 최근 5년 이내의 경험으로 작성할 것 - 구성원들의 다른 입장 또는 의견 / 의견 차이가 발생한 이유 / 성과 창출을 위해 기울인 노력 / 성과의 내용 및 효과가 객관적으로 드러나게 작성할 것 (700 자 10 단락 이내)
1835,4,"본인이 생각하는 팀웍(Teamwork)의 의미는 무엇이며, 그렇게 생각하는 이유에 대해 사례를 들어 기술해 주십시오. (500자)"
1836,4,"공동의 목표를 달성하기 위해 타인과 협업했던 경험과 그 과정에서 본인의 역할, 해당 경험을 통해 얻은 것은 무엇인지 구체적으로 기술하세요.(700자)"
1837,4,공동목표 달성을 위해 팀을 이루어 일했던 경험 중 본인에게 가장 의미 있었던 경험을 기술해 주세요
1838,4,"팀의 구성원으로 활동한 경험 중 향후 고객과 시장 지향적 직무수행에 가장 도움이 될 것으로 생각되는 경험을 기술해 주시기 바랍니다. - 경험의 배경, 본인의 역할, 동료와 도움을 주고받은 부분, 당시 감정이나 생각, 성과와 아쉬운 점 포함"
1839,4,[필수문항] 프로젝트 팀 내에서 주로 어떤 역할을 해 왔는지를 기술해 주세요
1840,4,"[경험의 상황과 본인의 역할] 어떤 성격의 조직에 속해있었으며, 언제 가지게 된 경험이었습니까?"
1841,4,"[조직에 대한 관심 및 어려움 극복] 목표 달성 과정에서 겪게 된 어려움은 무엇이었으며, 어떻게 극복하였습니까?"
1842,4,[조직에 대한 관심 및 어려움 극복] 목표 달성 과정에서 동료들에게 어떤 도움을 주었습니까?
1843,4,"2개 이상의 중요한 가치, 원칙 등이 충돌하는 상황을 전략적으로 해결한 경험에 대하여 기술하여 주시기 바랍니다. (250자 이상, 500자 이내)"
1844,4,목표 달성을 위한 과정에서 발생한 어려움을 극복하기 위해 구성원들과 적극적으로 소통하고 협력하여 문제를 해결했던 최근의 본인 경험에 대하여 구체적으로 기술
1845,4,조직 혹은 공동체의 목표를 달성하는 과정에서 지원자가 동료들보다 더 많이 노력하고 희생함으로써 팀원들 간 협력을 이끌어 낸 사례(최근 3년 이내)를 아래 세부 항목에 따라 작성해주십시오. (800자 이내)
1846,4,학교생활 및 사회경험(경력)에 대해 기술하시오
1847,4,"자신이 속했던 조직(학교, 회사, 동아리 등) 안에서 자신과 의견이 다른 조직 구성원을 효과적으로 설득하거나 합의를 이끌어낸 경험이 있습니까? 당시 상황을 간략하게 요약하고 성공 요인이 무엇이라고 생각하는지 기술해 주십시오. 400"
1848,4,학교생활 및 연구활동 등
1849,4,"사회활동(실무경력,봉사활동,학업이외의 활동) 등"
1850,4,희생을 각오하고 타인이나 소속된 단체를 위해 행동한 경험을 기재 (600자)
1851,4,"주요경력, 활동분야"
1852,4,[의사소통능력] 자신의 생각이나 의견을 상대방에게 성공적으로 설득했던 경험을 상황 &#8211; 행동 - 결과 중심으로 구체적으로 기술하시오
1853,4,"[자원관리능력] 제한된 자원(예: 시간, 비용, 인력 등)에도 불구하고 목표를 달성했던 경험을 상황 - 행동 - 결과 중심으로 구체적으로 기술하시오"
1854,4,[대인관계능력] 자신이 활동했던 조직이나 단체에서 다른 사람과 갈등상황이 생겼을 때 그 문제를 효과적으로 해결했던 경험을 상황-행동-결과 중심으로 구체적으로 기술하시오.
1855,4,"[경험의 상황과 본인의 역할] 어떤 성격의 조직에 속해 있었으며, 언제 가지게 된 경험이었습니까?"
1856,4,학교생활/사회봉사활동/사회경험 등
1857,4,[성실한 조직인]과거 타인과의 인간관계에서 가장 힘들었던 갈등상황과 이를 슬기 롭게 극복할 수 있었던 본인의 전략 및 노하우에 대해 기술하시오.(600자 이내)
1858,4,"학교생활(학업, 교우관계, 동아리활동 등) 및 사회활동(자원봉사, 아르바이트, 인턴 등)에 대하여 작성 바랍니다."
1859,4,"[팀웍] 조직의 공동 목표 달성을 위해 개인의 역할에 대한 책임 및 협력적으로 행동하는 것이 습관화 되어 있으며, 다른 사람들과 함께 일해 본 경험이 풍부한 정도"
1860,4,"[커뮤니케이션] 다른 사람에게 자신의 의견에 대한 수용, 동의를 이끌어 낼 수 있고, 진솔하고 확신에 찬 방식으로 상대방에게 깊은 인상을 심어줄 수 있는 정도"
1861,4,지금껏 본인이 가장 강하게 느꼈던 소속감(조직경험)과 해당 조직을 위한 본인의 노력과 결과에 대해 자세히 기술해 주십시오.
1862,4,"본인이 생각하는 고객에 대한 정의는 무엇입니까? 또한, 본인의 경험에서 해당 고객만족을 위해 노력했던 일과 그 결과에 대해 구체적으로 작성해 주십시오."
1863,4,"여러분이 경험한 교내외 활동에서 IT와 관련된 (H/W,S/W 등) 가장 의미있는 사례를 구체적으로 기술하여 적어주세요."
1864,4,"단체 속의 일원으로 거둔 성과(동아리, 공모전 등)에 대하여 기술해 주세요. (1000 Bytes 이내)"
1865,4,[고객을 위한 가치창조] 귀하가 다른 사람(들) 또는 조직을 위하여 노력했던 경험은 무엇입니까? 800 자
1866,4,학교생활/봉사활동/연수여행경험
1867,4,본인의 속한 조직에서 새로운 것을 도입하여 변화를 일으킨 사례를 기재하여 주시기 바랍니다.
1868,4,서로다른 배경 또는 성격을 가진 사람과 협력하여 공동작업을 수행한 경험을 기재하여 주시기 바랍니다.
1869,4,"ICT(전자, 통신, 소프트웨어 등) 분야의 역량을 키우기 위해 노력했던 경험에 대해 서 술하십시오."
1870,4,"학교생활 및 사회봉사활동, 연수여행경험(100자 이상~150자 이내)"
1871,4,"경연대회, 공모전, 특허, 논문, 창업, 인턴 등 사내외 다양한 활동 경험시, 관련 내용 구체적으로 작성"
1872,4,"조직(회사, 학교, 부서, 동아리 등)의 구성원으로서 목표달성을 위해 노력한 경험과 힘들었던 갈등상황 극복 방법 (600자)"
1873,4,"동료들과 함께 팀을 이루어 일할 때, 상대방이 원하는 바를 명확하게 파악하고 적절하게 대응하여 업무를 성공적으로 수행한 경험에 대해 기술해주십시오. (1600Byte이내 약800자)"
1874,4,지원자 본인의 이익뿐만 아니라 속한 팀이나 집단 전체의 이익을 위해 행동했던 경험 에 대하여 구체적으로 기술해주십시오. (1600Byte이내 약800자)
1875,4,본인이 전달하고자 하는 바를 상대방이 알기 쉽게 효과적으로 보고서를 작성하여 긍정적 피드백 혹은 성공적 결과를 얻었던 경험에 대해 기술해주십시오. (2000Byte이내 약1000자)
1876,4,"자신의 의견을 타인에게 설득한 경험에 대해, 어떤 과정과 결과가 있었는지 기술하시오."
1877,4,사회경험(동아리/봉사활동)
1878,4,사회활동 및 경력사항
1879,4,사회활동 및 대인관계에 대해 서술해 주세요.
1880,4,"가장 소속감을 느꼈던 조직을 소개하고, 자신과 조직의 발전을 위해 노력하고 기여한 경험에 대해 말씀해 주십시오. (500자)"
1881,4,친구 또는 동료들과 협업하여 어려운 과제나 문제 상황을 해결하였던 경험을 기술해 주세요. (한글2000자 이내)
1882,4,"조직(회사, 학교, 부서, 동아리 등)의 구성원으로서 목표달성을 위해 노력한 경험과 힘들었던 갈등상황 극복 방법(600)"
1883,4,협력과 열정을 발휘하여 성취감을 느꼈던 경험
1884,4,지금까지 다른 사람들과의 팀워크를 통해 소속했던 조직이나 단체의 발전에 기여했던 것 중 가장 기억에 남는 경험은 무엇이었는지 구체적으로 작성하시오.(800자 이내)
1885,4,[Why you?] 조직이나 팀의 일원으로서 본인만의 강점을 발휘하여 차별화된 성과를 만들어낸 경험에 대해 구체적으로 기술하시오. (1000자 이내)
1886,4,"타인과의 협업 과정에서 나타나는 본인의 장점 및 단점, 단점을 극복하기 위한 노력 등을 사례를 통해 구체적으로 작성해주세요. * [700자 이내]"
1887,4,전공 및 프로젝트 수행 등 경력사항 (학내외 활동)
1888,4,"공동의 목표를 달성하기 위해 타인과 협업했던 경험과 그 과정에서 본인이 수행한 역할, 그리고 해당 경험을 통해 얻은 것은 무엇인지 구체적으로 기술해 주십시오.(700자이내)"
1889,4,"공동의 목표를 달성하기 위해 타인과 협업했던 경험과 그 과정에서 본인이 수행한 역할, 그리고 해당 경험을 통해 얻은 것은 무엇인지 구체적으로 기술해 주십시오. (700)"
1890,4,"소속 조직의 공동과업을 달성하는 과정에서 발생된 어려움을 극복하기 위해 구성원들과 적극적으로 협력했던 경험에 대해 기술해 주십시오. 당시 어떠한 상황이었으며, 이를 해결하는 과정에서 발생한 어려움은 어떻게 극복했는지 구체적으로 기술해 주십시오."
1891,4,지원자의 창의적인 아이디어를 통해 조직의 업무 프로세스를 개선하거나 성과를 낸 경험이 있다면 말씀하여 주십시오. [2000byte]
1892,4,3인 이상이 팀을 이루어 공통의 목표를 달성하기 위해 노력했던 경험에 대해 설명해 주십시오. / 1000 Bytes 이내
1893,4,"[자원관리능력] 어떤 일을 수행하며 한정된 자원을 효과적으로 잘 활용했었던 경험에 대해 기술해주십시오.당시 상황은 어떠했으며, 어떤 요소들을 고려하여 효과적으로 자원을 활용했는지, 본인이 취했던 방식을 중심으로 기술해 주십시오."
1894,4,"[대인관계능력] 소속 조직의 공동과업을 달성하는 과정에서 발생된 어려움을 극복하기 위해 구성원들과 적극적으로 협력했던 경험에 대해 기술해 주십시오.당시 어떠한 상황이었으며, 이를 해결하는 과정에서 발생한 어려움은 어떻게 극복했는지 구체적으로 기술해 주십시오."
1895,4,"타인에게 감동을 주었던 경험을 소개하고, 귀하가 생각하는 `고객감동`의 의미를 기술하십시오. [600자 이내]"
1896,4,"학내외 활동 (사회봉사,동아리,해외연수)"
1897,4,업무경험 및 봉사활동
1898,4,"공동의 목표를 달성하기 위해 타인과 협업했던 경험과 그 과정에서 본인이 수행한 역할, 그리고 해당 경험을 통해 얻은 것은 무엇인지 구체적으로 기술해 주십시오. 1400byte이내"
1899,4,[ Why you? ] 조직이나 팀의 일원으로서 본인만의 강점을 발휘하여 차별화된 성과를 만들어낸 경험에 대해 구체적으로 기술하시오. 1000자
1900,4,조직 내 의견이 상충되는 상황에서 공동의 목표를 달성하기 위해 노력한 경험을 구체적으로 작성해 주시기 바랍니다.
1901,4,팀의 화합과 목표달성을 위해 헌신하신 경험에 대해 서술하십시오. [100자 이내]
1902,4,"다른 팀원들에게 어떤 도움을 주셨으며, 그 이유는 무엇인지 서술하십시오. [200자 이내]"
1903,4,Honesty A. 팀이나 조직의 원칙과 절차를 준수하고자 노력했던 경험에 대해 서술하십시오. [100자 이내]
1904,4,"사회봉사할동,학교생활,연수,여행경험 등 (300자)"
1905,4,"자신이 활동했던 조직이나 단체에서 다른 사람과 갈등상황이 생겼을 때 그 문제를 효과적으로 해결했던 경험을 상황, 행동, 결과 중심으로 구체적으로 기술해 주십시오. (800자)"
1906,4,"장,단점 단점 극복 사례"
1907,4,"단체나 팀활동 경험 중 보험사의 직무수행에 도움이 될 것으로 생각되는 경험을 대인관계 관련 내용을 중심으로 기술해 주시기 바랍니다. - 경험의 배경이나 계기, 본인 역할, 주요 동료와의 관계, 당시 감정과 생각, 결과와 아쉬운 점을 포함 (1000자 이내)"
1908,4,"과거 같은 집단에 속한 인원과 있었던 가장 심한 갈등은 무엇이었고, 이를 어떻게 해결하였는지 서술해 주십시오 (400자 이내)"
1909,4,"지원동기 및 포부, 성장과정, 수학내용, 본인의 가치관 및 인생관에 영향을 끼쳤던 경험, 단체 속의 일원으로 거둔 성과(동아리, 공모전 등)에 대하여 주제별로 구분하여 자유롭게 기술해 주세요. 5000 Bytes"
1910,4,"다른 팀원들에게 어떤 도움을 주셨으며, 그 이유는 무엇인지 서술하십시오."
1911,4,팀이나 조직의 원칙과 절차를 준수하고자 노력했던 경험에 대해 서술하십시오.
1912,4,상황을 보는 시각과 견해의 차이가 많았으나 상대방 의견을 존중하면서 원만한 결론을 도출하였던 경험을 기술해 주십시오. 당시 의견 차이가 발생한 원인은 어떤 사항이었고 어떠한 방법으로 결론을 도출하였는지 중점적으로 기술해 주시기 바랍니다.
1913,4,"팀 단위의 과제 혹은 프로젝트, 활동 경험을 한 가지 선택하여 자세하게 소개해 주세요. (띄어쓰기 포함 1,000자)"
1914,4,단체나 팀활동 경험 중 보험사의 직무수행에 도움이 될 것으로 생각되는 경험을 대인관계 관련 내용을 중심으로 기술해 주시기 바랍니다.
1915,4,"학교생활이나 동아리, 아르바이트 등의 활동을 통해 조직의 발전을 위해 본인이 가장 많은 기여를 했다고 자부할 수 있는 경험이 있다면 구체적으로 기술해 주십시오."
1916,4,"지원동기 및 포부, 성장과정, 수학내용, 본인의 가치관 및 인생관에 영향을 끼쳤던 경험, 단체 속의 일원으로 거둔 성과(동아리, 공모전 등)에 대하여 주제별로 구분하여 자유롭게 기술해 주세요."
1917,4,다른 사람들과 좋은 관계를 형성하고 이를 바탕으로 좋은 결과를 만들어낸 경험이 있다며 기술해 주십시오. [ 800자 이상 1200자 이내 ]
1918,4,기업의 봉사활동 참여에 대한 의견을 기술해주시고 본인의 봉사활동 경험에 대해 기술해 주십시오 [ 800자 이상 1200자 이내 ]
1919,4,자신이 활동했던 조직이나 단체에서 다른 사람과 갈등상황이 생겼을 때 그 문제를 효과적으로 해결했던 경험을 상황/행동/결과 중심으로 구체적으로 기술해 주십시오.
1920,4,귀하가 다른 사람(들) 또는 조직을 위하여 노력했던 경험은 무엇입니까? [800 자]
1921,4,Teamwork에서 본인이 가장 중요하게 생각하는 요소는 본인의 경험과 함께 적어주세요.
1922,4,팀의 구성원으로 활동한 경험에 대해 기술하시오.
1923,4,"다른 사람들과 협업을 하며 보여지는 자신의 강점 및 약점과, 약점을 보완하기 위해 노력했던 (또는 노력중인) 사례를 기재해 주세요. (최대 1000자 이내로 작성)"
1924,4,"다른 사람(가족 제외)과 함께 일(경험)을 했을 때 그 사람은 귀하를 어떻게 판단했고, 귀하는 그 사람을 어떻게 판단했는지 구체적인 사례와 이유를 들어 설명하여 주십시오. 그리고 그 사람의 성함과 연락처를 기재하여 주시기 바랍니다."
1925,4,사회(봉사)활동 경험 [200자~700자]
1926,4,"팀을 이루어 가장 큰 성과를 거두었던 사례를 갈등요소와 극복과정, 본인이 수행한 역할을 포함하여 기술하여 주십시오."
1927,4,"타인에게 감동을 주었던 경험을 소개하고, 귀하가 생각하는 ‘고객감동’의 의미를 기술하십시오.(600자 이내)"
1928,4,"02.단체활동 중 의견이 다른 사람과 일할 때 긍정적인 변화를 이끌어낸 경험을 작성해 주세요 ① 긍정적인 변화를 추구한 이유, ② 변화과정과 그 결과를 작성해 주세요. (1000자)"
1929,4,팀(조직) 내에서 갈등을 극복한 경험이 있다면 귀하는 어떠한 노력을 했습니까? [200자~500자]
1930,4,"자신이 규칙 및 규정준수, 준법성 등과 같은 공동체 윤리를 중요하게 여기는 사람임을 입증할 수 있는 사례를 구체적으로 서술해주십시오. [200자~500자]"
1931,4,(성실한 조직인) 과거 타인과의 인간관계에서 가장 힘들었던 갈등상황과 이를 슬기롭게 극복할 수 있었던 본인의 전략 및 노하우에 대해 기술하시오 (600자 이내)
1932,4,다른 사람들과 적극적으로 협조하여 성과를 낸 경험에 대해 서술해 주십시오. * [100자 이상 800자 이내]
1933,4,"타인에게 감동을 주었던 경험을 소개하고, 귀하가 생각하는 ·고객감동·의 의미를 기술하십시오. 600자"
1934,4,"협의대상에 대한 이해 및 다양한 관련 자료, 치밀한 사전준비를 바탕으로 내외부 고객을 교섭, 설득하거나 양방의 의견을 절충하여 상호 만족할 수 있는 방향으로 결과를 도출해 본 경험이 있다면 구체적으로 기술해 주십시오."
1935,4,4번의 결과를 위해 귀하는 어떤 노력과 역할 및 기여를 했습니까 980
1936,4,"학창시절 또는 다른 경험을 돌이켜 볼 때 가장 많은 대화를 한 사람은(선배, 동료, 후배) 누구이며, 그 이유는 무엇입니까"
1937,4,"학창시절 또는 다른 경험을 돌이켜 볼 때 가장 대화하기 힘들었던 사람은 누구이며, 그 이유는 무엇입니까?"
1938,4,"협의대상에 대한 이해 및 다양한 관련 자료, 치밀한 사전준비를 바탕으로 내외부 고객을 교섭, 설득하거나양방의 의견을 절충하여 상호 만족할 수 있는 방향으로 결과를 도출해 본 경험이 있다면 구체적으로 기술해 주십시오."
1939,4,타인과 협업하여 성과를 냈던 경험을 상황->자신의 역할->결과 순으로 쓰시오. 500자
1940,4,개인적인 희생(손해)를 각오하고 윤리적 행동 또는 팀워크를 실천한 경험(0/500byte 이내)
1941,4,도전정신2. 다양한 입장을 가진 사람들의 의견을 조율하여 합의를 이끌어 낸 경험을 서술해 주십시오.
1942,4,대학생활 중 타인에게 추천하고 싶은 경험 1가지와 그 이유를 기술하여 주십시오.
1943,4,팀의 구성원으로 활동한 경험에 대해 기술하시오. (600자)
1944,4,단체/조직의 발전을 위해 헌신했던 경험에 대해 서술해주시기 바랍니다.(800자)*필수입력사항
1945,4,단체/조직의 발전을 위해 헌신했던 경험에 대해 서술해주시기 바랍니다.(800자)
1946,4,"[조직 및 본인 상황 확인](200자 이내) 본인이 속한 조직은 어떤 상황에 처해 있었으며, 본인의 역할은 무엇입니까?"
1947,4,"[경험의 상황] (200자 이내) 언제, 어떤 조직에서 가진 경험입니까?"
1948,4,구성원들의 이해관계나 갈등 관계를 조율하기 위해 어떤 의사결정을 내리고 행동에 옮겼습니까?
1949,4,공동 목표 달성을 위해 어떤 노력을 하였습니까?
1950,4,"[경험의 상황과 본인의 역할] (200자 이내) 어떤 성격의 조직에 속해 있었으며, 언제 가지게 된 경험이었습니까?"
1951,4,"자신의 의견을 타인에게 설득한 경험에 대해, 어떤 과정과 결과가 있었는지 기술하시오. 500자"
1952,4,귀하 본인으로 인해 주위 사람 또는 환경을 변화시킨 경험이 있다면 설명하여 주십시오.
1953,4,다른 사람과 갈등이 발생했던 경험과 그 상황을 어떻게 극복했는지 설명하여 주십시오.
1954,4,단체생활에서의 본인 성격의 장단점
1955,4,경력 및 주요업무내용(사회봉사활동)
1956,4,"공동의 목표를 달성하기 위해 타인과 협업했던 경험과 그 과정에서 본인이 수행한 역할, 그리고 해당 경험을 통해 얻은 것은 무엇인지 구체적으로 기술해 주십시오.(500)"
1957,4,사회활동 경험 [2000자 이내]
1958,4,"상기 개선방식에 대해 다른 사람은 어떻게 받아들였으며, 자신의 생각을 타인에게 어떻게 설명하고 설득하였습니까?"
1959,4,근무 경력(인턴 등)
1960,4,"타인에게 감동을 주었던 경험을 소개하고, 귀하가 생각하는 ‘고객감동’의 의미를 기술하십시오. (600자)"
1961,4,다른 사람에게 당신의 생각을 이해시키기 위해 특별한 노력이 필요했던 당시 상황을 간략히 기술해 주십시오. (200자 이내)
1962,4,사업목표를 달성하기 위해 나름대로 최선을 다해 과업을 수행하고 있었다. 그러나 상사와 동료간의 갈등으로 직장생활에어려움이 발생하였을 때 어떻게 하면 갈등을 해소할 수 있고 활기찬 직장분위기를 조성할 수 있는지 설명하십시오.
1963,4,"공동의 목표를 달성하기 위해 타인과 협업했던 경험과 그 과정에서 본인이 수행한 역할, 그리고 해당 경험을 통해 얻은 것은 무엇인지 구체적으로 기술해 주십시오.(700자)"
1964,4,3순위로 선택한 역량(팀웍지향)을 강화하고자 노력했던 경험을 구체적으로 작성해 주세요.
1965,4,"조직(회사, 학교, 부서, 동아리)의 구성원으로서 목표달성을 위해 노력한 경험 및 공정한 업무처리로 조직에서 신뢰를 얻었던 경험에 대해 기술하시오 500자"
1966,4,지금까지의 경험 중 2인 이상이 모여 공동 작업을 진행했던 경험에 대해 작성해 주십시오.
1967,4,"팀, 조직 내에서 갈등을 극복한 경험이 있다면 귀하는 어떠한 노력을 했습니까?"
1968,4,"자신이 규칙 및 규정준수, 준법성 등과 같은 공동체 윤리를 중요하게 여기는 사람임을 입증할 수 있는 사례를 국체적으로 서술해주십시오"
1969,4,팀(조직) 내에서 갈등을 극복한 경험이 있다면 귀하는 어떠한 노력을 했습니까? (500)
1970,4,"자신이 규칙 및 규정준수, 준법성 등과 같은 공동체 윤리를 중요하게 여기는 사람임을 입증할 수 있는 사례를 구체적으로 서술해주십시오. (500)"
1971,4,직무경험 (800)
1972,4,"학교생활(학업, 교우관계, 동아리 활동) 및 사회활동(자원봉사, 아르바이트, 인턴)에 대해 작성"
1973,4,*[현황파악을 위한 의사소통 능력] 지금까지의 경험 중 정확한 현황을 파악하기 위해 다방면으로 노력했던 사례에 대해 작성해 주시기 바랍니다.(노력했던 사례를 중심으로)
1974,4,"[사회공헌] 지금까지의 경험 중 사회의 일원으로서 사회를 위한 활동 경험에 대해 작성해 주시고, 향후 사회를 위해 계획하고 있는 활동이 무엇인지 작성해 주시기 바랍니다."
1975,4,"자신이 속한 단체 또는 학교 생활 중 다른 구성원과 이해관계가 대립했던 경험을 기술하고, 이 상황을 어떻게 극복했는지 기술해 보시오."
1976,4,"공동의 목표를 달성하기 위해 타인과 협업했던 경험과 그 과정에서 본인의 역할, 해당 경험을 통해 얻은 것은 무엇인지 구체적으로 기술하세요. (700자)"
1977,4,당신은 혼자가 아닙니다. 본인이 속했던 조직의 화합과 융화를 이끌어내기 위해 노력했던 사례와 그 결과에 대하여 기재해 주시기 바랍니다. (1200자)
1978,4,새로운 환경이나 조직에 들어가서 갈등을 겪었던 경험과 이를 성공적으로 극복했던 사례에 대해서 작성해주십시오. [500자 이내]
1979,4,매일 야근을 하며 열심히 일하지만 역량이 부족하여 상사로부터 많은 꾸지람을 받는 친한 동료가 있습니다. 이런 모습을 보며 본인도 긴장감과 위축감이 듭니다. 어느 날 동료가 다른 좋은 회사에 우리 둘 모두 취직할 수 있는 기회가 있따고 말을 합니다. 본인은 어떻게 행동하겠습니까? 그리고 그 이유는 무엇입니까? (700자 이내)
1980,4,"동료들과 함께 팀을 이루어 일할 때, 상대방이 원하는 바를 명확하게 파악하고 적절하게 대응하여 업무를 성공적으로 수행한 경험에 대해 기술해주십시오. (1600Byte이내 약800자)[직업기초능력 : 의사소통능력 - 경청능력 관련 질문]"
1981,4,지원자 본인의 이익뿐만 아니라 속한 팀이나 집단 전체의 이익을 위해 행동했던 경험에 대하여 구체적으로 기술해주십시오. (1600Byte이내 약800자)[직업기초능력 : 직업윤리(공동체윤리) 관련 질문]
1982,4,본인이 전달하고자 하는 바를 상대방이 알기 쉽게 효과적으로 보고서를 작성하여 긍정적 피드백 혹은 성공적 결과를 얻었던 경험에 대해 기술해주십시오. (2000Byte이내 약1000자)[직업기초능력 : 의사소통능력 - 문서작성능력 관련 질문]
1983,4,지금까지 살아오면서 자신의 이익을 초월하여 자발적으로 주변의 사람에게 도움을 주었던 경험과 그 과정에서 가장 힘들었던 점은 무엇이었는지 기술하시오.
1984,4,"단체 활동 중 주도적으로 장애요소(어려움)을 극복하고 성공했던 경험을 작성해주세요. 1) 장애요소의 정의 2) 극복 과정에서의 리더십, 의사결정 3) 창출해낸 성과 상기 내용을 반드시 포함하여 구체적으로 작성해주세요. (1000자)"
1985,4,"<도전- 단체활동, 봉사활동 혹은 영업과 관련된 사회경험이 있다면 말씀하여 주시고, 그 기간 동안 이룬 가장 큰 성취(성과)와 달성 과정에 대하여 말씀하여 주세요.>"
1986,4,학교생활 / 연수경험
1987,4,사업목표를 달성하기 위해 나름대로 최선을 다해 과업을 수행하고 있었다. 그러나 상사와 동료간의 갈등으로 직장생활에 어려움이 발생하였을 때 어떻게 하면 갈등을 해소할 수 있고 활기찬 직장분위기를 조성할 수 있는지 설명하십시오. 400~500자
1988,4,"최근 3년 이내에 본인이 속한 단체 내에서 갈등이 발생했던 사례를 제시하고, 이를 극복하기 위한 과정, 본인의 역할과 행동 등을 구체적으로 기술하여 주십시오."
1989,4,"함께 일하고 싶지 않은 유형에 대해 사례를 들어 설명하고, 부득이하게 같이 일해야 할 경우 어떻게 할 것인지에 대해 기술해 주십시오."
1990,4,팀(조직) 내에서 갈등을 극복한 경험이 있다면 귀하는 어떠한 노력을 했습니까? 500자
1991,4,"자신이 규칙 및 규정준수, 준법성 등과 같은 공동체 윤리를 중요하게 여기는 사람임을 입증할 수 있는 사례를 구체적으로 서술해주십시오. 500자"
1992,4,"타인과 함께 협동하여 문제를 해결한 경험과 그 과정에서 본인의 역할, 갈등, 극복을 위한 노력 등을 기술하시오.(한글은 한 글자에 2byte입니다.) (0/1000 bytes)"
1993,4,"단체 활동 중 주도적으로 장애요소(어려움)을 극복하고 성공했던 경험을 작성해주세요. 1) 장애요소의 정의 2) 극복 과정에서의 리더십, 의사결정 3) 창출해낸 성과 상기 내용을 반드시 포함하여 구체적으로 작성해주세요."
1994,4,"타인과 함께 협동하여 문제를 해결한 경험과 그 과정에서 본인의 역할, 갈등, 극복을 위한 노력 등을 기술하시오. (500자)"
1995,4,소속 조직에서 공동과제를 수행하는 과정에서 발생한 갈등이나 어려움을 극복하기 위해 구성원들과 적극적으로 협력했던 경험 기술 (600자)
1996,4,조직내에서 친분이 없던 사람과 새롭게 친분을 형성하여 일을 처리했던 경험 (600자)
1997,4,"교내외활동 , 취미, 특기 등"
1998,4,개인적인 희생(손해)를 각오하고 윤리적 행동 또는 팀워크를 실천한 경험(500자 이내)
1999,4,학창시절 및 관련 직무경험
2000,4,"타인과 함께 협동하여 문제를 해결한 경험과 그 과정에서 본인의 역할, 갈등, 극복을 위한 노력 등을 기술하시오. (500자 이내)."
2001,4,학내외 활동을 통해 성취를 이룬 사례에 대해 기술하여 주십시오. (2000 byte)
2002,4,"다른 사람을 배려하는 마음이 어느 정도라고 생각하는지, 그와 관련된 사례를 기술해 주십시오. - 언제, 어떤 상황이었습니까? - 그래서 귀하는 어떻게 행동했습니까? - 이 경험을 통해 배울 수 있었던 것은 무엇입니까? * [300자 이내]"
2003,4,"친구, 또는 동료와의 관계에서 갈등의 경험이 있다면, 그 갈등의 원인과 극복방법을 작성해 주세요."
2004,4,"자신의 의견을 타인에게 설득한 경험에 대해, 어떤 과정과 결과가 있었는지 기술하시오. (1000 Bytes 이내)"
2005,4,(NCS 직업기초: 의사소통능력) 업무 수행 중 다른 조직 구성원과 의견이나 생각의 차이로 갈등이 발생한다면 어떻게 해결하시겠습니까? 과거 당신이 경험한 유사한 사례를 바탕으로 상대방을 설득하거나 합의점을 찾아내기 위한 당신만의 의사소통 노하우에 대해서 기술해 주십시오. / 500 자
2006,4,조직에서 추구하는 방향이나 궁극적인 목표 등을 공유함으로써 팀원들과 공동의 목표를 가지고 한 방향으로 일을 추진한 경험이 있습니까? 당시 상황 속에서 당신이 취한 행동과 그 결과를 중심으로 기술해 주십시오. / 500 자
2007,4,"[자원관리능력] 제한된 자원(예: 시간, 비용, 인력 등)에도 불구하고 목표를 달성했던 경험을 상황 &#8211; 행동 &#8211; 결과 중심으로 구체적으로 기술하시오"
2008,4,[대인관계능력] 자신이 활동했던 조직이나 단체에서 다른 사람과 갈등상황이 생겼을 때 그 문제를 효과적으로 해결했던 경험을 상황 &#8211; 행동 &#8211; 결과 중심으로 구체적으로 기술하시오.
2009,4,전공과 관련하여 수행한 팀 프로젝트(혹은 연구과제)중 본인의 제안을 구체화한 사례 및 해당 프로젝트를 수행하는데 있어 본인의 제안이 채택될 수 있었던 이유에 대해 작성해 보십시오.
2010,4,교생활/사회봉사활동/연수여행경험 [100자 이상 600자 이내]
2011,4,자신이 행복을 위해 했던 노력이 주변 타인을 함께 행복하게 했던 경험이 있다면 구체적으로 기술해 주시기 바랍니다.
2012,4,현재까지 수행해온 노력과 지원분야에서의 성공을 위한 노력
2013,4,조직의 중요성 및 경험(학교생활 및 근무기업)
2014,4,"학창시절중 봉사활동, 동아리 기타 사회활동 등"
2015,4,"기타 특이사항 (해외연수, 봉사활등) 300"
2016,4,14년 생활관 자치회에서 총무를 맡아 공문작성 및 자치회 인원관리를 하게 되었습니다.
2017,4,"공동의 목표를 달성하기 위해 타인과 협업했던 경험과 그 과정에서 본인이 수행한 역할, 그리고 해당 경험을 통해 얻은 것은 무엇인지 구체적으로 기술해 주십시오. (500자)"
2018,4,"공동의 목표를 달성하기 위해 타인과 협업했던 경험과 그 과정에서 본인이 수행한 역할, 그리고 해당 경험을 통해 얻은 것은 무엇인지 구체적으로 기술해 주십시오. 글자수 자/500자 이내"
2019,4,다른 사람들과 적극적으로 협조하여 성과를 낸 경험에 대해 서술해 주십시오. * [100자 이상 600자 이내]
2020,4,"리더 경험이 많으신 것 같은데, 본인이 생각하는 리더십은 무엇인가요?"
2021,4,구체적인 사례를 들어볼 수 있을까요?
2022,4,"공동의 목표를 달성하기 위해 타인과 협업했던 경험과 그 과정에서 본인이 수행한 역할, 그리고 해당경험을 통해 얻은 것은 무엇인지 구체적으로 기술해 주십시오."
2023,4,"위에 사항의 개선 방식에 대하여 다른 사람은 어떻게 받아들였으며, 자신의 생각을 타인에게 어떻게 설명하고 설득하였습니까?"
2024,4,4번의 결과를 위해 귀하는 어떤 노력과 역할 및 기여를 했습니까?.
2025,4,"학창시절 또는 다른 경험을 돌이켜 볼 때 가장 많은 대화를 한 사람은(선배, 동료, 후배) 누구이며, 그 이유는 무엇입니까?"
2026,4,경력 및 주요업무내용(사회봉사활동포함)
2027,4,팀이나 그룹의 리더 또는 구성원으로서 다양한 구성원들과 함께 업무를 수행했었던 경험에 대해 작성해 주시기 바랍니다.
2028,4,[현황파악을 위한 의사소통 능력] 지금까지의 경험 중 정확한 현황을 파악하기 위해 다방면으로 노력했던 사례에 대해 작성해 주시기 바랍니다.(노력했던 사례를 중심으로)
2029,4,다른 사람들과 좋은 관계를 형성하고 이를 바탕으로 좋은 결과를 만들어낸 경험이 있다며 기술해 주십시오 (1000자 이내)
2030,4,기업의 봉사활동 참여에 대한 의견을 기술해주시고 본인의 봉사활동 경험에 대해 기술해 주십시오 (1000자 이내)
2031,4,"공동의 목표를 달성하기 위해 타인과 협업했던 경험과 그 과정에서 본인이 수행한 역할, 그리고 해당 경험을 통해 얻은 것은 무엇인지 구체적으로 기술해 주십시오. 500자"
2032,4,(NCS 직업기초: 의사소통능력) 업무 수행 중 다른 조직 구성원과 의견이나 생각의 차이로 갈등이 발생한다면 어떻게 해결하시겠습니까? 과거 당신이 경험한 유사한 사례를 바탕으로 상대방을 설득하거나 합의점을 찾아내기 위한 당신만의 의사소통 노하우에 대해서 기술해 주십시오.
2033,4,(NCS 직업기초: 대인관계능력) 조직에서 추구하는 방향이나 궁극적인 목표 등을 공유함으로써 팀원들과 공동의 목표를 가지고 한 방향으로 일을 추진한 경험이 있습니까? 당시 상황 속에서 당신이 취한 행동과 그 결과를 중심으로 기술해 주십시오.
2034,4,(NCS 직업기초: 공동체윤리) 당신에게 주어진 역할이나 일을 보다 책임감 있게 수행하고 더 좋은 결과물을 만들기 위해 노력했던 최근 경험이 있습니까? 당시 상황 속에서 당신이 취한 행동과 그 결과를 중심으로 기술해 주십시오.
2035,4,학내외 활동을 통해 성취를 이룬 사례에 대해 기술하여 주십시오.
2036,4,[의사소통능력] 자신의 생각이나 의견을 상대방에게 성공적으로 설득했던 경험을 상황/행동/결과 중심으로 구체적으로 기술하시오 400
2037,4,"[자원관리능력] 제한된 자원(예: 시간, 비용, 인력 등)에도 불구하고 목표를 달성했던 경험을 상황/행동/결과 중심으로 구체적으로 기술하시오 400"
2038,4,[대인관계능력] 자신이 활동했던 조직이나 단체에서 다른 사람과 갈등상황이 생겼을 때 그 문제를 효과적으로 해결했던 경험을 상황/행동/결과 중심으로 구체적으로 기술하시오. 400
2039,4,3-3. [문제 해결 양상] 어떤 방식으로 문제를 해결하였나요? 해결과정에서 어려움은 없었습니까? (800 Bytes 이내)
2040,4,"4-1. [경험의 상황과 본인의 역할] 어떤 성격의 조직에 속해 있었으며, 언제 가지게 된 경험이었습니까? (400 Bytes 이내)"
2041,4,"4-3. [조직에 대한 관심 및 어려움 극복] a. 목표 달성 과정에서 겪게 된 어려움은 무엇이었으며, 어떻게 극복하였습니까? (400 Bytes 이내)"
2042,4,4-3. [조직에 대한 관심 및 어려움 극복] b. 목표 달성 과정에서 동료들에게 어떤 도움을 주었습니까? (400 Bytes 이내)
2043,4,사용해 본 프로그래밍 언어와 해당 언어를 사용하여 개발해 본 프로젝트 혹은 개발 산출물을 설명해 주세요. (600자)
2044,4,성장과정/학교생활/연수경험
2045,4,학창시절 및 교내외 활동
2046,4,"대학, 회사, 인턴, 아르바이트 등의 경험 중에서 채용직군 업무와 관련된 일을 하면서 업무 관련 문제나 어려움에 직면하여 이를 극복했던 경험을 500자 이내로 기술하시오"
2047,4,"동료들과 함께 팀을 이루어 일할 때, 상대방이 원하는 바를 명확하게 파악하고 적절하게 대응하여 업무를 성공적으로 수행한 경험에 대해 기술해주십시오. (1000자 이내)"
2048,4,지원자 본인의 이익뿐만 아니라 속한 팀이나 집단 전체의 이익을 위해 행동했던 경험 에 대하여 구체적으로 기술해주십시오. (1000자 이내)
2049,4,본인이 전달하고자 하는 바를 상대방이 알기 쉽게 효과적으로 보고서를 작성하여 긍정적 피드백 혹은 성골적 결과를 얻었던 경험에 대해 기술해주십시오. (1000자 이내)
2050,4,단체활동을 통해 리더로서 자질을 발휘하였던 경험이나 팀워크를 발휘하였던 경험을 기술하세요.
2051,4,"최근 5년 내 학교생활, 동아리, 여가활동, 군생활 인턴 또는 아르바이트 봉사활동에 대해서 기술해 주십시오."
2052,4,"본인이 참여한 다양한 조직(학교, 동아리, 직장 등)중에서 기억에 남는 경험을 선택하고 그 조직 내에서 본인의 역할은 무엇이였으며, 조직을 위해 본인이 기여한 바는 무엇입니까? (1200자)"
2053,4,"본인이 단체생활(학교, 동아리, 기타 조직생활 등)에서 겪은 가장 큰 어려움과 그것을 극복하기 위해 어떠한 노력을 했는지 기술하여 주십시오. (700자)"
2054,4,"다른 사람(가족 제외)과 함께 일(경험)을 했을 때 그 사람은 귀하를 어떻게 판단했고, 귀하는 그 사람을 어떻게 판단했는지 구체적인 사례와 이유를 들어 설명하여 주십시오. 그리고 그 사람의 성함과 연락처를 기재하여 주시기 바랍니다"
2055,4,"귀하의 재직기간 동안 했던 학업, 업무와 활동은 어떤 것이 있습니까? 그 활동에서 귀하의 리더쉽을 발휘한 적이 있다면 어떤 부분이었는지 기술해 주십시오."
2056,4,"여러분이 경험한 교내,외 활동에서 IT와 관련된 가장 의미있는 사례를 구체적으로 기술해 주세요. (1500자)"
2057,4,사회경험(지원분야와 지식습득을 위한 노력)
2058,4,"학교 생활 외에 자신의 발전을 위해 활동한 경험(동호회, 사회봉사활동 등)을 커뮤니케이션, 팀웍, 리더십 등 주요 역량을 중심으로 작성해 주십시오. (300자~500자)"
2059,4,공동과제 수행시 자신에게 주어진 과업 이상을 했던 경험이나 일을 추진하는 데 있어 타인과의 협력을 통해 큰 성과를 거두었던 경험을 기술해 주십시오.[ 100자 이상 500자 이내 ]
2060,4,[성실한 조직인] 과거 타인과의 인간관계에서 가장 힘들었던 갈등상황과 이를 슬기롭게 극복할 수 있었던 본인의 전략 및 노하우에 대해 기술하시오.(600자 이내)
2061,4,"본인이 소속된 조직 혹은 개인의 성과를 위해서 다른 사람 혹은 다른 조직과 협력이 필요했던 상황에 대해 작성해 주십시오. 또한 성공적 협력을 주도하기 위한 본인의 노력과 그 결과에 대해서도 작성해 주십시오. (1,000자)"
2062,4,"[인간관계/갈등해결] 과거 같은 집단에 속한 인원과 있었던 가장 심한 갈등은 무엇이었고, 이를 어떻게 해결하였는지 서술해 주십시오. (400자)"
2063,4,"지원부문과 관련된 경험(스터디, 프로젝트, 업무 등)이 있으면 서술하고, 그 경험에서 자신이 어떤 역할을 했었고, 결과로 어떤 지식이나 교훈을 얻었는지 서술하시오."
2064,4,목표 달성을 위해 새로운 분야의 사람과 협력하여 성과를 낸 경험을 구체적으로 작성하시오. (1000바이트)
2065,4,"지금까지 협력을 통해 목표를 달성한 경험이 있다면 본인의 역할을 포함하여 구체적으로 기술해 주시기 바랍니다. (200자 이상, 500자 이하)"
2066,4,본인이 오너쉽을 갖고 문제를 해결했던 사례에 대해 말씀해 주세요 (.1000자)
2067,4,목표 달성 과정에서 동료들에게 어떤 도움을 주었습니까?
2068,4,"단체 생활(동아리, 아르바이트 등) 중 공동의 목표를 달성하거나 문제를 해결하기 위해 노력한 경험을 구체적으로 서술하시오. *필수입력사항"
2069,4,"매일 야근을 하며 열심히 일하지만 역량이 부족하여 상사로부터 많은 꾸지람을 받는 친한 동료가 있습니다. 이런 모습을 보며 본인도 긴장감과 위축감이 듭니다. 어느 날 동료가 다른 좋은 회사에 우리 둘(본인과 동료) 모두 취직할 수 있는 기회가 있다고 말을 합니다. 본인은 어떻게 행동하겠습니까, 그리고 그 이유는 무엇입니까?"
2070,4,지원자가 속한 조직에서 잘못된 관행에 대해 문제를 적극 제기한 경험을 기술해 주세요 (1300자)
2071,4,4번의 결과를 위해 귀하는 어떤 노력과 역할 및 기여를 했습니까?
2072,4,타인과 협업하여 성과를 냈던 경험을 상황->자신의 역할->결과 순으로 쓰시오.
2073,4,학교생활 및 사회활동
2074,4,3. 학교생활 및 특별활동 경험
2075,4,"공동의 목표를 달성하기 위해 타인과 협업했던 경험과 그 과정에서 본인이 수행한 역할, 그리고 해당 경험을 통해 얻은 것은 무엇인지 구체적으로 기술해 주십시오.(소통, 협력)"
2076,4,성장과정/ 지원동기
2077,4,"정직하게 행동했던 경험사례 또는 주위로부터 신뢰를 얻은 사례 또는 스스로 법, 규정을 준수한 사례"
2078,4,기한 내 과제해결을 위한 노력 또는 협력을 통해 성과를 이룬 사례
2079,4,이해관계가 없는 타인을 도운 경험이 있다면 서술해 주십시오.
2080,4,"타인과 협력하여 추진한 경험 중에 서로간에 어떤 어려움이 있었으며, 어떻게 해결하였는지 서술해 주십시오."
2081,4,팀이나 조직의 원칙과 절차를 준수하고자 노력했던 경험에 대해 서술하십시오. [100자 이내]
2082,4,[공동의 목표 달성을 위한 노력] 조직 내 의견이 상충되는 상황에서 공동의 목표를 달성하기 위해 노력한 경험을 구체적으로 기술하세요.
2083,4,본인이 속했던 조직의 화합과 융화를 이끌어내기 위해 노력했던 사례와 그 결과에 대하여 기재해 주시기 바랍니다.
2084,4,학력 및 교육이수과정(교내외 활동 및 경력)
2085,4,"자신과 의견이 다른 타인을 잘 설득했던 경험이 있다면 구체적인 상황, 설득방법, 결과등을 간략히 기술해 주십시오."
2086,4,"본인의 손해를 감수하고라도 단체(학교, 직장, 친구모임 등)를 위해 적극적으로 활동했던 경험이 있으면 구체적인 단체, 활동내역, 결과 등을 간략히 기술해 주십시오."
