rank,cluster_id,question,noun_form
1,5,동료 또는 주변 사람이 평가하는 본인은 어떤 유형의 사람인지 서술하여 주시기 바랍니다.,동료 주변 사람 평가 본인 어떤 유형 사람인지 서술 주시기 바랍니다
2,5,"티웨이항공을 선택한 이유는 무엇이며, 티웨이항공이 더 성장하기 위해 갖추어야 할 요소가 무엇인지 서술하여 주시기 바랍니다.",티웨이항공 선택한 이유 무엇 티웨이항공 성장하기 갖추어야 요소 무엇인지 서술 주시기 바랍니다
3,5,본인이 지원한 분야에서 그 일을 남들보다 잘할 수 있는 차별화된 능력과 경험이 무엇인지 서술하여 주시기 바랍니다.,본인 지원한 분야 남들 잘할 차별화된 능력 경험 무엇인지 서술 주시기 바랍니다
4,5,현대오토에버의 해당 직무에 지원한 이유와 앞으로 현대오토에버에서 키워 나갈 커리어 계획을 작성해 주시기 바랍니다.,현대오토에버 해당 직무 지원한 이유 현대오토에버 키워 나갈 커리어 계획 작성해 주시기 바랍니다
5,5,자기소개서 자기 자신에 대해 자유롭게 기술해 주시기 바랍니다.,자기소개서 자기 자신 대해 자유롭게 기술해 주시기 바랍니다
6,5,지원자는 업무를 수행함에 있어 동료들과 협력적으로 수행하는 사람임을 가장 잘 보여주는 사례를 구체적으로 작성해 주시기 바랍니다.,지원자 업무 수행함 있어 동료들 협력적 수행 사람임 가장 보여주 사례 구체적 작성해 주시기 바랍니다
7,5,최근 사회 이슈 중 중요하다고 생각되는 한 가지를 선택하고 이에 관한 자신의 견해를 기술해 주시기 바랍니다. 1000자 이내 (영문 작성 시 2000자),최근 사회 이슈 중요하다고 생각되 가지 선택 자신 견해 기술해 주시기 바랍니다
8,5,지원 직군과 관련한 성공 경험 또는 입사 후 직무 관련 성과 창출을 위해 본인이 지금까지 개발한 역량 및 노력에 대해 기술해 주시기 바랍니다.,지원 직군 관련한 성공 경험 입사 직무 창출 본인 지금 개발한 역량 노력 대해 기술해 주시기 바랍니다
9,5,"입사지원한 분야 관련 교육, 경력, 경험 사항에 대해 기술해 주시기 바랍니다. (작성 안내 문구 참고) (500자 이내)",입사지원한 분야 교육 경력 경험 사항 대해 기술해 주시기 바랍니다
10,5,"본인이 알고 있는 한국공항공사에 관한 내용은 무엇이며, 그 정보를 어떻게 얻게 되었는지 기술해 주시기 바랍니다. 또한 그중 어떠한 면에 이끌려 우리 공사에 지원하게 되었는지 기술해 주시기 바랍니다.",본인 알고 한국공항공사 내용 무엇 정보 어떻게 얻게 되었는지 기술해 주시기 바랍니다 또한 그중 어떠한 이끌려 우리 공사 지원하게 되었는지 기술해 주시기 바랍니다
11,5,"*[직무 경력 및 경험] 지원자의 직무관련 경력 및 경험에 대해 상세히 기술해 주십시오. 구체적으로 본인이 수행한 활동 조직, 역할 및 구체적 활동 내용, 주요 결과에 대해 작성해 주시기 바랍니다.",직무 경력 경험 지원자 직무 경력 경험 대해 상세히 기술해 구체적 본인 수행한 활동 조직 역할 구체적 활동 내용 주요 결과 대해 작성해 주시기 바랍니다
12,5,"직장을 선택하는 본인만의 기준을 적고, 그 이유와 함께 SGI서울보증에 지원한 동기를 기술하여 주시기 바랍니다.",직장 선택 본인만 기준 적고 이유 SGI서울보증 지원한 동기 기술 주시기 바랍니다
13,5,"타인과의 협업 경험 중 가장 의미 있었던 사례를 제시하고, 그 과정에서 본인이 노력한 부분과 그 경험이 본인의 가치관 형성에 미친 영향에 대하여 기술하여 주시기 바랍니다.",타인과 협업 경험 가장 의미 있었던 사례 제시 과정 본인 노력한 부분 경험 본인 가치관 형성 미친 영향 기술 주시기 바랍니다
14,5,"본인이 자신 있게 내세울 수 있는 역량은 무엇이며, 이러한 역량을 갖추기 위해 노력한 과정과 동 역량이 SGI서울보증의 어떠한 업무에 기여할 수 있는지 기술하여 주시기 바랍니다.",본인 자신 있게 내세울 역량 무엇 이러한 역량 갖추기 노력한 과정 역량 SGI서울보증 어떠한 업무 기여할 있는지 기술 주시기 바랍니다
15,5,국내외 금융사들은 '비대면 금융소비 일상화'에 대응해 Digital Transformation(디지털 전환)에 속도를 내고 있습니다. 이와 같은 경영 환경에서 SGI서울보증이 추구해야 할 방향 또는 대응 방안을 기술하여 주시기 바랍니다.,국내외 금융사들 비대면 금융소비 일상화 대응해 Digital Transformation 속도 내고 경영 환경 SGI서울보증 추구 방향 대응 방안 기술 주시기 바랍니다
16,5,최근 사회 이슈 중 중요하다고 생각되는 한 가지를 선택하고 이에 관한 자신의 견해를 기술해 주시기 바랍니다.,최근 사회 이슈 중요하다고 생각되 가지 선택 자신 견해 기술해 주시기 바랍니다
17,5,"프로그램 개발, 알고리즘 풀이 등 SW 개발 관련 경험 중 가장 어려웠던 경험과 해결 방안에 대해 구체적으로 서술하여 주시기 바랍니다.",프로그램 개발 알고리즘 SW 개발 경험 가장 어려웠던 경험 해결 방안 대해 구체적 서술 주시기 바랍니다
18,5,"[솔선수범] 관리, 감독 없이도 스스로 업무를 처리하며 남들이 꺼리는 업무나 궂은일도 주도적으로 나서서 해결한다. (A, B 중 택 1) A. 자신이 공동 목표 달성을 하는 과정에서 솔선수범하는 사람임을 입증할 수 있는 사례(경험)와 그 근거를 구체적으로 작성해 주시기 바랍니다. B. 소속 조직을 위해 주도적으로 나서서 문제를 해결하기 위해 노력했던 경험에 대해 구체적으로 작성해 주시기 바랍니다.",솔선수범 관리 감독 없이 스스 업무 처리 남들 꺼리 업무 궂은일 주도적 나서서 해결한다 자신 공동 목표 달성 과정 솔선수범 사람임 입증할 사례경험 근거 구체적 작성해 주시기 바랍니다 소속 조직 주도적 나서서 문제 해결하기 노력했던 경험 대해 구체적 작성해 주시기 바랍니다
19,5,"[자기개발] 현재뿐만 아니라 향후에 필요한 지식, 경험, 기술 등을 적극적으로 습득하여 미래를 준비하며 꾸준히 발전한다. (A, B 중 택 1) A. 자신이 자기개발을 꾸준히 하는 사람임을 입증할 수 있는 사례(경험)와 그 근거를 구체적으로 작성해 주시기 바랍니다. B. 자신이 지원한 분야에서 뛰어난 전문가가 되기 위해 기울이고 있는 노력에 대해 구체적으로 작성해 주시기 바랍니다.",자기개발 현재뿐 아니라 향후 필요한 지식 경험 기술 적극적 습득 미래 준비 꾸준히 발전한다 자신 자기개발 꾸준히 사람임 입증할 사례경험 근거 구체적 작성해 주시기 바랍니다 자신 지원한 분야 뛰어난 전문가 되기 기울 노력 대해 구체적 작성해 주시기 바랍니다
20,5,"[자기통제력] 대인관계, 과도한 업무량, 고난과 외압 등의 스트레스가 주어져도 자기감정을 조절하며 업무를 수행하고 중심을 유지한다. (A, B 중 택 1) A. 자신이 스트레스 상황에서도 자신의 감정을 잘 다스리는 사람임을 입증할 수 있는 사례(경험)와 그 근거를 구체적으로 작성해 주시기 바랍니다. B. 최근 3년 이내 스트레스 상황에 효과적으로 대처했던 경험에 대해 구체적으로 작성해 주시기 바랍니다.",자기통제력 대인관계 과도한 업무량 고난 외압 스트레스 주어져 자기감정 조절 업무 수행 중심 유지한다 자신 스트레스 상황에서 자신 감정 다스리 사람임 입증할 사례경험 근거 구체적 작성해 주시기 바랍니다 최근 3년 이내 스트레스 상황 효과적 대처했던 경험 대해 구체적 작성해 주시기 바랍니다
21,5,"[안전/위험관리] 위험이나 사고에 영향을 주는 상황들을 인식하고 사전에 이를 예방하기 위한 조치를 취한다. (A, B 중 택 1) A. 자신이 규정이나 기준을 잘 지키는 사람임을 입증할 수 있는 사례(경험)와 그 근거를 구체적으로 작성해 주시기 바랍니다. B. 최근 3년 이내 규정이나 기준을 지키기 어려운 상황임에도 불구하고, 그것을 지키기 위해 많은 노력을 기울였던 경험에 대해 구체적으로 작성해 주시기 바랍니다.",안전위험관리 위험 사고 영향 상황들 인식 사전 예방하기 조치 취한다 자신 규정 기준 지키 사람임 입증할 사례경험 근거 구체적 작성해 주시기 바랍니다 최근 3년 이내 규정 기준 지키기 어려운 상황임에 불구 그것 지키기 노력 기울였던 경험 대해 구체적 작성해 주시기 바랍니다
22,5,"조직 내에서 변화를 주도했던 경험을 (가), (나)에 맞춰 기술해 주시기 바랍니다. (가) 당시 진행했던 업무에 대해서 간략히 기술 (나) (가)로 인해 조직에 생긴 변화는 무엇이며, 한국동서발전에서 어떻게 활용될 수 있는지 기술 (모든 답변 500자 이내)",조직 변화 주도했던 경험 맞춰 기술해 주시기 바랍니다 당시 진행했던 업무 간략히 기술 인해 조직 생긴 변화 무엇 한국동서발전 어떻게 활용될 있는지 기술
23,5,"귀하가 한국동서발전에 지원하게 된 계기를 아래 (가), (나)의 내용에 맞춰 기술해 주시기 바랍니다. (가) 당사의 인재상과 본인이 얼마나 부합하는지를 기술 (나) 당사가 추진하는 주요 사업 중 가장 관심이 있는 분야와 본인이 어떤 부분에서 기여할 수 있을지를 구체적으로 기술",귀하 한국동서발전 지원하게 계기 아래 내용 맞춰 기술해 주시기 바랍니다 당사 인재상 본인 얼마 부합하는지 기술 당사 추진 주요 사업 가장 관심 분야 본인 어떤 부분 기여할 있을지 구체적 기술
24,5,"귀하가 생각하는 한국동서발전의 미래 성장성에 대해 (가), (나)에 맞춰 기술해 주시기 바랍니다. (가) 한국동서발전이 미래사업을 선도하기 위한 기술 또는 발전방향을 기술 (나) (가)를 실현하는 데 도움이 되는 본인의 기술 또는 전문성에 대해 기술",귀하 생각 한국동서발전 미래 성장성 대해 맞춰 기술해 주시기 바랍니다 한국동서발전 미래사업 선도하기 기술 발전방향 기술 실현 도움 본인 기술 전문성 대해 기술
25,5,"귀하가 자신의 전문성을 높이기 위해 노력한 것을 아래 (가), (나)의 내용에 맞춰 기술해 주시기 바랍니다. (가) 자신의 분야에서 뛰어난 전문가가 되기 위해 본인이 ‘노력한 것’ 기술 (나) 노력한 결과 본인이 얻게 된 것과 전문성을 더욱 높이기 위한 계획에 대해 기술",귀하 자신 전문성 높이기 노력한 아래 내용 맞춰 기술해 주시기 바랍니다 자신 분야 뛰어난 전문가 되기 본인 노력한 기술 노력한 본인 얻게 전문성 더욱 높이기 계획 대해 기술
26,5,"본인이 속한 조직의 위기 또는 갈등 상황을 협력하여 극복한 경험을 (가), (나)에 맞춰 기술해 주시기 바랍니다. (가) 당시의 위기 또는 갈등 상황에 대해 간략히 기술 (나) 위기 또는 갈등 상황이 발생했을 당시 본인이 어떻게 협력을 이끌어내 상황을 해결했는지에 대해 기술",본인 속한 조직 위기 갈등 상황 협력 극복한 경험 맞춰 기술해 주시기 바랍니다 당시 위기 갈등 상황 대해 간략히 기술 위기 갈등 상황 발생했 당시 본인 어떻게 협력 이끌어내 상황 해결했는지 대해 기술
27,5,"공공의 이익을 위해 자발적으로 노력한 경험에 대해 아래 (가), (나)의 내용에 맞춰 기술해 주시기 바랍니다. (가) 본인이 공공의 이익을 위해 노력하게 된 계기에 대해 기술 (나) 본인의 활동이 사회나 공동체에 어떠한 기여가 되는지 기술",공공 이익 자발적 노력한 경험 대해 아래 내용 맞춰 기술해 주시기 바랍니다 본인 공공 이익 노력하게 계기 대해 기술 본인 활동 사회 공동체 어떠한 기여 되는지 기술
28,5,[경력 및 경험 기술서] 귀하의 지원 분야와 관련된 경력 또는 경험에 대해서 기술해 주시기 바랍니다. 가) 경력 : 금전적 보수를 받고 수행한 활동 기술 나) 경험 : 금전적 보수를 받지 않고 수행한 활동 기술 (이 질문만 1000자 이내),경력 경험 기술서 귀하 지원 분야 관련된 경력 경험 기술해 주시기 바랍니다 경력 금전적 보수 받고 수행한 활동 기술 경험 금전적 보수 받지 수행한 활동 기술
29,5,최근 사회이슈 중 중요하다고 생각되는 한가지를 선택하고 이에 관한 자신의 견해를 기술해 주시기 바랍니다. (1000자 (영문작성 시 2000자) 이내),최근 사회이슈 중요하다고 생각되 한가지 선택 자신 견해 기술해 주시기 바랍니다 이내
30,5,최근 사회이슈 중 중요하다고 생각되는 한가지를 선택하고 이에 관한 자신의 견해를 기술해 주시기 바랍니다.,최근 사회이슈 중요하다고 생각되 한가지 선택 자신 견해 기술해 주시기 바랍니다
31,5,본인의 경험 중 다양한 배경과 생각을 가진 사람들과 의견을 조율하여 문제를 해결한 경험에 대해 기술해 주시기 바랍니다.,본인 경험 다양한 배경 생각 가진 사람들 의견 조율 문제 해결한 경험 대해 기술해 주시기 바랍니다
32,5,자신의 강점 한 가지를 바탕으로 희망 직무에서 발휘될 수 있는 성과에 대해 기술해 주시기 바랍니다.,자신 강점 가지 바탕 희망 직무 발휘될 성과 대해 기술해 주시기 바랍니다
33,5,지금까지 살아오면서 타인 또는 공동체를 위해 노력한 경험과 이를 통해 배운 점을 기술해 주시기 바랍니다. [공동체를 위한 솔선수범],지금 살아오면서 타인 공동체 노력한 경험 배운 기술해 주시기 바랍니다 공동체 솔선수범
34,5,어려운 환경이나 상황에 부딪혔을 때 이를 극복하기 위해 노력한 경험에 대하여 기술해 주시기 바랍니다.,어려운 환경 상황 부딪혔 극복하기 노력한 경험 기술해 주시기 바랍니다
35,5,"본인이 참여한 팀 활동 중 가장 기억에 남는 사례를 기술해 주세요. 각 팀원들의 역할, 과정에서 의견조율 등 어려웠던 점과 그를 극복하기 위해 어떤 노력을 기울였는지 등을 포함해 구체적으로 작성하여 주시기 바랍니다.",본인 참여한 활동 가장 기억 사례 기술해 팀원들 역할 과정 의견조율 어려웠던 극복하기 어떤 노력 기울였는지 포함해 구체적 작성 주시기 바랍니다
36,5,오리온에 지원한 사유와 회사에서 이루고 싶은 목표에 대해서 구체적으로 기술해 주시기 바랍니다.,오리온 지원한 사유 회사 이루고 목표 구체적 기술해 주시기 바랍니다
37,5,"공공기관의 직원에게 가장 강조되어야 하는 직업윤리는 무엇이라 생각하는 지와 현실과 타협하거나 편법을 사용하지 않고 원칙대로 일을 처리해서 좋은 결과를 이끌어냈던 구체적인 사례를 본인의 신념이나 가치관을 중심으로 기술하여 주시기 바랍니다. (1,200자)",공공기관 직원 가장 강조되어야 직업윤리 무엇이라 생각 현실 타협하거 편법 사용 원칙대 처리 결과 이끌어냈던 구체적인 사례 본인 신념 가치관 중심 기술 주시기 바랍니다
38,5,"최근 사회 및 조직에서 한정된 자원을 두고 세대간ㆍ집단간 경쟁하거나 갈등을 겪는 사례가 많습니다. 이러한 사례를 한가지 들고 어떠한 방법으로 갈등을 최소화하고 또한 해결 할 수 있을지 본인의 생각을 구체적으로 서술해 주시기 바랍니다. (1,200자)",최근 사회 조직 한정된 자원 두고 세대간집단간 경쟁하거 갈등 사례 이러한 사례 한가지 들고 어떠한 방법 갈등 최소화 또한 해결 있을지 본인 생각 구체적 서술해 주시기 바랍니다
39,5,"지금까지 가장 도전적인 목표를 정하고 노력한 경험(성공 또는 실패)이 있다면 작성하여 주십시오 또한 어떤 원인 때문에 성공 또는 실패했는지 구체적으로 작성해 주시기 바랍니다. (1,000자)",지금 가장 도전적인 목표 노력한 경험 있다면 작성 또한 어떤 원인 때문 성공 실패했는지 구체적 작성해 주시기 바랍니다
40,5,최근 사회이슈 중 중요하다고 생각되는 사항을 한가지 선택하고 이에 관한 자신의 견해를 기술해 주시기 바랍니다.,최근 사회이슈 중요하다고 생각되 사항 한가지 선택 자신 견해 기술해 주시기 바랍니다
41,5,도전적인 목표를 정하고 열정적으로 일을 추진했던 경험을 구체적으로 기술해 주시기 바랍니다.,도전적인 목표 열정적 추진했던 경험 구체적 기술해 주시기 바랍니다
42,5,"SPC그룹의 핵심가치(정직, 혁신, 협업) 중 한 가지를 선택하고 이를 발휘했던 경험에 대하여 기술하여 주시기 바랍니다.(최대 600자 입력가능)",SPC그룹 핵심가치 가지 선택 발휘했던 경험 기술 주시기 바랍니다
43,5,"동화의 핵심가치 '자율', '협업', '변혁' 중2가지를 선택하여 각각을 실천한 경험에 대해 작성해 주시기 바랍니다.",동화 핵심가치 자율 협업 변혁 중2가지 선택 각각 실천한 경험 대해 작성해 주시기 바랍니다
44,5,본인이 지원하는 직무에 적합하다고 생각하는 이유를 구체적으로 서술하여 주시기 바랍니다.,본인 지원 직무 적합하다고 생각 이유 구체적 서술 주시기 바랍니다
45,5,기본정보에 기재할 수 없었던 본인의 경험이나 강점을 자유롭게 서술하여 주시기 바랍니다.,기본정보 기재할 없었던 본인 경험 강점 자유롭게 서술 주시기 바랍니다
46,5,SGI서울보증에 지원한 동기와 입사 후 달성하고자 하는 목표에 대하여 기술하여 주시기 바랍니다.,SGI서울보증 지원한 동기 입사 달성하고자 목표 기술 주시기 바랍니다
47,5,"성장과정 중 어려움이 있었던 순간에 난관을 해결하는 과정에서 본인이 대처했던 행동과 그렇게 행동한 이유를 설명하고, 결과를 통해 스스로 발전했다고 생각하는 부분이 무엇인지 기술하여 주시기 바랍니다.",성장과정 어려움 있었던 순간 난관 해결 과정 본인 대처했던 행동 그렇게 행동한 이유 설명 결과 스스 발전했다고 생각 부분 무엇인지 기술 주시기 바랍니다
48,5,"SGI서울보증의 핵심가치[Customer(고객), Openness(소통), Responsibility(상생), Excellence(전문성)] 중 1가지를 선택하고, 이에 대해 본인이 SGI서울보증에 기여할 수 있는 방안을 기술하여 주시기 바랍니다. *핵심가치 세부사항 회사 홈페이지 참고",SGI서울보증 핵심가치Customer고객 Openness소통 Responsibility상생 Excellence전문성 1가지 선택 대해 본인 SGI서울보증 기여할 방안 기술 주시기 바랍니다 핵심가치 세부사항 회사 홈페 참고
49,5,일상 또는 업무수행 등에서 공동의 성과 창출을 위해 타인과 협업했었던 사례를 제시하고 해당 사례에서 본인이 어떠한 노력을 하였는지 기술하여 주시기 바랍니다.,일상 업무수행 공동 창출 타인 협업했었던 사례 제시 해당 사례 본인 어떠한 노력 하였는지 기술 주시기 바랍니다
50,5,"SGI서울보증의 경제적 기능과 사회적 역할 중 1가지를 선택하여 본인의 생각을 작성하고, 이를 강화하기 위해 SGI서울보증이 나아가야 할 방향을 기술하여 주시기 바랍니다.",SGI서울보증 경제적 기능 사회적 역할 1가지 선택 본인 생각 작성 강화하기 SGI서울보증 나아가야 방향 기술 주시기 바랍니다
51,5,"공직자로서 가장 중요한 가치 또는 덕목을 무엇이라고 생각하는지 작성하고, 그렇게 생각하는 이유를 본인의 학교 또는 사회생활의 경험을 기반으로 작성하여 주시기 바랍니다. (1000자)",공직자로서 가장 중요한 가치 덕목 무엇이라고 생각하는지 작성 그렇게 생각 이유 본인 학교 사회생활 경험 기반 작성 주시기 바랍니다
52,5,학교나 조직생활에서 구성원들과의 협동을 통해 좋은 결과를 냈던 경험을 기술해 주시기 바랍니다.,학교 조직생활 구성원들과 협동 결과 냈던 경험 기술해 주시기 바랍니다
53,5,귀하가 회사를 선택하는 기준은 무엇입니까? 그리고 아성다이소가 그러한 기준에 어떻게 부합하는지 기술해 주시기 바랍니다. (700자 이내),귀하 회사 선택 기준 무엇입니까 그리고 아성다이소 그러한 기준 어떻게 부합하는지 기술해 주시기 바랍니다
54,5,"기존의 현상을 개선함으로써 조직의 성과를 조금이라도 향상시켰던 경험에 대하여 기술해 주시기 바랍니다. 1) 기존의 현상을 개선한 경험과, 그러한 개선과 변화가 필요했던 이유는 무엇입니까? 2) 그 과정에서 귀하에게 처한 어려움과 장애는 무엇이었으며, 어떻게 극복하였습니까? 3) 개선의 결과는 어떻게 나타났으며, 이러한 경험을 통해 느낀 점은 무엇입니까? (1,000자 이내)",기존 현상 개선함으로써 조직 성과 조금 향상시켰던 경험 기술해 주시기 바랍니다 기존 현상 개선한 경험 그러한 개선 변화 필요했던 이유 무엇입니까 과정 귀하 처한 어려움 장애 무엇이었으며 어떻게 극복하였습니까 개선 결과 어떻게 나타났으며 이러한 경험 느낀 무엇입니까
55,5,성격의 장점과 단점을 기술해 주시기 바랍니다. 입사 후 장점은 어떻게 활용하고 단점은 어떻게 보완할 수 있는지 간략히 기술해 주십시오. (500자 이내),성격 장점 단점 기술해 주시기 바랍니다 입사 장점 어떻게 활용 단점 어떻게 보완할 있는지 간략히 기술해
56,5,입사 후 아성다이소 내에서 이루고 싶은 최종목표는 무엇입니까? 그리고 목표달성을 위한 실천계획을 구체적으로 설명해 주시기 바랍니다. (800자 이내),입사 아성다이소 이루고 최종목표 무엇입니까 그리고 목표달성 실천계획 구체적 설명해 주시기 바랍니다
57,5,해당회사 및 직무에 지원하는 동기에 대해 기술해 주시기 바랍니다.,해당회사 직무 지원 동기 대해 기술해 주시기 바랍니다
58,5,약속과 원칙을 지켜 신뢰를 형성하거나 지킨 경험에 대해 구체적으로 기술해주시기 바랍니다(500자) * 당시 상황에 대해 구체적으로 기술하여 주시기 바랍니다 * 약속과 원칙을 지키기 위해 어떤 노력을 하였으며 그 이유는 무엇입니까? * 그 일을 계기로 본인에게 생긴 변화 또는 느낀 점은 무엇입니까?,약속 원칙 지켜 신뢰 형성하거 지킨 경험 대해 구체적 기술해주시기 바랍니다500자 당시 상황 대해 구체적 기술 주시기 바랍니다 약속 원칙 지키기 어떤 노력 하였으며 이유 무엇입니까 계기 본인 생긴 변화 느낀 무엇입니까
59,5,최근 사회이슈 중 중요하다고 생각되는 한가지를 선택하고 이에 관한 자신의 견해를 기술해 주시기 바랍니다(1000자),최근 사회이슈 중요하다고 생각되 한가지 선택 자신 견해 기술해 주시기 바랍니다
60,5,(관련분야 이해도) 최근 에너지분야 이슈 중 중요하다고 생각되는 한가지를 선택하고 이에 관한 자신의 견해를 기술해 주시기 바랍니다. (500자),최근 에너지분야 이슈 중요하다고 생각되 한가지 선택 자신 견해 기술해 주시기 바랍니다 500자
61,5,"지원자 본인이 본 영화나 읽은 책 속 인물 중 자신과 가장 비슷하다고 생각되는 인물은 누구이며, 성장배경, 성격, 행동 등 어떤 점에서 비슷하다고 생각하는지 구체적으로 작성하여 주시기 바랍니다. (*영화/소설 속 허구 인물만 가능)(700자)",지원자 본인 영화 인물 자신 가장 비슷하다고 생각되 인물 누구 성장배경 성격 행동 어떤 비슷하다고 생각하는지 구체적 작성 주시기 바랍니다 700자
62,5,지원 직무 관련 담당자가 반드시 갖춰야할 자세와 역량에 대해 기술하여 주시기 바랍니다. 이와 관련하여 지원자 본인은 어떠한 강점이 있는지도 함께 서술하여 주시기 바랍니다.(700자),지원 직무 담당자 반드시 갖춰야할 자세 역량 대해 기술 주시기 바랍니다 관련 지원자 본인 어떠한 강점 있는지 서술 주시기 바랍니다700자
63,5,새로운 환경 속에서 어려움을 극복하고 성과를 달성한 경험에 대해 작성해 주시기 바랍니다. (700자),새로운 환경 어려움 극복 성과 달성한 경험 대해 작성해 주시기 바랍니다 700자
64,5,"조직 내에서 변화를 주도했던 경험을 (가), (나)에 맞춰 기술해 주시기 바랍니다. (가) 당시 진행했던 업무에 대해서 간략히 기술 (나) (가)로 인해 조직에 생긴 변화는 무엇이며, 한국동서발전에서 어떻게 활용될 수 있는지 기술",조직 변화 주도했던 경험 맞춰 기술해 주시기 바랍니다 당시 진행했던 업무 간략히 기술 인해 조직 생긴 변화 무엇 한국동서발전 어떻게 활용될 있는지 기술
65,5,"귀하가 한국동서발전에 지원하게된 계기를 아래 (가), (나)의 내용에 맞춰 기술해 주시기 바랍니다. (가) 당사의 인재상과 본인이 얼마나 부합하는지를 기술 (나) 당사가 추진하는 주요 사업 중 가장 관심이 있는 분야와 본인이 어떤 부분에서 기여할 수 있을지를 구체적으로 기술",귀하 한국동서발전 지원하게된 계기 아래 내용 맞춰 기술해 주시기 바랍니다 당사 인재상 본인 얼마 부합하는지 기술 당사 추진 주요 사업 가장 관심 분야 본인 어떤 부분 기여할 있을지 구체적 기술
66,5,"귀하가 생각하는 한국동서발전의 미래성장성에 대해 (가), (나)에 맞춰 기술해 주시기 바랍니다. (가) 한국동서발전이 미래사업을 선도하기 위한 기술 또는 발전방향을 기술 (나) (가)를 실현하는데 도움이 되는 본인의 기술 또는 전문성에 대해 기술",귀하 생각 한국동서발전 미래성장성 대해 맞춰 기술해 주시기 바랍니다 한국동서발전 미래사업 선도하기 기술 발전방향 기술 실현하는데 도움 본인 기술 전문성 대해 기술
67,5,"귀하가 자신의 전문성을 높이기 위해 노력한 것을 아래 (가), (나)의 내용에 맞춰 기술해 주시기 바랍니다. (가) 자신의 분야에서 뛰어난 전문가가 되기 위해 본인이 ‘노력한 것’기술 (나) 노력한 결과 본인이 얻게된 것과 전문성을 더욱 높이기 위한 계획에 대해 기술",귀하 자신 전문성 높이기 노력한 아래 내용 맞춰 기술해 주시기 바랍니다 자신 분야 뛰어난 전문가 되기 본인 노력한 것기술 노력한 본인 얻게된 전문성 더욱 높이기 계획 대해 기술
68,5,"본인이 속한 조직의 위기 또는 갈등상황을 협력하여 극복한 경험을 (가), (나)에 맞춰 기술해 주시기 바랍니다. (가) 당시의 위기 또는 갈등상황에 대해 간략히 기술 (나) 위기 또는 갈등상황이 발생했을 당시 본인이 어떻게 협력을 이끌어내 상황을 해결했는지에 대해 기술",본인 속한 조직 위기 갈등상황 협력 극복한 경험 맞춰 기술해 주시기 바랍니다 당시 위기 갈등상황 대해 간략히 기술 위기 갈등상황 발생했 당시 본인 어떻게 협력 이끌어내 상황 해결했는지 대해 기술
69,5,"본인의 학교생활, 동아리, 동호회 등 조직 내 일원으로서 동료들과 협력하여 어려움을 극복하고 성과를 달성하기 위해 노력했던 경험에 대해 기술해 주시기 바랍니다.",본인 학교생활 동아리 동호회 조직 일원으로서 동료들 협력 어려움 극복 성과 달성하기 노력했던 경험 대해 기술해 주시기 바랍니다
70,5,약속과 원칙을 지켜 신뢰를 형성하거나 지킨 경험에 대해 구체적으로 기술해 주시기 바랍니다.,약속 원칙 지켜 신뢰 형성하거 지킨 경험 대해 구체적 기술해 주시기 바랍니다
71,5,최근 사회이슈 중 중요하다고 생각되는 한가지를 선택하고 이에 관한 자신의 견해를 기술해 주시기 바랍니다. [1000자 이내 (영문작성 시 2000자)],최근 사회이슈 중요하다고 생각되 한가지 선택 자신 견해 기술해 주시기 바랍니다
72,5,"본인의 경험 중 다양한 배경, 생각을 가진 사람들과 협업하여 문제를 해결한 경험에 대해 기술해 주시기 바랍니다. [1000자 이내 (영문작성 시 2000자)]",본인 경험 다양한 배경 생각 가진 사람들 협업 문제 해결한 경험 대해 기술해 주시기 바랍니다
73,5,"[경력 및 경험기술서]입사지원서에 기술한 경력 및 경험사항에 대해 상세히 기술해 주시기 바랍니다. - 구체적으로 직무영역, 활동/경험/수행 내용, 본인의 역할 및 구체적 행동, 주요 성과에 대해 작성해주시기 바랍니다. * [1000자 이내]",경력 경험기술서입사지원서 기술한 경력 경험사항 대해 상세히 기술해 주시기 바랍니다 구체적 직무영역 활동경험수행 내용 본인 역할 구체적 행동 주요 성과 대해 작성해주시기 바랍니다
74,5,지원한 직무에 대한 역량을 키우기 위하여 노력한 경험에 대하여 서술해 주시기 바랍니다,지원한 직무 역량 키우기 노력한 경험 서술해 주시기 바랍니다
75,5,가장 어려웠던 상황 또는 가장 도전적인 목표에 직면했던 사례와 이를 극복했던 경험을 서술해 주시기 바랍니다.,가장 어려웠던 상황 가장 도전적인 목표 직면했던 사례 극복했던 경험 서술해 주시기 바랍니다
76,5,"캠코에 지원하게 된 동기와 희망직무 및 포부에 대해 기술해 주시기 바랍니다. 1) 캠코에 지원하게 된 동기와 캠코가 귀하를 채용해야 하는 이유 에 대해 기술해 주시기 바랍니다. * 캠코 인재상 : 포용하고 존중하는 인재, 미래에 도전하는 인재, 전문성을 갖춘 인재(300자 이상 ~ 500자 이내)",캠코 지원하게 동기 희망직무 포부 대해 기술해 주시기 바랍니다 캠코 지원하게 동기 캠코 귀하 채용 이유 대해 기술해 주시기 바랍니다 캠코 인재상 포용 존중 인재 미래 도전 인재 전문성 갖춘 인재
77,5,"지원분야(직무)와 관련된 경험 또는 경력 중 귀하에게 주어진 역할을 명확히 이해하고 최선을 다하여 소기의 성과를 낸 사항에 대해 역할 ? 행동 - 성과를 중심으로 구체적으로 기술해 주시기 바랍니다. (400자 이상 ~ 700자 이내) - 경험은 일정한 보수를 받지 않고 일했던 내용(동아리, 봉사활동, 공모전 등)이며, 경력은 일정한 보수를 받고 일했던 사항을 의미합니다. - 경험 또는 경력사항에 기재하지 않았더라도 지원 분야와 직접적으로 관련되었거나 직접 관련되지 않았더라도 관련성을 납득할 수 있도록 기술하면 모두 인정 됩니다.(본인이 생각하는 중요도 순으로 기술)",지원분야직무 관련된 경험 경력 귀하 주어진 역할 명확히 이해 최선 소기 성과 사항 대해 역할 행동 성과 중심 구체적 기술해 주시기 바랍니다 경험 일정한 보수 받지 일했던 내용 경력 일정한 보수 받고 일했던 사항 의미 경험 경력사항 기재 않았더 지원 분야 직접적 관련되었거 직접 관련되지 않았더 관련성 납득할 있도록 기술 모두 인정
78,5,공공기관 직원으로서 직업윤리가 왜 중요한지 귀하의 가치관 또는 경험을 토대로 기술해 주시기 바랍니다. 1) 공공기관 직원으로서 직업윤리가 중요한 이유에 대해 작성해 주십시오. (250자 이상 ~ 400자 이내),공공기관 직원으로서 직업윤리 중요한지 귀하 가치관 경험 토대 기술해 주시기 바랍니다 공공기관 직원으로서 직업윤리 중요한 이유 대해 작성해
79,5,"본인이 소속된 조직(학교,동아리 등)에서 타인을 만족시키기 위해 본인이 맡은 역할 이상으로 노력했던 경험에 대하여 그렇게 노력한 이유와 행동, 결과를 포함하여 구체적으로 기술해 주시기 바랍니다.",본인 소속된 조직 타인 만족시키기 본인 역할 이상 노력했던 경험 그렇게 노력한 이유 행동 결과 포함 구체적 기술해 주시기 바랍니다
80,5,"스스로 생각할 때 본인이 타인보다 높은 수준의 도덕성을 가졌다고 생각했던 경험에 대해 당시 상황과 행동, 그렇게 생각한 이유를 포함하여 구체적으로 기술해 주시기 바랍니다.",스스 생각할 본인 타인 수준 도덕성 가졌다고 생각했던 경험 대해 당시 상황 행동 그렇게 생각한 이유 포함 구체적 기술해 주시기 바랍니다
81,5,더 좋은 성과를 내기 위해 본인이 주도적으로 어떤 것을 개선해본 경험에 대하여 개선을 위해 가장 중요하게 고려했던 점과 결과를 포함해 구체적으로 기술해 주시기 바랍니다.,성과 내기 본인 주도적 어떤 개선해본 경험 개선 가장 중요하게 고려했던 결과 포함해 구체적 기술해 주시기 바랍니다
82,5,"어떤 과제를 수행함에 있어 다양한 대안을 두고 고민했던 경험에 대해 당시 상황과 고민한 이유, 대안을 선정하기 위해 고려했던 점을 포함하여 구체적으로 기술해 주시기 바랍니다.",어떤 과제 수행함 있어 다양한 대안 두고 고민했던 경험 대해 당시 상황 고민한 이유 대안 선정하기 고려했던 포함 구체적 기술해 주시기 바랍니다
83,5,- 직장인으로서의 직업윤리가 왜 중요한지 본인의 가치관을 중심으로 설명해 주시기 바랍니다.,직장인으로서 직업윤리 중요한지 본인 가치관 중심 설명해 주시기 바랍니다
84,5,다른 사람들과 상호 협력하여 남다른 성과를 도출했던 구체적인 사례를 들어 주시고 그 과정에서 얻은 것에 대해 기술해 주시기 바랍니다.,다른 사람들 상호 협력 남다른 성과 도출했던 구체적인 사례 들어 주시고 과정 대해 기술해 주시기 바랍니다
85,5,"- 한국에너지정보문화재단의 고객은 누구이며, 그 고객을 위해 자신이 해야 할 일에 대해 기술해 주시기 바랍니다.",한국에너지정보문화재단 고객 누구 고객 자신 대해 기술해 주시기 바랍니다
86,5,자유롭게 본인을 소개해주시기 바랍니다.,자유롭게 본인 소개해주시기 바랍니다
87,5,높은 목표를 달성하기 위해 다각도로 노력했던 경험에 대해 작성해 주시기 바랍니다.,목표 달성하기 다각도 노력했던 경험 대해 작성해 주시기 바랍니다
88,5,남들과는 다른 방식으로 문제를 해결한 경험에 대해 작성해 주시기 바랍니다.,남들과 다른 방식 문제 해결한 경험 대해 작성해 주시기 바랍니다
89,5,다양한 Global(해외) 문화를 이해하고 수용했던 경험에 대해 작성해 주시기 바랍니다.,다양한 Global해외 문화 이해 수용했던 경험 대해 작성해 주시기 바랍니다
90,5,"자유 양식으로 작성하시기 바랍니다. (최소 3,000자)",자유 양식 작성하시기 바랍니다
91,5,지원 분야와 관련한 직무역량을 키우기 위해 노력한 경험(직무관련 교육 또는 경험사항)에 대해 구체적으로 기술해 주시기 바랍니다.,지원 분야 관련한 직무역량 키우기 노력한 경험 대해 구체적 기술해 주시기 바랍니다
92,5,본인의 성장 배경에 대하여 소개하여 주시기 바랍니다.* [100자 이상 500자 이내],본인 성장 배경 소개 주시기 바랍니다
93,5,본인이 이 직무에 적합하다고 생각하는 이유에 대하여 기재하여 주시기 바랍니다.* [100자 이상 700자 이내],본인 직무 적합하다고 생각 이유 기재 주시기 바랍니다
94,5,"성격 상의 장점 및 단점, 특기 - 중요 내용 위주로 간략하게 기술하여 주시기 바랍니다.",성격 장점 단점 특기 중요 내용 위주 간략하게 기술 주시기 바랍니다
95,5,최근 사회이슈 중 중요하다고 생각되는 사항을 한가지 선택하고 이에 관한 자신의 견해를 기술해 주시기 바랍니다. (200-800자),최근 사회이슈 중요하다고 생각되 사항 한가지 선택 자신 견해 기술해 주시기 바랍니다
96,5,본인을 3가지 해시태그로 표현해 주시기 바랍니다.,본인 3가지 해시태그 표현해 주시기 바랍니다
97,5,LS엠트론 및 해당 직무에 지원하게 된 동기에 대하여 기술해 주시기 바랍니다.,LS엠트론 해당 직무 지원하게 동기 기술해 주시기 바랍니다
98,5,지원 직무를 수행하기 위해 그동안 어떤 노력과 경험을 해왔는지 기술해 주시기 바랍니다.,지원 직무 수행하기 그동안 어떤 노력 경험 해왔는지 기술해 주시기 바랍니다
99,5,"LS엠트론의 핵심가치(주인의식, 기술선도, 청년정신) 중 자신이 가장 중요하게 생각하는 가치는 무엇이며, 해당 가치를 실천한 사례를 기술해 주시기 바랍니다.",LS엠트론 핵심가치 자신 가장 중요하게 생각 가치 무엇 해당 가치 실천한 사례 기술해 주시기 바랍니다
100,5,자기 자신을 자유로운 형식으로 소개해주시기 바랍니다.,자기 자신 자유로운 형식 소개해주시기 바랍니다
101,5,"SK가스를 지원하게 된 이유와 본인의 커리어 목표를 구체적으로 설명하여 주시기 바랍니다. (최소 100자, 최대 2,000자 입력가능",SK가스 지원하게 이유 본인 커리어 목표 구체적 설명 주시기 바랍니다 최소 100자 최대 2000자 입력가능
102,5,"* 본인 및 가족의 신상이 특정될 수 있는 사항의 기재를 금지하며, 미준수 시 불이익을 받을 수 있으니 유의하시기 바랍니다. SGI서울보증에 지원한 동기와 입사 후 달성하고자 하는 목표에 대하여 기술하여 주시기 바랍니다.",본인 가족 신상 특정될 사항 기재 금지 미준수 불이익 있으니 유의하시기 바랍니다 SGI서울보증 지원한 동기 입사 달성하고자 목표 기술 주시기 바랍니다
103,5,해당회사 및 직무에 지원하는 동기에 대해 기술해 주시기 바랍니다,해당회사 직무 지원 동기 대해 기술해 주시기 바랍니다
104,5,"본인이 강점을 가진 역량은 무엇이며, 이러한 역량을 활용하여 SGI서울보증의 어떠한 업무에 기여할 수 있는지 기술하여 주시기 바랍니다.",본인 강점 가진 역량 무엇 이러한 역량 활용 SGI서울보증 어떠한 업무 기여할 있는지 기술 주시기 바랍니다
105,5,일상 또는 업무수행 등에서 공동의 성과 창출을 위해 타인과 협업했었던 사례를 제시하고 이를 달성하기 위해 본인이 어떠한 노력을 하였는지 기술하여 주시기 바랍니다.,일상 업무수행 공동 창출 타인 협업했었던 사례 제시 달성하기 본인 어떠한 노력 하였는지 기술 주시기 바랍니다
106,5,SGI서울보증 핵심전략 중 1가지를 선택하여 이를 통해 SGI서울보증이 고객서비스 개선에 기여할 수 있는 방안을 기술하여 주시기 바랍니다.,SGI서울보증 핵심전략 1가지 선택 SGI서울보증 고객서비스 개선 기여할 방안 기술 주시기 바랍니다
107,5,"[역량기술서] - 입사지원서에 기술한 경력, 경험 사항에 대해 상세히 기술하여 주시기 바랍니다. - 경력의 경우 직무영역, 본인이 수행한 활동내용, 본인의 역할 및 구체적 행동, 주요 성과에 대해 작성하여 주시기 바랍니다. - 경험의 경우 본인이 수행한 활동내용, 소속 조직이나 활동에서 본인의 역할, 활동 결과에 대해 작성하여 주시기 바랍니다. * 본인의 신상이 드러나는 사항의 기재를 금지하며 미준수 시 불이익을 받을 수 있습니다. 단, 본인의 경력 내지 경험사항 기술을 위한 본인 근무 직장명을 기재하는 것은 허용합니다. ■ 경력·경험 기술서 (최대 1,000자 입력가능)",역량기술서 입사지원서 기술한 경력 경험 사항 대해 상세히 기술 주시기 바랍니다 경력 경우 직무영역 본인 수행한 활동내용 본인 역할 구체적 행동 주요 성과 대해 작성 주시기 바랍니다 경험 경우 본인 수행한 활동내용 소속 조직 활동 본인 역할 활동 결과 대해 작성 주시기 바랍니다 본인 신상 드러나 사항 기재 금지 미준수 불이익 본인 경력 내지 경험사항 기술 본인 근무 직장명 기재 허용 경력경험 기술서
108,5,"본인의 성격 유형 또는 실패, 위기에 직면했을 때 어떻게 극복했는지 서술하여 주시기 바랍니다.",본인 성격 유형 실패 위기 직면했 어떻게 극복했는지 서술 주시기 바랍니다
109,5,본인 소개와 코웨이 입사 지원 이유에 대해서 서술해 주시기 바랍니다. (최대 800자 입력가능),본인 소개 코웨 입사 지원 이유 서술해 주시기 바랍니다
110,5,"코웨이 신입사원 인재상(직무기술서 참조) 중 본인에게 가장 부합하는 역량 2가지와 그와 관련된 경험을 서술해 주시기 바랍니다. (최대 1,000자 입력가능)",코웨 신입사원 인재상 본인 가장 부합 역량 2가지 관련된 경험 서술해 주시기 바랍니다
111,5,"지원 분야의 요구 역량(직무기술서 참조)에 대해 본인이 적합하다고 판단할 수 있는 근거를 기반으로 서술해 주시기 바랍니다. (최대 1,000자 입력가능)",지원 분야 요구 역량 대해 본인 적합하다고 판단할 근거 기반 서술해 주시기 바랍니다
112,5,직무 관련 경험 중 협업을 통해 성과를 낸 사례와 그 과정에서 본인이 기여한 부분을 서술해 주시기 바랍니다. (최대 800자 입력가능),직무 경험 협업 성과 사례 과정 본인 기여한 부분 서술해 주시기 바랍니다
113,5,"[경력 및 경험기술서] 블라인드 채용과 관련 유의사항: 출신학교명이나 지도교수님 성함 등을 기입시 부적격 처리 / 출신학교 부속병원 에서 근무 또는 출신대학교에서 근무하는 경우 OO대학교, OO대학교 부속병원, 등 으로 기입 바랍니다 / 출신학교 병원(직장)이 아니면 실제 상호명 기입 가능합니다.",경력 경험기술서 블라인드 채용 유의사항 출신학교명 지도교수님 성함 기입시 부적격 처리 출신학교 부속병원 근무 출신대학교 근무 경우 OO대학교 OO대학교 부속병원 기입 바랍니다 출신학교 병원직장 아니면 실제 상호명 기입 가능
114,5,2. 지원한 직무에 대한 역량을 키우기 위하여 노력한 경험에 대하여 서술해 주시기 바랍니다.,지원한 직무 역량 키우기 노력한 경험 서술해 주시기 바랍니다
115,5,3. 가장 어려웠던 상황 또는 가장 도전적인 목표에 직면했던 사례와 이를 극복했던 경험을 서술해 주시기 바랍니다.,가장 어려웠던 상황 가장 도전적인 목표 직면했던 사례 극복했던 경험 서술해 주시기 바랍니다
116,5,매일유업에서의 10년 후 자신의 모습을 지원 동기를 포함하여 구체적으로 작성해 주시기 바랍니다.,매일유업에서 10년 자신 모습 지원 동기 포함 구체적 작성해 주시기 바랍니다
117,5,[인 성] 본인은 다른 사람들에게 어떤 사람이라고 평가받고 싶은지와 그 이유에 대하여 기술해 주시기 바랍니다. 다른 사람들과의 팀웍/협력/존중을 바탕으로 좋은 결과를 얻을 수 있었던 경험에 대해 기술해 주시기 바랍니다.,본인 다른 사람들 어떤 사람이라고 평가받고 싶은지 이유 기술해 주시기 바랍니다 다른 사람들과 팀웍협력존중 바탕 결과 있었던 경험 대해 기술해 주시기 바랍니다
118,5,[역 량] 본인은 주도적이고 변화를 추구하는 스타일인지 아니면 주어진 일을 충실히 수행하는 실무형 인지 구체적인 사례를 들어 기술해 주시기 바랍니다.기존에 시도하지 않았던 새로운 일에 도전해 강한 열정과 노력을 바탕으로 목표를 달성할 수 있었던 경험에 대해 기술해 주시기 바랍니다.,본인 주도적 변화 추구 스타일인지 아니면 주어진 충실히 수행 실무형 인지 구체적인 사례 들어 기술해 주시기 바랍니다기존 시도 않았던 새로운 도전해 강한 열정 노력 바탕 목표 달성할 있었던 경험 대해 기술해 주시기 바랍니다
119,5,[지원동기 및 기타사항] 본인이 전문건설공제조합에 필요한 이유 및 지원분야에 적합한 이유에 대해 관련 경력이나 경험 및 활동을 중심으로 기술해 주시기 바랍니다.,지원동기 기타사항 본인 전문건설공제조합 필요한 이유 지원분야 적합한 이유 대해 경력 경험 활동 중심 기술해 주시기 바랍니다
120,5,최근 사회이슈 중 중요하다고 생각되는 한가지를 선택하고 이에 관한 자신의 견해를 기술해 주시기 바랍니다.(영문작성 시 2000자) 이내,최근 사회이슈 중요하다고 생각되 한가지 선택 자신 견해 기술해 주시기 바랍니다 이내
121,5,"프로그램 개발, 알고리즘 풀이 등 SW개발 관련 경험 중 가장 어려웠던 경험과 해결방안에 대해 구체적으로 서술하여 주시기 바랍니다. 1000자 (영문작성 시 2000자) 이내",프로그램 개발 알고리즘 SW개발 경험 가장 어려웠던 경험 해결방안 대해 구체적 서술 주시기 바랍니다
122,5,"'종합 디벨로퍼'와 관련된 사회이슈 중 중요하다고 생각되는 한 가지를 선택하고, 이에 관한 자신의 견해를 기술해 주시기 바랍니다. '와 관련된 사회이슈에 대해 자신의 견해를 기술해주시기 바랍니다.)",종합 디벨로퍼 관련된 사회이슈 중요하다고 생각되 가지 선택 자신 견해 기술해 주시기 바랍니다 관련된 사회이슈 대해 자신 견해 기술해주시기 바랍니다
123,5,상기 항목에 포함되지 않은 하고 싶은 말이 있다면 기술해 주시기 바랍니다.,상기 항목 포함되지 있다면 기술해 주시기 바랍니다
124,5,"다음 제시되는 단어를 자유롭게 활용하여, 본인이 인생에서 가장 중요하게 생각하는 가치관과 그와 관련한 경험을 작성해 주시기 바랍니다",다음 제시되 단어 자유롭게 활용 본인 인생 가장 중요하게 생각 가치관 관련한 경험 작성해 주시기 바랍니다
125,5,"본인의 인생계획(Life Plan)에서 이루고 싶은 장기적인 커리어 목표는 무엇인지, 그리고 그 목표를 이루기 위한 10년간의 계획을 작성해 주시기 바랍니다.",본인 인생계획 이루고 장기적인 커리어 목표 무엇인지 그리고 목표 이루기 10년간 계획 작성해 주시기 바랍니다
126,5,지원 분야를 선택하게 된 배경과 본인만의 차별화된 강점과 경험을 기재하여 주시기 바랍니다. (500~700자),지원 분야 선택하게 배경 본인만 차별화된 강점 경험 기재 주시기 바랍니다
127,5,"도전적인 목표를 수립하여 끈기 있고, 열정적으로 추진했던 경험을 구체적으로 기재하여 주시기 바랍니다. (500~700자)",도전적인 목표 수립 끈기 열정적 추진했던 경험 구체적 기재 주시기 바랍니다
128,5,"본인의 강점을 발휘하여 노력한 경험(실패 또는 성공)에 대해 구체적으로 기술하여 주시기 바라며, 실패 또는 성공의 원인을 구체적으로 기재하여 주시기 바랍니다. (500~700자)",본인 강점 발휘 노력한 경험 대해 구체적 기술 주시기 바라며 실패 성공 원인 구체적 기재 주시기 바랍니다
129,5,입사 후 회사에서 이루고 싶은 목표나 꿈을 기재하여 주시기 바랍니다. (500~700자),입사 회사 이루고 목표 기재 주시기 바랍니다
130,5,본인의 전공능력이 지원한 직무에 적합한 사유를 구체적 사례를 들어 기술해 주시기 바랍니다.,본인 전공능력 지원한 직무 적합한 사유 구체적 사례 들어 기술해 주시기 바랍니다
131,5,최근 3년 이내에 본인이 소속했던 조직에서 타인과 협업을 통해 성과를 창출한 사례를 구체적으로 작성하여 주시기 바랍니다.,최근 3년 이내 본인 소속했던 조직 타인 협업 성과 창출한 사례 구체적 작성 주시기 바랍니다
132,5,본인이 속했던 조직에서 원칙이나 규율을 준수함으로써 타인의 신뢰를 얻었던 경험을 구체적으로 작성하여 주시기 바랍니다.,본인 속했던 조직 원칙 규율 준수함으로써 타인 신뢰 얻었던 경험 구체적 작성 주시기 바랍니다
133,5,최근 사회이슈 중 중요하다고 생각되는 한 가지를 선택하고 이에 관한 자신의 견해를 기술해 주시기 바랍니다. (1000자(영문작성 시 2000자) 이내),최근 사회이슈 중요하다고 생각되 가지 선택 자신 견해 기술해 주시기 바랍니다 이내
134,5,본인의 지원분야와 관련된 경력 또는 경험을 바탕으로 연구소 입소 후 기여방안에 대하여 구체적으로 기술해 주시기 바랍니다. 요약 답변(300자 이내),본인 지원분야 관련된 경력 경험 바탕 연구소 입소 기여방안 구체적 기술해 주시기 바랍니다 요약 답변
135,5,"서금원 직무와 관련한 본인만의 전문성을 한 가지 제시하고, 그것을 개발하기 위해 노력한 경험 및 활동 등을 서술해 주시기 바랍니다. (최대 800자 입력가능)",서금원 직무 관련한 본인만 전문성 가지 제시 그것 개발하기 노력한 경험 활동 서술해 주시기 바랍니다
136,5,"방송문화진흥회 업무와 본인이 수행한 활동 또는 학교(직업) 교육과의 관련성에 대해 기술하고, 그 활동 등을 통해서 어떤 성취를 이루었는지 설명해 주시기 바랍니다.",방송문화진흥회 업무 본인 수행한 활동 학교직업 교육과 관련성 대해 기술 활동 어떤 성취 이루었는지 설명해 주시기 바랍니다
137,5,"부당하거나 불합리한 지시에 대한 대응 경험, 구성원과의 이견이 발생 시 이를 해결한 경험과 상대방을 설득하기 위한 자신만의 방식을 기술해 주시기 바랍니다.",부당하거 불합리한 지시 대응 경험 구성원과 이견 발생 해결한 경험 상대방 설득하기 자신만 방식 기술해 주시기 바랍니다
138,5,"본인의 강점과 약점에 대한 객관적인 평가와 강점을 극대화 하고, 약점을 극복하기 위해 노력했던 경험을 기술해 주시기 바랍니다.",본인 강점 약점 객관적인 평가 강점 극대화 약점 극복하기 노력했던 경험 기술해 주시기 바랍니다
139,5,공공기관 직원과 사기업 직원과의 차이점을 기술하고 본인이 공공기관 직원으로 적임이라고 생각하는 이유를 설명해 주시기 바랍니다.,공공기관 직원 사기업 직원과 차이점 기술 본인 공공기관 직원 적임이라고 생각 이유 설명해 주시기 바랍니다
140,5,타인과의 협상 과정에서 서로 WIN-WIN하기 위한 방법은 무엇이라고 생각하는지 본인의 사례를 통해 설명해 주시기 바랍니다.,타인과 협상 과정 WINWIN하기 방법 무엇이라고 생각하는지 본인 사례 설명해 주시기 바랍니다
141,5,지금까지 가장 열정적/혁신적으로 임하여 성과를 이룬 경험과 그 과정에서 배운 교훈을 기술해 주시기 바랍니다.,지금 가장 열정적혁신적 성과 이룬 경험 과정 배운 교훈 기술해 주시기 바랍니다
142,5,본인이 생각하는 D&O 사업 성장에 가장 중요한 요인은 무엇이며 이를 위해 지원 직무에서 본인이 기여할 수 있는 부분을 기술하여 주시기 바랍니다.,본인 생각 DO 사업 성장 가장 중요한 요인 무엇 지원 직무 본인 기여할 부분 기술 주시기 바랍니다
143,5,본인이 생각하는 본인만의 차별화된 역량은 무엇이며 지금까지 해당 역량을 개발하기 위해 수행한 활동들을 구체적 사례 중심으로 기술해 주시기 바랍니다.,본인 생각 본인만 차별화된 역량 무엇 지금 해당 역량 개발하기 수행한 활동들 구체적 사례 중심 기술해 주시기 바랍니다
144,5,최근 사회이슈 중 중요하다고 생각되는 한 가지를 선택하고 이에 관한 자신의 견해를 기술해 주시기 바랍니다.,최근 사회이슈 중요하다고 생각되 가지 선택 자신 견해 기술해 주시기 바랍니다
145,5,"지원동기 및 지원하신 직무를 잘 수행할 수 있는 이유, 직무 또는 연구분야에 대한 본인의 강점과 성과, 입사 후 자신의 경력목표 등에 대해 자유롭게 기술해 주시기 바랍니다. (최소 500자)",지원동기 지원하신 직무 수행할 이유 직무 연구분야 본인 강점 입사 자신 경력목표 대해 자유롭게 기술해 주시기 바랍니다
146,5,자신이 진행한 연구 및 프로젝트 또는 응시분야와 관련한 기타 경험을 요약하여 간단히 작성해 주시기 바랍니다. (최소 500자),자신 진행한 연구 프로젝트 응시분야 관련한 기타 경험 요약 간단히 작성해 주시기 바랍니다
147,5,본인의 학교 생활에 대해 기술하시기 바랍니다.,본인 학교 생활 대해 기술하시기 바랍니다
148,5,"[의사소통능력] 그 동안의 경험 중 타인과의 긴밀한 의사소통을 통해 비효율적 과정을 개선하거나, 문제를 사전에 방지했던 사례를 작성해 주시기 바랍니다. (500자 내외)",의사소통능력 동안 경험 타인과 긴밀한 의사소통 비효율적 과정 개선하거 문제 사전 방지했던 사례 작성해 주시기 바랍니다
149,5,[문제해결능력] 해결하기 어려운 문제를 적극적인 노력으로 해결했던 경험에 대해 작성해 주시기 바랍니다. (500자 내외),문제해결능력 해결하기 어려운 문제 적극적인 노력 해결했던 경험 대해 작성해 주시기 바랍니다
150,5,[대인관계능력] 약속과 원칙을 지켜 신뢰를 형성/유지했던 경험에 대해 기술해 주시기 바랍니다. (500자 내외),대인관계능력 약속 원칙 지켜 신뢰 형성유지했던 경험 대해 기술해 주시기 바랍니다
151,5,"[자원관리능력] 지금까지의 경험 중 달성하고자 하는 목표와 관련하여 시간, 자본, 시설, 인적자원을 계획하여 목표를 달성한 경험에 대해 작성해 주시기 바랍니다. (500자 내외)",자원관리능력 지금까지 경험 달성하고자 목표 관련 시간 자본 시설 인적자원 계획 목표 달성한 경험 대해 작성해 주시기 바랍니다
152,5,학업 이외 활동 중 가장 의미 있었던 활동과 그것이 왜 가장 의미가 있었던 활동인지 이유에 대해 기술해 주시기 바랍니다. (최대 700자 입력가능),학업 이외 활동 가장 의미 있었던 활동 그것 가장 의미 있었던 활동인지 이유 대해 기술해 주시기 바랍니다
153,5,지금까지 가장 도전적인 목표를 정하고 노력한 경험(성공 또는 실패)이 있다면 작성하여 주십시오 또한 어떤 원인 때문에 성공 또는 실패했는지 구체적으로 작성해 주시기 바랍니다.,지금 가장 도전적인 목표 노력한 경험 있다면 작성 또한 어떤 원인 때문 성공 실패했는지 구체적 작성해 주시기 바랍니다
154,5,높은 목표를 달성하기 위해 다각도로 노력했던 경험에 대해 작성해 주시기 바랍니다. /노력의 결과가 잘 드러날 수 있도록 작성),목표 달성하기 다각도 노력했던 경험 대해 작성해 주시기 바랍니다 노력 결과 드러날 있도록 작성
155,5,다양한 Global(해외) 문화를 이해하고 수용했던 경험에 대해 작성해 주시기 바랍니다. /행동의 결과가 잘 드러날 수 있게 작성),다양한 Global해외 문화 이해 수용했던 경험 대해 작성해 주시기 바랍니다 행동 결과 드러날 있게 작성
156,5,Digital 화 되어 있지 않았던 것을 Digital Transformation 했던 경험에 대해 작성해 주시기 바랍니다. 가 잘 드러날 수 있게 작성),Digital 되어 있지 않았던 Digital Transformation 했던 경험 대해 작성해 주시기 바랍니다 드러날 있게 작성
157,5,자신에게 주어진 일중 중도에 포기할 수도 있었지만 노력해서 완수한 경험 ① 그 일을 맡게 된 이유/그 일이 어려웠던 이유 ② 포기하고 싶었던 순간/극복하기 위해 했던 노력/그 과정에서 느낀 점 ③ 과제 수행의 결과/이를 통해 느낀 바를 구체적으로 기술하여 주시기 바랍니다 (300~1000자),자신 주어진 일중 중도 포기할 있었지 노력 완수한 경험 맡게 이유그 어려웠던 이유 포기 싶었던 순간극복하기 했던 노력그 과정 느낀 과제 수행 결과이 느낀 구체적 기술 주시기 바랍니다
158,5,직장 선택에 영향을 미친 본인의 가치관과 왜 연세대학교에 지원하게 되었는지 기술하여 주시기 바랍니다. (400),직장 선택 영향 미친 본인 가치관 연세대학교 지원하게 되었는지 기술 주시기 바랍니다 400
159,5,"지원 분야의 직무가 어떤 것인지, 그리고 그 직무에 본인이 적합하다고 판단할 수 있는 근거를 기술하여 주시기 바랍니다. (400)",지원 분야 직무 어떤 것인지 그리고 직무 본인 적합하다고 판단할 근거 기술 주시기 바랍니다 400
160,5,"지원 분야의 직무와 관련하여 자신이 수행해 본 활동에 대하여 상세하게 기술하여 주십시오. 구체적으로 직무영역, 활동/수행내용, 본인의 역할 및 구체적 행동, 주요 성과 등을 중심으로 작성해 주시기 바랍니다.",지원 분야 직무 관련 자신 수행해 활동 상세하게 기술 구체적 직무영역 활동수행내용 본인 역할 구체적 행동 주요 중심 작성해 주시기 바랍니다
161,5,최근 사회이슈 중 중요하다고 생각되는 한 가지를 선택하고 이에 관한 자신의 견해를 기술해 주시기 바랍니다. (1000자 이내),최근 사회이슈 중요하다고 생각되 가지 선택 자신 견해 기술해 주시기 바랍니다
162,5,지원 직무 관련 프로젝트/과제 중 기술적으로 가장 어려웠던 과제와 해결방안에 대해 구체적으로 서술하여 주시기 바랍니다. (1000자 이내),지원 직무 프로젝트과제 기술적 가장 어려웠던 과제 해결방안 대해 구체적 서술 주시기 바랍니다
163,5,"본인이 회사를 선택할 때 중요하게 생각하는 가치(기준)는 무엇이며, 왜 현대케피코가 그 가치(기준)에 적합한지 기술해 주시기 바랍니다.",본인 회사 선택할 중요하게 생각 가치기준 무엇 현대케피코 가치기준 적합한지 기술해 주시기 바랍니다
164,5,지원 직무 수행을 위해 준비한 사항에 대해 ①학습적 ②경험적 측면에서 구체적으로 기술해 주시기 바랍니다.,지원 직무 수행 준비한 사항 대해 학습적 경험적 측면 구체적 기술해 주시기 바랍니다
165,5,SPC삼립에 지원한 동기 및 지원직무를 선택한 이유에 대하여 기술하여 주시기 바랍니다.,SPC삼립 지원한 동기 지원직무 선택한 이유 기술 주시기 바랍니다
166,5,"지원직무와 관련하여, 본인의 주요성과 또는 경험에 대하여 기술하여 주시기 바랍니다.",지원직무 관련 본인 주요성 경험 기술 주시기 바랍니다
167,5,"SPC삼립 입사한다면 어떤 일을 하고 싶으며, 이를 위해 어떤 준비를 해 왔는지 기술하여 주시기 바랍니다.",SPC삼립 입사한다면 어떤 싶으며 어떤 준비 왔는지 기술 주시기 바랍니다
168,5,자신을 한 줄로 PR해 주시기 바랍니다.,자신 PR해 주시기 바랍니다
169,5,자신의 성장과정 및 성격(강점/약점)에 대해 기술해 주시기 바랍니다.,자신 성장과정 성격 대해 기술해 주시기 바랍니다
170,5,교내외 활동 및 특기사항을 기술해 주시기 바랍니다.,교내외 활동 특기사항 기술해 주시기 바랍니다
171,5,팀을 구성해 공동의 목표를 추진해 본 경험에 대하여 기술해 주시기 바랍니다.,구성해 공동 목표 추진해 경험 기술해 주시기 바랍니다
172,5,본인이 생각하는 고객의 정의와 고객을 상대하며 고객만족을 위해 적극적으로 노력하였던 경험을 기술해 주시기 바랍니다.,본인 생각 고객 정의 고객 상대 고객만족 적극적 노력하였던 경험 기술해 주시기 바랍니다
173,5,본인의 희망과 상이한 업무를 회사가 제의한다면 어떻게 행동할지 기술해 주시기 바랍니다.,본인 희망 상이한 업무 회사 제의한다면 어떻게 행동할지 기술해 주시기 바랍니다
174,5,삼성바이오로직스의 행동가치에 비추어 본인이 가지고 있는 역량을 사례와 함께 기술해 주시기 바랍니다.,삼성바이오로직스 행동가치 비추어 본인 가지고 역량 사례 기술해 주시기 바랍니다
175,5,지원 직무와 관련된 경험 및 수강 과목을 목차 형식으로 간략하게 기술하여 주시기 바랍니다.,지원 직무 관련된 경험 수강 과목 목차 형식 간략하게 기술 주시기 바랍니다
176,5,지원 직무 수행과 연계한 본인만의 경쟁력 및 강점을 기술하여 주시기 바랍니다.,지원 직무 수행 연계한 본인만 경쟁력 강점 기술 주시기 바랍니다
177,5,최근 사회이슈 중 중요하다고 생각되는 한가지를 선택하고 이에 관한 자신의 견해를 기술해 주시기 바랍니다. - 1000자 (영문작성 시 2000자) 이내,최근 사회이슈 중요하다고 생각되 한가지 선택 자신 견해 기술해 주시기 바랍니다
178,5,최근 사회이슈 중 중요하다고 생각되는 한가지를 선택하고 이에 관한 자신의 견해를 기술해 주시기 바랍니다. (1000 자),최근 사회이슈 중요하다고 생각되 한가지 선택 자신 견해 기술해 주시기 바랍니다
179,5,"프로그램 개발, 알고리즘 풀이 등 SW개발 관련 경험 중 가장 어려웠던 경험과 해결방안에 대해 구체적으로 서술하여 주시기 바랍니다. (1000자)",프로그램 개발 알고리즘 SW개발 경험 가장 어려웠던 경험 해결방안 대해 구체적 서술 주시기 바랍니다
180,5,본인에 대해서 자유롭게 서술해주시기 바랍니다. (2000자 이내),본인 자유롭게 서술해주시기 바랍니다
181,5,"지원동기 및 입사 후 목표, 경력사항을 중심으로 A4 한 장 분량으로 작성하여 주시기 바랍니다.",지원동기 입사 목표 경력사항 중심 A4 분량 작성 주시기 바랍니다
182,5,본인이 지원한 직무에 적합한 이유에 대하여 서술해 주시기 바랍니다.,본인 지원한 직무 적합한 이유 서술해 주시기 바랍니다
183,5,"자신의 전문성을 향상시키기 위해 어떤 노력을 했으며, 입사 후 지원분야에 어떻게 활용할 수 있을지 기술해 주시기 바랍니다.",자신 전문성 향상시키기 어떤 노력 했으며 입사 지원분야 어떻게 활용할 있을지 기술해 주시기 바랍니다
184,5,"달성하기 어려운 높은 목표를 자율적으로 설정해서 도전해본 경험을 기술해 주세요. 목표 수립과정과 계기, 수행과정에서 겪었던 어려움과 극복을 위해 기울인 노력 등을 구체적으로 작성해 주시기 바랍니다.*",달성하기 어려운 목표 자율적 설정 도전해본 경험 기술해 목표 수립과정 계기 수행과정 겪었던 어려움 극복 기울인 노력 구체적 작성해 주시기 바랍니다
185,5,"본인이 참여한 팀 활동 중 가장 기억에 남는 사례를 기술해 주세요. 각 팀원들의 역할, 과정에서 의견조율 등 어려웠던 점과 그를 극복하기 위해 어떤 노력을 기울였는지 등을 포함해 구체적으로 작성하여 주시기 바랍니다.*",본인 참여한 활동 가장 기억 사례 기술해 팀원들 역할 과정 의견조율 어려웠던 극복하기 어떤 노력 기울였는지 포함해 구체적 작성 주시기 바랍니다
186,5,"윈스에 지원하신 동기와 입사 5년 후 본인의 목표, 그 성장계획을 구체적으로 묘사해 주시기 바랍니다.",윈스 지원하신 동기 입사 5년 본인 목표 성장계획 구체적 묘사해 주시기 바랍니다
187,5,지원 직무와 관련된 수강 과목 및 경험을 간략하게 기술하여 주시기 바랍니다.,지원 직무 관련된 수강 과목 경험 간략하게 기술 주시기 바랍니다
188,5,"달성하기 어려운 높은 목표를 자율적으로 설정해서 도전해본 경험을 기술해 주세요. 목표 수립과정과 계기, 수행과정에서 겪었던 어려움과 극복을 위해 기울인 노력 등을 구체적으로 작성해 주시기 바랍니다.",달성하기 어려운 목표 자율적 설정 도전해본 경험 기술해 목표 수립과정 계기 수행과정 겪었던 어려움 극복 기울인 노력 구체적 작성해 주시기 바랍니다
189,5,"본인의 성장과정을 간단히 소개하고, 가치관 및 성격형성에 중요한 영향을 준 사람(사건)에 대해 기술하여 주시기 바랍니다. (최대 700자 입력가능)",본인 성장과정 간단히 소개 가치관 성격형성 중요한 영향 사람사건 대해 기술 주시기 바랍니다
190,5,"본인을 가장 잘 표현하는 단어(Keyword) 두 가지를 소개하고, 선택한 이유에 대해 기술하여 주시기 바랍니다. (최대 700자 입력가능)",본인 가장 표현 단어 가지 소개 선택한 이유 대해 기술 주시기 바랍니다
191,5,관심직무에 지원하게 된 동기 및 준비과정을 구체적으로 기술하여 주시기 바랍니다. (최대 700자 입력가능),관심직무 지원하게 동기 준비과정 구체적 기술 주시기 바랍니다
192,5,본인이 가장 열정과 책임감을 가지고 수행한 일은 무엇이며 그 경험을 통해 얻은 것을 기술하여 주시기 바랍니다. (최대 700자 입력가능),본인 가장 열정 책임감 가지고 수행한 무엇 경험 기술 주시기 바랍니다
193,5,성격이 다른 조직구성원들과 소통과 협력을 통해서 공동의 목표를 달성한 경험에 대해 기술하여 주시기 바랍니다. (최대 700자 입력가능),성격 다른 조직구성원들 소통 협력 공동 목표 달성한 경험 대해 기술 주시기 바랍니다
194,5,입사지원서에 기술한 경험(경력) 사항에 대해 상세히 기술해 주시기 바랍니다. 본인의 역할과 행동 그리고 주요 성과를 중심으로 구체적으로 작성해주시기 바랍니다.,입사지원서 기술한 경험경력 사항 대해 상세히 기술해 주시기 바랍니다 본인 역할 행동 그리고 주요 성과 중심 구체적 작성해주시기 바랍니다
195,5,한국남부발전 지원동기에 대해 기술해주시고 자신의 직무역량과 관련하여 한국남부발전의 미래 발전 및 성장동력 확보에 기여할 수 있는 바에 대해 아래 내용을 포함해 작성해 주시기 바랍니다.,한국남부발전 지원동기 대해 기술해주시고 자신 직무역량 관련 한국남부발전 미래 발전 성장동력 확보 기여할 대해 아래 내용 포함해 작성해 주시기 바랍니다
196,5,사회적 책임감을 가지고 공동체에 변화를 일으키거나 선한 영향력을 전달하기 위해 노력했던 경험에 대해 아래 내용을 포함해 작성해 주시기 바랍니다.,사회적 책임감 가지고 공동체 변화 일으키거 선한 영향력 전달하기 노력했던 경험 대해 아래 내용 포함해 작성해 주시기 바랍니다
197,5,"지원분야와 관련된 본인의 보유역량 및 학습, 경험 등에 대해 작성해 주시기 바랍니다.",지원분야 관련된 본인 보유역량 학습 경험 대해 작성해 주시기 바랍니다
198,5,LG MMA에 지원하게 된 동기에 대해 기술하여 주시기 바랍니다.,LG MMA 지원하게 동기 대해 기술 주시기 바랍니다
199,5,인생에서의 가장 큰 성공 경험과 실패 경험에 대해 기술해 주시기 바랍니다.,인생에서 가장 성공 경험 실패 경험 대해 기술해 주시기 바랍니다
200,5,"본인만의 경쟁력(전공지식,Skill,경험)에 대하여 기술하시고, LG MMA에 어떻게 기여할 수 있을지 기술하여 주시기 바랍니다.",본인만 경쟁력 기술하시고 LG MMA 어떻게 기여할 있을지 기술 주시기 바랍니다
201,5,경험 및 경력기술서 - 입사지원서에 기술한 직무관련 기타 활동(경험)이나 경력사항에 대해 상세히 기술해 주시기 바랍니다. (,경험 경력기술서 입사지원서 기술한 직무 기타 활동경험 경력사항 대해 상세히 기술해 주시기 바랍니다
202,5,스스로 목표를 세우고 노력했던 경험을 기술해 주시기 바랍니다.,스스 목표 세우고 노력했던 경험 기술해 주시기 바랍니다
203,5,본인의 성장과정을 기술하되 자신에게 큰 영향과 변화를 준 경험 중심으로 기술하여 주시기 바랍니다.,본인 성장과정 기술하되 자신 영향 변화 경험 중심 기술 주시기 바랍니다
204,5,본인이 지원한 직무를 위해 준비한 과정과 보유한 역량에 대해 자세히 기술하여 주시기 바랍니다.,본인 지원한 직무 준비한 과정 보유한 역량 대해 자세히 기술 주시기 바랍니다
205,5,가온전선에 입사 지원한 동기와 향후 5년 동안의 회사생활을 기술하여 주시기 바랍니다.,가온전선 입사 지원한 동기 향후 5년 동안 회사생활 기술 주시기 바랍니다
206,5,"본인이 소속된 조직(학과, 인턴, 동아리, 프로젝트 등)의 목표를 달성하기 위해 노력했던 경험을 아래 항목에 따라 기술해 주시기 바랍니다. 1-1. 소속된 조직의 목표 성과, 문화, 비전 등을 이해하고, 수용하기 위해 노력한 행동에 대해 기술 1-2. 소속된 조직에서 본인의 역할(업무, 책임 등)을 완수하기 위해 전문성, 역량, 장점 등을 발휘한 사례에 대해 기술",본인 소속된 조직 목표 달성하기 노력했던 경험 아래 항목 따라 기술해 주시기 바랍니다 소속된 조직 목표 문화 비전 이해 수용하기 노력한 행동 대해 기술 소속된 조직 본인 역할 완수하기 전문성 역량 장점 발휘한 사례 대해 기술
207,5,어떤 업무를 처리하는 과정에서 다양한 상황들을 고려하여 의사결정을 내렸던 경험에 대해 아래 항목에 따라 기술해 주시기 바랍니다. 2-1. 업무 처리시 의사결정을 내렸던 과정과 이를 위해 활용한 자료들에 대해 기술 2-2. 의사결정 시 고려했던 대안들과 최종 결정한 근거에 대해 기술,어떤 업무 처리 과정 다양한 상황들 고려 의사결정 내렸던 경험 대해 아래 항목 따라 기술해 주시기 바랍니다 업무 처리시 의사결정 내렸던 과정 활용한 자료들 대해 기술 의사결정 고려했던 대안들 최종 결정한 근거 대해 기술
208,5,지원 직무 관련 프로젝트/과제 중 기술적으로 가장 어려웠던 과제와 해결방안에 대해 구체적으로 서술하여 주시기 바랍니다.,지원 직무 프로젝트과제 기술적 가장 어려웠던 과제 해결방안 대해 구체적 서술 주시기 바랍니다
209,5,지원자께서 생각하는 삶의 핵심가치는 무엇인지 작성하여 주시기 바랍니다.,지원자께서 생각 핵심가치 무엇인지 작성 주시기 바랍니다
210,5,개인이 아닌 단체 활동(또는 프로젝트 등)의 구성원으로서 주변인과의 갈등관계를 해결한 경험과 이를 해결하기 위하여 지원자께서는 어떠한 노력을 기울이셨는지 작성하여 주시기 바랍니다.,개인 아닌 단체 활동 구성원으로서 주변인과 갈등관계 해결한 경험 해결하기 지원자께서 어떠한 노력 기울이셨는지 작성 주시기 바랍니다
211,5,"KB국민카드에서 일반직무 업무를 수행하기 위하여 어떤 준비(역량 개발)를 해왔으며, 이를 토대로 KB국민카드에 어떻게 기여할 수 있을지를 반드시 아래의 사항을 포함하여 ‘보고서 형식’으로 작성하여 주시기 바랍니다.",KB국민카드 일반직무 업무 수행하기 어떤 준비 해왔으며 토대 KB국민카드 어떻게 기여할 있을지 반드시 아래 사항 포함 보고서 형식 작성 주시기 바랍니다
212,5,"국가정보원이 왜 귀하를 선발해야 하는지 기술해 주시기 바랍니다. * 본인이 생각하는 국가정보원의 역할에 대해 서술하고 입사 후 성취 목표를 포함하여 작성 ( 500자 이내 , 띄어쓰기 제외)",국가정보원 귀하 선발 하는지 기술해 주시기 바랍니다 본인 생각 국가정보원 역할 대해 서술 입사 성취 목표 포함 작성
213,5,"앞으로 5년 간 중요할 것으로 생각되는 대한민국의 안보이슈를 1개 선택하고, 그 이유와 본인이 생각하는 해당 이슈의 전망을 기술해 주시기 바랍니다. ( 500자 이내 , 띄어쓰기 제외)",5년 중요할 생각되 대한민국 안보이슈 1개 선택 이유 본인 생각 해당 이슈 전망 기술해 주시기 바랍니다
214,5,"여러사람과 함께 문제를 해결하면서 팀워크 형성과 협업을 위해 노력한 경험을 구체적으로 설명하고, 그 과정에서 본인이 배운 점을 기술해 주시기 바랍니다. * 최근 사례를 기반으로 기술하고, 해당 경험 및 배운 점 등을 구체적으로 작성 ( 500자 이내 , 띄어쓰기 제외)",여러사람 문제 해결하면서 팀워크 형성 협업 노력한 경험 구체적 설명 과정 본인 배운 기술해 주시기 바랍니다 최근 사례 기반 기술 해당 경험 배운 구체적 작성
215,5,"역량기술서 항목 작성 시, 지역명 혹은 학교명이 포함되어 있는 경우 ○○로 기재 바랍니다.",역량기술서 항목 작성 지역명 학교명 포함되어 경우 기재 바랍니다
216,5,"입원지원서에 기술한 경력 및 경험에 대해 상세히 기술하여 주시기 바랍니다. - 경력을 기술할 경우 구체적으로 직무영역, 활동/경험/수행 내용, 본인의 역할 및 구체적 행동, 주요 성과에 대해 작성해주시고, 경험(직무관련 기타 활동)을 기술할 경우 구체적으로 본인이 수행한 활동내용, 소속 조직이나 활동에서의 역할, 활동 결과에 대해 작성해 주시기 바랍니다. - 글자 수 2,000자 이내 자유롭게 작성해 주시기 바랍니다.",입원지원서 기술한 경력 경험 대해 상세히 기술 주시기 바랍니다 경력 기술할 경우 구체적 직무영역 활동경험수행 내용 본인 역할 구체적 행동 주요 성과 대해 작성해주시고 경험 기술할 경우 구체적 본인 수행한 활동내용 소속 조직 활동에서 역할 활동 결과 대해 작성해 주시기 바랍니다 글자 자유롭게 작성해 주시기 바랍니다
217,5,"지원분야와 관련된 본인의 보유역량 및 학습, 경험 등에 대해 작성해 주시기 바랍니다. * 학습활동, 프로젝트, 동호회, 공모전, 관련 경력 등 / 포트폴리오 등 관련 자료가 있다면 입사 지원서에 별도 파일 첨부 가능",지원분야 관련된 본인 보유역량 학습 경험 대해 작성해 주시기 바랍니다 학습활동 프로젝트 동호회 공모전 경력 포트폴리오 자료 있다면 입사 지원서 파일 첨부 가능
218,5,4차 산업혁명과 Digital Transformation이 본인이 지원하는 사업분야 또는 직무에 어떠한 영향을 미칠지 의견을 제시해 주시기 바랍니다.,4차 산업혁명 Digital Transformation 본인 지원 사업분야 직무 어떠한 영향 미칠지 의견 제시해 주시기 바랍니다
219,5,자신의 최종학력 논문 혹은 가장 성공적인 발표(제출) 자료를 요약해 주시기 바랍니다.,자신 최종학력 논문 가장 성공적인 발표제출 자료 요약해 주시기 바랍니다
220,5,"가장 열정적으로 임했던 경험을 기술하고, 그 경험을 통해 청년인턴으로 근무하면서 어떤 기여를 할 수 있을지 구체적으로 기술하여 주시기 바랍니다. (300자 이상 500자 이내)",가장 열정적 임했던 경험 기술 경험 청년인턴 근무하면서 어떤 기여 있을지 구체적 기술 주시기 바랍니다
221,5,국민연금제도는 국민의 노후 소득보장을 위한 사회보장제도입니다. 국민연금 제도 특성을 고려하여 제도를 시행하는 목적 등 국민연금 제도에 대한 자신의 생각을 구체적으로 기술하여 주시기 바랍니다. (300자 이상 500자 이내),국민연금제도 국민 노후 소득보장 사회보장제도 국민연금 특성 고려 제도 시행 목적 국민연금 제도 자신 생각 구체적 기술 주시기 바랍니다
222,5,최근 사회이슈 중 중요하다고 생각되는 한가지를 선택하고 이에 관한 자신의 견해를 기술해 주시기 바랍니다. (영문작성 시 2000자) 이내,최근 사회이슈 중요하다고 생각되 한가지 선택 자신 견해 기술해 주시기 바랍니다 이내
223,5,귀하가 회사를 선택하는 기준은 무엇입니까? 그리고 아성다이소가 그러한 기준에 어떻게 부합하는지 기술해 주시기 바랍니다.(700자 이내),귀하 회사 선택 기준 무엇입니까 그리고 아성다이소 그러한 기준 어떻게 부합하는지 기술해 주시기 바랍니다
224,5,"기존의 현상을 개선함으로써 조직의 성과를 조금이라도 향상시켰던 경험에 대하여 기술해 주시기 바랍니다. 1) 기존의 현상을 개선한 경험과, 그러한 개선과 변화가 필요했던 이유는 무엇입니까?",기존 현상 개선함으로써 조직 성과 조금 향상시켰던 경험 기술해 주시기 바랍니다 기존 현상 개선한 경험 그러한 개선 변화 필요했던 이유 무엇입니까
225,5,성격의 장점과 단점을 기술해 주시기 바랍니다. 입사 후 장점은 어떻게 활용하고 단점은 어떻게 보완할 수 있는지 간략히 기술해 주십시오.(500자 이내),성격 장점 단점 기술해 주시기 바랍니다 입사 장점 어떻게 활용 단점 어떻게 보완할 있는지 간략히 기술해
226,5,입사 후 아성다이소 내에서 이루고 싶은 최종목표는 무엇입니까? 그리고 목표달성을 위한 실천계획을 구체적으로 설명해 주시기 바랍니다.(800자 이내),입사 아성다이소 이루고 최종목표 무엇입니까 그리고 목표달성 실천계획 구체적 설명해 주시기 바랍니다
227,5,직무 지식/경험 : 지원 직무와 관련된 수강 과목 및 경험을 간략하게 기술하여 주시기 바랍니다. 등으로 기술),직무 지식경험 지원 직무 관련된 수강 과목 경험 간략하게 기술 주시기 바랍니다 기술
228,5,"직무 이해도 : 지원 직무 관련 최근 Trend를 간략히 기술하고, 이에 대한 본인의 견해를 구체적으로 기술하여 주시기 바랍니다.",직무 이해 지원 직무 최근 Trend 간략히 기술 본인 견해 구체적 기술 주시기 바랍니다
229,5,"직무 지식/경험 지원 직무와 관련된 수강 과목 및 경험을 간략하게 기술하여 주시기 바랍니다. Guide> 학교수강교과목, 외부교육수강 이력, 프로젝트 경험 등을 제목/경험/성적(또는 성과) 등으로 기술하여 주시기 바랍니다.",직무 지식경험 지원 직무 관련된 수강 과목 경험 간략하게 기술 주시기 바랍니다 Guide 학교수강교과목 외부교육수강 이력 프로젝트 경험 제목경험성적 기술 주시기 바랍니다
230,5,"직무 이해도 지원 직무 관련 최근 Trend를 간략히 기술하고, 이에 대한 본인의 견해를 구체적으로 기술하여 주시기 바랍니다.",직무 이해 지원 직무 최근 Trend 간략히 기술 본인 견해 구체적 기술 주시기 바랍니다
231,5,최근 사회이슈 중 중요하다고 생각되는 한가지를 선택하고 이에 관한 자신의 견해를 기술해 주시기 바랍니다,최근 사회이슈 중요하다고 생각되 한가지 선택 자신 견해 기술해 주시기 바랍니다
232,5,"My Competency 지원분야와 관련된 구체적인 지식이나 경험을 기술해주십시오. Guide> 관련학습, 동아리 활동, 수상경험 등을 중심으로 자유롭게 기재해 주시기 바랍니다.",My Competency 지원분야 관련된 구체적인 지식 경험 기술해주 Guide 관련학습 동아리 활동 수상경험 중심 자유롭게 기재해 주시기 바랍니다
233,5,해당 직무를 수행하기 위한 본인의 지식(knowledge) 또는 기술(skill)의 활용방안을 서술해 주시기 바랍니다. (500자 이내),해당 직무 수행하기 본인 지식 기술 활용방안 서술해 주시기 바랍니다
234,5,지원자께서 지원하는 직무와 관련하여 고객 만족을 위하여 노력했던 경험 사례를 서술해 주시기 바랍니다. (500자 이내),지원자께서 지원 직무 관련 고객 만족 노력했던 경험 사례 서술해 주시기 바랍니다
235,5,"우리 원의 직원으로서 청렴성과 공익성을 지켜야 하는 이유는 무엇이며, 지원자께서 평소 청렴성과 공익성을 지키기 위해 어떤 노력을 하고 있는지 서술해 주시기 바랍니다. (500자 이내)",우리 직원으로서 청렴성 공익성 지켜야 이유 무엇 지원자께서 평소 청렴성 공익성 지키기 어떤 노력 있는지 서술해 주시기 바랍니다
236,5,"솔선수범 - 관리, 감독 없이도 스스로 업무를 처리하며 남들이 꺼리는 업무나 궂은 일도 주도적으로 나서서 해결한다(A,B 중 택 1) o A. 자신이 공동 목표 달성을 하는 과정에서 솔선수범하는 사람임을 입증할 수 있는 사례(경험)와 그 근거를 구체적으로 작성해주시기 바랍니다. o B. 소속 조직을 위해 주도적으로 나서서 문제를 해결하기 위해 노력했던 경험에 대해 구체적으로 작성해 주시기 바랍니다.",솔선수범 관리 감독 없이 스스 업무 처리 남들 꺼리 업무 주도적 나서서 해결한다 자신 공동 목표 달성 과정 솔선수범 사람임 입증할 사례경험 근거 구체적 작성해주시기 바랍니다 소속 조직 주도적 나서서 문제 해결하기 노력했던 경험 대해 구체적 작성해 주시기 바랍니다
237,5,"자기개발 - 현재 뿐만 아니라 향후에 필요한 지식, 경험, 기술 등을 적극적으로 습득하여 미래를 준비하여 꾸준히 발전한다. (A,B 중 택 1) o A. 자신이 자기개발을 꾸준히 하는 사람임을 입증할 수 있는 사례(경험)와 그 근거를 구체적으로 작성해주시기 바랍니다. o B. 자신이 지원한 분야에서 뛰어난 전문가가 되기 위해 기울이고 있는 노력에 대해 구체적으로 작성해 주시기 바랍니다.",자기개발 현재 아니라 향후 필요한 지식 경험 기술 적극적 습득 미래 준비 꾸준히 발전한다 자신 자기개발 꾸준히 사람임 입증할 사례경험 근거 구체적 작성해주시기 바랍니다 자신 지원한 분야 뛰어난 전문가 되기 기울 노력 대해 구체적 작성해 주시기 바랍니다
238,5,"자기통제력 - 대인관계, 과도한 업무 양, 고난과 외압 등의 스트레스가 주어져도 자기감정을 조절하며 업무를 수행하고 중심을 유지한다. (A,B 중 택 1) o A. 자신이 스트레스 상황에서도 자신의 감정을 잘 다스리는 사람임을 입증할 수 있는 사례(경험)와 그 근거를 구체적으로 작성해주시기 바랍니다. o B. 최근 3년 이내 스트레스 상황에서 효과적으로 대처했던 경험에 대해 구체적으로 작성해 주시기 바랍니다.",자기통제력 대인관계 과도한 업무 고난 외압 스트레스 주어져 자기감정 조절 업무 수행 중심 유지한다 자신 스트레스 상황에서 자신 감정 다스리 사람임 입증할 사례경험 근거 구체적 작성해주시기 바랍니다 최근 3년 이내 스트레스 상황 효과적 대처했던 경험 대해 구체적 작성해 주시기 바랍니다
239,5,KT&G 입사 이후 이루고 싶은 목표에 대해 기술하여 주시기 바랍니다.,KTG 입사 이후 이루고 목표 대해 기술 주시기 바랍니다
240,5,"KT&G 인재상 중 귀하가 가장 부합된다고 판단되는 인재상 하나를 제시하고, 그 이유를 구체적으로 기술하여 주시기 바랍니다.",KTG 인재상 귀하 가장 부합된다고 판단되 인재상 하나 제시 이유 구체적 기술 주시기 바랍니다
241,5,"최근 3년 이내에 가장 도전적인 목표를 세우고 성취해낸 경험에 대해, 그 과정과 결과를 포함하여 구체적으로 기술하여 주시기 바랍니다.",최근 3년 이내 가장 도전적인 목표 세우고 성취해낸 경험 대해 과정 결과 포함 구체적 기술 주시기 바랍니다
242,5,"단체활동을 하며 겪었던 갈등과 이를 극복한 경험에 대해, 갈등의 이유와 극복요인을 포함하여 구체적으로 기술하여 주시기 바랍니다.",단체활동 겪었던 갈등 극복한 경험 대해 갈등 이유 극복요인 포함 구체적 기술 주시기 바랍니다
243,5,본인의 성격에 가장 큰 강점과 약점을 기술하여 주시기 바랍니다.,본인 성격 가장 강점 약점 기술 주시기 바랍니다
244,5,도전적인 목표를 세우고 이를 달성하기 위해 노력했던 사례와 결과를 구체적으로 기재해 주시기 바랍니다.,도전적인 목표 세우고 달성하기 노력했던 사례 결과 구체적 기재해 주시기 바랍니다
245,5,쌍용건설에 지원하게 된 동기와 더불어 건설업에 관심을 가지게 된 이유에 대하여 기술하여 주시기 바랍니다.,쌍용건설 지원하게 동기 더불어 건설업 관심 가지게 이유 기술 주시기 바랍니다
246,5,본인이 지원하게 된 분야(1지망)에서 잘할 수 있는 것과 이루고 싶은 목표를 경험지식이나 전공에 근거하여 구체적으로 기술하여 주시기 바랍니다.,본인 지원하게 분야1지망 잘할 이루고 목표 경험지식 전공 근거 구체적 기술 주시기 바랍니다
247,5,자신에 대해 자유롭게 소개해 주시기 바랍니다.,자신 대해 자유롭게 소개해 주시기 바랍니다
248,5,당사 지원 동기를 포함하여 자유양식으로 자기소개서를 작성하여 주시기 바랍니다. -1,당사 지원 동기 포함 자유양식 자기소개서 작성 주시기 바랍니다
249,5,"지원 직무와 관련된 수강 과목 및 경험을 간략하게 기술하여 주시기 바랍니다. Guide> 학교수강교과목, 외부교육수강 이력, 프로젝트 경험 등을 제목/경험/성적(또는 성과) 등으로 기술하여 주시기 바랍니다. (1000자)",지원 직무 관련된 수강 과목 경험 간략하게 기술 주시기 바랍니다 Guide 학교수강교과목 외부교육수강 이력 프로젝트 경험 제목경험성적 기술 주시기 바랍니다
250,5,지원 직무 수행과 연계한 본인만의 경쟁력 및 강점을 기술하여 주시기 바랍니다. (1000자),지원 직무 수행 연계한 본인만 경쟁력 강점 기술 주시기 바랍니다
251,5,"지원 직무 관련 최근 Trend를 간략히 기술하고, 이에 대한 본인의 견해를 구체적으로 기술하여 주시기 바랍니다. (1000자)",지원 직무 최근 Trend 간략히 기술 본인 견해 구체적 기술 주시기 바랍니다
252,5,지원하신 직무에 대한 본인의 열정을 생각해 보시기 바랍니다. 직무를 수행하기 위해 그동안 어떠한 노력을 해왔는지 상세히 작성해 주시기 바랍니다.,지원하신 직무 본인 열정 생각해 보시기 바랍니다 직무 수행하기 그동안 어떠한 노력 해왔는지 상세히 작성해 주시기 바랍니다
253,5,"최근 본인이 심적·체력적·환경적으로 한계에 부딪혔던 상황에 대해 생각해 보시기 바랍니다. 상황에 대한 내용, 이를 해결하기 위해 노력했던 사항에 대해 구체적으로 작성해 주시기 바랍니다.",최근 본인 심적체력적환경적 한계 부딪혔던 상황 대해 생각해 보시기 바랍니다 상황 내용 해결하기 노력했던 사항 대해 구체적 작성해 주시기 바랍니다
254,5,우리 공단의 존재 이유에 대해 생각해보시기 바랍니다. 공단의 지속적 존재를 위한 본인의 역할과 목표에 대해 구체적으로 작성해 주시기 바랍니다.,우리 공단 존재 이유 대해 생각해보시기 바랍니다 공단 지속적 존재 본인 역할 목표 대해 구체적 작성해 주시기 바랍니다
255,5,지원자께서 보유하신 업무 역량에 대해 간단하게 기재 바랍니다.,지원자께서 보유하신 업무 역량 대해 간단하게 기재 바랍니다
256,5,"지원 직무 관련 최근 Trend를 간략히 기술하고, 이에 대한 본인의 견해를 구체적으로 기술하여 주시기 바랍니다.",지원 직무 최근 Trend 간략히 기술 본인 견해 구체적 기술 주시기 바랍니다
257,5,"본인의 성장과정을 기술하되 자신에게 큰 영향과 변화를 준 경험 중심으로 기술하여 주시기 바랍니다. (최소 1자, 최대 1,000자 입력가능",본인 성장과정 기술하되 자신 영향 변화 경험 중심 기술 주시기 바랍니다 최소 1자 최대 1000자 입력가능
258,5,"귀하가 한국동서발전㈜에 지원하게된 계기를 아래 ''가)'', ''나)''의 내용에 맞춰 기술해 주시기 바랍니다. 가) 당사의 인재상과 본인이 얼마나 부합하는지를 기술 나) 당사가 추진하는 주요 사업내용 중 가장 관심이 있는 분야와 본인이 어떤 부분에서 기여할 수 있을지를 구체적으로 기술 (500자)",귀하 한국동서발전 지원하게된 계기 아래 내용 맞춰 기술해 주시기 바랍니다 당사 인재상 본인 얼마 부합하는지 기술 당사 추진 주요 사업내용 가장 관심 분야 본인 어떤 부분 기여할 있을지 구체적 기술 500자
259,5,"귀하가 지원한 분야의 전문성에 대해서 아래 ''가)'', ''나)''의 내용에 맞춰 본인의 생각을 기술해 주시기 바랍니다. (500자) 가) 지원한 분야에서 가장 중요하다고 생각하는 전문성은 무엇인지 기술 나) ''''가)'''에서 기술한 내용 중 본인이 보유하고 있는 전문성의 수준은 어느 정도인지 구체적으로 기술",귀하 지원한 분야 전문성 아래 내용 맞춰 본인 생각 기술해 주시기 바랍니다 500자 지원한 분야 가장 중요하다고 생각 전문성 무엇인지 기술 기술한 내용 본인 보유 전문성 수준 어느 정도인지 구체적 기술
260,5,"귀하가 자신의 전문성을 높이기 위해 노력한 것을 아래 ''가)'', ''나)''의 내용에 맞춰 기술해 주시기 바랍니다. 가) 자신의 분야에서 뛰어난 전문가가 되기 위해 본인이 ''''노력한 것'''' 기술 나) 자신의 분야에서 뛰어난 전문가가 되기 위해 ''''준비하고 있는 것'''' 기술 (500자)",귀하 자신 전문성 높이기 노력한 아래 내용 맞춰 기술해 주시기 바랍니다 자신 분야 뛰어난 전문가 되기 본인 노력한 기술 자신 분야 뛰어난 전문가 되기 준비 기술 500자
261,5,"기존 업무 방식의 비효율적인 측면을 발견하고, 이를 개선했던 경험에 대해 아래 ''가)'', ''나)''의 내용에 맞춰 기술해 주시기 바랍니다. 가) 당시 진행했던 업무에 대해서 간략히 기술 나) 본인이 제시한 개선 방법과 그 결과에 대해 구체적으로 기술 (500자)",기존 업무 방식 비효율적인 측면 발견 개선했던 경험 대해 아래 내용 맞춰 기술해 주시기 바랍니다 당시 진행했던 업무 간략히 기술 본인 제시한 개선 방법 결과 대해 구체적 기술 500자
262,5,"동료(친구) 등과 입장차이로 대립했던 경험에 대해 아래 ''가)'', ''나)''의 내용에 맞춰 기술해 주시기 바랍니다. 가) 당시 갈등상황에 대해서 간략히 기술 나) 본인이 갈등상황을 어떻게 대처하였는지를 구체적으로 기술 (500자)",동료친구 입장차이 대립했던 경험 대해 아래 내용 맞춰 기술해 주시기 바랍니다 당시 갈등상황 간략히 기술 본인 갈등상황 어떻게 대처하였는지 구체적 기술 500자
263,5,"공공의 이익을 위해 자발적으로 노력한 경험에 대해 아래 ''가)'', ''나)''의 내용에 맞춰 기술해 주시기 바랍니다. 가) 당시 상황을 간략히 기술 나) 자신이 한 행동의 내용과 이유를 구체적으로 기술 (500자)",공공 이익 자발적 노력한 경험 대해 아래 내용 맞춰 기술해 주시기 바랍니다 당시 상황 간략히 기술 자신 행동 내용 이유 구체적 기술 500자
264,5,"직무 이해도/ 지원 직무 관련 최근 Trend를 간략히 기술하고, 이에 대한 본인의 견해를 구체적으로 기술하여 주시기 바랍니다.",직무 이해 지원 직무 최근 Trend 간략히 기술 본인 견해 구체적 기술 주시기 바랍니다
265,5,"지원자가 한국중부발전 및 지원분야에 관심을 가지게 된 계기는 무엇이며, 이를 위해 그 동안 어떤 노력을 했는지 기술해 주시기 바랍니다.",지원자 한국중부발전 지원분야 관심 가지게 계기 무엇 동안 어떤 노력 했는지 기술해 주시기 바랍니다
266,5,"지원자 본인이 현실과 타협하거나 편법을 사용하지 않고, 원칙대로 일을 처리하는 사람임을 가장 잘 나타내는 최근 5년 이내의 사례를 기술해 주시기 바랍니다.",지원자 본인 현실 타협하거 편법 사용 원칙대 처리 사람임 가장 나타내 최근 5년 이내 사례 기술해 주시기 바랍니다
267,5,지원자 본인이 변화를 두려워하지 않고 통찰력과 창의적인 사고로 꾸준히 혁신하고 변화를 주도하는 사람임을 가장 잘 나타내는 최근 5년 이내의 사례를 기술해 주시기 바랍니다.,지원자 본인 변화 두려워 통찰력 창의적인 사고 꾸준히 혁신 변화 주도 사람임 가장 나타내 최근 5년 이내 사례 기술해 주시기 바랍니다
268,5,지원자 본인이 진정성과 소통을 바탕으로 신뢰를 구축하는 사람임을 가장 잘 나타내는 최근 5년 이내의 사례를 기술해 주시기 바랍니다.,지원자 본인 진정성 소통 바탕 신뢰 구축 사람임 가장 나타내 최근 5년 이내 사례 기술해 주시기 바랍니다
269,5,지원자 본인이 자신의 소속 집단뿐만 아니라 주변 사람/집단까지 고려하고 배려하는 사람임을 가장 잘 나타내는 최근 5년 이내의 사례를 기술해 주시기 바랍니다.,지원자 본인 자신 소속 집단뿐 아니라 주변 사람집단 고려 배려 사람임 가장 나타내 최근 5년 이내 사례 기술해 주시기 바랍니다
270,5,"본인의 경험 중 직면한 문제를 해결하기 위하여 문제의 원인을 찾아 극복하고 해결했던 사례에 대하여 구체적으로 기술해주시기 바랍니다. ㆍ당시 문제가 되었던 상황은 무엇이며, 어떠한 과정을 통해 원인을 찾아냈습니까? ㆍ원인을 극복하며 포기하지 않고 업무를 수행한 이유와 그 결과에 대해 기술해 주시기 바랍니다.",본인 경험 직면한 문제 해결하기 문제 원인 찾아 극복 해결했던 사례 구체적 기술해주시기 바랍니다 당시 문제 되었던 상황 무엇 어떠한 과정 원인 찾아냈습니까 원인 극복 포기 업무 수행한 이유 결과 대해 기술해 주시기 바랍니다
271,5,"본인의 학교생활, 동아리, 동호회 등 조직 내 일원으로서 동료들과 협력하여 어려움을 극복하고 성과를 달성하기 위해 노력했던 경험에 대해 기술해 주시기 바랍니다. ㆍ본인이 수행한 업무가 무엇이며 왜 그러한 업무를 맡게 되었습니까? ㆍ사람들과 함께 일을 처리해나가면서 그 사람들과의 긍정적 관계 구축을 위해 추가적으로 기울인 노력과 그 결과에 대해 기술해 주시기 바랍니다.",본인 학교생활 동아리 동호회 조직 일원으로서 동료들 협력 어려움 극복 성과 달성하기 노력했던 경험 대해 기술해 주시기 바랍니다 본인 수행한 업무 무엇 그러한 업무 맡게 되었습니까 사람들 처리해나가면서 사람들과 긍정적 관계 구축 추가적 기울인 노력 결과 대해 기술해 주시기 바랍니다
272,5,약속과 원칙을 지켜 신뢰를 형성하거나 지킨 경험에 대해 구체적으로 기술해 주시기 바랍니다. ㆍ당시 상황에 대해 구체적으로 기술하여 주시기 바랍니다. ㆍ약속과 원칙을 지키기 위해 어떤 노력을 하였으며 그 이유는 무엇입니까? ㆍ그 일을 계기로 본인에게 생긴 변화 또는 느낀 점은 무엇입니까?,약속 원칙 지켜 신뢰 형성하거 지킨 경험 대해 구체적 기술해 주시기 바랍니다 당시 상황 대해 구체적 기술 주시기 바랍니다 약속 원칙 지키기 어떤 노력 하였으며 이유 무엇입니까 계기 본인 생긴 변화 느낀 무엇입니까
273,5,경기문화재단을 지원하게 된 동기를 작성해 주시기 바랍니다.,경기문화재단 지원하게 동기 작성해 주시기 바랍니다
274,5,자신의 강점과 약점 또한 약점을 어떻게 보완할 수 있는지 작성해 주시기 바랍니다.,자신 강점 약점 또한 약점 어떻게 보완할 있는지 작성해 주시기 바랍니다
275,5,"최근 5년간 자신이 성취한 일 중 가장 자랑할 만한 일이 무엇이며, 그 이유를 설명해 주시기 바랍니다.",최근 5년간 자신 성취한 가장 자랑할 만한 무엇 이유 설명해 주시기 바랍니다
276,5,경기문화재단이 앞으로 나아갈 목표와 방향이 무엇인지 작성해 주시기 바랍니다.,경기문화재단 나아갈 목표 방향 무엇인지 작성해 주시기 바랍니다
277,5,지원하신 직무에 대해 향후 어떻게 업무를 수행해 나 갈 것인지 포부를 작성해 주시기 바랍니다.,지원하신 직무 대해 향후 어떻게 업무 수행해 것인지 포부 작성해 주시기 바랍니다
278,5,"본인이 성취한 목표 가운데 가장 도전적이었던 목표는 무엇입니까? 목표설정 배경, 행동, 생각, 결과에 대해 상세히 기술하여 주시기 바랍니다.",본인 성취한 목표 가운데 가장 도전적이었던 목표 무엇입니까 목표설정 배경 행동 생각 결과 대해 상세히 기술 주시기 바랍니다
279,5,다른 사람에게 의사를 전달하기 위해 본인이 가지고 있는 효과적인 방법에 대해 경험을 바탕으로 기술하여 주시기 바랍니다.,다른 사람 의사 전달하기 본인 가지고 효과적인 방법 대해 경험 바탕 기술 주시기 바랍니다
280,5,"(NCS 경험 및 경력기술서) 지원 분야의 직무기술서(직무수행내용, 필요기술 등)를 참고하여 관련된 경험이나 경력에 대해 상세히 기술해 주시기 바랍니다. 나-1. 본인이 지원한 직무의 어떤 부분과 관련된 경험/경력인지 먼저 기술하고, 본인이 직접적으로 맡았던 역할 및 수행한 내용에 대해 기술해 주십시오.(0 / 600 자이내)",지원 분야 직무기술서 참고 관련된 경험 경력 대해 상세히 기술해 주시기 바랍니다 본인 지원한 직무 어떤 부분 관련된 경험경력인지 먼저 기술 본인 직접적 맡았던 역할 수행한 내용 대해 기술해
281,5,"(NCS 경험 및 경력기술서) 지원 분야의 직무기술서(직무수행내용, 필요기술 등)를 참고하여 관련된 경험이나 경력에 대해 상세히 기술해 주시기 바랍니다. 나-2. 앞서 작성한 본인의 경험/경력이 업무 중 어떠한 부분에 도움을 줄 수 있는지 기술해 주십시오.(0 / 400 자이내)",지원 분야 직무기술서 참고 관련된 경험 경력 대해 상세히 기술해 주시기 바랍니다 앞서 작성한 본인 경험경력 업무 어떠한 부분 도움 있는지 기술해
282,5,"역량기술서- (1) 입사지원서에 기술한 직무관련 경력 및 경험에 대해 상세히 기술해 주시기 바랍니다. (2) 경력을 기술할 경우 구체적으로 직무영역, 활동/경험/수행내용, 본인의 역활 및 구체적 행동, 주요 성과에 대해 작성해 주시고, 경험을 기술할 경우 구체적으로 본인이 수행한 활동내용, 소속 조직이나 활동에서의 역활, 활동결과에 대해 작성해주시기 바랍니다. .",역량기술서 입사지원서 기술한 직무 경력 경험 대해 상세히 기술해 주시기 바랍니다 경력 기술할 경우 구체적 직무영역 활동경험수행내용 본인 역활 구체적 행동 주요 성과 대해 작성해 주시고 경험 기술할 경우 구체적 본인 수행한 활동내용 소속 조직 활동에서 역활 활동결과 대해 작성해주시기 바랍니다
283,5,본인의 성장과정을 통하여 본인을 소개하여 주시기 바랍니다.,본인 성장과정 본인 소개 주시기 바랍니다
284,5,본인의 성격에 관하여 기술해 주시기 바랍니다.,본인 성격 기술해 주시기 바랍니다
285,5,본인이 지금까지 살아오면서 이루었던 일과 느낀점에 대하여 구체적으로 기술해 주시기 바랍니다.,본인 지금 살아오면서 이루었던 느낀점 구체적 기술해 주시기 바랍니다
286,5,본인이 기존과는 다른 방식을 시도하여 개선했던 경험에 대하여 구체적으로 기술해 주시기 바랍니다.,본인 기존과 다른 방식 시도 개선했던 경험 구체적 기술해 주시기 바랍니다
287,5,본인이 지원하신 직무에 대한 적합성과 지원동기에 대하여 구체적으로 기술해 주시기 바랍니다.,본인 지원하신 직무 적합성 지원동기 구체적 기술해 주시기 바랍니다
288,5,본인이 삼화콘덴서에 꼭 입사해야 하는 이유와 입사 후 이루고 싶은 목표에 대하여 기술해 주시기 바랍니다.,본인 삼화콘덴서 입사 이유 입사 이루고 목표 기술해 주시기 바랍니다
289,5,"[조직이해능력] 우리 공단은 국가유공자를 위한 의료·복지서비스를 제공하고 있습니다. 우리 공단의 주요 고객과 사업의 관점에서 지원자가 생각하는 공단의 미래 방향을 제시하고, 이를 달성하기 위한 방안을 함께 제시해 주시기 바랍니다.",조직이해능력 우리 공단 국가유공자 의료복지서비스 제공 우리 공단 주요 고객 사업 관점 지원자 생각 공단 미래 방향 제시 달성하기 방안 제시해 주시기 바랍니다
290,5,"[대인관계능력] 하나의 조직(2인 이상) 속에서 공동의 목표를 이루기 위해 노력했던 경험에 대해 서술해 주시기 바랍니다. 그 과정에서 지원자의 역할과 협력을 서술하고, 이러한 경험을 통하여 조직 속에서 협력하기 위해 중요하다고 생각되는 바를 서술해 주시기 바랍니다.",대인관계능력 하나 조직 공동 목표 이루기 노력했던 경험 대해 서술해 주시기 바랍니다 과정 지원자 역할 협력 서술 이러한 경험 조직 협력하기 중요하다고 생각되 서술해 주시기 바랍니다
291,5,"[문제해결능력] 지금까지의 경험 중 예상치 못했던 상황에서 창의적, 혁신적 사고를 통해 문제를 해결했던 경험을 서술하여 주시기 바랍니다.",문제해결능력 지금까지 경험 예상치 못했던 상황 창의적 혁신적 사고 문제 해결했던 경험 서술 주시기 바랍니다
292,5,"[의사소통능력] 지원자가 속해 있는 조직 안에서 지원자와 생각이 다른 구성원을 효과적으로 설득하였거나, 합의를 이끌어 냈던 경험을 상황, 행동, 결과 중심으로 기술하여 주시기 바랍니다.",의사소통능력 지원자 속해 조직 지원자 생각 다른 구성원 효과적 설득하였거 합의 이끌어 냈던 경험 상황 행동 중심 기술 주시기 바랍니다
293,5,본인의 성장과정에 대하여 기술하여 주시기 바랍니다. (500자 내외),본인 성장과정 기술 주시기 바랍니다
294,5,본인의 장단점에 대하여 기술하여 주시기 바랍니다. (500자 내외),본인 장단점 기술 주시기 바랍니다
295,5,"대내외 주요 활동사항(학교생활, 사회활동, 실무경력 등)에 대하여 기술하여 주시기 바랍니다. (500자 내외)",대내외 주요 활동사항 기술 주시기 바랍니다
296,5,당 병원의 현재와 미래에 대하여 본인의 생각을 자유롭게 기술하여 주시기 바랍니다. (500자 내외),병원 현재 미래 본인 생각 자유롭게 기술 주시기 바랍니다
297,5,지원분야와 관련된 본인의 보유 역량을 기술하여 주시기 바랍니다.,지원분야 관련된 본인 보유 역량 기술 주시기 바랍니다
298,5,"자신의 장점을 더욱 극대화 시키거나, 약점을 보완하기 위해 특별히 노력하여 좋은 결과로 이어졌던 경험에 대하여 기술하여 주시기 바랍니다.",자신 장점 더욱 극대화 시키거 약점 보완하기 특별히 노력 결과 이어졌던 경험 기술 주시기 바랍니다
299,5,갑작스럽게 발생한 주변 환경의 변화에 대응하고 적응하기 위해 기존에는 생각하지 못했던 방법을 활용했던 경험에 대해 기술하여 주시기 바랍니다.,갑작스럽게 발생한 주변 환경 변화 대응 적응하기 기존에 생각 못했던 방법 활용했던 경험 대해 기술 주시기 바랍니다
300,5,"가정, 학교, 기타 사회생활 과정에서 타인과의 갈등이 발생했을 때 이를 해결하기 위해 노력하여 성공적인 결과를 얻었던 경험에 대해 기술하여 주시기 바랍니다.",가정 학교 기타 사회생활 과정 타인과 갈등 발생했 해결하기 노력 성공적인 결과 얻었던 경험 대해 기술 주시기 바랍니다
301,5,"서울시설공단 인재상 중에서 본인과 부합된다고 생각하는 인재상(전문인, 창조인, 소통인)을 하나 선택하여 본인의 보유 역량과 결부하여 기술하여 주시기 바랍니다.",서울시설공단 인재상 본인 부합된다고 생각 인재상 선택 본인 보유 역량 결부 기술 주시기 바랍니다
302,5,우리 공사의 비젼은 ‘국민과 함께 행복한 세상을 가꾸는 친환경 에너지 리더’입니다. 이를 위한 우리공사의 역할과 입사 후 자신이 기여할 수 있는 방안에 대하여 기술해 주시기 바랍니다. (400~700자),우리 공사 비젼 국민 행복한 세상 가꾸 친환경 에너지 리더 우리공사 역할 입사 자신 기여할 방안 기술해 주시기 바랍니다
303,5,지원한 직무와 관련하여 본인의 강점을 만들기 위해 노력한 경험을 기술해 주시기 바랍니다. (400~700자),지원한 직무 관련 본인 강점 만들기 노력한 경험 기술해 주시기 바랍니다
304,5,"자신이 속한 조직(학교, 동아리 등) 내에서 다른 구성원과 발생한 갈등이나 어려움을 해결한 경험이 있다면, 기술해 주시기 바랍니다. (400~700자)",자신 속한 조직 다른 구성원 발생한 갈등 어려움 해결한 경험 있다면 기술해 주시기 바랍니다
305,5,창의적인 아이디어를 활용하여 문제를 해결하거나 좋은 성과를 도출한 경험에 대하여 기술해 주시기 바랍니다. (400~700자),창의적인 아이디어 활용 문제 해결하거 성과 도출한 경험 기술해 주시기 바랍니다
306,5,공기업 직원으로서 직업윤리가 왜 중요한지 자신의 가치관을 중심으로 기술해 주시기 바랍니다. (400~700자),공기업 직원으로서 직업윤리 중요한지 자신 가치관 중심 기술해 주시기 바랍니다
307,5,"본인의 학교생활, 동아리, 동호회 등 조직 내 일원으로서 동료들과 협력하여 어려움을 극복하고 성과를 달성하기 위해 노력했던 경험에 대해 기술해 주시기 바랍니다. (500자 내외) - 본인이 수행한 업무가 무엇이며 왜 그러한 업무를 맡게 되었습니까? - 사람들과 함께 일을 처리해나가면서 그 사람들과의 긍정적 관계 구축을 위해 추가적으로 기울인 노력과 그 결과에 대해 기술해 주시기 바랍니다.",본인 학교생활 동아리 동호회 조직 일원으로서 동료들 협력 어려움 극복 성과 달성하기 노력했던 경험 대해 기술해 주시기 바랍니다 본인 수행한 업무 무엇 그러한 업무 맡게 되었습니까 사람들 처리해나가면서 사람들과 긍정적 관계 구축 추가적 기울인 노력 결과 대해 기술해 주시기 바랍니다
308,5,약속과 원칙을 지켜 신뢰를 형성하거나 지킨 경험에 대해 구체적으로 기술해 주시기 바랍니다. (500자 내외) - 당시 상황에 대해 구체적으로 기술하여 주시기 바랍니다. - 약속과 원칙을 지키기 위해 어떤 노력을 하였으며 그 이유는 무엇입니까? - 그 일을 계기로 본인에게 생긴 변화 또는 느낀 점은 무엇입니까?,약속 원칙 지켜 신뢰 형성하거 지킨 경험 대해 구체적 기술해 주시기 바랍니다 당시 상황 대해 구체적 기술 주시기 바랍니다 약속 원칙 지키기 어떤 노력 하였으며 이유 무엇입니까 계기 본인 생긴 변화 느낀 무엇입니까
309,5,(관련분야 이해도) 최근 에너지분야 이슈 중 중요하다고 생각되는 한가지를 선택하고 이에 관한 자신의 견해를 기술해 주시기 바랍니다. (500자 이내),최근 에너지분야 이슈 중요하다고 생각되 한가지 선택 자신 견해 기술해 주시기 바랍니다
310,5,우리 공사의 비젼은 ‘국민과 함께 행복한 세상을 가꾸는 친환경 에너지 리더’ 입니다. 이를 위한 우리공사의 역할과 입사 후 자신이 기여할 수 있는 방안에 대하여 기술해 주시기 바랍니다.,우리 공사 비젼 국민 행복한 세상 가꾸 친환경 에너지 리더 우리공사 역할 입사 자신 기여할 방안 기술해 주시기 바랍니다
311,5,지원한 직무와 관련하여 본인의 강점을 만들기 위해 노력한 경험을 기술해 주시기 바랍니다.,지원한 직무 관련 본인 강점 만들기 노력한 경험 기술해 주시기 바랍니다
312,5,"자신이 속한 조직(학교, 동아리 등) 내에서 다른 구성원과 발생한 갈등이나 어려움을 해결한 경험이 있다면, 기술해 주시기 바랍니다.",자신 속한 조직 다른 구성원 발생한 갈등 어려움 해결한 경험 있다면 기술해 주시기 바랍니다
313,5,창의적인 아이디어를 활용하여 문제를 해결하거나 좋은 성과를 도출한 경험에 대하여 기술해 주시기 바랍니다.,창의적인 아이디어 활용 문제 해결하거 성과 도출한 경험 기술해 주시기 바랍니다
314,5,"귀하가 한국동서발전㈜에 지원하게된 계기를 아래 ''가)'', ''나)''의 내용에 맞춰 기술해 주시기 바랍니다. 가) 당사의 인재상과 본인이 얼마나 부합하는지를 기술 나) 당사가 추진하는 주요 사업내용 중 가장 관심이 있는 분야와 본인이 어떤 부분에서 기여할 수 있을지를 구체적으로 기술",귀하 한국동서발전 지원하게된 계기 아래 내용 맞춰 기술해 주시기 바랍니다 당사 인재상 본인 얼마 부합하는지 기술 당사 추진 주요 사업내용 가장 관심 분야 본인 어떤 부분 기여할 있을지 구체적 기술
315,5,"귀하가 지원한 분야의 전문성에 대해서 아래 ''가)'', ''나)''의 내용에 맞춰 본인의 생각을 기술해 주시기 바랍니다. 가) 지원한 분야에서 가장 중요하다고 생각하는 전문성은 무엇인지 기술 나) ''가)''에서 기술한 내용 중 본인이 보유하고 있는 전문성의 수준은 어느 정도인지 구체적으로 기술",귀하 지원한 분야 전문성 아래 내용 맞춰 본인 생각 기술해 주시기 바랍니다 지원한 분야 가장 중요하다고 생각 전문성 무엇인지 기술 기술한 내용 본인 보유 전문성 수준 어느 정도인지 구체적 기술
316,5,"귀하가 자신의 전문성을 높이기 위해 노력한 것을 아래 ''가)'', ''나)''의 내용에 맞춰 기술해 주시기 바랍니다. 가) 자신의 분야에서 뛰어난 전문가가 되기 위해 본인이 ''노력한 것'' 기술 나) 자신의 분야에서 뛰어난 전문가가 되기 위해 ''준비하고 있는 것'' 기술",귀하 자신 전문성 높이기 노력한 아래 내용 맞춰 기술해 주시기 바랍니다 자신 분야 뛰어난 전문가 되기 본인 노력한 기술 자신 분야 뛰어난 전문가 되기 준비 기술
317,5,"기존 업무 방식의 비효율적인 측면을 발견하고, 이를 개선했던 경험에 대해 아래 ''가)'', ''나)''의 내용에 맞춰 기술해 주시기 바랍니다. 가) 당시 진행했던 업무에 대해서 간략히 기술 나) 본인이 제시한 개선 방법과 그 결과에 대해 구체적으로 기술",기존 업무 방식 비효율적인 측면 발견 개선했던 경험 대해 아래 내용 맞춰 기술해 주시기 바랍니다 당시 진행했던 업무 간략히 기술 본인 제시한 개선 방법 결과 대해 구체적 기술
318,5,"동료(친구) 등과 입장차이로 대립했던 경험에 대해 아래 ''가)'', ''나)''의 내용에 맞춰 기술해 주시기 바랍니다. 가) 당시 갈등상황에 대해서 간략히 기술 나) 본인이 갈등상황을 어떻게 대처하였는지를 구체적으로 기술",동료친구 입장차이 대립했던 경험 대해 아래 내용 맞춰 기술해 주시기 바랍니다 당시 갈등상황 간략히 기술 본인 갈등상황 어떻게 대처하였는지 구체적 기술
319,5,"공공의 이익을 위해 자발적으로 노력한 경험에 대해 아래 ''가)'', ''나)''의 내용에 맞춰 기술해 주시기 바랍니다. 가) 당시 상황을 간략히 기술 나) 자신이 한 행동의 내용과 이유를 구체적으로 기술",공공 이익 자발적 노력한 경험 대해 아래 내용 맞춰 기술해 주시기 바랍니다 당시 상황 간략히 기술 자신 행동 내용 이유 구체적 기술
320,5,아리랑국제방송 해당직무를 지원한 동기 및 열정을 생각해 보시기 바랍니다. 해당직무를 지원하기까지 그 동안 어떠한 노력을 해 왔는지 구체적으로 작성해 주시기 바랍니다.,아리랑국제방송 해당직무 지원한 동기 열정 생각해 보시기 바랍니다 해당직무 지원하기 동안 어떠한 노력 왔는지 구체적 작성해 주시기 바랍니다
321,5,"최근 본인이 심적·체력적·환경적으로 한계에 부딪혔던 상황에 대해 생각해 보시기 바랍니다. 어떠한 상황이었는지, 이를 해결하기 위한 노력은 무엇이었는지 구체적으로 작성해 주시기 바랍니다.",최근 본인 심적체력적환경적 한계 부딪혔던 상황 대해 생각해 보시기 바랍니다 어떠한 상황이었는지 해결하기 노력 무엇이었는지 구체적 작성해 주시기 바랍니다
322,5,지금까지 학교 또는 조직 생활에서 누군가와 함께 공동의 목표를 이루기 위해 노력했던 경험을 생각해 보시기 바랍니다. 그 목표를 이루기 위한 본인의 역할과 노력 그리고 그 결과는 어떠했는지 구체적으로 작성해 주시기 바랍니다.,지금 학교 조직 생활 누군가 공동 목표 이루기 노력했던 경험 생각해 보시기 바랍니다 목표 이루기 본인 역할 노력 그리고 결과 어떠했는지 구체적 작성해 주시기 바랍니다
323,5,아리랑국제방송의 존재 이유에 대해 생각해 보시기 바랍니다. 우리 방송의 지속적 존재를 위한 본인의 역할과 입사 후 이루고자하는 목표에 대하여 구체적으로 작성해 주시기 바랍니다.,아리랑국제방송 존재 이유 대해 생각해 보시기 바랍니다 우리 방송 지속적 존재 본인 역할 입사 이루고자 목표 구체적 작성해 주시기 바랍니다
324,5,지원자 본인이 불확실한 결과를 두려워하지 않고 열정적으로 노력하는 사람임을 가장 잘 나타내는 최근 5년이내의 사례를 기술해 주시기 바랍니다.,지원자 본인 불확실한 결과 두려워 열정적 노력 사람임 가장 나타내 최근 5년이내 사례 기술해 주시기 바랍니다
325,5,지원자 본인이 자신의 지원분야에 대한 전문성을 향상시키기 위해 꾸준히 노력하는 사람임을 가장 잘 나타내는 최근 5년 이내의 사례를 기술해 주시기 바랍니다.,지원자 본인 자신 지원분야 전문성 향상시키기 꾸준히 노력 사람임 가장 나타내 최근 5년 이내 사례 기술해 주시기 바랍니다
326,5,"지원자 본인이, 자신의 소속 집단뿐만 아니라 주변 사람/집단까지 고려하고 배려하는 사람임을 가장 잘 나타내는 최근 5년 이내의 사례를 기술해 주시기 바랍니다.",지원자 본인 자신 소속 집단뿐 아니라 주변 사람집단 고려 배려 사람임 가장 나타내 최근 5년 이내 사례 기술해 주시기 바랍니다
327,5,"자신의 성장과정 및 개인 특성, 장점을 중심으로 본인을 소개해 주시기 바랍니다.",자신 성장과정 개인 특성 장점 중심 본인 소개해 주시기 바랍니다
328,5,"어떤 일을 맡아서 수행하며 정해진 절차나 규정을 준수하기 어려운 상황에 처했던 경험에 대해 이야기해 주시기 바랍니다. 당시 상황을 간략히 기술하고, 지켜야 했었던 절차 또는 규정이 무엇이었는지, 어떤 이유로 그것들을 준수하기 어려웠는지 서술해주시기 바랍니다.",어떤 맡아서 수행 정해진 절차 규정 준수하기 어려운 상황 처했던 경험 대해 이야기해 주시기 바랍니다 당시 상황 간략히 기술 지켜야 했었던 절차 규정 무엇이었는지 어떤 이유 그것들 준수하기 어려웠는지 서술해주시기 바랍니다
329,5,"응시자께서 지원한 분야의 전문성을 쌓기 위해 어떠한 노력들을 해왔고, 그러한 노력을 통해 쌓은 전문성을 활용하여 한국국제협력단의 미션과 비전 달성에 어떻게 기여할 수 있는지 기술하여 주시기 바랍니다.",응시자께서 지원한 분야 전문성 쌓기 어떠한 노력들 해왔고 그러한 노력 전문성 활용 한국국제협력단 미션 비전 달성 어떻게 기여할 있는지 기술 주시기 바랍니다
330,5,본인만의 강점 및 경력을 바탕으로 자기소개를 기술하여 주시기 바랍니다,본인만 강점 경력 바탕 자기소개 기술 주시기 바랍니다
331,5,기억에 남는 팀 활동과 팀 내 본인의 역할에 대해 기술하여 주시기 바랍니다.,기억 활동 본인 역할 대해 기술 주시기 바랍니다
332,5,호반그룹 체험형 인턴/서포터즈에 지원하게 된 동기에 대해 기술하여 주시기 바랍니다.,호반그룹 체험형 인턴서포터즈 지원하게 동기 대해 기술 주시기 바랍니다
333,5,"지원 직무 관련 최근 Trend에 대해 간략히 기술하고, 이에 대한 본인의 견해를 구체적으로 기술하여 주시기 바랍니다.",지원 직무 최근 Trend 대해 간략히 기술 본인 견해 구체적 기술 주시기 바랍니다
334,5,최근 사회이슈 중 중요하다고 생각되는 한가지를 선택하고 이에 관한 자신의 견해를 기술해 주시기 바랍니다. / 1000자 (영문작성 시 2000자) 이내,최근 사회이슈 중요하다고 생각되 한가지 선택 자신 견해 기술해 주시기 바랍니다
335,5,한국가스안전공사가 진행하는 사업에 관심을 갖고 공사에 지원한 동기에 대해 구체적으로 기술해 주시기 바랍니다.,한국가스안전공사 진행 사업 관심 갖고 공사 지원한 동기 대해 구체적 기술해 주시기 바랍니다
336,5,논리적 사고 및 근거의 타당성을 통해 문제점을 발견하고 개선한 경험에 대하여 구체적으로 기술해 주시기 바랍니다.,논리적 사고 근거 타당성 문제점 발견 개선한 경험 구체적 기술해 주시기 바랍니다
337,5,지원자께서 소속된 조직의 발전을 위해 공동체 의식을 가지고 노력한 경험에 대해 기술해 주시기 바랍니다.,지원자께서 소속된 조직 발전 공동체 의식 가지고 노력한 경험 대해 기술해 주시기 바랍니다
338,5,지원자께서 어떠한 목적의식을 가지고 장기간 자기개발을 이룬 성과와 이를 바탕으로 어떻게 업무에 적용할지에 대하여 기술해 주시기 바랍니다.,지원자께서 어떠한 목적의식 가지고 장기간 자기개발 이룬 성과 바탕 어떻게 업무 적용할지 기술해 주시기 바랍니다
339,5,"본인이 속한 조직에서 비윤리적인 상황을 목격한 경험이 있다면 그 경험을 기술하고, 그 과정에서 어떻게 행동하였는지 구체적으로 기술하여 주시기 바랍니다.(300자 이상 500자 이내)",본인 속한 조직 비윤리적인 상황 목격한 경험 있다면 경험 기술 과정 어떻게 행동하였는지 구체적 기술 주시기 바랍니다
340,5,국민연금제도는 국민의 노후 소득보장을 위한 사회보장제도입니다. 국민연금 제도 특성을 고려하여 제도를 시행하는 목적 등 국민연금 제도에 대한 자신의 생각을 구체적으로 기술하여 주시기 바랍니다.(300자 이상 500자 이내),국민연금제도 국민 노후 소득보장 사회보장제도 국민연금 특성 고려 제도 시행 목적 국민연금 제도 자신 생각 구체적 기술 주시기 바랍니다
341,5,지원 직무에 대해 본인이 이해하고 있는 내용을 상세하게 기술해 주시기 바랍니다.,지원 직무 대해 본인 이해 내용 상세하게 기술해 주시기 바랍니다
342,5,지원 직무와 관련하여 해당분야의 전문성을 갖추기 위해 노력한 경험을 모두 기술해 주시기 바랍니다.,지원 직무 관련 해당분야 전문성 갖추기 노력한 경험 모두 기술해 주시기 바랍니다
343,5,최근 사회이슈 중 중요하다고 생각되는 한가지를 선택하고 이에 관한 자신의 견해를 기술해 주시기 바랍니다.(994자 / 1000자),최근 사회이슈 중요하다고 생각되 한가지 선택 자신 견해 기술해 주시기 바랍니다
344,5,"본인의 경험 중 다양한 배경, 생각을 가진 사람들과 협업하여 문제를 해결한 경험에 대해 기술해 주시기 바랍니다.(990자 / 1000자)",본인 경험 다양한 배경 생각 가진 사람들 협업 문제 해결한 경험 대해 기술해 주시기 바랍니다
345,5,지원 직무와 관련된 수강 과목 및 경험을 간략하게 기술하여 주시기 바랍니다. (996/1000),지원 직무 관련된 수강 과목 경험 간략하게 기술 주시기 바랍니다
346,5,지원 직무 수행과 연계한 본인만의 경쟁력 및 강점을 기술하여 주시기 바랍니다. (1000/1000),지원 직무 수행 연계한 본인만 경쟁력 강점 기술 주시기 바랍니다
347,5,"지원 직무 관련 최근 Trend를 간략히 기술하고, 이에 대한 본인의 견해를 구체적으로 기술하여 주시기 바랍니다. (974/1000)",지원 직무 최근 Trend 간략히 기술 본인 견해 구체적 기술 주시기 바랍니다
348,5,우리은행에 지원하게 된 동기와 입행 후 은행에서 이루고 싶은 꿈을 구체적으로 기술해 주시기 바랍니다.,우리은행 지원하게 동기 입행 은행 이루고 구체적 기술해 주시기 바랍니다
349,5,본인이 가지고 있는 ‘디지털 DNA’는 무엇인지 구체적으로 기술해 주시기 바랍니다.,본인 가지고 디지털 DNA 무엇인지 구체적 기술해 주시기 바랍니다
350,5,"‘우리WON뱅킹’을 비롯한 우리은행의 디지털 금융 서비스 중 본인이 직접 개선해보고 싶거나, 추가로 만들어보고 싶은 것이 있다면 그 방법과 이유에 대해 구체적으로 작성해 주시기 바랍니다.",우리WON뱅킹 비롯한 우리은행 디지털 금융 서비스 본인 직접 개선해보고 싶거 추가 만들어보고 있다면 방법 이유 대해 구체적 작성해 주시기 바랍니다
351,5,성장과정 및 생활신조 등 자기소개를 기술하여 주시기 바랍니다.,성장과정 생활신조 자기소개 기술 주시기 바랍니다
352,5,"성격, 능력 관련 본인의 장단점을 기술하여 주시기 바랍니다.",성격 능력 본인 장단점 기술 주시기 바랍니다
353,5,지금까지 본인의 경험 중 가장 기억에 남는 성공 사례와 실패 사례에 대하여 기술하여 주시기 바랍니다.,지금 본인 경험 가장 기억 성공 사례 실패 사례 기술 주시기 바랍니다
354,5,"최근 사회이슈 중 중요하다고 생각되는 한가지를 선택하고, 이에 관한 자신의 견해를 기술해 주시기 바랍니다.",최근 사회이슈 중요하다고 생각되 한가지 선택 자신 견해 기술해 주시기 바랍니다
355,5,"캠코의 4가지 인재상 중 본인과 가장 부합된다고 생각하는 인재상은 무엇이며, 그에 비추어 캠코에 지원하게 된 이유와 이를 위해 준비한 본인의 역량 (경쟁력, 강점, 노력 등)에 대해 구체적으로 기술해 주시기 바랍니다.",캠코 4가지 인재상 본인 가장 부합된다고 생각 인재상 무엇 비추어 캠코 지원하게 이유 준비한 본인 역량 대해 구체적 기술해 주시기 바랍니다
356,5,"캠코에 입사 후 희망하는 직무와 이루고자 하는 목표는 무엇이며, 목표를 달성하기 위한 자기개발계획에 대해 구체적으로 기술해 주시기 바랍니다.",캠코 입사 희망 직무 이루고자 목표 무엇 목표 달성하기 자기개발계획 대해 구체적 기술해 주시기 바랍니다
357,5,"지원분야와 관련된 경험 또는 경력 중 본인에게 주어진 역할을 명확히 이해하고 최선을 다하여 소기의 성과를 낸 사항에 대해 수행 역할, 행동, 성과를 중심으로 구체적으로 기술해 주시기 바랍니다.",지원분야 관련된 경험 경력 본인 주어진 역할 명확히 이해 최선 소기 성과 사항 대해 수행 역할 행동 성과 중심 구체적 기술해 주시기 바랍니다
358,5,"나는 어떠한 사람이며, 코웨이 입사가 본인에게 어떤 의미를 부여할 것인지 서술해 주시기 바랍니다.",어떠한 사람 코웨 입사 본인 어떤 의미 부여할 것인지 서술해 주시기 바랍니다
359,5,코웨이 인재상에 부합하는 인재라 할 수 있는 역량과 그와 관련된 경험을 서술해 주시기 바랍니다.,코웨 인재상 부합 인재라 역량 관련된 경험 서술해 주시기 바랍니다
360,5,전략적 사고를 통해 문제를 해결한 경험과 그 과정을 서술해 주시기 바랍니다.,전략적 사고 문제 해결한 경험 과정 서술해 주시기 바랍니다
361,5,지원 분야의 필요역량을 키우기 위해 준비한 과정과 어떤 노력을 했는지 등 적합하다고 판단할 수 있는 근거를 서술해 주시기 바랍니다.,지원 분야 필요역량 키우기 준비한 과정 어떤 노력 했는지 적합하다고 판단할 근거 서술해 주시기 바랍니다
362,5,최근 사회이슈 중 중요하다고 생각되는 한가지를 선택하고 이에 관한 자신의 견해를 기술해 주시기 바랍니다. 1000자 (영문작성 시 2000자) 이내,최근 사회이슈 중요하다고 생각되 한가지 선택 자신 견해 기술해 주시기 바랍니다
363,5,중소벤처기업진흥공단에 지원한 동기와 중진공이 자신을 채용해야만 하는 이유를 자신의 능력·경력·장점을 포함하여 기술해 주시기 바랍니다. * [500자 이내],중소벤처기업진흥공단 지원한 동기 중진공 자신 채용해야 이유 자신 능력경력장점 포함 기술해 주시기 바랍니다
364,5,"중소벤처기업진흥공단의 핵심가치인 현장중심(Field), 청렴성(Integrity), 성과지향 (Real Outcome), 전문성(Speciality), 팀워크(Teamwork) 중에서 본인이 직접 경험 한 항목을 선택하여 설명하고, 해당 경험이 향후 우리 중진공에 어떻게 기여할 수 있는지 작성하여 주시기 바랍니다. * [500자 이내]",중소벤처기업진흥공단 핵심가치인 현장중심 청렴성 성과지향 전문성 팀워크 본인 직접 경험 항목 선택 설명 해당 경험 향후 우리 중진공 어떻게 기여할 있는지 작성 주시기 바랍니다
365,5,최근 5년 이내 어떠한 목적을 달성코자(혹은 개인역량을 키우고자) 귀하의 역량이 결정적 힘을 발휘하여 어떠한 문제해결이나 곤란한 상황 등을 극복할 수 있었던 사례를 구체적으로 기술하여 주시기 바랍니다. * [700자 이내],최근 5년 이내 어떠한 목적 달성코자 귀하 역량 결정적 발휘 어떠한 문제해결 곤란한 상황 극복할 있었던 사례 구체적 기술 주시기 바랍니다
366,5,"경력/경험기술서 직무관련 경력/경험 사항에 대해 상세히 기술하여 주시기 바랍니다. - 구체적으로 직무영역, 활동/경험/수행내용, 본인 역할 및 구체적 행동, 주요 성과 등 작성 [1000자 이내]",경력경험기술서 직무 경력경험 사항 대해 상세히 기술 주시기 바랍니다 구체적 직무영역 활동경험수행내용 본인 역할 구체적 행동 주요 작성
367,5,SPC삼립에 지원한 동기를 기술하여 주시기 바랍니다.,SPC삼립 지원한 동기 기술 주시기 바랍니다
368,5,"지원직무와 관련하여, 본인의 주요성과에 대하여 기술하여 주시기 바랍니다.",지원직무 관련 본인 주요성과 기술 주시기 바랍니다
369,5,"다소 불편하고 부적절하다고 생각했던 조직(팀, 학교 등)의 규칙이나 절차가 있었다면 이야기해 주시기 바랍니다.",다소 불편 부적절하다고 생각했던 조직 규칙 절차 있었다면 이야기해 주시기 바랍니다
370,5,"울산과학기술원 직원 채용 지원 동기와 입사 후 UNIST 직원으로 성취하고자 하는 목표가 무엇인지 구체적으로 기술해 주시기 바랍니다.(1,000자 이내) (1000자)",울산과학기술원 직원 채용 지원 동기 입사 UNIST 직원 성취하고자 목표 무엇인지 구체적 기술해 주시기 바랍니다
371,5,"직무관련 경험기술서 (3,000Bytes 이내) 상단에 작성한 직무관련 경험사항에 대해 본인이 수행한 활동 조직, 역할 및 구체적 활동 내용, 주요 결과 등에 대해 상세히 기술해 주시기 바랍니다.",직무 경험기술서 상단 작성한 직무 경험사항 대해 본인 수행한 활동 조직 역할 구체적 활동 내용 주요 대해 상세히 기술해 주시기 바랍니다
372,5,수업 혹은 실무를 통해 수행한 데이터분석 및 머신러닝 모델링 작업 관련하여 본인이 수행한 부분에 대해 상세하고 구체적으로 기술해 주시기 바랍니다.,수업 실무 수행한 데이터분석 머신러닝 모델링 작업 관련 본인 수행한 부분 대해 상세 구체적 기술해 주시기 바랍니다
373,5,"본인이 소속된 조직(학과, 인턴, 동아리, 프로젝트 등)의 목표를 달성하기 위해 노력했던 경험을 아래 항목에 따라 기술해 주시기 바랍니다. (800-1000자)",본인 소속된 조직 목표 달성하기 노력했던 경험 아래 항목 따라 기술해 주시기 바랍니다
374,5,어떤 업무를 처리하는 과정에서 다양한 상황들을 고려하여 의사결정을 내렸던 경험에 대해 아래 항목에 따라 기술해 주시기 바랍니다.,어떤 업무 처리 과정 다양한 상황들 고려 의사결정 내렸던 경험 대해 아래 항목 따라 기술해 주시기 바랍니다
375,5,오류없이 성공적으로 과제 또는 업무를 수행하고자 최선을 다했던 경험을 아래 항목에 따라 기술해 주시기 바랍니다.,오류없 성공적 과제 업무 수행하고자 최선 다했던 경험 아래 항목 따라 기술해 주시기 바랍니다
376,5,정확한 분석을 통해 복잡하게 얽힌 과제나 문제를 해결했던 경험에 대해 아래 항목에 따라 기술해 주시기 바랍니다.,정확한 분석 복잡하게 얽힌 과제 문제 해결했던 경험 대해 아래 항목 따라 기술해 주시기 바랍니다
377,5,자신과 이견을 가진 상대방과 협상하여 모두에게 유리한 최종안을 도출했던 경험을 아래 항목에 따라 기술해 주시기 바랍니다.,자신 이견 가진 상대방 협상 모두 유리한 최종안 도출했던 경험 아래 항목 따라 기술해 주시기 바랍니다
378,5,최근에 문제를 개선·해결하기 위해 아이디어를 제시했던 경험에 대해 생각해 보시기 바랍니다. 아이디어의 구체적 내용과 적용과정 및 결과에 대해 구체적으로 작성해 주시기 바랍니다.,최근 문제 개선해결하기 아이디어 제시했던 경험 대해 생각해 보시기 바랍니다 아이디어 구체적 내용 적용과정 결과 대해 구체적 작성해 주시기 바랍니다
379,5,"최근 누군가와 함께 활동을 해서 좋은 결과를 얻었던 경험을 생각해 보시기 바랍니다. 공동의 목표가 무엇이었는지, 목표를 이루기 위한 본인의 역할과 노력, 결과에 대해 구체적으로 작성해 주시기 바랍니다.",최근 누군가 활동 결과 얻었던 경험 생각해 보시기 바랍니다 공동 목표 무엇이었는지 목표 이루기 본인 역할 노력 결과 대해 구체적 작성해 주시기 바랍니다
380,5,어떤 업무를 처리하는 과정에서 다양한 상황들을 고려하여 의사결정을 내렸던 경험에 대해 아래 항목에 따라 기술해 주시기 바랍니다. [출처] 한국도로공사 채용형인턴 자기소개서 자소서 문항 20년 상반기 (~6/1),어떤 업무 처리 과정 다양한 상황들 고려 의사결정 내렸던 경험 대해 아래 항목 따라 기술해 주시기 바랍니다 출처 한국도로공사 채용형인턴 자기소개서 자소서 문항 20년 상반기 61
381,5,정확한 분석을 통해 복잡하게 얽힌 과제나 문제를 해결했던 경험에 대해 아래 항목에 따라 기술해 주시기 바랍니다. [출처] 한국도로공사 채용형인턴 자기소개서 자소서 문항 20년 상반기 (~6/1),정확한 분석 복잡하게 얽힌 과제 문제 해결했던 경험 대해 아래 항목 따라 기술해 주시기 바랍니다 출처 한국도로공사 채용형인턴 자기소개서 자소서 문항 20년 상반기 61
382,5,"공단의 인재상(창의인, 전문인, 소통인) 중 한가지를 골라 이와 연관된 경험, 활동, 노력 등을 포함하여 지원자가 공단의 인재상에 부합된다는 근거를 구체적으로 기술하여 주시기 바랍니다.",공단 인재상 한가지 골라 연관된 경험 활동 노력 포함 지원자 공단 인재상 부합된다 근거 구체적 기술 주시기 바랍니다
383,5,"타인의 신뢰를 얻어 일의 성과를 이룬 경험에 대해 신뢰를 얻은 과정 및 성과를 이루기까지 어려웠던 점과 해결방안, 성과를 중심으로 구체적으로 기술하여 주시기 바랍니다.",타인 신뢰 얻어 성과 이룬 경험 대해 신뢰 과정 성과 이루기 어려웠던 해결방안 성과 중심 구체적 기술 주시기 바랍니다
384,5,"경력 및 경험기술서 - 입사지원서에 기술한 경력 및 경험 사항에 대해 상세히 기술해 주시기 바랍니다. -구체적으로 직무영역, 활동/경험/수행 내용, 본인의 역할 및 구체적 행동, 주요 성과에 대해 작성해 주시기 바랍니다. [ 500자 이상 1000자 이내 ]",경력 경험기술서 입사지원서 기술한 경력 경험 사항 대해 상세히 기술해 주시기 바랍니다 구체적 직무영역 활동경험수행 내용 본인 역할 구체적 행동 주요 성과 대해 작성해 주시기 바랍니다
385,5,직무수행계획서 - 한국시설안전공단의 운영방침과 지원하는 분야의 직무 중심으로 공단의 경영혁신을 위한 직무수행 계획을 작성해 주시기 바랍니다. [ 500자 이상 800자 이내 ],직무수행계획서 한국시설안전공단 운영방침 지원 분야 직무 중심 공단 경영혁신 직무수행 계획 작성해 주시기 바랍니다
386,5,"삼성바이오로직스의 행동가치에 비추어 본인이 가지고 있는 역량을 사례와 함께 기술해 주시기 바랍니다. (1,000자)",삼성바이오로직스 행동가치 비추어 본인 가지고 역량 사례 기술해 주시기 바랍니다
387,5,"한국환경공단에 지원하게 된 동기와 지원직무에 대한 본인의 경험, 경력, 교육 등을 연계하여 자세히 기술하여 주시기 바랍니다.",한국환경공단 지원하게 동기 지원직무 본인 경험 경력 교육 연계 자세히 기술 주시기 바랍니다
388,5,"본인의 장, 단점 등 자신을 자유롭게 표현하여 주시기 바랍니다.",본인 단점 자신 자유롭게 표현 주시기 바랍니다
389,5,"한국환경공단의 주요 이슈에 대하여 한가지 언급하고, 이에 대한 본인의 의견을 서술하여 주시기 바랍니다.",한국환경공단 주요 이슈 한가지 언급 본인 의견 서술 주시기 바랍니다
390,5,한국환경공단에 입사 시 본인의 지원직무와 관련된 업무를 어떻게 수행해 나갈 것인지에 대하여 작성하여 주시기 바랍니다.,한국환경공단 입사 본인 지원직무 관련된 업무 어떻게 수행해 나갈 것인지 작성 주시기 바랍니다
391,5,경험/경력기술서 입사지원서에 기술한 직무 경력이나 직무관련 기타 활동에 대해 상세히 기술해 주시기 바랍니다.,경험경력기술서 입사지원서 기술한 직무 경력 직무 기타 활동 대해 상세히 기술해 주시기 바랍니다
392,5,지원 직무를 수행하기 위한 본인의 지식(knowledge) 또는 기술(skill)의 활용방안을 서술해 주시기 바랍니다. (500자 이내),지원 직무 수행하기 본인 지식 기술 활용방안 서술해 주시기 바랍니다
393,5,지원자께서 최근에 다른 사람을 만족시키기 위해 노력했던 경험(사례)를 서술해 주시기 바랍니다. (500자 이내),지원자께서 최근 다른 사람 만족시키기 노력했던 경험사례 서술해 주시기 바랍니다
394,5,"성명, 출신학교, 출신지역, 성별, 연령 등 개인 인적사항이 노출되지 않도록 기술해 주시기 바랍니다. · 입사지원서에 기술한 직무관련 교육·훈련, 경력 및 기타 활동에 대해 상세히 기술해 주시기 바랍니다. · 구체적으로 본인이 수행한 활동 내용, 소속 조직이나 활동에서의 역할, 활동 결과에 대해 작성해 주시기 바랍니다.",성명 출신학교 출신지역 성별 연령 개인 인적사항 노출되지 않도록 기술해 주시기 바랍니다 입사지원서 기술한 직무 교육훈련 경력 기타 활동 대해 상세히 기술해 주시기 바랍니다 구체적 본인 수행한 활동 내용 소속 조직 활동에서 역할 활동 결과 대해 작성해 주시기 바랍니다
395,5,조직 및 단체생활을 하면서 공동의 목표를 달성하기 위해 조직원들과 협력하여 원하는 성과를 얻었던 경험에 대해 구체적으로 작성 해 주시기 바랍니다.,조직 단체생활 하면서 공동 목표 달성하기 조직원들 협력 성과 얻었던 경험 대해 구체적 작성 주시기 바랍니다
396,5,"한국해양교통안전공단이 향후 나아가야 할 방향은 무엇이고, 이를 위해 본인이 기여할 수 있는 부분은 무엇인지 구체적으로 작성 해 주시기 바랍니다.",한국해양교통안전공단 향후 나아가야 방향 무엇 본인 기여할 부분 무엇인지 구체적 작성 주시기 바랍니다
397,5,"지원자 본인이, 현실과 타협하거나 편법을 사용하지 않고, 원칙대로 일을 처리하는 사람임을 가장 잘 나타내는 최근 5년 이내의 사례를 기술해 주시기 바랍니다.",지원자 본인 현실 타협하거 편법 사용 원칙대 처리 사람임 가장 나타내 최근 5년 이내 사례 기술해 주시기 바랍니다
398,5,"지원자 본인이, 변화를 두려워하지 않고 통찰력과 창의적인 사고로 꾸준히 혁신하고 변화를 주도하는 사람임을 가장 잘 나타내는 최근 5년 이내의 사례를 기술해 주시기 바랍니다.",지원자 본인 변화 두려워 통찰력 창의적인 사고 꾸준히 혁신 변화 주도 사람임 가장 나타내 최근 5년 이내 사례 기술해 주시기 바랍니다
399,5,"지원자 본인이, 진정성과 소통을 바탕으로 신뢰를 구축하는 사람임을 가장 잘 나타내는 최근 5년 이내의 사례를 기술해 주시기 바랍니다.",지원자 본인 진정성 소통 바탕 신뢰 구축 사람임 가장 나타내 최근 5년 이내 사례 기술해 주시기 바랍니다
400,5,"입사지원서에 기술한 경력사항 및 직무관련 기타 활동에 대해 상세히 기술해 주시기 바랍니다. * 구체적으로 본인이 수행한 활동 조직, 역할 및 구체적 활동 내용, 주요 결과에 대해 작성해 주시기 바랍니다.",입사지원서 기술한 경력사항 직무 기타 활동 대해 상세히 기술해 주시기 바랍니다 구체적 본인 수행한 활동 조직 역할 구체적 활동 내용 주요 결과 대해 작성해 주시기 바랍니다
401,5,"한국관광공사의 주요 사업을 분류하고, 각각의 특성에 대해 아시는 대로 작성해 주시기 바랍니다.",한국관광공사 주요 사업 분류 각각 특성 대해 아시 작성해 주시기 바랍니다
402,5,지원한 동기(관심을 가지게 된 계기 등)와 근무를 통해 실천하고자 하는 목표를 기술해 주시기 바랍니다.,지원한 동기 근무 실천하고자 목표 기술해 주시기 바랍니다
403,5,"직무관련 연구 및 특수훈련 등 경험 자신이 진행한 연구 및 프로젝트 또는 응시분야와 관련한 기타 경험을 요약하여 간단히 작성해 주시기 바랍니다. 단, 2500Byte 이내",직무 연구 특수훈련 경험 자신 진행한 연구 프로젝트 응시분야 관련한 기타 경험 요약 간단히 작성해 주시기 바랍니다 2500Byte 이내
404,5,"자기소개서 지원동기 및 지원하신 직무를 잘 수행할 수 있는 이유, 직무 또는 연구분야에 대한 본인의 강점과 성과, 입사 후 자신의 경력목표 등에 대해 자유롭게 기술해 주시기 바랍니다. 단, 4000Byte 이내",자기소개서 지원동기 지원하신 직무 수행할 이유 직무 연구분야 본인 강점 입사 자신 경력목표 대해 자유롭게 기술해 주시기 바랍니다 4000Byte 이내
405,5,<경험기술서> 직무와 관련된 경험을 작성하여 주시기 바랍니다.,경험기술서 직무 관련된 경험 작성 주시기 바랍니다
406,5,자신이 어려운 문제를 해결하여 조직의 일부 또는 전체에 상당히 긍정적인 결과를 가져온 경험에 대해 기술하여 주시기 바랍니다. [ 1자 이상 500자 이내],자신 어려운 문제 해결 조직 일부 전체 상당히 긍정적인 결과 가져온 경험 대해 기술 주시기 바랍니다
407,5,자신이 속한 조직에서 다른 구성원과 이해관계가 대립했던 경험과 그 상황을 어떻게 극복했는지 기술하여 주시기 바랍니다. [ 1자 이상 500자 이내 ],자신 속한 조직 다른 구성원 이해관계 대립했던 경험 상황 어떻게 극복했는지 기술 주시기 바랍니다
408,5,자신이 팀의 일원으로서 중요한 목표를 달성하기 위하여 타인과 협력했던 경험이 있으면 기술하여 주시기 바랍니다. [ 1자 이상 500자 이내 ],자신 일원으로서 중요한 목표 달성하기 타인 협력했던 경험 있으면 기술 주시기 바랍니다
409,5,"지원직무와 관련하여, 본인의 주요성과 및 과정에 대하여 기술하여 주시기 바랍니다(600)",지원직무 관련 본인 주요성 과정 기술 주시기 바랍니다600
410,5,"한국산업단지공단에 지원한 동기(관심을 가지게 된 계기, 시기 등)와 청년인턴 근무를 통해 실천하고자 하는 목표를 차별화된 본인의 역량과 결부시켜 기술해 주시기 바랍니다. (500자 이내)",한국산업단지공단 지원한 동기 청년인턴 근무 실천하고자 목표 차별화된 본인 역량 결부시켜 기술해 주시기 바랍니다
411,5,새로운 조직에 들어가 적응하기 위해 노력했던 경험에 대해 기술해 주시기 바랍니다.?(500자 이내),새로운 조직 들어 적응하기 노력했던 경험 대해 기술해 주시기 바랍니다
412,5,"[전문성] 입사지원서에 기술한 직무와 관련하여 활동/경험, 본인의 역할, 주요 성과 등을 구체적으로 기술하고, 현업에서의 활용방안에 대한 생각을 작성하여 주시기 바랍니다.",전문성 입사지원서 기술한 직무 관련 활동경험 본인 역할 주요 구체적 기술 현업에서 활용방안 생각 작성 주시기 바랍니다
413,5,[직업윤리] 공공기관에서 업무를 수행함에 있어 직원이 가져야 할 가장 중요한 직업윤리는 무엇이라고 생각하는지 본인의 경험이나 가치관을 중심으로기술하여 주시기 바랍니다.,직업윤리 공공기관 업무 수행함 있어 직원 가져야 가장 중요한 직업윤리 무엇이라고 생각하는지 본인 경험 가치관 중심으로기술 주시기 바랍니다
414,5,SPC삼립에 지원한 동기를 기술하여 주시기 바랍니다. (600자),SPC삼립 지원한 동기 기술 주시기 바랍니다 600자
415,5,"지원직무와 관련하여, 본인의 주요성과 및 과정에 대하여 기술하여 주시기 바랍니다.?(600자)",지원직무 관련 본인 주요성 과정 기술 주시기 바랍니다600자
416,5,"직무능력소개서 * 지원한 직무와 관련된 경험(경력)사항에 대해 상세히 기술해 주시기 바랍니다.* 본인의 역할과 행동 그리고 주요 성과를 중심으로, 구체적으로 작성해주시기 바랍니다.",직무능력소개서 지원한 직무 관련된 경험경력사항 대해 상세히 기술해 주시기 바랍니다 본인 역할 행동 그리고 주요 성과 중심 구체적 작성해주시기 바랍니다
417,5,지원분야와 관련된 본인의 보유 역량을 기술하여 주시기 바랍니다. (400자),지원분야 관련된 본인 보유 역량 기술 주시기 바랍니다 400자
418,5,"자신의 장점을 더욱 극대화 시키거나, 약점을 보완하기 위해 특별히 노력하여 좋은 결과로 이어졌던 경험에 대하여 기술하여 주시기 바랍니다. (400자)",자신 장점 더욱 극대화 시키거 약점 보완하기 특별히 노력 결과 이어졌던 경험 기술 주시기 바랍니다 400자
419,5,갑작스럽게 발생한 주변 환경의 변화에 대응하고 적응하기 위해 기존에는 생각하지 못했던 방법을 활용했던 경험에 대해 기술하여 주시기 바랍니다. (400자),갑작스럽게 발생한 주변 환경 변화 대응 적응하기 기존에 생각 못했던 방법 활용했던 경험 대해 기술 주시기 바랍니다 400자
420,5,"가정, 학교, 기타 사회생활 과정에서 타인과의 갈등이 발생했을 때 이를 해결하기 위해 노력하여 성공적인 결과를 얻었던 경험에 대해 기술하여 주시기 바랍니다. (400자)",가정 학교 기타 사회생활 과정 타인과 갈등 발생했 해결하기 노력 성공적인 결과 얻었던 경험 대해 기술 주시기 바랍니다 400자
421,5,"서울시설공단 인재상 중에서 본인과 부합된다고 생각하는 인재상(전문인, 창조인, 소통인)을 하나 선택하여 본인의 보유 역량과 결부하여 기술하여 주시기 바랍니다. (400자)",서울시설공단 인재상 본인 부합된다고 생각 인재상 선택 본인 보유 역량 결부 기술 주시기 바랍니다 400자
422,5,한국정보화진흥원 지원 동기와 어떤 부분에 기여하고 싶은지 구체적으로 작성해 주시기 바랍니다.,한국정보화진흥원 지원 동기 어떤 부분 기여 싶은지 구체적 작성해 주시기 바랍니다
423,5,당면한 문제를 효과적으로 해결했던 경험에 대해 구체적으로 작성해 주시기 바랍니다.,당면한 문제 효과적 해결했던 경험 대해 구체적 작성해 주시기 바랍니다
424,5,자신이 속한 조직이나 단체 생활에서 다른 구성원과 발생한 어려움이나 갈등을 극복한 경험에 대해 구체적으로 작성해 주시기 바랍니다.,자신 속한 조직 단체 생활 다른 구성원 발생한 어려움 갈등 극복한 경험 대해 구체적 작성해 주시기 바랍니다
425,5,공공기관에서 근무하는 직원에게 가장 중요하다고 판단되는 덕목 3개를 우선순위별로 그 이유와 함께 작성하여 주시기 바랍니다.,공공기관 근무 직원 가장 중요하다고 판단되 덕목 3개 우선순위별 이유 작성 주시기 바랍니다
426,5,"KAMCO의 4가지 인재상 중 본인과 가장 부합된다고 생각하는 인재상은 무엇이며, 그에 비추어 KAMCO에 지원하게 된 이유와 이를 위해 준비한 본인의 역량(경쟁력, 강점, 노력 등)에 대해 구체적으로 기술해 주시기 바랍니다. - KAMCO 인재상 : 통찰력과 전문성을 갖춘 인재(Expert), 신뢰와 화합 속에 변화와 혁신을 선도하는 인재(Creator), 고객가치를 창출하는 인재(Partner), 사명감을 가지고 사회적 책임을 수행하는 인재(Dedicator)",KAMCO 4가지 인재상 본인 가장 부합된다고 생각 인재상 무엇 비추어 KAMCO 지원하게 이유 준비한 본인 역량 대해 구체적 기술해 주시기 바랍니다 KAMCO 인재상 통찰력 전문성 갖춘 인재 신뢰 화합 변화 혁신 선도 인재 고객가치 창출 인재 사명감 가지고 사회적 책임 수행 인재
427,5,"KAMCO에 입사 후 희망하는 직무와 이루고자 하는 목표는 무엇이며, 목표를 달성하기 위한 자기개발계획에 대해 구체적으로 기술해 주시기 바랍니다.",KAMCO 입사 희망 직무 이루고자 목표 무엇 목표 달성하기 자기개발계획 대해 구체적 기술해 주시기 바랍니다
428,5,"지원분야와 관련된 경험 또는 경력 중 본인에게 주어진 역할을 명확히 이해하고 최선을 다하여 소기의 성과를 낸 사항에 대해 수행 역할, 행동, 성과를 중심으로 구체적으로 기술해 주시기 바랍니다. - 경험은 일정한 보수를 받지 않고 일했던 내용(동아리, 봉사활동, 공모전 등)이며, 경력은 일정한 보수를 받고 일했던 사항을 의미합니다. - 경험 또는 경력사항에 기재하지 않았더라도 지원 분야와 직접적으로 관련되었거나 직접 관련되지 않았더라도 관련성을 납득할 수 있도록 기술하면 모두 인정 됩니다.(본인이 생각하는 중요도 순으로 기술)",지원분야 관련된 경험 경력 본인 주어진 역할 명확히 이해 최선 소기 성과 사항 대해 수행 역할 행동 성과 중심 구체적 기술해 주시기 바랍니다 경험 일정한 보수 받지 일했던 내용 경력 일정한 보수 받고 일했던 사항 의미 경험 경력사항 기재 않았더 지원 분야 직접적 관련되었거 직접 관련되지 않았더 관련성 납득할 있도록 기술 모두 인정
429,5,본인이 경험하지 못한 분야에 대한 업무 혹은 과제를 부여받았을 때 이에 대한 전문성을 확보하기 위해 노력했던 경험을 작성하여 주시기 바랍니다.?*?[500자 이내],본인 경험 못한 분야 업무 과제 부여받았 전문성 확보하기 노력했던 경험 작성 주시기 바랍니다
430,5,"본인과 다른 성향이나 배경을 가진 구성원들과 공동의 성과를 달성하기 위해 활동한 경험에 대해 기술하여 주십시오. 당시 어떤 부분에서 어려움을 겪었으며, 이를 극복하고자 어떤 노력을 하였는지 작성하여 주시기 바랍니다.?*?[500자 이내]",본인 다른 성향 배경 가진 구성원들 공동 성과 달성하기 활동한 경험 대해 기술 당시 어떤 부분 어려움 겪었으며 극복하고자 어떤 노력 하였는지 작성 주시기 바랍니다
431,5,"다른 사람을 대상으로 설득하거나 이해를 돕기 위해 주로 어떤 부분을 고려하시고, 어떤 방법을 사용하시는지 본인이 경험한 최근 사례를 기반으로 작성하여 주시기 바랍니다.?*?[500자 이내]",다른 사람 대상 설득하거 이해 돕기 어떤 부분 고려하시고 어떤 방법 사용하시는지 본인 경험한 최근 사례 기반 작성 주시기 바랍니다
432,5,별도의 대가 없이 순수한 목적으로 타인을 위해 행동했던 경험을 기술하여 주십시오. 또한 당시의 경험에 기반하여 우리 공단 직원으로서 사회적 책임을 다할 수 있는 캠페인을 제안하여 주시기 바랍니다.?*?[500자 이내],별도 순수한 목적 타인 행동했던 경험 기술 또한 당시 경험 기반 우리 공단 직원으로서 사회적 책임 다할 캠페인 제안 주시기 바랍니다
433,5,"[의사소통능력] 그 동안의 경험 중 타인과의 긴밀한 의사소통을 통해 비효율적 과정을 개선하거나, 문제를 사전에 방지했던 사례를 작성해 주시기 바랍니다.",의사소통능력 동안 경험 타인과 긴밀한 의사소통 비효율적 과정 개선하거 문제 사전 방지했던 사례 작성해 주시기 바랍니다
434,5,[문제해결능력] 해결하기 어려운 문제를 적극적인 노력으로 해결했던 경험에 대해 작성해 주시기 바랍니다.,문제해결능력 해결하기 어려운 문제 적극적인 노력 해결했던 경험 대해 작성해 주시기 바랍니다
435,5,[대인관계능력] 약속과 원칙을 지켜 신뢰를 형성/유지했던 경험에 대해 기술해 주시기 바랍니다.,대인관계능력 약속 원칙 지켜 신뢰 형성유지했던 경험 대해 기술해 주시기 바랍니다
436,5,최근 사회이슈 중 중요하다고 생각되는 한가지를 선택하고 이에 관한 자신의 견해를 기술하여 주시기 바랍니다. (1000자),최근 사회이슈 중요하다고 생각되 한가지 선택 자신 견해 기술 주시기 바랍니다
437,5,"본인의 입사지원 회사를 선택하는 기준은 무엇이며, KT&G가 왜 그에 부합하는 회사인지 기술하여 주시기 바랍니다. (800)",본인 입사지원 회사 선택 기준 무엇 KTG 부합 회사인지 기술 주시기 바랍니다 800
438,5,본인이 KT&G에 입사하게 된다면 어떤 분야에서 무엇을 기여할 수 있는지 KSA를 기준으로 구체적으로 기술하여 주시기 바랍니다. (800),본인 KTG 입사하게 된다면 어떤 분야 무엇 기여할 있는지 KSA 기준 구체적 기술 주시기 바랍니다 800
439,5,"본인의 희망분야에서 최근 이슈가 되고 있는 주제나 관심이슈 중 하나를 선정하여, 본인의 전공/경험 등을 기반으로 문제를 해결(이슈가 부정적인 경우) 혹은 발전(이슈가 긍정적인 경우)시킬 수 있는 방안에 대해 기술하여 주시기 바랍니다.(1,500)",본인 희망분야 최근 이슈 되고 주제 관심이슈 하나 선정 본인 전공경험 기반 문제 해결 발전 시킬 방안 대해 기술 주시기 바랍니다
440,5,본인이 생각하는 서브원 사업 성장에 가장 중요한 요인은 무엇이며 이를 위해 지원 직무에서 본인이 기여할 수 있는 부분을 기술하여 주시기 바랍니다. (700),본인 생각 서브원 사업 성장 가장 중요한 요인 무엇 지원 직무 본인 기여할 부분 기술 주시기 바랍니다 700
441,5,본인이 생각하는 본인만의 차별화된 역량은 무엇이며 지금까지 해당 역량을 개발하기 위해 수행한 활동들을 구체적 사례 중심으로 기술해 주시기 바랍니다. (1000),본인 생각 본인만 차별화된 역량 무엇 지금 해당 역량 개발하기 수행한 활동들 구체적 사례 중심 기술해 주시기 바랍니다 1000
442,5,"스터디 그룹, 학과, 동아리, 동호회, 회사 부서와 같은 조직 내에서 친분이 없던 사람과 새롭게 친분을 형성하여 일을 처리했던 사례에 대해 작성해 주시기 바랍니다.",스터디 그룹 동아리 동호회 회사 부서 조직 친분 없던 사람 새롭게 친분 형성 처리했던 사례 대해 작성해 주시기 바랍니다
443,5,최근 3년 이내 자신의 정보수집 능력으로 소속 조직/팀 과제 수행에 긍정적인 성과를 도출할 수 있었던 경험에 대해 작성해 주시기 바랍니다.,최근 3년 이내 자신 정보수집 능력 소속 조직팀 과제 수행 긍정적인 성과 도출할 있었던 경험 대해 작성해 주시기 바랍니다
444,5,지원하신 분야에 대한 업무경험 및 보유지식에 대해 구체적으로 기술하여 주시기 바랍니다. (1000 자 10 단락 이내),지원하신 분야 업무경험 보유지식 대해 구체적 기술 주시기 바랍니다
445,5,본인이 같이 일하고 싶은 상사/후배/동료의 모습을 각각 구체적으로 기술하여 주시기 바랍니다. (800 자 8 단락 이내),본인 상사후배동료 모습 각각 구체적 기술 주시기 바랍니다
446,5,입사를 위해 본인이 무엇을 어떻게 얼마만큼 준비했는지 구체적으로 작성하여 주시기 바랍니다. (1000 자 10 단락 이내),입사 본인 무엇 어떻게 얼마만큼 준비했는지 구체적 작성 주시기 바랍니다
447,5,어떤 업무를 처리하는 과정에서 다양한 상황들을 고려하여 의사결정을 내렸던 경험에 대해 아래 항목에 따라 기술해 주시기 바랍니다. 1) 업무 처리시 의사결정을 내렸던 과정과 이를 위해 활용한 자료들에 대해 기술 2) 의사결정 시 고려했던 대안들과 최종 결정한 근거에 대해 기술,어떤 업무 처리 과정 다양한 상황들 고려 의사결정 내렸던 경험 대해 아래 항목 따라 기술해 주시기 바랍니다 업무 처리시 의사결정 내렸던 과정 활용한 자료들 대해 기술 의사결정 고려했던 대안들 최종 결정한 근거 대해 기술
448,5,자신과 이견을 가진 상대방과 협상하여 모두에게 유리한 최종안을 도출했던 경험을 아래 항목에 따라 기술해 주시기 바랍니다. 1) 자신과 상대방의 입장 차이 및 합의안 도출 프로세스에 대한 기술 2) 모두에게 이익이 되는 합의안과 도출 이유에 대해 기술,자신 이견 가진 상대방 협상 모두 유리한 최종안 도출했던 경험 아래 항목 따라 기술해 주시기 바랍니다 자신 상대방 입장 합의안 도출 프로세스 기술 모두 이익 합의안 도출 이유 대해 기술
449,5,오류없이 성공적으로 과제 또는 업무를 수행하고자 최선을 다했던 경험을 아래 항목에 따라 기술해 주시기 바랍니다. 1) 오류나 실수가 발생할 가능성이 있었던 업무(과제) 특성 및 주의를 기울였던 행동에 대해 기술 2) 진행과정 별 치밀하게 처리했던 방법에 대해 기술,오류없 성공적 과제 업무 수행하고자 최선 다했던 경험 아래 항목 따라 기술해 주시기 바랍니다 오류 실수 발생할 가능성 있었던 업무과제 특성 주의 기울였던 행동 대해 기술 진행과정 치밀하게 처리했던 방법 대해 기술
450,5,한국야쿠르트의 어떠한 점에 이끌려 지원하게 됐는지 그 이유를 2가지 이상 작성하여 주시기 바랍니다.,한국야쿠르트 어떠한 이끌려 지원하게 됐는지 이유 2가지 이상 작성 주시기 바랍니다
451,5,"본인 외에 다른 사람들과의 협업 과정을 통해서 과제 또는 결과물들을 도출했던 경험이 있다면, 그 과정들을 통해서 느낀점이나 다른 사람들과의 협업을 통해서 결과물을 이뤘던 것들을 작성하여 주시기 바랍니다.",본인 다른 사람들과 협업 과정 과제 결과물들 도출했던 경험 있다면 과정들 느낀점 다른 사람들과 협업 결과물 이뤘던 것들 작성 주시기 바랍니다
452,5,"제품, 전략, 판매 채널(제품주문)등 당사 사업 영역과 관련하여 지원자께서 생각하는 발전방향을 제시하고, 그 방향 속에서 지원자께서 할 수 있는 역할이 무엇인지 기술해 주시기 바랍니다.",제품 전략 판매 채널제품주문등 당사 사업 영역 관련 지원자께서 생각 발전방향 제시 방향 지원자께서 역할 무엇인지 기술해 주시기 바랍니다
453,5,자유주제로 자기소개서를 작성하여 주시기 바랍니다.(지원 동기 포함) [1000자 이상 5000자 이내],자유주제 자기소개서 작성 주시기 바랍니다
454,5,지원 동기 및 입사 후 회사에서 이루고 싶은 꿈을 기술하여 주시기 바랍니다.,지원 동기 입사 회사 이루고 기술 주시기 바랍니다
455,5,"학창 생활 중 주요한 활동 경험(학과, 동아리, 대외활동 등)과 본인의 역할을 기술하여 주시기 바랍니다.",학창 생활 주요한 활동 경험 본인 역할 기술 주시기 바랍니다
456,5,본인이 지원한 부문 관련하여 본인만의 경쟁력을 3가지 이상 기술하여 주시기 바랍니다.,본인 지원한 부문 관련 본인만 경쟁력 3가지 이상 기술 주시기 바랍니다
457,5,"본인이 소속된 조직(학과, 인턴, 동아리, 프로젝트 등)의 목표를 달성하기 위해 노력했던 경험을 아래 항목에 따라 기술해 주시기 바랍니다.",본인 소속된 조직 목표 달성하기 노력했던 경험 아래 항목 따라 기술해 주시기 바랍니다
458,5,[자기소개] 본인을 3가지 해시태그로 표현해 주시기 바랍니다. *0자 이상 100자 이하로 입력하세요.,자기소개 본인 3가지 해시태그 표현해 주시기 바랍니다 100자 이하 입력하
459,5,[지원동기] LS엠트론 및 해당 직무에 지원하게 된 동기에 대하여 기술해 주시기 바랍니다. *100자 이상 500자 이하로 입력하세요.,지원동기 LS엠트론 해당 직무 지원하게 동기 기술해 주시기 바랍니다 500자 이하 입력하
460,5,[직무적합도] 지원 직무를 수행하기 위해 그동안 어떤 노력과 경험을 해왔는지 기술해 주시기 바랍니다. *100자 이상 500자 이하로 입력하세요.,직무적합 지원 직무 수행하기 그동안 어떤 노력 경험 해왔는지 기술해 주시기 바랍니다 500자 이하 입력하
461,5,우리 회사와 희망직무를 선택하게 된 동기를 기술해 주시기 바랍니다.,우리 회사 희망직무 선택하게 동기 기술해 주시기 바랍니다
462,5,코오롱은 지원자의 약점보다는 강점을 보고 싶습니다. 위의 항목에서 미처 보여주지 못한 지원자의 숨겨진 강점이 있다면 소개해 주시기 바랍니다.,코오롱 지원자 약점보다 강점 보고 항목 미처 보여주지 못한 지원자 숨겨진 강점 있다면 소개해 주시기 바랍니다
463,5,"학교생활 동안 남들과 다른 특별한 경험을 함으로서 얻게 된 성취감이 있으면 기재하여 주시고 (필수), 자신의 전 사회 경험 중에서 가장 성취감을 느꼈던 사항을 상세히 기재하여 주시기 바랍니다 (선택).",학교생활 동안 남들 다른 특별한 경험 함으로서 얻게 성취감 있으면 기재 주시고 필수 자신 사회 경험 가장 성취감 느꼈던 사항 상세히 기재 주시기 바랍니다 선택
464,5,"솔선수범 관리, 감독 없이도 스스로 업무를 처리하며 남들이 꺼리는 업무나 궂은 일도 주도적으로 나서서 해결한다 (A,B 중 택 1) A. 자신이 공동 목표 달성을 하는 과정에서 솔선수범하는 사람임을 입증할 수 있는 사례(경험)와 그 근거를 구체적으로 작성해주시기 바랍니다. B. 소속 조직을 위해 주도적으로 나서서 문제를 해결하기 위해 노력했던 경험에 대해 구체적으로 작성해 주시기 바랍니다.",솔선수범 관리 감독 없이 스스 업무 처리 남들 꺼리 업무 주도적 나서서 해결한다 자신 공동 목표 달성 과정 솔선수범 사람임 입증할 사례경험 근거 구체적 작성해주시기 바랍니다 소속 조직 주도적 나서서 문제 해결하기 노력했던 경험 대해 구체적 작성해 주시기 바랍니다
465,5,"자기소개서(대인관계,장단점,성장과정 등) - 작성내용이 틀림없음을 확인하며 지원합니다. - 지원서 제출 후 수정이 불가능하오니, 반드시 모든 정보 확인 후 접수해 주시기 바랍니다.",자기소개서 작성내용 틀림없음 확인 지원 지원서 제출 수정 불가능하오니 반드시 모든 정보 확인 접수해 주시기 바랍니다
466,5,최근 사회이슈 중 중요하다고 생각되는 한가지를 선택하고 이에 관한 자신의 견해를 기술해 주시기 바랍니다. (1000자),최근 사회이슈 중요하다고 생각되 한가지 선택 자신 견해 기술해 주시기 바랍니다
467,5,입사지원서에 기술한 경력 및 경험 사항에 대해 상세히 기술해 주시기 바랍니다,입사지원서 기술한 경력 경험 사항 대해 상세히 기술해 주시기 바랍니다
468,5,한국시설안전공단의 운영방침과 지원하는 분야의 직무 중심으로 공단의 경영혁신을 위한 직무수행 계획을 작성해 주시기 바랍니다,한국시설안전공단 운영방침 지원 분야 직무 중심 공단 경영혁신 직무수행 계획 작성해 주시기 바랍니다
469,5,"[조직이해능력] 본인이 생각하는 ‘한국보훈복지의료공단’의 역할과 책임은 무엇이며, 우리 공단에 입사하기 위해 했던 노력을 기술하여 주시기 바랍니다.",조직이해능력 본인 생각 한국보훈복지의료공단 역할 책임 무엇 우리 공단 입사하기 했던 노력 기술 주시기 바랍니다
470,5,"[대인관계능력] 다른 사람들과 함께 일했던 경험 중 겪었던 갈등상황을 기술하고, 갈등의 이유와 극복할 수 있었던 이유를 기술하여 주시기 바랍니다.",대인관계능력 다른 사람들 일했던 경험 겪었던 갈등상황 기술 갈등 이유 극복할 있었던 이유 기술 주시기 바랍니다
471,5,[문제해결능력] 자신의 경험 중 반복되는 문제점을 발견하고 이를 개선했던 경험에 대해 기술하여 주시기 바랍니다. 문제가 반복되었던 원인과 해결책 등을 구체적으로 기술해 주십시오.,문제해결능력 자신 경험 반복되 문제점 발견 개선했던 경험 대해 기술 주시기 바랍니다 문제 반복되었던 원인 해결책 구체적 기술해
472,5,[의사소통능력] 다른 사람에게 의사전달을 하기 위해 본인이 가지고 있는 효과적인 방법을 경험을 바탕으로 기술하여 주시기 바랍니다.,의사소통능력 다른 사람 의사전달 하기 본인 가지고 효과적인 방법 경험 바탕 기술 주시기 바랍니다
473,5,최근 사회이슈 중 중요하다고 생각되는 한 가지를 선택하고 이에 관한 자신의 견해를 기술해 주시기 바랍니다. (1000자),최근 사회이슈 중요하다고 생각되 가지 선택 자신 견해 기술해 주시기 바랍니다
474,5,우리공사에 관심을 갖게 된 계기와 입사 후 이루고 싶은 목표는 무엇입니까? 본인이 제시한 목표를 달성하는 것이 공사의 미션 또는 비전 달성에 어떠한 형태로 기여할 수 있는지 기술해 주시기 바랍니다.(300~500자),우리공사 관심 갖게 계기 입사 이루고 목표 무엇입니까 본인 제시한 목표 달성 공사 미션 비전 달성 어떠한 형태 기여할 있는지 기술해 주시기 바랍니다
475,5,"최근 5년이내, 지원한 직무와 관련된 내용에 한하여 본인의 강점을 만들기 위해 노력한 경험을 , 당시의 상황, 과정, 결과로 구분하여 구체적으로 기술해 주시기 바랍니다. (300~500자)",최근 5년이내 지원한 직무 관련된 내용 본인 강점 만들기 노력한 경험 당시 상황 과정 결과 구분 구체적 기술해 주시기 바랍니다
476,5,"최근 5년이내, 본인이 속한 조직에서 타인과의 의견차이로 인해 발생한 갈등을 원만하게 해결한 경험이 있다면, 갈등상황, 해결과정, 겨과로 구분하여 구체적으로 기술해 주시기 바랍니다.",최근 5년이내 본인 속한 조직 타인과 의견차이 인해 발생한 갈등 원만하게 해결한 경험 있다면 갈등상황 해결과정 겨과 구분 구체적 기술해 주시기 바랍니다
477,5,"최근 5년 이내, 지원한 직무와 관련된 활동(학업,동아리,업무 등)예상치 못한 문제가 발생하여 난감했던 상황을 효과적으로 극복한 사례가 있다면, 문제상황, 극복방법, 결과로 구분하여 구체적으로 기술해 주시기 바랍니다. (300~500자)",최근 5년 이내 지원한 직무 관련된 활동 예상치 못한 문제 발생 난감했던 상황 효과적 극복한 사례 있다면 문제상황 극복방법 결과 구분 구체적 기술해 주시기 바랍니다
478,5,"최근 5년 이내, 스스로 본인을 희생하면서 조직 구성원들의 이익을 위해 노력한 경험이 있다면, 구체적으로 기술해 주시기 바랍니다 .(300~500자)",최근 5년 이내 스스 본인 희생하면서 조직 구성원들 이익 노력한 경험 있다면 구체적 기술해 주시기 바랍니다
479,5,"1), 2) 문항 중 택1 하여 작성 / 1) 조직이나 단체 생활에서 다른 구성원들과의 원활한 정보 공유나 소통을 통해 긍정적 변화를 이끌어낸 경험에 대해 구체적으로 작성하여 주시기 바랍니다./ 2) 학교나 조직 등에서 한정된 자원(인적, 물적, 시간)으로 어려웠던 과제를 처리했던 경험을 구체적으로 작성하여 주시기 바랍니다.",문항 택1 작성 조직 단체 생활 다른 구성원들과 원활한 정보 공유 소통 긍정적 변화 이끌어낸 경험 대해 구체적 작성 주시기 바랍니다 학교 조직 한정된 자원 어려웠던 과제 처리했던 경험 구체적 작성 주시기 바랍니다
480,5,삼성바이오로직스의 행동가치에 비추어 본인이 가지고 있는 역량을 사례와 함께 기술해 주시기 바랍니다. 1000자 (영문작성 시 2000자) 이내,삼성바이오로직스 행동가치 비추어 본인 가지고 역량 사례 기술해 주시기 바랍니다
481,5,"주식회사 에스알의 인재상 구성요소(전문성, 도전, 소통) 중 본인과 가장 부합된다고 생각하는 요소를 연결하여 본인의 경험, 교육, 경력사항 등을 바탕으로 기술하여 주시기 바랍니다.",주식회사 에스알 인재상 구성요소 본인 가장 부합된다고 생각 요소 연결 본인 경험 교육 경력사항 바탕 기술 주시기 바랍니다
482,5,"주식회사 에스알의 안전문화 확산을 위한 방법은 무엇이며, 입사 후 본인의 역할은 무엇인지 서술하여 주시기 바랍니다.",주식회사 에스알 안전문화 확산 방법 무엇 입사 본인 역할 무엇인지 서술 주시기 바랍니다
483,5,주식회사 에스알에서 시행하고 있는 기존 서비스를 탈피한 차별화된 서비스를 발굴하여 서술해주시기 바랍니다.,주식회사 에스알 시행 기존 서비스 탈피한 차별화된 서비스 발굴 서술해주시기 바랍니다
484,5,"스터디 그룹, 학과, 동아리, 회사부서와 같은 조직내에서 팀원과 공동의 목표를 달성하기 위해 협력했던 경험에 대해 기술해 주시기 바랍니다.(500자 내)",스터디 그룹 동아리 회사부서 조직내 팀원 공동 목표 달성하기 협력했던 경험 대해 기술해 주시기 바랍니다
485,5,약속과 원칙을 지켜 신뢰를 형성하거나 지킨 경험에 대해 구체적으로 기술해 주시기 바랍니다.(500자 내),약속 원칙 지켜 신뢰 형성하거 지킨 경험 대해 구체적 기술해 주시기 바랍니다
486,5,서울시설공단 인재상 중에서 본인과 부합된다고 생각하는 인재상을 하나 선택하여 본인의 보유 역량과 결부하여 기술하여 주시기 바랍니다.,서울시설공단 인재상 본인 부합된다고 생각 인재상 선택 본인 보유 역량 결부 기술 주시기 바랍니다
487,5,목표달성 경험- 지금까지 가장 도전적인 목표를 정하고 노력한 경험(성공 또는 실패)이 있다면 작성하여 주십시오 또한 어떤 원인 때문에 성공 또는 실패했는지 구체적으로 작성해 주시기 바랍니다.,목표달성 경험 지금 가장 도전적인 목표 노력한 경험 있다면 작성 또한 어떤 원인 때문 성공 실패했는지 구체적 작성해 주시기 바랍니다
488,5,"경력 및 경험기술서 * 입력 시, 본인의 신분이 드러날 수 있는 출신 학교명, 세부학력, 기업명, 가족관계 등 블라인드 채용 취지에 위배되는 사항은 삭제 후 기재하시기 바랍니다. ㆍ입사지원서에 기술한 경력 및 직무관련 기타활동에 대해 상세히 기술해 주시기 바랍니다. ㆍ경력의 경우, 구체적인 직무영역, 활동, 경험, 수행내용, 본인의 역할 및 구체적 행동, 주요 성과에 대해 작성해주시기 바랍니다. ㆍ직무관련 기타활동의 경우, 구체적인 수행활동내용, 소속 조직이나 활동에서의 역할, 활동 결과에 대해 작성해주시기 바랍니다.",경력 경험기술서 입력 본인 신분 드러날 출신 학교명 세부학력 기업명 가족관계 블라인드 채용 취지 위배되 사항 삭제 기재하시기 바랍니다 입사지원서 기술한 경력 직무 기타활동 대해 상세히 기술해 주시기 바랍니다 경력 경우 구체적인 직무영역 활동 경험 수행내용 본인 역할 구체적 행동 주요 성과 대해 작성해주시기 바랍니다 직무 기타활동 경우 구체적인 수행활동내용 소속 조직 활동에서 역할 활동 결과 대해 작성해주시기 바랍니다
489,5,실험/과제의 효과성을 제고하기 위해 해당 과제를 기술적으로 개선한 경험에 대해 구체적으로 서술하여 주시기 바랍니다.,실험과제 효과성 제고하기 해당 과제 기술적 개선한 경험 대해 구체적 서술 주시기 바랍니다
490,5,Make a creation / Make people happy / Make a value 3가지 키워드 중 한 가지를 선택하여 본인의 장점을 기술해 주시기 바랍니다. (500자 내외),Make creation Make people happy Make value 3가지 키워드 가지 선택 본인 장점 기술해 주시기 바랍니다
491,5,최근 사회이슈 중 중요하다고 생각되는 한가지를 선택하고 이에 관한 자신의 견해를 기술해 주시기 바랍니다. (1000),최근 사회이슈 중요하다고 생각되 한가지 선택 자신 견해 기술해 주시기 바랍니다 1000
492,5,개인적인 손해를 감수하면서 맡은 일에 대해 최선을 다했던 경험에 대해 서술하여 주시기 바랍니다.,개인적인 손해 감수하면서 대해 최선 다했던 경험 대해 서술 주시기 바랍니다
493,5,공동의 목표를 달성하기 위해 의견/관점 등이 서로 다른 다양한 구성원과 협력하여 시너지를 창출했던 경험에 대해 서술하여 주시기 바랍니다.,공동 목표 달성하기 의견관점 다른 다양한 구성원 협력 시너지 창출했던 경험 대해 서술 주시기 바랍니다
494,5,지금까지 살아오면서 도전해 본 가장 어려운 일과 이를 창의적으로 해결하기 위해 노력한 과정에 대해 서술하여 주시기 바랍니다.,지금 살아오면서 도전해 가장 어려운 창의적 해결하기 노력한 과정 대해 서술 주시기 바랍니다
495,5,본인이 중요하게 생각하는 여러 가지 가치 중 직장인으로서 실천해야 할 가치는 무엇이라고 생각하는지 기술하여 주시기 바랍니다.,본인 중요하게 생각 여러 가지 가치 직장인으로서 실천 가치 무엇이라고 생각하는지 기술 주시기 바랍니다
496,5,직장 선택에 영향을 미친 본인의 가치관과 왜 연세대학교에 지원하게 되었는지 기술하여 주시기 바랍니다,직장 선택 영향 미친 본인 가치관 연세대학교 지원하게 되었는지 기술 주시기 바랍니다
497,5,"지원분야의 직무가 어떤 것인지, 그리고 그 직무에 본인이 적합하다고 판단할 수 있는 근거를 기술하여 주시기 바랍니다",지원분야 직무 어떤 것인지 그리고 직무 본인 적합하다고 판단할 근거 기술 주시기 바랍니다
498,5,입사 후 10년 동안의 직장생활 계획과 그에 대한 구체적인 실천 방안을 기술하여 주시기 바랍니다.,입사 10년 동안 직장생활 계획 구체적인 실천 방안 기술 주시기 바랍니다
499,5,"[일반직] 한국환경공단에 지원하게 된 동기와 지원직무에 대한 본인의 경험, 경력, 교육 등을 연계하여 자세히 기술하여 주시기 바랍니다.",일반직 한국환경공단 지원하게 동기 지원직무 본인 경험 경력 교육 연계 자세히 기술 주시기 바랍니다
500,5,"[일반직] 본인의 장, 단점 등 자신을 자유롭게 표현하여 주시기 바랍니다.",일반직 본인 단점 자신 자유롭게 표현 주시기 바랍니다
501,5,[일반직] 본인과 다른 의견을 가진 사람들과 효과적으로 소통하여 긍정적인 결과를 얻었던 사례에 대해 기술하여 주시기 바랍니다.,일반직 본인 다른 의견 가진 사람들 효과적 소통 긍정적인 결과 얻었던 사례 대해 기술 주시기 바랍니다
502,5,"[일반직] 한국환경공단의 주요 이슈에 대하여 한가지 언급하고, 이에 대한 본인의 의견을 서술하여 주시기 바랍니다.",일반직 한국환경공단 주요 이슈 한가지 언급 본인 의견 서술 주시기 바랍니다
503,5,[일반직] (직무수행계획) 한국환경공단에 입사시 본인 지원직무와 관련된 업무를 어떻게 수행해 나갈 것인지에 대하여 작성하여 주시기 바랍니다.,일반직 한국환경공단 입사시 본인 지원직무 관련된 업무 어떻게 수행해 나갈 것인지 작성 주시기 바랍니다
504,5,"상단에 작성한 직무관련 경험사항에 대해 본인이 수행한 활동 조직, 역할 및 구체적 활동 내용, 주요 결과 등에 대해 상세히 기술해 주시기 바랍니다.",상단 작성한 직무 경험사항 대해 본인 수행한 활동 조직 역할 구체적 활동 내용 주요 대해 상세히 기술해 주시기 바랍니다
505,5,"자유롭게 서술하시기 바랍니다. (2,300자 이내 공백포함)",자유롭게 서술하시기 바랍니다
506,5,본인이 해당 직무에 적합하다고 판단하는 이유를 구체적으로 기술하여 주시기 바랍니다.,본인 해당 직무 적합하다고 판단 이유 구체적 기술 주시기 바랍니다
507,5,"◎ 직무 포트폴리오 KB국민카드에서 일반직무 업무를 수행하기 위해 지원자께서는 어떤 준비(역량 개발)를 하셨는지 「보고서 형식」으로 작성하여 주시기 바랍니다.(3,000자 이내) - 카드업 이슈사항, 상품/서비스/디지털/데이터 등 트렌드, 전략방향 등을 고려하여 지원자의 역량 개발 내용이 당사에 어떻게 기여될 수 있는지를",직무 포트폴리오 KB국민카드 일반직무 업무 수행하기 지원자께서 어떤 준비 하셨는지 보고서 형식 작성 주시기 바랍니다 카드업 이슈사항 상품서비스디지털데이터 트렌드 전략방향 고려 지원자 역량 개발 내용 당사 어떻게 기여될 있는지
508,5,대우건설에 지원한 이유를 입사 후 이루고 싶은 목표와 연계하여 작성해 주시기 바랍니다. (700자),대우건설 지원한 이유 입사 이루고 목표 연계 작성해 주시기 바랍니다 700자
509,5,지원 직무와 본인이 적합하다고 판단한 근거를 작성해 주시기 바랍니다. (700자),지원 직무 본인 적합하다고 판단한 근거 작성해 주시기 바랍니다 700자
510,5,가장 강한 소속감을 느낀 조직에서 공동의 목표 달성 혹은 문제 개선을 위해 노력했던 경험을 작성해 주시기 바랍니다. (700자),가장 강한 소속감 느낀 조직 공동 목표 달성 문제 개선 노력했던 경험 작성해 주시기 바랍니다 700자
511,5,"평소 삶의 원칙은 무엇이며, 그 원칙이 대우건설의 핵심가치와 어떻게 부합하는지 경험을 바탕으로 작성해 주시기 바랍니다. (700자)",평소 원칙 무엇 원칙 대우건설 핵심가치 어떻게 부합하는지 경험 바탕 작성해 주시기 바랍니다 700자
512,5,지금까지 겪었던 모든 경험 중에서 가장 큰 성취감을 느꼈던 사항에 대하여 상세히 기재하여 주시기 바랍니다.,지금 겪었던 모든 경험 가장 성취감 느꼈던 사항 상세히 기재 주시기 바랍니다
513,5,이상의 기술한 내용 외에 추가적인 사항이 있으시다면 아래의 란에 기입하여 주시기 바랍니다. (자유기술형태),이상 기술한 내용 추가적인 사항 있으시다면 아래 기입 주시기 바랍니다
514,5,살아오면서 가장 인상 깊었거나 본인에게 큰 영향을 끼치거나 기억에 남는 경험과 그를 통해 배운 점은 무엇인지 작성해 주시기 바랍니다.,살아오면서 가장 인상 깊었거 본인 영향 끼치거 기억 경험 배운 무엇인지 작성해 주시기 바랍니다
515,5,"지금 현재 KOLON(또는 코오롱플라스틱)의 브랜드 경쟁력에 대하여 평가하고, 그 이유와 내용을 구체적으로 작성해 주시기 바랍니다.",지금 현재 KOLON 브랜드 경쟁력 평가 이유 내용 구체적 작성해 주시기 바랍니다
516,5,최근 사회이슈 중 중요하다고 생각되는 한가지를 선택하고 이에 관한 자신의 견해를 기술해 주시기 바랍니다. 1000자,최근 사회이슈 중요하다고 생각되 한가지 선택 자신 견해 기술해 주시기 바랍니다 1000자
517,5,"본인의 입사지원 회사를 선택하는 기준은 무엇이며, KT&G가 왜 그에 부합하는 회사인지 기술하여 주시기 바랍니다.",본인 입사지원 회사 선택 기준 무엇 KTG 부합 회사인지 기술 주시기 바랍니다
518,5,"본인이 KT&G에 입사하게 된다면 어떤 분야에서 무엇을 기여할 수 있을지, KSA를 기준으로 구체적으로 기술하여 주시기 바랍니다.",본인 KTG 입사하게 된다면 어떤 분야 무엇 기여할 있을지 KSA 기준 구체적 기술 주시기 바랍니다
519,5,"(NCS 경험 및 경력기술서) 지원 분야의 직무기술서(직무수행내용, 필요기술 등)를 참고하여 관련된 경험이나 경력에 대해 기술해 주시기 바랍니다. 나-1. 본인이 직접적으로 맡았던 역할 및 수행한 내용에 대해 기술해 주십시오.",지원 분야 직무기술서 참고 관련된 경험 경력 대해 기술해 주시기 바랍니다 본인 직접적 맡았던 역할 수행한 내용 대해 기술해
520,5,"본인이 가진 최대한의 에너지를 집중해 끝까지 파고 들었던 경험을 기재해주세요. 그 경험을 통해 배운 점이 무엇인지, 본인의 어떤 부분이 성장 했는지도 함께 설명해 주시기 바랍니다. 공부, 개발, 색다른 경험, 취미활동 등 어떤 분야의 경험이라도 좋습니다.",본인 가진 최대한 에너지 집중해 파고 들었던 경험 기재해 경험 배운 무엇인지 본인 어떤 부분 성장 했는지 설명해 주시기 바랍니다 공부 개발 색다른 경험 취미활동 어떤 분야 경험
521,5,본인이 생각하는 서브원 사업 성장에 가장 중요한 요인은 무엇이며 이를 위해 지원 직무에서 본인이 기여할 수 있는 부분을 기술하여 주시기 바랍니다.,본인 생각 서브원 사업 성장 가장 중요한 요인 무엇 지원 직무 본인 기여할 부분 기술 주시기 바랍니다
522,5,"한화생명에 지원한 동기에 대하여 기술하여 주시기 바라며, 입사 후 회사에서 이루고 싶은 목표나 꿈을 기재하여 주시기 바랍니다.(700~1000자) *해당 채용사이트의 자기소개서 줄바꿈(엔터)을 할 경우 2글자로 계산되어 자소설닷컴의 글자수와 차이가 있을 수 있습니다. 이를 참고하여 자기소개서를 작성해주시길 바랍니다.",한화생명 지원한 동기 기술 주시기 바라며 입사 회사 이루고 목표 기재 주시기 바랍니다 해당 채용사이트 자기소개서 줄바꿈엔터 경우 2글자 계산되어 자소설닷컴 글자수 차이 참고 자기소개서 작성해주시길 바랍니다
523,5,지원 분야를 선택하게 된 배경과 본인만의 차별화된 강점과 경험을 기재하여 주시기 바랍니다. (700~1000자),지원 분야 선택하게 배경 본인만 차별화된 강점 경험 기재 주시기 바랍니다
524,5,"도전적인 목표(진학/학업 제외)를 수립하여 끈기 있고, 열정적으로 추진했던 경험을 구체적으로 기재하여 주시기 바랍니다.(700~1000자)",도전적인 목표 수립 끈기 열정적 추진했던 경험 구체적 기재 주시기 바랍니다
525,5,"본인의 강점을 발휘하여 노력한 경험(실패 또는 성공)에 대해 구체적으로 기술하여 주시기 바라며, 실패 또는 성공의 원인을 구체적으로 기재하여 주시기 바랍니다.(700~1000자)",본인 강점 발휘 노력한 경험 대해 구체적 기술 주시기 바라며 실패 성공 원인 구체적 기재 주시기 바랍니다
526,5,"지원한 직무와 관련된 경험(경력)사항에 대해 상세히 기술해 주시기 바랍니다. 본인의 역할과 행동 그리고 주요 성과를 중심으로, 구체적으로 작성해주시기 바랍니다.",지원한 직무 관련된 경험경력사항 대해 상세히 기술해 주시기 바랍니다 본인 역할 행동 그리고 주요 성과 중심 구체적 작성해주시기 바랍니다
527,5,"‘국민과 함께하는 가스안전, 가스안전산업과 함께 만드는 안전한 세상’이라는 우리 공사 미션(Mission)에서 알 수 있듯이 한국가스안전공사는 가스의 안전한 공급을 통한 가스사고 예방이라는 공익적 목적을 수행하고 있습니다. 가스의 안전한 공급 및 사용이라는 공익 증진에 관심을 갖고 공사에 지원한 이유에 대해 구체적으로 기술해 주시기 바랍니다.",국민 함께 가스안전 가스안전산업 만드 안전한 세상이라 우리 공사 미션 있듯 한국가스안전공사 가스 안전한 공급 가스사고 예방이라 공익적 목적 수행 가스 안전한 공급 사용이라 공익 증진 관심 갖고 공사 지원한 이유 대해 구체적 기술해 주시기 바랍니다
528,5,서민층 시설개선 사업은 낙후된 주거지역을 방문하여 LP가스 시설을 개선하고 이를 통해 서민층 가구의 가스사고 예방 및 생활안정에 기여하는 업무입니다. 지원하신 근무부서에서 서민층 시설 개선사업이 가장 필요할 것으로 생각되는 지역과 그 근거를 대해 기술해 주시기 바랍니다.,서민층 시설개선 사업 낙후된 주거지역 방문 LP가스 시설 개선 서민층 가구 가스사고 예방 생활안정 기여 업무 지원하신 근무부서 서민층 시설 개선사업 가장 필요할 생각되 지역 근거 대해 기술해 주시기 바랍니다
529,5,"청년인턴으로 근무하게 된다면, 업무의 숙지 및 수행은 물론 더 나아가 업무프로세스를 개선할 수 있도록 고민하는 자세가 요구됩니다. 이를 위해 스스로 학습할 수 있는 의지와 능력은 지원자들이 갖추어야 할 중요 역량입니다. 지원자의 장기간 자기개발 또는 소속 조직의 발전을 위해 학습하고 노력한 경험에 대해 기술해 주시기 바랍니다.",청년인턴 근무하게 된다면 업무 숙지 수행 물론 나아 업무프로세스 개선할 있도록 고민 자세 요구 스스 학습할 의지 능력 지원자들 갖추어야 중요 역량 지원자 장기간 자기개발 소속 조직 발전 학습 노력한 경험 대해 기술해 주시기 바랍니다
530,5,"서민층 시설개선 사업은 현장 점검 뿐 아니라 관련 행정 업무 수행이 요구됩니다. 사무자동화(OA)프로그램(Excel, 파워포인트 등)에 관한 교육/업무수행 경험이 있다면 이에 대해 기술해 주시기 바랍니다.",서민층 시설개선 사업 현장 점검 아니라 행정 업무 수행 요구 사무자동화OA프로그램 교육업무수행 경험 있다면 대해 기술해 주시기 바랍니다
531,5,"본 직무는 고객지향적 마인드,문제해결력,의사소통능력을 중요시 하고 있습니다. 이에 비추어 자신의 성공적인 경험을 기재하여 주시기 바랍니다.",직무 고객지향적 마인드문제해결력의사소통능력 중요시 비추어 자신 성공적인 경험 기재 주시기 바랍니다
532,5,어떤 업무를 처리하는 과정에서 다양한 상황들을 고려하여 의사결정을 내렸던 경험에 대해 아래 항목에 따라 기술해 주시기 바랍니다. 1-1. 업무 처리시 의사결정을 내렸던 과정과 이를 위해 활용한 자료들에 대해 기술 1-2. 의사결정 시 고려했던 대안들과 최종 결정한 근거에 대해 기술,어떤 업무 처리 과정 다양한 상황들 고려 의사결정 내렸던 경험 대해 아래 항목 따라 기술해 주시기 바랍니다 업무 처리시 의사결정 내렸던 과정 활용한 자료들 대해 기술 의사결정 고려했던 대안들 최종 결정한 근거 대해 기술
533,5,자신과 이견을 가진 상대방과 협상하여 모두에게 유리한 최종안을 도출했던 경험을 아래 항목에 따라 기술해 주시기 바랍니다. 3-1. 자신과 상대방의 입장 차이 및 합의안 도출 프로세스에 대한 기술 3-2. 모두에게 이익이 되는 합의안과 도출 이유에 대해 기술,자신 이견 가진 상대방 협상 모두 유리한 최종안 도출했던 경험 아래 항목 따라 기술해 주시기 바랍니다 자신 상대방 입장 합의안 도출 프로세스 기술 모두 이익 합의안 도출 이유 대해 기술
534,5,오류없이 성공적으로 과제 또는 업무를 수행하고자 최선을 다했던 경험을 아래 항목에 따라 기술해 주시기 바랍니다. 4-1. 오류나 실수가 발생할 가능성이 있었던 업무(과제) 특성 및 주의를 기울였던 행동에 대해 기술 4-2. 진행과정 별 치밀하게 처리했던 방법에 대해 기술,오류없 성공적 과제 업무 수행하고자 최선 다했던 경험 아래 항목 따라 기술해 주시기 바랍니다 오류 실수 발생할 가능성 있었던 업무과제 특성 주의 기울였던 행동 대해 기술 진행과정 치밀하게 처리했던 방법 대해 기술
535,5,"우리공사에 관심을 갖게 된 계기와 입사 후 이루고 싶은 목표는 무엇입니까? 본인이 제시한 목표를 달성하는 것이 공사의 미션 또는 비전 달성에 어떠한 형태로 기여할 수 있는지 기술해 주시기 바랍니다. * 공사의 미션, 비전은 공사 홈페이지 참조(300~500자)",우리공사 관심 갖게 계기 입사 이루고 목표 무엇입니까 본인 제시한 목표 달성 공사 미션 비전 달성 어떠한 형태 기여할 있는지 기술해 주시기 바랍니다 공사 미션 비전 공사 홈페 참조
536,5,"최근 5년 이내, 지원한 직무와 관련된 내용에 한하여 본인의 강점을 만들기 위해 노력한 경험을, 당시의 상황, 과정, 결과로 구분하여 구체적으로 기술해 주시기 바랍니다.(300~500자)",최근 5년 이내 지원한 직무 관련된 내용 본인 강점 만들기 노력한 경험 당시 상황 과정 결과 구분 구체적 기술해 주시기 바랍니다
537,5,"최근 5년 이내, 본인이 속한 조직에서 타인과의 의견차이로 인해 발생한 갈등을 원만하게 해결한 경험이 있다면, 갈등상황, 해결과정, 결과로 구분하여 구체적으로 기술해 주시기 바랍니다. (300~500자)",최근 5년 이내 본인 속한 조직 타인과 의견차이 인해 발생한 갈등 원만하게 해결한 경험 있다면 갈등상황 해결과정 결과 구분 구체적 기술해 주시기 바랍니다
538,5,"최근 5년 이내, 지원한 직무와 관련된 활동(학업, 동아리, 업무 등) 중 예상치 못한 문제가 발생하여 난감했던 상황을 효과적으로 극복한 사례가 있다면, 문제상황, 극복방법, 결과로 구분하여 구체적으로 기술해 주시기 바랍니다. (300~500자)",최근 5년 이내 지원한 직무 관련된 활동 예상치 못한 문제 발생 난감했던 상황 효과적 극복한 사례 있다면 문제상황 극복방법 결과 구분 구체적 기술해 주시기 바랍니다
539,5,"최근 5년 이내, 스스로 본인을 희생하면서 조직 구성원들의 이익을 위해 노력한 경험이 있다면, 구체적으로 기술해 주시기 바랍니다. (300~500자)",최근 5년 이내 스스 본인 희생하면서 조직 구성원들 이익 노력한 경험 있다면 구체적 기술해 주시기 바랍니다
540,5,"본인의 경험 중 다양한 배경과 생각을 가진 사람들과 의견을 조율하여 문제를 해결했거나, 인사 직무와 관련하여 리더십을 발휘하여 주어진 성과를 달성한 경험에 대해 기술해 주시기 바랍니다.",본인 경험 다양한 배경 생각 가진 사람들 의견 조율 문제 해결했거 인사 직무 관련 리더십 발휘 주어진 성과 달성한 경험 대해 기술해 주시기 바랍니다
541,5,우리 회사와 희망직무를 선택하게 된 동기를 기술해 주시기 바랍니다. *,우리 회사 희망직무 선택하게 동기 기술해 주시기 바랍니다
542,5,최근 사회이슈 중 중요하다고 생각되는 한가지를 선택하고 이에 관한 자신의 견해를 기술해 주시기 바랍니다. (1000자 이내),최근 사회이슈 중요하다고 생각되 한가지 선택 자신 견해 기술해 주시기 바랍니다
543,5,본인의 전공능력이 지원한 직무에 적합한 사유를 구체적 사례를 들어 기술해 주시기 바랍니다. (1000자 이내),본인 전공능력 지원한 직무 적합한 사유 구체적 사례 들어 기술해 주시기 바랍니다
544,5,"KB국민카드에서 IT직무¹ 업무를 수행하기 위해 지원자께서는 어떤 준비(역량 개발)를 하셨는지 「보고서 형식」으로 작성하여 주시기 바랍니다.(3,000자 이내)",KB국민카드 IT직무 업무 수행하기 지원자께서 어떤 준비 하셨는지 보고서 형식 작성 주시기 바랍니다
545,5,응시자께서 지원한 분야의 전문성을 높이기 위해 어떤 경험을 갖고 계시고 그러한 부분이 한국국제협력단의 미션과 비전 달성에 어떻게 연계된다고 생각하시는지 기술하여 주시기 바랍니다.,응시자께서 지원한 분야 전문성 높이기 어떤 경험 갖고 계시고 그러한 부분 한국국제협력단 미션 비전 달성 어떻게 연계된다고 생각하시는지 기술 주시기 바랍니다
546,5,"최근 5년 이내 본인이 속한 조직에서 타인과의 의견차이로 인해 발생한 갈등을 원만하게 해결한 경험이 있다면, 갈등상황, 해결과정, 결과로 구분하여 구체적으로 기술해 주시기 바랍니다.",최근 5년 이내 본인 속한 조직 타인과 의견차이 인해 발생한 갈등 원만하게 해결한 경험 있다면 갈등상황 해결과정 결과 구분 구체적 기술해 주시기 바랍니다
547,5,"최근 5년 이내 스스로 본인을 희생하면서 조직 구성원들의 이익을 위해 노력한 경험이 있다면, 구체적으로 기술해 주시기 바랍니다.",최근 5년 이내 스스 본인 희생하면서 조직 구성원들 이익 노력한 경험 있다면 구체적 기술해 주시기 바랍니다
548,5,"최근 5년 이내, 지원한 직무와 관련된 활동 중 예상치 못한 문제가 발생하여 난감했던 상황을 효과적으로 극복한 사례가 있다면, 문제상황, 극복방법, 결과로 구분하여 구체적으로 기술해 주시기 바랍니다.",최근 5년 이내 지원한 직무 관련된 활동 예상치 못한 문제 발생 난감했던 상황 효과적 극복한 사례 있다면 문제상황 극복방법 결과 구분 구체적 기술해 주시기 바랍니다
549,5,"전문성 : 입사지원서에 기술한 직무와 관련하여 활동/경험, 본인의 역할, 주요 성과 등을 구체적으로 기술하고, 현업에서의 활용방안에 대한 생각을 작성하여 주시기 바랍니다",전문성 입사지원서 기술한 직무 관련 활동경험 본인 역할 주요 구체적 기술 현업에서 활용방안 생각 작성 주시기 바랍니다
550,5,"문제해결능력 : 살아오면서 어떤 문제 상황이 발생하였을 경우, 이를 해결하기 위해 어떤 노력을 하였고, 그 결과는 어떠하였는지 구체적으로 작성하여 주시기 바랍니다.",문제해결능력 살아오면서 어떤 문제 상황 발생하였 경우 해결하기 어떤 노력 하였고 결과 어떠하였는지 구체적 작성 주시기 바랍니다
551,5,직업윤리 : 공공기관에서 업무를 수행함에 있어 직원이 가져야 할 가장 중요한 직업윤리는 무엇이라고 생각하는지 본인의 경험이나 가치관을 중심으로 기술하여 주시기 바랍니다.,직업윤리 공공기관 업무 수행함 있어 직원 가져야 가장 중요한 직업윤리 무엇이라고 생각하는지 본인 경험 가치관 중심 기술 주시기 바랍니다
552,5,직무수행을 통하여 문제해결능력을 발휘한 경험이 있다면 서술해 주시기 바랍니다. (600자 이내),직무수행 문제해결능력 발휘한 경험 있다면 서술해 주시기 바랍니다
553,5,지원하신 직무의 전문성을 키우기 위해 남들과 달리 특별한 노력을 한 경험이 있다면 서술해 주시기 바랍니다. (600자 이내),지원하신 직무 전문성 키우기 남들 달리 특별한 노력 경험 있다면 서술해 주시기 바랍니다
554,5,성장과정을 기술하여 주시기 바랍니다.,성장과정 기술 주시기 바랍니다
555,5,본인의 성장과정 및 성격(장/단점)에 대하여 서술하여 주시기 바랍니다. (600자),본인 성장과정 성격장단점 서술 주시기 바랍니다 600자
556,5,당사에 지원하게 된 이유를 자신의 직업관에 근거하여 작성하여 주시기 바랍니다.,당사 지원하게 이유 자신 직업관 근거 작성 주시기 바랍니다
557,5,"해당직무에 지원한 동기와, 지원직무 역량 강화를 위해 지금까지 어떠한 노력을 해왔는지 서술하여 주시기 바랍니다. (600자)",해당직무 지원한 동기 지원직무 역량 강화 지금 어떠한 노력 해왔는지 서술 주시기 바랍니다 600자
558,5,입사 후 본인이 기대하는 일성건설의 모습과 직장생활 시 예상되는 애로사항에 대해 서술하여 주시기 바랍니다. (500자) (500/500),입사 본인 기대 일성건설 모습 직장생활 예상되 애로사항 대해 서술 주시기 바랍니다 500자
559,5,당사는 주 52시간 근무제를 준수함으로써 직원들에게 저녁 있는 삶을 보장해 드리고 있습니다. 퇴근 후 자기계발이나 취미활동 등의 계획을 자유롭게 서술하여 주시기 바랍니다. (500자),당사 52시간 근무제 준수함으로써 직원들 저녁 보장해 드리고 퇴근 자기계발 취미활동 계획 자유롭게 서술 주시기 바랍니다 500자
560,5,"최근 5년 이내, 지원한 직무와 관련된 내용에 한하여 본인의 강점을 만들기 위해 노력한 경험을, 당시의 상황, 과정, 결과로 구분하여 구체적으로 기술해 주시기 바랍니다.",최근 5년 이내 지원한 직무 관련된 내용 본인 강점 만들기 노력한 경험 당시 상황 과정 결과 구분 구체적 기술해 주시기 바랍니다
561,5,"최근 5년 이내, 본인이 속한 조직에서 타인과의 의견차이로 인해 발생한 갈등을 원만하게 해결한 경험이 있다면, 갈등상황, 해결과정, 결과로 구분하여 구체적으로 기술해 주시기 바랍니다.",최근 5년 이내 본인 속한 조직 타인과 의견차이 인해 발생한 갈등 원만하게 해결한 경험 있다면 갈등상황 해결과정 결과 구분 구체적 기술해 주시기 바랍니다
562,5,"최근 5년 이내, 지원한 직무와 관련된 활동(학업, 동아리, 업무 등) 중 예상치 못한 문제가 발생하여 난감했던 상황을 효과적으로 극복한 사례가 있다면, 문제상황, 극복방법, 결과로 구분하여 구체적으로 기술해 주시기 바랍니다..",최근 5년 이내 지원한 직무 관련된 활동 예상치 못한 문제 발생 난감했던 상황 효과적 극복한 사례 있다면 문제상황 극복방법 결과 구분 구체적 기술해 주시기 바랍니다
563,5,"최근 5년 이내, 스스로 본인을 희생하면서 조직 구성원들의 이익을 위해 노력한 경험이 있다면, 구체적으로 기술해 주시기 바랍니다.",최근 5년 이내 스스 본인 희생하면서 조직 구성원들 이익 노력한 경험 있다면 구체적 기술해 주시기 바랍니다
564,5,중소벤처기업진흥공단에 지원한 동기와 중진공이 자신을 채용해야만 하는 이유를 자신의 능력·경력·장점을 포함하여 기술해 주시기 바랍니다.,중소벤처기업진흥공단 지원한 동기 중진공 자신 채용해야 이유 자신 능력경력장점 포함 기술해 주시기 바랍니다
565,5,"중소벤처기업진흥공단의 핵심가치인 현장중심(Field), 청렴성(Integrity), 성과지향(Real Outcome), 전문성(Speciality), 팀워크(Teamwork) 중에서 본인이 직접 경험한 항목을 선택하여 설명하고, 해당경험이 향후 우리 중진공에 어떻게 기여할 수 있는지 작성하여 주시기 바랍니다.",중소벤처기업진흥공단 핵심가치인 현장중심 청렴성 성과지향 전문성 팀워크 본인 직접 경험한 항목 선택 설명 해당경험 향후 우리 중진공 어떻게 기여할 있는지 작성 주시기 바랍니다
566,5,"(NCS 경험 및 경력기술서) 지원 분야의 직무기술서(직무수행내용, 필요기술 등)를 참고하여 관련된 경험이나 경력에 대해 상세히 기술해 주시기 바랍니다. 나-1. 본인이 지원한 직무의 어떤 부분과 관련된 경험/경력인지 먼저 기술하고, 본인이 직접적으로 맡았던 역할 및 수행한 내용에 대해 기술해 주십시오.",지원 분야 직무기술서 참고 관련된 경험 경력 대해 상세히 기술해 주시기 바랍니다 본인 지원한 직무 어떤 부분 관련된 경험경력인지 먼저 기술 본인 직접적 맡았던 역할 수행한 내용 대해 기술해
567,5,지원분야 지원 동기 지원분야 지원 동기 / 성장 과정 (학창 시절 등) Guide> 중요 내용 위주로 간략하게 기술하여 주시기 바랍니다.,지원분야 지원 동기 지원분야 지원 동기 성장 과정 Guide 중요 내용 위주 간략하게 기술 주시기 바랍니다
568,5,"성격상의 장점 및 단점, 특기 Guide> 중요 내용 위주로 간략하게 기술하여 주시기 바랍니다.",성격상 장점 단점 특기 Guide 중요 내용 위주 간략하게 기술 주시기 바랍니다
569,5,지원 분야 관련 경험 / 인생에서의 성공 및 실패 사례 Guide> 중요 내용 위주로 간략하게 기술하여 주시기 바랍니다.,지원 분야 경험 인생에서 성공 실패 사례 Guide 중요 내용 위주 간략하게 기술 주시기 바랍니다
570,5,본인의 성장과정에 대하여 기술하여 주시기 바랍니다.,본인 성장과정 기술 주시기 바랍니다
571,5,자신의 장단점에 대하여 기술하여 주시기 바랍니다.,자신 장단점 기술 주시기 바랍니다
572,5,입사지원서에 기술한 경력 및 직무관련 기타활동에 대해 상세히 기술해 주시기 바랍니다.,입사지원서 기술한 경력 직무 기타활동 대해 상세히 기술해 주시기 바랍니다
573,5,(지원동기) 본인이 알고 있는 KOGAS에 관한 내용은 무엇이며 그 정보를 어떻게 얻게 되었는지 기술해 주시기 바랍니다. 또한 그 중 어떠한 점에 이끌려 우리 공사에 지원하게 되었는지 기술해 주십시오.,지원동기 본인 알고 KOGAS 내용 무엇 정보 어떻게 얻게 되었는지 기술해 주시기 바랍니다 또한 어떠한 이끌려 우리 공사 지원하게 되었는지 기술해
574,5,자기 자신을 진솔하게 소개하여 주시기 바랍니다.(자신의 성격/취미/가치관/주변환경),자기 자신 진솔하게 소개 주시기 바랍니다
575,5,우리 회사를 지원한 동기와 희망직무에 대하여 준비해 온 것을 기술하여 주시기 바랍니다.,우리 회사 지원한 동기 희망직무 준비해 기술 주시기 바랍니다
576,5,"(동아리, 학회, 소그룹 모임 등)의 팀 활동을 하면서 다양한 배경(성격,문화 등)을 가진 사람들과 업무나 일을 함께 했던 경험에 대해 작성해 주시기 바랍니다.",활동 하면서 다양한 배경 가진 사람들 업무 했던 경험 대해 작성해 주시기 바랍니다
577,5,조직(단체)생활에서 리더십을 발휘하였던 경험을 기술하시기 바랍니다.,조직단체생활 리더십 발휘하였던 경험 기술하시기 바랍니다
578,5,"입사지원서에 기술한 경험사항 또는 경력사항에 대해 상세히 기술해 주시기 바랍니다. - 직무관련 '경험'사항 기술은 본인이 수행한 활동내용, 소속 조직이나 활동에서의 역할, 활동결과에 대해 구체적으로 작성해 주시기 바랍니다. - 직무관련 '경력'사항 기술은 직무영역, 활동/경험/수행 내용, 본인의 역할 및 활동, 주요성과에 대해 구체적으로 작성해 주시기 바랍니다. [1000자 이내]",입사지원서 기술한 경험사항 경력사항 대해 상세히 기술해 주시기 바랍니다 직무 경험사항 기술 본인 수행한 활동내용 소속 조직 활동에서 역할 활동결과 대해 구체적 작성해 주시기 바랍니다 직무 경력사항 기술 직무영역 활동경험수행 내용 본인 역할 활동 주요성과 대해 구체적 작성해 주시기 바랍니다
579,5,본인이 어떤 일을 처리함에 있어 계획적으로 데이터를 수집하고 듣고자 하는 사람들에게 의미있게 발표한 경험을 기술하여 주시기 바랍니다. (400자 이내),본인 어떤 처리함 있어 계획적 데이터 수집 듣고자 사람들 의미있게 발표한 경험 기술 주시기 바랍니다
580,5,최근 사회이슈 중 중요하다고 생각되는 한 가지를 선택하고 이에 관한 자신의 견해를 기술해 주시기 바랍니다. 1000,최근 사회이슈 중요하다고 생각되 가지 선택 자신 견해 기술해 주시기 바랍니다 1000
581,5,지금까지의 경험 중 2인 이상이 모여 공동 작업을 진행했던 경험에 대해 기술해 주시기 바랍니다. 이 경험속에서 지원자의 역할과 협력과정을 작성해 주시기 바랍니다. (300~700자),지금까지 경험 2인 이상 모여 공동 작업 진행했던 경험 대해 기술해 주시기 바랍니다 경험속 지원자 역할 협력과정 작성해 주시기 바랍니다
582,5,"한국관광공사의 주요 사업을 분류하고, 각각의 특성에 대해 아시는 대로 작성해 주시기 바랍니다. (300~700자)",한국관광공사 주요 사업 분류 각각 특성 대해 아시 작성해 주시기 바랍니다
583,5,(의사소통능력) 과제 및 업무 수행 상황에서 자신과 다른 의견을 가진 사람을 설득하여 본인이 원하는 방향으로 이끌었던 경험이 있습니까? 당시 상황을 간략하게 기술하고 설득하기 위해 취했던 행동을 구체적으로 기술해 주시기 바랍니다.,과제 업무 수행 상황 자신 다른 의견 가진 사람 설득 본인 방향 이끌었던 경험 있습니까 당시 상황 간략하게 기술 설득하기 취했던 행동 구체적 기술해 주시기 바랍니다
584,5,지원부문에서 구체적으로 하고 싶은 일과 본인이 그일을 남들보다 잘 할 수 있는 차별화된 능력과 경험을 기술해 주시기 바랍니다.,지원부문 구체적 본인 그일 남들 차별화된 능력 경험 기술해 주시기 바랍니다
585,5,"인생의 목표(포부)는 무엇이며, 지금까지 목표를 이루기 위한 본인의 노력과 앞으로의 계획에 대해 기술해 주시기 바랍니다.",인생 목표포부 무엇 지금 목표 이루기 본인 노력 앞으로 계획 대해 기술해 주시기 바랍니다
586,5,"달성하기 어려운 도전적인 목표(학업 제외)를 끈기 있고, 열정적으로 추진했던 경험을 구체적으로 기술해 주시기 바랍니다.",달성하기 어려운 도전적인 목표 끈기 열정적 추진했던 경험 구체적 기술해 주시기 바랍니다
587,5,조직이나 팀의 일원으로서 본인 만의 강점을 발휘하여 차별화된 성과를 만들어낸 경험에 대해 구체적으로 기술해 주시기 바랍니다.,조직 일원으로서 본인 강점 발휘 차별화된 성과 만들어낸 경험 대해 구체적 기술해 주시기 바랍니다
588,5,건설업에 관심을 가지게 된 계기와 포스코건설에 지원한 동기를 기술해 주시기 바랍니다.,건설업 관심 가지게 계기 포스코건설 지원한 동기 기술해 주시기 바랍니다
589,5,본인이 지원한 분야에서 희망하는 직무에 대해서 구체적으로 기술하고 입사 후 희망직무에 대한 비전을 제시해 주시기 바랍니다.,본인 지원한 분야 희망 직무 구체적 기술 입사 희망직무 비전 제시해 주시기 바랍니다
590,5,최근 관심있는 사회이슈와 그 사회이슈가 당사 또는 건설업계에 미칠 영향에 대해 기술해 주시기 바랍니다.,최근 관심 사회이슈 사회이슈 당사 건설업계 미칠 영향 대해 기술해 주시기 바랍니다
591,5,본인의 특성과 강점을 중심으로 기술해 주시기 바랍니다. (글자수 : 0 / 500),본인 특성 강점 중심 기술해 주시기 바랍니다
592,5,"달성하기 어려운 도전적인 목표를 자율적으로 설정해서 달성해본 경험을 기술해 주세요. 목표 수립과정과 계기, 수행과정에서 겪었던 어려움과 극복을 위해 기울인 노력 등을 구체적으로 작성해 주시기 바랍니다. (글자수 : 0 / 800)",달성하기 어려운 도전적인 목표 자율적 설정 달성해본 경험 기술해 목표 수립과정 계기 수행과정 겪었던 어려움 극복 기울인 노력 구체적 작성해 주시기 바랍니다
593,5,"본인이 참여한 팀 활동 중 가장 기억에 남는 사례를 기술해 주세요. 각 팀원들의 역할, 과정에서 의견조율 등 어려웠던 점과 그를 극복하기 위해 어떤 노력을 기울였는지 등을 포함해 구체적으로 작성하여 주시기 바랍니다. (글자수 : 0 / 800)",본인 참여한 활동 가장 기억 사례 기술해 팀원들 역할 과정 의견조율 어려웠던 극복하기 어떤 노력 기울였는지 포함해 구체적 작성 주시기 바랍니다
594,5,어떤 업무를 처리하는 과정에서 다양한 상황들을 고려하여 의사결정을 내렸던 경험에 대해 아래 항목에 따라 기술해 주시기 바랍니다. 1-1. 업무 처리시 의사결정을 내렸던 과정과 이를 위해 활용한 자료들에 대해 기술 1-2. 의사결정 시 고려했던 대안들과 최종 결정한 근거에 대해 기술 (1000자),어떤 업무 처리 과정 다양한 상황들 고려 의사결정 내렸던 경험 대해 아래 항목 따라 기술해 주시기 바랍니다 업무 처리시 의사결정 내렸던 과정 활용한 자료들 대해 기술 의사결정 고려했던 대안들 최종 결정한 근거 대해 기술
595,5,자신과 이견을 가진 상대방과 협상하여 모두에게 유리한 최종안을 도출했던 경험을 아래 항목에 따라 기술해 주시기 바랍니다. 3-1. 자신과 상대방의 입장 차이 및 합의안 도출 프로세스에 대한 기술 3-2. 모두에게 이익이 되는 합의안과 도출 이유에 대해 기술 (1000자),자신 이견 가진 상대방 협상 모두 유리한 최종안 도출했던 경험 아래 항목 따라 기술해 주시기 바랍니다 자신 상대방 입장 합의안 도출 프로세스 기술 모두 이익 합의안 도출 이유 대해 기술
596,5,오류없이 성공적으로 과제 또는 업무를 수행하고자 최선을 다했던 경험을 아래 항목에 따라 기술해 주시기 바랍니다. 4-1. 오류나 실수가 발생할 가능성이 있었던 업무(과제) 특성 및 주의를 기울였던 행동에 대해 기술 4-2. 진행과정 별 치밀하게 처리했던 방법에 대해 기술 (1000자),오류없 성공적 과제 업무 수행하고자 최선 다했던 경험 아래 항목 따라 기술해 주시기 바랍니다 오류 실수 발생할 가능성 있었던 업무과제 특성 주의 기울였던 행동 대해 기술 진행과정 치밀하게 처리했던 방법 대해 기술
597,5,SPC삼립에 지원한 동기를 기술하여 주시기 바랍니다 [ 50자 이상 3000자 이내 ],SPC삼립 지원한 동기 기술 주시기 바랍니다
598,5,"지원직무와 관련하여, 본인의 주요성과 및 과정에 대하여 기술하여 주시기 바랍니다. [ 50자 이상 3000자 이내 ]",지원직무 관련 본인 주요성 과정 기술 주시기 바랍니다
599,5,지원 직군과 관련한 성공경험 또는 입사 후 직무 관련 성과창출을 위해 본인이 지금까지 개발한 역량 및 노력에 대해 기술해 주시기 바랍니다.(1000자),지원 직군 관련한 성공경험 입사 직무 성과창출 본인 지금 개발한 역량 노력 대해 기술해 주시기 바랍니다
600,5,'나'를 설명할 수 있는 키워드 3개를 제시하고 각 키워드에 맞춰 자신이 어떤 사람인지 설명해 주시기 바랍니다.,설명할 키워드 3개 제시 키워드 맞춰 자신 어떤 사람인지 설명해 주시기 바랍니다
601,5,최근 5년간 자신이 속한 조직 내에서 자신의 가치관과 조직의 가치관이 충돌한 경험에 대하여 기술하여 주시기 바랍니다.,최근 5년간 자신 속한 조직 자신 가치관 조직 가치관 충돌한 경험 기술 주시기 바랍니다
602,5,최근 5년간 향후 업무(또는 학습 등)에 필요한 능력을 개발하기 위해 노력한 경험에 대하여 기술하여 주시기 바랍니다.,최근 5년간 향후 업무 필요한 능력 개발하기 노력한 경험 기술 주시기 바랍니다
603,5,"자신의 성장과정 및 개인 특성, 장점을 중심으로 기술하여 주시기 바랍니다. (100자 ~ 1000자)",자신 성장과정 개인 특성 장점 중심 기술 주시기 바랍니다
604,5,"지원자가 중부발전 및 지원분야에 관심을 가지게 된 계기는 무엇이며, 이를 위해 그 동안 어떤 노력을 했는지 기술해 주시기 바랍니다.",지원자 중부발전 지원분야 관심 가지게 계기 무엇 동안 어떤 노력 했는지 기술해 주시기 바랍니다
605,5,"지원자 본인이 현실과 타협하거나 편법을 사용하지 않고, 원칙대로 일을 처리하는 사람임을 가장 잘 나타내는 최근 5년 이내의 사례를 기술해 주시기 바랍니다",지원자 본인 현실 타협하거 편법 사용 원칙대 처리 사람임 가장 나타내 최근 5년 이내 사례 기술해 주시기 바랍니다
606,5,본인에 대한 소개와 비전을 자유롭게 기술하여 주시기 바랍니다. (1500자 내외),본인 소개 비전 자유롭게 기술 주시기 바랍니다
607,5,성장과정을 서술하여 주시기 바랍니다.,성장과정 서술 주시기 바랍니다
608,5,차별화되는 본인만의 핵심역량은 무엇인지 서술하여 주시기 바랍니다.,차별화되 본인만 핵심역량 무엇인지 서술 주시기 바랍니다
609,5,도전했던 경험과 이를 통해 얻은 성취는 무엇인지 서술하여 주시기 바랍니다.,도전했던 경험 성취 무엇인지 서술 주시기 바랍니다
610,5,"협업,팀워크를 통해 달성한 성과를 서술하여 주시기 바랍니다.",협업팀워크 달성한 성과 서술 주시기 바랍니다
611,5,자신의 장점과 단점을 소개하여 주시기 바랍니다.,자신 장점 단점 소개 주시기 바랍니다
612,5,귀하가 당사에 필요한 이유를 간단히 기술하여 주시기 바랍니다.,귀하 당사 필요한 이유 간단히 기술 주시기 바랍니다
613,5,입사 후 희망업무 및 포부에 대하여 간단히 기술하여 주시기 바랍니다.,입사 희망업무 포부 간단히 기술 주시기 바랍니다
614,5,"오리온에 입사하기 위해서 준비한 지식이나 스킬, 또는 경험을 기술해 주시기 바랍니다. 구체적으로 어느 분야에서 어떤 전문가로 활동하고 싶은지 설명해 주시기 바랍니다. [ 500자 이상 1000자 이내]",오리온 입사하기 준비한 지식 스킬 경험 기술해 주시기 바랍니다 구체적 어느 분야 어떤 전문가 활동 싶은지 설명해 주시기 바랍니다
615,5,최근에 이룬 업적 중에서 가장 열정적으로 에너지를 기울였던 경험에 대해서 구체적으로 기술해 주시기 바랍니다. [ 500자 이상 1000자 이내 ],최근 이룬 업적 가장 열정적 에너지 기울였던 경험 구체적 기술해 주시기 바랍니다
616,5,서울시설공단 인재상 중에서 본인과 부합된다고 생각하는 인재상을 하나 선택하여 본인의 보유 역량과 결부하여 기술하여 주시기 바랍니다. (400자),서울시설공단 인재상 본인 부합된다고 생각 인재상 선택 본인 보유 역량 결부 기술 주시기 바랍니다 400자
617,5,"한전KPS에 지원한 동기(관심을 가지게 된 계기, 시기 등)와 본인이 가지고 있는 직무관련 역량 또는 경험을 상세하게 기술해 주시기 바랍니다.",한전KPS 지원한 동기 본인 가지고 직무 역량 경험 상세하게 기술해 주시기 바랍니다
618,5,1번의 사항을 바탕으로 한전KPS에서 수행하고 싶은 직무에 대하여 기술해 주시기 바랍니다.,1번 사항 바탕 한전KPS 수행 직무 기술해 주시기 바랍니다
619,5,한전KPS의 중장기 전략경영계획(비전2025)를 참고하여 본인의 향후 역량개발계획을 상세하게 기술해 주시기 바랍니다.,한전KPS 중장기 전략경영계획 참고 본인 향후 역량개발계획 상세하게 기술해 주시기 바랍니다
620,5,어떤 어려운 상황에서도 주어진 업무에 대해 끝까지 수행한 경험에 대해 구체적으로 기술해주시기 바랍니다. - 본인이 수행한 업무가 무엇이며 왜 그러한 업무를 맡게 되었습니까? - 포기하지 않고 업무를 수행한 이유와 그 결과에 대해 기술해 주시기 바랍니다.,어떤 어려운 상황에서 주어진 업무 대해 수행한 경험 대해 구체적 기술해주시기 바랍니다 본인 수행한 업무 무엇 그러한 업무 맡게 되었습니까 포기 업무 수행한 이유 결과 대해 기술해 주시기 바랍니다
621,5,"스터디 그룹, 학과, 동아리, 회사부서와 같은 조직 내에서 팀원과 공동의 목표를 달성하기 위해 협력했던 경험에 대해 기술해 주시기 바랍니다. - 본인이 수행한 업무가 무엇이며 왜 그러한 업무를 맡게 되었습니까? - 사람들과 함께 일을 처리해 나가면서 그 사람들과의 긍정적 관계 구축을 위해 추가적으로 기울인 노력과 결과에 대해 기술해 주시기 바랍니다.",스터디 그룹 동아리 회사부서 조직 팀원 공동 목표 달성하기 협력했던 경험 대해 기술해 주시기 바랍니다 본인 수행한 업무 무엇 그러한 업무 맡게 되었습니까 사람들 처리해 나가면서 사람들과 긍정적 관계 구축 추가적 기울인 노력 결과 대해 기술해 주시기 바랍니다
622,5,약속과 원칙을 지켜 신뢰를 형성하거나 지킨 경험에 대해 구체적으로 기술해 주시기 바랍니다. - 당시 상황에 대해 구체적으로 기술하여 주시기 바랍니다. - 약속과 원칙을 지키기 위해 어떤 노력을 하였으며 그 이유는 무엇입니까? - 그 일을 계기로 본인에게 생긴 변화 또는 느낀 점은 무엇입니까?,약속 원칙 지켜 신뢰 형성하거 지킨 경험 대해 구체적 기술해 주시기 바랍니다 당시 상황 대해 구체적 기술 주시기 바랍니다 약속 원칙 지키기 어떤 노력 하였으며 이유 무엇입니까 계기 본인 생긴 변화 느낀 무엇입니까
623,5,"한화생명에 지원한 동기에 대하여 기술하여 주시기 바라며, 입사 후 회사에서 이루고 싶은 목표나 꿈을 기재하여 주시기 바랍니다.(700~1000자)",한화생명 지원한 동기 기술 주시기 바라며 입사 회사 이루고 목표 기재 주시기 바랍니다
624,5,본인이 알고 있는 한국공항공사에 관한 내용은 무엇이며 그 정보를 어떻게 얻게 되었는지 기술해 주시기 바랍니다. 또한 그 중 어떠한 면에 이끌려 우리 공사에 지원하게 되었는지 기술하여 주시기 바랍니다.,본인 알고 한국공항공사 내용 무엇 정보 어떻게 얻게 되었는지 기술해 주시기 바랍니다 또한 어떠한 이끌려 우리 공사 지원하게 되었는지 기술 주시기 바랍니다
625,5,"우리 공사 인재상에 맞는 직원이 되기 위해 당신은 어떤 면에서 준비가 되어 있으며, 최근 3년 이내에 해당 능력을 개발하기 위해 어떠한 노력을 하였는지 구체적인 사례로 기술해 주시기 바랍니다.",우리 공사 인재상 직원 되기 당신 어떤 준비 되어 있으며 최근 3년 이내 해당 능력 개발하기 어떠한 노력 하였는지 구체적인 사례 기술해 주시기 바랍니다
626,5,희망 직무 지원을 위한 본인의 준비과정과 해당 직무로 우리 회사에서 이루고자 하는 목표가 무엇인지 기술하여 주시기 바랍니다.,희망 직무 지원 본인 준비과정 해당 직무 우리 회사 이루고자 목표 무엇인지 기술 주시기 바랍니다
627,5,"경험/경력기술서 - 경험/경력기술서는 경험/경력사항에 기재한 내용을 바탕으로 기술해 주시기 바랍니다. 입사지원서에 기술한 경험사항 또는 경력사항에 대해 상세히 기술해 주시기 바랍니다. - 직무관련 '경험'사항 기술은 본인이 수행한 활동내용, 소속 조직이나 활동에서의 역할, 활동결과에 대해 구체적으로 작성해 주시기 바랍니다. - 직무관련 '경력'사항 기술은 직무영역, 활동/경험/수행 내용, 본인의 역할 및 활동, 주요성과에 대해 구체적으로 작성해 주시기 바랍니다. [2000자 이내]",경험경력기술서 경험경력기술서 경험경력사항 기재한 내용 바탕 기술해 주시기 바랍니다 입사지원서 기술한 경험사항 경력사항 대해 상세히 기술해 주시기 바랍니다 직무 경험사항 기술 본인 수행한 활동내용 소속 조직 활동에서 역할 활동결과 대해 구체적 작성해 주시기 바랍니다 직무 경력사항 기술 직무영역 활동경험수행 내용 본인 역할 활동 주요성과 대해 구체적 작성해 주시기 바랍니다
628,5,귀하께서 나와 다른 누군가와 공감하기 위해 본인의 행동을 변화 시켰던 경험이 있다면 상세히 기술해 주시기 바랍니다.,귀하께서 다른 누군가 공감하기 본인 행동 변화 시켰던 경험 있다면 상세히 기술해 주시기 바랍니다
629,5,예상치 못한 난관으로 인해 목표 달성에 영향을 받았던 사례를 기술 하시고 귀하께서 어떻게 대응하였는지 상세히 기술해 주시기 바랍니다.,예상치 못한 난관 인해 목표 달성 영향 받았던 사례 기술 하시고 귀하께서 어떻게 대응하였는지 상세히 기술해 주시기 바랍니다
630,5,"귀하께서 결과를 도출하기 까지 오래 걸리는 일(활동)을 수행한 경험이 있다면, 어떻게 지속적으로 동기부여 상태를 유지(Stay Motivated)하였는지 기술하여 주시기 바랍니다.",귀하께서 결과 도출하기 오래 걸리 일활동 수행한 경험 있다면 어떻게 지속적 동기부여 상태 유지 하였는지 기술 주시기 바랍니다
631,5,SC제일은행은 ‘Human Bank’를 지향하고 있습니다. 귀하가 생각하는 ‘Human Bank’는 어떤 의미이며 입행 후 그것을 달성하기 위해 어떤 활동을 수행할 것인지 기술하여 주시기 바랍니다.,SC제일은행 Human Bank 지향 귀하 생각 Human Bank 어떤 의미 입행 그것 달성하기 어떤 활동 수행할 것인지 기술 주시기 바랍니다
632,5,"경력 및 경험기술서 ㆍ입사지원서에 기술한 직무관련 경력 및 기타활동에 대해 상세히 기술해 주시기 바랍니다. ㆍ경력을 기술할 경우 구체적으로 직무영역, 활동/경험/수행 내용, 본인의 역할 및 구체적 행동, 주요 성과에 대해 작성해주시고, 경험을 기술할 경우 구체적으로 본인의 학습경험 혹은 과제 수행한 활동 내용, 소속 조직이나 활동에서의 역할, 활동 결과에 대해 작성해주시기 바랍니다. (1,000자 이내)",경력 경험기술서 입사지원서 기술한 직무 경력 기타활동 대해 상세히 기술해 주시기 바랍니다 경력 기술할 경우 구체적 직무영역 활동경험수행 내용 본인 역할 구체적 행동 주요 성과 대해 작성해주시고 경험 기술할 경우 구체적 본인 학습경험 과제 수행한 활동 내용 소속 조직 활동에서 역할 활동 결과 대해 작성해주시기 바랍니다
633,5,"가족관계, 교우관계 및 본인 성격과 이를 나타낼 수 있는 구체적인 사례와 성장과정에서 가장 기억나는 경험 등의 내용을 기재하여 주시기 바랍니다.",가족관계 교우관계 본인 성격 나타낼 구체적인 사례 성장과정 가장 기억나 경험 내용 기재 주시기 바랍니다
634,5,"고등학교/전문대학/대학 재학 시 학창생활, 동아리/학회할동(활동단체명/기간/역할/리더경험) 등을 구체적으로 기재하여 주시기 바랍니다.",고등학교전문대학대학 재학 학창생활 동아리학회할동 구체적 기재 주시기 바랍니다
635,5,"취미/특기를 갖게된 이유와 관련 활동 내용, 수상내용(수상명, 수상시기, 수상사유), 해외경험 및 기타 특이사항이 있으면 자세히 기재하여 주시기 바랍니다.",취미특기 갖게된 이유 활동 내용 수상내용 해외경험 기타 특이사항 있으면 자세히 기재 주시기 바랍니다
636,5,"[변화], [혁신]의 관점에서 기존의 틀을 깨고 성과를 이루어 낸 경험에 대해 기술해 주시기 바랍니다. *",변화 혁신 관점 기존 깨고 성과 이루어 경험 대해 기술해 주시기 바랍니다
637,5,정확한 분석을 통해 복잡하게 얽힌 과제나 문제를 해결했던 경험에 대해 아래 항목에 따라 기술해 주시기 바랍니다,정확한 분석 복잡하게 얽힌 과제 문제 해결했던 경험 대해 아래 항목 따라 기술해 주시기 바랍니다
638,5,자신과 이견을 가진 상대방과 협상하여 모두에게 유리한 최종안을 도출했던 경험을 아래 항목에 따라 기술해 주시기 바랍니다,자신 이견 가진 상대방 협상 모두 유리한 최종안 도출했던 경험 아래 항목 따라 기술해 주시기 바랍니다
639,5,"우리공사 4가지 인재요소는 1.고객 행복을 추구하는 “섬김인”, 2.상호존중과 신뢰의 “상생인”, 3.글로벌경쟁력을 갖춘 “전문인”, 4.미래가치를 창출하는 “창조인”입니다. 인재상과 관련하여 한가지를 선택, 본인의 역량을 결부시켜 기술해 주시기 바랍니다.",우리공사 4가지 인재요소 고객 행복 추구 섬김인 상호존중 신뢰 상생인 글로벌경쟁력 갖춘 전문인 미래가치 창출 창조인 인재상 관련 한가지 선택 본인 역량 결부시켜 기술해 주시기 바랍니다
640,5,"오리온에 입사하여 어떤 분야의 전문가로 활동하고 싶은지와 이를 위해 준비한 지식이나 스킬, 또는 경험을 기술해 주시기 바랍니다. [500자 이상 800자 이내]",오리온 입사 어떤 분야 전문가 활동 싶은지 준비한 지식 스킬 경험 기술해 주시기 바랍니다
641,5,"경험기술서 ·입사지원서에 기술한 직무관련 기타 활동에 대해 상세히 기술해 주시기 바랍니다. ·구체적으로 본인이 수행한 활동 내용, 소속 조직이나 활동에서의 역할, 활동 결과에 대해 작성해주시기 바랍니다.",경험기술서 입사지원서 기술한 직무 기타 활동 대해 상세히 기술해 주시기 바랍니다 구체적 본인 수행한 활동 내용 소속 조직 활동에서 역할 활동 결과 대해 작성해주시기 바랍니다
642,5,귀하께서 생각하시는 SC제일은행 리테일금융의 주요 경쟁자(Competitor)들에 대해 나열하시고 그 이유와 경쟁에서 승리하기 위한 아이디어를 제시하여 주시기 바랍니다.,귀하께서 생각하시 SC제일은행 리테일금융 주요 경쟁자 대해 나열하시고 이유 경쟁 승리하기 아이디어 제시 주시기 바랍니다
643,5,귀하의 과거 경험을 통해 얻게 된 본인만의 ‘Unique’ 한 점을 점을 지원 직무(BSSE)와 연결하여 상세히 기술하여 주시기 바랍니다.,귀하 과거 경험 얻게 본인만 Unique 지원 직무BSSE 연결 상세히 기술 주시기 바랍니다
644,5,"기술보증기금에 적합한 인재는 이공계, 상경계, 법학적 직무능력을 갖춘 융합형 인재입니다. 자신이 어떤 면에서 기금에 적합한 인재인지 직무관련 교육사항, 경력사항, 경험사항 등을 근거로 기술해 주시기 바랍니다.",기술보증기금 적합한 인재 이공계 상경계 법학적 직무능력 갖춘 융합형 인재 자신 어떤 기금 적합한 인재인지 직무 교육사항 경력사항 경험사항 근거 기술해 주시기 바랍니다
645,5,"공동의 목표를 달성하기 위한 단체활동 중에 다른 동료와 갈등이 있었던 경험, 이를 극복하기 위한 본인의 노력, 해당 경험을 통한 교훈은 무엇인지 구체적으로 기술해 주시기 바랍니다.",공동 목표 달성하기 단체활동 다른 동료 갈등 있었던 경험 극복하기 본인 노력 해당 경험 교훈 무엇인지 구체적 기술해 주시기 바랍니다
646,5,"본인이 가장 중요하게 여겨온 도덕적 신념과 그것을 지키고자 노력했던 구체적인 사례를 기술해주시고, 기금의 일원이 되었을 때 그러한 신념이 조직에서 어떻게 발현될 수 있을지에 대해 기술해 주시기 바랍니다.",본인 가장 중요하게 여겨온 도덕적 신념 그것 지키고자 노력했던 구체적인 사례 기술해주시고 기금 일원 되었 그러한 신념 조직 어떻게 발현될 있을지 대해 기술해 주시기 바랍니다
647,5,상반되어 보이는 목표나 가치를 모두 달성해야 하는 딜레마 상황에서 이를 해결하기 위한 노력과 성과에 대해 기술해 주시기 바랍니다.,상반되어 보이 목표 가치 모두 달성 딜레마 상황 해결하기 노력 성과 대해 기술해 주시기 바랍니다
648,5,"조직 내에서 일을 추진해 나가기 위해 필요한 리더쉽과 책임감에 대해 본인의 관련 경험을 들어 기술하고, 입사 후 계획에 대해서도 기술해 주시기 바랍니다.",조직 추진해 나가기 필요한 리더쉽 책임감 대해 본인 경험 들어 기술 입사 계획 대해서 기술해 주시기 바랍니다
649,5,"지원 분야와 관련된 업무경력 및 실적 등 경력사항이나 다른 경험 및 활동에 대해 상세히 기술해 주시기 바랍니다. 경력사항의 경우, 채용 분야의 직무와 관련된 기업이나 조직에서 실제적으로 수행한 업무경험에 대해서 작성해 주십시오. 경험 및 활동의 경우, 산학, 팀 프로젝트, 연구회, 동아리/동호회, 온라인 커뮤니티, 재능기부 등 다양한 조직에서의 활동을 통해 지원 분야와 관련한 경험을 쌓은 내용을 작성해 주십시오.",지원 분야 관련된 업무경력 실적 경력사항 다른 경험 활동 대해 상세히 기술해 주시기 바랍니다 경력사항 경우 채용 분야 직무 관련된 기업 조직 실제적 수행한 업무경험 작성해 경험 활동 경우 산학 프로젝트 연구회 동아리동호회 온라인 커뮤니티 재능기부 다양한 조직에서 활동 지원 분야 관련한 경험 내용 작성해
650,5,"지원동기와 해당 직무를 선택하게 된 이유, 어떠한 노력을 기울였는지 작성해 주시기 바랍니다.",지원동기 해당 직무 선택하게 이유 어떠한 노력 기울였는지 작성해 주시기 바랍니다
651,5,인생에서 가장 큰 성취감을 느낀 사건은 무엇인가요? 사건이 발생한 계기와 과정을 자세하게 묘사해 주시기 바랍니다.,인생 가장 성취감 느낀 사건 무엇인가요 사건 발생한 계기 과정 자세하게 묘사해 주시기 바랍니다
652,5,"바꾸고 싶은 자신의 모습 1가지를 작성해 주세요. 어떻게 바꾸고 싶으며, 왜 바꾸고 싶은지 자세하게 묘사해 주시기 바랍니다.",바꾸고 자신 모습 1가지 작성해 어떻게 바꾸고 싶으며 바꾸고 싶은지 자세하게 묘사해 주시기 바랍니다
653,5,본인의 전공능력이 지원한 직무에 적합한 사유를 구체적 사례를 들어 기술해 주시기 바랍니다.1000자 (영문작성 시 2000자) 이내,본인 전공능력 지원한 직무 적합한 사유 구체적 사례 들어 기술해 주시기 바랍니다
654,5,최근 사회이슈 중 중요하다고 생각되는 한가지를 선택하고 이에 관한 자신의 견해를 기술해 주시기 바랍니다.1000자 (영문작성 시 2000자) 이내,최근 사회이슈 중요하다고 생각되 한가지 선택 자신 견해 기술해 주시기 바랍니다
655,5,지금까지의 경험 중 2인 이상이 모여 공동 작업을 진행했던 경험에 대해 기술해 주시기 바랍니다. 이 경험속에서 지원자의 역할과 협력과정을 작성해 주시기 바랍니다.,지금까지 경험 2인 이상 모여 공동 작업 진행했던 경험 대해 기술해 주시기 바랍니다 경험속 지원자 역할 협력과정 작성해 주시기 바랍니다
656,5,"지금까지 살아오면서 반드시 지켜가고자 했던 도덕기준은 무엇이며, 이를 어떻게 지켜가고자 했는지, 어떤 상황에서 가장 힘들었는지 기술해 주시기 바랍니다.",지금 살아오면서 반드시 지켜가고자 했던 도덕기준 무엇 어떻게 지켜가고자 했는지 어떤 상황 가장 힘들었는지 기술해 주시기 바랍니다
657,5,"한국관광공사의 주요 사업을 분류하고, 각각의 특성에 대해 아시는 대로 작성해 주시기 바랍니다",한국관광공사 주요 사업 분류 각각 특성 대해 아시 작성해 주시기 바랍니다
658,5,한국항공우주산업을 지원하신 이유에 대해 작성하시기 바랍니다.,한국항공우주산업 지원하신 이유 대해 작성하시기 바랍니다
659,5,"[변화], [혁신]의 관점에서 기존의 틀을 깨고 성과를 이루어낸 경험에 대해 기술해 주시기 바랍니다.",변화 혁신 관점 기존 깨고 성과 이루어낸 경험 대해 기술해 주시기 바랍니다
660,5,[조직이해능력] 우리 공단은 보훈가족에게 의료복지서비스를 제공하는 기관입니다. 본인이 우리 공단에 입사한다면 사무직으로서 공단 발전에 어떻게 기여할 수 있는지 본인의 직무경험 및 역량과 결부시켜 기술하여 주시기 바랍니다.,조직이해능력 우리 공단 보훈가족 의료복지서비스 제공 기관 본인 우리 공단 입사한다면 사무직으로서 공단 발전 어떻게 기여할 있는지 본인 직무경험 역량 결부시켜 기술 주시기 바랍니다
661,5,"[대인관계능력] 본인이 어떤 단체(조직, 동아리 등)에 소속되어 공동과업을 달성하는 과정에서 구성원들과의 관계에서 발생했던 어려움은 무엇이었으며, 그 어려움을 극복하기 위해 어떠한 노력을 했는지 기술하여 주시기 바랍니다.",대인관계능력 본인 어떤 단체 소속되어 공동과업 달성 과정 구성원들과 관계 발생했던 어려움 무엇이었으며 어려움 극복하기 어떠한 노력 했는지 기술 주시기 바랍니다
662,5,"[문제해결능력] 본인이 특정한 문제의 본질을 정확하게 이해하고, 논리적인 사고과정을 통해 문제를 해결했던 경험을 기술하여 주시기 바랍니다.",문제해결능력 본인 특정한 문제 본질 정확하게 이해 논리적인 사고과정 문제 해결했던 경험 기술 주시기 바랍니다
663,5,"[의사소통능력] 자신의 생각이나 의견을 상대방에게 성공적으로 설득했던 경험을 상황, 행동, 결과 중심으로 기술하여 주시기 바랍니다.",의사소통능력 자신 생각 의견 상대방 성공적 설득했던 경험 상황 행동 중심 기술 주시기 바랍니다
664,5,[자원관리능력] 한정된 시간·자본·시설·인적자원에도 불구하고 이를 이겨내고 주어진 업무나 과제를 성공적으로 마친 경험이 있으면 기술하여 주시기 바랍니다.,자원관리능력 한정된 시간자본시설인적자원에 불구 이겨내고 주어진 업무 과제 성공적 마친 경험 있으면 기술 주시기 바랍니다
665,5,최근 5년간향후 업무(또는 학습 등)에 필요한 능력을 개발하기 위해 노력한 경험에 대하여 기술하여 주시기 바랍니다.,최근 5년간향후 업무 필요한 능력 개발하기 노력한 경험 기술 주시기 바랍니다
666,5,"한국지역난방공사의 핵심가치는 ""창의, 소통, 신뢰, 상생""입니다. 본인의 지식과 경험에 기반하여 기술하여 주시기 바랍니다.",한국지역난방공사 핵심가치 소통 신뢰 상생 본인 지식 경험 기반 기술 주시기 바랍니다
667,5,"My story 해당회사 및 직무에 지원하는 동기에 대해 기술해 주시기 바랍니다. Guide> 직무에 관련된 경험 및 역량, 관심사항, 개인의 목표 및 비전 등 자신을 어필할 수 있는 내용을 기반으로 자유롭게 기술하시기 바랍니다.",My story 해당회사 직무 지원 동기 대해 기술해 주시기 바랍니다 Guide 직무 관련된 경험 역량 관심사항 개인 목표 비전 자신 어필할 내용 기반 자유롭게 기술하시기 바랍니다
668,5,"경험사항 도전적인 목표를 정하고 열정적으로 일을 추진했던 경험을 구체적으로 기술해 주시기 바랍니다. Guide> 특히, 일을 추진해 나가는 데 있어서 어려웠던 점과 그 결과에 대해서 중점적으로 기술하시기 바랍니다. 또한, 직무관련 공모전 수상, 인턴 경험, 혹은 본인을 어필할 수 있는 특이 경험이 있다면 기재해 주시기 바랍니다.",경험사항 도전적인 목표 열정적 추진했던 경험 구체적 기술해 주시기 바랍니다 Guide 특히 추진해 나가 있어서 어려웠던 결과 중점적 기술하시기 바랍니다 또한 직무 공모전 수상 인턴 경험 본인 어필할 경험 있다면 기재해 주시기 바랍니다
669,5,"한국지역난방공사의 핵심가치는 ""창의, 소통, 신뢰, 상생""입니다. 본인의 지식과 경험에 기반하여 기술하여 주시기 바랍니다. 1-1. 위의 핵심가치 중 신입사원으로 갖추어야 할 가장 중요한 가치는 무엇이라고 생각하십니까? 그러한 핵심가치를 선정한 이유는 무엇입니까?",한국지역난방공사 핵심가치 소통 신뢰 상생 본인 지식 경험 기반 기술 주시기 바랍니다 핵심가치 신입사원 갖추어야 가장 중요한 가치 무엇이라고 생각하십니까 그러한 핵심가치 선정한 이유 무엇입니까
670,5,"최근 5년간 향후 업무(또는 학습 등)에 필요한 능력을 개발하기 위해 노력한 경험에 대하여 기술하여 주시기 바랍니다. 5-1. 어떤 업무(학습)이었으며, 그러한 능력이 필요하다고 생각한 이유는 무엇인가요?",최근 5년간 향후 업무 필요한 능력 개발하기 노력한 경험 기술 주시기 바랍니다 어떤 업무학습이었으며 그러한 능력 필요하다고 생각한 이유 무엇인가요
671,5,도전적인 목표를 정하고 열정적으로 일을 추진했던 경험을 구체적으로 기술해 주시기 바랍니다 500,도전적인 목표 열정적 추진했던 경험 구체적 기술해 주시기 바랍니다 500
672,5,"본인이 소속된 조직(학과, 인턴, 동아리, 프로젝트 등)의 목표를 달성하기 위해 노력했던 경험을 아래 항목에 따라 기술해 주시기 바랍니다. 1-1. 소속된 조직의 목표, 성과, 문화, 비전 등을 이해하고, 수용하기 위해 노력한 행동에 대해 기술 1-2. 소속된 조직에서 본인의 역할(업무, 책임 등)을 완수하기 위해 전문성, 역량, 장점 등을 발휘한 사례에 대해 기술 963/(800-1000)",본인 소속된 조직 목표 달성하기 노력했던 경험 아래 항목 따라 기술해 주시기 바랍니다 소속된 조직 목표 문화 비전 이해 수용하기 노력한 행동 대해 기술 소속된 조직 본인 역할 완수하기 전문성 역량 장점 발휘한 사례 대해 기술 963
673,5,어떤 업무를 처리하는 과정에서 다양한 상황들을 고려하여 의사결정을 내렸던 경험에 대해 아래 항목에 따라 기술해 주시기 바랍니다. 2-1. 업무 처리시 의사결정을 내렸던 과정과 이를 위해 활용한 자료들에 대해 기술 2-2. 의사결정 시 고려했던 대안들과 최종 결정한 근거에 대해 기술 990/(800-1000),어떤 업무 처리 과정 다양한 상황들 고려 의사결정 내렸던 경험 대해 아래 항목 따라 기술해 주시기 바랍니다 업무 처리시 의사결정 내렸던 과정 활용한 자료들 대해 기술 의사결정 고려했던 대안들 최종 결정한 근거 대해 기술 990
674,5,"자신이 추진했던 일(프로젝트, 연구활동, 기타과업 등)의 프로세스를 지속적으로 향상시키기 위해 노력했던 경험이 있다면 아래 항목에 따라 기술해 주시기 바랍니다. 3-1. 프로세스 향상을 위한 기존 프로세스에 대한 검토 내용 기술 3-2. 프로세스를 향상시킨 구체적인 방안 기술 859/(800-1000)",자신 추진했던 프로세스 지속적 향상시키기 노력했던 경험 있다면 아래 항목 따라 기술해 주시기 바랍니다 프로세스 향상 기존 프로세스 검토 내용 기술 프로세스 향상시킨 구체적인 방안 기술 859
675,5,"우리공사 4가지 인재요소는 1.고객 행복을 추구하는 “섬김인”, 2.상호존중과 신뢰의 “상생인”, 3.글로벌경쟁력을 갖춘 “전문인”, 4.미래가치를 창출하는 “창조인”입니다. 인재상과 관련하여 한가지를 선택, 본인의 역량을 결부시켜 기술해 주시기 바랍니다. 896/(800-1000)",우리공사 4가지 인재요소 고객 행복 추구 섬김인 상호존중 신뢰 상생인 글로벌경쟁력 갖춘 전문인 미래가치 창출 창조인 인재상 관련 한가지 선택 본인 역량 결부시켜 기술해 주시기 바랍니다 896
676,5,현대모비스에 지원하게 된 동기를 기재해 주시기 바랍니다. * [300자 이상 1000자 이내],현대모비스 지원하게 동기 기재해 주시기 바랍니다
677,5,"타인과 구별되는 자신만의 경쟁력을 한 가지 고르고, 이를 잘 표현할 수 있는 사례를 중심으로 기재해 주시기 바랍니다. * [300자 이상 1000자 이내]",타인 구별되 자신만 경쟁력 가지 고르고 표현할 사례 중심 기재해 주시기 바랍니다
678,5,어떤 어려운 상황에서도 주어진 업무에 대해 끝까지 수행한 경험에 대해 구체적으로 기술해주시기 바랍니다. ㆍ본인이 수행한 업무가 무엇이며 왜 그러한 업무를 맡게 되었습니까? ㆍ포기하지 않고 업무를 수행한 이유와 그 결과에 대해 기술해 주시기 바랍니다.,어떤 어려운 상황에서 주어진 업무 대해 수행한 경험 대해 구체적 기술해주시기 바랍니다 본인 수행한 업무 무엇 그러한 업무 맡게 되었습니까 포기 업무 수행한 이유 결과 대해 기술해 주시기 바랍니다
679,5,"스터디 그룹, 학과, 동아리, 회사부서와 같은 조직내에서 팀원과 공동의 목표를 달성하기 위해 협력했던 경험에 대해 기술해 주시기 바랍니다.",스터디 그룹 동아리 회사부서 조직내 팀원 공동 목표 달성하기 협력했던 경험 대해 기술해 주시기 바랍니다
680,5,"인생을 살아가면서 가장 중요하게 생각하는 가치(관)은 무엇이고, 그 가치(관)을 유지, 발전시키기 위해 노력한 경험이나 사례를 구체적으로 기술해 주시기 바랍니다.",인생 살아가면서 가장 중요하게 생각 가치관 무엇 가치관 유지 발전시키기 노력한 경험 사례 구체적 기술해 주시기 바랍니다
681,5,"한국야쿠르트에 지원한 동기와 지원자께서 당사에 적합하다고 생각하는 근거를 기술해 주시기 바랍니다. (최소 1자, 최대 700자 입력가능)",한국야쿠르트 지원한 동기 지원자께서 당사 적합하다고 생각 근거 기술해 주시기 바랍니다
682,5,"해당 직무에 지원한 동기를 지원자의 남다른 재능이나 경험, 역량을 중심으로 기술해 주시기 바랍니다. (최소 1자, 최대 700자 입력가능)",해당 직무 지원한 동기 지원자 남다른 재능 경험 역량 중심 기술해 주시기 바랍니다
683,5,"제품, 전략, 판매 채널 등 당사 사업 영역과 관련하여 지원자께서 생각하는 발전방향을 제시하고, 그 방향 속에서 지원자께서 할 수 있는 역할이 무엇인지 기술해 주시기 바랍니다. (최소 1자, 최대 700자 입력가능)",제품 전략 판매 채널 당사 사업 영역 관련 지원자께서 생각 발전방향 제시 방향 지원자께서 역할 무엇인지 기술해 주시기 바랍니다
684,5,"당사의 핵심가치 중 하나를 본인의 생활 신조와 부합되는 면과 그 이유를 서술해 주시기 바랍니다. [ 500자 이상 1000자 이내 ] 정직, 혁신, 협업",당사 핵심가치 하나 본인 생활 신조 부합되 이유 서술해 주시기 바랍니다 정직 혁신 협업
685,5,"지원자께서 남들 보다 뛰어난 점은 무엇이며, 직무에 어떻게 적용 할 수 있을 것인지를 구체적으로 기술하여 주시기 바랍니다. [ 500자 이상 1000자 이내 ]",지원자께서 남들 뛰어난 무엇 직무 어떻게 적용 것인지 구체적 기술 주시기 바랍니다
686,5,최근 사회이슈 중 중요하다고 생각되는 한가지를 선택하고 이에 관한 자신의 견해를 기술해 주시기 바랍니다. 1000,최근 사회이슈 중요하다고 생각되 한가지 선택 자신 견해 기술해 주시기 바랍니다 1000
687,5,"본인이 소속된 조직(학과, 인턴, 동아리, 프로젝트 등)의 목표를 달성하기 위해 노력했던 경험을 아래 항목에 따라 기술해 주시기 바랍니다. 1-1. 소속된 조직의 목표, 성과, 문화, 비전 등을 이해하고, 수용하기 위해 노력한 행동에 대해 기술 1-2. 소속된 조직에서 본인의 역할(업무, 책임 등)을 완수하기 위해 전문성, 역량, 장점 등을 발휘한 사례에 대해 기술",본인 소속된 조직 목표 달성하기 노력했던 경험 아래 항목 따라 기술해 주시기 바랍니다 소속된 조직 목표 문화 비전 이해 수용하기 노력한 행동 대해 기술 소속된 조직 본인 역할 완수하기 전문성 역량 장점 발휘한 사례 대해 기술
688,5,"노후준비에 대한 중요성은 날로 강조되고 있으며, 국민연금은 노후준비의 가장 대표적인 수단으로 관심이 커지고 있습니다. 국민연금 제도가 가지는 특징 중 가장 중요하다고 생각하는 사항을 정리하고, 그렇게 판단한 이유에 대해 자신의 생각을 구체적으로 기술하여 주시기 바랍니다.",노후준비 중요성 강조되고 있으며 국민연금 노후준비 가장 대표적인 수단 관심 커지고 국민연금 제도 가지 특징 가장 중요하다고 생각 사항 정리 그렇게 판단한 이유 대해 자신 생각 구체적 기술 주시기 바랍니다
689,5,"공단의 5가지 핵심가치(신뢰, 책임, 공유, 공정, 열정) 중 한가지를 골라 이와 연관된 본인의 경험과 활동 및 노력에 대해 구체적인 사례를 들어 기술하여 주시기 바랍니다.",공단 5가지 핵심가치 한가지 골라 연관된 본인 경험 활동 노력 대해 구체적인 사례 들어 기술 주시기 바랍니다
690,5,"본인과 생각이 다른 사람의 의견을 모아 절충하고 조정한 사례를 들어, 그 과정에서 갈등요인을 어떤 방법을 통해 해결했으며, 그 해결방법을 선택한 이유는 무엇이며, 이후 성과는 무엇인지 구체적으로 기술해 주시기 바랍니다.",본인 생각 다른 사람 의견 모아 절충 조정한 사례 들어 과정 갈등요인 어떤 방법 해결했으며 해결방법 선택한 이유 무엇 이후 성과 무엇인지 구체적 기술해 주시기 바랍니다
691,5,"주식회사 에스알의 인재상 구성요소(전문성, 도전, 소통) 중 본인과 가장 부합된다고 생각하는 요소를 두 가지 선택하여 그렇게 생각하는 이유를 본인의 경험, 교육, 경력사항 등 구체적인 사례를 들어 기술하여 주시기 바랍니다.",주식회사 에스알 인재상 구성요소 본인 가장 부합된다고 생각 요소 가지 선택 그렇게 생각 이유 본인 경험 교육 경력사항 구체적인 사례 들어 기술 주시기 바랍니다
692,5,프로젝트나 집단 활동의 목표를 달성하기 위해 자신이 기여한 사례가 있다면 구체적으로 서술하여 주시기 바랍니다.,프로젝트 집단 활동 목표 달성하기 자신 기여한 사례 있다면 구체적 서술 주시기 바랍니다
693,5,"지속가능경영 분야에서 국내외 기업들의 화두는 공유가치창출(CSV)로 변화하고 있습니다. SR 역시 공공기관으로서 나눔과 상생이 함께하는 사회적 역할을 중시하고 있어서 최근에는‘SRT CSV LAB(공유가치 창출 홍보관)'을 운영하여 지방자체단체·중소기업·공공기관과 협력해 공유가치를 창출하기 위해 노력하고 있습니다. 위 내용을 참고하여 SR의 열차운송사업과 연관된 CSV 강화방안은 무엇이며, 그것을 본인의 지원업무와 연관지어 서술하여 주시기 바랍니다.",지속가능경영 분야 국내외 기업들 화두 공유가치창출CSV 변화 SR 역시 공공기관으로서 나눔 상생 함께 사회적 역할 중시 있어서 최근에는SRT CSV LAB 운영 지방자체단체중소기업공공기관 협력해 공유가치 창출하기 노력 내용 참고 SR 열차운송사업 연관된 CSV 강화방안 무엇 그것 본인 지원업무 연관지어 서술 주시기 바랍니다
694,5,"지금까지 가장 열정적/혁신적으로 임하여 성과를 이룬 경험과 그 과정에서 배운 교훈을 기술해 주시기 바랍니다. Guide> 추진목적, 진행 시 장애사항 및 극복 방법 등 본인의 경험을 자유롭게 기술하시기 바랍니다",지금 가장 열정적혁신적 성과 이룬 경험 과정 배운 교훈 기술해 주시기 바랍니다 Guide 추진목적 진행 장애사항 극복 방법 본인 경험 자유롭게 기술하시기 바랍니다
695,5,본인이 생각하는 서브원 사업 성장에 가장 중요한 요인은 무엇이며 이를 위해 지원 직무에서 본인이 기여할 수 있는 부분을 기술하여 주시기 바랍니다. Guide> 본인이 생각하고 있는 내용 및 경험을 기반으로 자유롭게 기술하시기 바랍니다.,본인 생각 서브원 사업 성장 가장 중요한 요인 무엇 지원 직무 본인 기여할 부분 기술 주시기 바랍니다 Guide 본인 생각 내용 경험 기반 자유롭게 기술하시기 바랍니다
696,5,어떤 업무를 처리하는 과정에서 다양한 상황들을 고려하여 의사결정을 내렸던 경험에 대해 아래 항목에 따라 기술해 주시기 바랍니다. ? 1-1. 업무 처리시 의사결정을 내렸던 과정과 이를 위해 활용한 자료들에 대해 기술 ? 1-2. 의사결정 시 고려했던 대안들과 최종 결정한 근거에 대해 기술,어떤 업무 처리 과정 다양한 상황들 고려 의사결정 내렸던 경험 대해 아래 항목 따라 기술해 주시기 바랍니다 업무 처리시 의사결정 내렸던 과정 활용한 자료들 대해 기술 의사결정 고려했던 대안들 최종 결정한 근거 대해 기술
697,5,자신과 이견을 가진 상대방과 협상하여 모두에게 유리한 최종안을 도출했던 경험을 아래 항목에 따라 기술해 주시기 바랍니다. ? 3-1. 자신과 상대방의 입장 차이 및 합의안 도출 프로세스에 대한 기술 ? 3-2. 모두에게 이익이 되는 합의안과 도출 이유에 대해 기술,자신 이견 가진 상대방 협상 모두 유리한 최종안 도출했던 경험 아래 항목 따라 기술해 주시기 바랍니다 자신 상대방 입장 합의안 도출 프로세스 기술 모두 이익 합의안 도출 이유 대해 기술
698,5,오류없이 성공적으로 과제 또는 업무를 수행하고자 최선을 다했던 경험을 아래 항목에 따라 기술해 주시기 바랍니다. ? 4-1. 오류나 실수가 발생할 가능성이 있었던 업무(과제) 특성 및 주의를 기울였던 행동에 대해 기술 ? 4-2. 진행과정 별 치밀하게 처리했던 방법에 대해 기술,오류없 성공적 과제 업무 수행하고자 최선 다했던 경험 아래 항목 따라 기술해 주시기 바랍니다 오류 실수 발생할 가능성 있었던 업무과제 특성 주의 기울였던 행동 대해 기술 진행과정 치밀하게 처리했던 방법 대해 기술
699,5,"우리공사 4가지 인재요소는 1.고객 행복을 추구하는 “섬김인”, 2.상호존중과 신뢰의 “상생인”, 3.글로벌경쟁력을 갖춘 “전문인”, 4.미래가치를 창출하는 “창조인”입니다. ? 인재상과 관련하여 한가지를 선택, 본인의 역량을 결부시켜 기술해 주시기 바랍니다",우리공사 4가지 인재요소 고객 행복 추구 섬김인 상호존중 신뢰 상생인 글로벌경쟁력 갖춘 전문인 미래가치 창출 창조인 인재상 관련 한가지 선택 본인 역량 결부시켜 기술해 주시기 바랍니다
700,5,"지속가능경영 분야에서 국내외 기업들의 화두는 공유가치창출(CSV)로 변화하고 있습니다. SR 역시 공공기관으로서 나눔과 상생이 함께하는 사회적 역할을 중시하고 있어서 최근에는‘SRT CSV LAB(공유가치 창출 홍보관)'을 운영하여 지방자체단체·중소기업·공공기관과 협력해 공유가치를 창출하기 위해 노력하고 있습니다. 위 내용을 참고하여 SR의 열차운송사업과 연관된 CSV 강화방안은 무엇이며, 그것을 본인의 지원업무와 연관지어 서술하여 주시기 바랍니다. 『하버드대 경영학과 마이클 유진 포터 교수는 기업이 수익 창출 이후에 사회 공헌 활동을 하는 것이 아니라 기업 활동 자체가 사회적 가치를 창출하면서 동시에 경제적 수익을 추구할 수 있는 방향으로 이루어지는 CSV(공유가치창출)의 개념을 발표했다. 앞으로는 소비자의 가치, 기업의 가치, 사회적으로 필요한 가치가 상호 조화를 이루는 기업가 정신이 요구된다는 것이다.』",지속가능경영 분야 국내외 기업들 화두 공유가치창출CSV 변화 SR 역시 공공기관으로서 나눔 상생 함께 사회적 역할 중시 있어서 최근에는SRT CSV LAB 운영 지방자체단체중소기업공공기관 협력해 공유가치 창출하기 노력 내용 참고 SR 열차운송사업 연관된 CSV 강화방안 무엇 그것 본인 지원업무 연관지어 서술 주시기 바랍니다 하버드대 경영학 마이클 유진 포터 교수 기업 수익 창출 이후 사회 공헌 활동 아니라 기업 활동 자체 사회적 가치 창출하면서 동시 경제적 수익 추구할 방향 이루어지 CSV 개념 발표했다 앞으로 소비자 가치 기업 가치 사회적 필요한 가치 상호 조화 이루 기업 정신 요구된다
701,5,여러 사람들과의 팀워크 향상 및 공동 목표 달성에 기여한 대표적 경험에 대해 기술해 주시기 바랍니다.,여러 사람들과 팀워크 향상 공동 목표 달성 기여한 대표적 경험 대해 기술해 주시기 바랍니다
702,5,"본인 인생에서 가장 크게 실패했던 경험은 무엇이며, 이를 어떻게 극복했는지 기술해 주시기 바랍니다.",본인 인생 가장 크게 실패했던 경험 무엇 어떻게 극복했는지 기술해 주시기 바랍니다
703,5,아래 KOGAS 인재상 중 택1하여 그에 부합하는 자신의 경험(행동)을 자유롭게 기술하여 주시기 바랍니다.,아래 KOGAS 인재상 택1 부합 자신 경험행동 자유롭게 기술 주시기 바랍니다
704,5,"KOGAS가 본인을 채용해야 하는 이유와 관련하여, 자신을 표현할 수 있는 문구 또는 단어를 자유롭게 기술하고 그 이유를 설명하여 주시기 바랍니다.",KOGAS 본인 채용 이유 관련 자신 표현할 문구 단어 자유롭게 기술 이유 설명 주시기 바랍니다
705,5,지원 동기에 대해서 구체적으로 기술하여 주시기 바랍니다,지원 동기 구체적 기술 주시기 바랍니다
706,5,"대내외 활동을 통해 수행업무, 역할, 성과 등에 대해서 구체적으로 기술하여 주시기 바랍니다.",대내외 활동 수행업무 역할 구체적 기술 주시기 바랍니다
707,5,지원 분야와 관련된 업무경력 및 실적 등 경력사항이나 다른 경험 및 활동에 대해 상세히 기술해 주시기 바랍니다.,지원 분야 관련된 업무경력 실적 경력사항 다른 경험 활동 대해 상세히 기술해 주시기 바랍니다
708,5,"AK MALL 을 가장 잘 설명할 수 있는 이미지는 무엇이며, 그 이유에 대하여 기술해 주시기 바랍니다.",AK MALL 가장 설명할 이미지 무엇 이유 기술해 주시기 바랍니다
709,5,"타인과 다른 자신만의 차별화된 경험, 역량 및 장기가 있다면 자유롭게 기술해 주시기 바랍니다.",타인 다른 자신만 차별화된 경험 역량 장기 있다면 자유롭게 기술해 주시기 바랍니다
710,5,"지원자가 한국방송통신전파진흥원 및 지원분야에 관심을 가지게 된 계기는 무엇이며, 이를 위해 그 동안 어떤 노력을 했는지 기술해 주시기 바랍니다.",지원자 한국방송통신전파진흥원 지원분야 관심 가지게 계기 무엇 동안 어떤 노력 했는지 기술해 주시기 바랍니다
711,5,"학교 또는 사회에서 과감한 변화와 도전을 수행했던 경험·경력 및 구성원으로써의 역할이 무엇이었으며, 어떤 목표를 달성했는지 최근의 사례를 기술해 주시기 바랍니다.",학교 사회 과감한 변화 도전 수행했던 경험경력 구성원으로써 역할 무엇이었으며 어떤 목표 달성했는지 최근 사례 기술해 주시기 바랍니다
712,5,지원동기에 대해 자세히 소개해 주시기 바랍니다.,지원동기 대해 자세히 소개해 주시기 바랍니다
713,5,본인의 성장과정에 대해 자세히 기술해 주시기 바랍니다.,본인 성장과정 대해 자세히 기술해 주시기 바랍니다
714,5,"사회홛동 및 경력사항에 대해 자세히 소개해 주시기 바랍니다.(대외활동, 업무관련경력 등)",사회홛동 경력사항 대해 자세히 소개해 주시기 바랍니다
715,5,입사 후 캐논코리아 비즈니스 솔루션에서 자신의 포부에 대해 기술해 주시기 바랍니다.,입사 캐논코리아 비즈니스 솔루션 자신 포부 대해 기술해 주시기 바랍니다
716,5,[My Story] 도전적인 목표를 정하고 열정적으로 일을 추진했던 경험을 구체적으로 기술해 주십시오. Guide> 일을 추진해 나가는 데 있어서 어려웠던 점과 그 결과에 대해서 중점적으로 기술해 주시기 바랍니다.,My Story 도전적인 목표 열정적 추진했던 경험 구체적 기술해 Guide 추진해 나가 있어서 어려웠던 결과 중점적 기술해 주시기 바랍니다
717,5,"자신을 잘 나타내는 한 단어를 제시하고, 그 이유를 구체적인 예를 들어 설명해 주시기 바랍니다.",자신 나타내 단어 제시 이유 구체적인 들어 설명해 주시기 바랍니다
718,5,"한샘은 `탁월함에 대한 도전`을 추구합니다. 자신이 생각하는 탁월함이란 무엇이며, 한샘에서 이를 어떻게 도전해 나갈 것인지 서술해 주시기 바랍니다.",한샘 탁월함 도전 추구 자신 생각 탁월함이란 무엇 한샘 어떻게 도전해 나갈 것인지 서술해 주시기 바랍니다
719,5,객실승무원이 갖추어야 할 자질을 제시하고 본인이 이에 어떻게 부합하는지에 대해 구체적으로 기술하여주시기 바랍니다.,객실승무원 갖추어야 자질 제시 본인 어떻게 부합하는지 대해 구체적 기술하여주시기 바랍니다
720,5,본인이 생각하는 최고의 서비스란 무엇인지와 그 이유를 설명하여 주시기 바랍니다.,본인 생각 최고 서비스란 무엇인지 이유 설명 주시기 바랍니다
721,5,공동의 목표를 달성하기 위해 협업했던 경험과 그 과정에서 본인이 수행한 역할에 대하여 작성하여 주시기 바랍니다.,공동 목표 달성하기 협업했던 경험 과정 본인 수행한 역할 작성 주시기 바랍니다
722,5,"내가 생각하는 나는 객관적으로 어떠한 사람이며, 나를 타인에게 어떻게 소개하고 싶은지 서술하고, 코웨이 입사가 본인에게 어떤 의미를 부여할 것인지 서술하여 주시기 바랍니다.",생각 객관적 어떠한 사람 타인 어떻게 소개 싶은지 서술 코웨 입사 본인 어떤 의미 부여할 것인지 서술 주시기 바랍니다
723,5,"지금까지 학업 이외에 스스로 이루어낸 성공 중 가장 의미있는 경험을 서술하고, 성공을 위한 노력과 그 과정 속에서 성장한 본인의 모습을 구체적으로 서술하여 주시기 바랍니다.",지금 학업 이외 스스 이루어낸 성공 가장 의미 경험 서술 성공 노력 과정 성장한 본인 모습 구체적 서술 주시기 바랍니다
724,5,"본인이 경험했던 조직생활 중, 조직의 팀웍을 유지하고 강화시킨 대표적인 경험을 구체적으로 서술하여 주시기 바랍니다.",본인 경험했던 조직생활 조직 팀웍 유지 강화시킨 대표적인 경험 구체적 서술 주시기 바랍니다
725,5,자신의 성장과정 및 개인 특성 장점을 중심으로 기술하여 주시기 바랍니다.,자신 성장과정 개인 특성 장점 중심 기술 주시기 바랍니다
726,5,"한국지역난방공사의 핵심가치는 “창의, 소통, 신뢰, 상생”입니다. 본인의 지식과 경험에 기반하여 기술하여 주시기 바랍니다. 1)위의 핵심가치 중 신입사원으로 갖추어야 할 가장 중요한 가치는 무엇이라고 생각하십니까? (100~200자)",한국지역난방공사 핵심가치 소통 신뢰 상생 본인 지식 경험 기반 기술 주시기 바랍니다 1위 핵심가치 신입사원 갖추어야 가장 중요한 가치 무엇이라고 생각하십니까
727,5,"최근 5년간 자신이 속한 조직 내에서 자신의 가치관과 조직의 가치관이 충돌한 경험에 대하여 기술하여 주시기 바랍니다. 1) 언제, 어떤 조직 내에서 발생한 일이며, 본인의 어떠한 가치관과 조직의 가치관이 충돌하였나요?(150~300자)",최근 5년간 자신 속한 조직 자신 가치관 조직 가치관 충돌한 경험 기술 주시기 바랍니다 언제 어떤 조직 발생한 본인 어떠한 가치관 조직 가치관 충돌하였나요
728,5,"최근 5년간 향후 업무(또는 학습 등)에 필요한 능력을 개발하기 위해 노력한 경험에 대하여 기술하여 주시기 바랍니다. 1)어떤 업무(학습)이었으며, 그러한 능력이 필요하다고 생각한 이유는 무엇인가요? (100~200자)",최근 5년간 향후 업무 필요한 능력 개발하기 노력한 경험 기술 주시기 바랍니다 1어떤 업무학습이었으며 그러한 능력 필요하다고 생각한 이유 무엇인가요
729,5,본인의 성장배경 및 위에 기술한 내용 외에 첨부하고자 하는 내용이 있으시면 기술하여 주시기 바랍니다.,본인 성장배경 기술한 내용 첨부하고자 내용 있으시면 기술 주시기 바랍니다
730,5,본인이 알고 있는 한국공항공사에 관한 내용은 무엇이며 그 정보를 어떻게 얻게 되었는지 기술해 주시기 바랍니다.,본인 알고 한국공항공사 내용 무엇 정보 어떻게 얻게 되었는지 기술해 주시기 바랍니다
731,5,"우리 공사 인재상에 맞는 직원이 되기 위해 당신은 어떤 면에서 준비가 되어 있으며, 최근 3년 이내에 해당 능력을 개발하기 위해 어떠한 노력을 하였는지 구체적인 사례로 기술해 주시기 바랍니다. (400자 이내)",우리 공사 인재상 직원 되기 당신 어떤 준비 되어 있으며 최근 3년 이내 해당 능력 개발하기 어떠한 노력 하였는지 구체적인 사례 기술해 주시기 바랍니다
732,5,"입사지원서에 기술한 경력 및 경험사항에 대하여 상세히 기술해 주시기 바랍니다. 구체적으로 활동/경험/수행내용, 본인의 역할, 주요 성과에 대해 작성해 주시기 바랍니다.",입사지원서 기술한 경력 경험사항 상세히 기술해 주시기 바랍니다 구체적 활동경험수행내용 본인 역할 주요 성과 대해 작성해 주시기 바랍니다
733,5,"본인이 기존과는 다른 방식을 시도하여 이전에 비해 조금이라도 개선했던 경험 중, 가장 효과적이었던 사례를 기술해 주시기 바랍니다.",본인 기존과 다른 방식 시도 이전 비해 조금 개선했던 경험 가장 효과적이었던 사례 기술해 주시기 바랍니다
734,5,"본인의 지원 분야에 대한 역량을 분석해 보고, 자신의 지원 분야에 대한 역량을 향상시키기 위해 어떠한 노력을 했는지 기술해 주시기 바랍니다.",본인 지원 분야 역량 분석해 보고 자신 지원 분야 역량 향상시키기 어떠한 노력 했는지 기술해 주시기 바랍니다
735,5,"본인의 취미/특기, 존경인물 및 존경하는 이유를 자유롭게 작성하여 주시기 바랍니다.",본인 취미특기 존경인물 존경 이유 자유롭게 작성 주시기 바랍니다
736,5,본인만의 특별한 관심사에 대해 논리적으로 기술하시기 바랍니다.,본인만 특별한 관심사 대해 논리적 기술하시기 바랍니다
737,5,"자기주도적으로 목표를 설정하고, 끝까지 완수해낸 경험을 작성해주세요. ①설정한 목표와 이유, ②해당 목표를 위해 노력한 과정과 결과, ③해당 경험을 통해 얻은 점을 포함하여 작성해 주시기 바랍니다.",자기주도적 목표 설정 완수해낸 경험 작성해 설정한 목표 이유 해당 목표 노력한 과정 해당 경험 포함 작성해 주시기 바랍니다
738,5,(자기소개)본인을 3가지 해시태그로 표현해 주시기 바랍니다.,자기소개본인 3가지 해시태그 표현해 주시기 바랍니다
739,5,(지원동기)LS엠트론 및 해당 직무에 지원하게 된 동기에 대하여 기술해 주시기 바랍니다.,지원동기LS엠트론 해당 직무 지원하게 동기 기술해 주시기 바랍니다
740,5,(직무적합도)지원 직무를 수행하기 위해 그동안 어떤 노력과 경험을 해왔는지 기술해 주시기 바랍니다.,지원 직무 수행하기 그동안 어떤 노력 경험 해왔는지 기술해 주시기 바랍니다
741,5,"(핵심가치)LS엠트론의 핵심가치 중 자신이 가장 중요하게 생각하는 가치는 무엇이며, 해당 가치를 실천한 사례를 기술해 주시기 바랍니다.(주인의식, 기술선도, 청년정신)",핵심가치LS엠트론 핵심가치 자신 가장 중요하게 생각 가치 무엇 해당 가치 실천한 사례 기술해 주시기 바랍니다
742,5,(논문요약)자신의 최종학력 논문 혹은 가장 성공적인 발표(제출) 자료를 요약해 주시기 바랍니다.,논문요약자신 최종학력 논문 가장 성공적인 발표제출 자료 요약해 주시기 바랍니다
743,5,"경험 및 경력 기술서 - 입사지원서에 기술한 직무관련 경력 및 기타 경험 활동에 대해 상세히 기술해 주시기 바랍니다. - 경험 기술서 작성시 특수문자나 특수기호 등을 입력할 경우 에러발생의 요인이 되오니 삼가주시기 바랍니다. ? 구체적으로 본인이 수행한 활동 내용, 소속 조직이나 활동에서의 역할, 활동 결과에 대해 작성해 주시기 바랍니다. (1,000자 이내)",경험 경력 기술서 입사지원서 기술한 직무 경력 기타 경험 활동 대해 상세히 기술해 주시기 바랍니다 경험 기술서 작성시 특수문자 특수기호 입력할 경우 에러발생 요인 되오니 삼가주시기 바랍니다 구체적 본인 수행한 활동 내용 소속 조직 활동에서 역할 활동 결과 대해 작성해 주시기 바랍니다
744,5,본인의 성장과정에 대하여 기술하여 주시기 바랍니다. * [0자 이상 500자 이내],본인 성장과정 기술 주시기 바랍니다
745,5,자신의 장단점에 대하여 기술하여 주시기 바랍니다. * [0자 이상 500자 이내],자신 장단점 기술 주시기 바랍니다
746,5,"여러 금융회사 중 SGI서울보증에 지원한 동기와 입사 후 도전하고 싶은 업무 및 이유를 설명하여 주시고, 해당 업무를 수행하기 위하여 준비한 것을 기술하여 주시기 바랍니다.(500자 이내)",여러 금융회사 SGI서울보증 지원한 동기 입사 도전 업무 이유 설명 주시고 해당 업무 수행하기 준비한 기술 주시기 바랍니다
747,5,"직장생활에 대한 본인의 가치관이 무엇인지 설명하여 주시고, 해당 가치관 형성에 영향을 준 의미 있는 경험 등(인물, 도서, 기타 인문분야 등)에 대하여 기술하여 주시기 바랍니다.(500자 이내)",직장생활 본인 가치관 무엇인지 설명 주시고 해당 가치관 형성 영향 의미 경험 기술 주시기 바랍니다
748,5,"직무기술서에 기재된 필요역량* 중 본인의 강점이라고 생각되는 역량 한가지를 선택하고, 그 역량을 활용한 경험에 대하여 기술하여 주시기 바랍니다.(700자 이내)",직무기술서 기재된 필요역량 본인 강점이라고 생각되 역량 한가지 선택 역량 활용한 경험 기술 주시기 바랍니다
749,5,"SGI서울보증의 경제, 사회적 역할이 무엇이라고 생각하는지 설명하고, 이러한 역할의 강화를 위하여 SGI서울보증이 취하여야 할 전략을 기술하여 주시기 바랍니다. (700자 이내)",SGI서울보증 경제 사회적 역할 무엇이라고 생각하는지 설명 이러한 역할 강화 SGI서울보증 취하여야 전략 기술 주시기 바랍니다
750,5,"4차 산업혁명이 SGI서울보증에 미칠 영향에 대하여 위기와 기회 요인으로 구분 후 상세히 설명하고, 이에 대한 SGI서울보증의 대응방안을 기술하여 주시기 바랍니다.(1000자 이내)",4차 산업혁명 SGI서울보증 미칠 영향 위기 기회 요인 구분 상세히 설명 SGI서울보증 대응방안 기술 주시기 바랍니다
751,5,최근 사회이슈 중 중요하다고 생각되는 한가지를 선택하고 이에 관한 자신의 견해를 기술해 주시기 바랍니다. (985/1000자),최근 사회이슈 중요하다고 생각되 한가지 선택 자신 견해 기술해 주시기 바랍니다
752,5,지금까지 가장 열정적/혁신적으로 임하여 성과를 이룬 경험과 그 과정에서 배운 교훈을 기술해 주시기 바랍니다,지금 가장 열정적혁신적 성과 이룬 경험 과정 배운 교훈 기술해 주시기 바랍니다
753,5,본인에 대하여 자세히 소개해 주시기 바랍니다.,본인 자세히 소개해 주시기 바랍니다
754,5,본인이 어떤 목표를 세우고 그 목표를 달성하기 위해 노력했던 사례와 그 결과에 대하여 기재하여 주시기 바랍니다.,본인 어떤 목표 세우고 목표 달성하기 노력했던 사례 결과 기재 주시기 바랍니다
755,5,본인이 지원한 분야에 적합하다고 생각하는 이유를 기술해 주시기 바랍니다. (성향/전문지식/역량),본인 지원한 분야 적합하다고 생각 이유 기술해 주시기 바랍니다
756,5,"공사의 인재상은 '창조적 인재', '소통의 달인', '배려의 달인' 입니다. 이와 관련하여 본인의 생각을 기술해 주시기 바랍니다. (타인을 위한 희생경험 등)",공사 인재상 창조적 인재 소통 달인 배려 달인 관련 본인 생각 기술해 주시기 바랍니다
757,5,본인이 하고 싶은 말을 자유롭게 기술해 주시기 바랍니다. (지원동기/포부 등),본인 자유롭게 기술해 주시기 바랍니다
758,5,지금까지 가장 도전적인 목표를 정하고 노력한 경험(실패 또는 성공)이 있다면 기술하여 주십시오 또한 어떤 원인 때문에 성공 또는 실패했는지 구체적으로 기술해 주시기 바랍니다.,지금 가장 도전적인 목표 노력한 경험 있다면 기술 또한 어떤 원인 때문 성공 실패했는지 구체적 기술해 주시기 바랍니다
759,5,객실승무원이 갖춰야할 자질 2가지 이상 제시하고 본인이 이에 어떻게 부합하는지에 대해 구체적으로 기술하여 주시기 바랍니다.,객실승무원 갖춰야할 자질 2가지 이상 제시 본인 어떻게 부합하는지 대해 구체적 기술 주시기 바랍니다
760,5,공동의 목표를 달성하기 위해 협업했던 경험과 그 과정에서 본인이 수행한 역할에 대하여 작성하여 주시기 바랍니다,공동 목표 달성하기 협업했던 경험 과정 본인 수행한 역할 작성 주시기 바랍니다
761,5,"[본인은 어떤 사람이다]를 한마디로 표현해주시고, 이를 설명해주시기 바랍니다.",본인 어떤 사람이다 한마디 표현해주시고 설명해주시기 바랍니다
762,5,귀하의 역량에 대해 자유롭게 기술하여 주시기 바랍니다.,귀하 역량 대해 자유롭게 기술 주시기 바랍니다
763,5,왜 에스에너지인가? 에스에너지에 지원하게 된 동기와 본인이 알고 있는 에스에너지는 어떤 회사인지 기술해 주시기 바랍니다.,에스에너지인 에스에너지 지원하게 동기 본인 알고 에스에너지 어떤 회사인지 기술해 주시기 바랍니다
764,5,"나는 어떤 책임을 지고 있는가? 학업, 직장 등 본인이 속한 위치에 따라 어떠한 책임을 가지고 있는지 기술해 주시기 바랍니다.",어떤 책임 지고 있는 학업 직장 본인 속한 위치 따라 어떠한 책임 가지고 있는지 기술해 주시기 바랍니다
765,5,해당 직무를 선택한 이유와 본인의 경쟁력은 무엇인지 기술해 주시기 바랍니다. 700자,해당 직무 선택한 이유 본인 경쟁력 무엇인지 기술해 주시기 바랍니다 700자
766,5,교내외 활동 및 특기사항을 기술해 주시기 바랍니다. 500자,교내외 활동 특기사항 기술해 주시기 바랍니다 500자
767,5,팀을 구성해 공동의 목표를 추진해 본 경험에 대하여 기술해 주시기 바랍니다. 700자,구성해 공동 목표 추진해 경험 기술해 주시기 바랍니다 700자
768,5,본인의 희망과 상이한 업무를 회사가 제의한다면 어떻게 행동할지 기술해 주시기 바랍니다. 500자,본인 희망 상이한 업무 회사 제의한다면 어떻게 행동할지 기술해 주시기 바랍니다 500자
769,5,"[My Story] 자신의 성장과정 및 개인 특성, 장점을 중심으로 기술하여 주시기 바랍니다.",My Story 자신 성장과정 개인 특성 장점 중심 기술 주시기 바랍니다
770,5,자기 자신을 진솔하게 소개하여 주시기 바랍니다.(자신의 성격/취미/가치관/주변환경) (800자),자기 자신 진솔하게 소개 주시기 바랍니다 800자
771,5,우리 회사를 지원한 동기와 희망직무에 대하여 준비해 온 것을 기술하여 주시기 바랍니다. (800자),우리 회사 지원한 동기 희망직무 준비해 기술 주시기 바랍니다 800자
772,5,"[취미/특기/존경인물] 본인의 취미/특기, 존경인물 및 존경하는 이유를 자유롭게 작성하여 주시기 바랍니다",취미특기존경인물 본인 취미특기 존경인물 존경 이유 자유롭게 작성 주시기 바랍니다
773,5,"본인이 불확실한 결과를 두려워하지 않고 열정적으로 노력하는 사람임을 가장 잘 나타내는 사례를 기술하고, 그 과정에서 느낀 점을 서술해 주시기 바랍니다. (최근 5년 이내 사례로 기술할 것)",본인 불확실한 결과 두려워 열정적 노력 사람임 가장 나타내 사례 기술 과정 느낀 서술해 주시기 바랍니다
774,5,"본인의 지원 분야에 대한 전문성을 향상시키기 위해 어떠한 노력을 하였으며, 우리 회사에서 어떻게 활용될 수 있는지 기술해 주시기 바랍니다. (최근 5년 이내 사례로 기술할 것)",본인 지원 분야 전문성 향상시키기 어떠한 노력 하였으며 우리 회사 어떻게 활용될 있는지 기술해 주시기 바랍니다
775,5,"본인이 속한 조직 또는 팀의 목표를 이해하고 달성하기 위해 노력했던 경험과 그 과정에서 수행한 역할, 이를 통해 얻은 것은 무엇인지 기술해 주시기 바랍니다. (최근 5년 이내 사례로 기술할 것)",본인 속한 조직 목표 이해 달성하기 노력했던 경험 과정 수행한 역할 무엇인지 기술해 주시기 바랍니다
776,5,나와 다른 생각이나 성향을 가진 사람과 함께 어려움이나 갈등상황을 해결하며 공동의 목표를 달성했던 경험에 대해 기술해 주시기 바랍니다,다른 생각 성향 가진 사람 어려움 갈등상황 해결 공동 목표 달성했던 경험 대해 기술해 주시기 바랍니다
777,5,입사 지원한 구체적인 동기와 채용될 경우 희망하는 직무 및 향후 포부에 대하여 구체적으로 기재하여 주시기 바랍니다.,입사 지원한 구체적인 동기 채용될 경우 희망 직무 향후 포부 구체적 기재 주시기 바랍니다
778,5,"직무관련 활동에 대해 상세히 기술해 주십시오. 구체적으로 직무영역, 활동/수행내용, 본인의 역할 및 구체적 행동, 주요 성과에 대하여 작성해 주시기 바랍니다(500자 내외)",직무 활동 대해 상세히 기술해 구체적 직무영역 활동수행내용 본인 역할 구체적 행동 주요 성과 작성해 주시기 바랍니다
779,5,"본인과 10년 이상 연배가 높은 사람과 함께 일(경험)을 했을 때 그 사람은 귀하를 어떻게 판단했고, 귀하는 그 사람을 어떻게 판단했는지 기술하고, 그 사람의 성함과 연락처를 기재하여 주시기 바랍니다.",본인 10년 이상 연배 사람 일경험 사람 귀하 어떻게 판단했고 사람 어떻게 판단했는지 기술 사람 성함 연락처 기재 주시기 바랍니다
780,5,"입사지원서에 기술한 경험(경력)사항에 대해 상세히 기술해 주시기 바랍니다. * 본인의 역할과 행동 그리고 주요 성과를 중심으로, 구체적으로 작성해주시기 바랍니다.",입사지원서 기술한 경험경력사항 대해 상세히 기술해 주시기 바랍니다 본인 역할 행동 그리고 주요 성과 중심 구체적 작성해주시기 바랍니다
781,5,CJ푸드빌에 지원하게된 동기와 입사를 위해 어떠한 준비를 해왔는지 구체적인 경험을 중심으로 작성해 주시기 바랍니다.,CJ푸드빌 지원하게된 동기 입사 어떠한 준비 해왔는지 구체적인 경험 중심 작성해 주시기 바랍니다
782,5,"[경험사항] 도전적인 목표를 정하고 열정적으로 일을 추진했던 경험을 구체적으로 기술해 주시기 바랍니다. Guide> 특히, 일을 추진해 나가는 데 있어서 어려웠던 점과 그 결과에 대해서 중점적으로 기술하시기 바랍니다. 또한, 직무관련 공모전 수상, 인턴 경험, 혹은 본인을 어필할 수 있는특이 경험이 있다면 기재해주시기 바랍니다.",경험사항 도전적인 목표 열정적 추진했던 경험 구체적 기술해 주시기 바랍니다 Guide 특히 추진해 나가 있어서 어려웠던 결과 중점적 기술하시기 바랍니다 또한 직무 공모전 수상 인턴 경험 본인 어필할 있는특 경험 있다면 기재해주시기 바랍니다
783,5,"[경력] 본인의 경력사항에 대한 세부정보를 기술해 주시기 바랍니다. [신입] 도전적인 목표를 정하고 열정적으로 일을 추진했던 경험을 구체적으로 기술해 주시기 바랍니다. Guide> [경력]회사명과 각 재직기간, 소속",경력 본인 경력사항 세부정보 기술해 주시기 바랍니다 신입 도전적인 목표 열정적 추진했던 경험 구체적 기술해 주시기 바랍니다 Guide 경력회사명 재직기간 소속
784,5,"자신의 성장과정 및 개인 특성, 장점을 중심으로 기술하여 주시기 바랍니다.",자신 성장과정 개인 특성 장점 중심 기술 주시기 바랍니다
785,5,지원자 본인에 대하여 자세히 소개해 주시기 바랍니다.,지원자 본인 자세히 소개해 주시기 바랍니다
786,5,지원자 본인이 지원하는 직무에 적합하다고 생각하는 이유를 기술해 주시기 바랍니다.,지원자 본인 지원 직무 적합하다고 생각 이유 기술해 주시기 바랍니다
787,5,지원동기와 입사 후 LS엠트론에서 자신의 모습을 기술해 주시기 바랍니다.,지원동기 입사 LS엠트론 자신 모습 기술해 주시기 바랍니다
788,5,[업무경험] 지원분야와 관련된 업무경력 및 실적 등 경력사항이나 기타 경험 및 교육 활동에 대하여 상세히 기술하여 주시기 바랍니다. (본인의 역할 및 해당 경력 또는 경험이 근로복지공단 입사 후 업무수행에 어떠한 도움을 줄 수 있는지 기술하여 주십시오.,업무경험 지원분야 관련된 업무경력 실적 경력사항 기타 경험 교육 활동 상세히 기술 주시기 바랍니다 본인 역할 해당 경력 경험 근로복지공단 입사 업무수행 어떠한 도움 있는지 기술
789,5,대우건설(또는 건설업)에 관심을 갖게 된 계기와 건설업에 대한 이해도를 높이기 위해 어떤 노력을 했는지 작성해 주시기 바랍니다.,대우건설 관심 갖게 계기 건설업 이해도 높이기 어떤 노력 했는지 작성해 주시기 바랍니다
790,5,사회활동 중 겪었던 어려움을 극복한 사례에 대해 구체적으로 작성해 주시기 바랍니다.,사회활동 겪었던 어려움 극복한 사례 대해 구체적 작성해 주시기 바랍니다
791,5,가장 강한 소속감을 느꼈던 조직과 그 조직의 발전을 위해 헌신적으로 노력했던 경험에 대해 작성해 주시기 바랍니다.,가장 강한 소속감 느꼈던 조직 조직 발전 헌신적 노력했던 경험 대해 작성해 주시기 바랍니다
792,5,"한국국토정보공사는 ○○○이다.” 공사를 한마디로 표현하고, 그렇게 생각한 이유를 작성해 주시기 바랍니다.",한국국토정보공사 공사 한마디 표현 그렇게 생각한 이유 작성해 주시기 바랍니다
793,5,한국국토정보공사에 지원자가 꼭 필요한 이유에 대해 작성해 주시기 바랍니다.,한국국토정보공사 지원자 필요한 이유 대해 작성해 주시기 바랍니다
794,5,"공사의 3가지 인재상(창조, 화합, 소통) 중에서 지원자와 가장 부합한다고 생각하는 1가지를 본인의 경험 등 사례를 통해 구체적으로 작성해 주시기 바랍니다.",공사 3가지 인재상 지원자 가장 부합한다고 생각 1가지 본인 경험 사례 구체적 작성해 주시기 바랍니다
795,5,"My Story - 자신의 성장과정 및 개인특성, 장점에 대해 기술해 주시기 바랍니다. ( 0 / 100자 ~ 500자)",My Story 자신 성장과정 개인특성 장점 대해 기술해 주시기 바랍니다
796,5,My Competency - 해당 직무에 지원하는 동기를 본인의 경험과 연계하여 기술해 주시기 바랍니다. (0 / 100자 ~ 1000자),My Competency 해당 직무 지원 동기 본인 경험 연계 기술해 주시기 바랍니다
797,5,"[경험/경력기술서] - 경험/경력기술서 작성시 출신지, 학교명, 가족관계 등이 드러나지 않도록 작성해 주시기 바랍니다. 입사지원서에 기술한 경험사항 또는 경력사항에 대해 상세히 기술해 주시기 바랍니다. - 직무관련 '경험'사항 기술은 본인이 수행한 활동내용, 소속 조직이나 활동에서의 역할, 활동결과에 대해 구체적으로 작성해 주시기 바랍니다. - 직무관련 '경력'사항 기술은 직무영역, 활동/경험/수행 내용, 본인의 역할 및 활동, 주요성과에 대해 구체적으로 작성해 주시기 바랍니다. [2000자 이내]",경험경력기술서 경험경력기술서 작성시 출신지 학교명 가족관계 드러나지 않도록 작성해 주시기 바랍니다 입사지원서 기술한 경험사항 경력사항 대해 상세히 기술해 주시기 바랍니다 직무 경험사항 기술 본인 수행한 활동내용 소속 조직 활동에서 역할 활동결과 대해 구체적 작성해 주시기 바랍니다 직무 경력사항 기술 직무영역 활동경험수행 내용 본인 역할 활동 주요성과 대해 구체적 작성해 주시기 바랍니다
798,5,"(My Story)도전적인 목표를 정하고 열정적으로 일을 추진했던 경험을 구체적으로 기술해 주십시오.<Guide> 일을 추진해 나가는 데 있어서 어려웠던 점과 그 결과에 대해서 중점적으로 기술해 주시기 바랍니다.(100자~1,000자)",도전적인 목표 열정적 추진했던 경험 구체적 기술해 주십시오Guide 추진해 나가 있어서 어려웠던 결과 중점적 기술해 주시기 바랍니다
799,5,"지원 직무에 필요한 핵심역량은 무엇이며, 역량개발을 위해 어떤 활동과 노력을 하였는지 경험을 중심으로 작성해 주시기 바랍니다.",지원 직무 필요한 핵심역량 무엇 역량개발 어떤 활동 노력 하였는지 경험 중심 작성해 주시기 바랍니다
800,5,본인의 성장과정 및 지원동기를 기술해 주시기 바랍니다.,본인 성장과정 지원동기 기술해 주시기 바랍니다
801,5,본인이 세웠던 가장 도전적인 목표와 그것을 성취하기 위해 어떠한 노력을 했는지 기술해 주시기 바랍니다.,본인 세웠던 가장 도전적인 목표 그것 성취하기 어떠한 노력 했는지 기술해 주시기 바랍니다
802,5,팀의 구성원으로 활동한 경험 중 향후 고객과 시장 지향적 직무수행에 가장 도움이 될 것으로 생각되는 경험을 기술해 주시기 바랍니다.,구성원 활동한 경험 향후 고객 시장 지향적 직무수행 가장 도움 생각되 경험 기술해 주시기 바랍니다
803,5,본인이 속했던 조직에서 팀웍과 함께 창의적인 도전을 통해 성과를 창출해낸 경험이 있다면 사례를 중심으로 기술하여 주시기 바랍니다.,본인 속했던 조직 팀웍 창의적인 도전 성과 창출해낸 경험 있다면 사례 중심 기술 주시기 바랍니다
804,5,"마지막으로, 신한데이타시스템이 귀하를 채용하지 않으면 안 될 이유에 대해 자유롭게 기술하여 주시기 바랍니다.",마지막 신한데이타시스템 귀하 채용 않으면 이유 대해 자유롭게 기술 주시기 바랍니다
805,5,"회사를 선택할 때 기준이 무엇인지, 만도를 지원한 이유 및 향후 진로 계획에 대하여 기술해 주시기 바랍니다.",회사 선택할 기준 무엇인지 만도 지원한 이유 향후 계획 기술해 주시기 바랍니다
806,5,"본인이 속한 조직 또는 팀의 목표를 이해하고 달성하기 위해 노력했던 경험과 그 과정에서 수행한 역할, 이를 통해 얻은 것은 무엇인지 기술해 주시기 바랍니다.",본인 속한 조직 목표 이해 달성하기 노력했던 경험 과정 수행한 역할 무엇인지 기술해 주시기 바랍니다
807,5,자기 자신을 진솔하게 소개하여 주시기 바랍니다.(자신의 성격/취미/가치관/주변 환경),자기 자신 진솔하게 소개 주시기 바랍니다
808,5,도전적인 목표를 정하고 열정적으로 일을 추진했던 경험을 구체적으로 기술해 주십시오. - 일을 추진해 나가는 데 있어서 어려웠던 점과 그 결과에 대해서 중점적으로 기술해 주시기 바랍니다,도전적인 목표 열정적 추진했던 경험 구체적 기술해 추진해 나가 있어서 어려웠던 결과 중점적 기술해 주시기 바랍니다
809,5,"본인이 불확실한 결과를 두려워하지 않고 열정적으로 노력하는 사람임을 가장 잘 나타내는 사례를 기술하고, 그 과정에서 느낀 점을 서술해 주시기 바랍니다.",본인 불확실한 결과 두려워 열정적 노력 사람임 가장 나타내 사례 기술 과정 느낀 서술해 주시기 바랍니다
810,5,"본인의 지원 분야에 대한 전문성을 향상시키기 위해 어떠한 노력을 하였으며, 우리 회사에서 어떻게 활용될 수 있는지 기술해 주시기 바랍니다.",본인 지원 분야 전문성 향상시키기 어떠한 노력 하였으며 우리 회사 어떻게 활용될 있는지 기술해 주시기 바랍니다
811,5,"본인이 기존과는 다른 방식을 시도하여 이전에 비해 조금이라도 개선했던 경험 중, 가장 효과적이었던 사례를 기술해 주시기 바랍니다 (최근 5년 이내 사례로 기술할 것)",본인 기존과 다른 방식 시도 이전 비해 조금 개선했던 경험 가장 효과적이었던 사례 기술해 주시기 바랍니다
812,5,"본인의 지원 분야에 대한 역량을 분석해 보고, 자신의 지원 분야에 대한 역량을 향상시키기 위해 어떠한 노력을 했는지 기술해 주시기 바랍니다 (최근 5년 이내 사례로 기술할 것)",본인 지원 분야 역량 분석해 보고 자신 지원 분야 역량 향상시키기 어떠한 노력 했는지 기술해 주시기 바랍니다
813,5,당사의 핵심가치 중 하나를 본인의 생활 신조와 부합되는 면과 그 이유를 서술해 주시기 바랍니다. [ 500자 이상 1000자 이내 ] (1000자),당사 핵심가치 하나 본인 생활 신조 부합되 이유 서술해 주시기 바랍니다
814,5,"지원자께서 남들 보다 뛰어난 점은 무엇이며, 직무에 어떻게 적용 할 수 있을 것인지를 구체적으로 기술하여 주시기 바랍니다. [ 500자 이상 1000자 이내 ] (1000자)",지원자께서 남들 뛰어난 무엇 직무 어떻게 적용 것인지 구체적 기술 주시기 바랍니다
815,5,온갖 어려움과 역경에도 포기하지 않고 끝까지 해낸 경험을 기술해 주시기 바랍니다.,온갖 어려움 역경에 포기 해낸 경험 기술해 주시기 바랍니다
816,5,조직이나 팀의 일원으로 본인만의 강점을 발휘하여 차별화된 성과를 만들어낸 경험에 대해 구체적으로 기술해 주시기 바랍니다.(500~700자),조직 일원 본인만 강점 발휘 차별화된 성과 만들어낸 경험 대해 구체적 기술해 주시기 바랍니다
817,5,"이력서 기재사항 外 한화생명이 귀하를 채용하기 위해 참고해야 할 사항이 있다면, 그 이유 기술해 주시기 바랍니다.",이력서 기재사항 한화생명 귀하 채용하기 참고 사항 있다면 이유 기술해 주시기 바랍니다
818,5,"자신의 성장과정 및 개인 특성, 장점을 중심으로 기술하여 주시기 바랍니다.을 자유롭게 기술해주시기 바랍니다. (1000자)",자신 성장과정 개인 특성 장점 중심 기술 주시기 바랍니다 자유롭게 기술해주시기 바랍니다
819,5,"지원자가 중부발전 및 지원분야 관심을 가지게 된 계기는 무엇이며, 이를 위해 그 동안 어떤 노력을 했는지 기술해 주시기 바랍니다.",지원자 중부발전 지원분야 관심 가지게 계기 무엇 동안 어떤 노력 했는지 기술해 주시기 바랍니다
820,5,지원자 본인이 불확실한 결과를 두려워하지 않고 열정적으로 노력하는 사람임을 가장 잘나타내는 최근 3년 이내의 사례를 기술해 주시기 바랍니다.,지원자 본인 불확실한 결과 두려워 열정적 노력 사람임 가장 잘나타내 최근 3년 이내 사례 기술해 주시기 바랍니다
821,5,"지원자 본인이 현실과 타협하거나 편법을 사용하지 않고, 원칙대로 일을 처리하는 사람임을 가장 잘 나타내는 최근 3년 이내의 사례를 기술해 주시기 바랍니다.",지원자 본인 현실 타협하거 편법 사용 원칙대 처리 사람임 가장 나타내 최근 3년 이내 사례 기술해 주시기 바랍니다
822,5,지원자 본인이 자신의 지원분야에 대한 전문성을 향상시키기 위해 꾸준히 노력하는 사람임을 가장 잘 나타내는 최근 3년 이내의 사례를 기술해 주시기 바랍니다.,지원자 본인 자신 지원분야 전문성 향상시키기 꾸준히 노력 사람임 가장 나타내 최근 3년 이내 사례 기술해 주시기 바랍니다
823,5,"지원자 본인이, 자신의 소속 집단뿐만 아니라 주변 사람/집단까지 고려하고 배려하는 사람임을 가장 잘 나타내는 최근 3년 이내의 사례를 기술해 주시기 바랍니다.",지원자 본인 자신 소속 집단뿐 아니라 주변 사람집단 고려 배려 사람임 가장 나타내 최근 3년 이내 사례 기술해 주시기 바랍니다
824,5,"본인의 성장과정을 통하여 본인을 소개하여 주시기 바랍니다. (가족, 가치관, 학창생활 등)",본인 성장과정 본인 소개 주시기 바랍니다
825,5,본인의 성격에 관하여 기술해 주시기 바랍니다. (강점 및 약점),본인 성격 기술해 주시기 바랍니다
826,5,"[경험/경력기술서] 입사지원서에 기술한 경력사항 또는 직무관련 기타 활동에 대해 상세히 기술해 주시기 바랍니다. - 직무관련 '경력'사항 기술은 직무영역, 활동/경험/수행 내용, 본인의 역할 및 활동, 주요성과에 대해 구체적으로 작성해 주시기 바랍니다. - 직무관련 '경험'사항 기술은 본인이 수행한 활동내용, 소속 조직이나 활동에서의 역할, 활동결과에 대해 구체적으로 작성해 주시기 바랍니다. [1000자 이내]",경험경력기술서 입사지원서 기술한 경력사항 직무 기타 활동 대해 상세히 기술해 주시기 바랍니다 직무 경력사항 기술 직무영역 활동경험수행 내용 본인 역할 활동 주요성과 대해 구체적 작성해 주시기 바랍니다 직무 경험사항 기술 본인 수행한 활동내용 소속 조직 활동에서 역할 활동결과 대해 구체적 작성해 주시기 바랍니다
827,5,"[경험기술서]ㆍ입사지원서에 기술한 경력 및 직무관련 기타 활동에 대해 상세히 기술해 주시기 바랍니다. ㆍ구체적으로 본인이 수행한 경력이나 직무관련 활동내용, 소속 조직이나 활동에서의 역할, 활동 결과, 성과에 대해 작성해주시기 바랍니다.",경험기술서입사지원서 기술한 경력 직무 기타 활동 대해 상세히 기술해 주시기 바랍니다 구체적 본인 수행한 경력 직무 활동내용 소속 조직 활동에서 역할 활동 성과 대해 작성해주시기 바랍니다
828,5,지원자 본인에 대하여 자세히 소개해 주시기 바랍니다. [몸에 배인 습관],지원자 본인 자세히 소개해 주시기 바랍니다 배인 습관
829,5,직무적합도 : 본인이 지원하는 직무에 적합하다고 생각하는 이유를 기술해 주시기 바랍니다.,직무적합 본인 지원 직무 적합하다고 생각 이유 기술해 주시기 바랍니다
830,5,최근 사회이슈 중 중요하다고 생각되는 한가지를 선택하고 이에 관한 자신의 견해를 기술해 주시기 바랍니다.(1000자 이내),최근 사회이슈 중요하다고 생각되 한가지 선택 자신 견해 기술해 주시기 바랍니다
831,5,"SPC 그룹의 핵심가치(정직, 혁신, 협업) 중 가장 우선시 하는 가치는 무엇이고, 그 이유를 서술해 주시기 바랍니다. [500자 이상 1000자 이내]",SPC 그룹 핵심가치 가장 우선시 가치 무엇 이유 서술해 주시기 바랍니다
832,5,온갖 어려움과 역경에도 포기하지 않고 끝까지 해낸 경험을 기술해 주시기 바랍니다.(500~700자),온갖 어려움 역경에 포기 해낸 경험 기술해 주시기 바랍니다
833,5,"한국지역난방공사의 핵심가치는 “창의, 소통, 신뢰, 상생” 입니다. 본인의 지식과 경험에 기반하여 기술하여 주시기 바랍니다.",한국지역난방공사 핵심가치 소통 신뢰 상생 본인 지식 경험 기반 기술 주시기 바랍니다
834,5,"본인의 지원 분야에 대한 전문성을 향상시키기 위해 어떠한 노력을 하였으며, 우리 회사에서 어떻게 활용될 수 있는지 기술해 주시기 바랍니다.(최근 5년 이내 사례로 기술할 것)",본인 지원 분야 전문성 향상시키기 어떠한 노력 하였으며 우리 회사 어떻게 활용될 있는지 기술해 주시기 바랍니다
835,5,"본인이 속한 조직 또는 팀의 목표를 이해하고 달성하기 위해 노력했던 경험과 그 과정에서 수행한 역할, 이를 통해 얻은 것은 무엇인지 기술해 주시기 바랍니다.(최근 5년 이내 사례로 기술할 것)",본인 속한 조직 목표 이해 달성하기 노력했던 경험 과정 수행한 역할 무엇인지 기술해 주시기 바랍니다
836,5,"우리 회사에 지원한 동기(관심을 가지게 된 계기, 시기 등)와 지원자를 선발해야 하는 이유에 대해 기술해 주시기 바랍니다. ㆍ언제부터 우리회사에 관심을 가지게 되었으며, 그 계기는 무엇인지 구체적으로 기술해주시기 바랍니다. ㆍ한전KPS에 입사 후 자신이 이루고자 하는 목표에 대하여 구체적으로 작성해 주시기 바랍니다.",우리 회사 지원한 동기 지원자 선발 이유 대해 기술해 주시기 바랍니다 언제 우리회사 관심 가지게 되었으며 계기 무엇인지 구체적 기술해주시기 바랍니다 한전KPS 입사 자신 이루고자 목표 구체적 작성해 주시기 바랍니다
837,5,"지원분야에 대한 지원자 본인의 직무전문성을 가장 잘 보여주는 사례를 구체적으로 기술해 주시기 바랍니다. ㆍ지원분야에 대한 본인의 전문성(전공분야, 전문분야)를 보유하기 위해 어떤 노력을 기울였으며 또한 전문성을 향상시키기 위한 계획을 간략히 기술해 주시기 바랍니다",지원분야 지원자 본인 직무전문성 가장 보여주 사례 구체적 기술해 주시기 바랍니다 지원분야 본인 전문성 보유하기 어떤 노력 기울였으며 또한 전문성 향상시키기 계획 간략히 기술해 주시기 바랍니다
838,5,최근 3년 내 겪었던 가장 어려웠던 상황에서 문제를 효과적으로 해결했던 경험에 대해 구체적으로 기술해 주시기 바랍니다. ㆍ당시 문제상황에 대해 구체적으로 기술하여 주시기 바랍니다. ㆍ그 문제를 해결하기 위해 어떤 점들을 고려하였으며 그 근거는 무엇입니까? ㆍ그 일을 계기로 본인에게 생긴 변화 또는 느낀 점은 무엇입니까?,최근 3년 겪었던 가장 어려웠던 상황 문제 효과적 해결했던 경험 대해 구체적 기술해 주시기 바랍니다 당시 문제상황 대해 구체적 기술 주시기 바랍니다 문제 해결하기 어떤 점들 고려하였으며 근거 무엇입니까 계기 본인 생긴 변화 느낀 무엇입니까
839,5,"입사지원서에 기술한 직무관련 경력 및 경험에 대해 상세히 기술해 주시기 바랍니다. 경력을 기술할 경우 구체적으로 직무영역, 활동/경험/수행내용, 본인의 역할 및 구체적 행동, 주요성과에 대해 작성해 주시고, 경험을 기술할 경우 구체적으로 본인이 수행한 활동내용, 소속조직이나 활동에서의 역할, 활동결과에 대해 작성해주시기 바랍니다. 2000바이트",입사지원서 기술한 직무 경력 경험 대해 상세히 기술해 주시기 바랍니다 경력 기술할 경우 구체적 직무영역 활동경험수행내용 본인 역할 구체적 행동 주요성과 대해 작성해 주시고 경험 기술할 경우 구체적 본인 수행한 활동내용 소속조직 활동에서 역할 활동결과 대해 작성해주시기 바랍니다 2000바이트
840,5,"입사지원서에 기술한 경력 및 직무관련 기타 활동에 대해 상세히 기술해 주시기 바랍니다. *ㆍ구체적으로 본인이 수행한 경력이나 직무관련 활동내용, 소속 조직이나 활동에서의 역할, 활동 결과, 성과에 대해 작성해주시기 바랍니다.",입사지원서 기술한 경력 직무 기타 활동 대해 상세히 기술해 주시기 바랍니다 구체적 본인 수행한 경력 직무 활동내용 소속 조직 활동에서 역할 활동 성과 대해 작성해주시기 바랍니다
841,5,"본인이 기존과는 다른 방식을 시도하여 이전에 비해 조금이라도 개선했던 경험 중, 가장 효과적이었던 사례를 기술해 주시기 바랍니다. (최근 5년 이내 사례로 기술할 것)본인이 기존과는 다른 방식을 시도하여 이전에 비해 조금이라도 개선했던 경험 중, 가장 효과적이었던 사례를 기술해 주시기 바랍니다. (최근 5년 이내 사례로 기술할 것)",본인 기존과 다른 방식 시도 이전 비해 조금 개선했던 경험 가장 효과적이었던 사례 기술해 주시기 바랍니다 본인 기존과 다른 방식 시도 이전 비해 조금 개선했던 경험 가장 효과적이었던 사례 기술해 주시기 바랍니다
842,5,"본인의 지원 분야에 대한 역량을 분석해 보고, 자신의 지원 분야에 대한 역량을 향상시키기 위해 어떠한 노력을 했는지 기술해 주시기 바랍니다. (최근 5년 이내 사례로 기술할 것)",본인 지원 분야 역량 분석해 보고 자신 지원 분야 역량 향상시키기 어떠한 노력 했는지 기술해 주시기 바랍니다
843,5,"본인이 속한 조직 또는 팀의 목표를 이해하고 달성하기 위해 노력했던 경험과 그 과정에서 수행한 역할, 해당경험을 통해 얻은 것은 무엇인지 기술해 주시기 바랍니다.(최근 5년 이내 사례로 기술할 것)",본인 속한 조직 목표 이해 달성하기 노력했던 경험 과정 수행한 역할 해당경험 무엇인지 기술해 주시기 바랍니다
844,5,"지원분야와 관련된 구체적인 지식이나 경험을 기재하여 주십시오. Guide> 관련학습, 동아리 활동, 수상경험 등을 중심으로 자유롭게 기재해 주시기 바랍니다. (500자)",지원분야 관련된 구체적인 지식 경험 기재 Guide 관련학습 동아리 활동 수상경험 중심 자유롭게 기재해 주시기 바랍니다 500자
845,5,10년 뒤 본인이 기대하는 모습을 기재하여 주십시오. Guide> LG CNS 내에서 성장하고 싶은 목표 및 비전을 자유롭게 기재해 주시기 바랍니다. (500자),10년 본인 기대 모습 기재 Guide LG CNS 성장 목표 비전 자유롭게 기재해 주시기 바랍니다 500자
846,5,"입사지원서에 기술한 경력 및 경험사항에 대하여 상세히 기술해 주시기 바랍니다. 구체적으로 활동/경험/수행내용, 본인의 역할, 주요 성과에 대해 작성해 주시기 바랍니다. 4000 Bytes 이내",입사지원서 기술한 경력 경험사항 상세히 기술해 주시기 바랍니다 구체적 활동경험수행내용 본인 역할 주요 성과 대해 작성해 주시기 바랍니다 4000 Bytes 이내
847,5,"본인이 불확실한 결과를 두려워하지 않고 열정적으로 노력하는 사람임을 가장 잘 나타내는 사례를 기술하고, 그 과정에서 느낀 점을 서술해 주시기 바랍니다. 저는 1학년 2학기 때 불가능을 가능으로 만들었습니다. 저는 전자캐드기능사 실기를 준비 하고 있었습니다. 시험일은 2주정도가 남아있었고, 저의 실력을 보신 선생님은“ 이번에는 따기 힘들어 ” 라고 말씀하셨습니다. 하지만 저는 포기 하지 않고 주중에는 방과 후 시간, 쉬는 시간에도 쉬지 않고 열심히 연습하여 실력을 쌓았고 주말에도 하루 6시간씩 연습을 하였습니다. 그 결과 저는 전자캐드기능사를 취득할 수 있었고 이에 만족하지 않고 전기기능사에 도전하여 취득하였습니다. “아무리 어려워도 포기하지 않고 최선을 다하자“ 라는 마음가짐으로 지금까지 총 6",본인 불확실한 결과 두려워 열정적 노력 사람임 가장 나타내 사례 기술 과정 느낀 서술해 주시기 바랍니다 1학년 2학기 불가능 가능 만들었 전자캐드기능사 실기 준비 있었 시험일 2주정도 남아있었고 실력 보신 선생님 이번에 따기 힘들어 라고 말씀하셨 하지 포기 주중에 시간 시간에 쉬지 열심히 연습 실력 쌓았고 주말에 하루 6시간씩 연습 하였 전자캐드기능사 취득할 있었고 만족 전기기능사 도전 취득하였 아무리 어려워 포기 최선 다하자 마음가짐 지금
848,5,"자신의 인생에서 가장 중요한 경험은 무엇이며, 그 경험을 통해 얻은 것은 무엇인지 작성해 주시기 바랍니다. 최소 30자 /700자 제한",자신 인생 가장 중요한 경험 무엇 경험 무엇인지 작성해 주시기 바랍니다 최소 30자 700자 제한
849,5,"대우건설에 입사하기 위해,(지원분야와 관련된) 무엇을 준비하였는지 작성해 주시기 바랍니다. 최소 30자 /700자 제한",대우건설 입사하기 무엇 준비하였는지 작성해 주시기 바랍니다 최소 30자 700자 제한
850,5,입사 후의 미래계획과 도전하고 싶은 목표 및 계획을 작성해 주시기 바랍니다. 최소 30자 /700자 제한,입사 미래계획 도전 목표 계획 작성해 주시기 바랍니다 최소 30자 700자 제한
851,5,"자신이 속한 단체의 발전을 위해 노력했던 경험 중 기억에 남는 것을 기술해 주시고, 조직생활에서 가장 필요한 덕목은 무엇이라고 생각하는지 함께 작성해 주시기 바랍니다.",자신 속한 단체 발전 노력했던 경험 기억 기술해 주시고 조직생활 가장 필요한 덕목 무엇이라고 생각하는지 작성해 주시기 바랍니다
852,5,Global 쌍용건설의 인재로서 갖추어야 할 중요한 마인드 및 매너는 무엇이라고 생각하는지 본인의 경험에 비추어 작성해 주시기 바랍니다. (영문 작성 가능),Global 쌍용건설 인재로서 갖추어야 중요한 마인드 매너 무엇이라고 생각하는지 본인 경험 비추어 작성해 주시기 바랍니다
853,5,어려움과 역경을 극복하고 목표를 성취한 경험에 대해 구체적으로 기술해 주시기 바랍니다. (500자),어려움 역경 극복 목표 성취한 경험 대해 구체적 기술해 주시기 바랍니다 500자
854,5,팀의 일원으로서 조직의 성과를 함께 만들어내는데 기여한 경험을 구체적으로 기술해 주시기 바랍니다. (500자),일원으로서 조직 성과 만들어내는데 기여한 경험 구체적 기술해 주시기 바랍니다 500자
855,5,지원분야에서 남들보다 잘할 수 있는 본인의 강점과 경험을 구체적으로 기술해 주시기 바랍니다. (500자),지원분야 남들 잘할 본인 강점 경험 구체적 기술해 주시기 바랍니다 500자
856,5,"공동의 목표를 위해 협업하는 과정에서 소통의 부재로 인해 어려움을 겪었던 경험이 있습니까? 당시 상황을 기술하고, 어려움을 어떻게 극복했는지를 자세하게 행동 중심으로 기술해 주시기 바랍니다.",공동 목표 협업 과정 소통 부재 인해 어려움 겪었던 경험 있습니까 당시 상황 기술 어려움 어떻게 극복했는지 자세하게 행동 중심 기술해 주시기 바랍니다
857,5,자신이 속했던 조직의 공동 목표를 달성하기 위해 노력하던 중 발생한 갈등상황을 슬기롭게 극복한 경험이 있습니까? 당시 상황을 기술하고 당시 해결 방법을 자세하게 행동 중심으로 기술해 주시기 바랍니다.,자신 속했던 조직 공동 목표 달성하기 노력하던 발생한 갈등상황 슬기롭게 극복한 경험 있습니까 당시 상황 기술 당시 해결 방법 자세하게 행동 중심 기술해 주시기 바랍니다
858,5,"학교나 사회에서 어떤 일(학업, 팀 프로젝트, 인턴활동 등)을 하면서 한정된 시간, 정보, 사람에도 불구하고 이를 이겨내고 주어진 업무나 과제를 성공적으로 마친 경험이 있습니까? 당시 상황을 기술하고, 어떤 방식으로 한정된 자원을 관리해 나갔는지 자세하게 행동 중심으로 기술해 주시기 바랍니다.",학교 사회 어떤 하면서 한정된 시간 정보 사람에 불구 이겨내고 주어진 업무 과제 성공적 마친 경험 있습니까 당시 상황 기술 어떤 방식 한정된 자원 관리해 나갔는지 자세하게 행동 중심 기술해 주시기 바랍니다
859,5,조직이 처한 상황이나 당면하고 있는 문제를 정확히 이해하고 이를 해결하기 위해 노력했던 경험이 있습니까? 당시 상황을 기술하고 어떤 노력을 기울였는지 자세하게 행동 중심으로 기술해 주시기 바랍니다.,조직 처한 상황 당면 문제 정확히 이해 해결하기 노력했던 경험 있습니까 당시 상황 기술 어떤 노력 기울였는지 자세하게 행동 중심 기술해 주시기 바랍니다
860,5,"함께 일했던 동료들은 지원자분의 성격에 대해 평소 어떤 의견을 주나요? 자신이 생각하기에 주변에서 그렇게 자신을 판단하는 이유나 결정적인 사례가 있다면 기술해 주시기 바랍니다. 또한 그런 의견에 얼마나 동의하는지, 생각에 차이가 있다면 그 이유는 무엇인지 정리해서 말씀해 주십시오.",일했던 동료들 지원자분 성격 대해 평소 어떤 의견 주나요 자신 생각하기 주변 그렇게 자신 판단 이유 결정적인 사례 있다면 기술해 주시기 바랍니다 또한 그런 의견 얼마 동의하는지 생각 차이 있다면 이유 무엇인지 정리 말씀해
861,5,"우리 한국방송통신전파진흥원에 지원한 동기(관심을 가지게 된 계기, 시기)와 지원자를 뽑아야 하는 이유에 대해 기술해 주시기 바랍니다. (200자 이상 600자 이내)",우리 한국방송통신전파진흥원 지원한 동기 지원자 뽑아야 이유 대해 기술해 주시기 바랍니다
862,5,학교 또는 사회에서 수행했던 경험·경력 및 구성원으로써의 역할이 무엇이었는지 대해 기술해 주시기 바랍니다. (200자 이상 600자 이내),학교 사회 수행했던 경험경력 구성원으로써 역할 무엇이었는지 대해 기술해 주시기 바랍니다
863,5,Essay3 최근 사회이슈 중 중요하다고 생각되는 한가지를 선택하고 이에 관한 자신의 견해를 기술해 주시기 바랍니다.,Essay3 최근 사회이슈 중요하다고 생각되 한가지 선택 자신 견해 기술해 주시기 바랍니다
864,5,"인생의 목표(포부)는 무엇이며, 지금까지 목표를 이루기 위한 본인의 노력과 앞으로의 계획에 대해 기술해 주시기 바랍니다.(500~700자)",인생 목표포부 무엇 지금 목표 이루기 본인 노력 앞으로 계획 대해 기술해 주시기 바랍니다
865,5,평소에 새로운 아이디어는 어떻게 도출하는지 구체적인 사례를 들어 설명해 주시기 바랍니다.,평소 새로운 아이디어 어떻게 도출하는지 구체적인 사례 들어 설명해 주시기 바랍니다
866,5,본인이 업무 중이나 일상생활에서 상대방의 불만을 효과적으로 해결한 구체적인 경험이나 해결 방법에 대한 자신의 생각을 기술해 주시기 바랍니다.,본인 업무 일상생활 상대방 불만 효과적 해결한 구체적인 경험 해결 방법 자신 생각 기술해 주시기 바랍니다
867,5,어떤 일에 최선을 다해 임했던 자신의 경험을 제시하고 그 과정을 통해 느꼈던 생각이나 배운 점을 기술해 주시기 바랍니다.,어떤 최선 다해 임했던 자신 경험 제시 과정 느꼈던 생각 배운 기술해 주시기 바랍니다
868,5,입사지원서에 기술한 직무관련 경험 등에 대해 상세히 기술해 주시기 바랍니다.,입사지원서 기술한 직무 경험 대해 상세히 기술해 주시기 바랍니다
869,5,"내가 생각하는 나는 객관적으로 어떠한 사람이며, 나를 타인에게 어떻게 소개하고 싶은지 서술하고, 코웨이 입사가 본인에게 어떤 의미를 부여할 것인지 서술하여 주시기 바랍니다. (800자)",생각 객관적 어떠한 사람 타인 어떻게 소개 싶은지 서술 코웨 입사 본인 어떤 의미 부여할 것인지 서술 주시기 바랍니다 800자
870,5,"지금까지 학업 이외에 스스로 이루어낸 성공 중 가장 의미있는 경험을 서술하고, 성공을 위한 노력과 그 과정 속에서 성장한 본인의 모습을 구체적으로 서술하여 주시기 바랍니다. (800자)",지금 학업 이외 스스 이루어낸 성공 가장 의미 경험 서술 성공 노력 과정 성장한 본인 모습 구체적 서술 주시기 바랍니다 800자
871,5,"본인이 경험했던 조직생활 중, 조직의 팀웍을 유지하고 강화시킨 대표적인 경험을 구체적으로 서술하여 주시기 바랍니다. (800자)",본인 경험했던 조직생활 조직 팀웍 유지 강화시킨 대표적인 경험 구체적 서술 주시기 바랍니다 800자
872,5,"본인이 기존과는 다른 방식을 시도하여 이전에 비해 조금이라도 개선했던 경험 중, 가장 효과적이었던 사례를 기술해 주시기 바랍니다. (최근 5년 이내 사례로 기술할 것)",본인 기존과 다른 방식 시도 이전 비해 조금 개선했던 경험 가장 효과적이었던 사례 기술해 주시기 바랍니다
873,5,"본인이 속한 조직 또는 팀의 목표를 이해하고 달성하기 위해 노력했던 경험과 그 과정에서 수행한 역할, 해당경험을 통해 얻은 것은 무엇인지 기술해 주시기 바랍니다. (최근 5년 이내 사례로 기술할 것)",본인 속한 조직 목표 이해 달성하기 노력했던 경험 과정 수행한 역할 해당경험 무엇인지 기술해 주시기 바랍니다
874,5,현재 자신을 형성하는데 큰 영향을 준 일을 포함하여 성장과정을 기술해 주시기 바랍니다.(500),현재 자신 형성하는데 영향 포함 성장과정 기술해 주시기 바랍니다500
875,5,"귀하가 회사를 선택하는 기준은 무엇이며, 왜 그 기준에 종합상사인 GS글로벌이 적합한지 기술해 주시기 바랍니다.",귀하 회사 선택 기준 무엇 기준 종합상사인 GS글로벌 적합한지 기술해 주시기 바랍니다
876,5,"자기주도적으로 목표를 설정하고, 끝까지 완수해낸 경험을 작성해 주세요. ① 설정한 목표와 이유, ② 그 과정에서 본인이 수행한 역할, ③ 해당 경험에서 발생한 문제점 및 해결방안, ④ 해당 경험을 통해 얻은 점을 포함하여 작성해 주시기 바랍니다.",자기주도적 목표 설정 완수해낸 경험 작성해 설정한 목표 이유 과정 본인 수행한 역할 해당 경험 발생한 문제점 해결방안 해당 경험 포함 작성해 주시기 바랍니다
877,5,"이력서 기재사항 外 한화생명이 귀하를 채용하기 위해 참고해야 할 사항이 있다면, 그 이유 기술해 주시기 바랍니다.(~400자)",이력서 기재사항 한화생명 귀하 채용하기 참고 사항 있다면 이유 기술해 주시기 바랍니다
878,5,"살면서 자신이 가장 우선으로 삼는 가치는 무엇이며, 그 가치를 어떻게 지켜왔는지 경험을 바탕으로 `나`를 정의해 주시기 바랍니다. 500자",살면서 자신 가장 우선 가치 무엇 가치 어떻게 지켜왔는지 경험 바탕 정의해 주시기 바랍니다 500자
879,5,"제조업에서의 생산이 갖는 의미는 매우 중요합니다. 많은 기업들이 경쟁에서 우위를 차지하기 위해 친환경 제품생산, 스마트팩토리 등 다양한 변화를 시도하고 있습니다. 앞으로 LG생활건강이 생활용품, 화장품사업에서 경쟁력을 높이기 위해 생산에서 추구 해야 할 방향과 역할에 대해 본인의 지원직무와 연계하여 구체적으로 제시해 주시기 바랍니다. 1000자",제조업에서 생산 의미 매우 중요 기업들 경쟁 우위 차지하기 친환경 제품생산 스마트팩토리 다양한 변화 시도 LG생활건강 생활용품 화장품사업 경쟁력 높이기 생산 추구 방향 역할 대해 본인 지원직무 연계 구체적 제시해 주시기 바랍니다 1000자
880,5,지금까지 가장 도전적인 목표를 정하고 노력한 경험(실패 또는 성공)이 있다면 기술하여 주십시오 또한 어떤 원인 때문에 성공 또는 실패했는지 구체적으로 기술해 주시기 바랍니다,지금 가장 도전적인 목표 노력한 경험 있다면 기술 또한 어떤 원인 때문 성공 실패했는지 구체적 기술해 주시기 바랍니다
881,5,[Essay 3]최근 사회이슈 중 중요하다고 생각되는 한가지를 선택하고 이에 관한 자신의 견해를 기술해 주시기 바랍니다. (1000자),Essay 3최근 사회이슈 중요하다고 생각되 한가지 선택 자신 견해 기술해 주시기 바랍니다
882,5,성장과정을 통하여 본인을 소개하여 주시기 바랍니다.,성장과정 본인 소개 주시기 바랍니다
883,5,본인의 성격에 관하여 기술하여 주시기 바랍니다.(강점 및 약점),본인 성격 기술 주시기 바랍니다
884,5,지금까지 살아오면서 가장 어려웠던 일과 그것을 극복한 사례에 대하여 기술하여 주시기 바랍니다.,지금 살아오면서 가장 어려웠던 그것 극복한 사례 기술 주시기 바랍니다
885,5,본인이 지원한 직무에 대한 적합성과 지원동기에 대하여 자세히 기술하여 주시기 바랍니다.,본인 지원한 직무 적합성 지원동기 자세히 기술 주시기 바랍니다
886,5,"10년 후, 혹은 미래 자신의 목표를 기술하여 주시기 바랍니다.",10년 미래 자신 목표 기술 주시기 바랍니다
887,5,"(선택) 본인의 자기 소개 사항에 대해 자유롭게 기술하여 주시기 바랍니다. (최근 ~ 과거 순) [최소 0자 이상 1,000자 이하]",선택 본인 자기 소개 사항 대해 자유롭게 기술 주시기 바랍니다 최소 1000자 이하
888,5,"(My Story)도전적인 목표를 정하고 열정적으로 일을 추진했던 경험을 구체적으로 기술해 주십시오.≪Guide≫ 일을 추진해 나가는 데 있어서 어려웠던 점과 그 결과에 대해서 중점적으로 기술해 주시기 바랍니다.(100자~1,000자)",도전적인 목표 열정적 추진했던 경험 구체적 기술해 주십시오Guide 추진해 나가 있어서 어려웠던 결과 중점적 기술해 주시기 바랍니다
889,5,지원자 본인에 대하여 자유롭게 소개해 주시기 바랍니다.(800자이내),지원자 본인 자유롭게 소개해 주시기 바랍니다
890,5,지금까지 본인이 경험했던 가장 큰 성취 사례와 실패 사례를 구조화하여 구체적으로 서술해 주시기 바랍니다. (1000자이내),지금 본인 경험했던 가장 성취 사례 실패 사례 구조화 구체적 서술해 주시기 바랍니다
891,5,지원 동기 및 입사후 포부를 서술해 주시기 바랍니다.(800자이내),지원 동기 입사후 포부 서술해 주시기 바랍니다
892,5,"공동의 목표를 위해 협업하는 과정에서 소통의 부재로 인해 어려움을 겪었던 경험이 있습니까? 당시 상황을 기술하고, 어려움을 어떻게 극복했는지를 자세하게 행동 중심으로 기술해 주시기 바랍니다",공동 목표 협업 과정 소통 부재 인해 어려움 겪었던 경험 있습니까 당시 상황 기술 어려움 어떻게 극복했는지 자세하게 행동 중심 기술해 주시기 바랍니다
893,5,"학교나 사회에서 속했던 조직(동아리, 프로젝트 팀 등)에서 개인적 손해를 감수하면서까지 맡은 일 또는 역할을 다하기 위해 노력했던 경험이 있습니까? 당시 상황을 기술하고 어떤 노력을 기울 였는지 자세하게 행동 중심으로 기술해 주시기 바랍니다.",학교 사회 속했던 조직 개인적 손해 감수하면서 역할 다하기 노력했던 경험 있습니까 당시 상황 기술 어떤 노력 기울 였는지 자세하게 행동 중심 기술해 주시기 바랍니다
894,5,"자신의 장점(성격, 특기 등)을 소개하고, 청년인턴으로 근무하게 된다면 이 장점이 공단에 어떤 기여를 할 수 있을 지 500자 이상 구체적으로 기재하여 주시기 바랍니다.",자신 장점 소개 청년인턴 근무하게 된다면 장점 공단 어떤 기여 구체적 기재 주시기 바랍니다
895,5,국민연금제도는 국민의 노후 소득보장을 위한 사회보장제도입니다. 국민연금 제도 특징을 고려하여 제도를 시행하는 목적 등 국민연금 제도에 대한 자신의 생각을 500자 이상 구체적으로 기술하여 주시기 바랍니다.,국민연금제도 국민 노후 소득보장 사회보장제도 국민연금 특징 고려 제도 시행 목적 국민연금 제도 자신 생각 구체적 기술 주시기 바랍니다
896,5,"학교나 사회에서 속했던 조직(동아리, 프로젝트 팀 등)에서 개인적 손해를 감수하면서까지 맡은 일 또는 역할을 다하기 위해 노력했던 경험이 있습니까? 당시 상황을 기술하고 어떤 노력을 기울였는지 자세하게 행동 중심으로 기술해 주시기 바랍니다.",학교 사회 속했던 조직 개인적 손해 감수하면서 역할 다하기 노력했던 경험 있습니까 당시 상황 기술 어떤 노력 기울였는지 자세하게 행동 중심 기술해 주시기 바랍니다
897,5,현대모비스 해당 직무 분야에 지원하게 된 이유를 기재해 주시기 바랍니다. (1000자 이내),현대모비스 해당 직무 분야 지원하게 이유 기재해 주시기 바랍니다
898,5,"본인이 지원분야에 적합하다고 판단할 수 있는 이유 및 근거를, 본인의 노력과 경험을 바탕으로 제시해 주시기 바랍니다. (1000자 이내)",본인 지원분야 적합하다고 판단할 이유 근거 본인 노력 경험 바탕 제시해 주시기 바랍니다
899,5,입사 후 현대모비스의 발전을 위해 본인이 어떠한 노력을 할 것인지를 중장기적인 관점에서 기재해 주시기 바랍니다. (1000자 이내),입사 현대모비스 발전 본인 어떠한 노력 것인지 중장기적인 관점 기재해 주시기 바랍니다
900,5,상대 의향의 핵심을 파악하여 논리적으로 상대방을 설득했던 경험이 있습니까? 당시 상황을 기술하고 당시 설득 방법을 자세하게 행동 중심으로 기술해 주시기 바랍니다.,상대 의향 핵심 파악 논리적 상대방 설득했던 경험 있습니까 당시 상황 기술 당시 설득 방법 자세하게 행동 중심 기술해 주시기 바랍니다
901,5,"어떤 조직(기업, 동아리, 단체 등)에 구성원으로 적응하기 어려웠지만, 이를 극복하고 조직에 잘 적응했던 경험이 있습니까? 당시 상황을 기술하고, 해결 방법을 자세하게 행동 중심으로 기술해 주시기 바랍니다.",어떤 조직 구성원 적응하기 어려웠지 극복 조직 적응했던 경험 있습니까 당시 상황 기술 해결 방법 자세하게 행동 중심 기술해 주시기 바랍니다
902,5,"동시에 주어진 과업(또는 일)을 추진해야하는 상황에서 시간과 일정을 효율적으로 관리하여 달성하고자 했던 목표를 성공적으로 달성한 경험이 있습니까? 당시 상황, 맡은 과업을 기술하고, 어떻게 시간과 일정을 관리해 나갔는지 자세하게 행동 중심으로 기술해 주시기 바랍니다.",동시 주어진 과업또 추진해야 상황 시간 일정 효율적 관리 달성하고자 했던 목표 성공적 달성한 경험 있습니까 당시 상황 과업 기술 어떻게 시간 일정 관리해 나갔는지 자세하게 행동 중심 기술해 주시기 바랍니다
903,5,학교나 사회에서 어떤 일을 하면서 명확한 지시나 감독이 없었으나 맡은 업무를 충실히 수행해서 좋은 결과를 얻었던 경험이 있습니까? 당시 상황을 기술하고 맡은 업무를 어떻게 수행했는지를 자세하게 행동중심으로 기술해 주시기 바랍니다.,학교 사회 어떤 하면서 명확한 지시 감독 없었으 업무 충실히 수행 결과 얻었던 경험 있습니까 당시 상황 기술 업무 어떻게 수행했는지 자세하게 행동중심 기술해 주시기 바랍니다
904,5,[위 경험사항 란에 작성한 내용에 대해 상세히 기술해 주시기 바랍니다],경험사항 작성한 내용 대해 상세히 기술해 주시기 바랍니다
905,5,"""나는 OOO 입니다."" 처럼 자신을 한마디로 표현한다면 어떻게 표현하고 싶은지 설명하고, 이를 바탕으로 경영진에게 본인을 적극 PR하여 주시기 바랍니다.",OOO 자신 한마디 표현한다면 어떻게 표현 싶은지 설명 바탕 경영진 본인 적극 PR 주시기 바랍니다
906,5,"본인이 속한 조직 또는 팀의 목표를 이해하고 달성하기 위해 노력했던 경험과 그 과정에서 수행한 역할, 이를 통해 얻은 것은 무엇인지 기술해 주시기 바랍니다. (최근 5년 이내 사례로 기술할 것) (1000자 이내)",본인 속한 조직 목표 이해 달성하기 노력했던 경험 과정 수행한 역할 무엇인지 기술해 주시기 바랍니다
907,5,[혁신]질문 : 평소에 새로운 아이디어는 어떻게 도출하는지 구체적인 사례를 들어 설명해 주시기 바랍니다.(1000자 이내),혁신질문 평소 새로운 아이디어 어떻게 도출하는지 구체적인 사례 들어 설명해 주시기 바랍니다
908,5,[고객중심]질문 : 본인이 업무 중이나 일상생활에서 상대방의 불만을 효과적으로 해결한 구체적인 경험이나 해결 방법에 대한 자신의 생각을 기술해 주시기 바랍니다.(1000자 이내),고객중심질문 본인 업무 일상생활 상대방 불만 효과적 해결한 구체적인 경험 해결 방법 자신 생각 기술해 주시기 바랍니다
909,5,[신의성실]질문 : 어떤 일에 최선을 다해 임했던 자신의 경험을 제시하고 그 과정을 통해 느꼈던 생각이나 배운 점을 기술해 주시기 바랍니다.(1000자 이내),신의성실질문 어떤 최선 다해 임했던 자신 경험 제시 과정 느꼈던 생각 배운 기술해 주시기 바랍니다
910,5,"경험기술서 · 입사지원서에 입력한 직무관련 기타 활동에 대해 기술해 주시기 바랍니다. 구체적인 활동 내용, 본인의 역할, 활동 결과 등에 대해 800자 이내로 작성해 주시기 바랍니다.",경험기술서 입사지원서 입력한 직무 기타 활동 대해 기술해 주시기 바랍니다 구체적인 활동 내용 본인 역할 활동 대해 작성해 주시기 바랍니다
911,5,"학교생활 동안 남들과 다른 특별한 경험을 함으로서 얻게 된 성취감이 있으면 기재하여 주시고(신입), 자신의 전 직장 경험 중에서 가장 성취감을 느꼈던 사항을 상세히 기재하여 주시기 바랍니다. (경력)",학교생활 동안 남들 다른 특별한 경험 함으로서 얻게 성취감 있으면 기재 주시고신입 자신 직장 경험 가장 성취감 느꼈던 사항 상세히 기재 주시기 바랍니다 경력
912,5,입사지원서에 기술한 경력 및 직무관련 기타 활동에 대해 상세히 기술해 주시기 바랍니다.,입사지원서 기술한 경력 직무 기타 활동 대해 상세히 기술해 주시기 바랍니다
913,5,"본인의 가치관 및 성격 형성에 중요한 영향을 끼친 사건 및 사람에 대하여 기재하여 주시고, 당시 상황, 본인의 행동 및 역할, 그로 인해 얻게 된 교훈 등에 대하여구체적으로 기재하여 주시기 바랍니다. (1000자 이내)",본인 가치관 성격 형성 중요한 영향 끼친 사건 사람 기재 주시고 당시 상황 본인 행동 역할 인해 얻게 교훈 대하여구체적 기재 주시기 바랍니다
914,5,타인과 구분되는 본인만의 장점(능력)과 그 장점을 활용하여 탁월한 성과를 창출하였던 경험 및 사례를 구체적으로 기재하여 주시기 바랍니다. (1000자 이내),타인 구분되 본인만 장점능력 장점 활용 탁월한 성과 창출하였던 경험 사례 구체적 기재 주시기 바랍니다
915,5,"본인이 희망하는 관심직무에 대해 선택하게 된 사유와 해당직무를 지원하면서 본인이 준비해온 과정을 교육사항, 자격사항, 사회활동, 경력사항 등과 연계하여 자유롭게 기재하여 주시기 바랍니다. 그리고 해당직무를 수행함에 있어서 본인만의 강점을 구체적 사례와 함께 기술 바랍니다. (1000자 이내)",본인 희망 관심직무 대해 선택하게 사유 해당직무 지원하면서 본인 준비해온 과정 교육사항 자격사항 사회활동 경력사항 연계 자유롭게 기재 주시기 바랍니다 그리고 해당직무 수행함 있어서 본인만 강점 구체적 사례 기술 바랍니다
916,5,기타 특이사항 등을 기술하기 바랍니다. (1000자 이내),기타 특이사항 기술하기 바랍니다
917,5,"자신의 성장과정 및 개인특성, 장점에 대해 기술해 주시기 바랍니다.",자신 성장과정 개인특성 장점 대해 기술해 주시기 바랍니다
918,5,해당 직무에 지원하는 동기를 본인의 경험과 연계하여 기술해 주시기 바랍니다.,해당 직무 지원 동기 본인 경험 연계 기술해 주시기 바랍니다
919,5,10년 후 LG하우시스의 구성원으로서 본인의 목표와 비전을 기술해 주시기 바랍니다,10년 LG하우시스 구성원으로서 본인 목표 비전 기술해 주시기 바랍니다
920,5,해당 직무 및 Otis 엘리베이터에 지원한 이유에 대하여 자세하게 설명하여 주시기 바랍니다.,해당 직무 Otis 엘리베이터 지원한 이유 자세하게 설명 주시기 바랍니다
921,5,기타 추가적으로 설명하고 싶은 사항이 있다면 기술하여 주시기 바랍니다.,기타 추가적 설명 사항 있다면 기술 주시기 바랍니다
922,5,본인을 대표할 수 있는 이력 3가지를 기술하시기 바랍니다. (1000자 이내),본인 대표할 이력 3가지 기술하시기 바랍니다
923,5,"지원자가 한국국토정보공사 및 지원 분야에 관심을 가지게 된 계기는 무엇이며, 공사에 입사하기 위해 그동안 어떤 노력을 했는지 기술해 주시기 바랍니다.",지원자 한국국토정보공사 지원 분야 관심 가지게 계기 무엇 공사 입사하기 그동안 어떤 노력 했는지 기술해 주시기 바랍니다
924,5,한국국토정보공사의 특성을 활용하여 핵심가치 중 하나인 ‘미래를 위한 변화’를 실천할 수 있는 새로운 사업은 무엇이 있을지 지원자의 의견을 간략하게 기술해 주시기 바랍니다.,한국국토정보공사 특성 활용 핵심가치 하나인 미래 변화 실천할 새로운 사업 무엇 있을지 지원자 의견 간략하게 기술해 주시기 바랍니다
925,5,"본인의 가치관 및 성격 형성에 중요한 영향을 끼친 사건 및 사람에 대하여 기재하여 주시고, 당시 상황, 본인의 행동 및 역할, 그로 인해 얻게 된 교훈 등에 대하여 구체적으로 기재하여 주시기 바랍니다.",본인 가치관 성격 형성 중요한 영향 끼친 사건 사람 기재 주시고 당시 상황 본인 행동 역할 인해 얻게 교훈 구체적 기재 주시기 바랍니다
926,5,나와 다른 생각이나 성향을 가진 사람과 함께 어려움이나 갈등상황을 해결하며 공동의 목표를 달성했던 경험에 대해 기술해 주시기 바랍니다. (1000자 이내),다른 생각 성향 가진 사람 어려움 갈등상황 해결 공동 목표 달성했던 경험 대해 기술해 주시기 바랍니다
927,5,본인이 속했던 조직에서 팀웍과 함꼐 창의적인 도전을 통해 성과를 창출해낸 경험이 있다면 사례를 중심으로 기술하여 주시기 바랍니다. (1000자 이내),본인 속했던 조직 팀웍 함꼐 창의적인 도전 성과 창출해낸 경험 있다면 사례 중심 기술 주시기 바랍니다
928,5,"마지막으로, 신한데이타시스템이 귀하(지원자)를 채용하지 않으면 안될 이유에 대해 자유롭게 기술하여 주시기 바랍니다. (1000자 이내)",마지막 신한데이타시스템 귀하지원자 채용 않으면 안될 이유 대해 자유롭게 기술 주시기 바랍니다
929,5,최근 사회이슈 중 중요하다고 생각되는 한가지를 선택하고 이에 관해 자신의 견해를 기술해 주시기 바랍니다. (1000자 이내),최근 사회이슈 중요하다고 생각되 한가지 선택 관해 자신 견해 기술해 주시기 바랍니다
930,5,평균 수명이 연장되면서 길어진 노후를 대비하는 중요한 수단인 국민연금에 대한 관심이 커지고 있습니다. 국민연금 제도의 특징을 고려하여 국민연금 제도에 대한 자신의 생각을 기술해 주시기 바랍니다.,평균 수명 연장되면서 길어진 노후 대비 중요한 수단인 국민연금 관심 커지고 국민연금 제도 특징 고려 국민연금 제도 자신 생각 기술해 주시기 바랍니다
931,5,학교 또는 회사와 같은 조직생활 중 구성원들과 함께 공동 과업을 수행하는 과정에서 발생한 문제나 장애요인을 효과적으로 극복한 최근 경험과 그 당시 본인의 역할에 대하여 구체적으로 기술해 주시기 바랍니다.,학교 회사 조직생활 구성원들 공동 과업 수행 과정 발생한 문제 장애요인 효과적 극복한 최근 경험 당시 본인 역할 구체적 기술해 주시기 바랍니다
932,5,지금까지 가장 도전적인 목표를 정하고 노력한 경험(실패 또는 성공)이 있다면 기술하여 주십시오. 또한 어떤 원인 때문에 성공 또는 실패했는지 구체적으로 기술해 주시기 바랍니다. (1000자 이내),지금 가장 도전적인 목표 노력한 경험 있다면 기술 또한 어떤 원인 때문 성공 실패했는지 구체적 기술해 주시기 바랍니다
933,5,지원분야와 관련된 업무경력 및 실적 등 경력사항이나 기타 경험 및 교육 활동에 대하여 상세히 기술하여 주시기 바랍니다.,지원분야 관련된 업무경력 실적 경력사항 기타 경험 교육 활동 상세히 기술 주시기 바랍니다
934,5,한국엘러간 영업인턴에 지원하는 동기와 성취하고 자 하는 점을 상세히 기술해 주시기 바랍니다.,한국엘러간 영업인턴 지원 동기 성취 상세히 기술해 주시기 바랍니다
935,5,본인의 성품 중에서 가장 강점으로 생각하는 것은 무엇입니까? 그러한 성품이 잘 나타난 상황에 대해서 기술해 주시기 바랍니다.,본인 성품 가장 강점 생각 무엇입니까 그러한 성품 나타난 상황 기술해 주시기 바랍니다
936,5,"친해지기 힘든 사람과 관계를 맺고 함께 지내야 했던 상황을 생각해 보고, 그 과정에서 어떤 어려움이 있었으며 어떤 노력을 하였는지 기술해 주시기 바랍니다.",친해지기 힘든 사람 관계 맺고 지내야 했던 상황 생각해 보고 과정 어떤 어려움 있었으며 어떤 노력 하였는지 기술해 주시기 바랍니다
937,5,"입사지원서에 기술한 경력사항 및 경험사항에 대해 상세히 기술해 주시기 바랍니다. 본인의 역할과 행동 그리고 주요 성과를 중심으로, 구체적으로 작성해주시기 바랍니다.",입사지원서 기술한 경력사항 경험사항 대해 상세히 기술해 주시기 바랍니다 본인 역할 행동 그리고 주요 성과 중심 구체적 작성해주시기 바랍니다
938,5,"자신이 추진했던 일(프로젝트, 연구활동, 기타과업 등)의 프로세스를 지속적으로 향상시키기 위해 노력했던 경험이 있다면 아래 항목에 따라 기술해 주시기 바랍니다.",자신 추진했던 프로세스 지속적 향상시키기 노력했던 경험 있다면 아래 항목 따라 기술해 주시기 바랍니다
939,5,"ㆍ입사지원서에 기술한 경력 및 직무관련 기타활동에 대해 상세히 기술해 주시기 바랍니다. ㆍ경력의 경우, 구체적인 직무영역, 활동, 경험, 수행내용, 본인의 역할 및 구체적 행동, 주요 성과에 대해 작성해주시기 바랍니다. ㆍ직무관련 기타활동의 경우, 구체적인 수행활동내용, 소속 조직이나 활동에서의 역할, 활동 결과에 대해 작성해주시기 바랍니다.",입사지원서 기술한 경력 직무 기타활동 대해 상세히 기술해 주시기 바랍니다 경력 경우 구체적인 직무영역 활동 경험 수행내용 본인 역할 구체적 행동 주요 성과 대해 작성해주시기 바랍니다 직무 기타활동 경우 구체적인 수행활동내용 소속 조직 활동에서 역할 활동 결과 대해 작성해주시기 바랍니다
940,5,지원자 본인이 불확실한 결과를 두려워하지 않고 열정적으로 노력하는 사람임을 가장 잘 나타내는 최근 5년 이내의 사례를 기술해 주시기 바랍니다.,지원자 본인 불확실한 결과 두려워 열정적 노력 사람임 가장 나타내 최근 5년 이내 사례 기술해 주시기 바랍니다
941,5,1. 지원자가 중부발전 및 지원분야 관심을 가지게 된 계기는 무엇이며 이를 위해 그 동안 어떤 노력을 했는지 기술해 주시기 바랍니다.,지원자 중부발전 지원분야 관심 가지게 계기 무엇 동안 어떤 노력 했는지 기술해 주시기 바랍니다
942,5,2. 지원자 본인이 불확실한 결과를 두려워하지 않고 열정적으로 노력하는 사람임을 가장 잘 나타내는 최근 5년이내의 사례를 기술해 주시기 바랍니다.,지원자 본인 불확실한 결과 두려워 열정적 노력 사람임 가장 나타내 최근 5년이내 사례 기술해 주시기 바랍니다
943,5,"3. 지원자 본인이 현실과 타협하거나 편법을 사용하지 않고, 원칙대로 일을 처리하는 사람임을 가장 잘 나타내는 최근 5년 이내의 사례를 기술해 주시기 바랍니다.",지원자 본인 현실 타협하거 편법 사용 원칙대 처리 사람임 가장 나타내 최근 5년 이내 사례 기술해 주시기 바랍니다
944,5,4. 지원자 본인이 자신의 지원분야에 대한 전문성을 향상시키기 위해 꾸준히 노력하는 사람임을 가장 잘 나타내는 최근 5년 이내의 사례를 기술해 주시기 바랍니다.,지원자 본인 자신 지원분야 전문성 향상시키기 꾸준히 노력 사람임 가장 나타내 최근 5년 이내 사례 기술해 주시기 바랍니다
945,5,"5. 지원자 본인이, 자신의 소속 집단뿐만 아니라 주변 사람/집단까지 고려하고 배려하는 사람임을 가장 잘 나타내는 최근 5년 이내의 사례를 기술해 주시기 바랍니다.",지원자 본인 자신 소속 집단뿐 아니라 주변 사람집단 고려 배려 사람임 가장 나타내 최근 5년 이내 사례 기술해 주시기 바랍니다
946,5,자신이 어려운 문제를 해결하여 조직의 일부 또는 전체에 상당히 긍정적인 결과를 가져온 경험에 대해 기술하여 주시기 바랍니다.,자신 어려운 문제 해결 조직 일부 전체 상당히 긍정적인 결과 가져온 경험 대해 기술 주시기 바랍니다
947,5,자신이 속한 조직에서 다른 구성원과 이해관계가 대립했던 경험과 그 상황을 어떻게 극복했는지 기술하여 주시기 바랍니다.,자신 속한 조직 다른 구성원 이해관계 대립했던 경험 상황 어떻게 극복했는지 기술 주시기 바랍니다
948,5,자신이 팀의 일원으로서 중요한 목표를 달성하기 위하여 타인과 협력했던 경험이 있으면 기술하여 주시기 바랍니다.,자신 일원으로서 중요한 목표 달성하기 타인 협력했던 경험 있으면 기술 주시기 바랍니다
949,5,"Q2. 지원 직무에 필요한 핵심역량은 무엇이며, 역량개발을 위해 어떤 활동과 노력을 하였는지 경험을 중심으로 작성해 주시기 바랍니다.",지원 직무 필요한 핵심역량 무엇 역량개발 어떤 활동 노력 하였는지 경험 중심 작성해 주시기 바랍니다
950,5,당사의 핵심가치 중 하나를 본인의 생활 신조와 부합되는 면과 그 이유를 서술해 주시기 바랍니다.,당사 핵심가치 하나 본인 생활 신조 부합되 이유 서술해 주시기 바랍니다
951,5,"지원자께서 남들 보다 뛰어난 점은 무엇이며, 직무에 어떻게 적용 할 수 있을 것인지를 구체적으로 기술하여 주시기 바랍니다",지원자께서 남들 뛰어난 무엇 직무 어떻게 적용 것인지 구체적 기술 주시기 바랍니다
952,5,"입사지원서에 기술한 경력 및 직무관련 기타활동에 대해 상세히 기술해 주시기 바랍니다. 경력의 경우, 구체적인 직무영역, 활동, 경험, 수행내용, 본인의 역할 및 구체적 행동, 주요 성과에 대해 작성해주시기 바랍니다. 직무관련 기타활동의 경우, 구체적인 수행활동내용, 소속 조직이나 활동에서의 역할, 활동 결과에 대해 작성해주시기 바랍니다.",입사지원서 기술한 경력 직무 기타활동 대해 상세히 기술해 주시기 바랍니다 경력 경우 구체적인 직무영역 활동 경험 수행내용 본인 역할 구체적 행동 주요 성과 대해 작성해주시기 바랍니다 직무 기타활동 경우 구체적인 수행활동내용 소속 조직 활동에서 역할 활동 결과 대해 작성해주시기 바랍니다
953,5,"2. 지원자가 중부발전 및 지원 분야 관심을 가지게 된 계기는 무엇이며, 이를 위해 그 동안 어떤 노력을 했는지 기술해 주시기 바랍니다.",지원자 중부발전 지원 분야 관심 가지게 계기 무엇 동안 어떤 노력 했는지 기술해 주시기 바랍니다
954,5,3. 지원자 본인이 불확실한 결과를 두려워하지 않고 열정적으로 노력하는 사람임을 가장 잘 나타내는 최근 5년이내의 사례를 기술해 주시기 바랍니다.,지원자 본인 불확실한 결과 두려워 열정적 노력 사람임 가장 나타내 최근 5년이내 사례 기술해 주시기 바랍니다
955,5,직무관련 경험 및 경력에 대해 기술해 주시기 바랍니다.,직무 경험 경력 대해 기술해 주시기 바랍니다
956,5,"[경력 및 경험 기술서] 입사지원서에 기술한 경력사항 및 경험사항에 대해 상세히 기술해 주시기 바랍니다. 본인의 역할과 행동 그리고 주요 성과를 중심으로, 구체적으로 작성해주시기 바랍니다.",경력 경험 기술서 입사지원서 기술한 경력사항 경험사항 대해 상세히 기술해 주시기 바랍니다 본인 역할 행동 그리고 주요 성과 중심 구체적 작성해주시기 바랍니다
957,5,창의적 사고 : 발상의 전환 혹은 창의적인 사고를 통해 문제를 해결하고 성과를 이룬 경험을 구체적으로 기술해 주시기 바랍니다.,창의적 사고 발상 전환 창의적인 사고 문제 해결 성과 이룬 경험 구체적 기술해 주시기 바랍니다
958,5,성공경험 : 지금까지 본인에게 가장 의미 있었던 성공 경험에 대해 구체적으로 기술해 주시기 바랍니다.,성공경험 지금 본인 가장 의미 있었던 성공 경험 대해 구체적 기술해 주시기 바랍니다
959,5,우리회사 지원동기 및 본인이 지원한 분야를 성공적으로 수행할 수 있다고 생각하는 이유를 설명하여 주시기 바랍니다.,우리회사 지원동기 본인 지원한 분야 성공적 수행할 있다고 생각 이유 설명 주시기 바랍니다
960,5,팀 프로젝트 수행 또는 레포트 작성 시 참고자료 또는 Data를 어떠한 방법으로 분석하여 결론을 이끌어 냈는지 사례를 바탕으로 설명하여 주시기 바랍니다.,프로젝트 수행 레포트 작성 참고자료 Data 어떠한 방법 분석 결론 이끌어 냈는지 사례 바탕 설명 주시기 바랍니다
961,5,본인이 가장 성취감을 느꼈던 경험을 사례를 들어 자신의 역할 및 성과 중심으로 설명하여 주시기 바랍니다.,본인 가장 성취감 느꼈던 경험 사례 들어 자신 역할 중심 설명 주시기 바랍니다
962,5,"자신의 성장과정 및 개인 특성, 장점을 중심으로 기술하여 주시기 바랍니다",자신 성장과정 개인 특성 장점 중심 기술 주시기 바랍니다
963,5,"지원자께서 남들 보다 뛰어난 점은 무엇이며, 직무에 어떻게 적용 할 수 있을 것인지를 구체적으로 기술하여 주시기 바랍니다.",지원자께서 남들 뛰어난 무엇 직무 어떻게 적용 것인지 구체적 기술 주시기 바랍니다
964,5,최근 사회 이슈 중 중요하다고 생각되는 한 가지를 선택하고 이에 관한 자신의 견해를 기술 해 주시기 바랍니다,최근 사회 이슈 중요하다고 생각되 가지 선택 자신 견해 기술 주시기 바랍니다
965,5,"입사지원서에 기술한 경력 및 경험에 대해 상세히 기술해 주시기 바랍니다. 경력을 기술할 경우 구체적으로 직무영역, 활동/경험/수행 내용, 본인의 역할 및 구체적 행동, 주요 성과에 대해 작성해주시고, 경험(직무관련 기타 활동)을 기술할 경우 구체적으로 본인이 수행한 활동 내용, 소속 조직이나 활동에서의 역할, 활동 결과에 대해 작성해주시기 바랍니다.",입사지원서 기술한 경력 경험 대해 상세히 기술해 주시기 바랍니다 경력 기술할 경우 구체적 직무영역 활동경험수행 내용 본인 역할 구체적 행동 주요 성과 대해 작성해주시고 경험 기술할 경우 구체적 본인 수행한 활동 내용 소속 조직 활동에서 역할 활동 결과 대해 작성해주시기 바랍니다
966,5,자유롭게 자기소개를 해 주시기 바랍니다. (1000자 이내),자유롭게 자기소개 주시기 바랍니다
967,5,"직무능력소개서 * 입사지원서에 기술한 경험사항에 대해 상세히 기술해 주시기 바랍니다. * 본인의 역할과 행동 그리고 주요 성과를 중심으로, 구체적으로 작성해주시기 바랍니다.",직무능력소개서 입사지원서 기술한 경험사항 대해 상세히 기술해 주시기 바랍니다 본인 역할 행동 그리고 주요 성과 중심 구체적 작성해주시기 바랍니다
968,5,"[경력 및 직무관련활동 기술서] 입사지원서에 기술한 직무관련 경력이나 활동에 대해 본인이 수행한 활동 내용, 본인의 역할 및 활동 결과 등을 구체적인 사례를 중심으로 상세히 기술하여 주시기 바랍니다.",경력 직무관련활동 기술서 입사지원서 기술한 직무 경력 활동 대해 본인 수행한 활동 내용 본인 역할 활동 구체적인 사례 중심 상세히 기술 주시기 바랍니다
969,5,"[경험 및 경력 기술서] 입사지원서에 기술한 직무관련 경험 및 경력 사항에 대해 상세히 기술해 주시기 바랍니다. 다음의 사항들을 포함하여 구체적으로 작성해주시기 바랍니다. - 소속조직 / 직위(직급) / 본인이 맡은 주요 역할 - 주요 수행 업무 및 성과(정량적 측면, 정성적 측면) - 업무성과를 높이기 위해 본인이 기울인 노력 행동 - 성과로 인한 조직 기여 내용 및 기여 정도 - 원의 지원 분야 업무 수행 시 기여할 수 있는 측면",경험 경력 기술서 입사지원서 기술한 직무 경험 경력 사항 대해 상세히 기술해 주시기 바랍니다 다음 사항들 포함 구체적 작성해주시기 바랍니다 소속조직 직위직급 본인 주요 역할 주요 수행 업무 업무성과 높이기 본인 기울인 노력 행동 성과 인한 조직 기여 내용 기여 지원 분야 업무 수행 기여할 측면
970,5,경력회사별로 담당하셨던 업무내역을 구체적으로 기술해 주시기 바랍니다.,경력회사별 담당하셨던 업무내역 구체적 기술해 주시기 바랍니다
971,5,본인이 지원하는 직무에 적합하다고 생각하는 이유를 기술해 주시기 바랍니다. (1000자 이내),본인 지원 직무 적합하다고 생각 이유 기술해 주시기 바랍니다
972,5,지원동기와 입사 후 LS엠트론에서 자신의 모습을 기술해 주시기 바랍니다. (1000자 이내),지원동기 입사 LS엠트론 자신 모습 기술해 주시기 바랍니다
973,5,본인의 어떤 점이 경신의 인재상에 부합하는지 사례에 근거하여 기술해 주시기 바랍니다. (700자 이내),본인 어떤 경신 인재상 부합하는지 사례 근거 기술해 주시기 바랍니다
974,5,귀하가 경신 및 해당직무에 지원한 이유는 무엇입니까? 그리고 입사 후 회사에 어떻게 기여할 수 있는지 구체적으로 기술해 주시기 바랍니다. (1000자 이내),귀하 경신 해당직무 지원한 이유 무엇입니까 그리고 입사 회사 어떻게 기여할 있는지 구체적 기술해 주시기 바랍니다
975,5,"최근 사회 이슈 중 중요하다고 생각되는 한가지를 선택하고, 이에 관한 자신의 견해를 기술해 주시기 바랍니다.",최근 사회 이슈 중요하다고 생각되 한가지 선택 자신 견해 기술해 주시기 바랍니다
976,5,KOGAS 인재상 중 택1하여 그에 부합하는 자신의 경험(행동)을 자유롭게 기술하여 주시기 바랍니다.,KOGAS 인재상 택1 부합 자신 경험행동 자유롭게 기술 주시기 바랍니다
977,5,"KOGAS가 본인을 채용해야 하는 이유와 관련하여, 자신을 표현할 수 있는 문구 또는 단어를 자유롭게 기술하고, 그 이유를 설명하여 주시기 바랍니다.",KOGAS 본인 채용 이유 관련 자신 표현할 문구 단어 자유롭게 기술 이유 설명 주시기 바랍니다
978,5,"(자기소개서)1. 맵퍼스 인재상과 관련된 본인의 장점 및 단점이 무엇인지, 그리고 단점을 극복하기 위해 어떠한 노력을 하고 있는 지 기술해 주시기 바랍니다. (1000자 이내)",맵퍼스 인재상 관련된 본인 장점 단점 무엇인지 그리고 단점 극복하기 어떠한 노력 기술해 주시기 바랍니다
979,5,본인이 이룬 가장 뛰어난 업적은 어떤 것이며 왜 그렇게 생각하는 지 기술해 주시기 바랍니다. (1000자 이내),본인 이룬 가장 뛰어난 업적 어떤 그렇게 생각 기술해 주시기 바랍니다
980,5,귀하가 재학기간 중 선택한 학업 외 활동은 어떤 것이 있으며 왜 그런 활동을 했는지를 기술해 주시기 바랍니다. (1000자 이내),귀하 재학기간 선택한 학업 활동 어떤 있으며 그런 활동 했는지 기술해 주시기 바랍니다
981,5,맵퍼스 지원동기 및 본인에 대해 추가적으로 소개할 내용이 있으면 간략하게 서술해 주시기 바랍니다. (1000자 이내),맵퍼스 지원동기 본인 대해 추가적 소개할 내용 있으면 간략하게 서술해 주시기 바랍니다
982,5,"본인이 맵퍼스가 요구하는 직무역량을 가지고 있다고 판단하는 주된 이유와, 본인이 생각하는 직무역량 수준 및 근거를 기술해 주시기 바랍니다. (1000자 이내)",본인 맵퍼스 요구 직무역량 가지고 있다고 판단 주된 이유 본인 생각 직무역량 수준 근거 기술해 주시기 바랍니다
983,5,자신이 어려운 문제를 해결하여 조직의 일부 또는 전체에 상당히 긍정적인 결과를 가져온 경험에 대해 기술하여 주시기 바랍니다. [ 1자 이상 500자 이내,자신 어려운 문제 해결 조직 일부 전체 상당히 긍정적인 결과 가져온 경험 대해 기술 주시기 바랍니다
984,5,* 자기주도적으로 목표를 설정하여 끝까지 완수해낸 경험을 작성해 주세요. ① 설정한 목표와 이유 ② 그 과정에서 본인이 수행한 역할 ③ 해당 경험에서 발생한 문제점 및 해결방안 ④ 해당 경험을 통해 얻은 점 을 포함하여 작성해 주시기 바랍니다.,자기주도적 목표 설정 완수해낸 경험 작성해 설정한 목표 이유 과정 본인 수행한 역할 해당 경험 발생한 문제점 해결방안 해당 경험 포함 작성해 주시기 바랍니다
985,5,최근 사회 이슈 중 중요하다고 생각되는 한가지를 선택하고 이에 관한 자신의 견해를 기술해 주시기 바랍니다. (1000자 이내),최근 사회 이슈 중요하다고 생각되 한가지 선택 자신 견해 기술해 주시기 바랍니다
986,5,"지원한 직무와 관련한 경험(금전적 보수 없음) 혹은 경력(금전적 보수 있음)에 대해 상세히 기술해 주시기 바랍니다. 산학, 팀 프로젝트, 연구회, 동아리/동호회, 온라인 커뮤니티, 재능기부 등 다양한 활동을 통해 모집직무와 관련한 경험을 쌓은 내용 혹은 모집직무와 관련된 경력사항에 대해 최근 5년 이내의 사례를 작성해 주십시오.",지원한 직무 관련한 경험 경력 대해 상세히 기술해 주시기 바랍니다 산학 프로젝트 연구회 동아리동호회 온라인 커뮤니티 재능기부 다양한 활동 모집직무 관련한 경험 내용 모집직무 관련된 경력사항 대해 최근 5년 이내 사례 작성해
987,5,「인턴K 영업과정」에 지원한 동기를 기재해 주시기 바랍니다.,인턴K 영업과정 지원한 동기 기재해 주시기 바랍니다
988,5,"변화하는 국내 자동차 시장 환경을 고려하여, 본인만의 중/장기 (5년 후, 10년 후) 목표를 달성 계획과 함께 기재해 주시기 바랍니다.",변화 국내 자동차 시장 환경 고려 본인만 중장기 목표 달성 계획 기재해 주시기 바랍니다
989,5,과거 다른 사람을 감동시킨 사례가 있다면 구체적으로 기재해 주시기 바랍니다. (최대 500자 이내로 작성),과거 다른 사람 감동시킨 사례 있다면 구체적 기재해 주시기 바랍니다
990,5,"본인의 가장 친한 친구에게 K5와 스포티지 중 한 차종을 팔아야 한다면 어떤 차종을 판매할 것이며, 이유는 무엇인지 기재해 주시기 바랍니다",본인 가장 친한 친구 K5 스포티지 차종 팔아야 한다면 어떤 차종 판매할 이유 무엇인지 기재해 주시기 바랍니다
991,5,"지원 분야와 관련된 업무 경력 및 실적 등 경력사항이나 기타 경험 및 활동에 대하여 상세히 기술해 주시기 바랍니다. 경력사항의 경우, 채용 분야의 직무와 관련하여 기업 또는 조직에서 실제적으로 수행한 업무에 관하여 작성해 주십시오. 경험 및 활동의 경우, 산학, 팀 프로젝트, 연구회, 동아리/동호회, 재능기부 등 지원 분야와 관련하여 쌓은 경험에 관하여 작성해 주십시오. (1200byte 이내) 1-2. 해당 조직이나 활동에서 본인이 맡았던 역할을 기술해 주십시오. (400byte 이내)",지원 분야 관련된 업무 경력 실적 경력사항 기타 경험 활동 상세히 기술해 주시기 바랍니다 경력사항 경우 채용 분야 직무 관련 기업 조직 실제적 수행한 업무 작성해 경험 활동 경우 산학 프로젝트 연구회 동아리동호회 재능기부 지원 분야 관련 경험 작성해 해당 조직 활동 본인 맡았던 역할 기술해
992,5,"지원 분야와 관련된 업무 경력 및 실적 등 경력사항이나 기타 경험 및 활동에 대하여 상세히 기술해 주시기 바랍니다. 경력사항의 경우, 채용 분야의 직무와 관련하여 기업 또는 조직에서 실제적으로 수행한 업무에 관하여 작성해 주십시오. 1-3. 해당 경험이 국민건강보험공단 입사 후 업무 수행에 어떠한 도움을 줄 수 있는지 기술해 주십시오. (400byte 이내)",지원 분야 관련된 업무 경력 실적 경력사항 기타 경험 활동 상세히 기술해 주시기 바랍니다 경력사항 경우 채용 분야 직무 관련 기업 조직 실제적 수행한 업무 작성해 해당 경험 국민건강보험공단 입사 업무 수행 어떠한 도움 있는지 기술해
993,5,지원동기 및 본인이 (주)태영건설에 적합한 인재라고 생각하는 이유를 기술해 주시기 바랍니다.,지원동기 본인 주태영건설 적합한 인재라고 생각 이유 기술해 주시기 바랍니다
994,5,조직생활을 하는데 있어 장점과 단점이 될 수 있는 본인의 성격을 각각 기술해 주시기 바랍니다.,조직생활 하는데 있어 장점 단점 본인 성격 각각 기술해 주시기 바랍니다
995,5,"본인만의 차별화된 역량은 무엇이며, 그 차별화된 역량을 통해 입사 후 어떤 방식으로 회사에 기여할 수 있을지 기술해 주시기 바랍니다.",본인만 차별화된 역량 무엇 차별화된 역량 입사 어떤 방식 회사 기여할 있을지 기술해 주시기 바랍니다
996,5,"학업 이외에 성과를 창출했거나, 목표를 달성한 경험을 기술해 주시기 바랍니다.",학업 이외 성과 창출했거 목표 달성한 경험 기술해 주시기 바랍니다
997,5,"[직무능력 소개서(경험기술서)]입사지원서에 작성한 직무 관련 경험사항에 대하여 본인이 수행한 역할 및 주요 업무, 성과 등에 대해 자세히 기술하여 주시기 바랍니다.",직무능력 소개서 입사지원서 작성한 직무 경험사항 본인 수행한 역할 주요 업무 대해 자세히 기술 주시기 바랍니다
998,5,[대인관계 능력] 타인과의 관계에 있어 약속과 원칙을 지켜서 신뢰를 형성/유지했던 경험에 대하여 기술해 주시기 바랍니다.,대인관계 능력 타인과 관계 있어 약속 원칙 지켜서 신뢰 형성유지했던 경험 기술해 주시기 바랍니다
999,5,[의사소통 능력] 우리 공단은 공공의료복지기관입니다. 우리 공단이 공공의료?복지기관으로서 수행해야 할 역할에 대하여 말씀하여 주시기 바랍니다.,의사소통 능력 우리 공단 공공의료복지기관 우리 공단 공공의료복지기관으로서 수행 역할 말씀 주시기 바랍니다
1000,5,[정보능력] 관련 직무와 관련하여 컴퓨터를 이용하여 정보를 수집했던 경험과 컴퓨터 사용능력 향상을 위하여 노력한 성과를 기술하여 주시기 바랍니다.,정보능력 직무 관련 컴퓨터 이용 정보 수집했던 경험 컴퓨터 사용능력 향상 노력한 성과 기술 주시기 바랍니다
1001,5,[자원관리 능력] 달성하고자 하는 목표와 관련하여 시간·자본·시설·인적자원에 대한 배분계획을 수립 후 목표를 달성한 경험이 있으면 서술하여 주시기 바랍니다.,자원관리 능력 달성하고자 목표 관련 시간자본시설인적자원 배분계획 수립 목표 달성한 경험 있으면 서술 주시기 바랍니다
1002,5,[수리능력] 문제해결 과정에서 적절한 수학적 사고와 기법을 선택하여 결과물을 창출하신 경험이 있으면 서술하여 주시기 바랍니다.,수리능력 문제해결 과정 적절한 수학적 사고 기법 선택 결과물 창출하신 경험 있으면 서술 주시기 바랍니다
1003,5,[직업윤리] 공단인으로서 어떤 소명의식을 가지고 근무할 것인지에 대하여 서술하여 주시기 바랍니다.,직업윤리 공단인으로서 어떤 소명의식 가지고 근무할 것인지 서술 주시기 바랍니다
1004,5,"[필수항목] 본인의 입사지원 회사를 선택하는 기준은 무엇이며, KT&G가 왜 해당 기준에 부합하는 회사인지 구체적으로 기술하여 주시기 바랍니다.",필수항목 본인 입사지원 회사 선택 기준 무엇 KTG 해당 기준 부합 회사인지 구체적 기술 주시기 바랍니다
1005,5,[필수항목] 본인이 KT&G에 입사하게 된다면 어떤 분야에서 무엇을 기여할 수 있을지 KSA를 기준으로 기술하여 주시기 바랍니다.,필수항목 본인 KTG 입사하게 된다면 어떤 분야 무엇 기여할 있을지 KSA 기준 기술 주시기 바랍니다
1006,5,[선택항목] 위 항목 외에 본인을 어필할 수 있는 내용을 자유롭게 기술하여 주시기 바랍니다.,선택항목 항목 본인 어필할 내용 자유롭게 기술 주시기 바랍니다
1007,5,[필수항목] KT&G의 인재상 중 본인의 특성과 가장 유사한 항목은 무엇이며 그 이유는 무엇인지 구체적으로 기술하여 주시기 바랍니다,필수항목 KTG 인재상 본인 특성 가장 유사한 항목 무엇 이유 무엇인지 구체적 기술 주시기 바랍니다
1008,5,"국가정보원에 입사하려는 목적은 무엇이며, 국가정보원 입사가 귀하에게 어떤 의미가 있는지 기술해 주시기 바랍니다. (500자 이내)",국가정보원 입사하려 목적 무엇 국가정보원 입사 귀하 어떤 의미 있는지 기술해 주시기 바랍니다
1009,5,"지금까지 살아오면서 이룬 가장 대표적인 성취 사례 하나와 후회되는 사례 하나를 제시하고, 그 이유를 구체적으로 기술해 주시기 바랍니다. (1000자 이내)",지금 살아오면서 이룬 가장 대표적인 성취 사례 하나 후회되 사례 하나 제시 이유 구체적 기술해 주시기 바랍니다
1010,5,전문분야 및 보유기술을 100자 이내로 요약하여 주시기 바랍니다. - 지원(희망)분야 관련 핵심기술 및 보유역량 위주로 작성하시기 바랍니다.,전문분야 보유기술 요약 주시기 바랍니다 지원희망분야 핵심기술 보유역량 위주 작성하시기 바랍니다
1011,5,"지원분야와 관련, 본인이 내세울 수 있는 주요 성과 최대 2가지를 300자 내 작성바랍니다. - 해당사항이 없으신 분은 자신있는 전공과목 (교육이수과정)을 기술해 주시기 바랍니다.",지원분야 본인 내세울 주요 최대 2가지 300자 작성바랍니다 해당사항 없으신 자신 전공과목 기술해 주시기 바랍니다
1012,5,"언제, 어떤 계기를 통해 대우건설(or 건설업)에 관심을 갖게 되었으며, 이후 대우건설(or 건설업)에 대한 이해도를 높이기 위해 구체적으로 어떤 노력을 해 왔는지 작성해 주시기 바랍니다.",언제 어떤 계기 대우건설 관심 갖게 되었으며 이후 대우건설 이해도 높이기 구체적 어떤 노력 왔는지 작성해 주시기 바랍니다
1013,5,"인턴, 아르바이트 등 경제(사회)활동 중 어려움을 겪었던 사례를 제시하고, 그것을 어떻게 극복하였으며, 과정에서 느낀 점이 무엇인지 구체적으로 작성해 주시기 바랍니다.",인턴 아르바이트 경제사회활동 어려움 겪었던 사례 제시 그것 어떻게 극복하였으며 과정 느낀 무엇인지 구체적 작성해 주시기 바랍니다
1014,5,본사의 지원 동기에 대하여 기술하여 주시기 바랍니다.,본사 지원 동기 기술 주시기 바랍니다
1015,5,가장 기억에 남는 경험을 서술하여 주시기 바랍니다. (경력: 업무경험 / 신입: 학창시절),가장 기억 경험 서술 주시기 바랍니다
1016,5,자신을 가장 잘 표현 할 수 있는 방법으로 자기소개서를 작성하여 주시기 바랍니다.,자신 가장 표현 방법 자기소개서 작성 주시기 바랍니다
1017,5,"고등학교/전문대학/대학 재학 시 학창생활, 동아리/학회활동(활동단체명/기간/역할/리더경험) 등을 구체적으로 기재하여 주시기 바랍니다.",고등학교전문대학대학 재학 학창생활 동아리학회활동 구체적 기재 주시기 바랍니다
1018,5,"취미/특기를 갖게 된 이유와 관련 활동 내용, 수상내용(수상명, 수상시기, 수상사유), 해외경험 및 기타 특이사항이 있으면 자세히 기재하여 주시기 바랍니다.",취미특기 갖게 이유 활동 내용 수상내용 해외경험 기타 특이사항 있으면 자세히 기재 주시기 바랍니다
1019,5,자신이 어려운 문제를 해결하여 조직의 일부 또는 전체에 상당히 긍정적인 결과를 가져온 경험에 대해 기술하여 주시기 바랍니다. (1000자 이내),자신 어려운 문제 해결 조직 일부 전체 상당히 긍정적인 결과 가져온 경험 대해 기술 주시기 바랍니다
1020,5,자신이 속한 조직에서 다른 구성원과 이해관계가 대립했던 경험과 그 상황을 어떻게 극복했는지 기술하여 주시기 바랍니다. (1000자 이내),자신 속한 조직 다른 구성원 이해관계 대립했던 경험 상황 어떻게 극복했는지 기술 주시기 바랍니다
1021,5,자신이 팀의 일원으로서 중요한 목표를 달성하기 위하여 타인과 협력했던 경험이 있으면 기술하여 주시기 바랍니다. (1000자 이내),자신 일원으로서 중요한 목표 달성하기 타인 협력했던 경험 있으면 기술 주시기 바랍니다
1022,5,지원 동기에 대해서 구체적으로 기술하여 주시기 바랍니다.,지원 동기 구체적 기술 주시기 바랍니다
1023,5,성장과정에 대해서 구체적으로 기술하여 주시기 바랍니다.,성장과정 구체적 기술 주시기 바랍니다
1024,5,본인의 장점/단점에 대해서 구체적으로 기술하여 주시기 바랍니다.,본인 장점단점 구체적 기술 주시기 바랍니다
1025,5,본인의 성장배경 및 위에 기술한 내용 외에 첨부하고자 하는 내용이 있으시면 기술하여 주시기 바랍니다. (700자 이내),본인 성장배경 기술한 내용 첨부하고자 내용 있으시면 기술 주시기 바랍니다
1026,5,입사지원서에 기술한 경력사항 또는 직무관련 기타 활동에 대해 상세히 기술해 주시기 바랍니다.,입사지원서 기술한 경력사항 직무 기타 활동 대해 상세히 기술해 주시기 바랍니다
1027,5,"자신을 잘 나타내는 한 단어를 제시하고, 그 이유를 구체적인 예를 들어 설명해 주시기 바랍니다. (1000자 이내)",자신 나타내 단어 제시 이유 구체적인 들어 설명해 주시기 바랍니다
1028,5,"한샘은 `탁월함에 대한 도전`을 추구합니다. 자신이 생각하는 탁월함이란 무엇이며, 한샘에서 이를 어떻게 도전해 나갈 것인지 서술해 주시기 바랍니다.(1000자 이내)",한샘 탁월함 도전 추구 자신 생각 탁월함이란 무엇 한샘 어떻게 도전해 나갈 것인지 서술해 주시기 바랍니다
1029,5,기타 특이사항 등을 기술하기 바랍니다.,기타 특이사항 기술하기 바랍니다
1030,5,조직(단체)생활에서 리더십을 발휘하였던 경험을 기술하시기 바랍니다,조직단체생활 리더십 발휘하였던 경험 기술하시기 바랍니다
1031,5,"지원자가 한국국토정보공사 및 지원 분야에 관심을 가지게 된 계기는 무엇이며, 공사에 입사하기위해 그동안 어떤 노력을 했는지 기술해 주시기 바랍니다.",지원자 한국국토정보공사 지원 분야 관심 가지게 계기 무엇 공사 입사하기 그동안 어떤 노력 했는지 기술해 주시기 바랍니다
1032,5,"본인이 기존과는 다른 방식을 시도하여 이전에 비해 조금이라도 개선했던 경험 중, 가장 효과적이었던 사례를 기술해 주시기 바랍니다.(최근 5년 이내 사례로 기술할 것) (1000자 이내)",본인 기존과 다른 방식 시도 이전 비해 조금 개선했던 경험 가장 효과적이었던 사례 기술해 주시기 바랍니다
1033,5,"본인의 지원 분야에 대한 역량을 분석해 보고, 자신의 지원 분야에 대한 역량을 향상시키기 위해 어떠한 노력을 했는지 기술해 주시기 바랍니다.(최근 5년 이내 사례로 기술할 것) (1000자 이내)",본인 지원 분야 역량 분석해 보고 자신 지원 분야 역량 향상시키기 어떠한 노력 했는지 기술해 주시기 바랍니다
1034,5,"본인이 속한 조직 또는 팀의 목표를 이해하고 달성하기 위해 노력했던 경험과 그 과정에서 수행한 역할, 해당경험을 통해 얻은 것은 무엇인지 기술해 주시기 바랍니다.(최근 5년 이내 사례로 기술할 것)(1000 Bytes 이내 작성)",본인 속한 조직 목표 이해 달성하기 노력했던 경험 과정 수행한 역할 해당경험 무엇인지 기술해 주시기 바랍니다
1035,5,"해당회사 및 직무에 지원하는 동기에 대해 기술해 주시기 바랍니다. 직무에 관련된 경험 및 역량, 관심사항, 개인의 목표 및 비전 등 자신을 어필할 수 있는 내용을 기반으로 자유롭게 기술하시기 바랍니다. (1000자 아내)",해당회사 직무 지원 동기 대해 기술해 주시기 바랍니다 직무 관련된 경험 역량 관심사항 개인 목표 비전 자신 어필할 내용 기반 자유롭게 기술하시기 바랍니다
1036,5,"도전적인 목표를 정하고 열정적으로 일을 추진했던 경험을 구체적으로 기술해 주시기 바랍니다. 특히, 일을 추진해 나가는 데 있어서 어려웠던 점과 그 결과에 대해서 중점적으로 기술하시기 바랍니다. 또한, 직무관련 공모전 수상, 인턴 경험, 혹은 본인을 어필할 수 있는 특이 경험이 있다면 기재해 주시기 바랍니다. (1000자 아내)",도전적인 목표 열정적 추진했던 경험 구체적 기술해 주시기 바랍니다 특히 추진해 나가 있어서 어려웠던 결과 중점적 기술하시기 바랍니다 또한 직무 공모전 수상 인턴 경험 본인 어필할 경험 있다면 기재해 주시기 바랍니다
1037,5,자기주도적으로 목표를 설정하여 끝까지 완수해낸 경험을 작성해 주세요. ① 설정한 목표와 이유 ② 그 과정에서 본인이 수행한 역할 ③ 해당 경험에서 발생한 문제점 및 해결방안 ④ 해당 경험을 통해 얻은 점 을 포함하여 작성해 주시기 바랍니다.,자기주도적 목표 설정 완수해낸 경험 작성해 설정한 목표 이유 과정 본인 수행한 역할 해당 경험 발생한 문제점 해결방안 해당 경험 포함 작성해 주시기 바랍니다
1038,5,자신이 어려운 문제를 해결하여 조직의 일부 또는 전체에 상당히 긍정적인 결과를 가져온 경험에 대해 기술하여 주시기 바랍니다. [ 500자 이내 ],자신 어려운 문제 해결 조직 일부 전체 상당히 긍정적인 결과 가져온 경험 대해 기술 주시기 바랍니다
1039,5,자신이 속한 조직에서 다른 구성원과 이해관계가 대립했던 경험과 그 상황을 어떻게 극복했는지 기술하여 주시기 바랍니다. [ 500자 이내 ],자신 속한 조직 다른 구성원 이해관계 대립했던 경험 상황 어떻게 극복했는지 기술 주시기 바랍니다
1040,5,자신이 팀의 일원으로서 중요한 목표를 달성하기 위하여 타인과 협력했던 경험이 있으면 기술하여 주시기 바랍니다. [ 500자 이내 ],자신 일원으로서 중요한 목표 달성하기 타인 협력했던 경험 있으면 기술 주시기 바랍니다
1041,5,자신을 진솔하게 소개하여 주시기 바랍니다.,자신 진솔하게 소개 주시기 바랍니다
1042,5,살아오면서 가장 실패한 사례에 대하여 간략하게 기술하시고 그 사례를 통해 학습된 바를 기술해 주시기 바랍니다.,살아오면서 가장 실패한 사례 간략하게 기술하시고 사례 학습된 기술해 주시기 바랍니다
1043,5,팀 단위로 활동한 경험과 그속에서 팀웍을 발휘한 사례를 구체적으로 기술하여 주시기 바랍니다.,단위 활동한 경험 그속 팀웍 발휘한 사례 구체적 기술 주시기 바랍니다
1044,5,타인과 좋은 관계를 유지했던 경험을 자신이 취한 행동중심으로 소개하여 주시기 바랍니다.,타인 관계 유지했던 경험 자신 취한 행동중심 소개 주시기 바랍니다
1045,5,자신이 어려운 문제를 해결하여 조직의 일부 또는 전체에 상당히 긍정적인 결과를 가져온 경험에 대해 기술하여 주시기 바랍니다. [ 1자 이상 500자 이내 ],자신 어려운 문제 해결 조직 일부 전체 상당히 긍정적인 결과 가져온 경험 대해 기술 주시기 바랍니다
1046,5,"수도권매립지관리공사에 지원하게 된 동기, 희망업무, 장래포부에 대해 기술하여 주시기 바랍니다.",수도권매립지관리공사 지원하게 동기 희망업무 장래포부 대해 기술 주시기 바랍니다
1047,5,"과거의 교육과정이나 경력을 통해 습득한 지식 및 경험들이 지원분야의 업무와 어떠한 관련성이 있으며, 실제 업무수행에 어떠한 방식으로 도움을 줄 수 있는지 기술하여 주시기 바랍니다.",과거 교육과정 경력 습득한 지식 경험들 지원분야 업무 어떠한 관련성 있으며 실제 업무수행 어떠한 방식 도움 있는지 기술 주시기 바랍니다
1048,5,도전적 목표를 제시하고 결과를 이루어냈던 경험 및 그 결과를 얻을 수 있었던 요인에 대하여 기술하여 주시기 바랍니다.,도전적 목표 제시 결과 이루어냈던 경험 결과 있었던 요인 기술 주시기 바랍니다
1049,5,"지금까지의 경험 중 구성원들 간 갈등사례 및 소통, 화합 등을 통해 슬기롭게 해결한 사례에 대하여 기술하여 주시기 바랍니다.",지금까지 경험 구성원들 갈등사례 소통 화합 슬기롭게 해결한 사례 기술 주시기 바랍니다
1050,5,"지금까지의 경험중 사회의 일원으로서 사회를 위한 활동 경험에 대해 작성해 주시고, 향후 사회를 위해 계획하고 있는 활동이 무엇인지 기술하여 주시기 바랍니다.",지금까지 경험중 사회 일원으로서 사회 활동 경험 대해 작성해 주시고 향후 사회 계획 활동 무엇인지 기술 주시기 바랍니다
1051,5,언제 어떤 계기를 통해 대우건설(건설업)에 관심을 갖게 되었으며 이후 대우건설에 대한 이해도를 높이기 위해 구체적으로 어떤 노력을 해 왔는지 작성해 주시기 바랍니다. (1000자 이내),언제 어떤 계기 대우건설건설업 관심 갖게 되었으며 이후 대우건설 이해도 높이기 구체적 어떤 노력 왔는지 작성해 주시기 바랍니다
1052,5,"경험기술서 / 입사지원서에 기술한 경력사항 및 직무관련 기타 활동에 대해 상세히 기술해 주시기 바랍니다. 구체적으로 본인이 수행한 활동 조직, 역할 및 구체적 활동 내용, 주요 결과에 대해 작성해 주시기 바랍니다. (1000자 이내)",경험기술서 입사지원서 기술한 경력사항 직무 기타 활동 대해 상세히 기술해 주시기 바랍니다 구체적 본인 수행한 활동 조직 역할 구체적 활동 내용 주요 결과 대해 작성해 주시기 바랍니다
1053,5,지금까지의 경험 중 2인 이상이 모여 공동 작업을 진행했던 경험에 대해 작성해 주시기 바랍니다. 이 경험 속에서 지원자의 역할과 협력과정을 작성해 주시기 바랍니다. (1000자 이내),지금까지 경험 2인 이상 모여 공동 작업 진행했던 경험 대해 작성해 주시기 바랍니다 경험 지원자 역할 협력과정 작성해 주시기 바랍니다
1054,5,"한국관광공사의 주요 사업을 분류하고, 각각의 특성에 대해 아시는 대로 작성해 주시기 바랍니다. (1000자 이내)",한국관광공사 주요 사업 분류 각각 특성 대해 아시 작성해 주시기 바랍니다
1055,5,"어떤 문제점을 해결하기 위해 노력했던 경험 (과정, 결과, 느낌 등)에 대해 기술해 주시기 바랍니다.",어떤 문제점 해결하기 노력했던 경험 대해 기술해 주시기 바랍니다
1056,5,"아래에 제시되는 단어를 자유롭게 활용하여, 자신의 경험을 바탕으로한 본인만의 가치관을 작성하여 주시기 바랍니다. [제시단어 : 도전, 헌신, 정도]",아래 제시되 단어 자유롭게 활용 자신 경험 바탕으로한 본인만 가치관 작성 주시기 바랍니다 제시단어 도전 헌신
1057,5,본인의 현대건설 지원동기를 작성하여 주시기 바랍니다.,본인 현대건설 지원동기 작성 주시기 바랍니다
1058,5,현대건설에 있어 개선 및 보완이 필요한 부분은 무엇인지 기술하여 주시기 바랍니다.,현대건설 있어 개선 보완 필요한 부분 무엇인지 기술 주시기 바랍니다
1059,5,본인이 지원한 사업분야/직무에 관련하여 보유한 직무역량에 대해 구체적으로 기술하여 주시기 바랍니다.,본인 지원한 사업분야직무 관련 보유한 직무역량 대해 구체적 기술 주시기 바랍니다
1060,5,도전정신 혹은 창의성을 발휘하여 가치를 창출한 경험이 있으면 소개해 주시기 바랍니다.,도전정신 창의성 발휘 가치 창출한 경험 있으면 소개해 주시기 바랍니다
1061,5,글로벌 기업인 현대건설은 해외 근무가 필수적입니다. 성공적인 해외 근무를 위하여 본인이 보유한 글로벌 역량 및 어려운 현장 근무를 극복하기 위한 강점을 기술하여 주시기 바랍니다.,글로벌 기업인 현대건설 해외 근무 필수적 성공적인 해외 근무 본인 보유한 글로벌 역량 어려운 현장 근무 극복하기 강점 기술 주시기 바랍니다
1062,5,"한샘은 '탁월함에 대한 도전'을 추구합니다. 자신이 생각하는 탁월함이란 무엇이며, 한샘에서 이를 어떻게 도전해 나갈 것인지 서술해 주시기 바랍니다.",한샘 탁월함 도전 추구 자신 생각 탁월함이란 무엇 한샘 어떻게 도전해 나갈 것인지 서술해 주시기 바랍니다
1063,5,"자신을 잘 나타내는 한 단어를 제시하고, 그 이유를 구체적인 예를 들어 설명해 주시기 바랍니다",자신 나타내 단어 제시 이유 구체적인 들어 설명해 주시기 바랍니다
1064,5,최근 사회 이슈 중 중요하다고 생각되는 한가지를 선택하고 이에 관한 자신의 견해를 기술해 주시기 바랍니다.,최근 사회 이슈 중요하다고 생각되 한가지 선택 자신 견해 기술해 주시기 바랍니다
1065,5,"자신의 성장 과정 및 개인 특성, 장점에 대해 기술해 주시기 바랍니다.",자신 성장 과정 개인 특성 장점 대해 기술해 주시기 바랍니다
1066,5,지금까지의 경험 중 2인 이상이 모여 공동 작업을 진행했던 경험에 대해 작성해 주시기 바랍니다.,지금까지 경험 2인 이상 모여 공동 작업 진행했던 경험 대해 작성해 주시기 바랍니다
1067,5,"[필수 항목] 본인의 입사지원 회사를 선택하는 기준은 무엇이며, KT&G가 왜 해당 기준에 부합하는 회사인지 구체적으로 기술하여 주시기 바랍니다. [ 800자 이내]",필수 항목 본인 입사지원 회사 선택 기준 무엇 KTG 해당 기준 부합 회사인지 구체적 기술 주시기 바랍니다
1068,5,[필수 항목] 본인이 KT&G에 입사하게 된다면 어떤 분야에서 무엇을 기여할 수 있을지 KSA를 기준으로 기술하여 주시기 바랍니다. [ 800자 이내],필수 항목 본인 KTG 입사하게 된다면 어떤 분야 무엇 기여할 있을지 KSA 기준 기술 주시기 바랍니다
1069,5,본인의 성장과정 및 지원동기를 기술해 주시기 바랍니다.(1000자),본인 성장과정 지원동기 기술해 주시기 바랍니다
1070,5,지금까지 리더십을 발휘했던 경험 중 팀 목표 달성의 관점에서 가장 보람되거나 기억에 남는 경험을 기술해 주시기 바랍니다.(1000자),지금 리더십 발휘했던 경험 목표 달성 관점 가장 보람되거 기억 경험 기술해 주시기 바랍니다
1071,5,"[필수 항목] KT&G의 인재상 중 본인의 특성과 가장 유사한 항목은 무엇이며, 그 이유는 무엇인지 구체적으로 기술하여 주시기 바랍니다. [ 800자 이내 ]",필수 항목 KTG 인재상 본인 특성 가장 유사한 항목 무엇 이유 무엇인지 구체적 기술 주시기 바랍니다
1072,5,[선택 항목] 위 항목 외에 본인을 어필할 수 있는 내용을 자유롭게 기술하여 주시기 바랍니다. [ 200자 이내 ],선택 항목 항목 본인 어필할 내용 자유롭게 기술 주시기 바랍니다
1073,5,"언제, 어떤 계기를 통해 대우건설(or 건설업)에 관심을 갖게 되었으며, 이후 대우건설(or 건설업)에 대한 이해도를 높이기 위해 구체적으로 어떤 노력을 해 왔는지 작성해 주시기 바랍니다. (1000자 이내)",언제 어떤 계기 대우건설 관심 갖게 되었으며 이후 대우건설 이해도 높이기 구체적 어떤 노력 왔는지 작성해 주시기 바랍니다
1074,5,"인턴, 아르바이트 등 경제(사회)활동 중 어려움을 겪었던 사례를 제시하고, 그것을 어떻게 극복하였으며, 과정에서 느낀 점이 무엇인지 구체적으로 작성해 주시기 바랍니다. (1000자 이내)",인턴 아르바이트 경제사회활동 어려움 겪었던 사례 제시 그것 어떻게 극복하였으며 과정 느낀 무엇인지 구체적 작성해 주시기 바랍니다
1075,5,자신을 진솔하게 소개하여 주시기 바랍니다.(1000자 이내),자신 진솔하게 소개 주시기 바랍니다
1076,5,살아오면서 가장 실패한 사례에 대하여 간략하게 기술하시고 그 사례를 통해 학습된 바를 기술해 주시기 바랍니다. (1000자 이내),살아오면서 가장 실패한 사례 간략하게 기술하시고 사례 학습된 기술해 주시기 바랍니다
1077,5,팀 단위로 활동한 경험과 그 속에서 팀웍을 발휘한 사례를 구체적으로 기술하여 주시기 바랍니다. (1000자 이내),단위 활동한 경험 팀웍 발휘한 사례 구체적 기술 주시기 바랍니다
1078,5,타인과 좋은 관계를 유지했던 경험을 자신이 취한 행동중심으로 소개하여 주시기 바랍니다. (1000자 이내),타인 관계 유지했던 경험 자신 취한 행동중심 소개 주시기 바랍니다
1079,5,"지원자께서 남들 보다 뛰어난 점은 무엇이며, 직무에 어떻게 적용 할 수 있을 것인지를 구체적으로 기술하여 주시기 바랍니다. (1000자 이내)",지원자께서 남들 뛰어난 무엇 직무 어떻게 적용 것인지 구체적 기술 주시기 바랍니다
1080,5,당사의 핵심가치 중 하나를 본인의 생활 신조와 부합되는 면과 그 이유를 서술해 주시기 바랍니다. (1000자 이내),당사 핵심가치 하나 본인 생활 신조 부합되 이유 서술해 주시기 바랍니다
1081,5,"입사지원서에 기술한 직무관련 활동(경력, 경험 등)에 대해 상세히 기술해 주시기 바랍니다. 본인이 수행한 활동 내용, 소속 조직이나 활동에서의 역할, 활동 결과에 대해 구체적으로 작성해주시기 바랍니다. (1000자 이내)",입사지원서 기술한 직무 활동 대해 상세히 기술해 주시기 바랍니다 본인 수행한 활동 내용 소속 조직 활동에서 역할 활동 결과 대해 구체적 작성해주시기 바랍니다
1082,5,"지원자가 중부발전 및 지원분야 관심을 가지게 된 계기는 무엇이며, 이를 위해 그동안 어떤 노력을 했는지 기술해 주시기 바랍니다.",지원자 중부발전 지원분야 관심 가지게 계기 무엇 그동안 어떤 노력 했는지 기술해 주시기 바랍니다
1083,5,본인의 현대건설 지원동기를 작성하여 주시기 바랍니다. 본인이 경험하고 싶은 업무 중심으로 서술,본인 현대건설 지원동기 작성 주시기 바랍니다 본인 경험 업무 중심 서술
1084,5,본인이 지원한 사업분야/직무와 관련하여 보유한 직무역량에 대해 구체적으로 기술하여 주시기 바랍니다.,본인 지원한 사업분야직무 관련 보유한 직무역량 대해 구체적 기술 주시기 바랍니다
1085,5,도전정신 혹은 창의성을 발취하여 가치를 창출한 경험이 있으면 소개해 주시기 바랍니다.,도전정신 창의성 발취 가치 창출한 경험 있으면 소개해 주시기 바랍니다
1086,5,소속된 집단 내에서 소통과 협력을 통하여 조직 내 시너지를 이뤄낸 경험이 있으면 소개해 주시기 바랍니다.,소속된 집단 소통 협력 조직 시너지 이뤄낸 경험 있으면 소개해 주시기 바랍니다
1087,5,글로벌 기업인 현대건설은 해외근무가 필수적입니다. 성공적인 해외근무를 위하여 본인이 보유한 글로벌 역량 및 어려운 현장근무를 극복하기 위한 강점을 기술하여 주시기 바랍니다.,글로벌 기업인 현대건설 해외근무 필수적 성공적인 해외근무 본인 보유한 글로벌 역량 어려운 현장근무 극복하기 강점 기술 주시기 바랍니다
1088,5,지금까지의 경험 중 2인 이상이 모여 공동 작업을 진행했던 경험에 대해 작성해 주시기 바랍니다. 이 경험속에서 지원자의 역할과 협력과정을 작성해 주시기 바랍니다.,지금까지 경험 2인 이상 모여 공동 작업 진행했던 경험 대해 작성해 주시기 바랍니다 경험속 지원자 역할 협력과정 작성해 주시기 바랍니다
1089,5,창의적 사고/ 발상의 전환 혹은 창의적인 사고를 통해 문제를 해결하고 성과를 이룬 경험을 구체적으로 기술해 주시기 바랍니다. (1000자 이내),창의적 사고 발상 전환 창의적인 사고 문제 해결 성과 이룬 경험 구체적 기술해 주시기 바랍니다
1090,5,성공경험/ 지금까지 본인에게 가장 의미 있었던 성공 경험에 대해 구체적으로 기술해 주시기 바랍니다. (1000자 이내),성공경험 지금 본인 가장 의미 있었던 성공 경험 대해 구체적 기술해 주시기 바랍니다
1091,5,"지원 분야와 관련된 업무 경력 및 실적 등 경력사항이나 기타 경험 및 활동에 대하여 상세히 기술해 주시기 바랍니다. 경력사항의 경우, 채용 분야의 직무와 관련하여 기업 또는 조직에서 실제적으로 수행한 업무에 관하여 작성해 주십시오. 경험 및 활동의 경우, 산학, 팀 프로젝트, 연구회, 동아리/동호회, 재능기부 등 지원 분야와 관련하여 쌓은 경험에 관하여 작성해 주십시오.",지원 분야 관련된 업무 경력 실적 경력사항 기타 경험 활동 상세히 기술해 주시기 바랍니다 경력사항 경우 채용 분야 직무 관련 기업 조직 실제적 수행한 업무 작성해 경험 활동 경우 산학 프로젝트 연구회 동아리동호회 재능기부 지원 분야 관련 경험 작성해
1092,5,지원 분야와 관련된 업무경력 및 실적 등 경력사항이나 기타 경험 및 교육 활동에 대하여 상세히 기술하여 주시기 바랍니다. (1000자 이내),지원 분야 관련된 업무경력 실적 경력사항 기타 경험 교육 활동 상세히 기술 주시기 바랍니다
1093,5,"자신의 성장과정 및 개인특성, 장점에 대해 기술해 주시기 바랍니다. 성장 배경 및 대인관계, 과업수행과 관련한 본인의 특성을 기술하여 주시기 바랍니다.",자신 성장과정 개인특성 장점 대해 기술해 주시기 바랍니다 성장 배경 대인관계 과업수행 관련한 본인 특성 기술 주시기 바랍니다
1094,5,해당 직무에 지원하는 동기를 본인의 경험과 연계하여 기술해 주시기 바랍니다. 본인의 직무역량과 앞으로 당사에서 하고자 하는 업무를 중심으로 기술하여 주시기 바랍니다.,해당 직무 지원 동기 본인 경험 연계 기술해 주시기 바랍니다 본인 직무역량 당사 하고자 업무 중심 기술 주시기 바랍니다
1095,5,지원 분야에 맞춰 귀하가 Nielsen이 원하는 적임자임을 알 수 있는 내용과 Nielsen에서 성취하고 싶은 것에 대해 기술해 주시기 바랍니다.,지원 분야 맞춰 귀하 Nielsen 적임자임 내용 Nielsen 성취 대해 기술해 주시기 바랍니다
1096,5,자기주도적으로 목표를 설정하여 끝까지 완수해낸 경험을 작성해 주세요. ① 설정한 목표와 이유 ② 그 과정에서 본인이 수행한 역할 ③ 해당 경험에서 발생한 문제점 및 해결방안 ④ 해당 경험을 통해 얻은 점을 포함하여 작성해 주시기 바랍니다.,자기주도적 목표 설정 완수해낸 경험 작성해 설정한 목표 이유 과정 본인 수행한 역할 해당 경험 발생한 문제점 해결방안 해당 경험 포함 작성해 주시기 바랍니다
1097,5,"발상의 전환 혹은 창의적인 사고를 통해 문제를 해결하고 성과를 이룬 경험을 구체적으로 기술해 주시기 바랍니다. 추진목적, 진행 시 장애사항 및 극복 방법 등",발상 전환 창의적인 사고 문제 해결 성과 이룬 경험 구체적 기술해 주시기 바랍니다 추진목적 진행 장애사항 극복 방법
1098,5,"지금까지 본인에게 가장 의미 있었던 성공 경험에 대해 구체적으로 기술해 주시기 바랍니다. 추진목적, 진행 시 장애사항 및 극복 방법 등",지금 본인 가장 의미 있었던 성공 경험 대해 구체적 기술해 주시기 바랍니다 추진목적 진행 장애사항 극복 방법
1099,5,"직무능력소개 다양한 교육(학교, 직업, 기타교육 등 포함) 이수를 통한 역량 제고 노력 및 기타역량향상과 관련된 다양한 활동 * 금융 및 기타 업무수행 역량 제고 노력 및 활동 포함 1. 상기 내용을 참고하여 본인이 경험한 사항을 당사에 기여할 수 있는 내용을 중심으로 상세하게 기술하여 주시기 바랍니다. (1000자이내)",직무능력소개 다양한 교육 이수 역량 제고 노력 기타역량향상 관련된 다양한 활동 금융 기타 업무수행 역량 제고 노력 활동 포함 상기 내용 참고 본인 경험한 사항 당사 기여할 내용 중심 상세하게 기술 주시기 바랍니다
1100,5,상기 내용을 참고하여 본인이 가지고 있는 능력과 향후 발전방향에 대해서 자세하게 기술하여 주시기 바랍니다. (1000자이내),상기 내용 참고 본인 가지고 능력 향후 발전방향 자세하게 기술 주시기 바랍니다
1101,5,본인의 현대건설 지원동기를 작성하여 주시기 바랍니다. (1000자이내),본인 현대건설 지원동기 작성 주시기 바랍니다
1102,5,현대건설에 있어 개선 및 보완이 필요한 부분은 무엇인지 기술하여 주시기 바랍니다. (1000자이내),현대건설 있어 개선 보완 필요한 부분 무엇인지 기술 주시기 바랍니다
1103,5,본인이 지원한 사업분야/직무와 관련하여 보유한 직무역량에 대해 구체적으로 기술하여 주시기 바랍니다. (1000자이내),본인 지원한 사업분야직무 관련 보유한 직무역량 대해 구체적 기술 주시기 바랍니다
1104,5,도전정신 혹은 창의성을 발휘하여 가치를 창출한 경험이 있으면 소개해 주시기 바랍니다. (1000자이내),도전정신 창의성 발휘 가치 창출한 경험 있으면 소개해 주시기 바랍니다
1105,5,글로벌 기업인 현대건설은 해외근무가 필수적입니다. 성공적인 해외근무를 위하여 본인이 보유한 글로벌 역량 및 어려운 현장근무를 극복하기 위한 강점을 기술하여 주시기 바랍니다. (1000자이내),글로벌 기업인 현대건설 해외근무 필수적 성공적인 해외근무 본인 보유한 글로벌 역량 어려운 현장근무 극복하기 강점 기술 주시기 바랍니다
1106,5,"[ Made with IBM ] IBM의 성장사업인 Strategic imperatives인 CAMSS 중 하나의 솔루션을 선택하여, 고객에게 IBM에게 차별화된 Value를 전달하기 위한 전략을 기술하시기 바랍니다.",Made with IBM IBM 성장사업인 Strategic imperatives인 CAMSS 하나 솔루션 선택 고객 IBM 차별화된 Value 전달하기 전략 기술하시기 바랍니다
1107,5,"[경험기술서] 입사지원서에 기술한 경력 및 경험에 대해 상세히 기술해 주시기 바랍니다. 경험(직무관련 기타 활동)을 기술할 경우 구체적으로 본인이 수행한 활동 내용, 소속 조직이나 활동에서의 역할, 활동 결과에 대해 작성해주시기 바랍니다.",경험기술서 입사지원서 기술한 경력 경험 대해 상세히 기술해 주시기 바랍니다 경험 기술할 경우 구체적 본인 수행한 활동 내용 소속 조직 활동에서 역할 활동 결과 대해 작성해주시기 바랍니다
1108,5,한국 IBM이 본인에게 왜 최적의 회사인지 설명해주십시오. 나의 비전 및 직업관과 연계하여 작성하시기 바랍니다,한국 IBM 본인 최적 회사인지 설명해주 비전 직업관 연계 작성하시기 바랍니다
1109,5,"IBM의 성장사업인 Strategic imperatives인 CAMSS 중 하나의 솔루션을 선택하여, 고객에게 IBM에게 차별화된 Value를 전달하기 위한 전략을 기술하시기 바랍니다.",IBM 성장사업인 Strategic imperatives인 CAMSS 하나 솔루션 선택 고객 IBM 차별화된 Value 전달하기 전략 기술하시기 바랍니다
1110,5,"본인이 속한 조직 또는 팀의 목표를 이해하고 달성하기 위해 노력했던 경험과 그 과정에서 수행한 역할, 해당경험을 통해 얻은 것은 무엇인지 기술해 주시기 바랍니다.",본인 속한 조직 목표 이해 달성하기 노력했던 경험 과정 수행한 역할 해당경험 무엇인지 기술해 주시기 바랍니다
1111,5,새로운 문제에 대해 기존에 없던 혹은 이전과 다른 방식으로 문제를 해결했던 경험을 구체적인 사례로 기술해 주시기 바랍니다.,새로운 문제 대해 기존 없던 이전 다른 방식 문제 해결했던 경험 구체적인 사례 기술해 주시기 바랍니다
1112,5,"본인이 어떤 단체(조직, 동아리 등)에 소속되어 공동과업을 달성하는 과정에서 구성원들과 관계에서 발생했던 어려움은 무엇이었으며, 그 어려움을 극복하기 위해 어떠한 노력을 했는지 구체적인 사례로 기술해 주시기 바랍니다.",본인 어떤 단체 소속되어 공동과업 달성 과정 구성원들 관계 발생했던 어려움 무엇이었으며 어려움 극복하기 어떠한 노력 했는지 구체적인 사례 기술해 주시기 바랍니다
1113,5,"본인이 현실과 타협하거나 편법을 사용하지 않고, 원칙대로 일을 처리해서 좋은 결과를 이끌어 냈던 구체적인 사례를 기술해 주시기 바랍니다.",본인 현실 타협하거 편법 사용 원칙대 처리 결과 이끌어 냈던 구체적인 사례 기술해 주시기 바랍니다
1114,5,"자기주도적으로 목표를 설정하여 끝까지 완수해낸 경험을 작성해 주세요. ① 설정한 목표와 이유 ② 그 과정에서 본인이 수행한 역할 ③ 해당 경험에서 발생한 문제점 및 해결방안 ④ 해당 경험을 통해 얻은 점을 포함하여 작성해 주시기 바랍니다. [1,000자] 직무와 무관하여도 상관없습니다.)",자기주도적 목표 설정 완수해낸 경험 작성해 설정한 목표 이유 과정 본인 수행한 역할 해당 경험 발생한 문제점 해결방안 해당 경험 포함 작성해 주시기 바랍니다 1000자 직무 무관하여 상관없
1115,5,"자신을 잘 나타내는 한 단어를 제시하고, 그 이유를 구체적인 예를 들어 설명해 주시기 바랍니다. (1000자이내)",자신 나타내 단어 제시 이유 구체적인 들어 설명해 주시기 바랍니다
1116,5,"한샘은 '탁월함에 대한 도전'을 추구합니다. 자신이 생각하는 탁월함이란 무엇이며, 한샘에서 이를 어떻게 도전해 나갈 것인지 서술해 주시기 바랍니다. (1000자이내)",한샘 탁월함 도전 추구 자신 생각 탁월함이란 무엇 한샘 어떻게 도전해 나갈 것인지 서술해 주시기 바랍니다
1117,5,최근 사회이슈 중 중요하다고 생각되는 한 가지를 선택하고 이에 관한 자신의 견해를 기술해 주시기 바랍니다.(1000자),최근 사회이슈 중요하다고 생각되 가지 선택 자신 견해 기술해 주시기 바랍니다
1118,5,"자신을 잘 나타내는 한 단어를 제시하고, 그 이유를 구체적인 예를 들어 설명해 주시기 바랍니다. [500자]",자신 나타내 단어 제시 이유 구체적인 들어 설명해 주시기 바랍니다 500자
1119,5,"한샘은 '탁월함에 대한 도전'을 추구합니다. 자신이 생각하는 탁월함이란 무엇이며, 한샘에서 이를 어떻게 도전해 나갈 것인지 서술해 주시기 바랍니다. [500자]",한샘 탁월함 도전 추구 자신 생각 탁월함이란 무엇 한샘 어떻게 도전해 나갈 것인지 서술해 주시기 바랍니다 500자
1120,5,"[정직 소신력 및 조직이해] 한국지역난방공사의 핵심가치는 “도전, 열정, 상생”입니다. 본인의 지식과 경험에 기반하여 기술하여 주시기 바랍니다.",정직 소신력 조직이해 한국지역난방공사 핵심가치 도전 열정 상생 본인 지식 경험 기반 기술 주시기 바랍니다
1121,5,[정직소신력 및 직업윤리] 최근 5년간 자신이 속한 조직 내에서 자신의 가치관과 조직의 가치관이 충돌한 경험에 대하여 기술하여 주시기 바랍니다.,정직소신력 직업윤리 최근 5년간 자신 속한 조직 자신 가치관 조직 가치관 충돌한 경험 기술 주시기 바랍니다
1122,5,최근 사회이슈 중 중요하다고 생각되는 한 가지를 선택하고 이에 관한 자신의 견해를 기술해 주시기 바랍니다.(1000자 이내),최근 사회이슈 중요하다고 생각되 가지 선택 자신 견해 기술해 주시기 바랍니다
1123,5,"SPC 그룹에 지원한 동기는 무엇이며, 입사 후 어떻게 성장 및 발전해 나갈 것인지를 기술하여 주시기 바랍니다. [ 400자 이상 2000자 이내 ]",SPC 그룹 지원한 동기 무엇 입사 어떻게 성장 발전해 나갈 것인지 기술 주시기 바랍니다
1124,5,"한국지역난방공사의 핵심가치는 ‘도전, 열정, 상생’입니다. 본인의 지식과 경험에 기반하여 기술하여 주시기 바랍니다.",한국지역난방공사 핵심가치 도전 열정 상생 본인 지식 경험 기반 기술 주시기 바랍니다
1125,5,최근 5년간 자신이 속한 조직 내에서 구성원 간의 갈등이 발생하였을 때 본인의 역할로 갈등을 해결한 경험에 대해 기술하여 주시기 바랍니다.,최근 5년간 자신 속한 조직 구성원 갈등 발생하였 본인 역할 갈등 해결한 경험 대해 기술 주시기 바랍니다
1126,5,"언제, 어떤 계기를 통해 대우건설(or 건설업)에 관심을 갖게 되었으며, 이후 대우건설(or 건설업)에 대한 이해도를 높이기 위해 구체적으로 어떤 노력을 해 왔는지 작성해 주시기 바랍니다. [700자 이내]",언제 어떤 계기 대우건설 관심 갖게 되었으며 이후 대우건설 이해도 높이기 구체적 어떤 노력 왔는지 작성해 주시기 바랍니다
1127,5,"인턴, 아르바이트 등 경제(사회)활동 중 어려움을 겪었던 사례를 제시하고, 그것을 어떻게 극복하였으며, 과정에서 느낀 점이 무엇인지 구체적으로 작성해 주시기 바랍니다. [700자 이내]",인턴 아르바이트 경제사회활동 어려움 겪었던 사례 제시 그것 어떻게 극복하였으며 과정 느낀 무엇인지 구체적 작성해 주시기 바랍니다
1128,5,"한국지역난방공사의 핵심가치는 “도전, 열정, 상생”입니다. 본인의 지식과 경험에 기반 하여 기술하여 주시기 바랍니다.",한국지역난방공사 핵심가치 도전 열정 상생 본인 지식 경험 기술 주시기 바랍니다
1129,5,"오리온에 입사하기 위해서 준비한 지식이나 스킬, 또는 경험을 기술해 주시기 바랍니다. 구체적으로 어느 분야에서 어떤 전문가로 활동하고 싶은지 설명해 주시기 바랍니다. [ 300자 이상 700자 이내 ]",오리온 입사하기 준비한 지식 스킬 경험 기술해 주시기 바랍니다 구체적 어느 분야 어떤 전문가 활동 싶은지 설명해 주시기 바랍니다
1130,5,최근에 이룬 업적 중에서 가장 열정적으로 에너지를 기울였던 경험에 대해서 구체적으로 기술해 주시기 바랍니다. [ 300자 이상 700자 이내 ],최근 이룬 업적 가장 열정적 에너지 기울였던 경험 구체적 기술해 주시기 바랍니다
1131,5,우리 회사에 지원한 동기와 지원자를 선발해야 하는 이유에 대해 기술해 주시기 바랍니다.,우리 회사 지원한 동기 지원자 선발 이유 대해 기술해 주시기 바랍니다
1132,5,최근 3년 내 겪었던 가장 어려웠던 상황에서 문제를 효과적으로 해결했던 경험에 대해 구체적으로 기술해 주시기 바랍니다.,최근 3년 겪었던 가장 어려웠던 상황 문제 효과적 해결했던 경험 대해 구체적 기술해 주시기 바랍니다
1133,5,"우리 회사에 지원한 동기(관심을 가지게 된 계기, 시기 등)와 지원자를 선발해야 하는 이유에 대해 기술해 주시기 바랍니다.",우리 회사 지원한 동기 지원자 선발 이유 대해 기술해 주시기 바랍니다
1134,5,지원분야에 대한 지원자 본인의 직무전문성을 가장 잘 보여주는 사례를 구체적으로 기술해 주시기 바랍니다.,지원분야 지원자 본인 직무전문성 가장 보여주 사례 구체적 기술해 주시기 바랍니다
1135,5,해당회사 및 직무에 지원하는 동기에 대해 기술해 주시기 바랍니다. [100자~1000자],해당회사 직무 지원 동기 대해 기술해 주시기 바랍니다 100자1000자
1136,5,도전적인 목표를 정하고 열정적으로 일을 추진했던 경험을 구체적으로 기술해 주시기 바랍니다. [100자~500자],도전적인 목표 열정적 추진했던 경험 구체적 기술해 주시기 바랍니다 100자500자
1137,5,"귀하가 SK텔링크의 비즈니스와 조직에 대한 모든 책임을 가진 CEO라고 가정하고, CEO로서 임직원들에게 제시할 경영방침을 3가지 들고 그 이유를 구체적으로 설명해 주시기 바랍니다.",귀하 SK텔링크 비즈니스 조직 모든 책임 가진 CEO라고 가정 CEO로서 임직원들 제시할 경영방침 3가지 들고 이유 구체적 설명해 주시기 바랍니다
1138,5,기존과는 다른 방식을 시도하여 이전에 비해 개선했던 경험에 대해 구체적으로 작성해 주시기 바랍니다.,기존과 다른 방식 시도 이전 비해 개선했던 경험 대해 구체적 작성해 주시기 바랍니다
1139,5,"상단에 입력한 경험에 대해 상세히 기술해 주시기 바랍니다. 구체적으로 본인이 수행한 활동 내용, 소속 조직이나 활동에서의 역할, 활동 결과에 대해 작성해주시기 바랍니다.(300자 이내)",상단 입력한 경험 대해 상세히 기술해 주시기 바랍니다 구체적 본인 수행한 활동 내용 소속 조직 활동에서 역할 활동 결과 대해 작성해주시기 바랍니다
1140,5,나와 다른 생각이나 성향을 가진 사람과 함께 어려움이나 갈등상황을 해결하며 공동의 목표를 달성했던 경험에 대해 기술해 주시기 바랍니다.,다른 생각 성향 가진 사람 어려움 갈등상황 해결 공동 목표 달성했던 경험 대해 기술해 주시기 바랍니다
1141,5,"지원자가 중부발전 및 지원분야 관심을 가지게 된 계기는 무엇이며, 이를 위해 그 동안 어떤 노력을 했는지 기술해 주시기 바랍니다. (300~500자)",지원자 중부발전 지원분야 관심 가지게 계기 무엇 동안 어떤 노력 했는지 기술해 주시기 바랍니다
1142,5,지원자 본인이 불확실한 결과를 두려워하지 않고 열정적으로 노력하는 사람임을 가장 잘 나타내는 최근 5년 이내의 사례를 기술해 주시기 바랍니다. (300~500자),지원자 본인 불확실한 결과 두려워 열정적 노력 사람임 가장 나타내 최근 5년 이내 사례 기술해 주시기 바랍니다
1143,5,"지원자 본인이 현실과 타협하거나 편법을 사용하지 않고, 원칙대로 일을 처리하는 사람임을 가장 잘 나타내는 최근 5년 이내의 사례를 기술해 주시기 바랍니다. (300~500자)",지원자 본인 현실 타협하거 편법 사용 원칙대 처리 사람임 가장 나타내 최근 5년 이내 사례 기술해 주시기 바랍니다
1144,5,지원자 본인이 자신의 지원분야에 대한 전문성을 향상시키기 위해 꾸준히 노력하는 사람임을 가장 잘 나타내는 최근 5년 이내의 사례를 기술해 주시기 바랍니다. (300~500자),지원자 본인 자신 지원분야 전문성 향상시키기 꾸준히 노력 사람임 가장 나타내 최근 5년 이내 사례 기술해 주시기 바랍니다
1145,5,지원자 본인이 자신의 소속 집단뿐만 아니라 주변 사람/집단까지 고려하고 배려하는 사람임을 가장 잘 나타내는 최근 5년 이내의 사례를 기술해 주시기 바랍니다. (300~500자),지원자 본인 자신 소속 집단뿐 아니라 주변 사람집단 고려 배려 사람임 가장 나타내 최근 5년 이내 사례 기술해 주시기 바랍니다
1146,5,"한국지역난방공사의 핵심가치는 “도전, 열정, 상생”입니다. 본인의 지식과 경험에 기반하여 기술하여 주시기 바랍니다.",한국지역난방공사 핵심가치 도전 열정 상생 본인 지식 경험 기반 기술 주시기 바랍니다
1147,5,나와 다른 생각이나 성향을 가진 사람과 함께 어려움이나 갈등상황을 해결하며 공동의 목표를 달성했던 경험에 대해 기술해 주시기 바랍니다 [500자 이내 ],다른 생각 성향 가진 사람 어려움 갈등상황 해결 공동 목표 달성했던 경험 대해 기술해 주시기 바랍니다
1148,5,현재 자신을 형성하는 데 큰 영향을 준 일을 포함하여 성장과정을 기술해 주시기 바랍니다.,현재 자신 형성 영향 포함 성장과정 기술해 주시기 바랍니다
1149,5,"해외영업직을 효과적으로 수행하기 위해 필요한 역량 또는 덕목은 무엇이며, 이를 바탕으로 본인이 가진 강점과 보완점을 기술해 주시기 바랍니다.",해외영업직 효과적 수행하기 필요한 역량 덕목 무엇 바탕 본인 가진 강점 보완점 기술해 주시기 바랍니다
1150,5,"GS글로벌은 `혁신`, `돌파`, `배려`라는 3가지의 핵심가치를 가지고 있습니다. 이중 한가지를 선택하여 중요성을 설명하고, 입사 후 어떻게 그 가치를 실현할 수 있을지에 대해 기술해 주시기 바랍니다.",GS글로벌 혁신 돌파 배려라 3가지 핵심가치 가지고 이중 한가지 선택 중요성 설명 입사 어떻게 가치 실현할 있을지 대해 기술해 주시기 바랍니다
1151,5,입사 이후 자신의 커리어와 삶을 어떻게 지속적으로 발전시킬지에 대해 기술해 주시기 바랍니다.,입사 이후 자신 커리어 어떻게 지속적 발전시킬지 대해 기술해 주시기 바랍니다
1152,5,"입사지원서에 입력한 직무관련 기타 활동에 대해 기술해 주시기 바랍니다. 구체적인 활동 내용, 본인의 역할, 활동 결과 등에 대해 800자 이내로 작성해 주시기 바랍니다",입사지원서 입력한 직무 기타 활동 대해 기술해 주시기 바랍니다 구체적인 활동 내용 본인 역할 활동 대해 작성해 주시기 바랍니다
1153,5,최근 본인이 심적·체력적·환경적으로 한계에 부딪혔던 상황에 대해 생각해 보시기 바랍니다.,최근 본인 심적체력적환경적 한계 부딪혔던 상황 대해 생각해 보시기 바랍니다
1154,5,"SPC 그룹에 지원한 동기는 무엇이며, 입사 후 어떻게 성장 및 발전해 나갈 것인지를 기술하여 주시기 바랍니다. [400자 이상2000자 이내]",SPC 그룹 지원한 동기 무엇 입사 어떻게 성장 발전해 나갈 것인지 기술 주시기 바랍니다
1155,5,"100세 시대를 맞이하여 노후준비에 대한 중요성이 강조되고 있습니다. 특히, 국민연금은 노후를 대비하는 가장 중요한 수단으로 젊을 때부터 차곡차곡 준비해 나가야 합니다. 국민연금 제도가 가지는 특징 등을 고려하여 제도의 필요성에 대한 자신의 생각을 기술해 주시기 바랍니다. [500자~700자]",100세 시대 맞이 노후준비 중요성 강조되고 특히 국민연금 노후 대비 가장 중요한 수단 차곡차곡 준비해 나가야 국민연금 제도 가지 특징 고려 제도 필요성 자신 생각 기술해 주시기 바랍니다 500자700자
1156,5,학교 또는 회사와 같은 조직생활 중 공동의 목표 달성을 위한 과정에서 발생한 어려움을 극복하기 위해 구성원들과 적극적으로 소통하고 협력하여 문제를 해결했던 최근의 본인 경험에 대하여 구체적으로 기술해 주시기 바랍니다. [500자~700자],학교 회사 조직생활 공동 목표 달성 과정 발생한 어려움 극복하기 구성원들 적극적 소통 협력 문제 해결했던 최근 본인 경험 구체적 기술해 주시기 바랍니다 500자700자
1157,5,우리 공단에 지원한 동기 및 지원 분야의 직무 수행과 관련하여 자신의 전문성 향상을 위해 어떤 노력을 했는지 구체적으로 기술해 주시기 바랍니다. [500자~700자],우리 공단 지원한 동기 지원 분야 직무 수행 관련 자신 전문성 향상 어떤 노력 했는지 구체적 기술해 주시기 바랍니다 500자700자
1158,5,"예상치 못했던 일이 발생하여 계획대로 진행되지 않았을 때, 책임감을 가지고 끝까지 수행하여 타인으로부터 신뢰를 얻었던 경험이 있다면 구체적으로 기술해 주시기 바랍니다.",예상치 못했던 발생 계획대 진행되지 않았 책임감 가지고 수행 타인으로 신뢰 얻었던 경험 있다면 구체적 기술해 주시기 바랍니다
1159,5,학교 또는 회사와 같은 조직생활에서 팀이나 그룹의 구성원으로서 다양한 구성원들과 함께 원활한 의사소통을 통해 목표한 바를 성취했던 경험이 있다면 구체적으로 기술해 주시기 바랍니다.,학교 회사 조직생활 그룹 구성원으로서 다양한 구성원들 원활한 의사소통 목표한 성취했던 경험 있다면 구체적 기술해 주시기 바랍니다
1160,5,우리 공단에 입사 지원한 동기 및 입사 후 자신이 가진 역량을 바탕으로 이루고자 하는 목표와 그 목표를 성취하기 위해 어떤 노력을 해나갈지 구체적으로 기술해 주시기 바랍니다.,우리 공단 입사 지원한 동기 입사 자신 가진 역량 바탕 이루고자 목표 목표 성취하기 어떤 노력 해나갈지 구체적 기술해 주시기 바랍니다
1161,5,자신의 행복을 위해 했던 노력이 주변 타인을 함께 행복하게 했던 경험이 있다면 구체적으로 기술해 주시기 바랍니다.,자신 행복 했던 노력 주변 타인 행복하게 했던 경험 있다면 구체적 기술해 주시기 바랍니다
1162,5,도전적인 목표를 정하고 열정적으로 일을 추진했던 경험을 구체적으로 기술해 주시기 바랍니다. ( 100~500자),도전적인 목표 열정적 추진했던 경험 구체적 기술해 주시기 바랍니다
1163,5,본인 성격의 장점과 단점을 기재하여 주시기 바랍니다. (1000자),본인 성격 장점 단점 기재 주시기 바랍니다
1164,5,"현대글로비스에 지원한 동기는 무엇이며, 왜 본인에게 최적의 회사인지 가치관 및 직업관과 연계하여 상세히 기술하여 주시기 바랍니다(700자 이내)",현대글로비스 지원한 동기 무엇 본인 최적 회사인지 가치관 직업관 연계 상세히 기술 주시기 바랍니다
1165,5,"[정직소신력 및 조직이해] 한국지역난방공사의 핵심가치는 “도전, 열정, 상생”입니다. 본인의 지식과 경험에 기반하여 기술하여 주시기 바랍니다.",정직소신력 조직이해 한국지역난방공사 핵심가치 도전 열정 상생 본인 지식 경험 기반 기술 주시기 바랍니다
1166,5,사지원서에 기술한 경력 및 경험에 대해 상세히 기술해 주시기 바랍니다.,사지원서 기술한 경력 경험 대해 상세히 기술해 주시기 바랍니다
1167,5,"오리온에 입사하기 위해서 준비한 지식이나 스킬, 또는 경험을 기술해 주시기 바랍니다. 구체적으로 어느 분야에서 어떤 전문가로 활동하고 싶은지 설명해 주시기 바랍니다.[500자]",오리온 입사하기 준비한 지식 스킬 경험 기술해 주시기 바랍니다 구체적 어느 분야 어떤 전문가 활동 싶은지 설명해 주시기 바랍니다500자
1168,5,"다른 사람들과 함께 목표를 달성하기 위해 노력했던 경험에 대해 구체적으로 기술해 주시기 바랍니다.(예:학과, 동아리, 프로젝트 등)[500자]",다른 사람들 목표 달성하기 노력했던 경험 대해 구체적 기술해 주시기 바랍니다 500자
1169,5,최근에 이룬 업적 중에서 가장 열정적으로 에너지를 기울였던 경험에 대해서 구체적으로 기술해 주시기 바랍니다.[500자],최근 이룬 업적 가장 열정적 에너지 기울였던 경험 구체적 기술해 주시기 바랍니다500자
1170,5,새로운 아이디어를 제시하고 이를 실현하기 위해 노력했던 사례에 대해 구체적으로 기술해 주시기 바랍니다.[500자],새로운 아이디어 제시 실현하기 노력했던 사례 대해 구체적 기술해 주시기 바랍니다500자
1171,5,입사 지원 기업을 선택하는 본인의 기준은 무엇인지 기술해 주시기 바랍니다. 오리온이 그러한 기준에 어떻게 부합하는지 기술해 주시기 바랍니다.[500자],입사 지원 기업 선택 본인 기준 무엇인지 기술해 주시기 바랍니다 오리온 그러한 기준 어떻게 부합하는지 기술해 주시기 바랍니다500자
1172,5,입사지원서에 기술한 경력 및 경험에 대해 상세히 기술해 주시기 바랍니다.,입사지원서 기술한 경력 경험 대해 상세히 기술해 주시기 바랍니다
1173,5,"지원자가 중부발전 및 지원분야 관심을 가지게 된 계기는 무엇이며, 이를 위해 그 동안 어떤 노력을 했는지 기술해 주시기 바랍니다. (500자)",지원자 중부발전 지원분야 관심 가지게 계기 무엇 동안 어떤 노력 했는지 기술해 주시기 바랍니다 500자
1174,5,지원자 본인이 불확실한 결과를 두려워하지 않고 열정적으로 노력하는 사람임을 가장 잘 나타내는 최근 5년 이내의 사례를 기술해 주시기 바랍니다. (500자),지원자 본인 불확실한 결과 두려워 열정적 노력 사람임 가장 나타내 최근 5년 이내 사례 기술해 주시기 바랍니다 500자
1175,5,"지원자 본인이 현실과 타협하거나 편법을 사용하지 않고, 원칙대로 일을 처리하는 사람임을 가장 잘 나타내는 최근 5년 이내의 사례를 기술해 주시기 바랍니다. (500자)",지원자 본인 현실 타협하거 편법 사용 원칙대 처리 사람임 가장 나타내 최근 5년 이내 사례 기술해 주시기 바랍니다 500자
1176,5,지원자 본인이 자신의 지원분야에 대한 전문성을 향상시키기 위해 꾸준히 노력하는 사람임을 가장 잘 나타내는 최근 5년 이내의 사례를 기술해 주시기 바랍니다. (500자),지원자 본인 자신 지원분야 전문성 향상시키기 꾸준히 노력 사람임 가장 나타내 최근 5년 이내 사례 기술해 주시기 바랍니다 500자
1177,5,지원자 본인이 자신의 소속 집단뿐만 아니라 주변 사람/집단까지 고려하고 배려하는 사람임을 가장 잘 나타내는 최근 5년 이내의 사례를 기술해 주시기 바랍니다. (500자),지원자 본인 자신 소속 집단뿐 아니라 주변 사람집단 고려 배려 사람임 가장 나타내 최근 5년 이내 사례 기술해 주시기 바랍니다 500자
1178,5,"인턴십을 지원한 이유와 필요한 역량을 갖추기 위해 지금까지 어떠한 노력을 해왔는지 구체적으로 서술하여 주시고, 그 경험들이 앞으로 회사와 본인의 발전에 어떻게 기여할 것이라고 생각하는지 기술하여 주시기 바랍니다.",인턴십 지원한 이유 필요한 역량 갖추기 지금 어떠한 노력 해왔는지 구체적 서술 주시고 경험들 회사 본인 발전 어떻게 기여할 것이라고 생각하는지 기술 주시기 바랍니다
1179,5,"하나금융그룹의 핵심가치를 연관하여, `열정을 갖고 몰입하여 성공했던 경험`과 `가장 힘들었던 경험 및 이를 극복해 나간 과정`에 대해 약술하고, 이를 통해 얻은 교훈은 무엇인지 기술하여 주시기 바랍니다.",하나금융그룹 핵심가치 연관 열정 갖고 몰입 성공했던 경험 가장 힘들었던 경험 극복해 나간 과정 대해 약술 교훈 무엇인지 기술 주시기 바랍니다
1180,5,인턴프로그램을 통해 본인이 얻고자 하는 것은 무엇인지 기술하여 주시기 바랍니다.,인턴프로그램 본인 얻고자 무엇인지 기술 주시기 바랍니다
1181,5,그 외 본인의 장점 및 인턴지원 시 어필하고 싶은 내용을 자유롭게 기술하여 주시기 바랍니다.,본인 장점 인턴지원 어필 내용 자유롭게 기술 주시기 바랍니다
1182,5,지원 분야에 대한 지원자 본인의 직무전문성을 가장 잘 보여주는 사례를 구체적으로 기술해 주시기 바랍니다.,지원 분야 지원자 본인 직무전문성 가장 보여주 사례 구체적 기술해 주시기 바랍니다
1183,5,"스터디 그룹, 학과, 동아리, 회사부서와 같은 조직 내에서 팀원과 공동의 목표를 달성하기 위해 협력했던 경험에 대해 기술해 주시기 바랍니다.",스터디 그룹 동아리 회사부서 조직 팀원 공동 목표 달성하기 협력했던 경험 대해 기술해 주시기 바랍니다
1184,5,최근 사회이슈 중 중요하다고 생각되는 한가지를 선택하고 이에관한 자신의 견해를 기술해 주시기 바랍니다.(1000자 이내),최근 사회이슈 중요하다고 생각되 한가지 선택 이에 자신 견해 기술해 주시기 바랍니다
1185,5,"[경험기술서] 입사지원서에 기술한 직무관련 기타 활동에 대해 상세히 기술해 주시기 바랍니다. 구체적으로 본인이 수행한 활동 내용, 소속 조직이나 활동에서의 역할, 활동 결과에 대해 작성해주시기 바랍니다. [600자]",경험기술서 입사지원서 기술한 직무 기타 활동 대해 상세히 기술해 주시기 바랍니다 구체적 본인 수행한 활동 내용 소속 조직 활동에서 역할 활동 결과 대해 작성해주시기 바랍니다 600자
1186,5,"[경력기술서] 입사지원서에 기술한 경력 사항에 대해 상세히 기술해 주시기 바랍니다. 구체적으로 직무영역, 활동/경험/수행 내용, 본인의 역할 및 구체적 행동, 주요 성과에 대해 작성해주시기 바랍니다. [600자]",경력기술서 입사지원서 기술한 경력 사항 대해 상세히 기술해 주시기 바랍니다 구체적 직무영역 활동경험수행 내용 본인 역할 구체적 행동 주요 성과 대해 작성해주시기 바랍니다 600자
1187,5,"직무관련 기타활동 기술서ㆍ입사지원서에 기술한 직무관련 기타 활동에 대해 상세히 기술해 주시기 바랍니다. 구체적으로 본인이 수행한 활동 내용, 소속 조직이나 활동에서의 역할, 활동 결과에 대해 작성해 주시기 바랍니다.(1000자 이내)",직무 기타활동 기술서입사지원서 기술한 직무 기타 활동 대해 상세히 기술해 주시기 바랍니다 구체적 본인 수행한 활동 내용 소속 조직 활동에서 역할 활동 결과 대해 작성해 주시기 바랍니다
1188,5,"석사(혹은 박사)학위과정에서 이수한 과목 중 지원하신 직무와 관련된 과목을 기술하여주시기 바라며, 당시 사용했던 실험기기(실험 skill)에 대해 기술하여 주시기 바랍니다.",석사 학위과정 이수한 과목 지원하신 직무 관련된 과목 기술하여주시기 바라며 당시 사용했던 실험기기 대해 기술 주시기 바랍니다
1189,5,당사에 지원하게 된 동기 및 자신의 vision을 기술해 주시기 바랍니다.,당사 지원하게 동기 자신 vision 기술해 주시기 바랍니다
1190,5,본인의 고객이라면 누구를 말하고 고객만족을 위해 어떻게 행동하는지를 기술해 주시기 바랍니다.,본인 고객이라면 누구 고객만족 어떻게 행동하는지 기술해 주시기 바랍니다
1191,5,프로정신을 발휘하여 성과를 냈던 에피소드에 대해 기술해 주시기 바랍니다.,프로정신 발휘 성과 냈던 에피소드 대해 기술해 주시기 바랍니다
1192,5,팀웍을 발휘하여 성과를 냈던 에피소드에 대해 기술해 주시기 바랍니다.,팀웍 발휘 성과 냈던 에피소드 대해 기술해 주시기 바랍니다
1193,5,창의성을 발휘하여 성과를 냈던 에피소드에 대해 기술해 주시기 바랍니다.,창의성 발휘 성과 냈던 에피소드 대해 기술해 주시기 바랍니다
1194,5,발상의 전환 혹은 창의적인 사고를 통해 문제를 해결하고 성과를 이룬 경험을 구체적으로 기술해 주시기 바랍니다.,발상 전환 창의적인 사고 문제 해결 성과 이룬 경험 구체적 기술해 주시기 바랍니다
1195,5,지금까지 본인에게 가장 의미 있었던 성공 경험에 대해 구체적으로 기술해 주시기 바랍니다.,지금 본인 가장 의미 있었던 성공 경험 대해 구체적 기술해 주시기 바랍니다
1196,5,현대모비스에 지원하게 된 동기를 기재해 주시기 바랍니다.(1000자 이내),현대모비스 지원하게 동기 기재해 주시기 바랍니다
1197,5,"타인과 구별되는 자신만의 경쟁력을 한 가지 고르고, 이를 잘 표현할 수 있는 사례를 중심으로 기재해 주시기 바랍니다.(1000자 이내)",타인 구별되 자신만 경쟁력 가지 고르고 표현할 사례 중심 기재해 주시기 바랍니다
1198,5,"희망 직무와 연관된 본인의 비전 및 목표를 설명하고, 이를 달성하기 위한 계획을 구체적으로 기재해 주시기 바랍니다.(1000자 이내)",희망 직무 연관된 본인 비전 목표 설명 달성하기 계획 구체적 기재해 주시기 바랍니다
1199,5,"경험기술서 (600자 이내) * 입사지원서에 기술한 직무관련 기타 활동에 대해 상세히 기술해 주시기 바랍니다. * 구체적으로 본인이 수행한 활동 내용, 소속 조직이나 활동에서의 역할, 활동 결과에 대해 작성해주시기 바랍니다.",경험기술서 입사지원서 기술한 직무 기타 활동 대해 상세히 기술해 주시기 바랍니다 구체적 본인 수행한 활동 내용 소속 조직 활동에서 역할 활동 결과 대해 작성해주시기 바랍니다
1200,5,자기 자신을 진솔하게 소개하여 주시기 바랍니다. [700자 이내],자기 자신 진솔하게 소개 주시기 바랍니다
1201,5,KDB대우증권을 선택한 이유와 당사가 추구하는 `독보적 PB 하우스`에 자신이 기여할 방안에 대하여 서술해 주시기 바랍니다.,KDB대우증권 선택한 이유 당사 추구 독보적 PB 하우스 자신 기여할 방안 서술해 주시기 바랍니다
1202,5,"PB가 가져야할 역량 중 본인의 강점은 무엇이며 그 역량을 갖추기 위한 구체적인 노력, 경험에 대하여 서술해 주시기 바랍니다",PB 가져야할 역량 본인 강점 무엇 역량 갖추기 구체적인 노력 경험 서술해 주시기 바랍니다
1203,5,진정한 리더란 무엇이라고 생각하는지 자신의 경험을 토대로 서술해 주시기 바랍니다.,진정한 리더란 무엇이라고 생각하는지 자신 경험 토대 서술해 주시기 바랍니다
1204,5,인생에서 가장 열정을 쏟았던 경험에 대해 쓰고 그 경험을 통해 성취한 바를 서술해 주시기 바랍니다.,인생 가장 열정 쏟았던 경험 대해 쓰고 경험 성취한 서술해 주시기 바랍니다
1205,5,자신에게 주어졌던 일 중 가장 어려웠던 일은 무엇이며 그것을 극복하기 위해 기울였던 노력에 대하여 서술해 주시기 바랍니다,자신 주어졌던 가장 어려웠던 무엇 그것 극복하기 기울였던 노력 서술해 주시기 바랍니다
1206,5,해당직무를 지원한 동기와 그 직무를 수행하기 위한 본인만의 차별화된 역량을 기술해 주시기 바랍니다. (1000자),해당직무 지원한 동기 직무 수행하기 본인만 차별화된 역량 기술해 주시기 바랍니다
1207,5,발상의 전환 혹은 창의적인 사고를 통해 문제를 해결하고 성과를 이룬 경험을 구체적으로 기술해 주시기 바랍니다. (700자),발상 전환 창의적인 사고 문제 해결 성과 이룬 경험 구체적 기술해 주시기 바랍니다 700자
1208,5,지금까지 본인에게 가장 의미 있었던 성공 경험에 대해 구체적으로 기술해 주시기 바랍니다. (700자),지금 본인 가장 의미 있었던 성공 경험 대해 구체적 기술해 주시기 바랍니다 700자
1209,5,"본인의 강점과 약점을 언급해주시고, 그 강점이 앞으로 모비스 및 본인의 발전에 어떻게 기여할 수 있는지를 서술해 주시기 바랍니다. (최소 500자 최대 1000자)",본인 강점 약점 언급해주시고 강점 모비스 본인 발전 어떻게 기여할 있는지 서술해 주시기 바랍니다
1210,5,성장과정을 기술하여 주시기 바랍니다. (400자),성장과정 기술 주시기 바랍니다 400자
1211,5,"언제, 어떤 계기를 통해 대우건설(or 건설업)에 관심을 갖게 되었으며, 이후 대우건설(or 건설업)에 대한 이해도를 높이기 위해 구체적으로 어떤 노력을 해왔는지 작성해 주시기 바랍니다. [700자]",언제 어떤 계기 대우건설 관심 갖게 되었으며 이후 대우건설 이해도 높이기 구체적 어떤 노력 해왔는지 작성해 주시기 바랍니다 700자
1212,5,"인턴, 아르바이트 등 경제(사회)활동 중 어려움을 겪었던 사례를 제시하고, 그것을 어떻게 극복하였으며, 과정에서 느낀 점이 무엇인지 구체적으로 작성해 주시기 바랍니다. [700자]",인턴 아르바이트 경제사회활동 어려움 겪었던 사례 제시 그것 어떻게 극복하였으며 과정 느낀 무엇인지 구체적 작성해 주시기 바랍니다 700자
1213,5,"당사가 운영하고 있는 해외현장 중 한 곳으로 배치 받는다면 어느 현장(국가)를 희망하며 이유는 무엇인지, 본인이 그곳에 적응하기 위해 필요한 역량들을 어떻게 갖추고 있는지를 객관적 증거를 들어 작성해 주시기 바랍니다. [700자]",당사 운영 해외현장 배치 받는다면 어느 현장국가 희망 이유 무엇인지 본인 그곳 적응하기 필요한 역량들 어떻게 갖추고 있는지 객관적 증거 들어 작성해 주시기 바랍니다 700자
1214,5,"경험기술서 · 입사지원서에 입력한 직무관련 기타 활동에 대해 기술해 주시기 바랍니다. · 구체적인 활동 내용, 본인의 역할, 활동 결과 등에 대해 800자 이내로 작성해 주시기 바랍니다.",경험기술서 입사지원서 입력한 직무 기타 활동 대해 기술해 주시기 바랍니다 구체적인 활동 내용 본인 역할 활동 대해 작성해 주시기 바랍니다
1215,5,[My Story] 지원자에 대해 알고 싶습니다. 본인 스스로 묻고 답해주시기 바랍니다.(3000자 이내),My Story 지원자 대해 알고 본인 스스 묻고 답해주시기 바랍니다
1216,5,"< IT/정보보호 >본인이 평소 IT 분야에서 가장 관심을 갖고 있던 부분과 그 이유는 무엇입니까?또한, 본인이 보유한 IT 역량에 대하여 기술하여 주시기 바랍니다.(3000자이내)",IT정보보호 본인 평소 IT 분야 가장 관심 갖고 있던 부분 이유 무엇입니까또한 본인 보유한 IT 역량 기술 주시기 바랍니다
1217,5,현대해상 직원으로서 갖추어야 할 각 역량의 정의 및 중점사항을 참고하여 본인의 경험 사례를 작성해 주시기 바랍니다. (800자),현대해상 직원으로서 갖추어야 역량 중점사항 참고 본인 경험 사례 작성해 주시기 바랍니다 800자
1218,5,"오리온에 입사하기 위해서 준비한 지식이나 스킬, 또는 경험을 기술해 주시기 바랍니다. 구체적으로 어느 분야에서 어떤 전문가로 활동하고 싶은지 설명해 주시기 바랍니다. [ 300자 이상 700자 이내]",오리온 입사하기 준비한 지식 스킬 경험 기술해 주시기 바랍니다 구체적 어느 분야 어떤 전문가 활동 싶은지 설명해 주시기 바랍니다
1219,5,"인생에서 가장 열정을 쏟았던 경험에 대해 서술하고, 그 경험을 통해 성취한 바를 서술해 주시기 바랍니다.",인생 가장 열정 쏟았던 경험 대해 서술 경험 성취한 서술해 주시기 바랍니다
1220,5,"지원자 본인이, 자신의 소속 집단뿐만 아니라 주변 사람/집단까지 고려하고 배려하는 사람임을 가장 잘 나타내는 최근 5년 이내의 사례를 기술해 주시기 바랍니다",지원자 본인 자신 소속 집단뿐 아니라 주변 사람집단 고려 배려 사람임 가장 나타내 최근 5년 이내 사례 기술해 주시기 바랍니다
1221,5,기존과는 다른 방식을 시도하여 이전에 비해 개선했던 경험에 대해 구체적으로 작성해 주시기 바랍니다. (1000 자 10 단락 이내),기존과 다른 방식 시도 이전 비해 개선했던 경험 대해 구체적 작성해 주시기 바랍니다
1222,5,자신의 경험에서 가장 보람된 일과 힘들었던 일을 작성하여 주시기 바랍니다.,자신 경험 가장 보람된 힘들었던 작성 주시기 바랍니다
1223,5,공모전 또는 학창시절 수상내역이 있다면 기술해 주시기 바랍니다.,공모전 학창시절 수상내역 있다면 기술해 주시기 바랍니다
1224,5,자신의 미래에 꼭 도전해 보고 싶은 목표에 대하여 기술해 주시기 바랍니다.,자신 미래 도전해 보고 목표 기술해 주시기 바랍니다
1225,5,당사 직업훈련생 과정에 지원한 동기에 대하여 기술해 주시기 바랍니다.,당사 직업훈련생 과정 지원한 동기 기술해 주시기 바랍니다
1226,5,"석사(또는 박사) 학위 과정에서 이수한 과목 중 지원하신 직무와 관련된 과목을 기술하여 주시기 바라며, 당시 사용했던 실험기기 (실험 SKILL)에 대해 기술하여주시기 바랍니다.",석사 학위 과정 이수한 과목 지원하신 직무 관련된 과목 기술 주시기 바라며 당시 사용했던 실험기기 대해 기술하여주시기 바랍니다
1227,5,본인의 성장과정 및 지원동기를 기술해 주시기 바랍니다. (1500자),본인 성장과정 지원동기 기술해 주시기 바랍니다
1228,5,본인이 세웠던 가장 도전적인 목표와 그것을 성취하기 위해 어떤 노력을 했는지 기술해 주시기 바랍니다. (1500자),본인 세웠던 가장 도전적인 목표 그것 성취하기 어떤 노력 했는지 기술해 주시기 바랍니다
1229,5,팀의 구성원으로 활동한 경험 중 향후 고객과 시장 지향적 직무수행에 가장 도움이 될 것으로 생각되는 경험을 기술해 주시기 바랍니다. (1500자),구성원 활동한 경험 향후 고객 시장 지향적 직무수행 가장 도움 생각되 경험 기술해 주시기 바랍니다
1230,5,본인의 자기소개를 자유롭게 기술해 주시기 바랍니다. (700자),본인 자기소개 자유롭게 기술해 주시기 바랍니다 700자
1231,5,한국산업단지공단 지원동기를 기술해 주시기 바랍니다. (700자),한국산업단지공단 지원동기 기술해 주시기 바랍니다 700자
1232,5,입사 후 한국산업단지공단에서의 업무수행계획을 기술해 주시기 바랍니다. (1000자),입사 한국산업단지공단에서 업무수행계획 기술해 주시기 바랍니다
1233,5,성장과정 및 생활신조 등 자기소개를 기술하여 주시기 바랍니다.(1200바이트),성장과정 생활신조 자기소개 기술 주시기 바랍니다
1234,5,"성격, 능력 관련 본인의 장단점을 기술하여 주시기 바랍니다.(1200바이트)",성격 능력 본인 장단점 기술 주시기 바랍니다
1235,5,문제에 대한 정확한 분석을 바탕으로 효과적으로 해결했던 경험에 대해 구체적으로 작성해 주시기 바랍니다.,문제 정확한 분석 바탕 효과적 해결했던 경험 대해 구체적 작성해 주시기 바랍니다
1236,5,"스터디 그룹, 학과, 동아리, 동호회, 회사 부서와 같은 조직내에서 친분이 없던 사람과 새롭게 친분을 형성하여 일을 처리했던 사례에 대해 작성해 주시기 바랍니다.",스터디 그룹 동아리 동호회 회사 부서 조직내 친분 없던 사람 새롭게 친분 형성 처리했던 사례 대해 작성해 주시기 바랍니다
1237,5,"입사지원서에 입력한 직무관련 기타 활동에 대해 기술해 주시기 바랍니다. · 구체적인 활동 내용, 본인의 역할, 활동 결과 등에 대해 800자 이내로 작성해 주시기 바랍니다.",입사지원서 입력한 직무 기타 활동 대해 기술해 주시기 바랍니다 구체적인 활동 내용 본인 역할 활동 대해 작성해 주시기 바랍니다
1238,5,본인의 성장과정을 자유롭게 기술하여 주시기 바랍니다.,본인 성장과정 자유롭게 기술 주시기 바랍니다
1239,5,"언제, 어떤 계기를 통해 대우건설(or 건설업)에 관심을 갖게 되었으며, 이후 대우건설(or 건설업)에 대한 이해도를 높이기 위해 구체적으로 어떤 노력을 해 왔는지 작성해 주시기 바랍니다. (700자)",언제 어떤 계기 대우건설 관심 갖게 되었으며 이후 대우건설 이해도 높이기 구체적 어떤 노력 왔는지 작성해 주시기 바랍니다 700자
1240,5,"인턴, 아르바이트 등 경제(사회)활동 중 어려움을 겪었던 사례를 제시하고, 그것을 어떻게 극복하였으며, 과정에서 느낀 점이 무엇인지 구체적으로 작성해 주시기 바랍니다. (700자)",인턴 아르바이트 경제사회활동 어려움 겪었던 사례 제시 그것 어떻게 극복하였으며 과정 느낀 무엇인지 구체적 작성해 주시기 바랍니다 700자
1241,5,"당사가 운영하고 있는 해외현장 중 한 곳으로 배치 받는다면 어느 현장(국가)를 희망하며 이유는 무엇인지, 본인이 그곳에 적응하기 위해 필요한 역량들을 어떻게 갖추고 있는지를 객관적 증거를 들어 작성해 주시기 바랍니다. (700자)",당사 운영 해외현장 배치 받는다면 어느 현장국가 희망 이유 무엇인지 본인 그곳 적응하기 필요한 역량들 어떻게 갖추고 있는지 객관적 증거 들어 작성해 주시기 바랍니다 700자
1242,5,위 직무관련 경력사항 및 직무관련 기타활동에 대해 상세히 기술해 주시기 바랍니다.,직무 경력사항 직무 기타활동 대해 상세히 기술해 주시기 바랍니다
1243,5,"SPC 그룹에 지원한 동기는 무엇이며, 입사 후 어떻게 성장 및 발전해 나갈 것인지를 기술하여 주시기 바랍니다.",SPC 그룹 지원한 동기 무엇 입사 어떻게 성장 발전해 나갈 것인지 기술 주시기 바랍니다
1244,5,"본인의 약점과 강점을 언급하시고, 그 강점이 앞으로 모비스 및 본인의 발전에 어떻게 기여할 수 있는지를 서술해 주시기 바랍니다. [500자 이상 1000자 이내]",본인 약점 강점 언급하시고 강점 모비스 본인 발전 어떻게 기여할 있는지 서술해 주시기 바랍니다
1245,5,"본인이 생각하는 영업 직무의 본질은 무엇이며, 자신이 그 역할을 잘 할 수 있다고 생각하는 이유는 무엇인지 기술해 주시기 바랍니다.",본인 생각 영업 직무 본질 무엇 자신 역할 있다고 생각 이유 무엇인지 기술해 주시기 바랍니다
1246,5,"LG생활건강도 요우커를 단순 중국인 소비자가 아닌 핵심 내수고객으로 인식하고 영업전략을 수립하여 이를 전개하고 있는 상황입니다. 이같은 상황에서, LG생활건강의 영업사원으로서 하나의 유통채널과 하나의 브랜드를 선택하여 요우커를 공략할 수 있는 (LG생활건강의) 영업전략 및 실행방안을 작성해주시기 바랍니다.",LG생활건강 요우커 단순 중국인 소비자 아닌 핵심 내수고객 인식 영업전략 수립 전개 상황 이같 상황 LG생활건강 영업사원으로서 하나 유통채널 하나 브랜드 선택 요우커 공략할 영업전략 실행방안 작성해주시기 바랍니다
1247,5,NCS기반 자기소개서 본인이 알고 있는 한국공항공사에 관한 내용은 무엇이며 그 정보를 어떻게 얻게 되었는지 기술해 주시기 바랍니다. 또한 그 중 어떠한 면에 이끌려 우리공사에 지원하게 되었는지 기술하여 주시기 바랍니다.,NCS 자기소개서 본인 알고 한국공항공사 내용 무엇 정보 어떻게 얻게 되었는지 기술해 주시기 바랍니다 또한 어떠한 이끌려 우리공사 지원하게 되었는지 기술 주시기 바랍니다
1248,5,"우리 공사 인재상에 맞는 직원이 되기 위해 당신은 어떤 면에서 준비가 되어 있으며, 최근 3년이내에 해당 능력을 개발하기 위해 어떠한 노력을 하였는지 구체적인 사례로 기술해 주시기 바랍니다.",우리 공사 인재상 직원 되기 당신 어떤 준비 되어 있으며 최근 3년이내 해당 능력 개발하기 어떠한 노력 하였는지 구체적인 사례 기술해 주시기 바랍니다
1249,5,본인 성격의 장점과 단점을 기재하여 주시기 바랍니다.,본인 성격 장점 단점 기재 주시기 바랍니다
1250,5,도전적인 목표를 정하고 열정적으로 일을 추진햇던 경험을 구체적으로 기술해 주심시오. 일을 추진해 나가는 데 있어서 어려웠던 점과 그 결과에 대해서 중점적으로 기술해 주시기 바랍니다.,도전적인 목표 열정적 추진햇던 경험 구체적 기술해 주심 추진해 나가 있어서 어려웠던 결과 중점적 기술해 주시기 바랍니다
1251,5,"본인의 강점과 약점을 언급하시고, 그 강점이 앞으로 모비스 및 본인의 발전에 어떻게 기여할 수 있는지를 서술해 주시기 바랍니다. [500자 이상 1000자 이내]",본인 강점 약점 언급하시고 강점 모비스 본인 발전 어떻게 기여할 있는지 서술해 주시기 바랍니다
1252,5,발상의 전환 혹은 창의적인 사고를 통해 문제를 해결하고 성과를 이룬 경험을 구체적으로 기술해 주시기 바랍니다. (300자 ~ 700자),발상 전환 창의적인 사고 문제 해결 성과 이룬 경험 구체적 기술해 주시기 바랍니다
1253,5,지금까지 본인에게 가장 의미 있었던 성공 경험에 대해 구체적으로 기술해 주시기 바랍니다. (300자 ~ 700자),지금 본인 가장 의미 있었던 성공 경험 대해 구체적 기술해 주시기 바랍니다
1254,5,"본인의 장점과 약점을 언급하시고, 그 장점이 앞으로 모비스 및 본인의 발전에 어떻게 기여할 수 있는지를 서술해 주시기 바랍니다. * [500자 이상 1000자 이내]",본인 장점 약점 언급하시고 장점 모비스 본인 발전 어떻게 기여할 있는지 서술해 주시기 바랍니다
1255,5,한국 IBM이 본인에게 왜 최적의 회사인지 설명해주십시오. 나의 비전 및 직업관과 연계하여 작성하시기 바랍니다.,한국 IBM 본인 최적 회사인지 설명해주 비전 직업관 연계 작성하시기 바랍니다
1256,5,SPC그룹에 지원한 동기를 기술하여 주시기 바랍니다.,SPC그룹 지원한 동기 기술 주시기 바랍니다
1257,5,"지원직무와 관련하여, 본인의 주요성과 및 과정에 대하여 기술하여 주시기 바랍니다.",지원직무 관련 본인 주요성 과정 기술 주시기 바랍니다
1258,5,본인을 채용해야하는 이유에 대하여 자유롭게 기술하여 주시기 바랍니다.,본인 채용해야 이유 자유롭게 기술 주시기 바랍니다
1259,5,현대건설에 지원하신 동기를 작성하여 주시기 바랍니다.,현대건설 지원하신 동기 작성 주시기 바랍니다
1260,5,현대건설에 있어 개선 및 보완이 필요한 부분이 무엇인지 기술하여 주시기 바랍니다.,현대건설 있어 개선 보완 필요한 부분 무엇인지 기술 주시기 바랍니다
1261,5,입사지원서에 기술한 경력 사항에 대해 상세히 기술해 주시기 바랍니다.,입사지원서 기술한 경력 사항 대해 상세히 기술해 주시기 바랍니다
1262,5,"상단에 입력한 경험에 대해 상세히 기술해 주시기 바랍니다. 구체적으로 본인이 수행한 활동 내용, 소속 조직이나 활동에서의 역할, 활동 결과에 대해 작성해주시기 바랍니다. [ 100자 이상 300자 이내 ]",상단 입력한 경험 대해 상세히 기술해 주시기 바랍니다 구체적 본인 수행한 활동 내용 소속 조직 활동에서 역할 활동 결과 대해 작성해주시기 바랍니다
1263,5,"본인의 강점과 약점을 언급하시고, 그 강점이 앞으로 모비스 및 본인의 발전에 어떻게 기여할 수 있는지를 서술해 주시기 바랍니다.",본인 강점 약점 언급하시고 강점 모비스 본인 발전 어떻게 기여할 있는지 서술해 주시기 바랍니다
1264,5,"팀의 구성원으로 활동한 경험 중 향후 고객과 시장 지향적 직무수행에 가장 도움이 될 것으로 생각되는 경험을 기술해 주시기 바랍니다. - 경험의 배경, 본인의 역할, 동료와 도움을 주고 받은 부분, 당시 감정이나 생각, 성과와 아쉬운 점 포함 (1500자 이내)",구성원 활동한 경험 향후 고객 시장 지향적 직무수행 가장 도움 생각되 경험 기술해 주시기 바랍니다 경험 배경 본인 역할 동료 도움 주고 부분 당시 감정 생각 성과 아쉬운 포함
1265,5,"해당직무를 지원한 동기와 이를 잘 수행할 수 있는 본인만의 경쟁력을 기술해주세요. 단, 자신의 실제경험을 바탕으로 아래와 같이 각각 구분하여 작성해 주시기 바랍니다.",해당직무 지원한 동기 수행할 본인만 경쟁력 기술해 자신 실제경험 바탕 아래 각각 구분 작성해 주시기 바랍니다
1266,5,"팀의 구성원으로 활동한 경험 중 향후 고객과 시장 지향적 직무수행에 가장 도움이 될 것으로 생각되는 경험을 기술해 주시기 바랍니다. - 경험의 배경, 본인의 역할, 동료와 도움을 주고받은 부분, 당시 감정이나 생각, 성과와 아쉬운 점 포함",구성원 활동한 경험 향후 고객 시장 지향적 직무수행 가장 도움 생각되 경험 기술해 주시기 바랍니다 경험 배경 본인 역할 동료 도움 주고받 부분 당시 감정 생각 성과 아쉬운 포함
1267,5,"한전KDN에 입사하기 위해 어떠한 노력을 하였는지 본인의 경력 또는 경험 등을 기반으로 상세히 기술하여 주시기 바랍니다. -직무경력이 있는 경우는 직무영역, 활동·경험·수행내용, 본인의 역할 및 구체적 행동, 주요성과에 대하여 작성하여 주시기 바랍니다. -직무경력이 없는 경우는 본인의 학교교육 또는 직업교육 내용에 대하여 작성하여 주시기 바랍니다. (500자 이상, 1000자 이내)",한전KDN 입사하기 어떠한 노력 하였는지 본인 경력 경험 기반 상세히 기술 주시기 바랍니다 직무경력 경우 직무영역 활동경험수행내용 본인 역할 구체적 행동 주요성과 작성 주시기 바랍니다 직무경력 경우 본인 학교교육 직업교육 내용 작성 주시기 바랍니다
1268,5,"본인이 생각하는 한전KDN이라는 조직의 역할과 책임은 무엇이며, 한전KDN 직원이 되었을 때 조직의 가치창출에 어떠한 기여를 할 수 있는지 또는 어떻게 기여를 할 것인지에 대해 본인의 경험에 기초로 설명하여 주시기 바랍니다. (250자 이상, 500자 이내)",본인 생각 한전KDN이라 조직 역할 책임 무엇 한전KDN 직원 되었 조직 가치창출 어떠한 기여 있는지 어떻게 기여 것인지 대해 본인 경험 기초 설명 주시기 바랍니다
1269,5,"2개 이상의 중요한 가치, 원칙 등이 충돌하는 상황을 전략적으로 해결한 경험에 대하여 기술하여 주시기 바랍니다. (250자 이상, 500자 이내)",2개 이상 중요한 가치 원칙 충돌 상황 전략적 해결한 경험 기술 주시기 바랍니다
1270,5,"직장인으로서 특히 공공기관 직원으로서 윤리의식이 왜 중요한지 본인의 가치를 중심으로 기술하여 주시기 바랍니다. (250자 이상, 500자 이내)",직장인으로서 특히 공공기관 직원으로서 윤리의식 중요한지 본인 가치 중심 기술 주시기 바랍니다
1271,5,"해당회사 및 직무에 지원하는 동기에 대해 기술해 주시기 바랍니다.(1000자) 직무에 관련된 경험 및 역량, 관심사항, 개인의 목표 및 비전 등 자신을 어필할 수 있는 내용을 기반으로 자유롭게 기술하시기 바랍니다.",해당회사 직무 지원 동기 대해 기술해 주시기 바랍니다 직무 관련된 경험 역량 관심사항 개인 목표 비전 자신 어필할 내용 기반 자유롭게 기술하시기 바랍니다
1272,5,"도전적인 목표를 정하고 열정적으로 일을 추진했던 경험을 구체적으로 기술해 주시기 바랍니다. (500자) 특히, 일을 추진해 나가는 데 있어서 어려웠던 점과 그 결과에 대해서 중점적으로 기술하시기 바랍니다. 또한, 직무관련 공모전 수상, 인턴 경험, 혹은 본인을 어필할 수 있는 특이 경험이 있다면 기재해 주시기 바랍니다.",도전적인 목표 열정적 추진했던 경험 구체적 기술해 주시기 바랍니다 500자 특히 추진해 나가 있어서 어려웠던 결과 중점적 기술하시기 바랍니다 또한 직무 공모전 수상 인턴 경험 본인 어필할 경험 있다면 기재해 주시기 바랍니다
1273,5,창의적 사고 발상의 전환 혹은 창의적인 사고를 통해 문제를 해결하고 성과를 이룬 경험을 구체적으로 기술해 주시기 바랍니다. (700자),창의적 사고 발상 전환 창의적인 사고 문제 해결 성과 이룬 경험 구체적 기술해 주시기 바랍니다 700자
1274,5,귀하의 성장과정을 통해 본인을 소개하여 주시기 바랍니다.,귀하 성장과정 본인 소개 주시기 바랍니다
1275,5,본인이 왜 신용보증기금에 꼭 필요한 인재인지 신보의 인재상*과 연계하여 설명해 주시기 바랍니다. (인재상) 공기업인으로서의 “기본인품”과 금융인으로서의 “성장자질”을 갖추고 신보의 미래가치를 창출해 나가는 인재,본인 신용보증기금 필요한 인재인지 신보 인재상 연계 설명해 주시기 바랍니다 인재상 공기업인으로서 기본인품 금융인으로서 성장자질 갖추고 신보 미래가치 창출해 나가 인재
1276,5,본인의 속한 조직에서 새로운 것을 도입하여 변화를 일으킨 사례를 기재하여 주시기 바랍니다.,본인 속한 조직 새로운 도입 변화 일으킨 사례 기재 주시기 바랍니다
1277,5,본인의 성장과정 중 어떠한 일에 최선을 다해 헌신한 경험을 기재하여 주시기 바랍니다.,본인 성장과정 어떠한 최선 다해 헌신한 경험 기재 주시기 바랍니다
1278,5,서로다른 배경 또는 성격을 가진 사람과 협력하여 공동작업을 수행한 경험을 기재하여 주시기 바랍니다.,서로다른 배경 성격 가진 사람 협력 공동작업 수행한 경험 기재 주시기 바랍니다
1279,5,성실한 직장생활을 위한 조건이 무엇인지 기재하여 주시기 바랍니다.,성실한 직장생활 조건 무엇인지 기재 주시기 바랍니다
1280,5,본인이 순천향의료원에 적합한 인재라고 생각하는 이유를 기재하여 주시기 바랍니다.,본인 순천향의료원 적합한 인재라고 생각 이유 기재 주시기 바랍니다
1281,5,선진을 지원한 동기와 지원분야를 선택하게 된 이유를 작성해 주시기 바랍니다.,선진 지원한 동기 지원분야 선택하게 이유 작성해 주시기 바랍니다
1282,5,입사 후의 미래계획과 도전하고 싶은 목표 및 계획을 작성해 주시기 바랍니다.,입사 미래계획 도전 목표 계획 작성해 주시기 바랍니다
1283,5,"본인이 기존과는 다른 방식을 시도하여 이전에 비해 조금이라도 개선했던 경험 중, 가장 효과적이었던 사례를 기술해 주시기 바랍니다.(최근 5년 이내 사례로 기술할 것)",본인 기존과 다른 방식 시도 이전 비해 조금 개선했던 경험 가장 효과적이었던 사례 기술해 주시기 바랍니다
1284,5,"본인의 지원 분야에 대한 역량을 분석해 보고, 자신의 지원 분야에 대한 역량을 향상시키기 위해 어떠한 노력을 했는지 기술해 주시기 바랍니다.(최근 5년 이내 사례로 기술할 것)",본인 지원 분야 역량 분석해 보고 자신 지원 분야 역량 향상시키기 어떠한 노력 했는지 기술해 주시기 바랍니다
1285,5,현대모비스 해당 직무 분야에 지원하게 된 이유를 기재해 주시기 바랍니다. * [200자 이상 700자 이내],현대모비스 해당 직무 분야 지원하게 이유 기재해 주시기 바랍니다
1286,5,"본인이 지원분야에 적합하다고 판단할 수 있는 이유 및 근거를, 본인의 노력과 경험을 바탕으로 제시해 주시기 바랍니다. * [200자 이상 1000자 이내]",본인 지원분야 적합하다고 판단할 이유 근거 본인 노력 경험 바탕 제시해 주시기 바랍니다
1287,5,입사 후 현대모비스의 발전을 위해 본인이 어떠한 노력을 할 것인지를 중장기적인 관점에서 기재해 주시기 바랍니다. * [200자 이상 700자 이내],입사 현대모비스 발전 본인 어떠한 노력 것인지 중장기적인 관점 기재해 주시기 바랍니다
1288,5,현대모비스 해당 직무 분야에 지원하게 된 이유를 기재해 주시기 바랍니다. * [200자 이상 700자 이내]],현대모비스 해당 직무 분야 지원하게 이유 기재해 주시기 바랍니다
1289,5,자신의 성장 과정 및 우리회사에 지원하게 된 동기를 기술해 주시기 바랍니다.,자신 성장 과정 우리회사 지원하게 동기 기술해 주시기 바랍니다
1290,5,"직무 관련 보유 지식, 자격, 경력, 경험에 대해 자세히 기술해 주시기 바랍니다. [ 100자 이상 800자 이내 ]",직무 보유 지식 자격 경력 경험 대해 자세히 기술해 주시기 바랍니다
1291,5,"입사지원서에 기술한 경력 사항에 대해 상세히 기술해 주시기 바랍니다. 구체적으로 직무영역, 활동ㆍ경험ㆍ수행 내용, 본인의 역할 및 구체적 행동, 주요 성과에 대해 작성해 주시기 바랍니다.",입사지원서 기술한 경력 사항 대해 상세히 기술해 주시기 바랍니다 구체적 직무영역 활동경험수행 내용 본인 역할 구체적 행동 주요 성과 대해 작성해 주시기 바랍니다
1292,5,"입사지원서에 기술한 직무관련 기타 활동에 대해 상세히 기술해 주시기 바랍니다. 구체적으로 본인이 수행한 활동 내용, 소속 조직이나 활동에서의 역할, 활동 결과에 대해 작성해 주시기 바랍니다.",입사지원서 기술한 직무 기타 활동 대해 상세히 기술해 주시기 바랍니다 구체적 본인 수행한 활동 내용 소속 조직 활동에서 역할 활동 결과 대해 작성해 주시기 바랍니다
1293,5,"한화L&C와 관련된 최근 이슈 중 본인이 생각하기에 중요하다고 생각되는 것을 한 가지 선택한 후, 해당 이슈에 대한 본인의 견해를 설득력 있게 밝혀 주시기 바랍니다. * [1000자 이내]",한화LC 관련된 최근 이슈 본인 생각하기 중요하다고 생각되 가지 선택한 해당 이슈 본인 견해 설득력 있게 밝혀 주시기 바랍니다
1294,5,만도 지원동기 및 향후 진로 계획에 대하여 기술해 주시기 바랍니다.,지원동기 향후 계획 기술해 주시기 바랍니다
1295,5,현대모비스 해당 직무 분야에 지원하게 된 이유를 기재해 주시기 바랍니다. 700,현대모비스 해당 직무 분야 지원하게 이유 기재해 주시기 바랍니다 700
1296,5,"본인이 지원분야에 적합하다고 판단할 수 있는 이유 및 근거를, 본인의 노력과 경험을 바탕으로 제시해 주시기 바랍니다. 1000",본인 지원분야 적합하다고 판단할 이유 근거 본인 노력 경험 바탕 제시해 주시기 바랍니다 1000
1297,5,입사 후 현대모비스의 발전을 위해 본인이 어떠한 노력을 할 것인지를 중장기적인 관점에서 기재해 주시기 바랍니다. 700,입사 현대모비스 발전 본인 어떠한 노력 것인지 중장기적인 관점 기재해 주시기 바랍니다 700
1298,5,"기타사항 : 지원하신 회사, 직무, 근무지와 관련하여 특별히 희망하는 점이나 면접관에게 꼭 말하고 싶은 사항을 기재하여 주시기 바랍니다.",기타사항 지원하신 회사 직무 근무지 관련 특별히 희망 면접관 사항 기재 주시기 바랍니다
1299,5,"본인의 현대건설 지원동기를 작성하여 주시기 바랍니다. 본인이 경험하고 싶은 업무 중심으로 서술 각 항목별 500자 이하, 9줄 이하만 입력가능",본인 현대건설 지원동기 작성 주시기 바랍니다 본인 경험 업무 중심 서술 항목별 500자 이하 9줄 이하 입력가능
1300,5,"글로벌 기업인 당사(ENR 순위 13위)는 전직원의 해외현장 근무가 필수적인 상황입니다. 해외현장의 근무환경 및 생활이 쉽지 않다고 가정할 때, 이를 극복할 수있는 본인의 강점을 기술하여 주시기 바랍니다.",글로벌 기업인 당사 전직원 해외현장 근무 필수적인 상황 해외현장 근무환경 생활 쉽지 않다고 가정할 극복할 본인 강점 기술 주시기 바랍니다
1301,5,희망직무에서 본인의 전공 활용 방안에 대하여 기술하여 주시기 바랍니다.,희망직무 본인 전공 활용 방안 기술 주시기 바랍니다
1302,5,본인이 생각하는 현대건설이 개선하거나 보완해야할 사항에 대해 기술하여 주시기 바랍니다.,본인 생각 현대건설 개선하거 보완해야할 사항 대해 기술 주시기 바랍니다
1303,5,조직 내 의견이 상충되는 상황에서 공동의 목표를 달성하기 위해 노력한 경험을 구체적으로 작성해 주시기 바랍니다.,조직 의견 상충되 상황 공동 목표 달성하기 노력한 경험 구체적 작성해 주시기 바랍니다
1304,5,"본인의 성장과정을 기술해 주시기 바랍니다.(1,000자) - 현재 자신에게 가장 큰 영향을 끼친 사건 포함",본인 성장과정 기술해 주시기 바랍니다 현재 자신 가장 영향 끼친 사건 포함
1305,5,현대건설에 지원하신 동기를 작성하여 주시기 바랍니다,현대건설 지원하신 동기 작성 주시기 바랍니다
1306,5,"단체나 팀활동 경험 중 보험사의 직무수행에 도움이 될 것으로 생각되는 경험을 대인관계 관련 내용을 중심으로 기술해 주시기 바랍니다. - 경험의 배경이나 계기, 본인 역할, 주요 동료와의 관계, 당시 감정과 생각, 결과와 아쉬운 점을 포함 (1000자 이내)",단체 팀활동 경험 보험사 직무수행 도움 생각되 경험 대인관계 내용 중심 기술해 주시기 바랍니다 경험 배경 계기 본인 역할 주요 동료와 관계 당시 감정 생각 결과 아쉬운 포함
1307,5,"보험 컨설턴트를 관리하는 보험영업 마케팅 관리직에 대한 장점 및 예상되는 어려움, 이에 대한 극복방법에 대해 기술해 주시기 바랍니다. - 직간접경험을 통하여 알고 있거나 본인이 생각하는 보험영업관리 직무의 구체적 내용, 장단점 서술 - 본인의 역량, 성격, 경험을 바탕으로 직무수행시 예상되는 어려움과 이에 대한 극복방안 등을 기술 (1500자 이내)",보험 컨설턴트 관리 보험영업 마케팅 관리직 장점 예상되 어려움 극복방법 대해 기술해 주시기 바랍니다 직간접경험 알고 있거 본인 생각 보험영업관리 직무 구체적 내용 장단점 서술 본인 역량 성격 경험 바탕 직무수행시 예상되 어려움 극복방안 기술
1308,5,현대모비스 해당 직무 분야에 지원하게 된 이유를 기재해 주시기 바랍니다. * [200자 이상 700자 이내] /700,현대모비스 해당 직무 분야 지원하게 이유 기재해 주시기 바랍니다 700
1309,5,"본인이 지원분야에 적합하다고 판단할 수 있는 이유 및 근거를, 본인의 노력과 경험을 바탕으로 제시해 주시기 바랍니다. * [200자 이상 1000자 이내] /1000",본인 지원분야 적합하다고 판단할 이유 근거 본인 노력 경험 바탕 제시해 주시기 바랍니다 1000
1310,5,입사 후 현대모비스의 발전을 위해 본인이 어떠한 노력을 할 것인지를 중장기적인 관점에서 기재해 주시기 바랍니다. * [200자 이상 700자 이내] /700,입사 현대모비스 발전 본인 어떠한 노력 것인지 중장기적인 관점 기재해 주시기 바랍니다 700
1311,5,상황을 보는 시각과 견해의 차이가 많았으나 상대방 의견을 존중하면서 원만한 결론을 도출하였던 경험을 기술해 주십시오. 당시 의견 차이가 발생한 원인은 어떤 사항이었고 어떠한 방법으로 결론을 도출하였는지 중점적으로 기술해 주시기 바랍니다.,상황 시각 견해 차이 많았으 상대방 의견 존중하면서 원만한 결론 도출하였던 경험 기술해 당시 의견 차이 발생한 원인 어떤 사항이었고 어떠한 방법 결론 도출하였는지 중점적 기술해 주시기 바랍니다
1312,5,"부족한 지식이나 역량, 또는 새로운 기술을 개발하기 위해 노력을 기울였던 사례를 기술해 주십시오. 그러한 노력을 기울이게 된 계기와 그 결과에 대해서 중점적으로 기술해 주시기 바랍니다.",부족한 지식 역량 새로운 기술 개발하기 노력 기울였던 사례 기술해 그러한 노력 기울이게 계기 결과 중점적 기술해 주시기 바랍니다
1313,5,"자기 자신을 진솔하게 소개하여 주시기 바랍니다. (띄어쓰기 포함 1,000자)",자기 자신 진솔하게 소개 주시기 바랍니다
1314,5,본인이 경험한 일 중 가장 어려웠던 일과 그것을 극복하기 위해 했던 노력을 구체적으로 기술해 주시기 바랍니다.,본인 경험한 가장 어려웠던 그것 극복하기 했던 노력 구체적 기술해 주시기 바랍니다
1315,5,단체나 팀활동 경험 중 보험사의 직무수행에 도움이 될 것으로 생각되는 경험을 대인관계 관련 내용을 중심으로 기술해 주시기 바랍니다.,단체 팀활동 경험 보험사 직무수행 도움 생각되 경험 대인관계 내용 중심 기술해 주시기 바랍니다
1316,5,입사지원서에 기술한 직무 관련 경력사항에 대해 상세히 기술하여 주시기 바랍니다.,입사지원서 기술한 직무 경력사항 대해 상세히 기술 주시기 바랍니다
1317,5,입사지원서에 기술한 직무 관련 경험사항에 대해 상세히 기술하여 주시기 바랍니다.,입사지원서 기술한 직무 경험사항 대해 상세히 기술 주시기 바랍니다
1318,5,귀하의 성장과정을 통해 본인을 소개하여 주시기 바랍니다. (1300 Bytes 이내),귀하 성장과정 본인 소개 주시기 바랍니다
1319,5,본인이 왜 신용보증기금에 꼭 필요한 인재인지 신보의 인재상*과 연계하여 설명해 주시기 바랍니다.,본인 신용보증기금 필요한 인재인지 신보 인재상 연계 설명해 주시기 바랍니다
1320,5,"다른 사람(가족 제외)과 함께 일(경험)을 했을 때 그 사람은 귀하를 어떻게 판단했고, 귀하는 그 사람을 어떻게 판단했는지 구체적인 사례와 이유를 들어 설명하여 주십시오. 그리고 그 사람의 성함과 연락처를 기재하여 주시기 바랍니다.",다른 사람 일경험 사람 귀하 어떻게 판단했고 사람 어떻게 판단했는지 구체적인 사례 이유 들어 설명 그리고 사람 성함 연락처 기재 주시기 바랍니다
1321,5,현대모비스 해당 직무 분야에 지원하게 된 이유를 기재해 주시기 바랍니다.,현대모비스 해당 직무 분야 지원하게 이유 기재해 주시기 바랍니다
1322,5,"본인이 지원분야에 적합하다고 판단할 수 있는 이유 및 근거를, 본인의 노력과 경험을 바탕으로 제시해 주시기 바랍니다.",본인 지원분야 적합하다고 판단할 이유 근거 본인 노력 경험 바탕 제시해 주시기 바랍니다
1323,5,입사 후 현대모비스의 발전을 위해 본인이 어떠한 노력을 할 것인지를 중장기적인 관점에서 기재해 주시기 바랍니다.,입사 현대모비스 발전 본인 어떠한 노력 것인지 중장기적인 관점 기재해 주시기 바랍니다
1324,5,현대모비스 해당 직무 분야에 지원하게 된 이유를 기재해 주시기 바랍니다. (700),현대모비스 해당 직무 분야 지원하게 이유 기재해 주시기 바랍니다 700
1325,5,"본인이 지원 분야에 적합하다고 판단할 수 있는 이유 및 근거를, 본인의 노력과 경험을 바탕으로 제시해 주시기 바랍니다. (1000)",본인 지원 분야 적합하다고 판단할 이유 근거 본인 노력 경험 바탕 제시해 주시기 바랍니다 1000
1326,5,입사 후 현대모비스의 발전을 위해 본인이 어떠한 노력을 할 것인지를 중장기적인 관점에서 기재해 주시기 바랍니다. (700),입사 현대모비스 발전 본인 어떠한 노력 것인지 중장기적인 관점 기재해 주시기 바랍니다 700
1327,5,"당사가 운영하고 있는 해외현장 중 한 곳으로 배치 받는다면 어느 현장(국가)를 희망하며 이유는 무엇인지, 본인이 그곳에 적응하기 위해 필요한 역량들을 어떻게 갖추고 있는지를 객관적 증거를 들어 작성해 주시기 바랍니다.",당사 운영 해외현장 배치 받는다면 어느 현장국가 희망 이유 무엇인지 본인 그곳 적응하기 필요한 역량들 어떻게 갖추고 있는지 객관적 증거 들어 작성해 주시기 바랍니다
1328,5,"성장과정/생활신조는 1,500자 이내로 작성해 주시기 바랍니다.",성장과정생활신조 작성해 주시기 바랍니다
1329,5,"성격소개는 1,500자 이내로 작성해 주시기 바랍니다.",성격소개 작성해 주시기 바랍니다
1330,5,"신입 지원자의 경우 지원동기를 1,500자 이내로 작성해 주시기 바랍니다. & 경력기술서",신입 지원자 경우 지원동기 작성해 주시기 바랍니다 경력기술서
1331,5,"[Essay 2]는 아래 사항을 자유롭게 기술 하시기 바랍니다.(3,000字이내 자유형식)/최근 화제가 되고 있는 사회 문제 중 스스로 중요하다고 생각되는 것을 한 가지 선택한 후 해당 이슈에 대한 본인의 견해를 설득력 있게 밝혀 주시기 바랍니다.",Essay 아래 사항 자유롭게 기술 하시기 바랍니다 최근 화제 되고 사회 문제 스스 중요하다고 생각되 가지 선택한 해당 이슈 본인 견해 설득력 있게 밝혀 주시기 바랍니다
1332,5,입사지원서에 기술한 직무관련 경력 및 기타 경험 활동에 대해 상세히 기술해 주시기 바랍니다.,입사지원서 기술한 직무 경력 기타 경험 활동 대해 상세히 기술해 주시기 바랍니다
1333,5,창의성을 발휘한 사례와 성과에 대하여 구체적으로 기술해 주시기 바랍니다.,창의성 발휘한 사례 성과 구체적 기술해 주시기 바랍니다
1334,5,"본인을 크게 변화시켰던 특별한 경험과, 이를 통해 배운 점이 무엇인지 구체적으로 작성해 주시기 바랍니다.",본인 크게 변화시켰던 특별한 경험 배운 무엇인지 구체적 작성해 주시기 바랍니다
1335,5,만도 지원 동기 및 향후 진로 계획에 대하여 기술해 주시기 바랍니다.,지원 동기 향후 계획 기술해 주시기 바랍니다
1336,5,"본인이 지원분야에 적합하다고 판단할 수 있는 이유 및 근거를, 본인의 노력과 경험을 바탕으로 제시해 주시기 바랍니다. * [200자 이상 1000자 이내] - 역량과 전문성",본인 지원분야 적합하다고 판단할 이유 근거 본인 노력 경험 바탕 제시해 주시기 바랍니다 역량 전문성
1337,5,입사 후 현대모비스의 발전을 위해 본인이 어떠한 노력을 할 것인지를 중장기적인 관점에서 기재해 주시기 바랍니다. * [200자 이상 700자 이내] - 가능성,입사 현대모비스 발전 본인 어떠한 노력 것인지 중장기적인 관점 기재해 주시기 바랍니다 가능성
1338,5,"본인이 평소 IT 분야에서 가장 관심을 갖고 있던 부분과 그 이유는 무엇입니까? 또한, 본인이 보유한 IT 역량에 대하여 기술하여 주시기 바랍니다.",본인 평소 IT 분야 가장 관심 갖고 있던 부분 이유 무엇입니까 또한 본인 보유한 IT 역량 기술 주시기 바랍니다
1339,5,"자신의 성장과정 중 생각의 전환을 가져온 사건과 그 사건으로 본인은 어떤 영향을 받았는지 구체적으로 기술하여 주시기 바랍니다. [1,000byte이내]",자신 성장과정 생각 전환 가져온 사건 사건 본인 어떤 영향 받았는지 구체적 기술 주시기 바랍니다 1000byte이내
1340,5,내가 LG생활건강의 디자이너가 되어야만 하는 이유를 서술해주시기 바랍니다. [1000Byte 이내],LG생활건강 디자이너 되어야 이유 서술해주시기 바랍니다 1000Byte 이내
1341,5,제품/그래픽/인테리어 관련 수상경력 혹은 인턴십 경력 들을 나열해주시기 바랍니다. [1000Byte 이내],제품그래픽인테리어 수상경력 인턴십 경력 나열해주시기 바랍니다 1000Byte 이내
1342,5,입사지원서에 기술한 직무관련 기타 활동에 대해 상세히 기술해 주시기 바랍니다.,입사지원서 기술한 직무 기타 활동 대해 상세히 기술해 주시기 바랍니다
1343,5,*[현황파악을 위한 의사소통 능력] 지금까지의 경험 중 정확한 현황을 파악하기 위해 다방면으로 노력했던 사례에 대해 작성해 주시기 바랍니다.(노력했던 사례를 중심으로),현황파악 의사소통 능력 지금까지 경험 정확한 현황 파악하기 다방면 노력했던 사례 대해 작성해 주시기 바랍니다
1344,5,*[분석을 위한 정확한 업무처리] 지금까지의 경험 중 정확성과 관련된 자신의 사례를 작성해 주시기 바랍니다.,분석 정확한 업무처리 지금까지 경험 정확성 관련된 자신 사례 작성해 주시기 바랍니다
1345,5,"*[전략적 사고] 그 동안의 생활에서 자랑할 수 있는 목표가 어떤 것이 있었는지 말씀해 주시고, 그 목표를 달성하기 위해 어떤 방법을 활용했는지 작성해 주시기 바랍니다.",전략적 사고 동안 생활 자랑할 목표 어떤 있었는지 말씀해 주시고 목표 달성하기 어떤 방법 활용했는지 작성해 주시기 바랍니다
1346,5,"[사회공헌] 지금까지의 경험 중 사회의 일원으로서 사회를 위한 활동 경험에 대해 작성해 주시고, 향후 사회를 위해 계획하고 있는 활동이 무엇인지 작성해 주시기 바랍니다.",사회공헌 지금까지 경험 사회 일원으로서 사회 활동 경험 대해 작성해 주시고 향후 사회 계획 활동 무엇인지 작성해 주시기 바랍니다
1347,5,"자신의 성장과정 및 개인특성, 장점에 대해 기술해 주시기 바랍니다. (500자)",자신 성장과정 개인특성 장점 대해 기술해 주시기 바랍니다 500자
1348,5,해당 직무에 지원하는 동기를 본인의 경험과 연계하여 기술해 주시기 바랍니다. (1000자),해당 직무 지원 동기 본인 경험 연계 기술해 주시기 바랍니다
1349,5,당신을 알고 싶습니다. 본인에 대하여 소개해 주시기 바랍니다. (1200자),당신 알고 본인 소개해 주시기 바랍니다
1350,5,당신은 혼자가 아닙니다. 본인이 속했던 조직의 화합과 융화를 이끌어내기 위해 노력했던 사례와 그 결과에 대하여 기재해 주시기 바랍니다. (1200자),당신 혼자 아닙니다 본인 속했던 조직 화합 융화 이끌어내기 노력했던 사례 결과 기재해 주시기 바랍니다
1351,5,"최고가 되고 싶습니까? 본인 스스로 최고가 되기 위해 노력했던 경험에 대해서 작성해 주시고, 당사 지원 직무와 어떠한 연관성이 있는지 기술해 주시기 바랍니다. (1200자)",최고 되고 싶습니까 본인 스스 최고 되기 노력했던 경험 작성해 주시고 당사 지원 직무 어떠한 연관성 있는지 기술해 주시기 바랍니다
1352,5,"당신에게 감동을 드리겠습니다. 누군가를 감동시키기 위해 노력했던 경험과, 그러한 노력이 상대방에게 어떻게 받아들여졌으며, 어떠한 변화로 이어졌는지 기술해 주시기 바랍니다. (1200자)",당신 감동 드리겠 누군가 감동시키기 노력했던 경험 그러한 노력 상대방 어떻게 받아들여졌으며 어떠한 변화 이어졌는지 기술해 주시기 바랍니다
1353,5,입사 후 서울반도체/서울바이오시스의 발전을 위해 본인이 어떠한 노력을 할 것인지를 중장기적인 관점에서 기재해 주시기 바랍니다. [500자 이내],입사 서울반도체서울바이오시스 발전 본인 어떠한 노력 것인지 중장기적인 관점 기재해 주시기 바랍니다
1354,5,본인의 어떤점이 경신의 인재상에 부합하는지 사례에 근거하여 기술해 주시기 바랍니다. (700자 이내),본인 어떤점 경신 인재상 부합하는지 사례 근거 기술해 주시기 바랍니다
1355,5,아래 KOGAS 인재상 중 택1하여 그에 부합하는 자신의 경험(행동)을 자유롭게 기술하여 주시기 바랍니다. (,아래 KOGAS 인재상 택1 부합 자신 경험행동 자유롭게 기술 주시기 바랍니다
1356,5,지원자 본인에 대하여 자세히 소개해 주시기 바랍니다. (1200자),지원자 본인 자세히 소개해 주시기 바랍니다
1357,5,본인의 어떤점이 LS엠트론의 인재상에 부합하는지 사례에 근거하여 기술해 주시기 바랍니다.(1200자),본인 어떤점 LS엠트론 인재상 부합하는지 사례 근거 기술해 주시기 바랍니다
1358,5,본인이 지원하는 직무에 적합하다고 생각하는 이유를 기술해 주시기 바랍니다.(1200자),본인 지원 직무 적합하다고 생각 이유 기술해 주시기 바랍니다
1359,5,지원동기와 입사 후 LS엠트론에서 자신의 모습을 기술해 주시기 바랍니다.(1200자),지원동기 입사 LS엠트론 자신 모습 기술해 주시기 바랍니다
1360,5,귀하가 회사를 선택하는 기준은 무엇입니까? 그리고 다이소아성산업이 그러한 기준에 어떻게 부합하는지 기술해 주시기 바랍니다. (700자 이내),귀하 회사 선택 기준 무엇입니까 그리고 다이소아성산업 그러한 기준 어떻게 부합하는지 기술해 주시기 바랍니다
1361,5,기존의 현상을 개선함으로써 조직의 성과를 조금이라도 향상시켰던 경험에 대하여 기술해 주시기 바랍니다.,기존 현상 개선함으로써 조직 성과 조금 향상시켰던 경험 기술해 주시기 바랍니다
1362,5,"본인의 성장과정, 장단점 및 특기를 기술해 주시기 바랍니다.",본인 성장과정 장단점 특기 기술해 주시기 바랍니다
1363,5,웅진씽크빅 영업 인턴 관리자 모집에 지원하게 된 동기를 기술해 주시기 바랍니다.,웅진씽크빅 영업 인턴 관리자 모집 지원하게 동기 기술해 주시기 바랍니다
1364,5,본인을 대표할 수 있는 이력 3가지를 기술하여 주시기 바랍니다.,본인 대표할 이력 3가지 기술 주시기 바랍니다
1365,5,당사 지원동기와 본인의 지원 직무 수행을 위해 준비해 온 사항에 대해 기술하여 주시기 바랍니다.,당사 지원동기 본인 지원 직무 수행 준비해 사항 대해 기술 주시기 바랍니다
1366,5,"직무관련 `경험`사항 기술은 본인이 수행한 활동내용, 소속 조직이나 활동에서의 역할, 활동결과에 대해 구체적으로 작성해 주시기 바랍니다. [600자 이내]",직무 경험사항 기술 본인 수행한 활동내용 소속 조직 활동에서 역할 활동결과 대해 구체적 작성해 주시기 바랍니다
1367,5,현대모비스 해당 직무 분야에 지원하게 된 이유를 기재해 주시기 바랍니다. [200자 이상 700자 이내],현대모비스 해당 직무 분야 지원하게 이유 기재해 주시기 바랍니다
1368,5,"본인이 지원분야에 적합하다고 판단할 수 있는 이유 및 근거를, 본인의 노력과 경험을 바탕으로 제시해 주시기 바랍니다. [200자 이상 1000자 이내]",본인 지원분야 적합하다고 판단할 이유 근거 본인 노력 경험 바탕 제시해 주시기 바랍니다
1369,5,입사 후 현대모비스의 발전을 위해 본인이 어떠한 노력을 할 것인지를 중장기적인 관점에서 기재해 주시기 바랍니다. [200자 이상 700자 이내],입사 현대모비스 발전 본인 어떠한 노력 것인지 중장기적인 관점 기재해 주시기 바랍니다
1370,5,"지원 분야와 관련된 업무경력 및 실적 등 경력사항이나 다른 경험 및 활동에 대해 상세히 기술해 주시기 바랍니다. 경력사항의 경우, 채용 분야의 직무와 관련된 기업이나 조직에서 실제적으로 수행한 업무 경험에 대해서 작성해 주십시오. 경험 및 활동의 경우, 산학, 팀 프로젝트, 연구회, 동아리/동호회, 온라인 커뮤니티, 재능기부 등 다양한 조직에서의 활동을 통해 지원 분야와 관련한 경험을 쌓은 내용을 작성해 주십시오.",지원 분야 관련된 업무경력 실적 경력사항 다른 경험 활동 대해 상세히 기술해 주시기 바랍니다 경력사항 경우 채용 분야 직무 관련된 기업 조직 실제적 수행한 업무 경험 작성해 경험 활동 경우 산학 프로젝트 연구회 동아리동호회 온라인 커뮤니티 재능기부 다양한 조직에서 활동 지원 분야 관련한 경험 내용 작성해
1371,5,자신을 한줄로 PR해 주시기 바랍니다.,자신 한줄 PR해 주시기 바랍니다
1372,5,자신의 성장과정 및 성격(강점/약점)에 대해 기술해 주시기 바랍니다. 400자,자신 성장과정 성격 대해 기술해 주시기 바랍니다 400자
1373,5,귀하의 성장과정을 통해 본인을 소개하여 주시기 바랍니다. (1000자 이내),귀하 성장과정 본인 소개 주시기 바랍니다
1374,5,본인이 왜 신용보증기금에 꼭 필요한 인재인지 신보의 인재상과 연계하여 설명해 주시기 바랍니다.(인재상) 공기업인으로서의 “기본인품”과 금융인으로서의 “성장자질”을 갖추고 신보의 미래가치를 창출해 나가는 인재 (1000자 이내),본인 신용보증기금 필요한 인재인지 신보 인재상 연계 설명해 주시기 바랍니다인재상 공기업인으로서 기본인품 금융인으로서 성장자질 갖추고 신보 미래가치 창출해 나가 인재
1375,5,자유롭게 본인을 소개해 주시기 바랍니다.,자유롭게 본인 소개해 주시기 바랍니다
1376,5,본인의 차별적인 경쟁력은 무엇인지 기술하여 주시기 바랍니다.,본인 차별적인 경쟁력 무엇인지 기술 주시기 바랍니다
1377,5,『행복한 직장 생활』이란? 무엇인지 본인의 생각을 기술하여 주시기 바랍니다.,행복한 직장 생활이란 무엇인지 본인 생각 기술 주시기 바랍니다
1378,5,제주도민에게 사랑 받는 은행이 되기 위해 제주은행이 해야 할 일은 어떤 사항이 있는지 본인의 생각을 기술하여 주시기 바랍니다.,제주도민 은행 되기 제주은행 어떤 사항 있는지 본인 생각 기술 주시기 바랍니다
1379,5,"자신의 인생에서 가장 중요한 경험은 무엇이며, 그 경험을 통해 얻은 것은 무엇인지 작성해 주시기 바랍니다. (최소 30자~700자 제한)",자신 인생 가장 중요한 경험 무엇 경험 무엇인지 작성해 주시기 바랍니다
1380,5,"대우건설에 입사하기 위해,(지원분야와 관련된) 무엇을 준비하였는지 작성해 주시기 바랍니다. (최소 30자~700자 제한)",대우건설 입사하기 무엇 준비하였는지 작성해 주시기 바랍니다
1381,5,입사 후의 미래계획과 도전하고 싶은 목표 및 계획을 작성해 주시기 바랍니다. (최소 30자 ~700자 제한),입사 미래계획 도전 목표 계획 작성해 주시기 바랍니다
1382,5,"해당직무를 지원한 동기와 이를 잘 수행할 수 있는 본인만의 경쟁력을 기술해주세요. 단, 자신의 실제경험을 바탕으로 아래와 같이 각각 구분하여 작성해 주시기 바랍니다. ① 직접경험 ② 간접경험 (1,000자)",해당직무 지원한 동기 수행할 본인만 경쟁력 기술해 자신 실제경험 바탕 아래 각각 구분 작성해 주시기 바랍니다 직접경험 간접경험
1383,5,자신이 행복을 위해 했던 노력이 주변 타인을 함께 행복하게 했던 경험이 있다면 구체적으로 기술해 주시기 바랍니다.,자신 행복 했던 노력 주변 타인 행복하게 했던 경험 있다면 구체적 기술해 주시기 바랍니다
1384,5,"입사지원서에 기술한 경력 사항에 대해 상세히 기술해 주시기 바랍니다. 구체적으로 직무영역, 활동/경력/수행 내용, 본인의 역할 및 구체적 행동, 주요 성과에 대해 작성해주시기 바랍니다.",입사지원서 기술한 경력 사항 대해 상세히 기술해 주시기 바랍니다 구체적 직무영역 활동경력수행 내용 본인 역할 구체적 행동 주요 성과 대해 작성해주시기 바랍니다
1385,5,"입사지원서에 기술한 경험사항에 대해 상세히 기술해 주시기 바랍니다. 구체적으로 본인이 수행한 활동 내용, 소속 조직이나 활동에서의 역할, 활동 결과 등에 대해 작성해주시기 바랍니다.",입사지원서 기술한 경험사항 대해 상세히 기술해 주시기 바랍니다 구체적 본인 수행한 활동 내용 소속 조직 활동에서 역할 활동 대해 작성해주시기 바랍니다
1386,5,"입사지원서에 기술한 교육사항에 대해 상세히 기술해 주시기 바랍니다. 본인이 수강한 교육명, 과목개요, 수업진행방식 및 구체적인 학습내용에 대해 작성해주시기 바랍니다.",입사지원서 기술한 교육사항 대해 상세히 기술해 주시기 바랍니다 본인 수강한 교육명 과목개요 수업진행방식 구체적인 학습내용 대해 작성해주시기 바랍니다
1387,5,"업무와 관련된 자료나 정보를 수집하고, 이를 분석하여 업무에 활용했었던 경험에 대해 작성해 주시기 바랍니다.",업무 관련된 자료 정보 수집 분석 업무 활용했었던 경험 대해 작성해 주시기 바랍니다
1388,5,어떤 문제나 어려움에 직면하여 이를 극복했었던 경험에 대해 작성해 주시기 바랍니다.,어떤 문제 어려움 직면 극복했었던 경험 대해 작성해 주시기 바랍니다
1389,5,팀이나 그룹의 리더 또는 구성원으로서 다양한 구성원들과 함께 업무를 수행했었던 경험에 대해 작성해 주시기 바랍니다.,그룹 리더 구성원으로서 다양한 구성원들 업무 수행했었던 경험 대해 작성해 주시기 바랍니다
1390,5,[현황파악을 위한 의사소통 능력] 지금까지의 경험 중 정확한 현황을 파악하기 위해 다방면으로 노력했던 사례에 대해 작성해 주시기 바랍니다.(노력했던 사례를 중심으로),현황파악 의사소통 능력 지금까지 경험 정확한 현황 파악하기 다방면 노력했던 사례 대해 작성해 주시기 바랍니다
1391,5,[분석을 위한 정확한 업무처리] 지금까지의 경험 중 정확성과 관련된 자신의 사례를 작성해 주시기 바랍니다.,분석 정확한 업무처리 지금까지 경험 정확성 관련된 자신 사례 작성해 주시기 바랍니다
1392,5,"[전략적 사고] 그 동안의 생활에서 자랑할 수 있는 목표가 어떤 것이 있었는지 말씀해 주시고, 그 목표를 달성하기 위해 어떤 방법을 활용했는지 작성해 주시기 바랍니다.",전략적 사고 동안 생활 자랑할 목표 어떤 있었는지 말씀해 주시고 목표 달성하기 어떤 방법 활용했는지 작성해 주시기 바랍니다
1393,5,자기 자신을 진솔하게 소개하여 주시기 바랍니다.,자기 자신 진솔하게 소개 주시기 바랍니다
1394,5,최근 사회이슈 중 중요하다고 생각되는 한 가지를 선택하고 이에 관한 자신의 견해를 기술해 주시기 바랍니다. [/1000],최근 사회이슈 중요하다고 생각되 가지 선택 자신 견해 기술해 주시기 바랍니다 1000
1395,5,[CS마인드] Guide Page를 확인하시고 입력하시기 바랍니다.,CS마인드 Guide Page 확인하시고 입력하시기 바랍니다
1396,5,[팀웍] Guide Page를 확인하시고 입력하시기 바랍니다. 역량 가이드 페이지 열기,팀웍 Guide Page 확인하시고 입력하시기 바랍니다 역량 가이드 열기
1397,5,"다른 사람(가족 제외)과 함께 일(경험)을 했을 때 그 사람은 귀하를 어떻게 판단했고, 귀하는 그 사람을 어떻게 판단했는지 구체적인 사례와 이유를 들어 설명하여 주십시오. 그리고 그 사람의 성함과 연락처를 기재하여 주시기 바랍니다",다른 사람 일경험 사람 귀하 어떻게 판단했고 사람 어떻게 판단했는지 구체적인 사례 이유 들어 설명 그리고 사람 성함 연락처 기재 주시기 바랍니다
1398,5,현대모비스 해당 직무 분야에 지원하게 된 이유를 기재해 주시기 바랍니다. [588/700],현대모비스 해당 직무 분야 지원하게 이유 기재해 주시기 바랍니다 588700
1399,5,"본인이 지원분야에 적합하다고 판단할 수 있는 이유 및 근거를, 본인의 노력과 경험을 바탕으로 제시해 주시기 바랍니다. [990/1000]",본인 지원분야 적합하다고 판단할 이유 근거 본인 노력 경험 바탕 제시해 주시기 바랍니다 9901000
1400,5,입사 후 현대모비스의 발전을 위해 본인이 어떠한 노력을 할 것인지를 중장기적인 관점에서 기재해 주시기 바랍니다. [640/700],입사 현대모비스 발전 본인 어떠한 노력 것인지 중장기적인 관점 기재해 주시기 바랍니다 640700
1401,5,[자기소개]지원자 본인에 대하여 자세히 소개해 주시기 바랍니다.,자기소개지원자 본인 자세히 소개해 주시기 바랍니다
1402,5,[인재상]본인의 어떤점이 LS엠트론의 인재상에 부합하는지 사례에 근거하여 기술해 주시기 바랍니다.,인재상본인 어떤점 LS엠트론 인재상 부합하는지 사례 근거 기술해 주시기 바랍니다
1403,5,본인의 성장배경 및 위에 기술한 내용 외에 첨부하고자 하는 내용이 있으시면 기술하여 주시기 바랍니다,본인 성장배경 기술한 내용 첨부하고자 내용 있으시면 기술 주시기 바랍니다
1404,5,"위의 항목에서 미처 보여주지 못한 당신의 숨겨진 강점이 있다면, 받고 싶은 질문과 그에 대한 답을 아래 자유양식을 활용하여 작성해 주시기 바랍니다. 아래 항목은 선택항목이므로 이미 당신의 강점을 충분히 보여주셨다면 작성하지 않으셔도 무방합니다.",항목 미처 보여주지 못한 당신 숨겨진 강점 있다면 받고 질문 아래 자유양식 활용 작성해 주시기 바랍니다 아래 항목 선택항목이므 이미 당신 강점 충분히 보여주셨다면 작성 않으셔 무방
1405,5,"본인의 성장 과정과 홈플러스 지원동기를 구체적으로 기술해 주시기 바랍니다. (200자 이상, 500자 이하)",본인 성장 과정 홈플러스 지원동기 구체적 기술해 주시기 바랍니다
1406,5,"본인이 지원한 부문에 적합한 인재임을 보여줄 수 있는 지금까지의 노력과 경험을 기술해 주시기 바랍니다. (200자 이상, 500자 이하)",본인 지원한 부문 적합한 인재임 보여줄 지금까지 노력 경험 기술해 주시기 바랍니다
1407,5,"본인이 생각하는 리더십의 정의는 무엇이며, 이에 비추었을 때 자신의 강/약점을 기술해 주시기 바랍니다. (200자 이상, 500자 이하)",본인 생각 리더십 정의 무엇 비추었 자신 강약점 기술해 주시기 바랍니다
1408,5,"지금까지 협력을 통해 목표를 달성한 경험이 있다면 본인의 역할을 포함하여 구체적으로 기술해 주시기 바랍니다. (200자 이상, 500자 이하)",지금 협력 목표 달성한 경험 있다면 본인 역할 포함 구체적 기술해 주시기 바랍니다
1409,5,"본인의 비전과 함께 이를 달성하기 위해 ‘홈플러스 입사’는 어떠한 의미가 있는지 기술해 주시기 바랍니다. (200자 이상, 500자 이하)",본인 비전 달성하기 홈플러스 입사 어떠한 의미 있는지 기술해 주시기 바랍니다
1410,5,본인의 어떤 점이 경신의 인재상에 부합하는지 사례에 근거하여 기술해 주시기 바랍니다.,본인 어떤 경신 인재상 부합하는지 사례 근거 기술해 주시기 바랍니다
1411,5,귀하가 경신 및 해당직무에 지원한 이유는 무엇입니까? 그리고 입사 후 회사에 어떻게 기여할 수 있는지 구체적으로 기술해 주시기 바랍니다.,귀하 경신 해당직무 지원한 이유 무엇입니까 그리고 입사 회사 어떻게 기여할 있는지 구체적 기술해 주시기 바랍니다
1412,5,최근 사회이슈 중 중요하다고 생각되는 한가지를 선택하고 이에 관한 자신의 견해를 기술해 주시기 바랍니다. [1000],최근 사회이슈 중요하다고 생각되 한가지 선택 자신 견해 기술해 주시기 바랍니다 1000
1413,5,본인의 경력과 경험을 바탕으로 골프존에서 실현할 비전(Vision)에 대하여 상세하게 기술하여 주시기 바랍니다.,본인 경력 경험 바탕 골프존 실현할 비전 상세하게 기술 주시기 바랍니다
1414,5,최근 사회이슈 중 중요하다고 생각되는 한 가지를 선택하고 이에 관한 자신의 견해를 기술해 주시기 바랍니다. (1000),최근 사회이슈 중요하다고 생각되 가지 선택 자신 견해 기술해 주시기 바랍니다 1000
1415,5,"My Story. 자신의 성장과정 및 개인특성, 장점에 대해 기술해 주시기 바랍니다. (500자)",My Story 자신 성장과정 개인특성 장점 대해 기술해 주시기 바랍니다 500자
1416,5,My Competency. 해당 직무에 지원하는 동기를 본인의 경험과 연계하여 기술해 주시기 바랍니다. (1000자),My Competency 해당 직무 지원 동기 본인 경험 연계 기술해 주시기 바랍니다
1417,5,본인에 대하여 소개해 주시기 바랍니다.,본인 소개해 주시기 바랍니다
1418,5,본인이 속했던 조직의 화합과 융화를 이끌어내기 위해 노력했던 사례와 그 결과에 대하여 기재해 주시기 바랍니다.,본인 속했던 조직 화합 융화 이끌어내기 노력했던 사례 결과 기재해 주시기 바랍니다
1419,5,"본인 스스로 최고가 되기 위해 노력했던 경험에 대해서 작성해 주시고, 당사 지원 직무와 어떠한 연관성이 있는지 기술해 주시기 바랍니다.",본인 스스 최고 되기 노력했던 경험 작성해 주시고 당사 지원 직무 어떠한 연관성 있는지 기술해 주시기 바랍니다
1420,5,"누군가를 감동시키기 위해 노력했던 경험과, 그러한 노력이 상대방에게 어떻게 받아들여졌으며, 어떠한 변화로 이어졌는지 기술해 주시기 바랍니다.",누군가 감동시키기 노력했던 경험 그러한 노력 상대방 어떻게 받아들여졌으며 어떠한 변화 이어졌는지 기술해 주시기 바랍니다
1421,5,도전적인 목표를 정하고 열정적으로 일을 추진했던 경험을 구체적으로 기술해 주십시오. 일을 추진해 나가는데 있어서 어려웠던 점과 그 결과에 대해서 중점적으로 기술해 주시기 바랍니다.,도전적인 목표 열정적 추진했던 경험 구체적 기술해 추진해 나가는데 있어서 어려웠던 결과 중점적 기술해 주시기 바랍니다
