rank,cluster_id,question,noun_form
1,1,백엔드 개발자로서 역량 향상을 위해 어떤 노력을 했고 가장 중요시하는 부분이 무엇인지와 그 이유를 서술하여 주십시오.,백엔드 개발자로서 역량 향상 어떤 노력 했고 가장 중요시 부분 무엇인지 이유 서술
2,1,인생을 살아가면서 가장 중요하다고 생각하는 가치가 있다면 본인의 경험을 토대로 그 이유에 대해서 기재해 주세요.,인생 살아가면서 가장 중요하다고 생각 가치 있다면 본인 경험 토대 이유 기재해
3,1,"성장과정을 간략히 기술하되 현재 자신에게 가장 큰 영향을 끼친 사건, 인물 등을 포함하여 기술하시오.",성장과정 간략히 기술하되 현재 자신 가장 영향 끼친 사건 인물 포함 기술하
4,1,"본인의 성장과정을 간략히 기술하되 현재의 자신에게 가장 큰 영향을 끼친 사건, 인물 등을 포함하여 기술하시기 바랍니다. (",본인 성장과정 간략히 기술하되 현재 자신 가장 영향 끼친 사건 인물 포함 기술하시기 바랍니다
5,1,"본인이 살아오면서 가장 열정적 또는 헌신적으로 몰두했던 일(학업, 구직활동 제외)은 무엇이었는지 설명하고, 해당 경험이 입사 이후 업무 수행에 어떠한 도움이 될 수 있는지 기술해 주십시오.",본인 살아오면서 가장 열정적 헌신적 몰두했던 무엇이었는지 설명 해당 경험 입사 이후 업무 수행 어떠한 도움 있는지 기술해
6,1,"한국무역보험공사 인재상 4가지(전문인, 국제인, 혁신인, 윤리인) 중에서 본인과 가장 부합하는 인재상과 본인이 가장 보완할 필요가 있다고 판단하는 인재상은 무엇인지, 그 이유를 본인의 경험, 노력 등 구체적인 근거를 들어 기술해 주십시오.",한국무역보험공사 인재상 4가지 본인 가장 부합 인재상 본인 가장 보완할 필요 있다고 판단 인재상 무엇인지 이유 본인 경험 노력 구체적인 근거 들어 기술해
7,1,"자신이 가장 중요하다고 생각하는 가치는 무엇이며, 그렇게 생각하는 이유에 대해 기술하시오.",자신 가장 중요하다고 생각 가치 무엇 그렇게 생각 이유 대해 기술하
8,1,"타인과의 인간관계, 타인과의 협업 경험 중 가장 힘들었던 사례를 제시하고, 그 원인과 해결 노력 등에 대해 기술하시오.",타인과 인간관계 타인과 협업 경험 가장 힘들었던 사례 제시 원인 해결 노력 대해 기술하
9,1,"인생관이나 진로에 가장 큰 영향을 미친 요인을 자신의 경험에 비추어 소개하고, 그로 인해 자신이 어떻게 변화하였는지 기술하시오.",인생관 진로 가장 영향 미친 요인 자신 경험 비추어 소개 인해 자신 어떻게 변화하였는지 기술하
10,1,"본인이 가장 관심을 가지고 있는 경제 이슈를 하나 제시하고, 해당 이슈와 관련하여 한국은행이 중앙은행으로서 어떻게 기여할 수 있을지에 대해 기술하시오.",본인 가장 관심 가지고 경제 이슈 제시 해당 이슈 관련 한국은행 중앙은행으로서 어떻게 기여할 있을지 대해 기술하
11,1,"현장 근무 시 가장 걱정되는 부분이 있다면 말씀해 주시고, 그 어려움을 극복하기 위한 본인만의 노하우가 있다면 기재 바랍니다. (1500바이트 이내)",현장 근무 가장 걱정되 부분 있다면 말씀해 주시고 어려움 극복하기 본인만 노하우 있다면 기재 바랍니다
12,1,KT의 핵심가치 중 자신에게 가장 부합하는 것을 선택하고 그 이유를 구체적인 사례와 함께 기술해 주십시오. (800자 이내),KT 핵심가치 자신 가장 부합 선택 이유 구체적인 사례 기술해
13,1,"우리 공단의 사업 중 본인이 가장 관심을 가지고 있는 분야는 무엇이며, 그 이유는 무엇인지 서술하여 주십시오.",우리 공단 사업 본인 가장 관심 가지고 분야 무엇 이유 무엇인지 서술
14,1,공공기관 근무자로서 가장 중시되어야 하는 직업윤리는 무엇이라 생각하는지 서술하여 주십시오.,공공기관 근무자로서 가장 중시되어야 직업윤리 무엇이라 생각하는지 서술
15,1,가장 관심 있게 들었던 전공과목과 해당 과목에서의 본인 장점,가장 관심 있게 들었던 전공과목 해당 과목에서 본인 장점
16,1,최근 3년 내 가장 어려웠던 도전은 무엇이었으며 그 경험을 통해 무엇을 배웠는지 기술해 주십시오.,최근 3년 가장 어려웠던 도전 무엇이었으며 경험 무엇 배웠는지 기술해
17,1,타인과 협업하는 과정에서 본인이 가장 중요하다고 생각하는 덕목과 그 이유를 실제 경험과 함께 서술하시오. 493 / 500 자,타인 협업 과정 본인 가장 중요하다고 생각 덕목 이유 실제 경험 서술하 493 500
18,1,"한국증권금융의 핵심가치* 중 가장 중요하다고 생각하는 가치와 그 이유를 밝히고, 본인이 해당 가치 제고를 위해 기여할 수 있는 방안을 구체적으로 제시하시오. * 균형성, 전문성, 동반성장, 고객 신뢰, 지속가능성 697 / 700 자",한국증권금융 핵심가치 가장 중요하다고 생각 가치 이유 밝히고 본인 해당 가치 제고 기여할 방안 구체적 제시하 균형성 전문성 동반성장 고객 신뢰 지속가능성 697 700
19,1,"학업 이외의 활동에서 본인이 가장 열정적으로 도전했던 경험과 그 결과에 대해 소개하고, 해당 경험을 통해 얻은 교훈을 구체적으로 서술하시오. 697 / 700 자",학업 이외 활동 본인 가장 열정적 도전했던 경험 결과 대해 소개 해당 경험 교훈 구체적 서술하 697 700
20,1,"BGF의 5가지 가치관 중 본인을 가장 잘 표현하는 가치관 1개를 선택하고, 그 이유를 본인의 경험과 함께 작성해 주세요. (최대 500자 입력 가능)",BGF 5가지 가치관 본인 가장 표현 가치관 1개 선택 이유 본인 경험 작성해
21,1,본인이 경험한 일 또는 사건 중 가장 어려웠거나 힘들었던 사례와 극복과정을 기술해 주십시오.,본인 경험한 사건 가장 어려웠거 힘들었던 사례 극복과정 기술해
22,1,"AJ에는 여섯 가지의 핵심가치가 있습니다 . 당사의 핵심가치 중 당신을 가장 잘 표현할 수 있는 한 가지를 본인의 성격 그리고 경험을 바탕으로 기술해 주십시오. [400~1,000자 이내]",AJ에 여섯 가지 핵심가치 당사 핵심가치 당신 가장 표현할 가지 본인 성격 그리고 경험 바탕 기술해 4001
23,1,본원의 핵심가치 중 자신과 가장 부합하다고 생각하는 가치를 선택하여 그 이유를 경험을 토대로 서술하시기 바랍니다.,본원 핵심가치 자신 가장 부합하다고 생각 가치 선택 이유 경험 토대 서술하시기 바랍니다
24,1,지금의 나를 있게 한 가장 중요한 사건에 대해 구체적으로 기술해주세요.,지금 있게 가장 중요한 사건 대해 구체적 기술해
25,1,"한국예탁결제원의 인재상 중 본인과 가장 부합된다고 생각하는 인재상이 무엇인지 선택하고 그렇게 생각하는 이유를 본인의 교육, 경험 등 구체적 사례를 들어 기술해주십시오. (400자 이상 1,000자 이내) 892 / 1000 자",한국예탁결제원 인재상 본인 가장 부합된다고 생각 인재상 무엇인지 선택 그렇게 생각 이유 본인 교육 경험 구체적 사례 들어 기술해주 892 1000
26,1,"한국예탁결제원을 가장 잘 표현할 수 있는 하나의 수식어 또는 단어를 정의하고 해당 단어를 선택한 이유에 대해 한국예탁결제원이 수행하는 업무의 성격과 연관지어 기술해주십시오. (400자 이상 1,000자 이내) 930 / 1000 자",한국예탁결제원 가장 표현할 하나 수식어 단어 정의 해당 단어 선택한 이유 대해 한국예탁결제원 수행 업무 성격 연관지어 기술해주 930 1000
27,1,"본인의 삶에서 가장 중요하게 여기는 가치는 무엇이며, 공단 직원으로서 직업윤리의 중요성을 본인의 가치관 중심으로 기술해 주십시오. (500자)",본인 가장 중요하게 여기 가치 무엇 공단 직원으로서 직업윤리 중요성 본인 가치관 중심 기술해 500자
28,1,"관심과 열정을 가지고 했던 다양한 경험 중 가장 기억에 남는 것이 무엇이며, 그것을 통해 얻은 교훈이 있다면 기술해주세요.",관심 열정 가지고 했던 다양한 경험 가장 기억 무엇 그것 교훈 있다면 기술해
29,1,"본인의 성장과정을 간략히 기술하되, 가장 힘들었던 시기와, 사유, 그 시기를 극복하기 위해 어떠한 노력을 기울였는지 기술해 주십시오.",본인 성장과정 간략히 기술하되 가장 힘들었던 시기 사유 시기 극복하기 어떠한 노력 기울였는지 기술해
30,1,가장 관심있게 들었던 전공 과목과 해당 과목에서의 본인 장점.,가장 관심있게 들었던 전공 과목 해당 과목에서 본인 장점
31,1,"공공기관 직원으로서 갖추어야 하는 가장 중요한 가치는 무엇이라고 생각하는지 기술하고, 본인이 어떻게 이에 부합하는지에 대하여 작성하여 주십시오.",공공기관 직원으로서 갖추어야 가장 중요한 가치 무엇이라고 생각하는지 기술 본인 어떻게 부합하는지 작성
32,1,자신의 인생에 가장 영향을 끼친 사건 3가지를 든다면? (300자),자신 인생 가장 영향 끼친 사건 3가지 든다면 300자
33,1,"본인이 경험해 본 것 중에서 가장 의미 있다고 생각하는 경험은 무엇이며, 그 이유에 대하여 말씀해 주십시오.(700자)",본인 경험해 가장 의미 있다고 생각 경험 무엇 이유 말씀해 주십시오700자
34,1,"우리 회사의 인재상 중 본인에게 가장 어울리는 인재상을 고르고, 해당 인재상을 통해 성취감을 느꼈던 경험을 기술하십시오.",우리 회사 인재상 본인 가장 어울리 인재상 고르고 해당 인재상 성취감 느꼈던 경험 기술하
35,1,"한국예탁결제원의 인재상 중 본인과 가장 부합된다고 생각하는 인재상이 무엇인지 선택하고 그렇게 생각하는 이유를 본인의 교육, 경험 등 구체적 사례를 들어 기술해주십시오. (400자 이상 1,000자 이내)",한국예탁결제원 인재상 본인 가장 부합된다고 생각 인재상 무엇인지 선택 그렇게 생각 이유 본인 교육 경험 구체적 사례 들어 기술해주
36,1,"한국예탁결제원을 가장 잘 표현할 수 있는 하나의 수식어 또는 단어를 정의하고 해당 단어를 선택한 이유에 대해 한국예탁결제원이 수행하는 업무의 성격과 연관지어 기술해주십시오. (400자 이상 1,000자 이내)",한국예탁결제원 가장 표현할 하나 수식어 단어 정의 해당 단어 선택한 이유 대해 한국예탁결제원 수행 업무 성격 연관지어 기술해주
37,1,"사회경험 중 가장 힘들었던 대인관계에 대한 사례와 이를 해결하기 위하여 본인이 노력한 점에 대해 구체적으로 기술하여 주십시오.가능한 지원분야 해당 직무와 연계하여 기술하며, 이해관계자의 인적정보 등은 제외하여 서술하되 구체적으로 기술하여 주십시오.",사회경험 가장 힘들었던 대인관계 사례 해결하기 본인 노력한 대해 구체적 기술 주십시오가능한 지원분야 해당 직무 연계 기술 이해관계자 인적정보 제외 서술하되 구체적 기술
38,1,최근 5년간 본인이 경험한 가장 어려웠던 일을 기술하고 이후의 과정과 결과에 대해 기술해 주십시오,최근 5년간 본인 경험한 가장 어려웠던 기술 이후 과정 결과 대해 기술해
39,1,"귀하가 가장 중요하게 생각하는 가치관은 무엇이며, 이러한 가치관이 한국철도공사가 지향하고자 하는 바와 어떻게 일치한다고 생각하는지 작성해 주십시오.",귀하 가장 중요하게 생각 가치관 무엇 이러한 가치관 한국철도공사 지향하고자 어떻게 일치한다고 생각하는지 작성해
40,1,본인이 속한 조직에서 수행한 활동·업무 중에서 가장 어려웠던 경험과 어려움을 극복하기 위한 노력·마음가짐 등을 기재하여 주십시오. (700자 이내),본인 속한 조직 수행한 활동업무 가장 어려웠던 경험 어려움 극복하기 노력마음가짐 기재
41,1,공사 직원으로서 가장 중요하다고 생각하는 직업윤리 한 가지를 제시하고 본인은 해당 직업윤리를 얼마나 잘 지키고 있는지 관련 사례와 함께 스스로 평가하여 기술해 주십시오.,공사 직원으로서 가장 중요하다고 생각 직업윤리 가지 제시 본인 해당 직업윤리 얼마 지키고 있는지 사례 스스 평가 기술해
42,1,한국마사회에 입사 후 가장 수행하고 싶은 일을 이유와 함께 기술하고 이 일을 통해 주변으로부터 어떤 평가를 받는 직원이 되고 싶은지 기술하여 주십시오.,한국마사회 입사 가장 수행 이유 기술 주변으로 어떤 평가 직원 되고 싶은지 기술
43,1,"타인과 함께 일을 할 때 가장 중요하게 생각하는 점을 이유와 함께 설명하고, 그 부분이 맞지 않아 갈등이 발생했던 사례를 자세하게 기술하여 주십시오.",타인 가장 중요하게 생각 이유 설명 부분 맞지 않아 갈등 발생했던 사례 자세하게 기술
44,1,사회활동 : 학업 이외에 열정과 관심을 가지고 했던 다양한 경험 중 가장 기억에 남는 것을 구체적으로 기술해 주세요.,사회활동 학업 이외 열정 관심 가지고 했던 다양한 경험 가장 기억 구체적 기술해
45,1,"본인이 살아오면서 가장 강렬히 성취하고 싶었던 일은 무엇입니까? 그 일을 꼭 성취하고 싶었던 이유와 이를 달성하기 위해 구체적으로 했던 일, 달성 과정 중 발생한 갈등과 극복방안, 달성 과정 중 타인과의 협력 경험, 달성 결과와 느낀점을 기술하여 주십시오.",본인 살아오면서 가장 강렬히 성취 싶었던 무엇입니까 성취 싶었던 이유 달성하기 구체적 했던 달성 과정 발생한 갈등 극복방안 달성 과정 타인과 협력 경험 달성 결과 느낀점 기술
46,1,"[도전] 본인이 가장 재미를 느끼고 끝까지 파고들어 본 경험 또는 성취감을 느꼈던 경험이나, 성장할 수 있었던 경험이 있다면 성패와 무관하게 경험에서 배운 점과 자신의 어떤 부분이 성장했는지 등 구체적인 내용을 서술해 주세요.",도전 본인 가장 재미 느끼고 파고들어 경험 성취감 느꼈던 경험 성장할 있었던 경험 있다면 성패 무관하게 경험 배운 자신 어떤 부분 성장했는지 구체적인 내용 서술해
47,1,"타인과의 관계에서 가장 힘들었던 갈등상황은 무엇이었으며, 이를 어떻게 극복하였는지 구체적으로 기술하시오.",타인과 관계 가장 힘들었던 갈등상황 무엇이었으며 어떻게 극복하였는지 구체적 기술하
48,1,자신의 인생에 있어 가장 영향을 끼친 사건 3가지를 적어주십시오.,자신 인생 있어 가장 영향 끼친 사건 3가지 적어주
49,1,"지금까지 경험한 가장 큰 실패는 무엇이었고, 실패를 통해 배운 것은 무엇입니까?",지금 경험한 가장 실패 무엇이었고 실패 배운 무엇입니까
50,1,"BGF의 5가지 가치관(채용홈페이지 '우리의 가치관' 참조) 중 본인을 가장 잘 표현하는 가치관 1개를 선택하고, 그 이유를 본인의 경험과 함께 작성해 주세요.",BGF 5가지 가치관 본인 가장 표현 가치관 1개 선택 이유 본인 경험 작성해
51,1,자신의 인생에 가장 영향을 끼친 사건 3가지를 써주십시오.,자신 인생 가장 영향 끼친 사건 3가지 써주
52,1,학업 이외에 관심과 열정을 가지고 했던 다양한 경험 중 기억에 남는 것을 구체적으로 기술해주세요,학업 이외 관심 열정 가지고 했던 다양한 경험 기억 구체적 기술해
53,1,본인의 가장 뛰어난 역량은 무엇인가요?(300자),본인 가장 뛰어난 역량 무엇인가요300자
54,1,"하기의 가치관중 본인이 가장 우선시하는 항목은 무엇인가요?(20자)- 정직, 열정, 창의, 변화, 성장, 균형, 성취, 책임, 도전, 팀워크, 믿음, 긍정, 완벽, 헌신",하기 가치관중 본인 가장 우선시 항목 무엇인가요20자 정직 열정 변화 성장 균형 성취 책임 도전 팀워크 믿음 긍정 완벽 헌신
55,1,지금까지 본인이 한 일 중 가장 창조적이고 혁신적인 것은 무엇이었나요?(300자),지금 본인 가장 창조적 혁신적인 무엇이었나요300자
56,1,"본인이 회사를 선택할 때 가장 중요한 항목 2개를 선정하고, 에스엘의 어떤 부분이 해당 항목에 부합하는지 구체적으로 서술해 주십시오(600자)",본인 회사 선택할 가장 중요한 항목 2개 선정 에스엘 어떤 부분 해당 항목 부합하는지 구체적 서술해 주십시오600자
57,1,"지원 직무에서 가장 중요하다고 생각하는 가치를 3가지 선정하고 그렇게 선정한 이유와 그 중 본인이 가장 강점이라고 생각하는 가치와 관련된 경험, 본인만의 차별화된 경험 등을 구체적인 사례를 들어 서술해 주십시오(1000자)",지원 직무 가장 중요하다고 생각 가치 3가지 선정 그렇게 선정한 이유 본인 가장 강점이라고 생각 가치 관련된 경험 본인만 차별화된 경험 구체적인 사례 들어 서술해
58,1,"본인의 성장과정을 간략히 기술하되 자신에게 가장 큰 영향을 끼친 사건, 인물 등을 포함하여 기술하시기 바랍니다.(1500자)",본인 성장과정 간략히 기술하되 자신 가장 영향 끼친 사건 인물 포함 기술하시기 바랍니다
59,1,"조직의 구성원으로서 가장 중요하는 가치나 덕목이 무엇인지 소개하고, 그와 관련된 본인의 경험이나 실천사례를 기술하여 주십시오(600자)",조직 구성원으로서 가장 중요 가치 덕목 무엇인지 소개 관련된 본인 경험 실천사례 기술 주십시오600자
60,1,"DHL 4대 문화인 Speed / Right 1st Time / Can Do / Passion 중 본인과 가장 가까운 특성 하나를 고르고 선택한 이유를 경험을 바탕으로 작성해 주십시오. (1,000자)",DHL 4대 문화인 Speed Right 1st Time Can Do Passion 본인 가장 가까운 특성 하나 고르고 선택한 이유 경험 바탕 작성해
61,1,"가장 중압감과 스트레스를 받았던 경험과 그 상황을 어떻게 극복하였는지 구체적으로 작성해 주십시오. (1,000자)",가장 중압감 스트레스 받았던 경험 상황 어떻게 극복하였는지 구체적 작성해
62,1,"지금까지 경험했던 가장 어렵고 힘든 상황은 무엇이었고, 그때의 감정과 극복하기 위해 어떤 노력을 하였고 결과는 어떠했는지 작성해 주세요. (최대 500자)",지금 경험했던 가장 어렵고 힘든 상황 무엇이었고 그때 감정 극복하기 어떤 노력 하였고 결과 어떠했는지 작성해
63,1,가장 어려웠던 상황과 그 상황을 극복해낸 과정 및 결과에 대해 작성해 주세요. (1000자),가장 어려웠던 상황 상황 극복해낸 과정 결과 대해 작성해
64,1,"EY Value Fit Question 아래 EY Value 중 본인이 가장 부합한다고 생각하는 요소 한 가지를 선택하시고 그 이유도 기재하시기 바랍니다. 첫째, 성실하고 남을 존중하며, 더불어 일하는 사람 둘째, 활력, 열정 그리고 선도하는 용기를 가진 사람 셋째, 바르게 행동하며 관계를 구축하는사람",EY Value Fit Question 아래 EY Value 본인 가장 부합한다고 생각 요소 가지 선택하시고 이유 기재하시기 바랍니다 첫째 성실 존중 더불어 사람 둘째 활력 열정 그리고 선도 용기 가진 사람 셋째 바르게 행동 관계 구축하는사람
65,1,"타인과 협력하는 과정에서 가장 어려웠던 일을 사례를 들어 설명하고, 어려움을 어떻게 극복하였으며 그를 통해 무엇을 느꼈는지 서술하여 주십시오.",타인 협력 과정 가장 어려웠던 사례 들어 설명 어려움 어떻게 극복하였으며 무엇 느꼈는지 서술
66,1,"넷마블 출시 게임 외, 최근 가장 인상깊게 본 게임 마케팅 활동(인게임 이벤트 및 프로모션 제외)에 대해 설명하고, 해당 마케팅 캠페인을 분석해 주십시오.",넷마블 출시 게임 최근 가장 인상깊게 게임 마케팅 활동 대해 설명 해당 마케팅 캠페인 분석해
67,1,"본인의 성장과정을 간략히 기술하되, 현재의 자신에게 가장 큰 영향을 끼친 사건, 인물 등을 포함하여 기술하시기 바랍니다(1000자)",본인 성장과정 간략히 기술하되 현재 자신 가장 영향 끼친 사건 인물 포함 기술하시기 바랍니다
68,1,학업 이외 활동 중 가장 의미 있었던 활동과 그것이 왜 가장 의미가 있었던 활동인지 이유에 대해 기술해 주시기 바랍니다(700자),학업 이외 활동 가장 의미 있었던 활동 그것 가장 의미 있었던 활동인지 이유 대해 기술해 주시기 바랍니다700자
69,1,"본인의 경험 중 가장 힘들었던 경험, 실패했다고 생각하는 사례를 적고 이를 어떻게 극복 했는지 설명해 주세요",본인 경험 가장 힘들었던 경험 실패했다고 생각 사례 적고 어떻게 극복 했는지 설명해
70,1,"본인의 성장과정을 간략히 기술하되 현재의 자신에게 가장 큰 영향을 끼친 사건, 인물 등을 포함하여 기술하시기 바랍니다(1500자)",본인 성장과정 간략히 기술하되 현재 자신 가장 영향 끼친 사건 인물 포함 기술하시기 바랍니다
71,1,"인생에서 가장 큰 터닝포인트가 되는 사건은 무엇이었고, 그 이유를 서술해주십시오. (500자 이상 1000자 이내)",인생 가장 터닝포인트 사건 무엇이었고 이유 서술해주
72,1,업무를 진행하면서 가장 어려운 점,업무 진행하면서 가장 어려운
73,1,본인이 살아오면서 가장 도전적이었거나 가장 인상 깊었던 경험을 기술하세요,본인 살아오면서 가장 도전적이었거 가장 인상 깊었던 경험 기술하
74,1,(문제해결능력) 지금까지 살아오면서 부딪혔던 가장 큰 난관과 이를 극복한 경험에 대하여 기술하여 주십시오.,지금 살아오면서 부딪혔던 가장 난관 극복한 경험 기술
75,1,"지원분야 직무기술서'직무수행 내용' 중 본인이 가장 잘 수행할 수 있는 업무 1 가지를 선정하고, 그 이유와 해당분야 전문가가 되기 위한 구체적인 자기계발 계획을 서술하여 주십시오. (600자 이내)",지원분야 직무기술서직무수행 내용 본인 가장 수행할 업무 가지 선정 이유 해당분야 전문가 되기 구체적인 자기계발 계획 서술
76,1,최근 3년간 이뤘던 성취 중 가장 기억에 남는 일 또는 다양한 입장을 가진 사람들의 의견을 조율하여 협의를 이끌어 낸 경험 등을 서술해 주십시오. (600자 이내),최근 3년간 이뤘던 성취 가장 기억 다양한 입장 가진 사람들 의견 조율 협의 이끌어 경험 서술해
77,1,"본인의 성장과정을 간략히 기술하되 현재의 자신에게 가장 큰 영향을 끼친 사건, 인물 등을 포함하여 기술하시기 바랍니다. (작품속 가상인물도 가능)",본인 성장과정 간략히 기술하되 현재 자신 가장 영향 끼친 사건 인물 포함 기술하시기 바랍니다
78,1,"본인의 가치관은 무엇이며, 이를 형성하는데 가장 큰 영향을 끼친 경험을 구체적으로 기술해주십시오.",본인 가치관 무엇 형성하는데 가장 영향 끼친 경험 구체적 기술해주
79,1,"타인과의 관계에서 가장 힘들었던 갈등상황은 무엇이었으며, 이를 어떻게 극복하였는지 구체적으로 기술하시오",타인과 관계 가장 힘들었던 갈등상황 무엇이었으며 어떻게 극복하였는지 구체적 기술하
80,1,KT의 핵심가치 중 자신에게 가장 부합하는 것을 선택하고 그 이유를 구체적인 사례와 함께 기술해 주십시오,KT 핵심가치 자신 가장 부합 선택 이유 구체적인 사례 기술해
81,1,"변화의 필요성을 가장 크게 느꼈던 순간을 떠올려주시고, 그 상황을 어떻게 해결했는지 적어주세요",변화 필요성 가장 크게 느꼈던 순간 떠올려주시고 상황 어떻게 해결했는지 적어
82,1,"금융투자협회의 역할 중 가장 중요하다고 생각하는 것이 무엇이고, 그 이유를 서술하시기 바랍니다.",금융투자협회 역할 가장 중요하다고 생각 무엇 이유 서술하시기 바랍니다
83,1,"본인이 회사를 선택할 때 가장 중시하는 가치는 무엇이며, 포스코가 그 가치에 부합하는 이유를 서술하여 주십시오.(800자)",본인 회사 선택할 가장 중시 가치 무엇 포스코 가치 부합 이유 서술 주십시오800자
84,1,본인의 가치관을 가장 잘 표현해주는 경험/활동을 기술하시오. (공백 포함 500자 이내),본인 가치관 가장 표현해주 경험활동 기술하
85,1,가장 열정/도전적으로 임했던 일이 무엇이었으며 그 과정에서 어떠한 노력을 하였고 무엇을 배웠는지 작성해 주세요. (최대 700자 입력가능),가장 열정도전적 임했던 무엇이었으며 과정 어떠한 노력 하였고 무엇 배웠는지 작성해
86,1,"5. 공공기관 직원으로서 갖추어야 하는 가장 중요한 가치는 무엇이라고 생각하는지 기술하고, 본인이 어떻게 이에 부합하는지에 대하여 작성하여 주십시오.",공공기관 직원으로서 갖추어야 가장 중요한 가치 무엇이라고 생각하는지 기술 본인 어떻게 부합하는지 작성
87,1,"3. 본인이 경험한 단체생활 또는 조직생활 중 가장 열정적이고 헌신적이었던 활동에 대해 작성해주십시오. [활동의 이유, 결과 등]",본인 경험한 단체생활 조직생활 가장 열정적 헌신적이었던 활동 대해 작성해주 활동 이유
88,1,"아래 키워드 중 본인에게 가장 적합하다고 생각되는 것과, 부족하다고 생각되는 것을 각각 선택하고, 그 이유 및 부족한 부분에 대한 개선방안에 대해 기술해주십시오. [키워드 : 협업 / 신뢰 / 긍정적 / 시너 지 / 적극성 / 유연성 / 심사숙고 / 문제해결 / 도전 / 창의 / 책임감 / 자기계발]",아래 키워드 본인 가장 적합하다고 생각되 부족하다고 생각되 각각 선택 이유 부족한 부분 개선방안 대해 기술해주 키워드 협업 신뢰 긍정적 시너 적극성 유연성 심사숙고 문제해결 도전 책임감 자기계발
89,1,"본인에게 가장 가치있는 경험이 무엇이며, 해당 경험이 본인의 성장에 어떠한 영향을 끼쳤는지 작성해 주세요.",본인 가장 가치 경험 무엇 해당 경험 본인 성장 어떠한 영향 끼쳤는지 작성해
90,1,"본인이 가장 좋아하고, 잘할 수 있는 기술이나 능력에 대해 작성해주세요.",본인 가장 좋아 잘할 기술 능력 대해 작성해
91,1,"본인이 살아오면서 가장 열정적 또는 헌신적으로 몰두했던 일(학업, 구직활동 제외)은 무엇이었는지 설명하고, 해당 경험이 입사 이후 업무수행에 어떠한 도움이 될 수 있는지 기술해 주십시오.",본인 살아오면서 가장 열정적 헌신적 몰두했던 무엇이었는지 설명 해당 경험 입사 이후 업무수행 어떠한 도움 있는지 기술해
92,1,평소 내가 가장 좋아하는 일은 무엇인지 구체적인 경험을 바탕으로 서술해 주십시오. (600자),평소 가장 좋아 무엇인지 구체적인 경험 바탕 서술해 600자
93,1,"지원직무와 관련한 경험 및 역량, 관심사항 등을 토대로 자신을 가장 잘 설명할 수 있는 내용에 대해 서술해 주십시오.",지원직무 관련한 경험 역량 관심사항 토대 자신 가장 설명할 내용 대해 서술해
94,1,"본인의 성장과정을 간략히 기술하되, 가장 힘들었던 시기와, 사유, 그 시기를 극복하기 위해 어떠한 노력을 기울였는지 기술해 주십시오. (200-800자)",본인 성장과정 간략히 기술하되 가장 힘들었던 시기 사유 시기 극복하기 어떠한 노력 기울였는지 기술해
95,1,2. 지원한 직무분야와 관련하여 가장 중요하다고 생각하는 역량 2가지와 그 이유에 대해 기술해 주십시오. * 한글 500자 이내 및 16라인 이내로 작성,지원한 직무분야 관련 가장 중요하다고 생각 역량 2가지 이유 대해 기술해 한글 16라인 이내 작성
96,1,My Story 지금까지 살아오면서 가장 많은 노력을 쏟아부었던 성공 혹은 실패 경험과 그 과정을 통해 무엇을 배웠는지 소개해주세요,My Story 지금 살아오면서 가장 노력 쏟아부었던 성공 실패 경험 과정 무엇 배웠는지 소개해
97,1,본인이 겪은 가장 큰 성취경험 또는 실패경험,본인 가장 성취경험 실패경험
98,1,3. 최근 3년 내 가장 어려웠던 도전은 무엇이었으며 그 경험을 통해 무엇을 배웠는지 기술해 주십시오.,최근 3년 가장 어려웠던 도전 무엇이었으며 경험 무엇 배웠는지 기술해
99,1,가장 관심있게 들었던 전공 과목과 해당 과목에서의 본인 장점,가장 관심있게 들었던 전공 과목 해당 과목에서 본인 장점
100,1,"4. 지금까지 경험한 가장 큰 실패는 무엇이었고, 실패를 통해 배운 것은 무엇입니까? (300자)",지금 경험한 가장 실패 무엇이었고 실패 배운 무엇입니까 300자
101,1,"지금까지 살아오면서 가장 많은 노력을 쏟아부었던 성공 혹은 실패 경험과 그 과정을 통해 무엇을 배웠는지 소개해주세요 - 무엇을 달성하기 위해, 구체적으로 어떻게 노력을 했으며, 성공/실패 경험이 자신에게 어떤 영향을 주었는지 구체적으로 기술해주시기 바랍니다.",지금 살아오면서 가장 노력 쏟아부었던 성공 실패 경험 과정 무엇 배웠는지 소개해 무엇 달성하기 구체적 어떻게 노력 했으며 성공실패 경험 자신 어떤 영향 주었는지 구체적 기술해주시기 바랍니다
102,1,"지금까지 경험해본 단체활동(팀활동, 사회활동 포함) 중 가장 열심히 참여한 활동은 무엇이며, 그 안에서 나의 역할과 기억에 남는 성과는 무엇이었는지 구체적으로 기술하시오.",지금 경험해본 단체활동 가장 열심히 참여한 활동 무엇 역할 기억 성과 무엇이었는지 구체적 기술하
103,1,1. 자신에게 영향을 끼친 사건과 인물 등을 포함하여 본인이 가지고 있는 가장 중요한 가치관은 무엇인지 설명해 주세요.,자신 영향 끼친 사건 인물 포함 본인 가지고 가장 중요한 가치관 무엇인지 설명해
104,1,본인의 성장과정을 서술하되 자신에게 가장 큰 영향을 끼친 사건이나 인물 등을 포함하여 서술하여 주시기 바랍니다.,본인 성장과정 서술하되 자신 가장 영향 끼친 사건 인물 포함 서술 주시기 바랍니다
105,1,"매일유업의 핵심가치는 '창의, 소통, 열정, 상생' 입니다. 이중 지원자를 가장 잘 표현할 수 있는 한가지의 핵심가치를 선택하여 지원자의 강점을 과거 경험, 사례를 바탕으로 기술해 주십시오.?",매일유업 핵심가치 소통 열정 상생 이중 지원자 가장 표현할 한가지 핵심가치 선택 지원자 강점 과거 경험 사례 바탕 기술해
106,1,"Q.5. 본인의 전공 과목 중 현대그룹에서 가장 잘 활용할 수 있다고 생각하는 세 과목과 학점을 기재하고, 그 이유를 서술해주세요",본인 전공 과목 현대그룹 가장 활용할 있다고 생각 과목 학점 기재 이유 서술해
107,1,"직장 또는 단체생활에서 구성원에게 가장 필요한 태도,역량은 무엇이라고 생각하는지 본인의 경험을 바탕으로 설명하십시오.",직장 단체생활 구성원 가장 필요한 태도역량 무엇이라고 생각하는지 본인 경험 바탕 설명하
108,1,학업 외 가장 열정적이고 도전적으로 몰입하여 성과를 창출했거나 목표를 달성한 경험을 기술하시오,학업 가장 열정적 도전적 몰입 성과 창출했거 목표 달성한 경험 기술하
109,1,"2. 자신의 인생에서 가장 중요하게 생각하는 것 2가지는 무엇이며, 왜 그렇게 생각하는지 기술해 주세요.",자신 인생 가장 중요하게 생각 2가지 무엇 그렇게 생각하는지 기술해
110,1,자신의 인생에 가장 영향을 끼친 사건 3가지를 든다면?,자신 인생 가장 영향 끼친 사건 3가지 든다면
111,1,지금까지 본인이 이루었던 것 중에 가장 자랑스럽게 생각하는 성취의 경험에 대해 기술해 주십시오.,지금 본인 이루었던 가장 자랑스럽게 생각 성취 경험 대해 기술해
112,1,"2. 직무와 관련하여 지금까지 자신이 가장 심혈을 기울여 도전(수행)했던 것은 무엇인지, 왜 도전하게 된 것인지, 얼마만큼 노력했는지 기술해주세요. (800자 이하)",직무 관련 지금 자신 가장 심혈 기울여 도전수행했던 무엇인지 도전하게 것인지 얼마만큼 노력했는지 기술해
113,1,"3. 단체생활에서 가장 대하기 어려웠던 리더(상사)가 어떤 유형이었는지, 어떻게 적극적으로 어려움을 해결해 나갔는지 본인의 경험을 서술해주세요. (600자 이하)",단체생활 가장 대하기 어려웠던 리더상사 어떤 유형이었는지 어떻게 적극적 어려움 해결해 나갔는지 본인 경험 서술해
114,1,"본인이 가진 역량 중 “대원DNA”와 가장 일치하는 것을 하나 고르고, 경험에 기반하여 그 이유를 기술하여 주십시오.",본인 가진 역량 대원DNA 가장 일치 고르고 경험 기반 이유 기술
115,1,지금까지 살아오면서 가장 열정적/도전적으로 임했던 일과 그 일을 통해 이룬 성과와 느낀 점을 구체적으로 기술해 주십시오.,지금 살아오면서 가장 열정적도전적 임했던 이룬 성과 느낀 구체적 기술해
116,1,자신이 수행했던 일 중 가장 도전적인 활동에 대하여 기술해 주십시오.,자신 수행했던 가장 도전적인 활동 기술해
117,1,"지금까지 살아오면서 가장 기억에 남는 실패 경험과 그것을 통해 어떠한 교훈을 얻었는지, 그리고 그 후에는 어떤 노력을 했는지에 대해 구체적으로 작성해 주시기 바랍니다.",지금 살아오면서 가장 기억 실패 경험 그것 어떠한 교훈 얻었는지 그리고 후에 어떤 노력 했는지 대해 구체적 작성해 주시기 바랍니다
118,1,"본인의 경험 중 가장 의미 있다고 생각하는 경험은 무엇이며, 그 이유에 대하여 말씀해 주십시오. (700자)",본인 경험 가장 의미 있다고 생각 경험 무엇 이유 말씀해 700자
119,1,"본인의 성장과정을 간략히 기술하되 현재의 자신에게 가장 큰 영향을 끼친 사건, 인물 등을 포함하여기술하시기 바랍니다. (",본인 성장과정 간략히 기술하되 현재 자신 가장 영향 끼친 사건 인물 포함하여기술하시기 바랍니다
120,1,"본인의 성장과정을 기술하되 현재의 자신에게 가장 큰 영향을 끼친 사건, 인물 등을 포함하여 기술하십시오.",본인 성장과정 기술하되 현재 자신 가장 영향 끼친 사건 인물 포함 기술하
121,1,"강원대학교병원이 거점 국립대학교병원으로서 담당해야 하는 가장 중요한 역할이 무엇인지, 그리고 왜 그렇게 생각하는지 작성해 주세요.",강원대학교병원 거점 국립대학교병원으로서 담당 가장 중요한 역할 무엇인지 그리고 그렇게 생각하는지 작성해
122,1,"환자, 보호자 등 병원을 방문한 손님을 상대할 때 가장 중요한 마음가짐은 무엇이라고 생각하는지 이를 본인의 신념 또는 가치체계와 연관 지어 구체적으로 작성해 주세요.",환자 보호자 병원 방문한 손님 상대할 가장 중요한 마음가짐 무엇이라고 생각하는지 본인 신념 가치체계 연관 지어 구체적 작성해
123,1,사회활동 : 학업 이외에 관심과 열정을 가지고 했던 다양한 경험 중 가장 기억에 남는 것을 구체적으로 기술해주세요.,사회활동 학업 이외 관심 열정 가지고 했던 다양한 경험 가장 기억 구체적 기술해
124,1,최근에 본인이 가장 열정적으로 임했던 경험 1가지에 대해 다음 내용이 포함되도록 작성해 주세요.,최근 본인 가장 열정적 임했던 경험 1가지 대해 다음 내용 포함되도록 작성해
125,1,"BGF의 5가지 가치관(채용홈페이지 '우리의 가치관' 참조) 중 본인을 가장 잘 표현하는 가치관 1개를 선택하고, 그 이유를 본인의 경험과 함께 작성해 주세요. (최대 500자 입력가능)",BGF 5가지 가치관 본인 가장 표현 가치관 1개 선택 이유 본인 경험 작성해
126,1,"인간관계에서 가장 중요한 것은 무엇이며, 그렇게 생각하는 이유를 구체적으로 기술해 주십시오. (1000자)",인간관계 가장 중요한 무엇 그렇게 생각 이유 구체적 기술해
127,1,본인이 다른 사람들과의 협력을 통해 이루어냈던 일 중 가장 기억에 남는 경험은 무엇이었는지 구체적으로 기술해 주십시오. (1000자),본인 다른 사람들과 협력 이루어냈던 가장 기억 경험 무엇이었는지 구체적 기술해
128,1,"회사 또는 단체생활에 가장 필요한 태도, 역량은 무엇이라고 생각하는지 본인의 경험을 바탕으로 설명하십시오.",회사 단체생활 가장 필요한 역량 무엇이라고 생각하는지 본인 경험 바탕 설명하
129,1,"본인이 생각하는 자신의 중요한 인생 가치관은 무엇이며, 이러한 가치관이 만들어지게 된 배경과 그 가치관을 실현하기 위해 가장 노력했던 사례를 기술해주십시오. (1000자)",본인 생각 자신 중요한 인생 가치관 무엇 이러한 가치관 만들어지게 배경 가치관 실현하기 가장 노력했던 사례 기술해주
130,1,최근 3년간 본인이 경험한 가장 어려웠던 일을 기술하고 이후의 과정과 결과에 대해 말씀해 주십시오. (500자 이내),최근 3년간 본인 경험한 가장 어려웠던 기술 이후 과정 결과 대해 말씀해
131,1,"지원직무와 관련한 경험 및 역량, 관심사항 등 자신을 가장 잘 설명할 수 있는 내용을 기반으로 서술해주십시오.",지원직무 관련한 경험 역량 관심사항 자신 가장 설명할 내용 기반 서술해주
132,1,자신에게 영향을 끼친 사건과 인물 등을 포함하여 본인이 가지고 있는 가장 중요한 가치관은 무엇인지 설명해 주세요.,자신 영향 끼친 사건 인물 포함 본인 가지고 가장 중요한 가치관 무엇인지 설명해
133,1,"My Story : 지금까지 살아오면서 가장 많은 노력을 쏟아부었던 성공 혹은 실패 경험과 그 과정을 통해 무엇을 배웠는지 소개해주세요 - 무엇을 달성하기 위해, 구체적으로 어떻게 노력을 했으며, 성공/실패 경험이 자신에게 어떤 영향을 주었는지 구체적으로 기술해주시기 바랍니다.",My Story 지금 살아오면서 가장 노력 쏟아부었던 성공 실패 경험 과정 무엇 배웠는지 소개해 무엇 달성하기 구체적 어떻게 노력 했으며 성공실패 경험 자신 어떤 영향 주었는지 구체적 기술해주시기 바랍니다
134,1,(주)티머니의 핵심가치(Tmoney Way) 중 가장 중요하다고 생각되는 요소에 대해 귀하의 가치관이나 사례를 중심으로 기술하여 주십시오.,주티머니 핵심가치 가장 중요하다고 생각되 요소 대해 귀하 가치관 사례 중심 기술
135,1,지금까지 자신이 가장 심혈을 기율여 도전했던 것은 무엇이었으며 왜 도전하고자 했는지 기술하시오.,지금 자신 가장 심혈 기율여 도전했던 무엇이었으며 도전하고자 했는지 기술하
136,1,"서울특별시 사회서비스원의 직무수행에 있어 가장 중요한 덕목이 무엇인지 기술하고, 그와 관련하여 조직생활 중 어려움을 극복한 경험을 구체적으로 서술해주십시오. 최소 100자 이상 기재하시기 바랍니다. (최대 800자 입력가능)",서울특별시 사회서비스원 직무수행 있어 가장 중요한 덕목 무엇인지 기술 관련 조직생활 어려움 극복한 경험 구체적 서술해주 최소 기재하시기 바랍니다
137,1,"최근 5년간 본인이 가장 열정적 혹은 도전적으로 임했던 일에 대해 기술하고, 그 경험을 통해 배운 점을 작성해 주세요.",최근 5년간 본인 가장 열정적 도전적 임했던 대해 기술 경험 배운 작성해
138,1,학업 외 가장 열정적이고 도전적으로 몰입하여 성과를 창출했거나 목표를 달성한 경험을 기술하시오. (1000자),학업 가장 열정적 도전적 몰입 성과 창출했거 목표 달성한 경험 기술하
139,1,살아오며 겪은 가장 큰 실패와 극복의 경험과 이러한 경험을 직장인으로서 어떻게 활용해 갈 것인지 기술해 주세요.,살아오며 가장 실패 극복 경험 이러한 경험 직장인으로서 어떻게 활용해 것인지 기술해
140,1,"자신이 했던 게임 중, 가장 기억에 남는 게임의 좋았던 점과 아쉬웠던 점을 기술해주세요.",자신 했던 게임 가장 기억 게임 좋았던 아쉬웠던 기술해
141,1,"①최근 가장 흥미롭게 소비한 콘텐츠를 선정하고(플랫폼 무관), ②그 이유와 ③해당 콘텐츠의 인지도와 화제성이 확장될 수 있는 방안을 본인의 역량/강점/경험과 연결하여 구체적으로 작성해주세요. (1,000자 이내)",최근 가장 흥미롭게 소비한 콘텐츠 선정 이유 해당 콘텐츠 인지도 화제성 확장될 방안 본인 역량강점경험 연결 구체적 작성해
142,1,"본인의 성장과정을 간략히 기술하되 현재의 자신에게 가장 큰 영향을 끼친 사건, 인물 등을 포함하여 기술하시기 바랍니다.",본인 성장과정 간략히 기술하되 현재 자신 가장 영향 끼친 사건 인물 포함 기술하시기 바랍니다
143,1,본인이 살아오면서 경험한 가장 큰 성공(성과)과 가장 큰 실패에 대해 작성해 주십시오.,본인 살아오면서 경험한 가장 성공성과 가장 실패 대해 작성해
144,1,자신에게 영향을 끼친 사건과 인물 등을 포함하여 본인이 가지고 있는 가장 중요한 가치관은 무엇인지 설명해주세요.,자신 영향 끼친 사건 인물 포함 본인 가지고 가장 중요한 가치관 무엇인지 설명해
145,1,살면서 가장 소속감을 가졌던 조직(or커뮤니티)의 발전을 위해 열의를 다했던 경험과 이를 통해 어떤 것을 얻을 수 있었는지 기술해주세요. (카드사에서 조직이 중요한 이유?),살면서 가장 소속감 가졌던 조직 발전 열의 다했던 경험 어떤 있었는지 기술해
146,1,"열정을 가지고 몰입했던 경험, 창의적인 아이디어를 가지고 목표를 이루어 낸 경험, 가장 힘들었던 경험과 그것을 통해 깨달은 점 중 한 가지를 선택하여 구체적으로 기술해주십시오. (1000자)",열정 가지고 몰입했던 경험 창의적인 아이디어 가지고 목표 이루어 경험 가장 힘들었던 경험 그것 깨달 가지 선택 구체적 기술해주
147,1,가장 감명깊었던 영화/소설/시/음악은 무엇이며 본인에게 어떠한 영향을 주었는지 기술하여 주십시오.,가장 감명깊었던 영화소설시음악 무엇 본인 어떠한 영향 주었는지 기술
148,1,"본인의 성장과정을 기술하되 현재의 자신에게 가장 큰 영향을 끼친 사건, 인물 등을 포함하여 기술하시기 바랍니다. (작품 속 가상인물도 가능).",본인 성장과정 기술하되 현재 자신 가장 영향 끼친 사건 인물 포함 기술하시기 바랍니다
149,1,"본인이 회사를 선택할 때 가장 중시하는 가치는 무엇이며, 포스코가 그 가치에 부합하는 이유를 서술해 주십시오.",본인 회사 선택할 가장 중시 가치 무엇 포스코 가치 부합 이유 서술해
150,1,"무기체계는 특정한 운용 목적을 달성하기 위한 무기를 중심으로 구성된 주요 장비 및 관련되는 기재의 총체로, 당사의 경우는 유도무기/감시정찰/지휘통제통신/항공전자/전자전/무인로봇/사이버전/M&S/IPS를 의미합니다. 자신을 가장 잘 표현할 수 있는 당사의 무기체계 또는 무기를 선택하고, 어떠한 점이 본인을 잘 표현했다고 생각했는지 이유를 작성해주세요.",무기체계 특정한 운용 목적 달성하기 무기 중심 구성된 주요 장비 관련되 기재 총체 당사 경우 유도무기감시정찰지휘통제통신항공전자전자전무인로봇사이버전MSIPS 의미 자신 가장 표현할 당사 무기체계 무기 선택 어떠한 본인 표현했다고 생각했는지 이유 작성해
151,1,"자신에게 주어졌던 일 중 가장 어려웠던 경험은 무엇이었습니까? 그 일을 하게 된 이유와 그때 느꼈던 감정, 진행하면서 가장 어려웠던 점과 그것을 극복하기 위해 했던 행동과 생각, 결과에 대해 최대한 구체적으로 작성해 주십시오.",자신 주어졌던 가장 어려웠던 경험 무엇이었습니까 하게 이유 그때 느꼈던 감정 진행하면서 가장 어려웠던 그것 극복하기 했던 행동 생각 결과 대해 구체적 작성해
152,1,"이제까지 가장 강하게 소속감을 느꼈던 조직은 무엇이었으며, 그 조직의 발전을 위해 헌신적으로 노력했던 것 중 가장 기억에 남는 경험은 무엇입니까? 개인적으로 더 많은 노력을 기울였던 일과 그 때 했던 행동과 생각, 결과에 대해 최대한 구체적으로 작성해 주십시오.",이제 가장 강하게 소속감 느꼈던 조직 무엇이었으며 조직 발전 헌신적 노력했던 가장 기억 경험 무엇입니까 개인적 노력 기울였던 했던 행동 생각 결과 대해 구체적 작성해
153,1,"자신에게 요구된 것보다 더 높은 목표를 스스로 세워 시도했던 경험 중 가장 기억에 남는 것은 무엇입니까? 목표 달성 과정에서 아쉬웠던 점이나 그 때 느꼈던 자신의 한계는 무엇이고, 이를 극복하기 위해 했던 행동과 생각, 결과에 대해 최대한 구체적으로 작성해 주십시오.",자신 요구된 목표 스스 세워 시도했던 경험 가장 기억 무엇입니까 목표 달성 과정 아쉬웠던 느꼈던 자신 한계 무엇 극복하기 했던 행동 생각 결과 대해 구체적 작성해
154,1,[조직이해능력] 지금까지 학교 및 여러 조직에서 생활을 해 오면서 조직생활에서 가장 중요한 부분이 무엇이라고 느꼈는지 경험을 중심으로 설명해 주십시오.,조직이해능력 지금 학교 여러 조직 생활 오면서 조직생활 가장 중요한 부분 무엇이라고 느꼈는지 경험 중심 설명해
155,1,본인이 회사를 선택 할 때 가장 중요하게 생각하는 것과 환인제약이 그것과 어떻게 부합하는지 기술하여 주십시오. (700자 이내),본인 회사 선택 가장 중요하게 생각 환인제약 그것 어떻게 부합하는지 기술
156,1,"인생에서 가장 중요하다고 생각하는 가치를 쓰고, 가장 중요하게 생각하는 이유 및 그 가치를 실천한 사례를 구체적으로 기술하여 주십시오. (700자 이내)",인생 가장 중요하다고 생각 가치 쓰고 가장 중요하게 생각 이유 가치 실천한 사례 구체적 기술
157,1,"최근 2년간 가장 오랜 시간 동안 플레이한 게임의 이름, 장르, 플랫폼, 가장 인상적인 콘텐츠는 무엇인가요? (1개 이상) 해당 게임의 최고 레벨은 어떻게 되며, 본인은 얼마나 달성하셨는지도 말씀 부탁드립니다.",최근 2년간 가장 오랜 시간 동안 플레이한 게임 이름 장르 플랫폼 가장 인상적인 콘텐츠 무엇인가요 해당 게임 최고 레벨 어떻게 되며 본인 얼마 달성하셨는지 말씀 부탁드립니다
158,1,"최근 5년 간 플레이한 게임들을 적어주세요. 그리고 그 중에서 가장 재미 있었던 게임, 재미 없었던 게임, 실력에 자신있는 게임, 난이도가 어려웠던 게임을 각각 꼽아 그 이유를 함께 말씀해주세요.",최근 5년 플레이한 게임들 적어 그리고 가장 재미 있었던 게임 재미 없었던 게임 실력 자신 게임 난이도 어려웠던 게임 각각 꼽아 이유 말씀해
159,1,"본인이 회사를 선택할 때 가장 중요한 항목 2개를 선정하고, 에스엘의 어떤 부분이 해당 항목에 부합하는지 구체적으로 서술해 주십시오.",본인 회사 선택할 가장 중요한 항목 2개 선정 에스엘 어떤 부분 해당 항목 부합하는지 구체적 서술해
160,1,본인이 생각하는 겸손의 정의와 이를 가장 잘 드러내는 본인만의 사례에 대해 구체적으로 서술해 주십시오.,본인 생각 겸손 정의 가장 드러내 본인만 사례 대해 구체적 서술해
161,1,"지원 직무에서 가장 중요하다고 생각하는 가치를 3가지 선정하고 그렇게 선정한 이유와 그 중 본인이 가장 강점이라고 생각하는 가치와 관련된 경험, 본인만의 차별화된 강점 등을 구체적인 사례를 들어 서술해 주십시오.",지원 직무 가장 중요하다고 생각 가치 3가지 선정 그렇게 선정한 이유 본인 가장 강점이라고 생각 가치 관련된 경험 본인만 차별화된 강점 구체적인 사례 들어 서술해
162,1,"본인의 성장과정을 간략히 기술하되, 현재의 자신에게 가장 큰 영향을 끼친 사건, 인물 등을 포함하여 기술하시기 바랍니다. (최대 1,000자 입력가능)",본인 성장과정 간략히 기술하되 현재 자신 가장 영향 끼친 사건 인물 포함 기술하시기 바랍니다
163,1,가장 크게 성취했던 경험,가장 크게 성취했던 경험
164,1,"DGB대구은행의 핵심가치는 고객우선, 성과중심, 주인의식입니다. 핵심가치 중 가장 중요하다고 생각하는 핵심가치를 한가지 선택하고, 이와 관련하여 본인이 어떠한 부분에서 이에 부합하는지 구체적인 경험을 토대로 기술하여 주십시오.",DGB대구은행 핵심가치 고객우선 성과중심 주인의식 핵심가치 가장 중요하다고 생각 핵심가치 한가지 선택 관련 본인 어떠한 부분 부합하는지 구체적인 경험 토대 기술
165,1,귀하가 의사결정을 할 때 가장 중요하게 생각하는 가치와 그 이유는 무엇입니까?(500자 내외),귀하 의사결정 가장 중요하게 생각 가치 이유 무엇입니까
166,1,귀하를 가장 잘 표현할 수 있는 상징단어와 그 이유는 무엇입니까?(500자 내외),귀하 가장 표현할 상징단어 이유 무엇입니까
167,1,"본인이 살아오면서 경험한 가장 큰 성과와 가장 큰 실패에 대해 작성하고, 그 경험을 통해 배운 것이 무엇인지 서술하십시오. (최대 800자 입력가능)",본인 살아오면서 경험한 가장 성과 가장 실패 대해 작성 경험 배운 무엇인지 서술하
168,1,"본인에게 가장 큰 영향을 미친 사건이나 경험은 무엇이며, 이를 통해 어떤 교훈을 얻었는지 기술하시오.",본인 가장 영향 미친 사건 경험 무엇 어떤 교훈 얻었는지 기술하
169,1,평소 내가 가장 좋아하는 일은 무엇인지 구체적인 경험을 바탕으로 서술해 주십시오.,평소 가장 좋아 무엇인지 구체적인 경험 바탕 서술해
170,1,인생에서 가장 큰 성취경험 또는 실패경험은 무엇입니까? 그 과정을 통해 느낀 점에 대해서 기술하여 주십시오.,인생 가장 성취경험 실패경험 무엇입니까 과정 느낀 기술
171,1,(직업기초능력: 의사소통) 팀원으로서 과업을 수행할 때 팀장을 포함한 구성원들과 의사소통하는데 가장 중요한 것은 무엇이라고 생각하는지 본인의 경험을 기반으로 아래 순서에 따라 기술해 주십시오 ① 의사소통을 위해 가장 중요한 것과 그 이유 기술 ② 당시 귀하의 역할과 주로 어떤 의사소통을 하였는지 기술 ③ 의사소통을 위해 사용한 방법과 그 방법을 선택한 이유에 대해 기술,팀원으로서 과업 수행할 팀장 포함한 구성원들 의사소통하는데 가장 중요한 무엇이라고 생각하는지 본인 경험 기반 아래 순서 따라 기술해 의사소통 가장 중요한 이유 기술 당시 귀하 역할 어떤 의사소통 하였는지 기술 의사소통 사용한 방법 방법 선택한 이유 대해 기술
172,1,(직업기초능력: 직업윤리) 공동체 윤리 중 가장 중요하게 생각하는 항목은 무엇인지 아래 순서에 따라 기술해 주십시오 ① 중요하게 생각하는 공동체 윤리의 내용과 이유 기술 ② 위 공동체 윤리 위반 시 발생할 수 있는 부작용 기술 ③ 위 공동체 윤리를 준수하기 위한 노력과 성과 기술,공동체 윤리 가장 중요하게 생각 항목 무엇인지 아래 순서 따라 기술해 중요하게 생각 공동체 윤리 내용 이유 기술 공동체 윤리 위반 발생할 부작용 기술 공동체 윤리 준수하기 노력 기술
173,1,학업 이외에 관심과 열정을 가지고 했던 다양한 경험 중 가장 기억에 남는 것을 구체적으로 기술해주세요.,학업 이외 관심 열정 가지고 했던 다양한 경험 가장 기억 구체적 기술해
174,1,"협업을 통해 좋은 성과를 달성했던 사례와, 실패했던 사례를 한가지씩 말씀해주십시오. 각 경험에서 가장 어려웠던 점과 이를 통해 얻은 것을 함께 기술해주십시오.",협업 성과 달성했던 사례 실패했던 사례 한가지씩 말씀해주 경험 가장 어려웠던 기술해주
175,1,귀하가 의사결정을 할 때 가장 중요하게 생각하는 가치와 그 이유는 무엇입니까? (500자 내외),귀하 의사결정 가장 중요하게 생각 가치 이유 무엇입니까
176,1,귀하를 가장 잘 표현할 수 있는 상징단어와 그 이유는 무엇입니까? (500자 내외),귀하 가장 표현할 상징단어 이유 무엇입니까
177,1,"직장 또는 단체생활에서 구성원에게 가장 필요한 태도, 역량은 무엇이라고 생각하는지 본인의 경험을 바탕으로 설명하십시오. (800자 이내)",직장 단체생활 구성원 가장 필요한 역량 무엇이라고 생각하는지 본인 경험 바탕 설명하
178,1,최근에 본인이 가장 열정적으로 임했던 경험 1가지에 대해 다음 내용이 포함되도록 작성해 주세요. (최대 500자 입력가능),최근 본인 가장 열정적 임했던 경험 1가지 대해 다음 내용 포함되도록 작성해
179,1,본인이 갖추고 있는 지원분야에 가장 중요한 직무능력을 중요도 순위로 3가지 나열하고 그 이유에 대하여 구체적으로 기술하시오,본인 갖추고 지원분야 가장 중요한 직무능력 중요 순위 3가지 나열 이유 구체적 기술하
180,1,가장 감명 깊었던 영화/소설/시/음악은 무엇이며 본인에게 어떠한 영향을 주었는지 기술하여 주십시오 (200자),가장 감명 깊었던 영화소설시음악 무엇 본인 어떠한 영향 주었는지 기술 200자
181,1,"본인의 성장과장을 간략히 기술하되 현재의 자신에게 가장 큰 영향을 끼친 사건, 인물 등을 포함하여 기술하시기 바랍니다. (1500자 이내)(",본인 성장과장 간략히 기술하되 현재 자신 가장 영향 끼친 사건 인물 포함 기술하시기 바랍니다
182,1,앞으로의 회사생활에서 가장 피하고 싶은 상황은 어떤 상황인가요? 또 그러한 상황을 마주하게 된다면 어떻게 행동하실건가요?,앞으로 회사생활 가장 상황 어떤 상황인가요 그러한 상황 마주하게 된다면 어떻게 행동하실건가요
183,1,공항철도의 일원으로서 가장 중요한 직업윤리가 무엇인지 기술하고 본인의 윤리적 가치관이 잘 드러나는 경험에 대하여 작성해 주십시오.,공항철도 일원으로서 가장 중요한 직업윤리 무엇인지 기술 본인 윤리적 가치관 드러나 경험 작성해
184,1,"본인의 성장과정을 간략히 기술하되 현재의 자신에게 가장 큰 영향을 끼친 사건, 인물 등을 포함하여 기술하시기 바랍니다. (1500자)",본인 성장과정 간략히 기술하되 현재 자신 가장 영향 끼친 사건 인물 포함 기술하시기 바랍니다
185,1,지금까지 살아오면서 가장 많은 노력을 쏟아부었던 성공 혹은 실패 경험과 그 과정을 통해 무엇을 배웠는지 소개해주세요,지금 살아오면서 가장 노력 쏟아부었던 성공 실패 경험 과정 무엇 배웠는지 소개해
186,1,우리 KIAN(기아인)들은 다음과 같이 네 가지의 인재상을 닮아 가려고 노력합니다. 그 중에서 당신을 가장 잘 표현할 수 있는 한 가지를 선택하여 경험적 사례를 통해 그 이유를 설명해 주세요.,우리 KIAN기아인들 다음 가지 인재상 닮아 가려고 노력 당신 가장 표현할 가지 선택 경험적 사례 이유 설명해
187,1,"본인의 경험 중 가장 도전적이었던 시도는 무엇이었으며, 그 과정을 통해 배운 바를 기술하여 주십시오.",본인 경험 가장 도전적이었던 시도 무엇이었으며 과정 배운 기술
188,1,본인이 살아오면서 가장 도전적이었거나 가장 인상 깊었던 경험을 기술하세요.,본인 살아오면서 가장 도전적이었거 가장 인상 깊었던 경험 기술하
189,1,본인이 가장 즐겨보는 유튜브 채널과 그 이유는 무엇입니까?,본인 가장 즐겨보 유튜브 채널 이유 무엇입니까
190,1,"본인의 성장 또는 가치관 형성에 가장 큰 영향을 미친 경험을 설명하고, 그 과정에서의 본인의 노력과 성취를 객관적으로 평가해 주세요.",본인 성장 가치관 형성 가장 영향 미친 경험 설명 과정에서 본인 노력 성취 객관적 평가해
191,1,"당사 인재상(세계로, 미래로, 하나로) 중 자신을 가장 잘 표현하는 것을 선택하여 경험적 사례를 통해 설명해 주세요.",당사 인재상 자신 가장 표현 선택 경험적 사례 설명해
192,1,지금의 나를 있게 한 가장 중요한 사건에 대해 구체적으로 기술해주세요.*,지금 있게 가장 중요한 사건 대해 구체적 기술해
193,1,"본인이 회사를 선택할 때 가장 중시하는 가치는 무엇이며, 포스코가 그 가치에 부합하는 이유를 서술하여 주십시오.",본인 회사 선택할 가장 중시 가치 무엇 포스코 가치 부합 이유 서술
194,1,"지원자님의 지난 인생의 모든 기록이 A라는 포털사이트에 담겨 있다고 가정했을 때, 해당 포털사이트에서 본인을 검색한다면 가장 많이 검색될 연관검색어는 무엇이며, 그 이유도 서술해 주세요.",지원자님 지난 인생 모든 기록 A라 포털사이트 담겨 있다고 가정했 해당 포털사이트 본인 검색한다면 가장 검색될 연관검색어 무엇 이유 서술해
195,1,사회활동 : 학업 이외에 관심과 열정을 가지고 했던 다양한 경험 중 가장 기억에 남는 것을 구체적으로 기술해 주세요.,사회활동 학업 이외 관심 열정 가지고 했던 다양한 경험 가장 기억 구체적 기술해
196,1,본인이 생각하는 국내외 마케팅 사례 중 ①가장 인상 깊었던 사례와 구체적인 이유 ②아쉬운 사례와 구체적인 이유를 서술하십시오. 또한 본인이 기획자라면 어떤 방식으로 개선할지 새로운 방안을 구체적으로 기술해 주십시오.,본인 생각 국내외 마케팅 사례 가장 인상 깊었던 사례 구체적인 이유 아쉬운 사례 구체적인 이유 서술하 또한 본인 기획자라면 어떤 방식 개선할지 새로운 방안 구체적 기술해
197,1,"본인의 인생에서 가장 큰 성취감을 느꼈던 사건에 대하여 소개하고, 그 성취를 이루어내기 위해 어떠한 노력을 하였는지 구체적으로 작성해 주십시오.",본인 인생 가장 성취감 느꼈던 사건 소개 성취 이루어내기 어떠한 노력 하였는지 구체적 작성해
198,1,"성장과정을 간략히 기술하되 현재 자신에게 가장 큰 영향을 끼친 사건, 인물 등을 포함하여 기술하시오. (100자 이상 600자 이내)",성장과정 간략히 기술하되 현재 자신 가장 영향 끼친 사건 인물 포함 기술하
199,1,최근 2년 이내 열정적으로 임하여 가장 성취감 있었던 경험에 대한 설명과 느낀 점을 기술해 주십시오.,최근 2년 이내 열정적 가장 성취감 있었던 경험 설명 느낀 기술해
200,1,본인이 이룬 가장 큰 성취경험과 실패경험에 대하여,본인 이룬 가장 성취경험 실패경험
201,1,가장 힘들었던 순간과 이를 극복한 과정에 대해 기술하여 주십시오.,가장 힘들었던 순간 극복한 과정 대해 기술
202,1,"지금까지 살면서 가장 기억에 남는 성공 혹은 실패 경험이 무엇인지 기술하고, 그 경험을 통해 무엇을 얻었는지 기술해 주십시오.",지금 살면서 가장 기억 성공 실패 경험 무엇인지 기술 경험 무엇 얻었는지 기술해
203,1,"귀하의 인생에서 가장 중요한 가치가 무엇인지 설명하고, 이를 현대백화점그룹이 지향하는 6가지 핵심가치와 연결지어 설명하시오.",귀하 인생 가장 중요한 가치 무엇인지 설명 현대백화점그룹 지향 6가지 핵심가치 연결지어 설명하
204,1,"본인을 가장 잘 표현할 수 있는 단어 3가지를 제시하고, 그 이유에 대해 설명하시오.",본인 가장 표현할 단어 3가지 제시 이유 대해 설명하
205,1,"본인에게 주어졌던 일 또는 본인 스스로 시도했던 일 중 가장 도전적인 경험은 무엇입니까? 그 일을 하게 된 이유와 그 때 느꼈던 감정, 진행하면서 가장 어려웠던 점과 그것을 극복하기 위해 했던 행동과 생각, 결과에 대해 최대한 구체적으로 작성해 주시기 바랍니다.",본인 주어졌던 본인 스스 시도했던 가장 도전적인 경험 무엇입니까 하게 이유 느꼈던 감정 진행하면서 가장 어려웠던 그것 극복하기 했던 행동 생각 결과 대해 구체적 작성해 주시기 바랍니다
206,1,"이제까지 가장 강하게 소속감을 느꼈던 조직과 그 조직의 발전 또는 협력을 위해 본인이 노력했던 일 중 가장 기억에 남는 경험은 무엇입니까? 당시 본인의 행동과 생각, 결과에 대해 최대한 구체적으로 작성해 주시기 바랍니다.",이제 가장 강하게 소속감 느꼈던 조직 조직 발전 협력 본인 노력했던 가장 기억 경험 무엇입니까 당시 본인 행동 생각 결과 대해 구체적 작성해 주시기 바랍니다
207,1,"본인이 이루어낸 가장 뛰어난 성과에 대해 구체적으로 기술해 주세요. ( 계기, 구체적 성과 등 )",본인 이루어낸 가장 뛰어난 성과 대해 구체적 기술해
208,1,"지원자가 살아오면서 해결해야 했던 가장 어려운 과제는 무엇이었습니까? - 구체적으로 언제, 어떤 상황이었습니까? - 어떤 대안들을 모색했으며, 어떤 기준으로 하나의 대안을 선택하셨습니까? - 그결과에 어느 정도 만족하십니까?",지원자 살아오면서 해결 했던 가장 어려운 과제 무엇이었습니까 구체적 언제 어떤 상황이었습니까 어떤 대안들 모색했으며 어떤 기준 하나 대안 선택하셨습니까 그결과 어느 만족하십니까
209,1,"IB 관련 전문성을 높이기 위하여 현재까지 노력한 부분(관련 경력, 대외활동, 프로젝트 등)은 무엇이고, 그 과정에서 얻은 가장 큰 성과와 본인의 업적에 대하여 자세히 작성하여 주십시오.",IB 전문성 높이기 현재 노력한 부분 무엇 과정 가장 성과 본인 업적 자세히 작성
210,1,본인이 살아오면서 가장 강렬히 성취하고 싶었던 일은 무엇입니까?,본인 살아오면서 가장 강렬히 성취 싶었던 무엇입니까
211,1,"(신입)지원분야에 있어 가장 중요한 실무역량이 무엇이라고 생각하는지 정의하고, 그에 따라 본인의 역량 수준을 점수화하여 주십시오. (100점 만점 기준, 이유포함)",신입지원분야 있어 가장 중요한 실무역량 무엇이라고 생각하는지 정의 따라 본인 역량 수준 점수화
212,1,"본인이 회사를 선택할 때 가장 중요하게 생각하는 것과, 환인제약이 그것과 어떻게 부합하는지 기술하시오.",본인 회사 선택할 가장 중요하게 생각 환인제약 그것 어떻게 부합하는지 기술하
213,1,"인생에서 가장 중요하다고 생각하는 가치를 쓰고, 가장 중요하게 생각하는 이유 및 그 가치를 실천한 사례를 구체적으로 작성하시오.",인생 가장 중요하다고 생각 가치 쓰고 가장 중요하게 생각 이유 가치 실천한 사례 구체적 작성하
214,1,"[성장과정] 가장 힘들었던 경험 및 도전을 기술하고, 이를 극복한 방법에 대해 기술해 주십시오.",성장과정 가장 힘들었던 경험 도전 기술 극복한 방법 대해 기술해
215,1,사회활동 : 학업 이외에 관심과 열정을 가지고 했던 다양한 경험 중 가장 기억에 남는 것을 구체적으로 기술해주세요,사회활동 학업 이외 관심 열정 가지고 했던 다양한 경험 가장 기억 구체적 기술해
216,1,"본인이 생각하는 실패의 기준은 무엇이고, 그동안 살아오면서 가장 크게 실패했던 경험을 기술하시오.",본인 생각 실패 기준 무엇 그동안 살아오면서 가장 크게 실패했던 경험 기술하
217,1,"변화의 필요성을 가장 크게 느꼈던 순간을 떠올려주시고, 그 상황을 어떻게 해결하였는지 적어주세요 (최대 1,000자 입력가능)",변화 필요성 가장 크게 느꼈던 순간 떠올려주시고 상황 어떻게 해결하였는지 적어
218,1,"본인의 경험 중 가장 의미 있다고 생각하는 경험은 무엇이며, 그 이유에 대하여 말씀해 주십시오.(~700자)",본인 경험 가장 의미 있다고 생각 경험 무엇 이유 말씀해
219,1,"한국철도의 일원이 되어 업무를 수행하는 데 있어서 가장 중요한 직업윤리가 무엇인지, 해당 직업윤리가 왜 중요한지 본인의 경험을 바탕으로 작성해 주십시오.",한국철도 일원 되어 업무 수행 있어서 가장 중요한 직업윤리 무엇인지 해당 직업윤리 중요한지 본인 경험 바탕 작성해
220,1,"본인을 가장 잘 표현할 수 있는 단어와, 그 이유를 자유롭게 기술해 주세요.",본인 가장 표현할 단어 이유 자유롭게 기술해
221,1,살아오면서 가장 힘들었던 순간과 이를 극복했던 과정에 대해 기술해 주세요. (대상무관),살아오면서 가장 힘들었던 순간 극복했던 과정 대해 기술해 대상무관
222,1,가치관 : 목표를 수행함에 있어 가장 중요하게 생각하는 가치관과 이를 토대로 행동했던 경험을 구체적으로 기술해주세요.,가치관 목표 수행함 있어 가장 중요하게 생각 가치관 토대 행동했던 경험 구체적 기술해
223,1,사회활동 : 학업 이외에 관심과 열정을 가지고 했던 다양한 경험 중 가장 기억에 남는 일을 구체적으로 기술해주세요.,사회활동 학업 이외 관심 열정 가지고 했던 다양한 경험 가장 기억 구체적 기술해
224,1,사회활동 : 학업 이외에 관심과 열정을 가지고 했던 다양한 경험 중 기억에 남는 것을 구체적으로 기술해주세요,사회활동 학업 이외 관심 열정 가지고 했던 다양한 경험 기억 구체적 기술해
225,1,"세아제강 핵심가치 중, 본인에게 가장 부합되는 가치와 그 이유를 기술하시오.",세아제강 핵심가치 본인 가장 부합되 가치 이유 기술하
226,1,대인관계 중 가장 힘들었던 점과 이를 극복할 수 있었던 본인만의 노하우/경험을 기술하시오.,대인관계 가장 힘들었던 극복할 있었던 본인만 노하우경험 기술하
227,1,본인에게 있어 가장 의미 있는 도전은 무엇이었는지와 이를 달성하기 위한 노력을 구체적으로 설명해주세요.,본인 있어 가장 의미 도전 무엇이었는지 달성하기 노력 구체적 설명해
228,1,"우리 원에서 수행하고 있는 사업들 중에서 본인이 가장 관심 있는 사업을 선정하고, 해당 사업을 운영하는 궁극적인 목표를 달성하기 위해 어떤 개선점들이 필요하다고 생각하는지와 그렇게 생각하는 이유에 대해 기술해 주십시오. (600자 이내)",우리 수행 사업들 본인 가장 관심 사업 선정 해당 사업 운영 궁극적인 목표 달성하기 어떤 개선점들 필요하다고 생각하는지 그렇게 생각 이유 대해 기술해
229,1,사회활동 : 학업 이외에 관심과 열정을 가지고 했던 다양한 경험 중 가장 기억에 남는 것을 구체적으로 기술해주세요. 800,사회활동 학업 이외 관심 열정 가지고 했던 다양한 경험 가장 기억 구체적 기술해 800
230,1,자신의 인생 경험 중 가장 힘들었을 때와 그것을 극복하기 위해 했던 일을 구체적으로 기술해 주십시오.(1000자 내외),자신 인생 경험 가장 힘들었 그것 극복하기 했던 구체적 기술해
231,1,본인에게 있어 가장 의미 있는 도전은 무엇이었는 지와 이를 달성하기 위한 노력을 구체적으로 설명해주세요. [800자 내외],본인 있어 가장 의미 도전 무엇이었 달성하기 노력 구체적 설명해 800자 내외
232,1,자신이 수행했던 일 중 가장 도전적인 활동에 대하여 기술해 주십시오,자신 수행했던 가장 도전적인 활동 기술해
233,1,"본인의 성장과장을 간략히 기술하되 현재의 자신에게 가장 큰 영향을 끼친 사건, 인물 등을 포함하여 기술하시기 바랍니다.",본인 성장과장 간략히 기술하되 현재 자신 가장 영향 끼친 사건 인물 포함 기술하시기 바랍니다
234,1,"지금까지 인생에서 가장 기억에 남는 성공 사례 및 실패 사례는 각각 무엇이며, 이를 통해 느낀 점은 무엇인지 작성하여 주시기 바랍니다.",지금 인생 가장 기억 성공 사례 실패 사례 각각 무엇 느낀 무엇인지 작성 주시기 바랍니다
235,1,본인의 성장과정 중 가장 영향을 끼쳤거나 기억에 남는 것을 기술해 주십시오.,본인 성장과정 가장 영향 끼쳤거 기억 기술해
236,1,재학 기간 중 가장 의미가 있었다고 생각하는 활동을 기술하여 주십시오.,재학 기간 가장 의미 있었다고 생각 활동 기술
237,1,본인의 삶에 있어 가장 소중한 가치에 대해 구체적인 사례를 들어 설명해 주세요.,본인 있어 가장 소중한 가치 대해 구체적인 사례 들어 설명해
238,1,"본인이 생각하는 CE직무와 가장 유사한 직업이 무엇인지와, 선정한 이유를 설명해주세요.",본인 생각 CE직무 가장 유사한 직업 무엇인지 선정한 이유 설명해
239,1,지금까지 자신이 가장 심혈을 기울여 도전했던 것은 무엇이었으며 왜 도전하고자 했는지 기술하시오,지금 자신 가장 심혈 기울여 도전했던 무엇이었으며 도전하고자 했는지 기술하
240,1,해당 의사소통과정에서 가장 중요했던 점은 무엇이었습니까? 이후 협의과정은 어떻게 진행이 되었습니까? (400자 이내),해당 의사소통과정 가장 중요했던 무엇이었습니까 이후 협의과정 어떻게 진행 되었습니까
241,1,지금까지 본인이 열정적으로 추진한 일과 그 일을 통해 느낀 점은 무엇인지 작성해 주세요.(,지금 본인 열정적 추진한 느낀 무엇인지 작성해
242,1,"기업에서 IT역량강화 혹은 디지털혁신의 가장 중요한 요소가 무엇이라고 생각하는지, 본인의 관련된 경험 및 몰입하고 있는 분야와 연관지어서 작성해 주세요.",기업 IT역량강화 디지털혁신 가장 중요한 요소 무엇이라고 생각하는지 본인 관련된 경험 몰입 분야 연관지어서 작성해
243,1,본인이 세웠던 가장 도전적인 일과 그것을 성취하기 위해 어떠한 노력을 했는지 서술하시기 바랍니다.,본인 세웠던 가장 도전적인 그것 성취하기 어떠한 노력 했는지 서술하시기 바랍니다
244,1,"성장과정 중 가장 힘들었던 경험을 간략히 서술하되, 이를 이겨내기 위해 했던 노력을 구체적으로 작성해 주십시오. (1200Bytes)",성장과정 가장 힘들었던 경험 간략히 서술하되 이겨내기 했던 노력 구체적 작성해
245,1,LS전선의 핵심가치 중 본인을 가장 잘 설명할 수 있는 한 가지를 선택하여 그 이유를 경험 중심으로 작성해주세요.,LS전선 핵심가치 본인 가장 설명할 가지 선택 이유 경험 중심 작성해
246,1,자신의 삶에서 가장 어려웠던 일을 극복한 경험을 작성해주세요.,자신 가장 어려웠던 극복한 경험 작성해
247,1,"LS엠트론의 핵심가치(주인의식, 기술선도, 청년정신) 중 자신이 가장 중요하게 생각하는 가치는 무엇이며, 해당 가치를 실천한 사례를 기술해 주시기 바랍 니다.",LS엠트론 핵심가치 자신 가장 중요하게 생각 가치 무엇 해당 가치 실천한 사례 기술해 주시기 바랍 니다
248,1,"본인의 경험 중 가장 의미 있다고 생각하는 경험은 무엇이며, 그 이유에 대하여 말씀해 주십시오.",본인 경험 가장 의미 있다고 생각 경험 무엇 이유 말씀해
249,1,"SPC그룹의 핵심가치(정직, 혁신, 협업) 중 한 가지를 선택하고, 그와 관련하여 가장 인상 깊었던 사례와 그 이유를 서술하십시오. (최소 200자, 최대 2,000자 )",SPC그룹 핵심가치 가지 선택 관련 가장 인상 깊었던 사례 이유 서술하
250,1,성인이 된 이후 겪었던 가장 힘들었던 상황이 무엇이며 그것을 어떻게 극복하였는지 기술하시오.,성인 이후 겪었던 가장 힘들었던 상황 무엇 그것 어떻게 극복하였는지 기술하
251,1,"최근 귀하가 성취한 일 중에서 가장 자랑할 만한 것이 무엇이며, 그 일을 성취하기 위해 어떠한 노력을 했는지 기술하시오.",최근 귀하 성취한 가장 자랑할 만한 무엇 성취하기 어떠한 노력 했는지 기술하
252,1,도전적인 목표를 설정하고 노력하여 가장 큰 성취를 이룬 사례를 소개하시오,도전적인 목표 설정 노력 가장 성취 이룬 사례 소개하
253,1,학업 외에 관심과 열정을 가지고 했던 다양한 경험 중 가장 기억에 남는 것을 구체적으로 기술해 주세요.,학업 관심 열정 가지고 했던 다양한 경험 가장 기억 구체적 기술해
254,1,자신의 직장 경험 중에서 가장 큰 성과를 냈던 일과 과정에 대해 상세하게 기술하시오.,자신 직장 경험 가장 성과 냈던 과정 대해 상세하게 기술하
255,1,"입사 후 실현하고자 하는 커리어 목표는 무엇이며, 그 목표를 달성해 나가는 데 있어 가장 중요한 가치는 무엇이라 생각하는지 설명해주십시오.",입사 실현하고자 커리어 목표 무엇 목표 달성해 나가 있어 가장 중요한 가치 무엇이라 생각하는지 설명해주
256,1,성장 과정에서 자신의 성격에 가장 큰 영향을 미친 사건에 대해 기술하시오.,성장 과정 자신 성격 가장 영향 미친 사건 대해 기술하
257,1,인생에서 가장 힘들었던 순간과 이를 극복한 과정,인생 가장 힘들었던 순간 극복한 과정
258,1,"자신에게 주어졌던 일 중 가장 어려웠던 경험은 무엇이었습니까? 그 일을 하게 된 이유와 그때 느꼈던 감정, 진행하면서 가장 어려웠던 점과 그것을 극복하기 위해 했던 행동과 생각, 결과에 대해 최대한 구체적으로 작성해 주십시오",자신 주어졌던 가장 어려웠던 경험 무엇이었습니까 하게 이유 그때 느꼈던 감정 진행하면서 가장 어려웠던 그것 극복하기 했던 행동 생각 결과 대해 구체적 작성해
259,1,학업 이외에 가장 기억에 남늠 교내/외 활동에 대해 구체적으로 기술해 주세요.,학업 이외 가장 기억 남늠 교내외 활동 대해 구체적 기술해
260,1,"지원자 본인이 지금까지 살아오면서 가장 열정을 쏟고 절실하게 성취하고 싶었던 것을 기술하고, 그것을 이루기 위해 다른 사람들과 구별되게 행동했던 경험을 구체적으로 기술하시오. (글자수 제한 없음)",지원자 본인 지금 살아오면서 가장 열정 쏟고 절실하게 성취 싶었던 기술 그것 이루기 다른 사람들 구별되게 행동했던 경험 구체적 기술하
261,1,"무기체계는 특정한 운용 목적을 달성하기 위한 무기를 중심으로 구성된 주요 장비 및 관련되는 기재의 총체로, 당사의 경우는 유도무기/감시정찰/지휘통제통신/항공전자/전자전/무인로봇/사이버전/M&S/IPS(ILS)를 의미합니다. 자신을 가장 잘 표현할 수 있는 당사의 무기체계 또는 무기를 선택하고, 어떠한 점이 본인을 잘 표현했다고 생각했는지 이유를 작성해주세요.",무기체계 특정한 운용 목적 달성하기 무기 중심 구성된 주요 장비 관련되 기재 총체 당사 경우 유도무기감시정찰지휘통제통신항공전자전자전무인로봇사이버전MSIPSILS 의미 자신 가장 표현할 당사 무기체계 무기 선택 어떠한 본인 표현했다고 생각했는지 이유 작성해
262,1,자신이 가장 재미를 느끼고 끝까지 파고들어 성취감을 느꼈던 경험 또는 성장의 계기가 되었던 경험과 그 경험을 통해 성장한 부분(배운점)을 기록해 주세요.,자신 가장 재미 느끼고 파고들어 성취감 느꼈던 경험 성장 계기 되었던 경험 경험 성장한 부분배운점 기록해
263,1,부산MBC에 지원한 이유와 지원하기 위해 가장 노력한 일을 구체적으로 기술하시오. (500자 이내),부산MBC 지원한 이유 지원하기 가장 노력한 구체적 기술하
264,1,학창시절에 가장 관심을 가지고 전념했던 일을 구체적으로 기술하시오. (500자 이내),학창시절 가장 관심 가지고 전념했던 구체적 기술하
265,1,가장 성취감을 느꼈던 경험에 대해 과정을 중심으로 기술하시오. (500자 이내),가장 성취감 느꼈던 경험 대해 과정 중심 기술하
266,1,"사회교외 활동(동아리, 연수, 여행 등)중 가장 기억에 남는 경험과 그 이유를 구체적으로 작성하여 주세요.",사회교외 활동 가장 기억 경험 이유 구체적 작성
267,1,가장 힘들었던 순간과 이를 극복한 과정에 대해 기술하여 주십시오. (1800byte),가장 힘들었던 순간 극복한 과정 대해 기술
268,1,LS전선의 핵심가치 중 본인을 가장 잘 설명할 수 있는 한가지를 선택하여 그 이유를 경험 중심으로 작성해주세요.,LS전선 핵심가치 본인 가장 설명할 한가지 선택 이유 경험 중심 작성해
269,1,"변화의 필요성을 가장 크게 느꼈던 순간을 떠올려주시고, 그 상황을 어떻게 해결하였는지 적어주세요.",변화 필요성 가장 크게 느꼈던 순간 떠올려주시고 상황 어떻게 해결하였는지 적어
270,1,인생에 있어 가장 힘들었던 경험과 이를 어떻게 극복하였는지 구체적으로 기술,인생 있어 가장 힘들었던 경험 어떻게 극복하였는지 구체적 기술
271,1,KCC 인재상 중 자신에게 가장 부합하는 항목을 선택하여 개인의 경험과 함께 구체적으로 기술,KCC 인재상 자신 가장 부합 항목 선택 개인 경험 구체적 기술
272,1,"본인을 한 단계 성장하게 한 사건이나 경험은 무엇이며, 본인이 노력한 과정과 이를 통해 얻은 교훈은 무엇인지 기술하여 주십시오. ( 0 / 1500 bytes)",본인 단계 성장하게 사건 경험 무엇 본인 노력한 과정 교훈 무엇인지 기술
273,1,본인이 갖추고 있는 지원분야에 가장 중요한 직무능력을 중요도 순위로 3가지 나열하고 그 이유에 대하여 구체적으로 기술하시오.,본인 갖추고 지원분야 가장 중요한 직무능력 중요 순위 3가지 나열 이유 구체적 기술하
274,1,"본인이 가진 가장 뛰어난 점과 그렇게 판단한 이유, 고용노동연수원 업무수행에서 나타날 수 있는 긍정적 효과에 대하여 기술해 주십시오.",본인 가진 가장 뛰어난 그렇게 판단한 이유 고용노동연수원 업무수행 나타날 긍정적 효과 기술해
275,1,타인과의 관계에서 가장 힘들었던 갈등상황과 이를 극복한 상황이 있으면 구체적으로 기술하시오.,타인과 관계 가장 힘들었던 갈등상황 극복한 상황 있으면 구체적 기술하
276,1,살아오면서 가장 도전적이었던 경험과 이를 통해 무엇을 성취할 수 있었는지 기술하시오.,살아오면서 가장 도전적이었던 경험 무엇 성취할 있었는지 기술하
277,1,"현재(또는 과거) 본인이 소속된 단체나 조직 중 가장 애착이 가는 곳에 대해 소개하고, 본인의 역할과 기여한 바에 대해 서술해 주세요. (최소 1자, 최대 500자 입력가능)",현재 본인 소속된 단체 조직 가장 애착 대해 소개 본인 역할 기여한 대해 서술해
278,1,"본인은 어떤 일을 할 때 가장 에너지가 넘치나요? 자신에게 있어 가장 인상적인 성취 경험 에 대하여 소개 해 주세요. (최소 1자, 최대 500자 입력가능)",본인 어떤 가장 에너지 넘치나요 자신 있어 가장 인상적인 성취 경험 소개
279,1,"타인과의 관계에서 가장 힘들었던 갈등상황은 무엇이었으며, 이를 어떻게 극복하였는지 기술하시오.",타인과 관계 가장 힘들었던 갈등상황 무엇이었으며 어떻게 극복하였는지 기술하
280,1,"지원자 본인이 지금까지 살아오면서 가장 열정을 쏟고 절실하게 성취하고 싶었던 것을 기술하고, 그것을 이루기 위해 다른 사람들과 구별되게 행동했던 경험을 구체적으로 기술하시오.",지원자 본인 지금 살아오면서 가장 열정 쏟고 절실하게 성취 싶었던 기술 그것 이루기 다른 사람들 구별되게 행동했던 경험 구체적 기술하
281,1,"지원자가 동료와 협력하여 성취한 일 중에서 가장 기억에 남는 일과, 그것을 성취하기 위해 어떠한 노력을 하였고, 이를 통해 느낀 점은 무엇인지 기술하여 주십시오.",지원자 동료 협력 성취한 가장 기억 그것 성취하기 어떠한 노력 하였고 느낀 무엇인지 기술
282,1,"공사 사업분야 중 지원자가 가장 관심을 갖고 있는 분야를 1가지 선정하고, 본인의 지식, 경험, 경력을 어떻게 해당 분야에 활용할 수 있을 지 기술하여 주십시오.",공사 사업분야 지원자 가장 관심 갖고 분야 1가지 선정 본인 지식 경험 경력 어떻게 해당 분야 활용할 기술
283,1,"성장 과정에서 가장 크게 성취감을 느낀 사례를 구체적으로 설명해주십시오. (최대 1,500자 입력가능)",성장 과정 가장 크게 성취감 느낀 사례 구체적 설명해주
284,1,"자신의 경험 중 가장 도전적이었던 일은 무엇이며, 극복하기 위해 했던 행동, 노력, 생각을 구체적으로 기술하시오.",자신 경험 가장 도전적이었던 무엇 극복하기 했던 행동 노력 생각 구체적 기술하
285,1,"본인의 성장과정을 기술하되 현재의 자신에게 가장 큰 영향을 끼친 사건, 인물 등을 포함하여 기술하세요.",본인 성장과정 기술하되 현재 자신 가장 영향 끼친 사건 인물 포함 기술하
286,1,자신이 수행했던 일 중 가장 도전적인 활동에 대하여 기술해 주십시오. (600자),자신 수행했던 가장 도전적인 활동 기술해 600자
287,1,강원대학교병원의 핵심가치* 중 조직 발전을 위해 가장 중요하다고 생각하는 것은 무엇인지 본인의 경험을 바탕으로 기술해 주세요.,강원대학교병원 핵심가치 조직 발전 가장 중요하다고 생각 무엇인지 본인 경험 바탕 기술해
288,1,"본인이 지원한 직종에서 업무 수행을 잘 하기 위해 가장 중요한 능력(지식, 태도 등)은 무엇이라고 생각하는지 그 이유를 들고, 이를 습득하기 위해 노력했던 경험을 기술해 주세요.",본인 지원한 직종 업무 수행 하기 가장 중요한 능력 무엇이라고 생각하는지 이유 들고 습득하기 노력했던 경험 기술해
289,1,본인의 노력으로 타인과의 갈등을 해결한 경험을 바탕으로 갈등 해결 또는 사전 방지를 위해 가장 중요한 요소는 무엇이라고 생각하는지 기술해 주세요.,본인 노력 타인과 갈등 해결한 경험 바탕 갈등 해결 사전 방지 가장 중요한 요소 무엇이라고 생각하는지 기술해
290,1,에코마케팅 블로그 [에코 이야기]에서는 다양한 에코인들의 스토리를 소개하고 있습니다. 인터뷰이 중 자신의 생각과 가장 닮아 있다고 생각하는 사람은 누구이며 그 이유는 무엇인가요?,에코마케팅 블로그 에코 이야기에서 다양한 에코인들 스토리 소개 인터뷰 자신 생각 가장 닮아 있다고 생각 사람 누구 이유 무엇인가요
291,1,삼화페인트 인재상 중 자신과 가장 근접한 항목에 대한 경험을 기술하시오,삼화페인트 인재상 자신 가장 근접한 항목 경험 기술하
292,1,"소속된 집단내 가장 어려웠던 갈등상황은 무엇이며, 이를 극복하기 위해 어떠한 노력을 기울였는지 기술해 주십시오.",소속된 집단내 가장 어려웠던 갈등상황 무엇 극복하기 어떠한 노력 기울였는지 기술해
293,1,최근 대학 관련 이슈 중 가장 중요하다고 생각되는 한 가지를 언급하고 이에 대한 자신의 견해를 기술해 주십시오.,최근 대학 이슈 가장 중요하다고 생각되 가지 언급 자신 견해 기술해
294,1,"본인이 경험한 단체생활 또는 조직생활 중 가장 열정적으로 노력했었던 활동에 대해 작성해주십시오. [활동의 이유, 결과 등]",본인 경험한 단체생활 조직생활 가장 열정적 노력했었던 활동 대해 작성해주 활동 이유
295,1,"자기소개서 무기체계는 특정한 운용 목적을 달성하기 위한 무기를 중심으로 구성된 주요 장비 및 관련되는 기재의 총체로, 당사의 경우는 유도무기/감시정찰/지휘통제통신/항공전자/전자전/무인로봇/사이버전/M&S/IPS를 의미합니다. 자신을 가장 잘 표현할 수 있는 당사의 무기체계 또는 무기를 선택하고, 어떠한 점이 본인을 잘 표현했다고 생각했는지 이유를 작성해주세요.",자기소개서 무기체계 특정한 운용 목적 달성하기 무기 중심 구성된 주요 장비 관련되 기재 총체 당사 경우 유도무기감시정찰지휘통제통신항공전자전자전무인로봇사이버전MSIPS 의미 자신 가장 표현할 당사 무기체계 무기 선택 어떠한 본인 표현했다고 생각했는지 이유 작성해
296,1,자신의 삶에 가장 큰 영향을 미친 인물이나 사건을 포함하여 본인의 성장과정을 기술하여 주십시오. (0/500자),자신 가장 영향 미친 인물 사건 포함 본인 성장과정 기술
297,1,"회사를 선택하거나 지원할 때 본인이 가장 중요하게 생각하는 기준에 대해 작성하고, 기준을 충족하는 여러 회사 중 특히 주택도시보증공사에 지원한 이유를 기술해보십시오.(0/500자)",회사 선택하거 지원할 본인 가장 중요하게 생각 기준 대해 작성 기준 충족 여러 회사 특히 주택도시보증공사 지원한 이유 기술해보
298,1,살아오면서 겪었던 가장 큰 갈등 상황 및 이를 해결했던 사례를 설명해 주십시오. (0/500자),살아오면서 겪었던 가장 갈등 상황 해결했던 사례 설명해
299,1,공공기관 직원으로서 갖추어야 하는 가장 중요한 가치가 무엇인지 본인의 생각을 말씀해 보세요. (0/500자),공공기관 직원으로서 갖추어야 가장 중요한 가치 무엇인지 본인 생각 말씀해
300,1,"본인만의 특별한 역량, 남들과 차별되는 경쟁력은 무엇이며 이를 통해 본인을 가장 잘 표현 할 수 있는 문구(or 키워드)는 무엇인지 쓰시오.",본인만 특별한 역량 남들 차별되 경쟁력 무엇 본인 가장 표현 문구 무엇인지
301,1,"자신에게 주어졌던 일 중 가장 어려웠던 경험은 무엇이었습니까? 그 일을 하게 된 이유와 그때 느꼈던 감정, 진행하면서 가장 어려웠던 점과 그것을 극복하기 위해 했던 행동과 생각, 결과에 대해 최대한 구체적으로 작성해 주십시오. (1000 자 10 단락 이내)",자신 주어졌던 가장 어려웠던 경험 무엇이었습니까 하게 이유 그때 느꼈던 감정 진행하면서 가장 어려웠던 그것 극복하기 했던 행동 생각 결과 대해 구체적 작성해
302,1,"이제까지 가장 강하게 소속감을 느꼈던 조직은 무엇이었으며, 그 조직의 발전을 위해 헌신적으로 노력했던 것 중 가장 기억에 남는 경험은 무엇입니까? 개인적으로 더 많은 노력을 기울였던 일과 그 때 했던 행동과 생각, 결과에 대해 구체적으로 작성해 주십시오. (1000 자 10 단락 이내)",이제 가장 강하게 소속감 느꼈던 조직 무엇이었으며 조직 발전 헌신적 노력했던 가장 기억 경험 무엇입니까 개인적 노력 기울였던 했던 행동 생각 결과 대해 구체적 작성해
303,1,"자신에게 요구된 것보다 더 높은 목표를 스스로 세워 시도했던 경험 중 가장 기억에 남는 것은 무엇입니까? 목표 달성 과정에서 아쉬웠던 점이나 그 때 느꼈던 자신의 한계는 무엇이고, 이를 극복하기 위해 했던 행동과 생각, 결과에 대해 최대한 구체적으로 작성해 주십시오. (1000 자 10 단락 이내)",자신 요구된 목표 스스 세워 시도했던 경험 가장 기억 무엇입니까 목표 달성 과정 아쉬웠던 느꼈던 자신 한계 무엇 극복하기 했던 행동 생각 결과 대해 구체적 작성해
304,1,[사회활동] 학업 이외에 관심과 열정을 가지고 했던 다양한 경험 중 기억에 남는 것을 구체적으로 기술해주십시오.,사회활동 학업 이외 관심 열정 가지고 했던 다양한 경험 기억 구체적 기술해주
305,1,"당사 인재상(세계로, 미래로, 하나로) 중 자신을 가장 잘 표현하는 것을 선택하여 경험적 사례를 통해 설명해 주세요. 600자",당사 인재상 자신 가장 표현 선택 경험적 사례 설명해 600자
306,1,"존경하는 인물, 여행스타일, 친구들과의 여행 중 본인의 역할, 가장 시간을 많이 투자하는 행위",존경 인물 여행스타일 친구들과 여행 본인 역할 가장 시간 투자 행위
307,1,지원한 직무분야와 관련하여 가장 중요하다고 생각하는 역량 2가지와 그 이유에 대해 기술해 주십시오. * 한글 500자 이내 및 16라인 이내로 작성,지원한 직무분야 관련 가장 중요하다고 생각 역량 2가지 이유 대해 기술해 한글 16라인 이내 작성
308,1,"본인을 한단계 성장하게 한 사건이나 경험은 무엇이며, 본인이 노력한 과정과 이를 통해 얻은 교훈은 무엇인지 기술하여 주십시오.",본인 한단계 성장하게 사건 경험 무엇 본인 노력한 과정 교훈 무엇인지 기술
309,1,"홈플러스 익스프레스 5대 가치 중 가장 중요하다 생각하는 1가지를 선택하고, 그 사유에 대해 기술하십시오. 1. 무결품 2. 선도관리 3. 가격불만 Zero 4. 청결과 안전 5. 신속한 계산",홈플러스 익스프레스 5대 가치 가장 중요하다 생각 1가지 선택 사유 대해 기술하 무결품 선도관리 가격불 Zero 청결 안전 신속한 계산
310,1,학업 이외 관심과 열정을 가지고 했던 경험 중 가장 기억에 남는 것을 서술해주세요. 800,학업 이외 관심 열정 가지고 했던 경험 가장 기억 서술해 800
311,1,"본인이 살면서 이룬 가장 큰 성과는 무엇입니까? 왜 그렇게 생각하는지 기술하고, 사례를 구체적으로 소개해 주십시오.",본인 살면서 이룬 가장 성과 무엇입니까 그렇게 생각하는지 기술 사례 구체적 소개해
312,1,"현재(또는 과거) 본인이 소속된 단체나 조직 중 가장 애착이 가는 곳에 대해 소개하고, 본인의 역할과 기여한 바에 대해 서술해 주세요.",현재 본인 소속된 단체 조직 가장 애착 대해 소개 본인 역할 기여한 대해 서술해
313,1,본인은 어떤 일을 할 때 가장 에너지가 넘치나요? 자신에게 있어 가장 인상적인 성취 경험에 대하여 소개 해 주세요.,본인 어떤 가장 에너지 넘치나요 자신 있어 가장 인상적인 성취 경험 소개
314,1,"항공기개발, 생산, 운영 또는 항공산업 발전을 위해 가장 중요하게 생각하는 것은 무엇이며, 그 이유에 대해 작성해주시기 바랍니다.",항공기개발 생산 운영 항공산업 발전 가장 중요하게 생각 무엇 이유 대해 작성해주시기 바랍니다
315,1,지금까지 경험했던 실수 중 가장 기억에 남는 실수에 대해 구체적으로 서술해 주십시오. 700,지금 경험했던 실수 가장 기억 실수 대해 구체적 서술해 700
316,1,학업 의외에 관심을 가지고 했던 경험 중 가장 도전적이었던 경험을 구체적으로 서술해 주십시오. 700,학업 의외 관심 가지고 했던 경험 가장 도전적이었던 경험 구체적 서술해 700
317,1,"본인이 직면했던 가장 큰 어려움은 무엇인가요? 내용, 해결방법과 당시 행동, 생각, 결과에 대해 기술하여 주십시요.",본인 직면했던 가장 어려움 무엇인가요 내용 해결방법 당시 행동 생각 결과 대해 기술 주십시요
318,1,"한국철도공사 직원으로서 가장 중요하게 생각해야 할 가치는 무엇이라고 생각하며, 지원자는 평소 해당 가치를 실현하기 위해 어떤 노력을 하는지 구체적으로 작성해 주십시오.",한국철도공사 직원으로서 가장 중요하게 생각 가치 무엇이라고 생각 지원자 평소 해당 가치 실현하기 어떤 노력 하는지 구체적 작성해
319,1,"지원분야에 필요한 지식, 기술, 태도 중 지원자가 가장 중요하게 생각하는 점은 무엇이며 이를 갖추기 위해 구체적으로 어떤 노력을 했는지 작성해 주십시오.",지원분야 필요한 지식 기술 지원자 가장 중요하게 생각 무엇 갖추기 구체적 어떤 노력 했는지 작성해
320,1,"①본인의 인생 애니메이션 하나를 선택하고, ②가장 인상 깊었던 점과 ③그것이 본인의 가치관에 어떤 영향을 미쳤는지 구체적으로 작성해주세요. (1,000자 이내)",본인 인생 애니메이션 하나 선택 가장 인상 깊었던 그것 본인 가치관 어떤 영향 미쳤는지 구체적 작성해
321,1,자신이 수행했던 일 중 가장 도전적인 활동에 대하여 기술해 주십시오. (0/600),자신 수행했던 가장 도전적인 활동 기술해
322,1,"타인을 배려한 경험 중에서 가장 의미가 있었던 경험 한 가지를 언급하고 왜 그런 행동을 했는지 기술하여 주십시오.(400자, 800bytes)",타인 배려한 경험 가장 의미 있었던 경험 가지 언급 그런 행동 했는지 기술
323,1,"가장 도전적인 목표를 세우고, 성취한 구체적인 경험, 행동, 성과 등을 기술하여 주십시오. (400자, 800bytes)",가장 도전적인 목표 세우고 성취한 구체적인 경험 행동 기술
324,1,"(대인관계능력) 업무 수행 중 동료 또는 고객과의 관계에서 어려움을 겪었을 때 자신이 가장 중요하게 생각하는 것은 무엇이며, 이를 바탕으로 어떻게 문제를 해결했는지 구체적으로 기술하시오.",업무 수행 동료 고객과 관계 어려움 겪었 자신 가장 중요하게 생각 무엇 바탕 어떻게 문제 해결했는지 구체적 기술하
325,1,"[성장과정] 가장 힘들었던 경험 및 도전을 기술하고, 이를 극복한 방법에 대해 기술해 주십시오. 800",성장과정 가장 힘들었던 경험 도전 기술 극복한 방법 대해 기술해 800
326,1,"가치관이 다른 사람과 함께 일할 때 본인이 생각하는 가장 중요한 것은 무엇이며, 그 이유와 관련된 사례를 약술하십시오.",가치관 다른 사람 일할 본인 생각 가장 중요한 무엇 이유 관련된 사례 약술하
327,1,자신의 성격이 가진 가장 좋은 점과 고치고 싶은 점에 대하여 기술해 주십시오.,자신 성격 가진 가장 고치고 기술해
328,1,"지금까지 살아오며 가장 열정적이고, 도전적으로 임했던 일과 그로 인해 느낀 점을 기술해 주십시오.",지금 살아오며 가장 열정적 도전적 임했던 인해 느낀 기술해
329,1,사회 활동 : 학업 이외에 관심과 열정을 가지고 했던 다양한 경험 중에 가장 기억에 남는 활동을 기술해 주세요. 800,사회 활동 학업 이외 관심 열정 가지고 했던 다양한 경험 가장 기억 활동 기술해 800
330,1,성장 과정에서 자신의 성격에 가장 큰 영향을 미친 사건에 대해 기술하시오. (700자 이내),성장 과정 자신 성격 가장 영향 미친 사건 대해 기술하
331,1,가장 감명깊었던 영화/소설/시/음악은 무엇이며 본인에게 어떠한 영향을 주었는지 기술하여 주십시오 (200자),가장 감명깊었던 영화소설시음악 무엇 본인 어떠한 영향 주었는지 기술 200자
332,1,"지금까지 본인의 경험 중 가장 창의적이라고 생각하는 사례에 대해 기술하여 주십시오. 4-1.그때가 언제, 무슨 일을 할 때 였습니까? 현재 0 Bytes / 200 Bytes 이내",지금 본인 경험 가장 창의적이라고 생각 사례 대해 기술 그때 언제 무슨 였습니까 현재 Bytes 200 Bytes 이내
333,1,본인의 삶에서 가장 중요하게 여기는 가치는 무엇인지 작성해주시기 바랍니다.(1000자 이내),본인 가장 중요하게 여기 가치 무엇인지 작성해주시기 바랍니다
334,1,"지원자가 학업수행 또는 취업준비 과정에서 겪은 가장 큰 어려움은 무엇이었으며, 어려움을 극복하기 위해 어떠한 노력을 하였고, 이를 통해 느낀 점은 무엇이었는지 기술해 주십시오.",지원자 학업수행 취업준비 과정 가장 어려움 무엇이었으며 어려움 극복하기 어떠한 노력 하였고 느낀 무엇이었는지 기술해
335,1,"본인을 가장 잘 표현할 수 있는 단어와, 그 이유를 자유롭게 기술해 주세요. (최소 200, 최대 500)",본인 가장 표현할 단어 이유 자유롭게 기술해
336,1,"성취지향, 지원자가 지금까지 수행했던 업무, 연구, 과제 중 가장 큰 성취를 이룬 경험과 관련하여 해당 성취 결과에 대해 간략히 기술하여 주십시오.",성취지향 지원자 지금 수행했던 업무 연구 과제 가장 성취 이룬 경험 관련 해당 성취 결과 대해 간략히 기술
337,1,"성취지향, 지원자가 지금까지 수행했던 업무, 연구, 과제 중 가장 큰 성취를 이룬 경험과 관련하여 해당 성취를 이루는 과정에서 겪은 어려움과, 어려움을 극복한 과정에 대해 기술해 주십시오.",성취지향 지원자 지금 수행했던 업무 연구 과제 가장 성취 이룬 경험 관련 해당 성취 이루 과정 어려움 어려움 극복한 과정 대해 기술해
338,1,"열정을 가지고 몰입했던 경험, 창의적인 아이디어를 가지고 목표를 이루어낸 경험, 가장 힘들었던 경험과 그것을 통해 깨달은 점 중 한 가지를 선택하여 구체적으로 기술해주십시오.",열정 가지고 몰입했던 경험 창의적인 아이디어 가지고 목표 이루어낸 경험 가장 힘들었던 경험 그것 깨달 가지 선택 구체적 기술해주
339,1,"자신이 가장 큰 의미를 부여할 수 있는 도전의 경험은 무엇이며 그 이유는 무엇입니까? 도전의 계기와 이유, 과정과 결과를 기술하여 주십시오.",자신 가장 의미 부여할 도전 경험 무엇 이유 무엇입니까 도전 계기 이유 과정 결과 기술
340,1,자신이 가장 중요하게 여기는 윤리적 원칙은 무엇입니까? 일반적 정의가 아닌 본인 스스로의 정의를 내리고 이를 실천했던 사례와 과정을 기술하여 주십시오.,자신 가장 중요하게 여기 윤리적 원칙 무엇입니까 일반적 정의 아닌 본인 스스로 정의 내리고 실천했던 사례 과정 기술
341,1,지금까지 살아오면서 해결해야 했던 가장 어려운 과제는 무엇이었는지에 대해 기술하십시오. (500자),지금 살아오면서 해결 했던 가장 어려운 과제 무엇이었는지 대해 기술하 500자
342,1,"본인 스스로 세워본 가장 도전적인 목표는 무엇이며, 그것을 달성하기 위해 기울였던 노력과 결과를 구체적으로 기술해주세요.",본인 스스 세워본 가장 도전적인 목표 무엇 그것 달성하기 기울였던 노력 결과 구체적 기술해
343,1,"가장 자신 있는 또는 좋아하는 컴퓨터공학 관련 이수 과목명과 성적, 그리고 해당 과목을 택한 이유를 각각 기재해 주세요.* 최대 6개까지 작성해 주세요. * 비전공자여서 학교에서 이수한 과목이 없을 경우, 개발자가 되기 위해 별도로 공부했던 컴퓨터공학 관련 학습내용을 작성해 주세요. * 작성예시 : 컴퓨터구조 / A / 컴퓨터 구조 전반에 대한 기본기를 탄탄한 갖출 수 있는 수업이었습니다. #관심분야와의 연관성 #기본에 대한 관심 #탄탄한 기본기",가장 자신 좋아 컴퓨터공학 이수 과목명 성적 그리고 해당 과목 택한 이유 각각 기재해 최대 6개 작성해 비전공자여서 학교 이수한 과목 경우 개발자 되기 별도 공부했던 컴퓨터공학 학습내용 작성해 작성예시 컴퓨터구조 컴퓨터 구조 전반 기본기 탄탄한 갖출 수업이었 관심분야와 연관성 기본 관심 탄탄한 기본기
344,1,"귀하의 인생에서 가장 중요한 가치가 무엇인지 설명하고, 이를 현대백화점그룹이 지향하는 6가지 핵심가치와 연결지어 설명하시오.(500자)",귀하 인생 가장 중요한 가치 무엇인지 설명 현대백화점그룹 지향 6가지 핵심가치 연결지어 설명하시오500자
345,1,"본인을 가장 잘 표현할 수 있는 단어 3가지를 제시하고, 그 이유에 대해 설명하시오.(500자)",본인 가장 표현할 단어 3가지 제시 이유 대해 설명하시오500자
346,1,귀하가 가장 중요하게 생각하는 공공기관 직원이 가져야할 직업윤리는 무엇이며 그렇게 생각하는 이유에 대해 본인의 경험이나 가치관을 중심으로 서술하여 주십시오.(500~1000자 이내),귀하 가장 중요하게 생각 공공기관 직원 가져야할 직업윤리 무엇 그렇게 생각 이유 대해 본인 경험 가치관 중심 서술
347,1,"본인을 가장 잘 표현할 수 있는 수식어 또는 단어를 제시하고, 그 이유를 설명하시오. [1000바이트]",본인 가장 표현할 수식어 단어 제시 이유 설명하 1000바이트
348,1,"최근 경험해 본 가장 혁신적이거나 편리했던 디지털 금융서비스(타사 서비스 포함)에 대해 설명하고, 보다 개선할 수 있는 점이 있다면 기술하시오. [1500바이트]",최근 경험해 가장 혁신적이거 편리했던 디지털 금융서비스 대해 설명 개선할 있다면 기술하 1500바이트
349,1,"본인이 살아오면서 경험한 가장 큰 성과와 가장 큰 실패에 대해 작성하고, 그 경험을 통해 배운 것이 무엇인지 서술하십시오.",본인 살아오면서 경험한 가장 성과 가장 실패 대해 작성 경험 배운 무엇인지 서술하
350,1,사회 활동 : 학업 이외에 관심과 열정을 가지고 했던 다양한 경험 중에 가장 기억에 남는 것을 기술해 주세요. 800,사회 활동 학업 이외 관심 열정 가지고 했던 다양한 경험 가장 기억 기술해 800
351,1,지원하신 직무(분야)에서 가장 중요한 능력이나 기술은 무엇이라고 생각하며 본인이 그것을 갖추기 위해 노력한 것과 입사 후 능력이나 기술을 어떻게 활용할 것인지 중심으로 서술해 주십시오. (800/800),지원하신 직무분야 가장 중요한 능력 기술 무엇이라고 생각 본인 그것 갖추기 노력한 입사 능력 기술 어떻게 활용할 것인지 중심 서술해
352,1,본인이 회사를 선택 할 때 가장 중요하게 생각하는 것과 한미약품이 그것과 어떻게 부합하는지 기술하여 주십시오,본인 회사 선택 가장 중요하게 생각 한미약품 그것 어떻게 부합하는지 기술
353,1,엘리트 한미인상 중 본인에게 가장 적합한 1가지를 선택하여 사례를 소개하여 주십시오,엘리트 한미인상 본인 가장 적합한 1가지 선택 사례 소개
354,1,최근 당면한 가장 어려웠던 문제 상황을 기술하고 이를 해결하기 위해 어떤 행동을 취했는지 기술하시오.,최근 당면한 가장 어려웠던 문제 상황 기술 해결하기 어떤 행동 취했는지 기술하
355,1,지금까지 귀하의 가장 큰 성취 및 실패에 대하여 서술하시오.(500자).,지금 귀하 가장 성취 실패 서술하시오500자
356,1,살아오면서 가장 힘들었던 일과 이를 극복했던 사례를 서술해 주세요.,살아오면서 가장 힘들었던 극복했던 사례 서술해
357,1,지금의 나를 있게 한 가장 중요한 사건에 대해 구체적으로 기술해주세요.* 700자 이내로 내용을 입력해주세요.,지금 있게 가장 중요한 사건 대해 구체적 기술해 내용 입력해
358,1,재학 또는 재직기간 동안 가장 뛰어난 업적은 무엇입니까? 그리고 왜 그렇게 생각하는지 기술해 주십시오.,재학 재직기간 동안 가장 뛰어난 업적 무엇입니까 그리고 그렇게 생각하는지 기술해
359,1,본인이 그동안 이룬 가장 큰 성취경험과 실패경험에 대해서 기술해 주십시오. (최대 500자 입력가능),본인 그동안 이룬 가장 성취경험 실패경험 기술해
360,1,"최근 방송, 디지털 콘텐츠 중 ①자신이 가장 재밌게 시청한 프로그램 또는 콘텐츠를 선정하고 ②이에 대한 이유와 ③이후 발전 방향에 대해 구체적으로 작성해주세요. (1,000자 이내)",최근 방송 디지털 콘텐츠 자신 가장 재밌게 시청한 프로그램 콘텐츠 선정 이유 이후 발전 방향 대해 구체적 작성해
361,1,살면서 가장 소속감을 가졌던 조직(or커뮤니티)의 발전을 위해 열의를 다했던 경험과 이를 통해 어떤 것을 얻을 수 있었는지 기술해주세요. (1400byte 이내),살면서 가장 소속감 가졌던 조직 발전 열의 다했던 경험 어떤 있었는지 기술해
362,1,"지금까지 가장 애정을 갖고 열정적으로 이루어낸 성과가 있다면 무엇이고, 이를 통해 느낀 점은 무엇입니까? 또한 이러한 경험을 우리은행에서 어떻게 활용할 수 있을지 구체적으로 기술하여 주십시오.1197/1200 (바이트 수(2 byte), 공백 포함)",지금 가장 애정 갖고 열정적 이루어낸 성과 있다면 무엇 느낀 무엇입니까 또한 이러한 경험 우리은행 어떻게 활용할 있을지 구체적 기술 주십시오11971200 공백 포함
363,1,학업 의외에 관심을 가지고 했던 경험 중 가장 도전적이었던 경험을 구체적으로 서술해 주십시오.,학업 의외 관심 가지고 했던 경험 가장 도전적이었던 경험 구체적 서술해
364,1,"귀하가 생각하는 직장인이 가져야 할 가장 필요한 지식이나 기술 또는 가치관을 작성하고, 이와 관련한 본인의 경험을 근거로 서술하시오.",귀하 생각 직장인 가져야 가장 필요한 지식 기술 가치관 작성 관련한 본인 경험 근거 서술하
365,1,"본인이 살아오면서 경험한 가장 큰 성공(성과)과 가장 큰 실패에 대해 작성해 주십시오 (최대 1,000자 입력가능)",본인 살아오면서 경험한 가장 성공성과 가장 실패 대해 작성해
366,1,"한국남동발전 입사 후 업무를 수행함에 있어 가장 중요한 원칙과 사회생활을 함에 있어 가장 중요한 원칙은 각각 무엇이며, 그렇게 생각하는 이유를 본인의 가치관과 경험을 바탕으로 구체적으로 기술해주십시오",한국남동발전 입사 업무 수행함 있어 가장 중요한 원칙 사회생활 있어 가장 중요한 원칙 각각 무엇 그렇게 생각 이유 본인 가치관 경험 바탕 구체적 기술해주
367,1,"한정된 자원을 어떻게 활용하였고, 이 때 가장 중요하게 고려하였던 점은 무엇이었습니까?[ 50자 이상 200자 이내 ]",한정된 자원 어떻게 활용하였고 가장 중요하게 고려하였던 무엇이었습니까
368,1,"디지털 생활 금융 플랫폼을 구축 하는데 있어 가장 중요 하다고 생각되는 요소는 무엇인지 본인의 경험을 들어 설명하고, 이와 관련하여 본인이 입행 후 기여 할 수 있는 방안에 대해 기술해 주십시오.",디지털 생활 금융 플랫폼 구축 하는데 있어 가장 중요 하다고 생각되 요소 무엇인지 본인 경험 들어 설명 관련 본인 입행 기여 방안 대해 기술해
369,1,"「몰입」이 가진 힘에 대하여 본인의 생각을 서술하고, 자신이 살아오면서 가장 몰입했던 경험과 그 과정에서 느낀점에 대해 구체적으로 기술해 주십시오.",몰입 가진 본인 생각 서술 자신 살아오면서 가장 몰입했던 경험 과정 느낀점 대해 구체적 기술해
370,1,"본인이 살아오면서 가장 도전적이었거나 가장 인상 깊었던 경험을 기술하세요 (예. 프로젝트 및 공모전 경험, 학회/동아리 등 단체활동, 인턴/아르바이트 등 사회경험, 리더십 수행 경험, 역량개발 경험, 해외경험, 국내/외 봉사활동 등",본인 살아오면서 가장 도전적이었거 가장 인상 깊었던 경험 기술하 프로젝트 공모전 경험 학회동아리 단체활동 인턴아르바이트 사회경험 리더십 수행 경험 역량개발 경험 해외경험 국내외 봉사활동
371,1,성장 과정 중 가장 도전적이고 어려웠던 일화와 그것을 극복한 사례를 기술해 주세요. (글자 수 제한 없음),성장 과정 가장 도전적 어려웠던 일화 그것 극복한 사례 기술해
372,1,"남동발전 입사 후 업무를 수행함에 있어 가장 중요한 원칙과 사회생활을 함에 있어 가장 중요한 원칙은 각각 무엇이며, 그렇게 생각하는 이유를 본인의 가치관과 경험을 바탕으로 구체적으로 기술해주십시오",남동발전 입사 업무 수행함 있어 가장 중요한 원칙 사회생활 있어 가장 중요한 원칙 각각 무엇 그렇게 생각 이유 본인 가치관 경험 바탕 구체적 기술해주
373,1,"성취한 일 중에서 가장 기억에 남는 일과, 그것을 성취하기 위해 어떠한 노력을 했는지? (600)",성취한 가장 기억 그것 성취하기 어떠한 노력 했는지 600
374,1,지원하신 직무(분야)에서 가장 중요한 능력이나 기술은 무엇이라고 생각하며 본인이 그것을 갖추기 위해 노력한 것과 입사 후 능력이나 기술을 어떻게 활용할 것인지 중심으로 서술해 주십시오.,지원하신 직무분야 가장 중요한 능력 기술 무엇이라고 생각 본인 그것 갖추기 노력한 입사 능력 기술 어떻게 활용할 것인지 중심 서술해
375,1,"세아상역의 인재상 5가지(홈페이지 참조)중 자신과 가장 유사한 인재상이 무엇이며, 그 인재상과 관련하여 본인이 이룬 성취경험에 대해 서술하시오",세아상역 인재상 5가지 자신 가장 유사한 인재상 무엇 인재상 관련 본인 이룬 성취경험 대해 서술하
376,1,본인이 가장 즐겨보는 유튜브 채널과 그 이유는 무엇입니까? (500자 이내),본인 가장 즐겨보 유튜브 채널 이유 무엇입니까
377,1,"본인의 성장과정을 간략히 기술하되(200자) 현재의 자신에게 가장 큰 영향을 끼친 사건, 인물 등을 포함하여 기술하시기 바랍니다. (",본인 성장과정 간략히 기술하되200자 현재 자신 가장 영향 끼친 사건 인물 포함 기술하시기 바랍니다
378,1,삶에 대한 본인의 가치관을 가장 잘 표현한 단어나 문장은 무엇이며 그 가치관이 형성되는데 가장 큰 영향을 끼친 일이나 인물이 있다면 설명해주십시오.,본인 가치관 가장 표현한 단어 문장 무엇 가치관 형성되는데 가장 영향 끼친 인물 있다면 설명해주
379,1,학교 생활이나 사회 경험 중 가장 어려웠거나 힘들었던 경험은 무엇이 있으며 어떻게 문제를 해결하고 극복했는지 작성해주십시오.,학교 생활 사회 경험 가장 어려웠거 힘들었던 경험 무엇 있으며 어떻게 문제 해결 극복했는지 작성해주
380,1,"본인이 가장 재미를 느끼고 몰입하여 본 경험이나 주도적인 노력을 통해 긍정적인 변화를 이루었던 경험을 작성해주십시오,",본인 가장 재미 느끼고 몰입 경험 주도적인 노력 긍정적인 변화 이루었던 경험 작성해주
381,1,"[필수] 가장 자신 있는 또는 좋아하는 컴퓨터공학 관련 이수 과목명과 성적, 그리고 해당 과목을 택한 이유를 각각 기재해 주세요. * 최대 6개까지 작성해 주세요. * 비전공자여서 학교에서 이수한 과목이 없을 경우, 개발자가 되기 위해 별도로 공부했던 컴퓨터공학 관련 학습내용을 작성해 주세요. * 작성예시 : 컴퓨터구조 / A / 컴퓨터 구조 전반에 대한 기본기를 탄탄한 갖출 수 있는 수업이었습니다. #관심분야와의 연관성 #기본에 대한 관심 #탄탄한 기본기",필수 가장 자신 좋아 컴퓨터공학 이수 과목명 성적 그리고 해당 과목 택한 이유 각각 기재해 최대 6개 작성해 비전공자여서 학교 이수한 과목 경우 개발자 되기 별도 공부했던 컴퓨터공학 학습내용 작성해 작성예시 컴퓨터구조 컴퓨터 구조 전반 기본기 탄탄한 갖출 수업이었 관심분야와 연관성 기본 관심 탄탄한 기본기
382,1,"본인의 가장 힘들었던 경험과, 이를 극복하기 위해 어떤 노력을 하였는지 기술해 주세요.",본인 가장 힘들었던 경험 극복하기 어떤 노력 하였는지 기술해
383,1,우리 공사에 가장 부합된다고 판단되는 인재상을 기술하시오.,우리 공사 가장 부합된다고 판단되 인재상 기술하
384,1,"가장 자신 있는 또는 좋아하는 컴퓨터공학 관련 이수 과목명과 해당 과목의 성적을 기재해주세요. * 성적이 좋았던 과목 또는 좋아했던 과목을 최대 6개까지 작성해주세요. * 비전공자여서 학교에서 이수한 과목이 없을 경우, 개발자가 되기 위해 별도로 공부했던 컴퓨터공학 관련 학습내용을 작성해주세요. * 작성예시 : 자신있는/좋아했던 과목 [컴퓨터구조 A, 알고리즘 B+, 데이터구조 B, …] #관심분야와의 연관성 #기본에 대한 관심 #탄탄한 기본기",가장 자신 좋아 컴퓨터공학 이수 과목명 해당 과목 성적 기재해 성적 좋았던 과목 좋아했던 과목 최대 6개 작성해 비전공자여서 학교 이수한 과목 경우 개발자 되기 별도 공부했던 컴퓨터공학 학습내용 작성해 작성예시 자신있는좋아했던 과목 컴퓨터구조 알고리즘 데이터구조 관심분야와 연관성 기본 관심 탄탄한 기본기
385,1,자신의 가장 자랑스러운 성취 경험 또는 자신을 가장 힘들게 했던 실패 경험은 무엇이었으며 그것을 달성 또는 극복하기 위해 했던 노력에 대해 구체적으로 서술하시오.,자신 가장 자랑스러운 성취 경험 자신 가장 힘들게 했던 실패 경험 무엇이었으며 그것 달성 극복하기 했던 노력 대해 구체적 서술하
386,1,성장과정 중 본인의 현재 모습에 가장 큰 영향을 준 사항을 기술 바랍니다.,성장과정 본인 현재 모습 가장 영향 사항 기술 바랍니다
387,1,본인의 경험 중 가장 큰 성공 경험과 가장 큰 실패 경험을 작성해주세요. 최소 30자 / 1000자 제한,본인 경험 가장 성공 경험 가장 실패 경험 작성해 최소 30자 1000자 제한
388,1,"기업 경영과 관련된 여러가지 사회적 변화 속에서, SBS가 경쟁력 있는 기업으로 성장하기 위하여 가장 신경 써야 하는 부분은 무엇일까요? 최소 30자 / 1000자 제한",기업 경영 관련된 여러가지 사회적 변화 SBS 경쟁력 기업 성장하기 가장 신경 써야 부분 무엇일까요 최소 30자 1000자 제한
389,1,고객에게 가장 맞는 신기술 서비스를 전달하는 곳,고객 가장 신기술 서비스 전달
390,1,지금까지 학교 생활 및 여러 조직에서 생활을 해오면서 가장 중요한 부분이 무엇인지 설명해 주십시오 (300자 이내),지금 학교 생활 여러 조직 생활 해오면서 가장 중요한 부분 무엇인지 설명해
391,1,"우리원의 핵심가치 중 하나를 선택하고, 이를 위해 본인이 가장 노력했던 경험을 기술해 주세요. (1,000자 제한)",우리원 핵심가치 하나 선택 본인 가장 노력했던 경험 기술해
392,1,"괄호 안에 제시된 키워드 중 본인을 가장 잘 표현하거나, 혹은 본인이 추구하는 바와 가장 유사한 2가지를 선정하고 그 이유를 설명하여 주십시오. (1,000자 이내)",괄호 제시된 키워드 본인 가장 표현하거 본인 추구 가장 유사한 2가지 선정 이유 설명
393,1,살아오면서 가장 도전적이었던 경험과 이를 통해 무엇을 성취할 수 있었는지 기술해주십시오 (4000bytes),살아오면서 가장 도전적이었던 경험 무엇 성취할 있었는지 기술해주
394,1,"성장과정에서 부모, 가족으로부터 가장 인상적인 경험을 구체적으로 기술하여 주십시오. (최대 500자 입력가능)",성장과정 부모 가족으로 가장 인상적인 경험 구체적 기술
395,1,한국콜마의 인재상인 4성 5행 中 가장 중요하다고 생각하는 것을 택 1 하여 그 정신이 왜 필요한지 기술하여 주십시오. (최대 500자 입력가능),한국콜마 인재상인 4성 5행 가장 중요하다고 생각 정신 필요한지 기술
396,1,"개선, 변화를 시도하면서 가장 어려웠던 점은 무엇이며, 그것을 어떻게 극복하셨는지 서술하십시오. (250자)",개선 변화 시도하면서 가장 어려웠던 무엇 그것 어떻게 극복하셨는지 서술하 250자
397,1,단체활동 중 가장 어려웠던 경험 또는 가장 보람 있는 경험을 서술하십시오.(150자),단체활동 가장 어려웠던 경험 가장 보람 경험 서술하십시오150자
398,1,"한국남동발전 입사 후 업무를 수행함에 있어 가장 중요한 원칙과 사회생활을 함에 있어 가장 중요한 원칙은 각각 무엇이며, 그렇게 생각하는 이유를 본인의 가치관과 경험을 바탕으로 구체적으로 기술해주십시오 700자",한국남동발전 입사 업무 수행함 있어 가장 중요한 원칙 사회생활 있어 가장 중요한 원칙 각각 무엇 그렇게 생각 이유 본인 가치관 경험 바탕 구체적 기술해주 700자
399,1,"직장 또는 단체생활에서 구성원에게 가장 필요한 태도, 역량은 무엇이라고 생각하는지 본인의 경험을 바탕으로 설명하십시오.",직장 단체생활 구성원 가장 필요한 역량 무엇이라고 생각하는지 본인 경험 바탕 설명하
400,1,문제상황에 대한 해결 및 극복방법- 1) 업무 혹은 과제를 수행하는 중에 발생한 문제상황에 대한 주요내용 2) 문제상황 중 가장 우려되었던 부분과 극복방법 (최대글자수 800),문제상황 해결 극복방법 업무 과제 수행 발생한 문제상황 주요내용 문제상황 가장 우려되었던 부분 극복방법
401,1,조직이해 및 직무에 대한 가치관- 서울의료원의 비전 및 핵심가치 중 자신과 가장 부합되는 것을 한가지 이상 선택하여 기술 (최대글자수 800),조직이해 직무 가치관 서울의료원 비전 핵심가치 자신 가장 부합되 한가지 이상 선택 기술
402,1,본인의 가장 뛰어난 역량은 무엇인가요?,본인 가장 뛰어난 역량 무엇인가요
403,1,지금까지 본인이 한 일 중 가장 창조적이고 혁신적인 것은 무엇이였나요?,지금 본인 가장 창조적 혁신적인 무엇이였나요
404,1,엘리트 한미인상 중 본인에게 가장 적합한 1가지를 선택하여 사례를 소개하여 주십시오.,엘리트 한미인상 본인 가장 적합한 1가지 선택 사례 소개
405,1,"성취한 일 중에서 가장 기억에 남는 일과, 그것을 성취하기 위해 어떠한 노력을 했는지?",성취한 가장 기억 그것 성취하기 어떠한 노력 했는지
406,1,"지원자에게 가장 큰 영향을 끼친 실패 혹은 성공 경험에 대해 기술하고, 그 경험 이후 지원자가 어떻게 달라졌는지에 대해 기술하시오.",지원자 가장 영향 끼친 실패 성공 경험 대해 기술 경험 이후 지원자 어떻게 달라졌는지 대해 기술하
407,1,"가장 열정적으로 도전했던 경험은 무엇이며 그 경험을 시작한 계기 및 과정, 그리고 구체적으로 성취한 바를 기술해 주세요.",가장 열정적 도전했던 경험 무엇 경험 시작한 계기 과정 그리고 구체적 성취한 기술해
408,1,"이제까지 가장 강하게 소속감을 느꼈던 조직은 무엇이었으며, 그 조직의 발전을 위해 ""헌신적""으로 노력했던 것 중 가장 기억에 남는 경험은 무엇입니까? 개인적으로 더 많은 노력을 기울였던 일과 그 때 했던 행동과 생각, 결과에 대해 최대한 구체적으로 작성해 주십시오. (1000 자 10 단락 이내)",이제 가장 강하게 소속감 느꼈던 조직 무엇이었으며 조직 발전 헌신적 노력했던 가장 기억 경험 무엇입니까 개인적 노력 기울였던 했던 행동 생각 결과 대해 구체적 작성해
409,1,"한정된 자원을 어떻게 활용하였고, 이 때 가장 중요하게 고려하였던 점은 무엇이었습니까?",한정된 자원 어떻게 활용하였고 가장 중요하게 고려하였던 무엇이었습니까
410,1,최근 3년내 가장 어려웠던 도전은 무엇이었으며 그 경험을 통해 무엇을 배웠는지 기술해 주십시오.,최근 3년내 가장 어려웠던 도전 무엇이었으며 경험 무엇 배웠는지 기술해
411,1,사회활동 : 학업 이외에 관심과 열정을 가지고 했던 경험 중 가장 기억에 남는 것을 구체적으로 기술해주세요.,사회활동 학업 이외 관심 열정 가지고 했던 경험 가장 기억 구체적 기술해
412,1,"본인의 성장과정을 간략히 기술하되 현재의 자신에게 가장 큰 영향을 끼친 사건, 인물 등을 포함하여 기술하시기 바랍니다.(*작품속 가상인물도 가능)",본인 성장과정 간략히 기술하되 현재 자신 가장 영향 끼친 사건 인물 포함 기술하시기 바랍니다
413,1,"서울산업진흥원의 핵심가치 ① 융합 ② 혁신 ③ 네트워크 중 본인에게 부합되는 가치는 무엇이며, 그 이유에 대해 기술해 주십시오. - 3개의 핵심가치 중 본인에게 가장 부합하는 가치를 선택하고, 해당 가치를 실천하여 조직 또는 개인적으로 긍정적인 성과를 창출한 사례를 구체적으로 기술할 것 (최대 500자 입력가능)",서울산업진흥원 핵심가치 융합 혁신 네트워크 본인 부합되 가치 무엇 이유 대해 기술해 3개 핵심가치 본인 가장 부합 가치 선택 해당 가치 실천 조직 개인적 긍정적인 성과 창출한 사례 구체적 기술할
414,1,본인의 성장과 관련하여 가장 자랑스러운 경험은 무엇이며 그 이유는 무엇인지 구체적으로 기술해 주십시오. (최대 600자 입력가능),본인 성장 관련 가장 자랑스러운 경험 무엇 이유 무엇인지 구체적 기술해
415,1,"본인의 성장과정을 간략히 기술하되, 가장 힘들었던 시기와 사유, 그 시기를 극복하기 위해 어떠한 노력을 기울였는지 기술해 주십시오.",본인 성장과정 간략히 기술하되 가장 힘들었던 시기 사유 시기 극복하기 어떠한 노력 기울였는지 기술해
416,1,"가치관이 다른 사람과 함께 일할 때 본인이 생각하는 가장 중요한 것은 무엇이며, 그 이유와 관련된 사례를 약술하십시오. (1200 Bytes 이내)",가치관 다른 사람 일할 본인 생각 가장 중요한 무엇 이유 관련된 사례 약술하
417,1,최근 3년 내 가장 어려웠던 도전은 무엇이었으며 그 경험을 통해 무엇을 배웠는지 기술해 주십시오. (최대 700자 입력가능),최근 3년 가장 어려웠던 도전 무엇이었으며 경험 무엇 배웠는지 기술해
418,1,"[공통]본인의 인생 중 가장 도전적 목표라고 생각되는 사례를 기재해 주세요. (최대 1,000자 입력가능)",공통본인 인생 가장 도전적 목표라고 생각되 사례 기재해
419,1,본인을 가장 잘 표현할 수 있는 Key Word 3가지를 가지고 학업 시절 및 성장과정을 소개해 주십시오.,본인 가장 표현할 Key Word 3가지 가지고 학업 시절 성장과정 소개해
420,1,"본인이 경험 하였던 일중 가장 성공한 사례와 실패한 사례를 각각 이유, 결과를 포함해 기술해 주십시오.",본인 경험 하였던 일중 가장 성공한 사례 실패한 사례 각각 이유 결과 포함해 기술해
421,1,사회활동: 학업 이외에 관심과 열정을 가지고 했던 다양한 경험 중 가장 기억에 남는 것을 구체적으로 기술해주세요.,사회활동 학업 이외 관심 열정 가지고 했던 다양한 경험 가장 기억 구체적 기술해
422,1,"부산교통공사에서 추진(또는 운영)중인 사업 중 입사 후 본인이 가장 자신있게 담당할 수 있을 것 같은 사업과 역할, 이유에 대해 기술하시오.",부산교통공사 추진 중인 사업 입사 본인 가장 자신있게 담당할 사업 역할 이유 대해 기술하
423,1,"목표 달성을 위해 어떤 계획을 세웠고, 계획을 실천하는 과정에서 가장 어려웠던 점과 이를 어떻게 극복하였는지 기술해 주십시오. (400자 이내)",목표 달성 어떤 계획 세웠고 계획 실천 과정 가장 어려웠던 어떻게 극복하였는지 기술해
424,1,대화를 진행하는 과정에서 가장 중요하게 생각한 점은 무엇이었는지 기술해 주십시오. (200자 이내),대화 진행 과정 가장 중요하게 생각한 무엇이었는지 기술해
425,1,수강했던 전공 또는 교양과목 중 가장 관심 있었던 두 과목을 선택하고 그 이유를 작성바랍니다. (한글 750자),수강했던 전공 교양과목 가장 관심 있었던 과목 선택 이유 작성바랍니다
426,1,자신의 인생 경험 중 가장 힘들었을 때와 그것을 극복하기 위해 했던 일을 구체적으로 기술해 주십시오.(1000자 내외)*,자신 인생 경험 가장 힘들었 그것 극복하기 했던 구체적 기술해
427,1,우리 회사에서 가장 성과를 내보고 싶은 분야는 어떠한 것이 있습니까?,우리 회사 가장 성과 내보고 분야 어떠한 있습니까
428,1,"자신을 표현할 수 있으며, 가장 가치있게 생각하는 Lifestyle을 정의하여 진솔하게 작성해 주세요. ① 다양한 가치관, 취미 등 모든 측면에서 관심을 갖게된 계기와 그 이유 ② Lifestyle 추구하는 나만의 활동 방식을 포함하여 작성 (1,500자 이내)",자신 표현할 있으며 가장 가치있게 생각 Lifestyle 정의 진솔하게 작성해 다양한 가치관 취미 모든 측면 관심 갖게된 계기 이유 Lifestyle 추구 나만 활동 방식 포함 작성
429,1,본인이 참여했던 프로젝트 중 가장 기억에 남았던 경우과 그 이유를 입력하여 주십시오,본인 참여했던 프로젝트 가장 기억 남았던 경우 이유 입력
430,1,"[대인관계능력] 과제 혹은 업무 수행 중 타인과의 관계에서 어려움을 겪었을 때 자신이 가장 중요하게 생각하는 것은 무엇이며, 이를 바탕으로 어떻게 문제를 해결했는지 구체적으로 기술. (700자)",대인관계능력 과제 업무 수행 타인과 관계 어려움 겪었 자신 가장 중요하게 생각 무엇 바탕 어떻게 문제 해결했는지 구체적 기술 700자
431,1,본인이 경험했던 가장 어려운 일과 그 것을 어떻게 극복하였는지 소개해 주세요.,본인 경험했던 가장 어려운 어떻게 극복하였는지 소개해
432,1,앞으로 10년 안에 가장 크게 이루고 싶은 부분은 무엇인가요?,10년 가장 크게 이루고 부분 무엇인가요
433,1,"한국가스기술공사에서 중요하게 생각하는 인재상은 다음과 같습니다.1) 새로운 세계에 도전하는 사람2) 헌신적인 열정을 가진 사람3) 고객의 문제해결에 유능한 사람?세 가지 인재상 중 자신과 가장 부합된다고 생각하는 인재상을 하나 선택하여, 구체적인 사례를 포함하여?그렇게 생각하는 이유를 기술하여 주십시오.",한국가스기술공사 중요하게 생각 인재상 다음 같습니다1 새로운 세계 도전 사람2 헌신적인 열정 가진 사람3 고객 문제해결 유능한 사람세 가지 인재상 자신 가장 부합된다고 생각 인재상 선택 구체적인 사례 포함하여그렇게 생각 이유 기술
434,1,직장생활에서 본인이 생각하는 가장 중요한 가치와 본인을 가장 잘 나타내는 키워드를 이야기하고 그 이유를 기술해 주십시오.,직장생활 본인 생각 가장 중요한 가치 본인 가장 나타내 키워드 이야기 이유 기술해
435,1,본인이 단체 생활 중 가장 힘들었던 경험과 그 경험을 통해 얻은 것은 무엇인지 기술해 주십시오,본인 단체 생활 가장 힘들었던 경험 경험 무엇인지 기술해
436,1,최근 대학 관련 이슈 중 가장 중요하다고 생각되는 한 가지를 언급하고 이에 대한 자신의 견해 및 서울대학교의 역할을 기술해 주십시오,최근 대학 이슈 가장 중요하다고 생각되 가지 언급 자신 견해 서울대학교 역할 기술해
437,1,우리 재단에 가장 부합된다고 판단되는 인재상을 기술하시오.,우리 재단 가장 부합된다고 판단되 인재상 기술하
438,1,"학업 외 본인이 가장 많은 시간을 투자하고 있는 활동은 무엇이며, 그 활동을 통해 무엇을 얻었는지 구체적으로 기술해주십시오. (500)",학업 본인 가장 시간 투자 활동 무엇 활동 무엇 얻었는지 구체적 기술해주 500
439,1,"최근 5년 이내 자신의 경험 중 가장 어려웠던 결정은 무엇이며, 그러한 결정을 내린 기준과(또는 이유와) 결과에 대하여 기술해주십시오. (500)",최근 5년 이내 자신 경험 가장 어려웠던 결정 무엇 그러한 결정 내린 기준 결과 기술해주 500
440,1,"자신의 역량보다 더 높은 목표를 세워 시도했던 경험 중 가장 기억에 남는 경험의 과정과 결과를 설명하고, 이를 통해 배운 점을 기술해주십시오. (500)",자신 역량 목표 세워 시도했던 경험 가장 기억 경험 과정 결과 설명 배운 기술해주 500
441,1,"cj제일제당의 제품 및 서비스 중 가장 선호하는 것을 1개 선정하고, 타사 유사 제품 및 서비스 대비 강점 및 보완점을 작성해 주세요.",cj제일제당 제품 서비스 가장 선호 1개 선정 타사 유사 제품 서비스 대비 강점 보완점 작성해
442,1,본인이 회사를 선택 할 때 가장 중요하게 생각하는 것과 한미약품이 그것과 어떻게 부합하는지 기술하여 주십시오.,본인 회사 선택 가장 중요하게 생각 한미약품 그것 어떻게 부합하는지 기술
443,1,"최근 3년 내 가장 어려웠던 도전은 무엇이었으며, 그 경험을 통해 무엇을 배웠는지 기술해 주십시오. (최대 700자 입력가능)",최근 3년 가장 어려웠던 도전 무엇이었으며 경험 무엇 배웠는지 기술해
444,1,본인의 가장 큰 장점과 단점은 무엇입니까?,본인 가장 장점 단점 무엇입니까
445,1,지원하는 직무에 가장 영향을 끼친 인물 또는 사건에 대해 서술하여 주십시오.,지원 직무 가장 영향 끼친 인물 사건 대해 서술
446,1,자신의 인생 경험 중 가장 힘들었을 때와 그것을 극복하기 위해 했던 일을 구체적으로 기술해 주세요. (700자 내외),자신 인생 경험 가장 힘들었 그것 극복하기 했던 구체적 기술해
447,1,살아오면서 가장 도전적이었던 경험과 이를 통해 무엇을 성취할 수 있었는지 기술해 주십시오. *,살아오면서 가장 도전적이었던 경험 무엇 성취할 있었는지 기술해
448,1,"경력, 경험 중 가장 우수한 사례에 대해 본인의 역할, 행동, 주요성과를 기술바랍니다.",경력 경험 가장 우수한 사례 대해 본인 역할 행동 주요성과 기술바랍니다
449,1,학업 또는 직장생활 이외에 열정을 가지고 했던 경험 가운데 기억에 남는 성공 또는 실패한 사례를 기술하시오,학업 직장생활 이외 열정 가지고 했던 경험 가운데 기억 성공 실패한 사례 기술하
450,1,"한국과학기술정보연구원의 인재상의 요소 중 자신을 가장 잘 드러낼 수 있는 하나를 택하고, 그 이유를 설명할 수 있는 사례나 객관적 근거를 기술하시오",한국과학기술정보연구원 인재상 요소 자신 가장 드러낼 하나 이유 설명할 사례 객관적 근거 기술하
451,1,학업 외 가장 열정적이고 도전적으로 몰입하여 성과를 창출했거나 목표를 달성한 경험을 기술하시오*,학업 가장 열정적 도전적 몰입 성과 창출했거 목표 달성한 경험 기술하
452,1,"SPC그룹의 핵심가치 중 한 가지를 선택하고, 그와 관련하여 가장 인상 깊었던 사례와 그 이유는 무엇인지 서술해 주십시오(600)",SPC그룹 핵심가치 가지 선택 관련 가장 인상 깊었던 사례 이유 무엇인지 서술해 주십시오600
453,1,"자신이 경험한 가장 큰 실수는 무엇이며, 그 실수를 해결하기 위해 노력한 과정과 본인이 얻은 교훈은 무엇인지 기술하여 주십시오.",자신 경험한 가장 실수 무엇 실수 해결하기 노력한 과정 본인 교훈 무엇인지 기술
454,1,현재 연재중인 네이버웹툰 작품 중 가장 좋아하는 작품 3개를 선택해 가장 친한 친구/지인에게 추천한다고 생각하고 설명해주세요.,현재 연재중인 네이버웹툰 작품 가장 좋아 작품 3개 선택해 가장 친한 친구지인 추천한다고 생각 설명해
455,1,"인터넷 광고에서 가장 중요하다고 생각하는 요소는 무엇이며, 왜 그렇게 생각하시나요?",인터넷 광고 가장 중요하다고 생각 요소 무엇 그렇게 생각하시나요
456,1,최근 경험한 광고 중 가장 기억에 남는 광고(구매나 액션에 크게 영향을 미친)와 그 이유를 설명해주세요.,최근 경험한 광고 가장 기억 광고 이유 설명해
457,1,"공동체의 일원으로서 가장 중요하게 생각하는 가치를 제시하고, 그 가치를 실천했던 경험을 기술하여 주십시오.",공동체 일원으로서 가장 중요하게 생각 가치 제시 가치 실천했던 경험 기술
458,1,본인에게 가장 영향을 끼쳤거나 인상 깊은 역사적 사건이나 인물에 대해 간략히 설명하고 교훈점이나 시사점에 대해 기술하여 주십시오 최소 100byte 이상 1000byte 이내,본인 가장 영향 끼쳤거 인상 역사적 사건 인물 대해 간략히 설명 교훈점 시사점 대해 기술 최소 100byte 이상 1000byte 이내
459,1,본인의 성장과정 중 현재의 자신에게 가장 큰 영향을 끼친 사건을 기술하시오. (600자 이내 ),본인 성장과정 현재 자신 가장 영향 끼친 사건 기술하
460,1,"SPC그룹의 핵심가치 중 한 가지를 선택하고, 그와 관련하여 가장 인상 깊었던 사례와 그 이유는 무엇인지 서술해 주십시오. (600자)",SPC그룹 핵심가치 가지 선택 관련 가장 인상 깊었던 사례 이유 무엇인지 서술해 600자
461,1,"본인의 성장과정을 간략히 기술하되 현재의 자신에게 가장 큰 영향을 끼친 사건, 인물 등을 포함하여 기술하시기 바랍니다",본인 성장과정 간략히 기술하되 현재 자신 가장 영향 끼친 사건 인물 포함 기술하시기 바랍니다
462,1,"공동체의 일원으로서 가장 중요하게 생각하는 가치를 제시하고, 그 가치를 실천 했던 경험을 기술하여 주십시오.",공동체 일원으로서 가장 중요하게 생각 가치 제시 가치 실천 했던 경험 기술
463,1,"지금까지 가장 애정을 갖고 열정적으로 이루어낸 성과가 있다면 무엇이고, 이를 통해 느낀 점은 무엇입니까? 또한 이러한 경험을 우리은행에서 어떻게 활용할 수 있을지 구체적으로 기술하여 주십시오. (1200byte)",지금 가장 애정 갖고 열정적 이루어낸 성과 있다면 무엇 느낀 무엇입니까 또한 이러한 경험 우리은행 어떻게 활용할 있을지 구체적 기술
464,1,성장과정 중 본인의 현재 모습에 가장 큰 영향을 준 사항을 기술 바랍니다. (최대 500자 입력가능),성장과정 본인 현재 모습 가장 영향 사항 기술 바랍니다
465,1,"인생을 살면서 본인이 가장 소속감을 느꼈던 집단은 무엇이며, 그 집단 내에서 타인과 협업했던 경험에 대해서 자유롭게 이야기 해 주세요. [500자 이상 700자 이내]",인생 살면서 본인 가장 소속감 느꼈던 집단 무엇 집단 타인 협업했던 경험 자유롭게 이야기
466,1,[조직이해능력] 지금까지 학교 및 여러 조직에서 생활을 해 오면서 조직생활에서 가장 중요한 부분이 무엇이라고 느꼈는지 경험을 중심으로 설명해 주십시오,조직이해능력 지금 학교 여러 조직 생활 오면서 조직생활 가장 중요한 부분 무엇이라고 느꼈는지 경험 중심 설명해
467,1,지금까지 가장 열정적/혁신적으로 임하여 성과를 이룬 경험과 그 과정에서 배운 교훈을 기술해 주시기 바랍니다.(700),지금 가장 열정적혁신적 성과 이룬 경험 과정 배운 교훈 기술해 주시기 바랍니다700
468,1,평소 내가 가장 좋아하는 일은 무엇인지 구체적인 경험을 바탕으로 서술해 주십시오(600자),평소 가장 좋아 무엇인지 구체적인 경험 바탕 서술해 주십시오600자
469,1,우리 공기업에 가장 부합된다고 판단되는 인재상을 기술하시오. (100자 이상 입력) (최대 800자 입력가능),우리 공기업 가장 부합된다고 판단되 인재상 기술하
470,1,"자기소개 입력. - 상기 KDB Way 중 본인과 가장 부합하는 것 두 가지를 선택하고, 그렇게 생각하는 이유를 본인의 경험, 교육, 경력사항 등을 들어 구체적으로 기술할 것",자기소개 입력 상기 KDB Way 본인 가장 부합 가지 선택 그렇게 생각 이유 본인 경험 교육 경력사항 들어 구체적 기술할
471,1,[직업윤리] 공공기관에 근무하는 사람에게 가장 필요한 덕목이 무엇인가를 기술해 주십시오.,직업윤리 공공기관 근무 사람 가장 필요한 덕목 무엇인가 기술해
472,1,하기의 가치관중 본인이 가장 우선시하는 항목과 사유를 말씀해주세요.,하기 가치관중 본인 가장 우선시 항목 사유 말씀해
473,1,지금까지 본인이 한일 중에 가장 창조적이고 혁신적인 것은 무엇이었나요?,지금 본인 한일 가장 창조적 혁신적인 무엇이었나요
474,1,"입사 후 3년 내 이루고자 하는 목표를 TP 핵심가치(헌신, 신뢰, 전문성) 중 자신과 가장 잘 부합하는 역량과 결부시켜 기술해 주십시오.(300)",입사 3년 이루고자 목표 TP 핵심가치 자신 가장 부합 역량 결부시켜 기술해 주십시오300
475,1,(인재상) 충남대학교병원의 인재상은 위와 같습니다. 위의 4가지 인재상 중 자신과 가장 적합하다고 생각하는 것 하나를 선택하여 그렇게 생각하는 이유를 구체적인 사례와 근거(행위에 따른 결과 등)를 포함하여 기술 (300자이내),인재상 충남대학교병원 인재상 4가지 인재상 자신 가장 적합하다고 생각 하나 선택 그렇게 생각 이유 구체적인 사례 근거 포함 기술
476,1,[공통]본인의 인생에서 가장 잘 한 선택에 대하여 기술하시오. [ 100자 이상 600자 이내 ],공통본인 인생 가장 선택 기술하
477,1,"학업 외 본인이 가장 많은 시간을 투자하고 있는 활동은 무엇이며, 그 활동을 통해 무엇을 얻었는지 구체적으로 기술해주십시오.",학업 본인 가장 시간 투자 활동 무엇 활동 무엇 얻었는지 구체적 기술해주
478,1,"최근 5년 이내 자신의 경험 중 가장 어려웠던 결정은 무엇이며, 그러한 결정을 내린 기준과(또는 이유와) 결과에 대하여 기술해주십시오.",최근 5년 이내 자신 경험 가장 어려웠던 결정 무엇 그러한 결정 내린 기준 결과 기술해주
479,1,"자신의 역량보다 더 높은 목표를 세워 시도했던 경험 중 가장 기억에 남는 경험의 과정과 결과를 설명하고, 이를 통해 배운 점을 기술해주십시오.",자신 역량 목표 세워 시도했던 경험 가장 기억 경험 과정 결과 설명 배운 기술해주
480,1,우리 KIAN(기아인)들은 다음과 같은 네 가지 인재상을 닮아 가려고 노력합니다. 그 중에서 당신을 가장 잘 표현할 수 있는 한가지를 선택하여 경험적 사례를 통해 그 이유를 설명해 주세요.,우리 KIAN기아인들 다음 가지 인재상 닮아 가려고 노력 당신 가장 표현할 한가지 선택 경험적 사례 이유 설명해
481,1,"최근 본인이 가장 몰입했던 일을 하나 골라 설명하고, 그것이 본인에게 미친 영향과 이를 통해 느낀 점을 기술하여 주십시오.",최근 본인 가장 몰입했던 골라 설명 그것 본인 미친 영향 느낀 기술
482,1,"부산교통공사에서 추진(또는 운영)중인 사업 중 입사 후 본인이 가장 자신있게 담당할 수 있을 것 같은 사업과 역할, 이유에 대해 기술하시오.(350~500자)",부산교통공사 추진 중인 사업 입사 본인 가장 자신있게 담당할 사업 역할 이유 대해 기술하
483,1,"가장 소중하게 생각하는 것은 무엇이며, 그 이유에 대해 기술하시오.(1000자이내)",가장 소중하게 생각 무엇 이유 대해 기술하
484,1,"최근 귀하가 겪은 경험에 비추어 업무상 고객, 동료, 친구 등을 가장 만족시킨 사례를 기술해 주십시오.",최근 귀하 경험 비추어 업무상 고객 동료 친구 가장 만족시킨 사례 기술해
485,1,개인적 취미와 여가로 가장 몰입했던 경험 세 가지에 대해 기술해주십시오.,개인적 취미 여가 가장 몰입했던 경험 가지 대해 기술해주
486,1,학업이나 업무 중에 가장 힘들거나 어려웠던 사례에 대해 기술해 주십시오. 더불어 그 사례를 해결하기 위해 어떤 노력을 기울였는지 설명해주십시오.,학업 업무 가장 힘들거 어려웠던 사례 대해 기술해 더불어 사례 해결하기 어떤 노력 기울였는지 설명해주
487,1,지원자께서 팀 과제의 성공 및 효과적인 협업에 기여할 수 있는 사람임을 가장 잘 보여주는 최근 3년 이내의 사례를 기술하시오.,지원자께서 과제 성공 효과적인 협업 기여할 사람임 가장 보여주 최근 3년 이내 사례 기술하
488,1,"자신을 가장 잘 표현할 수 있는 무기체계와, 어떠한 점이 본인을 잘 표현하였다고 생각하였는지 이유를 작성해주세요.",자신 가장 표현할 무기체계 어떠한 본인 표현하였다고 생각하였는지 이유 작성해
489,1,나의 삶에 가장 큰 변화를 가져온 사건은 무엇이고 어떠한 의미가 있었는지 서술해 주십시오(300자),가장 변화 가져온 사건 무엇 어떠한 의미 있었는지 서술해 주십시오300자
490,1,"내가 대학생활에서 경험한 일 중, 가장 자랑스러웠던 경험은 무엇인지 서술해 주십시오(300자)",대학생활 경험한 가장 자랑스러웠던 경험 무엇인지 서술해 주십시오300자
491,1,귀하를 가장 잘 표현할 수 있는 상징단어와 그 이유는 무엇입니까?,귀하 가장 표현할 상징단어 이유 무엇입니까
492,1,근현대사 인물 중 귀하가 가장 존경하는 인물과 그 이유는 무엇입니까?,근현대사 인물 귀하 가장 존경 인물 이유 무엇입니까
493,1,현대자동차그룹의 5대 핵심가치 중에서 귀하가 가장 인상 깊게 경험한 사례 한가지를 소개바랍니다.-5대 핵심가치 中 택1,현대자동차그룹 5대 핵심가치 귀하 가장 인상 깊게 경험한 사례 한가지 소개바랍니다5대 핵심가치 택1
494,1,학업이외에 관심과 열정을 가지고 했던 다양한 경험 중에서 기억에 남는 것을 구체적으로 기술,학업이외 관심 열정 가지고 했던 다양한 경험 기억 구체적 기술
495,1,"공동체의 일원으로서 가장 중요하게 생각하는 가치를 제시하고, 그 가치를 실천했던 경험을 기술하여 주십시오",공동체 일원으로서 가장 중요하게 생각 가치 제시 가치 실천했던 경험 기술
496,1,"본인이 가진 가장 뛰어난 점과 그렇게 판단한 이유, 한국기술교육대학교 업무수행에서 나타날 수 있는 긍정적 효과에 대하여 기술해 주십시오.",본인 가진 가장 뛰어난 그렇게 판단한 이유 한국기술교육대학교 업무수행 나타날 긍정적 효과 기술해
497,1,살아오면서 가장 도전적이었던 경험과 이를 통해 무엇을 성취할 수 있었는지 기술해 주십시오,살아오면서 가장 도전적이었던 경험 무엇 성취할 있었는지 기술해
498,1,"C. 개선, 변화를 시도하면서 가장 어려웠던 점은 무엇이며, 그것을 어떻게 극복하셨는지 서술하십시오.",개선 변화 시도하면서 가장 어려웠던 무엇 그것 어떻게 극복하셨는지 서술하
499,1,Change A. 단체활동 중 가장 어려웠던 경험 또는 가장 보람이 있었던 경험을 서술하십시오.,Change 단체활동 가장 어려웠던 경험 가장 보람 있었던 경험 서술하
500,1,"지금까지 살아오면서 가장 어려운 일에 도전해 본 경험을 골라 구체적인 상황, 자신의 행동, 결과 등을 기술해 주십시오.(육체적인 도전 제외)",지금 살아오면서 가장 어려운 도전해 경험 골라 구체적인 상황 자신 행동 기술해
501,1,소속된 집단의 동료와 함께 추진 또는 실행한 경험 중 가장 기억에 남는 것은 무엇이었는지 기술하십시오 1000자,소속된 집단 동료 추진 실행한 경험 가장 기억 무엇이었는지 기술하 1000자
502,1,"은행원에게 가장 중요한 역량은 무엇이며, 해당 역량을 향상시키기 위한 노력이나 준비했던 경험이 있다면 기술하십시오 1000자.",은행원 가장 중요한 역량 무엇 해당 역량 향상시키기 노력 준비했던 경험 있다면 기술하 1000자
503,1,자기소개서- 자신에게 영향을 끼친 사건과 인물 등을 포함하여 본인이 가지고 있는 가장 중요한 가치관은 무엇인지 설명해 주세요.,자기소개서 자신 영향 끼친 사건 인물 포함 본인 가지고 가장 중요한 가치관 무엇인지 설명해
504,1,"최근 3년 내 가장 어려웠던 도전은 무엇이었으며, 그 경험을 통해 무엇을 배웠는지 기술해 주십시오.",최근 3년 가장 어려웠던 도전 무엇이었으며 경험 무엇 배웠는지 기술해
505,1,"여러분이 생각하는 ①가장 인상 깊었던 뮤지컬 마케팅 사례(SNS 콘텐츠, 이벤트 등)는 무엇이며, ②이를 선택한 이유와 ③더 많은 사람들에게 알리기 위한 본인만의 방법을 포함하여 구체적으로 작성해주세요. (1,000자 이내)",여러분 생각 가장 인상 깊었던 뮤지컬 마케팅 사례 무엇 선택한 이유 사람들 알리기 본인만 방법 포함 구체적 작성해
506,1,"지금까지 경험한 가장 큰 실패 및 이를 통해 깨달은 점에 대해 서술하시오. 1-2. 새로운 도전을 시도해본 경험 및 이를 통해 깨달은 점에 대해 서술하시오. → 위 1, 2번 중 희망하는 문항 1가지 선택",지금 경험한 가장 실패 깨달 대해 서술하 새로운 도전 시도해본 경험 깨달 대해 서술하 2번 희망 문항 1가지 선택
507,1,가치관 : 가장 인상 깊게 읽은 책과 그 책을 통해 어떠한 가치관의 변화가 있었는지 기술해주십시오.,가치관 가장 인상 깊게 어떠한 가치관 변화 있었는지 기술해주
508,1,"가장 자신있는 개발언어는 무엇이며, 본인의 개발 역량수준을 점수화(10점 만점 기준)하고 근거에 대해 기술해주세요.",가장 자신 개발언어 무엇 본인 개발 역량수준 점수화 근거 대해 기술해
509,1,새로운 변화 상황에서도 잘 적응했던 경험 중 가장 기억에 남는 경험을 구체적으로 기술해주십시오(1000자),새로운 변화 상황에서 적응했던 경험 가장 기억 경험 구체적 기술해주
510,1,본인을 가장 잘 표현할 수 있는 단어와 그 이유를 자유롭게 서술해 주십시오.,본인 가장 표현할 단어 이유 자유롭게 서술해
511,1,최근 3년 내 가장 어려웠던 도전은 무엇이었으며 그 경험을 통해 무엇을 배웠는지 기술해 주십시오. (최대 700자 입력가능) [전화위복 정신- 실력발휘를 통해 이겨낸 차별],최근 3년 가장 어려웠던 도전 무엇이었으며 경험 무엇 배웠는지 기술해 전화위복 정신 실력발휘 이겨낸 차별
512,1,"본인의 성장과정을 간략히 기술하되 현재의 자신에게 가장 큰 영향을 끼친 사건, 인물 등을 포함하여 기술하시기 바랍니다.(#작품속 가상인물도 가능) (1500자)",본인 성장과정 간략히 기술하되 현재 자신 가장 영향 끼친 사건 인물 포함 기술하시기 바랍니다
513,1,"자신에게 주어졌던 일 중 가장 어려웠던 경험과 극복하기 위한 노력, 배운점을 기술하시오.",자신 주어졌던 가장 어려웠던 경험 극복하기 노력 배운점 기술하
514,1,재학 또는 재직기간 동안 가장 뛰어난 업적,재학 재직기간 동안 가장 뛰어난 업적
515,1,자신을 가장 잘 나타낼 수 있는 단어와 그 이유를 기술해주세요 500,자신 가장 나타낼 단어 이유 기술해 500
516,1,학업 이외 인생에서 가장 즐겁게 몰입했던 경험 및 그 경험이 본인에게 미친 영향을 기술해 주세요 500,학업 이외 인생 가장 즐겁게 몰입했던 경험 경험 본인 미친 영향 기술해 500
517,1,"소중한경험 : 지금까지 살아오면서 가장 가슴 속 깊이 남아있는 즐거웠거나, 힘들었던 자신만의 소중한 경험을 기술해 주세요.",소중한경험 지금 살아오면서 가장 가슴 남아 즐거웠거 힘들었던 자신만 소중한 경험 기술해
518,1,"[대인관계능력]과제 혹은 업무 수행 중 타인과의 관계에서 어려움을 겪었을 때 자신이 가장 중요하게 생각하는 것은 무엇이며, 이를 바탕으로 어떻게 문제를 해결했는지 구체적으로 기술하시오. * [300자 이내]",대인관계능력과제 업무 수행 타인과 관계 어려움 겪었 자신 가장 중요하게 생각 무엇 바탕 어떻게 문제 해결했는지 구체적 기술하
519,1,"직업이나 직장을 선택할 때 가장 우선적으로 생각하는 가치는 어떤 것이며, 그 이유를 설명하시오.",직업 직장 선택할 가장 우선적 생각 가치 어떤 이유 설명하
520,1,"귀하가 지금까지 살아오면서 가장 힘들었던 때는 언제였으며, 이러한 역경을 어떻게 극복하였고 이를 통해 얻게된 교훈을 무엇인지 기술하시오.",귀하 지금 살아오면서 가장 힘들었던 언제였으며 이러한 역경 어떻게 극복하였고 얻게된 교훈 무엇인지 기술하
521,1,"성장과정을 간략히 기술하되 현재 자신에게 가장 큰 영향을 끼친 사건, 인물 등을 포함하여 기술하시오 / 600자",성장과정 간략히 기술하되 현재 자신 가장 영향 끼친 사건 인물 포함 기술하 600자
522,1,"지원자가 살아오면서 해결해야 했던 가장 어려운 과제는 무엇이었습니까? - 구체적으로 언제, 어떤 상황이었습니까? - 어떤 대안들을 모색했으며, 어떤 기준으로 하나의 대안을 선택하셨습니까? - 그 결과에 어느 정도 만족하십니까?",지원자 살아오면서 해결 했던 가장 어려운 과제 무엇이었습니까 구체적 언제 어떤 상황이었습니까 어떤 대안들 모색했으며 어떤 기준 하나 대안 선택하셨습니까 결과 어느 만족하십니까
523,1,자신의 삶에 가장 영향을 준 사건(또는 인물)과 그 전후의 사정을 구체적으로 설명하되 그에 관한 본인의 생각까지 서술해 주세요. (600자 이내),자신 가장 영향 사건 전후 사정 구체적 설명하되 본인 생각 서술해
524,1,본인의 노력 또는 희생으로 타인(가족 제외)에게 가장 유익한 영향을 끼친 사례를 상세히 서술하세요. (400자 이내),본인 노력 희생 타인 가장 유익한 영향 끼친 사례 상세히 서술하
525,1,"공동체의 일원으로서 가장 중요하게 생각하는 가치를 제시하고, 그 가치를 실천했던 경험을 기술하여 주십시오. 450자이내",공동체 일원으로서 가장 중요하게 생각 가치 제시 가치 실천했던 경험 기술
526,1,"본인이 가장 어려웠다고 생각하는 시기와 상황을 '간략히' 설명하고, 이를 극복하기 위해 '노력'한 과정을 설명해 주십시오.",본인 가장 어려웠다고 생각 시기 상황 간략히 설명 극복하기 노력한 과정 설명해
527,1,"자신이 경험했던 가장 어려웠던 일과, 그 일을 해결하기 위해 했던 행동 및 결과에 대해 설명해주세요. (400자 이내)",자신 경험했던 가장 어려웠던 해결하기 했던 행동 결과 대해 설명해
528,1,본인을 가장 잘 표현 할 수 있는 2가지 키워드를 이야기 하고 이유를 설명해주세요. (400자 이내),본인 가장 표현 2가지 키워드 이야기 이유 설명해
529,1,조직 및 집단생활에 있어서 가장 중요하다고 생각하는 것은 무엇인지 서술하시오,조직 집단생활 있어서 가장 중요하다고 생각 무엇인지 서술하
530,1,업무/과제를 수행중에 발생한 문제상황에 대한내용 /가장 우려부분과 극복방법,업무과제 수행중 발생한 문제상황 대한내용 가장 우려부분 극복방법
531,1,서울의료원의 비전 및 핵심가치 중 자신과 가장 부합되는 것을 한가지 이상 선택하여 기술,서울의료원 비전 핵심가치 자신 가장 부합되 한가지 이상 선택 기술
532,1,최근 5년 동안 본인이 문화예술분야에서 성취한 일 중에서 가장 자랑할 만한 것은 무엇입니까? 그것을 성취하기 위해 본인은 어떤 일을 했습니까?,최근 5년 동안 본인 문화예술분야 성취한 가장 자랑할 만한 무엇입니까 그것 성취하기 본인 어떤 했습니까
533,1,"가장 도전적인 목표를 세우고 성취해 낸 구체적인 경험, 자신의 행동, 결과 등을 기술",가장 도전적인 목표 세우고 성취해 구체적인 경험 자신 행동 기술
534,1,직업을 선택함에 있어서 본인에게 가장 중요한 가치 3가지와 수협은행을 지원한 이유를 기술해 주세요,직업 선택함 있어서 본인 가장 중요한 가치 3가지 수협은행 지원한 이유 기술해
535,1,사회활동 : 학업 이외에 관심과 열정을 가지고 했던 다양한 경험 중 가장 기억에 남는 것을 구체적으로 기술해주세오(800자 이내),사회활동 학업 이외 관심 열정 가지고 했던 다양한 경험 가장 기억 구체적 기술해주세오
536,1,"본인이 받았던 가장 도전적이거나 부정적인 피드백과 이에 대한 반응 및 개선을 위한 노력을 행동 기반으로 기술해 주십시오. (100자 이상, 350자 이내 작성)",본인 받았던 가장 도전적이거 부정적인 피드백 반응 개선 노력 행동 기반 기술해
537,1,"가장 좋아하는 맥주 브랜드는 무엇입니까? 해당 브랜드 인지도를 높이기 위한 아이디어 또는 제안을 기술해 주십시오. (100자 이상, 350자 이내 작성)",가장 좋아 맥주 브랜드 무엇입니까 해당 브랜드 인지도 높이기 아이디어 제안 기술해
538,1,수강했던 전공 또는 교양과목 중 가장 관심 있었던 두 과목을 선택하고 그 이유를 작성바랍니다.,수강했던 전공 교양과목 가장 관심 있었던 과목 선택 이유 작성바랍니다
539,1,소속된 집단의 동료와 함께 추진 또는 실행한 경험 중 가장 기억에 남는 것은 무엇이었는지 기술하십시오,소속된 집단 동료 추진 실행한 경험 가장 기억 무엇이었는지 기술하
540,1,"은행원에게 가장 중요한 역량은 무엇이며, 해당 역량을 향상시키기 위한 노력이나 준비했던 경험이 있다면 기술하십시오",은행원 가장 중요한 역량 무엇 해당 역량 향상시키기 노력 준비했던 경험 있다면 기술하
541,1,자기소개서 자신에게 영향을 끼친 사건과 인물 등을 포함하여 본인이 가지고 있는 가장 중요한 가치관은 무엇인지 설명해 주세요.,자기소개서 자신 영향 끼친 사건 인물 포함 본인 가지고 가장 중요한 가치관 무엇인지 설명해
542,1,"지금까지 가장 애정을 갖고 열정적으로 이루어낸 성과가 있다면 무엇이고, 이를 통해 느낀 점은 무엇입니까? 또한 이러한 경험을 우리은행에서 어떻게 활용할 수 있을지 기술",지금 가장 애정 갖고 열정적 이루어낸 성과 있다면 무엇 느낀 무엇입니까 또한 이러한 경험 우리은행 어떻게 활용할 있을지 기술
543,1,본인의 삶 속에서 가장 중요하다고 생각하는 가치 세 가지를 기술해 주세요,본인 가장 중요하다고 생각 가치 가지 기술해
544,1,"지원자에게 가장 잘 맞는 적성은 무엇이며, 그렇게 생각하는 이유를 기술해 주세요",지원자 가장 적성 무엇 그렇게 생각 이유 기술해
545,1,자신을 가장 잘 나타낼 수 있는 단어와 이유,자신 가장 나타낼 단어 이유
546,1,학업 이외에 가장 즐겁게 몰입했던 경험 및 본인에게 미친 영향,학업 이외 가장 즐겁게 몰입했던 경험 본인 미친 영향
547,1,"가장 열정, 도전적으로 임했던 일이 무엇이었으며 그 과정에서 어떠한 노력을 하였고 무엇을 배웠는지",가장 열정 도전적 임했던 무엇이었으며 과정 어떠한 노력 하였고 무엇 배웠는지
548,1,자신에게 요구된 것보다 더 높은 목표를 세워 시도했던 경험 중 가장 기억에 남는 것은 무엇입니까? 목표 달성 과정에서 아쉬웠던 점이나 목표 달성을 위해 실행한 구체적인 행동을 작성 하세요. [600자],자신 요구된 목표 세워 시도했던 경험 가장 기억 무엇입니까 목표 달성 과정 아쉬웠던 목표 달성 실행한 구체적인 행동 작성 600자
549,1,"이제까지 가장 강하게 소속감을 느꼈던 조직은 무엇이었으며, 그 조직의 발전을 위해 헌신적으로 노력했던 것 중 가장 기억에 남는 경험은 무엇입니까? [600자]",이제 가장 강하게 소속감 느꼈던 조직 무엇이었으며 조직 발전 헌신적 노력했던 가장 기억 경험 무엇입니까 600자
550,1,"본인을 가장 잘 표현할 수 있는 단어, 그 이유",본인 가장 표현할 단어 이유
551,1,본인의 인생에 가장 큰 영향을 미친 사건,본인 인생 가장 영향 미친 사건
552,1,"대립되는 입장이나 관점을 조정하기 위해 가장 중요한 것이 무엇이라고 생각하며,이를 위한 본인의 행동사례나 경험을 기술하시오.",대립되 입장 관점 조정하기 가장 중요한 무엇이라고 생각하며이 본인 행동사례 경험 기술하
553,1,가장 기억에 남는 성공 또는 실패한 경험에 대해서 말씀해주세요.,가장 기억 성공 실패한 경험 말씀해
554,1,"교내, 대외활동, 회사 등을 통해 협업을 하면서 가장 어려웠던 점은 무엇입니까? 그 어려운 점을 어떻게 해결해 나갔는지에 대해 말씀해주세요.",교내 대외활동 회사 협업 하면서 가장 어려웠던 무엇입니까 어려운 어떻게 해결해 나갔는지 대해 말씀해
555,1,공직자로서 갖추어야 할 소양 중 가장 중요하다고 생각하는 것과 그에 대한 사유를 말씀해주십시오.,공직자로서 갖추어야 소양 가장 중요하다고 생각 사유 말씀해주
556,1,경력 또는 경험사항 중 지원직무와 가장 연관성이 높은 대표적인 내용에 대하여 구체적 예시를들어 기술해주십시오.,경력 경험사항 지원직무 가장 연관성 대표적인 내용 구체적 예시를들어 기술해주
557,1,"농업기술실용화재단의 인재상은 ①실용인 ②전문인 ③창의인입니다. 세가지 인재상 중 자신과 가장 잘 부합된다고 생각하는 인재상을 하나 선택하고, 왜 적합한지 구체적 경험을 바탕으로 기술해 주십시오.(1000자 이내)",농업기술실용화재단 인재상 실용인 전문인 창의인 세가지 인재상 자신 가장 부합된다고 생각 인재상 선택 적합한지 구체적 경험 바탕 기술해
558,1,"다양한 은행업무 중 본인의 직무역량을 가장 잘 발휘할 수 있는 분야는 무엇이고, 그렇게 생각하는 이유를 관련경험을 통해 설명하시오.",다양한 은행업무 본인 직무역량 가장 발휘할 분야 무엇 그렇게 생각 이유 관련경험 설명하
559,1,가치관 확립에 가장 큰 영향을 준 인생 경험을 서술하시오.,가치관 확립 가장 영향 인생 경험 서술하
560,1,Asking Encar 무엇이든 물어보세요 : SK엔카닷컴의 CEO와 10분간 면담하는 자리가 주어진다면 가장 묻고 싶은 질문을 한가지 선정해주시고 그 이유 는 무엇인지 알려주세요,Asking Encar 무엇이든 물어보 SK엔카닷컴 CEO 10분간 면담 자리 주어진다면 가장 묻고 질문 한가지 선정해주시고 이유 무엇인지 알려
561,1,공동체의 일원으로서 가장 중요하게 생각하는 가치를 제시하고 그 가치를 실천했던 경험을 기술하여 주십시오,공동체 일원으로서 가장 중요하게 생각 가치 제시 가치 실천했던 경험 기술
562,1,우리 공사에 가장 부합된다고 판단되는 인재상을 기술하시오,우리 공사 가장 부합된다고 판단되 인재상 기술하
563,1,"지금까지 살아오면서 도전했던 경험 중 가장 큰 도전을 구체적으로 설명하고 도전 결과 성공했다면 성공의 이유, 실패했다면 얻은 교훈을 설명하시오",지금 살아오면서 도전했던 경험 가장 도전 구체적 설명 도전 성공했다면 성공 이유 실패했다면 교훈 설명하
564,1,직장 또는 단체생활에서 구성원에게 가장 필요한 태도/역량은 무엇이라고 생각하는지 본인의 경험을 바탕으로 설명 하십시오.,직장 단체생활 구성원 가장 필요한 태도역량 무엇이라고 생각하는지 본인 경험 바탕 설명
565,1,성장과정에서 본인의 가치관에 가장 큰 영향을 끼친 인물은 누구이며 어떠한 영향을 받았는지 설명하십시오.,성장과정 본인 가치관 가장 영향 끼친 인물 누구 어떠한 영향 받았는지 설명하
566,1,지금까지 경험한 좌절과 실수로부터 배운것을 작성하세요,지금 경험한 좌절 실수로 배운것 작성하
567,1,KCC 인재상 중 자신에게 가장 부합하는 항목을 선택하여 개인의 경험과 함께 구체적으로 기술 (250자),KCC 인재상 자신 가장 부합 항목 선택 개인 경험 구체적 기술 250자
568,1,(인재상) 충남대학교병원의 인재상은 위와 같습니다. 위의 4가지 인재상 중 자신과 가장 적합하다고 생각하는 것 하나를 선택하여 그렇게 생각하는 이유를 구체적인 사례와 근거(행위에 따른 결과 등)를 포함하여 기술,인재상 충남대학교병원 인재상 4가지 인재상 자신 가장 적합하다고 생각 하나 선택 그렇게 생각 이유 구체적인 사례 근거 포함 기술
569,1,"지금까지 가장 애정을 갖고 열정적으로 이루어낸 성과가 있다면 무엇이고, 이를 통해 느낀 점은 무엇입니까?",지금 가장 애정 갖고 열정적 이루어낸 성과 있다면 무엇 느낀 무엇입니까
570,1,"개인이 아닌, 단체의 일원으로서 구성원들과 협업을 통해 이룬 성과에 대해 작성해 주세요. 성과달성에 가장 큰 장애요인은 무엇이었으며, 어떻게 극복했는지와 본인의 역할에 대해서도 구체적으로 작성해 주세요.",개인 아닌 단체 일원으로서 구성원들 협업 이룬 성과 대해 작성해 성과달성 가장 장애요인 무엇이었으며 어떻게 극복했는지 본인 역할 대해서 구체적 작성해
571,1,"SPC그룹의 핵심가치(정직, 혁신, 협업) 중 한 가지를 선택하고, 그와 관련하여 가장 인상 깊었던 사례와 그 이유는 무엇인지 서술해 주십시오",SPC그룹 핵심가치 가지 선택 관련 가장 인상 깊었던 사례 이유 무엇인지 서술해
572,1,본인을 가장 잘 표현할 수 있는 단어를 선택하고 그 이유를 기술하시오 [ 100자 이상 500자 이내,본인 가장 표현할 단어 선택 이유 기술하
573,1,본인의 인생에 가장 큰 영향을 미친 사건에 대하여 기술하시오 [ 100자 이상 500자 이내],본인 인생 가장 영향 미친 사건 기술하
574,1,본인을 가장 잘 표현할 수 있는 단어와 그 이유를 서술하시오.,본인 가장 표현할 단어 이유 서술하
575,1,살아오면서 내 삶에 가장 큰 변화를 줬던 변곡점에 대해 얘기해주세요! 그 일을 전후로 무엇이 달라졌나요? (700자 이내),살아오면서 가장 변화 줬던 변곡점 대해 얘기해 전후 무엇 달라졌나요
576,1,"경제, 사회, 산업 어떤 이슈든 좋아요! 가장 관심 있었던 이슈를 들고, 그에 대한 견해를 자유롭게 기술해 주세요! (700자 이내)",경제 사회 산업 어떤 이슈든 좋아요 가장 관심 있었던 이슈 들고 견해 자유롭게 기술해
577,1,"귀하가 생각하는 ‘은행원에게 가장 중요한 가치’는 무엇이며, 그 이유는 무엇인지 약술하십시오.",귀하 생각 은행원 가장 중요한 가치 무엇 이유 무엇인지 약술하
578,1,소속된 집단의 동료와 함께 추진 또는 실행한 경험 중 가장 기억에 남는 것은 무엇인지 서술하십시오.,소속된 집단 동료 추진 실행한 경험 가장 기억 무엇인지 서술하
579,1,물건을 사는 것을 구매라고 합니다. 본인의 경험 중에 가장 효과적으로 구매한 경험을 서술해주십시오. (자동차와 연관될 수록 좋습니다.) (800자 이내),물건 구매라고 본인 경험 가장 효과적 구매한 경험 서술해주
580,1,직장 또는 단체생활에서 구성원에게 가장 필요한 태도/역량은 무엇이라고 생각하는지 본인의 경험을 바탕으로 설명,직장 단체생활 구성원 가장 필요한 태도역량 무엇이라고 생각하는지 본인 경험 바탕 설명
581,1,성장과정에서 본인의 가치관에 가장 큰 영향을 끼친 인물은 누구이며 어떠한 영향을 받았는지 설명하시오,성장과정 본인 가치관 가장 영향 끼친 인물 누구 어떠한 영향 받았는지 설명하
582,1,회사 생활에 있어 가장 중요한 것이 무엇인지 기술해주세요.,회사 생활 있어 가장 중요한 무엇인지 기술해
583,1,"Change C. 개선, 변화를 시도하면서 가장 어려웠던 점은 무엇이며, 그것을 어떻게 극복하셨는지 서술하십시오.",Change 개선 변화 시도하면서 가장 어려웠던 무엇 그것 어떻게 극복하셨는지 서술하
584,1,Team A. 단체활동 중 가장 어려웠던 경험 또는 가장 보람 있는 경험을 서술하십시오.,Team 단체활동 가장 어려웠던 경험 가장 보람 경험 서술하
585,1,"가장 강한 소속감을 느꼈던 조직(또는 집단)은 무엇이며, 그 속에서 경험한 갈등상황 및 그 해결과정을 구체적으로 기술하세요. (500 ~ 1500자)",가장 강한 소속감 느꼈던 조직 무엇 경험한 갈등상황 해결과정 구체적 기술하
586,1,자신이 이룬 가장 큰 성취,자신 이룬 가장 성취
587,1,본인의 회사선택에 있어 가장 중요시 여기는 가치와 ㈜오뚜기가 그 가치와 부합하는지 설명하십시오.,본인 회사선택 있어 가장 중요시 여기 가치 오뚜기 가치 부합하는지 설명하
588,1,학업 외 가장 열정적이고 도전적으로 몰입하여 성과를 창출했거나 목표를 달성한경험을 기술하시오,학업 가장 열정적 도전적 몰입 성과 창출했거 목표 달성한경험 기술하
589,1,"농협은행의 인재상 중 본인이 가장 중요하다고 생각되는 한 가지를 선택하고, 그렇게 생각하는 이유를 사례를 통해 기술하시오.",농협은행 인재상 본인 가장 중요하다고 생각되 가지 선택 그렇게 생각 이유 사례 기술하
590,1,내가 가장 잘하는 일과 가장 좋아하는 일은 각각 무엇인지 구체적인 경험을 바탕으로 서술해 주십시오. (600자),가장 가장 좋아 각각 무엇인지 구체적인 경험 바탕 서술해 600자
591,1,"대학생활에서 경험한 일(학업, 취업 관련 제외) 중, 가장 자랑스러웠던 경험은 무엇인지 서술해 주십시오. (500자)",대학생활 경험한 가장 자랑스러웠던 경험 무엇인지 서술해 500자
592,1,"인생에서 가장 중요하다고 생각하는 가치를 쓰고, 가장 중요하게 생각하는 이유 및 그 가치를 실천한 사례를 구체적으로 설명해주세요. (최대 500자 입력가능)",인생 가장 중요하다고 생각 가치 쓰고 가장 중요하게 생각 이유 가치 실천한 사례 구체적 설명해
593,1,"본인의 성장과정을 간략히 기술하되 현재의 자신에게 가장 큰 영향을 끼친 사건, 인물 등을 포함하여 기술하시기 바랍니다. (*작품 속 가상인물도 가능) 1500자",본인 성장과정 간략히 기술하되 현재 자신 가장 영향 끼친 사건 인물 포함 기술하시기 바랍니다 1500자
594,1,소속된 집단의 동료와 함께 추진 또는 실행한 경험 중 가장 기억에 남는 것은 무엇이었는지 기술하십시오 [ 1000자이내 2000kbyte ],소속된 집단 동료 추진 실행한 경험 가장 기억 무엇이었는지 기술하 2000kbyte
595,1,"은행원에게 가장 중요한 역량은 무엇이며, 해당 역량을 향상시키기 위한 노력이나 준비했던 경험이 있다면 기술하십시오 [ 1000자이내 2000kbyte ]",은행원 가장 중요한 역량 무엇 해당 역량 향상시키기 노력 준비했던 경험 있다면 기술하 2000kbyte
596,1,본인 스스로를 가장 칭찬해주고 싶었던 경험과 그 이유에 대해 서술하여 주십시오. (500자 이상 600자 이내),본인 스스로 가장 칭찬해주고 싶었던 경험 이유 대해 서술
597,1,본인을 가장 잘 표현할 수 있는 단어와 그 이유를 자유롭게 서술해 주십시오,본인 가장 표현할 단어 이유 자유롭게 서술해
598,1,자신에게 영향을 끼친 사건과 인물 등을 포함하여 본인이 가지고 있는 가장 중요한 가치관은 무엇인지 설명해 주세요. (500자),자신 영향 끼친 사건 인물 포함 본인 가지고 가장 중요한 가치관 무엇인지 설명해 500자
599,1,"개선, 변화를 시도하면서 가장 어려웠던 점은 무엇이며, 그것을 어떻게 극복하셨는지 서술하십시오. (250자이내)",개선 변화 시도하면서 가장 어려웠던 무엇 그것 어떻게 극복하셨는지 서술하
600,1,단체활동 중 가장 어려웠던 경험 또는 가장 보람 있는 경험을 서술하십시오.,단체활동 가장 어려웠던 경험 가장 보람 경험 서술하
601,1,"개인이 아닌, 단체의 일원으로서 구성원들과 협업을 통해 이룬 성과에 대해 작성해 주세요. 성과달성에 가장 큰 장애요인은 무엇이었으며, 어떻게 극복했는지에 대해서도 구체적으로 작성해 주세요. (최대 1,000자 입력가능)",개인 아닌 단체 일원으로서 구성원들 협업 이룬 성과 대해 작성해 성과달성 가장 장애요인 무엇이었으며 어떻게 극복했는지 대해서 구체적 작성해
602,1,자신이 가장 중요하게 여기는 삶의 가치와 그 이유에 대해 기술하시오. (최대 500자 8단락),자신 가장 중요하게 여기 가치 이유 대해 기술하
603,1,해외경제 이슈 및 국내경제 미칠 영향 최근 본인이 가장 중요하다고 생각하는 해외 경제 이슈에 대한 견해와 그 이슈가 국내경제에 미칠 영향에 대하여 기술해 주십시오.,해외경제 이슈 국내경제 미칠 영향 최근 본인 가장 중요하다고 생각 해외 경제 이슈 견해 이슈 국내경제 미칠 영향 기술해
604,1,본인을 가장 잘 표현할 수 있는 한 문장과 그 이유에 대하여 서술하시오.(120자 이내),본인 가장 표현할 문장 이유 서술하
605,1,"자신에게 주어졌던 일 중 가장 어려웠던 경험은 무엇이었습니까? 그 일을 하게 된 이유와 그때 느꼈던 감정, 진행하면서 가장 어려웠던 점과 그것을 극복하기 위해 했던 행동과 생각, 결과에 대해 최대한 구체적으로 작성해 주세요. (1000 자 10 단락 이내)",자신 주어졌던 가장 어려웠던 경험 무엇이었습니까 하게 이유 그때 느꼈던 감정 진행하면서 가장 어려웠던 그것 극복하기 했던 행동 생각 결과 대해 구체적 작성해
606,1,"지금까지 가장 강하게 소속감을 느꼈던 조직은 무엇이었으며, 그 조직의 발전을 위해 헌신적으로 노력했던 것 중 가장 기억에 남는 경험은 무엇입니까? 개인적으로 더 많은 노력을 기울였던 일과 그 때 했던 행동과 생각, 결과에 대해 최대한 구체적으로 작성해 주세요. (1000 자 10 단락 이내)",지금 가장 강하게 소속감 느꼈던 조직 무엇이었으며 조직 발전 헌신적 노력했던 가장 기억 경험 무엇입니까 개인적 노력 기울였던 했던 행동 생각 결과 대해 구체적 작성해
607,1,"자신에게 요구된 것보다 더 높은 목표를 스스로 세워 시도했던 경험 중 가장 기억에 남는 것은 무엇입니까? 목표 달성 과정에서 아쉬웠던 점이나 그 때 느꼈던 자신의 한계는 무엇이고, 이를 극복하기 위해 했던 행동과 생각, 결과에 대해 최대한 구체적으로 작성해 주세요. (1000 자 10 단락 이내)",자신 요구된 목표 스스 세워 시도했던 경험 가장 기억 무엇입니까 목표 달성 과정 아쉬웠던 느꼈던 자신 한계 무엇 극복하기 했던 행동 생각 결과 대해 구체적 작성해
608,1,지원자가 살아오면서 해결해야 했던 가장 어려운 과제는 무엇이었습니까?,지원자 살아오면서 해결 했던 가장 어려운 과제 무엇이었습니까
609,1,"지원자가 생각하는 금융 공기업인의 가장 중요한 기본역량 하나를 선정하고, 그렇게 생각하는 이유와 그 역량과 관련하여 지원자가 겪었거나 타인으로부터 인정받았던 경험을 구체적으로 기술하시오.",지원자 생각 금융 공기업인 가장 중요한 기본역량 하나 선정 그렇게 생각 이유 역량 관련 지원자 겪었거 타인으로 인정받았던 경험 구체적 기술하
610,1,"지원자가 지금까지 경험한 가장 큰 성공 또는 실패의 경험을 소개하고, 이를 통해 배우거나 느낀 점은 무엇이며, 그 경험이 지원자의 삶에 어떠한 변화(영향)을 주었는지 구체적으로 기술하시오.",지원자 지금 경험한 가장 성공 실패 경험 소개 배우거 느낀 무엇 경험 지원자 어떠한 변화영향 주었는지 구체적 기술하
611,1,인생에서 가장 도전적이었거나 어려웠던 경험 및 그 경험이 본인에게 미친 영향을 기술해 주세요.,인생 가장 도전적이었거 어려웠던 경험 경험 본인 미친 영향 기술해
612,1,琪귀하가 회사를 선택할 때 중요시 여기는 것은 무엇입니까? 보기에서 가장 중요하다고 생각하는 것 3가지를 순서대로 쓰고 그 이유를 설명해 주십시오. 그것이 정림건축 지원과 어떤 연관성이 있는지 설명해 주십시오.,귀하 회사 선택할 중요시 여기 무엇입니까 보기 가장 중요하다고 생각 3가지 순서대 쓰고 이유 설명해 그것 정림건축 지원 어떤 연관성 있는지 설명해
613,1,귀하가 지금까지 읽었던 책 가운데 삶에 가장 큰 영향을 끼친 책 한 권을 선정하여 그 이유를 설명해 주십시오.,귀하 지금 읽었던 가운데 가장 영향 끼친 선정 이유 설명해
614,1,본인이 생각하는 우리재단의 가장 탁월한 경쟁력은 무엇입니까? (최대 300자 입력가능),본인 생각 우리재단 가장 탁월한 경쟁력 무엇입니까
615,1,본인이 삶에서 가장 중요하게 생각하는 가치는 무엇입니까? (최대 300자 입력가능),본인 가장 중요하게 생각 가치 무엇입니까
616,1,"가장 기억하고 싶지 않은 대인관계를 당시 상황과 원인을 포함해서 기술하고, 동일한 상황이 발생하지 않도록 어떻게 행동했는지 자세하게 기술하여 주십시오.",가장 기억 싶지 대인관계 당시 상황 원인 포함 기술 동일한 상황 발생 않도록 어떻게 행동했는지 자세하게 기술
617,1,"가장 실패했던 경험이 있으면 무엇이고, 그를 통해 얻은 교훈은 무엇이었나요? (500자 이내)",가장 실패했던 경험 있으면 무엇 교훈 무엇이었나요
618,1,최근 5년 동안에 귀하가 성취한 일 중에서 가장 자랑할 만한 것은 무엇입니까? 그것을 성취하기 위해 귀하는 어떤 일을 했습니까?,최근 5년 동안 귀하 성취한 가장 자랑할 만한 무엇입니까 그것 성취하기 어떤 했습니까
619,1,귀하가 가장 중요하게 생각하는 가치관은 무엇인지 소개해주십시오,귀하 가장 중요하게 생각 가치관 무엇인지 소개해주
620,1,직장생활에서 가장 중요하다고 생각하는 것은 무엇인지 3가지와 그 이유를 간략히 말씀해주십시오,직장생활 가장 중요하다고 생각 무엇인지 3가지 이유 간략히 말씀해주
621,1,"마케팅 직무 역량을 쌓는 과정에서 자신에게 주어졌던 일 또는 경험 중, 가장 힘들었던 위기상황은 무엇이었으며, 그 위기를 본인의 노력으로 극복한 경험에 대해 서술 해 주십시오. - 그 일 또는 경험을 하게 된 이유와 진행하면서 가장 어려웠던 점, 극복하기 위해 했던 행동과 생각, 결과에 대해 최대한 구체적으로 작성 - 당시 상황과 그 결과가 본인에게 어떤 영향을 미쳤는지 언급할 것 - 극복을 위한 노력의 결과와 그 과정에서 느낀 점에 대해 구체적으로 작성 - 경험의 진실성을 증명할 수 있는 근거가 잘 드러나도록 기술할 것 (1000 자 10 단락 이내)",마케팅 직무 역량 과정 자신 주어졌던 경험 가장 힘들었던 위기상황 무엇이었으며 위기 본인 노력 극복한 경험 대해 서술 경험 하게 이유 진행하면서 가장 어려웠던 극복하기 했던 행동 생각 결과 대해 구체적 작성 당시 상황 결과 본인 어떤 영향 미쳤는지 언급할 극복 노력 결과 과정 느낀 대해 구체적 작성 경험 진실성 증명할 근거 드러나도록 기술할
622,1,"학업 외 본인이 가장 많은 시간을 투자하고 있는 활동은 무엇이며, 그 활동을 통해 무엇을 얻었는지 구체적으로 기술해주십시오. (500자)",학업 본인 가장 시간 투자 활동 무엇 활동 무엇 얻었는지 구체적 기술해주 500자
623,1,"최근 5년 이내 자신의 경험 중 가장 어려웠던 결정은 무엇이며, 그러한 결정을 내린 기준과(또는 이유와) 결과에 대하여 기술해주십시오. (500자)",최근 5년 이내 자신 경험 가장 어려웠던 결정 무엇 그러한 결정 내린 기준 결과 기술해주 500자
624,1,"자신의 역량보다 더 높은 목표를 세워 시도했던 경험 중 가장 기억에 남는 경험의 과정과 결과를 설명하고, 이를 통해 배운 점을 기술해주십시오. (500자)",자신 역량 목표 세워 시도했던 경험 가장 기억 경험 과정 결과 설명 배운 기술해주 500자
625,1,지원하는 직무에 가장 영향을 끼친 인물 또는 사건에 대해 서술하여 주십시오. * [500자 이상 700자 이내],지원 직무 가장 영향 끼친 인물 사건 대해 서술
626,1,"(선택) 현재까지 가장 많이 플레이한 게임 TOP3를 기술해주세요. 플랫폼은 무관하며, 플레이 수준(레벨 등)과 과금여부, 플레이 이유를 포함하여 기술 바랍니다.",선택 현재 가장 플레이한 게임 TOP3 기술해 플랫폼 무관 플레 수준레벨 과금여부 플레 이유 포함 기술 바랍니다
627,1,"본인의 성장과정을 간략히 기술하되 현재의 자신에게 가장 큰 영향을 끼친 사건, 인물 등을 포함하여 기술하시기 바랍니다. (작품속 가상인물도 가능) (1500자 이내)",본인 성장과정 간략히 기술하되 현재 자신 가장 영향 끼친 사건 인물 포함 기술하시기 바랍니다
628,1,오렌지라이프와 서로를 알아가요! [문항당 최소 2byte 이상 60byte 이내] ①최근의 관심분야는 무엇인가요? ②스트레스관리는 어떻게 하시나요? ③도전을 추구하나요? 안정을 추구하나요? ④남을 압도할 수 있는 분야는? ⑤삶에서 이룬 가장 큰 성취는? ⑥대학생활 중 가장 기억에 남는 활동은? ⑦대학수업 중 가장 기억에 남는 과목은? ⑧나를 형용사로 표현한다면? 그 이유는? ⑨닮고싶은 & 닮고싶지 않은 리더십은? ⑩최근1년이내 가장 후회한 일은? ⑪인생에서 가장 중요한 3가지는? ⑫오렌지라이프에 지원한 이유는? ⑬오렌지라이프에서 1년 후 나의 모습은? ⑭오렌지라이프에서 이루고 싶은 꿈은? ⑮보험을 한마디로 표현하자면?,오렌지라이프 서로 알아가요 문항당 최소 2byte 이상 60byte 이내 최근 관심분야 무엇인가요 스트레스관리 어떻게 하시나요 도전 추구하나요 안정 추구하나요 압도할 분야 이룬 가장 성취 대학생활 가장 기억 활동 대학수업 가장 기억 과목 형용사 표현한다면 이유 닮고싶 닮고싶지 리더십 최근1년이내 가장 후회한 인생 가장 중요한 3가지 오렌지라이프 지원한 이유 오렌지라이프 1년 모습 오렌지라이프 이루고 보험 한마디 표현하자면
629,1,"*귀하가 가장 소중하게 생각하는 것은 무엇이며, 그 이유에 대해 약술하십시오",귀하 가장 소중하게 생각 무엇 이유 대해 약술하
630,1,학업 외 가장 열정적이고 도전적으로 몰입하여 성과를 창출했거나 목표를 달성한 경험을 기술하시오. 1000자,학업 가장 열정적 도전적 몰입 성과 창출했거 목표 달성한 경험 기술하 1000자
631,1,"공동체의 일원으로서 가장 중요하게 생각하는 가치를 제시하고, 그 가치를 실천했던 경험을 기술하여 주십시오. (800byte)",공동체 일원으로서 가장 중요하게 생각 가치 제시 가치 실천했던 경험 기술
632,1,지금까지 성장과정에서 가장 열정적으로 임한 활동과 그렇게 생각한 이유를 기술해 주십시오.,지금 성장과정 가장 열정적 임한 활동 그렇게 생각한 이유 기술해
633,1,자신의 가장 자랑스러운 성공경험과 그것을 이루려 했던 노력을 기술하여 주십시오.,자신 가장 자랑스러운 성공경험 그것 이루려 했던 노력 기술
634,1,"본인의 인격 형성에 가장 큰 영향을 준 가족 또는 존경하는 인물은 누구이며, 사유는 무엇인지 서술하시오. (100~400자)",본인 인격 형성 가장 영향 가족 존경 인물 누구 사유 무엇인지 서술하
635,1,본인이 지금까지 겪었던 가장 힘들었던 상황과 가장 성취감이 컸던 상황을 서술하시오. (100~600자),본인 지금 겪었던 가장 힘들었던 상황 가장 성취감 컸던 상황 서술하
636,1,풀무원의 핵심가치 Passion with TISO 중에서 본인이 생각하는 가장 우선시 되는 가치는 무엇이라고 생각하는지 서술하시오. (100~400자),풀무원 핵심가치 Passion with TISO 본인 생각 가장 우선시 가치 무엇이라고 생각하는지 서술하
637,1,지금까지의 가장 큰 성공과 실패는 무엇인가.,지금까지 가장 성공 실패 무엇인
638,1,본인의 경력사항 및 가장 경쟁력 있는 업무분야를 기재하시오.,본인 경력사항 가장 경쟁력 업무분야 기재하
639,1,자신에게 주어졌던 일 중 가장 도전적이었던 일과 극복방안에 대해 기재하시오.,자신 주어졌던 가장 도전적이었던 극복방안 대해 기재하
640,1,"귀하가 가장 소중하게 생각하는 것은 무엇이며, 그 이유에 대해 약술하십시오.",귀하 가장 소중하게 생각 무엇 이유 대해 약술하
641,1,"CJ제일제당의 제품 및 서비스 중 가장 선호하는 것을 1개 선정하고, 타사 유사 제품 및 서비스 대비 강점 및 보완점을 작성해 주세요. (500자)",CJ제일제당 제품 서비스 가장 선호 1개 선정 타사 유사 제품 서비스 대비 강점 보완점 작성해 500자
642,1,"본인이 서울관광재단의 인재상과 부합하는 인물이라고 생각하는 가장 큰 이유를 경험, 경력사항 등의 구체적인 사례를 들어 기술하십시오. (500자 이내)",본인 서울관광재단 인재상 부합 인물이라고 생각 가장 이유 경험 경력사항 구체적인 사례 들어 기술하
643,1,"본인의 성장과정을 간략히 기술하되 현재의 자신에게 가장 큰 영향을 끼친 사건, 인물 등을 포함하여 기술하시기 바랍니다.(작품속 가상인물도 가능)",본인 성장과정 간략히 기술하되 현재 자신 가장 영향 끼친 사건 인물 포함 기술하시기 바랍니다
644,1,"자신의 경험 중 가장 도전적인 일 또는 실패한 사례는 무엇이며, 그 경험을 통해 배운 점은 무엇인지 기술하여 주십시오.",자신 경험 가장 도전적인 실패한 사례 무엇 경험 배운 무엇인지 기술
645,1,학업 이외에 본인이 관심과 열정을 가지고 가장 자기 주도적으로 계획을 수립하고 추진했던 경험이 있으면 서술해주십시오.,학업 이외 본인 관심 열정 가지고 가장 자기 주도적 계획 수립 추진했던 경험 있으면 서술해주
646,1,Team Player로서 가장 중요하다고 생각되는 자질 하나를 제시하고 본인이 이에 어떻게 부합하는지에 대하여 기술하시오. (600자 이내),Team Player로서 가장 중요하다고 생각되 자질 하나 제시 본인 어떻게 부합하는지 기술하
647,1,"본인의 삶에 있어서 가장 중요한 가치는 무엇이고, 그를 위해 구체적으로 어떠한 일들을 하였는지 기술하시오. (600자 이내)",본인 있어서 가장 중요한 가치 무엇 구체적 어떠한 일들 하였는지 기술하
648,1,"본인이 살아오면서 가장 도전적이었던 경험은 무엇이며, 그 경험을 통해 무엇을 성취했는지 기술하시오. (800자 이내)",본인 살아오면서 가장 도전적이었던 경험 무엇 경험 무엇 성취했는지 기술하
649,1,본인을 가장 잘 표현할 수 있는 단어를 선택하고 그 이유를 기술하시오. (500자 이내),본인 가장 표현할 단어 선택 이유 기술하
650,1,자신이 수행했던 일 중 가장 도전적인 활동에 대하여 기술해 주십시오. (800자),자신 수행했던 가장 도전적인 활동 기술해 800자
651,1,지금의 나를 있게 한 가장 중요한 사건에 대해 구체적으로 기술해주세요. (800자 이내),지금 있게 가장 중요한 사건 대해 구체적 기술해
652,1,학업 이외에 가장 기억에 남는 교/내외 활동에 대해 구체적으로 기술해주세요. (800자 이내),학업 이외 가장 기억 교내외 활동 대해 구체적 기술해
653,1,"이제까지 가장 강하게 소속감을 느꼈던 조직은 무엇이었으며, 그 조직의 발전을 위해 헌신적으로 노력했던 것 중 가장 기억에 남는 경험은 무엇입니까? 개인적으로 더 많은 노력을 기울였던 일과 그 때 했던 행동과 생각, 결과에 대해 최대한 구체적으로 작성해 주십시오. (1000 자 10 단락 이내)",이제 가장 강하게 소속감 느꼈던 조직 무엇이었으며 조직 발전 헌신적 노력했던 가장 기억 경험 무엇입니까 개인적 노력 기울였던 했던 행동 생각 결과 대해 구체적 작성해
654,1,지금까지 가장 큰 성공과 큰 실패,지금 가장 성공 실패
655,1,"가장 기억에 남는 성공 또는 실패한 경험에 대해서 말씀해주세요. 664/800 (글자 수, 공백 포함)",가장 기억 성공 실패한 경험 말씀해 664800
656,1,"교내, 대외활동, 회사 등을 통해 협업을 하면서 가장 어려웠던 점은 무엇입니까? 그 어려운점을 어떻게 해결해 나갔는지에 대해 말씀해주세요. 714/800 (글자 수, 공백 포함)",교내 대외활동 회사 협업 하면서 가장 어려웠던 무엇입니까 어려운점 어떻게 해결해 나갔는지 대해 말씀해 714800
657,1,"지원분야와 관련해 최근에 가장 관심 가진 주제를 1개 선택하여, 그에 대한 본인의 생각을 서술하시오.",지원분야 관련해 최근 가장 관심 가진 주제 1개 선택 본인 생각 서술하
658,1,지금까지 살아오면서 도전해 본 가장 어려운 일에 대해 서술해주십시오.,지금 살아오면서 도전해 가장 어려운 대해 서술해주
659,1,고교에서 수학한 과목 중 가장 좋아하는 과목과 그 이유에 대해 기술하여 주십시오.,고교 수학한 과목 가장 좋아 과목 이유 대해 기술
660,1,살아오면서 중요했던 일,살아오면서 중요했던
661,1,최근 3년간 이뤘던 성취 중 가장 기억에 남는 일을 서술해 주십시오. (600자 이내),최근 3년간 이뤘던 성취 가장 기억 서술해
662,1,가장 좋아하는 과목은,가장 좋아 과목
663,1,"공공기관 직원에게 가장 강조되어야 하는 직업윤리는 무엇이며, 그렇게 생각한 이유는 무엇인지 서술하여 주십시오.",공공기관 직원 가장 강조되어야 직업윤리 무엇 그렇게 생각한 이유 무엇인지 서술
664,1,"본인의 성장과정을 간략히 기술하되, 현재의 자신에게 가장 큰 영향을 끼친 사건, 인물 등을 포함하여 기술하시기 바랍니다. (1500자 이내)",본인 성장과정 간략히 기술하되 현재 자신 가장 영향 끼친 사건 인물 포함 기술하시기 바랍니다
665,1,본인을 가장 잘 표현할 수 있는 단어와 그 이유를 서술하시오. (300자),본인 가장 표현할 단어 이유 서술하 300자
666,1,가장 힘들었던 순간과 이를 극복한 과정에 대해 기술하여 주십시오 1800byte,가장 힘들었던 순간 극복한 과정 대해 기술 1800byte
667,1,"타인을 배려한 경험 중에서 가장 의미가 있었던 경험 한 가지를 언급하고, 왜 그런 행동을 했는지 기술하여 주십시오. 800 Bytes 이내",타인 배려한 경험 가장 의미 있었던 경험 가지 언급 그런 행동 했는지 기술 800 Bytes 이내
668,1,"달성 여부와 관계없이 가장 의미가 있었던 개인적 목표와 그 계기는 무엇이며, 달성을 위한 자신만의 원칙과 느낀 점에 대해 기술하십시오. (600 자 7 단락 이내)",달성 여부 관계없 가장 의미 있었던 개인적 목표 계기 무엇 달성 자신만 원칙 느낀 대해 기술하
669,1,고교에서 수학한 과목 중 가장 좋아하는 과목과 그 이유에 대해 기술하여 주십시오(1500byte),고교 수학한 과목 가장 좋아 과목 이유 대해 기술
670,1,"본인의 경험 중 가장 큰 실패는 무엇이었으며, 실패 극복 과정 및 그 과정에서 배운 점이 지원 직무에 어떻게 도움이 될 지 서술해주세요.",본인 경험 가장 실패 무엇이었으며 실패 극복 과정 과정 배운 지원 직무 어떻게 도움 서술해
671,1,사회활동 : 학업 이외에 관심과 열정을 가지고 했던 다양한 경험 중 가장 기억에 남는 것을 구체적으로 기술해주세요. (800자),사회활동 학업 이외 관심 열정 가지고 했던 다양한 경험 가장 기억 구체적 기술해 800자
672,1,지금까지 살아오면서 스스로 생각하기에 가장 큰 성공사례와 실패사례를 소개해 주세요.,지금 살아오면서 스스 생각하기 가장 성공사례 실패사례 소개해
673,1,"사회활동 : 학업 이외에 관심과 열정을 가지고 했던 다양한 경험 중 가장 기억에 남는 것을 구체적으로 기술해주세요. 725/800 (글자 수, 공백 포함)",사회활동 학업 이외 관심 열정 가지고 했던 다양한 경험 가장 기억 구체적 기술해 725800
674,1,지금까지 살아오면서 도전해 본 가장 어려운 일에 대해 서술해주십시오. (1600byte),지금 살아오면서 도전해 가장 어려운 대해 서술해주
675,1,최근 3년간 본인이 경험한 가장 어려웠던 일을 기술하고 이후의 과정과 결과에 대해 말씀해 주십시오.,최근 3년간 본인 경험한 가장 어려웠던 기술 이후 과정 결과 대해 말씀해
676,1,"타인을 배려한 경험 중에서 가장 의미가 있었던 경험 한 가지를 언급하고, 왜 그런 행동을 했는지 기술하여 주십시오.",타인 배려한 경험 가장 의미 있었던 경험 가지 언급 그런 행동 했는지 기술
677,1,"가장 도전적인 목표를 세우고, 성취한 구체적인 경험, 행동, 성과 등을 기술하여 주십시오.",가장 도전적인 목표 세우고 성취한 구체적인 경험 행동 기술
678,1,본인이 그동안 이룬 가장 큰 성취경험과 실패경험에 대해서 기술해 주십시오.,본인 그동안 이룬 가장 성취경험 실패경험 기술해
679,1,나의 삶에 가장 큰 변화를 가져온 사건은 무엇이고 어떠한 의미가 있었는지 서술해 주십시오. (300자),가장 변화 가져온 사건 무엇 어떠한 의미 있었는지 서술해 300자
680,1,"내가 대학생활에서 경험한 일 중, 가장 자랑스러웠던 경험은 무엇인지 서술해 주십시오. (300자)",대학생활 경험한 가장 자랑스러웠던 경험 무엇인지 서술해 300자
681,1,"본인이 살아오면서 가장 도전적이었던 경험은 무엇이며, 그 경험을 통해 무엇을 성취했는지 기술하시오.",본인 살아오면서 가장 도전적이었던 경험 무엇 경험 무엇 성취했는지 기술하
682,1,본인을 가장 잘 표현할 수 있는 단어를 선택하고 그 이유를 기술하시오.,본인 가장 표현할 단어 선택 이유 기술하
683,1,"개인이 아닌, 단체의 일원으로서 구성원들과 협업을 통해 이룬 성과, 성과달성에 가장 큰 장애요인은 무엇이었으며, 어떻게 극복했는지와 본인의 역할은 무엇이었는가",개인 아닌 단체 일원으로서 구성원들 협업 이룬 성과달성 가장 장애요인 무엇이었으며 어떻게 극복했는지 본인 역할 무엇이었는
684,1,사회활동: 학업 이외에 관심과 열정을 가지고 했던 다양한 경험 중 가장 기억에 남는 것을 구체적으로 기술해주세요. (800),사회활동 학업 이외 관심 열정 가지고 했던 다양한 경험 가장 기억 구체적 기술해 800
685,1,재학 기간 중 본인이 수행한 다양한 경험활동 중 우리 기관의 인재상에 가장 부합된다고 판단되는 인재상 하나를 제시하여 그 경험활동과 어떻게 부합되는지 설명하십시오.,재학 기간 본인 수행한 다양한 경험활동 우리 기관 인재상 가장 부합된다고 판단되 인재상 하나 제시 경험활동 어떻게 부합되는지 설명하
686,1,KCC인재상 중 자신에게 가장 부합하는 항목 선택하여 개인의 경험과 함께 구체적 기술,KCC인재상 자신 가장 부합 항목 선택 개인 경험 구체적 기술
687,1,자신의 삶에 가장 큰 영향을 미친 인물이나 사건을 포함하여 본인의 성장과정을 기술하여 주십시오,자신 가장 영향 미친 인물 사건 포함 본인 성장과정 기술
688,1,"회사를 선택하거나 지원할 때 본인이 가장 중요하게 생각하는 기준에 대해 작성하고, 기준을 충족하는 여러 회사 중 특히 주택도시보증공사에 지원한 이유를 기술해보십시오.",회사 선택하거 지원할 본인 가장 중요하게 생각 기준 대해 작성 기준 충족 여러 회사 특히 주택도시보증공사 지원한 이유 기술해보
689,1,주택도시보증공사의 다양한 업무분야 중 본인이 가장 잘 수행할 수 있다고 생각하는 직무와 그 이유를 기술하여 주십시오,주택도시보증공사 다양한 업무분야 본인 가장 수행할 있다고 생각 직무 이유 기술
690,1,살아오면서 겪었던 가장 큰 갈등상황 및 이를 해결했던 사례를 설명해 주십시오,살아오면서 겪었던 가장 갈등상황 해결했던 사례 설명해
691,1,공공기관 직원으로서 갖추어야하는 가장 중요한 가치가 무엇인지 본인의 생각을 말씀해 보세요,공공기관 직원으로서 갖추어야 가장 중요한 가치 무엇인지 본인 생각 말씀해
692,1,열정을 가지고 몰입했던 경험 / 창의적인 아이디어를 가지고 목표를 이루어낸 경험 / 가장 힘들었던 경험과 그것을 통해 깨달은 점 중 한 가지를 선택하여 구체적으로 기술해주십시오.,열정 가지고 몰입했던 경험 창의적인 아이디어 가지고 목표 이루어낸 경험 가장 힘들었던 경험 그것 깨달 가지 선택 구체적 기술해주
693,1,가장 힘들었던 순간과 이를 극복한 과정에 대해 기술,가장 힘들었던 순간 극복한 과정 대해 기술
694,1,"인생을 살면서 본인이 가장 소속감을 느꼈던 집단은 무엇이며, 그 집단 내에서 타인과 협업했던 경험에 대해서 자유롭게 이야기 해 주세요. [500자 이상 700자 이내] (700자)",인생 살면서 본인 가장 소속감 느꼈던 집단 무엇 집단 타인 협업했던 경험 자유롭게 이야기 700자
695,1,고교에서 수확한 과목 중 가장 좋아하는 과목과 그 이유에 관해 기술하여 주십시오,고교 수확한 과목 가장 좋아 과목 이유 관해 기술
696,1,인간관계에서 가장 힘들었던 갈등상황과 이를 슬기롭게 극복했던 과정에 대해 작성하여 주십시오,인간관계 가장 힘들었던 갈등상황 슬기롭게 극복했던 과정 대해 작성
697,1,타인과의 인간관계에서 가장 힘들었던 갈등상황과 이를 슬기롭게 극복했던 과정에 대해 작성하여 주십시오,타인과 인간관계 가장 힘들었던 갈등상황 슬기롭게 극복했던 과정 대해 작성
698,1,익숙하지 않은 문제에 직면했을 경우 귀하는 보통 어떻게 해결합니까? 귀하가 경험한 가장 최근 사례를 기반으로 기술해 주십시오.,익숙 문제 직면했 경우 보통 어떻게 해결합니까 귀하 경험한 가장 최근 사례 기반 기술해
699,1,자신의 경험 중 가장 몰입하여 재미있고 즐겁게 수행하였던 일이 무엇인지 구체적으로 기술하여 주십시오.,자신 경험 가장 몰입 재미 즐겁게 수행하였던 무엇인지 구체적 기술
700,1,지금까지 학교 생활 및 여러 조직에서 생활을 해오면서 가장 중요한 부분이 무엇인지 설명해 주십시오.,지금 학교 생활 여러 조직 생활 해오면서 가장 중요한 부분 무엇인지 설명해
701,1,"[조직이해능력] K-water에 입사지원한 동기 및 입사 후 실천하고자 하는 목표를 K-water 인재상(내실, 혁신, 신뢰) 중 자신과 가장 잘 부합하는 역",조직이해능력 Kwater 입사지원한 동기 입사 실천하고자 목표 Kwater 인재상 자신 가장 부합
702,1,사회활동: 학업 이외의 관심과 열정을 가지고 했던 다양한 경험 중 가장 기억에 남는 것을 구체적으로 기술해주세요. (800자),사회활동 학업 이외 관심 열정 가지고 했던 다양한 경험 가장 기억 구체적 기술해 800자
703,1,본인의 성장과정 중 가장 영향을 끼쳤거나 기억에 남는 것을 기술해 주십시오,본인 성장과정 가장 영향 끼쳤거 기억 기술해
704,1,재학 기간 중 가장 의미가 있었다고 생각하는 활동을 기술하여 주십시오,재학 기간 가장 의미 있었다고 생각 활동 기술
705,1,자신의 인생에 가장 영향을 끼친 사건 3가지를 든다면? (각 문항당 120byte),자신 인생 가장 영향 끼친 사건 3가지 든다면
706,1,"본인이 생각하는 ①가장 인상 깊었던 뮤지컬 마케팅 사례를 적고, ②그 이유에 대해 설명해 주세요. (1,000자 이내)",본인 생각 가장 인상 깊었던 뮤지컬 마케팅 사례 적고 이유 대해 설명해
707,1,살면서 가장 어려웠던 일,살면서 가장 어려웠던
708,1,고교에서 수학한 과목 중 가장 좋아하는 과목과 그 이유에 대해 기술하여 주십시오,고교 수학한 과목 가장 좋아 과목 이유 대해 기술
709,1,"본인의 (역량)성장과정을 간략히 기술하되 현재의 자신에게 가장 큰 영향을 끼친 사건, 인물 등을 포함하여 기술하시기 바랍니다. (",본인 역량성장과정 간략히 기술하되 현재 자신 가장 영향 끼친 사건 인물 포함 기술하시기 바랍니다
710,1,"열정을 가지고 몰입했던 경험, 창의적인 아이디어를 가지고 목표를 이루어낸 경험, 가장 힘들었던 경험과 그것을 통해 깨달은 점 중 한 가지를 선택하여 구체적으로 기술해주십시오. (3중 1가지 선택하여 기술)",열정 가지고 몰입했던 경험 창의적인 아이디어 가지고 목표 이루어낸 경험 가장 힘들었던 경험 그것 깨달 가지 선택 구체적 기술해주
711,1,기억에 남는 성과 또는 실패,기억 실패
712,1,학업이외에 관심과 열정을 가지고 했던 다양한 경험 중 가장 기억에 남는것을 구체적으로 기술해주세요.,학업이외 관심 열정 가지고 했던 다양한 경험 가장 기억 남는것 구체적 기술해
713,1,가장 좋아하는 자동차 모델과 그 이유에 대해 서술해 주십시오. (800자),가장 좋아 자동차 모델 이유 대해 서술해 800자
714,1,"자신의 경험 중 가장 도전적인 일 또는 실패한 사례는 무엇이며, 그 경험을 통해 배운점은 무엇입니까?",자신 경험 가장 도전적인 실패한 사례 무엇 경험 배운점 무엇입니까
715,1,"[지원동기] 본인이 회사를 선택할 때 가장 중요한 항목(2개이상)은 무엇이고, IBK기업은행의 어떤 부분이 해당 기준에 부합하는지 설명하여 주십시오.",지원동기 본인 회사 선택할 가장 중요한 항목2개이상 무엇 IBK기업은행 어떤 부분 해당 기준 부합하는지 설명
716,1,"최근 2년 간 가장 오랜 시간 동안 플레이한 게임의 이름, 장르, 플랫폼, 가장 인상적인 콘텐츠는 무엇인가요? (1개 이상) 해당 게임의 최고 레벨은 어떻게 되며, 본인은 얼마나 달성하셨는지도 말씀 부탁드립니다.",최근 2년 가장 오랜 시간 동안 플레이한 게임 이름 장르 플랫폼 가장 인상적인 콘텐츠 무엇인가요 해당 게임 최고 레벨 어떻게 되며 본인 얼마 달성하셨는지 말씀 부탁드립니다
717,1,본인이 살아오면서 가장 도전적으로 임했던 경험과 느낀점에 대해 작성해 주십시오.,본인 살아오면서 가장 도전적 임했던 경험 느낀점 대해 작성해
718,1,본인을 가장 잘 표현할 수 있는 단어와 그 이유를 서술해주시기 바랍니다.,본인 가장 표현할 단어 이유 서술해주시기 바랍니다
719,1,성장 과정 중 가장 도전적이고 어려웠던 일화와 그것을 극복한 사례를 기술하시오. (글자수 제한 없음),성장 과정 가장 도전적 어려웠던 일화 그것 극복한 사례 기술하
720,1,"귀하의 인생에서 '가장 힘들었던 경험 및 이를 극복해 나간 과정'에 대해서 기술하고, 이를 통해 얻은 교훈이 무엇인지 서술해주십시오. [100자 이상 1000자 이내 ]",귀하 인생 가장 힘들었던 경험 극복해 나간 과정 기술 교훈 무엇인지 서술해주
721,1,"앞으로 10년 안에 가장 크게 이루고 싶은 부분은 무엇이며, 이를 위해 준비하거나 거쳐가야 할 과정이 있다면 서술해주십시오. 또한 현재 진행 중인 것이 있다면 기술해주십시오. [100자 이상 1000자 이내]",10년 가장 크게 이루고 부분 무엇 준비하거 거쳐가야 과정 있다면 서술해주 또한 현재 진행 중인 있다면 기술해주
722,1,본인이 그 동안 이룬 가장 큰 성취경험과 실패경험에 대해서 기술해 주십시오. (최대 500자 입력가능),본인 동안 이룬 가장 성취경험 실패경험 기술해
723,1,일동그룹 인재상 중 자신과 가장 부합하는 것을 1가지 선택하고 그 이유를 관련경험에 근거하여 기술하세요.,일동그룹 인재상 자신 가장 부합 1가지 선택 이유 관련경험 근거 기술하
724,1,4차 산업혁명에서 가장 중요한 정보통신기술분야와 이를 위해 본인이 어떠한 역량을 갖추고 실현 해 나갈 것인지 기술하여 주십시오.,4차 산업혁명 가장 중요한 정보통신기술분야 본인 어떠한 역량 갖추고 실현 나갈 것인지 기술
725,1,본인이 회사를 선택하는데 있어 가장 중요하게 생각하는 가치는 무엇인가? 입사 후 현대엔지니어링에서 이루고 싶은 Vision을 기술하라.,본인 회사 선택하는데 있어 가장 중요하게 생각 가치 무엇인 입사 현대엔지니어링 이루고 Vision 기술하라
726,1,"인생에서 가장 중요하다고 생각하는 가치(좌우명)는 무엇이고, 왜 그 가치를 본인의 좌우명으로 삼았는지 그 배경과 이유를 기술해 주세요",인생 가장 중요하다고 생각 가치좌우명 무엇 가치 본인 좌우명 삼았는지 배경 이유 기술해
727,1,"[성취경험] 살아오면서 가장 강렬히 성취하고 싶었던 일과 이를 위해 노력한 과정, 그 결과를 구체적으로 작성하세요",성취경험 살아오면서 가장 강렬히 성취 싶었던 노력한 과정 결과 구체적 작성하
728,1,"본인에게 주어진 일 중 가장 어려웠던 경험이 무엇이었는지 기술하고 그 일을 하게 된 이유와 일을 진행하면서 가장 어려웠던 부분, 극복하기 위해서 했던 노력과 결과에 대해 구체적으로 작성해 주십시오.",본인 주어진 가장 어려웠던 경험 무엇이었는지 기술 하게 이유 진행하면서 가장 어려웠던 부분 극복하기 했던 노력 결과 대해 구체적 작성해
729,1,본인이 가장 행복했던 순간과 그 상황에 대해 서술하여 주십시오,본인 가장 행복했던 순간 상황 대해 서술
730,1,지금까지 살아오면서 가장 힘들었던 대인관계와 이를 해결하기 위하여 본인이 노력한 점에 대하여 사례를 들어 구체적으로 서술해 주십시오. (600자 이내),지금 살아오면서 가장 힘들었던 대인관계 해결하기 본인 노력한 사례 들어 구체적 서술해
731,1,"입사지원서에 기술한 직무 관련 경력, 경험 중 가장 몰입했던 사례를 상세하게 기술해 주십시오.",입사지원서 기술한 직무 경력 경험 가장 몰입했던 사례 상세하게 기술해
732,1,성장 과정에서 자신의 성격에 가장 큰 영향을 미친 사건에 대해 기술하시오.(700 자 이내),성장 과정 자신 성격 가장 영향 미친 사건 대해 기술하
733,1,조직생활에서 가장 중요하다고 생각하는 덕목과 그 이유를 기술,조직생활 가장 중요하다고 생각 덕목 이유 기술
734,1,"본인이 수행한 봉사활동, 동아리, 경진대회, 학습경험, 과제 수행 활동 등 경험/경력 중 공단의 채용직무와 가장 밀접한 경험 활동 내용 한가지에 대해 기술하시오.",본인 수행한 봉사활동 동아리 경진대회 학습경험 과제 수행 활동 경험경력 공단 채용직무 가장 밀접한 경험 활동 내용 한가지 대해 기술하
735,1,본인이 지원서에 입력한 학교 교육 및 기타교육 항목 중 공단의 채용직무와 가장 밀접한 교육 내용 한가지에 대해 기술하시오.,본인 지원서 입력한 학교 교육 기타교육 항목 공단 채용직무 가장 밀접한 교육 내용 한가지 대해 기술하
736,1,자신의 경험 가운데 가장 어려웠던 일이 무엇이고 어떤 이유로 어렵다고 생각한 것인지? 그리고 어떻게 극복하였고 이전과 비교하여 결과는 무엇이었는지? 에 대하여 서술해 주세요. [ 500자 이상 1000자 이내 ] /1000,자신 경험 가운데 가장 어려웠던 무엇 어떤 이유 어렵다고 생각한 것인지 그리고 어떻게 극복하였고 이전 비교 결과 무엇이었는지 서술해 1000
737,1,"귀하의 인생에서 '가장 힘들었던 경험 및 이를 극복해 나간 과정'에 대해서 기술하고, 이를 통해 얻은 교훈이 무엇인지 서술해주십시오.",귀하 인생 가장 힘들었던 경험 극복해 나간 과정 기술 교훈 무엇인지 서술해주
738,1,"앞으로 10년 안에 가장 크게 이루고 싶은 부분은 무엇이며, 이를 위해 준비하거나 거쳐가야 할 과정이 있다면 서술해주십시오. 또한 현재 진행 중인 것이 있다면 기술해주십시오.",10년 가장 크게 이루고 부분 무엇 준비하거 거쳐가야 과정 있다면 서술해주 또한 현재 진행 중인 있다면 기술해주
739,1,"자신의 인생에서 가장 어려웠던 점과 이를 어떻게 극복하였는가를 서술하시오. [미라클 모닝, 내 인생을 바꿔라]",자신 인생 가장 어려웠던 어떻게 극복하였는가 서술하 미라클 모닝 인생 바꿔라
740,1,자신이 가장 성취하고 싶은 것과 어떤 인생을 살고 싶은지 서술해 주십시오.,자신 가장 성취 어떤 인생 살고 싶은지 서술해
741,1,한화의 인재상 중 자신과 가장 잘 부합하는 역량과 결부시켜 입사 후 목표를 작성해 주십시오.,한화 인재상 자신 가장 부합 역량 결부시켜 입사 목표 작성해
742,1,"본인이 살아오면서 가장 강렬히 성취하고 싶었던 일은 무엇입니까? 그리고 그 일을 꼭 성취하고 싶었던 이유와 했던 일, 결과와 느낀 점을 포함하여 상세히 기술해 주십시오. 500자",본인 살아오면서 가장 강렬히 성취 싶었던 무엇입니까 그리고 성취 싶었던 이유 했던 결과 느낀 포함 상세히 기술해 500자
743,1,본인의 삶에서 이룬 가장 큰 성취의 과정을 설명하고 이를 통해 느낀 점 및 본인의 변화에 대해 기술하시오,본인 이룬 가장 성취 과정 설명 느낀 본인 변화 대해 기술하
744,1,본인의 삶에 있어 가장 소중한 가치와 그 이유를 작성 바랍니다.,본인 있어 가장 소중한 가치 이유 작성 바랍니다
745,1,케이뱅크의 핵심가치 중에서 본인이 가장 잘 갖추고 있다고 생각하는 가치를 1가지 선택하여 구체적인 실천 사례와 함께 작성 바랍니다.,케이뱅크 핵심가치 본인 가장 갖추고 있다고 생각 가치 1가지 선택 구체적인 실천 사례 작성 바랍니다
746,1,"본인의 성장과정에서 가장 기억에 남는 경험은 무엇이었나요? 그 이유와 과정 속에서 본인이 했던 행동과 생각, 이를 통해 느끼고 배운 점을 구체적으로 기술하시오.",본인 성장과정 가장 기억 경험 무엇이었나요 이유 과정 본인 했던 행동 생각 느끼고 배운 구체적 기술하
747,1,"귀하의 인생에서 '가장 힘들었던 경험 및 이를 극복해 나간 과정'에 대해서 기술하고, 이를 통해 얻은 교훈이 무엇인지 서술해주십시오. [100자 이상 1000자 이내]",귀하 인생 가장 힘들었던 경험 극복해 나간 과정 기술 교훈 무엇인지 서술해주
748,1,"(자기개발능력) 가장 최근에 노력했던 경험들(학과목, 자격증 교육 등) 중 본인의 업무를 수행하는데 가장 많은 도움이 될 것이라고 생각하는 경험이 무엇인지 기술해 주십시오. 어떤 노력을 했는지, 어떤 발전이 있었는지, 도움이 될 것이라고 생각하는 근거가 무엇인지 상세하게 기술해 주십시오. (500자 이상, 600자 이하)",가장 최근 노력했던 경험들 본인 업무 수행하는데 가장 도움 것이라고 생각 경험 무엇인지 기술해 어떤 노력 했는지 어떤 발전 있었는지 도움 것이라고 생각 근거 무엇인지 상세하게 기술해
749,1,"성장과정을 간략히 기술하되 현재 자신에게 가장 큰 영향을 끼친 사건, 인물 등을 포함하여 기술하시오 [100자 이상 600자 이내]",성장과정 간략히 기술하되 현재 자신 가장 영향 끼친 사건 인물 포함 기술하
750,1,"당사 Core value(핵심가치)인 열정, 혁신, 소통 중 본인 성격과 가장 잘 부합되는 핵심가치를 선정하고, 그 핵심가치가 발휘되었던 경험담을 구체적으로 기술하여 주세요.",당사 Core value핵심가치인 열정 혁신 소통 본인 성격 가장 부합되 핵심가치 선정 핵심가치 발휘되었던 경험담 구체적 기술
751,1,본인이 받았던 가장 도전적이거나 부정적인 피드백과 이에 대한 반응 및 개선을 위한 노력을 행동 기반으로 기술해 주십시오.,본인 받았던 가장 도전적이거 부정적인 피드백 반응 개선 노력 행동 기반 기술해
752,1,"당사 인재상(세계로,미래로,하나로) 중 자신을 가장 잘 표현하는 것을 선택하여 경험적 사례를 통해 설명해 주세요.",당사 인재상 자신 가장 표현 선택 경험적 사례 설명해
753,1,"자신의 경험 가운데 가장 어려웠던 일이 무엇인지, 그리고 어려움을 극복한 과정을 구체적으로 서술하여 주세요. [ 1000자 이내 ]",자신 경험 가운데 가장 어려웠던 무엇인지 그리고 어려움 극복한 과정 구체적 서술
754,1,"[Part1] 나는 이런 사람입니다. 본인을 가장 잘 나타낼 수 있는 단어를 쓰고, 그 이유를 본인의 경험 및 가치관 등이 반영되도록 구체적으로 기술해주십시오.",Part1 이런 사람 본인 가장 나타낼 단어 쓰고 이유 본인 경험 가치관 반영되도록 구체적 기술해주
755,1,"[Part2] 당사 인재상과 관련된 아래 키워드 중 본인에게 가장 적합하다고 생각되는 것과, 부족하다고 생각되는 것을 각각 선택하고, 그 이유 및 부족한 부분에 대한 개선방안에 대해 기술해주십시오. [키워드 : 협업 / 신뢰 / 긍정적 / 시너지 / 적극성 / 유연성 / 심사숙고 / 문제해결 / 도전 / 창의 / 책임감 / 자기계발]",Part2 당사 인재상 관련된 아래 키워드 본인 가장 적합하다고 생각되 부족하다고 생각되 각각 선택 이유 부족한 부분 개선방안 대해 기술해주 키워드 협업 신뢰 긍정적 시너지 적극성 유연성 심사숙고 문제해결 도전 책임감 자기계발
756,1,"성장과정에서 부모, 가족으로부터 가장 인상적인 경험을 구체적으로 기술하여 주십시오. [ 500자 이내 ]",성장과정 부모 가족으로 가장 인상적인 경험 구체적 기술
757,1,한국콜마의 인재상인 4성 5행 中 가장 중요하다고 생각하는 것을 택 1 하여 그 정신이 왜 필요한지 기술하여 주십시오. [ 500자 이내 ],한국콜마 인재상인 4성 5행 가장 중요하다고 생각 정신 필요한지 기술
758,1,"(도전하는 Pioneer) 지난 5년간 가장 해결이 어려웠던 문제는 무엇이고, 이를 해결하기 위해 어떤 도전을 했는지 구체적인 사례를 들어 기술하여 주십시오.",지난 5년간 가장 해결 어려웠던 문제 무엇 해결하기 어떤 도전 했는지 구체적인 사례 들어 기술
759,1,"자신의 경험 중 가장 도전적인 일 또는 실폐한 사례는 무엇이며, 그 경험을 통해 배운점을 기술하세요.",자신 경험 가장 도전적인 실폐한 사례 무엇 경험 배운점 기술하
760,1,"학교생활 동안 남들과 다른 특별한 경험을 함으로서 얻게 된 성취감이 있으면 기재하여 주시고(필수), 자신의 전 사회 경험 중에서 가장 성취감을 느꼈던 사항을 상세히 기재하여 주시기 바랍니다.(선택)",학교생활 동안 남들 다른 특별한 경험 함으로서 얻게 성취감 있으면 기재 주시고필수 자신 사회 경험 가장 성취감 느꼈던 사항 상세히 기재 주시기 바랍니다선택
761,1,"성장과정에서 부모, 가족으로부터 가장 인상적인 경험을 구체적으로 기술하여 주십시오",성장과정 부모 가족으로 가장 인상적인 경험 구체적 기술
762,1,한국콜마의 인재상인 4성 5행 中 가장 중요하다고 생각하는 것을 택 1 하여 그 정신이 왜 필요한지 기술하여 주십시오.,한국콜마 인재상인 4성 5행 가장 중요하다고 생각 정신 필요한지 기술
763,1,자신이 수행했던 일 중 가장 도전적인 활동에 대하여 기술해 주십시오.(600자),자신 수행했던 가장 도전적인 활동 기술해 주십시오600자
764,1,"인생에서 가장 힘들었던 순간 또는 사건은 무엇이었으며, 이를 어떻게 극복했는지 구체적으로 기술하여 주십시오. [ 200자 이상 600자 이내]",인생 가장 힘들었던 순간 사건 무엇이었으며 어떻게 극복했는지 구체적 기술
765,1,"성장과정에서 부모, 가족으로부터 가장 인상적인 경험을 구체적으로 기술하여 주십시오.",성장과정 부모 가족으로 가장 인상적인 경험 구체적 기술
766,1,한국콜마의 인재상인 4성 5행 中 가장 중요하다고 생각하는 것을 택 1 하여 그 정신이 왜 필요한지 기술하여 주십시오,한국콜마 인재상인 4성 5행 가장 중요하다고 생각 정신 필요한지 기술
767,1,인생에서 가장 힘들었던 순간은 언제이고 그 이유와 결과 서술(400-600),인생 가장 힘들었던 순간 언제 이유 서술
768,1,"상호 간 의사를 전달하는 수단에는 여러 가지가 있습니다. 본인이 가장 선호하는 소통수단을 1가지 들고, 사유를 설명하십시오.",상호 의사 전달 수단에 여러 가지 본인 가장 선호 소통수단 1가지 들고 사유 설명하
769,1,공공기관 직원에게 가장 강조되어야 하는 직업윤리는 무엇이라 생각하는지 서술해 주십시오.,공공기관 직원 가장 강조되어야 직업윤리 무엇이라 생각하는지 서술해
770,1,본인이 살아오면서 속한 집단 중 소속감을 가장 강하게 느낀 조직과 그 이유를 기술하여 주십시오(600자 이내),본인 살아오면서 속한 집단 소속감 가장 강하게 느낀 조직 이유 기술
771,1,"최근 5년간 가장 어려웠던 일에 도전했던 경험에 대해 얘기하고, 성공했다면 어떻게 해결했는지를, 실패했다면 그 이유를 분석하여 자세히 기술하여 주십시오.",최근 5년간 가장 어려웠던 도전했던 경험 대해 얘기 성공했다면 어떻게 해결했는지 실패했다면 이유 분석 자세히 기술
772,1,"공사 업무를 수행함에 있어 가장 필요하다고 생각하는 핵심역량이 무엇이며, 그렇게 생각하는 이유를 기술하시오.",공사 업무 수행함 있어 가장 필요하다고 생각 핵심역량 무엇 그렇게 생각 이유 기술하
773,1,"자신이 경험했던 가장 큰 문제는 무엇이었으며, 이를 어떻게 해결했는지 기술하시오. (500자 이내)",자신 경험했던 가장 문제 무엇이었으며 어떻게 해결했는지 기술하
774,1,인생 최고의 경험과 가장 후회하는 일에 대하여 작성,인생 최고 경험 가장 후회 작성
775,1,우리 회사가 가진 가장 탁월한 경쟁력은 뭐라고 여기십니까?,우리 회사 가진 가장 탁월한 경쟁력 뭐라고 여기십니까
776,1,그렇다면 반대로 가장 큰 문제점은 뭐라고 생각하십니까?,그렇다면 반대 가장 문제점 뭐라고 생각하십니까
777,1,본인의 성장과정에서 가장 큰 성공과 실패의 경험 및 그러한 경험을 통해 깨닫게 된 점 혹은 변화하게 된 점에 대하여 구체적으로 기술하시오.,본인 성장과정 가장 성공 실패 경험 그러한 경험 깨닫게 변화하게 구체적 기술하
778,1,"지금까지 해결해야 했던 가장 어려운 일이 무엇이었고, 이를 해결하기 위해 고려했던 대안과 취했던 조치에 대해 구체적으로 기술해주시기 바랍니다. [500자 이상 800자 이내]",지금 해결 했던 가장 어려운 무엇이었고 해결하기 고려했던 대안 취했던 조치 대해 구체적 기술해주시기 바랍니다
779,1,학업 외 가장 열정적이고 도전적으로 몰입하여 성공을 이뤄낸 경험이 있다면 구체적으로 기술해주세요.(최소 500 글자),학업 가장 열정적 도전적 몰입 성공 이뤄낸 경험 있다면 구체적 기술해
780,1,현재 위메프에서 판매하고 있는 상품 중 본인을 가장 잘 표현할 수 있는 것을 찾아보고 그 이유를 기술해주세요.(최소 500 글자),현재 위메프 판매 상품 본인 가장 표현할 찾아보고 이유 기술해
781,1,본인의 가장 큰 성취경험과 실패경험에 대해 기술,본인 가장 성취경험 실패경험 대해 기술
782,1,"본인의 경험 중 가장 큰 실패는 무엇이었으며, 그것을 통해 배운 점에 대해 서술해주세요.",본인 경험 가장 실패 무엇이었으며 그것 배운 대해 서술해
783,1,"본인이 이뤄냈던 가장 뛰어난 성과에 대해, 그 일을 시작한 계기와 노력과정 및 구체적인 성과를 기술해 주십시오.(1300byte)",본인 이뤄냈던 가장 뛰어난 성과 대해 시작한 계기 노력과정 구체적인 성과 기술해
784,1,"지원자님의 성장과정에서 가장 행복했던 경험 (또는 가장 큰 영향을 준 사건/인물)에 대하여 그 이유와 과정에서 본인이 했던 행동과 생각, 이를 통해 느끼고 배운 점을 함께 기술해주세요.",지원자님 성장과정 가장 행복했던 경험 이유 과정 본인 했던 행동 생각 느끼고 배운 기술해
785,1,"선택한 세부 직무 역량을 쌓는 과정에서 자신에게 주어졌던 일 또는 경험 중, 가장 힘들었던 위기상황은 무엇이었으며, 그 위기를 본인의 노력으로 극복한 경험에 대해 서술 해 주십시오. - 그 일 또는 경험을 하게 된 이유와 진행하면서 가장 어려웠던 점, 극복하기 위해 했던 행동과 생각, 결과에 대해 최대한 구체적으로 작성 - 당시 상황과 그 결과가 본인에게 어떤 영향을 미쳤는지 언급할 것 - 극복을 위한 노력의 결과와 그 과정에서 느낀 점에 대해 구체적으로 작성 - 경험의 진실성을 증명할 수 있는 근거가 잘 드러나도록 기술할 것 (1000 자 10 단락 이내)",선택한 세부 직무 역량 과정 자신 주어졌던 경험 가장 힘들었던 위기상황 무엇이었으며 위기 본인 노력 극복한 경험 대해 서술 경험 하게 이유 진행하면서 가장 어려웠던 극복하기 했던 행동 생각 결과 대해 구체적 작성 당시 상황 결과 본인 어떤 영향 미쳤는지 언급할 극복 노력 결과 과정 느낀 대해 구체적 작성 경험 진실성 증명할 근거 드러나도록 기술할
786,1,"본인의 성장과정을 간략히 기술하되 현재의 자신에게 가장 큰 영향을 끼친 사건, 인물 등을 포함하여기술 하시기 바랍니다. (",본인 성장과정 간략히 기술하되 현재 자신 가장 영향 끼친 사건 인물 포함하여기술 하시기 바랍니다
787,1,"전공, 직무, 기타 본인이 가장 감명 깊게 읽은 책과 본인에게 미친 영향이 무엇이었는지 기재바랍니다. (500 자 10 단락 이내) (500자)",전공 직무 기타 본인 가장 감명 깊게 본인 미친 영향 무엇이었는지 기재바랍니다 500자
788,1,최근 인생에서 가장 열정적으로 몰입했던 일과 그 결과(성공 또는 실패)로 인해 배운 점이 있다면 기술하시오.,최근 인생 가장 열정적 몰입했던 인해 배운 있다면 기술하
789,1,학업 외에 관심과 열정을 가지고 했던 다양한 경험 중 가장 기억에 남는 것 설명을 설명하세요,학업 관심 열정 가지고 했던 다양한 경험 가장 기억 설명 설명하
790,1,"삼광의료재단의 4가지 핵심가치(소통, 신뢰, 혁신, 행복) 중 본인이 회사 또는 팀 내에서 성장하기 위해 갖추어야 할 가장 중요한 가치는 무엇이라고 생각하는지 그 이유와 함께 서술하여 주십시오. (300자 이내)",삼광의료재단 4가지 핵심가치 본인 회사 성장하기 갖추어야 가장 중요한 가치 무엇이라고 생각하는지 이유 서술
791,1,기존의 관행 혹은 방식을 개선했던 경험 중 가장 보람 있고 효과적이었던 경험 한 가지를 상세하게 설명하여 주십시오.(600자 이내),기존 관행 방식 개선했던 경험 가장 보람 효과적이었던 경험 가지 상세하게 설명
792,1,"가장 최근에 노력했던 경험들(학과목, 자격증 교육 등) 중 본인의 업무를 수행하는데 가장 많은 도움이 될 것이라고 생각하는 경험이 무엇인지 기술해 주십시오. 어떤 노력을 했는지, 어떤 발전이 있었는지, 도움이 될 것이라고 생각하는 근거가 무엇인지 상세하게 기술해 주십시오.",가장 최근 노력했던 경험들 본인 업무 수행하는데 가장 도움 것이라고 생각 경험 무엇인지 기술해 어떤 노력 했는지 어떤 발전 있었는지 도움 것이라고 생각 근거 무엇인지 상세하게 기술해
793,1,현재까지 가장 기억에 남는 성공(또는 실패)의 경험과 이를 위해 노력한 사항을 구체적으로 기술하시오,현재 가장 기억 성공 경험 노력한 사항 구체적 기술하
794,1,본인이 가장 관심있게 수강했던 전공과목과 그 이유를 설명하시오,본인 가장 관심있게 수강했던 전공과목 이유 설명하
795,1,"삼광의료재단의 4가지 핵심가치(소통, 신뢰, 혁신, 행복) 중 본인이 회사 또는 팀 내에서 성장하기 위해 갖추어야 할 가장 중요한 가치는 무엇이라고 생각하는지 그 이유와 함께 서술하여 주십시오.",삼광의료재단 4가지 핵심가치 본인 회사 성장하기 갖추어야 가장 중요한 가치 무엇이라고 생각하는지 이유 서술
796,1,"자신의 경험 중 가장 도전적이었던 일은 무엇이며, 극복하기 위해 했던 행동, 노력, 생각을 구체적으로 기술하시오. (600자)",자신 경험 가장 도전적이었던 무엇 극복하기 했던 행동 노력 생각 구체적 기술하 600자
797,1,익숙하지 않은 문제에 직면했을 경우 귀하는 보통 어떻게 해결합니까? 귀하가 경험한 가장 최근 사례를,익숙 문제 직면했 경우 보통 어떻게 해결합니까 귀하 경험한 가장 최근 사례
798,1,본인이 이수한 교육 중 공단의 직무와 가장 밀접한 교육내용 한 가지에 대해 기술하시오.(500자 이내),본인 이수한 교육 공단 직무 가장 밀접한 교육내용 가지 대해 기술하
799,1,"기업근무, 청년인턴 또는 봉사활동 등 공단의 직무와 가장 밀접한 경력·경험내용을 한 가지에 대해 기술하시오.(500자 이내)",기업근무 청년인턴 봉사활동 공단 직무 가장 밀접한 경력경험내용 가지 대해 기술하
800,1,본인 스스로 해결해야만 하는 상황에 직면했던 경험중 가장 해결하기 어려웠던 경험과 이를 극복한 방법을 기술하시오.(500자 이내),본인 스스 해결해야 상황 직면했던 경험중 가장 해결하기 어려웠던 경험 극복한 방법 기술하
801,1,본원의 핵심가치와 지원자 본인이 가장 부합한다고 생각되는 항목을 선택하여 경험이나 사례를 서술하시기 바랍니다.,본원 핵심가치 지원자 본인 가장 부합한다고 생각되 항목 선택 경험 사례 서술하시기 바랍니다
802,1,"공사 업무를 수행함에 있어 가장 필요하다고 생각하는 핵심역량이 무엇이며, 그렇게 생각하는 이유를 기술하시오. (500)",공사 업무 수행함 있어 가장 필요하다고 생각 핵심역량 무엇 그렇게 생각 이유 기술하 500
803,1,본인의 삶에서 이룬 가장 큰 성취의 과정을 설명하고 이를 통해 느낀 점 및 본인의 변화에 대해 기술하시오.,본인 이룬 가장 성취 과정 설명 느낀 본인 변화 대해 기술하
804,1,"가장 힘들었던 실패의 경험을 통해 어떤 것을 배우게 되었고, 또 앞으로의 목표에 어떤 도움이 될 수 있을지 기술하시오",가장 힘들었던 실패 경험 어떤 배우게 되었고 앞으로 목표 어떤 도움 있을지 기술하
805,1,"지원분야와 관련해 최근에 가장 관심 가진 주제를 1개 선택하여, 그에 대한 본인의 생각을 서술하시오. (1000)",지원분야 관련해 최근 가장 관심 가진 주제 1개 선택 본인 생각 서술하 1000
806,1,"본인의 성장과정을 기술하되 현재의 자신에게 가장 큰 영향을 끼친 사건, 인물 등을 포함하여 기술하시기 바랍니다.(작품 속 가상인물도 가능)",본인 성장과정 기술하되 현재 자신 가장 영향 끼친 사건 인물 포함 기술하시기 바랍니다
807,1,"본인이 생각하는 마케팅 사례 중 ①가장 잘된 사례 하나와 그 이유, ②아쉬운 사례 하나와 그 이유, ③이를 개선하기 위한 자신만의 방안을 구체적으로 작성해주세요. (CJ ENM 콘텐츠가 아니어도 무방) (1,000자 이내)",본인 생각 마케팅 사례 가장 잘된 사례 하나 이유 아쉬운 사례 하나 이유 개선하기 자신만 방안 구체적 작성해
808,1,"가장 힘들었던 실패의 경험을 통해 어떤 것을 배우게 되었고, 또 앞으로의 목표에 어떤 도움이 될 수 있을지 기술하시오. 1000 Bytes 이내",가장 힘들었던 실패 경험 어떤 배우게 되었고 앞으로 목표 어떤 도움 있을지 기술하 1000 Bytes 이내
809,1,"본인을 가장 잘 나타낼 수 있는 단어를 쓰고, 그 이유를 본인의 경험 및 가치관 등이 반영되도록 구체적으로 기술해주세요",본인 가장 나타낼 단어 쓰고 이유 본인 경험 가치관 반영되도록 구체적 기술해
810,1,학업 이외에 본인이 관심과 열정을 가지고 가장 자기주도적으로 계획을 수립하고 추진했던 경험이 있으면 서술해주십시오.,학업 이외 본인 관심 열정 가지고 가장 자기주도적 계획 수립 추진했던 경험 있으면 서술해주
811,1,사회활동: 학업 이외 관심과 열정을 가지고 했던 다양한 경험 중 가장 기억에 남는 것을 구체적으로 기술해주세요,사회활동 학업 이외 관심 열정 가지고 했던 다양한 경험 가장 기억 구체적 기술해
812,1,앞으로 10년 안에 개인적으로 가장 크게 이루고 싶은 부분은 무엇인가요?,10년 개인적 가장 크게 이루고 부분 무엇인가요
813,1,힘들었던 일과 극복 방법,힘들었던 극복 방법
814,1,"세 가지 인재상 중 자신과 가장 부합된다고 생각하는 인재상을 하나 선택하여, 구체적인 사례를 포함하여 그렇게 생각하는 이유를 기술하여 주십시오. (1000바이트)",가지 인재상 자신 가장 부합된다고 생각 인재상 선택 구체적인 사례 포함 그렇게 생각 이유 기술
815,1,본인에게 가장 영향을 끼쳤거나 인상 깊은 역사적 사건이나 인물에 대해 간략히 설명하고 교훈점이나 시사점에 대해 기술하여 주십시오,본인 가장 영향 끼쳤거 인상 역사적 사건 인물 대해 간략히 설명 교훈점 시사점 대해 기술
816,1,재학 또는 재직기간 동안 가장 뛰어난 업적은 무엇입니까? 그리고 왜 그렇게 생각하는지 기술해 주십시오. [ 200자 이상 1000자 이내],재학 재직기간 동안 가장 뛰어난 업적 무엇입니까 그리고 그렇게 생각하는지 기술해
817,1,자신의 인생에서 가장 어려웠던 점과 이를 어떻게 극복하였는가를 서술해 주십시오. (최대 700자 입력가능),자신 인생 가장 어려웠던 어떻게 극복하였는가 서술해
818,1,"자신이 가장 성취하고 싶은 것과 어떤 인생을 살고 싶은지 서술해 주십시오. (최대 1,000자 입력가능)",자신 가장 성취 어떤 인생 살고 싶은지 서술해
819,1,"대학시절 (아르바이트, 동아리활동 등 포함) 가장 큰 성취감을 느꼈던 사례와 본인이 노력한 부분을 설명하십시오.",대학시절 가장 성취감 느꼈던 사례 본인 노력한 부분 설명하
820,1,지금까지 이룬 큰 성과와 그 과정에서 노력한 내용을 기술하시오.,지금 이룬 성과 과정 노력한 내용 기술하
821,1,"살아오면서 겪은 가장 힘들었던 경험을 설명하고, 그 극복과정에서 느낀 점에 대해 기술하시오.",살아오면서 가장 힘들었던 경험 설명 극복과정 느낀 대해 기술하
822,1,인생에서 가장 행복했던 경험이나 힘들었던 경험(200자),인생 가장 행복했던 경험 힘들었던 경험200자
823,1,"한국미니스톱의 인재상 중 자신과 가장 부합하는 2가지를 선택한 뒤, 구체적인 사례를 포함하여 그렇게 생각하는 이유를 기술하여 주십시오.(700자)",한국미니스톱 인재상 자신 가장 부합 2가지 선택한 구체적인 사례 포함 그렇게 생각 이유 기술 주십시오700자
824,1,"귀하가 가장 소중하게 생각하는 것은 무엇이며, 그 이유에 대해 약술하십시오 300",귀하 가장 소중하게 생각 무엇 이유 대해 약술하 300
825,1,기존의 관행 혹은 방식을 개선했던 경험 중 가장 보람 있고 효과적이었던 경험 한 가지를 상세하게 설명하여 주십시오.(600자 이내) 글자수 자,기존 관행 방식 개선했던 경험 가장 보람 효과적이었던 경험 가지 상세하게 설명 글자수
826,1,KOGAS의 세가지 인재상 중 자신과 가장 부합된다고 생각하는 인재상을 하나 선택하여 기술하시오,KOGAS 세가지 인재상 자신 가장 부합된다고 생각 인재상 선택 기술하
827,1,"전공(또는 지원 직무) 외 다양한 지식과 직·간접적 경험을 쌓기 위해 평소에 본인이 꾸준하게 노력한 점에 대해 서술해 주십시오. - 구체적인 행동과 실천 방법은 무엇이었고, 시간(기간)은 어느 정도였나요? - 이러한 노력의 결과 본인에게 가장 큰 변화는 무엇이라고 생각하나요?",전공 다양한 지식 직간접적 경험 쌓기 평소 본인 꾸준하게 노력한 대해 서술해 구체적인 행동 실천 방법 무엇이었고 시간기간 어느 정도였나요 이러한 노력 본인 가장 변화 무엇이라고 생각하나요
828,1,성취한 일 중에 가장 기억에 남는 일과 그것을 성취하기 위해,성취한 가장 기억 그것 성취하기
829,1,힘들었던 일과 극복해낸 방법,힘들었던 극복해낸 방법
830,1,"여가시간의 증가, 소득수준의 향상, 저렴한 항공권 가격, 편리한 접근성, 낮은 환율 중 여행수요에 가장 중요한 영향을 미치는 요인은 무엇이며, 그 요인에 적합한 영업 전략은 무엇이라고 생각하는지 기술해주세요.",여가시간 소득수준 향상 저렴한 항공권 가격 편리한 접근성 환율 여행수요 가장 중요한 영향 미치 요인 무엇 요인 적합한 영업 전략 무엇이라고 생각하는지 기술해
831,1,경농의 핵심가치 6개(윤리/안전/열정/인재/성과/고객중심) 중 자신에게 가장 부합한다고 생각하는 핵심가치 1개 선정 후 그 이유를 구체적 사례를 바탕으로 기술해 주십시오. (1000자 이내),경농 핵심가치 6개 자신 가장 부합한다고 생각 핵심가치 1개 선정 이유 구체적 사례 바탕 기술해
832,1,지금까지 인생에서 본인이 쏟을 수 있는 가장 큰 열정을 가지고 노력했던 일이 있다면 무엇인지 가장 최근의 사례를 기술해 주세요.,지금 인생 본인 가장 열정 가지고 노력했던 있다면 무엇인지 가장 최근 사례 기술해
833,1,"인생을 살면서 본인이 가장 소속감을 느꼈던 집단은 무엇이며, 그 집단 내에서 타인과 협업했던 경험에 대해서 자유롭게 이야기 해 주세요. [ 500자 이상 700자 이내 ]",인생 살면서 본인 가장 소속감 느꼈던 집단 무엇 집단 타인 협업했던 경험 자유롭게 이야기
834,1,"여러분이 경험했던 TV 또는 영화 애니메이션 콘텐츠 중 가장 인상 깊었던 콘텐츠를 하나 선정하고, 해당 콘텐츠의 성공요인 또는 부진요인에 대한 본인의 생각을 작성해주세요. (500자 이내)",여러분 경험했던 TV 영화 애니메이션 콘텐츠 가장 인상 깊었던 콘텐츠 선정 해당 콘텐츠 성공요인 부진요인 본인 생각 작성해
835,1,공단의 핵심가치 중 본인이 추구하는 바와 가장 밀접한 한 가지를 선정하고 그 이유를 설명해 주십시오.,공단 핵심가치 본인 추구 가장 밀접한 가지 선정 이유 설명해
836,1,본인의 성장과정에서 가장 기억에 남는 경험은 무엇이었나요?,본인 성장과정 가장 기억 경험 무엇이었나요
837,1,우리 KIAN(기아인)들은 다음과 같이 네 가지의 인재상을 닮아 가려고 노력합니다. 그 중에서 당신을 가장 잘 표현할 수 있는 한 가지를 선택하여 경험적 사례를 통해 그 이유를 설명해 주세요 1500자,우리 KIAN기아인들 다음 가지 인재상 닮아 가려고 노력 당신 가장 표현할 가지 선택 경험적 사례 이유 설명해 1500자
838,1,자신이 가장 크게 실패했던 경험과 그것을 극복하기 위해 기울인 노력에 대해 구체적으로 기술하시오.,자신 가장 크게 실패했던 경험 그것 극복하기 기울인 노력 대해 구체적 기술하
839,1,최근 3 년간 이뤘던 성취 중 가장 기억에 남는 일을 서술해 주십시오. (600 자 이내) 427/600,최근 년간 이뤘던 성취 가장 기억 서술해 427600
840,1,본인이 생각하는 가장 중요한 가치를 한 가지 선택하여 기술하고 그 가치를 지키기 위해 꾸준히 실천해온 노력을 기술하시오.,본인 생각 가장 중요한 가치 가지 선택 기술 가치 지키기 꾸준히 실천해온 노력 기술하
841,1,"성장과정에서 부모, 가족으로부터 가장 인상적인 경험을 구체적으로 기술하여 주십시오. [500자 이내]",성장과정 부모 가족으로 가장 인상적인 경험 구체적 기술
842,1,한국콜마의 인재상인 4성 5행 中 가장 중요하다고 생각하는 것을 택 1 하여 그 정신이 왜 필요한지 기술하여 주십시오. [500자 이내],한국콜마 인재상인 4성 5행 가장 중요하다고 생각 정신 필요한지 기술
843,1,"본인의 경험 중 가장 도전적이었던 시도는 무엇이었으며, 그 과정을 통해 배운 바를 기술하여 주십시오.(700자)",본인 경험 가장 도전적이었던 시도 무엇이었으며 과정 배운 기술 주십시오700자
844,1,학업 이외에 관심과 열정을 가지고 했던 다양한 경험 중 기억에 남는 것을 기술해 주세요.,학업 이외 관심 열정 가지고 했던 다양한 경험 기억 기술해
845,1,한국전력공사의 4가지 인재상 중 본인과 가장 부합된다고 생각하는 인재상을,한국전력공사 4가지 인재상 본인 가장 부합된다고 생각 인재상
846,1,"인생에서 가장 중요하게 생각하는 가치는 무엇이며, 그 가치를 위해 노력한 경험에 대하여 서술하여 주십시오.",인생 가장 중요하게 생각 가치 무엇 가치 노력한 경험 서술
847,1,최근 5년 동안 귀하가 도전한 일 중에서 가장 큰 도전은 무엇입니까? 그 도전을 통해 귀하는 무엇을 얻었습니까?,최근 5년 동안 귀하 도전한 가장 도전 무엇입니까 도전 무엇 얻었습니까
848,1,"[Cooperation] 협업을 통해 좋은 성과를 달성했던 사례와, 실패했던 사례를 한가지씩 말씀해주십시오. 각 경험에서 가장 어려웠던 점과 이를 통해 얻은 것을 함께 기술해주십시오.(898/900)",Cooperation 협업 성과 달성했던 사례 실패했던 사례 한가지씩 말씀해주 경험 가장 어려웠던 기술해주
849,1,본인의 기억에 남는 성취경험에 대하여 기술하시오,본인 기억 성취경험 기술하
850,1,본인이 삶을 살아가는데 가장 중요하게 생각하는 가치를 네 글자로 표현하고 그 이유와 해당 가치를 추구했던 경험을 구체적으로 설명해 주십시오,본인 살아가는데 가장 중요하게 생각 가치 글자 표현 이유 해당 가치 추구했던 경험 구체적 설명해
851,1,"본인의 경험 중 가장 도전적이었던 시도는 무었이었으며, 그 과정을 통해 배운 바를 기술하여 주십시오.",본인 경험 가장 도전적이었던 시도 무었이었으며 과정 배운 기술
852,1,"[진취성/창의성] 자신에게 주어졌던 일 중 가장 어려웠던 경험을 명시하고, 그 일을 극복하기 위해 했던 행동 및 결과에 대해 기술하시오. (600자 이내)",진취성창의성 자신 주어졌던 가장 어려웠던 경험 명시 극복하기 했던 행동 결과 대해 기술하
853,1,[가치관] 본인을 가장 잘 나타내는 3가지 키워드를 이야기 하고 이유를 기술하시오. (600자 이내),가치관 본인 가장 나타내 3가지 키워드 이야기 이유 기술하
854,1,"자신에게 가장 중요한 가치는 무엇이며, 그 가치관 형성에 영향을 준 사건 또는 계기가 무엇이었는지 소개해 주세요.",자신 가장 중요한 가치 무엇 가치관 형성 영향 사건 계기 무엇이었는지 소개해
855,1,지금까지 수강했던 과목 또는 공부했던 분야 중 본인이 가장 열심히 했거나 흥미를 가졌던 것은 무엇이며 그 이유는 무엇인지 설명해 주세요.,지금 수강했던 과목 공부했던 분야 본인 가장 열심히 했거 흥미 가졌던 무엇 이유 무엇인지 설명해
856,1,가장 힘들었던 순간과 이를 극복한 과정을 기술하세요.,가장 힘들었던 순간 극복한 과정 기술하
857,1,가장 기억나는 성공경험과 아쉬웠던 실패경험을 쓰고 블루홀 입사 후 업무를 수행하는데 있어서 어떤 점이 도움이 될 수 있는지 작성해주세요. * [10자 이상 800자 이내],가장 기억나 성공경험 아쉬웠던 실패경험 쓰고 블루홀 입사 업무 수행하는데 있어서 어떤 도움 있는지 작성해
858,1,"본인의 성장과정을 간략히 기술하되 현재의 자신에게 가장 큰 영향을 끼친 사건, 인물 등을 포함하여",본인 성장과정 간략히 기술하되 현재 자신 가장 영향 끼친 사건 인물 포함
859,1,"본인의 성장과정을 간략히 기술하되 현재의 자신에게 가장 큰 영향을 끼친 사건, 인물 등을 포함하여 기술하시길 바랍니다.",본인 성장과정 간략히 기술하되 현재 자신 가장 영향 끼친 사건 인물 포함 기술하시길 바랍니다
860,1,본인이 이룬 가장 큰 성취경험과 실패경험에 대하여 기술하시오.,본인 이룬 가장 성취경험 실패경험 기술하
861,1,"(문제해결능력) 본인이 겪었던 가장 어렵거나 힘들었던 문제에 대해 간략하게 설명하고, 그 문제를 해결하기 위한 구체적 과정(원인 도출, 해결방안 적용 등)과 어떤 점에서 그 해결책이 효과적이었다고 생각하는지 기술하여 주십시오.",본인 겪었던 가장 어렵거 힘들었던 문제 대해 간략하게 설명 문제 해결하기 구체적 과정 어떤 해결책 효과적이었다고 생각하는지 기술
862,1,지금까지 학교생활 및 여러 조직에서 생활을 해오면서 조직생활에서 가장 중요한 부분이 무엇인지 설명해 주십시오.,지금 학교생활 여러 조직 생활 해오면서 조직생활 가장 중요한 부분 무엇인지 설명해
863,1,"자신에게 주어졌던 일 중 가장 어려웠던 경험은 무엇이었습니까? ②진행하면서 가장 어려웠던 점과 그것을 극복하기 위해 했던 행동과 생각, 결과에 대해 최대한 구체적으로 작성해주십시오.(1,000자 이내)",자신 주어졌던 가장 어려웠던 경험 무엇이었습니까 진행하면서 가장 어려웠던 그것 극복하기 했던 행동 생각 결과 대해 구체적 작성해주
864,1,사회활동 : 학업 이외에 관심과 열정을 가지고 했던 다양한 경험 중 가장 기억에 남는 것을 구체적으로 기술해주세요. (800),사회활동 학업 이외 관심 열정 가지고 했던 다양한 경험 가장 기억 구체적 기술해 800
865,1,본인의 가치관을 형성하는데 가장 큰 영향을 끼친 경험은 무엇인지 서술하세요.,본인 가치관 형성하는데 가장 영향 끼친 경험 무엇인지 서술하
866,1,지금껏 살아오면서 가장 잘했다고 생각하는 일 또는 가장 잘못했다고 생각하는 일을 적고 그 이유를 구체적으로 서술하세요.,지금껏 살아오면서 가장 잘했다고 생각 가장 잘못했다고 생각 적고 이유 구체적 서술하
867,1,가장 중요하게 여기는 가치는 무엇이고 그 이유는?,가장 중요하게 여기 가치 무엇 이유
868,1,사회활동 : 학업 이외에 관심과 열정을 가지고 했던 다양한 경험 중 가장 기억에 남는 것을 구체적으로 기술해주세요.(800),사회활동 학업 이외 관심 열정 가지고 했던 다양한 경험 가장 기억 구체적 기술해주세요800
869,1,"본인의 성장과정을 간략히 기술하되 현재의 자신에게 가장 큰 영향을 끼친 사건, 인물 등을 포함하여 기술하시길 바랍니다. [1500]",본인 성장과정 간략히 기술하되 현재 자신 가장 영향 끼친 사건 인물 포함 기술하시길 바랍니다 1500
870,1,본인이 도전했던 여러 경험 중 가장 힘들었던 경험을 작성하고 이를 통해 배운 점은 무엇이었는지 작성해주시기 바랍니다.(최대 500 자 이내로 작성),본인 도전했던 여러 경험 가장 힘들었던 경험 작성 배운 무엇이었는지 작성해주시기 바랍니다
871,1,본인이 도전했던 여러 경험 중 가장 힘들었던 경험을 작성하고 이를 통해 배운 점은 무엇이었는지 작성해주시기 바랍니다.,본인 도전했던 여러 경험 가장 힘들었던 경험 작성 배운 무엇이었는지 작성해주시기 바랍니다
872,1,"여러분이 경험한 IT와 관련된 가장 의미있는 사례를 구체적으로 기술해 주세요. ① 가장 의미있다고 생각한 이유, ② 해당 사례 에서 노력한 과정과 결과, ③ 해당 경험이 입사 후 기여할 수 있는 점은 무엇인지에 대하여 작성해 주세요. (1,000자 이내)",여러분 경험한 IT 관련된 가장 의미 사례 구체적 기술해 가장 의미있다고 생각한 이유 해당 사례 노력한 과정 해당 경험 입사 기여할 무엇인지 작성해
873,1,인생에서 가장 열정을 쏟은 일 한 가지와 그로 인해 얻은 성과에 대해 설명하세요.,인생 가장 열정 가지 인해 성과 대해 설명하
874,1,정보보안과 관련하여 가장 기억에 남는 이슈와 본인의 견해를 설명하세요.,정보보안 관련 가장 기억 이슈 본인 견해 설명하
875,1,입사 후 가장 이루고 싶은 목표와 그 이유를 설명하세요.,입사 가장 이루고 목표 이유 설명하
876,1,국방연구원에서 가장 중요하다고 생각하는 것은?,국방연구원 가장 중요하다고 생각
877,1,"본인이 살아오면서 가장 강렬히 성취하고 싶었던 일은 무엇입니까? 그 일을 꼭 성취하고 싶었던 이유, 이를 달성하기 위해 구체적으로 했던 일, 그리고 그 결과와 느꼈던 점을 포함하여 상세 기술하십시오.",본인 살아오면서 가장 강렬히 성취 싶었던 무엇입니까 성취 싶었던 이유 달성하기 구체적 했던 그리고 결과 느꼈던 포함 상세 기술하
878,1,본인의 인생에서 가장 중요하다고 생각되는 사건과 그 사건이 주는 의미에 대하여 기술하시오.,본인 인생 가장 중요하다고 생각되 사건 사건 의미 기술하
879,1,가족 외에 가장 애착을 가지고 있는 관계의 인물(들)에 대하여 기술하시오.,가족 가장 애착 가지고 관계 인물들 기술하
880,1,"최근 5년 내 가장 큰 성취를 이룬 경험, 경력은 무엇이며, 이를 통해 공사 발전에 어떻게 기여할 수 있는지를 기술하시오.",최근 5년 가장 성취 이룬 경험 경력 무엇 공사 발전 어떻게 기여할 있는지 기술하
881,1,"공사업무 중 본인이 가장 잘 수행할 수 있는 업무 1가지를 선정하고, 그 이유와 해당 분야의 전문가가 되기 위한 구체적인 자기계발 계획을 기술하시오.",공사업무 본인 가장 수행할 업무 1가지 선정 이유 해당 분야 전문가 되기 구체적인 자기계발 계획 기술하
882,1,"본인의 인생관에 가장 큰 영향을 미쳤던 도전이 있다면 무엇이며, 어떻게 극복 하였습니까?",본인 인생관 가장 영향 미쳤던 도전 있다면 무엇 어떻게 극복 하였습니까
883,1,"본인이 지금까지 살아오면서 가장 어려웠던 문제나 난관에 부딪힌 사례와 그 일을 어떻게 극복하였으며, 그 결과를 통해 느낀 점을 작성해 주십시오.",본인 지금 살아오면서 가장 어려웠던 문제 난관 부딪힌 사례 어떻게 극복하였으며 결과 느낀 작성해
884,1,"대학생활 중 가장 뛰어난 성과를 거두었던 경험이 무엇이었으며, 그 과정에서 어떠한 노력을 하였고 무엇을 배웠는지 작성해주세요. * [500자 이내]",대학생활 가장 뛰어난 성과 거두었던 경험 무엇이었으며 과정 어떠한 노력 하였고 무엇 배웠는지 작성해
885,1,"귀하가 경험했던 가장 어려웠던 일이 무엇이었으며, 그것을 극복하기 위하여 어떤 노력을 하였고 결과가 어떠하였는지 작성해주세요. * [500자 이내]",귀하 경험했던 가장 어려웠던 무엇이었으며 그것 극복하기 어떤 노력 하였고 결과 어떠하였는지 작성해
886,1,자신에게 주어졌던 일 중 가장 어려웠던 경험은 무엇이었습니까?,자신 주어졌던 가장 어려웠던 경험 무엇이었습니까
887,1,자신에게 요구된 것보다 더 높은 목표를 스스로 세워 시도했던 경험 중 가장 기억에 남는 것은 무엇입니까?,자신 요구된 목표 스스 세워 시도했던 경험 가장 기억 무엇입니까
888,1,"이제까지 가장 강하게 소속감을 느꼈던 조직은 무엇이었으며, 그 조직의 발전을 위해 헌신적으로 노력했던 것 중 가장 기억에 남는 경험은 무엇입니까?",이제 가장 강하게 소속감 느꼈던 조직 무엇이었으며 조직 발전 헌신적 노력했던 가장 기억 경험 무엇입니까
889,1,"본인이 세아인이 되기 위해 가장 부족한 역량은 무엇이며, 어떠한 방식으로 개선할 계획인지 기술하시오 (500자)",본인 세아인 되기 가장 부족한 역량 무엇 어떠한 방식 개선할 계획인지 기술하 500자
890,1,살아오면서 자신의 노력으로 이루었던 것 중 가장 성취감을 크게 느꼈던 일이 무엇인지 기술하시오 (500자),살아오면서 자신 노력 이루었던 가장 성취감 크게 느꼈던 무엇인지 기술하 500자
891,1,삶에 있어 가장 중요한 것은 무엇인가요?,있어 가장 중요한 무엇인가요
892,1,가장 실패한 경험이 있으면 무엇이고 왜 실패하였나요?,가장 실패한 경험 있으면 무엇 실패하였나요
893,1,"본인이 이수한 전기전자 전공 과목중 가장 흥미있었던 과목 5가지를 나열하고, 그 중 한가지를 선",본인 이수한 전기전자 전공 과목중 가장 흥미있었던 과목 5가지 나열 한가지
894,1,인생에서 가장 행복했던 경험과 힘들었던 경험,인생 가장 행복했던 경험 힘들었던 경험
895,1,"귀하의 인생에서 가장 힘들었던 순간과, 그 이유와 결과에 대해서 솔직하게 서술해주세요.",귀하 인생 가장 힘들었던 순간 이유 결과 솔직하게 서술해
896,1,가장 성취감을 느꼈던 일은 무엇이었습니까? 목표달성을 위해 가장 어려웠던 부분과 이를 극복하기 위해 어떤 노력을 기울였는지 작성해 주십시오(800자),가장 성취감 느꼈던 무엇이었습니까 목표달성 가장 어려웠던 부분 극복하기 어떤 노력 기울였는지 작성해 주십시오800자
897,1,자신이 시도했던 가장 도전적인 상황에 대하여 설명하고 이를 해결하기 위해 노력했던 과정과 그 도전을 통해 얻은 것을 구체적으로 기술하여 주십시오.,자신 시도했던 가장 도전적인 상황 설명 해결하기 노력했던 과정 도전 구체적 기술
898,1,"본인이 삶을 살아가는데 가장 중요하게 생각하는 가치를 네글자로 표현, 해당가치를 추구했던 경험을 구체적으로 설명",본인 살아가는데 가장 중요하게 생각 가치 네글자 표현 해당가치 추구했던 경험 구체적 설명
899,1,고객만족을 위해서 가장 필요한 것은 무엇이라고 생각하십니까?,고객만족 가장 필요한 무엇이라고 생각하십니까
900,1,본인이 조직 및 집단생활에 있어서 가장 중요하다고 생각하는 것은 무엇인지 본인의 경험을 들어 구체적으로 기술해 주십시오.,본인 조직 집단생활 있어서 가장 중요하다고 생각 무엇인지 본인 경험 들어 구체적 기술해
901,1,인생에서 이룬 가장 큰 성취,인생 이룬 가장 성취
902,1,"어떠한 일에 가장 크게 '몰입'하여 '재미있고 즐겁게' 했던 '나만의 경험'에 대해 기술해주십시오.(어학공부, 다이어트는 제외)",어떠한 가장 크게 몰입 재미 즐겁게 했던 나만 경험 대해 기술해주
903,1,"자신의 삶에서 가장 중요한 경험 3가지를 기술해주시고, 그 경험을 통해 얻은 것이 무엇인지 서술해주십시오.",자신 가장 중요한 경험 3가지 기술해주시고 경험 무엇인지 서술해주
904,1,"대립되는 입장이나 관점을 조정하기 위해 가장 중요한 것이 무엇이라고 생각하며, 이를 위한 본인의 행동사례나 경험을 기술하시오.",대립되 입장 관점 조정하기 가장 중요한 무엇이라고 생각 본인 행동사례 경험 기술하
905,1,인생에서 이룬 가장 큰 성취 [100자 이상 600자 이내],인생 이룬 가장 성취
906,1,가장 크게 성취한 경험,가장 크게 성취한 경험
907,1,"상호간 의사를 전달하는 수단에는 여러가지가 있습니다. 본인이 가장 선호하는 소통수단을 1가지 들고, 사유를 설명하십시오.",상호간 의사 전달 수단에 여러가지 본인 가장 선호 소통수단 1가지 들고 사유 설명하
908,1,본인을 가장 잘 표현할 수 있는 단어와 그 이유를 서술하시오. (508/600bytes),본인 가장 표현할 단어 이유 서술하
909,1,"어떠한 일에 가장 크게 '몰입'하여 '재미있고 즐겁게' 했던 '나만의 경험'에 대해 기술해주십시오.(어학공부, 다이어트는 제외) [500자 이상 1000자 이내]",어떠한 가장 크게 몰입 재미 즐겁게 했던 나만 경험 대해 기술해주
910,1,"자신의 삶에서 가장 중요한 경험 3가지를 기술해주시고, 그 경험을 통해 얻은 것이 무엇인지 서술해주십시오. [500자 이상 1000자 이내]",자신 가장 중요한 경험 3가지 기술해주시고 경험 무엇인지 서술해주
911,1,당신을 가장 잘 표현할 수 있는 한 가지를 선택하여 경험적 사례를 통해 그 이유를 설명해 주세요. 1500자,당신 가장 표현할 가지 선택 경험적 사례 이유 설명해 1500자
912,1,"농협은행의 인재상 중 본인에게 가장 어울리는 인재상은 무엇인지 선택하고,선택한 이유를 본인의 구체적 경험을 바탕으로 설명하시오",농협은행 인재상 본인 가장 어울리 인재상 무엇인지 선택하고선택한 이유 본인 구체적 경험 바탕 설명하
913,1,본인의 삶에서 가장 큰 영향을 끼쳤던 일에 대해 아래와 같이 기술하시오,본인 가장 영향 끼쳤던 대해 아래 기술하
914,1,본인에게 가장 영향을 끼쳤거나 인상 깊은 역사적 사건이나 인물에 대해 간략히 설명하고 교훈점이나 시사점에 대해 기술하여 주십시오.,본인 가장 영향 끼쳤거 인상 역사적 사건 인물 대해 간략히 설명 교훈점 시사점 대해 기술
915,1,본인에게 가장 어려웠던 경험과 극복하기 위해 했던 노력을 기술해주십시오 가급적 변화의 관점에서 기술해 주십시오,본인 가장 어려웠던 경험 극복하기 했던 노력 기술해주 가급적 변화 관점 기술해
916,1,최근 5년간 가장 도전적이라고 생각되는 경험과 그 경험을 통해 무엇을 얻었는지 구체적으로 기술하여 주십시오.,최근 5년간 가장 도전적이라고 생각되 경험 경험 무엇 얻었는지 구체적 기술
917,1,"한국마사회의 사업영역 중 가장 관심 있는 사업 한 가지를 명시하고, 사업 활성화를 위한 방안을 자유롭게 기술하여 주십시오.",한국마사회 사업영역 가장 관심 사업 가지 명시 사업 활성화 방안 자유롭게 기술
918,1,가장 기억하고 싶지 않은 대인관계에 대해 당시 상황과 원인을 포함하여 자세하게 기술하여 주십시오.,가장 기억 싶지 대인관계 대해 당시 상황 원인 포함 자세하게 기술
919,1,본인이 지금까지 했던 일 중 가장 열정을 가지고 했던 일은 무엇인지 기술하시오.(600자 이내),본인 지금 했던 가장 열정 가지고 했던 무엇인지 기술하
920,1,생애 힘들었던 경험 실패 및 극복사례 600자,생애 힘들었던 경험 실패 극복사례 600자
921,1,"본인의 성장과정을 간략히 기술하되 현재의 자신에게 가장 큰 영향을 끼친 사건, 인물 등을 포함하여 기술하시기 바랍니다. (*작품속 가상인물도 가능) (1482/1500자)",본인 성장과정 간략히 기술하되 현재 자신 가장 영향 끼친 사건 인물 포함 기술하시기 바랍니다
922,1,성장과정에서 본인에게 큰 영향을 미친 경험이나 사건을 4개 이내 기술해주세요. (각각의 경험이나 사건을 통해 느낀 점 또는 본인에게 미친 영향을 포함하여 기술,성장과정 본인 영향 미친 경험 사건 4개 이내 기술해 각각 경험 사건 느낀 본인 미친 영향 포함 기술
923,1,수강했던 전공 또는 교양과목 중 가장 관심 있었던 두 과목을 선택하고 그 이유를 작성바랍니다.(500자),수강했던 전공 교양과목 가장 관심 있었던 과목 선택 이유 작성바랍니다500자
924,1,"성장과정에서 부모, 가족으로부터 가장 인상적인 경험을 구체적으로 기술하여 주십시오. [ 500자 이내 ] /500",성장과정 부모 가족으로 가장 인상적인 경험 구체적 기술 500
925,1,한국콜마의 인재상인 4성 5행 中 가장 중요하다고 생각하는 것을 택 1 하여 그 정신이 왜 필요한지 기술하여 주십시오. [ 500자 이내 ] /500,한국콜마 인재상인 4성 5행 가장 중요하다고 생각 정신 필요한지 기술 500
926,1,"자신이 겪은 가장 큰 실패경험 및 극복방법, 그것을 통하여 얻은 교훈에 대하여 기술하시오",자신 가장 실패경험 극복방법 그것 교훈 기술하
927,1,"세 가지 인재상 중 자신과 가장 부합된다고 생각하는 인재상을 하나 선택하여, 구체적인 사례를 포함하여 그렇게 생각하는 이유를 기술하여 주십시오.",가지 인재상 자신 가장 부합된다고 생각 인재상 선택 구체적인 사례 포함 그렇게 생각 이유 기술
928,1,살아오면서 가장 도전적(열정적)으로 임했던 일과 이룬 것,살아오면서 가장 도전적열정적 임했던 이룬
929,1,"본인이 이뤄냈던 가장 뛰어난 성과에 대해, 그 일을 시작한 계기와 노력과정 및 구체적인 성과를 기술해 주십시오.",본인 이뤄냈던 가장 뛰어난 성과 대해 시작한 계기 노력과정 구체적인 성과 기술해
930,1,"본인의 성장과정을 기술하되 현재의 자신에게 가장 큰 영향을 끼친 사건, 인물 등을 포함하여 기술하시기 바랍니다.",본인 성장과정 기술하되 현재 자신 가장 영향 끼친 사건 인물 포함 기술하시기 바랍니다
931,1,"지금까지 살아오면서 가장 힘들었던 일은 무엇입니까, 그리고 그것을 어떻게 해결하였는지 작성해 주십시오. (1000자 이내)",지금 살아오면서 가장 힘들었던 무엇입니까 그리고 그것 어떻게 해결하였는지 작성해
932,1,"본인이 삶을 살아가는데 가장 중요하게 생각하는 가치를 표현하고, 그 이유와 해당 가치를 추구했던 경험을 구체적으로 설명해 주십시오.",본인 살아가는데 가장 중요하게 생각 가치 표현 이유 해당 가치 추구했던 경험 구체적 설명해
933,1,"살아오면서 이루어낸 가장 큰 변화에 대해 자신의 행동, 결과",살아오면서 이루어낸 가장 변화 대해 자신 행동
934,1,"하나금융그룹의 핵심가치는 열정, 열린마음, 고객우선, 전문성, 존중과 배려입니다. 이러한 가치를 가장 잘 표현할 수 있는 과거의 활동이나 경험에 대하여 서술하시오",하나금융그룹 핵심가치 열정 열린마음 고객우선 전문성 존중 배려 이러한 가치 가장 표현할 과거 활동 경험 서술하
935,1,"지난 시절(대학,군복무 등) 사회경험 속에서 가장 큰 성취감을 느꼈던 사례와 자신이 노력한 부분을 설명 하십시오.",지난 시절 사회경험 가장 성취감 느꼈던 사례 자신 노력한 부분 설명
936,1,"지금까지 살아오면서 가장 힘들었던 사례를 기술하시고, 그것을 어떻게 극복했는지 또는 극복하고 있는지 설명 하십시오.",지금 살아오면서 가장 힘들었던 사례 기술하시고 그것 어떻게 극복했는지 극복 있는지 설명
937,1,자신이 가장 열정을 쏟았던 경험과 좋아하거나 즐겨하는 활동을 기술해 주십시오.,자신 가장 열정 쏟았던 경험 좋아하거 즐겨 활동 기술해
938,1,"대립되는 입장이나 관점을 조정하기 위해 가장 중요한 것이 무엇이라고 생각하며,이를 위한 본인의 행동사례나 경험을 기술하시오. (1500byte)",대립되 입장 관점 조정하기 가장 중요한 무엇이라고 생각하며이 본인 행동사례 경험 기술하
939,1,"이제까지 가장 강하게 소속감을 느꼈던 조직은 무엇이며, 그 조직의 발전을 위해 헌신적으로 노력했던 것 중 가장 기억에 남는 경험은 무엇이었습니까? 개인적으로 더 많은 노력을 기울였던 일과 그 때 했던 행동과 생각, 결과에 대해 최대한 구체적으로 작성해 주십시오.",이제 가장 강하게 소속감 느꼈던 조직 무엇 조직 발전 헌신적 노력했던 가장 기억 경험 무엇이었습니까 개인적 노력 기울였던 했던 행동 생각 결과 대해 구체적 작성해
940,1,"자신에게 요구된 것보다 더 높은 목표를 스스로 세워 도전했던 경험 중 가장 기억에 남는 것은 무엇입니까? 목표 달성 과정에서 아쉬웠던 점이나 그 때 느꼈던 자신의 한계는 무엇이고, 이를 극복하기 위해 했던 행동과 생각, 결과에 대해 최대한 구체적으로 작성해 주십시오.",자신 요구된 목표 스스 세워 도전했던 경험 가장 기억 무엇입니까 목표 달성 과정 아쉬웠던 느꼈던 자신 한계 무엇 극복하기 했던 행동 생각 결과 대해 구체적 작성해
941,1,태어나서 지금까지 살아온 과정은?,태어나서 지금 살아온 과정
942,1,지금의 내가 있기까지 나의 성장에 가장 중요한 계기가 된 경험을 적으시오.(300자),지금 있기 성장 가장 중요한 계기 경험 적으시오300자
943,1,"내가 개인적으로 가장 좋아하는 일은 무엇이고, 이 일에 얼마나 에너지를 쏟고 있으며, 나에게 어떠한 의미인지 설명하세요.(600자)",개인적 가장 좋아 무엇 얼마 에너지 쏟고 있으며 어떠한 의미인지 설명하세요600자
944,1,"자신에게 주어진 일 중 가장 어려웠던 경험은 무엇이고, 이를 극복하기 위해 어떠한 노력을 했는지, 그 경험이 나에게 미친 영향에 대해서 설명하세요.(600자)",자신 주어진 가장 어려웠던 경험 무엇 극복하기 어떠한 노력 했는지 경험 미친 영향 설명하세요600자
945,1,본인의 인생에 가장 큰 영향을 미친 사건과 그 사건이 주는 의미에 대하여 기술하시오. (597/600자),본인 인생 가장 영향 미친 사건 사건 의미 기술하
946,1,"본인이 시도하였던 도전 중 가장 큰 성공과 실패는 어떠한 것이 있었고, 이러한 두 가지 경험이 자신을 어떻게 변화시켰는지 기술하시오. (799/800자)",본인 시도하였던 도전 가장 성공 실패 어떠한 있었고 이러한 가지 경험 자신 어떻게 변화시켰는지 기술하
947,1,지금까지 가장 힘들었던 경험,지금 가장 힘들었던 경험
948,1,최근 가장 열정적으로 임했던 일을 서술해주십시오,최근 가장 열정적 임했던 서술해주
949,1,"지금까지 살아오면서 가장 힘들었던 순간과 이를 극복해낸 과정, 그리고 이 과정에서 얻은 경험이 회사생활에 어떠한 긍정적인 영향을 미칠지 기술하시오. (1,000자 이내)",지금 살아오면서 가장 힘들었던 순간 극복해낸 과정 그리고 과정 경험 회사생활 어떠한 긍정적인 영향 미칠지 기술하
950,1,가장 후회되는 일은 무엇입니까?,가장 후회되 무엇입니까
951,1,본인의 성장과정에서 가장 큰 성공과 실패의 경험 및 그러한 경험을 통해 깨닫게 된 점 혹은 변화하게 된 점에 대하여 구체적으로 기술하시오,본인 성장과정 가장 성공 실패 경험 그러한 경험 깨닫게 변화하게 구체적 기술하
952,1,학업 외 가장 열정적이고 도전적으로 몰입하여 성공을 이뤄낸 경험이 있다면 구체적으로 기술해주세요.,학업 가장 열정적 도전적 몰입 성공 이뤄낸 경험 있다면 구체적 기술해
953,1,현재 위메프에서 판매하고 있는 상품 중 본인을 가장 잘 표현할 수 있는 것을 찾아보고 그 이유를 기술해주세요.,현재 위메프 판매 상품 본인 가장 표현할 찾아보고 이유 기술해
954,1,"인생에서 가장 중요하게 생각하는 가치는 무엇이며, 그 가치를 위해 노력한 경험에 대하여 서술하여 주십시오. (500자)",인생 가장 중요하게 생각 가치 무엇 가치 노력한 경험 서술 500자
955,1,살면서 가장 즐거웠던 경험,살면서 가장 즐거웠던 경험
956,1,살면서 가장 힘들었던 경험,살면서 가장 힘들었던 경험
957,1,"보험서비스 전문회사인 삼성화재서비스의 비전은 ""First & Best Service Partner""입니다. First, Best, Service, Partner 이 네 단어 중 본인과 가장 닮은 한 단어를 선정하고, 그 이유와 관련 경험을 함께 기술하여 주십시오.",보험서비스 전문회사인 삼성화재서비스 비전 First Best Service Partner First Best Service Partner 단어 본인 가장 단어 선정 이유 경험 기술
958,1,학업이외에 관심과 열정을 가지고 했던 다양한 경험 중 가장 기억에 남는 것을 구체적으로 기술해주세요. (800자),학업이외 관심 열정 가지고 했던 다양한 경험 가장 기억 구체적 기술해 800자
959,1,가장 기억에 남는 성공실패 경험과 그것을 달성하기 위한 노력 및 교훈,가장 기억 성공실패 경험 그것 달성하기 노력 교훈
960,1,학업 이외 활동 중 가장 의미있었던 활동과 그 이유를 알려주세요. (500자 내외),학업 이외 활동 가장 의미있었던 활동 이유 알려
961,1,"현재의 자신에게 가장 큰 영향을 끼친 사건, 인물 및 삶의 터닝 포인트에 대해 소개바랍니다.(500자 내외)",현재 자신 가장 영향 끼친 사건 인물 터닝 포인트 대해 소개바랍니다
962,1,"SPC그룹의 핵심가치(정직, 혁신, 협업) 중 한 가지를 선택하고, 그와 관련하여 가장 인상 깊었던 사례와 그 이유는 무엇인지 서술해 주십시오. [ 300자 이상 600자 이내]",SPC그룹 핵심가치 가지 선택 관련 가장 인상 깊었던 사례 이유 무엇인지 서술해
963,1,"본인이 가장 중요하게 생각하는 가치는 무엇이며, 왜 그렇게 생각하시나요?",본인 가장 중요하게 생각 가치 무엇 그렇게 생각하시나요
964,1,"서비스기업에 있어 가장 어려운 고객은 어떤 유형이며, 본인이 직원이라면 어떤 방법으로 해당유형의 고객을 응대하겠는지 기재하시오.",서비스기업 있어 가장 어려운 고객 어떤 유형 본인 직원이라면 어떤 방법 해당유형 고객 응대하겠는지 기재하
965,1,지금까지 살아오면서 스스로 생각하기에 가장 큰 성공사례와 실패사례를 소개해 주세요. (800자),지금 살아오면서 스스 생각하기 가장 성공사례 실패사례 소개해 800자
966,1,이제까지 가장 강한 소속감을 느꼈던 조직의 발전을 위해 노력한 것 중 가장 기억에 남는 경험은 무엇입니까?,이제 가장 강한 소속감 느꼈던 조직 발전 노력한 가장 기억 경험 무엇입니까
967,1,자신에게 주어졌던 일 중 가장 어려웠던 경험 또는 본인 스스로 목표를 정하고 가장 성공적인 결과를 거두었던 경험은 무엇인가,자신 주어졌던 가장 어려웠던 경험 본인 스스 목표 가장 성공적인 결과 거두었던 경험 무엇인
968,1,대학생활 중 가장 주목할 만한 성과 세가지를 구체적으로 작성해 주십시오.,대학생활 가장 주목할 만한 세가지 구체적 작성해
969,1,본인이 이룬 가장 큰 성취경험과 실패경험에 대하여 [100자~500자],본인 이룬 가장 성취경험 실패경험 100자500자
970,1,본인의 인생에서 가장 중요하다고 생각되는 사건과 그 사건이 주는 의미에 대하여 기술하시오,본인 인생 가장 중요하다고 생각되 사건 사건 의미 기술하
971,1,지금까지 가장 열정을 가졌던 경험을 기술하시오. (대상 무관),지금 가장 열정 가졌던 경험 기술하
972,1,이제까지 가장 어려웠던 위기와 이를 극복하기 위해 했던 행동과 결과에 대해 구체적으로 기술하십시오.,이제 가장 어려웠던 위기 극복하기 했던 행동 결과 대해 구체적 기술하
973,1,"자신에게 주어졌던 일 또는 경험 중에서 가장 힘들었던 상황은 무엇이며, 그 상황을 본인의 주도적인 노력으로 끈질기게 극복한 경험에 대해서 이야기 해 주세요. [ 500자 이상 700자 이내 ]",자신 주어졌던 경험 가장 힘들었던 상황 무엇 상황 본인 주도적인 노력 끈질기게 극복한 경험 이야기
974,1,"인생을 살면서 본인이 가장 소속감을 느꼈던 집단은 무엇이며, 그 집단 내에서 타인과 협업했던 경험에 대해서 자유롭게 이야기 해 주세요.",인생 살면서 본인 가장 소속감 느꼈던 집단 무엇 집단 타인 협업했던 경험 자유롭게 이야기
975,1,자신의 경험 가운데 가장 어려웠던 일이 무엇이고 어떤 이유로 어렵다고 생각한 것인지? 그리고 어떻게 극복하였고 이전과 비교하여 결과는 무엇이었는지? 에 대하여 서술해 주세요,자신 경험 가운데 가장 어려웠던 무엇 어떤 이유 어렵다고 생각한 것인지 그리고 어떻게 극복하였고 이전 비교 결과 무엇이었는지 서술해
976,1,본인의 성장배경에 대하여 적으시오(300자) 1)성장과정(가족사항 등) 2)대학생활(친구관계 등) 1-2. 지금의 내가 있기까지 나의 성장에 가장 중요한 계기가 된 경험을 적으시오.(300자),본인 성장배경 적으시오300자 1성장과정 2대학생활 지금 있기 성장 가장 중요한 계기 경험 적으시오300자
977,1,극복했던 가장 큰 역경에 대해 기술하여 주십시오.,극복했던 가장 역경 대해 기술
978,1,본인이 가장 어려웠던 경험과 극복하기 위해 했던 노력을 기술하십시오. (600자 이내),본인 가장 어려웠던 경험 극복하기 했던 노력 기술하
979,1,"자신이 수강한 전공과목 중 가장 자신 있는 전공 3가지에 대해, 각각의 이유와 학점을 명시해 주세요.",자신 수강한 전공과목 가장 자신 전공 3가지 대해 각각 이유 학점 명시해
980,1,지금까지 학교생활 및 여러 조직에서 생활을 해오면서 조직생활에서 가장 중요한 부분이 무엇인지 설명해 주십시오(100자 내외),지금 학교생활 여러 조직 생활 해오면서 조직생활 가장 중요한 부분 무엇인지 설명해
981,1,가장 기억에 남는 성과 또는 실패,가장 기억 실패
982,1,학업 이외에 본인이 관심과 열정을 가지고 가장 자기주도적으로 계획 수립하고 추진했던 경험이 무엇인가?,학업 이외 본인 관심 열정 가지고 가장 자기주도적 계획 수립 추진했던 경험 무엇인
983,1,본인이 살아오면서 가장 도전적이었거나 가장 인상 깊었던 경험을 기술하세요. (/800자),본인 살아오면서 가장 도전적이었거 가장 인상 깊었던 경험 기술하
984,1,대학생활 중 가장 도전적으로 임하였던 일은 무엇입니까?,대학생활 가장 도전적 임하였던 무엇입니까
985,1,"지금까지 가장 힘들었던 경험(혹은 실패했던 경험)은 무엇이며, 어떻게 극복했는지(혹은 어떤 교훈을 얻었는지) 기술하십시오.",지금 가장 힘들었던 경험 무엇 어떻게 극복했는지 기술하
986,1,"SPC그룹의 핵심가치(정직, 혁신, 협업) 중 한 가지를 선택하고, 그와 관련하여 가장 인상 깊었던 사례와 그 이유는 무엇인지 서술해 주십시오.",SPC그룹 핵심가치 가지 선택 관련 가장 인상 깊었던 사례 이유 무엇인지 서술해
987,1,살면서 가장 힘들었던 경험 200,살면서 가장 힘들었던 경험 200
988,1,"인생을 살면서 본인이 가장 소속감을 느꼈던 집단은 무엇이며, 그 집단 내에서 타인과 협업했던 경험에 대해서 자유롭게 이야기 해 주세요. [ 500자 이상 700자 이내]",인생 살면서 본인 가장 소속감 느꼈던 집단 무엇 집단 타인 협업했던 경험 자유롭게 이야기
989,1,"자신에게 주어졌던 일 또는 경험 중에서 가장 힘들었던 상황은 무엇이며, 그 상황을 본인의 주도적인 노력으로 끈질기게 극복한 경험에 대해서 이야기 해 주세요.",자신 주어졌던 경험 가장 힘들었던 상황 무엇 상황 본인 주도적인 노력 끈질기게 극복한 경험 이야기
990,1,[가치관] 인생에서 가장 큰 성취감을 느낀 사건은 무엇인가요? 사건이 발생한 계기와 과정을 자세하게 묘사해 주세요. *600자 이상 1000자 이하로 입력하세요.,가치관 인생 가장 성취감 느낀 사건 무엇인가요 사건 발생한 계기 과정 자세하게 묘사해 1000자 이하 입력하
991,1,"가장 기억에 남는 성과 또는 실패 745/800 (글자 수, 공백 포함)",가장 기억 실패 745800
992,1,살아오면서 중요했던일,살아오면서 중요했던일
993,1,"이제까지 가장 어려웠던 위기와 이를 극복하기 위해 했던 행동과 결과에 대해 구체적으로 기술하십시오. 1199/1200 (바이트 수(2 byte), 공백 포함)",이제 가장 어려웠던 위기 극복하기 했던 행동 결과 대해 구체적 기술하 11991200 공백 포함
994,1,지원회사를 선택함에 있어 본인이 가장 중요하게 생각하는 두 가지에 대해 기술하고 이를 바탕으로 한화호텔앤드리조트/FC에 입사하고 싶은 이유에 대해 설명해 주십시오.,지원회사 선택함 있어 본인 가장 중요하게 생각 가지 대해 기술 바탕 한화호텔앤드리조트FC 입사 이유 대해 설명해
995,1,"본인의 대인관계 경험 중 가장 기억하고 싶지 않은 경험과, 기억하고 싶은 경험을 각 한 가지씩 서술해 주십시오. (600자)",본인 대인관계 경험 가장 기억 싶지 경험 기억 경험 가지씩 서술해 600자
996,1,대학내일의 4가지 인재상 중 가장 자신 있는 부분과 부족하다고 생각하는 부분에 대해 사례를 중심으로 각각 서술해 주세요.,대학내일 4가지 인재상 가장 자신 부분 부족하다고 생각 부분 대해 사례 중심 각각 서술해
997,1,"팀을 이루어 활동했던 경험 중 가장 최고의 결과물을 만들었던 사례에 대해 소개하고, 그 안에서 본인의 역할은 무엇이었는지 간략하게 기술해 주세요.",이루어 활동했던 경험 가장 최고 결과물 만들었던 사례 대해 소개 본인 역할 무엇이었는지 간략하게 기술해
998,1,본인이 회사를 선택 할 때 가장 중요하게 생각하는 것과 한미약품이 그것과 어떻게 부합하는지 기술하여 주십시오. [ 200자 이상 700자 이내 ],본인 회사 선택 가장 중요하게 생각 한미약품 그것 어떻게 부합하는지 기술
999,1,엘리트 한미인상 중 본인에게 가장 적합한 1가지를 선택하여 사례를 소개하여 주십시오. [ 200자 이상 700자 이내],엘리트 한미인상 본인 가장 적합한 1가지 선택 사례 소개
1000,1,지원자의 가치관 확립에 가장 큰 영향을 준 인생 경험을 6하원칙에 따라 서술하시오.,지원자 가치관 확립 가장 영향 인생 경험 6하원칙 따라 서술하
1001,1,재학 또는 재직기간 동안 가장 뛰어난 업적은 무엇입니까? 그리고 왜 그렇게 생각하는지 기술해 주십시오.(1000자 이내 작성),재학 재직기간 동안 가장 뛰어난 업적 무엇입니까 그리고 그렇게 생각하는지 기술해
1002,1,"본인이 살아오면서 가장 강렬히 성취하고 싶었던 일은 무엇입니까? 그 일을 꼭 성취하고 싶었던 이유, 이를 달성하기 위해 구체적으로 했던 일, 그리고 그 결과와 느꼈던 점을 포함하여 상세 기술하십시오. 1739/제한 없음 (글자 수, 공백 포함)",본인 살아오면서 가장 강렬히 성취 싶었던 무엇입니까 성취 싶었던 이유 달성하기 구체적 했던 그리고 결과 느꼈던 포함 상세 기술하 1739제한 없음
1003,1,"여러분이 경험한 융합기술연구분야 (AI, IOT, 증강현실, 로봇 中) 가장 의미있는 사례를 구체적으로 기술해 주세요. (1,000자 이내) ① 가장 의미있다고 생각한 이유, ② 해당 사례에서 노력한 과정과 결과, ③ 해당 경험이 입사 후 기여할 수 있는 점은 무엇인지에 대하여 작성해 주세요.",여러분 경험한 융합기술연구분야 가장 의미 사례 구체적 기술해 가장 의미있다고 생각한 이유 해당 사례 노력한 과정 해당 경험 입사 기여할 무엇인지 작성해
1004,1,"① New ICT, ② Application, ③ Infra 중 본인이 가장 역량을 발휘할 수 있는 영역을 선택하여 주십시오.",New ICT Application Infra 본인 가장 역량 발휘할 영역 선택
1005,1,"인공지능/기계학습과 관련하여 공부했던 과목 혹은 연구분야 등을 나열하고, 가장 관심있게 배운 과목/연구분야는 무엇이며 그 이유에 대해 서술하여 주십시오.",인공지능기계학습 관련 공부했던 과목 연구분야 나열 가장 관심있게 배운 과목연구분야 무엇 이유 대해 서술
1006,1,과제 혹은 업무수행 중 타인과의 의사소통에서 어려움을 겪었을 때 자신이 가장 중요하게 생각하는 것은 무엇이며 이를 바탕으로 어떻게 문제를 해결했는지 구체적으로 기술하시오.,과제 업무수행 타인과 의사소통 어려움 겪었 자신 가장 중요하게 생각 무엇 바탕 어떻게 문제 해결했는지 구체적 기술하
1007,1,한국콜마의 인재상인 4성 5행 중 가장 중요하다고 생각하는 것을 택하여 왜 그 정신이 필요한지 기술하여 주십시오.,한국콜마 인재상인 4성 5행 가장 중요하다고 생각 정신 필요한지 기술
1008,1,"당신의 전공 분야와 융합했을 때, 가장 높은 시너지를 낼 수 있는 분야를 선택하고, 그 이유와 예상되는 시너지 효과에 대해 기술하시오",당신 전공 분야 융합했 가장 시너지 분야 선택 이유 예상되 시너지 효과 대해 기술하
1009,1,"농협은행의 인재상 중 본인에게 가장 어울리는 인재상은 무엇인지 선택하고,선택한 이유를 본인의 구체적 경험을 바탕으로 설명하시오.",농협은행 인재상 본인 가장 어울리 인재상 무엇인지 선택하고선택한 이유 본인 구체적 경험 바탕 설명하
1010,1,본인의 삶에서 가장 큰 영향을 끼쳤던 일에 대해 아래와 같이 기술하시오.(최근 5년이내의 경험),본인 가장 영향 끼쳤던 대해 아래 기술하
1011,1,타인과의 관계에서 가장 힘들었던 갈등상황과 이를 극복한 상황이 있으면 기술하시오.,타인과 관계 가장 힘들었던 갈등상황 극복한 상황 있으면 기술하
1012,1,대인관계에서 가장 중요하게 생각하는 것이 무엇인지 소개해 주십시오. 그것을 위해서 평소에 어떻게 하고 있는지 가장 최근 사례를 기반으로 기술해 주십시오.,대인관계 가장 중요하게 생각 무엇인지 소개해 그것 평소 어떻게 있는지 가장 최근 사례 기반 기술해
1013,1,"지금까지 본인이 한 일 중에서 가장 열정적이고 주도적으로 한 일은 무엇이며, 그 일을 통해 배우고 느낀 점을 중심으로 설명해 주십시오.",지금 본인 가장 열정적 주도적 무엇 배우고 느낀 중심 설명해
1014,1,"타인과의 관계에서 가장 힘들었던 상황을 설명하고, 그 상황을 극복하는 과정에서 새롭게 발견한 자신의 가치에 대해 구체적인 경험을 들어 설명해 주십시오.",타인과 관계 가장 힘들었던 상황 설명 상황 극복 과정 새롭게 발견한 자신 가치 대해 구체적인 경험 들어 설명해
1015,1,"삶은 선택의 연속이라고 합니다. 지금의 나를 있게 만든, 가장 기억에 나는 선택의 순간은 어떤 것이었으며 그 결과는 어떻게 되었는지 구체적으로 설명해 주십시오.",선택 연속이라고 지금 있게 만든 가장 기억 선택 순간 어떤 것이었으며 결과 어떻게 되었는지 구체적 설명해
1016,1,"가장 어려웠던 경험은 무엇이었으며, 이를 극복하기 위해 했던 노력과 느낀 점을 기술해 주십시오.",가장 어려웠던 경험 무엇이었으며 극복하기 했던 노력 느낀 기술해
1017,1,귀하를 가장 잘 표현할 수 있는 키워드에 대하여 구체적인 사례를 들어 기술하여 주십시오.,귀하 가장 표현할 키워드 구체적인 사례 들어 기술
1018,1,인생에서 가장 재미있고 즐겁게 몰입해서 성과를 낸 경험과 가장 힘들었던 경험 및 이를 극복해 나간 과정에 대해 기술 후 이를 통해 얻은 교훈이 무엇인지 작성해 주세요.,인생 가장 재미 즐겁게 몰입 성과 경험 가장 힘들었던 경험 극복해 나간 과정 대해 기술 교훈 무엇인지 작성해
1019,1,"불가능해 보이는 과제에 대해 도전해 본 경험 중 가장 기억에 남는 것은 무엇입니까? [군대경험 제외] - 어떠한 목표를 세웠고, 달성 과정에서 어려웠던 점이나 그 때 느꼈던 자신의 한계는 무엇이고, 이를 극복하기 위해 했던 행동과 생각, 결과에 대해 구체적으로 작성해 주십시오.",불가능해 보이 과제 대해 도전해 경험 가장 기억 무엇입니까 군대경험 제외 어떠한 목표 세웠고 달성 과정 어려웠던 느꼈던 자신 한계 무엇 극복하기 했던 행동 생각 결과 대해 구체적 작성해
1020,1,"이제까지 가장 강하게 소속감을 느꼈던 조직은 무엇이었으며, 그 조직의 발전을 위해 헌신적으로 노력했던 것 중 가장 기억에 남는 경험은 무엇입니까? 개인적으로 더 많은 노력을 기울였던 일과 그 때 했던 행동과 생각, 결과에 대해 최대한 구체적으로 작성해 주십시오",이제 가장 강하게 소속감 느꼈던 조직 무엇이었으며 조직 발전 헌신적 노력했던 가장 기억 경험 무엇입니까 개인적 노력 기울였던 했던 행동 생각 결과 대해 구체적 작성해
1021,1,"자신에게 요구된 것보다 더 높은 목표를 스스로 세워 시도했던 경험 중 가장 기억에 남는 것은 무엇입니까? 목표 달성 과정에서 아쉬웠던 점이나 그 때 느꼈던 자신의 한계는 무엇이고, 이를 극복하기 위해 했던 행동과 생각, 결과에 대해 최대한 구체적으로 작성해 주십시오",자신 요구된 목표 스스 세워 시도했던 경험 가장 기억 무엇입니까 목표 달성 과정 아쉬웠던 느꼈던 자신 한계 무엇 극복하기 했던 행동 생각 결과 대해 구체적 작성해
1022,1,학업 이외에 관심과 열정을 가지고 했던 다양한 경험 중 가장 기억에 남는 것을 구체적으로 기술. 800자,학업 이외 관심 열정 가지고 했던 다양한 경험 가장 기억 구체적 기술 800자
1023,1,성장과정에 가장 큰 영향을 끼친 것은 무엇이며 어떤 영향을 끼쳤는지 기술하시오.,성장과정 가장 영향 끼친 무엇 어떤 영향 끼쳤는지 기술하
1024,1,"보기 중 본인이 가장 중요하게 생각하는 항목을 우선순위로 나열하고, 최우선항목에 대해 선택이유를 사례를 들어 설명하시오.",보기 본인 가장 중요하게 생각 항목 우선순위 나열 최우선항목 대해 선택이유 사례 들어 설명하
1025,1,"여러분이 경험한 IT와 관련된 가장 의미있는 사례를 구체적으로 기술해 주세요. ① 가장 의미있다고 생각한 이유, ② 해당 사례에서 노력한 과정과 결과, ③ 해당 경험이 입사 후 기여할 수 있는 점은 무엇인지에 대하여 작성해 주세요. (1,000자 이내)",여러분 경험한 IT 관련된 가장 의미 사례 구체적 기술해 가장 의미있다고 생각한 이유 해당 사례 노력한 과정 해당 경험 입사 기여할 무엇인지 작성해
1026,1,"자신에게 주어졌던 일 중 가장 어려웠던 경험, 혹은 자신에게 요구된 것보다 더 높은 목표를 스스로 세워 시도한 경험은 무엇입니까? 그 일을 하게 된 이유와 그때 느꼈던 감정, 진행하면서 가장 어려웠던 점과 그것을 극복하기 위해 했던 행동과 생각, 결과에 대해 최대한 구체적으로 작성해 주십시오. (1000 자 10 단락 이내)",자신 주어졌던 가장 어려웠던 경험 자신 요구된 목표 스스 세워 시도한 경험 무엇입니까 하게 이유 그때 느꼈던 감정 진행하면서 가장 어려웠던 그것 극복하기 했던 행동 생각 결과 대해 구체적 작성해
1027,1,본인의 경험 사례 중 가장 행복했던 경험 또는 가장 즐거웠던 경험을 소개하고 그 이유를 약술하여 주십시오. [ 200자 이내],본인 경험 사례 가장 행복했던 경험 가장 즐거웠던 경험 소개 이유 약술
1028,1,본인의 삶 중에 가장 기억에 남는 순간 및 그 이유를 설명하고 향후 본인이 원하는 삶은 무엇인지 기술해 주십시오. (800자 이내),본인 가장 기억 순간 이유 설명 향후 본인 무엇인지 기술해
1029,1,"지원자 본인이 지금까지 살아오면서 가장 열정을 쏟고 절실하게 성취하고 싶었던 것을 기술하고, 그것을 이루기 위해 다른 사람들과 구별되게 행동했던 경",지원자 본인 지금 살아오면서 가장 열정 쏟고 절실하게 성취 싶었던 기술 그것 이루기 다른 사람들 구별되게 행동했던
1030,1,"여러분이 경험한 IT와 관련된 가장 의미있는 사례를 구체적으로 기술해 주세요. ① 가장 의미있다고 생각한 이유, ② 해당 사례에서 노력한 과정과 결과, ③ 해당 경험이 입사 후 기여할 수 있는 점은 무엇인지에 대하여 작성해 주세요.",여러분 경험한 IT 관련된 가장 의미 사례 구체적 기술해 가장 의미있다고 생각한 이유 해당 사례 노력한 과정 해당 경험 입사 기여할 무엇인지 작성해
1031,1,"협업을 통해 좋은 성과를 달성했던 사례와, 실패했던 사례를 한가지씩 말씀해주십시오. 각 경험에서 가장 어려웠던 점과 이를 통해 얻은 것을 함께 기술해주십시오",협업 성과 달성했던 사례 실패했던 사례 한가지씩 말씀해주 경험 가장 어려웠던 기술해주
1032,1,"자신에게 주어졌던 일 중 가장 어려웠던 경험은 무엇이었습니까? 그 일을 하게된 이유와 그때느꼈던 감정, 진행하면서 가장 어려웠던 점과 그것을 극복하기 위해 했던 행동과 생각, 결과에 대해 최대한 구체적으로 작성해주십시오.(1000자)",자신 주어졌던 가장 어려웠던 경험 무엇이었습니까 하게된 이유 그때느꼈던 감정 진행하면서 가장 어려웠던 그것 극복하기 했던 행동 생각 결과 대해 구체적 작성해주
1033,1,"이제까지 가장 강하게 소속감을 느꼇던 조직은 무엇이었으며, 그 조직의 발전을 위해 헌신적으로 노력했던 것 중 가장 기억에 남는 경험은 무엇입니까? 개인적으로 더 많은 노력을 기울였던 일과 그 때 했던 행동과 생각, 결과에 대해 최대한 구체적으로 작성해 주십시오.(1000자)",이제 가장 강하게 소속감 느꼇던 조직 무엇이었으며 조직 발전 헌신적 노력했던 가장 기억 경험 무엇입니까 개인적 노력 기울였던 했던 행동 생각 결과 대해 구체적 작성해
1034,1,지금까지 이룬 가장 큰 성취와 달성 과정을 시간의 흐름에 따라 기술해주십시오.,지금 이룬 가장 성취 달성 과정 시간 흐름 따라 기술해주
1035,1,"본인의 성장과정을 간략히 기술하되 현재의 자신에게 가장 큰 영향을 끼친 사건, 인물 등을 포함하여 기술",본인 성장과정 간략히 기술하되 현재 자신 가장 영향 끼친 사건 인물 포함 기술
1036,1,지금까지 경험한 가장 특별한 체험이나 남다른 성취가 있다면 기술하십시오. (공백 포함 600자),지금 경험한 가장 특별한 체험 남다른 성취 있다면 기술하
1037,1,사회활동: 학업 이외에 관심과 열정을 가지고 했던 다양한 경험 중 가장 기억에 남는 것을 구체적으로 기술해주세요. 800,사회활동 학업 이외 관심 열정 가지고 했던 다양한 경험 가장 기억 구체적 기술해 800
1038,1,"협업을 통해 좋은 성과를 달성했던 사례와, 실패했던 사례를 한가지씩 말씀해주십시오. 각 경험에서 가장 어려웠던 점과 이를 통해 얻은 것을 함께 기술해주십시오. (900자)",협업 성과 달성했던 사례 실패했던 사례 한가지씩 말씀해주 경험 가장 어려웠던 기술해주 900자
1039,1,"살아오면서 직면했던 삶의 어려움이 무엇이었으며, 그것을 어떻게 극복하였는지 기술하시오.",살아오면서 직면했던 어려움 무엇이었으며 그것 어떻게 극복하였는지 기술하
1040,1,본인의 삶 중에서 가장 기억에 남는 순간과 그 의미를 기술하여 주십시요.,본인 가장 기억 순간 의미 기술 주십시요
1041,1,"귀하께서 포스코에 가장 기여할수 있다고 생각하는 것은 무엇이며, 그 이유와 근거를 자유롭게 기술하여 주십시요",귀하께서 포스코 가장 기여할수 있다고 생각 무엇 이유 근거 자유롭게 기술 주십시요
1042,1,가장 잘 나타내 주는 부분,가장 나타내 부분
1043,1,지금까지 살아오면서 가장 도전적/열정적으로 임했던 일과 그 일을 통해 이룬 성과와 느낀 점을 구체적으로 기술하여 주십시오.,지금 살아오면서 가장 도전적열정적 임했던 이룬 성과 느낀 구체적 기술
1044,1,"자신에게 주어졌던 일 또는 경험 중에서 가장 힘들었던 상황은 무엇이며, 그 상황을 본인의 주도적인 노력으로 끈질기게 극복한 경험에 대해서 이야기 해 주세요. [ 500자 이상 700자 이내 ] /700",자신 주어졌던 경험 가장 힘들었던 상황 무엇 상황 본인 주도적인 노력 끈질기게 극복한 경험 이야기 700
1045,1,사회활동: 학업 이외에 관심과 열정을 가지고 했던 경험 중 가장 기억에 남는 것을 구체적으로 기술해주세요.,사회활동 학업 이외 관심 열정 가지고 했던 경험 가장 기억 구체적 기술해
1046,1,"본인의 성장과정을 간략히 기술하되 현재의 자신에게 가장 큰 영향을 끼친 사건, 인물 등을 포함하여 기술하시기 바랍니다.(",본인 성장과정 간략히 기술하되 현재 자신 가장 영향 끼친 사건 인물 포함 기술하시기 바랍니다
1047,1,"지원자님의 성장과정에서 가장 행복했던 경험 (또는 가장 큰 영향을 준 사건/인물)에 대하여, 그 이유와 과정에서 본인이 했던 행동과 생각, 이를 통해 느끼고 배운 점을 함께 기술해 주세요. 995 / 1000 자",지원자님 성장과정 가장 행복했던 경험 이유 과정 본인 했던 행동 생각 느끼고 배운 기술해 995 1000
1048,1,"본인의 가장 큰 장점을 쓰고, 기술한 장점을 계발/활용하여 소기의 성과를 올린 경험을 기술하시오. (200자 이상 400자 이내)",본인 가장 장점 쓰고 기술한 장점 계발활용 소기 성과 올린 경험 기술하
1049,1,본인의 가장 큰 단점을 쓰고 단점을 극복하기 위해 기울인 노력과 성과를 기술하시오. (200자 이상 400자 이내),본인 가장 단점 쓰고 단점 극복하기 기울인 노력 성과 기술하
1050,1,"한국전력공사의 4가지 인재상 중 본인과 가장 부합된다고 생각하는 인재상 두 가지 선택하여 이유를 교육, 경험, 경력사항 등 구체적인 사례 기술",한국전력공사 4가지 인재상 본인 가장 부합된다고 생각 인재상 가지 선택 이유 교육 경험 경력사항 구체적인 사례 기술
1051,1,"지금까지 살아오면서 가장 어려운 일에 도전해 본 경험을 골라 구체적인 상황, 자신의 행동, 결과 등을 기술해 주십시오.(육체적인 도전 제외)*",지금 살아오면서 가장 어려운 도전해 경험 골라 구체적인 상황 자신 행동 기술해
1052,1,"지금까지 살아오면서 타인 또는 타문화를 이해하고 수용하는 능력을 키우는데 가장 도움이 되었던 경험을 골라 구체적인 상황, 자신의 행동, 결과 등을 서술해 주십시오.*",지금 살아오면서 타인 타문화 이해 수용 능력 키우는데 가장 도움 되었던 경험 골라 구체적인 상황 자신 행동 서술해
1053,1,"자신에게 주어졌던 일 중 가장 해결하기 어려웠던 경험은 무엇입니까? 또한 그 난관을 극복하기 위해 어떠한 노력을 하였고, 그 결과는 어떠했는지 구체적으로 작성해 주십시오. [1000자]",자신 주어졌던 가장 해결하기 어려웠던 경험 무엇입니까 또한 난관 극복하기 어떠한 노력 하였고 결과 어떠했는지 구체적 작성해 1000자
1054,1,"최근 3년 동안 지원자가 한 일 중 가장 자랑할 만한 내용은 무엇이며, 이를 위해 노력했던 사례를 구체적으로 작성하시오.",최근 3년 동안 지원자 가장 자랑할 만한 내용 무엇 노력했던 사례 구체적 작성하
1055,1,"신입 : 최근 3년 동안 지원자가 한 일 중 가장 자랑할 만한 내용은 무엇이며, 이를 위해 노력했던 사례를 구체적으로 작성하시오.",신입 최근 3년 동안 지원자 가장 자랑할 만한 내용 무엇 노력했던 사례 구체적 작성하
1056,1,"본인의 성장과정을 기술하되 현재 자신에게 가장 큰 영향을 끼친 사건, 인물 등을 포함하여 기술하시기 바랍니다.(작품속 인물도 가능)",본인 성장과정 기술하되 현재 자신 가장 영향 끼친 사건 인물 포함 기술하시기 바랍니다
1057,1,"자신에게 주어졌던 일 중 가장 어려웠던 경험. 하게 된 이유와 그때 느꼈던 감정, 진행하면서 가장 어려웠던 점과 극복하기 위해 했던 행동과 생각, 결과에 대해 구체적으로 작성.",자신 주어졌던 가장 어려웠던 경험 하게 이유 그때 느꼈던 감정 진행하면서 가장 어려웠던 극복하기 했던 행동 생각 결과 대해 구체적 작성
1058,1,"가장 강하게 소속감을 느꼈던 조직? 그 조직의 발전을 위해 헌식적으로 노력했던것중 가장 기억에 남는 경험. 개인적으로 더 많은 노력을 기울였던 일과 그 때 했던 생각, 결과를 구체적으로",가장 강하게 소속감 느꼈던 조직 조직 발전 헌식적 노력했던것중 가장 기억 경험 개인적 노력 기울였던 했던 생각 결과 구체적
1059,1,"자신에게 요구된 것보다 더 높은 목표를 스스로 세워 시도했던 경험 중 가장 기억에 남는 것은 무었인가? 그 과정 중 아쉬웠던 점이나 그 때 느꼈던 한계, 이를 극복하기 위해 했던 행동과 생각, 결과에 대해 구체적으로 작성.",자신 요구된 목표 스스 세워 시도했던 경험 가장 기억 무었인 과정 아쉬웠던 느꼈던 한계 극복하기 했던 행동 생각 결과 대해 구체적 작성
1060,1,지금까지 살아오면서 자신의 강/약점을 느꼈던 경험은 무엇인지 기술하여 주십시오. [500자 이내 ],지금 살아오면서 자신 강약점 느꼈던 경험 무엇인지 기술
1061,1,본인의 인생에 가장 큰 영향을 미친 사건과 그 사건이 주는 의미에 대하여 기술하시오. 600자,본인 인생 가장 영향 미친 사건 사건 의미 기술하 600자
1062,1,"본인이 시도하였던 도전 중 가장 큰 성공과 실패는 어떠한 것이 있었고, 이러한 두 가지 경험이 자신을 어떻게 변화시켰는지 기술하시오. 800자",본인 시도하였던 도전 가장 성공 실패 어떠한 있었고 이러한 가지 경험 자신 어떻게 변화시켰는지 기술하 800자
1063,1,본인이 삶을 살아가는데 가장 중요하게 생각하는 가치를 네 글자로 표현하고 그 이유와 해당 가치를 추구했던 경험을 구체적으로 설명해 주십시오. (700자),본인 살아가는데 가장 중요하게 생각 가치 글자 표현 이유 해당 가치 추구했던 경험 구체적 설명해 700자
1064,1,"자신의 경험 중 가장 도전적이었던 일은 무엇이며, 극복하기 위해 했던 행동, 노력, 생각을 구체적으로 기술하시오. (1000바이트)",자신 경험 가장 도전적이었던 무엇 극복하기 했던 행동 노력 생각 구체적 기술하
1065,1,KCC 인재상 중 자신에게 가장 부합하는 항목을 선택하여 개인의 경험과 함께 구체적으로 기술 (1000바이트),KCC 인재상 자신 가장 부합 항목 선택 개인 경험 구체적 기술
1066,1,"지금까지 살아오면서 도전했던 경험 중 가장 큰 도전을 구체적으로 설명하고 도전결과 성공했다면 그 이유, 실패했다면 얻은 교훈",지금 살아오면서 도전했던 경험 가장 도전 구체적 설명 도전결 성공했다면 이유 실패했다면 교훈
1067,1,"자기소개를 간단히 하고, 지금까지 살아오면서 가장 자랑스러운 일과 후회스러운 일을 적으시고 그 이유를 각각 기술하십시오.[최소 500자, 900자",자기소개 간단히 지금 살아오면서 가장 자랑스러운 후회스러운 적으시고 이유 각각 기술하십시오최소 500자 900자
1068,1,자신의 인생에 가장 영향을 끼친 사건 3가지를 든다면? [3가지],자신 인생 가장 영향 끼친 사건 3가지 든다면 3가지
1069,1,지금까지 살아오면서 도전적인 목표를 설정하고 노력하여 가장 큰 성취감을 맛 볼 수 있었던 사례를 한가지만 기술해 주십시오.,지금 살아오면서 도전적인 목표 설정 노력 가장 성취감 있었던 사례 한가지 기술해
1070,1,"삼양그룹의 가치 중 자신과 가장 부합하다고 생각하는 가치를 선택하고, 이와 관련된 본인의 경험과 그것을 통해 이룬 것에 대해 기재해주십시오.",삼양그룹 가치 자신 가장 부합하다고 생각 가치 선택 관련된 본인 경험 그것 이룬 대해 기재해주
1071,1,"자신에게 주어졌던 일 중 가장 어려웠던 경험은 무엇이었습니까? 1) 그 일을 하게 된 이유와 그때 느꼈던 감정, 2) 진행하면서 가장 어려웠던 점과 3)그것을 극복하기 위해 했던 행동과 생각, 결과에 대해 최대한 구체적으로 작성해 주십시오. (1000 자 10 단락 이내)",자신 주어졌던 가장 어려웠던 경험 무엇이었습니까 하게 이유 그때 느꼈던 감정 진행하면서 가장 어려웠던 3그것 극복하기 했던 행동 생각 결과 대해 구체적 작성해
1072,1,"1) 이제까지 가장 강하게 소속감을 느꼈던 조직은 무엇이었으며, 2) 그 조직의 발전을 위해 헌신적으로 노력했던 것 중 가장 기억에 남는 경험은 무엇입니까?3) 개인적으로 더 많은 노력을 기울였던 일과 그 때 했던 행동과 생각, 결과에 대해 최대한 구체적으로 작성해 주십시오. (1000 자 10 단락 이내)",이제 가장 강하게 소속감 느꼈던 조직 무엇이었으며 조직 발전 헌신적 노력했던 가장 기억 경험 무엇입니까3 개인적 노력 기울였던 했던 행동 생각 결과 대해 구체적 작성해
1073,1,"자신에게 주어졌던 일 또는 경험 중에서 가장 힘들었던 상황은 무엇이며, 그 상황을 본인의 주도적인 노력으로 끈질기게 극복한 경험에 대해서 이야기 해 주세요. [ 500자 이상 700자 이내]",자신 주어졌던 경험 가장 힘들었던 상황 무엇 상황 본인 주도적인 노력 끈질기게 극복한 경험 이야기
1074,1,"자신의 경험 중 가장 도전적이었던 일은 무엇이며, 이를 극복하기 위해 했던 행동 노력, 생각을 구체적으로 기술해라",자신 경험 가장 도전적이었던 무엇 극복하기 했던 행동 노력 생각 구체적 기술해라
1075,1,"향후 5년간 금융환경 변화 중 신용보증기금에 가장 큰 영향을 끼칠 변화와, 이에 대한 신용보증기금의 대응전략 및 직원의 역할에 대해 기술하여 주십시오[ 200자 이상 500자 이내 ]",향후 5년간 금융환경 변화 신용보증기금 가장 영향 끼칠 변화 신용보증기금 대응전략 직원 역할 대해 기술
1076,1,"신용보증기금의 가장 위협적인 경쟁상대는 무엇이고, 왜 그렇게 생각하는지 기술하여 주십시오[ 200자 이상 500자 이내 ]",신용보증기금 가장 위협적인 경쟁상대 무엇 그렇게 생각하는지 기술
1077,1,본인의 삶 중에서 가장 기억에 남는 순간과 그 의미는 무엇입니까,본인 가장 기억 순간 의미 무엇입니까
1078,1,"귀하께서 포스코에 가장 기여할 수 있다고 생각하는 것은 무엇이며, 그 이유와 근거를 자유롭게 서술하여 주십시오.",귀하께서 포스코 가장 기여할 있다고 생각 무엇 이유 근거 자유롭게 서술
1079,1,"창조, 혁신, 도전 세 가지 키워드 중 본인을 가장 잘 드러내는 키워드를 한 가지 선정한 후 이를 증명할 수 있는 구체적인 사례를 기술해 주십시오. [500자, 10줄 이내]",창조 혁신 도전 가지 키워드 본인 가장 드러내 키워드 가지 선정한 증명할 구체적인 사례 기술해 500자 10줄 이내
1080,1,본인이 가장 주목하고 있는 최신 Mobile Service와 이유,본인 가장 주목 최신 Mobile Service 이유
1081,1,자신이 수행했던 일 중 가장 도전적인 활동에 대하여 기술해 주십시오.(0/600,자신 수행했던 가장 도전적인 활동 기술해 주십시오0600
1082,1,우리 KIAN(기아인)들은 다음과 같이 네 가지의 인재상을 닮아 가려고 노력합니다. 그 중에서 당신을 가장 잘 표현할 수 있는 한 가지를 선택하여 경험적 사례를 통해 그 이유를 설명해 주세요. kreate- 열린상상력으로 세상에없던 세로움을 만들어가는 창조가 innovate-기존의 정해진 질서에 도전하여 대담한 변화를 이끌어내는 혁신가 act- 생각에만 머무는 것이 아니라 생각을 현실에 반영하는 행동가 navigate 호기심과 열정으로 미지의 영역을 개척하는 탐험가,우리 KIAN기아인들 다음 가지 인재상 닮아 가려고 노력 당신 가장 표현할 가지 선택 경험적 사례 이유 설명해 kreate 열린상상력 세상에없던 세로움 만들어가 창조 innovate기존 정해진 질서 도전 대담한 변화 이끌어내 혁신 act 생각에 머무 아니라 생각 현실 반영 행동 navigate 호기심 열정 미지 영역 개척 탐험
1083,1,사회활동 /학업외 관심과 열정을 가지고 했던 기억에 남는 것,사회활동 학업외 관심 열정 가지고 했던 기억
1084,1,"자신에게 주어졌던 일 중 가장 어려웠던 경험은 무엇이었습니까? 그 일을 하게 된 이유와 그 때 느꼈던 감정, 진행하면서 가장 어려웠던 점과 그것을 극복하기 위해 했던 행동과 생각, 결과에 대해 최대한 구체적으로 작성해 주십시오.",자신 주어졌던 가장 어려웠던 경험 무엇이었습니까 하게 이유 느꼈던 감정 진행하면서 가장 어려웠던 그것 극복하기 했던 행동 생각 결과 대해 구체적 작성해
1085,1,"자신에게 요구된 것보다 더 높은 목표를 스스로 세워 도전했던 경험 중 가장 기억에 남는 것은 무엇입니까? 목표 달성 과정에서 아쉬웠던 점이나 그 때 느꼈던 자신의 한계는 무엇이고, 이를 극복하기 위해 했던 행동과 생각, 결과에 대해 최대한 구체적으로 작성해 주십시오",자신 요구된 목표 스스 세워 도전했던 경험 가장 기억 무엇입니까 목표 달성 과정 아쉬웠던 느꼈던 자신 한계 무엇 극복하기 했던 행동 생각 결과 대해 구체적 작성해
1086,1,지금의 나를 있게한 가장 중요한 사건에 대해 구체적으로 기술해주세요. (700자),지금 있게한 가장 중요한 사건 대해 구체적 기술해 700자
1087,1,학업이외에 가장 기억에 남는 교/내외 활동에 대해 구체적으로 기술해주세요. (700자),학업이외 가장 기억 교내외 활동 대해 구체적 기술해 700자
1088,1,사회활동: 학업 이외에 관심과 열정을 가지고 했던 다양한 경험 중 가장 기억에 남는 것을 구체적으로 기술해주세요. (800자),사회활동 학업 이외 관심 열정 가지고 했던 다양한 경험 가장 기억 구체적 기술해 800자
1089,1,"지금까지 살아오면서 자신이 이루어낸 가장 큰 변화에 대해 당시 상황, 자신의 행동, 결과 등을 바탕으로 구체적으로 서술하십시오.",지금 살아오면서 자신 이루어낸 가장 변화 대해 당시 상황 자신 행동 바탕 구체적 서술하
1090,1,자신의 인생에서 가장 어려웠던 점과 어떻게 극복하였는가를 서술하시오,자신 인생 가장 어려웠던 어떻게 극복하였는가 서술하
1091,1,본인의 10년 후 자신이 가장 성취하고 싶은 것과 어떤 인생을 살고 싶은지 서술해주십시오,본인 10년 자신 가장 성취 어떤 인생 살고 싶은지 서술해주
1092,1,본인이 지금까지 생활해오면서 가장 성공했거나 또는 실패했던 경험과 이를 통해 얻은 것을 기술하시오./경력자는 경력기술 작성 * [600자 이내],본인 지금 생활해오면서 가장 성공했거 실패했던 경험 기술하시오경력자 경력기술 작성
1093,1,살면서 잘했다고 느끼는일,살면서 잘했다고 느끼는일
1094,1,"신입: 최근 3년 동안 지원자가 한 일 중 가장 자랑할 만한 내용은 무엇이며, 이를 위해 노력했던 사례를 구체적으로 작성하시오.",신입 최근 3년 동안 지원자 가장 자랑할 만한 내용 무엇 노력했던 사례 구체적 작성하
1095,1,생애 힘들었던 경험 실패 및 극복사례,생애 힘들었던 경험 실패 극복사례
1096,1,"최근 당면한 가장 어려웠던 문제상황을 기술하고, 이를 해결하기 위해 어떤 행동을 취했는지 기술하시오.",최근 당면한 가장 어려웠던 문제상황 기술 해결하기 어떤 행동 취했는지 기술하
1097,1,지금까지 인생에서 도전해 본 경험 [ 200자 이상 500자 이내 ],지금 인생 도전해 경험
1098,1,지금까지 인생에서 창조해 본 경험 [ 200자 이상 500자 이내 ],지금 인생 창조해 경험
1099,1,지금까지 인생에서 실패해 본 경험 [ 200자 이상 500자 이내 ],지금 인생 실패해 경험
1100,1,"자신에게 주어졌던 일 중 가장 어려웠던 경험은 무엇이었습니까? 그 일을 하게 된 이유와 그때 느d꼈던 감정, 진행하면서 가장 어려웠던 점과 그것을 극복하기 위해 했던 행동과 생각, 결과에 대해 최대한 구체적으로 작성해 주십시오.",자신 주어졌던 가장 어려웠던 경험 무엇이었습니까 하게 이유 그때 느d꼈던 감정 진행하면서 가장 어려웠던 그것 극복하기 했던 행동 생각 결과 대해 구체적 작성해
1101,1,"[조직관]본인이 지금까지 가장 강하게 소속감을 느꼈던 조직은 무엇이었으며, 그 조직의 발전을 위해 헌신적으로 노력했던 것 중 가장 기억에 남는 경험은 무엇입니까? (500자)",조직관본인 지금 가장 강하게 소속감 느꼈던 조직 무엇이었으며 조직 발전 헌신적 노력했던 가장 기억 경험 무엇입니까 500자
1102,1,현대자동차그룹의 5대 핵심가치 중에서 귀하가 가장 인상 깊게 경헙한 사례 한가지를 소개바랍니다. -5대 핵심가치 中 택1,현대자동차그룹 5대 핵심가치 귀하 가장 인상 깊게 경헙한 사례 한가지 소개바랍니다 5대 핵심가치 택1
1103,1,"본인이 세아인이 되기 위해 가장 부족한 역량은 무엇이며, 어떠한 방식으로 개선할 계획인지 기술하시오",본인 세아인 되기 가장 부족한 역량 무엇 어떠한 방식 개선할 계획인지 기술하
1104,1,살아오면서 자신의 노력으로 이루었던 것 중 가장 성취감을 크게 느꼈던 일이 무엇인지 기술하시오,살아오면서 자신 노력 이루었던 가장 성취감 크게 느꼈던 무엇인지 기술하
1105,1,"살아오면서 힘든 일을 겪게 될 때, 힘이 되는 말(言)이나 경험 등을 이유와 함께 기술하시오.",살아오면서 힘든 겪게 경험 이유 기술하
1106,1,"이제까지 가장 강하게 소속감을 느꼈던 조직은 무엇이었으며, 그 조직의 발전을 위해 헌신적으로 노력했던 것 중 가장 기억에 남는 경험은 무엇입니까? 개인적으로 더 많은 노력을 기울였던 일과 그 때 했던 행동과 생각, 결과에 대해 최대한 구체적으로 작성해 주십시오. (1,000자, 10단락 이내) (1000 자 10 단락 이내)",이제 가장 강하게 소속감 느꼈던 조직 무엇이었으며 조직 발전 헌신적 노력했던 가장 기억 경험 무엇입니까 개인적 노력 기울였던 했던 행동 생각 결과 대해 구체적 작성해
1107,1,자신에게 주어졌던일 중 가장 어려웠던 경험은 무엇이었습니까? 그 일을 하게 된 이유와 그것을 극복하기 위해 했던 행동과 결과에 대해 구체적으로 작성해 주십시오.,자신 주어졌던일 가장 어려웠던 경험 무엇이었습니까 하게 이유 그것 극복하기 했던 행동 결과 대해 구체적 작성해
1108,1,지금까지 인생에서 도전해 본 경험,지금 인생 도전해 경험
1109,1,지금까지 인생에서 창조해 본 경험,지금 인생 창조해 경험
1110,1,지금까지 인생에서 실패해 본 경험,지금 인생 실패해 경험
1111,1,최근 5년간 귀하가 성취한 일 중에서 가장 자랑할 만한 것은 무엇입니가?(1000자),최근 5년간 귀하 성취한 가장 자랑할 만한 무엇입니
1112,1,가족 외에 가장 애착을 가지고 있는 관계의 인물(들)에 대하여 기술하시오. * [100자 이상 400자 이내],가족 가장 애착 가지고 관계 인물들 기술하
1113,1,살아오면서 자신을 가장 성장시킨 사건 3가지 기술해주세요.,살아오면서 자신 가장 성장시킨 사건 3가지 기술해
1114,1,최근 3년 내 자신이 성취한 일 중에서 가장 자랑할 만한 것은 무엇입니까? 그것을 성취하기 위해 어떤 일을 하셨습니까?,최근 3년 자신 성취한 가장 자랑할 만한 무엇입니까 그것 성취하기 어떤 하셨습니까
1115,1,귀하께서 수강했던 전공(필수 또는 선택) 과목 중 가장 관심 있었던 3과목의 취득평점과 그 이유를 기술하십시오.,귀하께서 수강했던 전공 과목 가장 관심 있었던 3과목 취득평점 이유 기술하
1116,1,당신이 보유한 직무역량 중 금호석유화학그룹人이 되기 위해 가장 적합한 직무역량을 서술하십시오. (30자),당신 보유한 직무역량 금호석유화학그룹 되기 가장 적합한 직무역량 서술하 30자
1117,1,"인생에서 가장 중요하게 생각하는 가치는 무엇이며, 그 가치를 위해 노력한 경험을 서술하여 주십시오. ((600자 /1800byte)",인생 가장 중요하게 생각 가치 무엇 가치 노력한 경험 서술
1118,1,"본인이 회사를 선택하는데 있어 가장 중요하게 생각하는 가치는 무엇인지와, 입사후 현대엔지니어링에서 이루고 싶은 Vision을 기술해 주십시오.",본인 회사 선택하는데 있어 가장 중요하게 생각 가치 무엇인지 입사후 현대엔지니어링 이루고 Vision 기술해
1119,1,건설업은 현장근무가 필수입니다. 현장근무에 있어 본인이 가장 중요하다고 생각하는 덕목과 그 이유를 기술해 주십시오.,건설업 현장근무 필수 현장근무 있어 본인 가장 중요하다고 생각 덕목 이유 기술해
1120,1,"살면서 부딪혔던 가장 큰 장애물을 극복하기 위해 어떠한 노력을 하였으며, 그 결과는 어떠했는지 기술하십시오.*1000자 이내(공백 포함)로 기술하여 주십시오.",살면서 부딪혔던 가장 장애물 극복하기 어떠한 노력 하였으며 결과 어떠했는지 기술하 기술
1121,1,본인의 인생에서 가장 기뻤던 일과 슬펐던 일을 1가지씩 선택하여 기쁨 및 슬픔을 느낀 이유를 구체적 상황설명과 함께 상세히 기술해주십시오.(500자 이상),본인 인생 가장 기뻤던 슬펐던 1가지씩 선택 기쁨 슬픔 느낀 이유 구체적 상황설명 상세히 기술해주
1122,1,"최근 3년 동안 지원자가 한 일 중 가장 자랑할 만한 내용은 무엇이며, 이를 위해 노력했던 사례를 구체적으로 작성하시오. [1000자 이내]",최근 3년 동안 지원자 가장 자랑할 만한 내용 무엇 노력했던 사례 구체적 작성하
1123,1,"개발과 관련하여, 자신이 스스로 해결한 가장 어려운 기술적인 문제에 대해서 1400자 이내로 답변을 기술하고, 기술한 내용과 관련된 소스코드를 40 줄 이내의 Text 파일로 작성하여 별도의 첨부화일로 제출하세요.",개발 관련 자신 스스 해결한 가장 어려운 기술적인 문제 답변 기술 기술한 내용 관련된 소스코드 40 이내 Text 파일 작성 별도 첨부화일 제출하
1124,1,인재상중 자신이 가장 본받고 싶은 부분,인재상중 자신 가장 본받고 부분
1125,1,가장 힘들었던 순간과 이를 극복한 과정을 기술하세요. (600자),가장 힘들었던 순간 극복한 과정 기술하 600자
1126,1,"본인 및 본인의 성장 과정에 대해 기술하십시오. - 현재의 자신에게 가장 큰 영향을 끼친 인물 및 그 이유 - 본인의 인생에서 가장 기억에 남는 경험을 2개 이상 반드시 포함하고, 그 이유에 대해 기술 - 이 과정에서 본인이 했던 행동과 생각, 결과, 느끼고 배운 점을 모두 포함 (2000 자 10 단락 이내)",본인 본인 성장 과정 대해 기술하 현재 자신 가장 영향 끼친 인물 이유 본인 인생 가장 기억 경험 2개 이상 반드시 포함 이유 대해 기술 과정 본인 했던 행동 생각 느끼고 배운 모두 포함
1127,1,"살면서 가장 강하게 소속감을 느꼈던 조직은 무엇이었으며, 그 조직의 발전을 위해 헌신적으로 노력했던 것 중 가장 기억에 남는 경험에 대해 기술하십시오 - 노력했던 사안에 대한 본인의 역할, 그 과정에서 했던 행동과 생각, 결과에 대해 최대한 구체적으로 작성 (700 자 10 단락 이내)",살면서 가장 강하게 소속감 느꼈던 조직 무엇이었으며 조직 발전 헌신적 노력했던 가장 기억 경험 대해 기술하 노력했던 사안 본인 역할 과정 했던 행동 생각 결과 대해 구체적 작성
1128,1,"Essay2 본인의 성장과정을 간략히 기술하되 현재의 자신에게 가장 큰 영향을 끼친 사건, 인물 등을 포함하여 기술하시기 바랍니다. (",Essay2 본인 성장과정 간략히 기술하되 현재 자신 가장 영향 끼친 사건 인물 포함 기술하시기 바랍니다
1129,1,"본인의 성장과정을 간략히 기술하되 현재의 자신에게 가장 큰 영향을 끼친 사건, 인물 등을 포함하여 기술하시기 바랍니다. (작품 속 가상인물도 가능)(1500자 이내)",본인 성장과정 간략히 기술하되 현재 자신 가장 영향 끼친 사건 인물 포함 기술하시기 바랍니다
1130,1,본인이 살아오면서 가장 강렬히 성취하고 싶었던 일은 무엇입니까? 그 일을 꼭 성취하고 싶었던 이유와 이를 달성하기 위,본인 살아오면서 가장 강렬히 성취 싶었던 무엇입니까 성취 싶었던 이유 달성하기
1131,1,"[신입] 최근 3년 동안 지원자가 했던 일 중에서 가장 자랑할 만한 것은 무엇이며, 이에 대한 진행과정 및 구체적인 성과를 기술하시오. 400",신입 최근 3년 동안 지원자 했던 가장 자랑할 만한 무엇 진행과정 구체적인 성과 기술하 400
1132,1,"(4)성취한 일 중에서 가장 기억에 남는 일과, 그것을 성취하기 위해 어떠한 노력을 했는지?",4성취한 가장 기억 그것 성취하기 어떠한 노력 했는지
1133,1,본인의 인생에서 가장 기뻤던 일과 슬펐던 일을 1가지씩 선택하여 기쁨 및 슬픔을 느낀 이유를 구체적 상황설명과 함께 상세히 기술해주십시오.,본인 인생 가장 기뻤던 슬펐던 1가지씩 선택 기쁨 슬픔 느낀 이유 구체적 상황설명 상세히 기술해주
1134,1,살아오면서 가장 중요하게 생각하는 가치에 대해 본인의 성장과정과 연관 지어 기술해주세요. (500자),살아오면서 가장 중요하게 생각 가치 대해 본인 성장과정 연관 지어 기술해 500자
1135,1,학업 이외에 가장 열정적으로 참여한 사회활동을 구체적인 사례를 들어 기술해주세요. (500자),학업 이외 가장 열정적 참여한 사회활동 구체적인 사례 들어 기술해 500자
1136,1,KCC 인재상 중 자신에게 가장 부합하는 항목을 선택하여 개인의 경험과 함께 구체적으로 기술 (1000byte),KCC 인재상 자신 가장 부합 항목 선택 개인 경험 구체적 기술
1137,1,"전공학습이나 소위 스펙 쌓기와 무관한 일 중, 가장 흥미있게 한 활동은 무엇이었는지와, 그 이유를 구체적으로 서술 하세요",전공학습 소위 스펙 쌓기 가장 흥미있게 활동 무엇이었는지 이유 구체적 서술
1138,1,"[필수문항] 학교 수업 혹은 대외활동 등을 통하여 경험한 가장 잘한 프로젝트를 적어주시되, 프로젝트에서 맡았던 역할과 활용한 기술 및 개발 방식, 그리고 진행을 하면서 겪었던 어려움이나 이를 극복한 방법 등을 구체적으로 설명해 주세요. (제한 없음)",필수문항 학교 수업 대외활동 경험한 가장 잘한 프로젝트 적어주시되 프로젝트 맡았던 역할 활용한 기술 개발 방식 그리고 진행 하면서 겪었던 어려움 극복한 방법 구체적 설명해
1139,1,(가치관) 당신의 삶에 있어 가장 중요하게 생각하는 것은 무엇입니까?,가치관 당신 있어 가장 중요하게 생각 무엇입니까
1140,1,"(성취경험) 지금까지 살아오면서 경험한 성공사례와 실패사례를 3개씩 열거하고, 그 중 성공/실패 사례를 1개씩 구체적으로 서술하시오",성취경험 지금 살아오면서 경험한 성공사례 실패사례 3개씩 열거 성공실패 사례 1개씩 구체적 서술하
1141,1,(윤리성) 당신이 했던 가장 착한 행동과 가장 나쁜 행동에 대하여 각 1개씩 서술하시오,윤리성 당신 했던 가장 착한 행동 가장 나쁜 행동 1개씩 서술하
1142,1,"현재의 자신에게 가장 큰 영향을 끼친 사건, 인물 및 삶의 터닝 포인트에 대해 소개바랍니다.(1,000자 내외)",현재 자신 가장 영향 끼친 사건 인물 터닝 포인트 대해 소개바랍니다
1143,1,본인이 삶을 살아가는 데에 있어 가장 중요시 여기는 가치와 그 이유를 기술해주세요.,본인 살아가 있어 가장 중요시 여기 가치 이유 기술해
1144,1,지금까지 살아오면서 도전적인 목표를 설정하고 노력하여 가장 큰 성취감을 맛 볼 수 있었던 사례를 한가지만 기술해 주십시오. (1000자 이하),지금 살아오면서 도전적인 목표 설정 노력 가장 성취감 있었던 사례 한가지 기술해
1145,1,"[Essay 2]본인의 성장과정을 간략히 기술하되 현재의 자신에게 가장 큰 영향을 끼친 사건, 인물 등을 포함하여 기술하시기 바랍니다. (",Essay 2본인 성장과정 간략히 기술하되 현재 자신 가장 영향 끼친 사건 인물 포함 기술하시기 바랍니다
1146,1,"수강했던 전공 기초과목들을 나열하고, 그 중 가장 관심이 있었던 과목과 그 이유를 서술하여 주세요.",수강했던 전공 기초과목들 나열 가장 관심 있었던 과목 이유 서술
1147,1,인생을 통틀어 가장 열정적으로 몰두했던 경험에 대하여 서술하여 주세요.,인생 통틀어 가장 열정적 몰두했던 경험 서술
1148,1,지금까지 살아오면서 가장 성취감이 컸던 경험과 목표 달성을 위한 본인의 노력에 대해 기술하여 주십시오.,지금 살아오면서 가장 성취감 컸던 경험 목표 달성 본인 노력 대해 기술
1149,1,(공통) 살아오면서 겪었던 가장 어려웠던 상황과 그 상황을 어떻게 극복하였는지 말씀하여 주십시오.[최소 200자 이상 최대 600자 이하],공통 살아오면서 겪었던 가장 어려웠던 상황 상황 어떻게 극복하였는지 말씀 주십시오최소 최대 600자 이하
1150,1,지금까지 본인이 한 일 중에서 가장 창조적이고 혁신적인 것은 무엇이며 이를 통해 어떤 변화가 있었는지 설명해 주십시오(각종 공모전 제외) (500자),지금 본인 가장 창조적 혁신적인 무엇 어떤 변화 있었는지 설명해 500자
1151,1,삶에 대한 본인의 가치관을 가장 잘 표할 수 있는 단어는 무엇이며 그 가치관이 형성된 계기(사례)를 구체적으로 설명해 주십시오. (500자),본인 가치관 가장 표할 단어 무엇 가치관 형성된 계기사례 구체적 설명해 500자
1152,1,"귀하를 가장 잘 표현할 수 있는 상징단어와 그 이유는 무엇입니까?[최소 200자, 최대 500자]",귀하 가장 표현할 상징단어 이유 무엇입니까최소 200자 최대 500자
1153,1,근현대사 인물 중 귀하가 가장 존경하는 인물과 그 이유는 무엇입니까? [최소 300자 500자 제한],근현대사 인물 귀하 가장 존경 인물 이유 무엇입니까 최소 300자 500자 제한
1154,1,현대자동차그룹의 5대 핵심가치 중에서 귀하가 가장 인상 깊게 경헙한 사례 한가지를 소개바랍니다. 5대 핵심가치 中 택1 [최소 300자 500자 제한],현대자동차그룹 5대 핵심가치 귀하 가장 인상 깊게 경헙한 사례 한가지 소개바랍니다 5대 핵심가치 택1 최소 300자 500자 제한
1155,1,본인이 가진 장점 중 다른 이들에 비해 가장 탁월하다고 생각되는 것을 구체적인 사례를 통하여 기술하여 주십시오.,본인 가진 장점 다른 이들 비해 가장 탁월하다고 생각되 구체적인 사례 기술
1156,1,"자신이 가장 가치 있다고 생각하는 것에 위해 어떠한 노력을 기울였으며, 그에 대해 느낀 성취감에 기술하여 주십시오.",자신 가장 가치 있다고 생각 어떠한 노력 기울였으며 대해 느낀 성취감 기술
1157,1,가장 성공적인 일과 어려운 일,가장 성공적인 어려운
1158,1,"당신의 전공 분야와 융합했을 때, 가장 높은 시너지를 낼 수 있는 분야를 선택하고, 그 이유와 예상되는 시너지 효과에 대해 기술하시오.",당신 전공 분야 융합했 가장 시너지 분야 선택 이유 예상되 시너지 효과 대해 기술하
1159,1,가장 열정적으로 임했던 것과 이를 통해 이룬것,가장 열정적 임했던 이룬것
1160,1,인생에서 가장 힘들었던 경험 및 극복 방안,인생 가장 힘들었던 경험 극복 방안
1161,1,가장 자신있는 분야(자신의 강점),가장 자신 분야
1162,1,귀하가 가장 열정적으로 임했던 일과 그 일을 통해서 이룬 것에 대해 상세히 기술하시오.,귀하 가장 열정적 임했던 이룬 대해 상세히 기술하
1163,1,"귀하가 경험했던 가장 어려웠던 일이 무엇이었으며, 그것을 극복하기 위하여 어떤 노력을 하였고 결과가 어떠하였는지 기술하시오.",귀하 경험했던 가장 어려웠던 무엇이었으며 그것 극복하기 어떤 노력 하였고 결과 어떠하였는지 기술하
1164,1,"살면서 부딪혔던 가장 큰 장애물을 극복하기 위해 어떠한 노력을 하였으며, 그 결과는 어떠했는지 기술하십시오. (1000자 이내)",살면서 부딪혔던 가장 장애물 극복하기 어떠한 노력 하였으며 결과 어떠했는지 기술하
1165,1,지금까지 살아오면서 해결해야 했던 가장 어려운 과제는 무엇이었는지에 대해 기술 하십시오.,지금 살아오면서 해결 했던 가장 어려운 과제 무엇이었는지 대해 기술
1166,1,위메프 서비스중 가장 강점이라고 생각되는 점과 문제점이라고 생각되는 점 1가지씩 기술하고 문제점에 대한 개선방안,위메프 서비스중 가장 강점이라고 생각되 문제점이라고 생각되 1가지씩 기술 문제점 개선방안
1167,1,위메프 서비스 중 가장 강점이라고 생각되는 점과 문제점이라고 생각되는 점 1가지씩 기술하고 문제점에 대한 개선방안을 제시해 주세요.,위메프 서비스 가장 강점이라고 생각되 문제점이라고 생각되 1가지씩 기술 문제점 개선방안 제시해
1168,1,"자신에게 주어졌던 일 중 가장 어려웠던 경험은 무엇이었습니까?그 일을 하게 된 이유와 그때 느꼈던 감정, 진행하면서 가장 어려웠던 점과 그것을 극복하기 위해 했던 행동과 생각, 결과에 대해 최대한 구체적으로 작성해 주십시오. (1000자 이내)",자신 주어졌던 가장 어려웠던 경험 무엇이었습니까그 하게 이유 그때 느꼈던 감정 진행하면서 가장 어려웠던 그것 극복하기 했던 행동 생각 결과 대해 구체적 작성해
1169,1,"이제까지 가장 강하게 소속감을 느꼈던 조직은 무엇이었으며, 그 조직의 발전을 위해 헌신적으로 노력했던 것 중 가장 기억에 남는 경험은 무엇입니까? 개인적으로 더 많은 노력을 기울였던 일과 그 때 했던 행동과 생각, 결과에 대해 최대한 구체적으로 작성해 주십시오.(1000자 이내)",이제 가장 강하게 소속감 느꼈던 조직 무엇이었으며 조직 발전 헌신적 노력했던 가장 기억 경험 무엇입니까 개인적 노력 기울였던 했던 행동 생각 결과 대해 구체적 작성해
1170,1,"자신에게 요구된 것보다 더 높은 목표를 스스로 세워 시도했던 경험 중 가장 기억에 남는 것은 무엇입니까? 목표 달성 과정에서 아쉬웠던 점이나 그 때 느꼈던 자신의 한계는 무엇이고, 이를 극복하기 위해 했던 행동과 생각, 결과에 대해 최대한 구체적으로 작성해 주십시오. (1000자 이내)",자신 요구된 목표 스스 세워 시도했던 경험 가장 기억 무엇입니까 목표 달성 과정 아쉬웠던 느꼈던 자신 한계 무엇 극복하기 했던 행동 생각 결과 대해 구체적 작성해
1171,1,[문제해결능력] 지금까지 살아오면서 해결해야 했던 가장 어려운 과제는 무엇이었는지에 대해 기술 하십시오 (500자),문제해결능력 지금 살아오면서 해결 했던 가장 어려운 과제 무엇이었는지 대해 기술 500자
1172,1,"현재의 자신에게 가장 큰 영향을 끼친 사건, 인물(작품 속 인물 포함) 등을 포함한 간략한 본인의 성장과정",현재 자신 가장 영향 끼친 사건 인물 포함한 간략한 본인 성장과정
1173,1,"본인의 성장과정을 간략히 기술하되 현재의 자신에게 가장 큰 영향을 끼친 사건, 인물 등을 포함하여 기술하시기 바랍니다 (작품 속 가상인물도 가능). (1500자 이내)",본인 성장과정 간략히 기술하되 현재 자신 가장 영향 끼친 사건 인물 포함 기술하시기 바랍니다
1174,1,"지금까지 본인의 목표 중 가장 달성하기 어려웠던 목표는 무엇이었나요? 달성을 위한 과정 및 결과, 느낀 점을 설명하여 주십시오.",지금 본인 목표 가장 달성하기 어려웠던 목표 무엇이었나요 달성 과정 느낀 설명
1175,1,"타인과의 관계에서 본인의 성향과 리더십은 어떠한 유형인지, 아래 제시된 각 항목을 1~100의 숫자로 나타내 주십시오. 또한 가장 높은 항목 1개에 대해 사례 중심으로 설명하여 주십시오.(0 낮음, 100 높음)",타인과 관계 본인 성향 리더십 어떠한 유형인지 아래 제시된 항목 1100 숫자 나타내 또한 가장 항목 1개 대해 사례 중심 설명
1176,1,"수강했던 전공 과목을 나열하여 작성하고, 그 중 가장 관심 있게 수강한 과목과 그 이유를 기술하여 주십시오.(전산/컴퓨터공학 관련 과목 작성)",수강했던 전공 과목 나열 작성 가장 관심 있게 수강한 과목 이유 기술
1177,1,"자신에게 요구된 것보다 더 높은 목표를 스스로 세워서 시도했던 경험 중 가장 기억에 남는 것은 무엇입니까?그러한 경험 중 목표달성과정에서 아쉬웠던 점이나 그 때 느꼈던 본인의 한계는 무엇인지, 그리고 이를 극복하기 위해 했던 행동, 생각 및 결과에 대해 구체적으로 기술해 주십시오.",자신 요구된 목표 스스 세워서 시도했던 경험 가장 기억 무엇입니까그러한 경험 목표달성과정 아쉬웠던 느꼈던 본인 한계 무엇인지 그리고 극복하기 했던 행동 생각 결과 대해 구체적 기술해
1178,1,자신의 경험 중 가장 도전적인 일 또는 실패한 사례는 무엇이며 그 경험을 통해 배운 점을 설명하시오.,자신 경험 가장 도전적인 실패한 사례 무엇 경험 배운 설명하
1179,1,지금까지 이룬 가장 큰 성취 3가지,지금 이룬 가장 성취 3가지
1180,1,"자신의 삶에 가장 큰 영향을 주었던 경험에 대해, 어떤 과정과 영향이 있었는지 기술하시오.",자신 가장 영향 주었던 경험 대해 어떤 과정 영향 있었는지 기술하
1181,1,성인이 된 이후 지금까지의 삶에서 스스로 생각하기에 가장 큰 실패 경험과 가장 큰 성공 경험에 대해 각각 간단히 적어주세요.,성인 이후 지금까지 스스 생각하기 가장 실패 경험 가장 성공 경험 대해 각각 간단히 적어
1182,1,회사에 지원할 때 가장 먼저 보는 것과 그 중 이곳이 어떤 점에 부합하여 지원하였는지 작성해 주세요.,회사 지원할 가장 먼저 이곳 어떤 부합 지원하였는지 작성해
1183,1,"본인의 가장 큰 장점을 쓰고, 기술한 장점을 계발/활용하여 소기의 성과를 올린 경험을 기술하시오.",본인 가장 장점 쓰고 기술한 장점 계발활용 소기 성과 올린 경험 기술하
1184,1,본인의 가장 큰 단점을 쓰고 단점을 극복하기 위해 기울인 노력과 성과를 기술하시오,본인 가장 단점 쓰고 단점 극복하기 기울인 노력 성과 기술하
1185,1,살면서 가장 힘들었을 때는 언제인가요?,살면서 가장 힘들었 언제인가요
1186,1,"인그리디언코리아에게 소개하고싶은, 인생에서 가장 의미있었던 경험은 무엇인가요?",인그리디언코리아 소개하고싶 인생 가장 의미있었던 경험 무엇인가요
1187,1,"자신에게 주어졌던 일 중 가장 어려웠던 경험은 무엇이었습니까? 그 일을 하게 된 이유와 그때 느꼈던 감정, 진행하면서 가장 어려웠던 점과 그것을 극복하기 위해 했던 행동과 생각, 결과에 대해 최대한 구체적으로 작성해 주십시오. (1000자 이내)",자신 주어졌던 가장 어려웠던 경험 무엇이었습니까 하게 이유 그때 느꼈던 감정 진행하면서 가장 어려웠던 그것 극복하기 했던 행동 생각 결과 대해 구체적 작성해
1188,1,"이제까지 가장 강하게 소속감을 느꼈던 조직은 무엇이었으며, 그 조직의 발전을 위해 헌신적으로 노력했던 것 중 가장 기억에 남는 경험은 무엇입니까? 개인적으로 더 많이 노력을 기울였던 일과 그 때 했던 행동과 생각, 결과에 대해 최대한 구체적으로 작성해 주십시오.",이제 가장 강하게 소속감 느꼈던 조직 무엇이었으며 조직 발전 헌신적 노력했던 가장 기억 경험 무엇입니까 개인적 노력 기울였던 했던 행동 생각 결과 대해 구체적 작성해
1189,1,"지금까지 당신의 인생에서 직면했던 가장 큰 도전은 무엇이었으며, 어떻게 극복했습니까? (1000자 이내)",지금 당신 인생 직면했던 가장 도전 무엇이었으며 어떻게 극복했습니까
1190,1,귀하가 생각하는 행복의 조건과 하루 중 가장 의미 있는 시간을 기술해주십시오. (1000자 이내),귀하 생각 행복 조건 하루 가장 의미 시간 기술해주
1191,1,"자신이 수강한 전공과목 중 가장 자신 있는 전공 3가지에 대해, 각각의 이유와 학점을 명시해 주세요. (1000자 이내)",자신 수강한 전공과목 가장 자신 전공 3가지 대해 각각 이유 학점 명시해
1192,1,"본인의 가장 큰 장점과 단점 각각 무엇이며, 실제 사례와 함께 기술하기 바랍니다. (1000자 이내)",본인 가장 장점 단점 각각 무엇 실제 사례 기술하기 바랍니다
1193,1,"본인이 살아가면서 가장 중요하게 생각하는 신념(신조) 두 가지는 무엇이며, 신념(신조)를 지킨 실제 사례와 함께 기술하기 바랍니다. (1000자 이내)",본인 살아가면서 가장 중요하게 생각 신념신조 가지 무엇 신념신조 지킨 실제 사례 기술하기 바랍니다
1194,1,본인이 살아오면서 가장 열정적으로 수행한 일(사례)은 무엇인지 기술하기 바랍니다. (1000자 이내),본인 살아오면서 가장 열정적 수행한 일사례 무엇인지 기술하기 바랍니다
1195,1,"본인이 살아오면서, 가장 올바르지 못한 행동은 무엇이었는지 기술하여 주십시오.",본인 살아오면서 가장 올바르지 못한 행동 무엇이었는지 기술
1196,1,자신있는 개발언어 2가지와 해당 언어로 작성했던 가장 성공적이었던 프로그램을 설명해 보세요.,자신 개발언어 2가지 해당 언어 작성했던 가장 성공적이었던 프로그램 설명해
1197,1,본인이 도전했던 여러 경험 중 가장 힘들었던 경험과 배운점을 작성하시오,본인 도전했던 여러 경험 가장 힘들었던 경험 배운점 작성하
1198,1,"본인의 10년 후, 자신이 가장 성취하고 싶은 것과 어떤 인생을 살고 싶은지 서술해주십시오",본인 10년 자신 가장 성취 어떤 인생 살고 싶은지 서술해주
1199,1,"대학생활 중 가장 열정을 가지고 수행했던 일(동아리, 학업 등)이 무엇이고, 그 일을 통해 배운 것이 무엇인지 기술하시오.",대학생활 가장 열정 가지고 수행했던 무엇 배운 무엇인지 기술하
1200,1,"본인이 경험했던 가장 어려웠던 일이 무엇이었으며, 그것을 극복하기 위하여 어떤 노력을 하였고, 결과가 어떠하였는지 기술하시오.",본인 경험했던 가장 어려웠던 무엇이었으며 그것 극복하기 어떤 노력 하였고 결과 어떠하였는지 기술하
1201,1,"본인에게 주어진 일 중 가장 어려웠던 경험이 무엇이었는지 기술하고 그 일을 하게 된 이유와 그 때 느꼈던 감정, 일을 진행하면서 가장 어려웠던 부분과 그것을 극복하기 위해 했던 생각, 결과에 대해 구체적으로 작성해 주십시오.",본인 주어진 가장 어려웠던 경험 무엇이었는지 기술 하게 이유 느꼈던 감정 진행하면서 가장 어려웠던 부분 그것 극복하기 했던 생각 결과 대해 구체적 작성해
1202,1,"신입 : 최근 3년 동안 지원자가 한 일 중 가장 자랑할 만한 내용은 무엇이며, 이를 위해 노력했던 사례를 구체적으로 작성하시오. (1000자 이내 )",신입 최근 3년 동안 지원자 가장 자랑할 만한 내용 무엇 노력했던 사례 구체적 작성하
1203,1,Otis 엘리베이터에 입사하게 된다면 본인이 가장 크게 기여할 수 있는 부분이 어떤 부분이라고 생각하십니까?,Otis 엘리베이터 입사하게 된다면 본인 가장 크게 기여할 부분 어떤 부분이라고 생각하십니까
1204,1,"지금까지 본인이 한 일 중에서 가장 창조적이고 혁신적인 것은 무엇이며, 이를 통해 어떤 변화가 있었는지 설명해 주십시오.(각종 공모전 제외)",지금 본인 가장 창조적 혁신적인 무엇 어떤 변화 있었는지 설명해
1205,1,"삶에 대한 본인의 가치관을 가장 잘 표현할 수 있는 단어는 무엇이며, 그 가치관이 형성된 계기(사례)를 구체적으로 설명해 주십시오.",본인 가치관 가장 표현할 단어 무엇 가치관 형성된 계기사례 구체적 설명해
1206,1,본인의 경험과 기업을 바라보는 가치관에 근거하여 본인이 현대상선에 가장 적합한 인재인 이유를 기술하세요. (1000자 이내),본인 경험 기업 바라보 가치관 근거 본인 현대상선 가장 적합한 인재인 이유 기술하
1207,1,본인이 참여했던 과제활동 중 가장 성공적이었던 사례를 본인의 강점과 연계하여 기술하세요. (하나이상 가능) (1000자 이내),본인 참여했던 과제활동 가장 성공적이었던 사례 본인 강점 연계 기술하
1208,1,그동안 본인의 삶에 있어서 가장 기억에 남는 일들을 가급적 상세하게 적어주세요,그동안 본인 있어서 가장 기억 일들 가급적 상세하게 적어
1209,1,자신의 성격 중 가장 자랑하고 싶은 점과 바꾸고 싶은 점들을 그 이유와 함께 적어주세요,자신 성격 가장 자랑 바꾸고 점들 이유 적어
1210,1,"직장생활을 통해 본인이 찾고자 하는 가치(value) 중 가장 중요하게 생각하는 것과, 그 이유를 설명해 주십시오.",직장생활 본인 찾고자 가치 가장 중요하게 생각 이유 설명해
1211,1,사회활동 : 학업 이외에 관심과 열정을 가지고 했던 다양한 경험 중 가장 기억에 남는 것을 구체적으로 기술해주세요. (1000자 이내),사회활동 학업 이외 관심 열정 가지고 했던 다양한 경험 가장 기억 구체적 기술해
1212,1,이제까지 가장 어려웠던 위기와 이를 극복하기 위해 했던 행동과 결과에 대해 구체적으로 기술하십시. (1000자 이내),이제 가장 어려웠던 위기 극복하기 했던 행동 결과 대해 구체적 기술하십시
1213,1,가장 기억에 남는 성공/실패 경험과 그것을 달성하기 위한 노력 및 교훈에 대해 기술하시오. (1000자 이내),가장 기억 성공실패 경험 그것 달성하기 노력 교훈 대해 기술하
1214,1,본인을 가장 잘 표현할 수 있는 단어와 그 이유를 서술하시오. (1000자 이내),본인 가장 표현할 단어 이유 서술하
1215,1,인생에 가장 큰 영향을 준 사람(또는 책 등)과 그 이유를 서술해 주세요(500자),인생 가장 영향 사람 이유 서술해 주세요500자
1216,1,살아오면서 가장 열정을 갖고 도전한(또한 도전하고 싶은) 관심분야에 대해 서술해 주세요(500자),살아오면서 가장 열정 갖고 도전한 관심분야 대해 서술해 주세요500자
1217,1,"성장과정(가족,학창시절,사회경험 등)을 통하여 본인을 소개하여 주시고, 그 중 가장 의미 있다고 생각되는 경험과 이에 따른 영향이 무엇이었는지 기술하여 주십시오. (1000자 이내)",성장과정 본인 소개 주시고 가장 의미 있다고 생각되 경험 영향 무엇이었는지 기술
1218,1,"입사 후 직장생활에 대한 본인의 가치관이 무엇인지 설명하여 주시고, 이를 가장 잘 나타내고 있는 인문분야 작품(도서, 영화, 미술, 음악 등)을 선정 후 그 이유를 기술하여 주십시오. (1000자 이내)",입사 직장생활 본인 가치관 무엇인지 설명 주시고 가장 나타내고 인문분야 작품 선정 이유 기술
1219,1,[성실한 조직인]과거 타인과의 인간관계에서 가장 힘들었던 갈등상황과 이를 슬기롭게 극복할 수 있었던 본인의 전략 및 노하우에 대해 기술하시오.(1000자 이내),성실한 조직인과거 타인과 인간관계 가장 힘들었던 갈등상황 슬기롭게 극복할 있었던 본인 전략 노하우 대해 기술하
1220,1,본인이 이룬 가장 큰 성취와 실패.,본인 이룬 가장 성취 실패
1221,1,살아오면서 중요한 일 3가지,살아오면서 중요한 3가지
1222,1,학업 이외에 가장 관심과 열정을 가지고 했던 경험은 무엇입니까.,학업 이외 가장 관심 열정 가지고 했던 경험 무엇입니까
1223,1,"여러분이 경험한 교내,외 활동에서 IT와 관련된 가장 의미있는 사례를 구체적으로 기술해 주세요. ① 가장 의미있다고 생각한 이유, ② 해당 사례에서 노력한 과정과 결과, ③ 해당 경험이 입사 후 기여할 수 있는 점은 무엇인지에 대하여 작성해 주세요. (1000자 이내)",여러분 경험한 교내외 활동 IT 관련된 가장 의미 사례 구체적 기술해 가장 의미있다고 생각한 이유 해당 사례 노력한 과정 해당 경험 입사 기여할 무엇인지 작성해
1224,1,인생에 있어 가장 최고의 게임과 최악의 게임을 정하고 그 게임을 정한 이유를 각각 구체적으로 기술하여 주세요,인생 있어 가장 최고 게임 최악 게임 게임 정한 이유 각각 구체적 기술
1225,1,본인이 살아오면서 가장 절실히 성취하고 싶었던 일은 무엇인지 기술해 주십시오.,본인 살아오면서 가장 절실히 성취 싶었던 무엇인지 기술해
1226,1,"본인의 성장과정을 간략히 기술하되 현재 자신에게 가장 큰 영향을 끼친 사건, 인물 등을 포함하여 기술하시기 바랍니다. (1000자 이내)",본인 성장과정 간략히 기술하되 현재 자신 가장 영향 끼친 사건 인물 포함 기술하시기 바랍니다
1227,1,본인이 이룬 가장 큰 성취경험과 실패경험에 대하여 (1000자 이내),본인 이룬 가장 성취경험 실패경험
1228,1,"자신의 경험 중 가장 도전적이었던 일은 무엇이며, 극복하기 위해 했던 행동, 노력, 생각을 구체적으로 기술하시오. (1000자 이내)",자신 경험 가장 도전적이었던 무엇 극복하기 했던 행동 노력 생각 구체적 기술하
1229,1,자기 자신을 가장 잘 표현할 수 있는 경험에 대해 서술하시기 바랍니다.,자기 자신 가장 표현할 경험 대해 서술하시기 바랍니다
1230,1,"인생에서 가장 힘들거나 어려웠던 때를 기술하고, 극복과정에 대해 서술하시오",인생 가장 힘들거 어려웠던 기술 극복과정 대해 서술하
1231,1,"지금까지 살아오면서 자신이 이루어낸 가장 큰 변화에 대해 당시 상황, 자신의 행동 결과 등을 바탕으로 구체적으로 서술하십시오.",지금 살아오면서 자신 이루어낸 가장 변화 대해 당시 상황 자신 행동 바탕 구체적 서술하
1232,1,"지금까지의 경험에서 가장 보람되고 성취감 있었던 일은 무엇입니까? 어떠한 노력을 하였으며, 결과는 어떠하였습니까?",지금까지 경험 가장 보람되고 성취감 있었던 무엇입니까 어떠한 노력 하였으며 결과 어떠하였습니까
1233,1,사회활동: 본인이 했던 경험 중에서 가장 성취감을 느꼈던 경우에 대해서 자신의 역할 및 성과를 중심으로 구체적으로 기술해주세요.,사회활동 본인 했던 경험 가장 성취감 느꼈던 경우 자신 역할 성과 중심 구체적 기술해
1234,1,지원회사 관심도: 롯데마트를 가장 잘 설명할 수 있는 이미지와 그 이유에 대해 기술해주세요.,지원회사 관심 롯데마트 가장 설명할 이미지 이유 대해 기술해
1235,1,현대자동차그룹의 5대 핵심가치 중에서 귀하가 가장 인상 깊게 경헙한 사례 한가지를 소개바랍니다.-5대 핵심가치 中 택1,현대자동차그룹 5대 핵심가치 귀하 가장 인상 깊게 경헙한 사례 한가지 소개바랍니다5대 핵심가치 택1
1236,1,그동안 본인의 삶에 있어서 가장 기억에 남는 일들을 가급적 상세하게 적어주세요.,그동안 본인 있어서 가장 기억 일들 가급적 상세하게 적어
1237,1,자신의 성격 중 가장 자랑하고 싶은 점과 바꾸고 싶은 점들을 그 이유와 함께 적어주세요.,자신 성격 가장 자랑 바꾸고 점들 이유 적어
1238,1,자신에게 주어졌던 일 중 가장 어려웠던 경험은 무엇이었습니까? 그 일을 하게 된 이유와,자신 주어졌던 가장 어려웠던 경험 무엇이었습니까 하게 이유
1239,1,"이제까지 가장 강하게 소속감을 느꼈던 조직은 무엇이었으며, 그 조직의 발전을 위해",이제 가장 강하게 소속감 느꼈던 조직 무엇이었으며 조직 발전
1240,1,"자신에게 요구된 것보다 더 높은 목표를 스스로 세워 시도했던 경험 중 가장 기억에 남는 것은 무엇입니까? 목표 달성 과정에서 아쉬웠던 점이나 그 때 느꼈던 자신의 한계는 무엇이고, 이를 극복하기 위해 했던 행동과 생각, 결과에 대해 최대한 구체적으로 작성해 주십시오.(1000자)",자신 요구된 목표 스스 세워 시도했던 경험 가장 기억 무엇입니까 목표 달성 과정 아쉬웠던 느꼈던 자신 한계 무엇 극복하기 했던 행동 생각 결과 대해 구체적 작성해
1241,1,가장 즐겁게 몰입해서 성과를 낸 경험과 가장 힘들었던 경험.,가장 즐겁게 몰입 성과 경험 가장 힘들었던 경험
1242,1,"인생에서 가장 힘들었던 순간 또는 사건은 무엇이었으며, 이를 어떻게 극복했는지 구체적으로 기술하여 주십시오.",인생 가장 힘들었던 순간 사건 무엇이었으며 어떻게 극복했는지 구체적 기술
1243,1,"지금까지 가장 열정을 가지고 수행했던 일은 무엇이며, 그 일을 통해 배운 것이 무엇인지 기술하여 주십시오.",지금 가장 열정 가지고 수행했던 무엇 배운 무엇인지 기술
1244,1,학업 이외에 가장 관심과 열정을 가지고 했던 경험은 무엇입니까?,학업 이외 가장 관심 열정 가지고 했던 경험 무엇입니까
1245,1,"본인의 가장 큰 장점과 단점 각각 무엇이며, 실제 사례와 함께 기술하기 바랍니다.",본인 가장 장점 단점 각각 무엇 실제 사례 기술하기 바랍니다
1246,1,지금까지 경험한 가장 특별한 체험이나 남다른 성취가 있다면 기술하십시오. (공백 포함 550자),지금 경험한 가장 특별한 체험 남다른 성취 있다면 기술하
1247,1,가장 기억에 남는 경험과 그 이유를 작성하여 주십시오 (300字 이내),가장 기억 경험 이유 작성
1248,1,귀하는 공부를 열심히 하셨는지요? 또 해야된다고 하는 것을 잘 실천하는 편이신지요?,공부 열심히 하셨는지요 해야된다고 실천 편이신지요
1249,1,"전공학습이나 소위 스펙쌓기와 무관한 일 중, 가장 흥미있게 한 활동은 무엇이었는지와, 그 이유를 구체적으로 서술하세요.",전공학습 소위 스펙쌓기 가장 흥미있게 활동 무엇이었는지 이유 구체적 서술하
1250,1,[성실한 조직인] 과거 타인과의 인간관계에서 가장 힘들었던 갈등상황과 이를 슬기롭게 극복할 수 있었던 본인의 전략 및 노하우에 대해 기술하시오. (600자 이내),성실한 조직인 과거 타인과 인간관계 가장 힘들었던 갈등상황 슬기롭게 극복할 있었던 본인 전략 노하우 대해 기술하
1251,1,본인성격의 가장 큰 강점과 약점을 기술하여 주십시오.,본인성격 가장 강점 약점 기술
1252,1,자신이 경험 한 것 중 가장 값진 일은 무엇이었습니까?,자신 경험 가장 값진 무엇이었습니까
1253,1,"자신의 인생에서 가장 중요하게 생각하는 것 2가지는 무엇이며, 왜 그렇게 생각하는지 기술해 주세요.",자신 인생 가장 중요하게 생각 2가지 무엇 그렇게 생각하는지 기술해
1254,1,"자신의 성장과정을 간략히 서술하고, 당신의 인생에 가장 영향을 끼친 사건을 2가지 꼽는다면 어떤 것인지 기술해 주세요.",자신 성장과정 간략히 서술 당신 인생 가장 영향 끼친 사건 2가지 꼽는다면 어떤 것인지 기술해
1255,1,자신의 인생에서 가장 어려웠던 점과 어떻게 극복하였는가를 서술하시오. [ 700자 이내 ],자신 인생 가장 어려웠던 어떻게 극복하였는가 서술하
1256,1,"본인의 10년 후, 자신이 가장 성취하고 싶은 것과 어떤 인생을 살고 싶은지 서술해주십시오. [ 700자 이내 ] 0 /700",본인 10년 자신 가장 성취 어떤 인생 살고 싶은지 서술해주 700
1257,1,살아오면서 가장 도전적(열정적)으로 임했던 일과 이룬 것. (100자 ~ 2000자 제한),살아오면서 가장 도전적열정적 임했던 이룬
1258,1,"?4. 삶에 대한 본인의 가치관을 가장 잘 표현할 수 있는 단어는 무엇이며, 그 가치관이 형성된 계기(사례)를 구체적으로 설명해 주십시오.",본인 가치관 가장 표현할 단어 무엇 가치관 형성된 계기사례 구체적 설명해
1259,1,지금까지 살아오면서 가장 행복했던 경험 또는 가장 몰입했던 순간.,지금 살아오면서 가장 행복했던 경험 가장 몰입했던 순간
1260,1,"한컴이 꿈꾸는 미래, 당신이 꿈구는 미래 함께할 수 있다면 당신이 가장 중요하게 생각하는 기치의 기준은 무엇인지 구체적으로 서술하라.",한컴 꿈꾸 미래 당신 꿈구 미래 함께할 있다면 당신 가장 중요하게 생각 기치 기준 무엇인지 구체적 서술하라
1261,1,"학창시절 가장 힘들었던 순간을 극복했던 경험, 만약 극복하지 못했다면 그 이유를 기술하십시오.",학창시절 가장 힘들었던 순간 극복했던 경험 만약 극복 못했다면 이유 기술하
1262,1,[성실한 조직인]과거 타인과의 인간관계에서 가장 힘들었던 갈등상황과 이를 슬기롭게 극복할 수 있었던 본인의 전략 및 노하우에 대해 기술하시오.(600자 이내),성실한 조직인과거 타인과 인간관계 가장 힘들었던 갈등상황 슬기롭게 극복할 있었던 본인 전략 노하우 대해 기술하
1263,1,사회 활동: 학업 이외에 관심과 열정을 가지고 했던 다양한 활동 중 가장 기억에 남는 것을 구체적으로 기술해 주세요.,사회 활동 학업 이외 관심 열정 가지고 했던 다양한 활동 가장 기억 구체적 기술해
1264,1,"본인이 살아오면서 가장 도전적이었던 경험은 무엇이며, 어떤 노력을 통해 성취했는지 기술하시오.",본인 살아오면서 가장 도전적이었던 경험 무엇 어떤 노력 성취했는지 기술하
1265,1,본인을 가장 잘 표현할 수 있는 단어를 선택하고 그 이유을 기술하시오.,본인 가장 표현할 단어 선택 이유 기술하
1266,1,"본인의 성장과정을 통해 자신을 소개해 주세요. 단, 힘들었던 상황이나 극복과정, 인생 중 최고의 순간 등 자신에게 큰 영향을 끼친 사건이나 인물 등을 포함하여 작성해주세요.",본인 성장과정 자신 소개해 힘들었던 상황 극복과정 인생 최고 순간 자신 영향 끼친 사건 인물 포함 작성해
1267,1,"목표 달성을 위해 어떤 계획을 세웠고, 계획을 실천하는 과정에서 가장 어려웠던 점과 이를 어떻게 극복하였는지 기술해 주십시오.",목표 달성 어떤 계획 세웠고 계획 실천 과정 가장 어려웠던 어떻게 극복하였는지 기술해
1268,1,대화를 진행하는 과정에서 가장 중요하게 생각한 점은 무엇이었는지 기술해 주십시오.,대화 진행 과정 가장 중요하게 생각한 무엇이었는지 기술해
1269,1,지금까지 이룬 가장 큰 성취 3가지.,지금 이룬 가장 성취 3가지
1270,1,"본인이 가장 관심을 가지고 있는 ICT 기술은 무엇이며, 해당 기술과 SK 주식회사 C&C의 연관성에 대해서 기술하여 주십시오.",본인 가장 관심 가지고 ICT 기술 무엇 해당 기술 SK 주식회사 CC 연관성 기술
1271,1,가장 기억에 남는 성과 및 실패,가장 기억 실패
1272,1,본인의 주장을 관철시키기 위해 힘들었던 경험과 공감 받기 위한 입장표명,본인 주장 관철시키기 힘들었던 경험 공감 받기 입장표명
1273,1,재학 또는 재직기간 동안 가장 뛰어난 업적은 무엇입니까? 그리고 왜 그렇게 생각하는지 기술해 주십시오. (1000자 이내),재학 재직기간 동안 가장 뛰어난 업적 무엇입니까 그리고 그렇게 생각하는지 기술해
1274,1,"자신에게 주어졌던 일 중 가장 어려웠던 경험은 무엇이었습니까? 그 일을 하게 된 이 유와 그때 느꼈던 감정, 진행하면서 가장 어려웠던 점과 그것을 극복하기 위해 했던 행 동과 생각, 결과에 대해 최대한 구체적으로 작성해 주십시오. (1000자 이내)",자신 주어졌던 가장 어려웠던 경험 무엇이었습니까 하게 그때 느꼈던 감정 진행하면서 가장 어려웠던 그것 극복하기 했던 생각 결과 대해 구체적 작성해
1275,1,"자신에게 요구된 것보다 더 높은 목표를 스스로 세워 시도했던 경험 중 가장 기억에 남는 것은 무엇입니까? 목표 달성 과정에서 아쉬웠던 점이나 그 때 느꼈던 자신의 한 계는 무엇이고, 이를 극복하기 위해 했던 행동과 생각, 결과에 대해 최대한 구체적으로 작성해 주십시오",자신 요구된 목표 스스 세워 시도했던 경험 가장 기억 무엇입니까 목표 달성 과정 아쉬웠던 느꼈던 자신 무엇 극복하기 했던 행동 생각 결과 대해 구체적 작성해
1276,1,"자신에게 요구된 것보다 더 높은 목표를 스스로 세워 시도했던 경험 중 가장 기억에 남는 것은 무엇입니까? 목표 달성 과정에서 아쉬었던 점이나 그 때 느꼈던 자신의 한계는 무엇이고, 이를 극복하기 위해 했던 행동과 생각, 결과에 대해 최대한 구체적으로 작성해 주십시오.",자신 요구된 목표 스스 세워 시도했던 경험 가장 기억 무엇입니까 목표 달성 과정 아쉬었던 느꼈던 자신 한계 무엇 극복하기 했던 행동 생각 결과 대해 구체적 작성해
1277,1,본인이 가장 관심을 가지고 있는 ICT기술은 무엇인지 작성하여 주십시오. *해당 기술과 SK주식회사 C&C의 연관성에 대하여 작성 (1000자 이내),본인 가장 관심 가지고 ICT기술 무엇인지 작성 해당 기술 SK주식회사 CC 연관성 작성
1278,1,"① R&D, ② Application, ③ Infra 중 본인이 가장 역량을 발휘할 수 있는 영역을 선택하여 주십시오.",RD Application Infra 본인 가장 역량 발휘할 영역 선택
1279,1,학업 외 가장 열정적으로 참여했거나 목표를 달성한 경험을 기술하시오,학업 가장 열정적 참여했거 목표 달성한 경험 기술하
1280,1,사회활동 : 학업 이외에 관심과 열정을 가지고 했던 다양한 경험 중 가장 기억에 남는 것을 구체적으로 기술해주세요.(1000자 이내),사회활동 학업 이외 관심 열정 가지고 했던 다양한 경험 가장 기억 구체적 기술해
1281,1,과거 타인과의 인간관계에서 가장 힘들었던 갈등상황과 이를 슬기롭게 극복할 수 있었던 본인의 전략 및 노하우에 대해 기술하시오.(600자 이내),과거 타인과 인간관계 가장 힘들었던 갈등상황 슬기롭게 극복할 있었던 본인 전략 노하우 대해 기술하
1282,1,당사가 지닌 가장 탁월한 경쟁력은 무엇이라고 생각하십니까?,당사 지닌 가장 탁월한 경쟁력 무엇이라고 생각하십니까
1283,1,"자신이 수강한 전공과목 중 가장 자신 있는 전공 3가지에 대해, 각각의 이유와 학점을 명시해 주세요. (필수)",자신 수강한 전공과목 가장 자신 전공 3가지 대해 각각 이유 학점 명시해 필수
1284,1,[필수문항] 프로젝트 진행 중 가장 기억에 남는 트러블 슈팅 경험을 적어주세요,필수문항 프로젝트 진행 가장 기억 트러블 슈팅 경험 적어
1285,1,"성취한 일 중 1개 선택, ‘하게 된 이유’(3문장),‘성취하기 위한 노력’(3문장), ‘성취하기 위해 고려해야 했던 가장 중요한 포인트’(3문장)",성취한 1개 선택 하게 이유3문장성취하기 노력3문장 성취하기 고려 했던 가장 중요한 포인트3문장
1286,1,자신을 가장 잘 표현하는 단어 7개 + 자기 소개(1000자 이내),자신 가장 표현 단어 7개 자기 소개
1287,1,"이제까지 가장 강하게 소속감을 느꼈던 조직은 무엇이었으며, 그 조직의 발전을 위해 헌신적으로 노력했던 것 중 가장 기억에 남는 경험은 무엇입니까? 개인적으로 더 많은 노력을 기울였던 일과 그때 했던 행동과 생각, 결과에 대해 최대한 구체적으로 작성해 주십시오.",이제 가장 강하게 소속감 느꼈던 조직 무엇이었으며 조직 발전 헌신적 노력했던 가장 기억 경험 무엇입니까 개인적 노력 기울였던 그때 했던 행동 생각 결과 대해 구체적 작성해
1288,1,"성장과정에서 부모, 가족으로부터 가장 인상적인 경험을 구체적으로 기술하여 주십시오. (1000자 이내)",성장과정 부모 가족으로 가장 인상적인 경험 구체적 기술
1289,1,한국콜마의 인재상인 4성 5행 中 가장 중요하다고 생각하는 것을 택 1 하여 그 정신이 왜 필요한지 기술하여 주십시오.(1000자 이내),한국콜마 인재상인 4성 5행 가장 중요하다고 생각 정신 필요한지 기술
1290,1,지금까지 살아오면서 자신의 강/약점을 느꼈던 경험은 무엇인지 기술하여 주십시오.(1000자 이내),지금 살아오면서 자신 강약점 느꼈던 경험 무엇인지 기술
1291,1,자신이 느꼈던 가장 큰 분노 또는 부당함의 구체적인 사례와 그에 대한 극복방안을 작성해 주십시오.,자신 느꼈던 가장 분노 부당함 구체적인 사례 극복방안 작성해
1292,1,학창시절 경험 중 가장 힘들었던 경험 혹은 실패했던 경험은 무엇인지 기술해 주세요.,학창시절 경험 가장 힘들었던 경험 실패했던 경험 무엇인지 기술해
1293,1,"이제까지 가장 강하게 소속감을 느꼈던 조직은 무엇이었으며, 그 조직의 발전을 위해 헌신적으로 노력했던 것 중 가장 기억에 남는 경험은 무엇입니까? 개인적으로 더 많은 노력을 기울였던 일과 그 때 했던 행동과 생각, 결과에 대해 최대한 구체적으로 작성해 주십시오. (1000자 이내)",이제 가장 강하게 소속감 느꼈던 조직 무엇이었으며 조직 발전 헌신적 노력했던 가장 기억 경험 무엇입니까 개인적 노력 기울였던 했던 행동 생각 결과 대해 구체적 작성해
1294,1,"인생에서 가장 힘들거나 어려웠던 때를 기술하고, 극복과정에 대해 서술하시오.",인생 가장 힘들거 어려웠던 기술 극복과정 대해 서술하
1295,1,학업 외 가장 열정적이고 도전적으로 몰입하여 성과를 창출했거나 목표를 달성한 경험을 기술하시오 (1000자 이내),학업 가장 열정적 도전적 몰입 성과 창출했거 목표 달성한 경험 기술하
1296,1,"여러분이 경험한 IT와 관련된 가장 의미있는 사례를 구체적으로 기술해 주세요. ① 가장 의미있다고 생각한 이유, ② 해당 사례에서 노력한 과정과 결과, ③ 해당 경험이 입사 후 기여할 수 있는 점은 무엇인지에 대하여 작성해 주세요.(1000자 이내)",여러분 경험한 IT 관련된 가장 의미 사례 구체적 기술해 가장 의미있다고 생각한 이유 해당 사례 노력한 과정 해당 경험 입사 기여할 무엇인지 작성해
1297,1,[가장 감명 깊게 들었던 과목],가장 감명 깊게 들었던 과목
1298,1,"살면서 가장 힘들었던 사건이나 일이 무엇이었는지, 그리고 어떻게 극복했는지를 구체적으로 기술해 주십시오.",살면서 가장 힘들었던 사건 무엇이었는지 그리고 어떻게 극복했는지 구체적 기술해
1299,1,"자신의 경험중에 가장 열정을 다해 몰입했던 일이 무엇인지, 그리고 왜 그렇게 했는지를 구체적으로 기술해 주십시오.",자신 경험중 가장 열정 다해 몰입했던 무엇인지 그리고 그렇게 했는지 구체적 기술해
1300,1,"인생에서 가장 중요하게 생각하는 가치는 무엇인지, 그리고 그 이유를 구체적으로 기술해 주십시오.",인생 가장 중요하게 생각 가치 무엇인지 그리고 이유 구체적 기술해
1301,1,사회활동 (학업 이외에 관심과 열정을 가지고 했던 다양한 경험 중 가장 기억에 남는것,사회활동 학업 이외 관심 열정 가지고 했던 다양한 경험 가장 기억 남는것
1302,1,자신이 학업 이외에 관심과 열정을 가지고 했던 다양한 경험 중 가장 기억에 남는 것을 기술하세요. (1000자 이내),자신 학업 이외 관심 열정 가지고 했던 다양한 경험 가장 기억 기술하
1303,1,"신입 : 최근 3년 동안 지원자가 한 일 중 가장 자랑할 만한 내용은 무엇이며, 이를 위해 노력했던 사례를 구체적으로 작성하시오. (1000자 이내)",신입 최근 3년 동안 지원자 가장 자랑할 만한 내용 무엇 노력했던 사례 구체적 작성하
1304,1,이제까지 가장 강한 소속감을 느꼈던 조직의 발전을 위해 노력한 것 중 가장 기억에 남는 경험 또는 학창 시절 자신이 경험한 환경적인 변화 중에서 자신에게 가장 의미있거나 영향이 컸던 변화는 무엇이었습니까?,이제 가장 강한 소속감 느꼈던 조직 발전 노력한 가장 기억 경험 학창 시절 자신 경험한 환경적인 변화 자신 가장 의미있거 영향 컸던 변화 무엇이었습니까
1305,1,자신에게 주어졌던 일 중 가장 어려웠던 경험 또는 본인 스스로 목표를 수립하여 가장 성공적인 결과를 거두었던 경험은 무엇인가요?,자신 주어졌던 가장 어려웠던 경험 본인 스스 목표 수립 가장 성공적인 결과 거두었던 경험 무엇인가요
1306,1,"신입 : 최근 3년 동안 지원자가 한 일 중 가장 자랑할 만한 내용은 무엇이며, 이를 위해 노력했던 사례를 구체적으로 작성하시오. [ 1000자 이내 ]",신입 최근 3년 동안 지원자 가장 자랑할 만한 내용 무엇 노력했던 사례 구체적 작성하
1307,1,"KOGAS에서 중요하게 생각하는 인재상은 다음과 같습니다. 세 가지 인재상 중 자신과 가장 부합된다고 생각하는 인재상을 하나 선택하여, 구체적인 사례를 포함하여 그렇게 생각하는 이유를 기술하여 주십시오.",KOGAS 중요하게 생각 인재상 다음 가지 인재상 자신 가장 부합된다고 생각 인재상 선택 구체적인 사례 포함 그렇게 생각 이유 기술
1308,1,가장 기억에 남는 성과 혹은 실패 (800자),가장 기억 실패 800자
1309,1,학창시절(고등학교 또는 대학교) 가장 좋아했던 과목은 무엇이며 그 이유에 대해 간략히 설명해 주세요. (1000자 이내),학창시절 가장 좋아했던 과목 무엇 이유 대해 간략히 설명해
1310,1,학창시절(고등학교 또는 대학교) 가장 싫어했던 과목은 무엇이며 그 이유에 대해 간략히 설명해 주세요. (1000자 이내),학창시절 가장 싫어했던 과목 무엇 이유 대해 간략히 설명해
1311,1,KCC 인재상 중 자신에게 가장 부합하는 항목을 선택하여 개인의 경험과 함께 구체적으로 기술 (500자),KCC 인재상 자신 가장 부합 항목 선택 개인 경험 구체적 기술 500자
1312,1,"전공학습이나 소위 스펙쌓기와 무관한 일 중, 가장 흥미있게 한 활동은 무엇이었는지와, 그 이유를 구체적으로 서술하세요",전공학습 소위 스펙쌓기 가장 흥미있게 활동 무엇이었는지 이유 구체적 서술하
1313,1,"목표 달성을 위해 어떤 계획을 세웠고, 계획을 실천하는 과정에서 가장 어려웠던 점과 이를 어떻게 극복하였는지 기술해 주십시오. (1000자 이내)",목표 달성 어떤 계획 세웠고 계획 실천 과정 가장 어려웠던 어떻게 극복하였는지 기술해
1314,1,대화를 진행하는 과정에서 가장 중요하게 생각한 점은 무엇이었는지 기술해 주십시오. (1000자 이내),대화 진행 과정 가장 중요하게 생각한 무엇이었는지 기술해
1315,1,"자신의 경험 중에 가장 열정을 다해 몰입했던 일이 무엇인지, 그리고 왜 그렇게 했는지를 구체적으로 기술해 주십시오.",자신 경험 가장 열정 다해 몰입했던 무엇인지 그리고 그렇게 했는지 구체적 기술해
1316,1,"자신에게 주어졌던 일 중 가장 어려웠던 경험, 혹은 자신에게 요구된 것보다 더 높은 목표를 세워 시도한 경험은 무엇입니까? 그 일을 하게 된 이유와 그때 느꼈던 감정, 진행하면서 가장 어려웠던 점과 그것을 극복하기 위해 했던 행동과 생각, 결과에 대해 최대한 구체적으로 작성해 주십시오. (1000자 10단락 이내)",자신 주어졌던 가장 어려웠던 경험 자신 요구된 목표 세워 시도한 경험 무엇입니까 하게 이유 그때 느꼈던 감정 진행하면서 가장 어려웠던 그것 극복하기 했던 행동 생각 결과 대해 구체적 작성해
1317,1,"이제까지 가장 강하게 소속감을 느꼈던 조직은 무엇이었으며, 그 조직의 발전을 위해 헌신적으로 노력했던 일과 그 때 했던 생각과 행동, 결과에 대해 최대한 구체적으로 작성해 주십시오. (1000자 10단락 이내)",이제 가장 강하게 소속감 느꼈던 조직 무엇이었으며 조직 발전 헌신적 노력했던 했던 생각 행동 결과 대해 구체적 작성해
1318,1,지금까지 살아오면서 자신의 강/약점을 느꼈던 경험은 무엇인지 기술하여 주십시오.,지금 살아오면서 자신 강약점 느꼈던 경험 무엇인지 기술
1319,1,"자신이 수강한 전공과목 중 가장 자신 있는 전공 3가지에 대해, 각각의 이유와 학점을 명시해 주세요. (600자)",자신 수강한 전공과목 가장 자신 전공 3가지 대해 각각 이유 학점 명시해 600자
1320,1,재학 또는 재직기간 동안 가장 뛰어난 업적은 무엇입니까? 그리고 왜 그렇게 생각하는지 기술해 주십시오. [ 200자 이상 1000자 이내 ],재학 재직기간 동안 가장 뛰어난 업적 무엇입니까 그리고 그렇게 생각하는지 기술해
1321,1,학업 이외에 관심과 열정을 가지고 했던 다양한 경험 중 기억에 나는 것을 기술해 주세요.,학업 이외 관심 열정 가지고 했던 다양한 경험 기억 기술해
1322,1,지금까지 경험한 가장 큰 성공 또는 실패 사례 및 이유,지금 경험한 가장 성공 실패 사례 이유
1323,1,"인생에 있어 가장 최고의 게임과 최악의 게임을 정하고, 그 게임을 정한 이유를 각각 구체적으로 기술하여 주세요. (1000자 이내)",인생 있어 가장 최고 게임 최악 게임 게임 정한 이유 각각 구체적 기술
1324,1,"본인이 스스로 세웠던 목표 중 가장 기억에 남는 목표가 무엇이며, 목표달성을 위해 했던 생각과 행동, 결과 및 아쉬웠던 부분에 대해 최대한 구체적으로 기술하여 주세요. (1000자 이내)",본인 스스 세웠던 목표 가장 기억 목표 무엇 목표달성 했던 생각 행동 아쉬웠던 부분 대해 구체적 기술
1325,1,"본인의 성장과정을 간략히 기술하되, 현재의 자신에게 가장 큰 영향을 끼친 사건, 인물 등을 포함하여 기술하시기 바랍니다.",본인 성장과정 간략히 기술하되 현재 자신 가장 영향 끼친 사건 인물 포함 기술하시기 바랍니다
1326,1,"지원자에게 가장 잘 맞는 적성은 무엇이며, 그렇게 생각하는 이유는?",지원자 가장 적성 무엇 그렇게 생각 이유
1327,1,대한민국을 가장 감사하게(자랑스럽게) 느꼈던 경험 또는 가장 부끄럽게 느꼈던 경험,대한민국 가장 감사하게 느꼈던 경험 가장 부끄럽게 느꼈던 경험
1328,1,본인의 전공 및 전공과목 중 관심있는 분야에 대한 소개와 가장 기억에 남는 전공관련 프로젝트 또는 공모전 수행 경험을 기술하시오. (1500자 이내),본인 전공 전공과목 관심 분야 소개 가장 기억 전공 프로젝트 공모전 수행 경험 기술하
1329,1,"전공학습이나 소위 스펙쌓기와 무관한 일 중, 가장 흥미 있게 한 활동은 무엇이었는지와, 그 이유를 구체적으로 서술하세요 (600자 16줄)",전공학습 소위 스펙쌓기 가장 흥미 있게 활동 무엇이었는지 이유 구체적 서술하
1330,1,ㆍ본인이 이룬 가장 큰 성취경험과 실패경험에 대해서 기술해 주십시오. (500자 이내),본인 이룬 가장 성취경험 실패경험 기술해
1331,1,"본인이 가장 소중하게 생각하는 것을 적고, 그 이유를 기술하여 주십시오.",본인 가장 소중하게 생각 적고 이유 기술
1332,1,[갤럭시 노트 7 폭발 사건],갤럭시 노트 폭발 사건
1333,1,(생활 신조) [매 순간 최선을],순간 최선
1334,1,"살아오면서 힘든 일을 겪게 될 때, 힘이 되는 말이나 경험 등을 이유와 함께 기술하시오.",살아오면서 힘든 겪게 경험 이유 기술하
1335,1,저에게 가장 큰 영향을 끼친 사건은 훈련소에서 최고전사가 된 일입니다.,가장 영향 끼친 사건 훈련소 최고전사
1336,1,자신의 성장과정 중 가장 소중했던 기억과 가장 힘들었던 기억,자신 성장과정 가장 소중했던 기억 가장 힘들었던 기억
1337,1,[자기개발 능력] 최근 5년 동안에 귀하가 성취한 일중에서 가장 자랑할 만한 것은 무엇이고 그것을 성취하기 위해 귀하는 어떤 일을 했습니까?,자기개발 능력 최근 5년 동안 귀하 성취한 일중 가장 자랑할 만한 무엇 그것 성취하기 어떤 했습니까
1338,1,"‘창조’, ‘혁신’, ‘도전’ 세 가지 키워드 중 본인을 가장 잘 드러내는 키워드를 한 가지 선정한 후 이를 증명할 수 있는 구체적인 사례를 기술해 주십시오. (1000자 이내)",창조 혁신 도전 가지 키워드 본인 가장 드러내 키워드 가지 선정한 증명할 구체적인 사례 기술해
1339,1,자신의 성격 중 가장 자랑하고 싶은 점과 바꾸고 싶은 점들을 그 이유와 함께 적어주세요 (2000자 이내),자신 성격 가장 자랑 바꾸고 점들 이유 적어
1340,1,단체활동에서 가장 큰 성취감을 느꼈던 사례와 본인의 기여도를 설명하십시오. (자필기재),단체활동 가장 성취감 느꼈던 사례 본인 기여도 설명하 자필기재
1341,1,현대자동차 그룹의 5개 핵심가치 중에서 귀하가 가장 인상깊게 경험한 사례를 소개 바랍니다.,현대자동차 그룹 5개 핵심가치 귀하 가장 인상깊게 경험한 사례 소개 바랍니다
1342,1,"인생에서 가장 힘들거나 어려웠던 때를 기술하고, 극복과정에 대해 서술하시오.(1000자 이내)",인생 가장 힘들거 어려웠던 기술 극복과정 대해 서술하
1343,1,[역량기술서] IT경험(학교 내/외 프로젝트) 및 보유한 IT기술 등 - 자신이 한 일 가운데 가장 혁신적이고 창조적인 일 - 구분별 항목에 따라 해당 내용을 기재합니다.,역량기술서 IT경험 보유한 IT기술 자신 가운데 가장 혁신적 창조적인 구분별 항목 따라 해당 내용 기재
1344,1,"본인이 가장 자신있는 분야는 무엇이며, 해당 분야를 잘 해내기 위해 남들과 다르게 노력했던 점들을 작성해주시기 바랍니다.",본인 가장 자신 분야 무엇 해당 분야 해내기 남들 다르게 노력했던 점들 작성해주시기 바랍니다
1345,1,이제까지 겪어온 일들 중 가장 기억나는 성공 경험과 가장 아쉬웠던 실패 경험을 각각 작성해 주세요. (1000자 이내),이제 겪어온 일들 가장 기억나 성공 경험 가장 아쉬웠던 실패 경험 각각 작성해
1346,1,가장 열정적이고 도전적으로 임했던 일과 그 일을 통해서 이룬 것에 대해 기재하여 주십시오. [ 150자 이상 500자 이내 ],가장 열정적 도전적 임했던 이룬 대해 기재
1347,1,학창 시절에 가장 뛰어났던 점은 무엇이었습니까. (1000자 이내),학창 시절 가장 뛰어났던 무엇이었습니까
1348,1,학창시절에 가장 열등했던 점은 무엇이었습니까. (1000자 이내),학창시절 가장 열등했던 무엇이었습니까
1349,1,"학창시절(대학/고교) (동아리 활동, 학과) 또는 이제까지 귀하가 살아오면서 가장 인상 깊었던 일은? 또는 대표를 했거나, 상을 탔거나, 장학금을 탔거나 또는 특별히 성취했던 것은 무엇입니까? (1000자 이내)",학창시절 이제 귀하 살아오면서 가장 인상 깊었던 대표 했거 탔거 장학금 탔거 특별히 성취했던 무엇입니까
1350,1,학창시절 또는 이제까지 귀하가 살아오면서 가장 힘들었던 경험은? 힘들었던 상황을 어떻게 극복하셨습니까? (1000자 이내),학창시절 이제 귀하 살아오면서 가장 힘들었던 경험 힘들었던 상황 어떻게 극복하셨습니까
1351,1,"학창시절 또는 다른 경험을 돌이켜 볼 때 가장 많은 대화를 한 사람은(선배, 동료, 후배) 누구이며, 그 이유는 무엇입니까? (1000자 이내)",학창시절 다른 경험 돌이켜 가장 대화 사람 누구 이유 무엇입니까
1352,1,"학창시절 또는 다른 경험을 돌이켜 볼 때 가장 대화하기 힘들었던 사람은 누구이며, 그 이유는 무엇입니까? (1000자 이내)",학창시절 다른 경험 돌이켜 가장 대화하기 힘들었던 사람 누구 이유 무엇입니까
1353,1,[지금까지 이룬 가장 큰 성취 3가지 100자],지금 이룬 가장 성취 3가지 100자
1354,1,"[최근 3년 이내에 본인이 이룬 가장 큰 성과를 기술하되 목표 설정 이유, 노력과정, 고난 극복, 결과 등을 구체적으로 기술하여 주십시오. 700자]",최근 3년 이내 본인 이룬 가장 성과 기술하되 목표 설정 이유 노력과정 고난 극복 구체적 기술 700자
1355,1,"자신에게 주어졌던 일 중 가장 어려웠던 경험은 무엇이었습니까? 그 일을 하게 된 이유와 그때 느꼈던 감정, 진행하면서 가장 어려웠던 점과 그것을 극복하기 위해 했던 행동과 생각, 결과에 대해 최대한 구체적으로 작성해주십시오.",자신 주어졌던 가장 어려웠던 경험 무엇이었습니까 하게 이유 그때 느꼈던 감정 진행하면서 가장 어려웠던 그것 극복하기 했던 행동 생각 결과 대해 구체적 작성해주
1356,1,"본인의 삶 중 본인의 성장에 가장 중요한 계기가 된 경험을 구체적인 근거를 통해 기술하고, 이를 바탕으로 지속적인 성장 및 유지를 위해 노력하였던 경험을 구체적으로 기재해 주십시오. 1000자 이내",본인 본인 성장 가장 중요한 계기 경험 구체적인 근거 기술 바탕 지속적인 성장 유지 노력하였던 경험 구체적 기재해
1357,1,다양한 경험 중 가장 기억에 남는 것 구체적으로 기술 (1000자 이내),다양한 경험 가장 기억 구체적 기술
1358,1,조종사의 가장 중요한 역량은? 본인이 준비했던 것은?,조종사 가장 중요한 역량 본인 준비했던
1359,1,살면서 가장 열정을 가지고 했던 일,살면서 가장 열정 가지고 했던
1360,1,"전공학습이나 소위 스펙쌓기와 무관한 일 중, 가장 흥미있게 한 활동은 무엇이었는지와, 그 이유를 구체적으로 서술하세요 (1000자 이내)",전공학습 소위 스펙쌓기 가장 흥미있게 활동 무엇이었는지 이유 구체적 서술하
1361,1,"본인의 가장 친한 친구에게 K5와 스포티지 중 한 차종을 팔아야 한다면 어떤 차종을 판매할 것이며, 이유는 무엇인가?(1000자 이내)",본인 가장 친한 친구 K5 스포티지 차종 팔아야 한다면 어떤 차종 판매할 이유 무엇인
1362,1,[중요한 것은 바로 `WHY’],중요한 WHY
1363,1,귀하를 가장 잘 표현할 수 있는 상징단어와 그 이유는 무엇입니까?(500자),귀하 가장 표현할 상징단어 이유 무엇입니까500자
1364,1,근현대사 인물 중 귀하가 가장 존경하는 인물과 그 이유는 무엇입니까?(500자),근현대사 인물 귀하 가장 존경 인물 이유 무엇입니까500자
1365,1,현대자동차그룹의 5대 핵심가치 중에서 귀하가 가장 인상 깊게 경험한 사례 한가지를 소개바랍니다.-5대 핵심가치 中 택1 (500자),현대자동차그룹 5대 핵심가치 귀하 가장 인상 깊게 경험한 사례 한가지 소개바랍니다5대 핵심가치 택1 500자
1366,1,사회활동: 학업 이외에 관심과 열정을 가지고 했던 다양한 경험 중 가장 기억에 남는 것을 구체적으로 기술해주세요. (1000자 이내),사회활동 학업 이외 관심 열정 가지고 했던 다양한 경험 가장 기억 구체적 기술해
1367,1,"자신에게 주어졌던 일 중 가장 해결하기 어려웠던 경험은 무엇입니까? 또한 그 난관을 극복하기 위해 어떠한 노력을 하였고, 그 결과는 어떠하였는지 작성해 주십시오.",자신 주어졌던 가장 해결하기 어려웠던 경험 무엇입니까 또한 난관 극복하기 어떠한 노력 하였고 결과 어떠하였는지 작성해
1368,1,"본인이 살아가면서 가장 중요하게 생각하는 신념(신조) 두 가지는 무엇이며, 신념(신조)를 지킨 실제 사례와 함께 기술하기 바랍니다.",본인 살아가면서 가장 중요하게 생각 신념신조 가지 무엇 신념신조 지킨 실제 사례 기술하기 바랍니다
1369,1,본인이 살아오면서 가장 열정적으로 수행한 일(사례)은 무엇인지 기술하기 바랍니다.,본인 살아오면서 가장 열정적 수행한 일사례 무엇인지 기술하기 바랍니다
1370,1,"*본인의 가치관은 무엇이며, 이를 형성하는데 가장 큰 영향을 끼친 경험을 구체적으로 기술해주십시오.(1000자 이내)",본인 가치관 무엇 형성하는데 가장 영향 끼친 경험 구체적 기술해주
1371,1,"자신에게 주어졌던 일 중 가장 어려웠던 경험은 무엇이었습니까? 그 일을 하게 된 이유와 그때 느꼈던 감정, 진행하면서 가장 어려웠던 점과 그것을 극복하기 위해 했던 행동과 생각, 결과에 대해 최대한 구체적으로 작성해주십시오 (1000자)",자신 주어졌던 가장 어려웠던 경험 무엇이었습니까 하게 이유 그때 느꼈던 감정 진행하면서 가장 어려웠던 그것 극복하기 했던 행동 생각 결과 대해 구체적 작성해주
1372,1,"이제까지 가장 강하게 소속감을 느꼈던 조직은 무엇이었으며, 그 조직의 발전을 위해 헌신적으로 노력했던 것 중 가장 기억에 남는 경험은 무엇입니까? 개인적으로 더 많은 노력을 기울였던 일과 그 때 했던 행동과 생각, 결과에 대해 최대한 구체적으로 작성해 주십시오. (1000자)",이제 가장 강하게 소속감 느꼈던 조직 무엇이었으며 조직 발전 헌신적 노력했던 가장 기억 경험 무엇입니까 개인적 노력 기울였던 했던 행동 생각 결과 대해 구체적 작성해
1373,1,"자신에게 요구된 것보다 더 높은 목표를 스스로 세워 시도했던 경험 중 가장 기억에 남는 것은 무엇입니까? 목표 달성 과정에서 아쉬웠던 점이나 그 때 느꼈던 자신의 한계는 무엇이고, 이를 극복하기 위해 했던 행동과 생각, 결과에 대해 최대한 구체적으로 작성해 주십시오. (1000자)",자신 요구된 목표 스스 세워 시도했던 경험 가장 기억 무엇입니까 목표 달성 과정 아쉬웠던 느꼈던 자신 한계 무엇 극복하기 했던 행동 생각 결과 대해 구체적 작성해
1374,1,자신에게 주어졌던 일 중 가장 어려웠던 경험들에 대해 기술하십시오. (1000자 이내),자신 주어졌던 가장 어려웠던 경험들 대해 기술하
1375,1,"본인이 살아오면서 가장 도전적이었던 경험은 무엇이며, 어떤 노력을 통해 성취했는지 기술하시오. (1000자 이내)",본인 살아오면서 가장 도전적이었던 경험 무엇 어떤 노력 성취했는지 기술하
1376,1,본인을 가장 잘 표현할 수 있는 단어를 선택하고 그 이유를 기술하시오. (1000자 이내),본인 가장 표현할 단어 선택 이유 기술하
1377,1,"본인이 회사를 선택하는 데 있어 가장 중요하게 생각하는 가치는 무엇인지와, 입사 후 현대엔지니어링에서 이루고 싶은 Vision을 기술해 주십시오.",본인 회사 선택 있어 가장 중요하게 생각 가치 무엇인지 입사 현대엔지니어링 이루고 Vision 기술해
1378,1,건설업은 현장근무가 필수입니다. 현장 근무에 있어 본인이 가장 중요하다고 생각하는 덕목과 그 이유를 기술해 주십시오.,건설업 현장근무 필수 현장 근무 있어 본인 가장 중요하다고 생각 덕목 이유 기술해
1379,1,"지금까지 본인이 한 일 중에서 가장 창조적이고 혁신적인 것은 무엇이며, 이를 통해 어떤 변화가 있었는지 설명해 주십시오.",지금 본인 가장 창조적 혁신적인 무엇 어떤 변화 있었는지 설명해
1380,1,코딩으로 해결했던 가장 인상적인 문제와 해결법을 설명해 주세요,코딩 해결했던 가장 인상적인 문제 해결법 설명해
1381,1,최근 5년 동안에 귀하가 성취한 일 중에서 가장 자랑할 만한 것은 무엇입니까?,최근 5년 동안 귀하 성취한 가장 자랑할 만한 무엇입니까
1382,1,본인이 가장 우선적으로 생각하는 삶의 요소 중 2가지를 선정하고 그 이유를 설명하세요. (1000자 이내),본인 가장 우선적 생각 요소 2가지 선정 이유 설명하
1383,1,"자신의 인생에서 가장 어려웠던 일, 또는 실패했던 경험과 그 당시 어떻게 대처했는지에 대해 기술해 주십시오. (1000자 이내)",자신 인생 가장 어려웠던 실패했던 경험 당시 어떻게 대처했는지 대해 기술해
1384,1,최근 3년 내에 가장 큰 성취 경험에 대해 기술하시오.,최근 3년 가장 성취 경험 대해 기술하
1385,1,최근 3년 내에 가장 큰 실패 경험에 대해 기술하시오.,최근 3년 가장 실패 경험 대해 기술하
1386,1,"본인 및 본인의 성장 과정에 대해 기술하십시오. - 현재의 자신에게 가장 큰 영향을 끼친 인물 및 그 이유 - 본인의 인생에서 가장 기억에 남는 경험을 2개 이상 반드시 포함하고, 그 이유에 대해 기술 - 이 과정에서 본인이 했던 행동과 생각, 결과, 느끼고 배운 점을 모두 포함 (1000자 이내)",본인 본인 성장 과정 대해 기술하 현재 자신 가장 영향 끼친 인물 이유 본인 인생 가장 기억 경험 2개 이상 반드시 포함 이유 대해 기술 과정 본인 했던 행동 생각 느끼고 배운 모두 포함
1387,1,"살면서 가장 강하게 소속감을 느꼈던 조직은 무엇이었으며, 그 조직의 발전을 위해 헌신적으로 노력했던 것 중 가장 기억에 남는 경험에 대해 기술하십시오 - 노력했던 사안에 대한 본인의 역할, 그 과정에서 했던 행동과 생각, 결과에 대해 최대한 구체적으로 작성 (1000자 이내)",살면서 가장 강하게 소속감 느꼈던 조직 무엇이었으며 조직 발전 헌신적 노력했던 가장 기억 경험 대해 기술하 노력했던 사안 본인 역할 과정 했던 행동 생각 결과 대해 구체적 작성
1388,1,"자신에게 주어졌던 일 중 가장 어려웠던 경험들에 대해 기술하십시오. - 반드시 2 개 이상의 경험을 기술 - 그 일을 하게 된 이유와 그때 느꼈던 감정, 진행하면서 가장 어려웠던 점과 극복하기 위해 했던 행동과 생각, 결과에 대해 최대한 구체적으로 작성 (1000자 이내)",자신 주어졌던 가장 어려웠던 경험들 대해 기술하 반드시 이상 경험 기술 하게 이유 그때 느꼈던 감정 진행하면서 가장 어려웠던 극복하기 했던 행동 생각 결과 대해 구체적 작성
1389,1,"자신이 가장 자신 있는 분야에 대해 강의할 기회가 주어진다면, 어떤 주제를 선택할 것인지, 그리고 해당 주제를 선택한 이유는 무엇인지 설명하시오. (1000자 이내)",자신 가장 자신 분야 대해 강의할 기회 주어진다면 어떤 주제 선택할 것인지 그리고 해당 주제 선택한 이유 무엇인지 설명하
1390,1,"자신에게 요구된 것보다 더 높은 목표를 스스로 세워 시도했던 경험 중 가장 기억에 남는 것은 무엇입니까? 목표 달성 과정에서 아쉬웠던 점이나 그때 느꼈던 자신의 한계는 무엇이고, 이를 극복하기 위해 했던 행동과 생각, 결과에 대해 최대한 구체적으로 작성해 주십시오.",자신 요구된 목표 스스 세워 시도했던 경험 가장 기억 무엇입니까 목표 달성 과정 아쉬웠던 그때 느꼈던 자신 한계 무엇 극복하기 했던 행동 생각 결과 대해 구체적 작성해
1391,1,"본인이 도전했던 여러 경험 중 가장 힘들었던 경험을 작성하고, 이를 통해 배운 점은 무엇이었는지 작성해주시기 바랍니다.",본인 도전했던 여러 경험 가장 힘들었던 경험 작성 배운 무엇이었는지 작성해주시기 바랍니다
1392,1,호기심에서 발견되는 즐거움,호기심 발견되 즐거움
1393,1,"본인 및 본인의 성장 과정에 대해 기술하십시오. - 현재의 자신에게 가장 큰 영향을 끼친 인물 및 그 이유 - 본인의 인생에서 가장 기억에 남는 경험을 2개 이상 반드시 포함하고, 그 이유에 대해 기술 - 이 과정에서 본인이 했던 행동과 생각, 결과, 느끼고 배운 점을 모두 포함 (2000자 10 단락 이내)",본인 본인 성장 과정 대해 기술하 현재 자신 가장 영향 끼친 인물 이유 본인 인생 가장 기억 경험 2개 이상 반드시 포함 이유 대해 기술 과정 본인 했던 행동 생각 느끼고 배운 모두 포함
1394,1,학업 외 가장 열정적이고 도전적으로 몰입하여 성과를 창출했거나 목표를 달성한 경험을 기술하시오. (1000자 이내),학업 가장 열정적 도전적 몰입 성과 창출했거 목표 달성한 경험 기술하
1395,1,살면서 가장 힘들었을 때는 언제인가요? (1000자 이내),살면서 가장 힘들었 언제인가요
1396,1,"인그리디언코리아에게 소개하고싶은, 인생에서 가장 의미있었던 경험은 무엇인가요? (1000자 이내)",인그리디언코리아 소개하고싶 인생 가장 의미있었던 경험 무엇인가요
1397,1,"도전(경험) 재학시절 가장 힘들었던 경험을 적고, 그것을 어떻게 극복했는지 적어주시기 바랍니다. (1000자 이내)",도전경험 재학시절 가장 힘들었던 경험 적고 그것 어떻게 극복했는지 적어주시기 바랍니다
1398,1,"본인이 가장 관심을 가지고 있는 ICT기술은 무엇이며, 해당 기술과 SK주식회사 C&C의 연관성에 대해서 기술하여 주십시오. 해당기술과 SK주식회사 C&C의 연관성에 대하여 작성",본인 가장 관심 가지고 ICT기술 무엇 해당 기술 SK주식회사 CC 연관성 기술 해당기술 SK주식회사 CC 연관성 작성
1399,1,"본인의 성장과정을 간략히 기술하되, 현재의 자신에게 가장 큰 영향을 끼친 사건, 인물 등을 포함하여 기술하시기 바랍니다. (",본인 성장과정 간략히 기술하되 현재 자신 가장 영향 끼친 사건 인물 포함 기술하시기 바랍니다
1400,1,"자신에게 주어졌던 일 중 가장 해결하기 어려웠던 경험은 무엇입니까? 또한 그 난관을 극복하기 위해 어떠한 노력을 하였고, 그 결과는 어떠했는지 구체적으로 작성해 주십시오.",자신 주어졌던 가장 해결하기 어려웠던 경험 무엇입니까 또한 난관 극복하기 어떠한 노력 하였고 결과 어떠했는지 구체적 작성해
1401,1,자신의 삶에서 가장 어려웠던 일을 극복한 경험을 서술해주세요.,자신 가장 어려웠던 극복한 경험 서술해
1402,1,"고교시절 가장 잘한 것은 무엇이었으며, 스스로 어떠한 노력을 하였는지 기술하십시오. (300자)",고교시절 가장 잘한 무엇이었으며 스스 어떠한 노력 하였는지 기술하 300자
1403,1,"지금까지 살아오면서 가장 어렵고 힘들었던 일은 무엇이었으며, 그 일을 극복하기 위하여 어떠한 노력을 기울였는지 기술하십시오. (300자)",지금 살아오면서 가장 어렵고 힘들었던 무엇이었으며 극복하기 어떠한 노력 기울였는지 기술하 300자
1404,1,"지금까지 살아오면서 달성했던 가장 큰 목표는 무엇입니까? 그 목표를 어떤 이유로 정하였으며, 어떤 과정을 거쳐 달성 하였는지 구체적으로 기술하여 주십시오. (1000자 이내)",지금 살아오면서 달성했던 가장 목표 무엇입니까 목표 어떤 이유 정하였으며 어떤 과정 거쳐 달성 하였는지 구체적 기술
1405,1,"지금까지 살아오면서 겪은 가장 큰 환경의 변화는 무엇입니까? 당시 심정은 어떠했으며, 어떤 방식으로 환경의 변화에 대처하였는지, 구체적으로 기술하여 주십시오. (1000자 이내)",지금 살아오면서 가장 환경 변화 무엇입니까 당시 심정 어떠했으며 어떤 방식 환경 변화 대처하였는지 구체적 기술
1406,1,"지금까지 나의 인생에서 가장 큰 열정을 가지고 추진하여, 성취하거나 실패한 경험을 기술해주세요. (1000자 이내)",지금 인생 가장 열정 가지고 추진 성취하거 실패한 경험 기술해
1407,1,자신의 인생에 가장 영향을 끼친 사건 3가지를 든다면? (각 80자),자신 인생 가장 영향 끼친 사건 3가지 든다면
1408,1,지금의 나를 있게 한 가장 중요한 사건에 대해 구체적으로 기술해주세요. (1000자 이내),지금 있게 가장 중요한 사건 대해 구체적 기술해
1409,1,학업이외에 가장 기억에 남는 교/내외 활동에 대해 구체적으로 기술해주세요. (1000자 이내),학업이외 가장 기억 교내외 활동 대해 구체적 기술해
1410,1,"대학생활 중 가장 뛰어난 성과를 거두었던 경험이 무엇이었으며, 그 과정에서 어떠한 노력을 하였고 무엇을 배웠는지 작성해주세요. (1000자 이내)",대학생활 가장 뛰어난 성과 거두었던 경험 무엇이었으며 과정 어떠한 노력 하였고 무엇 배웠는지 작성해
1411,1,"귀하가 경험했던 가장 어려웠던 일이 무엇이었으며, 그것을 극복하기 위하여 어떤 노력을 하였고 결과가 어떠하였는지 작성해주세요. (1000자 이내)",귀하 경험했던 가장 어려웠던 무엇이었으며 그것 극복하기 어떤 노력 하였고 결과 어떠하였는지 작성해
1412,1,가장 관심 많았던 전공분야는 무엇이고 이와 관련한 활동이나 성취한 결과에 대해 설명해주십시오.,가장 관심 많았던 전공분야 무엇 관련한 활동 성취한 결과 대해 설명해주
1413,1,타인과의 관계에 있어서 가장 크게 후회되었던 상황과 이를 극복하기 위해 노력한 점을 설명해 주십시오.,타인과 관계 있어서 가장 크게 후회되었던 상황 극복하기 노력한 설명해
1414,1,학업 외 가장 열정적이고 도전적으로 몰입하여 성과를 창출했거나 목표를 달성한 경험을 기술하시오* (1000자 이내),학업 가장 열정적 도전적 몰입 성과 창출했거 목표 달성한 경험 기술하
1415,1,"본인의 인생에서 가장 큰 성공은 무엇이며, 그것을 이루기 위해 어떠한 노력을 하였습니까?",본인 인생 가장 성공 무엇 그것 이루기 어떠한 노력 하였습니까
1416,1,"인생의 가장 중요한 가치는 무엇이며, 이유에 대해 기술하여 주세요. (1000자 이내)",인생 가장 중요한 가치 무엇 이유 대해 기술
1417,1,나를 가장 잘 표현할 수 있는 한 문장과 그 이유,가장 표현할 문장 이유
1418,1,"본인이 가장 소중하게 생각하는 것을 적고, 그 이유를 기술하여 주십시오. (예 : 인물/물건/경험 등)",본인 가장 소중하게 생각 적고 이유 기술
1419,1,현대자동차그룹의 5대 핵심가치 중에서 귀하가 가장 인상 깊게 경헙한 사례 한가지를 소개바랍니다.-5대 핵심가치,현대자동차그룹 5대 핵심가치 귀하 가장 인상 깊게 경헙한 사례 한가지 소개바랍니다5대 핵심가치
1420,1,자신이 수강한 전공과목 중 가장 자신 있는 전공 3가지에 대해 이유와 학점 명시,자신 수강한 전공과목 가장 자신 전공 3가지 대해 이유 학점 명시
1421,1,"성장과정:(2000자) 현재의 자신에게 가장 큰 영향을 끼친 인물과 이유 본인의 인생에서 가장 기억에 남는 경험 2개와 그 이유. 이 과정에서 본인이 취한 행동과 생각, 결과, 느끼고 배운 점",성장과정 현재 자신 가장 영향 끼친 인물 이유 본인 인생 가장 기억 경험 2개 이유 과정 본인 취한 행동 생각 느끼고 배운
1422,1,"살면서 가장 강하게 소속감을 느낀 조직은 어디며, 그 조직의 발전을 위해 헌신적으로 노력한 경험:(700자) 노력한 사항에서 본인의 역할, 그 과정에서 했던 행동과 생각, 결과",살면서 가장 강하게 소속감 느낀 조직 어디며 조직 발전 헌신적 노력한 경험700자 노력한 사항 본인 역할 과정 했던 행동 생각
1423,1,"자신에게 주어졌던 일 중 가장 어려웠던 경험:(1300자) 2개 이상의 경험 그 일을 하게 된 이유와 그때 느꼈던 감정, 진행하며 어려웠던 점과 그것을 극복하기 위해 했던 행동과 생각, 결과",자신 주어졌던 가장 어려웠던 경험 2개 이상 경험 하게 이유 그때 느꼈던 감정 진행 어려웠던 그것 극복하기 했던 행동 생각
1424,1,KCC 인재상 중 자신에게 가장 부합하는 항목을 선택하여 개인의 경험과 함께 구체적으로 기술 (1000자 이내),KCC 인재상 자신 가장 부합 항목 선택 개인 경험 구체적 기술
1425,1,"자신을 가장 잘 표현하는 단어 7개를 나열하고, 자신을 소개해 주세요. (1000자 이내)",자신 가장 표현 단어 7개 나열 자신 소개해
1426,1,"한컴이 꿈꾸는 미래...당신이 꿈꾸는 미래...함께 할 수 있다면, 당신이 가장 중요하게 생각하는 가치의 기준은 무엇인지 구체적으로 서술해 주세요.",한컴 꿈꾸 미래당신 꿈꾸 미래함 있다면 당신 가장 중요하게 생각 가치 기준 무엇인지 구체적 서술해
1427,1,"현재 귀하의 가장 부족한 역량은 무엇이며, 이를 보완하기 위해 어떠한 노력을 하고 있는지 기술하여 주십시오",현재 귀하 가장 부족한 역량 무엇 보완하기 어떠한 노력 있는지 기술
1428,1,[필수] 자신있는 개발언어 2가지와 해당 언어로 작성했던 가장 성공적이었던 프로그램을 설명해 보세요.,필수 자신 개발언어 2가지 해당 언어 작성했던 가장 성공적이었던 프로그램 설명해
1429,1,과거 타인과의 인간관계에서 가장 힘들었던 갈등상황과 이를 슬기롭게 극복할 수 있었던 본인의 전략 및 노하우,과거 타인과 인간관계 가장 힘들었던 갈등상황 슬기롭게 극복할 있었던 본인 전략 노하우
1430,1,"애경그룹 유통 부문 AK PLAZZA, AK MALL을 가장 잘 설명할 수 있는 이미지와 그 이유(1000자이내)",애경그룹 유통 부문 AK PLAZZA AK MALL 가장 설명할 이미지 이유
1431,1,회사생활에 있어 가장 중요하다고 생각하는 원칙과 그 이유 (1000자 이내),회사생활 있어 가장 중요하다고 생각 원칙 이유
1432,1,"삼양그룹의 가치 중 자신과 가장 부합하다고 생각하는 가치를 선택하고, 이와 관련된 본인의 경험과 그것을 통해 이룬 것에 대해 기재해주십시오. (1000자 이내)",삼양그룹 가치 자신 가장 부합하다고 생각 가치 선택 관련된 본인 경험 그것 이룬 대해 기재해주
1433,1,자신의 가장 자랑스러운 성공 경험과 그것을 이루려 했던 노력을 기술하여 주십시오.,자신 가장 자랑스러운 성공 경험 그것 이루려 했던 노력 기술
1434,1,지금까지 성장 과정에서 가장 열정적으로 임한 활동과 그렇게 생각한 이유를 기술해 주십시오.,지금 성장 과정 가장 열정적 임한 활동 그렇게 생각한 이유 기술해
1435,1,"고교시절 가장 잘한 것은 무엇이었으며, 스스로 어떠한 노력을 하였는지 기술하십시오.",고교시절 가장 잘한 무엇이었으며 스스 어떠한 노력 하였는지 기술하
1436,1,"지금까지 살아오면서 가장 어렵고 힘들었던 일은 무엇이었으며, 그 일을 극복하기 위하여 어떠한 노력을 기울였는지 기술하십시오.",지금 살아오면서 가장 어렵고 힘들었던 무엇이었으며 극복하기 어떠한 노력 기울였는지 기술하
1437,1,"전체 전공학점의 평점을 작성하고, 가장 인상 깊었던 전공 수업은 무엇이며, 그 이유는 무엇인지 기술하세요.",전체 전공학점 평점 작성 가장 인상 깊었던 전공 수업 무엇 이유 무엇인지 기술하
1438,1,"자신에게 주어졌던 일 중 가장 해결하기 어려웠던 경험은 무엇이며, 그 난관을 극복하기 위해 어떠한 노력을 하였는지 기술하세요.",자신 주어졌던 가장 해결하기 어려웠던 경험 무엇 난관 극복하기 어떠한 노력 하였는지 기술하
1439,1,본인이 가장 관심을 가지고 있는 ICT기술은 무엇인지 작성하여 주십시오.,본인 가장 관심 가지고 ICT기술 무엇인지 작성
1440,1,인생에서 가장 도전적인 경험 / 이를 통해 느낀 점,인생 가장 도전적인 경험 느낀
1441,1,"당신의 전공 분야와 융합했을 때, 가장 높은 시너지를 낼 수 있는 분야를 선택하고, 그 이유와 예상되는 시너지 효과에 대해 기술하시오. (1000자 이내)",당신 전공 분야 융합했 가장 시너지 분야 선택 이유 예상되 시너지 효과 대해 기술하
1442,1,"고교시절 가장 잘한 것은 무엇이었으며, 스스로 어떠한 노력을 하였는지 기술하십시오. [300]",고교시절 가장 잘한 무엇이었으며 스스 어떠한 노력 하였는지 기술하 300
1443,1,"지금까지 살아오면서 가장 어렵고 힘들었던 일은 무엇이었으며, 그 일을 극복하기 위하여 어떠한 노력을 기울였는지 기술하십시오. [300]",지금 살아오면서 가장 어렵고 힘들었던 무엇이었으며 극복하기 어떠한 노력 기울였는지 기술하 300
1444,1,"전공학습이나 소위 스펙쌓기와 무관한 일 중, 가장 흥미 있게 한 활동은 무엇이었는지와, 그 이유를 구체적으로 서술하세요. (1000자 이내)",전공학습 소위 스펙쌓기 가장 흥미 있게 활동 무엇이었는지 이유 구체적 서술하
1445,1,지금까지 살아오면서 자신이 이루어낸 가장 큰 변화,지금 살아오면서 자신 이루어낸 가장 변화
1446,1,"전공학습이나 소위 스펙쌓기와 무관한 일 중, 가장 흥미있게 한 활동은 무엇이었는지와, 그 이유를 구체적으로 서술하세요(1000자이내)",전공학습 소위 스펙쌓기 가장 흥미있게 활동 무엇이었는지 이유 구체적 서술하
1447,1,살아오면서 힘든 일을 겪게 될 때 힘이 되는 말이나 경험 등을 이유와 함께 기술하시오. (1000자이내),살아오면서 힘든 겪게 경험 이유 기술하
1448,1,"본인이 가장 어려웠다고 생각하는 시기와 상황을 ‘간략히’ 설명하고, 이를 극복하기 위해 ‘노력’한 과정을 설명해 주십시오. (1000자 이내)",본인 가장 어려웠다고 생각 시기 상황 간략히 설명 극복하기 노력한 과정 설명해
1449,1,그 동안 본인의 삶에 있어서 가장 기억에 남는 일들을 가급적 상세하게 적어주세요,동안 본인 있어서 가장 기억 일들 가급적 상세하게 적어
1450,1,* 자신의 성격 중 가장 자랑하고 싶은 점과 바꾸고 싶은 점들을 그 이유와 함께 적어주세요,자신 성격 가장 자랑 바꾸고 점들 이유 적어
1451,1,"자신이 수강한 전공과목 중 가장 자신 있는 전공 3가지에 대해, 각각의 이유와 학점을 명시해 주세요",자신 수강한 전공과목 가장 자신 전공 3가지 대해 각각 이유 학점 명시해
1452,1,귀하를 가장 잘 표현할 수 있는 상징 단어와 그 이유는 무엇입니까?,귀하 가장 표현할 상징 단어 이유 무엇입니까
1453,1,현대자동차그룹의 5대 핵심가치 중에서 귀하가 가장 인상 깊게 경험한 사례 한가지를 소개바랍니다. -5대 핵심가치,현대자동차그룹 5대 핵심가치 귀하 가장 인상 깊게 경험한 사례 한가지 소개바랍니다 5대 핵심가치
1454,1,"본인이 스스로 세웠던 목표 중 가장 기억에 남는 목표가 무엇이며, 목표달성을 위해 했던 생각과 행동, 결과 및 아쉬웠던 부분에 대해 최대한 구체적으로 기술하여 주세요.",본인 스스 세웠던 목표 가장 기억 목표 무엇 목표달성 했던 생각 행동 아쉬웠던 부분 대해 구체적 기술
1455,1,"자신에게 가장 큰 영향을 끼친 사건, 인물 등을 포함한 본인의 성장과정",자신 가장 영향 끼친 사건 인물 포함한 본인 성장과정
1456,1,"자신에게 요구된 것보다 더 높은 목표를 스스로 세워 시도했던 경험 중 가장 기억에 남는 것은 무엇입니까? 목표 달성 과정에서 아쉬웠던 점이나 그 때 느꼈던 자신의 한계는 무엇이고, 이를 극복하기 위해 했던 행동과 생각, 결과에 대해 최대한 구체적으로 작성해 주십시오. (1000자이내)",자신 요구된 목표 스스 세워 시도했던 경험 가장 기억 무엇입니까 목표 달성 과정 아쉬웠던 느꼈던 자신 한계 무엇 극복하기 했던 행동 생각 결과 대해 구체적 작성해
1457,1,Application for Novelis Internship,Application for Novelis Internship
1458,1,"본인의 성장과정을 간략히 기술하되 현재의 자신에게 가장 큰 영향을 끼친 사전, 인물 등을 포함하여 기술하시기 바랍니다.",본인 성장과정 간략히 기술하되 현재 자신 가장 영향 끼친 사전 인물 포함 기술하시기 바랍니다
1459,1,"본인의 성장과정을 기술하되, 현재의 자신에게 가장 큰 영향을 끼친 사건, 인물 등을 포함하여 기술",본인 성장과정 기술하되 현재 자신 가장 영향 끼친 사건 인물 포함 기술
1460,1,"지금까지 살아오면서 가장 어렵고 힘들었던 일은 무엇이었으며, 그 일을 극복하기 위하여 어떠한 노력을 기울였는지 기술하십시오. 347",지금 살아오면서 가장 어렵고 힘들었던 무엇이었으며 극복하기 어떠한 노력 기울였는지 기술하 347
1461,1,본인이 가장 성취감을 느꼈던 경험에 대해 기술,본인 가장 성취감 느꼈던 경험 대해 기술
1462,1,"[ Value Essay ] IBM 3 Value 중 본인과 가장 부합하는 가치를 선택하고, 이와 관련된 본인의 경험이나 의견을 구체적으로 기술해 주십시오.",Value Essay IBM Value 본인 가장 부합 가치 선택 관련된 본인 경험 의견 구체적 기술해
1463,1,"자신이 가장 우선으로 삼는 가치, 그 가치를 어떻게 지켜왔는지 경험을 바탕으로 '나'를 정의",자신 가장 우선 가치 가치 어떻게 지켜왔는지 경험 바탕
1464,1,본인이 이룬 가장 큰 성취경험과 실패경험에 대하여(1000자이내),본인 이룬 가장 성취경험 실패경험
1465,1,"IBM 3 Value 중 본인과 가장 부합하는 가치를 선택하고, 이와 관련된 본인의 경험이나 의견을 구체적으로 기술해 주십시오.",IBM Value 본인 가장 부합 가치 선택 관련된 본인 경험 의견 구체적 기술해
1466,1,"현재까지 가장 이루고 싶었던 일은 무엇이고, 그 이유, 달성하기 위해 구체적으로 했던일, 결과 및 느낀점을 설명해 주세요.",현재 가장 이루고 싶었던 무엇 이유 달성하기 구체적 했던일 느낀점 설명해
1467,1,가장 큰 성취감을 느꼈던 사건에 대해서 소개해주세요. 그 일을 시작하게 된 동기와 과정 중에 발생한 문제 등에 대해서 작성 (1000자이내),가장 성취감 느꼈던 사건 소개해 시작하게 동기 과정 발생한 문제 작성
1468,1,단체활동에서 가장 큰 성취감을 느꼈던 사례와 본인의 기여도를 설명하십시오.,단체활동 가장 성취감 느꼈던 사례 본인 기여도 설명하
1469,1,"본인의 삶 중 본인의 성장에 가장 중요한 계기가 된 경험을 구체적인 근거를 통해 기술하고, 이를 바탕으로 지속적인 성장 및 유지를 위해 노력하였던 경험을 구체적으로 기재해 주십시오.(1000자)",본인 본인 성장 가장 중요한 계기 경험 구체적인 근거 기술 바탕 지속적인 성장 유지 노력하였던 경험 구체적 기재해
1470,1,"본인의 삶중 본인의 성장에 가장 중요한 계기가 된 경험을 구체적인 근거를 통해 기술하고, 이를 바탕으로 지속적인 성장 및 유지를 위해 노력하였던 경험을 구체적으로 기재해 주십시오",본인 삶중 본인 성장 가장 중요한 계기 경험 구체적인 근거 기술 바탕 지속적인 성장 유지 노력하였던 경험 구체적 기재해
1471,1,사회활동 : 학업이외에 관심과 열정을 가지고 했던 다양한 경험 중 가장 기억에 남는 것을 구체적으로 적으시오,사회활동 학업이외 관심 열정 가지고 했던 다양한 경험 가장 기억 구체적 적으
1472,1,"지금까지 나의 인생에서 가장 큰 열정을 가지고 추진하여, 성취하거나 실패한 경험을 기술해주세요.",지금 인생 가장 열정 가지고 추진 성취하거 실패한 경험 기술해
1473,1,"지금까지 본인이 한 일 중에서 가장 창조적이고 혁신적인 것은 무엇이며, 이를 통해 어떤 변화가 있었는지 설명해 주십시오.(각종 공모전 제외) [650자]",지금 본인 가장 창조적 혁신적인 무엇 어떤 변화 있었는지 설명해 650자
1474,1,"삶에 대한 본인의 가치관을 가장 잘 표현할 수 있는 단어는 무엇이며, 그 가치관이 형성된 계기(사례)를 구체적으로 설명해 주십시오. [650자]",본인 가치관 가장 표현할 단어 무엇 가치관 형성된 계기사례 구체적 설명해 650자
1475,1,인생에 가장 큰 영향을 준 사람(또는 책 등)과 그 이유를 서술해주세요.,인생 가장 영향 사람 이유 서술해
1476,1,살아오면서 가장 열정을 갖고 도전한(또는 도전하고 싶은) 관심분야에 대해 서술해주세요.,살아오면서 가장 열정 갖고 도전한 관심분야 대해 서술해
1477,1,"본인이 지금까지 가장 강하게 소속감을 느꼈던 조직은 무엇이었으며, 그 조직의 발전을 위해 헌신적으로 노력했던 것 중 가장 기억에 남는 경험은 무엇입니까? (1000자이내)",본인 지금 가장 강하게 소속감 느꼈던 조직 무엇이었으며 조직 발전 헌신적 노력했던 가장 기억 경험 무엇입니까
1478,1,본인의 성장과정에서 가장 큰 성공과 실패의 경험 및 그러한 경험을 통해 깨닫게 된 점 혹은 변화하게 된 점에 대하여 구체적으로 기술하시오. [ 200자 이상 400자 이내 ],본인 성장과정 가장 성공 실패 경험 그러한 경험 깨닫게 변화하게 구체적 기술하
1479,1,"신용보증기금은 보증 신청기업에 대하여 현장조사를 필수적으로 실시합니다. 본인이 입사 후 창업기업의 보증지원을 위해 현장조사를 나갔을 때, 가장 중요하게 평가할 항목 3가지를 선택하고 그 이유를 구체적으로 기술하시오. [ 400자 이상 800자 이내 ]",신용보증기금 보증 신청기업 현장조사 필수적 실시 본인 입사 창업기업 보증지원 현장조사 나갔 가장 중요하게 평가할 항목 3가지 선택 이유 구체적 기술하
1480,1,"한컴이 꿈꾸는 미래... 당신이 꿈꾸는 미래... 함께 할 수 있다면, 당신이 가장 중요하게 생각하는 가치의 기준은 무엇인지 구체적으로 서술해 주세요.",한컴 꿈꾸 미래 당신 꿈꾸 미래 있다면 당신 가장 중요하게 생각 가치 기준 무엇인지 구체적 서술해
1481,1,"본인의 성장과정을 간략히 기술하되 현재의 사진에게 가장 큰 영향을 끼친 사건, 인물 등을 포함하여 기술하시기 바랍니다.(1500자)",본인 성장과정 간략히 기술하되 현재 사진 가장 영향 끼친 사건 인물 포함 기술하시기 바랍니다
1482,1,가장 힘들었던 순간과 이를 극복한 과정에 대해 기술하여 주십시오. (600자 이내),가장 힘들었던 순간 극복한 과정 대해 기술
1483,1,"전공학습이나 소위 스펙쌓기와 무관한 일 중, 가장 흥미있게 한 활동은 무엇이었는지와, 그 이유를 구체적으로 서술하세요 (600자)",전공학습 소위 스펙쌓기 가장 흥미있게 활동 무엇이었는지 이유 구체적 서술하 600자
1484,1,"[필수문항] 가장 관심있게 수강했던(읽어봤던) 전공과목 또는 전공서적을 선택하고, 그 이유를 설명해 주세요.",필수문항 가장 관심있게 수강했던읽어봤던 전공과목 전공서적 선택 이유 설명해
1485,1,"열정을 가지고 몰입했던 경험, 창의적인 아이디어를 가지고 목표를 이루어낸 경험, 가장 힘들었던 경험과 그것을 통해 깨달은 점 중 한가지를 선택하여 구체적으로 기술해 주십시오.",열정 가지고 몰입했던 경험 창의적인 아이디어 가지고 목표 이루어낸 경험 가장 힘들었던 경험 그것 깨달 한가지 선택 구체적 기술해
1486,1,본인의 경력사항 및 가장 경쟁력 있는 업무분야를 기재하시오,본인 경력사항 가장 경쟁력 업무분야 기재하
1487,1,자신에게 주어졌던 일 중 가장 도전적이었던 일과 극복방안에 대해 기재하시오,자신 주어졌던 가장 도전적이었던 극복방안 대해 기재하
1488,1,"본인의 성장과정을 간략히 기술하되 현재의 자신에게 가장 큰 영향을 끼친 사건, 인물 등을 포함하여 기술하시기 바랍니다. (*작품 속 가상인물도 가능) (1500자)",본인 성장과정 간략히 기술하되 현재 자신 가장 영향 끼친 사건 인물 포함 기술하시기 바랍니다
1489,1,과거 타인과의 인간관계에서 가장 힘들었던 갈등상황과 이를 슬기롭게 극복할 수 있었던 본인의 전략 및 노하우에 대해 기술하시오. (600자 이내),과거 타인과 인간관계 가장 힘들었던 갈등상황 슬기롭게 극복할 있었던 본인 전략 노하우 대해 기술하
1490,1,사회활동 : 본인이 했던 경험중에서 가장 성취감을 느꼈던 경우에 대해서 자신의 역할 및 성과를 중심으로 구체적으로 기술해주세요.,사회활동 본인 했던 경험중 가장 성취감 느꼈던 경우 자신 역할 성과 중심 구체적 기술해
1491,1,지원회사 관심도 : 롯데마트를 가장 잘 설명할 수 있는 이미지와 그 이유에 대해 기술해주세요.,지원회사 관심 롯데마트 가장 설명할 이미지 이유 대해 기술해
1492,1,학업 외 가장 열정적이고 도전적으로 몰입하여 성과를 창출했거나 목표를 달성한 경험을 기술하시오. [1000자],학업 가장 열정적 도전적 몰입 성과 창출했거 목표 달성한 경험 기술하 1000자
1493,1,가장 큰 성취감을 느꼈던 사건에 대해서 소개해주세요. 그 일을 시작하게 된 동기와 과정 중에 발생한 문제 등에 대해서 작성해 주세요.[500-1200자],가장 성취감 느꼈던 사건 소개해 시작하게 동기 과정 발생한 문제 작성해 주세요5001200자
1494,1,지원자에게 가장 잘 맞는 적성은 무엇이며 그렇게 생각하는 이유는,지원자 가장 적성 무엇 그렇게 생각 이유
1495,1,"이제까지 가장 강하게 소속감을 느꼈던 조직은 무엇이었으며, 그 조직의 발전을 위해 헌신 적으로 노력했던 것 중 가장 기억에 남는 경험은 무엇입니까? 개인적으로 더 많은 노력을 기울였던 일과 그 때 했던 행동과 생각, 결과에 대해 최대한 구체적으로 작성해 주십시오.",이제 가장 강하게 소속감 느꼈던 조직 무엇이었으며 조직 발전 헌신 노력했던 가장 기억 경험 무엇입니까 개인적 노력 기울였던 했던 행동 생각 결과 대해 구체적 작성해
1496,1,"다음 단어 중 본인을 가장 잘 표현하는 한 단어를 선택하고, 그 이유에 대하여 경험위주로 구체적으로 기술해 주십시오. [ 정직, 성실, 협력, 창의, 전문성, 도전, 열정 ]",다음 단어 본인 가장 표현 단어 선택 이유 경험위주 구체적 기술해 정직 성실 협력 전문성 도전 열정
1497,1,"본인의 삶 중 본인의 성장에 가장 중요한 계기가 된 경험을 구체적인 근거를 통해 기술하고, 이를 바탕으로 지속적인 성장 및 유지를 위해 노력하였던 경험을 구체적으로 기재해 주십시오. * [0자 이상 1000자 이내]",본인 본인 성장 가장 중요한 계기 경험 구체적인 근거 기술 바탕 지속적인 성장 유지 노력하였던 경험 구체적 기재해
1498,1,"자신이 어떠한 일에 가장 크게 몰입해서 `재미있고 즐겁게`했던 경험에 대해 기술하세요. -몰입하게 된 이유, 그 과정에서 얻은 점과 잃은 점",자신 어떠한 가장 크게 몰입 재미 즐겁게했던 경험 대해 기술하 몰입하게 이유 과정
1499,1,"회사 선택시 가장 중요하게 생각하는 기준은 무엇이며, 당사가 그 기준에 부합하는지 기술하십시오(1000자)",회사 선택시 가장 중요하게 생각 기준 무엇 당사 기준 부합하는지 기술하
1500,1,[성실한 조직인] 과거 타인과의 인간관계에서 가장 힘들었던 갈등상황과 이를 슬기롭게 극복할 수 있었던 본인의 전략 및 노하우에 대해 기술하시오.,성실한 조직인 과거 타인과 인간관계 가장 힘들었던 갈등상황 슬기롭게 극복할 있었던 본인 전략 노하우 대해 기술하
1501,1,"본인의 삶중 본인의 성장에 가장 중요한 계기가 된 경험을 구체적인 근거를 통해 기술하고, 이를 바탕으로 지속적인 성장 및 유지를 위해 노력하였던 경험을 구체적으로 기재해 주십시오. * [0자 이상 1000자 이내]",본인 삶중 본인 성장 가장 중요한 계기 경험 구체적인 근거 기술 바탕 지속적인 성장 유지 노력하였던 경험 구체적 기재해
1502,1,"지금까지 겪은 가장 의미 있는 경험을 들고, 그 이유와 그 일이 본인에게 미친 긍정적 영향에 관하여 기술하여 주십시오.",지금 가장 의미 경험 들고 이유 본인 미친 긍정적 영향 기술
1503,1,"재단 인재상 중 자신이 가장 부합 한다고 생각하는 것 하나를 선택하고, 그 이유를 구체적인 경험을 들어 기술하여 주십시오.",재단 인재상 자신 가장 부합 한다고 생각 하나 선택 이유 구체적인 경험 들어 기술
1504,1,과거 타인과의 인간관계에서 가장 힘들었던 갈등상황과 이를 슬기롭게 극복할 수 있었던 본인의 전략 및 노하우 [500자],과거 타인과 인간관계 가장 힘들었던 갈등상황 슬기롭게 극복할 있었던 본인 전략 노하우 500자
1505,1,"자신에게 주어졌던 일 중, 가장 어려웠던 경험은 무엇이었습니까? 그 일을 하게 된 이유와 그때 느꼈던 감정, 진행하면서 가장 어려웠던 점과 그것을 극복하기 위해 했던 행동과 생각, 결과에 대해 구체적으로 작성.(1000자/10단락)",자신 주어졌던 가장 어려웠던 경험 무엇이었습니까 하게 이유 그때 느꼈던 감정 진행하면서 가장 어려웠던 그것 극복하기 했던 행동 생각 결과 대해 구체적 작성
1506,1,"이제까지 가장 강하게 소속감을 느꼈던 조직은 무엇이었으며, 그 조직의 발전을 위해 헌신적으로 노력했던 것 중 가장 기억에 남는 경험은 무엇입니까? 개인적으로 더 많은 노력을 기울였던 일과 그 때 했던 행동과 생각, 결과에 대해 최대한 구체적으로 작성.(1000자/10단락)",이제 가장 강하게 소속감 느꼈던 조직 무엇이었으며 조직 발전 헌신적 노력했던 가장 기억 경험 무엇입니까 개인적 노력 기울였던 했던 행동 생각 결과 대해 구체적 작성
1507,1,"자신에게 요구된 것보다 더 높은 목표를 스스로 세워 시도했던 경험 중 가장 기억에 남는 것은 무엇입니까? 목표 달성 과정에서 아쉬웠던 점이나 그 때 느꼈던 자신의 한계는 무엇이고, 이를 극복하기 위해 했던 행동과 생각, 결과에 대해 최대한 구체적으로 작성.(1000자/10단락)",자신 요구된 목표 스스 세워 시도했던 경험 가장 기억 무엇입니까 목표 달성 과정 아쉬웠던 느꼈던 자신 한계 무엇 극복하기 했던 행동 생각 결과 대해 구체적 작성
1508,1,"본인이 살아오면서 가장 강렬히 성취하고 싶었던 일은 무엇입니까? 그 일을 꼭 성취하고 싶었던 이유, 이를 달성하기 위해 구체적으로 했던 일, 그리고 그 결과와 느꼈던 점을 포함하여 상세히 기술하십시오.",본인 살아오면서 가장 강렬히 성취 싶었던 무엇입니까 성취 싶었던 이유 달성하기 구체적 했던 그리고 결과 느꼈던 포함 상세히 기술하
1509,1,본인이 이룬 가장 큰 성취경험과 실패경험에 대하여(100~500자),본인 이룬 가장 성취경험 실패경험
1510,1,지원분야에 대한 지원자 본인의 직무전문성을 가장 잘 보여주는 사례를 구체적으로 기술해 주시길 바랍니다.,지원분야 지원자 본인 직무전문성 가장 보여주 사례 구체적 기술해 주시길 바랍니다
1511,1,귀하가 살아오면서 가장 도전적이고 열정적으로 임했던 일과 그 일을 통해서 이룬 것에 대해 서술해 주십시오. [600자],귀하 살아오면서 가장 도전적 열정적 임했던 이룬 대해 서술해 600자
1512,1,당사의 핵심가치 중 본인의 가치와 가장 부합하는 것을 하나 선택하고 그에 대한 경험 또는 사연을 기술하시오. [ 500자 이내 ],당사 핵심가치 본인 가치 가장 부합 선택 경험 사연 기술하
1513,1,"자신이 속한 단체의 발전을 위해 노력했던 경험, 조직생활에 가장 필요한 덕목",자신 속한 단체 발전 노력했던 경험 조직생활 가장 필요한 덕목
1514,1,쌍용건설 인재상 중 자신에게 가장 부합하는 항목 한 가지 개인 경험 토대로 서술,쌍용건설 인재상 자신 가장 부합 항목 가지 개인 경험 토대 서술
1515,1,"지원하신 직무분야의 업무수행을 위해 가장 필요한 자격요건(기질, 역량 등)을 3가지 제시하고 입사 후 5년 이내에 해당분야에서 꼭 성취해보고 싶은 것이 무엇인지 구체적으로 제시해주시기 바랍니다.",지원하신 직무분야 업무수행 가장 필요한 자격요건 3가지 제시 입사 5년 이내 해당분야 성취해보고 무엇인지 구체적 제시해주시기 바랍니다
1516,1,"과거 같은 집단에 속한 인원과 있었던 가장 심한 갈등은 무엇이었고, 이를 어떻게 해결하였는지 서술해 주십시오",과거 집단 속한 인원 있었던 가장 심한 갈등 무엇이었고 어떻게 해결하였는지 서술해
1517,1,자신이 이룬 가장 큰 성취 [200byte 이상 1200byte 이내],자신 이룬 가장 성취 200byte 이상 1200byte 이내
1518,1,지금까지 이룬 업적 중에서 본인이 가장 보람을 느꼈던 일은 무엇이었습니까? [고시 또는 자격증 취득을 위한 준비 제외] 어떤 상황이었는지 구체적으로 예를 들어 설명해 주십시오. (500 byte 이내),지금 이룬 업적 본인 가장 보람 느꼈던 무엇이었습니까 고시 자격증 취득 준비 제외 어떤 상황이었는지 구체적 들어 설명해
1519,1,살아오면서 가장 인상 깊었거나 본인에게 큰 영향을 끼친 경험을 3가지를 적어주십시오.(성공경험/실패경험/단체경험),살아오면서 가장 인상 깊었거 본인 영향 끼친 경험 3가지 적어주
1520,1,"자신에게 주어졌던 일중 가장 해결하기 어려웠던 경험은 무엇입니까? 또한 그 난관을 극복하기위해 어떠한 노력을 하였고, 그 결과는 어떠했는지 구체적으로 작성해 주십시오.",자신 주어졌던 일중 가장 해결하기 어려웠던 경험 무엇입니까 또한 난관 극복하기 어떠한 노력 하였고 결과 어떠했는지 구체적 작성해
1521,1,"지금까지 살아오면서 자신이 기술을 적용하여 서비스, 업무과정 또는 생산성을 향상시켰던 경험을 서술해 주십시오.",지금 살아오면서 자신 기술 적용 서비스 업무과정 생산성 향상시켰던 경험 서술해
1522,1,최근 5년동안 본인이 성취한 일 중에서 가장 자랑할 만한 것은 무엇입니까? 그것을 성취하기 위하여 어떤 일을 하였습니까?,최근 5년동안 본인 성취한 가장 자랑할 만한 무엇입니까 그것 성취하기 어떤 하였습니까
1523,1,본인이 이룬 가장 큰 성취경험과 실패경험을 기술하시오.,본인 이룬 가장 성취경험 실패경험 기술하
1524,1,"인생에서 가장 힘들었던 순간 또는 사건은 무엇이었으며, 이를 어떻게 극복했는지 구체적으로 기술하여 주십시오. [ 200자 이상 600자 이내 ]",인생 가장 힘들었던 순간 사건 무엇이었으며 어떻게 극복했는지 구체적 기술
1525,1,"지금까지 가장 열정을 가지고 수행했던 일은 무엇이며, 그 일을 통해 배운 것이 무엇인지 기술하여 주십시오. [ 200자 이상 600자 이내 ]",지금 가장 열정 가지고 수행했던 무엇 배운 무엇인지 기술
1526,1,"본인이 이뤄냈던 가장 뛰어난 성과에 대해, 그 일을 시작한 계기와 노력과정 및 구체적인 성과를 기술해 주십시오 (400자)",본인 이뤄냈던 가장 뛰어난 성과 대해 시작한 계기 노력과정 구체적인 성과 기술해 400자
1527,1,"지금까지 살아오면서 도전했던 경험 중 가장 큰 도전을 구체적으로 설명하고 도전 결과 성공했다면 성공의 이유, 실패했다면 얻은 교훈을 설명하시오.[500자]",지금 살아오면서 도전했던 경험 가장 도전 구체적 설명 도전 성공했다면 성공 이유 실패했다면 교훈 설명하시오500자
1528,1,지금의 나를 있게한 가장 중요한 사건에 대해 구체적으로 기술해주세요.(800자 16줄 이내),지금 있게한 가장 중요한 사건 대해 구체적 기술해
1529,1,학업이외에 가장 기억에 남는 교/내외 활동에 대해 구체적으로 기술해주세요.(800자 16줄 이내),학업이외 가장 기억 교내외 활동 대해 구체적 기술해
1530,1,직업을 선택할 때 가장 중요하게 생각하는 가치를 기술해 주세요. [300자],직업 선택할 가장 중요하게 생각 가치 기술해 300자
1531,1,나를 가장 잘 표현할 수 있는 한 문장과 그 이유는?,가장 표현할 문장 이유
1532,1,학창시절 가장 즐거웠던 기억에 대해 구체적으로 서술해 주십시오.,학창시절 가장 즐거웠던 기억 대해 구체적 서술해
1533,1,사회활동 : 학업 이외에 관심과 열정을 가지고했던 다양한 경험 중 가장 기억에 남는 것을 구체적으로 기술해주세요.,사회활동 학업 이외 관심 열정 가지고했던 다양한 경험 가장 기억 구체적 기술해
1534,1,귀하에게 행복의 조건과 하루 중 가장 의미 있는 시간을 약술하십시오.,귀하 행복 조건 하루 가장 의미 시간 약술하
1535,1,본인이 경험했던 일 중 가장 열정을 쏟아서 성과를 냈던 사례와 그 원인에 대해서 5W1H에 맞춰 구체적으로 기술하시오.,본인 경험했던 가장 열정 쏟아서 성과 냈던 사례 원인 5W1H 맞춰 구체적 기술하
1536,1,인생에서 가장 중요하다고 생각하는 것,인생 가장 중요하다고 생각
1537,1,2015년 개봉작 중 가장 좋아하는 영화 3편은?,2015년 개봉작 가장 좋아 영화 3편
1538,1,"자신에게 주어졌던 일 중 가장 어려웠던 경험과 극복하기 위한 노력, 배운점",자신 주어졌던 가장 어려웠던 경험 극복하기 노력 배운점
1539,1,본인의 가장 기뻤던 성공경험 또는 가장 쓰라렸던 실패경험을 기재해주시기 바랍니다. (1000자),본인 가장 기뻤던 성공경험 가장 쓰라렸던 실패경험 기재해주시기 바랍니다
1540,1,당사가 지닌 가장 탁월한 경쟁력은 무엇이라고 생각하십니까?[500자],당사 지닌 가장 탁월한 경쟁력 무엇이라고 생각하십니까500자
1541,1,나를 가장 잘 표현할 수 있는 한 문장과 그 이유는? [300 자],가장 표현할 문장 이유 300
1542,1,학창시절 가장 즐거웠던 기억에 대해 구체적으로 서술해 주십시오. [1000 자],학창시절 가장 즐거웠던 기억 대해 구체적 서술해 1000
1543,1,"지금까지 살아오면서 자신이 기술을 적용하여 서비스, 업무과정 또는 생산성을 향상시켰던 경험을 서술해 주십시오",지금 살아오면서 자신 기술 적용 서비스 업무과정 생산성 향상시켰던 경험 서술해
1544,1,"지금까지 가장 성공했던 경험을 기술하고, 그중 가장 큰 성공에 대해서 기술하시오. 그 경험에서 배운 것은 무엇인지 기술하시오.",지금 가장 성공했던 경험 기술 그중 가장 성공 기술하 경험 배운 무엇인지 기술하
1545,1,현재까지 관계 속에서 가장 힘들었던 경험을 구체적으로 기술하시오. 어떻게 해결했는지 구체적으로 기술하시오.,현재 관계 가장 힘들었던 경험 구체적 기술하 어떻게 해결했는지 구체적 기술하
1546,1,사회활동 : 학업이외에 관심과 열정을 가지고 했던 다양한 경험 중 가장 기억에 남는 것을 구체적으로 기술해주세요.[800자],사회활동 학업이외 관심 열정 가지고 했던 다양한 경험 가장 기억 구체적 기술해주세요800자
1547,1,본인이 그동안 이룬 가장 큰 성취경험과 실패경험에 대해서 기술해 주십시오. (500자이내),본인 그동안 이룬 가장 성취경험 실패경험 기술해
1548,1,"현재 귀하의 가장 부족한 역량은 무엇이며, 이를 보완하기 위해 어떠한 노력을 하고 있는지 기술하여 주십시오.(300자)",현재 귀하 가장 부족한 역량 무엇 보완하기 어떠한 노력 있는지 기술 주십시오300자
1549,1,"데상트코리아의 Core Value(DECA)중, 본인의 경험을 통해 가장 공감하는 항목을 1가지 선택하고 그 이유 및 사례를 기술하십시오. * [100자 이상 400자 이내]",데상트코리아 Core ValueDECA중 본인 경험 가장 공감 항목 1가지 선택 이유 사례 기술하
1550,1,나와 가장 격한 갈등을 겪었던 사람은 누구이며 그 이유와 나의 대처방법,가장 격한 갈등 겪었던 사람 누구 이유 대처방법
1551,1,가치관 및 인생관에 영향을 끼친 경험,가치관 인생관 영향 끼친 경험
1552,1,본인의 인생에서 가장 기뻤던 일과 슬펐던 일을 1가지씩 선택하여 기쁨 및 슬픔을 느낀 이유를 구체적 상황설명과 함께 상세히 기술해주십시오. (1000자 미만),본인 인생 가장 기뻤던 슬펐던 1가지씩 선택 기쁨 슬픔 느낀 이유 구체적 상황설명 상세히 기술해주
1553,1,"지금까지 준비해온 스펙 중 본인이 선정한 우선순위 3가지를 나열하고, 그 경험이 삶에 어떠한 영향을 미쳤는지 기술해주십시오. (1000자 미만)",지금 준비해온 스펙 본인 선정한 우선순위 3가지 나열 경험 어떠한 영향 미쳤는지 기술해주
1554,1,"본인의 성장과정을 간략히 기술하되 현재의 자신에게 가장 큰 영향을 끼친 사건, 인물 등을 포함하여 기술하시기 바랍니다.(작품속 가상인물도 가능) (1500자 이내)",본인 성장과정 간략히 기술하되 현재 자신 가장 영향 끼친 사건 인물 포함 기술하시기 바랍니다
1555,1,"본인이 인생에서 가장 힘들거나 어려웠을때를 기술하고, 이를 어떻게 극복 서술",본인 인생 가장 힘들거 어려웠을때 기술 어떻게 극복 서술
1556,1,자신이 속한 조직이나 모임에서 가장 크게 기여했던 경험에 대해서 작성해주십시오. (600자 이내),자신 속한 조직 모임 가장 크게 기여했던 경험 작성해주
1557,1,자신의 인생에서 가장 어려웠던 점과 어떻게 극복하였는가를 서술하시오.,자신 인생 가장 어려웠던 어떻게 극복하였는가 서술하
1558,1,"본인의 10년 후, 자신이 가장 성취하고 싶은 것과 어떤 인생을 살고 싶은지 서술해주십시오.",본인 10년 자신 가장 성취 어떤 인생 살고 싶은지 서술해주
1559,1,2 학업 이외에 관심과 열정을 가지고 했던 다양한 경험 중 기억에 나는 것을 기술해 주세요,학업 이외 관심 열정 가지고 했던 다양한 경험 기억 기술해
1560,1,본인이 도전했던 여러 경험 중 가장 힘들었던 경험을 작성하고 이를 통해 배운 점은 무엇이었는지 작성해주시기 바랍니다. (500자),본인 도전했던 여러 경험 가장 힘들었던 경험 작성 배운 무엇이었는지 작성해주시기 바랍니다 500자
1561,1,본인이 가장 중요하게 생각하는 행동원칙은 무엇입니까? 그 행동원칙을 가지게 된 계기와 가장 지키기 어려웠던 상황에 대해서 설명해 주십시오,본인 가장 중요하게 생각 행동원칙 무엇입니까 행동원칙 가지게 계기 가장 지키기 어려웠던 상황 설명해
1562,1,"지금까지 본인이 받은 부탁 중에 가장 거절하기 어려웠던 부탁이 무엇이었는지, 본인의 어떤 가치관 또는 윤리의식과 달라서 거절하였는지, 그 결과는 어떠했는지 이야기해 주세요.",지금 본인 부탁 가장 거절하기 어려웠던 부탁 무엇이었는지 본인 어떤 가치관 윤리의식 달라서 거절하였는지 결과 어떠했는지 이야기해
1563,1,"본인의 인생관이나 인생의 신조는 무엇이며, 그것에 영향을 주었던 사건이나 인물은 무엇(누구)입니까?",본인 인생관 인생 신조 무엇 그것 영향 주었던 사건 인물 무엇누구입니까
1564,1,자신이 가장 소중하게 생각하는 사진을 첨부하고 이유를 설명하여 주십시오.,자신 가장 소중하게 생각 사진 첨부 이유 설명
1565,1,본인이 이룬 가장 큰 성취경험과 실패경험에 대하여 (500자),본인 이룬 가장 성취경험 실패경험 500자
1566,1,대학시절 동아리활동 등 사회경험 속에서 가장 큰 성취감을 느꼈던 사례와 자신이 노력한 부분을 설명하십시오.,대학시절 동아리활동 사회경험 가장 성취감 느꼈던 사례 자신 노력한 부분 설명하
1567,1,지금까지 살아오면서 스스로 생각하기에 가장 큰 성공 및 실패 사례를 소개해 주세요. [700자 이내],지금 살아오면서 스스 생각하기 가장 성공 실패 사례 소개해
1568,1,본인이 도전했던 여러 경험 중 가장 힘들었던 경험을 작성하고 이를 통해 배운 점은 무엇이었는지 작성해주시기 바랍니다. (500 자 이내),본인 도전했던 여러 경험 가장 힘들었던 경험 작성 배운 무엇이었는지 작성해주시기 바랍니다
1569,1,살아오면서 성취한 것 중 가장 자랑스러운 것과 이유,살아오면서 성취한 가장 자랑스러운 이유
1570,1,가장 어려웠던 경험 및 이를 극복한 사례,가장 어려웠던 경험 극복한 사례
1571,1,자신의 경험 중 가장 힘들었던 일은 무엇이며 그 일을 극복하기 위해 어떤 노력을 다하였는지 서술하여 주십시오. (500자),자신 경험 가장 힘들었던 무엇 극복하기 어떤 노력 다하였는지 서술 500자
1572,1,"본인이 가장 우선적으로 생각하는 삶의 요소 중 2가지를 선정하고 그 이유를 설명하세요. [총 500자 이내 분량, 1000Byte]",본인 가장 우선적 생각 요소 2가지 선정 이유 설명하 분량 1000Byte
1573,1,본인이 지금까지 살아오면서 가장 열정을 발휘한 경험과 이루었던 무엇이 있다면 구체적으로 작성해 주십시오.,본인 지금 살아오면서 가장 열정 발휘한 경험 이루었던 무엇 있다면 구체적 작성해
1574,1,일동제약의 인재상 중 자신과 가장 부합하는 것을 선택하고 그 이유를 관련 경험에 근거하여 기술해 보세요. (600자),일동제약 인재상 자신 가장 부합 선택 이유 경험 근거 기술해 600자
1575,1,"최근 3년동안 본인에게 가장 어려웠던 도전은 무엇이고, 도전의 성공 또는 실패의 원인을 구체적으로 서술해주시기 바랍니다.",최근 3년동안 본인 가장 어려웠던 도전 무엇 도전 성공 실패 원인 구체적 서술해주시기 바랍니다
1576,1,지금까지 살아오면서 이것만은 반드시 지켜야 한다고 생각해 온 본인의 신념이나 가치관은 무엇입니까?,지금 살아오면서 이것만 반드시 지켜야 한다고 생각해 본인 신념 가치관 무엇입니까
1577,1,"본인이 이룬 가장 큰 성취경험과 실패경험 (인생에서, 느끼고 배운점) (500자)",본인 이룬 가장 성취경험 실패경험 500자
1578,1,살아오면서 가장 신뢰했던 사람은 가족을 제외하면 누구입니까?,살아오면서 가장 신뢰했던 사람 가족 제외 누구입니까
1579,1,성장과정에 가장 큰 영향을 끼친 것은 무엇이며 어떤 영향을 끼쳤는지 기술하시오. (1000자),성장과정 가장 영향 끼친 무엇 어떤 영향 끼쳤는지 기술하
1580,1,"보기 중 본인이 가장 중요하게 생각하는 항목을 우선순위로 나열하고, 최우선항목에 대해 선택이유를 사례를 들어 설명하시오. (1000자)",보기 본인 가장 중요하게 생각 항목 우선순위 나열 최우선항목 대해 선택이유 사례 들어 설명하
1581,1,"전공학습이나 소위 스펙 쌓기와 무관한 일 중, 가장 흥미 있게 한 활동은 무엇이었는지 와, 그 이유를 구체적으로 서술하세요. (600자)",전공학습 소위 스펙 쌓기 가장 흥미 있게 활동 무엇이었는지 이유 구체적 서술하 600자
1582,1,사회경험 : 학업 이외에 관심과 열정을 가지고 했던 다양한 경험 중 가장 기억에 남는 것을 구체적으로 기술 (800자),사회경험 학업 이외 관심 열정 가지고 했던 다양한 경험 가장 기억 구체적 기술 800자
1583,1,"지원하신 직무분야의 업무수행을 위해 가장 필요한 자격요건(기질, 역량 등)을 3가지 제시하고 입사 후 5년 이내에 해당분야에서 꼭 성취해보고 싶은 것이 무엇인지 구체적으로 제시해주시기 바랍니다. (1000 자 10 단락 이내)",지원하신 직무분야 업무수행 가장 필요한 자격요건 3가지 제시 입사 5년 이내 해당분야 성취해보고 무엇인지 구체적 제시해주시기 바랍니다
1584,1,"가족이 아닌 타인으로부터 가장 크게 영향을 받은 경험과, 그 경험으로 본인이 어떻게 변화되었는지 설명해 주십시오.",가족 아닌 타인으로 가장 크게 영향 경험 경험 본인 어떻게 변화되었는지 설명해
1585,1,"데상트코리아의 core value중, 본인의 경험을 통해 가장 공감하는 항목을 1가지 선택하고 그 이유 및 사례를 기술하십시오.",데상트코리아 core value중 본인 경험 가장 공감 항목 1가지 선택 이유 사례 기술하
1586,1,"웨어러블 기기 시장이 빠르게 팽창하고 있는 가운데 시장 우위를 선점하기 위한 경쟁이 치열합니다. 웨어러블 기기內 헬스케어 기능의 미래 모습을 제시하고, 가장 중요하다고 판단되는 고객층을 선정하여 이를 홍보하기 위한 효과적인 마케팅 전략을 함께 기술하시기 바랍니다. (1500자)",웨어러블 기기 시장 빠르게 팽창 가운데 시장 우위 선점하기 경쟁 치열 웨어러블 기기 헬스케어 기능 미래 모습 제시 가장 중요하다고 판단되 고객층 선정 홍보하기 효과적인 마케팅 전략 기술하시기 바랍니다
1587,1,"본인이 이뤄냈던 가장 뛰어난 성과에 대해, 그 일을 시작한 계기와 노력과정 및 구체적인 성과를 기술해 주십시오. (400자)",본인 이뤄냈던 가장 뛰어난 성과 대해 시작한 계기 노력과정 구체적인 성과 기술해 400자
1588,1,"본인의 성장과정을 간략히 기술하되 현재의 자신에게 가장 큰 영향을 끼친 사건, 인물 등을 포함하여 기술하시기 바랍니다.(작품속 가상인물도 가능 1500자)",본인 성장과정 간략히 기술하되 현재 자신 가장 영향 끼친 사건 인물 포함 기술하시기 바랍니다
1589,1,가장 큰 성취성험과 실패경험,가장 성취성험 실패경험
1590,1,"지금까지 본인의 경험 중 가장 기억에 남는 성공 사례와 실폐 사례는 각각 무엇입니까?(각 한가지씩, 1600바이트)",지금 본인 경험 가장 기억 성공 사례 실폐 사례 각각 무엇입니까
1591,1,회사생활에 있어 가장 중요하다고 생각하는 원칙과 그 이유(500자 이내),회사생활 있어 가장 중요하다고 생각 원칙 이유
1592,1,가장 자신 있는 분야(자신의 강점),가장 자신 분야
1593,1,"자신에게 주어졌던 일 중, 가장 어려웠던 경험은 무엇이었습니까? 그 일을 하게 된 이유와 그때 느꼈던 감정, 진행하면서 가장 어려웠던 점과 그것을 극복하기 위해 했던 행동과 생각, 결과에 대해 구체적으로 작성. (1000자/10단락)",자신 주어졌던 가장 어려웠던 경험 무엇이었습니까 하게 이유 그때 느꼈던 감정 진행하면서 가장 어려웠던 그것 극복하기 했던 행동 생각 결과 대해 구체적 작성
1594,1,"이제까지 가장 강하게 소속감을 느꼈던 조직은 무엇이었으며, 그 조직의 발전을 위해 헌신적으로 노력했던 것 중 가장 기억에 남는 경험은 무엇입니까? 개인적으로 더 많은 노력을 기울였던 일과 그 때 했던 행동과 생각, 결과에 대해 최대한 구체적으로 작성. (1000자/10단락)",이제 가장 강하게 소속감 느꼈던 조직 무엇이었으며 조직 발전 헌신적 노력했던 가장 기억 경험 무엇입니까 개인적 노력 기울였던 했던 행동 생각 결과 대해 구체적 작성
1595,1,"자신에게 요구된 것보다 더 높은 목표를 스스로 세워 시도했던 경험 중 가장 기억에 남는 것은 무엇입니까? 목표 달성 과정에서 아쉬웠던 점이나 그 때 느꼈던 자신의 한계는 무엇이고, 이를 극복하기 위해 했던 행동과 생각, 결과에 대해 최대한 구체적으로 작성. (1000자/10단락)",자신 요구된 목표 스스 세워 시도했던 경험 가장 기억 무엇입니까 목표 달성 과정 아쉬웠던 느꼈던 자신 한계 무엇 극복하기 했던 행동 생각 결과 대해 구체적 작성
1596,1,"여러분이 경험한 교내,외 활동에서 IT와 관련된 가장 의미있는 사례를 구체적으로 기술해 주세요. ① 가장 의미있다고 생각한 이유, ② 해당 사례에서 노력한 과정과 결과 ③ 해당 경험이 입사 후 기여할 수 있는 점은 무엇인지에 대하여 작성해 주세요.(2000자)",여러분 경험한 교내외 활동 IT 관련된 가장 의미 사례 구체적 기술해 가장 의미있다고 생각한 이유 해당 사례 노력한 과정 해당 경험 입사 기여할 무엇인지 작성해
1597,1,"사회활동 : 학업 이외에 관심과 열정을 가지고 했던 다양한 경험 중 가장 기억에 남는 것을 구체적으로 기술해주세요. (글자수 800, 16줄 이내)",사회활동 학업 이외 관심 열정 가지고 했던 다양한 경험 가장 기억 구체적 기술해
1598,1,"대학생활과 졸업 이후 가장 어려웠던 경험은 무엇인가요? ① 어려움이 발생한 이유, ② 이를 극복하기 위한 노력(행동, 생각 등)과 그 결과, 느낀 점을 모두 포함하여 구체적으로 작성해 주세요.(1000자)",대학생활 졸업 이후 가장 어려웠던 경험 무엇인가요 어려움 발생한 이유 극복하기 노력 느낀 모두 포함 구체적 작성해
1599,1,KCC 인재상 중 자신에게 가장 부합하는 항목 선택하여 개인의 경험과 함께 구체적 기술,KCC 인재상 자신 가장 부합 항목 선택 개인 경험 구체적 기술
1600,1,지금까지 본인의 경험 중 가장 기억에 남는 성공 사례와 실패 사례는 각각 무엇입니까?,지금 본인 경험 가장 기억 성공 사례 실패 사례 각각 무엇입니까
1601,1,"본인이 살아오면서 가장 어려웠던 경험은 무엇이고, 그 경험이 자신의 삶에 어떤 영향을 미쳤는지 작성해 주십시오.",본인 살아오면서 가장 어려웠던 경험 무엇 경험 자신 어떤 영향 미쳤는지 작성해
1602,1,"인생에서 가장 지키고 싶은, 가장 소중한 가치에 대해 자신만의 특별한 경험과 연관지어 기술해주시기 바랍니다.(삶의 가치관에 관한 질문입니다.) (100자~500자)",인생 가장 지키고 가장 소중한 가치 대해 자신만 특별한 경험 연관지어 기술해주시기 바랍니다
1603,1,"여러분의 대학생활 중, 가장 뛰어난 성과를 이뤄냈던 경험을 구체적으로 적어주세요.",여러분 대학생활 가장 뛰어난 성과 이뤄냈던 경험 구체적 적어
1604,1,"드라마나 영화 캐릭터 혹은 유명인사 중 자신을 가장 잘 표현한 인물은 누구이며, 어떠한 점이 본인을 잘 표현하였다고 생각하였는지 구체적으로 서술해주세요.",드라마 영화 캐릭터 유명인사 자신 가장 표현한 인물 누구 어떠한 본인 표현하였다고 생각하였는지 구체적 서술해
1605,1,회사 선택의 가장 중요한 기준과 그 기준에 비추어 볼 때 에스엘에 지원하는 이유를 서술하세요,회사 선택 가장 중요한 기준 기준 비추어 에스엘 지원 이유 서술하
1606,1,본인이 생각하는 겸손의 정의와 이를 가장 잘 드러내는 본인만의 사례에 대해 서술하세요,본인 생각 겸손 정의 가장 드러내 본인만 사례 대해 서술하
1607,1,가장 힘들었던 경험과 이를 극복하기 위해 노력했던 일을 서술하세요,가장 힘들었던 경험 극복하기 노력했던 서술하
1608,1,본인이 이룬 가장 큰 성취와 실패,본인 이룬 가장 성취 실패
1609,1,"자신에게 주어졌던 일 중 가장 어려웠던 경험은 무엇이었습니까? 그 일을 하게 된 이유와 그때 느꼈던 감정, 진행하면서 가장 어려웠던 점과 그것을 극복하기 위해 했던 행동과 생각, 결과에 대해 최대한 구체적으로 작성해 주십시오. (1,000자 이내)",자신 주어졌던 가장 어려웠던 경험 무엇이었습니까 하게 이유 그때 느꼈던 감정 진행하면서 가장 어려웠던 그것 극복하기 했던 행동 생각 결과 대해 구체적 작성해
1610,1,"이제까지 가장 강하게 소속감을 느꼈던 조직은 무엇이었으며, 그 조직의 발전을 위해 헌신적으로 노력했던 것 중 가장 기억에 남는 경험은 무엇입니까? 개인적으로 더 많은 노력을 기울였던 일과 그 때 했던 행동과 생각, 결과에 대해 최대한 구체적으로 작성해 주십시오. (1,000자 이내)",이제 가장 강하게 소속감 느꼈던 조직 무엇이었으며 조직 발전 헌신적 노력했던 가장 기억 경험 무엇입니까 개인적 노력 기울였던 했던 행동 생각 결과 대해 구체적 작성해
1611,1,"자신에게 요구된 것보다 더 높은 목표를 스스로 세워 시도했던 경험 중 가장 기억에 남는 것은 무엇입니까? 목표 달성 과정에서 아쉬웠던 점이나 그 때 느꼈던 자신의 한계는 무엇이고, 이를 극복하기 위해 했던 행동과 생각, 결과에 대해 최대한 구체적으로 작성해 주십시오. (1,000자 이내)",자신 요구된 목표 스스 세워 시도했던 경험 가장 기억 무엇입니까 목표 달성 과정 아쉬웠던 느꼈던 자신 한계 무엇 극복하기 했던 행동 생각 결과 대해 구체적 작성해
1612,1,본인의 가장 큰 단점을 쓰고 단점을 극복하기 위해 기울인 노력과 성과를 기술하시오.,본인 가장 단점 쓰고 단점 극복하기 기울인 노력 성과 기술하
1613,1,"인생에서 가장 지키고 싶은, 가장 소중한 가치에 대해 자신만의 특별한 경험과 연관지어 기술해주시기 바랍니다.",인생 가장 지키고 가장 소중한 가치 대해 자신만 특별한 경험 연관지어 기술해주시기 바랍니다
1614,1,"대학시절(아르바이트, 동아리활동 등 포함) 가장 큰 성취감을 느꼈던 사례와 본인이 노력한 부분을 설명하십시오 (400자)",대학시절 가장 성취감 느꼈던 사례 본인 노력한 부분 설명하 400자
1615,1,본인의 가장 기뻤던 성공경험 또는 가장 쓰라렸던 실패경험을 기재해주시기 바랍니다.,본인 가장 기뻤던 성공경험 가장 쓰라렸던 실패경험 기재해주시기 바랍니다
1616,1,살아오는 동안 직면한 가장 힘들었던 상황 및 극복경험,살아오 동안 직면한 가장 힘들었던 상황 극복경험
1617,1,"대립되는 입장이나 관점을 조정하기 위해 가장 중요한 것이 무엇이라고 생각하며, 이를 위한 본인의 행동 사례나 경험을 기술하시오.(1500byte)",대립되 입장 관점 조정하기 가장 중요한 무엇이라고 생각 본인 행동 사례 경험 기술하
1618,1,학업 이외에 관심과 열정을 가지고 했던 다양한 경험 중 기억에 남는 것을 구체적으로 기술해주세요. (800자 이내),학업 이외 관심 열정 가지고 했던 다양한 경험 기억 구체적 기술해
1619,1,"데상트코리아의 Core Value(DECA)중, 본인의 경험을 통해 가장 공감하는 항목을 1가지 선택하고 그 이유 및 사례를 기술하십시오.",데상트코리아 Core ValueDECA중 본인 경험 가장 공감 항목 1가지 선택 이유 사례 기술하
1620,1,"여러분의 대학생활 중 가장 뛰어난 성과를 이뤄냈던 경험을 구체적으로 적어주세요. ① 그 일을 시작한 계기, ② 노력한 과정과 결과, ③ 최고라고 생각하는 이유를 반드시 포함하여 작성해 주세요. (1000자)",여러분 대학생활 가장 뛰어난 성과 이뤄냈던 경험 구체적 적어 시작한 계기 노력한 과정 최고라고 생각 이유 반드시 포함 작성해
1621,1,"자신의 경험 중 가장 도전적인 일과 성공/실패 여부, 그리고 그 경험을 통해 배운 점",자신 경험 가장 도전적인 성공실패 여부 그리고 경험 배운
1622,1,"자신에게 주어졌던 일 중 가장 어려웠던 경험은 무엇이었습니까? 그 일을 하게 된 이유와 그때 느꼈던 감정, 진행하면서 가장 어려웠던 점과 그것을 극복하기 위해 했던 행동과 생각, 결과에 대해 최대한 구체적으로 작성해 주십시오. (700 자 10 단락 이내)",자신 주어졌던 가장 어려웠던 경험 무엇이었습니까 하게 이유 그때 느꼈던 감정 진행하면서 가장 어려웠던 그것 극복하기 했던 행동 생각 결과 대해 구체적 작성해
1623,1,"이제까지 가장 강하게 소속감을 느꼈던 조직은 무엇이었으며, 그 조직의 발전을 위해 헌신적으로 노력했던 것 중 가장 기억에 남는 경험은 무엇입니까? 개인적으로 더 많은 노력을 기울였던 일과 그 때 했던 행동과 생각, 결과에 대해 최대한 구체적으로 작성해 주십시오. (700 자 10 단락 이내)",이제 가장 강하게 소속감 느꼈던 조직 무엇이었으며 조직 발전 헌신적 노력했던 가장 기억 경험 무엇입니까 개인적 노력 기울였던 했던 행동 생각 결과 대해 구체적 작성해
1624,1,"자신이 해본 게임 중, 가장 기억에 남는 게임을 선택하여 그 게임의 좋았던 점과 아쉬웠던 점을 작성해주세요",자신 해본 게임 가장 기억 게임 선택 게임 좋았던 아쉬웠던 작성해
1625,1,현대자동차그룹의 5대 핵심가치 중에서 귀하가 가장 인상 깊게 경험한 사례 한 가지를 소개바랍니다. (글로벌 지향),현대자동차그룹 5대 핵심가치 귀하 가장 인상 깊게 경험한 사례 가지 소개바랍니다
1626,1,"본인이 이룬 가장 큰 성취경험과 실패경험에 대하여 (500) - 본인의 인생에서 가장 큰 성취의 경험과 실패의 결험을 적고, 그 경험을 통하여 본인이 느끼고 배운점에 대하여 자유롭게 기술",본인 이룬 가장 성취경험 실패경험 500 본인 인생 가장 성취 경험 실패 결험 적고 경험 본인 느끼고 배운점 자유롭게 기술
1627,1,"본인이 이룬 가장 큰 성취경험과 실패경험에 대하여. 본인의 인생에서 가장 큰 성취의 경험과 실패의 경험을 적고, 그 경험을 통하여 본인이 느끼고 배운 점에 대하여 자유롭게 기술해 주시기 바랍니다. 핵심 위주로 근거에 기반 하여 간략하게 기술 (500)",본인 이룬 가장 성취경험 실패경험 본인 인생 가장 성취 경험 실패 경험 적고 경험 본인 느끼고 배운 자유롭게 기술해 주시기 바랍니다 핵심 위주 근거 간략하게 기술 500
1628,1,"본인의 성장과정을 간략히 기술하되 현재의 자신에게 가장 큰 영향을 끼친 사건, 인물 등을 포함하여 기술하시기 바랍니다. (1500자 이내)",본인 성장과정 간략히 기술하되 현재 자신 가장 영향 끼친 사건 인물 포함 기술하시기 바랍니다
1629,1,본인의 인생에 가장 큰 영향을 미쳤던 일,본인 인생 가장 영향 미쳤던
1630,1,"여러분의 대학생활 중, 가장 뛰어난 성과를 이뤄냈던 경험을 구체적으로 적어주세요. ① 그 일을 시작한 계기, ② 노력한 과정과 결과, ③ 최고라고 생각하는 이유를 반드시 포함하여 작성해 주세요. (1000자)",여러분 대학생활 가장 뛰어난 성과 이뤄냈던 경험 구체적 적어 시작한 계기 노력한 과정 최고라고 생각 이유 반드시 포함 작성해
1631,1,"자신이 성취한 일들 중 가장 보람을 느꼈던 일은 무엇이며, 이를 성취하기 위해 어떠한 노력을 하였습니까? 구체적인 사례를 들어 기술하여 주십시오.",자신 성취한 일들 가장 보람 느꼈던 무엇 성취하기 어떠한 노력 하였습니까 구체적인 사례 들어 기술
1632,1,자신의 가장 부족한 점은 무엇입니까? 부족한 점을 극복하기 위해 어떠한 노력을 기울이고 있습니까?,자신 가장 부족한 무엇입니까 부족한 극복하기 어떠한 노력 기울 있습니까
1633,1,인생에서 목표를 세워서 가장 열정적으로 도전한 일이 무엇입니까? 이를 달성하기 위해 본인이 노력한 점과 성취결과를 통해 얻은 교훈은 무엇입니까?,인생 목표 세워서 가장 열정적 도전한 무엇입니까 달성하기 본인 노력한 성취결과 교훈 무엇입니까
1634,1,앞으로 본인이 가장 열정적으로 도전하고 싶은 분야가 있다면 무엇입니까?,본인 가장 열정적 도전 분야 있다면 무엇입니까
1635,1,"고교시절 가장 잘한 것은 뭐?, 스스로 어떠한 노력을 하였는지 기술하십시오. (300자)",고교시절 가장 잘한 스스 어떠한 노력 하였는지 기술하 300자
1636,1,"인천국제공항공사의 인재상 3가지 중 자신에게 가장 잘 어울리는 것을 선택하여, 그와 관련된 본인의 경험과 함께 구체적으로 기술하세요. [100자 이상 600자 이내]",인천국제공항공사 인재상 3가지 자신 가장 어울리 선택 관련된 본인 경험 구체적 기술하
1637,1,"지금껏 살아오면서 가장 열심히 했다고 자부하는 활동(학업, 운동, 취미, 일 등)들에 대해서 기술하고 이런한 경험이 향후 본인의 업무에 어떤 도움이 될지 기술하세요. [100자 이상 600자 이내]",지금껏 살아오면서 가장 열심히 했다고 자부 활동 기술 이런한 경험 향후 본인 업무 어떤 도움 될지 기술하
1638,1,본인이 이룬 가장 큰 성취경험 및 실패경험에 대해 작성해 주십시오.,본인 이룬 가장 성취경험 실패경험 대해 작성해
1639,1,"대학시절 가장 열정을 갖고 참석한 수업 5가지를 나열하고, 그 중 입사 후 가장 도움이 될 것 같은 수업 한가지를 골라 이유를 적어주십시오. (500자)",대학시절 가장 열정 갖고 참석한 수업 5가지 나열 입사 가장 도움 수업 한가지 골라 이유 적어주 500자
1640,1,귀하가 지금까지 살아오면서 실패를 통해 배웠던 사례와 이때 배웠던 것은 무엇이며 이를 통해 얻은 교훈은 무엇인지 기술하여 주십시오. (500자),귀하 지금 살아오면서 실패 배웠던 사례 이때 배웠던 무엇 교훈 무엇인지 기술 500자
1641,1,최근 가장 관심을 가진 사회적 이슈는 무엇이며 해당 이슈에 대한 본인의 의견을 기술하시오 (600자 이내),최근 가장 관심 가진 사회적 이슈 무엇 해당 이슈 본인 의견 기술하
1642,1,본인을 가장 잘 표현할 수 있는 세가지 단어와 그 이유를 기술하시오 (600자 이내),본인 가장 표현할 세가지 단어 이유 기술하
1643,1,가장 성취감을 느꼈던 일은 무엇이었습니까? 그 일은 시작하게 된 동기와 달성하기 위해 어떤 노력을 기울였는지 작성해 주십시오.,가장 성취감 느꼈던 무엇이었습니까 시작하게 동기 달성하기 어떤 노력 기울였는지 작성해
1644,1,인생에서 가장 도전적이었던 경험과 그를 통해 배운 점에 대해 구체적으로 말씀해 주십시오.,인생 가장 도전적이었던 경험 배운 대해 구체적 말씀해
1645,1,"스펙쌓기(학교, 학점, 어학 등)을 제외하고, 살면서 가장 열정을 가지고 수행했던 일이 무엇이며, 그 일을 통해서 배운 것이 무엇인지 기술하시오 * [1200자 이내]",스펙쌓기 제외 살면서 가장 열정 가지고 수행했던 무엇 배운 무엇인지 기술하
1646,1,"본인이 세웠던 가장 도전적인 목표와 그것을 성취하기 위해 어떠한 노력을 했는지 기술해 주시기 바랍니다. - 일을 추진하게 된 계기, 가장 어려웠던 점과 극복하기 위해 본인이 했던 행동, 당시 느꼈던 감정이나 생각, 결과와 아쉬운 점 포함 (1500자 이내)",본인 세웠던 가장 도전적인 목표 그것 성취하기 어떠한 노력 했는지 기술해 주시기 바랍니다 추진하게 계기 가장 어려웠던 극복하기 본인 했던 행동 당시 느꼈던 감정 생각 결과 아쉬운 포함
1647,1,"웨어러블 기기 시장이 빠르게 팽창하고 있는 가운데 시장 우위를 선점하기 위한 경쟁이 치열합니다. 웨어러블 기기內 헬스케어 기능의 미래 모습을 제시하고, 가장 중요하다고 판단되는 고객층을 선정하여, 이를 홍보하기 위한 효과적인 마케팅 전략을 함께 기술하시기 바랍니다. (1500자 이내)",웨어러블 기기 시장 빠르게 팽창 가운데 시장 우위 선점하기 경쟁 치열 웨어러블 기기 헬스케어 기능 미래 모습 제시 가장 중요하다고 판단되 고객층 선정 홍보하기 효과적인 마케팅 전략 기술하시기 바랍니다
1648,1,본인이 경험했던 일중 가장 열정을 쏟아서 성과를 냈던 사례와 그 원인에 대해 5W1H에 맞춰 구체적으로 기술하세요,본인 경험했던 일중 가장 열정 쏟아서 성과 냈던 사례 원인 대해 5W1H 맞춰 구체적 기술하
1649,1,지금까지 본인의 경험 중 가장 기억에 남는 성공 사례와 실패 사례는 각각 무엇입니까? (각 1가지씩 선정),지금 본인 경험 가장 기억 성공 사례 실패 사례 각각 무엇입니까
1650,1,인생에서 가장 열정을 쏟았던 경험에 대해 쓰고 그 경험을 통해 성취한 바를 서술하시오.,인생 가장 열정 쏟았던 경험 대해 쓰고 경험 성취한 서술하
1651,1,전공이나 스펙쌓기와 무관한 일 중 가장 흥미있게 한 활동은 무엇이었는지와 그 이유를 구체적으로 서술하세요. (600),전공 스펙쌓기 가장 흥미있게 활동 무엇이었는지 이유 구체적 서술하 600
1652,1,자신의 경험 중 가장 힘들었던 일은 무엇이며 그 일을 극복하기 위해 어떤 노력을 다하였는지 서술하여 주십시오.(500자),자신 경험 가장 힘들었던 무엇 극복하기 어떤 노력 다하였는지 서술 주십시오500자
1653,1,자신이 생각하는 사회생활의 가장 바람직한 모습,자신 생각 사회생활 가장 바람직한 모습
1654,1,"지금까지 살아오면서 도전했던 경험 중 가장 큰 도전을 구체적으로 설명하고 도전 결과 성공했다면 성공의 이유, 실패했다면 얻은 교훈을 설명하시오.",지금 살아오면서 도전했던 경험 가장 도전 구체적 설명 도전 성공했다면 성공 이유 실패했다면 교훈 설명하
1655,1,지금까지 살아오면서 자신이 이룬 꿈 또는 남들에게 자랑할 만한 성취경험,지금 살아오면서 자신 이룬 남들 자랑할 만한 성취경험
1656,1,옷을 구매할 때 자신에게 가장 중요한 3가지 요소와 쇼핑 습관,구매할 자신 가장 중요한 3가지 요소 쇼핑 습관
1657,1,"자신의 경험 중 가장 힘들었던 일은 무엇이며, 그 일을 극복하기 위해 어떤 노력을 다하였는지 서술하여 주십시오",자신 경험 가장 힘들었던 무엇 극복하기 어떤 노력 다하였는지 서술
1658,1,"자신의 경험 중 가장 힘들었던 일은 무엇이며, 그 일을 극복하기 위해 어떤 노력을 다하였는지 서술하여 주십시오 [ 400자 이내 ]",자신 경험 가장 힘들었던 무엇 극복하기 어떤 노력 다하였는지 서술
1659,1,"인생에서 가장 노력을 기울여 도전했던 경험을 기술하고 그것이 성공했다면 성공한 이유, 실패했다면 실패한 이유를 말씀해 주십시오. 또 그 경험이 본인의 삶, 가치관에 미친 영향을 기술하여 주십시오. (500자)",인생 가장 노력 기울여 도전했던 경험 기술 그것 성공했다면 성공한 이유 실패했다면 실패한 이유 말씀해 경험 본인 가치관 미친 영향 기술 500자
1660,1,본인이 보유하고 있는 가장 소중한 것에 대해 기술하고 그 이유를 말씀해 주십시오. (500자),본인 보유 가장 소중한 대해 기술 이유 말씀해 500자
1661,1,"자신이 어떠한 일에 가장 크게 몰입해서 재미있고 즐겁게 했던 경험을 기술해 주세요(학업관련(학점향상, 장학금 수령 등) 및 군복무 경험 제외)",자신 어떠한 가장 크게 몰입 재미 즐겁게 했던 경험 기술해 군복무 경험 제외
1662,1,공동목표 달성을 위해 팀을 이루어 일했던 경험 중 본인에게 가장 의미 있었던 경험을 기술해 주세요,공동목표 달성 이루어 일했던 경험 본인 가장 의미 있었던 경험 기술해
1663,1,자신의 특기/장점을 가장 잘 표현 할 수 있는 활동 및 경험을 기술해 주세요,자신 특기장점 가장 표현 활동 경험 기술해
1664,1,"본인이 세웠던 가장 도전적인 목표(무대공포, 긴장 극복!!)와 그것을 성취하기 위해 어떠한 노력을 했는지 기술해 주시기 바랍니다. - 일을 추진하게 된 계기, 가장 어려웠던 점과 극복하기 위해 본인이 했던 행동, 당시 느꼈던 감정이나 생각, 결과와 아쉬운 점 포함",본인 세웠던 가장 도전적인 목표 그것 성취하기 어떠한 노력 했는지 기술해 주시기 바랍니다 추진하게 계기 가장 어려웠던 극복하기 본인 했던 행동 당시 느꼈던 감정 생각 결과 아쉬운 포함
1665,1,"대학생활과 졸업이후 가장 어려웠던 경험은 무엇인가요? ① 어려움이 발생한 이유, ② 이를 극복하기 위한 노력(행동, 생각 등)과 그 결과, 느낀 점을 모두 포함하여 구체적으로 작성해 주세요. (1000자)",대학생활 졸업이후 가장 어려웠던 경험 무엇인가요 어려움 발생한 이유 극복하기 노력 느낀 모두 포함 구체적 작성해
1666,1,"나를 가장 잘 표현할 수 있는 한 문장과 그 이유 [250 Bytes, 120자 이내]",가장 표현할 문장 이유 250 Bytes
1667,1,"본인이 살면서 가치관을 형성하는데 가장 큰 영향을 끼친 경험(인물)이 무엇이며, 그 경험을 통하여 배운 점과 이후의 삶에 영향을 미친 구체적인 사례를 기술해 주십시오.(500~700자)",본인 살면서 가치관 형성하는데 가장 영향 끼친 경험인물 무엇 경험 배운 이후 영향 미친 구체적인 사례 기술해
1668,1,"My Story 본인이 이룬 가장 큰 성취경험과 실패경험에 대하여 Guide> 본인의 인생에서 가장 큰 성취의 경험과 실패의 경험을 적고, 그 경험을 통하여 본인이 느끼고 배운 점에 대하여 자유롭게 기술해주시기 바랍니다. (500자)",My Story 본인 이룬 가장 성취경험 실패경험 Guide 본인 인생 가장 성취 경험 실패 경험 적고 경험 본인 느끼고 배운 자유롭게 기술해주시기 바랍니다 500자
1669,1,본인이 이룬 가장 큰 성취경험과 실패경험 (500자),본인 이룬 가장 성취경험 실패경험 500자
1670,1,사회활동 : 학업 이외에 관심과 열정을 가지고 했던 다양한 경험 중 가장 기억에 남는 것을 구체적으로 기술해주세요. (800자 이내),사회활동 학업 이외 관심 열정 가지고 했던 다양한 경험 가장 기억 구체적 기술해
1671,1,본인의 인내와 끈기를 가장 잘 보여줄 수 있는 경험(활동)구체적으로 기술하시오 (최소 500자 이상),본인 인내 끈기 가장 보여줄 경험활동구체적 기술하
1672,1,"여러분이 경험한 교내,외 활동에서 IT와 관련된 가장 의미있는 사례를 구체적으로 기술해 주세요. (1500자 이내) ① 가장 의미있다고 생각한 이유 ② 해당 사례에서 노력한 과정과 결과 ③ 해당 경험이 입사 후 기여할 수 있는 점은 무엇인지에 대하여 작성해 주세요.",여러분 경험한 교내외 활동 IT 관련된 가장 의미 사례 구체적 기술해 가장 의미있다고 생각한 이유 해당 사례 노력한 과정 해당 경험 입사 기여할 무엇인지 작성해
1673,1,"본인 인생에 가장 큰 영향을 미친 인물과 사건을 각각 1가지씩 기술하고, 본인 인생관 및 행동원칙에 어떠한 영향을 미쳤는지 구체적으로 설명해주세요. [ 800자 이내 ]",본인 인생 가장 영향 미친 인물 사건 각각 1가지씩 기술 본인 인생관 행동원칙 어떠한 영향 미쳤는지 구체적 설명해
1674,1,자신이 가장 소중하게 생각하는 사진을 첨부하고 이유를 설명하여 주십시오,자신 가장 소중하게 생각 사진 첨부 이유 설명
1675,1,가장 열정/도전적으로 임하였던 일과 그 일을 통해서 이룬 것에 대해 기재 (600자),가장 열정도전적 임하였던 이룬 대해 기재 600자
1676,1,Motive for Application [ 2000자 이내 ],Motive for Application
1677,1,넷마블의 현재 가장 큰 경쟁회사는 어디인지와 그 이유를 서술하시오.(500 Bytes),넷마블 현재 가장 경쟁회사 어디인지 이유 서술하
1678,1,본인이 가장 크게 좌절했던 경험과 이를 극복할 수 있었던 당신의 슈퍼파워 (Superpower)가 무엇인지 기술해주세요.,본인 가장 크게 좌절했던 경험 극복할 있었던 당신 슈퍼파워 무엇인지 기술해
1679,1,회사생활에 있어 가장 중요하다고 생각하는 원칙과 그 이유,회사생활 있어 가장 중요하다고 생각 원칙 이유
1680,1,사회활동 : 학업 이외에 관심과 열정을 가지고 했던 다양한 경험 중 가장 기억에 남는 것을 구체적으로 기술해주 세요.,사회활동 학업 이외 관심 열정 가지고 했던 다양한 경험 가장 기억 구체적 기술해주
1681,1,"여러분의 대학생활 중 가장 뛰어난 성과를 이뤄냈던 경험을 구체적으로 적어주세요. ① 그 일을 시작한 계기, ② 노력한 과정과 결과, ③ 뛰어난 성과라고 생각하는 이유를 반드시 포함하여 작성해 주세요. (1000자)",여러분 대학생활 가장 뛰어난 성과 이뤄냈던 경험 구체적 적어 시작한 계기 노력한 과정 뛰어난 성과라고 생각 이유 반드시 포함 작성해
1682,1,"CJ 헬로비전의 서비스(상품) 중 가장 선호하는 것을 선정하여, 타사 유사 서비스(상품) 대비 강점 및 보완점을 기술하세요. (500자)",CJ 헬로비전 서비스상품 가장 선호 선정 타사 유사 서비스상품 대비 강점 보완점 기술하 500자
1683,1,넷마블의 현재 가장 큰 경쟁회사는 어디인지와 그 이유를 서술하시오.,넷마블 현재 가장 경쟁회사 어디인지 이유 서술하
1684,1,"본인의 인생관이나 인생의 신조는 무엇이며, 그것에 영향을 주었던 사건이나 인물은 무엇(누구)입니까? [ 400자 이상 600자 이내 ]",본인 인생관 인생 신조 무엇 그것 영향 주었던 사건 인물 무엇누구입니까
1685,1,자신이 가장 소중하게 생각하는 사진을 첨부하고 이유를 설명하여 주십시오. [ 400자 이상 600자 이내 ],자신 가장 소중하게 생각 사진 첨부 이유 설명
1686,1,본인이 도전했던 여러 경험 중 가장 힘들었던 경험,본인 도전했던 여러 경험 가장 힘들었던 경험
1687,1,가장 열정적이고 도전적으로 임했던 일과 그 일을 통해서 이룬 것에 대해 기재하여 주십시오. [ 150자 이상 500자 이내],가장 열정적 도전적 임했던 이룬 대해 기재
1688,1,[성실한 조직인]과거 타인과의 인간관계에서 가장 힘들었던 갈등상황과 이를 슬기 롭게 극복할 수 있었던 본인의 전략 및 노하우에 대해 기술하시오.(600자 이내),성실한 조직인과거 타인과 인간관계 가장 힘들었던 갈등상황 슬기 롭게 극복할 있었던 본인 전략 노하우 대해 기술하
1689,1,"[Venture Spirit] 자신에게 요구된 것보다 더 높은 목표를 스스로 세워 시도했던 경험 중 가장 몰입했던 것을 골라, 구체적인 상황, 자신의 행동, 결과 등을 기술하세요",Venture Spirit 자신 요구된 목표 스스 세워 시도했던 경험 가장 몰입했던 골라 구체적인 상황 자신 행동 기술하
1690,1,"본인의 경력사항, 가장 경쟁력 있는 업무분야를 기재하시오. (최대 1100byte)",본인 경력사항 가장 경쟁력 업무분야 기재하
1691,1,자신에게 주어졌던 일 중 가장 도전적이었던 일과 극복방안에 대해 기재하시오. (최대 1100byte),자신 주어졌던 가장 도전적이었던 극복방안 대해 기재하
1692,1,지금껏 본인이 가장 강하게 느꼈던 소속감(조직경험)과 해당 조직을 위한 본인의 노력과 결과에 대해 자세히 기술해 주십시오.,지금껏 본인 가장 강하게 느꼈던 소속감조직경험 해당 조직 본인 노력 결과 대해 자세히 기술해
1693,1,"여러분이 경험한 교내,외 활동에서 IT 와 관련된 가장 의미있는 사례를 구체적으로 기술해 주세요. ① 가장 의미있다고 생각한 이유 ② 해당 사례에서 노력한 과정과 결과 ③ 해당 경험이 입사 후 기여할 수 있는 점은 무엇인지에 대하여 작성해 주세요. (1500 자 이내)",여러분 경험한 교내외 활동 IT 관련된 가장 의미 사례 구체적 기술해 가장 의미있다고 생각한 이유 해당 사례 노력한 과정 해당 경험 입사 기여할 무엇인지 작성해
1694,1,"여러분이 경험한 교내,외 활동에서 it와 관련된 가장 의미 있는 사례를 구체적으로 적어 주 세요. ① 의미 있다고 생각 한 이유 ② 노력한 과정과 결과 ③ 해당 경험이 입사 후 기여할 수 있는 점은 무엇인지",여러분 경험한 교내외 활동 it 관련된 가장 의미 사례 구체적 적어 의미 있다고 생각 이유 노력한 과정 해당 경험 입사 기여할 무엇인지
1695,1,"자신이 수강한 전공과목 중 가장 자신 있는 전공 3가지에 대해, 각각의 이유와 학점을 명시해 주세요. (필수)(600자)",자신 수강한 전공과목 가장 자신 전공 3가지 대해 각각 이유 학점 명시해 필수600자
1696,1,"여러분이 대학생활 중 가장 뛰어나게 성과를 이뤄냈던 경험을 구체적으로 적어주세요. ① 그 일을 시작한 계기, ② 노력한 과정과 결과, ③ 최고라고 생각하는 이유를 반드시 포함하여 작성해 주세요.(1000자)",여러분 대학생활 가장 뛰어나게 성과 이뤄냈던 경험 구체적 적어 시작한 계기 노력한 과정 최고라고 생각 이유 반드시 포함 작성해
1697,1,"여러분이 경험한 교내외 활동에서 IT와 관련된 (H/W,S/W 등) 가장 의미있는 사례를 구체적으로 기술하여 적어주세요.",여러분 경험한 교내외 활동 IT 관련된 가장 의미 사례 구체적 기술 적어
1698,1,"본인이 생각하는 은행직무 중 가장 중요하다고 생각하는 것이 무엇인지 제시하고, 그 사유를 설명하여 주십시오.",본인 생각 은행직무 가장 중요하다고 생각 무엇인지 제시 사유 설명
1699,1,"본인이 가장 중요하게 생각하는 삶의 가치는 무엇이며, 그 가치를 실현하기 위한 현재까지의 노력에 대해 기술하여 주십시오.",본인 가장 중요하게 생각 가치 무엇 가치 실현하기 현재까지 노력 대해 기술
1700,1,"성인이 된 이후 가장 큰 성취감과 좌절감을 느꼈던 일은 무엇이고, 왜 그렇게 느꼈는지 기술해 주세요",성인 이후 가장 성취감 좌절감 느꼈던 무엇 그렇게 느꼈는지 기술해
1701,1,본인을 가장 잘 표현할 수 있는 한 단어를 선택하고 그 이유에 대해 설명하세요. (400자),본인 가장 표현할 단어 선택 이유 대해 설명하 400자
1702,1,본인이 이룬 가장 큰 성취와 가장 큰 실패에 대해 서술하세요.(1000자),본인 이룬 가장 성취 가장 실패 대해 서술하
1703,1,"성취한 일 중에서 가장 기억에 남는 일과, 그것을 성취하기 위해 어떠한 노력을 했는지 (1300자)",성취한 가장 기억 그것 성취하기 어떠한 노력 했는지
1704,1,지금까지 이룬 업적 중에서 본인이 가장 보람을 느꼈던 일은 무엇이었습니까? 어떤 상황이었는지 구체적으로 예를 들어 설명해 주십시오. (400 byte 이내),지금 이룬 업적 본인 가장 보람 느꼈던 무엇이었습니까 어떤 상황이었는지 구체적 들어 설명해
1705,1,"여러분이 경험한 교내,외 활동에서 IT와 관련된 가장 의미있는 사례를 구체적으로 기술해 주세요. ① 가장 의미있다고 생각한 이유 ② 해당 사례에서 노력한 과정과 결과 ③ 해당 경험이 입사 후 기여할 수 있는 점은 무엇인지에 대하여 작성해 주세요. (1500자 이내)",여러분 경험한 교내외 활동 IT 관련된 가장 의미 사례 구체적 기술해 가장 의미있다고 생각한 이유 해당 사례 노력한 과정 해당 경험 입사 기여할 무엇인지 작성해
1706,1,"여러분이 경험한 교내,외 활동에서 IT와 관련된 가장 의미있는 사례를 구체적으로 기술해 주세요. ① 가장 의미있다고 생각한 이유 ② 해당 사례에서 노력한 과정과 결과 ③ 해당 경험이 입사 후 기여할 수 있는 점은 무엇인지에 대하여 작성해 주세요.",여러분 경험한 교내외 활동 IT 관련된 가장 의미 사례 구체적 기술해 가장 의미있다고 생각한 이유 해당 사례 노력한 과정 해당 경험 입사 기여할 무엇인지 작성해
1707,1,본인이 도전했던 여러 경험 중 가장 힘들었던 경험을 작성하고 이를 통해 배운 점은 무엇이었는지 작성해주시기 바랍니다. (최대 500 자 이내로 작성),본인 도전했던 여러 경험 가장 힘들었던 경험 작성 배운 무엇이었는지 작성해주시기 바랍니다
1708,1,본인이 살아오면서 가장 도전적이었거나 가장 인상 깊었던 경험을 작성해 주시기 바랍니다.,본인 살아오면서 가장 도전적이었거 가장 인상 깊었던 경험 작성해 주시기 바랍니다
1709,1,"(성취경험) 최근 7년 이내 경험 중 가장 강렬히 성취하고 싶었던 일과 이를 달성하기 위해 했던 일, 그 결과를 구체적으로 작성",성취경험 최근 7년 이내 경험 가장 강렬히 성취 싶었던 달성하기 했던 결과 구체적 작성
1710,1,"자신의 경험 중 가장 도전적인 일과 성공/실패 여부, 그리고 그 경험을 통해 배운 점 (600자)",자신 경험 가장 도전적인 성공실패 여부 그리고 경험 배운 600자
1711,1,"본인이 가장 자신있는 분야는 무엇이며, 해당 분야를 잘 해내기 위해 남들과 다르게 노력했던 점들을 작성해주시기 바랍니다. (2000자 이내)",본인 가장 자신 분야 무엇 해당 분야 해내기 남들 다르게 노력했던 점들 작성해주시기 바랍니다
1712,1,"지금까지 가장 힘들었던 시기와, 힘든 사유, 그 시기를 어떻게 해결했는지 기술해 주십시오.",지금 가장 힘들었던 시기 힘든 사유 시기 어떻게 해결했는지 기술해
1713,1,타인이 어렵다고 시도하지 않은 일을 추진하여 성공 또는 실패한 경험에서 가장 대표적인 사례를 기술해 주십시오.,타인 어렵다고 시도 추진 성공 실패한 경험 가장 대표적인 사례 기술해
1714,1,"본인이 겪은 가장 큰 성취경험과 실패경험, 그것을 통해 얻은 것은?",본인 가장 성취경험 실패경험 그것
1715,1,지금까지 이룬 가장 큰 성취 3가지 200Bytes,지금 이룬 가장 성취 3가지 200Bytes
1716,1,자신이 가장 강한의지를 불태웠었던 경험과 그 결과에 대해 기술하시오.,자신 가장 강한의지 불태웠었던 경험 결과 대해 기술하
1717,1,"최근 자신이 가장 힘들었던 경험은 무엇이었으며, 어떻게 극복하였는지 기술하시오.",최근 자신 가장 힘들었던 경험 무엇이었으며 어떻게 극복하였는지 기술하
1718,1,이제까지 가장 어려웠던 위기와 이를 극복하기 위해 했던 행동과 결과에 대해 구체적으로 기술하십시오 700,이제 가장 어려웠던 위기 극복하기 했던 행동 결과 대해 구체적 기술하 700
1719,1,사회활동 : 학업 이외에 관심과 열정을 가지고 했던 다양한 경험 중 가장 기억에 남는 것을 구체적으로 기술해주세요.(16줄 이내),사회활동 학업 이외 관심 열정 가지고 했던 다양한 경험 가장 기억 구체적 기술해
1720,1,인생에 가장 큰 영향을 준 사람(또는 책 등)과 그 이유를 서술해 주세요.,인생 가장 영향 사람 이유 서술해
1721,1,살아오면서 가장 열정을 갖고 도전한(또는 도전하고 싶은)관심분야에 대해 서술해 주세요.,살아오면서 가장 열정 갖고 도전한 관심분야 대해 서술해
1722,1,"본인 인생에 가장 큰 영향을 미친 인물과 사건을 각각 1가지씩 기술하고, 본인 인생관 및 행동원칙에 어떠한 영향을 미쳤는지 구체적으로 설명해주세요.(800자)",본인 인생 가장 영향 미친 인물 사건 각각 1가지씩 기술 본인 인생관 행동원칙 어떠한 영향 미쳤는지 구체적 설명해주세요800자
1723,1,"우리나라 발전에 긍정적 또는 부정적으로 큰 영향을 미쳤다고 생각하는 대표적인 역사적 사건 1가지를 들고, 그 이유를 설명해주세요.(400자)",우리나라 발전 긍정적 부정적 영향 미쳤다고 생각 대표적인 역사적 사건 1가지 들고 이유 설명해주세요400자
1724,1,본인이 이룬 가장 큰 성취경험과 실패경험에 대하여 500자,본인 이룬 가장 성취경험 실패경험 500자
1725,1,가장 기억에 남는 경험과 그 이유를 작성하여 주십시오,가장 기억 경험 이유 작성
1726,1,대학생활 중 가장 성취감이 컸던 경험과 목표 달성을 위한 본인의 노력에 대해 기술하여 주십시오.,대학생활 가장 성취감 컸던 경험 목표 달성 본인 노력 대해 기술
1727,1,최근 5년 동안에 귀하가 성취한 일 중에서 가장 자랑할 만한 것은 무엇입니까? 그것을 성취하기 위해 귀하는 어떤 일을 했습니까? (한글2000자 이내),최근 5년 동안 귀하 성취한 가장 자랑할 만한 무엇입니까 그것 성취하기 어떤 했습니까
1728,1,"당사 4대 핵심가치(소통, 신뢰, 열정, 혁신) 중 본인과 가장 잘 부합하는 가치와 그 이유를 기술해주시기 바랍니다.",당사 4대 핵심가치 본인 가장 부합 가치 이유 기술해주시기 바랍니다
1729,1,본인이 가장 중요하게 생각하는 행동원칙은 무엇입니까? 그 행동원칙을 가지게 된 계기와 가장 지키기 어려웠던 상황에 대해서 설명해 주십시오.,본인 가장 중요하게 생각 행동원칙 무엇입니까 행동원칙 가지게 계기 가장 지키기 어려웠던 상황 설명해
1730,1,"학창시절 가장 재미있게 들었던 전공 5가지를 나열하고, 그 중 입사 후 가장 잘 활용할 수 있을 것 같은 전공 한가지를 골라 그 이유를 설명해주세요.(300)",학창시절 가장 재미있게 들었던 전공 5가지 나열 입사 가장 활용할 전공 한가지 골라 이유 설명해주세요300
1731,1,인생에서 가장 OOOO 했던 경험을 적어주세요. 그 경험에서 얻은 교훈은 무엇입니까? (300),인생 가장 OOOO 했던 경험 적어 경험 교훈 무엇입니까 300
1732,1,지금까지 다른 사람들과의 팀워크를 통해 소속했던 조직이나 단체의 발전에 기여했던 것 중 가장 기억에 남는 경험은 무엇이었는지 구체적으로 작성하시오.(800자 이내),지금 다른 사람들과 팀워크 소속했던 조직 단체 발전 기여했던 가장 기억 경험 무엇이었는지 구체적 작성하
1733,1,지금까지 이룬 가장 큰 성취 3가지 (100자),지금 이룬 가장 성취 3가지 100자
1734,1,"본인이 생각하는 은행직무 중 가장 중요하다고 생각하는 것이 무엇인지 제시하고, 그 사유를 설명하여 주십시오.(700자)",본인 생각 은행직무 가장 중요하다고 생각 무엇인지 제시 사유 설명 주십시오700자
1735,1,"본인이 가장 중요하게 생각하는 삶의 가치는 무엇이며, 그 가치를 실현하기 위한 현재까지의 노력에 대해 기술하여 주십시오.(700자)",본인 가장 중요하게 생각 가치 무엇 가치 실현하기 현재까지 노력 대해 기술 주십시오700자
1736,1,"성취한 일 중에서 가장 기억에 남는 일과, 그것을 성취하기 위해 어떠한 노력을 했는지 기술해 주십시오. [ 100자 이상 600자 이내 ]",성취한 가장 기억 그것 성취하기 어떠한 노력 했는지 기술해
1737,1,인생에 있어 가장 최고의 게임과 최악의 게임을 정하고 그 게임을 정한 이유를 각각 구체적으로 기술하여 주세요.,인생 있어 가장 최고 게임 최악 게임 게임 정한 이유 각각 구체적 기술
1738,1,"당신의 전공 분야와 융합했을 때, 가장 높은 시너지를 낼 수 있는 분야를 선택하고, 그 이유와 예상되는 시너지 효과에 대해 기술하시오. 500자",당신 전공 분야 융합했 가장 시너지 분야 선택 이유 예상되 시너지 효과 대해 기술하 500자
1739,1,"사회활동 : 학업 이외에 관심과 열정을 가지고 했던 다양한 경험 중 가장 기억에 남는 것을 구체적으로 기술해주세요. (800자, 16줄 이내)",사회활동 학업 이외 관심 열정 가지고 했던 다양한 경험 가장 기억 구체적 기술해
1740,1,지금까지 이룬 가장 큰 성취 3가지 (30~200byte),지금 이룬 가장 성취 3가지
1741,1,프로젝트 진행 중 가장 기억에 남는 트러블 슈팅 경험을 적어주세요,프로젝트 진행 가장 기억 트러블 슈팅 경험 적어
1742,1,"본인을 가장 잘 표현할 수 있는 Keyword 3가지(성장환경, 학교생활, 사회활동 경험)를 작성 하시오. 1099 / 1200 자",본인 가장 표현할 Keyword 3가지 작성 1099 1200
1743,1,"자신이 살아오면서 가장 성취감을 느꼈던 일은 무엇이고, 그 일을 달성하기 위하여 어떤 노력을 하였는지 작성 하시오. 838 / 1200 자",자신 살아오면서 가장 성취감 느꼈던 무엇 달성하기 어떤 노력 하였는지 작성 838 1200
1744,1,"인생에서 겪었던 가장 의미 있는 사건은 무엇이며, 그 사건이 본인에게 미친 영향에 대하여 기술하여 주십시오 (500자 이내) byte",인생 겪었던 가장 의미 사건 무엇 사건 본인 미친 영향 기술 byte
1745,1,"대학생활 중 가장 도전적으로 임하였던 일은 무엇입니까? - 그 일을 시작한 계기, 과정과 결과, 그 일을 통해 느낀 점을 포함해서 구체적으로 작성해 주세요. (최대 2000자 이내로 작성)",대학생활 가장 도전적 임하였던 무엇입니까 시작한 계기 과정 느낀 포함 구체적 작성해
1746,1,본인이 도전했던 여러 경험 중 가장 힘들었던 경험을 작성하고 이를 통해 배운 점은 무엇이었는지 작성해주시기 바랍니다(500자 이내),본인 도전했던 여러 경험 가장 힘들었던 경험 작성 배운 무엇이었는지 작성해주시기 바랍니다
1747,1,본인이 가장 중요하게 생각하는 행동원칙은 무엇입니까? 그 행동원칙을 가지게 된 계기와 가장 지키기 어려웠던 상황에 대해서 설명해 주십시오. / 1000 Bytes 이내,본인 가장 중요하게 생각 행동원칙 무엇입니까 행동원칙 가지게 계기 가장 지키기 어려웠던 상황 설명해 1000 Bytes 이내
1748,1,"자신이 어떠한 일에 가장 크게 몰입해서 ‘재미있고 즐겁게’ 했던 경험에 대해 기술하세요. - 몰입하게 된 이유, 그 과정에서 얻은 점과 잃은 점 (1000 자 10 단락 이내)",자신 어떠한 가장 크게 몰입 재미 즐겁게 했던 경험 대해 기술하 몰입하게 이유 과정
1749,1,지금까지 이룬 가장 큰 성취 3가지현재 173 Bytes / 200 Bytes 이내,지금 이룬 가장 성취 3가지현재 173 Bytes 200 Bytes 이내
1750,1,"본인이 가장 중요하게 생각하는 삶의 가치는 무엇이며, 그 가치를 실현하기 위한 현재까지의 노력에 대해 기술하여 주십시오",본인 가장 중요하게 생각 가치 무엇 가치 실현하기 현재까지 노력 대해 기술
1751,1,최근 3년내에 가장 큰 성취 경험에 대해 기술하시오.(800자),최근 3년내 가장 성취 경험 대해 기술하시오800자
1752,1,최근 3년내에 가장 큰 실패 경험에 대해 기술하시오.(800자),최근 3년내 가장 실패 경험 대해 기술하시오800자
1753,1,경력기술 : 자신의 前 직장 경험(직무내용)과 가장 성취감을 느꼈던 일(프로젝트) 한 가지를 상세 기술해 주세요.,경력기술 자신 직장 경험직무내용 가장 성취감 느꼈던 일프로젝트 가지 상세 기술해
1754,1,"열정을 가지고 몰입했던 경험, 창의적인 아이디어를 가지고 목표를 이루어낸 경험, 가장 힘들었던 경험과 그것을 통해 깨달은 점 중 한 가지를 선택하여 구체적으로 기술해주십시오. (1000자 이내 작성)",열정 가지고 몰입했던 경험 창의적인 아이디어 가지고 목표 이루어낸 경험 가장 힘들었던 경험 그것 깨달 가지 선택 구체적 기술해주
1755,1,"자신에게 주어졌던 일 중 가장 어려웠던 경험은 무엇이었습니까? 그 일을 하게 된 이유와 그때 느꼈던 감정, 진행하면서 가장 어려웠던 점과 그것을 극복하기 위해 했던 행동과 생각, 결과에 대해 최대한 구체적으로 작성해 주십시오(1000자 10단락 이내)",자신 주어졌던 가장 어려웠던 경험 무엇이었습니까 하게 이유 그때 느꼈던 감정 진행하면서 가장 어려웠던 그것 극복하기 했던 행동 생각 결과 대해 구체적 작성해
1756,1,"이제까지 가장 강하게 소속감을 느꼈던 조직은 무엇이었으며, 그 조직의 발전을 위해 헌신적으로 노력했던 것 중 가장 기억에 남는 경험은 무엇입니까? 개인적으로 더 많은 노력을 기울였던 일과 그 때 했던 행동과 생각, 결과에 대해 최대한 구체적으로 작성해 주십시오. (1000자 10단락 이내)",이제 가장 강하게 소속감 느꼈던 조직 무엇이었으며 조직 발전 헌신적 노력했던 가장 기억 경험 무엇입니까 개인적 노력 기울였던 했던 행동 생각 결과 대해 구체적 작성해
1757,1,"자신에게 요구된 것보다 더 높은 목표를 스스로 세워 시도했던 경험 중 가장 기억에 남는 것은 무엇입니까? 목표 달성 과정에서 아쉬웠던 점이나 그 때 느꼈던 자신의 한계는 무엇이고, 이를 극복하기 위해 했던 행동과 생각, 결과에 대해 최대한 구체적으로 작성해 주십시오.(1000자 10단락 이내)",자신 요구된 목표 스스 세워 시도했던 경험 가장 기억 무엇입니까 목표 달성 과정 아쉬웠던 느꼈던 자신 한계 무엇 극복하기 했던 행동 생각 결과 대해 구체적 작성해
1758,1,본인이 인생에서 가장 힘들거나 어려웠을 때를 기술하고， 이를 어떻게 극복했는지 서술하시오.,본인 인생 가장 힘들거 어려웠 기술 어떻게 극복했는지 서술하
1759,1,회사 선택의 가장 중요한 기준과 그 기준에 비추어 볼 때 SL에 지원하는 이유를 서술하세요,회사 선택 가장 중요한 기준 기준 비추어 SL 지원 이유 서술하
1760,1,지금까지 이룬 가장 큰 성취 3가지 [최소 30byte 이상 200byte 이내],지금 이룬 가장 성취 3가지 최소 30byte 이상 200byte 이내
1761,1,살아오면서 가장 신뢰했던 사람은 가족을 제외하면 누구입니까? 글자 수 100자 이상 1000자 이내,살아오면서 가장 신뢰했던 사람 가족 제외 누구입니까 글자
1762,1,자신이 어떠한 일에 가장 크게 몰입해서 ‘재미있고 즐겁게’ 했던 경험에 대해 기술하세요.,자신 어떠한 가장 크게 몰입 재미 즐겁게 했던 경험 대해 기술하
1763,1,"귀하의 인생에 가장 영향을 미친 책을 한 권 선택하시고, 그 이유를 설명하여 주십시오. [1000 Bytes 이내] *",귀하 인생 가장 영향 미친 선택하시고 이유 설명 1000 Bytes 이내
1764,1,본인이 이룬 가장 큰 성취경험과 실패경험에 대하여 / 100자 ~ 500자,본인 이룬 가장 성취경험 실패경험 100자 500자
1765,1,"자신에게 주어졌던 일 중 가장 어려웠던 경험은 무엇이었습니까? 그 일을 하게 된 이유와 그떄 느꼈던 감정, 진행하면서 가장 어려웠던 점과 그것을 극복하기 위해 했던 행동과 생각, 결과에 대한 최대한 구체적으로 작성해 주십시오. (1000)",자신 주어졌던 가장 어려웠던 경험 무엇이었습니까 하게 이유 그떄 느꼈던 감정 진행하면서 가장 어려웠던 그것 극복하기 했던 행동 생각 결과 구체적 작성해 1000
1766,1,"이제까지 가장 강하게 소속감을 느꼈던 조직은 무엇이었으며, 그 조직의 발전을 위해 헌신적으로 노력했던 것 중 가장 기억에 남는 경험은 무엇입니까? 개인적으로 더 많은 노력을 기울였던 일과 그 때 했던 행동과 생각, 결과에 대해 최대한 구체적으로 작성해 주십시오. (1000)",이제 가장 강하게 소속감 느꼈던 조직 무엇이었으며 조직 발전 헌신적 노력했던 가장 기억 경험 무엇입니까 개인적 노력 기울였던 했던 행동 생각 결과 대해 구체적 작성해 1000
1767,1,"자신에게 요구된 것 보다 더 높은 목표를 스스로 세워 시도했던 경험 중 가장 기억에 남는 것은 무엇입니까? 목표 달성 과정에서 아쉬웠던 점이나 그 때 느꼈던 자신의 한계는 무엇이고, 이를 극복하기 위해 했던 행동과 생각, 결과에 대해 최대한 구체적으로 작성해 주십시오. (1000)",자신 요구된 목표 스스 세워 시도했던 경험 가장 기억 무엇입니까 목표 달성 과정 아쉬웠던 느꼈던 자신 한계 무엇 극복하기 했던 행동 생각 결과 대해 구체적 작성해 1000
1768,1,"본인의 인생에서 가장 큰 성취 경험과 실패의 경험을 적고, 그 경험을 통하여 본인이 느끼고 배운점에 대하여 자유롭게 기술해주시기 바랍니다. (500자)",본인 인생 가장 성취 경험 실패 경험 적고 경험 본인 느끼고 배운점 자유롭게 기술해주시기 바랍니다 500자
1769,1,Challenge A. 당신이 보유한 직무역량 중 금호석유화학그룹人이 되기 위해 가장 적합한 직무역량을 서술하십시오. [30자 이내],Challenge 당신 보유한 직무역량 금호석유화학그룹 되기 가장 적합한 직무역량 서술하
1770,1,당신이 금호석유화학그룹에 입사하게 된다면 준수해야 할 가장 큰 원칙은 무엇이라 생각하십니까? 그 이유는 무엇인지 서술하십시오. [300자 이내],당신 금호석유화학그룹 입사하게 된다면 준수 가장 원칙 무엇이라 생각하십니까 이유 무엇인지 서술하
1771,1,자신의 인생에 영향을 끼친 사건 3가지,자신 인생 영향 끼친 사건 3가지
1772,1,살아오면서 자신이 성취한 것 중 자랑할 만한 것 2가지,살아오면서 자신 성취한 자랑할 만한 2가지
1773,1,본인이 삶을 살아가는 데에 있어 가장 중요시 여기는 가치와 그 이유를 기술해주세요.400자,본인 살아가 있어 가장 중요시 여기 가치 이유 기술해주세요400자
1774,1,"학교다닐 때, 본인이 가장 몰두했었던 분야는 무엇이고, 어느 정도로 열심히 했는지 이야기해주세요. (필수)",학교다닐 본인 가장 몰두했었던 분야 무엇 어느 정도 열심히 했는지 이야기해 필수
1775,1,네이버라는 회사에서 `인사` 직무를 수행할 때 가장 중요한 것은 무엇일까요? 그렇게 생각하는 이유를 설명해주세요. (필수),네이버라 회사 인사 직무 수행할 가장 중요한 무엇일까요 그렇게 생각 이유 설명해 필수
1776,1,"[Venture Spirit] 자신에게 요구된 것보다 더 높은 목표를 스스로 세워 시도했던 경험 중 가장 몰입했던 것을 골라, 구체적인 상황, 자신의 행동, 결과 등을 기술하세요.",Venture Spirit 자신 요구된 목표 스스 세워 시도했던 경험 가장 몰입했던 골라 구체적인 상황 자신 행동 기술하
1777,1,학업 이외에 관심과 열정을 가지고 했던 다양한 경험 중 가장 기억에 남는 것을 구체적으로 기술해주세요.(800줄 16줄 이내),학업 이외 관심 열정 가지고 했던 다양한 경험 가장 기억 구체적 기술해
1778,1,"[Venture Spirit] 자신에게 요구된 것보다 더 높은 목표를 스스로 세워 시도했던 경험 중 가장 몰입했던 것을 골라, 구체적인 상황, 자신의 행동, 결과 등을 기술하세요. (1000 자 8단락 이내)",Venture Spirit 자신 요구된 목표 스스 세워 시도했던 경험 가장 몰입했던 골라 구체적인 상황 자신 행동 기술하
1779,1,인생에 있어 가장 최고의 게임과 최악의 게임을 정하고 그 게임을 정한 이유를 각각 구체적으로 기술하여 주세요(500자),인생 있어 가장 최고 게임 최악 게임 게임 정한 이유 각각 구체적 기술 주세요500자
1780,1,"수강했던 전공 기초과목들을 나열하고, 그 중 가장 관심이 있었던 과목과 그 이유를 서술하여 주세요.(500자)",수강했던 전공 기초과목들 나열 가장 관심 있었던 과목 이유 서술 주세요500자
1781,1,"자신이 수강한 전공과목 중 가장 자신 있는 전공 3가지에 대해, 각각의 이유와 학점을 명시해 주세요. (필수) (600자)",자신 수강한 전공과목 가장 자신 전공 3가지 대해 각각 이유 학점 명시해 필수 600자
1782,1,지금까지 살아오면서 자신이 이룬 꿈 또는 남들에게 자랑할 만한 성취경험을 기술해주세요.,지금 살아오면서 자신 이룬 남들 자랑할 만한 성취경험 기술해
1783,1,옷을 구매할 때 자신에게 가장 중요한 3가지 요소와 쇼핑 습관에 대해 기술해주세요.,구매할 자신 가장 중요한 3가지 요소 쇼핑 습관 대해 기술해
1784,1,"본인이 살면서 가치관을 형성하는데 가장 큰 영향을 끼친 경험이 무엇이며, 그 경험을 통하여 배운 점과 이후의 삶에 영향을 미친 구체적인 사례를 기술하여 주시기 바랍니다.",본인 살면서 가치관 형성하는데 가장 영향 끼친 경험 무엇 경험 배운 이후 영향 미친 구체적인 사례 기술 주시기 바랍니다
1785,1,본인의 인생에서 가장 잘한 선택과 후회하는 선택에 대하여 각각 한가지씩 기술하시오. (800자 이내),본인 인생 가장 잘한 선택 후회 선택 각각 한가지씩 기술하
1786,1,사회활동 : 학업 이외에 관심과 열정을 가지고 했던 다양한 경험 중 가장 기억에 남는 것을 구체적으로 기술해주세요.(800자 16줄 이내),사회활동 학업 이외 관심 열정 가지고 했던 다양한 경험 가장 기억 구체적 기술해
1787,1,"본인이 경험한 일 중 가장 어려웠던 일과 그것을 극복하기 위해 했던 노력을 구체적으로 기술해 주시기 바랍니다. - 배경이나 계기, 어려웠던 점 및 그것을 극복하기 위해 본인이 했던 행동과 이유, 그 때 느꼈던 감정이나 생각, 결과와 아쉬운 점 포함 (1000자 이내)",본인 경험한 가장 어려웠던 그것 극복하기 했던 노력 구체적 기술해 주시기 바랍니다 배경 계기 어려웠던 그것 극복하기 본인 했던 행동 이유 느꼈던 감정 생각 결과 아쉬운 포함
1788,1,본인이 이룬 가장 큰 성취경험과 실패경험,본인 이룬 가장 성취경험 실패경험
1789,1,"과거 같은 집단에 속한 인원과 있었던 가장 심한 갈등은 무엇이었고, 이를 어떻게 해결하였는지 서술해 주십시오 (400자 이내)",과거 집단 속한 인원 있었던 가장 심한 갈등 무엇이었고 어떻게 해결하였는지 서술해
1790,1,인간관계에 있어서 무엇이 가장 중요하다고 생각하십니까? 300,인간관계 있어서 무엇 가장 중요하다고 생각하십니까 300
1791,1,가장 좋아하는 과목과 그 이유에 대해 간략히 설명해 주세요. 200,가장 좋아 과목 이유 대해 간략히 설명해 200
1792,1,가장 싫어하는 과목과 그 이유에 대해 간략히 설명해 주세요. 200,가장 싫어 과목 이유 대해 간략히 설명해 200
1793,1,본인이 이룬 가장 큰 성취경험과 실패경험에 대하여 글자수 (500자),본인 이룬 가장 성취경험 실패경험 글자수 500자
1794,1,"자신의 경험 중 가장 힘들었던 일은 무엇이며, 그 일을 극복하기 위해 어떤 노력을 다하였는지 서술하여 주십시오 [ 500자 이내]",자신 경험 가장 힘들었던 무엇 극복하기 어떤 노력 다하였는지 서술
1795,1,당신이 보유한 직무역량 중 금호석유화학그룹人이 되기 위해 가장 적합한 직무역량을 서술하십시오. [30자 이내],당신 보유한 직무역량 금호석유화학그룹 되기 가장 적합한 직무역량 서술하
1796,1,"지금까지 살아오면서 스스로 생각하기에 가장 큰 성공사례와 실패사례를 소개해 주세요. (띄어쓰기 포함 1,000자)",지금 살아오면서 스스 생각하기 가장 성공사례 실패사례 소개해
1797,1,입사 후 가장 잘할 수 있는 직무와 이유를 설명해 주십시오.,입사 가장 잘할 직무 이유 설명해
1798,1,"인생에서 겪었던 가장 의미 있는 사건은 무엇이며, 그 사건이 본인에게 미친 영향에 대하여 기술하여 주십시오 (500자 이내)",인생 겪었던 가장 의미 사건 무엇 사건 본인 미친 영향 기술
1799,1,"본인의 인생관이나 인생의 신조는 무엇이며, 그것에 영향을 주었던 사건이나 인물은 무엇(누구)입니까? [200자 이상 400자 이내]",본인 인생관 인생 신조 무엇 그것 영향 주었던 사건 인물 무엇누구입니까
1800,1,자신이 가장 소중하게 생각하는 사진을 첨부하고 이유를 설명하여 주십시오. [100자 이상 300자 이내],자신 가장 소중하게 생각 사진 첨부 이유 설명
1801,1,"자신에게 요구된 것 보다 더 높은 목표를 스스로 세워 시도했던 경험 중 가장 기억에 남는 것은 무엇입니까? 목표 달성 과정에서 아쉬웠던 점이나 그 때 느꼈던 자신의 한계는 무엇이고, 이를 극복하기 위해 했던 행동과 생각, 결과에 대해 최대한 구체적으로 작성해 주십시오. (1000자)",자신 요구된 목표 스스 세워 시도했던 경험 가장 기억 무엇입니까 목표 달성 과정 아쉬웠던 느꼈던 자신 한계 무엇 극복하기 했던 행동 생각 결과 대해 구체적 작성해
1802,1,Teamwork에서 본인이 가장 중요하게 생각하는 요소는 본인의 경험과 함께 적어주세요.,Teamwork 본인 가장 중요하게 생각 요소 본인 경험 적어
1803,1,"자신이 수강한 전공과목 중 가장 자신 있는 전공 3가지에 대해, 각각의 이유와 학점을 명시해 주세요. (필수) 600자",자신 수강한 전공과목 가장 자신 전공 3가지 대해 각각 이유 학점 명시해 필수 600자
1804,1,"성인이 된 이후 가장 큰 성취감과 좌절감을 느꼈던 일은 무엇이고, 왜 그렇게 느꼈는지 기술해 주세요 (1300 Bytes 이내)",성인 이후 가장 성취감 좌절감 느꼈던 무엇 그렇게 느꼈는지 기술해
1805,1,"살아오면서 가장 힘들었던 일은 무엇이었으며, 어떻게 대처하고 해결하였는지 기술하세요 (1000)",살아오면서 가장 힘들었던 무엇이었으며 어떻게 대처 해결하였는지 기술하 1000
1806,1,본인이 도전했던 여러 경험 중 가장 힘들었던 경험을 작성하고 이를 통해 배운 점은 무엇이었는지 작성해주시기 바랍니다.500,본인 도전했던 여러 경험 가장 힘들었던 경험 작성 배운 무엇이었는지 작성해주시기 바랍니다500
1807,1,가장 열정/ 도전적으로 임했던 일과 그 일을 통해서 이룬 것에 대해 상세히 기재해 주세요. (최대 1000자 이내로 작성),가장 열정 도전적 임했던 이룬 대해 상세히 기재해
1808,1,"본인이 생각하는 카드업의 본질은 무엇인지 3가지 단어로 제시하고, 그 중 신한카드가 규모의 1등을 넘어 차별화 된 `Great Company`가 되기 위해 가장 우선적으로 추구해야 할 본질은 무엇인지 1가지를 선택하여 설명하세요.",본인 생각 카드업 본질 무엇인지 3가지 단어 제시 신한카드 규모 1등 넘어 차별화 Great Company 되기 가장 우선적 추구 본질 무엇인지 1가지 선택 설명하
1809,1,본인이 겪었던 가장 큰 실수는 무엇입니까? 그 실수를 만회하기 위해 어떻게 대처 하였습니까? * [100자 이상 600자 이내],본인 겪었던 가장 실수 무엇입니까 실수 만회하기 어떻게 대처 하였습니까
1810,1,가장 열정적/ 도전적으로 임했던 경험을 기술하세요. 500자 6개 동아리,가장 열정적 도전적 임했던 경험 기술하 500자 6개 동아리
1811,1,가장 열정적이고 도전적으로 임했던 일과 그 일을 통해서 이룬 것에 대해 기재하여 주십시오. (300자 이내),가장 열정적 도전적 임했던 이룬 대해 기재
1812,1,"괄호 안에 제시된 키워드 중 본인을 가장 잘 표현하거나, 혹은 본인이 추구하는 바와 가장 유사한 2가지를 선정하고 그 이유를 설명하여 주십시오.",괄호 제시된 키워드 본인 가장 표현하거 본인 추구 가장 유사한 2가지 선정 이유 설명
1813,1,나의 인생경험 살아온 인생 이야기 및 실패와 성공 등,인생경험 살아온 인생 이야기 실패 성공
1814,1,"살아오면서 자신이 이루어낸 가장 큰 변화에 대해 당시 상황, 자신의 행동, 결과 등을 기술해 주십시오 (800자 이내 서술)",살아오면서 자신 이루어낸 가장 변화 대해 당시 상황 자신 행동 기술해
1815,1,인생에서 가장 도전적이었던 경험 및 그 경험이 본인에게 미친 영향은? / 800 자,인생 가장 도전적이었던 경험 경험 본인 미친 영향 800
1816,1,"지금까지 살아오면서 겪은 가장 의미 있었던 사건은 무엇이며, 그것이 귀하에게 어떠한 영향을 미쳤습니까?",지금 살아오면서 가장 의미 있었던 사건 무엇 그것 귀하 어떠한 영향 미쳤습니까
1817,1,"팀을 이루어 가장 큰 성과를 거두었던 사례를 갈등요소와 극복과정, 본인이 수행한 역할을 포함하여 기술하여 주십시오.",이루어 가장 성과 거두었던 사례 갈등요소 극복과정 본인 수행한 역할 포함 기술
1818,1,대학생활 중 가장 성취감이 컸던 경험과 목표 달성을 위한 본인의 노력에 대해 기술하여 주십시오. (1000자),대학생활 가장 성취감 컸던 경험 목표 달성 본인 노력 대해 기술
1819,1,본인이 이룬 가장 큰 성취경험과 실패경험(500),본인 이룬 가장 성취경험 실패경험500
1820,1,"자신에게 주어졌던 일 중 가장 어려웠던 경험은 무엇이었습니까? 그 일을 하게 된 이유와 그 때 느꼈던 감정, 진행하면서 가장 어려웠던 점과 그것을 극복하기 위해 했던 행동과 생각, 결과에 대해 최대한 구체적으로 작성해 주십시오.(1000자 이내)",자신 주어졌던 가장 어려웠던 경험 무엇이었습니까 하게 이유 느꼈던 감정 진행하면서 가장 어려웠던 그것 극복하기 했던 행동 생각 결과 대해 구체적 작성해
1821,1,"자신이 가장 자랑할만한 성공체험은 무엇이며, 이를 위해 어떠한 노력을 했는지 기술하시오. 500자",자신 가장 자랑할만한 성공체험 무엇 어떠한 노력 했는지 기술하 500자
1822,1,사회활동 : 학업 외에 관심과 열정을 갖고 했던 다양한 경험 중 가장 기억에 남는 것 (800자 이내),사회활동 학업 관심 열정 갖고 했던 다양한 경험 가장 기억
1823,1,본인의 인생에 가장 큰 영향을 미쳤던 일(사건/경험)에 대해 기술해 주세요. (700),본인 인생 가장 영향 미쳤던 대해 기술해 700
1824,1,학업 이외에 본인이 관심과 열정을 가지고 가장 자기주도적으로 계획을 수립하고 추진했던 경험이 있으면 서술해주십시오. [200자~500자],학업 이외 본인 관심 열정 가지고 가장 자기주도적 계획 수립 추진했던 경험 있으면 서술해주 200자500자
1825,1,(성실한 조직인) 과거 타인과의 인간관계에서 가장 힘들었던 갈등상황과 이를 슬기롭게 극복할 수 있었던 본인의 전략 및 노하우에 대해 기술하시오 (600자 이내),과거 타인과 인간관계 가장 힘들었던 갈등상황 슬기롭게 극복할 있었던 본인 전략 노하우 대해 기술하
1826,1,본인이 이룬 가장 큰 성취경험과 실패경험에 대하여 (500자 ~ 1000자),본인 이룬 가장 성취경험 실패경험
1827,1,"본인이 생각하는 은행직무 중 가장 중요하다고 생각하는 것이 무엇인지 제시하고, 그 사유를 설명하십시오.",본인 생각 은행직무 가장 중요하다고 생각 무엇인지 제시 사유 설명하
1828,1,학창시절에 가장 뛰어났던 점은 무엇이었습니까,학창시절 가장 뛰어났던 무엇이었습니까
1829,1,학창시절에 가장 열등했던 점은 무엇이었습니까.,학창시절 가장 열등했던 무엇이었습니까
1830,1,"학창시절 또는 이제까지 귀하가 살아오면서 가장 인상 깊었던 일은? 또는 대표를 했거나, 상을 탔거나, 장학금을 탔거나 또는 특별히 성취했던 것은 무엇입니까",학창시절 이제 귀하 살아오면서 가장 인상 깊었던 대표 했거 탔거 장학금 탔거 특별히 성취했던 무엇입니까
1831,1,학창시절 또는 이제까지 귀하가 살아오면서 가장 힘들었던 경험은? 힘들었던 상황을 어떻게 극복하셨습니까,학창시절 이제 귀하 살아오면서 가장 힘들었던 경험 힘들었던 상황 어떻게 극복하셨습니까
1832,1,"학창시절 또는 다른 경험을 돌이켜 볼 때 가장 많은 대화를 한 사람은(선배, 동료, 후배) 누구이며, 그 이유는 무엇입니까",학창시절 다른 경험 돌이켜 가장 대화 사람 누구 이유 무엇입니까
1833,1,"학창시절 또는 다른 경험을 돌이켜 볼 때 가장 대화하기 힘들었던 사람은 누구이며, 그 이유는 무엇입니까?",학창시절 다른 경험 돌이켜 가장 대화하기 힘들었던 사람 누구 이유 무엇입니까
1834,1,사회활동 800자 - 학업 이외에 관심과 열정을 가지고 했던 다양한 경험 중 가장 기억이 남는 것,사회활동 800자 학업 이외 관심 열정 가지고 했던 다양한 경험 가장 기억
1835,1,"나의 인생관 및 인생관 형성에 가장 영향을 주었던 것(인물,사전,책,영화등)과 그것이 어떻게 영향을 주었는가?(0/1000byte 이내)",인생관 인생관 형성 가장 영향 주었던 그것 어떻게 영향 주었는
1836,1,수행했던 프로젝트 중 가장 인상 깊었던 프로젝트 1가지에 대해 작성해주세요,수행했던 프로젝트 가장 인상 깊었던 프로젝트 1가지 대해 작성해
1837,1,사회활동: 학업 이외에 관심과 열정을 가지고 했던 다양한 경험 중 가장 기억에 남는 것을 구체적으로 기술해주세요. 800자,사회활동 학업 이외 관심 열정 가지고 했던 다양한 경험 가장 기억 구체적 기술해 800자
1838,1,지금까지 이룬 가장 큰 성취 3가지현재 200 Bytes 이내,지금 이룬 가장 성취 3가지현재 200 Bytes 이내
1839,1,"삶의 가치관: 본인이 살면서 가치관을 형성하는데 가장 큰 영향을 끼친 경험이 무엇이며, 그 경험을 통하여 배운 점과 이후의 삶에 영향을 미친 구체적인 사례를 기술하여 주시기 바랍니다. (1000자)",가치관 본인 살면서 가치관 형성하는데 가장 영향 끼친 경험 무엇 경험 배운 이후 영향 미친 구체적인 사례 기술 주시기 바랍니다
1840,1,본인의 인생에서 가장 잘한 선택과 후회하는 선택에 대하여 각각 한가지씩 기술하시오(800자 이내),본인 인생 가장 잘한 선택 후회 선택 각각 한가지씩 기술하
1841,1,"인생에서 가장 열정을 쏟았던 경험 또는 새로운 분야에 대한 치열한 도전 경험은 무엇이며, 그 경험을 통해 성취한 바를 서술해주시기 바랍니다.(800자)*필수입력사항",인생 가장 열정 쏟았던 경험 새로운 분야 치열한 도전 경험 무엇 경험 성취한 서술해주시기 바랍니다800자필수입력사항
1842,1,"자신에게 주어졌던 일 중 가장 어려웠던 경험은 무엇이었습니까? 그 일을 한 이유와 느꼈던 감정, 진행하면서 가장 어려웠던 점과 그것을 극복하기 위해 했던 행동과 생각, 결과에 대해 구체적으로 작성해 주십시오(1000자 이내)",자신 주어졌던 가장 어려웠던 경험 무엇이었습니까 이유 느꼈던 감정 진행하면서 가장 어려웠던 그것 극복하기 했던 행동 생각 결과 대해 구체적 작성해
1843,1,이제까지 가장 강하게 소속감을 느꼈던 조직은 무엇이었으며 그 조직의 발전을 위해 헌신적으로 노력했던 것 중 가장 기억에 남는 경험은 무엇입니까? 개인적으로 더 많은 노력을 기울였던 일과 그 때 했던 행동과 생각 결과에 대해 최대한 구체적으로 작성해 주십시오(1000자),이제 가장 강하게 소속감 느꼈던 조직 무엇이었으며 조직 발전 헌신적 노력했던 가장 기억 경험 무엇입니까 개인적 노력 기울였던 했던 행동 생각 결과 대해 구체적 작성해
1844,1,"자신에게 요구된 것보다 더 높은 목표를 스스로 세워 시도했던 경험 중 가장 기억에 남는 것은 무엇입니까? 목표 달성 과정에서 아쉬웠던 점이나 그 때 느꼈던 자신의 한계는 무엇이고, 이를 극복하기 위해 했던 행동과 생각, 결과에 대해 최대한 구체적으로 작성해 주십시오(1000자)",자신 요구된 목표 스스 세워 시도했던 경험 가장 기억 무엇입니까 목표 달성 과정 아쉬웠던 느꼈던 자신 한계 무엇 극복하기 했던 행동 생각 결과 대해 구체적 작성해
1845,1,"인생에서 가장 열정을 쏟았던 경험 또는 새로운 분야에 대한 치열한 도전 경험은 무엇이며, 그 경험을 통해 성취한 바를 서술해주시기 바랍니다.(800자)",인생 가장 열정 쏟았던 경험 새로운 분야 치열한 도전 경험 무엇 경험 성취한 서술해주시기 바랍니다800자
1846,1,"가족이 아닌 타인으로부터 가장 크게 영향을 받은 경험과, 그 경험으로 본인이 어떻게 변화되었는지 설명해 주십시오. (1300 Bytes, 600자 이내)",가족 아닌 타인으로 가장 크게 영향 경험 경험 본인 어떻게 변화되었는지 설명해
1847,1,일동제약의 인재상 중 자신과 가장 부합하는 것을 선택하고 그 이유를 관련 경험에 근거하여 기술해 보세요.,일동제약 인재상 자신 가장 부합 선택 이유 경험 근거 기술해
1848,1,"본인의 인생에서 가장 큰 성취의 경험과 실패의 경험을 적고, 그 경험을 통하여 본인이 느끼고 배운 점에 대하여 자유롭게 기술해주시기 바랍니다.",본인 인생 가장 성취 경험 실패 경험 적고 경험 본인 느끼고 배운 자유롭게 기술해주시기 바랍니다
1849,1,지금까지 이룬 가장 큰 성취 3가지 100자,지금 이룬 가장 성취 3가지 100자
1850,1,자신이 가장 강한의지를 불태웠었던 경험과 그 결과에 대해 기술하시오. 500자,자신 가장 강한의지 불태웠었던 경험 결과 대해 기술하 500자
1851,1,"최근 자신이 가장 힘들었던 경험은 무엇이었으며, 어떻게 극복하였는지 기술하시오. 500자",최근 자신 가장 힘들었던 경험 무엇이었으며 어떻게 극복하였는지 기술하 500자
1852,1,"귀하를 가장 잘 표현할 수 있는 한 단어와 이유를 설명하고, 그 단어가 내포하고 있는 가치가 KB국민카드에 어떤 기여를 할 수 있는지 설명하여 주십시오.",귀하 가장 표현할 단어 이유 설명 단어 내포 가치 KB국민카드 어떤 기여 있는지 설명
1853,1,"귀하가 생각하기에 최근 카드업계의 가장 큰 이슈 한 가지를 기술하고, 어떻게 대응해야 하는지 설명하여 주십시오.",귀하 생각하기 최근 카드업계 가장 이슈 가지 기술 어떻게 대응 하는지 설명
1854,1,"귀하가 살아오는 동안 내렸던 가장 어려운 의사결정은 어떤 것이었으며, 그 결정과정과 결과를 설명하여 주십시오.",귀하 살아오 동안 내렸던 가장 어려운 의사결정 어떤 것이었으며 결정과정 결과 설명
1855,1,귀하 본인의 노력으로 이룩한 가장 큰 성공과 본인이 겪었던 가장 큰 실패에 대해 성공 요인과 실패 원인에 대해 설명하여 주십시오.,귀하 본인 노력 이룩한 가장 성공 본인 겪었던 가장 실패 대해 성공 요인 실패 원인 대해 설명
1856,1,살아오면서 힘든 일을 겪게 될 때 힘이 되는 말이나 경험 등을 이유와 함께 기술하시오,살아오면서 힘든 겪게 경험 이유 기술하
1857,1,가장 의미 있었던 경험과 그 경험이 자신의 삶에 미친 영향,가장 의미 있었던 경험 경험 자신 미친 영향
1858,1,본인이 이룬 가장 큰 성취경험과 실패경험에 대하여 (자기소개서 작성 가이드 500자),본인 이룬 가장 성취경험 실패경험
1859,1,나만의 관심과 열정을 가지고 했던 경험 중 가장 기억에 남는 것을 구체적으로 기술하시오,나만 관심 열정 가지고 했던 경험 가장 기억 구체적 기술하
1860,1,"본인의 성장과정을 간략히 기술하되 현재의 자신에게 가장 큰 영향을 끼친 사건, 인물 등을 포함하여 기술하시오 1500자",본인 성장과정 간략히 기술하되 현재 자신 가장 영향 끼친 사건 인물 포함 기술하 1500자
1861,1,본인의 희생이나 남다른 열정으로 다른 사람을 감동시킨 일 중 가장 기억에 남는 것을 구체적으로 기술 해주세요.,본인 희생 남다른 열정 다른 사람 감동시킨 가장 기억 구체적 기술
1862,1,"본인의 입장에서 가장 받아들이기 어려웠던 비판을 설명하고, 그러한 입장을 상대방에게 어떻게 표현했는지에 대하여 기술해 주십시오.",본인 입장 가장 받아들이기 어려웠던 비판 설명 그러한 입장 상대방 어떻게 표현했는지 기술해
1863,1,본인이 저질렀던 가장 큰 실수와 그 실수를 다시 하지 않기 위해 노력한 경험에 대하여 기술해 주십시오.,본인 저질렀던 가장 실수 실수 다시 않기 노력한 경험 기술해
1864,1,자신의 전문성 향상에 가장 큰 영향을 끼쳤던 것은 무엇인지 상세히 기술해 주십시오. (200자 이내),자신 전문성 향상 가장 영향 끼쳤던 무엇인지 상세히 기술해
1865,1,"수강했던 전공 기초과목들을 나열하고, 그 중 가장 관심이 있었던 과목과 그 이유를 서술하여 주세요(500자)",수강했던 전공 기초과목들 나열 가장 관심 있었던 과목 이유 서술 주세요500자
1866,1,"본인의 성장과정을 간략히 기술하되 현재의 자신에게 가장 큰 영향을 끼친 사건, 인물 등을 포함하여 기술하십시오. (1500자 이내)",본인 성장과정 간략히 기술하되 현재 자신 가장 영향 끼친 사건 인물 포함 기술하
1867,1,가장 열정적으로 몰입했던 일,가장 열정적 몰입했던
1868,1,"자신에게 주어졌던 일 중 가장 어려웠던 경험은 무엇이었습니까? 그 일을 하게 된 이유와 그때 느꼈던 감정, 진행하면서 가장 어려웠던 점과 그것을 극복하기 위해 했던 행동과 생각, 결과에 대해 최대한 구체적으로 작성해 주십시오. 1000",자신 주어졌던 가장 어려웠던 경험 무엇이었습니까 하게 이유 그때 느꼈던 감정 진행하면서 가장 어려웠던 그것 극복하기 했던 행동 생각 결과 대해 구체적 작성해 1000
1869,1,"자신에게 주어졌던 일 중 가장 어려웠던 경험은 무엇이었습니까? 그 일을 하게 된 이유와 그때 느꼈던 감정, 진행하면서 가장 어려웠던 점과 그것을 극복하기 위해 했던 행동과 생각, 결과에 대해 최대한 구체적으로 작성해 주십시오. (1000자)",자신 주어졌던 가장 어려웠던 경험 무엇이었습니까 하게 이유 그때 느꼈던 감정 진행하면서 가장 어려웠던 그것 극복하기 했던 행동 생각 결과 대해 구체적 작성해
1870,1,"이제까지 가장 강하게 소속감을 느꼈던 조직은 무엇이었으며, 그 조직의 발전을 위해 헌신적으로 노력했던 것 중 가장 기억에 남는 경험을 무엇입니까? 개인적으로 더 많은 노력을 기울였던 일과 그 때 했던 행동과 생각, 결과에 대해 최대한 구체적으로 작성해 주십시오. (1000자)",이제 가장 강하게 소속감 느꼈던 조직 무엇이었으며 조직 발전 헌신적 노력했던 가장 기억 경험 무엇입니까 개인적 노력 기울였던 했던 행동 생각 결과 대해 구체적 작성해
1871,1,"자신에게 요구된 것보다 더 높은 목표를 스스로 세워 시도했던 경험 주 가장 기억에 남는 것은 무엇입니까? 목표 달성 과정에서 아쉬웠던 점이나 그 때 느꼈던 자신의 한계는 무엇이고, 이를 극복하기 위해 했던 행동과 생각, 결과에 대해 최대한 구체적으로 작성해 주십시오. (1000자)",자신 요구된 목표 스스 세워 시도했던 경험 가장 기억 무엇입니까 목표 달성 과정 아쉬웠던 느꼈던 자신 한계 무엇 극복하기 했던 행동 생각 결과 대해 구체적 작성해
1872,1,최근 5년 동안에 귀하가 성취한 일 중에서 가장 자랑할 만한 것은 무엇입니까? 그것을 성취하기 위해 귀하는 어떤 일을 했습니까? (500자),최근 5년 동안 귀하 성취한 가장 자랑할 만한 무엇입니까 그것 성취하기 어떤 했습니까 500자
1873,1,"본인이 인생에서 가장 힘들거나 어려웠을 때를 기술하고, 이를 어떻게 극복했는지 서술하시오.[1000자] (열정,끈기,도전정신,친화력,임기응변)",본인 인생 가장 힘들거 어려웠 기술 어떻게 극복했는지 서술하시오1000자
1874,1,본인이 살아오면서 가장 도전적이었거나 가장 인상깊었던 경험을 기술하세요.,본인 살아오면서 가장 도전적이었거 가장 인상깊었던 경험 기술하
1875,1,본인이 도전했던 여러 경험 중 가장 힘들었던 경험을 작성하고 이를 통해 배운 점은 무엇이었는지 작성해주시기 바랍니다. ~500자,본인 도전했던 여러 경험 가장 힘들었던 경험 작성 배운 무엇이었는지 작성해주시기 바랍니다 500자
1876,1,"자신의 경험 중 가장 도전적이었던 일은 무엇이며, 극복하기 위해 했던 행동, 노력, 생각을 구체적으로 기술하시오. [500자 이내]",자신 경험 가장 도전적이었던 무엇 극복하기 했던 행동 노력 생각 구체적 기술하
1877,1,"본인이 살면서 가치관을 형성하는데 가장 큰 영향을 끼친 경험은 무엇이며, 그 경험을 통하여 배운 점과 이후의 삶에 영향을 미친 구체적인 사례를 기술하여 주시기 바랍니다.[1000]",본인 살면서 가치관 형성하는데 가장 영향 끼친 경험 무엇 경험 배운 이후 영향 미친 구체적인 사례 기술 주시기 바랍니다1000
1878,1,자신의 성장 과정 및 인생에서 가장 중요시하게 생각하는 자신의 핵심가치를 기술해주십시오 [ 600자 이내 ] /600,자신 성장 과정 인생 가장 중요시하게 생각 자신 핵심가치 기술해주 600
1879,1,지금까지 살아오면서 자신의 이익을 초월하여 자발적으로 주변의 사람에게 도움을 주었던 경험과 그 과정에서 가장 힘들었던 점은 무엇이었는지 기술하시오.,지금 살아오면서 자신 이익 초월 자발적 주변 사람 도움 주었던 경험 과정 가장 힘들었던 무엇이었는지 기술하
1880,1,지금까지 살아오면서 자신의 이익을 초월하여 자발적으로 주변의 사람에게 도움을 주었던 경험과 그 과정에서 가장 힘들었던 점은 무엇이었는지 기술하시오. [400 Bytes 이상1000 Bytes 이내 작성],지금 살아오면서 자신 이익 초월 자발적 주변 사람 도움 주었던 경험 과정 가장 힘들었던 무엇이었는지 기술하 400 Bytes 이상1000 Bytes 이내 작성
1881,1,"<도전- 단체활동, 봉사활동 혹은 영업과 관련된 사회경험이 있다면 말씀하여 주시고, 그 기간 동안 이룬 가장 큰 성취(성과)와 달성 과정에 대하여 말씀하여 주세요.>",도전 단체활동 봉사활동 영업 관련된 사회경험 있다면 말씀 주시고 기간 동안 이룬 가장 성취성과 달성 과정 말씀
1882,1,"대학생활 중 가장 뛰어난 성과를 거두었던 경험이 무엇이었으며, 그 과정에서 어떠한 노력을 하였고 무엇을 배웠는지 작성해주세요.* [500자 이내]",대학생활 가장 뛰어난 성과 거두었던 경험 무엇이었으며 과정 어떠한 노력 하였고 무엇 배웠는지 작성해
1883,1,"살면서 가장 어려웠던 경험은 무엇이었으며, 그것을 극복하기 위해서 어떠한 노력을 하였고 결과가 어떠하였는지 작성해주세요. * [500자 이내]",살면서 가장 어려웠던 경험 무엇이었으며 그것 극복하기 어떠한 노력 하였고 결과 어떠하였는지 작성해
1884,1,자신이 가장 중요시하는 가치와 그 이유에 대해 기술하시오.(500자 8단락),자신 가장 중요시 가치 이유 대해 기술하
1885,1,"자신의 인생에서 가장 어려웠던 일, 또는 실패했던 경험과 그 당시 어떻게 대처했는지에 대해 기술해 주십시오. (500자)",자신 인생 가장 어려웠던 실패했던 경험 당시 어떻게 대처했는지 대해 기술해 500자
1886,1,"애경그룹 유통부문(AK PLAZA, AK MALL)을 가장 잘 설명할 수 있는 이미지와 그 이유에 대하여 기술하시오.",애경그룹 유통부문 가장 설명할 이미지 이유 기술하
1887,1,"본인이 살면서 가치관을 형성하는데 가장 큰 영향을 끼친 경험이 무엇이며, 그 경험을 통하여 배운 점과 이후의 삶에 영향을 미친 구체적인 사례를 기술하여 주시기 바랍니다",본인 살면서 가치관 형성하는데 가장 영향 끼친 경험 무엇 경험 배운 이후 영향 미친 구체적인 사례 기술 주시기 바랍니다
1888,1,본인의 인생에 가장 큰 영향을 미쳤던 일(사건/경험)에 대해 기술해 주세요. (700자) 1) 구체적인 실제 사건 2) 어떠한 영향을 미쳤는지 3) 그 사건 전/후로 어떤 점이 달라졌는지,본인 인생 가장 영향 미쳤던 대해 기술해 700자 구체적인 실제 사건 어떠한 영향 미쳤는지 사건 전후 어떤 달라졌는지
1889,1,본인을 가장 잘 표현할 수 있는 Keyword 3가지 작성,본인 가장 표현할 Keyword 3가지 작성
1890,1,"인생에서 가장 성취감을 느꼈던 일, 그 일을 달성하기 위해 어떤 노력을 하였는지",인생 가장 성취감 느꼈던 달성하기 어떤 노력 하였는지
1891,1,지금까지 힘들었던 시기와 대응방법에 대해서 (400글자 이내),지금 힘들었던 시기 대응방법
1892,1,"학교, 직장, 동호회 등 기억에 남는 경험과 이유 (400글자 이내)",학교 직장 동호회 기억 경험 이유
1893,1,"학창시절(고등학교 및 대학교) 가장 열심히 공부한 과목은 무엇이며, 어떻게 공부 하였고, 현재 그 분야(과목)에서 자랑할 만한 실력은 어느 정도 인지? (400글자 이내)",학창시절 가장 열심히 공부한 과목 무엇 어떻게 공부 하였고 현재 분야과목 자랑할 만한 실력 어느 인지
1894,1,"최근 3년 이내에 본인이 이룬 가장 큰 성과를 기술하되 목표 설정 이유, 노력 과정, 고난 극복, 결과 등을 구체적으로 기술하여 주십시오.",최근 3년 이내 본인 이룬 가장 성과 기술하되 목표 설정 이유 노력 과정 고난 극복 구체적 기술
1895,1,당사가 지닌 가장 탁월한 경쟁력은 무엇이라고 생각하십니까? (30자~500자),당사 지닌 가장 탁월한 경쟁력 무엇이라고 생각하십니까
1896,1,사회활동:학업 이외에 관심과 열정을 가지고 했던 다양한 경험 중 가장 기억에 남는 것을 구체적으로 기술해주세요.,사회활동학업 이외 관심 열정 가지고 했던 다양한 경험 가장 기억 구체적 기술해
1897,1,"자신이 겪은 가장 큰 실패경험 및 극복방법, 실패를 통하여 얻은 교훈에 대하여 기술하시오.",자신 가장 실패경험 극복방법 실패 교훈 기술하
1898,1,학업 이외에 본인이 관심과 열정을 가지고 가장 자기주도적으로 계획을 수립하고 추진했던 경험이 있으면 서술해주십시오. 500자,학업 이외 본인 관심 열정 가지고 가장 자기주도적 계획 수립 추진했던 경험 있으면 서술해주 500자
1899,1,"자신의 경험 중 가장 도전적이었던 일은 무엇이며, 극복하기 위해 했던 행동, 노력, 생각을 구체적으로 기술하시오.(한글은 한 글자에 2byte입니다.) (0/1000 bytes)",자신 경험 가장 도전적이었던 무엇 극복하기 했던 행동 노력 생각 구체적 기술하
1900,1,"자신이 수강한 전공과목 중 가장 자신 있는 전공 3가지에 대해, 각각의 이유와 학점을 명시해 주세요. 600자",자신 수강한 전공과목 가장 자신 전공 3가지 대해 각각 이유 학점 명시해 600자
1901,1,"자신의 경험 중 가장 도전적이었던 일은 무엇이며, 극복하기 위해 했던 행동, 노력, 생각을 구체적으로 기술하시오. (500자)",자신 경험 가장 도전적이었던 무엇 극복하기 했던 행동 노력 생각 구체적 기술하 500자
1902,1,인간관계에 있어서 무엇이 가장 중요하다고 생각하십니까? [ 200자 이상 300자 이내],인간관계 있어서 무엇 가장 중요하다고 생각하십니까
1903,1,가장 좋아하는 과목과 그 이유에 대해 간략히 설명해 주세요. [ 100자 이상 200자 이내],가장 좋아 과목 이유 대해 간략히 설명해
1904,1,가장 싫어하는 과목과 그 이유에 대해 간략히 설명해 주세요. [ 100자 이상 200자 이내],가장 싫어 과목 이유 대해 간략히 설명해
1905,1,귀하를 가장 잘 표현할 수 있는 상징단어와 그 이유는 무엇입니까? 최소 200자 / 500자 제한,귀하 가장 표현할 상징단어 이유 무엇입니까 최소 200자 500자 제한
1906,1,근현대사 인물 중 귀하가 가장 존경하는 인물과 그 이유는 무엇입니까? 최소 200자 / 500자 제한,근현대사 인물 귀하 가장 존경 인물 이유 무엇입니까 최소 200자 500자 제한
1907,1,현대자동차그룹의 5대 핵심가치 중에서 귀하가 가장 인상 깊게 경헙한 사례 한가지를 소개바랍니다.-5대 핵심가치 中 택1 최소 200자 / 500자 제한,현대자동차그룹 5대 핵심가치 귀하 가장 인상 깊게 경헙한 사례 한가지 소개바랍니다5대 핵심가치 택1 최소 200자 500자 제한
1908,1,지원분야에 대한 지원자 본인의 직무전문성을 가장 잘 보여주는 사례 기술 (600자),지원분야 지원자 본인 직무전문성 가장 보여주 사례 기술 600자
1909,1,본인에게 가장 힘들었던 도전 또는 인상적인 경험과 그것을 통해서 이룬 것 상세 기재.,본인 가장 힘들었던 도전 인상적인 경험 그것 이룬 상세 기재
1910,1,"나의 인생관 및 인생관 형성에 가장 영향을 주었던 것(인물,사전,책,영회등)과 그것이 어떻게 영향을 주었는가?(1000자 이내)",인생관 인생관 형성 가장 영향 주었던 그것 어떻게 영향 주었는
1911,1,"열정을 가지고 몰입했던 경험, 창의적인 아이디어를 가지고 목표를 이루어낸 경험, 가장 힘들었던 경험과 그것을 통해 깨달은 점 중 한가지를 선택하여구체적으로 기술해 주십시오.",열정 가지고 몰입했던 경험 창의적인 아이디어 가지고 목표 이루어낸 경험 가장 힘들었던 경험 그것 깨달 한가지 선택하여구체적 기술해
1912,1,"자신의 인생에서 가장 어려웠던 일, 또는 실패했던 경험과 그 당시 어떻게 대처했는지에 대해 기술해 주십시오.",자신 인생 가장 어려웠던 실패했던 경험 당시 어떻게 대처했는지 대해 기술해
1913,1,본인이 살아오면서 경험한 가장 큰 성과와 가장 큰 실패에 대해 말해보시오.,본인 살아오면서 경험한 가장 성과 가장 실패 대해 말해보
1914,1,이제까지 가장 어려웠던 위기와 이를 극복하기 위해 했던 행동과 결과에 대해 구체적으로 기술하십시오. (1200 byte),이제 가장 어려웠던 위기 극복하기 했던 행동 결과 대해 구체적 기술하
1915,1,My Story : 본인이 이룬 가장 큰 성취경험과 실패경험에 대하여,My Story 본인 이룬 가장 성취경험 실패경험
1916,1,최근 1년 내에 본인의 목표 또는 가장 노력한 일과 그 결과에 대해 기술해 주세요,최근 1년 본인 목표 가장 노력한 결과 대해 기술해
1917,1,사회활동: 학업 이외에 관심과 열정을 가지고 했던 경험 중 가장 기억에 남는 것을 구체적으로 기술해주세요 (800자),사회활동 학업 이외 관심 열정 가지고 했던 경험 가장 기억 구체적 기술해 800자
1918,1,사회활동: 학업 이외에 과나심과 열정을 가지고 했던 다양한 경험 중 가장 기억에 남는 것을 구체적으로 기술해 주세요.,사회활동 학업 이외 과나심 열정 가지고 했던 다양한 경험 가장 기억 구체적 기술해
1919,1,"자신의 경험 중 가장 도전적이었던 일은 무엇이며, 극복하기 위해 했던 행동, 노력, 생각을 구체적으로 기술하시오. (500자 이내)",자신 경험 가장 도전적이었던 무엇 극복하기 했던 행동 노력 생각 구체적 기술하
1920,1,"지원자가 살아오면서 해결해야 했던 가장 어려운 과제는 무엇이었습니까? - 구체적으로 언제, 어떤 상황이었습니까? - 어떤 대안들을 모색했으며, 어떤 기준으로 하나의 대안을 선택하셨습니까? - 그 결과에 어느 정도 만족하십니까? * [300자 이내]",지원자 살아오면서 해결 했던 가장 어려운 과제 무엇이었습니까 구체적 언제 어떤 상황이었습니까 어떤 대안들 모색했으며 어떤 기준 하나 대안 선택하셨습니까 결과 어느 만족하십니까
1921,1,"한전의 고객을 특정 기준에 따라 분류하고, 해당 고객에게 가장 적합한 서비스 또는 고객만족 방법은 무엇일지 귀하의 아이디어를 기술하여 주십시오.",한전 고객 특정 기준 따라 분류 해당 고객 가장 적합한 서비스 고객만족 방법 무엇일지 귀하 아이디어 기술
1922,1,"전공학습이나 소위 스펙 쌓기와 무관한 일 중, 가장 흥미 있게 한 활동은 무엇이었는 지와, 그 이유를 구체적으로 서술하세요 (600자)",전공학습 소위 스펙 쌓기 가장 흥미 있게 활동 무엇이었 이유 구체적 서술하 600자
1923,1,지금까지 이룬 가장 큰 성취 3가지 (200Bytes 이내),지금 이룬 가장 성취 3가지
1924,1,자신이 가장 강한의지를 불태웠었던 경험과 그 결과에 대해 기술하시오. (1000 Bytes 이내),자신 가장 강한의지 불태웠었던 경험 결과 대해 기술하
1925,1,"최근 자신이 가장 힘들었던 경험은 무엇이었으며, 어떻게 극복하였는지 기술하시오. (1000 Bytes 이내)",최근 자신 가장 힘들었던 경험 무엇이었으며 어떻게 극복하였는지 기술하
1926,1,"성인이 된 이후 가장 큰 성취감과 좌절감을 느꼈던 일은 무엇이고, 왜 그렇게 느꼈는지 기술해주세요. (1000자 이내)",성인 이후 가장 성취감 좌절감 느꼈던 무엇 그렇게 느꼈는지 기술해
1927,1,현재까지 가장 보람을 느꼈던 일과 가장 힘들었던 일 및 그에 대해서 어떻게 극복했는지 구체적으로 기재하시오.,현재 가장 보람 느꼈던 가장 힘들었던 어떻게 극복했는지 구체적 기재하
1928,1,여러분의 대학생활 중 가장 뛰어난 성과를 이뤄냈던 경험을 구체적으로 작성,여러분 대학생활 가장 뛰어난 성과 이뤄냈던 경험 구체적 작성
1929,1,"인생에서 겪었던 가장 의미 있는 사건은 무엇이며, 그 사건이 본인에게 미친 영향에 대하여 서술해 주십시오. (500자 이내)",인생 겪었던 가장 의미 사건 무엇 사건 본인 미친 영향 서술해
1930,1,학업 이외에 관심과 열정을 가지고 했던 다양한 경험 중 가장 기억에 남는 것을 구체적으로 기술해주세요. (800자),학업 이외 관심 열정 가지고 했던 다양한 경험 가장 기억 구체적 기술해 800자
1931,1,"자신의 경험 중 가장 힘들었던 일은 무엇이며, 그 일을 극복하기 위해 어떤 노력을 다하였는지 서술하여 주십시오 [ 500자 이내 ]",자신 경험 가장 힘들었던 무엇 극복하기 어떤 노력 다하였는지 서술
1932,1,"자신의 경험 중 가장 도전적이었던 일은 무엇이며, 극복하기 위해 했던 행동, 노력, 생각을 구체적으로 기술하시오",자신 경험 가장 도전적이었던 무엇 극복하기 했던 행동 노력 생각 구체적 기술하
1933,1,"애경그룹 유통부분(ak plaza, ak mall)가장 잘 설명할 수 있는 이미지와 그 이유 (1000자)",애경그룹 유통부분 가장 설명할 이미지 이유
1934,1,"본인이 살면서 가치관을 형성하는데 가장 큰 영향을 끼친 경험이 무엇이며, 그 경험을 통하여 배운 점과 이후의 삶에 영향을 미친 구체적인 사례를 기술하여 주시기 바랍니다. (1000자)",본인 살면서 가치관 형성하는데 가장 영향 끼친 경험 무엇 경험 배운 이후 영향 미친 구체적인 사례 기술 주시기 바랍니다
1935,1,자신의 성장과정(학창시절 포함) 중 가장 기억에 남는 일화를 기술하여 주십시오. 700자 이내,자신 성장과정 가장 기억 일화 기술
1936,1,"본인이 인생에서 가장 힘들거나 어려웠을 때를 기술하고, 이를 어떻게 극복했는지 서술하시오.",본인 인생 가장 힘들거 어려웠 기술 어떻게 극복했는지 서술하
1937,1,"자신에게 요구된 것보다 더 높은 목표를 스스로 세워 시도했던 경험 중 가장 기억에 남는 것은 무엇입니까? 목표 달성 과정에서 아쉬웠던 점이나 그 때 느꼈던 자신의 한계는 무엇이고 이를 극복하기 위해 했던 행동과 생각, 결과에 대해 최대한 구체적으로 작성해 주십시오.",자신 요구된 목표 스스 세워 시도했던 경험 가장 기억 무엇입니까 목표 달성 과정 아쉬웠던 느꼈던 자신 한계 무엇 극복하기 했던 행동 생각 결과 대해 구체적 작성해
1938,1,대학생활 중 가장 도전적으로 임하였던 일은 무엇입니까? (2000자),대학생활 가장 도전적 임하였던 무엇입니까
1939,1,"전공 혹은 취업과 무관한 일 중 가장 흥미있게 한 활동은 무엇이며, 그 이유와 활동을 통해 배운 점을 서술해주십시오. [500자 이상 3000자 이내]",전공 취업 가장 흥미있게 활동 무엇 이유 활동 배운 서술해주
1940,1,"본인에게 주어진 일 중 가장 어려웠던 경험이 무엇이었는지 기술하고 그 일을 하게 된 이유와 그 때 느꼈던 감정, 일을 진행하면서 가장 어려웠던 부분과 그것을 극복하기 위해 했던 생각, 결과에 대해 구체적으로 작성해 주십시오.(2000자)",본인 주어진 가장 어려웠던 경험 무엇이었는지 기술 하게 이유 느꼈던 감정 진행하면서 가장 어려웠던 부분 그것 극복하기 했던 생각 결과 대해 구체적 작성해
1941,1,인터파크에서 가장 자주 사용하는 서비스와 그 이유는?,인터파크 가장 자주 사용 서비스 이유
1942,1,자신의 성격에서 가장 큰 장점은 무엇이라고 생각하시나요?,자신 성격 가장 장점 무엇이라고 생각하시나요
1943,1,가장 관심 많았던 전공분야는 무엇이고 이와 관련된 활동이나 성취한 결과에 대해 설명,가장 관심 많았던 전공분야 무엇 관련된 활동 성취한 결과 대해 설명
1944,1,타인과의 관계에 있어서 가장 크게 후회되었던 상황과 이를 극복하기 위해 노력한 점을 설명,타인과 관계 있어서 가장 크게 후회되었던 상황 극복하기 노력한 설명
1945,1,"자신에게 주어졌던 일 중 가장 어려웠던 경험은 무엇이었습니까? 그 일을 하게 된 이유와 그때 느꼈던 감정, 진행하면서 가장 어려웠던 점과 그것을 극복하기 위해 했던 생각, 결과에 대해 최대한 구체적으로 작성해 주십시오.",자신 주어졌던 가장 어려웠던 경험 무엇이었습니까 하게 이유 그때 느꼈던 감정 진행하면서 가장 어려웠던 그것 극복하기 했던 생각 결과 대해 구체적 작성해
1946,1,"이제까지 가장 강하게 소속감을 느꼈던 조직은 무엇이엇으며, 그조직의 발전을 위해 헌신적으로 노력했던 것 중 가장 기억에 남는 경험은 무엇입니까? 개인적으로 더 많은 노력을 기울였던 일과 그 때 했던 생각, 결과에 대해 최대한 구체적으로 작성해 주십시오",이제 가장 강하게 소속감 느꼈던 조직 무엇이엇으며 그조직 발전 헌신적 노력했던 가장 기억 경험 무엇입니까 개인적 노력 기울였던 했던 생각 결과 대해 구체적 작성해
1947,1,학창시절에 가장 열등했던 점은 무엇이었습니까,학창시절 가장 열등했던 무엇이었습니까
1948,1,"학창시절(대학/고교) (동아리 활동, 학과) 또는 이제까지 귀하가 살아오면서 가장 인상 깊었던 일은? 또는 대표를 했거나, 상을 탔거나, 장학금을 탔거나 또는 특별히 성취했던 것은 무엇입니까?",학창시절 이제 귀하 살아오면서 가장 인상 깊었던 대표 했거 탔거 장학금 탔거 특별히 성취했던 무엇입니까
1949,1,학창시절 또는 이제까지 귀하가 살아오면서 가장 힘들었던 경험은? 힘들었던 상황을 어떻게 극복하셨습니까?,학창시절 이제 귀하 살아오면서 가장 힘들었던 경험 힘들었던 상황 어떻게 극복하셨습니까
1950,1,"학창시절 또는 다른 경험을 돌이켜 볼 때 가장 많은 대화를 한 사람은(선배, 동료, 후배) 누구이며, 그 이유는 무엇입니까?",학창시절 다른 경험 돌이켜 가장 대화 사람 누구 이유 무엇입니까
1951,1,"한컴이 꿈꾸는 미래...당신이 꿈꾸는 미래...함께 할 수 있다면, 당신이 가장 중요하게 생각하는 가치의 기준은 무엇인지 구체적으로 서술해 주세요. (700byte)",한컴 꿈꾸 미래당신 꿈꾸 미래함 있다면 당신 가장 중요하게 생각 가치 기준 무엇인지 구체적 서술해
1952,1,사회활동 : 학업 이외에 관심과 일정을 가지고 했던 다양한 경험 중 가장 기억에 남는 것을 구체적으로 기술해주세요.,사회활동 학업 이외 관심 일정 가지고 했던 다양한 경험 가장 기억 구체적 기술해
1953,1,"지금까지 살아오면서 자신이 이루어낸 가장 큰 변화에 대한 당시 상황, 자신의 행동, 결과",지금 살아오면서 자신 이루어낸 가장 변화 당시 상황 자신 행동
1954,1,"본인이 살면서 가치관을 형성하는데 가장 큰 영향을 끼친 경험이 무엇이며, 그 경험을 통하여 배운 점과 이후의 삶에 영향을 미친 구체적인 사례를 기술하여 주시기 바랍니다. 1000자",본인 살면서 가치관 형성하는데 가장 영향 끼친 경험 무엇 경험 배운 이후 영향 미친 구체적인 사례 기술 주시기 바랍니다 1000자
1955,1,위의 세가지 인재상 중에서 자신과 가장 적합하다고 생각하는 것 하나를 선택하여 그렇게 생각하는 이유를 구체적인 사례(행위에 따른 결과 등 포함)를 포함하여 기술해 주십시오.,세가지 인재상 자신 가장 적합하다고 생각 하나 선택 그렇게 생각 이유 구체적인 사례 포함 기술해
1956,1,"다음 단어 중 본인을 가장 잘 표현하는 한 단어를 선택하고, 그 이유에 대하여 경험위주로 구체적으로 기술해 주십시오. [한글 600자 이내 및 16라인 이내로 작성]",다음 단어 본인 가장 표현 단어 선택 이유 경험위주 구체적 기술해 한글 16라인 이내 작성
1957,1,여러분의 대학생활 중 가장 뛰어난 성과를 이뤄냈던 경험을 구체적으로 적어주세요. 1) 그 일을 시작한 계기 2) 노력한 과정과 결과 뛰어난 성과라고 생각하는 이유를 반드시 포함하여 작성해 주세요. (1000자),여러분 대학생활 가장 뛰어난 성과 이뤄냈던 경험 구체적 적어 시작한 계기 노력한 과정 뛰어난 성과라고 생각 이유 반드시 포함 작성해
1958,1,사회 활동 : 학업 이외에 관심과 열정을 가지고 했던 다양한 경험 중 가장 기억에 남는 것을 구체적으로 기술해주세요.,사회 활동 학업 이외 관심 열정 가지고 했던 다양한 경험 가장 기억 구체적 기술해
1959,1,본인의 인생에 가장 큰 영향을 미쳤던 일(사건/경험)에 대해 기술해 주세요.,본인 인생 가장 영향 미쳤던 대해 기술해
1960,1,인생에서 이룬 가장 큰 성과,인생 이룬 가장
1961,1,본인이 가장 관심있고 호기심 많았던 분야에 대해서 기술해 주십시오.,본인 가장 관심 호기심 많았던 분야 기술해
1962,1,"나의 인생에서 가장 극적이었던 한 장면과, 그 사건이 본인에게 미친 영향을 소개해 주십시오.",인생 가장 극적이었던 장면 사건 본인 미친 영향 소개해
1963,1,"자신에게 주어졌던 일 중 가장 어려웠던 경험과 극복하기 위한 노력, 배운 점을 기술하시오.",자신 주어졌던 가장 어려웠던 경험 극복하기 노력 배운 기술하
1964,1,"다음 단어 중 본인을 가장 잘 표현하는 한 단어를 선택하고, 그 이유에 대하여 경험위주로 구체적으로 기술해 주십시오. [정직, 성실, 협력, 창의, 전문성, 도전, 열정]",다음 단어 본인 가장 표현 단어 선택 이유 경험위주 구체적 기술해 정직 성실 협력 전문성 도전 열정
1965,1,학업 이외에 관심과 열정을 가지고 했던 다양한 경험 중 기억에 남는 것을 기술해 주세요. (300자),학업 이외 관심 열정 가지고 했던 다양한 경험 기억 기술해 300자
1966,1,직무교육 중에서 채용직무와 가장 밀접한 교육 한 가지를 300자 이내로 기술하시오,직무교육 채용직무 가장 밀접한 교육 가지 기술하
1967,1,직무관련 기타 활동 중에서 채용직무와 가장 밀접한 활동 한 가지를 300자 이내로 기술하시오,직무 기타 활동 채용직무 가장 밀접한 활동 가지 기술하
1968,1,"지금까지 살아오면서 가장 도전적인 목표는 무엇이었으며, 그 목표를 달성하기 위해 어떤 노력을 기울였습니까? 목표달성 과정 및 결과에 대해 구체적으로 기술해주십시오.",지금 살아오면서 가장 도전적인 목표 무엇이었으며 목표 달성하기 어떤 노력 기울였습니까 목표달성 과정 결과 대해 구체적 기술해주
1969,1,대학생활 중 가장 주목할 만한 성과 세 가지를 구체적으로 작성해 주십시오.,대학생활 가장 주목할 만한 가지 구체적 작성해
1970,1,"본인이 단체생활(학교, 동아리, 기타 조직생활 등)에서 겪은 가장 큰 어려움과 그것을 극복하기 위해 어떠한 노력을 했는지 기술하여 주십시오. (700자)",본인 단체생활 가장 어려움 그것 극복하기 어떠한 노력 했는지 기술 700자
1971,1,"(성취경험) 최근 7년 이내 경험 중 가장 강렬히 성취하고 싶었던 일과 이를 달성하기 위해 했던 일, 그 결과를 구체적으로 작성 [3000byte]",성취경험 최근 7년 이내 경험 가장 강렬히 성취 싶었던 달성하기 했던 결과 구체적 작성 3000byte
1972,1,본인이 지금까지 살아오면서 가장 큰 난관에 부딪힌 사례를 소개하고 난관을 극복한 방법과 그 결과를 통해 느낀 점을 작성해 주십시오. ( 100자 이상 400자 이내 ),본인 지금 살아오면서 가장 난관 부딪힌 사례 소개 난관 극복한 방법 결과 느낀 작성해
1973,1,귀하의 재학 또는 재직기간 동안 가장 뛰어난 업적은 무엇입니까? 그리고 왜 그렇게 생각하는지를 기술해 주십시오.,귀하 재학 재직기간 동안 가장 뛰어난 업적 무엇입니까 그리고 그렇게 생각하는지 기술해
1974,1,살아오면서 중요했던 일 3가지,살아오면서 중요했던 3가지
1975,1,"여러분이 경험한 교내,외 활동에서 IT와 관련된 가장 의미있는 사례를 구체적으로 기술해 주세요. (1500자)",여러분 경험한 교내외 활동 IT 관련된 가장 의미 사례 구체적 기술해
1976,1,"본인이 지금까지 살아오면서 가장 어려웠던 문제나 난관에 부딪힌 사례와 그 일을 어떻게 극복하였으며, 그 결과를 통해 느낀 점을 작성해 주십시오. (400자~600자)",본인 지금 살아오면서 가장 어려웠던 문제 난관 부딪힌 사례 어떻게 극복하였으며 결과 느낀 작성해
1977,1,항공기발전에서 중요한 것,항공기발전 중요한
1978,1,여러분의 대학생활 중 가장 뛰어난 성과를 이뤄냈던 경험을 구체적으로 적어주세요.,여러분 대학생활 가장 뛰어난 성과 이뤄냈던 경험 구체적 적어
1979,1,"CJ헬로비전의 서비스(상품) 중 가장 선호하는 것을 선정하여, 타사 유사 서비스(상품) 대비 강점 및 보완점을 기술하세요. (500자)",CJ헬로비전 서비스상품 가장 선호 선정 타사 유사 서비스상품 대비 강점 보완점 기술하 500자
1980,1,"여러분이 경험한 교내,외 활동에서 IT와 관련된 가장 의미있는 사례를 구체적으로 기술해 주세요. ① 가장 의미있다고 생각한 이유 ② 해당 사례에서 노력한 과정과 결과 ③ 해당 경험이 입사 후 기여할 수 있는 점은 무엇인지에 대하여 작성해 주세요. (1500자 이내) 공모전 수상사례",여러분 경험한 교내외 활동 IT 관련된 가장 의미 사례 구체적 기술해 가장 의미있다고 생각한 이유 해당 사례 노력한 과정 해당 경험 입사 기여할 무엇인지 작성해 공모전 수상사례
1981,1,풀무원의 인재상 H.O.P.E. 중에서 본인이 생각하는 가장 우선시 되는 가치는 무엇이라고 생각하는지 서술하시오. (100~400자),풀무원 인재상 HOPE 본인 생각 가장 우선시 가치 무엇이라고 생각하는지 서술하
1982,1,"자신이 가장 자랑할만한 성공체험은 무엇이며, 이를 위해 어떠한 노력을 했는지 기술하시오 글자수 (100자 ~ 500자)",자신 가장 자랑할만한 성공체험 무엇 어떠한 노력 했는지 기술하 글자수
1983,1,[성실한 조직인] 과거 타인과의 인간관계에서 가장 힘들었던 갈등상황과 이를 슬기롭게 극복할 수 있었던 본인의 전략 및 노하우에 대해 기술하시오.(600자 이내),성실한 조직인 과거 타인과 인간관계 가장 힘들었던 갈등상황 슬기롭게 극복할 있었던 본인 전략 노하우 대해 기술하
1984,1,내 삶에 있어 가장 기억에 남는 일에 대해 기술하십시오.,있어 가장 기억 대해 기술하
1985,1,"본인을 가장 잘 표현할 수 있는 Keyword 3가지(성장환경, 학교생활, 사회활동 경험)를 작성 하시오. (1200자)",본인 가장 표현할 Keyword 3가지 작성
1986,1,"자신이 살아오면서 가장 성취감을 느꼈던 일은 무엇이고, 그 일을 달성하기 위하여 어떤 노력을 하였는지 작성 하시오. (1200자)",자신 살아오면서 가장 성취감 느꼈던 무엇 달성하기 어떤 노력 하였는지 작성
1987,1,"자신에게 주어졌던 일 중 가장 해결하기 어려웠던 경험은 무엇입니까? 또한 그 난관을 극복하기 위해 어떠한 노력을 하였고, 그 결과는 어떠했는지 구체적으로 작성해 주십시오. (1,000자)",자신 주어졌던 가장 해결하기 어려웠던 경험 무엇입니까 또한 난관 극복하기 어떠한 노력 하였고 결과 어떠했는지 구체적 작성해
1988,1,본인에게 가장 힘들었던 도전 또는 인상적인 경험과 그것을 통해서 이룬 것에 대해 상세히 기재해 주십시오.,본인 가장 힘들었던 도전 인상적인 경험 그것 이룬 대해 상세히 기재해
1989,1,"[인간관계/갈등해결] 과거 같은 집단에 속한 인원과 있었던 가장 심한 갈등은 무엇이었고, 이를 어떻게 해결하였는지 서술해 주십시오. (400자)",인간관계갈등해결 과거 집단 속한 인원 있었던 가장 심한 갈등 무엇이었고 어떻게 해결하였는지 서술해 400자
1990,1,"당신의 전공 분야와 융합했을 때, 가장 높은 시너지를 낼 수 있는 분야를 선택하고, 그 이유와 예상되는 시너지 효과에 대해 기술하시오. (1000바이트)",당신 전공 분야 융합했 가장 시너지 분야 선택 이유 예상되 시너지 효과 대해 기술하
1991,1,재학 중 경험했던 일들 중 가장 인상깊은 일이나 남다른 성취 혹은 그 밖의 특징적인 사항들을 적어주세요,재학 경험했던 일들 가장 인상깊 남다른 성취 특징적인 사항들 적어
1992,1,자신의 인생에 있어서 가장 인상 깊었던 게임은? 그리고 그 게임을 선택한 이유는 무엇인지 상세하게 적어주세요 (500자 제한),자신 인생 있어서 가장 인상 깊었던 게임 그리고 게임 선택한 이유 무엇인지 상세하게 적어
1993,1,사회활동 : 학업 이외의 관심과 열정을 가지고 했던 다양한 경험 중 가장 기억에 남는 것을 구체적으로 기입해주세요. (800),사회활동 학업 이외 관심 열정 가지고 했던 다양한 경험 가장 기억 구체적 기입해 800
1994,1,학창시절에 가장 열등했던 점은 무엇이었습니까?,학창시절 가장 열등했던 무엇이었습니까
1995,1,"본인이 이룬 가장 큰 성취경험과 실패경험에 대하여 본인의 인생에서 가장 큰 성취의 경험과 실패의 경험을 적고, 그 경험을 통하여 본인이 느끼고 배운 점에 대하여 자유롭게 기술하여 주시기 바랍니다. (100~500자)",본인 이룬 가장 성취경험 실패경험 본인 인생 가장 성취 경험 실패 경험 적고 경험 본인 느끼고 배운 자유롭게 기술 주시기 바랍니다
1996,1,본인에게 가장 힘들었던 도전 또는 인상적인 경험과 그것을 통해서 이룬 것에 대해 상세히 기재해 주십시오. 1500자,본인 가장 힘들었던 도전 인상적인 경험 그것 이룬 대해 상세히 기재해 1500자
1997,1,"지금까지 겪었던 일들 중 가장 큰 성공 또는 실패의 경험과, 성공의 이유 또는 실패를 통해 얻은 교훈에 대해 기술하여 주십시오. (2000자)",지금 겪었던 일들 가장 성공 실패 경험 성공 이유 실패 교훈 대해 기술
1998,1,"자신의 가장 자랑스러운 성취경험 또는 자신을 가장 힘들게 했던 실패경험은 무엇이었으며, 그것을 달성 또는 극복하기 위해 했던 노력에 대해 구체적으로 서술하시오. (600자 이내)",자신 가장 자랑스러운 성취경험 자신 가장 힘들게 했던 실패경험 무엇이었으며 그것 달성 극복하기 했던 노력 대해 구체적 서술하
1999,1,귀하의 하루 중 가장 의미 있는 시간을 약술하십시오. [200자],귀하 하루 가장 의미 시간 약술하 200자
2000,1,본인의 인생에서 가장 잘한 선택과 후회하는 선택 각 한가지씩 기술하시오. (800자),본인 인생 가장 잘한 선택 후회 선택 한가지씩 기술하 800자
2001,1,"본인이 살아오면서 가끔 도전적이었거나, 가장 인상 깊었던 경험을 기술하세요. (50~800자)",본인 살아오면서 가끔 도전적이었거 가장 인상 깊었던 경험 기술하
2002,1,"교내외 활동 중 가장 성취감이 컸던 경험과 목표 달성을 위한 본인의 노력에 대해 기술하여 주십시오,",교내외 활동 가장 성취감 컸던 경험 목표 달성 본인 노력 대해 기술
2003,1,"대학생활과 졸업이후 가장 어려웠던 경험은 무엇인가요? ① 어려움이 발생한 이유, ② 이를 극복하기 위한 노력(행동, 생각 등)과 그 결과, 느낀 점을 모두 포함하여 구체적으로 작성해 주세요.(1000자)",대학생활 졸업이후 가장 어려웠던 경험 무엇인가요 어려움 발생한 이유 극복하기 노력 느낀 모두 포함 구체적 작성해
2004,1,학업 이외에 관심과 열정을 가지고 했던 다양한 경험 중 기억에 남는것을 기술해 주세요.,학업 이외 관심 열정 가지고 했던 다양한 경험 기억 남는것 기술해
2005,1,가장 큰 성취감을 느낀 사례나 인상 깊었던 경험,가장 성취감 느낀 사례 인상 깊었던 경험
2006,1,"본인의 성장과정을 간략히 기술하되 현재의 자신에게 가장 큰 영향을 끼친 사건, 인물 등을 포함하여 기술하시기 바랍니다(*작품속 가상인물도 가능)(1500)",본인 성장과정 간략히 기술하되 현재 자신 가장 영향 끼친 사건 인물 포함 기술하시기 바랍니다 1500
2007,1,당신이 보유한 직무역량 중 금호석유화학그룹人이 되기 위해 가장 적합한 직무역량을 서술하십시오.,당신 보유한 직무역량 금호석유화학그룹 되기 가장 적합한 직무역량 서술하
2008,1,KCC인재상 중 자신에게 가장 부합하는 항목 선택하여 개인의 경험과 함께 기술,KCC인재상 자신 가장 부합 항목 선택 개인 경험 기술
2009,1,"[도전(경험)] 재학시절 가장 힘들었던 경험을 적고, 그것을 어떻게 극복했는지 적어주시기 바랍니다. (1000자)",도전경험 재학시절 가장 힘들었던 경험 적고 그것 어떻게 극복했는지 적어주시기 바랍니다
2010,1,학업 외 가장 열정적이고 도전적으로 몰입하여 성과를 창출했거나 목표를 달성한 경험을 기술하시오.,학업 가장 열정적 도전적 몰입 성과 창출했거 목표 달성한 경험 기술하
2011,1,대한제강의 인재상 중 가장 닮은 것,대한제강 인재상 가장
2012,1,"지금까지 살아오면서 가장 어려웠다고 생각하는 시기와 상황을 간략히 설명하고, 그 상황을 극복하기 위해 노력한 과정을 설명해 주십시오.",지금 살아오면서 가장 어려웠다고 생각 시기 상황 간략히 설명 상황 극복하기 노력한 과정 설명해
2013,1,"본인이 살면서 가치관을 형성하는데 가장 큰 영향을 끼친 경험이 무엇이며, 그 경험을 통하여 배운 점과 이후의 삶에 영향을 미친 구체적인 사례를 기술하여 주시기 바랍니다. 자기소개서 작성 가이드 글자수 (100자 ~ 1000자)",본인 살면서 가치관 형성하는데 가장 영향 끼친 경험 무엇 경험 배운 이후 영향 미친 구체적인 사례 기술 주시기 바랍니다 자기소개서 작성 가이드 글자수
