rank,cluster_id,question
1,3,개인 저장소 및 블로그 등이 있다면 운영 목적과 함께 서술하여 주십시오. (URL 포함)
2,3,"자기소개 (양식, 분량 자유)"
3,3,동료 또는 주변 사람이 평가하는 본인은 어떤 유형의 사람인지 서술하여 주시기 바랍니다.
4,3,본인 성격의 강/약점에 대해서 실제 사례를 포함하여 작성해 주세요.
5,3,자기소개서 자기 자신에 대해 자유롭게 기술해 주시기 바랍니다.
6,3,"성장과정을 간략히 기술하되 현재 자신에게 가장 큰 영향을 끼친 사건, 인물 등을 포함하여 기술하시오."
7,3,이력서 기재 사항 외 본인을 어필할 수 있는 사항이나 입사 후 성장 계획 등 추가적으로 언급하고 싶은 사항이 있다면 기술해 주십시오. (800자)
8,3,"본인의 성장과정을 간략히 기술하되 현재의 자신에게 가장 큰 영향을 끼친 사건, 인물 등을 포함하여 기술하시기 바랍니다. ("
9,3,한 줄 자기소개 (50자 이내)
10,3,성장과정에서 본인의 인생관에 영향을 끼친 경험과 이유를 소개해 주세요.
11,3,지원자 본인에 대하여 소개해 주세요. (성격/성향/가치관 등을 중심으로)
12,3,"성격의 장단점, 취미활동을 포함하여 자유롭게 자신을 표현해 주세요."
13,3,"BGF의 5가지 가치관 중 본인을 가장 잘 표현하는 가치관 1개를 선택하고, 그 이유를 본인의 경험과 함께 작성해 주세요. (최대 500자 입력 가능)"
14,3,성장과정 및 개인 특성
15,3,"본인 성격의 장단점을 각각 적고, 이와 관련한 사례를 기술하여 주십시오. (700자 이내)"
16,3,"자신의 성장과정, 지원 동기, 장점 및 단점, 취미, 희망 업무 및 포부, 기타 특기사항 등을 자유롭게 서술하시기 바랍니다."
17,3,지금의 나를 있게 한 가장 중요한 사건에 대해 구체적으로 기술해주세요.
18,3,"본인의 성격의 장/단점을 교보생명의 인재상을 참고하여 작성하여 주십시오. (1,000자)"
19,3,삶을 통해 이루고 싶은 인생의 비전 또는 목표 3가지를 우선순위 순으로 적어주십시오. (300자)
20,3,자신이 다른 사람과 구별되는 능력이나 기질을 써주십시오. (300자)
21,3,"살아오면서 자신이 성취한 것 중 자랑할 만한 것을 1, 2가지 소개해 주십시오. (300자)"
22,3,"본인이 남들과 다르게 몰입했거나, 남다른 지식이 있는 영역이 있다면 작성해주세요. (300자)"
23,3,위에서 표현되지 못한 자기소개를 간단하게 적어 주십시오. (1600자)
24,3,군복무기간 중 생활 대해서 적어 주십시오 . (500자)
25,3,학군단에서 배우고 얻은 것을 적어 주십시오 (학군장교만 해당) (500자)
26,3,(선택문항) 이외에 본인을 어필하고 싶은 내용을 자유롭게 서술해주세요. [250~500자]
27,3,자신이 어떤 사람인지를 하나의 '단어'로 어떻게 표현할 수 있는지 구체적인 사례를 들어 말씀해 주세요.
28,3,"본인의 장점과 단점을 기술해 주시고, 단점을 극복하기 위한 노력을 말씀해 주십시오.(600자)"
29,3,성장과정(학교생활)
30,3,기타사항(추가기재 희망사항)
31,3,타인과 차별화 할 수 있는 강점
32,3,성장과정 및 학창생활
33,3,성장과정 및 가치관
34,3,타인과 차별화 할 수 있는 본인의 강점은 무엇인지와 이를 발휘한 사례를 작성해주세요. [600자 내외]
35,3,본인의 성장과정을 작성해 주시길 바랍니다.
36,3,기본정보에 기재할 수 없었던 본인의 경험이나 강점을 자유롭게 서술하여 주시기 바랍니다.
37,3,"성격, 가치관, 성장 과정 등 본인을 진솔하게 소개해주세요."
38,3,"성장과정, 역경 및 극복과정, 생활신조 등 본인에 대해 자유롭게 소개해 주십시오"
39,3,"귀하에 대한 타인의 평가가 어떠한지 기재하고 귀하의 어떠한 면이(생활습관, 인생관 등) 그러한 평가를 이끌어 냈다고 생각하는지 구체적 사례를 포함하여 기술해 주십시오."
40,3,성장과정 : 성장과정을 구체적으로 기술해 주세요.
41,3,본인 성격의 장단점을 자신의 성장과정과 경험을 기반으로 서술하여 주십시오.
42,3,성격의 장점과 단점을 기술해 주시기 바랍니다. 입사 후 장점은 어떻게 활용하고 단점은 어떻게 보완할 수 있는지 간략히 기술해 주십시오. (500자 이내)
43,3,자신이 다른 사람과 구별되는 능력이나 기질을 써주십시오.
44,3,자신의 가치관과 비전을 형성하는데 중요한 영향을 준 책이나 사람과 그 이유를 적어 주십시오.
45,3,본인 성격의 장단점을 자신의 성장과정과 경험을 기반으로 서술하여 주십시오(600자)
46,3,성장과정을 구체적으로 기술해주세요.
47,3,본인의 성장과정 및 성격의 장단점에 대하여 기술해 주시기 바랍니다
48,3,본인의 가치관/생활신조/성격/장점/재능을 작성하여 주십시오.
49,3,본인 성격의 장점 및 보완점을 말씀해주세요(300자)
50,3,본인의 가장 뛰어난 역량은 무엇인가요?(300자)
51,3,이유를 말씀해주세요(300자)
52,3,본인이 생각하는 겸손의 정의와 이를 잘 드러내는 본인만의 사례를 구체적으로 서술해 주십시오(600자)
53,3,"본인의 성장과정을 간략히 기술하되 자신에게 가장 큰 영향을 끼친 사건, 인물 등을 포함하여 기술하시기 바랍니다.(1500자)"
54,3,"지원자 본인이 본 영화나 읽은 책 속 인물 중 자신과 가장 비슷하다고 생각되는 인물은 누구이며, 성장배경, 성격, 행동 등 어떤 점에서 비슷하다고 생각하는지 구체적으로 작성하여 주시기 바랍니다. (*영화/소설 속 허구 인물만 가능)(700자)"
55,3,삶을 통해 이루고 싶은 인생의 비전 또는 목표 3가지를 우선순위 순으로 적어 주십시오. (최대 300자)
56,3,"자신을 가장 잘 나타낼 수 있는 단어 5가지와 함께 성격, 가치관, 성장과정에 대해 구체적으로 작성해 주세요. (최대 500자)"
57,3,살아오면서 자신이 성취한 것 중 자랑할 만한 것 2가지를 소개해 주세요. (최대 500자)
58,3,위에서 표현되지 못한 자기소개를 간단하게 적어 주십시오. (최대 500자)
59,3,(선택문항) 이외에 본인을 어필하고 싶은 내용을 자유롭게 서술해주세요. [500자]
60,3,성장과정 / 성격의 장단점
61,3,"본인의 성장과정을 간략히 기술하되, 현재의 자신에게 가장 큰 영향을 끼친 사건, 인물 등을 포함하여 기술하시기 바랍니다(1000자)"
62,3,"본인의 성장과정을 간략히 기술하되 현재의 자신에게 가장 큰 영향을 끼친 사건, 인물 등을 포함하여 기술하시기 바랍니다(1500자)"
63,3,해당자에 한해(업무 관련 경력) 자유롭게 서술해 주십시오.
64,3,본인에 대하여 면접관이 꼭 알아주었으면 하는 사항에 대하여 자유롭게 서술해 주십시오.
65,3,귀하의 성실함을 보여줄 수 있는 경험이나 구체적인 사례를 서술하여 주십시오. (600자 이내)
66,3,귀하의 윤리의식·청렴도를 보여줄 수 있는 경험이나 구체적인 사례를 서술하여 주십시오.(600자 이내)
67,3,"본인이 KORLOY를 선택한 이유를 서술해주세요. (최소 1자, 최대 500자 입력가능)"
68,3,"KORLOY 인재상 중 본인과 부합하는 한 가지를 적고, 그렇게 생각하는 이유 또는 사례를 서술해주세요. (최소 1자, 최대 500자 입력가능)"
69,3,"KORLOY 입사 5년 후/10년 후의 본인은 어떤 모습일지 서술해주세요. (최소 1자, 최대 500자 입력가능)"
70,3,자신을 자유롭게 소개해 주세요.
71,3,"본인의 성장과정을 간략히 기술하되 현재의 자신에게 가장 큰 영향을 끼친 사건, 인물 등을 포함하여 기술하시기 바랍니다. (작품속 가상인물도 가능)"
72,3,본인의 성장과정과 성격의 장/단점을 설명해주세요
73,3,"본인의 가치관은 무엇이며, 이를 형성하는데 가장 큰 영향을 끼친 경험을 구체적으로 기술해주십시오."
74,3,타인과 차별화 할 수 있는 본인의 강점은 무엇인지와 이를 발휘한 사례를 작성해주세요.
75,3,(자유 양식)성장 과정
76,3,(자유 양식)성격의 장단점
77,3,자유롭게 본인을 소개해주시기 바랍니다.
78,3,(자유양식)성장 과정
79,3,(자유양식)성격의 장단점
80,3,(자유양식) 성장과정
81,3,(자유양식) 경력사항
82,3,최근 국내외 이슈 중 한 가지를 선택하여 본인의 견해를 서술하여 주십시오.(800자)
83,3,"자신이 팩트체크 인턴으로서 가진 장점, 특기를 기술하시오. (공백 포함 500자 이내)"
84,3,본인의 가치관을 가장 잘 표현해주는 경험/활동을 기술하시오. (공백 포함 500자 이내)
85,3,자기소개서 2500자 이내
86,3,"자유 양식으로 작성하시기 바랍니다. (최소 3,000자)"
87,3,2.? 본인의 삶에서 다른 사람에게 꼭 이야기해주고 싶은 경험이 있다면 기술해 주십시오. 550자
88,3,4.? 본인의 취미와 특기에 대해 기술해 주십시오. 550자
89,3,"자신의 가치관 또는 인생관에 영향을 미친 경험을 소개하고, 이를 통해 배우거나 느낀 점을 구체적으로 기술하시오.[ 500자 이상 700자 이내 ]"
90,3,본인의 성장 배경에 대하여 소개하여 주시기 바랍니다.* [100자 이상 500자 이내]
91,3,본인 성격의 장단점에 대하여 기재하여 주시기 바랍니다.* [100자 이상 500자 이내]
92,3,본인의 성격 또는 성향이 지원 분야와 적합한 이유에 대해 작성하시기 바랍니다. (1000자 이내)
93,3,성장과정을 중심으로 자기소개를 해주세요. (100자 이상 - 500자 이내)
94,3,본인의 특성 및 성격(장점/보완점)을 자유롭게 기술해주세요. 500자
95,3,본인을 한 마디로 소개한다면 어떻게 표현할 수 있는지 그리고 그 이유는 무엇인가요?
96,3,"성격의 장,단점에 대해 기술하고, 단점을 극복하기 위한 노력을 기술하세요."
97,3,본인의 긍정적인 모습(장점)과 개선이 필요한 모습(단점)에 대해 작성해주세요.
98,3,"성격 상의 장점 및 단점, 특기 - 중요 내용 위주로 간략하게 기술하여 주시기 바랍니다."
99,3,평소 내가 가장 좋아하는 일은 무엇인지 구체적인 경험을 바탕으로 서술해 주십시오. (600자)
100,3,"4. 농심의 슬로건은 ‘인생을 맛있게, 농심’입니다. 본인의 인생 모토를 제시하고, 그 이유에 대하여 기술해 주십시오. * 한글 800자 이내 및 18라인 이내로 작성"
101,3,현재까지 나의 모습
102,3,내가 보유하고 있는 강점과 약점
103,3,"[1-1] 성장과정:가족사항, 학창시절, 교우관계, 생활습관, 자신에게 크게 영향을 미친 사건 등을 포함하여 구체적으로 작성"
104,3,본인을 3가지 해시태그로 표현해 주시기 바랍니다.
105,3,자신에 대해 자유롭게 표현해 보세요. (필수)
106,3,성격의 강점과 약점
107,3,1. 성장과정 및 학창시절
108,3,2. 성격 소개 (장/단점)
109,3,"2. 본인의 장·단점을 각각 1개씩 기술하고, 그것을 뒷받침 할 수 있는 사례를 기술하시오. (100자 이상 500자 이내)"
110,3,본인의 취미와 특기에 대해 기술해 주십시오.
111,3,1. 삶을 통해 이루고 싶은 인생의 비전 또는 목표 3가지를 우선순위 순으로 적어주십시오. (300자)
112,3,2. 자신이 다른 사람과 구별되는 능력이나 기질을 써주십시오. (300자)
113,3,"3. 살아오면서 자신이 성취한 것 중 자랑할 만한 것을 1,2 가지 소개해 주십시오. (300자)"
114,3,6. 자주 읽는 신문과 잡지를 각 1~2개씩 적어 주십시오. (300자)
115,3,7. 자신의 가치관과 비전을 형성하는데 중요한 영향을 준 책이나 사람과 그 이유를 적어주십시오. (300자)
116,3,본인의 강점을 기술하세요
117,3,1. 성장과정(자신에 대한 소개)
118,3,3. 성격상의 장단점
119,3,본인 성격의 장점과 단점을 기술하여 주십시오.
120,3,자기 자신을 자유로운 형식으로 소개해주시기 바랍니다.
121,3,본인의 성장과정 및 성격의 장단점에 대하여 기술해 주시기 바랍니다.
122,3,본인의 가치관과 이 가치관에 큰 영향을 준 계기 및 사건을 기술해주세요
123,3,자신의 장점 두 개와 단점 두 개를 기술하여 주십시오.
124,3,"성격소개 (장.단점, 특기)"
125,3,1. 자신에게 영향을 끼친 사건과 인물 등을 포함하여 본인이 가지고 있는 가장 중요한 가치관은 무엇인지 설명해 주세요.
126,3,자기 자신을 해시태그(#)로 표현하고 해시태그를 설명해 주세요.
127,3,"본인을 대표하는 2가지 키워드를 선정하고, 그 이유에 대해 서술해 주세요."
128,3,"다른 사람들과의 관계에 있어서 본인의 장점이 무엇이며, 그 장점이 돋보였던 사례에 대해 서술해 주세요."
129,3,본인의 성장과정을 서술하되 자신에게 가장 큰 영향을 끼친 사건이나 인물 등을 포함하여 서술하여 주시기 바랍니다.
130,3,자기소개를 간략하게 기술하여 주십시오.
131,3,4. 본인에 대하여 면접관이 꼭 알아주었으면 하는 사항에 대하여 자유롭게 서술해 주십시오.
132,3,본인의 가치관과 이 가치관에 큰 영향을 준 계기 및 사건을 기술해주세요.
133,3,[필수문항] 자신에 대해 자유롭게 표현해 주세요.
134,3,자기소개 (400자이내)
135,3,장점 (200자이내)
136,3,보완점 (200자이내)
137,3,"2. 자신의 인생에서 가장 중요하게 생각하는 것 2가지는 무엇이며, 왜 그렇게 생각하는지 기술해 주세요."
138,3,"본인 성격의 장·단점, 생활신조, 가치관 등에 대하여 기술하시오."
139,3,상기 항목에 포함되지 않은 하고 싶은 말이 있다면 기술해 주시기 바랍니다.
140,3,본인의 성장 과정과 성격의 장단점에 대해서 기술하여 주십시오.
141,3,위에서 표현하지 못한 자기소개를 적어주세요
142,3,"본인의 장점, 단점 등 본인에 대해 자유롭게 기술하여 주십시오."
143,3,"성격의 장, 단점을 기술하되, 단점을 개선하기 위해 어떤 노력을 했는지 기술해 주십시오."
144,3,"다음 제시되는 단어를 자유롭게 활용하여, 본인이 인생에서 가장 중요하게 생각하는 가치관과 그와 관련한 경험을 작성해 주시기 바랍니다"
145,3,"본인의 장점과 단점을 기술해 주시고, 단점을 극복하기 위한 노력을 말씀해 주십시오."
146,3,본인의 성장과정과 삶의 가치관에 대해 기술해주십시오.
147,3,본인 성격의 장단점을 사례에 근거하여 서술해 주십시오.
148,3,자신에 대해서 이야기 해주세요.
149,3,"본인의 성장과정을 간략히 기술하되 현재의 자신에게 가장 큰 영향을 끼친 사건, 인물 등을 포함하여기술하시기 바랍니다. ("
150,3,본인의 특성 및 성격(장점/보완점)을 자유롭게 기술해주세요.
151,3,상세 답변(800자 이내)
152,3,상세 답변(1500자 이내)
153,3,나의 '인생 가치관'에 대해 성장과정 또는 경험을 바탕으로 서술해 주십시오. (600자)
154,3,"본인의 성장과정을 기술하되 현재의 자신에게 가장 큰 영향을 끼친 사건, 인물 등을 포함하여 기술하십시오."
155,3,자신의 성장배경에 대해 다음 2가지 내용을 포함하여 작성해주세요. (500) 1) 새로운 환경에 적응한 경험 2) 다른 사람과 신뢰를 형성한 경험
156,3,본인의 장점 및 단점
157,3,성장과정 : 성장과정을 구체적으로 기술해주세요.
158,3,"본인이 생각하는 자신의 중요한 인생 가치관은 무엇이며, 이러한 가치관이 만들어지게 된 배경과 그 가치관을 실현하기 위해 가장 노력했던 사례를 기술해주십시오. (1000자)"
159,3,본인 소개를 부탁드립니다.
160,3,My Story - 본인의 특성 및 성격(장점/보완점)을 자유롭게 기술해주세요. (500자 이내)
161,3,성장배경을 말씀해 주세요.
162,3,성격의 장단점을 말씀해 주세요.
163,3,자신에게 영향을 끼친 사건과 인물 등을 포함하여 본인이 가지고 있는 가장 중요한 가치관은 무엇인지 설명해 주세요.
164,3,본인의 성장과정에 대해 기술해 주세요.
165,3,"'나'를 표현할 수 있는 한 단어를 선택하고, 귀하에 대해 기술하여 주십시오."
166,3,1번에서 작성한 내용 외 본인에 대해서 어필 할 수 있는 내용을 자유롭게 작성해주십시오.
167,3,귀하의 장단점 및 구체적인 사례를 서술하시오.
168,3,성장과정 및 성격을 간략히 기술하세요.
169,3,나의 History를 자유롭게 기술 바랍니다.
170,3,나만의 One&Only (차별화된 강점)를 자유롭게 기술 바랍니다.
171,3,위 자기소개서 내용 외에 추가적으로 자신을 소개할 내용을 들려주시기 바랍니다.
172,3,자신을 표현하는 한 줄 PR
173,3,생활신조 및 자신만이 가지고 있는 강점과 극복해야 할 단점
174,3,"①최근 인상깊었던 기사/아티클/디지털콘텐츠 중 하나를 선정하고(언어, 매체 무관) ②그 이유와 인사이트를 본인의 경험/역량과 관련된 구체적 사례를 중심으로 커뮤니케이션(PR) 관점에서 작성해주세요. (1,000자 이내)"
175,3,"본인의 성장과정을 간략히 기술하되 현재의 자신에게 가장 큰 영향을 끼친 사건, 인물 등을 포함하여 기술하시기 바랍니다."
176,3,자신에게 영향을 끼친 사건과 인물 등을 포함하여 본인이 가지고 있는 가장 중요한 가치관은 무엇인지 설명해주세요.
177,3,"성격의 장단점을 기재해 주시고, 입사 후 본인의 장,단점을 어떻게 활용하고 극복해 나갈 지 기술하여 주십시오. (최대 800자)최소 400자"
178,3,본인의 장점과 단점에 대해 기술해주시기 바랍니다. (500자 내외)
179,3,개인역량(보유역량/가치관/직업관 등)
180,3,"성장과정을 간략히 기술하고, 특별히 성취감을 느낀 사례를 작성 해 주세요."
181,3,본인의 성장과정과 성격의 장/단점을 설명해주세요.
182,3,자신이 진행한 연구 및 프로젝트 또는 응시분야와 관련한 기타 경험을 요약하여 간단히 작성해 주시기 바랍니다. (최소 500자)
183,3,[자기소개서] 자유로운 형식으로 기술해 주세요. (1000자)
184,3,본인의 강점을 SNS(틱* 인별그램 등)에 올린다면 사용할 해시태그(#)와 키워드는 무엇이며 그렇게 생각한 이유를 기술하여 주십시오.
185,3,다른 사람들이 지원자를 평가할 때 가장 많이 언급하는 장점과 단점을 기술하여 주십시오.
186,3,"본인의 성장과정을 기술하되 현재의 자신에게 가장 큰 영향을 끼친 사건, 인물 등을 포함하여 기술하시기 바랍니다. (작품 속 가상인물도 가능)."
187,3,본인의 학교 생활에 대해 기술하시기 바랍니다.
188,3,"인생에서 가장 중요하다고 생각하는 가치를 쓰고, 가장 중요하게 생각하는 이유 및 그 가치를 실천한 사례를 구체적으로 기술하여 주십시오. (700자 이내)"
189,3,본인의 강점 및 약점에 대해서 기술하여 주십시오. (700자 이내)
190,3,본인이 생각하는 겸손의 정의와 이를 가장 잘 드러내는 본인만의 사례에 대해 구체적으로 서술해 주십시오.
191,3,성격의 장점과 단점
192,3,자기소개 - 자유양식
193,3,자기소개 - 자유양식(영문)
194,3,"본인의 성장과정을 간략히 기술하되, 현재의 자신에게 가장 큰 영향을 끼친 사건, 인물 등을 포함하여 기술하시기 바랍니다. (최대 1,000자 입력가능)"
195,3,본인의 성격의 장/단점을 교보생명의 인재상을 참고하여 작성하여 주십시오
196,3,위의 가치를 지키고 실현하기 위하여 본인이 기울인 노력 및 사례를 서술하여 주십시오. (500자 내외)
197,3,귀하를 가장 잘 표현할 수 있는 상징단어와 그 이유는 무엇입니까?(500자 내외)
198,3,"본인의 성격, 성장과정, 가치관 등을 포함하여 소개해 주십시오. (최대 800자 입력가능)"
199,3,"본인의 말에 끝까지 책임을 다하고, 본인만의 원칙을 지켰던 경험을 서술하십시오. (최대 800자 입력가능)"
200,3,(선택문항) 이외에 본인을 어필하고 싶은 내용을 자유롭게 서술해주세요. (500자)
201,3,본인의 성장과정과 삶의 가치관에 대해 기술해주십시오 (최대 500자 입력가능)
202,3,"창의, 열정, 신뢰 중 한 가지 키워드를 선택하여, 해당 가치를 실현한 경험을 기술해주십시오. (최대 500자 입력가능)"
203,3,주변사람들이 이야기하는 본인의 강점에 대하여 기술하시오
204,3,나의 `인생 가치관`에 대해 성장과정 또는 경험을 바탕으로 서술해 주십시오.
205,3,위에서 표현되지 못한 자기소개를 간단하게 적어 주십시오.
206,3,자신의 성장과정 및 성격과 가치관에 대하여 기술하여 주십시오.
207,3,[필수] 자신에 대해 자유롭게 표현해 주세요.
208,3,귀하를 가장 잘 표현할 수 있는 상징단어와 그 이유는 무엇입니까? (500자 내외)
209,3,"자신의 성격 등 본인에 대한 간단한 소개와, 고려아연을 지원한 동기를 서술하여 주십시오."
210,3,본인의 특성 및 성격(장점/보완점)을 자유롭게 기술해주세요. -구체적인 사례를 바탕으로 진솔하게 기술해주시기 바랍니다.
211,3,"본인의 강점을 SNS (틱*,인별그램 등)에 올린다면 사용할 해시태그(#)와 키워드는 무엇이며 그렇게 생각한 이유를 기술하여 주십시오. (200자)"
212,3,"다른 사람들이 지원자를 평가할 때 가장 많이 언급하는 장점과 단점을 기술하여 주십시오.(부모님, 친구 등) (200자)"
213,3,가장 감명 깊었던 영화/소설/시/음악은 무엇이며 본인에게 어떠한 영향을 주었는지 기술하여 주십시오 (200자)
214,3,"본인의 성장과장을 간략히 기술하되 현재의 자신에게 가장 큰 영향을 끼친 사건, 인물 등을 포함하여 기술하시기 바랍니다. (1500자 이내)("
215,3,자신을 한 줄로 PR해 주시기 바랍니다.
216,3,자신의 성장과정 및 성격(강점/약점)에 대해 기술해 주시기 바랍니다.
217,3,교내외 활동 및 특기사항을 기술해 주시기 바랍니다.
218,3,자신을 잘 표현할 수 있는 특별한 사건이나 경험 등을 중심으로 본인의 삶에 대해 자유롭게 작성해 주십시오.
219,3,위 경험 및 활동에서 본인이 맡았던 역할에 대해 기술해 주십시오. (400자 이내)
220,3,성장배경 및 학창시절 주요 경험
221,3,성격 장단점 및 생활신조
222,3,나의 `인생 가치관`에 대해 성장과정 또는 경험을 바탕으로 서술해 주십시오. (600자)
223,3,"성장과정 : 본인의 성장과정과 성격의 장, 단점을 작성해 주세요."
224,3,본인 성장과정/성격 장단점/생활신조(구체적으로 기술)
225,3,"본인의 성장과정을 간략히 기술하되 현재의 자신에게 가장 큰 영향을 끼친 사건, 인물 등을 포함하여 기술하시기 바랍니다. (1500자)"
226,3,"본인 성격의 장점과 단점은 무엇인지, 단점을 보완하기 위해 어떤 노력을 기울였는지 기술하여 주십시오."
227,3,"성장과정:가족사항, 학창시절, 교우관계, 생활습관, 자신에게 크게 영향을 미친 사건 등을 포함하여 구체적으로 작성하세요."
228,3,본인에 대해서 자유롭게 서술해주시기 바랍니다. (2000자 이내)
229,3,위 자기소개서 내용 외에 추가적으로 자신을 소개할 내용을 기술하여 주십시오.
230,3,자신의 성장배경에 대해 다음 2가지 내용을 포함하여 작성해주세요. 1) 새로운 환경에 적응한 경험 2) 다른 사람과 신뢰를 형성한 경험
231,3,"지원자님의 지난 인생의 모든 기록이 A라는 포털사이트에 담겨 있다고 가정했을 때, 해당 포털사이트에서 본인을 검색한다면 가장 많이 검색될 연관검색어는 무엇이며, 그 이유도 서술해 주세요."
232,3,성격 및 장단점 300자
233,3,"취미, 특기 (10자 이상 150자 이내)"
234,3,존경하는 인물과 이유 (100자 이상 300자 이내)
235,3,"성장과정을 간략히 기술하되 현재 자신에게 가장 큰 영향을 끼친 사건, 인물 등을 포함하여 기술하시오. (100자 이상 600자 이내)"
236,3,본인 성격의 장단점을 자신의 성장 과정과 경험을 기반으로 서술하여 주십시오.
237,3,귀하의 성장 과정에 대해 간단하게 기술 바랍니다.
238,3,귀하 성격의 장단점에 대해 간단하게 기술 바랍니다.
239,3,"성장과정(가정환경, 학교생활, 병역사항 등)"
240,3,성격의 장단점을 기술해 주십시오.
241,3,"자신의 성장과정을 기술하고, 특이사항이 있는 경우 그 내용을 상세히 기술하십시오."
242,3,"본인을 가장 잘 표현할 수 있는 단어 3가지를 제시하고, 그 이유에 대해 설명하시오."
243,3,본인의 가치관/생활신조/성격/장점/재능을 구체적으로 작성하여 주십시오.
244,3,"본인이 어떤 사람인지 기술하십시오.(성장과정, 삶의 가치관, 장단점 등)"
245,3,추가로 기재를 희망하는 경우 자유롭게 기술하여 주십시오.
246,3,"본인의 성장과정을 간단히 소개하고, 가치관 및 성격형성에 중요한 영향을 준 사람(사건)에 대해 기술하여 주시기 바랍니다. (최대 700자 입력가능)"
247,3,"본인을 가장 잘 표현하는 단어(Keyword) 두 가지를 소개하고, 선택한 이유에 대해 기술하여 주시기 바랍니다. (최대 700자 입력가능)"
248,3,상기 내용 외에 추가하고자 하는 사항 (800자)
249,3,상기 문항에서 언급되지 않았으나 기재하고 싶은 추가 내용이 있을 시 간단하게 요약하여 기술해 주세요.
250,3,본인의 가치관과 이 가치관에 큰 영향을 준 계기와 사건에 대해 상세히 서술하시오.
251,3,"본인의 커뮤니케이션 스타일을 한 문장으로 정의하고, 그 이유를 사례와 함께 작성해주세요."
252,3,자신을 소개해 주십시오.(성장과정 포함)
253,3,본인의 강점 및 약점
254,3,"본인의 장점과 단점을 기술해주시고, 단점을 극복하기 위한 노력을 말씀해 주십시오. (~600자)"
255,3,"최근 사회이슈에 대해 1가지 서술하고, 자신의 견해를 기재해 주세요."
256,3,"본인을 가장 잘 표현할 수 있는 단어와, 그 이유를 자유롭게 기술해 주세요."
257,3,위 항목에서 기술하지 못한 또다른 본인의 경험이나 이야기가 있으면 자유롭게 작성해 주세요.
258,3,"본인 성격의 장단점 및 성장과정을 간략히 기술하되 현재의 자신에게 가장 큰 영향을 끼친 경험(사건), 인물 등을 포함하여 기술해 주세요."
259,3,성장과정 및 성격의 장단점을 기술해 주시기 바랍니다.
260,3,본인에 대해 자유롭게 기술해주시기 바랍니다.
261,3,자신에 대해 자유롭게 표현해 주세요.
262,3,본인에 대해 자유롭게 서술해주세요.
263,3,성장과정 및 성격의 장단점
264,3,본인 성격의 장/단점과 단점을 개선시켰던 사례에 대해 서술하세요.
265,3,성장과정 : 성장과정을 구체적으로 기술해주세요. 800
266,3,본인의 어떤 점이 경신의 인재상에 부합하는지 사례에 근거하여 기술해 주십시오.(1000자 이내)
267,3,성격의 장단점을 기술해 주십시오.(1000자 내외)
268,3,"자기소개(성장과정, 장/단점 등)"
269,3,"본인의 성장과장을 간략히 기술하되 현재의 자신에게 가장 큰 영향을 끼친 사건, 인물 등을 포함하여 기술하시기 바랍니다."
270,3,지원동기 (1000자 이내)
271,3,성장과정(1000자 이내)
272,3,본인 성격의 장·단점은 무엇인지 사례를 포함하여 작성하여 주시기 바랍니다.
273,3,"성장과정:가족사항, 학창시절, 교우관계, 생활습관, 자신에게 크게 영향을 미친 사건 등을 포함하여 구체적으로 작성 (최대 500자)"
274,3,자기 소개 (최소 300자)
275,3,나의 강점과 약점 (성격 위주) (최소 300자)
276,3,성격의 장/단점 및 특기
277,3,"자기소개서 * 자기소개서 항목 작성 시, 지역명 혹은 학교명이 포함되어 있는 경우 ○○로 기재 바랍니다."
278,3,"본인 성격의 장단점, 생활신조, 가치관 등에 대해 기술하시오."
279,3,성격의 장·단점에 대하여 기술
280,3,성장 과정(1500자 이내)
281,3,나의 장점 및 단점 (1500자 이내)
282,3,타인과 다른 본인만의 개성에 대해 기술하여 주십시오.
283,3,"타인을 설득하기 위해 제시했던 논리적 근거는 무엇이며, 어떤 점에서 본인의 의견이 타당하다고 생각하셨습니까? (400자 이내)"
284,3,학창시절 및 성장 과정에 대해 서술하시기 바랍니다
285,3,"그 외 자신을 표현할 수 있는 부분이 있다면, 간략히 작성해 주십시오. (400Bytes)"
286,3,본인을 3가지의 해시태그로 표현해본다면?
287,3,본인이 어떤 사람인지 보여줄 수 있는 자신의 성격이나 스타일을 자유로운 방식으로 설명해주세요.
288,3,성장과정: 본인의 성장 과정을 기술해주세요. (800자)
289,3,자신의 최종학력 논문 혹은 가장 성공적인 발표(제출) 자료를 요약해 주시기 바랍니다.
290,3,"본인의 장점과 단점을 기술해주시고, 단점을 극복하기 위한 노력을 말씀해 주십시오."
291,3,"자기소개 (경력, 강점 등)"
292,3,본인이 가지고 있는 직장관 또는 인생관에 대해 서술
293,3,성격의 장단점 및 특기
294,3,성장과정 및 가정환경
295,3,"취미 및 특기, 대인관계 등"
296,3,자기소개서(자유형식)
297,3,성장배경 (최소 100자)
298,3,자신의 강점과 약점 (최소 100자)
299,3,"자신의 MBTI 유형을 소개하고, 이를 기반으로 자신의 장단점을 사례를 들어 소개하시오"
300,3,나의 '인생 가치관'에 대해 성장과정 또는 경험을 바탕으로 서술해 주십시오.
301,3,자신을 간단히 소개하자면?
302,3,성격의 장단점이 무엇인지?
303,3,"성장과정,성격,생활신조,특기사항에 대하여 기술하시오.(본인의 강점 및 경험위주로 기술)"
304,3,장단점 및 생활신조
305,3,"기타사항(특별한 경험, 경력, 논문 등)"
306,3,성격의 장점과 단점을 기술해 주시기 바랍니다. 입사 후 장점은 어떻게 활용하고 단점은 어떻게 보완할 수 있는지 간략히 기술해 주십시오.(500자 이내)
307,3,성장 과정에서 자신의 성격에 가장 큰 영향을 미친 사건에 대해 기술하시오.
308,3,[성장과정/장단점/경력(경험)사항/생활신조/장래포부/지원동기] 등이 포함되도록 자유롭게 작성하시오.
309,3,본인의 강점과 약점에 대해 구체적으로 기술해 주세요.
310,3,성향 및 성격 : 본인의 성향 및 성격을 사례를 들어 구체적으로 기술해주세요.
311,3,지원자의 성장과정과 가치관에 대하여 자유롭게 기술하세요.(글자수 제한 없음)
312,3,"열정/몰입성 (최소 1자, 최대 250자 입력가능)"
313,3,"본인의 역할, 주요성과등 서술 /1,000자 이내"
314,3,성장과정 및 영향을 끼친 사건
315,3,성격의 장/단점 및 생활신조
316,3,성장과정 (400자 이내)
317,3,학교생활 (400자 이내)
318,3,성격의장단점 (400자 이내)
319,3,지원동기 (400자 이내)
320,3,입사포부 (400자 이내)
321,3,"성장과정, 학창시절 (400자 이내)"
322,3,"자신의 장,단점 (400자 이내)"
323,3,"성장과정/자기신조 (최소 1자, 최대 250자 입력가능)"
324,3,본인의 성격에 가장 큰 강점과 약점을 기술하여 주시기 바랍니다.
325,3,개인의 성장과정 및 차별화된 강점 기술
326,3,"본인의 성격, 가치관 등을 표현할 수 있는 단어를 제시하고, 선정한 이유에 대해서 구체적으로 기술하여 주십시오. ( 0 / 1500 bytes)"
327,3,자신에 대해 자유롭게 소개해 주시기 바랍니다.
328,3,성장과정에 대해 기술하시오
329,3,자신의 인성 및 태도에 대해 기술하시오
330,3,종교관에 대해 기술하시오
331,3,본인이 생각하는 성격의 장점과 단점을 구체적인 사례를 들어 기재하여 주십시오.
332,3,"현재(또는 과거) 본인이 소속된 단체나 조직 중 가장 애착이 가는 곳에 대해 소개하고, 본인의 역할과 기여한 바에 대해 서술해 주세요. (최소 1자, 최대 500자 입력가능)"
333,3,"성격(장,단점) 및 생활신조"
334,3,[자기소개] 본인을 자신과 남이 바라보는 각각의 시각에서 2개의 키워드 중심으로 표현해 주세요.
335,3,지원자의 성장과정과 가치관에 대하여 자유롭게 기술하세요.
336,3,성정과정 및 생활신조 500자
337,3,성격의 장단점 및 취미/특기 500자
338,3,자신을 잘 표현할 수 있는 특별한 사건이나 경험 등을 중심으로 본인의 삶에 대해 자유롭게 작성해 주십시오. 1000자
339,3,"좋아하는 시나 소설, 노래 중심으로 자신을 자유롭게 소개해주세요."
340,3,"본인의 성장과정을 기술하되 현재의 자신에게 가장 큰 영향을 끼친 사건, 인물 등을 포함하여 기술하세요."
341,3,자신의 성격을 장점과 단점으로 나누고 이를 사례 중심으로 기술하세요.
342,3,에코마케팅 블로그 [에코 이야기]에서는 다양한 에코인들의 스토리를 소개하고 있습니다. 인터뷰이 중 자신의 생각과 가장 닮아 있다고 생각하는 사람은 누구이며 그 이유는 무엇인가요?
343,3,자기소개를 자유로운 형식으로 작성해주세요.
344,3,"본인의 성격, 가치관 등이 드러나는 경험을 기술하시오."
345,3,후배에게 추천하고 싶은 책 3권을 중요한 순서대로 적어 주십시오. (책제목/저자/이유)
346,3,귀하 성격의 장단점에 대해 간단하게 기술 바랍니다
347,3,성장과정과 이를 통해 형성된 본인의 가치관 또는 삶에 대한 태도에 대해 기술해 주십시오.
348,3,"본인의 성장과정을 기술하되 자신에게 큰 영향과 변화를 준 경험 중심으로 기술하여 주시기 바랍니다. (최소 1자, 최대 1,000자 입력가능"
349,3,자기소개 및 경험 사항
350,3,"[선택] 기타 상기 항목에 포함되지 않은 하고 싶은 말이 있다면 기술하여 주십시오. 본 항목의 기입은 선택사항으로, 응답란을 공란으로 두어도 전형상의 불이익은 없습니다."
351,3,자기소개 (400자 이내)
352,3,장점(200자 이내)
353,3,보완점(200자 이내)
354,3,자유롭게 본인을 소개해주세요.
355,3,보완점 (200자 이내)
356,3,자신의 삶에 가장 큰 영향을 미친 인물이나 사건을 포함하여 본인의 성장과정을 기술하여 주십시오. (0/500자)
357,3,"본인만의 특별한 역량, 남들과 차별되는 경쟁력은 무엇이며 이를 통해 본인을 가장 잘 표현 할 수 있는 문구(or 키워드)는 무엇인지 쓰시오."
358,3,"[기타] 입사지원서와 자기소개서를 통해 이야기하지 못한 자신만의 장점, 특이한 경험 등의 이야기를 남겨주세요."
359,3,[성장과정] 본인의 성장과정을 구체적으로 기술해주십시오.
360,3,Cover letter
361,3,자기소개서 (영문)
362,3,"농심의 슬로건은 ‘인생을 맛있게, 농심’입니다. 본인의 인생 모토를 제시하고, 그 이유에 대하여 기술해 주십시오. * 한글 800자 이내 및 18라인 이내로 작성"
363,3,"본인의 전문분야, 전공 등에 대해 요약해서 기술하시오."
364,3,"본인의 성격, 가치관 등을 표현할 수 있는 단어를 제시하고, 선정한 이유에 대해서 구체적으로 기술하여 주십시오."
365,3,"성장과정과 학창시절, 성격의 장단점에 대해 기술해주시기 바랍니다."
366,3,"성장과정과 성격상 강점, 약점에 대하여 서술해주세요. 800"
367,3,"본인 성격의 장단점 및 성장과정을 간략히 기술하되 현재의 자신에게 가장 큰 영향을 끼친 경험(사건), 인물 등을 포함하여 기술해 주세요. (최대 1,000자 입력가능)"
368,3,"성장과정: 가족사항, 학창시절, 교우관계, 생활습관, 자신에게 크게 영향을 미친 사건 등을 포함하여 구체적으로 작성(500자)"
369,3,"현재(또는 과거) 본인이 소속된 단체나 조직 중 가장 애착이 가는 곳에 대해 소개하고, 본인의 역할과 기여한 바에 대해 서술해 주세요."
370,3,자신의 강점과 약점 또한 약점을 어떻게 보완할 수 있는지 작성해 주시기 바랍니다.
371,3,"본인소개 (장,단점)"
372,3,"①본인의 인생 애니메이션 하나를 선택하고, ②가장 인상 깊었던 점과 ③그것이 본인의 가치관에 어떤 영향을 미쳤는지 구체적으로 작성해주세요. (1,000자 이내)"
373,3,성격 및 능력의 장 단점 (300자 이내)
374,3,장점 발휘 사례 및 단점 보완 노력 (700자 이내)
375,3,삶에 미친 영향 (400자 이내)
376,3,성장과정 : 성장과정을 구체적으로 기술해주세요. 500
377,3,"성격, 전공 관련, 관심분야, 업무 적응 여부, 비젼, 조직과의 융화, 소신, 주관 등 제한 없이 자유롭게 기재해 주시면 됩니다."
378,3,자기소개서(3000자)
379,3,본인의 성장과정을 통하여 본인을 소개하여 주시기 바랍니다.
380,3,본인의 성격에 관하여 기술해 주시기 바랍니다.
381,3,자신의 성격과 가치관을 정립하는데 있어 가장 기억에 남는 성장과정의 일화를 기술해 주십시오.
382,3,자신의 성격이 가진 가장 좋은 점과 고치고 싶은 점에 대하여 기술해 주십시오.
383,3,성장 과정 : 성장 과정을 구체적으로 기술해 주세요. 800
384,3,성장 과정에서 자신의 성격에 가장 큰 영향을 미친 사건에 대해 기술하시오. (700자 이내)
385,3,"그 외 위에서 표현하지 못한 이야기가 있으면, 자유롭게 작성해주시기 바랍니다. (700자 이내)"
386,3,본인에 대하여 자유롭게 기술 2000자
387,3,가장 감명깊었던 영화/소설/시/음악은 무엇이며 본인에게 어떠한 영향을 주었는지 기술하여 주십시오 (200자)
388,3,본인의 삶에서 가장 중요하게 여기는 가치는 무엇인지 작성해주시기 바랍니다.(1000자 이내)
389,3,"본인이 가진 뛰어난 점과 취약한 점, 그렇게 판단한 이유를 기술해 주십시오. ( 200자 )"
390,3,"성장과정, 학교생활 및 특기사항(사회봉사활동 및 해외경험 등) (1200자)"
391,3,"본인을 가장 잘 표현할 수 있는 단어와, 그 이유를 자유롭게 기술해 주세요. (최소 200, 최대 500)"
392,3,위 항목에서 기술하지 못한 또다른 본인의 경험이나 이야기가 있으면 자유롭게 작성해 주세요.(최대 500)
393,3,본인의 성장과정에 대하여 기술하여 주시기 바랍니다. (500자 내외)
394,3,본인의 장단점에 대하여 기술하여 주시기 바랍니다. (500자 내외)
395,3,"대내외 주요 활동사항(학교생활, 사회활동, 실무경력 등)에 대하여 기술하여 주시기 바랍니다. (500자 내외)"
396,3,당 병원의 현재와 미래에 대하여 본인의 생각을 자유롭게 기술하여 주시기 바랍니다. (500자 내외)
397,3,자유로운 형식으로 기술해 주세요.
398,3,"살아오면서 자신이 성취한 것 중 자랑할 만한 것을 1,2가지 소개해 주십시오.(100자 미만)"
399,3,후배에게 추천하고 싶은 책 3권을 중요한 순서대로 적어 주십시오.
400,3,자신에게 있어서 직장생활의 의미를 써 주십시오 (200자 미만)
401,3,위에서 표현되지 못한 자기소개를 간단하게 적어 주십시오. (1600자 미만)
402,3,일동제약의 인재 상 중 1가지를 선택하여 그에 부합하는 자신의 경험(행동)을 자유롭게 서술해 주십시오.
403,3,본인의 특성 및 성격(장점/보완점)을 자유롭게 기술해주세요.글자수 498 / 100자 ~ 500자
404,3,"본인을 가장 잘 표현할 수 있는 단어 3가지를 제시하고, 그 이유에 대해 설명하시오.(500자)"
405,3,"본인을 가장 잘 표현할 수 있는 수식어 또는 단어를 제시하고, 그 이유를 설명하시오. [1000바이트]"
406,3,자기 소개를 본인의 기술 역량 위주로 서술해 주세요.
407,3,"본인의 성격, 성장 과정, 가치관 등을 포함하여 소개해 주십시오."
408,3,자기소개 등 활동사항
409,3,"자신의 성장과정 및 개인 특성, 장점을 중심으로 본인을 소개해 주시기 바랍니다."
410,3,엘리트 한미인상 중 본인에게 가장 적합한 1가지를 선택하여 사례를 소개하여 주십시오
411,3,지금의 나를 있게 한 가장 중요한 사건에 대해 구체적으로 기술해주세요.* 700자 이내로 내용을 입력해주세요.
412,3,자기소개서 본인의 장점과 단점은 무엇입니까? 그리고 단점을 극복하기 위해 어떤 노력을 하고 계십니까?
413,3,평소 본인의 스트레스를 해소해주는 소소하지만 확실한 행복에 대하여 자유롭게 기술하세요.
414,3,"본인의 성격(강점, 약점)에 대해 기술해 주십시오. (최대 500자 입력가능)"
415,3,"본인의 수상경력, 해외연수, 봉사활동 경험에 대해 기술해 주십시오. (최대 500자 입력가능)"
416,3,본인 소개를 부탁드립니다. (1000byte 이내)
417,3,평소 본인의 스트레스를 해소해주는 소소하지만 확실한 행복에 대해 자유롭게 기술하세요(2000bytes)
418,3,다음 성향 중 본인과 일치한다고 생각하는 한가지를 선택 후 그 이유를 경험 중심으로 작성해주세요.
419,3,성장과정(최소 300자 최대 500자)
420,3,성격의 장단점(최소 300자 최대 700자)
421,3,"귀하를 한 단어로 표현하고, 그렇게 생각하는 이유를 구체적으로 기술해 주세요."
422,3,성장과정 및 가정생활
423,3,본인 성격의 장단점
424,3,위 자기소개서 내용 외에 추가적으로 자신을 소개 할 내용을 기술하여 주십시오.
425,3,네패스를 책 혹은 노래로 비유한다면 어떤 것일지 자유롭게 쓰시오 (장르/제목 자유)
426,3,"'나'를 한 단어 또는 한 문장으로 표현하고, 그렇게 표현한 이유에 대해 본인의 경험 및 관련 사례를 들어 서술하세요. (800자 이내)"
427,3,본인의 삶에서 다른 사람에게 꼭 이야기 해주고 싶은 경험이 있다면 기술해 주십시오. ( 0 / 1500 bytes )
428,3,본인의 취미와 특기에 대해 기술해 주십시오. ( 0 / 1500 bytes )
429,3,본인의 장단점 및 단점 극복방안 (600)
430,3,성장과정과 성장환경을 중심으로 자신을 자유롭게 소개하시오. (1000자 이내)
431,3,본인의 강점과 핵심역량에 대하여 경험을 바탕으로 구체적으로 서술하시오. (1000자 이내)
432,3,자신의 인생에 터닝 포인트가 된 경험 또는 인물에 대해 서술해 주세요 * 800
433,3,"본인을 대표하는 2가지 키워드를 선정하고, 그 이유에 대해 서술해 주세요 * 500"
434,3,"본인의 성장과정을 간략히 기술하되(200자) 현재의 자신에게 가장 큰 영향을 끼친 사건, 인물 등을 포함하여 기술하시기 바랍니다. ("
435,3,삶에 대한 본인의 가치관을 가장 잘 표현한 단어나 문장은 무엇이며 그 가치관이 형성되는데 가장 큰 영향을 끼친 일이나 인물이 있다면 설명해주십시오.
436,3,"성장배경(가정환경, 인간관계, 학창시절 등)"
437,3,"자신의 성격, 특기, 개인별 특별한 경험"
438,3,평소 본인의 스트레스를 해소해주는 소소하지만 확실한 행복에 대하여 자유롭게 기술하세요. (2000byte)
439,3,본인의 특성 및 성격(장점/보완점)을 자유롭게 기술해주세요. (/700)
440,3,바이넥스에 대해 아는대로 서술하시오
441,3,성장과정 중 본인의 현재 모습에 가장 큰 영향을 준 사항을 기술 바랍니다.
442,3,본인이 가지고 있는 ‘디지털 DNA’는 무엇인지 구체적으로 기술해 주시기 바랍니다.
443,3,자기소개서 - 자유양식
444,3,"SBS는 당신이 어떤 사람인지 궁금합니다. 소위 말하는 '스펙'의 나열보다는, '내가 어떤 사람인지' 보여줄 수 있는 자신의 성격이나 스타일을 자유로운 방식으로 설명해주세요. 최소 30자 / 1000자 제한"
445,3,"본인의 의사를 잘 전달하기 위해 어떠한 방법을 사용하는지 서술하고, 해당 방법을 통해 성공적으로 의견을 관철시킨 경험에 대해 작성해 주십시오. [800] byte 이내"
446,3,본인의 장/단점 (200자)
447,3,성장과정 및 생활신조 등 자기소개를 기술하여 주시기 바랍니다.
448,3,"성격, 능력 관련 본인의 장단점을 기술하여 주시기 바랍니다."
449,3,지금까지 학교 생활 및 여러 조직에서 생활을 해오면서 가장 중요한 부분이 무엇인지 설명해 주십시오 (300자 이내)
450,3,본인의 대인관계능력 또는 협동심을 나타낼 수 있는 경험이나 사례에 대해 기술하여 주십시오. (400자 이내)
451,3,"성장과정:가족사항, 학창시절, 교우관계, 생활습관, 자신에게 크게 영향을 미친 사건 등을 포함하여 구체적으로 작성"
452,3,자기소개를 해주세요.
453,3,"본인의 장점과 단점을 말씀해주시고, 단점을 극복하기 위해 노력한 점을 구체적으로 말씀해주십시오. (500자 이내)"
454,3,"타인을 설득하기 위해 제시했던 논리적 근거는 무엇이며, 어떤 점에서 본인의 의견이 타당하다고 생각하셨습니까? (400자)"
455,3,"본인 성격의 장단점 및 가치관을 성장과정(가족, 학창시절, 주변인과의 관계)에 기반하여 작성해 주세요. (최대 1,000자 입력가능)"
456,3,"괄호 안에 제시된 키워드 중 본인을 가장 잘 표현하거나, 혹은 본인이 추구하는 바와 가장 유사한 2가지를 선정하고 그 이유를 설명하여 주십시오. (1,000자 이내)"
457,3,"성장과정에서 부모, 가족으로부터 가장 인상적인 경험을 구체적으로 기술하여 주십시오. (최대 500자 입력가능)"
458,3,자신의 성장과정을 써주십시오. (300자 이내)
459,3,자신의 성격 및 생활신조를 써주십시오. (300자 이내)
460,3,특별한 경험에 대해 써주십시오. (300자 이내)
461,3,본인 성격의 강/약점에 대해서 실제 사례를 포함하여 작성해주세요.
462,3,본인의 특성 및 성격(장점/보완점)을 자유롭게 기술해주세요
463,3,위에서 언급하신 활동을 하는 동안 본인의 역할을 구체적으로 서술하십시오. (200자)
464,3,[공통] 본인이 추구하는 삶의 가치와 본인만의 특별함에 대하여 구체적으로 기술하세요. *
465,3,[공통] 평소 본인의 소소하지만 확실한 행복에 대하여 실제 경험 사례와 함께 자유롭게 기술하세요.
466,3,"본인에 대해 자유롭게 소개해주시고, 해당 직무에 지원한 동기에 대해 구체적으로 작성해주시기 바랍니다. (800자 이내)"
467,3,본인 성격의 특징을 기술하시오.
468,3,본인의 특성 및 성격(장점/보완점)을 자유롭게 기술해주세요. (500자)
469,3,본인을 대표할 수 있는 이력 세 가지를 기술하여 주십시오.
470,3,본인 성격의 장점 및 보완점을 말씀해주세요.
471,3,엘리트 한미인상 중 본인에게 가장 적합한 1가지를 선택하여 사례를 소개하여 주십시오.
472,3,본인 스스로를 자유롭게 표현하여 주십시오. (100자 이내)
473,3,본인의 장.단점 및 단점 극복방안
474,3,"[자기소개서] 문항 자유기술 (최대 20,000자 입력가능)"
475,3,"본인의 강점과 약점을 기술하시오. (최대 20,000자 입력가능)"
476,3,자신을 한 줄로 표현해 주세요.
477,3,남들과 차별화된 경험을 바탕으로 자신에 대해 자유롭게 소개해 주세요.
478,3,성격의 장단점을 기술하시기 바랍니다. (500자 내외)
479,3,엔터테인먼트 산업의 미래에 대한 자신의 생각을 구체적으로 기술하시기 바랍니다. (500자 내외)
480,3,"본인의 성장과정을 간략히 기술하되 현재의 자신에게 가장 큰 영향을 끼친 사건, 인물 등을 포함하여 기술하시기 바랍니다.(*작품속 가상인물도 가능)"
481,3,"본인의 가치관, 생활 신조, 성격의 장/단점에 대해 서술해 주세요 (700자)"
482,3,본인의 장/단점 (최대 200자 이내로 작성)
483,3,성격의 장점 및 단점
484,3,[본인의 역할 (1)]
485,3,[본인의 역할 (2)]
486,3,본인의 성장과 관련하여 가장 자랑스러운 경험은 무엇이며 그 이유는 무엇인지 구체적으로 기술해 주십시오. (최대 600자 입력가능)
487,3,본인의 강점 및 약점을 은행 직무와 연관지어 기술해 주십시오. (최대 600자 입력가능)
488,3,기타사항 : 자기소개서에서 기술하지 못한 내용이 있다면 기술하여 주십시오.
489,3,"본인의 장, 단점 등 자신을 자유롭게 표현하여 주시기 바랍니다."
490,3,대인관계와 관련하여 다른 사람에게 들은 본인의 강점은 무엇인지를 구체적인 사례와 함께 작성해 주십시오. 800byte 이내
491,3,본인을 가장 잘 표현할 수 있는 Key Word 3가지를 가지고 학업 시절 및 성장과정을 소개해 주십시오.
492,3,해당 활동에서 본인이 맡았던 역할에 대해 기술해 주십시오. (400자 이내)
493,3,구체적으로 한 행동과 그렇게 행동하셨던 이유는 무엇인지 기술해 주십시오. (300자 이내)
494,3,그러한 행동이 당신과 타인에게 미친 영향은 무엇인지 기술해 주십시오. (200자 이내)
495,3,대화를 진행하는 과정에서 가장 중요하게 생각한 점은 무엇이었는지 기술해 주십시오. (200자 이내)
496,3,본인의 어떤 점이 경신의 인재상에 부합하는지 사례에 근거하여 기술해 주십시오.(1000자 이내)*
497,3,성격의 장단점을 기술해 주십시오.(1000자 내외)*
498,3,"성격 및 장단점, 생활신조(2000)"
499,3,본인의 장단점에 대해 그동안의 경험을 토대로 기술해 주세요.
500,3,"자신을 표현할 수 있으며, 가장 가치있게 생각하는 Lifestyle을 정의하여 진솔하게 작성해 주세요. ① 다양한 가치관, 취미 등 모든 측면에서 관심을 갖게된 계기와 그 이유 ② Lifestyle 추구하는 나만의 활동 방식을 포함하여 작성 (1,500자 이내)"
501,3,감명 깊게 읽었던 책과 그 이유를 적어 주십시오. (500자 이내)
502,3,성장과정을 서술하시오.
503,3,대학생활을 기술하시오.
504,3,본인의 가장 큰 장점과 단점은 무엇입니까?
505,3,본인을 나타낼 수 있는 2가지 키워드로 자기소개를 작성하여 주십시오.
506,3,성격의 장단점을 기술해 주세요.(500자 내외)
507,3,"본인의 관심 분야(취미, 특기 등) 및 존경하는 인물(이유 포함)에 대하여 기술해 주십시오. *"
508,3,정직하게 행동한 경험과 느낀점을 기술해 주십시오. [500자 이내]
509,3,"본인의 성격, 가치관, 성장과정 등을 표현할 수 있는 단어를 제시하고, 선정한 이유에 대해서 구체적으로 기술하여 주십시오."
510,3,본인만 가지고 있다고 자부할 수 있는 강점은 어떤 것이 있나요? 그 강점이 네이버웹툰에서 어떤 방식으로 발휘될 수 있을까요?
511,3,본인의 강점과 약점에 대해 작성해주세요. (최대 500자 입력가능)
512,3,"자신의 강점 및 특기 (필수, 최대1000자)"
513,3,"주요경력 및 실적기술 (선택, 최대5000자)"
514,3,성격의 장단점 및 생활신조
515,3,본인에게 가장 영향을 끼쳤거나 인상 깊은 역사적 사건이나 인물에 대해 간략히 설명하고 교훈점이나 시사점에 대해 기술하여 주십시오 최소 100byte 이상 1000byte 이내
516,3,"자신의 성장과정, 성격, 존경하는 인물 등에 대해 자유롭게 기술해라."
517,3,본인의 성장과정 중 현재의 자신에게 가장 큰 영향을 끼친 사건을 기술하시오. (600자 이내 )
518,3,[관련경험 2] (10 단락 이내)
519,3,[관련경험 3] (10 단락 이내)
520,3,[관련경험 4] (10 단락 이내)
521,3,[관련경험 5] (10 단락 이내)
522,3,자신의 강점을 가지고 스스로 추천하기
523,3,"본인의 성장과정을 간략히 기술하되 현재의 자신에게 가장 큰 영향을 끼친 사건, 인물 등을 포함하여 기술하시기 바랍니다"
524,3,자유형식 자기소개서
525,3,성장과정 중 본인의 현재 모습에 가장 큰 영향을 준 사항을 기술 바랍니다. (최대 500자 입력가능)
526,3,본인이 어떤 사람인 지 이야기 해 주세요. [300자 이상 500자 이내]
527,3,옷과 관련된 자신만의 경험를 기술해주세요.
528,3,가족관계 및 성장과정 (600자 이내)
529,3,귀하의 개인적인 특성 및 성격의 장단점 (600자 이내)
530,3,학교생활 중 특기할 사항 (600자 이내)
531,3,나의 ‘인생 가치관’에 대해 성장과정 또는 경험을 바탕으로 서술해 주십시오.(600자)
532,3,평소 내가 가장 좋아하는 일은 무엇인지 구체적인 경험을 바탕으로 서술해 주십시오(600자)
533,3,"본인의 성격 특징 (생활신조, 장/단점)"
534,3,자기소개(자유서술)
535,3,본인이 같이 일하고 싶은 상사/후배/동료의 모습을 각각 구체적으로 기술하여 주시기 바랍니다. (800 자 8 단락 이내)
536,3,"자신의 성장과정, 성격, 존경하는 인물 등에 대해 자유롭게 기술하세요."
537,3,[공통]본인의 인생에서 가장 잘 한 선택에 대하여 기술하시오. [ 100자 이상 600자 이내 ]
538,3,[공통]본인 성격의 단점과 그로 인해 불편을 겪었던 실제 사례를 제시하고 앞으로 어떻게 극복할 것인지 기술하시오. [ 100자 이상 800자 이내 ]
539,3,자유주제로 자기소개서를 작성하여 주시기 바랍니다.(지원 동기 포함) [1000자 이상 5000자 이내]
540,3,"자신의 성장과정, 성격, 존경하는 인물 등에 대해 자유롭게 기술하시오"
541,3,자유롭게 자신에 대한 소개와 함께 지원동기를 서술해 주십시오.
542,3,본인에 대해 자유롭게 기술해주세요
543,3,성장과정 및 생활신조
544,3,cover letter
545,3,[자기소개] 본인을 3가지 해시태그로 표현해 주시기 바랍니다. *0자 이상 100자 이하로 입력하세요.
546,3,"본인의 성장과정(가족,학교생활,장단점 등)을 통해 자신을 소개하시오.(1000자이내)"
547,3,"가장 소중하게 생각하는 것은 무엇이며, 그 이유에 대해 기술하시오.(1000자이내)"
548,3,"본인을 3개의 단어로 표현하고, 각각에 대한 설명을 간단하게 서술하시오.[500자]"
549,3,자유롭게 본인을 소개해 주세요.
550,3,My Story 본인의 특성 및 성격(장점/보완점)을 자유롭게 기술해주세요. Guide> 구체적인 사례를 바탕으로 진솔하게 기술해주시기 바랍니다.
551,3,자신에 대하여 자유롭게 소개 해주세요 (본인의 성격 및 생활신조 등)
552,3,자신의 주요 경력사항 자세히 기술해 주세요.
553,3,자신의 성장과정과 생활신조
554,3,자신의 성격 장단점 및 특기
555,3,영업직을 수행함에 있어 본인 성격이 어떻게 장/단점으로 작용할 수 있을지 작성하시오. (300자 이내)
556,3,"자신을 가장 잘 표현할 수 있는 무기체계와, 어떠한 점이 본인을 잘 표현하였다고 생각하였는지 이유를 작성해주세요."
557,3,나의 인생 가치관에 대해 성장과정과 경험을 바탕으로 구체적으로 서술해 주십시오(400자)
558,3,취미/특기 (40자)
559,3,존경인물 (10자)
560,3,존경이유 (40자)
561,3,자신의 성장과정과 학창시절에 대해 기술하여 주십시오.
562,3,B. 위에서 언급하신 활동을 하는 동안 본인의 역할을 구체적으로 서술하십시오.
563,3,"'자신'에 대해 서술하십시오. 예) 성장과정, 성격의 장단점, 업무수행능력 등"
564,3,"본인만의 차별화된 강점이 무엇인지 설명하고, 이를 뒷받침할 수 있는 근거를 사례 중심으로 기술해 주세요. (600자)"
565,3,성장과정(800자)
566,3,사회활동(800자)
567,3,자기소개서- 자신에게 영향을 끼친 사건과 인물 등을 포함하여 본인이 가지고 있는 가장 중요한 가치관은 무엇인지 설명해 주세요.
568,3,장/단점 : 본인 성격의 장/단점은 무엇인지 사례를 통해 기술해주십시오.
569,3,자기소개(1500)
570,3,자신의 특성에 대해서 자세히 설명해 주세요.
571,3,본인을 가장 잘 표현할 수 있는 단어와 그 이유를 자유롭게 서술해 주십시오.
572,3,"성격, 가치관, 성장 과정 등 본인을 진솔하게 소개해주세요. 자기소개서 작성 가이드 1000자 아 이거 500자네"
573,3,"본인의 성장과정을 간략히 기술하되 현재의 자신에게 가장 큰 영향을 끼친 사건, 인물 등을 포함하여 기술하시기 바랍니다.(#작품속 가상인물도 가능) (1500자)"
574,3,"본인이 어떤 사람인지 한 단어로 표현하고, 그 이유를 설명하세요. (최대 1,000자 입력가능)"
575,3,"본인의 평생 인생의 꿈은 무엇인지 적어주세요 (최대 1,000자 입력가능)"
576,3,"자신만의 특별함을 성장과정, 학교생활/경력내용, 가치관을 통해 기술하시오."
577,3,본인을 표현할 수 있는 단어 3개를 제시하고 설명하시오.
578,3,"본인 성격의 장단점 및 가치관을 성장과정(가족, 학창시절, 주변인과의 관계)에 기반하여 작성해 주세요."
579,3,본인의 장점과 단점
580,3,자신을 가장 잘 나타낼 수 있는 단어와 그 이유를 기술해주세요 500
581,3,"본인 성격의 장단점 및 가치관을 성장과정(가족, 학창시절, 주변인과의 관계)에 기반하여 작성해 주세요(1500자)"
582,3,자신을 자유롭게 소개하십시오
583,3,"취미,특기 / 150자"
584,3,존경하는 인물과 이유 / 300자
585,3,"성장과정을 간략히 기술하되 현재 자신에게 가장 큰 영향을 끼친 사건, 인물 등을 포함하여 기술하시오 / 600자"
586,3,"성격소개 (장단점,특기)"
587,3,위 자기소개서 내용 이외에 추가적으로 자신을 소개할 내용(500자)
588,3,나는 ( )다. (10자 이내)
589,3,본인이 살아온 과정을 핵심적으로 요약해 주세요. (600자 이내)
590,3,자신의 삶에 가장 영향을 준 사건(또는 인물)과 그 전후의 사정을 구체적으로 설명하되 그에 관한 본인의 생각까지 서술해 주세요. (600자 이내)
591,3,"자신의 단점이라고 생각하는 성향 2가지와 이를 극복하기 위한 본인의 노력을 설명해 주세요. (1,000자 이내)"
592,3,본인의 노력 또는 희생으로 타인(가족 제외)에게 가장 유익한 영향을 끼친 사례를 상세히 서술하세요. (400자 이내)
593,3,기타 특별히 자신을 소개할 수 있는 내용을 서술하세요. (400자 이내)
594,3,교보인의 인재상- 본인의 성격의 장/단점을 교보생명의 인재상을 참고하여 작성하여 주십시오
595,3,다른 사람들과 비교했을 때 지원자 분께서 생각하는 본인의 최대 강점은 무엇인가요? (최대 300자 입력가능)
596,3,본인의 강점과 약점을 기술하시오. (800자)
597,3,성장배경 및 본인의 성격(학교생활 및 사회활동 포함)
598,3,본인을 가장 잘 표현 할 수 있는 2가지 키워드를 이야기 하고 이유를 설명해주세요. (400자 이내)
599,3,자유기재(1000자)
600,3,"학교생활, 사회봉사활동, 경력 및 경험에 대해 자유롭게 기술하시오."
601,3,"자신을 자유롭게 소개해 주시고, 자신의 경쟁력에 대해서 설명해 주세요"
602,3,"[필수문항] 성격의 장단점, 취미활동을 포함하여 자유롭게 자신을 표현해 주세요."
603,3,성장과정 : 성장과정을 구체적으로 기술해주세요(800자 이내)
604,3,"본인이 생각하는 리더십과 오너십의 정의 및 본인의 리더십과 오너십을 발휘한 성공 경험을 기술해 주십시오. (100자 이상, 350자 이내 작성)"
605,3,다른 사람과 비교하여 본인의 최대 강점
606,3,"본인 성격의 장단점 및 가치관을 성장과정(가족, 학창시절, 주변인과의 관계)에 기반하여 작성"
607,3,생활신조 및 특기사항
608,3,"본인 성격의 장단점을 표현하고, 본인의 성격이 형성된 배경에 대해 기술하십시오."
609,3,성격 및 생활 신조
610,3,자기소개서 자신에게 영향을 끼친 사건과 인물 등을 포함하여 본인이 가지고 있는 가장 중요한 가치관은 무엇인지 설명해 주세요.
611,3,자신을 가장 잘 나타낼 수 있는 단어와 이유
612,3,Make a creation / Make people happy / Make a value 3가지 키워드 중 한 가지를 선택하여 본인의 장점을 기술해 주시기 바랍니다. (500자 내외)
613,3,"자신의 성장과정, 성격의 장단점을 서술하시오."
614,3,성장과정 [400자]
615,3,학교생활(기억나는 특이한 경험 포함) [400자]
616,3,"본인의 성격 및 장단점, 장점을 발휘한 사례 [400자]"
617,3,장래희망 및 포부 [400자]
618,3,동화약품에 대한 인상을 작성해주세요 [600자]
619,3,"본인을 가장 잘 표현할 수 있는 단어, 그 이유"
620,3,유년시절을 비롯한 성장과정
621,3,"[일반직] 본인의 장, 단점 등 자신을 자유롭게 표현하여 주시기 바랍니다."
622,3,본인의 성격의 장/단점 교보생명의 인재상
623,3,자신을 한 단어 또는 문장으로 표현하고 그 이유를 경험 중심으로 소개해주세요
624,3,"자유롭게 서술하시기 바랍니다. (2,300자 이내 공백포함)"
625,3,"타인과 구별되는 본인만의 특기, 차별화된 경쟁력을 설명하시오"
626,3,성장과정(600자)
627,3,가치관/생활신조(600자)
628,3,성장과정에서 본인의 가치관에 가장 큰 영향을 끼친 인물은 누구이며 어떠한 영향을 받았는지 설명하십시오.
629,3,"개인의 특성, 장단점을 중심으로 본인에 대해 소개해 주세요. [500자 이상 700자 이내]"
630,3,동기 포부 1500자
631,3,성격 생활신조 1500자
632,3,경력 및 특기사항 1500자
633,3,본인을 표현하는 해시테그 3가지
634,3,개인의 성장과정 및 차별화된 강점 기술 (500자)
635,3,자유롭게 자기를 소개해주세요
636,3,자유양식 2500자
637,3,자신이 어떤 사람인지 하나의 '단어'로 표현한다면 어떻게 표현할 수 있는지 구체적인 사례를 통해 말씀해주세요.
638,3,본인을 구체적으로 자유롭게 소개
639,3,10년 뒤 본인이 기대하는 모습을 기재하여 주십시오.
640,3,본인을 가장 잘 표현할 수 있는 단어를 선택하고 그 이유를 기술하시오 [ 100자 이상 500자 이내
641,3,유년시절을 비롯한 성장과정에 대하여 기술하시오 [ 100자 이상 500자 이내 ]
642,3,본인의 인생에 가장 큰 영향을 미친 사건에 대하여 기술하시오 [ 100자 이상 500자 이내]
643,3,자기소개 및 장단점
644,3,"성장과정, 가족, 학교생활, 입상경험 등에 대해 서술하시오."
645,3,본인을 가장 잘 표현할 수 있는 단어와 그 이유를 서술하시오.
646,3,남들과 차별화 되는 본인만의 특별함(능력/경험 등)은 무엇입니까?
647,3,자기소재 각500자
648,3,"◎ 자기소개 항목 아래의 사항을 포함하여 '에세이 형식' 으로 지원자 본인을 표현해 주시기 바랍니다.(3,000자 이내) - 삶의 핵심가치, 성격의 장단점, 주변인과 갈등관계의 해소 방법, 과거 실패와 성공사례, 향후 인생 설계"
649,3,"[기타] 입사지원서와 자기소개서를 통해 이야기 하지 못한 자신만의 자랑거리, 특이한 경험 등의 이야기를 남겨주세요. (최대 500자 입력가능)"
650,3,본인의 가치관/생활신조/성격/장점/재능을 구체적으로 작성하여 주십시오. 500
651,3,"성장과정:가족사항,학창시절,교우관계, 생활습관, 자신에게 크게 영향을 미친 사건 등을 포함하여 구체적으로 작성"
652,3,"자기소개(성장과정, 장단점 등) (700자)"
653,3,학교 생활 및 특기사항 (700자)
654,3,성장과정에서 본인의 가치관에 가장 큰 영향을 끼친 인물은 누구이며 어떠한 영향을 받았는지 설명하시오
655,3,"성격, 가치관, 성장 과정 등 본인을 진솔하게 소개해주세요.글자수 498 / 100자 ~ 500자"
656,3,"공모전 수상, 인턴 경험, 혹은 본인을 어필할 수 있는 특이 경험이 있다면 기재해주세요.글자수 409 / 500자"
657,3,성장과정 + 학창시절
658,3,[자기소개] 본인에 대해 자유롭게 기술해주시기 바랍니다.
659,3,다음 제시 된 키워드 중 본인을 표현할 수 있는 두 가지를 선택하여 구체적인 사례를 포함하여 그렇게 생각하는 이유를 기술하여 주십시오. (696/700자)
660,3,내가 가장 잘하는 일과 가장 좋아하는 일은 각각 무엇인지 구체적인 경험을 바탕으로 서술해 주십시오. (600자)
661,3,"성장과정, 성격 및 지원 부문 등을 중심으로 기술하시고 자기소개서는 띄어쓰기를 포함 2000자 이내로 작성해주세요"
662,3,"자유롭게 자기소개 해주세요. (강점, 약점, 대인관계 등)"
663,3,본인의 성격을 보여줄 수 있는 사례를 중심으로 자기소개를 해주세요. 1000
664,3,본인에 대한 소개 및 본인의 강점과 그 이유를 구체적으로 작성해 주세요.
665,3,"본인을 표현할 수 있는 단어 3개를 해시태그 형태로 나열하고, 이와 관련된 자신의 이야기를 진솔하게 해주세요. (최대 500자 입력가능)"
666,3,"인생에서 가장 중요하다고 생각하는 가치를 쓰고, 가장 중요하게 생각하는 이유 및 그 가치를 실천한 사례를 구체적으로 설명해주세요. (최대 500자 입력가능)"
667,3,"본인의 성장과정을 간략히 기술하되 현재의 자신에게 가장 큰 영향을 끼친 사건, 인물 등을 포함하여 기술하시기 바랍니다. (*작품 속 가상인물도 가능) 1500자"
668,3,본인의 특성과 성장배경에 대하여 서술하여 주십시오. (500자 이상 600자 이내)
669,3,본인 스스로를 가장 칭찬해주고 싶었던 경험과 그 이유에 대해 서술하여 주십시오. (500자 이상 600자 이내)
670,3,본인의 성장 과정을 기술해주세요. 500자
671,3,본인을 가장 잘 표현할 수 있는 단어와 그 이유를 자유롭게 서술해 주십시오
672,3,자신에게 영향을 끼친 사건과 인물 등을 포함하여 본인이 가지고 있는 가장 중요한 가치관은 무엇인지 설명해 주세요. (500자)
673,3,위에서 언급하신 활동을 하는 동안 본인의 역할을 구체적으로 서술하십시오. (200자이내)
674,3,"본인 성격의 장단점 및 가치관을 성장과정(가족, 학창시절, 주변인과의 관계)에 기반하여 작성해 주세요. (최대 1,500자 입력가능)"
675,3,자신의 성장과정에 대해 기술하시오. (최대 500자 8단락)
676,3,자신이 가장 중요하게 여기는 삶의 가치와 그 이유에 대해 기술하시오. (최대 500자 8단락)
677,3,자신에 대해 자유롭게 기술하여 주십시오
678,3,자신이 앞으로 원하는 삶은 어떤 삶입니까?
679,3,현재 본인이 관심을 가지고 있는 최신 기술이나 트렌드에 대하여 본인의 생각을 자유롭게 써주세요. (최대 3개 / 500자 이내)
680,3,마지막으로 본인의 강점 3가지를 자랑하여 주세요. (500자 이내)
681,3,본인의 장단점 및 단점을 극복하기 위해 노력한 사례 *500자
682,3,본인을 대표할 수 있는 이력 세가지를 기술하여 주십시오.
683,3,본인에 대한 소개를 구체적으로 작성해 주세요.
684,3,제시어를 자유롭게 선택·활용하여 본인의 가치관과 삶의 경험을 작성해주세요.(
685,3,본인을 가장 잘 표현할 수 있는 한 문장과 그 이유에 대하여 서술하시오.(120자 이내)
686,3,"본인 성격의 장단점 및 가치관을 성장과정(가족, 학창시절, 주변인과의 관계)에 기반하여 작성해주세요. 1000자"
687,3,귀하의 성장과정을 기술하여 주십시오. (한글 400자 이내)
688,3,귀하의 성격의 장단점을 기술하여 주십시오. (한글 400자 이내)
689,3,귀하의 교내외 활동사항 및 주요경력을 기술하여 주십시오. (한글 400자 이내)
690,3,귀하의 다른사람과 구별되는 지식/재능을 기술하여 주십시오. (한글 400자 이내)
691,3,"지원동기 및 포부, 성장과정 본인의 가치관 및 인생관에 영향을 끼쳤던 경험 등을 주제로 자유롭게 기술해 주세요."
692,3,귀하가 지금까지 읽었던 책 가운데 삶에 가장 큰 영향을 끼친 책 한 권을 선정하여 그 이유를 설명해 주십시오.
693,3,예수그리스도를 인격적으로 만나고 삶이 변화된 신앙 간증문을 구체적으로 적어주세요.
694,3,본인의 장점이나 성격 중 공적(公的) 조직문화에 적합하다고 생각되는 것은 무엇입니까? (최대 300자 입력가능)
695,3,어떤 점에서 우수하다고 생각합니까? (최대 300자 입력가능)
696,3,그 것을 증명할 수 있는 근거 또는 결과는 무엇입니까? (최대 300자 입력가능)
697,3,그 과정에서 본인이 수행한 역할은 무엇입니까? (최대 300자 입력가능)
698,3,축적한 경험의 수준과 스스로 본인에 대해 어떻게 평가합니까? (최대 300자 입력가능)
699,3,친구들이나 주변 사람들은 지원자를 어떤 사람이라고 평가합니까? (최대 300자 입력가능)
700,3,왜 그렇게 평가 받는다고 생각합니까? (최대 300자 입력가능)
701,3,"추가로 본인이 평가 받고 싶은 부분은 무엇이며, 왜 그렇게 평가받고 싶습니까? (최대 300자 입력가능)"
702,3,본인이 삶에서 가장 중요하게 생각하는 가치는 무엇입니까? (최대 300자 입력가능)
703,3,자기소개서 (자유로운 형식으로 기술해 주세요.)
704,3,지원하는 직무에 가장 영향을 끼친 인물 또는 사건에 대해 서술하여 주십시오. * [500자 이상 700자 이내]
705,3,"자유롭게 자기소개 해주세요. (강점, 약점, 대인관계 등) _ 글자수 제한 없음"
706,3,"본인의 성장과정을 간략히 기술하되 현재의 자신에게 가장 큰 영향을 끼친 사건, 인물 등을 포함하여 기술하시기 바랍니다. (작품속 가상인물도 가능) (1500자 이내)"
707,3,"아래의 사항을 포함하여 '에세이 형식' 으로 지원자 본인을 표현해 주시기 바랍니다.(3,000자 이내) 삶의 핵심가치, 성격의 장단점, 주변인과 갈등관계의 해소 방법, 과거 실패와 성공사례, 향후 인생 설계"
708,3,본인의 장·단점에 대해 기술하시오.
709,3,귀하의 학창시절을 스스로 평가한다면 본인은 어떠한 사람이라고 생각하는지 약술하십시오
710,3,키워드를 이용해 자기 소개를 해주십시오.
711,3,"본인의 인격 형성에 가장 큰 영향을 준 가족 또는 존경하는 인물은 누구이며, 사유는 무엇인지 서술하시오. (100~400자)"
712,3,본인 성격의 장단점에 대해 이야기 해주세요
713,3,스포츠에 대한 본인의 관심도에 대해 자유롭게 기술해 주세요
714,3,"본인의 성장과정을 간략히 기술하되 현재의 자신에게 가장 큰 영향을 끼친 사건, 인물 등을 포함하여 기술하시기 바랍니다.(작품속 가상인물도 가능)"
715,3,자신을 자유롭게 소개해주세요.
716,3,"자신의 생활신조(신념, 가치관)와 평소 심신건강을 위해 하고 있는 활동에 대하여 기술하여 주십시오."
717,3,성장과정을 기술하여 주시기 바랍니다.
718,3,"본인의 과거, 현재, 미래를 표현할 수 있는 각각의 키워드를 선정하고 이유 서술"
719,3,"본인의 삶에 있어서 가장 중요한 가치는 무엇이고, 그를 위해 구체적으로 어떠한 일들을 하였는지 기술하시오. (600자 이내)"
720,3,본인을 가장 잘 표현할 수 있는 단어를 선택하고 그 이유를 기술하시오. (500자 이내)
721,3,"자기소개 2000자, 40문단 이내로 작성해주세요. 자기소개 입력. - 자신에 대해 자유롭게 소개하되, 추상적인 표현은 지양하고 구체적으로 기술할 것"
722,3,지금의 나를 있게 한 가장 중요한 사건에 대해 구체적으로 기술해주세요. (800자 이내)
723,3,"본인을 3개의 단어로 표현하고, 각각에 대한 설명을 간단하게 서술하시오."
724,3,자신의 성장과정과 학창시절에 대해 기술하여 주십시오. (500~700자)
725,3,본인의 성장과정 및 성격(장/단점)에 대하여 서술하여 주시기 바랍니다. (600자)
726,3,생활신조 및 가치관
727,3,성격의 장단점을 작성해 주십시오
728,3,"성격상의 장점 및 단점, 특기 Guide> 중요 내용 위주로 간략하게 기술하여 주시기 바랍니다."
729,3,자신에 대하여 기술하여 주십시오.
730,3,성장과정(자신에 대한 소개)
731,3,본인의 성장과정에 대하여 기술하여 주시기 바랍니다.
732,3,자신의 장단점에 대하여 기술하여 주시기 바랍니다.
733,3,성장과정 : 성장과정을 구체적으로 기술해주세요
734,3,성장과정 / 700
735,3,장단점 및 생활신조 / 700
736,3,본인을 자유롭게 기술
737,3,취미/특기(/40)
738,3,"본인의 성장과정을 간략히 기술하되, 현재의 자신에게 가장 큰 영향을 끼친 사건, 인물 등을 포함하여 기술하시기 바랍니다. (1500자 이내)"
739,3,남들과 차별화 되는 본인만의 특별함(능력/경험 등)은 무엇입니까? (300자)
740,3,본인을 가장 잘 표현할 수 있는 단어와 그 이유를 서술하시오. (300자)
741,3,본인의 특성 및 성격(장점/보완점)을 자유롭게 기술해주세요 (500자 이내).
742,3,본인의 성장과정 및 성격의 장단점에 대해 기술하십시오. (500 자 6 단락 이내)
743,3,자신에 대하여 기술하여 주십시오 (1495byte/1500byte)
744,3,성장과정 및 학교생활
745,3,성격(장ㆍ단점) 및 인간관계
746,3,자기소개(경력 포함 등)를 작성해 주십시오. (500자)
747,3,본인의 장점과 단점을 작성해 주십시오 (500자)
748,3,"자신에 대하여 기술하여 주십시오.(성장과정, 성격장/단점, 재능/특기, 존경하는 인물 등을 포함"
749,3,성장과정 : 성장과정을 구체적으로 기술해주세요. (800자)
750,3,자기 자신을 진솔하게 소개하여 주시기 바랍니다.(자신의 성격/취미/가치관/주변환경)
751,3,"성장과정 : 성장과정을 구체적으로 기술해주세요. 762/800 (글자 수, 공백 포함)"
752,3,앞서 입력한 기본정보를 바탕으로 지원자 본인에 대하여 자유롭게 소개해주시기 바랍니다.
753,3,귀하의 성장과정 및 가정생활을 자유롭게 기술하시기 바랍니다.
754,3,본인을 자유롭게 기술하시기 바랍니다.
755,3,"본인의 성격(강점, 약점)에 대해 기술해 주십시오."
756,3,"인생 전체를 통틀어 당신의 생각과 행동에 큰 변화를 불러일으킨 무엇인가(사람,사물,사건)를 밝히고, 변화의 이유와 과정 및 결과를 설명해주세요. * [1000자 이내]"
757,3,나의 인생 가치관에 대해 성장과정 또는 경험을 바탕으로 서술해 주십시오. (400자)
758,3,본인을 가장 잘 표현할 수 있는 단어를 선택하고 그 이유를 기술하시오.
759,3,"본인 성격의 장단점 및 가치관을 성장과정(가족, 학창시절, 주변인과의 관계)에 기반하여 설명하시오"
760,3,본인이 상대방을 설득하기 위해 활용하고 있는 자신만의 의사표현 방법이나 방식을 기술해 주십시오. (400자 이내)
761,3,본인이 어떤 일을 수행함에 있어 정보를 수집하고 관리하는 자신만의 방법을 설명하고 그 사례를 기술해 주십시오. (400자 이내)
762,3,성장과정: 성장과정을 구체적으로 기술해주세요. (800)
763,3,"자기소개 - 자신에 대해 자유롭게 소개하되, 추상적인 표현은 지양하고 구체적으로 기술할 것"
764,3,자신의 삶에 가장 큰 영향을 미친 인물이나 사건을 포함하여 본인의 성장과정을 기술하여 주십시오
765,3,위 자기소개서 내용 외에 추가적으로 자신을 소개할 내용을 기술하여 주십시오. (1000byte)
766,3,인성 및 성격의 장단점
767,3,본인이 어떤 사람인 지 이야기 해 주세요. [300자 이상 500자 이내] (500자)
768,3,"본인에 대해 소개해 주십시오(성격,장단점 등)"
769,3,본인이 생각하는 자신의 강점/보완점과 주위 사람들이 자신을 어떻게 표현하는지 기술하시오.
770,3,남들과 차별화된 본인만의 특별함은 무엇인지 자유롭게 기술하여 주십시오.
771,3,본인의 특성과 강점을 중심으로 기술해 주시기 바랍니다. (글자수 : 0 / 500)
772,3,가치관 및 인생관 -
773,3,성장과정 (700자)
774,3,본인이 생각하는 자신의 책임감 수준을 100점 만점 기준으로 평가하고 그 이유에 대해 말씀해 주십시오. [100자 이상 1200자 이내]
775,3,"본인을 채소로 표현한다면 무엇이며, 그 이유는 무엇입니까? [100자 이상 1200자 이내]"
776,3,자신에 대해 PR해 보시오.
777,3,"성격의 장, 단점에 대해 기술하시오"
778,3,무엇이 본인을 움직이게 하는지 기술해 주십시오.
779,3,성장과정: 성장과정을 구체적으로 기술해주세요. (800자)
780,3,"자신이 다른 사람과 구별되는 능력이나 기질을 써주십시오. (3가지, 각 문항당 120byte)"
781,3,후배에게 추천하고 싶은 책 3권을 중요한 순서대로 적어 주십시오. (책제목/저자/이유) (75/75/150 byte)
782,3,자신에게 있어서 직장생활의 의미를 써 주십시오(200자 미만)
783,3,"본인이 생각하는 ①가장 인상 깊었던 뮤지컬 마케팅 사례를 적고, ②그 이유에 대해 설명해 주세요. (1,000자 이내)"
784,3,10년 뒤 자신의 모습을 기술하시오.
785,3,자신에 대하여 기술하여 주십시오
786,3,본인의 장/단점(글자수 제한)
787,3,"본인의 (역량)성장과정을 간략히 기술하되 현재의 자신에게 가장 큰 영향을 끼친 사건, 인물 등을 포함하여 기술하시기 바랍니다. ("
788,3,자신의 성장과정과 학창시절에 대해 기술하여 주십시오.(700자)
789,3,자기소개서 자유로운 형식으로 기술해주세요. 1000자
790,3,Why Celltrion? 800자
791,3,"자신의 가치관, 인생관은 무엇이며 이에 영향을 미친 경험에 대해서 소개해 주십시오. (600자)"
792,3,본인 성격의 장단점에 대해서 설명해 주십시오. (600자)
793,3,학교생활 및 사회생활을 경험하면서 친구 및 지인들이 바라보는 본인의 성격에 대하여 기술하세요. (500자 이내)
794,3,"다음의 키워드 중 두 가지를 선택하여 본인을 표현해 주십시오. [존중, 팀워크, 희생, 소통, 열정, 도전, 자신감, 성실함, 꼼꼼함, 행동력, 리더십, 분석력, 정보력, 차분함, 인내, 유연함] (800자)"
795,3,자유양식 Cover Letter
796,3,"자신의 생활신조(신념,가치관)와 평소 심신건강을 위해 하고 있는 활동이 있다면 기술하여 주십시오."
797,3,'나'를 설명할 수 있는 키워드 3개를 제시하고 각 키워드에 맞춰 자신이 어떤 사람인지 설명해 주시기 바랍니다.
798,3,"본인을 잘 설명할 수 있는 카피나 슬로건을 만들어 보시고, 그 이유를 간단히 기술해주십시오."
799,3,본인을 가장 잘 표현할 수 있는 단어와 그 이유를 서술해주시기 바랍니다.
800,3,창의성을 발휘했던 사례를 기술하시오. (글자수 제한 없음)
801,3,"본인의 강점과 약점을 언급하시고, 그 강점이 앞으로 귀사와 본인의 발전에 어떻게 기여 할 수 있는지를 서술해주십시오 [100자 이상 1000자 이내]"
802,3,본인의 강점과 약점을 기술하시오. 800
803,3,본인의 장/단점(최대 200자 이내로 작성)
804,3,"본인의 수상경력, 봉사활동 경험에 대해 기술해 주십시오. (최대 500자 입력가능)"
805,3,"자신의 성장과정 및 개인 특성, 장점을 중심으로 기술하여 주시기 바랍니다. (100자 ~ 1000자)"
806,3,본인이 생각하는 자신의 강점/보완점과 주위 사람들이 자신을 어떻게 표현하는지 기술하시오.(500)
807,3,"본인의 성격, 성장배경, 좌우명에 대하여 서술하여 주십시오"
808,3,"좋아하는 시나 소설, 노래 중심으로 자신을 자유롭게 소개해주세요. (1000)"
809,3,사람과의 관계에 대한 본인의 생각을 기술해 주십시오.
810,3,본인에 대한 소개와 비전을 자유롭게 기술하여 주시기 바랍니다. (1500자 내외)
811,3,"인생에서 가장 중요하다고 생각하는 가치(좌우명)는 무엇이고, 왜 그 가치를 본인의 좌우명으로 삼았는지 그 배경과 이유를 기술해 주세요"
812,3,성장과정 및 학교생활에 대하여
813,3,성격의 장&단점 및 보완 노력에 대하여
814,3,성장 과정에서 자신의 성격에 가장 큰 영향을 미친 사건에 대해 기술하시오.(700 자 이내)
815,3,"그 외 위에서 표현하지 못한 이야기가 있으면, 자유롭게 작성해주시기 바랍니다.(700 자 이내)"
816,3,최종학교 재학시절 자신의 모습
817,3,아래 주제와 관련하여 본인이 경험한 프로젝트에 대해 분량에 관계없이 자유롭게 기술하시오.
818,3,성장과정을 서술하여 주시기 바랍니다.
819,3,"성격의 장,단점을 서술하여 주시기 바랍니다."
820,3,본인 성격의 장단점을 기술해주십시오.* [100자 이상 1000자 이내]
821,3,자신의 장점과 단점을 소개하여 주시기 바랍니다.
822,3,"자신의 성격, 특기, 개인별 특별한 경험 등 소개[1000 Bytes 이내]"
823,3,각 문항당 16줄 이내로 작성 하세요. 지원동기 : 지원동기를 구체적으로 기술해주세요.
824,3,자신이 가장 성취하고 싶은 것과 어떤 인생을 살고 싶은지 서술해 주십시오.
825,3,가치관 및 성장과정
826,3,위 자기소개서 내용 외에 추가적으로 자신을 소개할 내용을 기술하시오
827,3,나의 인생 가치관에 대해 성장과정과 경험을 바탕으로 구체적으로 서술해 주십시오.(600자)
828,3,자기소개서(자유양식)
829,3,당신의 성장과정에 대해 기술하시오
830,3,본인의 삶에 있어 가장 소중한 가치와 그 이유를 작성 바랍니다.
831,3,성장과정 (600자)
832,3,"가치관, 생활신조 (600자)"
833,3,"성장과정을 간략히 기술하되 현재 자신에게 가장 큰 영향을 끼친 사건, 인물 등을 포함하여 기술하시오 [100자 이상 600자 이내]"
834,3,학업 및 관심분야를 중심으로 자신의 성장과정 및 학창생활을 기술하여 주세요.
835,3,"음원 차트(순위)에 직/간접적으로 영향을 미치는 요인이 무엇인지 본인의 경험을 통한 의견을 자유롭게 작성해주세요. (1,000자 이내)"
836,3,100자 이내로 자신을 표현하여 주세요. [ 100자 이내 ]
837,3,자기소개- 2. '어린아이의 마음으로 다가가는 자세'
838,3,"[Part1] 나는 이런 사람입니다. 본인을 가장 잘 나타낼 수 있는 단어를 쓰고, 그 이유를 본인의 경험 및 가치관 등이 반영되도록 구체적으로 기술해주십시오."
839,3,"성장과정에서 부모, 가족으로부터 가장 인상적인 경험을 구체적으로 기술하여 주십시오. [ 500자 이내 ]"
840,3,"자유롭게 자기소개해주세요 (강점, 약점, 대인관계 등)"
841,3,자기소개 (성장배경 및 성격)-700자 이내
842,3,장래 포부-700자 이내
843,3,"성장과정에서 부모, 가족으로부터 가장 인상적인 경험을 구체적으로 기술하여 주십시오"
844,3,"성장과정에서 부모, 가족으로부터 가장 인상적인 경험을 구체적으로 기술하여 주십시오."
845,3,"자신이 경험한 혁신적인 서비스 한가지를 들고, 그 사유를 기술하여 주십시오(600자 이내)"
846,3,본인이 살아오면서 속한 집단 중 소속감을 가장 강하게 느낀 조직과 그 이유를 기술하여 주십시오(600자 이내)
847,3,본인의 강점과 약점을 기술하시오.
848,3,창의성을 발휘했던 사례를 기술해 주세요. (글자 수 제한 없음)
849,3,성격의 장단점 및 취미/특기
850,3,성격 및 장단점(600)
851,3,타인과 차별되는 나만의 핵심역량(600)
852,3,"가족관계, 교우관계 및 본인 성격과 이를 나타낼 수 있는 구체적인 사례와 성장과정에서 가장 기억나는 경험 등의 내용을 기재하여 주시기 바랍니다."
853,3,"취미/특기를 갖게된 이유와 관련 활동 내용, 수상내용(수상명, 수상시기, 수상사유), 해외경험 및 기타 특이사항이 있으면 자세히 기재하여 주시기 바랍니다."
854,3,"본인의 자질 (성격, 능력, 가치관, 경쟁력)에 대해 설명하세요."
855,3,현재 위메프에서 판매하고 있는 상품 중 본인을 가장 잘 표현할 수 있는 것을 찾아보고 그 이유를 기술해주세요.(최소 500 글자)
856,3,성장과정 및 자신의 장단점
857,3,지원자님이 스스로 생각하는 성격의 장단점을 기술해주세요.
858,3,"본인의 성장과정을 간략히 기술하되 현재의 자신에게 가장 큰 영향을 끼친 사건, 인물 등을 포함하여기술 하시기 바랍니다. ("
859,3,"본인이 도전적, 창의적, 주도적, 협력적인 사람임을 보여주는 사례를 선택하여 자유롭게 기재바랍니다. (500 자 10 단락 이내) (500자)"
860,3,"전공, 직무, 기타 본인이 가장 감명 깊게 읽은 책과 본인에게 미친 영향이 무엇이었는지 기재바랍니다. (500 자 10 단락 이내) (500자)"
861,3,오디션에서 무엇을 보여주실 것인지 소개해주십시오. (최대 300자 입력가능)
862,3,본인을 3가지 해시태그로 표현해본다면?
863,3,"바꾸고 싶은 자신의 모습 1가지를 작성해 주세요. 어떻게 바꾸고 싶으며, 왜 바꾸고 싶은지 자세하게 묘사해 주시기 바랍니다."
864,3,성장과정에 대해 서술하세요
865,3,"본인의 성장과정, 성격의 장점과 보완할 점을 기술하세요."
866,3,자신의 성장과정과 학창시절에 대해 기술하여 주십시오. (700)
867,3,"성장과정 및 성격의 장점, 단점을 기술하시오"
868,3,기타 자신을 홍보하고 싶은 내용에 대하여 기술하시오
869,3,본인의 성격 및 생활신조
870,3,"자신의 성장과정부터 취미, 입사지원 동기, 희망업무 및 포부, 본인의 장점 및 기타 특기사항을 서술하시기 바랍니다."
871,3,위 자기소개서 내용 외에 추가적으로 자신을 소개할 내용을 기술하시오.
872,3,What makes you move? 무엇이 본인을 움직이게 하는지 기술해 주십시오 (1000)
873,3,"본인의 성장과정을 기술하되 현재의 자신에게 가장 큰 영향을 끼친 사건, 인물 등을 포함하여 기술하시기 바랍니다.(작품 속 가상인물도 가능)"
874,3,"자신의 성장과정과 학창시절에 대해 기술하여 주십시오. 542/700 (글자 수, 공백 포함)"
875,3,성장 과정 및 본인의 성격
876,3,자신의 성장과정과 학창시절에 대해 기술하여 주십시오
877,3,자기소개(경력 포함 등)를 작성해 주십시오.
878,3,본인의 장점과 단점을 작성해 주십시오
879,3,본인 성격상의 장점과 단점에 대해 서술하시오.
880,3,"본인을 가장 잘 나타낼 수 있는 단어를 쓰고, 그 이유를 본인의 경험 및 가치관 등이 반영되도록 구체적으로 기술해주세요"
881,3,성장과정: 성장과정을 구체적으로 기술해주세요
882,3,"자기소개 (강점, 약점, 대인관계 등)"
883,3,본인의 성장과정 및 학교/사회생활을 기술해 주십시오. (600자 이내)
884,3,본인의 장점과 단점 및 특기사항을 기술해 주십시오. (600자 이내)
885,3,본인에게 가장 영향을 끼쳤거나 인상 깊은 역사적 사건이나 인물에 대해 간략히 설명하고 교훈점이나 시사점에 대해 기술하여 주십시오
886,3,본인의 장점과 단점은 무엇입니까?그리고 단점을 극복하기 위해 어떤 노력을 하고 계십니까? [ 200자 이상 1000자 이내]
887,3,[선택]추가적으로 자신에 대해 소개할 내용을 기술해 주십시오. [ 1000자 이내 ]
888,3,"자신이 가장 성취하고 싶은 것과 어떤 인생을 살고 싶은지 서술해 주십시오. (최대 1,000자 입력가능)"
889,3,본인이 좋아하는 단어를 선택하여 본인의 삶을 잘 드러날 수 있도록 기술하시오.
890,3,"자랑하고 싶은 취미, 특기(수행 빈도 및 수준 포함)를 기술하시오."
891,3,인생에 대한 귀하의 가치관과 그 이유(200자)
892,3,"자신의 성장과정 및 개인 특성, 장점 중심으로 기술해주시기 바랍니다."
893,3,귀하의 학창시절을 스스로 평가한다면 본인은 어떠한 사람이라고 생각하는지 약술하십시오 300
894,3,"성장과정 본인의 성장과정 및 성격의 장단점에 대하여 기술해 주시기 바랍니다. Guide> 본인의 성장과정 및 개인특성, 장단점 중심으로 기술하시기 바랍니다."
895,3,"본인의 장,단점 및 단점 극복방안"
896,3,"지원자의 성장배경, 성격의 장단점, 가치관을 중심으로 자기소개를 기술해주세요."
897,3,경력사항 및 학교생활
898,3,본인의 성장과정 을 통해 자신을 구체적으로 소개해 주세요.
899,3,본인의 성장과정 및 성격의 장단점에 대하여 기술해 주시기 바랍니다. 500
900,3,본인이 어떤 사람인 지 이야기 해 주세요. [ 300자 이상 500자 이내 ]
901,3,"여러분이 경험했던 TV 또는 영화 애니메이션 콘텐츠 중 가장 인상 깊었던 콘텐츠를 하나 선정하고, 해당 콘텐츠의 성공요인 또는 부진요인에 대한 본인의 생각을 작성해주세요. (500자 이내)"
902,3,소비자들이 캐릭터 상품을 구매하는 이유에 대해 본인의 생각을 자유롭게 작성해주세요. (500자 이내)
903,3,생활신조 및 특기사항 1000자
904,3,지원동기 및 장래포부 1000자
905,3,당신의 성장과정에 대해 기술하시오.
906,3,"타인과 구별되는 자신만의 경쟁력을 한 가지 고르고, 이를 잘 표현할 수 있는 사례를 중심으로 기재해 주시기 바랍니다. * [300자 이상 1000자 이내]"
907,3,성장환경 및 성격 (500자)
908,3,"자신의 성장 과정 및 개인 특성, 장점 중심으로."
909,3,귀하의 성실함을 보여줄 수 있는 경험이나 구체적인 사례를 서술하여 주십시오. (600 자 이내) 402/600
910,3,자랑하고 싶은 취미 / 특기(수행 빈도 및 수준 포함)를 기술하시오.
911,3,"성장과정에서 부모, 가족으로부터 가장 인상적인 경험을 구체적으로 기술하여 주십시오. [500자 이내]"
912,3,"본인 성격의 장점과 단점은 무엇인지, 단점을 보완하기 위해 어떤 노력을 기울였는지 기술하여 주십시오"
913,3,타인과 차별되는 자신만의 강점 및 역량을 작성해 주세요.
914,3,"성장과정과 학창시절, 성격의 장,단점에 대해 기술해주시기 바랍니다."
915,3,"성장과정 (가정환경, 학교생활, 병역사항 등) (400~2000자)"
916,3,"본인 성격의 특징 (생활신조, 장/단점) (400~2000자)"
917,3,"본인의 성격, 성장배경, 좌우명에 대하여 서술하여 주십시오 (500자 이내)"
918,3,"본인의 가치관은 무엇이며, 그러한 가치관을 형성하게 된 배경을 구체적인 사례를 들어 기술해주세요."
919,3,사람과의 관계에 대한 본인의 생각을 기술해 주십시오
920,3,자신을 한 문장으로 표현한 후 구체적으로 설명하시오.
921,3,본인 성격의 장점과 단점은 무엇인지 단점을 보완하기 위해 어떤 노력을 기울였는지 기술하여 주십시오.
922,3,"""야무지게""를 키워드로 하여 자유롭게 기술해 주세요. (경험담, 포부, 연상되는 것, '나'의 생각, 시 등"
923,3,[가치관] 본인을 가장 잘 나타내는 3가지 키워드를 이야기 하고 이유를 기술하시오. (600자 이내)
924,3,자기소개(400자 이내)
925,3,"귀하의 성장과정을 통해 본인을 소개하여 주십시오(가족, 가치관, 성격, 학창시절 등)"
926,3,본인 성격의 장점과 단점
927,3,자기 자신에 대해 자유롭게 소개해 주세요.
928,3,"자신에게 가장 중요한 가치는 무엇이며, 그 가치관 형성에 영향을 준 사건 또는 계기가 무엇이었는지 소개해 주세요."
929,3,Game과 관련된 추억이나 최근 즐겨하는 Game에 대해서 작성해 주세요. * [10자 이상 800자 이내]
930,3,"본인의 성장과정을 간략히 기술하되 현재의 자신에게 가장 큰 영향을 끼친 사건, 인물 등을 포함하여"
931,3,"본인의 성장과정을 간략히 기술하되 현재의 자신에게 가장 큰 영향을 끼친 사건, 인물 등을 포함하여 기술하시길 바랍니다."
932,3,성장과정 : 성장과정을 구체적으로 기술해주세요. (800)
933,3,자신이 생각하는 효과적인 의사소통 방법에 대해 기술해 주십시오. [100자 이상 800자 이내]
934,3,성장과정 : 성장과정을 구체적으로 기술해주세요.(800)
935,3,성장과정 및 성격의 장단점을 서술하시오
936,3,"본인의 성장과정을 간략히 기술하되 현재의 자신에게 가장 큰 영향을 끼친 사건, 인물 등을 포함하여 기술하시길 바랍니다. [1500]"
937,3,"본인 성격의 장점과 단점은 무엇인지, 단점을 보완하기 위해 어떤 노력을 기울였는지 기술하여 주십시오.(700자)"
938,3,나를 설명하는 한마디는 무엇인가요? (50자)
939,3,나의 성장과정과 대학생활에 대해 구체적으로 서술해주십시오.(600자)
940,3,"[My Story] 자신의 성장과정 및 개인 특성, 장점 중심으로 기술해주시기 바랍니다. Guide> 성장과정, 본인의 특성 및 성격(장단점)을 자유롭게 기술해주시기 바랍니다."
941,3,"자신의 성장과정 및 개인 특성, 장점 중심으로 기술해주시기 바랍니다.1000자"
942,3,자신에 대해 자유롭게 소개해보세요
943,3,자유롭게 자신에 대해 소개해주세요.
944,3,"성장과정과 학창시절, 성격의 장,단점에 대해 기술해주시기 바랍니다. [100자 이상 500자 이내]"
945,3,"자기소개서(500자 이내 기입) * 입력 시, 본인의 신분이 드러날 수 있는 출신 학교명, 세부학력, 가족관계 등 블라인드 채용 취지에 위배되는 사항은 삭제 후 기재하시기 바랍니다."
946,3,자신의 강점(업무상 강점 및 성격상 강점)
947,3,성장과정 및 학교생활에 대하여.
948,3,성격의 장·단점 및 보완노력에 대하여.
949,3,"자신의 강점, 보완점 및 특기"
950,3,나를 설명하는 한마디는 무엇인가요? (50자) 1-2. 나의 성장과정과 대학생활에 대해 구체적으로 서술해주십시오.(600자)
951,3,본인의 성장과정에 관해서 이야기 하시오
952,3,본인 성격의 장단점에 대하여 기술한 후 단점을 보완하기 위하여 어떠한 노력을 하였는지 기술하여 주십시오. (700 자 10 단락 이내)
953,3,주요경력 및 특이사항
954,3,"타인과 다른 자신만의 차별화된 경험, 역량 및 장기가 있다면 자유롭게 기술해 주시기 바랍니다."
955,3,자기소개 2000자 이내
956,3,"성장 과정, 성격의 장단점"
957,3,"성장과정, 개인특성, 인생관 기술(800자)"
958,3,기타 자유 기술(400자)
959,3,자신에 대해 기술해 보십시오. 지원동기는 무엇입니까? (400 byte 이내)
960,3,자신에 대해 기술해 보십시오. 성장과정 및 인생관을 기술해 보십시오. (400 byte 이내)
961,3,"자신에 대해 기술해 보십시오. 인생관에 영향을 미친 인물, 사건 등은 어떤 것이 있습니까? (400 byte 이내)"
962,3,자신에 대해 기술해 보십시오. 인생관을 현재 생활에 어떻게 적용하고 있는지 설명하십시오. (400 byte 이내)
963,3,자신에 대해 기술해 보십시오. 직무와 관련된 자신의 장점 3가지와 단점 3가지는? (1200 byte 이내)
964,3,자신에 대해 기술해 보십시오. 직무와 관련된 자신의 주요 경력이나 경험 3가지를 기술해 보십시오. (1200 byte 이내)
965,3,자기소개 및 특이사항
966,3,.경력사항(학창시절)
967,3,본인의 성장과정에 대해 자세히 기술해 주시기 바랍니다.
968,3,본인 성격의 장단점에 대해 기술해 주시기 바랍니다.
969,3,자신의 성장과정과 학창시절을 기술하여 주십시오.
970,3,"성장과정,학창시절. 성격의 장,단점에 대해 기술[500]"
971,3,"자신을 잘 나타내는 한 단어를 제시하고, 그 이유를 구체적인 예를 들어 설명해 주시기 바랍니다."
972,3,이외에 자유롭게 하고 싶은 말이 있다면 추가적으로 기술
973,3,인생에 대한 귀하의 가치관과 그 이유
974,3,자기 소개를 자유롭게 기술 바랍니다. 최소 1000자 /5000자 제한
975,3,성장과정 [500자 이내]
976,3,성격 및 인생관 [500자 이내]
977,3,본인 성격의 장단점이 가장 잘 들나는 사례를 구체적으로 서술해주십시오.
978,3,성장과정 및 학창시절에 대해서 작성해 주십시오 (800자)
979,3,자신의 성장과정 및 개인 특성 장점을 중심으로 기술하여 주시기 바랍니다.
980,3,2) 그 인물 또는 제도가 당시 사회나 국가에 어떠한 영향을 주었다고 생각하는지 기술하여 주십시오. (150~300자)
981,3,본인의 특별한 경험/성취에 대하여 자유롭게 기술하시오.
982,3,본인의 성장배경 및 위에 기술한 내용 외에 첨부하고자 하는 내용이 있으시면 기술하여 주시기 바랍니다.
983,3,자신의 성장과정과 학창시절에 대해 기술하여 주십시오.(700)
984,3,"본인이 생각하는 자신의 '책임감' 수준을 100점 만점 기준으로 스스로 평가하고, 그 이유에 대해 서술해주십시오."
985,3,"본인의 취미/특기, 존경인물 및 존경하는 이유를 자유롭게 작성하여 주시기 바랍니다."
986,3,성장과정/학교생활/연수여행경험 [100자 이상 1000자 이내]
987,3,성격의 장단점 및 생활신조 [100자 이상 600자 이내]
988,3,인생에서 이룬 가장 큰 성취 [100자 이상 600자 이내]
989,3,자신에 대해 자유롭게 서술하세요.
990,3,성장과정 및 학교생활에 대하여. (800자)
991,3,성격의 장·단점 및 보완노력에 대하여. (800자)
992,3,정직함에 대하여. (800자)
993,3,"본인의 장/단점 및 성격, 비전 등을 기술하여 주십시오."
994,3,"본인의 성장과정을 간략히 기술하고, 자신의 강점과 약점을 구체적으로 기술하시기 바랍니다."
995,3,본인만의 특별한 관심사에 대해 논리적으로 기술하시기 바랍니다.
996,3,"자신을 자유롭게 소개하시오. 다만, 출신학교명 언급은 피하시기 바랍니다."
997,3,장ㆍ단점(성격 및 역량 등)
998,3,남들과 차별화 되는 본인만의 특별함(능력/경험)은 무엇입니까? (591/600byte)
999,3,본인을 가장 잘 표현할 수 있는 단어와 그 이유를 서술하시오. (508/600bytes)
1000,3,"본인이 생각하는 자신의 '책임감' 수준을 100점 만점 기준으로 스스로 평가하고, 그 이유에 대해 서술해주십시오. [500자 이상 1000자 이내]"
1001,3,성격의 장·단점 및 보완노력에 대하여
1002,3,당신을 가장 잘 표현할 수 있는 한 가지를 선택하여 경험적 사례를 통해 그 이유를 설명해 주세요. 1500자
1003,3,(자기소개)본인을 3가지 해시태그로 표현해 주시기 바랍니다.
1004,3,(논문요약)자신의 최종학력 논문 혹은 가장 성공적인 발표(제출) 자료를 요약해 주시기 바랍니다.
1005,3,자기소개서 자유형식
1006,3,성격상 장단점 및 특기
1007,3,유익한 나의 자랑거리
1008,3,자신의 특기 및 장 단점
1009,3,가치관 및 성장과정 500자
1010,3,성격의 장단점 500자
1011,3,본인에게 가장 영향을 끼쳤거나 인상 깊은 역사적 사건이나 인물에 대해 간략히 설명하고 교훈점이나 시사점에 대해 기술하여 주십시오.
1012,3,본인의 성장과정에 대하여 기술하여 주시기 바랍니다. * [0자 이상 500자 이내]
1013,3,자신의 장단점에 대하여 기술하여 주시기 바랍니다. * [0자 이상 500자 이내]
1014,3,"직장생활에 대한 본인의 가치관이 무엇인지 설명하여 주시고, 해당 가치관 형성에 영향을 준 의미 있는 경험 등(인물, 도서, 기타 인문분야 등)에 대하여 기술하여 주시기 바랍니다.(500자 이내)"
1015,3,성장과정 및 학창생활 600자
1016,3,성격(장단점) 및 인간관계 600자
1017,3,귀하의 성격의 장단점을 기술하여 주십시오.
1018,3,귀하의 다른사람과 구별되는 지식/재능을 기술하여 주십시오.
1019,3,평소 관심을 가지고 있거나 경험해 본 본인만의 패션/라이프 스타일에 대해 기술해주세요.
1020,3,기타 사항 1000자
1021,3,"본인의 성장과정을 간략히 기술하되 현재의 자신에게 가장 큰 영향을 끼친 사건, 인물 등을 포함하여 기술하시기 바랍니다. (*작품속 가상인물도 가능) (1482/1500자)"
1022,3,"본인의 장점(강점) 3가지와, 이로 인해 좋은 결과를 이끌어 낸 사례를 각 장점(강점) 별로 기술해 주세요."
1023,3,"본인의 약점(단점) 3가지와, 이로 인해 좋지 않은 결과가 나타난 사례를 각 약점(단점) 별로 기술해 주세요."
1024,3,"성장과정에서 부모, 가족으로부터 가장 인상적인 경험을 구체적으로 기술하여 주십시오. [ 500자 이내 ] /500"
1025,3,자신에 대해 자유롭게 표현해 보세요.
1026,3,"지원동기 / 본인의 강점, 약점 및 생활신조 (500자 이내)"
1027,3,본인의 성장과정을 기술하시오
1028,3,성장과정과 학교생활
1029,3,본인에 대한 주변사람의 평가
1030,3,본인에 대하여 자세히 소개해 주시기 바랍니다.
1031,3,본인이 하고 싶은 말을 자유롭게 기술해 주시기 바랍니다. (지원동기/포부 등)
1032,3,"본인의 성장과정을 기술하되 현재의 자신에게 가장 큰 영향을 끼친 사건, 인물 등을 포함하여 기술하시기 바랍니다."
1033,3,성장 과정 및 가치관 형성 과정
1034,3,자신에 대해 자유롭게 표현해주세요.
1035,3,자신을 대표하는 슬로건과 함께 본인에 대해 서술하십시오
1036,3,타인과 차별화 될 수 있는 자신만의 장점 및 역량
1037,3,귀하의 생활신조 및 성격의 장단점에 대해 기술해 주십시오.(600)
1038,3,자기의 성장과정을 서술하시오
1039,3,"자기소개서 - 본인에 대해서 자유롭게 PR을 해보십시오.(성장과정,가치관,성격 등)"
1040,3,10년 후의 내 모습을 그려본다면?
1041,3,"지원한 분야의 과거와 현재, 미래에 대한 자신의 생각을 자유롭게 기술해 주십시오."
1042,3,성격의 장.단점 및 보완노력에 대하여.
1043,3,본인의 성장과정 및 학창시절에 대해 기술 1000자
1044,3,본인의 성격 및 강.약점에 대해서 기술 1000자
1045,3,"자기자신의 성격의 장, 단점은?"
1046,3,"특기 사항(여행, 써클 등)"
1047,3,"(★단일 질문, 글자수 제한없음) 성격 장단점 및 생활신조, 지원동기, 입사 후 포부"
1048,3,본인의 성장배경에 대하여 적으시오(300자)
1049,3,"내가 개인적으로 가장 좋아하는 일은 무엇이고, 이 일에 얼마나 에너지를 쏟고 있으며, 나에게 어떠한 의미인지 설명하세요.(600자)"
1050,3,자신의 가치관에 지대한 영향을 준 책에 대해서 설명하시오. (500자)
1051,3,성격소개 (장/단점)
1052,3,"본인이 가지고 있는 강점에 대하여 키워드를 제시한 후, 그 이유에 대하여 기술하시오. (500/600자)"
1053,3,본인의 인생에 가장 큰 영향을 미친 사건과 그 사건이 주는 의미에 대하여 기술하시오. (597/600자)
1054,3,정직함에 대하여. (460자)
1055,3,"[본인은 어떤 사람이다]를 한마디로 표현해주시고, 이를 설명해주시기 바랍니다."
1056,3,상기 내용외에 본인을 어필할 수 있는 내용에 대해 기술하시오.
1057,3,본인에 대해 간단히 소개해주십시오
1058,3,인베니아의 인재상(“협업/창조/주인정신/인내/성실”)중 본인의 경험담을 서술해주십시오
1059,3,귀하의 역량에 대해 자유롭게 기술하여 주시기 바랍니다.
1060,3,10년 뒤의 자신의 모습은 어떤 모습일 것이라 생각하십니까?
1061,3,당신은 어떤 사람으로 기억되고 싶습니까?
1062,3,지원동기를 포함해 자신을 자유롭게 소개해주기를 바랍니다
1063,3,성장과정 및 학교생활에 대하여.(800바이트)
1064,3,성격의 장·단점 및 보완노력에 대하여.(800바이트)
1065,3,본인의 성장과정 및 그러한 성장과정이 본인에게 어떠한 영향을 미쳤는지에 대하여 기술해 주십시오.
1066,3,"본인이 생각하는 ""선한 가치관""의 정의와 이러한 선한 가치관을 실제 행동으로 옮겼던 사례에 대하여 기술해 주십시오."
1067,3,아래 제시어를 자유롭게 선택/활용하여 본인만의 경쟁력을 소개해 주십시오.
1068,3,"인생에서 가장 중요하게 생각하는 가치는 무엇이며, 그 가치를 위해 노력한 경험에 대하여 서술하여 주십시오. (500자)"
1069,3,교내외 활동 및 특기사항을 기술해 주시기 바랍니다. 500자
1070,3,인생에 대한 본인의 가치관과 그 이유
1071,3,성장과정(학창시절 및 사회활동 포함)
1072,3,성격의 장ㆍ단점 및 생활신조
1073,3,성장과정을 기술하시오(800자)
1074,3,"아래 제시어를 자유롭게 선택ㆍ활용하여, 본인의 가치관과 삶의 경험을 담은에세이를 작성해 주세요."
1075,3,"본인의 가치관을 한줄로 표현하고, 그 이유를 성장과정과 성격등을 근거로 기술"
1076,3,"현재의 자신에게 가장 큰 영향을 끼친 사건, 인물 및 삶의 터닝 포인트에 대해 소개바랍니다.(500자 내외)"
1077,3,자신의 성장과정과 학창시절에 대해 기술하여 주십시오. (700자)
1078,3,자신의 성장과정과 학창시절 기술 (500자)
1079,3,자신의 성격 및 남다른 지식이나 재능에 대해 기술 (500자)
1080,3,생활신조 및 성격소개 (장점 및 단점)
1081,3,본인의 성장과정에 대하여 기술하세요.
1082,3,본인이 생각하는 성격의 장단점에 대하여 기술하세요.
1083,3,성장과정 및 성격의 장단점을 서술하시오. (500자 이내)
1084,3,"[My Story] 자신의 성장과정 및 개인 특성, 장점을 중심으로 기술하여 주시기 바랍니다."
1085,3,특별한 양식 없이 응모자가 자유롭게 기술(2매 이내) 1. 지원동기
1086,3,본인의 강점을 강하게 부각하여 기재하시오.
1087,3,성격의 단점과 보완해야 할 점이 있다면 기재하시오.
1088,3,자기 자신을 진솔하게 소개하여 주시기 바랍니다.(자신의 성격/취미/가치관/주변환경) (800자)
1089,3,성격(장단점 및 특징)
1090,3,주요경력 및 특기사항
1091,3,본인이 가진 열정과 역량에 대하여 [500자~1000자]
1092,3,본인의 10년 후 계획에 대하여 [100자~500자]
1093,3,성격의 장단점 및 생활 신조
1094,3,성장과정 및 학교생활에 대하여(460자)
1095,3,"본인의 인생/가치관을 작성하고, 성장과정과 연계하여 기술하시오."
1096,3,"[취미/특기/존경인물] 본인의 취미/특기, 존경인물 및 존경하는 이유를 자유롭게 작성하여 주시기 바랍니다"
1097,3,"성장배경 (부모, 형제, 환경)"
1098,3,학창시절 및 성장환경
1099,3,본인의 성장과정 및 학창시절에 대해 기술 (1000자)
1100,3,본인의 성격 및 강.약점에 대해서 기술 (1000자)
1101,3,"CEN 그룹 핵심가치를 기반으로 본인의 가치관과 삶의 경험을 담은 에세이를 작성해주세요. (핵심가치 : 창의, 열정, 봉사)"
1102,3,성장과정 : 성장배경 및 본인의 가치관 등
1103,3,성격의 장단점 : 장점과 단점을 잘 보여주는 사례를 들어 기술
1104,3,본인의 성장배경에 대하여 적으시오(300자) 1)성장과정(가족사항 등) 2)대학생활(친구관계 등) 1-2. 지금의 내가 있기까지 나의 성장에 가장 중요한 계기가 된 경험을 적으시오.(300자)
1105,3,본인을 대표할 수 있는 이력 3가지를 기술하여 주십시오.
1106,3,귀하에 대해 자유롭게 소개하십시오. (600자 이내)
1107,3,성장과정 (500자 이상 800자 이내)
1108,3,장단점 및 생활신조 (500자 이상 800자 이내)
1109,3,성장과정: 성장과정을 구체적으로 기술해주세요.
1110,3,어떻게 행동하였습니까?(100자 내외)
1111,3,자신을 한 문장으로 표현한다면?
1112,3,5년 후 자신의 모습
1113,3,본인의 성장과정에 대해서 기술하십시오.
1114,3,성격의 장단점에 대해서 구체적인 예를 들어서 기술하십시오
1115,3,성장 과정 및 학교 생활에 대하여
1116,3,성격의 장.단점 및 보완 노력에 대하여
1117,3,"본인을 잘 설명할 수 있는 카피나 슬로건을 만들어 보시고, 그 이유를 간단히 기술해주십시오"
1118,3,생활신조 성격장단점
1119,3,"자기소개(성격, 성장과정, 가치관 등)를 간략하게 기술하시오."
1120,3,인생에 대한 본인의 가치관과 그 이유 200
1121,3,[자기소개]본인을 3가지 해시태그로 표현해본다면?
1122,3,"[개인성향(장, 단점)] 바꾸고 싶은 자신의 모습 1가지를 작성해 주세요. 어떻게 바꾸고 싶으며, 왜 바꾸고 싶은지 자세하게 묘사해 주세요. *600자 이상 1000자 이하로 입력하세요."
1123,3,"나만의 특이한 경험 792/800 (글자 수, 공백 포함)"
1124,3,"자신의 성장과정 및 개인 특성, 장점을 중심으로 기술하여 주시기 바랍니다."
1125,3,"자신의 삶에 있어서 ""食문화""가 가지는 의미에 대해 기술하고, 식문화를 통해 누군가와 잊을 수 없는 특별한 추억을 만들었던 경험에 대해 소개해 주십시오."
1126,3,"나의 소개(성격, 장단점 및 대외활동 포함) (600자)"
1127,3,"본인의 대인관계 경험 중 가장 기억하고 싶지 않은 경험과, 기억하고 싶은 경험을 각 한 가지씩 서술해 주십시오. (600자)"
1128,3,"[My Story] 아래 제시어를 자유롭게 선택ㆍ활용하여, 본인의 가치관과 삶의 경험을 담은 에세이를 작성해 주세요."
1129,3,"아래의 단어를 기준으로 당신의 성격을 점수로 표현하고, 성격의 장단점에 대해 간략히 기술하시오. (합계 100)"
1130,3,엘리트 한미인상 중 본인에게 가장 적합한 1가지를 선택하여 사례를 소개하여 주십시오. [ 200자 이상 700자 이내]
1131,3,지원자의 가치관 확립에 가장 큰 영향을 준 인생 경험을 6하원칙에 따라 서술하시오.
1132,3,키워드를 이용해 자기 소개를 해주십시오
1133,3,본인의 장점과 단점은 무엇입니까? 그리고 단점을 극복하기 위해 어떤 노력을 하고 계십니까?(1000자 이내 작성)
1134,3,(선택)추가적으로 자신에 대해 소개할 내용을 기술해 주십시오. (1000자 이내 작성)
1135,3,귀하의 성장과정을 소개하여 주십시오. [ 200자 이내]
1136,3,귀하의 경험사례 중 타인에게 추천 또는 소개하고 싶은 경험과 그 이유를 기술하십시오. [ 500자 이내]
1137,3,"아래 제시어를 자유롭게 선택ㆍ활용하여, 본인의 가치관과 삶의 경험을 담은 에세이를 작성해 주세요."
1138,3,자신의 성격을 소개
1139,3,자신의 평소 생활신조
1140,3,자유로운 자기소개 형식입니다.
1141,3,자신을 어필할 수 있는 내용
1142,3,"자신의 성장과정 및 개인 특성, 장점 중심으로 기술해주시기 바랍니다. 1천자"
1143,3,"아래의 단어를 기준으로 당신의 성격을 점수로 표현하고, 성격의 장단점에 대해 간략히 기술하시오."
1144,3,상기 문항외에 자신을 PR할 수 있는 내용을 작성하시요.
1145,3,"본인의 전문분야, 전공 등에 대해 요약해서 기술하시오. [100자 이상 800자 이내]"
1146,3,자신의 남다른 재능이나 경험을 바탕으로 본인에 대해 소개해 주십시오.
1147,3,귀하를 가장 잘 표현할 수 있는 키워드에 대하여 구체적인 사례를 들어 기술하여 주십시오.
1148,3,"본인이 도전적, 창의적, 주도적, 협력적인 사람임을 보여주는 사례를 선택하여 자유롭게 기재바랍니다."
1149,3,"본인의 장점(강점) 3가지와, 이로 인해 좋은 결과를 이끌어 낸 사례를 각 장점(강점) 별로 기술해 주세요. 600자 이내."
1150,3,"본인의 약점(단점) 3가지와, 이로 인해 좋지 않은 결과가 나타난 사례를 각 약점(단점) 별로 기술해 주세요. 600자 이내."
1151,3,성장과정에서 본인에게 큰 영향을 미친 경험이나 사건을 4개 이내 기술해주세요. 1000자 이내.
1152,3,기타 특별히 자신을 소개할 수 있는 내용을 기술해 주세요. 500자 이내.
1153,3,10년 뒤 본인이 기대하는 모습을 기재하여 주십시오. 글자수 497 / 100자 ~ 500자
1154,3,"자신'에 대해 서술하십시오. 예) 성장과정, 성격의 장단점, 업무수행능력 등*"
1155,3,"My Story - 자신의 성장과정 및 개인특성, 장점에 대해 기술해 주시기 바랍니다. ( 0 / 100자 ~ 500자)"
1156,3,가치관을 키워드로 하여 삶의 경험을 담은 에세이를 작성해 주세요.
1157,3,성장과정 [600자 이내]
1158,3,성격의 장단점 및 생활신조 [600자 이내]
1159,3,자유기재 [600자 이내]
1160,3,여러분을 왜 “기아인”으로 선택해야 하나요? ① “기아인”이 될 수 있는 본인의 강점 또는 차별점 ② “기아인”으로서 본인이 생각하는 Career Path (최대 1000자 이내로 작성)
1161,3,오케이몰을 지인에게 소개하거나 홍보하는 글을 자유로운 형식으로 적어주십시오(홈페이지 참조)
1162,3,타인과 다른 본인만의 개성에 대해 기술하여 주십시오. * 1000
1163,3,남들과 차별화 되는 본인만의 특별함은 무엇인지 자유롭게 표현해 보세요.
1164,3,"귀하는 친구나 동료, 또는 주변사람들에게 어떤 사람이라고 평가 받고 있습니까? 또한 귀하는 그것에 대해 어떻게 생각하고 있습니까?(최근 5년 이내 사례로 기술할 것)"
1165,3,"특별한 당신의 능력을 창의적으로 표현해주세요. (예>적응력-해외봉사, 국토대장정) [1000자 이내]"
1166,3,"스트레스가 쌓였을 때, 자신만의 스트레스 해소법을 기술해주세요. [100자 이상 1000자 이내]"
1167,3,성장과정을 구체적으로 기술.800자
1168,3,본인의 성장과정 및 지원동기를 기술해 주시기 바랍니다.
1169,3,"색다름 취미/습관/특기를 가진 경우, 그에 대해 자유롭게 설명하시오."
1170,3,성장과정 [400자 이상 500자 이내]
1171,3,"특기, 본인의 경쟁력, 장/단점"
1172,3,성장과정을 통하여 본인을 소개하여 주십시오. [ 200자 이내]
1173,3,'사람과의 관계'에 대한 본인의 생각을 약술하여 주십시오. [ 200자 이내]
1174,3,귀하가 추천하고 싶은 본인만의 경험 하나와 그 이유를 서술하여 주십시오. [ 400자 이내]
1175,3,본인의 삶 중에 가장 기억에 남는 순간 및 그 이유를 설명하고 향후 본인이 원하는 삶은 무엇인지 기술해 주십시오. (800자 이내)
1176,3,주요경력사항 상세기술
1177,3,개인의 성장과정 및 차별화된 강점 기술(500자)
1178,3,"가족 및 교우관계, 생활습관 및 버릇, 학창시절 및 공동체생활 등 본인의 성장과정을 구체적으로 작성하시오."
1179,3,생활신조 및 성격소개(장점 및 단점)
1180,3,자기자신에 대해 자유롭게 표현하시오 -1000자 이내
1181,3,당신의 진솔한 이야기가 궁금합니다. 주제에 구애받지 말고 자유롭게 본인을 표현해 주세요.
1182,3,자유롭게 자신을 소개해주십시오.(2000자)
1183,3,본인을 대표할 수 있는 이력 3가지를 기술하여 주십시오
1184,3,"본인의 성장과정을 간략히 기술하되 현재의 자신에게 가장 큰 영향을 끼친 사건, 인물 등을 포함하여 기술"
1185,3,성장과정 및 학창시절
1186,3,"성격의 장담점과 단점극복읠 위한 노력, 실천사항"
1187,3,아래의 단어를 기준으로 당신의 성격을 점수로 표현하고 성격의 장단점에 대해 간략히 기술하시오.
1188,3,성장과정: 성장과정을 구체적으로 기술해주세요. 800
1189,3,자신에 대하여 기술하여 주십시요.
1190,3,자신의 특기 및 장/단점
1191,3,가장 잘 나타내 주는 부분
1192,3,한 문장으로 본인을 간략하게 PR해주십시오.
1193,3,자기 자신을 진솔하게 소개하여 주시기 바랍니다.(자신의 성격/취미/가치관/주변 환경)
1194,3,자랑하고 싶은 취미·특기(수행 빈도 및 수준 포함)를 기술하시오.
1195,3,"본인의 성장과정을 간략히 기술하되 현재의 자신에게 가장 큰 영향을 끼친 사건, 인물 등을 포함하여 기술하시기 바랍니다.("
1196,3,현재 본인이 관심을 가지고 있는 최신 기술이나 트렌드에 대하여 본인의 생각을 자유롭게 써주세요.
1197,3,마지막으로 본인의 강점 3가지를 자랑하여 주세요.
1198,3,"본인의 가장 큰 장점을 쓰고, 기술한 장점을 계발/활용하여 소기의 성과를 올린 경험을 기술하시오. (200자 이상 400자 이내)"
1199,3,본인의 가장 큰 단점을 쓰고 단점을 극복하기 위해 기울인 노력과 성과를 기술하시오. (200자 이상 400자 이내)
1200,3,장점 (200자 이내)
1201,3,"귀하는 친구나 동료, 또는 주변사람들에게 어떤 사람이라고 평가 받고 있습니까? 또한 귀하는 그것에 대해 어떻게 생각하고 있습니까?"
1202,3,성장과정 (496/500)
1203,3,성격의 장단점(499/500)
1204,3,성격의 장단점 및 보완노력에 대하여.
1205,3,"현재까지 본인의 삶을 ‘연애, 학업, 재물, 성공’의 4가지 측면으로 분석하고 종합점수를 100점 만점으로 산출해주세요. [ 제한 800자 ]"
1206,3,나의 성격에서 꼭 한가지를 고쳐야 한다면 어떤 부분을 고치고 싶은지 작성해주세요 [ 제한800자 ]
1207,3,‘나만의 크리에이티브’를 위해 어떤 노력을 하고 있는지 작성해주세요 [ 제한 500자 ]
1208,3,"자신의 장점, 단점"
1209,3,성장과정 영향끼친인물등 자신에게 가장큰 영향을 끼친사건
1210,3,"본인의 성장과정을 기술하되 현재 자신에게 가장 큰 영향을 끼친 사건, 인물 등을 포함하여 기술하시기 바랍니다.(작품속 인물도 가능)"
1211,3,"본인의 성격, 대인관계, 가치관은 어떠하며 이를 잘 설명할 수 있는 실제 사례, 경험 등에 대하여 기술해 주십시오."
1212,3,"성격의 장,단점 및 보완 노력에 대하여"
1213,3,해당 조직의 성격과 당시 자신의 역할에 대해 간단히 작성해 주십시오.
1214,3,지금까지 살아오면서 자신의 강/약점을 느꼈던 경험은 무엇인지 기술하여 주십시오. [500자 이내 ]
1215,3,자신의 강점은 무엇인가?
1216,3,당신의 성장과정에 대해 기술하시오.* ( 998 / 1000 bytes)
1217,3,"아래의 단어를 기준으로 당신의 성격을 점수로 표현하고, 성격의 장단점에 대해 간략히 기술하시오.* ( 994 / 1000 bytes)"
1218,3,성장과정/개인특성/인생관기술
1219,3,나의 History (성장배경/학교생활 등)
1220,3,"남들과 다른 특이한 경력, 경험, 재능, 지식 등을 소개해 주세요. (없을 경우 기재하지 않아도 됩니다.) 1000 Bytes 이내"
1221,3,"본인이 가지고 있는 강점에 대하여 키워드를 제시한 후, 그 이유에 대하여 기술하시오. 600자"
1222,3,본인의 인생에 가장 큰 영향을 미친 사건과 그 사건이 주는 의미에 대하여 기술하시오. 600자
1223,3,본인이 삶을 살아가는데 가장 중요하게 생각하는 가치를 네 글자로 표현하고 그 이유와 해당 가치를 추구했던 경험을 구체적으로 설명해 주십시오. (700자)
1224,3,타인과 차별화 할 수 있는 경쟁력을 자신의 경험을 바탕으로 기술하시오. (1000바이트)
1225,3,경력 및 경험기술서 (1000자 이내)
1226,3,개인의 성장과정 및 차별화된 강점 기술 (1000바이트)
1227,3,"타인과 구별되는 본인만의 특기, 차별화된 경쟁력을 설명"
1228,3,오늘날의 자신이 어떤 성장 배경으로 완성되었는지 기술하여 주십시오.
1229,3,"나는 이런 사람이다 라고 자신에 대해 자유롭게 표현해 주세요 (성격, 취미, 장단점 등) 500"
1230,3,남들과 차별화 되는 본인만의 특별함(능력/경험 등)이 있다면?
1231,3,성격(장·단점)및 생활신조
1232,3,"자기소개를 간단히 하고, 지금까지 살아오면서 가장 자랑스러운 일과 후회스러운 일을 적으시고 그 이유를 각각 기술하십시오.[최소 500자, 900자"
1233,3,학교생활(성장과정)
1234,3,자신이 다른 사람과 구별되는 능력이나 기질을 써주십시오
1235,3,"살아오면서 자신이 성취한 것 중 자랑할 만한 것을 1,2가지 소개해 주십시오. [100자 미만]"
1236,3,"후배에게 추천하고 싶은 책 3권을 중요한 순서대로 적어 주십시오. (책제목, 저자, 이유)"
1237,3,자신에게 있어서 직장생활의 의미를 써 주십시오. [200자 미만]
1238,3,위에서 표현되지 못한 자기소개를 간단하게 적어 주십시오. [1600자 미만]
1239,3,"필수 영향력 있다고 생각하는 디지털 인플루언서(1인 창작자)를 선정하여, 선정 이유를 설명하고 더 많은 영향력을 갖게 할 수 있는 방안에 대해 자유롭게 작성해주세요. (1,000자 이내)"
1240,3,본인의 강점과 약점을 기술하시오.(800자)
1241,3,"자신의 성장과정 및 개인 특성, 장점을 중심으로 기술하여 주시기 바랍니다.을 자유롭게 기술해주시기 바랍니다. (1000자)"
1242,3,본인에 대하여 서술하여 주십시오.
1243,3,성장과정 (500자)
1244,3,"본인의 성장과정을 통하여 본인을 소개하여 주시기 바랍니다. (가족, 가치관, 학창생활 등)"
1245,3,본인의 성격에 관하여 기술해 주시기 바랍니다. (강점 및 약점)
1246,3,"본인의 성장과정과 성격의 장단점을 자유롭게 기술해 주십시오. [800자 이내, 16줄 이내]"
1247,3,"창조, 혁신, 도전 세 가지 키워드 중 본인을 가장 잘 드러내는 키워드를 한 가지 선정한 후 이를 증명할 수 있는 구체적인 사례를 기술해 주십시오. [500자, 10줄 이내]"
1248,3,"부모님 또는 지인들로부터 자주 듣는 잔소리는 무엇이며, 본인만의 개선방법이 있다면 함께 작성해 주세요(공백포함 200자 이내)"
1249,3,대인관계에서 문제가 생겼을 때 해결하는 본인만의 방법을 작성해 주세요(공백포함 500자 이내)
1250,3,본인의 Digital 역량 및 관심도에 대해 분량에 관계없이 자유롭게 기술하시오.
1251,3,"나의 History (성장배경, 학교생활 등)"
1252,3,"나의 One & Only , 성격의 장단점 등)"
1253,3,성격(장단점) 및 생활신조
1254,3,자신의 장단점 분석
1255,3,지원자 본인에 대하여 자세히 소개해 주시기 바랍니다. [몸에 배인 습관]
1256,3,지금의 나를 있게한 가장 중요한 사건에 대해 구체적으로 기술해주세요. (700자)
1257,3,타인과 차별화 될 수 있는 자신만의 장점 및 역량은 무엇인지 서술하십시오.
1258,3,귀하를 소개하여 주십시오
1259,3,주변사람들과 비교하였을 때 남들과는 다른 본인만의 특징을 구체적으로 서술하시오
1260,3,본인의 10년 후 자신이 가장 성취하고 싶은 것과 어떤 인생을 살고 싶은지 서술해주십시오
1261,3,자신만의 차별화 되는 특성 또는 역량
1262,3,성장과정 및 학교생활에 대하여. (400)
1263,3,지원동기 (800 자 8 단락 이내)
1264,3,연구분야 상세 (800 자 8 단락 이내)
1265,3,성장과정 및 성격상 장단점 (800 자 8 단락 이내)
1266,3,"삼천리와 관련된 최근 이슈를 한줄로 제시하고, 이와 관련하여 자신의 의견을 기술하시오. (띄어쓰기 포함 800 자 이내)"
1267,3,성격(장단점) 및 인간관계
1268,3,10년 뒤 본인이 기대하는 모습을 기대하여 주십시오.(500자)
1269,3,성격 장단점 및 인성
1270,3,지금까지 인생에서 창조해 본 경험 [ 200자 이상 500자 이내 ]
1271,3,자기소개- 중요사항을 중심으로 간략히 기재
1272,3,"자기소개(성격, 능력, 장단점, 특이사항 등)*"
1273,3,"""야무지게""를 키워드로 하여 자유롭게 기술해 주세요."
1274,3,"""독하게""를 키워드로 하여 자유롭게 기술해 주세요."
1275,3,"""끈기있게""를 키워드로 하여 자유롭게 기술해 주세요."
1276,3,다른 사람이 생각하는 본인의 장점이나 단점 중 하나를 기술하고 그 이유와 그에 대한 본인의 생각을 쓰시오.
1277,3,자기소개 (0 / 1000자) 자유서술
1278,3,본인의 장점과 단점을 하나씩 자유롭게 표현하세요
1279,3,성장배경 및 학창시절
1280,3,성격의 장단점 및 가치관
1281,3,가족 및 성장배경 [ 100자 이상 800자 이내 ]
1282,3,성향 및 취미 [ 100자 이상 800자 이내 ]
1283,3,자신에 대하여 간단히 소개해 주세요.(1000자)
1284,3,가족 외에 가장 애착을 가지고 있는 관계의 인물(들)에 대하여 기술하시오. * [100자 이상 400자 이내]
1285,3,"본인의 가치관 형성에 전환점이 된 인문/예술작품(도서, 영화, 미술, 음악 등)은 무엇이며, 그 이유를 설명해 주십시오."
1286,3,성격의 장/단점 및 특기사항 (500바이트 ~ 1600바이트)
1287,3,"자기소개(강점, 약점, 대인관계 등)"
1288,3,자유롭게 자신을 소개하여 주십시오.
1289,3,본인의 장점과 단점을 하나씩 자유롭게 표현하세요.
1290,3,본인의 장점을 자유롭게 서술해주세요.
1291,3,해당 조직이나 활동에서 본인이 맡았던 역할을 기술해 주십시오. (400byte 이내)
1292,3,본인소개(장단점) 지원자 본인이 어떤 사람인가에 대하여 자유롭게 작성하여 주십시오.
1293,3,성장과정 및 자기소개 [ 500자 이상 1200자 이내 ]
1294,3,"[My Story] 아래 제시어를 자유롭게 활용하시어, 본인의 가치관과 삶의 경험을 담은 에세이를 작성하여 주세요."
1295,3,성장과정 및 학교 생활
1296,3,자신이 어떤 사람인지 하나의 '단어'로 표현한다면 어떻게 표현할 수 있는지 구체적인 사례를 통해 말씀해주세요. 필수입력 (500자 이하로 작성)
1297,3,"성장과정 및 학창시절에 대하여 기술하고, 그 중에서 특별히 기억에 남는 사건에 대해 기술하십시오. * 1000자 이내(공백 포함)로 기술하여 주십시오."
1298,3,"본인의 특별한 경험/성취에 대하여 자유롭게 기술하시오. (최대 1,200자 이내로 작성)"
1299,3,"[필수] 본인이 사용할 수 있는 언어와 사용 경험, 기간 등을 서술해 주세요."
1300,3,자유롭게 본인을 소개해 주십시오. (800자 이내)
1301,3,최근 국내외 이슈 중 한 가지를 선택하여 본인의 견해를 서술하세요. (600자)
1302,3,관심있는 무기체계와 이유를 작성해주세요. (500자~1000자 이내)
1303,3,성장 과정 : 자신의 인생관 형성에 영향을 미친 성장 배경은 무엇입니까?
1304,3,본인을 이베이코리아 플랫폼(G마켓/옥션/G9) 내에서 판매되는 특정 카테고리/상품에 비유하여 자유롭게 표현하시오. * [100자 이상 1000자 이내]
1305,3,"본인 및 본인의 성장 과정에 대해 기술하십시오. - 현재의 자신에게 가장 큰 영향을 끼친 인물 및 그 이유 - 본인의 인생에서 가장 기억에 남는 경험을 2개 이상 반드시 포함하고, 그 이유에 대해 기술 - 이 과정에서 본인이 했던 행동과 생각, 결과, 느끼고 배운 점을 모두 포함 (2000 자 10 단락 이내)"
1306,3,"Essay2 본인의 성장과정을 간략히 기술하되 현재의 자신에게 가장 큰 영향을 끼친 사건, 인물 등을 포함하여 기술하시기 바랍니다. ("
1307,3,학창시절 및 경력사항(주요담당업무) (500자)
1308,3,즐겨하는 게임의 좋은 점과 아쉬운 점을 포함하여 자유롭게 소개해주세요
1309,3,"본인의 성장과정을 간략히 기술하되 현재의 자신에게 가장 큰 영향을 끼친 사건, 인물 등을 포함하여 기술하시기 바랍니다. (작품 속 가상인물도 가능)(1500자 이내)"
1310,3,[Olive Young과 함께 마음까지 All live young하는 삶을 꿈꾸다]
1311,3,10년 뒤 본인이 기대하는 모습을 기재하여 주십시오. 500자
1312,3,성장과정 (400자)
1313,3,성격의 강점 및 약점 (400자)
1314,3,남과 다른 특별한 능력
1315,3,자유롭게 본인을 소개해 주세요
1316,3,학창시절과 본인 성격에 대해 설명하시오.
1317,3,경험에 맞춰 본인을 자유롭게 소개하시오.
1318,3,"최근 3년 이내 주요 논문 요약서(해당자) ""논문 요약서는 총 1,000자 이내로 자유롭게 구체적으로 기술하여 주십시오."""
1319,3,성장과정 및 학교/학과생활
1320,3,"성격의 장단점, 생활신조, 가치관등"
1321,3,"자신의 성격, 특기 등 자신 소개"
1322,3,(3)본인의 장·단점 및 단점 극복방안
1323,3,살아오면서 가장 중요하게 생각하는 가치에 대해 본인의 성장과정과 연관 지어 기술해주세요. (500자)
1324,3,본인 성격의 장단점에 대하여 구체적인 사례를 들어 기술해주세요. (500자)
1325,3,개인의 성장과정 및 차별화된 강점 기술 (1000byte)
1326,3,성격의 장단점 및 생활 신조 (400자)
1327,3,특기사항(해외연수/봉사활동/주요경력) (400자)
1328,3,[필수문항] 자신을 자유롭게 소개해 주세요. (제한 없음)
1329,3,"본인의 단점 중 현재까지 극복하지 못한 단점 두가지와, 이를 극복하지 못한 이유를 말씀해주십시오. (700자)"
1330,3,성장과정(1000자 이내 자유 서술)
1331,3,성격의 장단점(1000자 이내 자유 서술)
1332,3,지원동기(1000자 이내 자유 서술)
1333,3,지원자 본인이 어떤 사람인가에 대하여 자유롭게 작성하여 주십시오.
1334,3,자기소개(본인에 대하여 자유롭게 기술하시오)
1335,3,(윤리성) 당신이 했던 가장 착한 행동과 가장 나쁜 행동에 대하여 각 1개씩 서술하시오
1336,3,자신의 강점 중 한 가지
1337,3,"현재의 자신에게 가장 큰 영향을 끼친 사건, 인물 및 삶의 터닝 포인트에 대해 소개바랍니다.(1,000자 내외)"
1338,3,현재 자신을 형성하는데 큰 영향을 준 일을 포함하여 성장과정을 기술해 주시기 바랍니다.(500)
1339,3,성격 (강점 및 약점)
1340,3,성장과정 및 주요 경험에 대하여 기술하시오.
1341,3,자신의 강점 및 약점에 대하여 기술하시오
1342,3,자기소개 및 지원동기를 간략히 기술해 주십시오. (600자 이하)
1343,3,"살면서 자신이 가장 우선으로 삼는 가치는 무엇이며, 그 가치를 어떻게 지켜왔는지 경험을 바탕으로 `나`를 정의해 주시기 바랍니다. 500자"
1344,3,귀하의 장단점 및 구체적인 사례를 서술하시오. [ 100자 이상 500자 이내 ]
1345,3,성장과정 및 성격을 간략히 기술하세요. [ 100자 이상 500자 이내 ]
1346,3,"[Essay 2]본인의 성장과정을 간략히 기술하되 현재의 자신에게 가장 큰 영향을 끼친 사건, 인물 등을 포함하여 기술하시기 바랍니다. ("
1347,3,≪ 자기소개 및 장점 ≫
1348,3,성장과정과 성격의 장단점
1349,3,"최근 3년 이내 본인이 주도적이고, 열정적으로 진행한 일에 대해 기술해 주십시오. (띄어쓰기 포함 400자 이내)"
1350,3,성장과정 및 학교생활에 대해
1351,3,"성격의 장,단점 및 보완노력에 대해"
1352,3,-학교생활 및 주요경력 사항
1353,3,성장과정 / 개인특성 / 인생관 기술
1354,3,"본인의 성격, 성장배경, 좌우명에 대하여 서술하여 주십시오. * [200자 이상 500자 이내] /500"
1355,3,성장과정을 통하여 본인을 소개하여 주시기 바랍니다.
1356,3,본인의 성격에 관하여 기술하여 주시기 바랍니다.(강점 및 약점)
1357,3,상기 서술한 사항 외 경력 관련하여 추가하실 내용이 있다면 자유롭게 기술해 주세요.
1358,3,"Smart ""야무지게"" 를 키워드로 하여 자유롭게 기술해 주세요. 500자"
1359,3,"Strong ""독하게"" 를 키워드로 하여 자유롭게 기술해 주세요. 500자"
1360,3,"Steady ""끈기있게"" (한 번 정한 목표는 포기하지 않는)를 키워드로 하여 자유롭게 기술해 주세요. 500자"
1361,3,자기 자신의 성장과정과 성격의 장점 및 단점을 작성하세요
1362,3,성장과정 및 성격의 장·단점
1363,3,(공통) 본인의 성장 환경 및 성격에 대해 소개하여 주십시오. [최소 200자 이상 최대 600자 이하]
1364,3,(공통) 본인의 장단점 그리고 장단점의 원인과 개선 노력에 대해 말씀하여 주십시오.[최소 200자 이상 최대 600자 이하]
1365,3,"(선택) 본인의 자기 소개 사항에 대해 자유롭게 기술하여 주시기 바랍니다. (최근 ~ 과거 순) [최소 0자 이상 1,000자 이하]"
1366,3,성장과정 및 개인특성
1367,3,학교생활 및 주요경력 사항
1368,3,≪ 성장과정≫ [ 500자 이상 2000자 이내 ]
1369,3,≪ 장점 및 단점 ≫ [ 500자 이상 2000자 이내 ]
1370,3,≪ 특기사항 ≫ [ 500자 이상 2000자 이내 ]
1371,3,학교생활/사회봉사활동/사회경험 등 [100자(200byte) 이상 600자(1200byte) 이내]
1372,3,"성격의 장,단점 및 생활신조"
1373,3,삶에 대한 본인의 가치관을 가장 잘 표할 수 있는 단어는 무엇이며 그 가치관이 형성된 계기(사례)를 구체적으로 설명해 주십시오. (500자)
1374,3,"귀하의 평소 생활신조와 직장관은 무엇입니까?[최소 200자, 최대 500자]"
1375,3,"귀하를 가장 잘 표현할 수 있는 상징단어와 그 이유는 무엇입니까?[최소 200자, 최대 500자]"
1376,3,근현대사 인물 중 귀하가 가장 존경하는 인물과 그 이유는 무엇입니까? [최소 300자 500자 제한]
1377,3,자신의 성격 및 특기
1378,3,본인이 가진 장점 중 다른 이들에 비해 가장 탁월하다고 생각되는 것을 구체적인 사례를 통하여 기술하여 주십시오.
1379,3,지원자 본인에 대하여 자유롭게 소개해 주시기 바랍니다.(800자이내)
1380,3,"자신의 성장과정 및 개인 특성, 장점 중심으로 기술해주시기 바랍니다. (최대 1000자)"
1381,3,"본인의 성격, 특기, 적성, 취미 등을 소프트웨어 개발과 연결하여 장점과 단점으로 나누어 기술해 주세요. (1400자 이내)"
1382,3,본인의 가치관/생활신조/성격/장점/재능을 구체적으로 작성하여 주십시오. 1000자
1383,3,성장과정 및 성격의 장단점에 대해 기술해 주세요
1384,3,[성장과정]성장배경 및 본인의 가치관 등 (2000자)
1385,3,[성격의 장단점]장점과 단점을 잘 보여주는 사례를 들어 기술 (2000자)
1386,3,"아래의 단어를 기준으로 당신의 성격을 점수로 표현하고, 성격의 장단점에 대해 간략히 기술하시오"
1387,3,본인에 대한 소개를 자유롭게 기술해 주세요
1388,3,자신의 생활신조 또는 좌우명에 대해 기술하시오
1389,3,"[성격의 장,단점]"
1390,3,"성격의 장단점, 보완노력"
1391,3,성장배경 및 성격의 장단점
1392,3,기본 성격 및 장단점
1393,3,성장과정 및 자기소개
1394,3,본인성격 및 생활신조
1395,3,가장 자신있는 분야(자신의 강점)
1396,3,본인성격 강점 및 약점
1397,3,"나의 성장과정, 인생관 (1000자)"
1398,3,"나의 성격소개(장,단점)"
1399,3,[ 사소하고 작은 습관 ]
1400,3,"성장과정 및 학창시절에 대하여 기술하고, 그 중에서 특별히 기억에 남는 사건에 대해 기술하십시오. (1000자 이내)"
1401,3,본인의 성장과정 기술과함께 자신에게 큰 영향을 끼친 사건과 인물등을 포함하여 기술하십시오.
1402,3,자신의 성격 및 재능 또는 지식 (1000자 이내)
1403,3,자신에 대해 소개해주세요
1404,3,자신만의 경쟁력 혹은 차별점에 대해 기술해주세요
1405,3,"현재의 자신에게 가장 큰 영향을 끼친 사건, 인물(작품 속 인물 포함) 등을 포함한 간략한 본인의 성장과정"
1406,3,"본인의 성장과정을 간략히 기술하되 현재의 자신에게 가장 큰 영향을 끼친 사건, 인물 등을 포함하여 기술하시기 바랍니다 (작품 속 가상인물도 가능). (1500자 이내)"
1407,3,[Situation &Task] 해당 조직의 성격과 당시 자신의 역할에 대해 간단히 작성해주십시오.(600)
1408,3,성격의 장·단점 및 특기사항
1409,3,"타인과의 관계에서 본인의 성향과 리더십은 어떠한 유형인지, 아래 제시된 각 항목을 1~100의 숫자로 나타내 주십시오. 또한 가장 높은 항목 1개에 대해 사례 중심으로 설명하여 주십시오.(0 낮음, 100 높음)"
1410,3,[위 경험사항 란에 작성한 내용에 대해 상세히 기술해 주시기 바랍니다]
1411,3,"지원자의 성장과정을 소개하고, 성장하는 과정에서 가지게 된 본인의 가치관을 상세히 기술해 주십시오."
1412,3,"귀하는 친구나 동료, 또는 주변사람들에게 어떤 사람이라고 평가 받고 있습니까? 또한 귀하는 그것에 대해 어떻게 생각하고 있습니까? (최근 5년 이내 사례로 기술할 것)"
1413,3,성장과정 : 본인의 성장과정을 구체적으로 기술해 주십시오.(1000자 이내)
1414,3,성격장단점 : IT와 관련하여 본인이 경험했던 프로젝트/직무 경험을 토대로 자신의 장/단점을 기술해 주십시오.(1000자 이내)
1415,3,"자신의 성격(가치관, 장단점 등)에 대해 쓰고, 그에 대한 구체적 사례를 기술하시오."
1416,3,성장과정/학교생활 (1000자 이내로 작성하세요)
1417,3,경력사항/지원동기 (1000자 이내로 작성하세요)
1418,3,"자신의 성격, 특기, 개인별 특별한 경험 등 소개"
1419,3,성장과정 및 가족사항
1420,3,자신의 성격(장단점) 및 인생관
1421,3,성장과정 및 학교/학과생활 (1000자 이내)
1422,3,"성격의 장단점, 생활신조, 가치관 등(1000자 이내)"
1423,3,지원동기/장래포부(1000자 이내)
1424,3,"플래시 프로그램, 포토샵 프로그램 사용 경험이 있다면 간략히 소개해주세요."
1425,3,본인의 꼼꼼함을 어필할 수 있는 내용을 사례 위주로 간략히 소개해주세요.
1426,3,자신의 장점과 단점에 대해 기술해주세요.
1427,3,당신의 성장과정에 대해 기술하시오. (1000자 이내)
1428,3,"아래의 단어를 기준으로 당신의 성격을 점수로 표현하고, 성격의 장단점에 대해 간략히 기술하시오.(1000자 이내)"
1429,3,받고 싶은 질문과 답변 (1000자 이내)
1430,3,성격 장단점 및 특기사항
1431,3,귀하가 생각하는 행복의 조건과 하루 중 가장 의미 있는 시간을 기술해주십시오. (1000자 이내)
1432,3,"본인의 강점과 약점을 언급하시고, 그 강점이 앞으로 귀사와 본인의 발전에 어떻게 기여 할 수 있는지를 서술해주십시오. (1000자 이내)"
1433,3,지원자의 성장과정을 통해 형성된 인생관 및 직업관을 기술하세요(1000자 이내)
1434,3,국내외 위인 중 본인이 롤모델로 삼은 대상이 있다면 그 이유와 본인이 롤모델을 닮기 위해 노력한 사례를 구체적으로 기술하시오.
1435,3,"‘나의 가족’을 생각하면 떠오르는 단어를 3가지 선정하고, 선정한 이유를 가족과의 추억과 함께 이야기해 주세요."
1436,3,자기소개서 내용에 담지 못한 자기PR을 작성해 주세요.
1437,3,"본인의 성격, 성장과정, 가치관 등을 기술하시오."
1438,3,"본인의 성격, 가치관, 성장배경을 중심으로 자기소개서를 작성하세요"
1439,3,성격의 장단점 및 보완에 대해서
1440,3,"본인의 가치관 및 성격 형성에 중요한 영향을 끼친 사건 및 사람에 대하여 기재하여 주시고, 당시 상황, 본인의 행동 및 역할, 그로 인해 얻게 된 교훈 등에 대하여구체적으로 기재하여 주시기 바랍니다. (1000자 이내)"
1441,3,성장과정 및 성격 간략하게 적어주세요
1442,3,자기소개 - 중요사항을 중심으로 간략히 기재
1443,3,"귀하의 성장과정을 통해 본인을 소개하여 주십시오(가족, 가치관, 성격, 학창시절 등) (1000자 이내)"
1444,3,취미 및 특기(1000자 이내)
1445,3,다른 사람이 생각하는 본인의 장점이나 단점 중 하나를 기술하고 그 이유와 그에 대한 본인의 생각을 쓰시오. (1000자 이내)
1446,3,영문 자기소개서 (자유양식)
1447,3,현재까지의 성장과정을 주요한 사항(사건)을 중심으로 기술하기 바랍니다. (1000자 이내)
1448,3,"본인의 가장 큰 장점과 단점 각각 무엇이며, 실제 사례와 함께 기술하기 바랍니다. (1000자 이내)"
1449,3,"본인이 살아가면서 가장 중요하게 생각하는 신념(신조) 두 가지는 무엇이며, 신념(신조)를 지킨 실제 사례와 함께 기술하기 바랍니다. (1000자 이내)"
1450,3,기타 특이사항 등을 기술하기 바랍니다. (1000자 이내)
1451,3,"자신의 성장과정 및 개인특성, 장점에 대해 기술해 주시기 바랍니다."
1452,3,본인이 가진 강점을 기술하여 주십시오.
1453,3,"주변사람들과 비교하였을 때, 남들과는 다른, 본인만의 특징을 구체적으로 서술하시오"
1454,3,"본인의 10년 후, 자신이 가장 성취하고 싶은 것과 어떤 인생을 살고 싶은지 서술해주십시오"
1455,3,세상을 이롭게 하는 자신만의 가치 있는 아이디어나 견해를 자유롭게 기술해 주시길 바랍니다. (500자 ~ 700자)
1456,3,본인의 단점 중 지금까지 극복하짐 못한 단점을 말하고 극복하지 못한 이유를 작성해 주십시오.
1457,3,자기PR (한국어/영어)
1458,3,장단점 (한국어/영어)
1459,3,"삶에 대한 본인의 가치관을 가장 잘 표현할 수 있는 단어는 무엇이며, 그 가치관이 형성된 계기(사례)를 구체적으로 설명해 주십시오."
1460,3,본인을 대표할 수 있는 이력 3가지를 기술하시기 바랍니다. (1000자 이내)
1461,3,본인 성격의 단점 및 이를 보완하기 위해 해온 노력에 대해 구체적으로 기술하세요. (하나이상 가능)(1000자 이내)
1462,3,당사 인재상 중 하나를 골라 본인의 생활신조와 부합되는 면을 기술하세요. (1000자 이내)
1463,3,자신의 성격 중 가장 자랑하고 싶은 점과 바꾸고 싶은 점들을 그 이유와 함께 적어주세요
1464,3,"나의 학창시절 이야기를 들려주십시오.(학업, 대외활동, 교우관계 등)"
1465,3,`부모님` 하면 떠오르는 생각과 “나의 가족” 이야기를 들려주십시오.
1466,3,자신의 성장과정과 학창시절에 대해 기술하여 주십시오. (1000자 이내)
1467,3,성장과정 : 성장과정을 구체적으로 기술해주세요. (1000자 이내)
1468,3,"본인의 성격, 행동의 강점 및 약점"
1469,3,본인이 닮고싶은 사람이나 지향하는 모델은 무엇이며 그 이유에 대해 서술하시오
1470,3,"본인의 가치관 및 성격 형성에 중요한 영향을 끼친 사건 및 사람에 대하여 기재하여 주시고, 당시 상황, 본인의 행동 및 역할, 그로 인해 얻게 된 교훈 등에 대하여 구체적으로 기재하여 주시기 바랍니다."
1471,3,"[커뮤니케이션] Guide Page를 확인하신 후 해당역량의 정의 및 중점사항을 참고하여 본인의 경험 사례를 기술하고, 이를 통해 얻은 결과 및 성과에 대해 자유롭게 기술 바랍니다. (1000자 이내)"
1472,3,본인이 추구하는 삶의 가치와 본인만의 특별함에 대하여 구체적으로 기술하시오.
1473,3,"본인의 가치관을 한 줄로 표현하고, 그 이유를 성장과정과 성격 등을 근거로 하여 기술하시오. (1000자 이내)"
1474,3,남들과 차별화 되는 본인만의 특별함(능력/경험 등)은 무엇입니까? (1000자 이내)
1475,3,본인을 가장 잘 표현할 수 있는 단어와 그 이유를 서술하시오. (1000자 이내)
1476,3,성격의 장단점 및 보완노력에 대하여
1477,3,본인의 성장과정을 가족관계 중심으로 서술해 주세요(500자)
1478,3,사회활동 및 대인관계에 대해 서술해 주세요(500자)
1479,3,인생에 가장 큰 영향을 준 사람(또는 책 등)과 그 이유를 서술해 주세요(500자)
1480,3,자신이 최고라 자부할 수 있는 것에 대하여 서술해 주세요(500자)
1481,3,"성장과정:가족사항,학창시절,교우관계, 생활습관, 자신에게 크게 영향을 미친 사건 등을 포함하여 구체적으로 작성 (1000자 이내)"
1482,3,"성장과정(가족,학창시절,사회경험 등)을 통하여 본인을 소개하여 주시고, 그 중 가장 의미 있다고 생각되는 경험과 이에 따른 영향이 무엇이었는지 기술하여 주십시오. (1000자 이내)"
1483,3,본인의 Career를 위해 무엇을 어떻게 준비하였는지 서술하시오. (10줄 이내)
1484,3,"기타 하고 싶은 말이 있다면 자유롭게 기술하시오. (10줄 이내, 필수아님)"
1485,3,본인의 성장배경을 기술하시오.
1486,3,성장과정 및 성격의 장단점 (1000자 이내)
1487,3,학력/경력 및 보유 Skill (1000자 이내)
1488,3,성장 과정 및 성격의 장단점
1489,3,세상을 이롭게 하는 자신만의 가치 있는 아이디어나 견해를 자유롭게 기술해 주시길 바랍니다.
1490,3,성장과정 / 취미와 특기
1491,3,"자신에 대한 소개 성, 신, 의 연결 기술"
1492,3,성장과정 및 배경 (1000자 이내)
1493,3,관심분야 및 전문지식 (1000자 이내)
1494,3,주요 연구실적 및 경력사항 (1000자 이내)
1495,3,자신의 장.단점을 최대한 객관적으로 말씀해 주십시오.
1496,3,본인의 자기 소개를 기술 바랍니다.
1497,3,"본인의 성장과정을 간략히 기술하되 현재 자신에게 가장 큰 영향을 끼친 사건, 인물 등을 포함하여 기술하시기 바랍니다. (1000자 이내)"
1498,3,본인이 가진 열정과 역량에 대하여 (1000자 이내)
1499,3,본인의 10년 후 계획에 대하여 (1000자 이내)
1500,3,타인과 차별화 할 수 있는 경쟁력을 자신의 경험을 바탕으로 기술하시오. (1000자 이내)
1501,3,나만의 경험과 강점
1502,3,생활신조 및 성격소개. (장점 및 단점)
1503,3,자신을 한문장으로 표현해주세요.
1504,3,자기 자신을 가장 잘 표현할 수 있는 경험에 대해 서술하시기 바랍니다.
1505,3,자신의 장단점에 대하여 서술하시기 바랍니다.
1506,3,1. 자유롭게 서술
1507,3,해당자(경력이 있으신 분들)만 작성하시면 됩니다. [100자 이상 600자 이내]
1508,3,자기소개 [100자 이상 600자 이내]
1509,3,본인의 강점 및 관심분야 [100자 이상 600자]
1510,3,본인의 삶에 있어 소중하게 생각하는 것(들)과 그 이유 [100자 이상 600자 이내]
1511,3,성장과정 및 학교 생활에 대하여.
1512,3,성격의 장-단점 및 보완 노력에 대하여.
1513,3,성장과정 및 장단점을 통해 본인을 소개하여 주십시오.
1514,3,"자신의 성장과정을 기술하고, 특이사항이 있는 경우 그 내용을 상세히 기재하십시오 (초, 중고, 대학교 순서대로 작성)"
1515,3,본인의 장·단점 및 단점 극복방안
1516,3,자신을 대표하는 슬로건과 함께 본인에 대해 서술하시오.
1517,3,본인의 성품 중에서 가장 강점으로 생각하는 것은 무엇입니까? 그러한 성품이 잘 나타난 상황에 대해서 기술해 주시기 바랍니다.
1518,3,"성장과정: 자신을 한 단어로 표현하고, 성장과정에 대해서 기술해주세요."
1519,3,성장과정 및 가정환경.
1520,3,본인성격 및 생활신조.
1521,3,성장과정 (1000자 이내)
1522,3,기타(1000자 이내)
1523,3,자신의 성격 중 가장 자랑하고 싶은 점과 바꾸고 싶은 점들을 그 이유와 함께 적어주세요.
1524,3,"본인이 좋아하는 게임, 장르 및 타이틀 등을 자유롭게 적어주세요."
1525,3,생활신조 및 성격상 장단점
1526,3,"나의소개 (성장과정, 학교생활, 생활신조 등)"
1527,3,성장과정 및 학창시절.
1528,3,성격 및 생활신조.
1529,3,본인 성격의 장단점을 자신의 성장과정과 경험을 기반으로 서술하여 주십시오. (1000자 이내)
1530,3,"본인의 장/단점 및 성격, 비전등을 기술하여 주십시오."
1531,3,"성격의 장단점, 가치관"
1532,3,"본인의 가장 큰 장점과 단점 각각 무엇이며, 실제 사례와 함께 기술하기 바랍니다."
1533,3,"친구들이 당신에게 붙인 별명이 있다면 어떠한 것이며, 왜 그런 별명을 붙였다고 생각하는지 기술 하십시오. (공백 포함 550자)"
1534,3,자기소개 및 장점.
1535,3,"성장과정: 가족사항, 학창시절, 교우관계, 생활습관 등을 포함하여 구체적으로 작성 (500字 이내)"
1536,3,가장 기억에 남는 경험과 그 이유를 작성하여 주십시오 (300字 이내)
1537,3,귀하를 표현하는 단어 3가지와 그 이유를 설명하여 주십시오 (300字 이내)
1538,3,자유 형식으로 자기소개를 해주세요.
1539,3,자신의 성장과정 및 성격의 장단점을 기술하시오.
1540,3,카라이프서비스 자기소개서 (자유양식)
1541,3,기타 자기 소개 (2000자 30단락 이내)
1542,3,유도의 사훈 3가지 중 1가지를 선정하여 그 의미와 내용을 자신의 경험 중심으로 기술하세요.
1543,3,남들과 차별화 되는 자신만의 강점 3가지를 기술하세요.
1544,3,성장과정. (800)
1545,3,자신의 장단점 분석.
1546,3,"성장과정, 가족관계."
1547,3,본인성격의 가장 큰 강점과 약점을 기술하여 주십시오.
1548,3,"자신의 성장과정을 간략히 서술하고, 당신의 인생에 가장 영향을 끼친 사건을 2가지 꼽는다면 어떤 것인지 기술해 주세요."
1549,3,본인소개(장단점).
1550,3,"주변사람들과 비교하였을 때, 남들과는 다른, 본인만의 특징을 구체적으로 서술하시오. [ 700자 이내 ]"
1551,3,"본인의 10년 후, 자신이 가장 성취하고 싶은 것과 어떤 인생을 살고 싶은지 서술해주십시오. [ 700자 이내 ] 0 /700"
1552,3,타인과 협업시 본인성격의 장/단점에 대해 기술해 주세요.
1553,3,성장과정에 대해서 기술해 주세요.
1554,3,성장과정을 기술하세요.
1555,3,성격 및 생활신조를 기술하세요.
1556,3,성장과정과 학교생활. (100자 ~ 2000자 제한)
1557,3,본인에 대한 주변사람의 평가. (100자 ~ 2000자 제한)
1558,3,"본인의 성장과정(가족, 학교생활 등) 성격의 장/단점에 대하여 기술하여 주십시오."
1559,3,"?4. 삶에 대한 본인의 가치관을 가장 잘 표현할 수 있는 단어는 무엇이며, 그 가치관이 형성된 계기(사례)를 구체적으로 설명해 주십시오."
1560,3,자신의 성장과정과 학창시절에 대해 기술하여 주십시오. (500-700자)
1561,3,성격의 장단점: 장점과 단점을 잘 보여주는 사례를 들어 기술.
1562,3,성장과정: 성장배경 및 본인의 가치관 등.
1563,3,"자기소개를 간단히 서술하시오.(성장과정, 성격상 장/단점 등)"
1564,3,자신의 특기 및 장/단점. (필수)
1565,3,일반사항 - 자신에 대해 소개해 주십시오.
1566,3,본인의 외적 또는 내적인 부분을 가꾸기 위해 하고 있는 노력이나 투자를 설명해 주세요.
1567,3,생활신조 및 가치관.
1568,3,자신에 대한 소개를 자유롭게 기술. (250자 이내)
1569,3,성장과정. (200자 이내)
1570,3,성격상의 장단점. (200자 이내)
1571,3,취미 및 특기. (200자 이내)
1572,3,사회경험. (200자 이내)
1573,3,자신의 성정과정 및 장/단점에 대해 기술해 주십시오.
1574,3,"나를 대표적으로 표현할 수 있는 그 무엇(단어/숫자/색깔)을 3가지 언급하고, 그것이 의미하는 자신에 대해 기술하십시오. (1200 자 15 단락 이내)"
1575,3,자신이 추구하는 디자인의 방향성(테마)에 대해 설명하고 이와 관련된 사례(결과물/학습내용/경험 등)을 연결하여 기술하십시오. (500 자 5 단락 이내)
1576,3,성장과정 및 생활신조에 대해 말씀해 주세요.
1577,3,가치관 및 성격 형성에 있어 중요한 영향을 준 가족 및 성장과정에 대하여 작성 바랍니다.
1578,3,본인을 가장 잘 표현할 수 있는 단어를 선택하고 그 이유을 기술하시오.
1579,3,"본인의 성장과정을 통해 자신을 소개해 주세요. 단, 힘들었던 상황이나 극복과정, 인생 중 최고의 순간 등 자신에게 큰 영향을 끼친 사건이나 인물 등을 포함하여 작성해주세요."
1580,3,"남들과 다른 특이한 경력, 경험, 재능, 지식 등을 소개해 주세요.(없을 경우 기재하지 않아도 됩니다)"
1581,3,성장과정 및 가치관.
1582,3,개인의 장점과 단점
1583,3,평소 관심을 갖고 있거나 경험해 본 본인만의 패션/라이프스타일에 대해 기술해 주세요.
1584,3,"자신의 성장과정 및 개인 특성, 장점을 중심으로 기술하여 주시기 바랍니다"
1585,3,본인의 장점과 단점을 구분하여 기술하여 주십시오.
1586,3,취미/특기/존경인물
1587,3,취미ㆍ특기.(수행빈도 및 수준을 포함하여 기술)
1588,3,자신을 소개할 수 있는 내용을 입력하세요
1589,3,성장과정 및 학창시절을 통해 자신이 어떤 가치관과 사회관을 가지게 되었는지 설명해주십시오. [ 50자 이상 1000자 이내]
1590,3,"본인의 강점과 약점을 언급하시고, 그 강점이 앞으로 귀사와 본인의 발전에 어떻게 기여 할 수 있는지를 서술해주십시오. [ 50자 이상 1000자 이내]"
1591,3,"자신의 사회활동 및 대외활동에 대해 서술하고, 활동에 대한 체험과 느낀 점을 기술해주십시오. [ 50자 이상 1000자 이내]"
1592,3,본인의 강점/보완할 점
1593,3,자기소개 (1000자 이내)
1594,3,3. 디스플레이 및 지원 직무 관련된 이력을 간결하게 나열해주시기 바랍니다.
1595,3,"성장과정: 가족사항, 학창시절, 교우관계, 생활습관, 자신에게 크게 영향을 미친 사건 등을 포함하여 구체적으로 작성"
1596,3,본인의 장점과 단점은 무엇입니까? 그리고 단점을 극복하기 위해 어떤 노력을 하고 계십니까? (1000자 이내)
1597,3,[선택]추가적으로 자신에 대해 소개할 내용을 기술해 주십시오. (1000자 이내)
1598,3,[선택]추가적으로 자신에 대해 소개할 내용을 기술해 주십시오.(1000자 이내)
1599,3,성장과정 : 성장과정을 구체적으로 기술해주세요.(1000자 이내)
1600,3,귀하의 성장 과정을 기술하시오.
1601,3,사회활동 : 학업 이외 (1000자 이내)
1602,3,[필수문항] 자신을 자유롭게 소개해 주세요.
1603,3,자신을 가장 잘 표현하는 단어 7개 + 자기 소개(1000자 이내)
1604,3,자신의 성장과정과 학창시절을 기술하세요
1605,3,성장배경(1000자 이내)
1606,3,성격상의 장단점(1000자 이내)
1607,3,사회경험(1000자 이내)
1608,3,자신에 대한 소개를 자유롭게 기술(1000자 이내)
1609,3,자유롭게 자기소개 해주세요
1610,3,"본인의 성격, 특기, 적성, 취미 등을 소프트웨어 개발과 연결하여 장점과 단점으로 나누어 기술해 주세요. (1000자 이내)"
1611,3,"my story 자신의 성장과정 및 개인 특성, 장점 중심으로 기술"
1612,3,"""본인의 일을 즐기며 할 줄 아는 사람"""
1613,3,"성장과정에서 부모, 가족으로부터 가장 인상적인 경험을 구체적으로 기술하여 주십시오. (1000자 이내)"
1614,3,지금까지 살아오면서 자신의 강/약점을 느꼈던 경험은 무엇인지 기술하여 주십시오.(1000자 이내)
1615,3,자신이 생각하는 본인의 장점 및 단점과 그 단점을 보완하기 위한 노력을 기술하세요(1000자 이내)
1616,3,"자신의 생활신념(좌우명 등)은 무엇이며, 그 이유는 무엇입니까?(1000자 이내)"
1617,3,본인 성격의 장단점을 성장과정과 경험에 의해 기술하시오.
1618,3,본인의 삶의 가치관에 대하여 기술해 주세요.(1000자 이내)
1619,3,장점과 단점 (1000자 이내)
1620,3,성장과정(자신에 대한 소개) (1000자 이내)
1621,3,성장과정(학창시절 포함)
1622,3,"당신은 어떤 사람이 되고 싶은지, 그를 위해 어떠한 준비를 하고 있는지 기술하세요. (1000자 이내)"
1623,3,자유롭게 자기소개를 해 주시기 바랍니다. (1000자 이내)
1624,3,[일원으로써의 모습]
1625,3,팜스코 가치관 핵심가치 중 한가지를 선택하여 본인을 자유롭게 표현해주십시오. (1000자 이내)
1626,3,"본인을 잘 설명할 수 있는 카피나 슬로건을 만들어 보시고, 그 이유를 간단히 기술해주십시오. (1000자 이내)"
1627,3,성격의 장단점 및 생활신조 (1000자 이내)
1628,3,자서전식 자기소개서(항목의 구분이 없음)
1629,3,"한국은행 지원동기를 자신의 성장배경(가족, 가치관, 학창시절), 성격의 장단점, 다른 사람과 구별되는 자신만의 역량을 포함하여 기술하십시오."
1630,3,"자신의 가치관, 인생관, 진로 등에 영향을 미친 주요 사건(경험), 인물, 책 등을 소개하고 이를 통해 본인이 배우거나 느낀 내용을 진솔하게 기술하십시오."
1631,3,자신의 성격에 대한 장점과 단점을 기술하세요. (1000자 이내)
1632,3,취미ㆍ특기(수행빈도 및 수준을 포함하여 기술)
1633,3,나만의 특이한 경험 (800자)
1634,3,해당 조직이나 활동에서 본인이 맡았던 역할을 기술해 주십시오. (1000자 이내)
1635,3,"개인의 성장과정을 대학입학 이전인 초,중,고 학창시절을 근거로 기술해주시고 가족관계와 생활습관에 대해 간략히 소개해 주세요. (1000자 이내)"
1636,3,"타인이 말하는 성격과 본인이 생각하는 성격유형(외향적,내향적)에 대해 말해주시고 어떤 장점과 단점을 가지고 있습니까? (1000자 이내)"
1637,3,학창시절(고등학교 또는 대학교) 가장 좋아했던 과목은 무엇이며 그 이유에 대해 간략히 설명해 주세요. (1000자 이내)
1638,3,"성장과정 및 성격의 장, 단점 (1000자 이내)"
1639,3,인생에 있어 최고의 경험(1000자 이내)
1640,3,"성장과정을 통한 본인소개 (가족, 학창시절 등) [300자 이내]"
1641,3,본인의 장점과 단점 및 단점보완을 위해 노력한 점 [300자 이내]
1642,3,해당 활동에서 본인이 맡았던 역할에 대해 기술해 주십시오.(1000자 이내)
1643,3,대화를 진행하는 과정에서 가장 중요하게 생각한 점은 무엇이었는지 기술해 주십시오. (1000자 이내)
1644,3,본인의 어떤 점이 경신의 인재상에 부합하는지 사례에 근거하여 기술해 주시기 바랍니다. (700자 이내)
1645,3,"본인의 강점이라고 생각하는 역량을 소개하고, 그 역량이 발휘되어 성취 또는 실패하였던 경험을 소개하시오. (1000자 이내)"
1646,3,본인이 이룬 가장 뛰어난 업적은 어떤 것이며 왜 그렇게 생각하는 지 기술해 주시기 바랍니다. (1000자 이내)
1647,3,맵퍼스 지원동기 및 본인에 대해 추가적으로 소개할 내용이 있으면 간략하게 서술해 주시기 바랍니다. (1000자 이내)
1648,3,자신을 정말로 잘 나타낼 수 있는 무엇이든 작성해 주세요.
1649,3,성장과정 및 주요 활동 경험 [150자~1000자]
1650,3,자신의 특기 및 장/단점 [150자~1000자]
1651,3,[선택] 추가적으로 자신에 대해 소개할 내용을 기술해 주십시오. [ 1000자 이내 ]
1652,3,본인의 장점과 단점은 무엇입니까?그리고 단점을 극복하기 위해 어떤 노력을 하고 계십니까? [ 200자 이상 1000자 이내 ]
1653,3,성격의 장단점 및 대인관계
1654,3,다른 사람과 구별되는 개성 및 능력
1655,3,"인생에 있어 가장 최고의 게임과 최악의 게임을 정하고, 그 게임을 정한 이유를 각각 구체적으로 기술하여 주세요. (1000자 이내)"
1656,3,상기 서술한 사항 외 추가하실 내용이 있다면 자유롭게 기술해 주세요. (1000자 이내)
1657,3,성장과정 : 성장배경 및 본인의 가치관 등 * 300자 이상 2000자 이하로 입력하세요.
1658,3,성격의 장단점 : 장점과 단점을 잘 보여주는 사례를 들어 기술 * 300자 이상 2000자 이하로 입력하세요.
1659,3,좌우명 & 삶의 목표 : 목표달성을 위한 구체적인 계획을 기술 * 300자 이상 2000자 이하로 입력하세요.
1660,3,"성장과정 (가정환경, 학교생활, 병역사항 등)"
1661,3,"본인 성격의 특징 (생활신조, 장/단점"
1662,3,기타 사항(선택항목) 이외 본인에 대해 어필하고 싶은 사항이 있으면 입력하세요.
1663,3,과거 다른 사람을 감동시킨 사례가 있다면 구체적으로 기재해 주시기 바랍니다. (최대 500자 이내로 작성)
1664,3,"본인의 성격, 대인관계, 가치관을 실제 사례 및 경험 등에 기반하여 구체적으로 기술하십시오.(1000자 내외)"
1665,3,"자신의 성장과정을 기술하고, 특이사항이 있는 경우 그 내용을 상세히 기재하십시오. (초등학교, 중고등학교, 대학교 순) 1400 Bytes 이내"
1666,3,본인이 생각하는 행복의 정의는 무엇이고 그러한 생각을 하게된 사유는 무엇인지 기술하십시오. 1400 Bytes 이내
1667,3,성격의 장·단점 및 보완 노력에 대하여
1668,3,"귀하가 견지하는 삶의 태도 또는 원칙을 소개하고, 입행 후 이루고 싶은 목표에 대해 약술하십시오. (1000자 이내)"
1669,3,"본인을 나타내는 인문학 도서 속의 인물을 소개하고, 그 이유를 보여주는 경험을 약술하십시오. (1000자 이내)"
1670,3,성장과정을 통하여 귀하를 소개하여 주십시오. (1000자 이내)
1671,3,"본인의 성장과정을 간략히 기술하되, 현재의 자신에게 가장 큰 영향을 끼친 사건, 인물 등을 포함하여 기술하시기 바랍니다."
1672,3,귀하를 소개하여 주십시오.
1673,3,자기계발을 위해 현재 하고 있는 일과 10년 후의 자기 모습은?
1674,3,"성격 소개 (장단점,특기)"
1675,3,ㆍ본인의 성격 (강점/약점) 에 대해 기술해 주십시오. (500자 이내)
1676,3,ㆍ본인의 수상경력 또는 봉사활동과 관련하여 기억에 남는 경험을 기술해 주십시오. (500자 이내)
1677,3,본인의 특성과 성장배경에 대하여 기술하여 주십시오.
1678,3,"본인이 가장 소중하게 생각하는 것을 적고, 그 이유를 기술하여 주십시오."
1679,3,(성격의 장/단점) [끊임없이 도전하는 사람]
1680,3,성장환경 및 성격(1000자 이내)
1681,3,"성장과정(부모,형제,환경)"
1682,3,조직생활을 하는데 있어 장점과 단점이 될 수 있는 본인의 성격을 각각 기술해 주시기 바랍니다.
1683,3,본인의 특별한 경험/성취에 대하여 자유롭게 기술하시오. (1000자 이내)
1684,3,"자신의 대인관계, 성격, 다른 여러 가지 장단점"
1685,3,기타 자신에 대한 여러 가지 내용을 작성해주십시오
1686,3,본인의 (1)성장과정과 (2)성격의 장단점을 자유롭게 기술해 주십시오. (1000자 이내)
1687,3,"‘창조’, ‘혁신’, ‘도전’ 세 가지 키워드 중 본인을 가장 잘 드러내는 키워드를 한 가지 선정한 후 이를 증명할 수 있는 구체적인 사례를 기술해 주십시오. (1000자 이내)"
1688,3,자신의 성격 중 가장 자랑하고 싶은 점과 바꾸고 싶은 점들을 그 이유와 함께 적어주세요 (2000자 이내)
1689,3,"자신의 성격(가치관, 장단점 등)에 대해 쓰고, 그에 대한 구체적 사례를 기술하시오 (1200byte)"
1690,3,[선택항목] 위 항목 외에 본인을 어필할 수 있는 내용을 자유롭게 기술하여 주시기 바랍니다.
1691,3,자기 소개를 자유롭게 기술 바랍니다
1692,3,생활신조 및 성격의 장단점
1693,3,귀하의 성장과정을 간략히 작성하시기 바랍니다. (500자 이내)
1694,3,본인 성격의 장/단점을 작성해 주세요. (1000자 이내)
1695,3,제시어를 자유롭게 활용하시어 본인의 가치관과 삶의 경험을 담은 에세이를 작성하여 주십시오. [4000 Bytes 이내]
1696,3,성장과정 (학교생활) (1000자 이내)
1697,3,"본인을 잘 설명할 수 있는 카피나 슬로건을 만들어 보시고, 그 이유를 간단히 기술해주십시오.(1000자 이내)"
1698,3,자신의 성장과정 및 성격의 장/단점을 당사 인재상에 맞추어 자기소개를 작성하시오. (1500자)
1699,3,타인과 함께 일을 할 때 귀하가 지닌 장점과 단점에 대해 상세히 기재하여 주십시오. [ 150자 이상 500자 이내 ]
1700,3,학창 시절에 가장 뛰어났던 점은 무엇이었습니까. (1000자 이내)
1701,3,학창시절은 어땠습니까. (1000자 이내)
1702,3,"학창시절 또는 다른 경험을 돌이켜 볼 때 가장 대화하기 힘들었던 사람은 누구이며, 그 이유는 무엇입니까? (1000자 이내)"
1703,3,본인의 강점(잘하는 부분)은 무엇이라고 생각하십니까? (1000자 이내)
1704,3,본인의 약점(개선해야 할 부분)은 무엇이라고 생각하십니까? (1000자 이내)
1705,3,본인의 성격은 어떻습니까? (1000자 이내)
1706,3,본인 성격의 장.단점과 비영리 공익재단의 구성원으로서 적합한 이유를 기술 (1000자 이내)
1707,3,자신을 가장 잘 표현 할 수 있는 방법으로 자기소개서를 작성하여 주시기 바랍니다.
1708,3,[성격의 장단점 100자]
1709,3,[인생의 목표와 그 이유 100자]
1710,3,"[취미, 특기(수행빈도 및 수준을 포함하여 기술) 100자]"
1711,3,[본인이 소중하게 생각하는 3가지 100자]
1712,3,"취미/특기를 갖게 된 이유와 관련 활동 내용, 수상내용(수상명, 수상시기, 수상사유), 해외경험 및 기타 특이사항이 있으면 자세히 기재하여 주시기 바랍니다."
1713,3,자신을 대표하는 슬로건과 함께 본인에 대해 서술하십시오.
1714,3,"성장과정: 가족사항, 학창시절, 교우관계, 생활습관, 자신에게 크게 영향을 미친 사건 등을 포함하여 구체적으로 작성 (최대 500자)"
1715,3,성장과정에 대해서 구체적으로 기술하여 주시기 바랍니다.
1716,3,본인의 장점/단점에 대해서 구체적으로 기술하여 주시기 바랍니다.
1717,3,성장과정을 구체적으로 기술할 것 (1000자 이내)
1718,3,성장과정과 이를 통해 만들어진 나의 가치관
1719,3,과거 다른 사람을 감동시킨 사례가 있다면 구체적으로 기지해 주시오(1000자 이내)
1720,3,본인의 사고와 행동을 결정하는 가치관 3가지와 적용사례를 기재하여 주십시오. (700자 이내)
1721,3,본인의 성장배경 및 위에 기술한 내용 외에 첨부하고자 하는 내용이 있으시면 기술하여 주시기 바랍니다. (700자 이내)
1722,3,[신입] 성격의 장단점 및 생활신조 / [경력] 경력기술
1723,3,귀하의 평소 생활신조와 직장관은 무엇입니까?(500자)
1724,3,귀하를 가장 잘 표현할 수 있는 상징단어와 그 이유는 무엇입니까?(500자)
1725,3,근현대사 인물 중 귀하가 가장 존경하는 인물과 그 이유는 무엇입니까?(500자)
1726,3,성장과정: 성장과정을 구체적으로 기술해주세요. (1000자 이내)
1727,3,"3. 아래의 단어를 기준으로 당신의 성격을 점수로 표현하고, 성격의 장단점에 대해 간략히 기술하시오."
1728,3,"자신을 잘 나타내는 한 단어를 제시하고, 그 이유를 구체적인 예를 들어 설명해 주시기 바랍니다. (1000자 이내)"
1729,3,기타 특이사항 등을 기술하기 바랍니다.
1730,3,"*본인의 가치관은 무엇이며, 이를 형성하는데 가장 큰 영향을 끼친 경험을 구체적으로 기술해주십시오.(1000자 이내)"
1731,3,자신의 성장 과정과 학창 시절에 대해 기술하여 주십시오.
1732,3,귀하의 성장과정 및 가정생활을 자유롭게 기술하시기 바랍니다
1733,3,본인을 자유롭게 기술하시기 바랍니다
1734,3,당신의 성장 과정에 대해 기술하시오.
1735,3,위에서 표현되지 못한 자기소개를 간단하게 적어 주십시오
1736,3,"다른 사람들과 차별화된 본인만의 장점을 한 단어로 표현하고, 왜 그렇게 생각하는지 예를 들어 서술하시오."
1737,3,"본인의 가치관 형성에 전환점이 된 인문/예술작품(도서, 영화, 미술, 음악 등)은 무엇이며, 그 이유를 설명해 주십시오.(1000 Bytes 이내 작성)"
1738,3,"본인의 성장과정 및 성격의 장단점에 대하여 기술해 주시기 바랍니다. 본인의 성장과정 및 개인특성, 장단점 중심으로 기술하시기 바랍니다. (1000자 아내)"
1739,3,본인 및 본인의 성장 과정에 대해 기술하십시오. (1000자 이내)
1740,3,본인을 가장 잘 표현할 수 있는 단어를 선택하고 그 이유를 기술하시오. (1000자 이내)
1741,3,성장과정 * [1250자 이내]
1742,3,성격의 장단점 및 생활신조 * [1250자 이내]
1743,3,성장과정 (500자 이하)
1744,3,자신의 성격(강점/약점) (500자 이하)
1745,3,"남들과 다른 특이한 경력, 경험, 재능, 지식 등을 소개해 주세요. (없을 경우 기재하지 않아도 됩니다)"
1746,3,본인이 가장 우선적으로 생각하는 삶의 요소 중 2가지를 선정하고 그 이유를 설명하세요. (1000자 이내)
1747,3,"자신만의 남다름, 자랑거리 등 위 자기소개서 항목에서 못다한 이야기가 있다면 남겨주세요.(필수기재 문항 아님) (1000자 이내)"
1748,3,자신의 성장과정에 대해 자세하게 기술해 주십시오. (1000자 이내)
1749,3,자신의 성격을 잘 보여줄 수 있는 사례와 함께 성격의 장단점에 대해 기술해 주십시오. (1000자 이내)
1750,3,성장과정과 자신의 강점 및 약점에 대하여 기술하시오
1751,3,"본인 및 본인의 성장 과정에 대해 기술하십시오. - 현재의 자신에게 가장 큰 영향을 끼친 인물 및 그 이유 - 본인의 인생에서 가장 기억에 남는 경험을 2개 이상 반드시 포함하고, 그 이유에 대해 기술 - 이 과정에서 본인이 했던 행동과 생각, 결과, 느끼고 배운 점을 모두 포함 (1000자 이내)"
1752,3,성격의 장단점 및 보완능력에 대하여
1753,3,자신을 진솔하게 소개하여 주시기 바랍니다.
1754,3,"자신을 표현할 수 있는 키워드 2~3개를 선정하고, 각 키워드를 선정한 이유를 구체적인 사례를 들어 설명하시오. (1000자 이내)"
1755,3,성장 과정 (1000자 이내)
1756,3,생활 신조 및 본인의 장단점
1757,3,인성 및 성격의 장단점 (1000자 이내)
1758,3,학교생활 및 특별활동 경험 (1000자 이내)
1759,3,"최근 관심사 (전공, 취미, 사회이슈 등) (1000자 이내)"
1760,3,"본인의 성장과정을 통해 자신을 소개하여 주십시오. (성장배경, 생활신조, 학창시절 등)"
1761,3,"본인 및 본인의 성장 과정에 대해 기술하십시오. - 현재의 자신에게 가장 큰 영향을 끼친 인물 및 그 이유 - 본인의 인생에서 가장 기억에 남는 경험을 2개 이상 반드시 포함하고, 그 이유에 대해 기술 - 이 과정에서 본인이 했던 행동과 생각, 결과, 느끼고 배운 점을 모두 포함 (2000자 10 단락 이내)"
1762,3,성장과정 및 성격의 장/단점
1763,3,특별한 경험(경력 등)이 있는 경우 기술하시오. (1000자 이내)
1764,3,자기소개(중요사항을 중심으로 간략히 기재) (2500바이트)
1765,3,자신을 동물로 비유한다면 어떤 동물인가요? (1000자 이내)
1766,3,"아래에 제시되는 단어를 자유롭게 활용하여, 자신의 경험을 바탕으로한 본인만의 가치관을 작성하여 주시기 바랍니다. [제시단어 : 도전, 헌신, 정도]"
1767,3,장점 및 단점 / 지원자께서 생각하는 본인의 장점 및 단점이 잘 드러나도록 관련경험을 적어주시기 바랍니다. (1000자 이내)
1768,3,본인의 가치관/생활신조/성격/장점/재능을 구체적으로 작성하여 주십시오. (1000자 이내)
1769,3,"자신을 잘 나타내는 한 단어를 제시하고, 그 이유를 구체적인 예를 들어 설명해 주시기 바랍니다"
1770,3,"본인의 성장과정을 간략히 기술하되, 현재의 자신에게 가장 큰 영향을 끼친 사건, 인물 등을 포함하여 기술하시기 바랍니다. ("
1771,3,"자신의 성장 과정 및 개인 특성, 장점에 대해 기술해 주시기 바랍니다."
1772,3,귀하의 성장과정에 대하여 구체적으로 기술하여 주십시오.(1000자 이내)
1773,3,남들이 가지지 못한 나만의 강점 또는 경험을 구체적으로 기술해주세요. (1000자 이내)
1774,3,"지금까지 살아온 경험을 바탕으로 본인을 어떤 옷에 비유할 수 있고, 그 이유는 무엇인지 기술해주세요. (1000자 이내)"
1775,3,자신의 인생에서 성취했다고 생각하는 일 3가지를 기술해 주세요.(각각 1개의 문장으로 기술) (1000자 10 단락 이내)
1776,3,자신이 다른 사람과 구별되는 능력이나 기질을 써주십시오.(3가지) (각 80자)
1777,3,"살아오면서 자신이 성취한 것 중 자랑할 만한 것을 1, 2가지 소개해 주십시오. (100자 미만)"
1778,3,후배에게 추천하고 싶은 책 3권을 중요한 순서대로 적어 주십시오. (각 100자)
1779,3,자신에 대해 자유롭게 표현해보세요.
1780,3,본인의 성장과정 및 지원동기를 기술해 주시기 바랍니다.(1000자)
1781,3,지금의 나를 있게 한 가장 중요한 사건에 대해 구체적으로 기술해주세요. (1000자 이내)
1782,3,[선택 항목] 위 항목 외에 본인을 어필할 수 있는 내용을 자유롭게 기술하여 주시기 바랍니다. [ 200자 이내 ]
1783,3,교내 활동 (최대 200자 이내로 작성)
1784,3,대외 활동 (최대 200자 이내로 작성)
1785,3,"본인의 성격, 특기, 적성, 취미 등을 서비스 기획자의 역할과 연결하여 장점과 단점으로 나누어 기술해 주세요. (1000자 이내)"
1786,3,세상을 이롭게 하는 자신만의 가치 있는 아이디어나 견해를 자유롭게 기술해 주시길 바랍니다. (1000자 이내)) 응급차 사이렌소리 / 자율주행
1787,3,"성격상의 장점 및 단점, 특기"
1788,3,전문분야를 키워드 중심으로 간단히 기술해 주세요.(50자 이내)
1789,3,"자기소개를 부탁드립니다. (성장과정, 성격의 장단점 등) (1000자 이내)"
1790,3,"인생의 가장 중요한 가치는 무엇이며, 이유에 대해 기술하여 주세요. (1000자 이내)"
1791,3,나를 가장 잘 표현할 수 있는 한 문장과 그 이유
1792,3,내 삶의 모토*(motto)와 그 이유
1793,3,자신을 진솔하게 소개하여 주시기 바랍니다.(1000자 이내)
1794,3,성장과정 * 각 항목당 글자수 제한없음
1795,3,생활신조 및 성격소개 (장점 및 단점) * 각 항목당 글자수 제한없음
1796,3,희망업무 및 장래포부 * 각 항목당 글자수 제한없음
1797,3,포상 및 특기사항 * 각 항목당 글자수 제한없음
1798,3,인생의 최종목표를 적어주세요.
1799,3,"본인이 가장 소중하게 생각하는 것을 적고, 그 이유를 기술하여 주십시오. (예 : 인물/물건/경험 등)"
1800,3,"자신을 잘 소개하는 단어 7가지, 자기소개"
1801,3,좌우명 & 삶의 목표
1802,3,개인의 성장과정 및 차별화된 강점 기술 (1000자 이내)
1803,3,지원 직무와 관련된 이력을 간결하게 나열해주시기 바랍니다.(1000자이내)
1804,3,여러분은 왜 “기아인”이 되고 싶으신가요? (1000자 이내)
1805,3,"자신을 가장 잘 표현하는 단어 7개를 나열하고, 자신을 소개해 주세요. (1000자 이내)"
1806,3,본인의 성장과정을 통해 자신을 소개하여 주십시오.
1807,3,"성장환경 및 본인의 가치관, 성격의 장.단점 등 자기소개"
1808,3,"성격의 장단점, 생활신조, 가치관등 (1000자 이내)"
1809,3,지원동기/장래포부 (1000자 이내)
1810,3,기타 특기사항 (1000자 이내)
1811,3,자신을 한 단어로 표현하고 그 이유에 대해서 기술 하시오(1000자이내)
1812,3,당신의 장점 두 개와 단점 두 개를 기술해 주십시오.(1000자 이내)
1813,3,"본인의 단점 중 현재까지 극복하지 못한 단점 두가지와, 이를 극복하지 못한 이유를 말씀해주십시오.(1000자 이내)"
1814,3,성장과정 (1000자이내)
1815,3,가치관/생활신조 (1000자이내)
1816,3,자신을 한 문장으로 표현한 후 구체적으로 설명하시오. (성장과정/강약점) (1000자 이내)
1817,3,본인의 장단점을 중심으로 본인을 소개하시오.
1818,3,"성장환경 및 본인의 가치관, 성격의 장.단점 등 자기소개 (1000자 이내)"
1819,3,다른 사람이 생각하는 본인의 장점이나 단점 중 하나를 기술하고 그 이유와 그에 대한 본인의 생각을 쓰시오.(1000자이내)
1820,3,성장과정 및 성격 (1000자 이내)
1821,3,본인이 다른 이들에 비해 탁월하다고 생각하는 것과 구체적 사례를 기술하여 주십시오.
1822,3,성장과정 : 성장배경 및 본인의 가치관 등 (1000자 이내)
1823,3,성격의 장단점 : 장점과 단점을 잘 보여주는 사례를 들어 기술 (1000자 이내)
1824,3,"자신의 성장과정 및 개인특성, 장점에 대해 기술해 주시기 바랍니다. 성장 배경 및 대인관계, 과업수행과 관련한 본인의 특성을 기술하여 주시기 바랍니다."
1825,3,보유능력 및 기술 (1000자 이내)
1826,3,자기자신에 대해 자유롭게 표현하시오 (1000자 이내)
1827,3,"아래의 단어를 기준으로 당신의 성격을 점수로 표현하고, 성격의 장단점에 대해 간략히 기술하시오. (1000자 이내)"
1828,3,"본인의 성격, 특기, 적성, 취미 등을 서비스 기획자의 역할과 연결하여 장점과 단점으로 나누어 기술해 주세요.(1000자 이내)"
1829,3,자신을 대표하는 슬로건과 함께 본인을 서술하시오.
1830,3,"자신의 가치관, 인생관, 진로 등에 영향을 미친 주요 사건(경험), 인물, 책 등을 소개하고, 이를 통해 본인이 배우거나 느낀 내용을 진솔하게 기술하십시오."
1831,3,자신에 대한 소개를 자유롭게 기술
1832,3,"성장환경, 가치관, 성격장단점"
1833,3,다른 사람이 생각하는 본인의 장점이나 단점 중 하나를 기술하고 그 이유와 그에 대한 본인의 생각을 쓰시오
1834,3,"상세 경력사항 - 해당자에 한함, 비해당자는 ""해당사항 없음""을 입력"
1835,3,가치관 및 성격상 장단점을 포함하여 본인에 대해 소개해 주십시오. (1000자 이내)
1836,3,"본인에 대해 간략하게 소개하여 주십시오. (장단점, 성장과정 등 )"
1837,3,"본인의 성격, 대인관계, 가치관을 실제 사례 및 경험 등에 기반하여 구체적으로 기술하십시오"
1838,3,* 자신의 성격 중 가장 자랑하고 싶은 점과 바꾸고 싶은 점들을 그 이유와 함께 적어주세요
1839,3,귀하를 가장 잘 표현할 수 있는 상징 단어와 그 이유는 무엇입니까?
1840,3,상기 서술한 사항 외 추가하실 내용이 있다면 자유롭게 기술해 주세요.
1841,3,한국증권금융의 핵심가치에 부합하는 본인의 경험을 기술하시오. (1000자이내)
1842,3,"자신에게 가장 큰 영향을 끼친 사건, 인물 등을 포함한 본인의 성장과정"
1843,3,"본인의 성장과정을 간략히 기술하되 현재의 자신에게 가장 큰 영향을 끼친 사전, 인물 등을 포함하여 기술하시기 바랍니다."
1844,3,"본인의 성장과정을 기술하되, 현재의 자신에게 가장 큰 영향을 끼친 사건, 인물 등을 포함하여 기술"
1845,3,기타 추가 자기소개
1846,3,"살아오면서 자신이 성취한 것 중 자랑할 만한 것을 1,2가지 소개해 주십시오.(1000자이내)"
1847,3,자신에게 있어서 직장생활의 의미를 써 주십시오.(1000자이내)
1848,3,위에서 표현되지 못한 자기소개를 간단하게 적어 주십시오.(1000자이내)
1849,3,"여러분이 최근 3년 내에 관람했던 영화 중 인상 깊었던 영화를 선정하여, 흥행요인 혹은 부진요인에 대해 자유롭게 작성해주세요. (1,000자 이내)"
1850,3,본인의 삶의 가치관에 대하여 기술해 주세요.(500자)
1851,3,귀하를 소개하여 주십시오 (1000자이내)
1852,3,귀하가 경험한 일 중 '소개하고 싶은 경험'을 약술하십시오. (1000자이내)
1853,3,성장과정 및 학교생활에 대하여.(1000자이내)
1854,3,성격의 장·단점 및 보완노력에 대하여.(1000자이내)
1855,3,정직함에 대하여. (1000자이내)
1856,3,본인의 10년 후 계획에 대하여(1000자이내)
1857,3,자기자신에 대해 자유롭게 표현해 주세요
1858,3,본인을 3가지 해시태그로 표현해본다면
1859,3,성장과정 및 학교생활에 대하여. (1000자이내)
1860,3,"다음에 주어진 3가지 [상황조건] 중 1가지 상황을 선택하여, 하기 [서술방식]에 따라 기술하시오."
1861,3,성장과정 : 성장과정을 구체적으로 적으시오
1862,3,남들이 가지지 못한 나만의 강점 또는 경험을 구체적으로 기술해주세요.
1863,3,"지금까지 살아온 경험을 바탕으로 본인을 어떤 옷에 비유할 수 있고, 그 이유는 무엇인지 기술해주세요."
1864,3,"삶에 대한 본인의 가치관을 가장 잘 표현할 수 있는 단어는 무엇이며, 그 가치관이 형성된 계기(사례)를 구체적으로 설명해 주십시오. [650자]"
1865,3,"자기소개를 간단히 서술하시오. (성장과정, 성격상 장/단점 등) (1000자 이내)"
1866,3,성장과정 및 학교생활에 대하여 (400자)
1867,3,성격의 장단점 및 보완노력에 대하여 (400자)
1868,3,정직함에 대하여 (400자)
1869,3,본인의 성장과정을 가족관계 중심으로 서술해주세요.
1870,3,인생에 가장 큰 영향을 준 사람(또는 책 등)과 그 이유를 서술해주세요.
1871,3,자신이 최고라고 자부할 수 있는 것에 대하여 서술해주세요.
1872,3,귀하의 평소 생활신조와 직장관은 무엇입니까? (500자 이내)
1873,3,"성장과정, 성격의 장점, 보완할 점"
1874,3,"본인의 성장과정을 간략히 기술하시오.(사건, 인물 포함)"
1875,3,"자신을 잘 나타내는 한 단어를 제시하고, 그 이유를 구체적인 예를 들어 설명해 주시기 바랍니다. (1000자이내)"
1876,3,자신의 성장과정과 학창시절을 기술하여 주십시오. [500~700자]
1877,3,"본인의 성장과정을 간략히 기술하되 현재의 사진에게 가장 큰 영향을 끼친 사건, 인물 등을 포함하여 기술하시기 바랍니다.(1500자)"
1878,3,자기소개(성장과정 및 강점과 약점에 대하여)
1879,3,"자신을 잘 나타내는 한 단어를 제시하고, 그 이유를 구체적인 예를 들어 설명해 주시기 바랍니다. [500자]"
1880,3,성장과정(자기소개)
1881,3,본인이 다른 이들에 비해 탁월하다고 생각하는 것과 구체적 사례를 기술하여 주십시오. (600자 이내)
1882,3,성격의 장/단점 및 보완노력에 대하여
1883,3,자신의 성장과정과 학창시절에 대해 기술하여 주십시오. [700자]
1884,3,우리회사와 관련된 모든 것을 이용하여 자유롭게 본인소개(1000자 이내)
1885,3,성장배경및 본인의 가치관등(성장과정)
1886,3,성격의 장단점 : 장점과 단점을 잘 보여주는 사례를 들어 기술 *300자 이상 2000자 이하로 입력하세요.
1887,3,좌우명 & 삶의 목표 : 목표달성을 위한 구체적인 계획을 기술 *300자 이상 2000자 이하로 입력하세요.
1888,3,"성장과정(500자이상, 1000자 미만)"
1889,3,"생활신조 및 성격소개 (장점 및 단점)(500자이상, 1000자 미만)"
1890,3,"지원동기(500자이상, 1000자 미만)"
1891,3,"포상 및 특기사항(500자이상, 1000자 미만)"
1892,3,"본인의 성장과정을 간략히 기술하되 현재의 자신에게 가장 큰 영향을 끼친 사건, 인물 등을 포함하여 기술하시기 바랍니다. (*작품 속 가상인물도 가능) (1500자)"
1893,3,"성장과정 : 자신을 한 단어로 표현하고, 성장과정에 대해서 기술해주세요."
1894,3,개인의 성장과정 및 차별화된 강점 기술(한글 500자 이내)
1895,3,어떤 관점에서 그것이 새로운 방식이나 독특한 아이디어라고 할 수있습니까?(400자)
1896,3,"성장과정 (생활신조, 직업관)"
1897,3,"본인의 생활신조는 무엇이며, 그러한 신조를 갖게 되기에 영향을 미친 인물, 사건, 경험 등에 대해 기술하십시오."
1898,3,성장과정 및 지원동기를 각각 구분하여 자유롭게 기술해 주십시오.
1899,3,"다음 단어 중 본인을 가장 잘 표현하는 한 단어를 선택하고, 그 이유에 대하여 경험위주로 구체적으로 기술해 주십시오. [ 정직, 성실, 협력, 창의, 전문성, 도전, 열정 ]"
1900,3,"본인의 장/단점(1,000자 이내)"
1901,3,자신의 남다른 재능이나 경험을 바탕으로 본인에 대해 소개해 주십시오(1000자)
1902,3,성장과정 및 본인의 장·단점 등 자신을 자유롭게 표현하여 소개하시오
1903,3,본인이 판단하기에 한국사에서 탁월한 리더십을 발휘한 인물에 대하여 기술하여 주십시오.
1904,3,그 인물의 당시 지위와 처한 상황을 기술하여 주십시오.
1905,3,"성장과정, 성격의 장/단점, 지원동기, 관심분야 등 자신을 어필할 수 있는 내용을 기술해주세요"
1906,3,자기 소개를 자유롭게 기술 바랍니다. (최소 500자 최재 5000자 제한)
1907,3,"본인을 한 단어로 표현한다면? 그리고, 그 이유는 무엇입니까?(400자 이내)"
1908,3,"성장환경 및 본인의 가치관, 성격의 장단점 등 자기소개 [500자]"
1909,3,본인의 성장과정과 학창시절에 대해 자유롭게 기술하여 주십시오.
1910,3,본인이 가진 열정과 역량에 대하여(500~1000자)
1911,3,본인의 10년 후 계획에 대하여(100~500자)
1912,3,자신의 성장과정과 학창시절에 대해 기술하여 주십시오.(500~700자)
1913,3,‘자신’에 대해서 서술해 주십시오. [400자]
1914,3,경력사항 [1000자]
1915,3,남과 차별되는 나만의 강점 또는 경험을 3가지 소개해 주십시오.
1916,3,본인의 가치관과 성격을 작성해 주십시오.
1917,3,본인의 성장과정 및 성격의 장단점에 대하여 기술해 주시기 바랍니다. [100자~500자]
1918,3,능력 및 주요경력 소개 (500자)
1919,3,본인의 가치관과 성격의 장단점을 작성하여 주십시오. [공백포함 500자 이내]
1920,3,당신의 장점 두 개와 단점 두 개를 기술하여 주십시오.
1921,3,본인에게 큰 영향을 준 경험을 자신의 성장과정에 비춰 서술 (600자)
1922,3,“자신”에 대하여 기술해 보십시오. 지원동기 (500 byte 이내)
1923,3,성장과정 및 인생관 (500 byte 이내)
1924,3,자신의 강약점 (500 byte 이내)
1925,3,학업·교내외 활동 및 기타 경력 (500 byte 이내)
1926,3,10년 뒤 자신의 모습 (500 byte 이내)
1927,3,"자신의 가치관, 인생관 등에 영향을 미친 주요 인물, 사건을 기술하며, 이를 경험한 과정 및 그 안에서 본인이 학습한 내용을 기술하십시오. 자신의 인생관은 무엇입니까? 간략하게 설명하십시오. (500 byte 이내)"
1928,3,"자신의 인생관 등에 영향을 미친 주요 인물, 사건 등에는 어떤 것이 있습니까? 본인이 경험한 과정을 가능한 한 구체적으로 기술하십시오. (500 byte 이내)"
1929,3,본인의 가치관을 현재 생활에 어떻게 적용하고 있는지 구체적인 예를 들어 설명해 주십시오. (500 byte 이내)
1930,3,기타 자신만의 특별한 세계관이 있다면 기술하여 주십시오. (500 byte 이내)
1931,3,"위 3가지 경험 중 하나를 선택하여, 구체적으로 적어주십시오.(1500자 이내)"
1932,3,성격의 장단점 / 가치관
1933,3,성장배경 및 본인의 장/단점
1934,3,10년 뒤 자신의 모습
1935,3,"자신의 성장과정 및 개인특성, 장점 중심으로 기술바람."
1936,3,나의 경험(150바이트 이상 6000이내)
1937,3,그 밖에 자신을 알리고 싶은 것은
1938,3,아래 4가지 사항을 포함하여 자유롭게 기술하시기 바랍니다.
1939,3,자신의 남다른 재능이나 경험을 바탕으로 본인에 대해 소개해 주십시오
1940,3,생활 신조 및 특기사항 (1000자)
1941,3,세부경력 (1000자)
1942,3,기타 지원자님께서 하고 싶으신 말씀은? (2000 Bytes 이내)
1943,3,성격의 장단점 및 보완에 대해
1944,3,자신에 대해 자유롭게 기술해 주세요.
1945,3,지원자 본인이 자신의 소속 집단뿐만 아니라 주변 사람/집단까지 고려하고 배려하는 사람임을 가장 잘 나타내는 최근 5년 이내의 사례를 기술해 주시기 바랍니다. (300~500자)
1946,3,성격의 장단점 및 이를 보완하기 위한 노력
1947,3,본인의 삶에서 양보할 수 없는 것과 그 이유는 무엇인지 기술하시오.
1948,3,자신이 다른 사람과 구별되는 능력이나 기질 3가지를 기술하시오.
1949,3,"본인을 한 단어로 표현하고, 그 이유를 기술하십시오"
1950,3,인생관 및 성장과정
1951,3,자기소개를 하시오. (1000자 이내)
1952,3,학창생활 (800자)
1953,3,성격의 장단점 (800자)
1954,3,재능 및 특기사항 (800자)
1955,3,본인의 성격 및 강점과 약점
1956,3,향후 미래(5~10년 후)의 본인의 모습을 자유롭게 기술해 주세요
1957,3,다른 사람들과 함께 일을 할 때 본인이 지닌 장점과 단점에 대해 구체적으로 기술해 주십시오 (400자)
1958,3,"타인과 구별되는 본인만의 특기, 차별화된 경쟁력을 설명하시오.[500자]"
1959,3,지금의 나를 있게한 가장 중요한 사건에 대해 구체적으로 기술해주세요.(800자 16줄 이내)
1960,3,현재 자신을 형성하는 데 큰 영향을 준 일을 포함하여 성장과정을 기술해 주시기 바랍니다.
1961,3,성장과정을 구체적으로 기술해주세요. (400자)
1962,3,본인 성격의 장단점 및 특기를 구체적으로 기술해주세요.
1963,3,자신에 대한 PR 을 구체적으로 기술해주세요.
1964,3,나는 ( ) 다. [10자]
1965,3,본인의 성격의 장단점
1966,3,스페셜리스트와 제네럴리스트 중 본인이 지향하는 바를 성장과정에 비추어 설명해 주세요. [500자]
1967,3,"내가 생각하는 나의 모습과 타인이 바라보는 나의 모습이 어떠할지 각각 기술하고, 차이가 있다면 그 이유를 설명해 주세요. [500자]"
1968,3,"리더십과 팔로워십을 발휘했던 사례를 각각 구체적으로 기술하고, 둘 중 본인은 어떤 부분에 강점이 있는지 설명해 주세요. [1000자]"
1969,3,자신이 다른 사람과 구별되는 능력이나 기질을 써주십시오.(200자 이내)
1970,3,나를 가장 잘 표현할 수 있는 한 문장과 그 이유는?
1971,3,나의 취미와 특기는 무엇인가?
1972,3,그 밖의 자신이 알리고 싶은 것
1973,3,성장과정 (600자 이내)
1974,3,성격의 장단점 및 생활신조 (600자 이내)
1975,3,귀하가 생각하는 자신의 장점과 단점에 대하여 약술하십시오.
1976,3,귀하의 별명과 그 이유를 약술하십시오.
1977,3,본인이 생각하는 본인의 장단점을 장단점이 발현된 사례를 기초로 구체적으로 기술하시오.
1978,3,자신에 대한 내용을 자유롭게 서술해 주세요.
1979,3,성장과정 및 학교생활 [800자]
1980,3,성격의 장단점 및 보완노력 [800자]
1981,3,정직함에 대하여 [800자]
1982,3,"성격의 장,단점 및 보완노력에 대해 서술하시오"
1983,3,본인 성격의 장점과 단점을 기재하여 주시기 바랍니다. (1000자)
1984,3,귀하의 성장 과정을 기술하시오.[500자]
1985,3,"본인의 단점 중 현재까지 극복하지 못한 단점 2가지를 말하고, 극복하지 못한 이유를 기술하세요. (500자)"
1986,3,나를 가장 잘 표현할 수 있는 한 문장과 그 이유는? [300 자]
1987,3,나의 취미와 특기는 무엇인가? [300 자]
1988,3,학창시절 가장 즐거웠던 기억에 대해 구체적으로 서술해 주십시오. [1000 자]
1989,3,성장과정 [1000자]
1990,3,장단점 및 생활신조 [1000자]
1991,3,기타 [1000자]
1992,3,성장과정 : 성장과정을 구체적으로 기술해주세요.[800자]
1993,3,"본인의 성격(강점, 약점)에 대해 기술해 주십시오. (500자이내)"
1994,3,"본인의 수상경력, 봉사활동 경험에 대해 기술해 주십시오. (500자이내)"
1995,3,타인과 구별되는 자신만의 특별한 성취 경험에 대해 기술하여 주십시오.(300자)
1996,3,자기소개(중요사항 중심 기재)
1997,3,성장과정 및 본인의 장·단점 등 자신을 자유롭게 표현하여 소개하시오.
1998,3,남과 차별되는 나만의 강점 또는 경험을 3가지 소개해 주십시오. * [100자 이상 400자 이내]
1999,3,삶을 통해 이루고 싶은 인생의 비전 또는 목표 3가지를 우선순위 순으로 적어 주십시오. * [100자 이상 400자 이내]
2000,3,신에 대해 자유롭게 표현해보시오 (경력중심)
2001,3,"자신의 성장과정, 개인특성 및 장점을 기술하시오"
2002,3,지원자 본인이 자신의 소속 집단뿐만 아니라 주변 사람/집단까지 고려하고 배려하는 사람임을 가장 잘 나타내는 최근 5년 이내의 사례를 기술해 주시기 바랍니다. (500자)
2003,3,성장과정 : 성장과정을 구체적으로 기술해주세요 (800자)
2004,3,자신만의 AQ 강점을 서술하시오
2005,3,자유롭게 본인에 대한 소개를 해주세요.
2006,3,"본인 성격의 특징 (생활신조, 장/단점)"
2007,3,"본인의 성장과정을 간략히 기술하되 현재의 자신에게 가장 큰 영향을 끼친 사건, 인물 등을 포함하여 기술하시기 바랍니다.(작품속 가상인물도 가능) (1500자 이내)"
2008,3,"성장과정, 지원동기, 장단점, 10년후 나의 모습"
2009,3,Cover Letter
2010,3,성장과정 (200자 이내)
2011,3,성격상의 장단점 (200자 이내)
2012,3,취미 및 특기 (200자 이내)
2013,3,사회경험 (200자 이내)
2014,3,자신에 대한 소개를 자유롭게 기술 (250자 이내)
2015,3,피키스러움을 표현할 수 있는 키워드 3가지를 뽑고 그 이유를 설명해주세요
2016,3,"주변사람들과 비교하였을 때, 남들과는 다른, 본인만의 특징을 구체적으로 서술하시오."
2017,3,"본인의 10년 후, 자신이 가장 성취하고 싶은 것과 어떤 인생을 살고 싶은지 서술해주십시오."
2018,3,해당 조직의 성격과 당시 자신의 역할에 대해 간단히 작성해주십시오.(600자 이내)
2019,3,목표하는 삶은 무엇이며 그것을 위해 어떤 노력을 해왔는지 자신의 인생 스토리를 소개해 주십시오. (1000자 이내)
2020,3,본인이 잘 수행 할 수 있다고 생각하는 이유
2021,3,타인과 차별되는 자신만의 강점 및 역량을 작성해 주세요
2022,3,성장과정[150자]
2023,3,성격의 장단점 및 생활신조[150자]
2024,3,경력사항[150자]
2025,3,기타사항[150자]
2026,3,"타인과 구별되는 자신만의 경쟁력을 한 가지 고르고, 이를 잘 표현할 수 있는 사례를 중심으로 기재해 주시기 바랍니다.(1000자 이내)"
2027,3,나의 가족과 성장과정에 대해 소개해주세요.
2028,3,"본인의 인생관이나 인생의 신조는 무엇이며, 그것에 영향을 주었던 사건이나 인물은 무엇(누구)입니까?"
2029,3,자신이 가장 소중하게 생각하는 사진을 첨부하고 이유를 설명하여 주십시오.
2030,3,생활신조 및 성장과정
2031,3,자신에 대해 소개해 주십시오.
2032,3,본인이 가진 열정과 역량에 대하여(1000자)
2033,3,본인의 10년 후 계획에 대하여 (500자)
2034,3,성격의 장단점 및 보완노력에 대하여. (800자)
2035,3,본인 성격의 장단점에 대하여 설명하십시오.
2036,3,자기 자신을 진솔하게 소개하여 주시기 바랍니다. [700자 이내]
2037,3,주변에서 ‘마니아’라고 불릴 정도로 ‘몰입’해본 분야를 소개해 주세요. [700자 이내]
2038,3,본인의 가치관/생활신조/성격/장점/재능을 구체적으로 작성하여 주십시오. (1000자)
2039,3,본인소개 (장단점)
2040,3,성장과정 및 가족관계
2041,3,성격의 장&#8228;단점
2042,3,자기소개 (중요사항을 중심으로 기재)
2043,3,"지원 지역의 연고를 확인할 수 있는 내용을 자유롭게 기술하시기 바랍니다. (단, 학교명은 기재 금지) (500자)"
2044,3,"본인을 표현할 수 있는 단어 5개를 해시태그 형태로 나열한 후 자신의 성격, 가치관, 성장 과정 등을 진솔하게 기술해주시기 바랍니다.(500자)"
2045,3,"본인의 강점과 약점을 언급해주시고, 그 강점이 앞으로 모비스 및 본인의 발전에 어떻게 기여할 수 있는지를 서술해 주시기 바랍니다. (최소 500자 최대 1000자)"
2046,3,성장과정을 기술하여 주시기 바랍니다. (400자)
2047,3,자신의 성장과정 (100자)
2048,3,본인의 성격의 장단점 (200자)
2049,3,자신의 사회활동 및 대외활동에 대해 서술하시오 (200자)
2050,3,"신한은행을 지원한 동기와 포부 그리고 본인의 성장과정(가족, 학교생활 등)에 대하여 기술해 주세요. [1,500자 이내]"
2051,3,"자신만의 남다름, 자랑거리 등 위 자기소개서 항목에서 못다한 꼭 하고 싶은 이야기를 남겨주세요.[500자 이내]"
2052,3,자기소개(1000자)
2053,3,"본인이 가장 우선적으로 생각하는 삶의 요소 중 2가지를 선정하고 그 이유를 설명하세요. [총 500자 이내 분량, 1000Byte]"
2054,3,"자신만의 남다름, 자랑거리 등 위 자기소개서 항목에서 못다한 이야기가 있다면 남겨주세요.(필수기재 문항 아님) [총 500자 이내 분량, 1000Byte]"
2055,3,성장과정을 통하여 귀하를 소개하여 주십시오. [ 200자 이내]
2056,3,"귀하가 견지하는 삶의 태도 또는 원칙을 소개하고, 입행 후 이루고 싶은 목표에 대해 약술하십시오. [ 200자 이내]"
2057,3,"본인을 나타내는 인문학 도서 속의 인물을 소개하고, 그 이유를 보여주는 경험을 약술하십시오. [ 200자 이내]"
2058,3,성격의 장단점 및 생활신조 (600자)
2059,3,가치관 및 성격 형성에 있어 중요한 영향을 준 가족 및 성장과정에 대하여 작성 바랍니다. (800자)
2060,3,"가족관계, 학교생활 및 성적, 취미, 특기 등의 성장과정 (500자)"
2061,3,자기 성격의 장점과 단점 (500자)
2062,3,성장과정. 생활신조 및 가치관. 성격. 특기사항. 입사동기 및 포부 등 자유양식 (3000자)
2063,3,성격 장단점 생활신조
2064,3,귀하에 대해 자유롭게 소개해보세요. (600자)
2065,3,경력기술서 서술 [ 300자 이상 700자 이내 ]
2066,3,"성격의 장단점, 생활신조, 가치관"
2067,3,성정과정을 구체적으로 기술해주세요. (800자)
2068,3,"생활신조, 성격소개 [ 150자 이상 500자 이내 ]"
2069,3,장래포부 [ 100자 이상 500자 이내 ]
2070,3,본인이 가진 열정과 역량에 대하여 (500~1000자)
2071,3,본인의 10년후 계획에 대하여 (500자)
2072,3,본인은 어떤 삶을 살고 싶습니까?
2073,3,"본인의 적성은 무엇인지, 왜 그렇게 생각하는지 간략히 기술하여 주십시오."
2074,3,성장과정에 가장 큰 영향을 끼친 것은 무엇이며 어떤 영향을 끼쳤는지 기술하시오. (1000자)
2075,3,"색다른 취미/습관/특기를 가진 경우, 그에 대해 자유롭게 설명하시오. (500자)"
2076,3,기타사항 (500자)
2077,3,성장과정을 구체적으로 서술 (800자)
2078,3,자기소개- 중요사항을 중심으로 간략히 기재 (700~800자)
2079,3,"주요경력, 활동, 세부전공 내용 중심으로 기술 (400~500자)"
2080,3,성장배경 및 본인의 장단점
2081,3,자신의 성격 및 남다른 지식이나 재능에 대하여 기술하여 주십시오.
2082,3,본인의 성장과정 및 지원동기를 기술해 주시기 바랍니다. (1500자)
2083,3,"성장과정 및 장, 단점"
2084,3,"자신의 성장과정, 개인특성 및 장점을 기술하시오 (700자)"
2085,3,본인이 추구하는 삶의 가치와 본인만의 특별함에 대하여 구체적으로 기술하시오. (1000자)
2086,3,자기소개 : 중요사항을 중심으로 간략히 기재 (25줄 /2500바이트)
2087,3,본인의 자기소개를 자유롭게 기술해 주시기 바랍니다. (700자)
2088,3,다른 사람들과 함께 일을 할 때 본인이 지닌 장점과 단점에 대해 구체적으로 기술해 주십시오. (400자)
2089,3,"본인의 성장과정을 간략히 기술하되 현재의 자신에게 가장 큰 영향을 끼친 사건, 인물 등을 포함하여 기술하시기 바랍니다.(작품속 가상인물도 가능 1500자)"
2090,3,성장과정 및 생활신조 등 자기소개를 기술하여 주시기 바랍니다.(1200바이트)
2091,3,"성격, 능력 관련 본인의 장단점을 기술하여 주시기 바랍니다.(1200바이트)"
2092,3,"성장환경 및 본인의 가치관, 성격의 장.단점 등 자기소개(500자 이내)"
2093,3,"자기소개서 (2500byte, 25줄 이내)"
2094,3,"주요경력(세부전공 내용 중심으로 기술) (1500byte, 15줄 이내)"
2095,3,"지원동기(중요사항을 중심으로 간략히 기재) (1500byte, 15줄 이내)"
2096,3,자기소개 - 중요사항을 중심으로 간략히 기재 [25line / 2500byte]
2097,3,가장 자신 있는 분야(자신의 강점)
2098,3,자신의 인생관은 무엇입니까? 간략하게 설명하십시오. (500 byte 이내)
2099,3,어떤 상황이었는지 구체적으로 예를 들어 설명해 주십시오. (500 byte 이내)
2100,3,지원 지역의 연고를 확인할 수 있는 내용을 자유롭게 기술하시기 바랍니다.
2101,3,"본인을 표현할 수 있는 단어 5개를 해시태그 형태로 나열한 후 자신의 성격, 가치관, 성장 과정 등을 진솔하게 기술해주시기 바랍니다."
2102,3,"성장과정 (글자수 800, 16줄 이내)"
2103,3,본인의 강점과 약점
2104,3,자기 자신을 소개해 주십시오
2105,3,귀하께서 다른 사람과 구별되는 능력이나 특징은 무엇입니까?
2106,3,위 자기소개서 내용 외에 추가적으로 본인을 소개할 내용을 기술하시오.
2107,3,귀하의 강점과 약점을 포함하여 귀하를 잘 표현할 수 있는 자기소개를 기술하시오.
2108,3,성격의 장.단점 및 생활 신조
2109,3,성장배경 및 본인의 장/단점&nbsp;
2110,3,본인의 장점과 단점. 단점 극복 노력
2111,3,본인의 성장과정을 자유롭게 기술하여 주시기 바랍니다.
2112,3,자신의 성장과정에 대해 서술하여 주십시오. (100자)
2113,3,본인 성격의 장단점을 서술하여 주십시오. (200자)
2114,3,자신의 사회활동 및 대외활동에 대해 서술하여 주십시오. (200자)
2115,3,본인 성격상의 장점과 약점 그리고 핵심역량
2116,3,"살아오면서 자신이 성취한 것 중 자랑할 만한 것을 1,2가지 소개해 주십시오. (100자 미만)"
2117,3,자신에게 있어서 직장생활의 의미를 써 주십시오. (200자 미만)
2118,3,"위에서 표현되지 못한 자기소개를 간단하게 적어 주십시오. (1,600자 미만)"
2119,3,아래의 제시어 중 하나를 선택하여 정의를 내려주시고 제시어와 연관지어 입행 후 포부에 대해 작성해주십시오.
2120,3,성장과정 / 성격 장단점
2121,3,"인생에서 가장 지키고 싶은, 가장 소중한 가치에 대해 자신만의 특별한 경험과 연관지어 기술해주시기 바랍니다.(삶의 가치관에 관한 질문입니다.) (100자~500자)"
2122,3,성장 환경 및 성격 (500자)
2123,3,(선택사항)자신만의 이야기를 자유롭게 작성 - 파일 등록
2124,3,자신의 성장과정과 학창시절을 간략하게 소개하여 주십시오.
2125,3,"드라마나 영화 캐릭터 혹은 유명인사 중 자신을 가장 잘 표현한 인물은 누구이며, 어떠한 점이 본인을 잘 표현하였다고 생각하였는지 구체적으로 서술해주세요."
2126,3,자신의 강/약점 (장/단점) (1000자 이내)
2127,3,본인의 장단점을 분석하고 장점을 활용하고 단점을 개선할 방안을 기술해 주십시오. (200자 이내)
2128,3,어떤 형태의 의사 소통을 선호하십니까? (200자 이내)
2129,3,"귀하의 성장과정, 생활신조 및 성격은 어떠합니까?"
2130,3,성격의 장/단점 및 보완노력에 대하여.
2131,3,성장배경 (800자)
2132,3,사회활동 (800자)
2133,3,"본인의 약점과 강점을 언급하시고, 그 강점이 앞으로 모비스 및 본인의 발전에 어떻게 기여할 수 있는지를 서술해 주시기 바랍니다. [500자 이상 1000자 이내]"
2134,3,"나를 대표적으로 표현할 수 있는 그 무엇(단어/숫자/색깔)을 3가지 언급하고, 그것이 의미하는 자신에 대해 기술하십시오."
2135,3,본인이 생각하는 겸손의 정의와 이를 가장 잘 드러내는 본인만의 사례에 대해 서술하세요
2136,3,"본인소개, 장단점 (800자)"
2137,3,"인생에서 가장 지키고 싶은, 가장 소중한 가치에 대해 자신만의 특별한 경험과 연관지어 기술해주시기 바랍니다."
2138,3,최근에 본인이 누군가에게 감사를 표시했던 사례를 간단하게 설명하십시오 (100~200자)
2139,3,본인 성격의 장단점에 대해 설명하십시오 (400자)
2140,3,본인 성격의 장점과 단점을 기재하여 주시기 바랍니다.
2141,3,성장과정 및 학교생활에 대하여. (400자)
2142,3,성격의 장·단점 및 보완노력에 대하여. (400자)
2143,3,정직함에 대하여. (400자)
2144,3,"귀하의 성장과정을 기술하시오. [가족, 가치관, 학창생활]"
2145,3,본인 성격의 장/단점을 기술하시오. [직무연관]
2146,3,성장과정을 구체적으로 기술해주세요. (800자 이내)
2147,3,성장 과정 및 학교 생활
2148,3,관심분야(개인 또는 업무관련) 및 특별한 경험에 대하여 기술하세요. (자유형식)
2149,3,"본인의 강점과 약점을 언급하시고, 그 강점이 앞으로 모비스 및 본인의 발전에 어떻게 기여할 수 있는지를 서술해 주시기 바랍니다. [500자 이상 1000자 이내]"
2150,3,"본인을 세 단어로 표현하고, 각 단어에 대한 설명을 간단하게 서술하시기 바랍니다"
2151,3,10년뒤 자신의 모습
2152,3,성격의 장·단점 및 보완 노력에 대하여.
2153,3,자신에 대해 자유롭게 기술하여 주세요
2154,3,성장과정 / 성격 장단점 (3000byte 이내)
2155,3,"자신의 성장과정 및 개인 특성, 장점 중심으로 기술해주시기 바랍니다. [100~1000자]"
2156,3,"본인의 장점과 약점을 언급하시고, 그 장점이 앞으로 모비스 및 본인의 발전에 어떻게 기여할 수 있는지를 서술해 주시기 바랍니다. * [500자 이상 1000자 이내]"
2157,3,성장과정 [1000자 이내]
2158,3,성격의 장단점 및 생활신조 [1000자 이내]
2159,3,기타(자유로운 의견 기술) [600자 이내]
2160,3,성장과정 [100자(200byte) 이상 600자(1200byte) 이내]
2161,3,성격의 장단점 및 생활신조 [100자(200byte) 이상 600자(1200byte) 이내]
2162,3,"본인의 성장과정을 간략히 기술하되 현재의 자신에게 가장 큰 영향을 끼친 사건, 인물 등을 포함하여 기술하시기 바랍니다. (1500자 이내)"
2163,3,‘Challenger(도전하는 사람)로서의 나’에 대해 작성하세요. (600자 이내)
2164,3,‘Creator(창조하는 사람)로서의 나’에 대해 작성하세요. (600자 이내)
2165,3,‘Communicator(소통하는 사람)로서의 나’에 대해 작성하세요. (600자 이내)
2166,3,생활신조 (300자)
2167,3,성격소개 (300자)
2168,3,장래포부 (250자)
2169,3,"가족관계, 학교생활 및 성적, 취미, 특기 등의 성장과정"
2170,3,자기성격의 장점과 단점
2171,3,본인 성격의 장단점 및 보완노력에 대해 작성해 주십시오.
2172,3,본인이 가진 열정과 역량에 대하여 (500-1000자)
2173,3,성장과정 및 학창시절 (700자)
2174,3,"성격의 장단점, 생활신조, 가치관등 (700자)"
2175,3,사회활동/써클활동 (300자)
2176,3,나의 소개 [150Byte 이상 6000Byte 이내]
2177,3,나의 경험 [150Byte 이상 6000Byte 이내]
2178,3,그 밖에 자신을 알리고 싶은 것은 [100Byte 이상 1000Byte 이내]
2179,3,"성장과정을 통한 본인소개 (가족, 학창시절 등)"
2180,3,"귀하의 성장과정, 가정환경, 성격의 장단점을 간단히 기술하시오. (500자)"
2181,3,"본인을 표현할 수 있는 단어 5개를 해시태그 형태로 나열한 후 자신의 성격, 가치관, 성장 과정 등을 진솔하게 기술해주시기 바랍니다. [100자 ~ 500자]"
2182,3,본인을 가장 잘 표현할 수 있는 세가지 단어와 그 이유를 기술하시오 (600자 이내)
2183,3,성장과정 및 학창시절에 대해서 작성해주십시오.
2184,3,성장과정 및 학창시절/ 가치관/ 성격/ 장단점/ 재능/ 관심분야 등 본인을 소개해 주십시오.
2185,3,성장과정을 구체적으로 작성하시오
2186,3,"성장과정, 본인의 강.약점, 지원동기 및 포부, 취미 등에 대해 기술해 주십시오."
2187,3,본인이 생각하는 본인의 장단점을 장단점이 발현된 사례를 기초로 구체적으로 기술하세요.
2188,3,"자신에 대해 자유롭게 기술하여 주십시오.(성장과정, 주요경험 등)"
2189,3,본인이 가지고 있는 동원그룹에 대한 이미지와 느낌을 자유로이 서술하세요. (400)
2190,3,자신의 성장과정에 대해 서술하여 주십시오.(100자)
2191,3,본인 성격의 장단점을 서술하여 주십시오.(200자)
2192,3,자신의 사회활동 및 대외활동에 대해 서술하여 주십시오.(200자)
2193,3,성장과정 및 학교생활 [100~1000]
2194,3,성격의 장단점 및 생활신조 [100~600]
2195,3,생활신조 및 직업관
2196,3,기타사항(자유기재)
2197,3,"타인과 구별되는 본인만의 특기, 차별화된 경쟁력을 설명하시오."
2198,3,성장과정에서 형성된 자신의 인성과 장/단점에 대하여(구체적 상황/경험)
2199,3,자신의 성장과정에 대해 서술하여 주십시오
2200,3,본인 성격의 장단점을 서술하여 주십시오
2201,3,자신을 자유롭게 소개해 주세요
2202,3,지원자 본인이 어떤 사람인가에 대하여 자유롭게 작성하여 주십시오. (700자)
2203,3,자신의 성장과정에 대해 서술하여 주십시오 [ 300자 이내 ]
2204,3,본인 성격의 장단점을 서술하여 주십시오 [ 300자 이내 ]
2205,3,본인을 한 문장으로 표현하고 사례를 들어 그 이유를 기술하여 주십시오. (500자)
2206,3,본인이 보유하고 있는 가장 소중한 것에 대해 기술하고 그 이유를 말씀해 주십시오. (500자)
2207,3,"그 외 성장과정, 사회생활 및 연수경험, 전공지식 등 자신만의 특기, 장점을 설명할 수 있는 경험이 있다면 기술하여 주십시오. (1000자)"
2208,3,디스플레이 및 지원 직무 관련된 이력을 간결하게 나열해주시기 바랍니다.
2209,3,성장과정 (100자 ~2000자)
2210,3,학교생활 (100자 ~2000자)
2211,3,장래포부 (100자 ~2000자)
2212,3,나를 자유롭게 표현해 주세요
2213,3,자신의 특기/장점을 가장 잘 표현 할 수 있는 활동 및 경험을 기술해 주세요
2214,3,"나를 가장 잘 표현할 수 있는 한 문장과 그 이유 [250 Bytes, 120자 이내]"
2215,3,"내 삶의 모토*(motto)와 그 이유 [250 Bytes, 120자 이내]"
2216,3,관심분야(개인 또는 업무관련) 및 특별한 경험에 대하여 기술하세요.(자유형식 1200자 이내)
2217,3,당신의 진솔한 이야기가 궁금합니다. 주제에 구애 받지 않고 자유롭게 본인을 표현해 주세요.
2218,3,자신 만의 개성 및 특징
2219,3,자신의 장점 및 단점
2220,3,성격장단점 및 보완노력
2221,3,정직함에 대하여 자기 사례
2222,3,성장배경 및 성격에 대해 기술하시오
2223,3,본인의 비전 및 장래모습에 대해 기술하시오
2224,3,본인이 가진 열정과 역량에 대하여 (1000자)
2225,3,본인의 10년 후 계획 (500자)
2226,3,성장과정 : 성장과정을 구체적으로 기술해주세요. (800자 이내)
2227,3,성격의 장점과 단점 및 보완노력
2228,3,본인의 가치관/생활신조/성격/장점/재능을 구체적으로 작성하여 주십시오.(1000자)
2229,3,"본인 인생에 가장 큰 영향을 미친 인물과 사건을 각각 1가지씩 기술하고, 본인 인생관 및 행동원칙에 어떠한 영향을 미쳤는지 구체적으로 설명해주세요. [ 800자 이내 ]"
2230,3,"우리나라 발전에 긍정적 또는 부정적으로 큰 영향을 미쳤다고 생각하는 대표적인 역사적 사건 1가지를 들고, 그 이유를 설명해주세요. [ 400자 이내 ]"
2231,3,타인과 확실히 구별된다고 생각하는 본인만의 특별한 장점과 그와 관련한 구체적인 사례를 기술하세요. [ 400자 이내 ]
2232,3,자신이 가장 소중하게 생각하는 사진을 첨부하고 이유를 설명하여 주십시오
2233,3,성격 및 인생관 (500자)
2234,3,기타 하고 싶은 말
2235,3,본인의 성장과정과 가장 큰 인생 전환점은 무엇이었는지 기술하시오.(700)
2236,3,지인들이 인정하는 본인만의 특징(강점 또는 약점)을 실제 사례에 기반하여 기술하시오.
2237,3,본인만의 차별되는 경험에 대하여 기술하시오.
2238,3,Motive for Application [ 2000자 이내 ]
2239,3,Self-Appeal [ 2000자 이내 ]
2240,3,인류를 진일보하게한 역사적인 사건이라고 본인이 생각하는 1가지를 서술하시오.(500 Bytes)
2241,3,인생 최고게임 및 최악게임과 그 이유를 서술하시오.(500 Bytes)
2242,3,"성장과정 및 본인의 가치관, 성격의 장단점 등 자기소개"
2243,3,후배에게 추천하고 싶은 책 3권을 중요한 순서대로 적어 주십시오
2244,3,위에서 표현되지 못한 자기소개를 간단하게 적어 주십시오 (1600자 미만)
2245,3,"본인의 성격 (장단점 및 특징) (900byte, 450자)"
2246,3,인생관 (생활신조)
2247,3,성장과정. 생활신조 및 가치관. 성격. 특기사항. 입사동기 및 포부 등
2248,3,"본인의 인생관이나 인생의 신조는 무엇이며, 그것에 영향을 주었던 사건이나 인물은 무엇(누구)입니까? [ 400자 이상 600자 이내 ]"
2249,3,자신이 가장 소중하게 생각하는 사진을 첨부하고 이유를 설명하여 주십시오. [ 400자 이상 600자 이내 ]
2250,3,타인과 함께 일을 할 때 귀하가 지닌 장점과 단점에 대해 상세히 기재하여 주십시오. [ 150자 이상 500자 이내]
2251,3,"본인의 성장과정 및 성격의 장단점에 대하여 기술해 주시기 바랍니다. (500자) 본인의 성장과정 및 개인특성, 장단점 중심으로 기술하시기 바랍니다."
2252,3,자유 양식 (에세이)
2253,3,(항목당 800자) 가치관 및 성격 형성에 있어 중요한 영향을 준 가족 및 성장과정에 대하여 작성 바랍니다.
2254,3,국문 자기소개 2000자 이내
2255,3,본인의 성장과정에 대해 기술해 주세요. (2000 Bytes 이내)
2256,3,"한국사의 역사적 위인과 관련된 책을 읽고 본인이 벤치마킹하고 싶은 위인을 선택한 후, 그 위인을 선택한 이유와 위인이 성취한 역사적 업적에서 배워야 할 장점(사상, 리더십 등)에 대하여 본인의 생각을 기술해 주세요. (2000 Bytes 이내)"
2257,3,취미/특기(수행 빈도 및 수준을 포함하여 기술)
2258,3,귀하의 성장과정을 통해 본인을 소개하여 주시기 바랍니다.
2259,3,성장과정 및 학창시절을 통해 자신이 어떤 가치관과 사회관을 가지게 되었는지 설명해주십시오. [ 50자 이상 500자 이내 ]
2260,3,"본인의 강점과 약점을 언급하시고, 그 강점이 앞으로 귀사와 본인의 발전에 어떻게 기여 할 수 있는지를 서술해주십시오. [ 50자 이상 500자 이내 ]"
2261,3,"자신의 사회활동 및 대외활동에 대해 서술하고, 활동에 대한 체험과 느낀 점을 기술해주십시오. [ 50자 이상 500자 이내 ]"
2262,3,"나의소개 (성장과정, 학교생활, 생활신조 등) (1200바이트)"
2263,3,성장 과정과 성격의 장단점
2264,3,"당신의 진솔한 이야기가 궁금합니다. 주제에 구애받지 말고 자유롭게 표현해주세요. (성격, 가치관, 성장과정 등)"
2265,3,타인과 차별되는 자신만의 강점 및 역량을 작성해 주세요(300)
2266,3,"자신의 가치관, 인생관, 진로 등에 영향을 미친 주요 사건(경험), 인물, 책 등을 소개하고, 이를 통해 본인이 배우거나 느낀 내용을 진솔하게 기술하십시오. (800자 이내) 졸업학교명, 성명, 출신지역 등 개인 정보는 일체 기재하지 말 것. 해당 내용 기재시 불이익이 있을 수 있음"
2267,3,성격의 장&#61655;단점(250자)
2268,3,성격의 장단점 800자
2269,3,본인을 가장 잘 표현할 수 있는 한 단어를 선택하고 그 이유에 대해 설명하세요. (400자)
2270,3,본인의 VISION을 구체적으로 서술해 주십시오.
2271,3,본인의 장·단점 및 단점 극복방안 (1300자)
2272,3,성장과정 및 인생관 (400 byte 이내)
2273,3,자신의 강약점 (400 byte 이내)
2274,3,학업·교내외 활동 및 기타 경력 (400 byte 이내)
2275,3,10년 뒤 자신의 모습 (400 byte 이내)
2276,3,자신의 인생관은 무엇입니까? 간략하게 설명하십시오 (400 byte 이내)
2277,3,"자신의 인생관 등에 영향을 미친 주요 인물, 사건 등에는 어떤 것이 있습니까? 본인이 경험한 과정을 가능한 한 구체적으로 기술하십시오. (400 byte 이내)"
2278,3,본인의 가치관을 현재 생활에 어떻게 적용하고 있는지 구체적인 예를 들어 설명해 주십시오 (400 byte 이내)
2279,3,기타 자신만의 특별한 세계관이 있다면 기술하여 주십시오 (400 byte 이내)
2280,3,기타(추가로 기재하고 싶은 말) (400 byte 이내)
2281,3,성장과정(100자 이상~150자 이내)
2282,3,"성격(장,단점) 및 생활신조(100자 이상~150자 이내)"
2283,3,경력사항(150자 이내)
2284,3,기타사항(150자 이내)
2285,3,"성격의 장, 단점 및 보완노력에 대하여 (400자)"
2286,3,"본인의 적성은 무엇인지, 왜 그렇게 생각하는지 기술하여 주십시오. (공백포함 700자 이내)"
2287,3,타인과 다른 본인만의 개성에 대해 기술하여 주십시오. (공백포함 700자 이내)
2288,3,COMPETITIVENESS(700자 이내)
2289,3,TURNING POINT(700자 이내)
2290,3,CHARACTER(500자 이내)
2291,3,"SMART & CREATIVE(1,000자 이내)"
2292,3,본인에 대해 자유롭게 어필하시기 바랍니다.
2293,3,생활신조 및 성격의 장단점 (600자)
2294,3,가치관/생활신조 (600자)
2295,3,현재까지의 나의 모습
2296,3,성격의 장단점 200Bytes
2297,3,취미·특기(수행 빈도 및 수준을 포함하여 기술) 200Bytes
2298,3,자기소개서 (자유양식)
2299,3,성장과정 (100자)
2300,3,성격의 장단점 (200자)
2301,3,사회활동 및 대외활동 (200자)
2302,3,성장배경 및 주요경험
2303,3,자기 자신을 진솔하게 표현 1000
2304,3,"성장과정을 통한 본인소개 (가족, 가치관, 성격, 학창시절)"
2305,3,성장과정 : 성장과정을 구체적으로 기술해주세요.(16줄 이내)
2306,3,본인의 성장과정을 가족관계 중심으로 서술해 주세요
2307,3,인생에 가장 큰 영향을 준 사람(또는 책 등)과 그 이유를 서술해 주세요.
2308,3,자신이 최고라고 자부할 수 있는 것에 대하여 서술해 주세요.
2309,3,"본인 인생에 가장 큰 영향을 미친 인물과 사건을 각각 1가지씩 기술하고, 본인 인생관 및 행동원칙에 어떠한 영향을 미쳤는지 구체적으로 설명해주세요.(800자)"
2310,3,"우리나라 발전에 긍정적 또는 부정적으로 큰 영향을 미쳤다고 생각하는 대표적인 역사적 사건 1가지를 들고, 그 이유를 설명해주세요.(400자)"
2311,3,타인과 확실히 구별된다고 생각하는 본인만의 특별한 장점과 그와 관련한 구체적인 사례를 기술하세요.(400자)
2312,3,본인이 가진 열정과 역량에 대하여 1000자
2313,3,본인의 10년 후 계획에 대하여 500자
2314,3,성격소개 (350자)
2315,3,가치관 및 인생관 (350자)
2316,3,포상 및 특기사항 (350자)
2317,3,"성장과정: 가족사항, 학창시절, 교우관계, 생활습관 등을 포함하여 구체적으로 작성"
2318,3,귀하를 표현하는 단어 3가지와 그 이유를 설명하여 주십시오
2319,3,10년후의 나의 모습
2320,3,자신의 성장과정과 학창시절에 대해 기술하여 주십시오.700
2321,3,생활신조 및 성격의 장단점(600)
2322,3,"취미,특기(수행 빈도 및 수준을 포함하여 기술)"
2323,3,[Why you?] 위에서 언급하지 못한 본인에 대해 자유롭게 기술하시오. (1000자 이내)
2324,3,당신의 성장과정에 대해 기술하시오. 500자
2325,3,"성장과정 : 성장과정을 구체적으로 기술해주세요.(800자, 16줄 이내)"
2326,3,성격의 장단점 (30~200byte)
2327,3,생활신조 (30~200byte)
2328,3,"취미, 특기 (30~200byte)"
2329,3,위 자기소개서 내용 외에 추가적으로 본인을 소개할 내용을 기술하시오. (200~1000byte)
2330,3,나만의 강점(600자 이내)
2331,3,특별/특이경험(600자 이내)
2332,3,"본인을 가장 잘 표현할 수 있는 Keyword 3가지(성장환경, 학교생활, 사회활동 경험)를 작성 하시오. 1099 / 1200 자"
2333,3,"귀하의 성장과정(가족,학창시절,사회경험 등)을 토대로 성격 및 장단점을 기술하여 주십시오 (500자 이내) byte"
2334,3,"나의소개 (성장과정, 학교생활, 생활신조 등) (1200 Bytes)"
2335,3,"MyStory, 제시어를 자유롭게 활용하시어 본인의 가치관과 삶의 경험을 담은 에세이를 작성하여 주십시오. [4000byte]"
2336,3,자기소개서(약술형) 성장과정을 통하여 귀하를 소개하여 주십시오. [200자 이내]
2337,3,"귀하가 견지하는 삶의 태도 또는 원칙을 소개하고, 입행 후 이루고 싶은 목표에 대해 약술하십시오. [200자 이내]"
2338,3,"본인을 나타내는 인문학 도서 속의 인물을 소개하고, 그 이유를 보여주는 경험을 약술하십시오. [200자 이내]"
2339,3,자신의 성격 및 재능 또는 지식
2340,3,성격의 장단점현재 160 Bytes / 200 Bytes 이내
2341,3,취미·특기(수행 빈도 및 수준을 포함하여 기술) 현재 145 Bytes / 200 Bytes 이내
2342,3,성장과정과 자신의 강점 및 약점에 대하여 기술하시오.(800자)
2343,3,본인의 성장 환경과 가치관
2344,3,성장과정을 기술하되 본인의 가치관 형성에 영향을 미친 주요 사건 또는 경험을 중심으로 기술하시오. (2500자)
2345,3,성격의 장점과 단점은 뭔가요?
2346,3,"향후 3, 5, 10년 후 본인의 모습(꿈, 희망, 포부)을 표현해 보시기 바랍니다."
2347,3,자유로운 형식으로 기술해 주세요.(1000자 이내 작성)
2348,3,[성장과정 및 생활신조]
2349,3,성격의 장단점 [최소 30byte 이상 200byte 이내]
2350,3,생활신조 [ 최소 30byte 이상 200byte 이내]
2351,3,취미·특기 [최소 30byte 이상 200byte 이내]
2352,3,"본인의 자질 (성격, 능력, 가지초간, 경쟁력)에 대해 설명하세요."
2353,3,[성장배경 및 학창생활]
2354,3,학교·교내외 활동 및 기타 경력 (400 byte 이내)
2355,3,"자신의 인생관 등에 영향을 미친 주요 인물, 사건 등에는 어떤 것이 있습니까? 본인이 경험한 과정을 가능한 한 구체적으로 기술하십시오 (400 byte 이내)"
2356,3,성장과정 및 학교생활에 대하여. 800byte
2357,3,성격의 장·단점 및 보완노력에 대하여. 800byte
2358,3,본인은 어떤 삶을 살고 싶습니까? 글자 수 100자 이상 1000자 이내
2359,3,살아오면서 가장 신뢰했던 사람은 가족을 제외하면 누구입니까? 글자 수 100자 이상 1000자 이내
2360,3,"본인의 적성은 무엇인지, 왜 그렇게 생각하는지 간략히 기술하여 주십시오. 글자 수 100자 이상 1000자 이내"
2361,3,[About you? ] 위에서 언급하지 못한 본인에 대해 자유롭게 기술하시오. 1000자
2362,3,경력 및 경험기술서 [ 300자 이내 ]
2363,3,자기 자신에 대해서 소개해 주세요. 1000자
2364,3,"자신만의 내세울만한 능력은 무엇이고, 이를 통해 주변 환경을 개선했던 경험이 있다면 서술해 주세요. 1000자"
2365,3,"아래 제시어를 자유롭게 활용하시어, 본인의 가치관과 삶의 경험을 담은 에세이를 작성하여 주십시오. [6000 Bytes 이내] *"
2366,3,"귀하의 인생에 가장 영향을 미친 책을 한 권 선택하시고, 그 이유를 설명하여 주십시오. [1000 Bytes 이내] *"
2367,3,본인의 성장과정 및 자신이 생각하는 본인 성격의 장/단점을 서술해 주십시오(400)
2368,3,본인의 성장과정을 자유롭게 기술하여 주시기 바랍니다.(400자)
2369,3,패션 관련 경험 또는 자기계발을 위해 노력한 경험에 대해 구체적으로 설명해주세요. (400자)
2370,3,자신의 성장과정과 학창시절에 대해 기술하여 주십시오. 700자
2371,3,"본인의 단점 중 현재까지 극복하지 못한 단점 2가지를 말하고, 극복하지 못한 이유를 기술하세요."
2372,3,문제를 발견한 계기와 문제라고 판단하신 이유를 서술하십시오. [150자 이내]
2373,3,자신이 다른사람과 구별되는 능력
2374,3,후배에게 추천해주고 싶은 책 3가지
2375,3,자신에게 있어서 직장생활의 의미를 써 주십시오(200자 미만) (187자)
2376,3,위에서 표현되지 못한 자기소개를 간단하게 적어 주십시오. (1600자 미만) (434자)
2377,3,본인이 삶을 살아가는 데에 있어 가장 중요시 여기는 가치와 그 이유를 기술해주세요.400자
2378,3,자유 양식 (영문 이력서)
2379,3,생활신조(300자)
2380,3,성격소개(300자)
2381,3,성장과정을 구체적으로 기술해주세요.(800자 16줄 이내)
2382,3,성장과정을 작성하여 주십시오. / 500자 제한
2383,3,장/단점을 작성하여 주십시오. / 500자 제한
2384,3,생활신조를 작성하여 주십시오. / 500자 제한
2385,3,인생에 있어 가장 최고의 게임과 최악의 게임을 정하고 그 게임을 정한 이유를 각각 구체적으로 기술하여 주세요(500자)
2386,3,성장과정에서 형성된 자신의 인성과 장/단점에 대하여 기술해주세요.(구체적인 상황/경험을 기술)
2387,3,성장과정 및 학교생활에 대하여. (800byte)
2388,3,사자성어로 본인만의 특별한 경력이나 경험을 기술하시오(500자 이내)
2389,3,"본인의 성장과정을 기술해 주시기 바랍니다.(1,000자) - 현재 자신에게 가장 큰 영향을 끼친 사건 포함"
2390,3,성장과정 : 성장과정을 구체적으로 기술해주세요.(800자 16줄 이내)
2391,3,"지원동기 및 포부, 성장과정, 수학내용, 본인의 가치관 및 인생관에 영향을 끼쳤던 경험, 단체 속의 일원으로 거둔 성과(동아리, 공모전 등)에 대하여 주제별로 구분하여 자유롭게 기술해 주세요. (5000byte)"
2392,3,성장과정 및 학교생활에 대하여. 800 byte
2393,3,성격의 장·단점 및 보완노력에 대하여. 800 byte
2394,3,"개인의 성장과정을 대학입학 이전인 초,중,고 학창시절을 근거로 기술해주시고 가족관계와 생활습관에 대해 간략히 소개해 주세요. 600"
2395,3,"타인이 말하는 성격과 본인이 생각하는 성격유형(외향적,내향적)에 대해 말해주시고 어떤 장점과 단점을 가지고 있습니까? 600"
2396,3,성격의 장&#8729;단점
2397,3,성장과정에서 부모 및 가족으로 부터 가장 인상적인 일이 있다면 기술하여 주십시오.
2398,3,자신의 성장과정에 대해 서술하여 주십시오 100자
2399,3,본인 성격의 장단점을 서술하여 주십시오 200자
2400,3,자신의 사회활동 및 대외활동에 대해 서술하여 주십시오 200자
2401,3,본인이 가진 열정과 역량에 대하여 글자수 (1000자)
2402,3,본인의 10년 후 계획에 대하여 글자수 (500자)
2403,3,"지원동기 및 포부, 성장과정, 수학내용, 본인의 가치관 및 인생관에 영향을 끼쳤던 경험, 단체 속의 일원으로 거둔 성과(동아리, 공모전 등)에 대하여 주제별로 구분하여 자유롭게 기술해 주세요. (7000bytes)"
2404,3,"최근 인상 깊게 읽었던 인문학 서적과 경제, 경영 관련 서적 각 1권씩을 소개하고 그 책을 선택한 이유와 책에 대한 본인의 생각을 기술해 주세요. 6000바이트"
2405,3,성장과정 / 한글 1000 자
2406,3,성격/생활신조 / 한글 1000 자
2407,3,특기분야 / 한글 1000 자
2408,3,"가족관계, 학교생활 및 성적, 취미, 특기 등의 성장과정(500자 이내)"
2409,3,자기성격의 장점과 단점(500자 이내)
2410,3,자신의 성장과정에 대해 서술하여 주십시오 [ 200자 이내 ]
2411,3,본인 성격의 장단점을 서술하여 주십시오 [ 200자 이내 ]
2412,3,"자기 자신을 진솔하게 소개하여 주시기 바랍니다. (띄어쓰기 포함 1,000자)"
2413,3,"귀하의 성장과정(가족,학창시절,사회경험 등)을 토대로 성격 및 장단점을 기술하여 주십시오 (500자 이내)"
2414,3,"본인의 인생관이나 인생의 신조는 무엇이며, 그것에 영향을 주었던 사건이나 인물은 무엇(누구)입니까? [200자 이상 400자 이내]"
2415,3,자신이 가장 소중하게 생각하는 사진을 첨부하고 이유를 설명하여 주십시오. [100자 이상 300자 이내]
2416,3,성장과정(학창시절 및 사회활동 포함) / 500 자
2417,3,성격의 장단점 및 생활신조 / 500 자
2418,3,기타사항 / 500 자
2419,3,"역사 속 인물 중 본인과 가장 비슷한 강점을 가지고 있는 인물을 선정하고, 어떤 강점이 본인과 유사하며, 그 강점이 개인과 조직의 발전에 어떻게 기여할 수 있는지 경험, 사례 등과 함께 서술해 주십시오."
2420,3,"성장과정, 성격의 장/단점, 지원동기, 관심분야 등 자신을 어필할 수 있는 내용을 기술해주세요.(1000자 이내)"
2421,3,귀하의 성장과정을 통해 본인을 소개하여 주시기 바랍니다. (1300 Bytes 이내)
2422,3,"본인의 단점 중 현재까지 극복하지 못한 단점 2가지를 말하고, 극복하지 못한 이유를 기술하세요 500"
2423,3,취미·특기(수행 빈도 및 수준을 포함하여 기술)
2424,3,자신의 장단점을 기술하세요. (1000)
2425,3,본인의 인생에 있어 중요한 의미를 지닌 사건과 그로 인해 바뀐 자신의 모습을 기재해 주세요. (최대 1000자 이내로 작성)
2426,3,"본인 삶에 대한 제목을 붙여보시고, 본인을 어필 할 수 있는 질문을 스스로에게 묻고 답하세요."
2427,3,자신의 성장과정과 학창시절에 대해 기술하여 주십시오. (700자 이내)
2428,3,본인을 이베이코리아 플랫폼(G마켓/옥션/G9) 내에서 판매되는 특정 카테고리/상품에 비유하여 자유롭게 소개하여 주십시오. * [100자 이상 600자 이내]
2429,3,"자기소개(성장과정, 성격, 장/단점) 500자"
2430,3,"자신이 성취한 것 중 자랑할 만한 것을 1,2 가지 소개해 주세요."
2431,3,자신에게 있어 판매전문가의 의미에 대해서 써 주십시오.(300자이내)
2432,3,위에서 소개 되지 못한 자기소개를 해주세요(1000자 이내)
2433,3,타인과 함께 일을 할 때 귀하가 지닌 장점과 단점에 대해 상세히 기재하여 주십시오. (300자 이내)
2434,3,State about yourself in freestyle. (max.300)
2435,3,"지원 동기 및 나의 강점(1,000자 이내)"
2436,3,자기소개 (중요사항을 중심으로 간략히 기재) 2500
2437,3,성장과정 [200자~700자]
2438,3,성격 및 장단점 [200자~700자]
2439,3,자신을 어필할 수 있는 내용 [200자~700자]
2440,3,"성장과정, 성격의 장단점 및 지원동기를 기술해 주십시오 (800자 이내 서술)"
2441,3,살아오면서 지켜온 신조나 가치관은? / 800 자
2442,3,본인 성격과 장단점은? / 800 자
2443,3,자신의 성장과정과 학창시절에 대해 기술하시오.
2444,3,성장과정을 통하여 귀하를 소개하여 주십시오.(200자 이내)
2445,3,"귀하가 견지하는 삶의 태도 또는 원칙을 소개하고, 입행 후 이루고 싶은 목표에 대해 약술하십시오.(200자 이내)"
2446,3,"본인을 나타내는 인문학 도서 속의 인물을 소개하고, 그 이유를 보여주는 경험을 약술하십시오.(200자 이내)"
2447,3,본인의 10년후 계획에 대하여(500자)
2448,3,"자기소개(강점, 약점, 성격 등)"
2449,3,성장과정 (800자 이내) 16줄 이내 781자. 14줄
2450,3,당신의 성장과정에 대해 기술하시오.* 500자
2451,3,"아래의 단어를 기준으로 당신의 성격을 점수로 표현하고, 성격의 장단점에 대해 간략히 기술하시오.* 500자"
2452,3,삶을 통해 이루고 싶은 인생의 비전 또는 목표 3가지를 우선순위 순으로 기술해 주세요. (700)
2453,3,"성격, 가치관, 성장 과정 등 본인을 진솔하게 소개해주시기 바랍니다."
2454,3,본인의 10년 후 계획에 대하여 (100자~500자)
2455,3,지원 이유 (300자 이내)
2456,3,가치관 (400자 이내)
2457,3,성장과정을 통하여 귀하를 소개하여 주십시오. 200자
2458,3,"귀하가 견지하는 삶의 태도 또는 원칙을 소개하고, 입행 후 이루고 싶은 목표에 대해 약술하십시오. 200자"
2459,3,"본인을 나타내는 인문학 도서 속의 인물을 소개하고, 그 이유를 보여주는 경험을 약술하십시오. 200자"
2460,3,자기소개서 (25Line 1250자)
2461,3,주요경력(세부전공 내용 중심으로 기술) (15line 1500byte)
2462,3,본인의 강점은 무엇이라고 생각하십니까
2463,3,본인의 성격은 어떻습니까
2464,3,"성격장단점 및 보완 노력 객관적, 소신, 거짓말, 친근함, 정직, 진실, 커뮤니케이션"
2465,3,네패스를 책 혹은 노래로 비유한다면 어떤 것일지 자유롭게 쓰시오 (장르/제목 자유) 500자
2466,3,"나의 인생관 및 인생관 형성에 가장 영향을 주었던 것(인물,사전,책,영화등)과 그것이 어떻게 영향을 주었는가?(0/1000byte 이내)"
2467,3,10년 후의 자기 모습과 그 모습을 이루기 위한 자기계발 노력(0/1000byte 이내)
2468,3,성장배경 및 성격상의 장단점(0/500byte 이내)
2469,3,본인 PR을 해 보시오(0/1000byte 이내)
2470,3,지원자께서 가지고 있는 강점을 최대 3가지 작성해주세요 (공백 제외 300자 내외)
2471,3,성장과정(구체적으로)800자
2472,3,"자신만의 내세울만한 능력은 무엇이고, 이를 통해 주변환경을 개선했던 경험이 있다면 서술해 주세요. 1000자"
2473,3,"문학, 영화, 드라마 등에 등장하는 인물 중에 본인과 닮은 인물 1명과 그 이유를 본인의 경험을 바탕으로 기술하여 주십시오."
2474,3,"자신의 성장과정 및 개인 특성, 장점 중심으로 기술해주시기 바랍니다. (1000자)"
2475,3,성장과정: 성장과정을 구체적으로 기술해주세요. 800자
2476,3,성격의 장단점현재 200 Bytes 이내
2477,3,취미·특기(수행 빈도 및 수준을 포함하여 기술) 200 Bytes 이내
2478,3,본인에 대해서 자세하게 소개해 주십시오.(성장과정/성격/강약점) (1000자)
2479,3,"본인의 인생의 Role Model은 누구이며, 그 이유와 그분을 닮기 위해 현재 어떤 노력을 하고 있는지 구체적으로 기술해 주십시오. (1000자)"
2480,3,"성장 과정 및 인생관, 개인 성격의 장·단점"
2481,3,10년 후 본인의 모습
2482,3,기타 하고 싶은 말 자유 기술
2483,3,"인생의 목표나 꿈은 무엇이며, 그 목표나 꿈을 갖게 된 이유를 구체적으로 서술해주시기 바랍니다.(800자)*"
2484,3,성장배경 및 학창생활
2485,3,"내 삶의 모토(motto)와 그 이유 (250 Bytes, 120자 이내)"
2486,3,"가족이 아닌 타인으로부터 가장 크게 영향을 받은 경험과, 그 경험으로 본인이 어떻게 변화되었는지 설명해 주십시오. (1300 Bytes, 600자 이내)"
2487,3,"자신의 성장과정(가족, 학창시절, 대인관계 등) 을 서술해 주세요."
2488,3,귀하에 대해 자유롭게 소개해보세요.
2489,3,"귀하를 표현할 수 있는 ‘사자성어’를 제시하고, 그 이유를 2줄 이내로 약술해 주세요."
2490,3,본인에 대해서 자세하게 소개해 주십시오.(성장과정/성격/강약점) [ 400자 이상 1000자 이내 ]
2491,3,"본인의 인생의 Role Model은 누구이며, 그 이유와 그분을 닮기 위해 현재 어떤 노력을 하고 있는지 구체적으로 기술해 주십시오. [ 400자 이상 1000자 이내 ]"
2492,3,"성장과정/생활신조는 1,500자 이내로 작성해 주시기 바랍니다."
2493,3,"성격소개는 1,500자 이내로 작성해 주시기 바랍니다."
2494,3,성격 장단점 보완노력
2495,3,성장과정 및 장 단점
2496,3,"[Essay 2]는 아래 사항을 자유롭게 기술 하시기 바랍니다.(3,000字이내 자유형식)/최근 화제가 되고 있는 사회 문제 중 스스로 중요하다고 생각되는 것을 한 가지 선택한 후 해당 이슈에 대한 본인의 견해를 설득력 있게 밝혀 주시기 바랍니다."
2497,3,"위 항목에서 언급한 내용 외, 남들과 차별화된 본인만의 특화된 경험을 기술하시오"
2498,3,"자기소개(2,000자) - 자신에 대해 자유롭게 소개하되, 추상적인 표현은 지양하고 구체적으로 기술할 것"
2499,3,성격의 장단점 100자
2500,3,취미 특기 (수행 빈도 및 수준을 포함하여 기술) 100자
2501,3,본인이 소중하게 생각하는 3가지 100자
2502,3,위 자기소개서 내용 외에 추가적으로 자신을 소개할 내용을 기술하시오. 500자
2503,3,자신의 삶 또는 직업에 대한 가치관/생활신조
2504,3,"본인의 삶 중에 기억에 남는 최고의 순간 및 그 의미를 설명하고, 향후 본인이 원하는 삶은 무엇인지 기술해 주십시오. (1000자)"
2505,3,성장과정 및 성격 장단점 (1200 Byte)
2506,3,생활신조/취미/특기/기타사항 (1200 Byte)
2507,3,영문 자기 소개서 (1200 Byte)
2508,3,자신의 성장과정 및 강점을 기술하여 주십시오. (1000)
2509,3,자신에 관한 PR을 자유형식으로 기술하여 주십시오.
2510,3,성장과정 및 성격의 장단점 [2000자 이내]
2511,3,특기 [2000자 이내]
2512,3,추가적으로 자신에 대해 소개할 내용을 기술해 주십시오.
2513,3,"본인의 성장과정을 간략히 기술하되 현재의 자신에게 가장 큰 영향을 끼친 사건, 인물 등을 포함하여 기술하시오 1500자"
2514,3,성장과정(자신에 대한 소개)* 400
2515,3,남과다른 특별한 능력* 400
2516,3,"지원동기 및 포부, 성장과정, 수학내용, 본인의 가치관 및 인생관에 영향을 끼쳤던 경험, 단체 속의 일원으로 거둔 성과(동아리, 공모전 등)에 대하여 주제별로 구분하여 자유롭게 기술해 주세요. 2500자"
2517,3,"신한은행의 핵심가치와 관련 있는 인문학 서적을 선택하고, 그 책을 선택한 이유와 책에 대한 본인의 생각을 기술해 주세요. 1000자"
2518,3,성장과정을 통하여 귀하를 소개하여 주십시오. (200자)
2519,3,"귀하가 견지하는 삶의 태도 또는 원칙을 소개하고, 입행 후 이루고 싶은 목표에 대해 약술하십시오. (200자)"
2520,3,"본인을 나타내는 인문학 도서 속의 인물을 소개하고, 그 이유를 보여주는 경험을 약술하십시오. (200자)"
2521,3,"성격장단점 및 보완노력, 객관적, 소신, 거짓말, 친근함, 정직, 진실, 커뮤니케이션"
2522,3,"본인의 입장에서 가장 받아들이기 어려웠던 비판을 설명하고, 그러한 입장을 상대방에게 어떻게 표현했는지에 대하여 기술해 주십시오."
2523,3,해당 조직이나 활동에서 본인이 맡았던 역할에 대해 상세히 기술해 주십시오. (400자 이내)
2524,3,지원자 본인이 자신만의 이익이 아닌 집단이나 공동체의 이익을 보다 중시하는 사람임을 가장 잘 보여주는 최근 3년 이내의 사례를 아래 세부 항목에 따라 작성해 주십시오. (800자 이내)
2525,3,이와 유사한 또 다른 경험이 있다면 간략히 기술해 주십시오. (200자 이내)
2526,3,"본인의 성장과정을 간략히 기술하되 현재의 자신에게 가장 큰 영향을 끼친 사건, 인물 등을 포함하여 기술하십시오. (1500자 이내)"
2527,3,본인의 장점을 자유롭게 서술해주세요. (500자)
2528,3,성격의 장단점 및 보완 노력
2529,3,"성장과정 및 본인의 장,단점 등 자신을 자유롭게 표현하여 소개하시오."
2530,3,자기소개 (중요사항을 중심으로 간략히 기재)
2531,3,지원자 본인이 어떤 사람인가에 대하여 자유롭게 작성하여 주십시오. 700
2532,3,성장과정 :구체적(800)
2533,3,가치관 및 성격 형성에 있어 중요한 영향을 준 가족 및 성장과정
2534,3,본인의 가치관/생활신조/성격/장점/재능을 구체적으로 작성하여 주십시오.1000
2535,3,"지원동기 및 포부, 성장과정, 수학내용, 본인의 가치관 및 인생관에 영향을 끼쳤던 경험, 단체 속의 일원으로 거둔 성과(동아리, 공모전 등)에 대하여 주제별로 구분하여 자유롭게 기술해 주세요. (5000 Bytes)"
2536,3,"성장과정, 학창시절"
2537,3,"자신의 성장과정 및 개인특성, 장점에 대해 기술해 주시기 바랍니다. (500자)"
2538,3,당신을 알고 싶습니다. 본인에 대하여 소개해 주시기 바랍니다. (1200자)
2539,3,자신의 성장 과정 및 인생에서 가장 중요시하게 생각하는 자신의 핵심가치를 기술해주십시오 [ 600자 이내 ] /600
2540,3,"본인을 잘 설명할 수 있는 슬로건이나 카피를 만들어 보고, 그 이유를 기술해주십시오 바둑, 문구를 앞에 내용을 뒤로"
2541,3,본인의 어떤점이 경신의 인재상에 부합하는지 사례에 근거하여 기술해 주시기 바랍니다. (700자 이내)
2542,3,본인의 가치관 형성 영향(1000)
2543,3,강점 및 성격의 장점
2544,3,"자신의 윤리관은 어떤 것인지와 그러한 윤리관을 가지게 된 이유, 그것을 발휘한 실제 경험사례를 구체적으로 기술하시오. [400 Bytes 이상1000 Bytes 이내 작성]"
2545,3,"<마이스토리- 아래 제시어를 자유롭게 활용하시어, 본인의 가치관과 삶의 경험을 담은 에세이를 작성하여 주세요. >"
2546,3,자신의 성장과정에 대해 간단히 기술하시오.(400자 6단락)
2547,3,자신이 가장 중요시하는 가치와 그 이유에 대해 기술하시오.(500자 8단락)
2548,3,자신의 성장과정에 대해 자세하게 기술해 주십시오. (500자)
2549,3,자신의 성격을 잘 보여줄 수 있는 사례와 함께 성격의 장단점에 대해 기술해 주십시오. (500자)
2550,3,"자신을 한 단어로 표현하고, 그 이유에 대해 기술하시오."
2551,3,자신의 성장과정과 학창시절에 대해 기술하여 주십시오.(500~700)
2552,3,자신을 대표하는 슬로건과 본인에 대해 서술하십시오.
2553,3,본인을 가장 잘 표현할 수 있는 Keyword 3가지 작성
2554,3,성장과정 및 학창시절에 대해 기술하시오
2555,3,본인이 가지고 있는 남다른 역량과 성격의 장/단점에 대해 기술하시오
2556,3,성장과정을 기술하되 본인의 가치관 형성에 영향을 미친 주요 사건 또는 경험을 중심으로 기술하시오.
2557,3,군대 주요활동사항(100자)
2558,3,"성장과정, 성격의 장/단점, 지원동기, 관심분야 등 자신을 어필할 수 있는 내용을 기술해주세요. (1000자 이내)"
2559,3,자신의 장단점을 중심으로 자기소개 하기 (400글자 이내)
2560,3,자신의 생활신조 및 직장관에 대해서(400글자 이내)
2561,3,"학교, 직장, 동호회 등 기억에 남는 경험과 이유 (400글자 이내)"
2562,3,10년 후의 자신의 모습에 대해서 (400글자 이내)
2563,3,지원동기(200자 이내)
2564,3,성격의 장/단점(250자 이내)
2565,3,자신의 강점을 표현)
2566,3,"성장과정:가족사항,학창시절,교우관계, 생활습관, 자신에게 크게 영향을 미친 사건 등을 포함하여 구체적으로 작성 0자/최대500자"
2567,3,성장과정 및 학교생활에 대하여(400자)
2568,3,성격의 장·단점 및 보완노력에 대하여.(400자)
2569,3,"자신에 대해 자유롭게 기술하여 주십시오. (성장과정, 주요경험 등)"
2570,3,"본인의 성장과정(학력사항 제외)과 가치관은 무엇인지 설명하고, 그러한 가치관을 정립하게 된 계기가 있다면 상세하게 기술해 주십시오."
2571,3,귀하의 성장 과정을 기술하시오. (30자~500자)
2572,3,지원자 본인에 대하여 자세히 소개해 주시기 바랍니다. (1200자)
2573,3,"자신의 가치관, 인생관, 진로 등에 영향을 미친 주요 사건(경험), 인물, 책 등을 소개하고, 이를 통해 본인이 배우거나 느낀 내용을 진솔하게 기술하십시오. (800자 이내)"
2574,3,"본인의 단점 중 현재까지 극복하지 못한 단점 2가지를 말하고, 극복하지 못한 이유를 기술하세요(500자)"
2575,3,"자신에 대하여 기술하시오. (성장과정, 강약점, 대인관계 등)"
2576,3,타인과 차별화 할 수 있는 경쟁력을 자신의 경험을 바탕으로 기술하시오.(한글은 한 글자에 2byte입니다.) (0/1000 bytes)
2577,3,"개인의 성장과정을 대학입학 이전인 초,중,고 학창시절을 근거로 기술해주시고 가족관계와 생활습관에 대해 간략히 소개해 주세요. [ 500자 이상 600자 이내]"
2578,3,"타인이 말하는 성격과 본인이 생각하는 성격유형(외향적,내향적)에 대해 말해주시고 어떤 장점과 단점을 가지고 있습니까? [ 500자 이상 600자 이내]"
2579,3,가장 좋아하는 과목과 그 이유에 대해 간략히 설명해 주세요. [ 100자 이상 200자 이내]
2580,3,가장 싫어하는 과목과 그 이유에 대해 간략히 설명해 주세요. [ 100자 이상 200자 이내]
2581,3,경력사항 (150자 이내로 작성하여 주십시오)
2582,3,기타사항 (150자 이내로 작성하여 주십시오)
2583,3,귀하의 평소 생활신조와 직장관은 무엇입니까? 최소 200자 / 500자 제한
2584,3,귀하를 가장 잘 표현할 수 있는 상징단어와 그 이유는 무엇입니까? 최소 200자 / 500자 제한
2585,3,근현대사 인물 중 귀하가 가장 존경하는 인물과 그 이유는 무엇입니까? 최소 200자 / 500자 제한
2586,3,자기소개 및 성장과정
2587,3,가족소개 및 성장과정 & 본인 성격의 장단점
2588,3,"나의 인생관 및 인생관 형성에 가장 영향을 주었던 것(인물,사전,책,영회등)과 그것이 어떻게 영향을 주었는가?(1000자 이내)"
2589,3,10년 후의 자기 모습과 그 모습을 이루기 위한 자기계발 노력(1000자 이내)
2590,3,성장배경 및 성격상의 장단점(500자 이내)
2591,3,본인 PR을 해 보시요(1000자 이내)
2592,3,생활신조 및 인생목표
2593,3,자신에 대한 소개를 자유롭게 기술하시오.
2594,3,자신의 성장과정에 대해 자세하게 기술해 주십시오.
2595,3,자신의 성격을 잘 보여줄 수 있는 사례와 함께 성격의 장단점에 대해 기술해 주십시오.
2596,3,"본인의 성장과정 혹은 성격을 나타내는 한 단어를 선택하고, 그 이유를 설명하시오."
2597,3,성장배경 및 생활신조
2598,3,"본인의 인생관이나 생활신조는 무엇이며, 그것에 영향을 주었던 사건이나 인물은 무엇(누구)입니까?"
2599,3,성장과정을 구체적으로 기술해주세요 (800자)
2600,3,"성장과정, 학창 시절"
2601,3,성장과정 : 성장과정을 구체적으로
2602,3,"본인의 성장과정, 장단점 및 특기를 기술해 주시기 바랍니다."
2603,3,타인과 차별화 할 수 있는 경쟁력을 자신의 경험을 바탕으로 기술하시오. (500자 이내)
2604,3,성장과정(500자)
2605,3,<성격의 장/단점 및 특기>
2606,3,추가적으로 자신에 대한 PR을 원하시면 자유롭게 서술하시오.
2607,3,"자신의 성장과정 및 개인 특성, 장점 중심으로 기술해주시기 바랍니다. (100자 ~ 1000자)"
2608,3,본인의 성장과정과 생활신조 등 자기소개
2609,3,본인을 대표할 수 있는 이력 3가지를 기술하여 주시기 바랍니다.
2610,3,본인에 대해서 자세하게 소개해 주십시오.(성장과정/성격/강약점) [400자 이상 1000자 이내]
2611,3,"본인의 인생의 Role Model은 누구이며, 그 이유와 그분을 닮기 위해 현재 어떤 노력을 하고 있는지 구체적으로 기술해 주십시오. [400자 이상 1000자 이내]"
2612,3,본인의 성격 (장단점 및 특징)
2613,3,당신의 진솔한 이야기가 궁금합니다. 주제에 구애 받지 말고 자유롭게 본인을 표현해 주세요.
2614,3,성격의 장단점 (200Bytes 이내)
2615,3,생활신조 (200Bytes 이내)
2616,3,취미/특기(수행 빈도 및 수준을 포함하여 기술) (200Bytes 이내)
2617,3,위 자기소개서 내용 외에 추가적으로 자신을 소개할 내용을 기술하시오. (1000 Bytes 이내)
2618,3,자신을 한줄로 PR해 주시기 바랍니다.
2619,3,자신의 성장과정 및 성격(강점/약점)에 대해 기술해 주시기 바랍니다. 400자
2620,3,생활신조 및 본인의 장단점(장단점은 3가지씩 기재) (1000byte)
2621,3,귀하의 성장과정을 통해 본인을 소개하여 주시기 바랍니다. (1000자 이내)
2622,3,본인에 대한 간략한 소개
2623,3,"본인 성격 장, 단점"
2624,3,자기소개(2500byte) 중요사항 중심으로 간략히 기재
2625,3,자유롭게 본인을 소개해 주시기 바랍니다.
2626,3,본인의 성장과정 및 그러한 성장과정이 본인에게 어떠한 영향을 미쳤는지에 대하여 기술해 주십시오. (30자 ~ 500자)
2627,3,본인이 생각하는 ``선한 가치관``의 정의와 이러한 선한 가치관을 실제 행동으로 옮겼던 사례에 대하여 기술해 주십시오. (30자 ~ 9999자)
2628,3,귀하의 성장과정을 토대로 성격 및 장단점을 서술해 주십시오. (500자 이내)
2629,3,"귀하의 가치관 또는 인생관은 무엇이며, 이를 지키기 위하여 노력한 과정 혹은 현재 노력하고 있는 점에 대하여 서술해 주십시오. (500자 이내)"
2630,3,성장과정을 구체적으로 기술해주세요. (800자)
2631,3,성장과정 (자신에 대한 소개)
2632,3,생활신조 및 장래포부
2633,3,타인과 차별되는 자신만의 강점 및 역량을 작성해 주세요. 300자
2634,3,자신을 한 단어로 표현 그 이유 설명 (1000자)
2635,3,본 양식 범위 내에서 자유롭게 작성 할 것
2636,3,성장과정 [100자 이상 600자 이내]
2637,3,자신의 성장과정(학창시절 포함) 중 가장 기억에 남는 일화를 기술하여 주십시오. 700자 이내
2638,3,본인의 장단점 및 단점 극복을 위한 노력
2639,3,"본인의 성장과정, 생활신조, 재능, 강점/ 약점"
2640,3,성장과정 : 성장과정을 구체적으로 기술해 주세요 (800자)
2641,3,"자유롭게 작성하되 경력사항, 자신만의 경쟁력, 입사후 포부 등이 포함되도록 작성함.(3,500자 이내)"
2642,3,다른 사람이 생각하는 본인의 장점이나 단점 중 하나를 기술하고 그 이유와 그에 대한 본인의 생각을 쓰시오. (1200byte 이내)
2643,3,귀하의 인생관/직업관을 기술하여 주십시오. (한글 400자 이내)
2644,3,귀하의 교내 외 활동사항 및 주요경력을 기술하여 주십시오. (한글 400자 이내)
2645,3,성장과정 및 학창시절 500
2646,3,"성격의 장단점, 500"
2647,3,성장과정(자신에 대한 소개) 400자
2648,3,남과 다른 특별한 능력 400자
2649,3,본인의 단점 중 지금까지 극복하짐 못한 단점을 말하고 극복하지 못한 이유를 작성해 주십시오.(2000자)
2650,3,본인이 생각하는 행복이란 무엇인지 기술하고 가족을 제외한 타인의 행복을 위해 노력했던 점을 작성해 주십시오.(2000자)
2651,3,목표하는 삶은 무엇이며 그것을 위해 어떤 노력을 해왔는지 자신의 인생 스토리를 소개해 주십시오. (1000자)
2652,3,목표하는 삶은 무엇이며 그것을 위해 어떤 노력을 해왔는지 자신의 인생 스토리를 소개해 주십시오. 글자수 자/1000자 이내
2653,3,자기소개서 (자유 양식)
2654,3,자신을 한 마디로 표현해 소개를 부탁합니다.
2655,3,자신의 성격에서 가장 큰 장점은 무엇이라고 생각하시나요?
2656,3,"그렇다면, 성격의 단점이라고 생각하시는 것은 무엇인가요?"
2657,3,성장과정을 간략히 기술하시오.
2658,3,본인이 생각하는 본인의 성격 및 장단점에 대해서 기술하시오.
2659,3,"본인의 경쟁력을 000이라고 정의하고, 그 이유와 자랑할 만한 사례에 대해 설명"
2660,3,본인의 성격은 어떻습니까?
2661,3,당신의 성장과정에 대해 기술하시오. 전 항목 1000bytes 이내
2662,3,포부(10년후모습)
2663,3,"본인의 단점 중 현재까지 극복하지 못한 단점 2가지를 말하고, 극복하지 못한 이유를 기술하세요. (500자 이내로 작성해 주세요.)"
2664,3,목표하는 삶은 무엇이며 그것을 위해 어떤 노력을 해왔는지 자신의 인생 스토리를 소개해 주십시오. 1000자
2665,3,성장과정 및 지원동기를 각각 구분하여 자유롭게 기술해 주십시오. [한글 800자 이내 및 18라인 이내로 작성]
2666,3,"다음 단어 중 본인을 가장 잘 표현하는 한 단어를 선택하고, 그 이유에 대하여 경험위주로 구체적으로 기술해 주십시오. [한글 600자 이내 및 16라인 이내로 작성]"
2667,3,"새마을금고중앙회를 지원한 동기를 자신의 성장배경 (가족, 가치관, 학창시절)과 장단점을 포함하여 기술하십시오."
2668,3,생활신조 및 성장과정 750 자
2669,3,기타사항 750 자
2670,3,기타 경험 및 특기사항
2671,3,자기 자신을 진솔하게 소개하여 주시기 바랍니다.
2672,3,"주변에서 ‘마니아’라고 불릴 정도로 ‘몰입’해본 분야를 소개해 주세요. (띄어쓰기 포함 1,000자)"
2673,3,성장 과정 : 성장과정을 구체적으로 기술해주세요.
2674,3,자기소개 *중요사항 중심으로 간략히 [/2500]
2675,3,"성장과정 및 학창시절(봉사활동, 연수, 여행경험)에 대해서 기술해 주십시오. (500자)"
2676,3,자기소개 - 2000자>
2677,3,성장배경 (200자)
2678,3,학창시절 (200자)
2679,3,경험사항 (500자)
2680,3,나의 별명[브랜드]과 이유는 무엇입니까?
2681,3,＂부모님＂하면 떠오르는 생각과 ＂나의 가족＂ 이야기를 들려 주십시오.
2682,3,"자유양식: 위 작성한 내용 외, 작성하고 싶은 내용을 본인이 스스로 항목을 만들어 기술하시오."
2683,3,"다음 단어 중 본인을 가장 잘 표현하는 한 단어를 선택하고, 그 이유에 대하여 경험위주로 구체적으로 기술해 주십시오. [정직, 성실, 협력, 창의, 전문성, 도전, 열정]"
2684,3,"자신의 성격의 장, 단점 및 단점을 고치기 위하여 어떠한 준비와 노력을 하였는지 기술해 주십시오."
2685,3,타인과 차별되는 자신만의 강점 및 역량을 작성해 주세요. (300자)
2686,3,성장과정 및 학교생활에 대하여. [800 byte]
2687,3,성격의 장/단점 및 보완노력에 대하여. [800 byte]
2688,3,"학교생활, 성장환경, 생활태도"
2689,3,"특기/취미, 장래포부"
2690,3,"성격 장,단점과 생활신조"
2691,3,"지원동기 / 중요사항을 중심으로 간략히 기재 (15줄이내, 1500byte)"
2692,3,자유양식 (자기소개)
2693,3,성장과정 및 장단점
2694,3,자기소개 및 성격의 장단점
2695,3,성장과정과 학창시절 (30 ~ 300)
2696,3,본인 성격의 장단점 및 생활신조 (30 ~ 300)
2697,3,"성장과정 : 성장과정을 구체적으로 기술해주세요. (800자, 16줄 이내) (글로벌 역량, 패션에 대한 관심)"
2698,3,성장과정을 통하여 귀하를 소개하여 주십시오. ( 100자 이상 400자 이내 )
2699,3,귀하가 생각하는 본인의 장점과 단점은 무엇입니까? 그리고 그 단점을 극복하기 위해 어떤 노력을 하고 계십니까?
2700,3,부가적으로 자신에 대해 소개할 내용이 있다면 간단하게 서술해 주십시오.
2701,3,기타 이력사항이 있다면 간단하게 기술해 주십시오.
2702,3,성장과정/취미와 특기
2703,3,자신에 대한 소개를 본교의 교시인 성.신.의와 연결하여 기술
2704,3,본인의 성장과정과 학창시절에 대해 자유롭게 기술하여 주십시오. [/1000]
2705,3,성장과정 : 큰 영향을 끼친 사건/인물을 포함하여 작성 (1500자 이내) (
2706,3,본인에 대해서 자세하게 소개해 주십시오.
2707,3,"본인의 인생의 Role Model은 누구이며, 그 이유와 그분을 닮기 위해 현재 어떤 노력을 하고 있는지 구체적으로 기술해 주십시오."
2708,3,"나의 소개 (성장과정, 학교생활, 생활신조 등) 1200Byte"
2709,3,성격의 장/단점 및 보완노력에 대하여. (800byte)
2710,3,"후배에게 추천하고 싶은 책 3권을 중요한 순서대로 적어 주십시오. (책제목,저자,이유)"
2711,3,자신을 어필할 수 있는 내용을 자유로 기술하세요
2712,3,경험기술서[ 100자 이상 600자 이내 ]
2713,3,"본인의 삶 중에 기억에 남는 최고의 순간 및 그 의미를 설명하고, 향후 본인이 원하는 삶은 무엇인지 기술해 주십시오. (최대 1000 자 이내로 작성)"
2714,3,자신의 생활신조 및 가치관 [1000 Bytes 이내]
2715,3,자신성격의 장단점 [1000 Bytes 이내]
2716,3,하고 싶은 이야기 [1000 Bytes 이내]
2717,3,자신’에 대해 서술하십시오.
2718,3,현재/향후 자기계발을 위한 노력 및 본인이 성장하고자 하는 방향에 대해 서술하십시오.
2719,3,본인의 성장배경 및 위에 기술한 내용 외에 첨부하고자 하는 내용이 있으시면 기술하여 주시기 바랍니다
2720,3,자기주도 (600자)
2721,3,조화와 협력 600자
2722,3,성실성 (600자)
2723,3,"본인을 가장 잘 표현할 수 있는 Keyword 3가지(성장환경, 학교생활, 사회활동 경험)를 작성 하시오. (1200자)"
2724,3,"신성통상/에이션패션의 강점은 무엇이라고 생각하며, 본인이 이에 기여할 수 있는 바를 작성 하시오. (1200자)"
2725,3,성장과정 (500자 이내)
2726,3,성격의 장단점 (500자 이내)
2727,3,성격의 장단점 및 보완노력
2728,3,당신의 성장과정에 대해 기술하시오. (1000바이트)
2729,3,"아래의 단어를 기준으로 당신의 성격을 점수로 표현하고, 성격의 장단점에 대해 간략히 기술하시오. (1000바이트)"
2730,3,"위의 항목에서 미처 보여주지 못한 당신의 숨겨진 강점이 있다면, 받고 싶은 질문과 그에 대한 답을 아래 자유양식을 활용하여 작성해 주시기 바랍니다. 아래 항목은 선택항목이므로 이미 당신의 강점을 충분히 보여주셨다면 작성하지 않으셔도 무방합니다."
2731,3,성격의 장단점 (500자)
2732,3,생활신조 및 성장환경에 대해 기슬해 주십시오.
2733,3,다른 사람에게는 없는 자기만의 독특한 개성 또는 특기사항이 있는 경우
2734,3,성장과정 및 학교생활에 대하여. (800 byte)
2735,3,성격의 장·단점 및 보완노력에 대하여. (800 byte)
2736,3,"본인이 생각하는 리더십의 정의는 무엇이며, 이에 비추었을 때 자신의 강/약점을 기술해 주시기 바랍니다. (200자 이상, 500자 이하)"
2737,3,성장과정 (800)
2738,3,자기 소개서를 2000byte 이내로 작성해 주세요.
2739,3,귀하의 특별한 장점 과 단점은 어떤 것이 있는지 서술하여 주십시오
2740,3,"자신의 성격, 장단점에 대해 기술"
2741,3,자신에 대해 자유롭게 기술하여 주십시오. (2000자)
2742,3,성장과정 (자신에 대한 소개) (400자)
2743,3,남과 다른 특별한 능력 (400자)
2744,3,자신의 성격 및 장단점
2745,3,"""자신""에 대해 서술하시오. (600자 이내)"
2746,3,귀하의 하루 중 가장 의미 있는 시간을 약술하십시오. [200자]
2747,3,타인에게 추천하고 싶은 본인만의 경험과 그 이유를 기술하십시오. [600자]
2748,3,본인의 성장과정 및 대학생활
2749,3,자신의 성격을 포함하여 일상생활 중 다른 사람이 자신에 대해 오해하는 점 1～2가지 기재
2750,3,자신을 표현하는 단어 세가지 기재
2751,3,1. 인성 및 성격의 장단점
2752,3,"본인의 성격, 가치관, 성장배경을 중심으로 자기소개를 작성하세요."
2753,3,사자성어로 본인만의 특별한 경력이나 경험을 기술하시오. (500자 이내)
2754,3,성격의 장&#8226;단점 및 보완노력에 대하여
2755,3,자신의 역량과 강점
2756,3,성격의 장&#8226;단점 및 보완노력에 대하여.
2757,3,자료글을 읽고 ‘마지막 전언’ 즉 인생을 담아 표현한 묘비명을 이해합니다. 묘비명을 미리 써보는 것은 현재를 더욱 치열하게 살아가는 이들의 습관이기도 합니다. 자신의 묘비명에 무엇을 새기겠습니까. 그 이유와 그 계기를 설명해 보세요.
2758,3,성장과정 및 학교생활에 대하여 (800바이트)
2759,3,성격의 장 단점 및 보완노력에 대하여 (800바이트)
2760,3,"자신에 대해 자유롭게 기술하시오 (성장과정, 주요경험 등) (500자)"
2761,3,자신이 앞으로 원하는 삶은 어떤 삶입니까? (500자)
2762,3,입사 후 10년이 지난 시점의 당신의 모습은 어떤 모습일지 구체적으로 기술하여 주십시오. (500자 이내)
2763,3,자기 자신에 대해 자유롭게 표현하시오.
2764,3,"본인의 성장과정을 간략히 기술하되 현재의 자신에게 가장 큰 영향을 끼친 사건, 인물 등을 포함하여 기술하시기 바랍니다(*작품속 가상인물도 가능)(1500)"
2765,3,"본인을 한 단어로 표현한다면? 그리고, 그 이유는 무엇입니까 (400자)"
2766,3,학교생활(500자)
2767,3,성격 장단점 (500자)
2768,3,취미활동 및 특기(500자)
2769,3,"1. 자기소개 (성장과정, 성격, 장/단점 등)"
2770,3,"My Story. 자신의 성장과정 및 개인특성, 장점에 대해 기술해 주시기 바랍니다. (500자)"
2771,3,대인관계(400자)
2772,3,학생시절/사회생활(500자)
2773,3,본인의 장점과 단점 및 단점 보완을 위해 노력한 점 [300자 이내]
2774,3,[장점 및 단점] 지원자께서 생각하는 본인의 장점 및 단점이 잘 드러나도록 관련경험을 적어주시기 바랍니다. (1000자)
2775,3,디스플레이 및 지원 직무 관련된 이력을 간결하게 나열해주시기 바랍니다. (100 ~ 500자)
2776,3,본인에 대하여 소개해 주시기 바랍니다.
2777,3,성장과정 및 주요활동 경험 (800자)
2778,3,자신의 특기 및 장단점 (800자)
2779,3,성장과정 및 성격의 장&#8226;단점
2780,3,기존경력에 대한 소개
2781,3,성장과정 및 가치관 등을 포함하여 본인에 대해 간략히 소개해 주십시오.
2782,3,마지막으로 꼭 하고 싶은 말을 자유로이 서술하세요.
2783,3,"본인이 살면서 가치관을 형성하는데 가장 큰 영향을 끼친 경험이 무엇이며, 그 경험을 통하여 배운 점과 이후의 삶에 영향을 미친 구체적인 사례를 기술하여 주시기 바랍니다. 자기소개서 작성 가이드 글자수 (100자 ~ 1000자)"
