rank,cluster_id,question
1,0,우리 회사에 지원하는 이유와 해당 직무에 지원하는 이유에 대해 각각 서술하여 주십시오.
2,0,"당사에 입사지원하신 이유와 지원한 분야를 희망하는 이유, 그리고 면접관이 꼭 알아주셨으면 하는 점을 기재해 주세요."
3,0,현대오토에버의 해당 직무에 지원한 이유와 앞으로 현대오토에버에서 키워 나갈 커리어 계획을 작성해 주시기 바랍니다.
4,0,당사 지원 동기와 입사 후 포부를 기술하여 주십시오.
5,0,본인이 회사를 선택하는 기준을 바탕으로 우리 회사를 선택한 이유를 작성해 주세요.
6,0,본인이 지원한 직무에서 입사 후 어떠한 업무를 하고 싶은지 작성해 주세요.
7,0,지원 동기 및 회사에서 이루고 싶은 꿈을 기술하시오.
8,0,"새마을금고에 지원한 동기와 새마을금고가 지원자를 채용해야 하는 이유를 본인의 역량, 강점, 경험 등 사례를 들어 작성해 주십시오"
9,0,동양생명에 지원하게 된 동기와 본인의 강점을 기술해 주십시오. (800자 이내)
10,0,KT 및 해당 직무에 지원한 동기와 KT 입사 후 해당 직무의 전문가로 성장하기 위해 어떠한 노력을 할지 구체적으로 기술해 주십시오. (최대 500자 입력 가능)
11,0,삼성카드를 지원한 이유와 입사 후 회사에서 이루고 싶은 꿈을 기술하십시오. 700자 이내 (영문 작성 시 1400자)
12,0,[지원동기] 인천교통공사 청년인턴으로 지원하게 된 동기에 대하여 기술해 주십시오.
13,0,"회사와 직업을 선택하는 본인만의 기준 2가지를 적고, 그 이유와 함께 한국은행에 지원한 동기를 기술하시오."
14,0,시공사를 선택하게 된 배경과 계룡건설에 입사하기 위해 노력한 점을 기술해 주세요. (1500바이트 이내)
15,0,우리 공단 체험형 인턴에 지원하게 된 동기 및 공단 근무를 통해 성장시켜나가고 싶은 역량이 무엇인지 서술하여 주십시오.
16,0,콜마그룹의 콜마비앤에이치에 지원을 결심하시게 된 동기나 배경은 무엇인가요?
17,0,E1이라는 회사와 지원한 직무를 선택한 이유를 설명해 주세요.
18,0,"직장을 선택하는 본인만의 기준을 적고, 그 이유와 함께 SGI서울보증에 지원한 동기를 기술하여 주시기 바랍니다."
19,0,마켓컬리 지원 동기 및 본인의 경력 목표에 대해 기술하시오.
20,0,kt ds 및 해당 직무에 지원한 동기와 입사 후 해당 직무의 전문가로 성장하기 위해 어떠한 노력을 할지 구체적으로 기술해 주십시오.
21,0,"본인의 가치관(또는 인생관)을 간단히 소개하고, 이와 관련하여 한국증권금융에 지원하게 된 동기를 서술하시오. 465 / 500 자"
22,0,삼성전자를 지원한 이유와 입사 후 회사에서 이루고 싶은 꿈을 기술하십시오.
23,0,LG CNS에 지원한 동기와 입사 이후 꿈꾸는 것은 무엇인가요?
24,0,"LG CNS에 입사한다면, 어떤 조직이나 분야에서 근무하고 싶나요?"
25,0,"귀하가 한국동서발전에 지원하게 된 계기를 아래 (가), (나)의 내용에 맞춰 기술해 주시기 바랍니다. (가) 당사의 인재상과 본인이 얼마나 부합하는지를 기술 (나) 당사가 추진하는 주요 사업 중 가장 관심이 있는 분야와 본인이 어떤 부분에서 기여할 수 있을지를 구체적으로 기술"
26,0,"""LG전자""에 대한 지원 동기에 대하여 구체적으로 기술하여 주십시오."
27,0,본인이 지원한 직무관련 향후 계획에 대하여 -본인이 지원한 직무와 관련된 본인의 향후 미래 계획에 대해 구체적으로 기술해 주시기 바랍니다.
28,0,영업 직무에 도전하는 이유와 한샘 SC 직무에 지원한 동기를 작성해 주세요.
29,0,한샘 입사 후 3년 내 이루고 싶은 목표를 작성해 주세요.
30,0,삼성전자를 지원한 이유와 입사 후 회사에서 이루고 싶은 꿈을 기술하십시오. (700자 (영문 작성 시 1400자) 이내)
31,0,일룸 직영적 영업전문직에 지원하게 된 동기 및 입사 후 목표에 대해 기술하여 주십시오. (700자 이내)
32,0,당사에 지원한 동기와 입사 후 회사에서 이루고 싶은 꿈을 기술해 주십시오. 700자
33,0,AJ에 지원하게 된 계기와 동기를 설명하고 지원한 직무를 성공적으로 수행할 수 있다고 생각하는 이유를 서술하여 주십시오. [300~800자 이내]
34,0,"향후 AJ 에서 어떤 구성원이 될 것이며, AJ 에서 이루고자 하는 목표를 구체적으로 서술하여 주십시오. [300~800자 이내]"
35,0,오리온에 지원한 사유와 회사에서 이루고 싶은 목표에 대해서 구체적으로 기술해 주시기 바랍니다.
36,0,직업 선택할 때 가장 중요하게 생각하는 기준은 무엇이며 근로복지공단을 지원한 동기와 결부시켜 기술해 주십시오. (500자)
37,0,"생명보험이란 무엇이라고 생각하는 지와 교보생명에 지원한 동기에 대하여 작성하여 주십시오. (1,000자)"
38,0,회사를 선택함에 있어 가장 중요하게 생각하는 기준과 그 기준을 바탕으로 세방(주)에 지원한 동기를 기술해주세요.
39,0,"당사에서 추진해야 할 사업방향에 대해 제안하고, 이에 기여할 수 있는 지원자님의 강점에 대해 기술해주세요."
40,0,입사 후 회사생활의 목표와 그 목표를 추구하는 이유를 기술해주세요.
41,0,"본인이 선택한 직무를 담당하고 싶은 이유, 적합성 등에 대해 자유롭게 설명해 보십시오."
42,0,SIMPAC을 선택한 이유와 입사 후 회사에서 이루고 싶은 꿈을 기술하십시오.
43,0,"우리 공사에 지원한 동기를 기술하고, 지원자의 직장 선택 기준 및 공사가 해당 기준에 어떻게 부합하는지에 대해 작성하여 주십시오."
44,0,자신에게 있어서 직장생활의 의미를 써 주십시오. (500자)
45,0,지원동기를 구체적으로 적어 주십시오. (500자)
46,0,(지원동기) 왜 디캠프 입사 지원을 결심하셨나요? (최대 500자 입력가능)
47,0,(입사 후 포부) 디캠프에 입사하면 무엇을 하고 싶으세요? (최대 500자 입력가능)
48,0,하나투어에 지원한 이유는 무엇인가요? 지원자가 생각하는 하나투어의 강점과 지원 직무를 수행하고 싶은 이유를 포함하여 구체적으로 설명해주세요. (800자)
49,0,자신이 현대로템 및 지원 직무에 적합한 인재라고 생각하는 이유에 대해 말씀해 주세요.
50,0,"[신입]의 경우 '입사 후 본인이 보유한 경험 활용 계획과 포부'를, [경력]의 경우 '입사 후 본인이 보유한 경력사항 활용 계획'을 작성해 주세요."
51,0,지원동기 및 향후 포부
52,0,"우리 회사에 지원하게 된 동기는 무엇이며, 입사 후 어떻게 성장해 나갈 것인지 기술하십시오."
53,0,"본인의 목표, 준비과정"
54,0,지원동기 및 입사포부
55,0,직무에 지원한 이유
56,0,지원직무에 대한 자신의 목표와 구체적인 실행계획을 기술하여 주십시오. 지원 직무에 대한 목표와 해당 목표를 설정한 이유와 설정한 목표를 이루기 위한 현실적이며 구체적인 계획에 대해 기술하여 주십시오.
57,0,지원동기 및 입사 후 포부
58,0,유니드에 지원하게 된 동기에 대해 기술하시오.
59,0,해당 직무에 지원하신 이유를 작성해주세요. [500자 내외]
60,0,나의 KOLON (회사 및 직무 지원 동기)
61,0,SPC GFS 입사후 경력 비전과 개발계획을기술하여 주십시오.(최대 500자 입력가능)
62,0,"동화에 관심을 갖고 지원한 동기를 설명하고, 지원직무를 맡아 어떻게 성장하고 싶은지 작성해주시기 바랍니다."
63,0,금호타이어에 지원한 동기와 금호타이어가 본인을 선발해야 하는 이유를 설명해주세요.
64,0,지원직무에 대한 지원 동기와 해당 직무를 위해 어떤 준비를 해왔는지 소개해주세요.
65,0,입사 후 성취하고 싶은 목표와 이를 달성하기 위한 실행계획을 기술해주세요.
66,0,본인이 지원하는 직무에 적합하다고 생각하는 이유를 구체적으로 서술하여 주시기 바랍니다.
67,0,지원하는 회사와 분야(직무)에 대한 지원동기를 자유롭게 기술하세요.
68,0,포스코 생산기술직에 지원하게 된 동기와 입사 후 달성하고자 하는 목표에 대해 기입해 주십시오.
69,0,지원한 동기를 기술하시오. (500자 내외)
70,0,재단 입사 후 달성하고자 하는 성과를 기술하시오. (500자 내외)
71,0,우리은행에 지원하게 된 동기와 입행 후 이루고 싶은 목표를 구체적으로 작성해 주세요
72,0,강원랜드에 지원한 동기와 희망 지원 분야를 선택한 이유를 입사 후 이루고자 하는 목표 및 포부와 함께 구체적으로 작성해 주십시오.
73,0,지원동기 및 장래계획
74,0,"본인이 생각하는 건설근로자공제회의 역할과 책임은 무엇인지 기술하고, 직원이 되었을 때 본인이 어떻게 기여할 수 있는지 지원동기와 입사 후 목표를 중심으로 기술해 주십시오. (500자 이내)"
75,0,SGI서울보증에 지원한 동기와 입사 후 달성하고자 하는 목표에 대하여 기술하여 주시기 바랍니다.
76,0,한국장학재단에 입사 지원을 해야겠다고 결심하게 된 계기는 무엇인지 구체적으로 기술해 주십시오.
77,0,공사 입사 후 본인이 희망하는 업무와 그 업무를 어떻게 수행할 것인지에 대해 공사 인재상과 연계하여 구체적으로 기술해 주십시오.
78,0,지원 분야를 선택한 이유에 대하여 기술해 주십시오
79,0,[지원동기] 서울주택도시공사에 지원하게 된 동기는 무엇인지 기술해 주십시오. ① 다른 기관이 아닌 서울주택도시공사/해당직무를 지원한 이유는 무엇입니까? ② 귀하의 강점이나 역량 중에서 어떤 것이 향후 서울주택도시공사 발전에 기여할 수 있다고 생각하십니까?
80,0,한국마사회에 입사 후 가장 수행하고 싶은 일을 이유와 함께 기술하고 이 일을 통해 주변으로부터 어떤 평가를 받는 직원이 되고 싶은지 기술하여 주십시오.
81,0,지원동기 : 지원동기를 구체적으로 기술해 주세요.
82,0,입사 후 포부 : 입사 후 10년 동안의 회사 생활 시나리오와 그것을 추구하는 이유를 기술해 주세요.
83,0,한국원자력연구원 입원 이후 이루고자 하는 자기성장 및 연구원에 대한 기여 목표가 무엇인지 기술하고 이러한 목표를 이루기 위해 어떠한 노력을 기울일 것인지 기술하십시오.?(최대 600자 입력가능)
84,0,입사 후 아성다이소 내에서 이루고 싶은 최종목표는 무엇입니까? 그리고 목표달성을 위한 실천계획을 구체적으로 설명해 주시기 바랍니다. (800자 이내)
85,0,지원동기와 지원직무에 적합하다고 생각하는 이유
86,0,"[지원동기/성장] 본인이 회사를 선택할 때의 기준은 무엇이며, 왜 당사가 그 기준에 적합한가요? 그리고 5년 후의 본인은 어떤 모습일지 구체적으로 그려보세요."
87,0,공사 입사 후 본인의 비전과 목표는 무엇이며 그것을 이루기 위한 자신만의 계획에 대하여 구체적으로 기술하시오.
88,0,이랜드이츠 지원동기를 구체적으로 적어 주십시오.
89,0,자신에게 있어 직장생활의 의미를 적어주십시오.
90,0,자신에게 있어서 직장생활의 의미를 써주십시오.
91,0,지원동기를 구체적으로 적어 주십시오.
92,0,"해당 직무에 지원한 동기와 해당 직무에 본인이 적합한 이유 및 근거를 본인의 경험, 전공 등과 연계하여 서술하여 주십시오(600자)"
93,0,넥센타이어에 지원하게 된 이유와 준비과정을 서술해주세요. 500자
94,0,넥센타이어에 입사한다면 이루고자 하는 목표를 서술해주세요. 500자
95,0,"지원 회사가 현재 하고 있는 사업영역에서 어떠한 성장 비전을 가질 수 있는 지, 또는 새롭게 진출해야 할 사업분야가 있다면 어떠한 분야인지에 대한 지원자의 의견을 서술해 주십시오. (600자)"
96,0,지원 직무를 희망하게 된 동기를 구체적으로 서술해 주십시오.
97,0,지원동기를 구체적으로 기술해주세요
98,0,해당회사 및 직무에 지원하는 동기에 대해 기술해 주시기 바랍니다.
99,0,당사에 지원하게 된 동기와 입사 후 본인의 포부를 구체적으로 작성하십시오.
100,0,"에스엘에서 일하고 싶은 구체적인 분야(직무)를 제시하고, 해당 직무에 관심을 가지게 된 계기와 이를 잘 수행할 수 있다고 생각하는 이유를 구체적으로 서술해 주십시오 (1000자)"
101,0,삼성전자에 지원한 이유와 입사 후 회사에서 이루고 싶은 꿈을 기술하십시오(700자)
102,0,KG동부제철 지원동기를 구체적으로 기술하여 주십시오(600자)
103,0,입사 후 인턴 근무에 대한 계획과 KG동부제철에서의 성장 목표를 기술하여 주십시오(600자)
104,0,"귀하가 한국동서발전에 지원하게된 계기를 아래 (가), (나)의 내용에 맞춰 기술해 주시기 바랍니다. (가) 당사의 인재상과 본인이 얼마나 부합하는지를 기술 (나) 당사가 추진하는 주요 사업 중 가장 관심이 있는 분야와 본인이 어떤 부분에서 기여할 수 있을지를 구체적으로 기술"
105,0,우리 재단 인턴으로 지원하게 된 가장 큰 동기와 인턴기간 동안 이루고자하는 목표가 무엇인지 기술하시오.
106,0,"해당 직무에 지원한 동기는 무엇이며 본인이 직무에 적합하다고 생각하는 이유를 작성해 주십시오. (1,000자)"
107,0,"컴투스홀딩스, 그리고 해당 직무에 지원한 동기에 대해 작성해 주세요."
108,0,현대오토에버의 해당 직무에 지원한 이유와 앞으로 현대오토에버에서 키워 나갈 커리어 계획을 작성해주시기 바랍니다.
109,0,㈜한화/글로벌에 지원한 이유와 본인의 꿈(성장목표)에 대해 작성해 주세요. (1000자)
110,0,"지원자님이 생각하시는 와디즈는 어떤 회사인가요? 왜 와디즈에서 함께 하고 싶은 마음이 드셨나요? * - 1,000자 이내로 작성해주세요."
111,0,게임산업에 관심을 가지게 된 계기와 넷마블에 지원하게 된 동기를 구체적으로 서술하여 주십시오.
112,0,증권업에 지원한 이유와 그 중 신한투자증권에 지원한 이유를 기술하시오
113,0,"여러분이 선택한 계열사 및 직무에 대한 지원 동기는 무엇인가요? ① CJ CGV가 아니면 안되는 이유, ② 지원 직무에 관심 갖게 된 계기는 무엇인지 본인의 경험에 근거하여 작성해 주세요."
114,0,세메스를 지원한 이유와 입사 후 회사에서 이루고 싶은 꿈을 기술하십시오(700자)
115,0,지원동기 및 입사 후 목표를 설명해 주세요
116,0,[2022 네오플 공개채용_NEXT STAGE] 본인에 대해 자유롭게 기술해주세요.
117,0,삼성전자를 지원한 이유와 입사 후 회사에서 이루고 싶은 꿈을 기술하십시오(700자)
118,0,삼성엔지니어링을 지원한 이유와 입사 후 회사에서 이루고 싶은 꿈을 기술하십시오. [700자 이내 (영문작성 시 1400자)]
119,0,"본인의 성장환경, 성격의 장/단점 등 자신에 대한 간단한 소개와 입사 지원을 하게 된 동기에 대해 작성하시기 바랍니다."
120,0,"당사가 지원자를 채용해야 하는 이유는 무엇인지, 그리고 입사 후 본인의 경험/지식/능력을 어떻게 발휘할 것인지에 대해 작성하시기 바랍니다."
121,0,셀트리온헬스케어 지원동기 및 당사의 일원으로서 이루고 싶은 목표를 서술해주십시오. (500자 이상 1000자 이내)
122,0,우리 원 체험형 청년인턴에 지원한 동기와 인턴 기간 동안 이루고자 하는 목표는 무엇인지 구체적으로 서술해 주십시오. * [500자 이내]
123,0,금호건설에 지원한 동기는 무엇이며 합격 후 어떤 업무에 도전해보고 싶으신가요?
124,0,"캠코에 지원하게 된 동기와 희망직무 및 포부에 대해 기술해 주시기 바랍니다. 1) 캠코에 지원하게 된 동기와 캠코가 귀하를 채용해야 하는 이유 에 대해 기술해 주시기 바랍니다. * 캠코 인재상 : 포용하고 존중하는 인재, 미래에 도전하는 인재, 전문성을 갖춘 인재(300자 이상 ~ 500자 이내)"
125,0,"캠코에 입사 후 희망하는 직무는 무엇이며, 해당 직무를 수행함에 있어 어떻게 기여할 계획인지 기술해 주시기 바랍니다. (300자 이상 ~ 500자 이내)"
126,0,지원하는 회사와 분야(직무)에 대한 지원동기를 자유롭게 기술 하세요.
127,0,"LINE에서 왜 자신을 채용해야 하는지, 자신의 경쟁력에 대해 구체적으로 적어 주세요."
128,0,지원동기와 지원직무에 적합하다고 생각하는 이유를 설명해주세요
129,0,입사 후 포부를 설명해주세요
130,0,지원 동기(특히 해외근무 가능한지에 대한 서술)
131,0,공사 입사 후 본인의 비전과 목표는 무엇이며 그것을 이루기 위한 자신만의 계획에 대하여 구체적으로 기술하시오
132,0,kt cs 에 지원한 동기와 kt cs에 입사 후 이루고 싶은 중장기적 목표를 기술해 주십시오
133,0,"1. 직장을 선택할 때 중요하게 생각하는 가치/기준을 설명하고, 항공산업 중에서도 특히 대한항공에 지원하게 된 사유와 입사 후 포부에 대해 기술해 주십 시오."
134,0,해당 직무에 지원하신 이유를 작성해주세요
135,0,해당하는 직무를 지원하게 된 동기와 해당 직무를 통해 이루고 싶은 비전을 구체적으로 기재하여 주십시오
136,0,한국에너지정보문화재단에 지원하게 된 동기와 지원한 분야의 업무를 왜 하고 싶은지와 그동안 기울인 노력을 기술하여 주시기 바랍니다.
137,0,금융투자협회에 지원한 동기와 협회의 업무 중 희망하는 업무 및 성취하고자 하는 목표를 서술하시기 바랍니다.
138,0,지원 동기와 지원 직무에 적합하다고 생각하는 이유가 무엇인지 기술해주세요.
139,0,KT 및 해당 직무에 지원한 동기와 KT 입사 후 해당 직무의 전문가로 성장하기 위해 어떠한 노력을 할 지 구체적으로 기술해 주십시오. (최대 500자 입력가능)
140,0,"(자유양식) 지원 동기, 직무 관련 경험"
141,0,IBK캐피탈에 지원한 동기와 IBK캐피탈에서 이루고 싶은 본인의 목표에 대해 기술하시오.
142,0,본인이 지원한 직무와 관련된 본인의 향후 미래 계획에 대해 구체적으로 기술해주시기 바랍니다.(500자)
143,0,1. 지원 분야를 선택한 이유에 대하여 기술해 주십시오. (600자)
144,0,지원동기 및 입사 후 포부 2500자 이내
145,0,LG CNS에 지원한 동기와 입사 이후 꿈꾸는 것은 무엇인가요
146,0,"본인이 직업을 선택할 때 우선적으로 고려하는 부분은 무엇이고, 그 이유를 기업은행에 지원한 동기와 연결 지어 설명하여 주십시오"
147,0,해당 공고 및 세부 수행직무를 희망하는 이유와 본인이 적합하다고 판단할 수 있는 이유 및 근거를 제시해 주십시오.(1000자)
148,0,[지원동기 및 입사 후 포부]
149,0,유영제약 및 직무에 지원하게 된 동기
150,0,1. 서울대학교병원에 지원하게 된 동기 및 입사 후 실천하고자 하는 목표를 자신의 역량과 결부시켜 기술하여 주세요. (900byte 이내)
151,0,본인이 이 직무에 적합하다고 생각하는 이유에 대하여 기재하여 주시기 바랍니다.* [100자 이상 700자 이내]
152,0,당사에 지원하신 동기와 입사 포부에 대하여 기재하여 주시기 바랍니다.* [100자 이상 500자 이내]
153,0,'JYP'에 관심을 가지게 된 계기와 해당 직무에 지원하신 이유를 작성하시기 바랍니다. (1000자 이내)
154,0,LG전자에 대한 지원 동기
155,0,MBN에서 어떤 인재로 성장하고 싶은지 자유롭게 서술해 주세요. (100자 이상 - 500자 이내)
156,0,"DL이앤씨와 지원 직무에 본인이 선발되어야 하는 이유를 자유 형식으로 기재해 주세요 (최대 1,500자 입력가능)"
157,0,우리 재단에 지원 동기를 자기소개와 함께 작성해주세요.
158,0,"S-OIL에 지원한 이유와, 자신의 특성/장점이 회사 및 회사 생활을 하는데 있어 어떻게 기여할 수 있는지 작성해 주세요. (최대 500자 입력가능)"
159,0,"1. 우리 공사에 지원한 동기를 기술하고, 지원자의 직장 선택 기준 및 공사가 해당 기준에 어떻게 부합하는지에 대해 작성하여 주십시오."
160,0,"지원분야/직무에 대한 지원 동기와, 해당 분야/직무를 위해 어떤 준비를 해왔는지 소개해주세요. 700자"
161,0,LG화학에서 이루고 싶은 나만의 꿈과 비전을 소개해주세요. 500자
162,0,"1. 본인이 지원한 직무의 지원동기와 입사 후 어떻게 성장하고 싶은지 작성해주십시오. [직무에 관심을 가지가 된 계기, 향후 성장목표 및 보완점 등]"
163,0,"본인이 회사를 선택하는 기준은 무엇이며, 케이아이엔엑스의 어떤 점이 부합하여 지원하였는지 기술해주십시오."
164,0,본인이 회사를 선택할 때 기준은 무엇이며 왜 캐치(진학사)가 그 기준에 적합한지 서술해주세요.
165,0,해당 공고 및 세부 수행직무를 희망하는 이유와 본인이 적합하다고 판단할 수 있는 이유 및 근거를 제시해 주십시오.
166,0,지원 동기 및 입사 후 포부에 대해 작성하세요.
167,0,지원분야 지원 동기 / 성장 과정 (학창 시절 등) - 지원 동기 및 입사 후 하고 싶은 직무 중심으로 간략하게 기술하여 주시기 바랍니다.
168,0,지원 직무를 희망하게 된 동기를 구체적으로 서술해 주십시오. (600자)
169,0,기아에 지원하게 된 동기와 기아의 일원으로서 이루고 싶은 목표를 서술해 주십시오.
170,0,"본인이 선택한 직무를 담당하고 싶은 이유, 적합성 등에 대해 자유롭게 설명해 보십시오. (200-800자)"
171,0,SIMPAC을 선택한 이유와 입사 후 회사에서 이루고 싶은 꿈을 기술하십시오. (200-800자)
172,0,다양한 산업군 중 (1)본인의 진로를 F&B 산업으로 선택한 이유와 그중 특히 (2)CJ푸드빌에 지원한 동기에 대해 구체적으로 작성해 주세요.
173,0,1. 회사를 선택하는 기준과 농심에 지원한 이유에 대해 기술해 주십시오. * 한글 800자 이내 및 18라인 이내로 작성
174,0,Why LG Energy Solution LG에너지솔루션 및 모집분야에 지원한 동기를 구체적으로 소개해주세요.
175,0,나는 왜 쌍용C&E를 선택하는가(지원동기)
176,0,"HMM에서 어떤 인재로 성장하고 싶은지 서술해주세요. (최대 1,000자 입력가능)"
177,0,1. 스마트로 및 해당 직무에 지원한 동기와 스마트로에 입사 후 해당 직무의 전문가로 성장하기 위해 어떠한 노력을 할지 구체적으로 기술해 주십시오.
178,0,1. 신용보증기금 청년인턴에 지원하게 된 동기와 인턴생활을 통해 얻거나 배우고자 하는 점을 기술하여 주십시오. (400자 이상 600자 이내)
179,0,코나아이 지원 동기에 대해 기술해 주세요.
180,0,[2-2] 지원한 분야는 어떤 일을 한다고 생각하는가?
181,0,"[3] 당신의 인생계획(Life Plan)에서 꿈은 무엇이고, 그 꿈을 이루기 위해 회사가 어떻게 도움을 줄 수 있는지 서술하시오."
182,0,LS엠트론 및 해당 직무에 지원하게 된 동기에 대하여 기술해 주시기 바랍니다.
183,0,1. 현대오토에버의 해당 직무에 지원한 이유와 앞으로 현대오토에버에서 키워 나갈 커리어 계획을 작성해주시기 바랍니다.
184,0,4. 입사 후 각오 및 장래 포부
185,0,1. 지원 분야에 관심을 갖게 된 동기와 이를 위해 노력한 사항을 기술하시오. (100자 이상 500자 이내)
186,0,8. 자신에게 있어서 직장생활의 의미를 써주십시오. (500자)
187,0,9. 지원동기를 구체적으로 적어 주십시오. (500자)
188,0,지원동기를 기술하세요
189,0,2. 지원동기 및 포부
190,0,해당 채용분야에 지원하신 이유와 그 분야에서 어떻게 코스콤에 기여할 수 있는지 기술하여 주십시오.
191,0,우리은행에 지원하게 된 동기와 입행 후 이루고 싶은 목표를 구체적으로 작성해 주세요.
192,0,"SK가스를 지원하게 된 이유와 본인의 커리어 목표를 구체적으로 설명하여 주시기 바랍니다. (최소 100자, 최대 2,000자 입력가능"
193,0,"* 본인 및 가족의 신상이 특정될 수 있는 사항의 기재를 금지하며, 미준수 시 불이익을 받을 수 있으니 유의하시기 바랍니다. SGI서울보증에 지원한 동기와 입사 후 달성하고자 하는 목표에 대하여 기술하여 주시기 바랍니다."
194,0,당사에 지원하는 이유와 당사가 귀하를 선택해야 하는 이유에 대하여 구체적으로 기술해주십시오.
195,0,해당회사 및 직무에 지원하는 동기에 대해 기술해 주시기 바랍니다
196,0,LG에너지솔루션 및 모집분야에 지원한 동기를 구체적으로 소개해주세요. -많은 회사/모집분야 중 LG에너지솔루션의 해당 모집분야를 선택하신 이유를 구체적으로 기술해주세요.
197,0,지원동기와 입사 후 커리어 목표를 구체적으로 기술해주세요.
198,0,"1. 코오롱글로벌에 지원한 동기는 무엇이며, 희망하는 직무의 역량을 키우기 위해 어떤 노력을 하였는지 기술하여 주십시오. ("
199,0,"3. 코오롱글로벌이 인턴사원에게 기대하는 역량은 무엇이라고 생각하며, 인턴기간 동안의 목표를 구체적으로 기술하여 주십시오."
200,0,당사에 지원한 동기와 해당직무를 선택한 이유는 무엇입니까? 입사후 당신의 포부는 무엇입니까?
201,0,BGF로지스에 지원하는 동기와 입사하기 위해 그 동안 준비한 것이 무엇인지 기술하시오.
202,0,"코레일유통에 지원하겠다고 결심하게 된 이유는 무엇이며, 입사 후 주변으로부터 어떤 평가를 받는 직원이 되고 싶은지 작성해 주십시오."
203,0,GS글로벌에 지원한 이유를 포함하여 자기 자신을 자유롭게 소개해 주십시오.
204,0,지원동기 및 입사 후 포부*필수입력사항
205,0,롯데글로벌로지스를 지원한 이유와 입사를 목표로 노력한 경험에 대해 구체적으로 서술해 주세요.
206,0,지원한 직무에서 하고 싶은 일과 커리어 목표에 대해 구체적으로 기술해 주세요.
207,0,이화 및 희망직무를 지원한 동기와 입사 후 회사에서 이루고 싶은 꿈을 서술하여 주시기 바랍니다.
208,0,본인 소개와 코웨이 입사 지원 이유에 대해서 서술해 주시기 바랍니다. (최대 800자 입력가능)
209,0,지원동기 1000자
210,0,입사 후 포부에 대해 작성하시오.*
211,0,한국원자력의학원에 지원하게 된 동기 및 입사 후 포부를 기술하여 주십시오. (조직이해능력)
212,0,1. 금호건설에 지원한 동기는 무엇이며 합격 후 어떤 업무에 도전해보고 싶으신가요?
213,0,OCI와 해당직무에 지원하는 이유를 기술해주시기 바랍니다.
214,0,특별히 뷰웍스를 선택한 이유와 입사 후 포부에 대해 기술해주십시오.
215,0,본인이 다니고 싶은 회사와 동료들은 어떤 모습인지 기술해주십시오.
216,0,매일유업에서의 10년 후 자신의 모습을 지원 동기를 포함하여 구체적으로 작성해 주시기 바랍니다.
217,0,Q.1. 지원동기 및 입사 후 포부를 서술하시오
218,0,"본인이 생각하는 BGF로지스는 어떤 기업인지 한 단어로 설명하고, BGF로지스에 지원하는 동기는 무엇인지 기술해 주십시오."
219,0,'LG이노텍'을 선택하신 이유를 구체적으로 기술해주십시오.
220,0,"입사 후 이루고 싶은 성과나 꿈은 무엇이며, 이것이 자신의 삶에서 어떤 의미가 있는지에 대해 기술하시오."
221,0,지원직무를 선택한 이유를 설명하십시오.
222,0,오뚜기에 지원한 이유와 입사 후 회사에서 이루고 싶은 꿈을 설명하십시오.
223,0,"강원도시가스의 어떤 부분에 대해 관심을 가지고 지원하게 되었으며, 입사 후 어떻게 기여하고 싶나?"
224,0,당사에 지원한 이유와 입사를 위해 어떤 노력을 하였는지 구체적으로 기술하시오
225,0,HK이노엔에 지원한 동기와 본인이 MR직무를 잘 수행할 수 있다고 생각하는 이유에 대하여 말씀해 주세요.
226,0,"HK이노엔 입사 3년 후, 5년 후 본인의 모습을 계획하고, 이를 성공적으로 달성하기 위해 노력하고 있는바를 말씀해 주세요."
227,0,"1. CJ제일제당과 해당 직무에 지원한 동기는 무엇인가요? 1) CJ제일제당이어야만 하는 이유, 2) BIO사업부문이어야만 하는 이유, 3) 지원 직무에 관심을 갖게 된 게기 및 입사 후 성장 목표 (1,000자 이내)"
228,0,삼성전자를 지원한 이유와 입사 후 회사에서 이루고 싶은 꿈을 기술하십시오. (영문작성 시 1400자) 이내
229,0,지원동기 및 포부 (500자이내)
230,0,1. NE능률에 지원한 이유와 입사 후 지원한 분야에서 실천하고자 하는 목표를 기술해 주세요.
231,0,한국경영자총협회에 지원하게 된 동기에 대해 서술하십시오.
232,0,커피빈코리아를 선택한 이유와 입사 후 이루고 싶은 목표를 서술하여 주십시오.
233,0,"회사에서 이루고 싶은 목표가 있다면 무엇이며, 그 목표를 달성하기 위한 나만의 실천방안은 무엇인지 구체적으로 기술해 주세요."
234,0,유한양행에서 이루고 싶은 꿈과 본인의 계획을 기술하시기 바랍니다.
235,0,1. 지금 당장 이 회사의 대표가 된다고 하면 무엇을 해보고 싶으신가요? (800자 이하)
236,0,취업을 하고자 하는 이유를 적어주세요.
237,0,지원한 직무와 삶의 목표가 어떤 연관성이 있는지 적어주세요.
238,0,"CJ제일제당과 해당 직무에 지원한 동기는 무엇인가요? ① CJ제일제당이어야만 하는 이유, ② BIO사업부문이어야만 하는 이유 ③ 지원 직무에 관심을 갖게 된 계기 및 입사 후 성장 목표 (1,000자 이내)"
239,0,삼성SDI를 지원한 이유와 입사 후 회사에서 이루고 싶은 꿈을 기술하십시오.
240,0,지원동기를 구체적으로 적어주세요
241,0,자신에 있어서 직장생활의 의미를 적어주세요
242,0,대원제약과 해당 직무에 지원한 동기에 대해 기술하여 주십시오.
243,0,오스템임플란트에 입사 지원한 동기/이유를 설명해 주세요.
244,0,입사 후 지원 분야에 본인이 기여할 수 있는 방안에 대해 설명해 주세요.
245,0,"기관 내 사업 중 어떠한 사업을 수행하고 싶으며, 성공적인 사업수행을 위해 필요한 것을 포함하여 본인에 대한 소개를 자유롭게 기술해주시기 바랍니다."
246,0,"지원동기와 입사를 위해 본인이 어떠한 노력을 했는지 기술하고, 한국NSK에 입사하여 이루고 싶은 목표를 구체적으로 기술해 주십시오."
247,0,담당했던 업무와 이직을 고려하는 사유에 대하여 기술해 주십시오. (경력사원의 경우에만 작성바랍니다.)
248,0,삼양그룹에 입사지원하게 된 동기는 무엇인지 기술해주십시오.
249,0,입사 후 10년 내 이루고자 하는 목표(비전)와 이를 달성하기 위한 계획 2가지를 기재해 주십시오.
250,0,"지원한 직무에 관심을 갖게 된 계기 및 이 직무를 성공적으로 수행할 수 있다고 생각하는 이유, 지금까지 해온 노력, 성과 등을 작성해 주시기 바랍니다."
251,0,"본인의 인생계획(Life Plan)에서 이루고 싶은 장기적인 커리어 목표는 무엇인지, 그리고 그 목표를 이루기 위한 10년간의 계획을 작성해 주시기 바랍니다."
252,0,구체적인 지원 직무와 해당 직무를 지원한 동기에 대해서 기재하여 주시기 바랍니다. (500~700자)
253,0,입사 후 회사에서 이루고 싶은 목표나 꿈을 기재하여 주시기 바랍니다. (500~700자)
254,0,"금융투자업에 관심을 갖게된 계기를 쓰고, 그 중에서도 우리회사에 지원하게 된 동기를 기술하십시오."
255,0,우리 회사에 입사하여 어떤 경로로 성장하고 싶은지와 그 포부를 기술하십시오.
256,0,동부건설에 지원한 동기와 입사 후 포부를 기술해주십시오.
257,0,한양대학교병원에 지원한 동기를 서술해주십시오.
258,0,자신에게 있어 직장생활의 의미는 무엇입니까?
259,0,삼성디스플레이를 지원한 이유와 입사 후 회사에서 이루고 싶은 꿈을 기술하십시오.
260,0,우리 공단 채용에 지원한 동기와 공단 인재상 중 본인과 가장 가깝다고 생각하는 한 가지 유형을 선택해 그 이유를 작성하여 주십시오.
261,0,"지원분야/직무에 대한 지원 동기와, 해당 분야/직무를 위해 어떤 준비를 해왔는지 소개해주세요."
262,0,LG화학에서 이루고 싶은 나만의 꿈과 비전을 소개해주세요.
263,0,삼성웰스토리를 지원한 이유와 입사 후 회사에서 이루고 싶은 꿈을 기술하십시오. (700자(영문작성 시 1400자) 이내)
264,0,당사 보험심사직에 지원한 동기와 입사 후 회사에서 이루고 싶은 꿈을 기술하십시오.
265,0,"1. 여러분이 선택한 계열사 및 직무에 대한 지원동기는 무엇인가요? ① 선택한 계열사가 아니면 안되는 이유, ② 직무에 관심갖게 된 계기, ③ 본인이 직무를 잘 수행할 수 있는 이유를 반드시 포함하여 구체적으로 작성해 주세요."
266,0,지원동기 : 지원동기를 구체적으로 기술해주세요.
267,0,입사 후 포부 : 입사 후 회사생활 시나리오와 그것을 추구하는 이유를 기술해주세요.
268,0,JW에 입사하고자 하는 이유는 무엇이고 입사 후 기대하는 본인의 역할에 대해 작성해 주세요
269,0,"조합에 지원하게 된 동기와, 조합에서 이루고 싶은 지원자의 목표를 귀하가 보유한 핵심역량과 결부시켜 기술하시오."
270,0,지원직무를 위해 어떤 준비를 했는지 설명하십시오.
271,0,해당 직무에 지원하게 된 동기와 이 직무를 수행하기 위한 본인만의 강점에 대해 구체적 사례를 들어 설명해주십시오. 또한 이를 바탕으로 입사 후 실현하고자 하는 커리어 목표에 대해서도 함께 작성해주시기 바랍니다. (1000자)
272,0,UMC에 관심을 가지게 된 계기와 본인이 직무를 잘 수행할 수 있는 이유를 작성해 주세요. (필수
273,0,유니클로에 지원한 이유와 달성하고자 하는 꿈 또는 최종 목표가 무엇이고 그 이유가 무엇인지 작성해 주세요. (필수
274,0,"My Competency - 지원분야/직무에 대한 지원 동기와, 해당 분야/직무를 위해 어떤 준비를 해왔는지 소개해주세요. (700자 이내)"
275,0,My Vision - LG화학에서 이루고 싶은 나만의 꿈과 비전을 소개해주세요. (500자 이내)
276,0,"본인이 회사를 선택하는 기준은 무엇이며, 방송문화진흥회가 그 기준에 왜 부합하는지, 입사 후 계획에 대하여 기술 해주시기 바랍니다."
277,0,지원동기 및 입사 후 포부를 서술하시오. (500)
278,0,지원동기 및 입사후포부를 말씀해 주세요.
279,0,부산교통공사에 지원한 동기와 본인의 직업관에 대해 기술하시오.(350~500자)
280,0,당사에 지원하게 된 동기 및 당사의 일원으로서 이루고 싶은 목표를 서술해주십시오.
281,0,롯데알미늄에 지원하게 된 동기를 기술해 주세요.
282,0,DL건설에 지원한 동기와 자신이 지원 직무를 잘 할 수 있는 근거를 구체적으로 작성해주세요.
283,0,Why LG Energy Solution : LG에너지솔루션 및 모집분야에 지원한 동기를 구체적으로 소개해주세요. - 많은 회사/모집분야 중 LG에너지솔루션의 해당 모집분야를 선택하신 이유를 구체적으로 기술해주세요.
284,0,지원동기 및 입사 후 포부를 기술하시오.
285,0,지원동기 및 입사후 포부
286,0,당사에 지원한 이유와 입사를 위해 어떤 노력을 하였는지 구체적으로 기술하시오. (1000자)
287,0,지원동기 및 총무 지원 이유
288,0,"필수 여러분이 선택한 계열사 및 직무에 대한 지원동기는 무엇인가요? ① 선택한 계열사가 아니면 안되는 이유, ② 직무에 관심갖게 된 계기, ③ 본인이 직무를 잘 수행할 수 있는 이유를 반드시 포함하여 구체적으로 작성해 주세요. (1,000자 이내)"
289,0,"입사 후 이루고 싶은 목표는 무엇이며, 목표를 이루기 위하여 어떠한 준비와 노력이 필요하다고 생각하는지 기술하여 주세요. (1,000자 이내)"
290,0,에스피네이처에 입사를 지원한 동기 및 귀하가 지원한 직무에 적합하다고 생각하는 이유를 서술하시오.
291,0,입사 후 포부를 서술하시오.
292,0,당사에 지원하게 된 동기를 자유롭게 기술 바랍니다.
293,0,입사 후의 계획 및 포부를 자유롭게 기술바랍니다.
294,0,NH농협은행 지원 동기를 설명해주시고 입행 후 지원 분야의 전문가로서 성장 목표를 자세히 기술해 주세요.
295,0,지원동기 및 입사후 포부를 포함하여 자기소개를 기술해주세요.
296,0,지원동기와 본인이 생각하는 아세아시멘트의 비전
297,0,자신이 생각하는 직업의 의미와 담당하고 싶은 업무분야
298,0,여러분이 CJ ENM과 해당 직무에 지원한 이유는 무엇인가요? ①CJ ENM과 해당 직무에 관심을 갖게 된 계기와 ②입사 후 성장비전을 반드시 포함하여 작성해주세요. (700자 이내)
299,0,삼성전자를 지원한 이유와 입사 후 회사에서 이루고 싶은 꿈을 기술하십시오
300,0,교보증권에 지원한 동기와 입사를 위해 어떠한 노력을 하였는지 구체적으로 기술하십시오.
301,0,당사에 본인이 기여할 부분과 입사 후 포부를 구체적으로 작성해 주십시오
302,0,본 직무에 지원한 이유와 해당 직무에 본인이 적합하다고 판단하는 근거를 기술하여 주십시오. (최대 800자)최소 400자.
303,0,지원 동기 및 입사 후 실천하고자 하는 목표를 본인의 장점 및 단점과 연계하여 기술해주시기 바랍니다. (500자 내외)
304,0,지원 동기 및 향후 포부
305,0,앞으로 본인이 이루고 싶은 목표와 꿈에 대해 서술하시오.
306,0,본인이 지원한 직무관련 향후 계획에 대하여
307,0,대우조선해양에 지원한 이유를 작성 해 주세요.
308,0,희망직무와 본인의 적합성에 대해 작성 해 주세요.
309,0,"회사를 선택할 때, 지원자님만의 기준이 있나요? 현대글로비스가 그 기준에 적합한가요? (500자)"
310,0,"지원하신 부문과 관련하여 당사에서 추진해야 할 방향에 대해 제안하고, 이에 기여할 수 있는 지원자님의 강점을 작성해주세요. (800자)"
311,0,지원동기와 지원직무에 적합하다고 생각하는 이유를 설명해주세요.
312,0,입사 후 포부를 설명해주세요.
313,0,"우리 회사에 지원하게 된 동기는 무엇이며, 입사 후 어떻게 성장해 나갈 것인지 기술하십시오"
314,0,"지원동기 및 지원하신 직무를 잘 수행할 수 있는 이유, 직무 또는 연구분야에 대한 본인의 강점과 성과, 입사 후 자신의 경력목표 등에 대해 자유롭게 기술해 주시기 바랍니다. (최소 500자)"
315,0,본인이 지원한 직무 관련 향후 계획에 대하여 본인이 지원한 직무와 관련된 본인의 향후 미래 계획에 대해 구체적으로 기술해주시기 바랍니다.
316,0,한세실업 해당 직무에 지원하게 된 이유와 선택 직무에 대해 본인이 적합하다고 판단할 수 있는 이유 및 근거를 제시하여 주십시오. (1000자)
317,0,"일 또는 직업에 대하여 본인이 생각하는 의미와 건설업, 현대건설에 지원한 이유를 기술하여 주십시오."
318,0,에스코어를 지원한 이유와 입사 후 이루고 싶은 꿈에 대해 기술하십시오.
319,0,지원동기와 성장 목표 - ㈜한화/글로벌에 지원한 이유와 본인의 꿈(성장 목표)에 대하여 작성해 주세요.
320,0,"SK 입사 후 어떤 일을 하고 싶으며, 이를 위해 본인이 무엇을 어떻게 준비해 왔는지 구체적으로 기술하십시오."
321,0,대한항공 객실승무원으로서 지원한 사유와 이를 위해 준비한 본인의 노력에 대하여 기술하시오. (600자 이내)
322,0,직무에 지원하게 된 동기는 무엇입니까?
323,0,키엔스에 입사하게 된다면 이루고 싶은 목표는 무엇이며 그것을 이루기 위한 계획은 무엇인지 기입해주십시오.
324,0,넥센타이어에 지원하게 된 이유와 준비과정은?
325,0,넥센타이어에 입사한다면 이루고자하는 목표는?
326,0,지원동기 및 앞으로의 포부에 대하여 기술하여 주십시오.
327,0,"입사 후 우리 회사에서 어떤 일들에 도전하고 싶으신가요? 3년 후에 본인 스스로에게, 또는 상사나 선후배 동료들에게 어떤 사람으로 인식되기를 기대하시나요?"
328,0,DL이앤씨와 지원 직무에 본인이 선발되어야 하는 이유를 자유 형식으로 기재해 주세요
329,0,세메스를 지원한 이유와 입사 후 회사에서 이루고 싶은 꿈을 기술 하십시오. (최대 700자 입력가능)
330,0,My Future 본인이 지원한 직무관련 향후 계획에 대하여
331,0,한샘에 입사하는 것을 희망하게 된 이유와 회사 선택 시 중요하게 생각하는 부분을 작성해주세요.
332,0,본인을 채용해야 하는 이유
333,0,생명보험이란 무엇이라고 생각하는지와 교보생명에 지원한 동기에 대하여 작성하여 주십시오.
334,0,"본인이 직업을 선택할 때 가장 중요하게 생각하는 기준을 2가지 작성하고, 그 이유와 함께 DGB대구은행에 지원하게 된 동기와 향후 DGB대구은행과 함께 이루고자하는 인생 목표를 기술하여 주십시오."
335,0,"본인이 현재 생각하는 세아는 어떤 기업이며, 입사 후 본인이 만들고 싶은 세아는 어떤 모습인지 서술하십시오. (최대 1,000자 입력가능)"
336,0,삼성물산(패션)을 지원한 이유와 입사 후 회사에서 이루고 싶은 꿈을 기술하십시오.
337,0,철강산업에 관심을 가지게 된 계기는 무엇이며 포스코스팉리온에 지원한 동기는 무엇인지 기술하시오.
338,0,"입사 5년 후, 회사에서 내가 듣고 싶은 나의 평판은 무엇인지 보기에서 하나 선택하고 그 이유를 구체적으로 서술해주세요. (500자)"
339,0,동부건설에 지원한 동기와 입사 후 포부를 기술해주십시오. (최대 500자 입력가능)
340,0,회사를 선택하는 본인만의 기준 및 GC녹십자에 지원하는 이유 (300~500자)
341,0,"입사를 위해 어떤 노력을 하였는지, 우리 회사에 입사 후 어떻게 성장해 나갈 것인지 기술하십시오."
342,0,자신에게 있어서 직장생활의 의미를 써 주십시오.
343,0,당사에 지원한 동기 및 입사 후 성장 목표에 대해 기술하시오. (500자)
344,0,본인의 가치관 또는 좌우명이 당사의 인재상 및 비전과 어울리는 본인의 경험 및 사례를 통해 구체적으로 기술하시오. (500자)
345,0,"기관 내 사업 중 어떠한 사업을 수행하고 싶으며, 성공적인 사업수행을 위해 필요한 것을 포함하여 본인에 대한 소개를 자유롭게 기술해주시기 바랍니다. (1000자)"
346,0,조선내화 및 해당 직무에 지원하는 동기에 대하여 기술하여 주십시오.
347,0,[필수] NIT Service 입사 후 이루고 싶은 목표와 이를 달성하기 위한 구체적인 계획을 기술해 주세요.
348,0,지원동기를 구체적으로 기술해주세요.
349,0,입사 후 10년 동안의 회사생활 시나리오와 그것을 추구하는 이유를 기술해주세요.
350,0,지원직무를 선택한 이유를 설명하시오. (800자 이내)
351,0,오뚜기에 지원한 이유와 입사 후 회사에서 이루고 싶은 꿈을 설명하십시오. (800자 이내)
352,0,JW에 입사하고자 하는 이유는 무엇이고 입사 후 기대하는 본인의 역할에 대해 작성해 주세요. (최대 500자 입력가능)
353,0,희망직무와 본인에게 적합한 직무
354,0,CJ제일제당에 지원하게 된 동기와 여러 지원자들 중 본인이 `ONLYONE` 이라고 생각하는 부분은 무엇인지 작성해 주십시오. (CJ에서 ONLYONE의 의미 참조) (800자 이내)
355,0,LG화학에서 이루고 싶은 나만의 꿈과 비전을 소개해주세요. -LG화학에서 본인이 기대하는 미래의 모습과 계획을 바탕으로 기술해주시기 바랍니다.
356,0,"일 또는 직업에 대하여 본인이 생각하는 의미와 건설업, 현대건설에 지원한 이유를 기술하여 주십시오. (500자)"
357,0,지원직무를 설명하고 본인이 적합하다고 판단하는 사유를 구체적으로 기술하여 주십시오. (500자)
358,0,직장 선택에 영향을 미친 본인의 가치관과 왜 연세대학교에 지원하게 되었는지 기술하여 주시기 바랍니다. (400)
359,0,직무 수행간의 포부
360,0,입사 후 포부 (구체적 서술)
361,0,삼성메디슨을 지원한 이유와 입사 후 회사에서 이루고 싶은 꿈을 기술하십시오. (700자 이내)
362,0,"좋은 회사에 대해서 정의하시고, 그런 회사를 만들기 위해 본인이 지원 직무 구성원으로서 기여할 수 있는 부분에 대해서 작성하여 주십시오. - 본인이 생각하는 좋은 회사란? - 지원 직무 구성원으로서 역할, 기여 할 수 있는 부분 , 향후 계획 등 에 대해 작성"
363,0,지원하는 회사와 분야(직무)에 대한 지원동기를 자유롭게 기술 하세요.(50자 이상 400자 이내 입력)
364,0,SPC삼립에 지원한 동기 및 지원직무를 선택한 이유에 대하여 기술하여 주시기 바랍니다.
365,0,"SPC삼립 입사한다면 어떤 일을 하고 싶으며, 이를 위해 어떤 준비를 해 왔는지 기술하여 주시기 바랍니다."
366,0,본인의 희망과 상이한 업무를 회사가 제의한다면 어떻게 행동할지 기술해 주시기 바랍니다.
367,0,지원동기 및 입사 후 포부(10년 후 나의 모습)를 기술해 주시기 바랍니다.
368,0,한국특허전략개발원에 지원하게 된 동기와 포부에 대하여 기술해주십시오. (500자 이내)
369,0,입사 후 포부 : 입사 후 10년 동안의 회사생활 시나리오와 그것을 추구하는 이유를 기술해주세요.
370,0,동구 바이오 제약 품질관리직무에 지원한 이유와 입사 후 업무계획
371,0,지원 동기 및 입사 포부
372,0,삼성바이오로직스를 지원한 이유와 입사 후 회사에서 이루고 싶은 꿈을 기술하십시오.
373,0,조직에 소속되어 목표달성을 위해 본인이 수행했던 역할에 대해 기술하고 공항철도의 일원으로서 조직에 기여할 수 있는 바를 작성해 주십시오.
374,0,"자기PR : 위 항목들에서 작성한 내용 외에 SK매직이 지원자님을 채용하기 위해 반드시 알아야 할 것이 있다면 무엇이며, 그 이유를 기술해주세요."
375,0,입사 후 본인 비전
376,0,삼성전자를 지원한 이유와 입사 후 회사에서 이루고 싶은 꿈을 기술하십시오. - 700자 (영문작성 시 1400자) 이내
377,0,삼성전자를 지원한 이유와 입사 후 회사에서 이루고 싶은 꿈을 기술하십시오. (700자)
378,0,LG에너지솔루션 및 모집분야에 지원한 동기를 구체적으로 소개해주세요.
379,0,지원동기 및 입사후 커리어 목표
380,0,"지원자가 현재 관심 있는 산업에 대해 설명하고, 한국수출입은행에 들어와 해당 산업과 관련해 어떠한 업무를 펼치고 싶은지 서술하시오."
381,0,"지원하신 직무 분야에서 일을 하시게 된다면, 어떤 커리어를 만들어 나갈 지에 대한 계획을 서술해주시고, 이를 통해 어떤 방식으로 회사 발전에 기여할 수 있을지 설명해주십시오."
382,0,kt telecop 및 해당 직무에 지원한 동기와 kt telecop 입사 후 해당 직무의 전문가로 성장하기 위해 어떠한 노력을 할지 구체적으로 기술해 주십시오.
383,0,지원하신 직무를 본인이 잘 수행할 수 있다고 생각하는 이유와 해당 직무를 통해 이루고 싶은 비전을 기재하여 주십시오.
384,0,"SK텔레콤이 지금보다 더 성장하기 위해 필요한 것이 무엇인지, 그리고 이를 위해 지원한 직무에서 본인이 기여할 수 있는 점은 무엇인지 서술해 주십시오. (필수)"
385,0,지원동기와 입사 후 NHN 에서 자신의 미래 모습을 기술하세요.
386,0,지원한 분야는 어떤 일을 한다고 생각하는가?
387,0,"당신의 인생계획(Life Plan)에서 꿈은 무엇이고, 그 꿈을 이루기 위해 회사가 어떻게 도움을 줄 수 있는지 서술하시오."
388,0,"지원동기 및 입사 후 목표, 경력사항을 중심으로 A4 한 장 분량으로 작성하여 주시기 바랍니다."
389,0,"한국가스기술공사에서 왜 귀하를 채용해야 하는지와 입사하면 어떤 방법으로 조직에 기여할 수 있는지, 또한 한국가스기술공사에서 무엇을 성취하고 싶은지를 기술해 주십시오."
390,0,입사지원 동기와 지원 직무와 관련한 경험을 자유롭게 작성해주세요.
391,0,본인이 지원한 직무에 적합한 이유에 대하여 서술해 주시기 바랍니다.
392,0,"KBS에 지원한 구체적인 동기는 무엇입니까? 본인의 직업 및 회사 선택기준, 입사 후 목표와 연계하여 기술해주십시오."
393,0,입사 후 포부 : 입사 후 10년 동안의 회사생활 시나리오와 그것을 추구하는 이유를 기술해 주세요.
394,0,"E&S의 어떤 부분에 대해 관심을 가지고 지원하게 되었으며, 입사 후 어떻게 기여하고 싶은지 본인의 강점을 기반으로 작성해 주십시오."
395,0,지원동기 및 성장과장
396,0,대우건설(건설업)에 관심을 갖게 된 계기와 입사를 목표로 노력한 경험에 대해 구체적으로 서술해 주십시오.
397,0,지원동기 및 회사에서 이루고 싶은 꿈을 기술하시오. (100자 이상 600자 이내)
398,0,"윈스에 지원하신 동기와 입사 5년 후 본인의 목표, 그 성장계획을 구체적으로 묘사해 주시기 바랍니다."
399,0,귀하의 지원 동기 및 입사 후 포부에 대해 간단하게 기술 바랍니다.
400,0,지원동기 및 향후 계획과 포부에 대하여
401,0,지원 동기는 무엇인가요? 그리고 입사 후 회사에 어떻게 기여할 수 있는지 구체적으로 기술해주십시오.
402,0,지원동기에 대해 작성하세요
403,0,입사 후 포부에 대해 작성하시오.
404,0,본 직무에 지원하는 동기를 구체적으로 기술해 주십시오.
405,0,"동서식품에 입사지원한 동기는 무엇이며, 왜 자신을 채용해야 하는 지에 대하여 구체적으로 기술하십시오."
406,0,건설업에 관심을 가지게 된 계기와 포스코건설에 지원한 동기를 기술해 주십시오.
407,0,지원 동기와 지원 직무에 적합하다고 생각하는 이유가 무엇인지 설명하시오.
408,0,"현대홈쇼핑에서 근무하게 된다면, 어떤 커리어를 만들어 나갈지에 대한 계획을 설명하고, 이를 통해 어떻게 회사 발전에 기여할 수 있을지 설명하시오."
409,0,지원동기 및 성장과정
410,0,"키움증권에 지원한 이유는 무엇이며, 지원한 직무를 위해 어떤 준비와 노력을 했는지 기술하십시오."
411,0,당사에 지원한 동기 및 입사 후 성장 목표에 대해 기술하시오.
412,0,지원부문 관련 지원동기와 입사 후 포부를 본인의 역량과 결부 시켜 구체적으로 기술하십시오.
413,0,관심직무에 지원하게 된 동기 및 준비과정을 구체적으로 기술하여 주시기 바랍니다. (최대 700자 입력가능)
414,0,입사를 위한 준비과정 및 대내외 활동
415,0,지원동기와 입사 후 활동계획
416,0,"지원회사(백화점, 홈쇼핑, 면세점 중)에서 근무하게 된다면, 어떤 커리어를 만들어 나갈지에 대한 계획을 설명하고, 이를 통해 어떻게 회사 발전에 기여할 수 있을지 설명하시오."
417,0,본인이 금번 지원하게 된 동기 및 입사 5년 후 이루고 싶은 목표에 대해 작성해 주시기 바랍니다.
418,0,LG MMA에 지원하게 된 동기에 대해 기술하여 주시기 바랍니다.
419,0,다올투자증권에 지원하는 이유와 입사 후 이루고자 하는 단계별 목표에 대해 기술해 주세요.
420,0,지원동기와 입사 후 커리어 목표를 구체적으로 기술하시오.
421,0,당사에 지원하게 된 동기를 서술하여 주십시오.
422,0,지원하신 직무를 위해 준비해온 사항 및 본인이 해당 직무를 수행하며 당사에 어떻게 기여할 수 있는지 서술하여 주십시오.
423,0,지원 동기 및 입사 후 GRS에서 이루고 싶은 목표에 대해 서술하시오.
424,0,현대자동차에 지원한 동기와 회사 선택 시 가장 중요하게 고려하는 요인에 대해 자세히 기술하시오.
425,0,귀하가 우리 조직에 입사하였다는 상황 하에 아래의 질문에 답변을 기술하여 주십시오. - 입사 첫 1주일을 어떻게 보내시겠습니까? (400자이내) - 입사 이후에 생각하고 있는 직무에 대해 기술해 주십시오. - 우리 회사에 들어오면 갖게 되는 좋은 점과 기회에 대해 기술해 주십시오. - 위 질문과 반대로 나쁜 점과 위험 요소는 무엇이라고 생각하십니까?
426,0,"우리은행 IB 부문에 지원한 동기는 무엇이며 입행 후, 해당 부문에서 어떻게 성장하고 싶은지 본인의 계획에 대하여 기술하여 주십시오."
427,0,롯데리조트 및 지원 분야/직무에 대한 지원동기를 작성해주세요.
428,0,"국순당 지원동기는 무엇이며, 입사 10년 후 이루고자 하는 포부에 대해 기술하여 주십시오."
429,0,지원동기 및 앞으로의 포부
430,0,"[지원동기] 입사 지원 기업을 선택하는 본인의 기준은 무엇이며, 롯데월드가 그러한 기준에 어떻게 부합하는지 기술하여 주십시오."
431,0,[채용이유] 롯데월드가 귀하를 반드시 채용해야 하는 이유를 자유롭게 작성하여 주십시오.
432,0,[지원동기] 서울주택도시공사에 지원하게 된 동기는 무엇인지 기술해주십시오. 1. 다른 기관이 아닌 서울주택도시공사/해당직무를 지원한 이유는 무엇입니까? 2. 귀하의 강점이나 역량 중에서 어떤 것이 향후 서울주택도시공사 발전에 기여할 수 있다고 생각합니까?
433,0,"IBK기업은행에 지원한 이유를 설명하고, 본인이 선택한 지원분야에 자신이 가장 적합한 인재라고 생각한 이유를 기술하시오."
434,0,CJ제일제당에 지원하게 된 동기와 여러 지원자들 중 본인이 'ONLYONE' 이라고 생각하는 부분은 무엇인지 작성해 주십시오. (CJ에서 ONLYONE의 의미 참조)
435,0,GS리테일에 지원하게 된 동기를 서술하여 주십시오.
436,0,입사 후 포부에 대해서 기술하시오.
437,0,당사에 지원하게 된 이유와 입사 후 성취하고 싶은 목표에 대해 기재해 주세요.
438,0,당사 인재상 중 하나를 골라 본인의 가치관과 부합되는 면을 기재해 주세요.
439,0,한국철도에 지원하게 된 동기와 입사 후 10년 뒤 지원직무와 관련한 본인의 진로계획에 대해서 작성해 주십시오.
440,0,"팬오션에 지원한 동기는 무엇이고, 본인의 적성이 회사 및 희망직무와 어떻게 부합하는지 기술해 주세요."
441,0,지원동기는 무엇인가?
442,0,이 직업을 선택한 이유
443,0,입사 후 포부 : 입사 후 10년 동안의 회사생활 시나리오와 그것을 추구하는 이유를 기술해주세요
444,0,왜 ‘LG이노텍’을 선택하여 지원했는지와 일하고 싶은 분야 및 이유를 기술하시오.
445,0,"NC 인턴십에 지원하게 된 배경과 인턴십을 통해 경험해보고 싶은 업무, 얻고자 하는 바가 있다면 기재해 주세요. (200~500자)"
446,0,포스코엠텍에 지원한 이유와 입사후 달성하고자 하는 목표에 대해 구체적으로 기재해 주십시오.
447,0,"SK바이오사이언스 입사 후 어떤 일을 하고 싶으며, 이를 위해 본인이 무엇을 어떻게 준비해 왔는지 구체적으로 기술하십시오. (지원동기 포함)"
448,0,"본인이 회사를 선택하는 기준은 무엇이며, 신한은행을 지원한 동기와 신한은행에서 본인이 펼치고 싶은 꿈이 무엇인지 구체적으로 기술해 주세요."
449,0,금호타이어에 지원한 동기와 금호타이어가 본인을 선발해야 하는 이유를 설명해주세요
450,0,지원 직무에 대한 지원 동기와 해당 직무를 위해 어떤 준비를 해왔는지 소개해주세요
451,0,지원동기 및 입사 후 포부를 기술해 주시기 바랍니다.
452,0,현대글로비스와 지원 직무에 지원하게 된 이유를 구체적으로 설명해주세요.
453,0,가온전선에 입사 지원한 동기와 향후 5년 동안의 회사생활을 기술하여 주시기 바랍니다.
454,0,희망하는 지원분야를 선택한 이유와 본인이 기여할 수 있는 바에 대해 작성해 주세요.
455,0,사업관리 업무 담당자로서 지원자께서는 입사 후에 어떤 업무들을 수행하게 될 것으로 이해하고 있는지와 해당 업무를 성공적으로 수행하기 위해 지원자께서는 다른 사람들과 다른 어떤 노력을 어떻게 하실 것인지에 대해 기술해 주십시오. (600자 이내)
456,0,향후 재경본부 일원 으로서의 포부를 기술해주십시오.
457,0,자기소개 양식을 자유롭게 작성해주세요.(양식 및 분량 제한 없음) - 인카금융서비스에 지원하게 된 동기 및 입사 후 포부
458,0,한국미니스톱에 지원하게 된 동기와 앞으로 입사 후의 포부를 서술하세요.
459,0,일룸의 영업전문직군에 지원하게 된 동기와 입사 후의 포부를 서술하세요.
460,0,현대차증권에 지원한 동기와 입사 후 포부를 기술해 주십시오.
461,0,지원동기 : 지원동기를 구체적으로 기술해주세요. 500
462,0,입사 후 포부 : 입사 후 10년 동안의 회사생활 시나리오와 그것을 추구하는 이유를 기술해주세요. 500
463,0,해당회사 및 직무에 지원하는 동기에 대해 기술해 주십시오.
464,0,지원 동기는 무엇인가요? 그리고 입사 후 회사에 어떻게 기여할 수 있는지 구체적으로 기술해 주십시오.(1000자 내외)
465,0,"넷마블 경영기획팀원으로 채용되었을 때, 본인이 그리는 팀에서의 3년후, 10년후의 미래를 서술하여 주십시오."
466,0,현대글로비스와 지원 직무에 지원하게 된 이유를 구체적으로 설명해주세요. [500자 내외]
467,0,"지원자 본인의 커리어 목표는 무엇이며, 커리어의 시작을 IBM으로 선택한 이유에 대해 기술해주세요."
468,0,삼양그룹에 입사 지원하게 된 동기는 무엇인지 기술해주십시오.
469,0,입사 후 10년 내 이루고자 하는 목표(비전)와 이를 달성하기 위한 계획 2가지를 기재해 주 십시오.
470,0,삼성메디슨을 지원한 이유와 입사 후 회사에서 이루고 싶은 꿈을 기술하십시오.
471,0,지원 직무가 본인의 커리어에 어떤 영향을 미칠 지 본인의 생각을 자유롭게 기재해 주세요.
472,0,지원동기에 대해 작성하시오.
473,0,"국가정보원이 왜 귀하를 선발해야 하는지 기술해 주시기 바랍니다. * 본인이 생각하는 국가정보원의 역할에 대해 서술하고 입사 후 성취 목표를 포함하여 작성 ( 500자 이내 , 띄어쓰기 제외)"
474,0,지원한 분야는 어떤 일을 한다고 생각하는가? (최대 200자)
475,0,지원분야에 본인이 적합한 이유를 증명하시오. (최대 500자)
476,0,"당신의 인생계획(Life Plan)에서 꿈은 무엇이고, 그 꿈을 이루기 위해 회사가 어떻게 도움을 줄 수 있는지 서술하시오. (최대 500자)"
477,0,서연그룹에 지원하게 된 동기 및 지원하기 위해 어떠한 노력과 준비를 했는지 구체적으로 기술하여 주십시오.
478,0,LG전자 채용 계약학과에 입학 후의 연구 계획서
479,0,지원 동기 (최소 300자)
480,0,당사 지원동기와 입사 후 포부를 기술하여 주십시오.
481,0,지원동기 및 입사 후 포부를 기술하시오
482,0,입사 후 자신의 포부 (1500자 이내)
483,0,"본인이 KIST에 입원지원하게 된 동기와 지원한 분야의 업무 전문성 신장을 위해 노력하신 내용을 다음 항목에 따라 구체적으로 작성하여 주십시오. 1-1 KIST에 대하여 어떻게 알게 되셨으며, 왜 우리원 해당 직무에 지원하고자 하십니까? (300자 이내)"
484,0,(주)테스에 지원한 지원동기와 입사 후 목표를 서술하시기 바랍니다
485,0,"우리은행에 지원하게 된 동기를 희망하는 직무와 연관하여 서술하고, 이를 위해 어떤 노력을 하였는지 구체적으로 작성해 주십시오. (1600Bytes)"
486,0,소프트웨어정책연구소에 지원하게 된 동기를 기술해 주십시오. (1000자 이내)
487,0,입사 지원동기를 작성해주세요.
488,0,지원동기: 롯데마트에 지원하게 된 동기를 구체적으로 기술해주세요. (600자)
489,0,입사 후 자신이 회사 발전을 위해 기여할 수 있는 점
490,0,NAVER 인턴십에 지원하신 동기와 기대하시는 바를 말씀해주세요.
491,0,현대캐피탈을 지원하게 된 동기와 당사에서 이루고자 하는 목표를 기술해 주십시오.
492,0,"TKE에 지원하는 구체적인 이유와 TKE입사 후 5년, 10년 후 이루고 싶은 경력목표에 대해 설명하십시오."
493,0,"지원 직무와 관련한 비전 또는 목표는 무엇이며, 이를 달성하기 위하여 어떠한 노력을 할 것인지 단기적/장기적 측면에서 서술하십시오. (최소 200자, 최대 2,000자)"
494,0,전직 및 지원 동기
495,0,임용시 직무수행계획
496,0,현대자동차에 지원한 동기와 회사 선택(이직)시 가장 중요하게 고려하는 요인에 대하여 기술하시오.(500자)
497,0,"카카오뱅크에 입사를 희망하게 된 구체적인 이유는 무엇이며, 입사 후 목표를 기술해 주세요."
498,0,"애경산업의 현 상황을 고려할 때, 지원 직무에서 본인이 어떠한 기여를 할 수 있는지 기술해 주십시오."
499,0,지원동기 (최소 100자)
500,0,입사 후 포부 (최소 100자)
501,0,코오롱베니트에 지원한 동기와 우리 회사에서 이루고 싶은 목표를 적어주세요.
502,0,면접시 받고 싶은 질문과 답변이 있다면?
503,0,지원동기와 입사 후 조직의 비전 달성을 위해 어떠한 기여를 할 수 있는지 기술하여 주십시오.
504,0,"입사 후 실현하고자 하는 커리어 목표는 무엇이며, 그 목표를 달성해 나가는 데 있어 가장 중요한 가치는 무엇이라 생각하는지 설명해주십시오."
505,0,"본인의 장단점,지원동기,입사 후 각오 등에 대하여 기술하시오."
506,0,입사 후 아성다이소 내에서 이루고 싶은 최종목표는 무엇입니까? 그리고 목표달성을 위한 실천계획을 구체적으로 설명해 주시기 바랍니다.(800자 이내)
507,0,"산업연구원의 해당 모집분야에 지원한 동기는 무엇이며, 이를 통해 산업연구원에서 구현하고 싶은 비전을 기술해 주십시오."
508,0,"본인이 생각하는 한샘의 영업전문직(SC)의 정의는 무엇이며, 지원동기를 서술하세요."
509,0,현대글로비스와 해당 직무에 지원한 동기를 서술해 주세요.(제한없음)
510,0,현대글로비스에 입사 후 본인만의 포부 및 비전을 서술해 주세요.(제한없음)
511,0,"지원분야/직무에 대한 지원 동기와, 해당 분야/직무를 위해 어떤 준비를 해왔는지 소개해주세요. [생산기술/공정기술] (700자)"
512,0,LG에너지솔루션에서 이루고 싶은 나만의 꿈과 비전을 소개해주세요.
513,0,"SK바이오사이언스 입사 후 어떤 일을 하고 싶으며, 이를 위해 본인이 무엇을 어떻게 준비해 왔는지 구체적으로 기술하십시오."
514,0,롯데케미칼 산학장학생 모집에 지원한 동기를 구체적으로 기술해 주세요. 700자
515,0,"지원동기 : 본인이 회사를 선택할 때 가장 중요하게 생각하는 하는 기준이 무엇인지 작성하고, 이 기준을 바탕으로 롯데물산에 지원한 동기를 기술해주세요."
516,0,CJ제일제당에 지원하게 된 동기와 여러 지원자들 중 본인이 'ONLYONE' 이라고 생각하는 부분은 무엇인지 작성해 주십시오. (CJ에서 ONLYONE의 의미 참조) (800자 이내)
517,0,입사 후 포부 및 자기개발 계획에 대하여 자유롭게 기술하세요. (글자수 제한 없음)
518,0,지원동기/입사 후 포부
519,0,"Why LG CNS LG CNS에 지원한 동기와 입사 이후 꿈꾸는 것은 무엇인가요? Guide> *지원동기 : LG CNS에서 근무하고 싶은 이유, LG CNS를 알게 된 계기, IT 또는 컴퓨터에 관심을 가지게 된 계기 등 *꿈:입사 이후 성장하고 싶은 목표 및 비전 등"
520,0,한국산업기술시험원에 지원한 동기를 간략하게 작성하여 주십시오. /500자
521,0,부산MBC에 지원한 이유와 지원하기 위해 가장 노력한 일을 구체적으로 기술하시오. (500자 이내)
522,0,입사 후 자기 계발 계획 및 포부 (500자 이내)
523,0,JW에 입사하고자 하는 이유는 무엇이고 입사 후 기대하는 본인의 역할에 대해 작성해 주세요.
524,0,유진테크에 지원하게 된 동기를 기술하여 주세요.
525,0,우리회사와 희망직무를 선택하게 된 동기를 기술해주시기 바랍니다.
526,0,우리 원에 지원하게 된 동기와 우리 원의 비전과 핵심가치를 연계하여 입사 후 본인의 계획을 서술해 주시기 바랍니다. (500자 이내)
527,0,입사 후 포부 (400자 이내)
528,0,한국특허전략개발원에 지원하게 된 동기와포부에 대하여 기술해주십시오. (500자 이내)
529,0,"지원동기/입사 후 포부 (최소 1자, 최대 400자 입력가능)"
530,0,KT&G 입사 이후 이루고 싶은 목표에 대해 기술하여 주시기 바랍니다.
531,0,"KT&G 인재상 중 귀하가 가장 부합된다고 판단되는 인재상 하나를 제시하고, 그 이유를 구체적으로 기술하여 주시기 바랍니다."
532,0,"해당 직무에 지원한 동기는 무엇이고, 본인이 지원직무에 적합하다고 생각하는 이유를 인성적, 직무적 관점에서 기술하여 주시기 바랍니다."
533,0,LS ELECTRIC에 지원한 동기를 구체적으로 기술 바랍니다.
534,0,KCC 지원동기 및 사내에서 이루고 싶은 목표
535,0,코오롱 글로벌에 지원한 동기와 지원한 직무에 필요한 전문성을 갖추기 위하여 어떤 노력을 했는지 기술하여 주십시오.( 0 / 1500 bytes)
536,0,직무지원동기 및 적합한 이유
537,0,쌍용건설에 지원하게 된 동기와 더불어 건설업에 관심을 가지게 된 이유에 대하여 기술하여 주시기 바랍니다.
538,0,지원동기 및 포부에 대해 기술하시오
539,0,당사 지원 동기를 포함하여 자유양식으로 자기소개서를 작성하여 주시기 바랍니다. -1
540,0,한국의료기기안전정보원에 지원하게 된 동기 및 우리원에 대해 자유롭게 서술해 주십시오. 최대 800자 이하
541,0,이연제약에 최종 합격한다면 지원직무를 어떻게 수행할 계획인지 구체적으로 기재하여 주십시오.
542,0,"소니코리아와 해당 직무에 지원한 동기는 무엇인가요? ① 소니코리아이어야만 하는 이유, ② 지원 직무에 관심을 갖게 된 계기, ③ 입사 후 성장 목표를 반드시 포함하여 구체적으로 작성해 주세요"
543,0,"동서식품에 입사지원한 동기는 무엇이며, 왜 자신을 채용해야 하는지에 대하여 구체적으로 기술하십시오."
544,0,"계약학과 도전이 본인에게 어떤 의미인지 서술하고, 향후 현대자동차에서의 성장 목표 및 계획을 본 활동과 연관지어 제시해 주세요. (최소 1자, 최대 500자 입력가능)"
545,0,"계약학과 합격 후, 석사 과정에서의 학업계획을 작성해 주세요. (1000자 이상) (최소 1,000자)"
546,0,"입사 후, 직무중심 경력개발계획 및 성장경로를 기술바랍니다."
547,0,해당직무의 지원동기
548,0,입사후 포부: 광동제약을 통해 실현하고 싶은 가치
549,0,"직장으로서 지엠테크니켈센터코리아를 선택한 이유와 희망분야를 지원한 이유는 무엇인지? 그리고 지원하는 분야의 직무를 잘 수행하기 위해 어떤 준비를 했는지, 학습분야 또는 관련경험/직무 경험 중심으로 기술해 주십시오."
550,0,에이피알에 지원하게 된 동기와 본인이 생각하는 좋은 회사의 기준
551,0,입사 후 포부 및 자기개발 계획에 대하여 자유롭게 기술하세요.
552,0,코오롱인더스트리(주) FnC부문에 지원한 동기와 입사 후 회사에서 이루고 싶은 비전을 작성해 주시기 바랍니다.
553,0,"What's our next brand? 본인이 입사 후 새롭게 런칭하고 싶은 브랜드, 혹은 인수하고 싶은 브랜드와 그 이유를 작성해주시기 바랍니다."
554,0,우리 공사 지원동기 및 입사 후 포부에 대해 기술해 주십시오.
555,0,동화에 관심을 갖게 된 계기와 지원하신 이유와 지원하신 직무를 맡아 앞으로 동화에서 어떻게 성장하고 싶은지 작성해주시길 바랍니다.
556,0,현대엠엔소프트의 해당 직무에 지원한 이유와 앞으로 현대엠엔소프트에서 키워 나갈 커리어 계획을 작성해주시기 바랍니다.
557,0,"GS칼텍스에 지원한 이유와, GS칼텍스에서 이루고 싶은 자신의 Vision은 무엇입니까? (최대 500자 입력가능)"
558,0,입사지원을 하게 된 동기와 입사 후 실현하고자 하는 목표를 기술하시오.
559,0,"지원동기 및 장래계획, 입사후포부 500자"
560,0,"지원동기/이직사유, 장/단점 등을 자유롭게 기술하여 주십시오."
561,0,동아대학교의료원에 지원한 이유와 입사 후 달성하고자 하는 목표를 자신의 역량과 결부시켜 기술하세요.
562,0,GS리테일에 지원하게 된 동기를 서술하여 주십시오. (최대 500자 입력가능)
563,0,지원 동기 및 특기사항
564,0,현대오토에버의 해당 직무에 지원한 이유와/ 앞으로 현대오토에버에서 키워 나갈 커리어 계획을 작성해주시기 바랍니다. (1000자)
565,0,삼양그룹에 입사지원하게 된 동기는 무엇인지 기술해주십시오 (600자)
566,0,입사 후 10년 내 이루고자 하는 목표(비전)와 이를 달성하기 위한 계획 2가지를 기재해 주십시오. (800자)
567,0,My Future 본인이 지원한 직무관련 향후 계획에 대하여 Guide> 본인이 지원한 직무와 관련된 본인의 향후 미래 계획에 대해 구체적으로 기술해주시기 바랍니다.
568,0,'LG이노텍'과 '지원 분야'를 선택하신 이유를 구체적으로 기술해주십시오.(500자)
569,0,직업을 선택하는 기준과 내가 바라는 직장의 모습
570,0,본인이 해당직무를 지원한 동기 및 이를 위해 준비해온 과정을 기술하시오.
571,0,자신에게 있어서 직장생활의 의미를 써 주십시오
572,0,지원동기를 구체적으로 적어 주십시오
573,0,귀하의 지원 동기 및 입사 후 포부에 대해 간단하게 기술 바랍니다
574,0,"본인이 지원한 직무의 지원동기와 입사 후 어떻게 성장하고 싶은지 작성해주십시오. [직무에 관심을 가지가 된 계기, 향후 성장목표 및 보완점 등]"
575,0,한국산업기술시험원에 지원한 동기와 향후 계획을 기술해 주십시오.
576,0,"귀하가 한국동서발전㈜에 지원하게된 계기를 아래 ''가)'', ''나)''의 내용에 맞춰 기술해 주시기 바랍니다. 가) 당사의 인재상과 본인이 얼마나 부합하는지를 기술 나) 당사가 추진하는 주요 사업내용 중 가장 관심이 있는 분야와 본인이 어떤 부분에서 기여할 수 있을지를 구체적으로 기술 (500자)"
577,0,지원동기 및 포부(500자 이내)
578,0,(지원동기)서울주택도시공사에 지원하게 된 동기는 무엇인지 기술해 주십시오. [500자 이내] ① 다른 기관이 아닌 서울주택도시공사/해당직무를 지원한 이유는 무엇입니까? ② 귀하의 강점이나 역량 중에서 어떤 것이 향후 서울주택도시공사 발전에 기여할 수 있다고 생각하십니까?
579,0,휴넷에 지원하게 된 동기를 작성해주세요.
580,0,지원동기 및 포부 (500자 이내)
581,0,"회사를 선택하거나 지원할 때 본인이 가장 중요하게 생각하는 기준에 대해 작성하고, 기준을 충족하는 여러 회사 중 특히 주택도시보증공사에 지원한 이유를 기술해보십시오.(0/500자)"
582,0,"지원자가 한국중부발전 및 지원분야에 관심을 가지게 된 계기는 무엇이며, 이를 위해 그 동안 어떤 노력을 했는지 기술해 주시기 바랍니다."
583,0,"당사에 지원하게 된 동기 및 이유를 쓰고, 입사 후 당사에서 어떻게 성장해 나가고 싶은지 기술하여 주십시오."
584,0,"입사 후 어떤 일을 하고 싶은지, 이를 위해 본인이 무엇을 어떻게 준비해 왔는지 구체적으로 기술하십시오. (1000 자 10 단락 이내)"
585,0,[지원동기] 우리에프아이에스를 지원한 이유와 입사 후 회사에서 어떻게 성장해 나갈 것인지와 이를 위한 구체적인 계획(노력)에 대해서 말씀해 주세요.
586,0,[지원동기] 롯데하이마트에 지원하신 동기를 구체적으로 기술해주십시오.
587,0,[입사후포부] 입사 후 10년 동안의 회사생활 시나리오와 그것을 추구하는 이유를 기술해주십시오.
588,0,지원 동기 및 자격요건 적합성
589,0,회사를 선택하는 기준과 농심에 지원한 이유에 대해 기술해 주십시오. * 한글 800자 이내 및 18라인 이내로 작성
590,0,㈜고영테크놀러지에 지원한 동기와 향후 계획에 대해 기술하시오.
591,0,코오롱글로벌에 지원한 동기와 지원한 직무에 필요한 전문성을 갖추기 위하여 어떤 노력을 했는지 기술하여 주십시오.
592,0,5. 입사 후 3년 내에 이루고 싶은 목표가 있다면 구체적으로 서술하여 주십시오.
593,0,우리 재단 입사 지원 동기 및 지원 직무 분야의 전문성 향상을 위한 본인의 노력을 기술하여 주십시오. (600자)
594,0,입사 후 지원 직무에 대한 목표와 목표 달성을 위한 구체적인 계획을 기술하여 주십시오. (500자 이내)
595,0,도쿄일렉트론코리아에 지원하게 된 계기와 지원하신 직무에 대한 생각을 기술해주시기 바랍니다.
596,0,앞으로의 계획과 포부에 대해 기술해주시기 바랍니다.
597,0,본인의 성격에 관한 업무선택 이유
598,0,홈플러스 익스프레스에 지원하는 동기와 입사 10년 후 본인의 성장 계획을 기술하십시오.
599,0,우리은행에 지원하게 된 동기와 입행 후 희망하는 직무에 대해 구체적으로 작성해 주십시오. (1200byte)
600,0,지원동기를 구체적으로 서술해 주세요 500
601,0,입사 후 포부 : 입사 후 1년 동안 회사생활 목표 및 시나리오와 그것을 추구하는 이유를 서술해주세요. 500
602,0,"본인이 회사를 선택하는 기준은 무엇이며, 신한은행을 지원한 동기와 신한은행에서 본인이 펼치고 싶은 꿈이 무엇인지 구체적으로 기술해 주세요. (최대 1,000자 입력가능)"
603,0,지원한 분야는 어떤 일을 한다고 생각하는가?(200자)
604,0,지원분야에 본인이 적합한 이유를 증명하시오(500자)
605,0,한양대학교 병원에 지원한 본인만의 동기를 서술해 주십시오.
606,0,본인에게 이상적인 직장의 조건은 어떤 것이 있는지 솔직하게 작성해 주십시오.
607,0,"계약학과 도전이 본인에게 어떤 의미인지 서술하고, 향후 현대모비스에서의 성장 목표 및 계획을 본 활동과 연관지어 제시해 주세요."
608,0,"계약학과 합격 후, 석사 과정에서의 학업계획을 작성해 주세요. (1000자 이상)"
609,0,경기문화재단을 지원하게 된 동기를 작성해 주시기 바랍니다.
610,0,지원하신 직무에 대해 향후 어떻게 업무를 수행해 나 갈 것인지 포부를 작성해 주시기 바랍니다.
611,0,롯데제과의 해당 직무에 지원하게 된 동기를 서술해 주십시오. 500
612,0,"여러분이 CJ ENM과 해당 직무에 지원한 동기는 무엇이며, ENM이 여러분을 선발해야 하는 이유를 설명해주세요. ①CJ ENM과 해당 직무에 관심을 갖게 된 계기와 ②입사 후 성장비전을 반드시 포함하여 작성해주세요. (700자 이내)"
613,0,해당 공고 및 세부 수행직무를 희망하는 이유와 본인이 적합하다고 판단할 수 있는 이유 및 근거를 제시해 주십시오. (1000자)
614,0,"(지원 포부) 본인은 한국토지주택공사의 어떤 사업에 관심이 있으며 어떤 부분에 기여하고 싶은지, 본인의 주요직무 역량 및 강점을 기반으로 기술해 주십시오.(0 / 500 자이내)"
615,0,서강대학교에 지원하게 된 동기 및 다양한 직업군 중에서 교직원을 선택한 이유에 대해서 구체적으로 작성해 주십시오. (700자 이내)
616,0,삼양그룹에 입사지원하게 된 동기는 무엇인지 기술해주십시오. (0/600)
617,0,입사 후 10년 내 이루고자 하는 목표(비전)와 이를 달성하기 위한 계획 2가지를 기재해 주십시오. (0/800)
618,0,"[지원동기] 입사 지원 기업을 선택하는 본인의 기준은 무엇이며, 롯데월드가 그러한 기준에 어떻게 부합하는지 기술하여 주십시오. 500"
619,0,[채용이유] 롯데월드가 귀하를 반드시 채용해야 하는 이유를 자유롭게 작성하여 주십시오. 500
620,0,본인이 지원하신 직무에 대한 적합성과 지원동기에 대하여 구체적으로 기술해 주시기 바랍니다.
621,0,본인이 삼화콘덴서에 꼭 입사해야 하는 이유와 입사 후 이루고 싶은 목표에 대하여 기술해 주시기 바랍니다.
622,0,삼성생명을 지원한 이유와 입사 후 회사에서 이루고 싶은 꿈을 기술하십시오.
623,0,KB국민은행 UB부문으로 지원하게 된 계기와 귀하를 채용해야 하는 이유에 대하여 기술하십시오.
624,0,"당사에 지원한 동기는 무엇이며, 본인의 역량으로 회사에 어떻게 기여할 수 있는지 기술해 주십시오."
625,0,지원 동기 : 지원 동기를 구체적으로 기술해 주세요. 500
626,0,입사 후 포부 : 입사 후 10년 동안의 회사 생활 시나리오와 그것을 추구하는 이유를 기술해 주세요. 500
627,0,우리 공단에 입사 지원한 동기 및 입사 후 실천하고자 하는 목표를 다른 사람과 차별화 된 본인의 역량과 결부시켜 작성해 주십시오.
628,0,"일 또는 직업에 대하여 본인이 생각하는 의미와 건설업, 현대건설에 지원한 이유를 기술하여 주십시오. (300자)"
629,0,입사 첫 1주일을 어떻게 보내시겠습니까? 현재 0 Bytes / 200 Bytes 이내
630,0,입사 이후에 생각하고 있는 직무에 대해 기술해 주십시오. 현재 0 Bytes / 200 Bytes 이내
631,0,지원자께서는 어떻게 행동하셨습니까? 현재 0 Bytes / 200 Bytes 이내
632,0,한국일보/코리아타임스에 관심을 갖게 된 계기와 지원하신 이유를 작성해주시기 바랍니다.(1000자 이내)
633,0,지원하신 직무를 맡아 앞으로 어떻게 성장하고 싶은지 작성해주시기 바랍니다.(1000자 이내)
634,0,"희망하는 직무에 대해 구체적으로 기술하고, 임용 후 본인은 어떠한 기여를 할 것인지를 구체적으로 기술해 주십시오.(500자)"
635,0,지원동기 및 입사후 포부 (800자)
636,0,코오롱글로벌에 지원한 동기와 지원한 직무에 필요한 전문성을 갖추기 위하여 어떤 노력을 했는지 기술하여 주십시오. ( 0 / 1500 bytes)
637,0,부산은행에 지원한 동기는 무엇인지 기술하고 본인이 생각하는 부산은행의 역할 및 나아가야 할 방향을 부산은행의 비전과 연결하여 기술해 주십시오. (최대 600자 입력가능)
638,0,지원동기 및 입사 포부
639,0,"1) 팬오션에 지원한 동기는 무엇이고, 2) 본인의 적성이 회사 및 희망직무와 어떻게 부합하는지 기술해 주세요.(최소 200 최대 500)"
640,0,"소명의식, 국방과학연구소에 지원하게 된 동기를 작성해 주십시오."
641,0,"소명의식, 입소 후 포부 및 본인이 연구소 발전에 기여할 수 있는 부분에 대해 작성하여 주십시오."
642,0,"롯데정보통신에 지원한 동기와, 입사 후 회사에서 이루고자 하는 포부를 기술해 주세요."
643,0,"당사에 지원하게 된 동기는 무엇이며, 입사 후 포부는 어떻게 되는지에 대하여 기술하여 주시기 바랍니다. (500자 내외)"
644,0,"우리은행에 지원한 동기는 무엇이며, 지원한 부문의 직무를 수행하기 위해 본인이 하였던 노력에 대하여 자세히 기술하여 주십시오."
645,0,"귀하가 농협에 지원한 동기를 3개의 단어(키워드)를 먼저 제시하고, 이 요약된 키워드를 중심으로, 귀하의 지원동기를 구체적으로 서술하시오."
646,0,한세실업 해당 직무에 지원하게 된 이유와 선택 직무에 대해 본인이 적합하다고 판단할 수 있는 이유 및 근거를 제시하여 주십시오.
647,0,지원 동기와 지원 직무에 적합하다고 생각하는 이유가 무엇인지 설명하시오. 500
648,0,1번의 사항을 바탕으로 한전KPS에서 수행하고 싶은 직무에 대하여 기술해주시기 바랍니다.(500자)
649,0,지원동기를 구체적으로 적어 주십시오 (500자 미만)
650,0,일동제약에 지원하게 된 동기와 본인이 지원한 직무에 적합하다고 생각하는 이유를 설명해 주십시오.
651,0,본인의 인생에서 일동제약에 입사가 가지는 의미가 무엇인지 서술해 주십시오.
652,0,"본인이 회사를 선택하는 기준은 무엇이며, 삼광랩트리에 지원한 동기를 기재해 주십시오 (700자 내외)"
653,0,삼광랩트리에 입사 후 이루고 싶은 목표와 포부를 설명해 주십시오
654,0,농업정책보험금융원에 지원하게 된 동기 및 지원 분야의 직무 수행을 위해 준비해 온 과정에 대해 자유롭게 기술하십시오. (500자)
655,0,지원직무를 선택한 이유를 설명 하십시오.
656,0,오뚜기라면에 지원한 이유와 입사 후 회사에서 이루고 싶은 꿈을 설명하십시오.
657,0,"지원분야/직무에 대한 지원 동기와, 해당 분야/직무를 위해 어떤 준비를 해왔는지 소개해주세요.글자수 601 / 100자 ~ 700자"
658,0,LG화학에서 이루고 싶은 나만의 꿈과 비전을 소개해주세요.글자수 442 / 100자 ~ 500자
659,0,한샘에 지원한 이유와 입사 후 포부에 대해 말씀해주세요.
660,0,삼성취업을 선택한 이유와 입사 후 회사에서 이루고 싶은 꿈을 기술하십시오. (700자 이내)
661,0,[LX하우시스] 와 [해당 직무] 에 지원한 이유는 무엇인가요?
662,0,"좋은 회사에 대해서 정의하시고, 그런 회사를 만들기 위해 본인이 지원 직무 구성원으로서 기여할 수 있는 부분에 대해서 작성하십시오. 1) 본인이 생각하는 좋은 회사란? 2) 지원 직무 구성원으로서 역할, 기여 할 수 있는 부분 , 향후 계획 등 에 대해 작성 (500 자 10 단락 이내)"
663,0,지원 동기와 지원 직무에 적합하다고 생각하는 이유가 무엇인지 설명하시오.(500자)
664,0,"귀하가 한국동서발전㈜에 지원하게된 계기를 아래 ''가)'', ''나)''의 내용에 맞춰 기술해 주시기 바랍니다. 가) 당사의 인재상과 본인이 얼마나 부합하는지를 기술 나) 당사가 추진하는 주요 사업내용 중 가장 관심이 있는 분야와 본인이 어떤 부분에서 기여할 수 있을지를 구체적으로 기술"
665,0,"서울시농수산식품공사 체험형 청년인턴에 지원한 동기가 무엇이며, 체험형 청년인턴을 통하여 실천하고자 하는 목표를 본인의 역량과 연결시켜 서술하여 주십시오(500~1000자 이내)"
666,0,아리랑국제방송 해당직무를 지원한 동기 및 열정을 생각해 보시기 바랍니다. 해당직무를 지원하기까지 그 동안 어떠한 노력을 해 왔는지 구체적으로 작성해 주시기 바랍니다.
667,0,IBK기업은행에 지원한 동기와 인턴생활을 통해 얻고자 하는 것이 무엇인지 설명하시오. [1000바이트]
668,0,"본인이 현재 생각하는 세아는 어떤 기업이며, 입사 후 본인이 만들고 싶은 세아는 어떤 모습인지 서술하십시오."
669,0,본인이 당사에 꼭 입사해야하는 이유와 입사 후 이루고 싶은 목표에 대해 기술해 주세요.
670,0,지원동기 : 코리아세븐에 지원한 이유에 대해 설명하여 주십시오.
671,0,입사 후 포부 : 입사 후 코리아세븐에서 이루고 싶은 포부에 대해 기술하여 주십시오.
672,0,현대엠엔소프트에 지원한 이유가 무엇인가요?
673,0,삼성SDS를 지원한 이유와 입사 후 회사에서 이루고 싶은 꿈을 기술하십시오.
674,0,㈜코미코 '회사 및 직무에 대한 지원 동기'와 '해당 직무에 대한 경험'이 있는지 구체적으로 설명해주시기 바랍니다.
675,0,지원 동기 : 지원 동기를 구체적으로 기술해 주세요.
676,0,입사 후 포부: 입사 후 10년 동안의 회사 생활 시나리오와 그것을 추구하는 이유를 기술해 주세요. 500
677,0,"넥센에 지원한 동기와 입사 후 10년 내 이루고자 하는 목표, 이를 달성하기 위한 계획을 구체적으로 기술해 주십시오. (770/800)"
678,0,윈스에 지원하신 동기와 윈스에서 하고 싶은 것이 있다면 무엇인지 기술해 주십시오.
679,0,한국국제보건의료재단에 지원하게 된 동기와 지원한 분야의 업무를 왜 하고 싶은지 기술하시오.
680,0,㈜푸르밀에 입사 지원하게 된 동기 및 귀하가 지원한 직무를 성공적으로 수행할 수 있다고 생각하는 이유를 서술하시오
681,0,에이스침대의 해당 분야에 지원한 동기에 대하여 서술해 주세요.
682,0,입사 후 본인의 포부에 대하여 서술해 주세요.
683,0,토스뱅크(가칭)에 지원한 동기
684,0,[지원동기] 우리 회사 체험형 인턴 프로그램에 지원한 목적을 서술해 주십시오.
685,0,웹젠에 입사 지원한 동기는 무엇입니까?
686,0,"입사 후 희망 업무를 기재하고, 제너럴리스트와 스페셜리스트 중 본인이 추구하는 Career Path에 대하여 서술하세요."
687,0,"여러분의 CJ ENM PD 지원동기는 무엇인가요? ①CJ ENM에 지원한 이유, ②해당 채널의 PD에 관심을 갖게 된 계기, ③PD라는 직무를 잘 수행할 수 있는 이유를 포함하여 구체적으로 작성해주세요. (1,000자 이내)"
688,0,당사에 지원하게 된 지원동기와 본인의 10년 후 계획에 대해 기술해 주십시오. (최대 500자 입력가능)
689,0,지원동기 : 롯데푸드에 지원하는 이유를 구체적으로 기술하시오
690,0,입사 후 포부 : 입사 후 롯데푸드에서 이루고 싶은 것과 그 이유를 기술해주세요.
691,0,입사 후 포부 및 계획 [
692,0,"우리은행에 지원한 동기는 무엇이며, 입행 후 지원한 부문에서 궁극적으로 이루고 싶은 꿈과 이를 위한 단기적인 계획은 무엇인지 기술해 주십시오 [2000바이트]"
693,0,"입사 후 희망 업무를 기재하고, 제너럴리스트와 스페셜리스트 중 본인이 추구하는 Career Path에 대해서 서술하세요."
694,0,[지원동기 및 포부] 우리병원에 지원하게 된 동기 및 입사 후 실천하고자 하는 목표를 자신의 역량과 결부시켜 기술하여 주십시오. (300자 이내) (300자)
695,0,지원동기(최소 300자 최대 500자)
696,0,입사 후 포부(최소 300자 최대 700자)
697,0,응시 직무와 관련하여 지원한 동기와 에기평에 입사 후 달성하고자 하는 목표를 상세히 기술해 주십시오. (600)
698,0,"우리은행에 지원한 동기는 무엇이며, 지원한 부문의 직무를 수행하기 위해 어떠한 노력을 해왔는지 기술하여 주십시오. 1972/2000 (바이트 수(2 byte), 공백 포함)"
699,0,한국국제협력단의 구성원으로서 이루고 싶은 목표와 이를 위해 어떤 자세로 임할지 기술하여 주십시오.
700,0,입사 후 부산롯데호텔에서 이루고 싶은 것과 그 이유를 기술해 주세요.
701,0,현대엔지니어링 직무분야에 지원하게 된 이유와 선택직무에 본인이 적합하다고 판단할 수 있는 이유 및 근거를 제시해 주십시오.
702,0,"교보증권에 지원한 동기와 입사를 위해 어떠한 노력을 하였는지 구체적으로 기술하십시오 (최대 1,000자 입력가능)"
703,0,"당사에 본인이 기여할 부분과 입사 후 포부를 구체적으로 작성해 주십시오 (최대 1,000자 입력가능)"
704,0,"해당 직무에 지원한 동기는 무엇이고, 귀하가 지원 직무에 적합하다고 생각하는 이유를 구체적인 사례를 통해 기술해 주세요."
705,0,호반그룹 체험형 인턴/서포터즈에 지원하게 된 동기에 대해 기술하여 주시기 바랍니다.
706,0,한독에 지원한 동기
707,0,업무에 지원한 동기
708,0,지원한 직무의 적합성이 뭐라고 생각하는지 그 이유
709,0,"본인의 가치관에 근거하여, 농협은행에 지원하게 된 이유와 이를 위해 준비해 온 과정, 그리고 입사후의 포부에 대하여 기술해 주십시오."
710,0,CJ제일제당에 지원하게 된 동기와 여러 지원자들 중 본인이 'ONLYONE' 이라고 생각하는 부분은 무엇인지 작성해 주십시오. (800자 이내)
711,0,한국가스기술공사에 지원하게 된 동기와 입사 후 목표 및 포부를 기술해 주십시오.
712,0,삼성전자를 지원한 이유와 입사 후 회사에서 이루고 싶은 꿈을 기술하십시오. / 700자 (영문작성 시 1400자) 이내
713,0,대화제약(주)에 지원한 동기와 주요 경력에 대하여 기술하시오.
714,0,입사 후 본인이 지원한 직무와 관련된 계획과 기여할 수 있는 점에 대하여 기술하시오.
715,0,한국가스안전공사가 진행하는 사업에 관심을 갖고 공사에 지원한 동기에 대해 구체적으로 기술해 주시기 바랍니다.
716,0,"좋은 회사에 대해서 정의하시고, 그런 회사를 만들기 위해 본인이 지원 직무 구성원으로서 기여할 수 있는 부분에 대해서 작성하십시오. 1) 본인이 생각하는 좋은 회사란? 2) 지원 직무 구성원으로서 역할, 기여할 수 있는 부분 , 향후 계획 등에 대해 작성 (500 자 10 단락 이내)"
717,0,당사 지원한 사유와 입사 후 포부를 기술해 주세요. (글자 수 제한 없음)
718,0,입사 후 포부 및 우리원에서의 역할 (600)
719,0,관심분야 및 자기계발 계획 (600)
720,0,지원직무를 선택한 동기와 입사 후 포부에 대하여 서술하시오. (1000자 이내)
721,0,"넥센에 지원한 동기와 입사 후 10년 내 이루고자 하는 목표, 이를 달성하기 위한 계획을 구체적으로 기술해 주십시오."
722,0,세아상역에 지원한 동기 및 지원 분야에 대해 본인이 적합하다고 판단하는 이유 및 근거를 서술하시오
723,0,"KBS에 지원한 구체적인 동기는 무엇입니까? 본인의 직업 및 회사 선택기준, 입사 후 목표와 연계하여 기술해주십시오. (400자 이내)"
724,0,우리 공사에 지원한 동기를 지원자가 가진 직장 선택의 기준과 연계하여 기술해 주십시오. (800자 이내)
725,0,롯데상사에 지원한 동기 및 포부를 기술해 주세요* 500
726,0,삼성디스플레이를 지원한 이유와 입사 후 회사에서 이루고 싶은 꿈을 기술하십시오
727,0,IBK시스템인이 되고 싶은 이유와 IBK시스템에 적합한 인재라고 생각하는 이유는 무엇인지 작성해주십시오.
728,0,'금호타이어'에 지원한 동기와 금호타이어가 본인을 선발해야 하는 이유를 설명해주세요.
729,0,금번 채용에 지원한 동기와 이유에 대해 작성해 주십시오.
730,0,"귀하가 ‘농협’에 지원한 동기를 작성하고, 그러한 지원동기를 바탕으로 입사 후‘농협’에 어떻게 기여할 것인지 대하여 작성하시오."
731,0,자기소개 및 지원 동기
732,0,"입사 후 희망 업무를 기재하고, 제너럴리스트와 스페셜리스트 중 본인이 추구하는 Career Path에 대하여 서술하세요. (2500byte)"
733,0,현대오토에버 입사 후 해당 분야에서 향후 이루고자 하는 구체적인 목표는 무엇인가요?
734,0,삼성엔지니어링을 지원한 이유와 입사 후 회사에서 이루고 싶은 꿈을 기술하십시오. (687자 / 700자)
735,0,"지원분야/직무에 대한 지원 동기와, 해당 분야/직무를 위해 어떤 준비를 해왔는지 소개해주세요. (/700)"
736,0,LG에너지솔루션에서 이루고 싶은 나만의 꿈과 비전을 소개해주세요. (/500)
737,0,지원부문 관련 지원동기와 입사 후 포부를 본인의 역량과 결부시켜 구체적으로 기술하십시오.(500자 이내)
738,0,지원하는 회사와 직무의 지원동기가 무엇입니까. 과거 경험과 앞으로의 목표를 중심으로 기술해 주십시오.
739,0,스노우에 지원하게 된 동기를 설명해 주세요.
740,0,디자이너로 일하게 된다면 일하고 싶은 분야와 이유를 적어주세요.
741,0,귀하가 아성에이치엠피에 지원한 이유는 무엇입니까? 아성에이치엠피의 어떠한 부분이 귀하가 원하는 직장의 조건에 부합하였는지 기술해주시기 바랍니다. 또한 귀하는 아성에이치엠피의 성장에 어떻게 기여할 수 있다고 생각하는지 기술해주시기 바랍니다.
742,0,경력 관련하여 개인의 비전(목표)에 대하여 작성해 주십시오.
743,0,(지원동기) ETRI에 지원하게 된 동기에 대해 기술 하십시오. 세부 내용기재
744,0,(입사 후 포부) ETRI 입사 후 목표와 그 목표를 달성하기 위한 계획에 대하여 기술 하십시오.
745,0,우리은행에 지원하게 된 동기와 입행 후 은행에서 이루고 싶은 꿈을 구체적으로 기술해 주시기 바랍니다.
746,0,"입사 지원동기를 작성해주세요. 단, 경영과 기술 부문 지원자는 해당 부문에서 구체적으로 '어떤 업무'를 하고 싶은지, 그 업무 수행을 위한 본인의 경쟁력은 무엇인지 제시해주세요. 최소 30자 / 1000자 제한"
747,0,"지원하신 직무에 지원하게 된 동기에 대해 기술해 주세요. (성격(장단점), 관심사항, 개인의 목표 및 비전 등 자신을 어필할 수 있는 내용을 기반으로 자유롭게 기술하시기 바랍니다.)"
748,0,지원 동기와 지원 직무에 적합하다고 생각하는 이유가 무엇인지 설명하시오. (500자)
749,0,지원하신 동기와 입사 후 3년 내에 이루고자 하는 목표를 작성해 주십시오. (300자 이내)
750,0,귀하가 동서발전에 지원하게 된 계기는 무엇입니까? 가) 우리 회사에 관심과 흥미를 갖게 된 계기와 나) 입사를 위한 노력을 포함하여 작성해 주십시오.
751,0,우리 회사의 미래 성장 동력은 무엇이라고 생각하십니까? 가) 우리 회사에서 미래 성장을 위해 준비하고 있는 것과 나) 지원자가 우리 회사의 성장에 기여할 수 있는 방법을 포함하여 작성해 주십시오.
752,0,삼성전기를 지원한 이유와 입사 후 회사에서 이루고 싶은 꿈을 기술하십시오.
753,0,우리 회사에 입사하고 싶은 이유와 입사하여 5년 내 이루고 싶은 점을 말씀해 주십시오. (500자 이내)
754,0,"본인이 KIST에 입원지원하게 된 동기와 지원한 분야의 업무 전문성 신장을 위해 노력하신 내용을 다음 항목에 따라 구체적으로 작성하여 주십시오. 1-1. KIST에 대하여 어떻게 알게 되었으며, 왜 우리원 해당 직무에 지원하고자 하십니까? (300자 이내)"
755,0,"캠코에 입사 후 희망하는 직무와 이루고자 하는 목표는 무엇이며, 목표를 달성하기 위한 자기개발계획에 대해 구체적으로 기술해 주시기 바랍니다."
756,0,"우리 공단에 지원동기와 직무를 선택한 이유, 입사 후 목표와 포부를 기술해 주십시오. (500)"
757,0,"나는 어떠한 사람이며, 코웨이 입사가 본인에게 어떤 의미를 부여할 것인지 서술해 주시기 바랍니다."
758,0,삼성전자를 지원한 이유와 입사 후 회사에서 이루고 싶은 꿈을 기술하십시오. 700자 (영문작성 시 1400자) 이내
759,0,"(지원포부) LH 경영목표 중 어떤 부분에 관심이 있으며 입사 후 어떻게 기여하고 싶은지, 본인의 주요 직무 역량 및 강점을 기반으로 기술해 주십시오. (0 / 500자 이내)"
760,0,"지원한 분야에서 펼치고 싶은 꿈이 무엇인지, 그 꿈을 신한은행에서 이루고 싶은 이유는 무엇인지 구체적으로 기술해 주세요. (최대 500자 입력가능)"
761,0,삼성전자판매를 지원한 이유와 입사 후 회사에서 이루고 싶은 꿈을 기술하십시오
762,0,"입사 후 어떻게 일하게 될 것이라고 생각하시는지, 상상하는 조직과 일의 모습에 대한 개인의 예상과 기대를 기술해 주세요. (1,000자 제한)"
763,0,중소벤처기업진흥공단에 지원한 동기와 중진공이 자신을 채용해야만 하는 이유를 자신의 능력·경력·장점을 포함하여 기술해 주시기 바랍니다. * [500자 이내]
764,0,SPC삼립에 지원한 동기를 기술하여 주시기 바랍니다.
765,0,소프트웨어정책연구소에 지원한 동기는 무엇입니까? (1000자 이내)
766,0,"연구소 업무 분야 중 관심 분야는 무엇이며, 연구소 입소 후 관련 연구 활동을 위해 수행할 업무 추진 계획을 기술하시오. (1000자 이내)"
767,0,"울산과학기술원 직원 채용 지원 동기와 입사 후 UNIST 직원으로 성취하고자 하는 목표가 무엇인지 구체적으로 기술해 주시기 바랍니다.(1,000자 이내) (1000자)"
768,0,"입사지원하게 된 동기 및 회사에서의 목표와 인생의 목표를 구분하여 기술하여 주십시오. (최대 1,000자 입력가능)"
769,0,지원동기 및 입사 후 포부를 써주십시오. (300자 이내)
770,0,"우리공사 및 지원한 직무에 관심이 생긴 계기를 기술하고, 우리공사에서 근무하면서 어떤 부분을 성취하고 싶은지 기술해 주세요."
771,0,"지원하신 직무 분야에서 일을 하시게 된다면,어떤 커리어를 만들어 나갈지에 대한 계획을 서술해 주시고, 이를 통해 어떤 방식으로 회사발전에 기여할 수 있을지 설명해주십시오"
772,0,본인이 회사를 선택하는 기준을 바탕으로 우리 회사를 선택한 이유를 작성해주세요
773,0,본인이 지원한 직무에서 입사 후 어떠한 업무를 하고 싶은지 작성해주세요.
774,0,지원동기 및 입사 후 포부 (800자)
775,0,에이치엘그린파워에 지원하게 된 동기를 기술하십시오.
776,0,에이치엘그린파워에 입사 후 성장방향/포부를 기술하십시오.
777,0,"지원분야/직무에 대한 지원 동기와, 해당 분야/직무를 위해 어떤 준비를 해왔는지 소개해주세요 700자"
778,0,G화학에서 이루고 싶은 나만의 꿈과 비전을 소개해주세요.
779,0,"금호석유화학그룹에 입사할 경우, 본인이 현재 보유하거나, 앞으로 보유할 직무역량을 어떻게 발휘할 수 있을지 서술하십시오.(300자)"
780,0,"(선택사항) 왜 회사가 당신을 꼭 채용해야만 하는지 당신의 강점, 능력 등을 자유롭게 PR 하십시오. (600자)"
781,0,본인이 지원한 직무관련 향후 계획에 대하여 (500자)
782,0,"[공통] 입사 후 희망 업무를 구체적으로 기재하고, 그 사유를 기술하세요.(당사 사업분야에 국한할 필요없음)"
783,0,우리 공단 채용에 지원하게 된 동기를 본인이 공단에 관하여 알고 있는 내용과 연계하여 서술하여 주십시오.
784,0,지원 동기 및 입사 후 포부에 대하여 기술하시오.
785,0,"지원분야/직무에 대한 지원 동기와, 해당 분야/직무를 위해 어떤 준비를 해왔는지 소개해주세요. (700자)"
786,0,전지사업본부에서 이루고 싶은 나만의 꿈과 비전을 소개해주세요. (500자)
787,0,지원동기 및 포부-서울의료원에 지원하게 된 동기 및 입사 후 포부(자신의 역량 및 강점 포함) (최대글자수 800)
788,0,삼성화재를 지원한 이유와 입사 후 회사에서 이루고 싶은 꿈을 기술하십시오.
789,0,귀하가 아성에 지원한 이유는 무엇입니까? 아성의 어떠한 부분이 귀하가 원하는 직장의 조건에 부합하였는지 기술해주시기 바랍니다. 또한 귀하는 아성의 성장에 어떻게 기여할 수 있다고 생각하는지 기술해주시기 바랍니다.
790,0,현대건설 및 해당 직무에 지원한 이유와 본인이 이루고자 하는 목표를 기술하여 주십시오. (500자 이내)
791,0,"우리 공사에 지원하게 된 이유는 무엇인지 기술하고, 본인의 역량 및 강점을 공사의 4가지 인재상과 연계하여 구체적으로 기술해주십시오."
792,0,스노우에 지원하게 된 동기를 설명해 주세요
793,0,입사 후 포부 및 우리원에서의 역할
794,0,지원동기와 직무역량 중심으로 자유롭게 작성해주시기 바랍니다.(필수)
795,0,한국수출입은행에 지원한 이유와 당행이 왜 지원자를 채용해야 하는지 기술하시오. 800자
796,0,회사를 선택하는데 우선순위가 되는 기준은 무엇이며 미래에셋대우에 지원하게 된 동기를 구체적으로 기술해 주세요.
797,0,"SK 입사 후 어떤 일을 하고 싶으며, 이를 위해 본인이 무엇을 어떻게 준비해 왔는지 구체적으로 기술하십시오. (1000 자 10 단락 이내)"
798,0,"KAMCO 및 사업분야에 관심을 가지게 된 계기 또는 이유는 무엇이며, 입사를 위해서 그동안 어떠한 노력을 했는지 구체적으로 작성해 주십시오."
799,0,"본인이 KAMCO에 입사 후 희망하는 직무는 무엇이며, 해당 직무를 수행함에 있어 어떻게 기여할 수 있을지를 KAMCO의 역할 및 사업내용과 관련지어 구체적으로 작성해 주십시오"
800,0,한국가스기술공사에서 왜 귀하를 채용해야 하는지와 입사하면 어떤 방법으로 조직에 기여할 수 있는지 또한 한국가스기술공사에서 무엇을 성취하고 싶은지를 기술해 주십시오.
801,0,회사 지원동기 및 희망직무를 선택한 이유를 서술하시오.
802,0,"엔터테인먼트 산업에 지원하게 된 동기와, 왜 'JYP'여야만 하는지 구체적으로 기술하시기 바랍니다. (700자 내외)"
803,0,kt ds 및 해당 직무에 지원한 동기와 kt ds 입사 후 해당 직무의 전문가로 성장하기 위해 어떠한 노력을 할지 구체적으로 기술해 주십시오.
804,0,지원동기 : 코리아세븐에 지원한 동기를 구체적으로 기술해주세요.
805,0,"KAMCO 및 지원분야에 관심을 가지게 된 계기 또는 이유는 무엇이며, 공사 입사를 위해서 그 동안 어떠한 노력을 했는지, 입사 후 공사에 어떻게 기여할 수 있을지를 KAMCO의 역할 및 사업내용과 관련지어 구체적으로 작성해 주십시오. (1000 ~ 2000 Bytes)"
806,0,"서울산업진흥원을 언제, 어떤 계기로 처음 알게 되었으며, 우리 원에 입사 지원을 결심하게 된 동기를 진솔하게 작성해 주십시오. (최대 500자 입력가능)"
807,0,gs리테일에 지원하게 된 동기를 적어주세요
808,0,당사에 지원한 동기 및 입사 후 본인의 포부와 계획을 구체적으로 작성해 주세요 (700자)
809,0,자기소개서 지원 동기와 지원 직무에 적합하다고 생각하는 이유가 무엇인지 설명하시오.
810,0,부산은행에 지원한 동기와 본인이 생각하는 부산은행의 역할 및 나아가야 할 방향은 무엇이라고 생각하는지 근거와 함께 기술해 주십시오. (최대 600자 입력가능)
811,0,입행 후 포부를 2번과 연관지어 기술해 주십시오. (최대 600자 입력가능)
812,0,지원동기- 코리아세븐에 지원한 이유에 대해 설명하여 주십시오
813,0,입사 후 코리아세븐에서 이루고 싶은 포부에 대해 기술하여 주십시오
814,0,"한국환경공단에 지원하게 된 동기와 지원직무에 대한 본인의 경험, 경력, 교육 등을 연계하여 자세히 기술하여 주시기 바랍니다."
815,0,한국환경공단에 입사 시 본인의 지원직무와 관련된 업무를 어떻게 수행해 나갈 것인지에 대하여 작성하여 주시기 바랍니다.
816,0,KB국민은행 UB부문으로 지원하게 된 계기와 귀하를 채용해야 하는 이유에 대하여 기술하십시오. (1200 Bytes 이내)
817,0,"지원분야/직무에 대한 지원 동기와, 해당 분야/직무를 위해 어떤 준비를 해왔는지 소개해주세요. (100~700자)"
818,0,LG화학에서 이루고 싶은 나만의 꿈과 비전을 소개해주세요. (100~500자)
819,0,지원분야를 중심으로 입사지원하신 동기와 고객의 절대안전 확립을 위하여 인천교통공사가 나아가야 할 방향을 제시하여 주십시오.
820,0,인천교통공사에 입사지원하신 동기와 지원분야를 중심으로 입사후 포부 및 인천교통공사에서 어떤 역할을 할지 기술하여 주십시오.
821,0,KT SkyLife 및 해당 직무에 지원한 동기와 입사 후 해당 직무의 전문가로 성장하기 위해 어떠한 노력을 할지 구체적으로 기술해 주십시오. (최대 700자 입력가능)
822,0,"[공통]본인이 당사에 꼭 입사해야하는 이유와 입사 후 이루고 싶은 목표에 대해 기재해 주세요. (최대 1,000자 입력가능)"
823,0,TSK 지원 동기와 당사에서 채용해야 하는 사유를 기술하여 주십시오.
824,0,지원동기: 지원동기를 구체적으로 기술해주세요.
825,0,입사 후 포부: 입사 후 10년 동안의 회사생활 시나리오와 그것을 추구하는 이유를 기술해주세요.
826,0,부산교통공사에 지원한 동기와 본인이 공사의 인재상에 부합하는 이유를 기술하시오.
827,0,삼성전자서비스를 지원한 이유와 입사 후 회사에서 이루고 싶은 꿈을 기술하십시오. (700자 이내)
828,0,지원분야에 지원하게 된 동기를 서술하여 주십시오
829,0,지원 동기는 무엇인가요? 그리고 입사 후 회사에 어떻게 기여할 수 있는지 구체적으로 기술해 주십시오.(1000자 내외)*
830,0,우리 원 그리고 해당 직무에 지원한 동기와 앞으로 입사 후 본인이 어떻게 우리 원에 기여할 수 있을지 서술해 주시기 바랍니다. (500자 이내)
831,0,입사 후 포부(2000)
832,0,나는 어떤 조직문화를 가진 기업에 근무하고 싶은가?
833,0,미래에셋생명에 지원 하게 된 동기는 무엇입니까?
834,0,한국연구재단에서 지원 직무에 대한 자신의 목표와 그를 이루기 위한 구체적인 계획을 기술하여 주십시오.
835,0,"CJ ENM(오쇼핑부문)에 지원한 동기는 무엇이며, 입사 후 포부에 대해 구체적으로 작성해 주세요. ① 지원동기 및 해당직무를 오쇼핑에서 수행하고자 하는 이유 ② 해당직무 입사 후 성장 포부를 포함하여 작성 (1,500자 이내)"
836,0,"킨텍스에서 하고 싶은 업무를 스스로 정하고, 그 분야에서의 5년 후 자신의 미래 모습을 설명해 주십시오. (500자 이내)"
837,0,"한국전력공사에 지원하게 된 동기, 희망 직무를 선택한 이유 그리고 입사 후 포부를 본인의 교육사항 , 경험/경력 등과 연계하여 구체적으로 기술하여 주십시오."
838,0,DHL Global Forwarding Korea Ltd. 지원 동기와 해당 모집 부문을 지원한 이유
839,0,DHL Global Forwarding Korea Ltd. 입사를 위해 한 노력
840,0,"본인이 직장을 선택할 때의 기준은 무엇이며, 왜 서울대학교가 적합하다고 판단하는지 전 직장이 있을 경우 이직 혹은 퇴사 사유를 포함하여 기술해 주십시오."
841,0,"당신이 회사를 선택하는 기준은 무엇이며, 왜 샘표식품을 선택하여 지원하는지 설명해주십시오. (500)"
842,0,귀하가 동서발전에 지원하게 된 계기는 무엇입니까? ???가) 우리 회사에 관심과 흥미를 갖게 된 계기와 ???나) 입사를 위한 노력을 포함하여 작성해 주십시오.?
843,0,우리 회사의 미래 성장 동력은 무엇이라고 생각하십니까? ???가) 우리 회사에서 미래 성장을 위해 준비하고 있는 것과 ???나) 지원자가 우리 회사의 성장에 기여할 수 있는 방법을 포함하여 작성해 주십시오.?
844,0,지원 직무에 관심을 갖게 된 계기
845,0,입사후. 성장목표를 반드시 포함하여 구체적으로 작성
846,0,KT 및 해당 직무에 지원한 동기와 KT 입사 후 해당 직무의 전문가로 성장하기 위해 어떤 노력을 할 것인지 구체적으로 기술해 주십시오. (최대 700자 입력가능)
847,0,우리 회사의 지원동기를 서술하시오.
848,0,우리 회사에 입사하기 위해 어떤 노력을 기울였는지 서술하시오.
849,0,"한국전력공사에 지원하게 된 동기, 희망 직무를 선택한 이유 그리고 입사 후 어떤 업무를 하고 싶은지를 본인의 교육, 경험, 경력사항 등과 연계하여 구체적으로 기술하여 주십시오."
850,0,"(지원포부) LH 경영목표 중 어떤 부분에 관심이 있으며 입사 후 어떻게 기여하고 싶은지, 본인의 주요 직무 역량 및 강점을 기반으로 기술해 주십시오."
851,0,해당 직무에 지원한 이유는 무엇입니까?
852,0,아시아나항공 캐빈승무원에 지원하게 된 동기와 입사 후 포부를 서술하여 주십시오.
853,0,본인의 입사 후 포부 및 향후 목표를 기술하여 주십시오.
854,0,지원 동기 및 지원하신 분야의 향후 구체적인 계획을 기술해 주세요. (700자 내외)
855,0,"본인의 직업관에 대하여 설명하고, 남동발전이 그에 부합하는 이유와 남동발전에 입사하기 위하여 본인이 특별히 노력한 경험(학과목, 자격증 등)에 대하여 상세하게 기술해 주십시오. [출처] 한국남동발전 자기소개서 자소서 문항 20년 상반기 (~6/1)"
856,0,"현대오트론과 해당 부문에 지원한 이유, 그리고 현대오트론과 함께 이루고 싶은 목표는 무엇인가요"
857,0,지원한 동기(관심을 가지게 된 계기 등)와 근무를 통해 실천하고자 하는 목표를 기술해 주시기 바랍니다.
858,0,"자기소개서 지원동기 및 지원하신 직무를 잘 수행할 수 있는 이유, 직무 또는 연구분야에 대한 본인의 강점과 성과, 입사 후 자신의 경력목표 등에 대해 자유롭게 기술해 주시기 바랍니다. 단, 4000Byte 이내"
859,0,"입사 후 이루고 싶은 목표는 무엇이며, 목표를 이루기 위한 계획은 무엇인지 기술."
860,0,한국로봇산업진흥원의 해당 채용분야(직무)에 지원하게 된 계기 또는 동기에 대해 기술해 주십시오. (400자 이내)
861,0,삼양그룹에 입사지원하게 된 동기는 무엇인지 기술해주십시오. (600자)
862,0,당사를 지원한 동기와 입사 후 포부에 대해 기술하여 주시기 바랍니다. [ 1자 이상 500자 이내]
863,0,"지원동기는 무엇이며, 입사 후 회사에서 실현하고자 하는 목표나 꿈을 기술하시오"
864,0,입사 후 계획 및 포부
865,0,당사에 지원한 이유와 입사를 위해 어떤 노력을 하였는지 구체적으로 기술하시오*
866,0,SPC삼립에 지원한 동기를 기술하여 주시기 바랍니다(600)
867,0,AJ에 지원하게 된 동기와 입사 후 이루고 싶은 목표를 기술해 주십시오.
868,0,본인 소개 및 지원동기를 적어주세요.
869,0,지원하신 분야에 지원동기와 궁극적인 커리어 목표 및 계획에 대하여 작성해주세요. (최대 600자 입력가능)
870,0,"입사지원 동기 및 향후 업무계획 (필수, 최대1000자)"
871,0,"한국산업단지공단에 지원한 동기(관심을 가지게 된 계기, 시기 등)와 청년인턴 근무를 통해 실천하고자 하는 목표를 차별화된 본인의 역량과 결부시켜 기술해 주시기 바랍니다. (500자 이내)"
872,0,"GS E&R에 지원하게 된 동기와 해당 직무에 지원한 동기를 기술하고, 지원 직무관련 경험(인턴,교육, 프로젝트)과 이를 통해 느낀 점을 기술하여 주십시오 최소 200byte 이상 2000byte 이내"
873,0,본인이 GS E&R에 반드시 입사해야 하는 이유와 GS E&R에 입사해서 이루고 싶은 목표에 대해 구체적으로 기술하여 주십시오 최소 100byte 이상 1000byte 이내
874,0,포스코 생산기술직에 지원 하게 된 동기 및 입사 후 달성하고자 하는 목표에 대해 기술 해라.
875,0,[조직이해능력] 본원에 입사 지원한 동기 및 입사 후 실천하고자 하는 차별화된 목표를 작성하여 주시기 바랍니다.
876,0,대한항공 입사를 위해 본인이 기울인 노력과 대한항공에서 이루고 싶은 목표를 서술하시오. (600자 이내)
877,0,SPC삼립에 지원한 동기를 기술하여 주시기 바랍니다. (600자)
878,0,"지원 직무에 대한 지원 동기와 해당 직무를 수행하기 위해 어떠한 준비를 해왔는지 아래 항목에 따라 작성해 주십시오. 1-1. 지원한 직무에 관심을 갖게 된 계기는 무엇이며, 한국남부발전에서 해당 직무를 하고자 하는 이유에 대해 작성해 주십시오."
879,0,"SK머티리얼즈 입사 후 어떤일을 하고 싶으며, 이를 위해 본인이 어떻게 준비해왔는지 최대한 구체적으로 작성해 주십시오."
880,0,한국정보화진흥원 지원 동기와 어떤 부분에 기여하고 싶은지 구체적으로 작성해 주시기 바랍니다.
881,0,자신이 지원한 분야에 지원하게된 동기와 입사하기 위하여 개인적으로 어떤 노력을 기울였는지 사례를 들어 설명하여 주십시오. (500자 이내)
882,0,"KAMCO에 입사 후 희망하는 직무와 이루고자 하는 목표는 무엇이며, 목표를 달성하기 위한 자기개발계획에 대해 구체적으로 기술해 주시기 바랍니다."
883,0,귀하가 동서발전에 지원하게 된 계기는 무엇입니까 우리 회사에 관심과 흥미를 갖게 된 계기와 입사를 위한 노력을 포함하여 작성해 주십시오
884,0,우리 회사의 미래 성장 동력은 무엇이라고 생각하십니까 우리 회사에서 미래 성장을 위해 준비하고 있는 것과 나s 지원자는 우리 회사의 성장에 기여할 수 있는 방법을 포함하여 작성해 주십시오v
885,0,"우리은행에 지원한 동기는 무엇이며, 지원한 부문의 직무를 수행하기 위해 어떠한 노력을 해왔는지 기술하여 주십시오. (2000byte)"
886,0,장래포부 및 희망직무
887,0,LS산전에 지원한 동기를 구체적으로 기술 바랍니다. (최대 500자 입력가능)
888,0,세아상역에 지원한 이유를 기술해주세요.
889,0,KT 및 해당 직무에 지원한 동기와 KT에 입사 후 이루고 싶은 중장기적 목표를 기술해 주십시오.
890,0,우리 회사의 미래 성장 동력은 무엇이라고 생각하십니까? 가) 우리 회사에서 미래 성장을 위해 준비하고 있는 것과 나) 지원자는 우리 회사의 성장에 기여할 수 있는 방법을 포함하여 작성해 주십시오.
891,0,삼성전자를 지원한 이유와 입사 후 회사에서 이루고 싶은 꿈을 기술하십시오 (700자)
892,0,"본인의 입사지원 회사를 선택하는 기준은 무엇이며, KT&G가 왜 그에 부합하는 회사인지 기술하여 주시기 바랍니다. (800)"
893,0,본인이 KT&G에 입사하게 된다면 어떤 분야에서 무엇을 기여할 수 있는지 KSA를 기준으로 구체적으로 기술하여 주시기 바랍니다. (800)
894,0,지원 동기와 입사 후 계획
895,0,지원 직무를 희망하게 된 동기를 구체적으로 기술해 주십시오(600자)
896,0,"당사와 해당 직무에 지원한 동기를 서술해 주세요. (최소 1자, 최대 300자 입력가능)"
897,0,산업연구원의 해당 모집분야에 지원한 동기는 무엇입니까? 이를 통해 산업연구원에서 구현하고 싶은 비전은 무엇입니까?
898,0,지원동기 및 입행 후 계획
899,0,[조직이해능력]우리 원에 지원한 동기 및 입사 후 실천하고자 하는 목표를 기술해 주십시오.
900,0,지원 동기와 입사 후 포부
901,0,입사를 위해 본인이 무엇을 어떻게 얼마만큼 준비했는지 구체적으로 작성하여 주시기 바랍니다. (1000 자 10 단락 이내)
902,0,현대자동차 해당 직무 분야에 지원하게 된 이유와 선택 직무에 본인이 적합하다고 판단할 수 있는 이유 및 근거를 제시해 주십시오.
903,0,포스코 생산기술직에 지원하게 된 동기 및 입사 후 달성하고자 하는 목표에 대해 기술하세요.
904,0,한국야쿠르트의 어떠한 점에 이끌려 지원하게 됐는지 그 이유를 2가지 이상 작성하여 주시기 바랍니다.
905,0,"제품, 전략, 판매 채널(제품주문)등 당사 사업 영역과 관련하여 지원자께서 생각하는 발전방향을 제시하고, 그 방향 속에서 지원자께서 할 수 있는 역할이 무엇인지 기술해 주시기 바랍니다."
906,0,"LH의 해당 직무를 지원한 동기는 무엇입니까? 본 직무를 통해 어떤 것을 기대하고 있으며, 무엇을 이루고자 하는지 기술해 주십시오."
907,0,한국고용정보원에 지원한 동기와 입사 후 기여방안에 대해 기술하십시오
908,0,재단에 지원한 동기에 대해 기술해 주십시오.(300)
909,0,코레일테크 직원으로 근무하게 된다면 어떠한 직무를 맡아 근무하고 싶은지 자유롭게 기술하시오
910,0,"당신이 회사를 선택하는 기준은 무엇이며, 왜 샘표식품을 선택하여 지원하는지 설명해주십시오."
911,0,북한이탈주민지원재단에 지원한 동기를 기술해주십시오.
912,0,포스코 생산기술직에 지원하게된 동기 및 입사 후 달성하고자 하는 목표에 대해 기술하시오
913,0,우리 회사를 선택한 이유에 대해 솔직하게 2가지 이상 서술해 주십시오.(100~1000자)
914,0,지원자 성격의 강/약점과 입사 후 회사에서 이루고자 하는 목표에 대해 기술해 주십시오.(100~1000자)
915,0,"지원동기와 왜 중진공이 자신을 채용해야하는지 그 이유을 자신의 능력, 경력, 장점을 포함하여 기술해 주시길 바랍니다. 500"
916,0,지원 동기 및 입사 후 회사에서 이루고 싶은 꿈을 기술하여 주시기 바랍니다.
917,0,CJ제일제당에 지원하게 된 동기와 여러 지원자들 중 본인이 'ONLYONE' 이라고 생각하는 부분은 무엇인지 작성해주십시오. (CJ에서 ONLYONE의 의미 참조)
918,0,"지원하신 직무 분야에서 일을 하시게 된다면, 어떤 커리어를 만들어 나갈지에 대한 계획을 서술해주시고, 이를 통해 어떤 방식으로 회사 발전에 기여할 수 있을지 설명해주십시오."
919,0,희망직종 및 준비과정
920,0,입사지원동기 및 포부
921,0,"본인이 직장에서 이루고자 하는 목표와 농협중앙회에 지원한 이유를 연결지어 설명하고, 입사를 위하여 노력한 점에 대해서 기술하여 주십시오."
922,0,자신이 지원한 분야에 지원하게된 동기와 입사하기 위하여 개인적으로 어떤 노력을 기울였는지 사례를 들어 설명하여 주십시오
923,0,[지원동기] LS엠트론 및 해당 직무에 지원하게 된 동기에 대하여 기술해 주시기 바랍니다. *100자 이상 500자 이하로 입력하세요.
924,0,부산교통공사에 지원한 동기와 본인이 공사의 인재상에 부합하는 이유를 기술하시오.(350~500자)
925,0,지원 동기와 입사 후 이루고 싶은 목표는 무엇인지 기술하시오(1000자이내)
926,0,당사에 입사하기 위한 경쟁력(역량)을 갖추기 위해 어떠한 노력을 하였는지와 귀하를 채용해야 하는 이유에 대해 기술하시오.(1000자이내)
927,0,"현대자동차를 지원한 동기와 이유, 향후 구체적인 목표와 비전에 대해 서술하시오.[500자]"
928,0,"서울산업진흥원을 언제, 어떤 계기로 처음 알게 되었으며, 우리 원에 입사 지원을 결심하게 된 동기를 진솔하게 작성해 주십시오. (최대 500자 입력가능"
929,0,응시 직무와 관련하여 지원한 동기와 에기평에 입사 후 달성하고자 하는 목표를 상세히 기술해 주십시오.
930,0,우리 회사와 희망직무를 선택하게 된 동기를 기술해 주시기 바랍니다.
931,0,지원하신 직무가 회사에서 어떠한 역할을 수행한다고 생각하는지 자유롭게 기술해주시기 바랍니다.
932,0,향후 회사에서 이루고 싶은 목표에 대해 기술해주시기 바랍니다.
933,0,"지원자가 회사를 선택하는 기준은 무엇이며, 왜 그 기준에 GS글로벌이 적합한지 서술하시오."
934,0,"지원자가 생각하는 Professionalism은 무엇이며, 이를 바탕으로 입사 후 5년 간의 Career Plan을 서술하시오."
935,0,( 공백포함 2000byte 이내 ) 직장생활을 통해 이루고자 하는 나만의 목표가 무엇인지 말씀해 주세요
936,0,My Vision LG화학에서 이루고 싶은 나만의 꿈과 비전을 소개해주세요. Guide> LG화학에서 본인이 기대하는 미래의 모습과 계획을 바탕으로 기술해주시기 바랍니다.
937,0,인턴쉽 지원 동기와 해당 모집 부문을 지원한 이유를 구체적으로 기술해 주십시오.
938,0,"지원하신 부문, 근무지에 관련하여 특별히 희망하는 점이 있으면 알려주시고, 이번 인턴쉽을 통해서 이루고 싶은 자신의 포부를 밝혀주십시오."
939,0,귀하가 금호아시아나 그룹(지망회사)을 지원하게 된 동기에 대해 서술해 주십시오. [100자 이상 500자 이내]
940,0,"입사 후 10년 내 회사에서 이루고 싶은 목표는 무엇이며, 그것을 추구하는 이유와 이를 달성하기 위한 계획을 서술해 주십시오. [100자 이상 500자 이내]"
941,0,중소기업진흥공단을 지원하게 된 동기에 대해 기술해주십시오.
942,0,지원자님을 하나의 자동차 (브랜드 무관)에 비유하여 설명 해주시고 이번 Global internship(H-Experience)를 통해 얻고 싶은 목표를 서술해주시오.
943,0,지원동기와 입사 후 자신의 모습을 기술하시오.
944,0,지원동기와 입사 후 NAVER I&S에서 자신의 미래 모습을 기술하시오.
945,0,국립암센터에 입사 지원한 동기 및 입사 후 실천하고자 하는 차별화된 목표와 추진계획을 작성해 주시기 바랍니다. (조직이해능력) (최대 700자 입력가능)
946,0,당사 지원동기 및 입사 포부
947,0,본인이 지원한 직무관련 지원동기와 역량에 대하여 [1000자 이내]
948,0,본인이 지원한 직무관련 향후 계획에 대하여[500자 이내]
949,0,"한샘 SC 직무의 역할이 무엇이며, 해당 직무에 지원한 이유에 대해 작성하시오. (300자 이내)"
950,0,"입사 후, 5년 내 한샘에서 이루고 싶은 목표를 작성하시오. (400자 이내)"
951,0,지원 동기 및 포부
952,0,(지원동기) ETRI에 지원하게 된 동기에 대해 기술하십시오.
953,0,제일기획을 지원한 이유와 입사 후 회사에서 이루고 싶은 꿈을 기술하십시오.
954,0,지원 직무를 희망하게 된 동기를 구체적으로 서술해주세요.(300자)
955,0,티몬MD신입공채에 지원한 동기와 입사 후 계획을 기술하세요.
956,0,지원동기/입사후포부
957,0,지원자님을 하나의 자동차(브랜드 무관)에 비유하여 설명 해주시고 이번 Global Internship(H-Experience)를 통해 얻고 싶은 목표를 서술 해주세요.
958,0,한국장학재단에 입사지원을 해야겠다고 결심하게 된 계기는 무엇인지 구체적으로 기술해 주십시오.
959,0,"충북신용보증재단에 관심을 가지게 된 계기는 무엇이며, 이와 관련하여 그 동안 어떠한 준비나 노력을 하였는지를 임용예정직무와 관련지어 구체적으로 기술하시오."
960,0,지원 사업부 또는 직무에 지원한 동기와 입사 후 회사에서 이루고 싶은 중장기적 목표를 기술해 주십시오.
961,0,CJ제일제당에 지원하게 된 동기와 여러 지원자들 중 본인이 'ONLYONE' 이라고 생각하는 부분은 무엇인지 작성해주십시오. (CJ에서 ONLYONE의 의미 참조) (500자)
962,0,"본인이 지원한 직무를 회사에서 수행하는 역할을 기준으로 하나의 키워드를 활용해서 정의해보고, 해당 직무를 본인이 잘 할 수 있다고 판단하는 근거를 기술해주십시오. (500자)"
963,0,"금호석유화학그룹에 입사할 경우, 본인이 현재 보유하거나, 앞으로 보유할 직무역량을 어떻게 발휘할 수 있을지 서술하십시오."
964,0,"(선택사항) 왜 회사가 당신을 꼭 채용해야만 하는지 당신의 강점, 능력 등을 자유롭게 PR 하십시오. (600자이내)"
965,0,우리회사를 지원하게 된 동기와 희망직무 및 그 이유에 대해 서술하십시오.
966,0,"장래의 개인목표, 비전과 그 목표를 이루기 위한 실행계획에 대해 서술하십시오."
967,0,우리 공사의 인재상은 열정·화합·성장입니다. 귀하의 어떤 점이 우리공사의 인재상과 맞다고 생각하는지 작성하여 주십시오
968,0,"본인이 지원한 부문 또는 직무 관련, 향후 LF에 입사한다면 실행해보고 싶은 아이디어를 논리적으로 기술해 주세요. (600자)"
969,0,지원동기(500자)
970,0,입사 후 포부(500자)
971,0,KB국민은행에 지원하게 된 계기(250)와 KB국민은행이 귀하를 채용해야 하는 이유(250)에 대하여 기술하십시오
972,0,KT 및 해당 직무에 지원한 동기와 KT 입사 후 해당 직무의 전문가로 성장하기 위해 어떠한 노력을 할 지 구체적으로 기술해 주십시오.
973,0,"여러분이 CJ ENM과 해당 직무에 지원한 동기는 무엇이며, ENM이 여러분을 선발해야 하는 이유를 설명해주세요. ①CJ ENM과 해당 직무에 관심을 갖게 된 계기, ②해당 직무를 잘 수행할 수 있는 이유, ③입사 후 성장비전을 반드시 포함하여 작성해주세요."
974,0,GS글로벌에 지원한 동기에 대해 서술하시오.
975,0,GS글로벌人으로서의 향후 5년간 성장 계획을 서술하시오.
976,0,지원동기 : 한화첨단소재를 지원한 동기에 대해 기술해 주십시오.
977,0,IBM에 지원하게 된 동기를 작성해 주세요.
978,0,지원동기에 대하여 설명하여 주세요.
979,0,종근당의 제약영업 직무에 도전하고 싶은 이유와 제약영업을 통해 본인이 이루고자 하는 목표를 구체적으로 기술하여 주십시오.
980,0,KT 및 해당 직무에 지원한 동기와 KT 입사 후 해당 직무의 전문가로 성장하기 위해 어떠한 노력을 할지 구체적으로 기술해 주십시오. (최대 700자 입력가능)
981,0,현대엔지니어링 직무분야에 지원하게 된 이유와 선택 직무에 본인이 적합하다고 판단할 수 있는 이유 및 근거를 제시해 주십시오.
982,0,'LG유플러스 및 분야/직무에 대한 지원 동기'와 '해당 분야/직무를 잘 수행하기 위해 어떤 준비'를 해왔는지 구체적으로 설명해주세요. 자기소개서 작성 가이드 1000자
983,0,지원한 동기를 기술하시오.
984,0,재단 입사 후 달성하고자 하는 성과를 기술하시오
985,0,"한국농어촌공사에 지원하게 된 동기와 입사 후 공사에서 어떤 업무를, 왜 해보고 싶은지에 대해 기술하시오. (최대 500자 입력가능)"
986,0,삼성전자를 지원한 이유와 입사 후 회사에서 이루고 싶은 꿈을 기술하십시오.(700자)
987,0,"입사하게 된다면, 직장생활을 어떻게 할 것인지, 본인의 직업관에 관하여 적어주세요. (최대 1,000자 입력가능)"
988,0,해커스 교육그룹에 입사해야하는 이유와 입사 후 어떤 공헌을 할 수 있는지 기술하시오.
989,0,"지원한 분야에서 펼치고 싶은 꿈이 무엇인지, 그 꿈을 신한은행에서 이루고 싶은 이유는 무엇인지 구체적으로 기술해 주세요."
990,0,신한캐피탈에 지원한 동기는 무엇인지 기술해주세요 1000
991,0,삼성SDI를 지원한 이유와 입사 후 회사에서 이루고 싶은 꿈을 기술하십시오
992,0,BGF리테일에 지원하게 된 동기와 입사 후 포부에 대하여 기술하시오.
993,0,해당 직무에 지원한 이유와 종근당 입사 후 목표를 구체적으로 작성해 주십시오
994,0,우리공사에 관심을 갖게 된 계기와 입사 후 이루고 싶은 목표는 무엇입니까? 본인이 제시한 목표를 달성하는 것이 공사의 미션 또는 비전 달성에 어떠한 형태로 기여할 수 있는지 기술해 주시기 바랍니다.(300~500자)
995,0,STEPI에 지원하게 된 동기는 무엇입니까?
996,0,본인이 지원한 분야에 대한 내용을 아래 항목별로 작성해 주세요.2-1. 신한은행 지원 동기 및 해당 분야에 지원한 이유를 구체적으로 작성해 주세요(500자)
997,0,지원한 분야에서 본인이 이루고 싶은 목표를 작성해 주세요(500자)
998,0,입사 후 5년 이내 한샘에서 이루고 싶은 목표를 작성하시오.
999,0,서울주택도시공사에 지원하게 된 동기는 무엇인지 기술해 주십시오. ① 다른 기관이 아닌 서울주택도시공사/해당직무를 지원한 이유는 무엇입니까? ② 귀하의 어떤 강점이나 역량이 향후 서울주택도시공사 발전에 기여할 수 있다고 생각하십니까?
1000,0,"본인이 직장을 선택할 때의 기준을 명시하고, 대한항공을 선택하게 된본 사유에 대하여 기술하시오(600자 이내)"
1001,0,지원동기 및 회사에서 이루고 싶은 꿈을 기술하시오 / 600자
1002,0,자기소개서 UMC에 지원한 동기가 무엇입니까? (최대 300자 입력가능)
1003,0,"자기소개서 FRLK에서 달성하고자 하는 꿈 또는 최종 목표가 무엇이고, 그 이유가 무엇입니까? (최대 300자 입력가능)"
1004,0,농협은행을 지원하게 된 이유와 농협은행에 입행하기 위하여 준비한 것은 무엇이며 입행 후 이루고자 하는 목표를 기술하여 주십시오.
1005,0,지원동기 및 희망업무
1006,0,위의 사항을 바탕으로 한전KPS에서 수행하고 싶은 직무에 대하여 기술해주시기 바랍니다.(500자)
1007,0,자기소개서 - 제우스를 선택한 이유와 입사 후 회사에서 이루고 싶은 꿈
1008,0,당사가 귀하를 채용하여야 하는 이유 (500자)
1009,0,귀하가 우리 조직에 입사하였다는 상황 하에 아래의 질문에 답변을 기술하여 주십시오. - 입사 첫 1주일을 어떻게 보내시겠습니까? - 입사 이후에 생각하고 있는 직무에 대해 기술해 주십시오. - 우리 회사에 들어오면 갖게 되는 좋은 점과 기회에 대해 기술해 주십시오. - 위 질문과 반대로 나쁜 점과 위험 요소는 무엇이라고 생각하십니까?
1010,0,새마을금고중앙회에 지원한 동기와 중앙회가 어떤 회사였으면 하는지 서술하세요. (400자 이내)
1011,0,생명보험의 이해- 생명보험이란 무엇이라고 생각하는지와 교보생명에 지원한 동기에 대하여 작성하여 주십시오
1012,0,현대글로비스와 해당 직무에 지원한 이유는 무엇인가요? (최대 800자 입력가능)
1013,0,현대글로비스와 지원하신 직무에 있어 5년 이내 이루고 싶은 목표를 구체적으로 작성해주세요. (최대 800자 입력가능)
1014,0,삼성메디슨 취업을 선택한 이유와 목표
1015,0,휴머스온에 지원하려는 이유와 개발자로써 커리어를 쌓아가기 위해 지금까지 어떤 준비를 해오셨나요? (400자 이내)
1016,0,제주은행 지원 동기 및 해당 분야에 지원한 이유를 구체적으로 작성해 주세요
1017,0,서울의료원에 지원하게 된 동기 및 입사 후 포부(자신의 역량 및 강점 포함)
1018,0,입사지원동기와 입사 후 포부를 본인의 직무역량과 결부시켜 구체적으로 기술.
1019,0,"JW에 지원하는 이유는 무엇이고, 입사 후 기대하는 본인의 역할에 대해 작성해 주세요. (최대 500자 입력가능)"
1020,0,지원동기 : 지원동기를 구체적으로 기술해주세요(500자 이내)
1021,0,입사 후 포부 : 입사 후 10년 동안의 회사생활 시나리오와 그것을 추구하는 이유를 기술해주세요(500자 이내)
1022,0,"한국전력공사에 지원하게 된 동기, 희망 직무를 선택한 이유 그리고 입사 후 어떤 업무를 하고 싶은지를 본인의 교육, 경험, 경력사항 등과 연계하여 구체적으로 기술 하여 주십시오."
1023,0,GS리테일에 지원하게 된 동기를 서술하여 주십시오. 1000BYTE
1024,0,현대글로비스와 해당 직무에 지원한 이유
1025,0,현대글로비스와 지원 직무에 있어 5년 이내 이루고 싶은 목표
1026,0,삼성전자를 지원한 이유와 입사 후 회사에서 이루고 싶은 꿈을 기술하십시오. 700자
1027,0,"현대오트론과 해당 부문에 지원한 이유, 그리고 현대오트론과 함께 이루고 싶은 목표는 무엇인가요?"
1028,0,KT 및 해당 직무에 지원한 동기와 KT에 입사 후 이루고 싶은 중장기적 목표를 기술해 주십시오. (최대 700자 입력가능)
1029,0,지원동기 및 장래포부
1030,0,부산은행이 귀하를 채용해야 할 이유와 부산은행과 함께 이루고자 하는 목표를 구체적으로 기술하십시오
1031,0,"여러분이 선택한 계열사 및 직무에 대한 지원동기는 무엇인가요? ①회사를 선택하는 기준이 무엇이며 CJ프레시웨이가 그 기준에 적합한 이유, ②지원 직무의 조직 내에서의 역할을 어떻게 이해하고 있는지 기술하고, ③직무에 본인이 적합하다고 판단하는 이유를 구체적으로 작성해 주세요."
1032,0,KB국민은행에 지원하게 된 계기와 KB국민은행이 귀하를 채용해야 하는 이유에 대하여 기술하십시오
1033,0,"여러분이 선택한 계열사 및 직무에 대한 지원동기는 무엇인가요? ①CJ프레시웨이가 아니면 안되는 이유, ②지원한 직무를 잘 수행할 수 있는 이유, ③입사 후 해당 직무에서의 성장 비전을 반드시 포함하여 구체적으로 작성해주세요. (1,000자 이내)"
1034,0,"우리은행에 지원한 동기는 무엇이며, 지원한 부문의 직무를 수행하기 위해 어떠한 노력을 해왔는지"
1035,0,본인이 지원한 직무의 지원 동기 및 관련경험과 입사 후 포부를 기술해 주세요
1036,0,한국민속촌에서 이루고 싶은 목표는 무엇인가요? 목표를 이루기 위한 계획을 포함하여 작성해주시기 바랍니다. (500자 내외)
1037,0,삼성전자를 지원한 이유와 입사 후 회사에서 이루고 싶은 꿈을 기술하십시오.(700)
1038,0,"여러분이 CJ ENM과 해당 직무에 지원한 동기는 무엇이며, ENM이 여러분을 선발해야 하는 이유를 설명해주세요. ①CJ ENM과 해당 직무에 관심을 갖게 된 계기, ②해당 직무를 잘 수행할 수 있는 이유, ③입사 후 성장비전을 반드시 포함하여 작성해주세요. (1,000자 이내)"
1039,0,회사 지원 사유와 회사에서 이루고 싶은 목표
1040,0,네오랩컨버전스에 지원한 이유와 입사 후 이루고 싶은 꿈은 무엇입니까?
1041,0,"지원자를 움직이게 하는 원동력은 무엇이고, 왜 그렇습니까?"
1042,0,지원동기 및 장래 포부에 대해 서술하시오.
1043,0,지원동기 [400자]
1044,0,삼성생명을 지원한 이유와 입사 후 회사에서 이루고 싶은 꿈을 기술하십시오. (700자)
1045,0,LG CNS에 지원한 동기와 입사 이후 꿈꾸는 것은 무엇인가요?글자수 967 / 500자 ~ 1000자
1046,0,지원 동기와 입사 후 포부에 대해 말씀해주세요.
1047,0,귀하가 동서발전에 지원하게 된 계기는 무엇입니까 가 우리 회사에 관심과 흥미를 갖게 된 계기와 나 입사를 위한 노력을 포함하여 작성해 주십시오
1048,0,우리 회사의 미래 성장 동력은 무엇이라고 생각하십니까 가 우리 회사에서 미래 성장을 위해 준비하고 있는 것과 나 지원자는 우리 회사의 성장에 기여할 수 있는 방법을 포함하여 작성해 주십시오
1049,0,"귀하가 농협에 지원한 구체적인 동기에 대하여 제시하고, 그러한 지원동기가 농협에게 어떤 기여를 줄 수 있는 지를 기술하시오.(600)"
1050,0,삼성취업을 선택한 이유와 입사 후 회사에서 이루고 싶은 꿈을 기술하십시오. (700)
1051,0,"우리 공단에 지원하게 된 동기와 공단에서 이루고자 하는 목표를 말씀해주시고, 이를 위해서 노력하고 있는 것이 무엇인지를 말씀해주십시오"
1052,0,우리 서울에너지공사에 지원한 동기가 무엇입니까?
1053,0,본인이 우리 공사에 입사하게 되면 갖게 되는 기회에 대해 기술해 주십시오.
1054,0,직장 선택에 영향을 미친 본인의 가치관과 왜 연세대학교에 지원하게 되었는지 기술하여 주시기 바랍니다
1055,0,입사 후 10년 동안의 직장생활 계획과 그에 대한 구체적인 실천 방안을 기술하여 주시기 바랍니다.
1056,0,"[일반직] 한국환경공단에 지원하게 된 동기와 지원직무에 대한 본인의 경험, 경력, 교육 등을 연계하여 자세히 기술하여 주시기 바랍니다."
1057,0,[일반직] (직무수행계획) 한국환경공단에 입사시 본인 지원직무와 관련된 업무를 어떻게 수행해 나갈 것인지에 대하여 작성하여 주시기 바랍니다.
1058,0,본인이 지원한 직무관련 향후 계획에 대하여 글자수 474 / 100자 ~ 500자 글자수 474 / 100자 ~ 500자
1059,0,"우리 공단에 지원하게 된 동기와 공단에서 이루고자 하는 목표를 말씀해주시고, 이를 위해서 노력하고 있 는 것이 무엇인지를 말씀해주십시오."
1060,0,지원동기를 자신의 경험과 목표를 바탕으로 서술하시오
1061,0,희망 직무에 대한 포부를 쓰시오
1062,0,"본인이 5년 후, 10년 후 이루고 싶은 경력목표는 무엇이며, 왜 동구바이오제약 입사를 희망하는 지를 기술하여 주십시오."
1063,0,많은 회사들 중에서 롯데면세점에 지원하게 된 동기를 작성해주세요.
1064,0,"롯데면세점 입사 후 이루고 싶은 목표와 앞으로의 계획, 포부에 대해 이야기해주세요."
1065,0,"회사를 선택하는 기준은 무엇이며, 왜 그 기준에 GS글로벌이 적합한지 서술하시오."
1066,0,"직장인으로서의 성장비전은 무엇이며, 이를 이루기 위한 입사 후 5년 간의 계획을 서술하시오."
1067,0,당사에 지원한 동기와 입사하기 위해 어떠한 노력을 기울였는지 구체적으로 기술하시오
1068,0,지원동기 및 입사 후 포부(600자)
1069,0,'LG이노텍'과 '지원 분야'를 선택하신 이유를 구체적으로 기술해 주십시오.
1070,0,"오뚜기에 입사하고자 하는 이유와 지원 직무에 대한 본인의 장점, 그리고 입사 후 자신의 목표에 대해 설명하십시오."
1071,0,당사 및 직무에 지원한 동기에 대하여 설명해 주세요. [500자 이상 700자 이내]
1072,0,입사후 성취하고자 하는 것에 대해서 작성하세요 (구체적일 수록 좋습니다.)
1073,0,KCC 지원동기 및 사내에서 이루고 싶은 목표 (250자)
1074,0,"본인이 직장을 선택할 때의 기준을 명시하고, 대한항공을 선택하게 된 사유에 대하여 기술하시오"
1075,0,"우리은행에 지원한 동기는 무엇이며, 지원한 부문의 직무를 수행하기 위해 어떠한 노력을 해왔는지 기술하여 주십시오."
1076,0,삼성바이오로직스를 지원한 이유와 입사 후 회사에서 이루고 싶은 꿈을 기술하십시오 (700)
1077,0,신한은행 지원 동기 및 해당 분야에 지원한 이유를 구체적으로 작성해 주세요.
1078,0,지원한 분야에서 본인이 이루고 싶은 목표를 작성해 주세요.
1079,0,"해당 기관, 직무에 지원한 이유와 인턴십 기간 혹은 인턴십 후에 이루고 싶은 목표에 대해 기술하여 주십시오."
1080,0,자신이 현대로템 및 지원 직무에 적합한 인재라고 생각하는 이유에 대해 말씀해주세요.
1081,0,"은행원이 되고 싶은 이유, DGB대구은행에 지원한 이유"
1082,0,IT Leadership Academy에 지원하게 된 동기를 기재하여 주십시오.
1083,0,귀하가 태광산업을 지원한 동기와 입사를 위해 준비한 본인만의 경쟁력을 기술해 주십시오.
1084,0,"CJ제일제당과 해당 직무에 지원한 동기는 무엇인가요? ① CJ제일제당이어야만 하는 이유, ② 지원 직무에 관심을 갖게 된 계기, ③ 입사 후 성장 목표를 반드시 포함하여 구체적으로 작성해 주세요"
1085,0,"애경산업의 현 상황을 고려할 때, 지원 직무에서 본인이 어떠한 기여를 할 수 있는지 기술해 주십시오"
1086,0,CJ대한통운 건설부문에 지원한 이유와 입사 후 회사에서 이루고 싶은 꿈을 기술해주세요.(700자)[한국플랜트산업협회 플랜트 교육]
1087,0,학교 생활 및 입사 후 포부
1088,0,지원동기 및 입사 후 포부를 서술하시오. (0Bytes / 1000 Bytes)
1089,0,지원한 이유는 무엇입니까?
1090,0,"자기소개서 [지원동기] 우리에프아이에스를 선택한 이유와 입사 후 회사에서 이루고 싶은 꿈에 대해 말씀해 주세요. (최대 1,000자 입력가능)"
1091,0,향후 11번가에 입사하게 되면 하고 싶은 업무 영역과 궁극적 본인의 Career Goal은 무엇이며 이유는 무엇인지 적어주세요.
1092,0,당사에 지원하게 된 동기와 입사 후 본인의 포부를 구체적으로 작성하십시오. 500
1093,0,한국투자증권에서 이루고 싶은 꿈(목표)과 그 이유(400자 이내)
1094,0,자신에게 직장생활의 의미는 무엇인가?(200자 이내)
1095,0,지원동기 (700자)
1096,0,GS리테일에 지원하게 된 동기를 서술하여 주십시오. (1000byte)
1097,0,현대자동차 해당 직무 분야에 지원하게 된 이유와 본인이 해당 직무에 적합하다고 판단할 수 있는 근거를 기술해주십시오. (800자 이내)
1098,0,"오뚜기에 입사하고자 하는 이유와 지원 직무에 대한 본인의 장점, 그리고 입사 후 자신의 목표에 대해 설명"
1099,0,"광고 업종에 지원하게 된 동기는 무엇이며, 이노션이 본인을 채용해야 하는 이유에 대해 작성해 주세요."
1100,0,"여러분이선택한 계열사(CGV) 및 직무에 대한 지원동기는 무엇인가요? ① 선택한계열사(CGV)가 아니면안되는 이유, ② 직무에 관심갖게 된 계기, ③ 본인이 직무를 잘 수행할 수 있는 이유를 반드시 포함하여 구체적으로 작성해 주세요.(700자이내)"
1101,0,본인이 지원한 직무관련 향후 계획에 대하여 [500자 이내]
1102,0,대우건설에 지원한 이유를 입사 후 이루고 싶은 목표와 연계하여 작성해 주시기 바랍니다. (700자)
1103,0,LG유플러스 및 분야/직무에 대한 지원 동기'와 '해당 분야/직무를 잘 수행하기 위해 어떤 준비'를 해왔는지 구체적으로 설명해주세요.글자수 997 / 100자 ~ 1000자
1104,0,"[지원동기] 하나금융티아이에 지원하게 된 구체적인 이유는 무엇이며, 입사 후 목표는 무엇인지 기술해주십시오."
1105,0,입사 후 포부:입사 후 10년 동안의 회사생활 시나리오와 그것을 추구하는 이유를 기술해주세요.
1106,0,"Challenge C. 금호석유화학그룹에 입사할 경우, 본인이 현재 보유하거나, 앞으로 보유할 직무역량을 어떻게 발휘할 수 있을지 서술하십시오."
1107,0,"(선택사항) 왜 회사가 당신을 꼭 채용해야만 하는지 당신의 강점, 능력 등을 자유롭게 PR 하십시오."
1108,0,"해당부문에 지원한 동기를 간략하게 밝히고, 본인이 그 부문에서 업무를 잘 수행할 수 있다고 생각하는 이유를 구체적으로 기술해 주십시오."
1109,0,"지원한 회사, 직무, 근무지에 관련하여 특별히 희망하는 점이 있으면 알려 주시고, 회사에서 이루고 싶은 자신의 포부를 밝혀주십시오."
1110,0,"코오롱플라스틱과 해당 직무에 지원한 동기를 기술하고, 입사 후 회사에서 이루고 싶은 비전을 작성해 주시기 바랍니다"
1111,0,삼성엔지니어링을 지원한 이유와 입사 후 회사에서 이루고 싶은 꿈을 기술하십시오. 확고한 기본 기술의 축척 전문성 700자
1112,0,"본인이 직장을 선택할 때의 기준을 명시하고, 대한항공을 선택하게 된 사유에 대하여 기술하시오(600자 이내)"
1113,0,본인이 지원한 직무를 잘 수행할 수 있다고 생각하는 이유와 입사 후 자신의 목표를 설명하십시오.
1114,0,미니스톱을 지원하게 된 동기와 입사 후 포부에 대하여 기술하시오. (997/1000자)
1115,0,"직업을 선택함에 있어 본인이 중요하게 생각하는 기준을 설명하고, 농협은행을 지원한 이유를 기술하시오."
1116,0,"입사 후 10년 내에 직무와 관련하여 이루고 싶은 목표를 기술하고, 그 이유와 계획을 설명하여 주십시오."
1117,0,지원 직무를 희망하게 된 동기를 구체적으로 서술해 주십시오. (500자)
1118,0,"본인의 입사지원 회사를 선택하는 기준은 무엇이며, KT&G가 왜 그에 부합하는 회사인지 기술하여 주시기 바랍니다."
1119,0,"본인이 KT&G에 입사하게 된다면 어떤 분야에서 무엇을 기여할 수 있을지, KSA를 기준으로 구체적으로 기술하여 주시기 바랍니다."
1120,0,(지원 포부) 우리 공사에 지원한 동기와 어떠한 직무를 수행하고 싶은지 그 이유와 함께 기술해 주십시오.
1121,0,본인이 회사를 선택하는 기준을 바탕으로 우리 회사를 선택한 이유를 작성해주세요. 1000
1122,0,입사 후 회사에서 어떤 업무를 수행하고 싶은지와 본인이 꿈꾸는 Career Path(경력관리계획)를 작성해주시기 바랍니다.
1123,0,신협 지원 동기를 구체적으로 작성해 주세요.
1124,0,본인이 회사를 선택하는 기준과 입사 후 회사에서 이루고 싶은 꿈을 솔직하게 표현해주세요. (최대 500자 입력가능)
1125,0,삼성바이오에피스를 지원한 이유와 입사 후 회사에 이루고 싶은 꿈을 기술하시오.(700자)
1126,0,KB국민은행에 지원하게 된 계기와 KB국민은행이 귀하를 채용해야 하는 이유에 대하여 기술하십시오 [ 500자이내 1000kbyte ]
1127,0,삼성바이오로직스를 지원한 이유와 입사 후 회사에서 이루고 싶은 꿈을 기술하십시오. (한글 700자/영문 1400자 이내)
1128,0,"K-water에 입사지원한 동기 및 입사 후 실천하고자 하는 목표를 K-water 인재상(내실, 혁신, 신뢰) 중 자신과 가장 잘 부합하는 역량과 결부시켜 작성해 주십시오."
1129,0,아시아나항공을 지원하게 된 동기를 서술하여 주십시오. (500자 이상 600자 이내)
1130,0,(아시아나항공에 입사하게 된다면) 입사 후 포부를 서술하여 주십시오. (500자 이상 600자 이내)
1131,0,다날에 지원한 동기를 기술해주세요. 500자
1132,0,5년 후 본인은 다날에서 어떤 개발자로 성장해 있을지 기술해주세요. 500자
1133,0,LG화학에서 이루고 싶은 나만의 꿈과 비전을 소개해주세요
1134,0,"금호석유화학그룹에 입사할 경우, 본인이 현재 보유하거나, 앞으로 보유할 직무역량을 어떻게 발휘할 수 있을지 서술하십시오. (300자이내)"
1135,0,본인이 지원한 분야에 대한 내용을 아래 항목별로 작성해 주세요. 2-1. 신한은행 지원 동기 및 해당 분야에 지원한 이유를 구체적으로 작성해 주세요. (최대 500자 입력가능)
1136,0,지원한 분야에서 본인이 이루고 싶은 목표를 작성해 주세요. (최대 500자 입력가능)
1137,0,삼성물산(상사)를 지원한 이유와 입사 후 회사에서 이루고 싶은 꿈을 기술하십시오.
1138,0,"한화생명에 지원한 동기에 대하여 기술하여 주시기 바라며, 입사 후 회사에서 이루고 싶은 목표나 꿈을 기재하여 주시기 바랍니다.(700~1000자) *해당 채용사이트의 자기소개서 줄바꿈(엔터)을 할 경우 2글자로 계산되어 자소설닷컴의 글자수와 차이가 있을 수 있습니다. 이를 참고하여 자기소개서를 작성해주시길 바랍니다."
1139,0,회사에 입사하면 자신의 역량을 통해 어떤 방식으로 회사에 기여할지 기술하여 주십시오.
1140,0,지원동기와 입사 후 목표 : ㈜한화/무역을 지원한 이유와 입사 후 개인/회사의 성장 목표에 대하여 기술해 주십시오.
1141,0,"한국남부발전에 지원한 동기에 대해 작성해주시고, 입사 후 실천하고자 하는 목표를 직무 및 자신의 역량과 결부하여 기술하여 주십시오."
1142,0,"우리은행에 지원한 동기는 무엇이며, 입행 후 지원한 부문에서 궁극적으로 이루고 싶은 꿈과 이를 위한 단기적인 계획은 무엇인지 기술해 주십시오."
1143,0,입사동기 *500자
1144,0,입사 후 포부 (구체적 서술) *500자
1145,0,"JW에 지원하는 이유는 무엇이고, 입사 후 기대하는 본인의 역할에 대해 작성해 주세요."
1146,0,신협 지원 동기 및 입사 후 포부를 작성해 주세요.
1147,0,"해당 직무에 지원한 동기와 해당 직무에 본인이 적합한 이유 및 근거를 본인의 경험, 전공 등과 연계하여 서술하시오.(600자 이내)"
1148,0,"SK 입사 후 어떤 일을 하고 싶으며, 이를 위해 본인이 무엇을 어떻게 준비해 왔는지 구체적으로 기술해 주세요. (1000 자 10 단락 이내)"
1149,0,입사후 10년 이내 회사에서 이루고 싶은 목표. 그것을 추구하는 이유와 이를 달성하기 위한 계획
1150,0,귀하가 우리 조직에 입사하였다는 상황 하에 아래의 질문에 답변을 기술하여 주십시오.
1151,0,입사후 이루고 싶은 목표 및 계획
1152,0,"지원한 분야에서 펼치고 싶은 꿈이 무엇인지, 그 꿈을 신한은행에서 이루고 싶은 이유는 무엇인지 구체적으로 기술해주세요. 500자"
1153,0,"우리공사에 관심을 갖게 된 계기와 입사 후 이루고 싶은 목표는 무엇입니까? 본인이 제시한 목표를 달성하는 것이 공사의 미션 또는 비전 달성에 어떠한 형태로 기여할 수 있는지 기술해 주시기 바랍니다. * 공사의 미션, 비전은 공사 홈페이지 참조(300~500자)"
1154,0,본인이 채용되어야 하는 이유 (80자 이내)
1155,0,극동방송에 지원한 동기와 입사준비를 위해 어떠한 노력을 했는지 적어주세요.
1156,0,우리재단에 입사하기 위해 타 지원자와 차별화된 준비는 무엇입니까? (최대 300자 입력가능)
1157,0,입사 후 포부 및 성장계획
1158,0,회사에 지원한 동기를 기술해 주십시오.
1159,0,일동그룹에 지원하게 된 동기와 본인이 지원한 직무에 적합하다고 생각하는 이유를 설명해 주십시오.
1160,0,해당 직무로 지원한 이유는 무엇인지 소개해주십시오
1161,0,"우리 공단에 지원하게 된 동기와 공단에서 이루고자 하는 목표를 말씀해주시고, 이를 위해서 노력하고 있는 것이 무엇인지를 말씀해주십시오."
1162,0,"당신이 회사를 선택하는 기준은 무엇이며, 왜 샘표식품을 선택하여 지원하는지 설명해주십시오. (500자)"
1163,0,아시아나항공 캐빈승무원에 지원하게 된 동기와 입사 후 포부를 서술하여 주십시오. * [500자 이상 700자 이내]
1164,0,우리 회사와 희망직무를 선택하게 된 동기를 기술해 주시기 바랍니다. *
1165,0,지원하신 직무가 회사에서 어떠한 역할을 수행한다고 생각하는지 자유롭게 기술해주시기 바랍니다. *
1166,0,향후 회사에서 이루고 싶은 목표에 대해 기술해주시기 바랍니다. *
1167,0,"CJ제일제당과 해당 직무에 지원한 동기는 무엇인가요? ① CJ제일제당이어야만 하는 이유, ② 지원 직무에 관심을 갖게 된 계기, ③ 입사 후 성장 목표를 반드시 포함하여 구체적으로 작성해 주세요. (1,000자 이내)"
1168,0,삼성디스플레이를 지원한 이유와 입사 후 회사에서 이루고 싶은 꿈을 기술하십시오. (700자 이내)
1169,0,삼성생명서비스에 지원한 동기를 기술하십시오.
1170,0,당사에 지원한 이유와 입사를 위해 어떤 노력을 하였는지 구체적으로 기술하시오. 1000자
1171,0,희망직무에 지원하기 위해 어떤 준비와 노력을 했는지를 서술하시오. (100~600자)
1172,0,우리 회사에 지원한 동기에 대해 기술해주세요
1173,0,"여러분이 선택한 계열사 및 직무에 대한 지원동기는 무엇인가요? ① 선택한 계열사가 아니면 안되는 이유, ② 직무에 관심갖게 된 계기, ③ 본인이 직무를 잘 수행할 수 있는 이유를 반드시 포함하여 구체적으로 작성해 주세요. (1,000자 이내)"
1174,0,"입사 후 이루고 싶은 목표는 무엇이며, 목표를 이루기 위하여 어떠한 준비와 노력이 필요하다고 생각하는지 기술하여 주세요."
1175,0,한국국제협력단 입사 후 이루고 싶은 목표에 대하여 기술하여 주십시오.
1176,0,조직이해능력 : 본원에 입사 지원한 동기 및 입사 후 실천하고자 하는 차별화된 목표를 작성하여 주시기 바랍니다.
1177,0,해당 직무를 하고 싶은 이유를 구체적으로 서술하시오.
1178,0,포스코에너지에 지원하는 동기에 대해 기술하여 주십시오.
1179,0,지원분야와 관련하여 인천관광공사에 지원한 동기와 입사 후 포부를 서술해 주시기 바랍니다. (600자 이내)
1180,0,[필수] 지원 동기는 무엇인가요? 특별히 좋아하는 웹툰과 웹소설이 있다면 언급해주셔도 좋습니다.
1181,0,대한항공 객실승무원이 되고 싶은 이유를 2개 이상 기술하시오. (600자 이내)
1182,0,본인을 채용해야 하는 이유에 대하여 기술하시오. (600자 이내)
1183,0,지원하신 분야 관련하여 KT에 기여하실 수 있는 점을 소개해주십시오.
1184,0,"지원동기 및 입행 후 계획 (1000자 이내, 자필)"
1185,0,풍산에 입사하고자 하는 이유가 무엇입니까? (지원동기)
1186,0,"당신이 지원한 직무에 대해서 어떠한 노력과 준비를 해왔으며, 풍산에 입사한다면 그러한 것들을 어떻게 펼치고 발전시켜 나갈 것인지에 대해 기술해 주십시오."
1187,0,롯데케미칼에 지원한 동기를 구체적으로 기술해주세요. (500자 이내)
1188,0,입사 후 롯데케미칼과 본인의 커리어가 어떻게 상호발전할 수 있을지 기술해 주세요. (500자 이내)
1189,0,귀하가 금호아시아나그룹(지망회사)을 지원하게 된 동기에 대해 서술해 주십시오 * [100자 이상 500자 이내]
1190,0,"입사 후 10년 내 회사에서 이루고 싶은 목표는 무엇이며, 그것을 추구하는 이유와 이를 달성하기 위한 계획을 서술해 주십시오 * [100자 이상 500자 이내]"
1191,0,"현대자동차를 지원한 동기와 이유, 향후 현대자동차에서의 구체적인 목표와 비전에 대해 기술해 주십시오."
1192,0,지원 사업부 또는 직무에 지원한 동기와 입사 후 회사에서 이루고 싶은 중장기적 목표를 기술해 주십시오. (500~700자)
1193,0,당사에 지원하게 된 이유를 자신의 직업관에 근거하여 작성하여 주시기 바랍니다.
1194,0,입사 후 본인이 기대하는 일성건설의 모습과 직장생활 시 예상되는 애로사항에 대해 서술하여 주시기 바랍니다. (500자) (500/500)
1195,0,gs리테일에 지원하게 된 동기
1196,0,"지원 동기와 입사 후 포부에 대해 말씀해주세요. 798/800 (글자 수, 공백 포함)"
1197,0,지원이유 및 장래포부
1198,0,인바디에 입사하여 어떤 일을 하고 싶습니까? 인바디를 조사하여 가능한 구체적으로 서술해주세요.
1199,0,"우리공사 및 지원한 직무에 관심이 생긴 계기를 기술하고, 우리공사에서 근무하면서 어떤 부분을 성취하고 싶은지 기술해 주세요. (1000자)"
1200,0,"한국가스기술공사에서 왜 귀하를 채용해야 하는지와 입사하면 어떤 방법으로 조직에 기여할 수 있는지, 또한 한국가스기술공사에서"
1201,0,우리공사에 관심을 갖게 된 계기와 입사 후 이루고 싶은 목표는 무엇입니까?
1202,0,중소벤처기업진흥공단에 지원한 동기와 중진공이 자신을 채용해야만 하는 이유를 자신의 능력·경력·장점을 포함하여 기술해 주시기 바랍니다.
1203,0,삼성전자를 지원한 이유와 회사에서 이루고 싶은 꿈을 기술하십시오.
1204,0,한국연구재단에서 지원 직무에 대한 자신의 목표와 그를 이루기 위한 구체적인 계획을 기술하여 주십시오.(1000자)
1205,0,삼성SDI를 지원한 이유와 입사 후 회사에서 이루고 싶은 꿈을 기술하십시오. (700자)
1206,0,"(지원 포부) 본인은 한국토지주택공사의 어떤 사업에 관심이 있으며 어떤 부분에 기여하고 싶은지, 본인의 주요직무 역량 및 강점을 기반으로 기술해 주십시오."
1207,0,지원동기를 작성해 주십시오
1208,0,입사 후 포부를 작성해 주십시오
1209,0,지원분야 지원 동기 지원분야 지원 동기 / 성장 과정 (학창 시절 등) Guide> 중요 내용 위주로 간략하게 기술하여 주시기 바랍니다.
1210,0,포스코에 지원하게 된 동기에 대하여 기술하여 주십시오.
1211,0,지원하신 동기와 입사 후 3년 내에 이루고자 하는 목표를 작성해주십시오
1212,0,당사에 지원하게 된 동기는 무엇입니까?
1213,0,입사 후 포부는 무엇입니까?
1214,0,우리회사에 지원한 동기
1215,0,희망직무/근무희망부서 및 그 이유
1216,0,"입사 후 포부 : IT Trend, 기술/시장동향을 고려하여 입사 후 10년 동안 회사에서 이루고자 하는 포부와 그것을 추구하는 이유를 기술해주세요."
1217,0,입사지원 동기 / 700
1218,0,입사 후 포부 / 700
1219,0,삼성전자를 지원한 이유와 입사 후 회사에서 이루고 싶은 꿈을 기술하십시오. (700자 이내)
1220,0,하나투어에 지원하게 된 이유와 입사 후 목표에 대하여 기술하십시오
1221,0,지원한 이유는 무엇입니까? (300자)
1222,0,"지원분야/직무에 대한 지원 동기와, 해당 분야/직무를 위해 어떤 준비를 해왔는지 소개해주세요. (700자 이내)"
1223,0,LG화학에서 이루고 싶은 나만의 꿈과 비전을 소개해주세요. (500자 이내)
1224,0,"SK케미칼 입사 후 어떤 일을 하고 싶으며, 이를 위해 본인이 무엇을 어떻게 준비해 왔는지 구체적으로 기술하십시오. (600 자 7 단락 이내)"
1225,0,포스코에 지원하게 된 동기에 대하여 기술하여 주십시오 (1497byte/1500byte)
1226,0,(지원동기) 본인이 알고 있는 KOGAS에 관한 내용은 무엇이며 그 정보를 어떻게 얻게 되었는지 기술해 주시기 바랍니다. 또한 그 중 어떠한 점에 이끌려 우리 공사에 지원하게 되었는지 기술해 주십시오.
1227,0,"(희망직무 및 포부) 선택한 희망직무에 관심을 갖게 된 계기와 이를 잘 수행할 수 있다고 생각하는 이유를 본인의 역량, 준비과정, 경험을 근거로 서술해 주십시오. 또한, KOGAS 입사 후 실천하고자 하는 목표 및 향후 자기계발 계획에 대해 구체적으로 기술해주십시오."
1228,0,입사포부 및 기타사항
1229,0,지원동기를 작성해 주십시오. (500자)
1230,0,입사 후 포부를 작성해 주십시오. (500자)
1231,0,리하우스TR 또는 SC 직무에 도전하는 이유와 한샘에 지원하는 이유는 무엇인가요?
1232,0,한화시스템 시스템부문에 지원하는 동기에 대하여 구체적으로 작성하시오
1233,0,포스코에 지원하게 된 동기에 대하여 기술하여 주십시오
1234,0,지원동기 : 지원동기를 구체적으로 기술해주세요. (500자)
1235,0,입사 후 포부 : 입사 후 10년 동안의 회사생활 시나리오와 그것을 추구하는 이유를 기술해주세요. (500자)
1236,0,우리 회사를 지원한 동기와 희망직무에 대하여 준비해 온 것을 기술하여 주시기 바랍니다.
1237,0,"지원동기 : 지원동기를 구체적으로 기술해주세요. 484/500 (글자 수, 공백 포함)"
1238,0,"입사 후 포부 : 입사 후 10년 동안의 회사생활 시나리오와 그것을 추구하는 이유를 기술해주세요. 470/500 (글자 수, 공백 포함)"
1239,0,"지원한 직무에 대해 정의를 내리고, 본인이 지원한 직무에 적합하다고 생각하는 이유를 구체적으로 서술해주시기 바랍니다."
1240,0,회사 및 해당 직무에 지원한 동기와 입사 후 회사에서 이루고 싶은 중장기적 목표를 기술해 주십시오.
1241,0,인턴십 지원동기와 본인의 역량에 대하여 [1000자]
1242,0,귀하께서 한독에 지원한 동기는 무엇입니까?
1243,0,귀하께서 이 업무에 지원한 이유는 무엇입니까?
1244,0,당사에 지원하게 된 지원동기와 본인의 10년 후 계획에 대해 기술해 주십시오.
1245,0,"EBS 입사 지원을 하게 된 동기는 무엇이며, EBS가 당신을 채용해야 하는 결정적 이유에 대하여 설명해주세요. * [1000자 이내]"
1246,0,지원 직무를 희망하게 된 동기를 구체적으로 서술해 주십시오.(300자)
1247,0,본인을 채용해야 하는 이유에 대하여 기술하시오.
1248,0,삼성전자판매를 지원한 이유와 입사 후 회사에서 이루고 싶은 꿈을 기술하십시오.
1249,0,신한은행 지원 동기 및 해당 분야에 지원한 이유
1250,0,지원한 분야에서 본인이 이루고 싶은 목표
1251,0,지원동기: 지원동기를 구체적으로 기술해주세요. (500)
1252,0,입사 후 포부: 입사 후 10년 동안의 회사생활 시나리오와 그것을 추구하는 이유를 기술해주세요. (500)
1253,0,삼성화재를 지원한 이유와 입사 후 회사에서 이루고 싶은 꿈을 기술하십시오.(700)
1254,0,(지원동기) 지원동기 및 입사 후 어떻게 기여하고 싶은지 기술하여 주십시오. (300자 내외)
1255,0,한국석유관리원에 지원하게 된 동기와 지원한 분야의 업무를 왜 하고 싶은지 기술하시오 600
1256,0,KCC지원동기 및 사내에서 이루고 싶은 목표
1257,0,삼성전자를 지원한 이유와 입사 후 회사에서 이루고 싶은 꿈을 기술하십시오. 700
1258,0,삼성SDI를 지원한 이유와 입사 후 회사에서 이루고 싶은 꿈을 기술하십시오. (700자 이내)
1259,0,지원동기 및 입행 후 계획 (700자 이내)
1260,0,"회사를 선택하거나 지원할 때 본인이 가장 중요하게 생각하는 기준에 대해 작성하고, 기준을 충족하는 여러 회사 중 특히 주택도시보증공사에 지원한 이유를 기술해보십시오."
1261,0,잡코리아에 입사해야 하는 이유와 입사 후 어떤 공헌을 할 수 있는지 기술해주세요.
1262,0,"지원자가 한국중부발전 및 지원분야에 관심을 가지게 된 계기는 무엇이며,"
1263,0,지원자 본인이 불확실한 결과를 두려워하지 않고 열정적으로 노력하는 사람임을
1264,0,"인생의 목표(포부)는 무엇이며, 지금까지 목표를 이루기 위한 본인의 노력과 앞으로의 계획에 대해 기술해 주시기 바랍니다."
1265,0,포스코에 지원하게 된 동기에 관하여 기술하여 주십시오
1266,0,우리 원의 인재상 중 자신과 부합하는 항목을 적고 그 이유를 작성하십시오
1267,0,남양유업에 지원한 동기와 본인의 어떠한 점이 우리회사의 인재상에 적합하다고 생각하는지 기술하시오.
1268,0,우리공사의 인재상은 열정·화합·성장입니다. 귀하의 어떤 점이 우리공사의 인재상과 맞다고 생각하는지 작성하여 주십시오
1269,0,"한국남부발전에 지원한 동기에 대해 작성 해주시고, 지원분야와 관련하여 기대수준 또는 목표한 수준보다 더 높은 수준의 결과를 내기 위해 노력했던 경험이 있다면 이야기 해 주십시오."
1270,0,서울주택도시공사에 지원하게 된 동기는 무엇인지 기술해 주십시오.
1271,0,CJ 오쇼핑부문 및 해당 직무를 지원한 동기와 지원직무를 잘 수행할 수 있는 이유 ① 지원직무에 관심을 가지게 된 계기 ② 지원직무 수행시 예상되는 어려움 및 이를 극복하기 위한 본인만의 역량 ③ 입사 후 해당 직무에서의 성장 비전 등을 포함하여 구체적으로 작성 1500자
1272,0,대원제약 지원동기 및 지원 직무 수행을 위해 어떠한 준비를 해왔는지 기술하여 주십시오. [ 500자 이상 700자 이내 ] /700
1273,0,건설업에 관심을 가지게 된 계기와 포스코건설에 지원한 동기를 기술해 주시기 바랍니다.
1274,0,본인이 지원한 분야에서 희망하는 직무에 대해서 구체적으로 기술하고 입사 후 희망직무에 대한 비전을 제시해 주시기 바랍니다.
1275,0,"본인이 회사를 선택할 때의 기준은 무엇이며, 왜 에스엘이 그 기준에 적합한지를 서술해 주십시오. [ 200자 이상 500자 이내 ]"
1276,0,지원동기 및 현재각오 -
1277,0,해당직무의 지원동기 (700자)
1278,0,입사 후 포부: 광동제약을 통해 실현하고 싶은 가치 (700자)
1279,0,"해당직무에 지원한 동기는 무엇이고, 본인이 지원직무에 적합하다고 생각하는 이유를 인성적, 직무적 관점에서 설명해 주십시오. [100자 이상 1200자 이내]"
1280,0,삼성취업을 선택한 이유와 입사 후 회사에서 이루고 싶은 꿈을 기술
1281,0,회사와 이 직무에 지원한 이유를 쓰시오.
1282,0,"입사 후 어떻게 일하게 될 것이라고 생각하시는지, 상상하는 조직과 일의 모습에 대한 개인의 예상/기대를 이야기해 주세요."
1283,0,"[조직이해능력] K-water에 입사지원한 동기 및 입사 후 실천하고자 하는 목표를 K-water 인재상(내실, 혁신, 신뢰) 중 자신과 가장 잘 부합하는 역"
1284,0,지원동기: 지원동기를 구체적으로 기술해주세요. (500자)
1285,0,입사후 포부: 입사 후 10년 동안의 회사생활 시나리오와 그것을 추구하는 이유를 기술해주세요 (500자)
1286,0,지원동기/ 입사후포부
1287,0,신한은행 지원 동기 및 해당 분야에 지원한 이유를 구체적으로 작성해 주세요. (최대 500자 입력가능)
1288,0,삼성취업을 선택한 이유와 입사 후 회사에서 이루고 싶은 꿈을 기술하십시오.
1289,0,서연그룹에 지원하게 된 동기 및 지원하기 위해 어떠한 노력과 준비를 했는지 구체적으로 기술하여 주십시오
1290,0,"여러분이 CJ E&M과 해당 직무에 지원한 동기는 무엇이며, E&M이 여러분을 선발해야 하는 이유를 설명해주세요. ①CJ E&M과 해당직무에 관심을 갖게 된 계기, ②해당직무를 잘 수행할 수 있는 이유, ③입사 후 성장비전 을 반드시 포함하여 작성해주세요."
1291,0,"여러분의 CJ E&M PD 지원동기는 무엇인가요? ①CJ E&M에 지원한 이유, ②해당 채널의 PD에 관심을 갖게 된 계기, ③PD라는 직무를 잘 수행할 수 있는 이유를 포함하여 구체적으로 작성해주세요. (1,000자 이내)"
1292,0,SPC삼립에 지원한 동기를 기술하여 주시기 바랍니다 [ 50자 이상 3000자 이내 ]
1293,0,삼성카드를 지원한 이유와 입사 후 회사에서 이루고 싶은 꿈을 기술하십시오. (700자)
1294,0,"CJ ENM(오쇼핑부문) 및 해당 직무를 지원한 동기와 지원직무를 잘 수행할수 있는 이유는 무엇인가요? ① 지원 동기 및 지원 직무 수행시 필요하다고 생각하는 역량 ② 해당 역량을 갖추기 위한 그동안의 노력과 도전 (본인만의 강점, 준비, 관련경험 등) ③ 입사 후 성장 목표 등을 포함하여 구체적으로 작성해 주세요."
1295,0,지원 사업부 또는 직무에 지원한 동기와 입사 후 회사에서 이루고 싶은 중장기적 목표를 기술해 주십시오.(700자)
1296,0,한세실업 해당 직무에 지원하게 된 이유와 선택 직무에 대해 본인이 적합하다고 판단할 수 있는 이유 및 근거를 제시해주세요.(1000자)
1297,0,우리 회사에 지원하게 된 동기를 설명해 주십시오. (600자)
1298,0,세이브존에 지원하게 된 동기와 이루고 싶은 꿈을 간략하게 기술하세요.(500자 이내)
1299,0,"본인의 회사를 선택하는 기준이 무엇인지 설명하고, 한국토요타자동차에 지원하게 된 동기를 서술해 주십시오. (800자)"
1300,0,"개인 커리어의 비전 혹은 목표는 무엇이며, 이를 달성하기 위해 입사 후 어떤 노력을 할 것인지 서술해 주십시오. (800자)"
1301,0,게임업계에서 일하고 싶은 이유를 적어주세요.
1302,0,지원하신 분야에 합격하신 후 어떤 일들에 도전해보고 싶으신가요?
1303,0,우리대학에 지원한 동기에 대하여 기술해 주세요.
1304,0,포스코에너지에 지원하게 된 동기에 대해 기술하여 주십시오.
1305,0,입사 후 본인의 중장기 커리어 비전을 기술하여 주십시오.
1306,0,입사 후 담당하게 될 직무에서 본인이 달성하고자 하는 목표 또는 성과에 대해 작성해주시기 바랍니다.
1307,0,"[지원동기] 본인이 회사를 선택할 때 가장 중요한 항목(2개이상)은 무엇이고, IBK기업은행의 어떤 부분이 해당 기준에 부합하는지 설명하여 주십시오."
1308,0,"(조직적합성) 한국건강증진개발원에 지원하게 된 동기와, 개발원에서 귀하가 이루고자 하는 목표를 귀하가 보유한 핵심역량과 결부시켜 기술해 주십시오. (500자 이내)"
1309,0,지원 분야의 어떤 점에 매력을 느끼고 관심을 갖게 되셨나요? 또한 지원 분야를 위해서 무엇을 어떻게 준비해오셨나요?
1310,0,귀사에 지원하게 된 동기와 당사가 귀하를 선택해야 하는 이유에 대하여 구체적으로 기술해주십시오.
1311,0,당사에 입사해서 이루고 싶은 목표를 대해 작성해주십시오.
1312,0,부산교통공사에 지원한 동기는 무엇입니까?
1313,0,지원한 직무관련 어떻게 성장하고 싶은지 그리고 그 방법에 대해 구체적으로 작성 바랍니다.글자수 932 / 300자 ~ 1000자
1314,0,GS칼텍스에 지원한 이유는 무엇입니까? 지원한 직무 관련 경험 및 경력을 중심으로 작성해주시기 바랍니다.
1315,0,당사 지원한 사유와 입사 후 포부를 기술하시오. (글자수 제한 없음)
1316,0,"해당직무에 지원한 동기는 무엇이고, 본인이 지원직무에 적합하다고 생각하는 이유를 인성적, 직무적 관점에서 설명해주십시오. [100자 이상 1000자 이내]"
1317,0,당사 및 지원분야(직무)를 선택한 이유를 작성해주시기 바랍니다.
1318,0,입사 후 본인의 직무중심 경력개발계획 및 성장방향을 기술바랍니다.
1319,0,"필수 CJ제일제당과 해당 직무에 지원한 동기는 무엇인가요? ① CJ제일제당이어야만 하는 이유, ② 지원 직무에 관심을 갖게 된 계기, ③ 입사 후 성장 목표를 반드시 포함하여 구체적으로 작성해 주세요. (1,000자 이내)"
1320,0,입사동기 및 입사를 위한 노력
1321,0,남양유업에 지원한 동기와 본인의 어떠한 점이 우리회사의 인재상에 적합하다고 생각하는지 기술하시오.(500)
1322,0,"지원자가 중부발전 및 지원분야에 관심을 가지게 된 계기는 무엇이며, 이를 위해 그 동안 어떤 노력을 했는지 기술해 주시기 바랍니다."
1323,0,지원 동기에 대해서 서술해주십시오.
1324,0,일동그룹 인재상 중 자신과 가장 부합하는 것을 1가지 선택하고 그 이유를 관련경험에 근거하여 기술하세요.
1325,0,"지원분야의 지원동기, 포부"
1326,0,"우리은행 지원동기는 무엇이며, 우리은행에 입행하기 위해 다른 지원자와 차별화되어 본인이 어떠한 노력을 해왔는지 기술해 주세요"
1327,0,아시아나항공 항공정비직에 지원하게 된 동기에 대하여 서술하여 주십시오(100~500자)
1328,0,우아한형제들에 지원하게 된 동기와 희망직무에 대한 본인만의 경쟁력을 자유롭게 말씀해주세요. (1000)
1329,0,입사 후의 포부 및 계획
1330,0,본인이 회사를 선택하는데 있어 가장 중요하게 생각하는 가치는 무엇인가? 입사 후 현대엔지니어링에서 이루고 싶은 Vision을 기술하라.
1331,0,회사 및 해당 직무에 지원한 동기와 입사 후 회사에서 이루고 싶은 중장기적 목표를 기술 (700자)
1332,0,KOGAS에 지원하게 된 동기와 희망직무를 선택한 이유를 입사 후 목표 및 포부를 포함하여 기술해 주십시오.
1333,0,직장으로 한국철도공사에 지원하게 된 동기와 입사 후 포부를 기술하여 주십시오.
1334,0,[My Future] 본인이 지원한 직무관련 향후 계획에 대하여 Guide> 본인이 지원한 직무와 관련된 본인의 향후 미래 계획에 대해 구체적으로 기술해주시기 바랍니다. (500자)
1335,0,"K-water에 입사지원한 동기 및 입사 후 실천하고자 하는 목표를 K-water 인재상(내실, 혁신, 신뢰) 중 자신과 가장 잘 부합하는 역량과 결부시켜 작성해주십시오."
1336,0,지원동기에 대해 기술해 주세요
1337,0,[지원동기]포스코ICT에 입사해야 하는 이유와 지원분야에 관심을 가지게 된 계기를 작성하세요
1338,0,"[미래비전] 포스코ICT 입사 후 하고 싶은 업무와 5년 이내에 본인이 지원한 분야에서 이루어내고 싶은 목표, 향후 성장계획을 작성하세요"
1339,0,지원동기 및 열정에 대하여
1340,0,입사 후 포부에 대하여
1341,0,GS ITM 인턴쉽에 지원하게 된 동기를 작성해 주십시오
1342,0,"지원동기는 무엇이며, 본인이 서울산업진흥원에 꼭 입사해야 하는 이유를 기술해 주십시오. (최대 500자 입력가능)"
1343,0,본인이 채용되어야 하는 이유
1344,0,지원동기 및 입사 후 포부는 무엇인지 서술하여 주시기 바랍니다.
1345,0,제주항공에 지원하게 된 동기와 귀하께서 제주항공에 적합하다고 생각되는 이유를 기술해 주십시오.* [100자 이상 1000자 이내]
1346,0,직무 지원 동기 및 포부
1347,0,입사 후 희망업무 및 포부에 대하여 간단히 기술하여 주시기 바랍니다.
1348,0,지원동기 및 입사후 포부[2400 Bytes 이내]
1349,0,"해당직무에 지원한 동기는 무엇이고, 본인이 지원직무에 적합하다고 생각하는 이유를 설명해주십시오."
1350,0,삼성웰스토리를 지원한 이유와 입사 후 회사에서 이루고 싶은 꿈을 기술하십시오.
1351,0,자기 소개 및 (주)한화/화약에 지원한 동기를 기술해 주세요.
1352,0,한화의 인재상 중 자신과 가장 잘 부합하는 역량과 결부시켜 입사 후 목표를 작성해 주십시오.
1353,0,본 채용 공고에 지원하신 동기를 기술해 주십시오. [ 1자 이상 600자 이내 ]
1354,0,지원동기 및 성장목표. 500자
1355,0,직무관련 본인 생각
1356,0,"한화생명에 지원한 동기에 대하여 기술하여 주시기 바라며, 입사 후 회사에서 이루고 싶은 목표나 꿈을 기재하여 주시기 바랍니다.(700~1000자)"
1357,0,GS리테일에 지원하게 된 동기를 서술하여 주십시오. (500자 이내)
1358,0,지원 직무를 희망하게 된 동기를 구체적으로 서술해 주십시오.(400자)
1359,0,코오롱에 지원하게 된 동기와 지원한 분야를 위해 어떤 노력과 준비를 해왔는지 기술하시오.
1360,0,대한민국 최초 인터넷 전문은행인 케이뱅크에 지원한 동기에 대하여 작성 바랍니다.
1361,0,지원동기 및 입사 후 포부 (600자)
1362,0,지원동기 및 회사에서 이루고 싶은 꿈을 기술하시오 [100자 이상 600자 이내]
1363,0,희망 직무 지원을 위한 본인의 준비과정과 해당 직무로 우리 회사에서 이루고자 하는 목표가 무엇인지 기술하여 주시기 바랍니다.
1364,0,귀하가 금호아시아나그룹(지망회사)을 지원하게 된 동기에 대해 서술해 주십시오
1365,0,"입사 후 10년 내 회사에서 이루고 싶은 목표는 무엇이며, 그것을 추구하는 이유와 이를 달성하기 위한 계획을 서술해 주십시오"
1366,0,대웅그룹과 희망 직무에 지원한 이유를 본인의 경험적 사례를 들어 논리적 STAR 기법으로 서술하여 주세요. [ 1000자 이내 ] 0 /1000
1367,0,자기소개- 1. '구체적인 목표 지향성을 지닌'
1368,0,입사 후 목표- '자신감 있는 의사표현'
1369,0,"[Part3] 나는 이러한 이유로 케이아이엔엑스에 지원하였습니다. 1. 본인이 회사를 선택하는 기준은 무엇이며, 케이아이엔엑스의 어떤 점이 부합하여 지원하였는지 기술해주십시오."
1370,0,[Part3] 입사 후 케이아이엔엑스와 함께 어떠한 인재로 성장하고 싶은지 기술해주십시오.
1371,0,인생의 목표와 입사 후 회사에서의 목표를 구분하여 기술하여 주십시오. [ 500자 이내 ] 0 /500
1372,0,"본인의 진로를 물류업(또는 지원직무분야)으로 선택한 이유와 그 중 ②특히 CJ대한통운에 지원한 동기에 대해 구체적으로 기술해 주시기 바라며, ③ 입사 후 지원 직무에서의 성장 비전을 구체적으로 작성해주시기 바랍니다. (1,000자이내)"
1373,0,게임빌 지원동기 및 입사 후 포부에 대해 말씀해주세요.
1374,0,지원동기-700자 이내
1375,0,LG화학에서 본인이 기대하는 미래의 모습과 계획을 바탕으로 기술해주시기 바랍니다.
1376,0,지원동기 및 입사 후 포부를 서술하시오.
1377,0,본인이 지원한 부문에 적합하다고 판단될 수 있는 이유 및 근거를 기재하시오. * [600자 이내]
1378,0,대한장애인체육회에 입사 후 이루고 싶은 목표에 대해 기술하시오. * [600자 이내]
1379,0,인생의 목표와 입사 후 회사에서의 목표를 구분하여 기술하여 주십시오.
1380,0,본인이 지원한 직무관련 향후 계획에 대하여. 본인이 지원한 직무와 관련된 본인의 향후 미래 계획에 대해 구체적으로 기술해주시기 바랍니다.
1381,0,삼양그룹에 입사지원하게 된 동기는 무엇인지 기술해주십시오.(600자)
1382,0,"입사지원을 하게 된 동기와, 자신이 지원한 직무에 적합하다고 생각하는 구체적인 이유를 기술하시오."
1383,0,"한국전력기술 인턴에 지원한 동기가 무엇이며, 체험형 인턴을 통하여 어떠한 경험을 하고싶으십니까? (최소200자 / 최대500자)"
1384,0,본인이 당사에 입사하고자 하는 이유와 지원 직무를 위해 했던 구체적인 노력에 대해서 기술하여 주십시오. [ 200자 이상 600자 이내]
1385,0,당사의 일원으로서 이루고 싶은 목표를 기술하여 주십시오. [200자 이상 600자 이내]. [200자 이상 600자 이내]
1386,0,코오롱생명과학에 지원한 동기와 입사 후 회사에서 이루고 싶은 비전을 작성해주시기 바랍니다.
1387,0,지원동기(400-600)
1388,0,"간호사를 선택한 동기, 본인이 간호사에 적합하다고 생각하는 이유(400-600)"
1389,0,"주제1.지원동기 및 관심분야, 입사후 포부"
1390,0,"직장으로 항공사, 특히 대한항공에 지원하게 된 동기와 입사 후 포부를 간단하게 작성하여 주십시오(600자 이내)"
1391,0,"대웅제약에 지원한 이유는 무엇인가요? ""회사의 어떤 점이 좋아서, 회사로부터 무엇을 얻고 싶어서"" 등의 관점이 아닌 회사에 기여할 수 있는 바를 기술해주시기 바랍니다. 그리고 그것이 상대(회사)가 원하는 것일 거라고 생각하는 이유와, 지원자와 회사의 그러한 관계를 통해 사회와 고객에게 어떤 이득이 있을 것이라고 생각하는지 기술해주시기 바랍니다. [ 1자 이상 500자 이내 ]"
1392,0,삼성바이오에피스를 지원한 이유와 입사 후 회사에서 이루고 싶은 꿈을 기술하십시오
1393,0,"공사 입사 후, 본인의 비전과 목표는 무엇이며 그것을 이루기 위한 본인의 계획에 대해 기술하시오."
1394,0,"우리 공단에 지원하게 된 동기는 무엇이며, 본인이 왜 우리 공단에 적합한 인재라고 생각하는지 구체적인 사례를 들어 기술하시오. (500자 이내)"
1395,0,회사 및 해당 직무에 지원한 동기와 입사 후 회사에서 이루고 싶은 중장기적 목표를 기술해 주십시오. (최대 700자 입력가능) [우리 안에서 성장하는 KT]
1396,0,"CJ오쇼핑 및 해당 직무를 지원한 동기와 지원직무를 잘 수행 할 수 있는 이유는 무엇인가요? ① 지원 동기 및 지원 직무 수행시 필요하다고 생각하는 역량, ② 해당 역량을 갖추기 위한 그동안의 노력과 도전(본인만의 강점, 준비, 관련경험 등), ③ 입사 후 성장 목표 등을 포함하여 구제적으로 작성해 주세요. (1,000~1,500자 이내)"
1397,0,"부산교통공사에 지원한 동기는 무엇이며, 부산교통공사 입사 후 본인이 이루고 싶은 꿈은 무엇입니까?"
1398,0,지원자님이 지원한 직무를 잘 수행할 수 있을 것이라 생각하신 이유를 설명하여 주십시오. [100자 이상 400자 이내]
1399,0,입사 지원 동기 및 입사 시 회사에 기여하고자 하는 포부를 기술해 주십시오.
1400,0,농협을 직장으로 선택한(지원한) 이유에 대하여 작성
1401,0,지방근무 희망지를 선택한 이유에 대하여 작성 (미희망자의 경우 미희망 사유 포함)
1402,0,회사 및 해당 직무에 지원한 동기와 입사 후 회사에서 이루고 싶은 중장기적 목표를 기술하세요
1403,0,지원동기 및 입사 후 포부(600)
1404,0,입사 후 본인이 이루고자 하는 목표를 구체적으로 서술해주시기 바랍니다.
1405,0,우리공사 지원 동기 및 입사 후 포부에 대해 기술해 주십시오.
1406,0,우리 회사에 입사하기 위해 어떤 준비를 했습니까? 행동기반으로 작성해 주십시오.
1407,0,당사에 지원한 이유와 입사를 위해 어떤 노력을 하였는지 구체적으로 기술하시오 *
1408,0,코오롱인더스트리에 지원한 동기와 입사 후 회사에서 이루고 싶은 비전을 작성해 주시기 바랍니다. *
1409,0,"왜 (주) 면사랑을 자신의 ""일터""로 선택, 지원합니까?"
1410,0,씨제이헬스케어와 해당 직무에 지원한 동기는 무엇인가요? ①씨제이헬스케어를 선택한 이유 ②지원 직무에 관심을 갖게 된 계기 ③입사 후 성장목표 등 앞의 세 가지 내용을 반드시 포함하여 구체적으로 작성해 주세요.
1411,0,지원동기 및 입사 후 계획
1412,0,지원 직무에 도전하는 이유는 무엇인가요?
1413,0,회사에 지원한 이유와 입사 후 회사에서 이루고 싶은 꿈을 기술하시오.
1414,0,회사에게 들려주고 싶은 지원자님만의 이야기 또는 지원동기가 있다면 기술해주세요.
1415,0,"자기소개서 취업을 하고자 하는 이유를 적어주세요. (최소 1자, 최대 300자 입력가능)"
1416,0,"지원한 직무와 삶의 목표가 어떤 연관성이 있는지 적어주세요. (최소 1자, 최대 300자 입력가능)"
1417,0,"여러분이 선택한 계열사 및 직무에 대한 지원동기는 무엇인가요? ①CJ프레시웨이가 아니면 안되는 이유, ②지원한 직무를 잘 수행할 수 있는 이유 , ③입사 후 해당 직무에서의 성장 비전을 반드시 포함하여 구체적으로 작성해주세요.(1,000자 이내)"
1418,0,본인의 회사 선택 기준과 당사를 선택하신 동기를 기재바랍니다. (500 자 10 단락 이내) (500자)
1419,0,지원 직무를 성공적으로 수행할 수 있다고 생각하시는 이유와 향후 당사에서 이루고자 하는 비전을 기재바랍니다. (500 자 10 단락 이내) (500자)
1420,0,우아한 형제들에 지원한 동기와 희망 직무에 대한 본인만의 경쟁력을 자유롭게 말씀해주세요.
1421,0,한국석유관리원에 지원하게 된 동기와 지원한 분야의 업무를 왜 하고 싶은지 기술하시오.
1422,0,본인이 지원한 직무관련 향후 계획에 관하여
1423,0,"지원동기와 해당 직무를 선택하게 된 이유, 어떠한 노력을 기울였는지 작성해 주시기 바랍니다."
1424,0,지원동기를 서술하세요
1425,0,입사 후 포부와 이유를 서술하세요
1426,0,"우리 재단에 입사하여 보건·의료업 종사자로서 이루고 싶은 꿈(비전)을 설정하고, 이를 달성하기 위해 어떤 노력을 기울일 것인지 서술하여 주십시오. (300자 이내)"
1427,0,대한항공 지원 동기와 대한항공이 본인을 채용해야 하는 사유를 구체적으로 작성하여 주십시오.(600자 이내)
1428,0,'LG이노텍'과 '지원 분야'를 선택하신 이유를 구체적으로 기술해주십시오.
1429,0,My Future 본인이 지원한 직무관련 향후 계획에 대하여 본인이 지원한 직무와 관련된 본인의 향후 미래 계획에 대해 구체적으로 기술해주시기 바랍니다.
1430,0,지원 사업부 또는 직무에 지원한 동기와 입사 후 회사에서 이루고 싶은 중장기적 목표를 기술해 주십시오. (700)
1431,0,"본인이 다른 지원자에 비해 한국예탁결제원에 더 적합한 인재라고 생각하는 이유에 대해 설명하고, 입사 이후 계획에 대해 구체적으로 기술해 주십시오."
1432,0,지원동기와 협회에서 이루고 싶은 목표를 기술하시오
1433,0,"우리 재단에 입사하여 보건·의료업 종사자로서 이루고 싶은 꿈(비전)을 설정하고, 이를 달성하기 위해 어떤 노력을 기울일 것인지 서술하여 주십시오."
1434,0,"입사지원을 하게 된 동기와, 자신이 지원한 직무에 적합하다고 생각하는 구체적인 이유를 기술하시오. (600자)"
1435,0,"본인의진로를물류업(또는지원직무분야)으로선택한이유와그중②특히 CJ대한통운에지원한동기에대해구체적으로기술해주시기바라며, ③입사후지원직무에서의성장비전을구체적으로작성해주시기바랍니다. (1,000자이내)"
1436,0,"한국남부발전에 지원한 동기에 대해 작성 해주시고, 앞으로 한국남부발전이 나아가야 할 방향에 대해 본인의 역할과 연계하여 이야기해 주십시오."
1437,0,"본인의 진로를 재무/회계로 선택한 이유와 그 중 ②특히 CJ대한통운에 지원한 동기에 대해 구체적으로 기술해 주시기 바라며, ③ 입사 후 지원 직무에서의 성장 비전을 구체적으로 작성해주시기 바랍니다. (1,000자이내)"
1438,0,"공사 입사 후, 본인의 비전과 목표는 무엇이며 그것을 이루기 위한 본인의 계획에 대해 기술하시오.(500)"
1439,0,"지원자가 회사를 선택하는 기준은 무엇이며, 신한카드가 그 기준에 부합한 이유와 근거를 기술하시오"
1440,0,입사 후 10년 동안의 회사생활 Plan을 그려보고 그것을 추구하는 이유를 기술하시오.
1441,0,"지원분야와 관련해 최근에 가장 관심 가진 주제를 1개 선택하여, 그에 대한 본인의 생각을 서술하시오. (1000)"
1442,0,"지원 사업부 또는 직무에 지원한 동기와 입사 후 회사에서 이루고 싶은 중장기적 목표를 기술해 주십시오. 507/700 (글자 수, 공백 포함)"
1443,0,지원 사업부 또는 직무에 지원한 동기와 입사 후 회사에서 이루고 싶은 중장기적 목표를 기술해 주십시오. 700자
1444,0,"부산교통공사에 지원한 동기를 본인의 특기, 능력 등과 관련하여 기술하시오"
1445,0,"지원자가 회사를 선택하는 기준은 무엇이며, 신한카드가 그 기준에 부합한 이유와 근거를 기술하시오. 1000 Bytes 이내"
1446,0,입사 후 10년 동안의 회사생활 Plan을 그려보고 그것을 추구하는 이유를 기술하시오. 1400 Bytes 이내
1447,0,한화생명 사무직 지원동기를 작성해 주십시오.
1448,0,본인의 직장을 선택하는 기준(복수 가능)과 우리 회사가 그에 부합하는 이유를 구체적으로 서술하시오.
1449,0,"본인이 회사를 선택하는 기준은 무엇이며, 케이아이엔엑스의 어떤 점이 부합하여 지원하였는지 기술해주세요"
1450,0,직무에 대한 지원동기
1451,0,지원동기와 직무적합성
1452,0,"지원분야에 대한 지원 동기와, 관심직무에 대해 소개해주세요.(700자)"
1453,0,LG화학에서 이루고 싶은 나만의 꿈과 비전을 소개해주세요. (500자)
1454,0,지원동기: 지원동기를 구체적으로 기술해주세요
1455,0,KOGAS에 지원하게 된 동기와 희망직무를 선택한 이유를 입사 후 목표 및 포부를 포함하여 기술해 주십시오. (1000바이트)
1456,0,컴투스 지원동기 및 입사 후 포부
1457,0,코닝정밀소재 지원동기와 입사 후 계획을 기술해 주십시오. (600자 이내)
1458,0,한국항공우주산업을 지원하신 이유에 대해 작성하시기 바랍니다.
1459,0,JB에 지원한 동기와 입사 후 회사에서 이루고 싶은 비전을 작성해 주십시오.
1460,0,"GS E&R에 지원하게 된 동기와 해당 직무에 지원한 동기를 기술하고, 지원 직무관련 경험(인턴,교육, 프로젝트)과 이를 통해 느낀 점을 기술하여 주십시오."
1461,0,생명보험이란 무엇이라고 생각하는지와 교보생명에 지원한 동기에 대하여 작성하여 주십시오
1462,0,"본인이 회사를 선택하는 기준은 무엇이며, 우리 회사에 지원한 이유를 기술해주십시오."
1463,0,귀하의 직업을 선택하는 기준과 그 이유(200자)
1464,0,미니스톱을 지원하게 된 동기와 입사 후 포부에 대하여 기술하시오. (1000자)
1465,0,"KAMCO 및 지원분야에 관심을 가지게 된 계기는 무엇이며, 이와 관련하여 그 동안 어떠한 노력을 했는지, 입사 후 공사에 어떻게 기여할 수 있을지를 KAMCO의 역할 및 사업내용과 관련지어 구체적으로 작성해 주십시오. [ 500자 이상 1800자 이내 ]"
1466,0,대한항공 지원 동기와 대한항공이 본인을 채용해야 하는 사유를 구체적으로 작성하여 주십시오.(600자 이내) 글자수 자
1467,0,"CJ대한통운을 지원하게 된 동기와 물류사업에 관심을 가지게 된 계기에 대해서 구체적으로 작성해주세요. (1,000자 이내)"
1468,0,한국식품안전관리인증원 사업에 지원하게된 동기를 자유롭게 서술해 주십시오.
1469,0,"My story 해당회사 및 직무에 지원하는 동기에 대해 기술해 주시기 바랍니다. Guide> 직무에 관련된 경험 및 역량, 관심사항, 개인의 목표 및 비전 등 자신을 어필할 수 있는 내용을 기반으로 자유롭게 기술하시기 바랍니다."
1470,0,KB국민은행에 지원하게 된 이유와 노력한 점이 있다면 무엇인지 기술하십시오.
1471,0,[지원동기]'지원 분야'를 선택하신 이유를 구체적으로 기술해주십시오.
1472,0,모두투어네트워크에 지원하게 된 동기와 회사가 지원자를 선발해야 되는 이유에 대해 기술해주세요.
1473,0,본인의 입사 후 포부 및 향후 자기계발 계획에 대해서 구체적으로 기술해 주십시오. (1000자 이내)
1474,0,"신한은행을 지원한 이유와 지원한 희망 직무를 잘 수행할 수 있는 본인만의 준비 내용, 역량, 경험 및 이를 토대로 입행 후 이루고 싶은 꿈을 기술해 주세요."
1475,0,해당회사 및 직무에 지원하는 동기에 대해 기술해 주시기 바랍니다.1000
1476,0,자신이 지원한분야에 지원하게된 동기와 입사하기위하여 개인적으로 어떤 노력을 기울였는지 사례를 들어 설명하여주십시오
1477,0,에스원을 지원한 이유와 입사 후 회사에서 이루고 싶은 꿈을 기술하십시오.
1478,0,대원제약 지원동기 및 지원 직무 수행을 위해 어떠한 준비를 해왔는지 기술하여 주십시오.
1479,0,'LG유플러스 및 분야/직무에 대한 지원 동기'와 '해당 분야/직무를 잘 수행하기 위해 어떤 준비'를 해왔는지 구체적으로 설명해주세요.
1480,0,"CJ헬로비전 및 해당 직무에 지원한 이유와 CJ헬로비전이 당신을 채용해야하는 이유를 구체적으로 작성해주세요. (1,000자 이내)"
1481,0,우리은행에 입행하고 싶은 이유와 입행을 위해 어떠한 노력을 해왔는지 서술해 주십시오.
1482,0,입행 후 우리은행에서 이루고자 하는 목표와 포부에 대해 설명해 주십시오.
1483,0,'LG이노텍'과 '지원 분야'를 선택하신 이유를 구체적으로 기술해주십시오. (100~500자)
1484,0,해당 직무 지원 동기에 대해 기술해 주세요.
1485,0,우리 원에 입사 지원한 동기 및 입사 후 실천하고자 하는 목표는 무엇인지 구체적으로 서술해 주십시오.
1486,0,코오롱베니트에 지원하게 된 동기와 지원한 분야를 위해 어떤 노력과 준비를 해왔는지 기술하시오.
1487,0,면접시 받고 싶은 질문과 답변을 작성하시오.
1488,0,현대모비스에 지원하게 된 동기를 기재해 주시기 바랍니다. * [300자 이상 1000자 이내]
1489,0,지원동기와 지원직무에 적합하다고 생각하는 이유 (500자)
1490,0,입사 후 포부 (500자)
1491,0,입사 후 기대역할(수준)
1492,0,"한국야쿠르트에 지원한 동기와 지원자께서 당사에 적합하다고 생각하는 근거를 기술해 주시기 바랍니다. (최소 1자, 최대 700자 입력가능)"
1493,0,"제품, 전략, 판매 채널 등 당사 사업 영역과 관련하여 지원자께서 생각하는 발전방향을 제시하고, 그 방향 속에서 지원자께서 할 수 있는 역할이 무엇인지 기술해 주시기 바랍니다. (최소 1자, 최대 700자 입력가능)"
1494,0,인생의 목표와 입사 후 회사에서의 목표를 구분하여 기술하여 주십시오. [500자 이내]
1495,0,Applied Materials Korea에 지원하게 된 동기는 무엇입니까?
1496,0,당사에 지원하게 된 동기와 입사 한다면 성취하고 싶은 목표를 서술해 주시기 바랍니다. [ 500자 이상 1000자 이내 ]
1497,0,"해당 직무에 지원한 동기는 무엇이고, 본인이 지원직무에 적합하다고 생각하는 사유를 인성적, 직무적 관점에서 서술하여 주시기 바랍니다. [ 500자 이상 1000자 이내 ]"
1498,0,지원 동기 및 본인이 지원 직무에 적합하다고 생각하는 이유는 무엇입니까?
1499,0,입사 후 포부를 작성해 주세요.
1500,0,삼성전자를 지원한 이유와 입사 후 회사에서 이루고 싶은 꿈을 기술하십시오 700
1501,0,"[지원동기 및 포부] IBK기업은행을 지원한 이유, 그리고 입행 후 IBK기업은행에서 이루고 싶은 목표(포부)에 대해 설명하여 주십시오."
1502,0,회사 및 해당 직무에 지원한 동기와 입사 후 회사에서 이루고 싶은 중장기적 목표를 기술해 주십시오. (최대 700자 입력가능)
1503,0,"포스코 인턴십에 지원하게 된 동기는 무엇이며, 인턴생활 동안 자신의 계획에 대하여 서술하여 주십시오."
1504,0,지원동기 및 입사 후 포부 (400~2000자)
1505,0,본 직무 및 해당사에 지원하게 된 동기를 기술해주십시오.
1506,0,*한국가스안전공사에 지원한 동기를 간략하게 작성하여 주십시오.
1507,0,아시아나 항공 정비직에 지원하게 된 동기에 대하여 서술하여 주시오(500자이내)
1508,0,입사지원 동기 및 새마을금고 입사를 위하여 어떤 준비나 노력을하였는지 구체적으로 기술해주세요.
1509,0,귀하가 금호아시아나그룹(1지망회사)을 지원하게 된 동기에 대해 서술해 주십시오
1510,0,현대모비스에 지원한 이유와 입사를 하게 되면 달성하고자 하는 목표에 대해 구체적으로 기재해 주십시오
1511,0,회사 및 해당직무에 지원하게 된 동기와 입사 후 회사에서 이루고 싶은 중장기적 목표에 대해 구체적으로 기술해 주십시오. (최대 800자 입력가능
1512,0,"[지원동기 및 입사 후 포부] 대한항공에 입사하는 경우 본인이 희망하는 직무는 무엇이며, 그 직무의 수행을 위한 본인만의 경쟁력을 기술하시오.(600자 이내)"
1513,0,청년인턴 관련 준비한 점
1514,0,IBK캐피탈에 지원한 동기와 IBK캐피탈에서 이루고 싶은 본인의 목표에 대해 기술하시오
1515,0,우리원에 입사지원한 동기 및 입사 후 본인이 수행하게 될 업무를 위해 어떤 준비를 하였는지 본인의 역량과 연계하여 작성하여 주십시오.
1516,0,"해당 직무를 선택한 이유와, 이를 위해 꾸준히 노력했던 것은 무엇인지 설명하여 주세요. * [10자 이상 800자 이내]"
1517,0,삼성취업을 선택한 이유와 회사에서 이루고 싶은 꿈을 기술
1518,0,현대자동차 해당 직무 분야에 지원하게 된 이유와 선택 직무에 본인이 적합하다고 판단 할 수 있는 이유 및 근거를 제시해 주십시오. (1000)
1519,0,삼성전기를 지원한 이유와 입사 후 회사에서 이루고 싶은 꿈을 기술하십시오. (700자 이내)
1520,0,지원동기 및 입사후포부
1521,0,해당하는 직무를 지원하게 된 동기와 해당 직무를 통해 이루고 싶은 비전을 구체적으로 기재하여 주십시오 1000자
1522,0,본인이 채용되어야 하는 이유 80자
1523,0,"CJ E&M에 지원한 동기와 ② 직무 지원 동기, ③ 해당 직무를 잘 수행할 수 있는 이유(관련 경험 등)를 설명해주세요.(1,000자 이내)"
1524,0,지원동기 및 열정에 대하여 (800바이트 : 400자)
1525,0,서울주택도시공사에 지원하게 된 동기는 무엇인지 기술해 주십시오
1526,0,KOGAS에 지원하게 된 동기와 희망직무를 선택한 이유를 입사 후 목표 및 포부를 포함하여 기술해 주십시오
1527,0,지원동기 : 지원동기를 구체적으로 기술해주세요. (500)
1528,0,입사 후 포부 : 입사 후 10년 동안의 회사생활 시나리오와 그것을 추구하는 이유를 기술해주세요.(500)
1529,0,본인이 지원한 직무에 적합하다고 생각하는 이유와 그 근거를 서술하세요.
1530,0,우리 기업을 선택한 동기와 기업을 어떻게 만들것인지 그리고 그러한 노력을 적으시오
1531,0,"한국산업단지공단에 지원한 동기(관심을 가지게 된 계기, 시기 등)와 지원한 분야의 업무를 왜 하고 싶은지 기술해 주십시오.[100자 이상 800자 이내]"
1532,0,입사 지원동기를 작성해주세요. 1500자 이내
1533,0,지원동기 : 지원동기를 구체적으로 기술해주세요.(500)
1534,0,"입사 후 포부 : IT Trend, 기술/시장동향을 고려하여 입사 후 10년 동안 회사에서 이루고자 하는 포부와 그것을 추구하는 이유를 기술해주세요.(500)"
1535,0,당사에 지원하게 된 동기를 서술하시오
1536,0,지원 직무를 희망하게 된 동기를 구체적으로 서술해주세요.(600자)
1537,0,다른 지원자들보다 본인이 반드시 채용되어야 하는 이유를 2가지 이상 작성해주시기 바랍니다.(최대 500 자 이내로 작성)
1538,0,한국고용정보원에 지원하게 된 동기 및 지원분야의 직무 수행을 위해 준비해 온 과정에 대해 자유롭게 기술하십시오.
1539,0,"CJ대한통운과 해당 직무를 지원한 동기는 무엇인가요? ① CJ대한통운을 지원한 이유, ② 직무에 관심갖게 된 계기, ③입사 후 해당 직무에서의 성장 비전을 구체적으로 작성해 주세요. (1,000자 이내)"
1540,0,본인이 지원한 직무를 잘 수행할 수 있다고 생각하는 이유와 입사 후 자신의 목표를 설명하십시오. [자필 기재] 700
1541,0,다른 지원자들보다 본인이 반드시 채용되어야 하는 이유를 2가지 이상 작성해주시기 바랍니다.
1542,0,"여러분이 선택한 계열사 및 직무에 대한 지원동기는 무엇인가요? ① 선택한 계열사가 아니면 안되는 이유, ② 직무에 관심갖 게 된 계기, ③ 본인이 직무를 잘 수행할 수 있는 이유를 반드시 포함하여 구체적으로 작 성해 주세요. (1000자)"
1543,0,"입사 후 도전해보고 싶은 목표 및 계획을 구체적으로 기술해 주세요. ① CJ올리브네트웍스 입사 후 도전하고 싶은 목표를 정하 고, ② 과거의 구체적인 경험을 바탕으로 목표를 달성할 수 있는 이유에 대해서 설명해주세요. (1,000자 이내)"
1544,0,관심분야 및 희망직무 중심으로 기술해주시기 바랍니다. 500자
1545,0,지원동기와 입사 후 자신의 모습을 기술하세.
1546,0,직무관련 향후 계획
1547,0,"창업진흥원에 지원하게 된 동기와 지원 분야의 직무 수행을 위해 준비해 온 과정, 입사 후 포부에 대하여 기술해 주시기 바랍니다."
1548,0,당사에 지원하게 된 동기 및 지원 직무를 선택한 이유를 설명하세요.
1549,0,입사 후 가장 이루고 싶은 목표와 그 이유를 설명하세요.
1550,0,영화진흥위원회에서 지원자가 담당하고 싶은 업무와 그 이유에 대하여 기술하여 주십시오. 1000바이트
1551,0,도쿄일렉트론코리아에 지원하게 된 계기와 지원하신 직무에 대한 생각을 기술해주시기 바랍니다. [100자 이상 500자 이내]
1552,0,앞으로의 계획과 포부에 대해 기술해주시기 바랍니다. [100자 이상 500자 이내]
1553,0,삼성전자를 지원한 이유와 입사 후 회사에서 이루고 싶은 꿈을 기술하십시오. (700)
1554,0,KOGAS에 지원하게 된 동기 및 KOGAS의 일원으로서 이루고 싶은 목표를 기술하여 주십시오.
1555,0,"KOGAS가 본인을 채용해야 하는 이유와 관련하여, 자신을 표현할 수 있는 문구 또는 단어를 자유롭게 기술하고 그 이유를 설명하여 주시기 바랍니다."
1556,0,엔씨소프트에 입사한 후 3년 이내에 본인이 지원한 직무에서 이루어내고 싶은 목표에 대하여 구체적으로 서술하시오.(800)
1557,0,지원동기 및 열정에 대하여. 800바이트
1558,0,입사 후 포부(Vision)에 대하여.
1559,0,"K-water에 입사지원한 동기 및 입사 후 실천하고자 하는 목표를 K-water 인재상(내실,혁신,신뢰) 중 자신과 가장 잘 부합하는 역량과 결부시켜 작성해주십시오."
1560,0,"여러분이 선택한 계열사 및 직무에 대한 지원동기는 무엇인가요? ①CJ프레시웨이여야만 하는 이유, ②지원한 직무를 잘 수행할 수 있는 이유, ③입사 후 해당 직무에서의 성장 비전을 반드시 포함하여 구체적으로 작성해주세요. (1,000자 이내)"
1561,0,"여러분이 선택한 계열사 및 직무에 대한 지원동기는 무엇인가요? ①CJ프레시웨이여야만 하는 이유, ②지원한 직무를 잘 수행할 수 있는 이유, ③입사 후 해당 직무에서의 성장 비전을 반드시 포함하여 구체적으로 작성해주세요."
1562,0,"여러분께서 대한통운을 선택하게 된 지원동기와 물류사업에 관심을 가지게 된 계기에 대해서 구체적으로 작성해주세요(1,000자)"
1563,0,"본인이 지원한 직무에 대하여 간략히 기술한 후 지원한 동기가 무엇인지, 지원하기 위하여 어떠한 준비를 해왔는지 기술하여 주십시오. (1000 자 10 단락 이내)"
1564,0,입사 후 포부 및 기타 자유롭게 기술하여 주십시오. (500 자 10 단락 이내)
1565,0,삼성전자 취업을 선택한 이유와 입사 후 회사에서 이루고 싶은 꿈 기술하세요[1000]
1566,0,엔씨소프트에 입사한 후 3년 이내에 본인이 지원한 직무에서 이루어내고 싶은 목표에 대하여 구체적으로 서술하시오.
1567,0,지원 동기에 대해서 구체적으로 기술하여 주시기 바랍니다
1568,0,해당 직무에 지원하게 된 동기와 입사 후 계획을 기술해 주십시오.
1569,0,"입사 후 희망하는 직무는 무엇이며, 그 직무를 희망하는 이유에 대하여 기술하시오."
1570,0,"귀하가 회사를 선택하는 기준은 무엇이며 왜 당사가 그 기준에 적합한지를 작성하고, 당사에 입사하여 이루고 싶은 목표에 대해 작성해주세요. * [500자 이내]"
1571,0,지원동기와 지원한 직무를 수행하기 위한 구체적인 노력을 서술하시오.
1572,0,"필수 CJ대한통운과 해당 직무를 지원한 동기는 무엇인가요? ① CJ대한통운을 지원한 이유, ② 직무에 관심갖게 된 계기, ③입사 후 해당 직무에서의 성장 비전을 구체적으로 작성해 주세요. (1,000자 이내)"
1573,0,지원하신 직무를 본인이 잘 수행할 수 있다고 생각하는 이유를 구체적으로 기술해 주십시오. [1000자 이내]
1574,0,입사 후 포부에 대하여 말씀해 주십시오. [1000자 이내]
1575,0,"회사를 지원하는데 있어서 본인이 중요시 하는 기준을 설명하고, 농협하나로유통을 지원한 이유를 구체적으로 기술하여 주십시오. 700"
1576,0,목표를 달성하기 위해 구체적으로 계획을 세우고 꾸준하게 실행한 경험에 대해서 기술하고 목표 달성 후 느낀 점 또는 생각한 점에 대해 설명하시오. 그리고 농협하나로유통에 입사하게 된다면 어떠한 목표를 세우고 달성하고 싶은지 기술하여 주십시오. 700
1577,0,"선후배, 친구, 가족에게 있어 지원자는 어떠한 위치에 있는 사람이라고 생각하는지 이유와 함께 기술하시오 (500자)"
1578,0,해당직무에 지원하게 된 동기와 자신의 어떠한 부분이 해당직무 수행에 적합한지 기술하시오 (500자)
1579,0,"지원자가 한국방송통신전파진흥원 및 지원분야에 관심을 가지게 된 계기는 무엇이며, 이를 위해 그 동안 어떤 노력을 했는지 기술해 주시기 바랍니다."
1580,0,지원동기에 대해 자세히 소개해 주시기 바랍니다.
1581,0,입사 후 캐논코리아 비즈니스 솔루션에서 자신의 포부에 대해 기술해 주시기 바랍니다.
1582,0,"[My Story] 해당회사 및 직무에 지원하는 동기에 대해 기술해 주십시오. Guide> 성격(장단점), 직무에 관련된 경험 및 역량, 관심사항, 개인의 목표 및 비전 등 자신을 어필할 수 있는 내용을 기반으로 자유롭게 기술하시기 바랍니다."
1583,0,지원 사업부 또는 직무에 지원하게 된 동기와 본인이 지원하는 사업부의 시장 경쟁력을 높이기 위한 방안을 기술하여 주십시오.
1584,0,본인이 입사를 위해 준비한 것들에 대해 설명해주세요.
1585,0,본인이 지원한 직무관련 지원동기와 역량에 대하여 (1000자)
1586,0,"우리은행 지원동기는 무엇이며, 우리은행에 입행하기 위해 다른 지원자와 차별화되어 어떠한 노력을 해왔는지 기술하여 주십시오. (최대 600자 입력가능)"
1587,0,"CJ제일제당과 해당 직무에 지원한 동기는 무엇인가요? ① CJ제일제당이어야만 하는 이유, ② 지원 직무에 관심을 갖게 된 계기, ③ 입사 후 성장 목표를 반드시 포함하여 구체적으로 작성해 주세요."
1588,0,본인이 왜 TI Korea의 해당 Intern Position에 채용되어야 하는지 기술하시오.
1589,0,지원하게 된 계기와 지원하신 직무에 대한 생각[500]
1590,0,앞으로의 계획과 포부[500]
1591,0,"회사를 고를 때 가장 중요하게 생각하는 기준 2가지를 제시하고, 한샘에 지원한 동기를 구체적으로 기술해 주세요."
1592,0,한샘에서 달성하고 싶은 본인의 10년 후 목표와 개인적으로 이루고 싶은 인생의 목표는 무엇인가요?
1593,0,GS칼텍스에 지원한 이유는 무엇입니까?
1594,0,입사 후 포부를 작성해 주십시오.
1595,0,귀하의 직업을 선택하는 기준과 그 이유
1596,0,[My Future] 본인이 지원한 직무관련 향후 계획에 대하여 Guide> 본인이 지원한 직무와 관련된 본인의 향후 미래 계획에 대해 구체적으로 기술해주시기 바랍니다.
1597,0,지원동기 [500자 이내]
1598,0,입사 후 포부 [500자 이내]
1599,0,"내가 생각하는 나는 객관적으로 어떠한 사람이며, 나를 타인에게 어떻게 소개하고 싶은지 서술하고, 코웨이 입사가 본인에게 어떤 의미를 부여할 것인지 서술하여 주시기 바랍니다."
1600,0,"지원한 직무를 본인이 훌륭하게 수행할 수 있다고 생각하는 이유와 코웨이에서의 10년 후 나의 비전을 제시하고, 비전과 관련하여 도전하고 싶은 한 가지를 서술하여 주시기 바랍니다."
1601,0,"[지원동기 및 포부] IBK기업은행을 지원한 이유, 그리고 입행 후 IBK기업은행에서 이루고 싶은 목표(포부)에 대해 설명하여 주십시오.현재 4 Bytes / 1600 Bytes 이내"
1602,0,"지원동기 및 입사후 포부, 이를 위해 본인은 어떠한 노력을 할 것인지 서술해 주십시오."
1603,0,"본인이 당사에 꼭 입사해야 하는 이유와 지원 직무를 위해 했던 노력, 그리고 당사에 입사해서 이루고 싶은 목표에 대해 작성해주십시오 (800자)"
1604,0,현대모비스에 지원한 이유와 입사를 하게 되면 달성하고자 하느 목표를 기재 [700]
1605,0,"입사 이후 생각하고 있는 구체적인 직무는 무엇이며, 이를 위해 가장 필요한 역량이 무엇이라고 생각하십니까?"
1606,0,입사 후 LF에서 직접 실행하고 싶은 사업 아이디어 혹은 지원 분야의 개선 아이디어를 자유롭게 기술해 주세요. (10행/800자)
1607,0,지원동기 및 입사 후 포부/계획
1608,0,지원동기 및 열정에 대하여.
1609,0,한국고용정보원에 지원하게 된 동기 및 지원분야의 직무 수행을 위해 준비해 온 과정에 대해 자유롭게 기술
1610,0,"여러분께서 CJ대한통운을 선택하게 된 지원동기와 물류사업에 관심을 가지게 된 계기에 대해서 구체적으로 작성해주세요. (1,000자 이내 아내)"
1611,0,지원 사업부 또는 직무에 지원하게 된 동기와 본인이 지원하는 사업부의 시장 경쟁력을 높이기 위한 방안을 기술하여 주십시오. (700)
1612,0,지원하신 직무를 본인이 잘 수행할 수 있다고 생각하는 이유와 해당 직무를 통해 이루고 싶은 비전을 기재하여 주십시오.(700자)
1613,0,"CJ제일제당과 해당 직무에 지원한 동기는 무엇인가요? ① CJ제일제당이 아니면 안 되는 이유 ② 직무에 관심 갖게 된 계기 반드시 포함하여 구체적으로 작성해주세요. (1,000자 이내)"
1614,0,애경산업에 지원하는 구체적인 이유와 당사가 귀하를 선택해야 하는 이유에 대하여 구체적으로 기술해 주십시오.
1615,0,"해당직무에 지원한 동기는 무엇이고, 본인이 지원직무에 적합하다고 생각하는 이유를 인성적, 직무적 관점에서 설명해주십시오."
1616,0,삼성전자판매를 지원한 이유와 입사 후 회사에서 이루고 싶은 꿈을 기술하십시오. / 700자 (영문작성 시 1400자) 이내
1617,0,지원동기 및 입사 후 포부/계획 [100자 이상 600자 이내]
1618,0,지원 동기를 작성하세요.
1619,0,지원동기 및 열정에 대하여. (800자)
1620,0,입사 후 포부(Vision)에 대하여. (800자)
1621,0,지원분야를 선택한 이유를 기술하여 주십시오.
1622,0,본인이 희망하는 회사의 조직문화에 대해 기술하여 주십시오.
1623,0,파라다이스 입사지원 이유와 입사 후의 목표에 대해 기술하시기 바랍니다.
1624,0,많은 회사들 중에서 롯데면세점에 지원하게 된 동기
1625,0,에버다임에 지원한 이유와 입사 후 회사에서 이루고 싶은 꿈을 기술하십시오.
1626,0,현대자동차 해당 직무 분야에 지원하게 된 이유와 선택 직무에 본인이 적합하다고 판단할 수 있는 이유 및 근거를 제시해 주십시오. (1000자 이내)
1627,0,GS칼텍스에 지원한 이유는 무엇입니까? (522/600bytes)
1628,0,삼성전자를 지원한 이유와 입사 후 회사에서 이루고 싶은 꿈을 기술하십시오)700자
1629,0,애경산업에 지원하는 구체적인 이유와 당사가 귀하를 선택해야 하는 이유에 대하여 구체적으로 기술해 주십시오. [500자 이상 1000자 이내]
1630,0,"해당직무에 지원한 동기는 무엇이고, 본인이 지원직무에 적합하다고 생각하는 이유를 인성적, 직무적 관점에서 설명해주십시오. [500자 이상 1000자 이내]"
1631,0,직무에 대한 입사 후 포부
1632,0,희망직무 및 그 직무를 위해 준비한 사항
1633,0,(지원동기)LS엠트론 및 해당 직무에 지원하게 된 동기에 대하여 기술해 주시기 바랍니다.
1634,0,해당 직무 분야에 지원하게 된 이유와 선택 직무에 본인이 적합하다고 판단할 수 있는 이유 및 근거를 구체적으로 제시해 주십시오
1635,0,귀하가 우리 조직에 입사하였다는 상황 하에 아래의 질문에 답변을 기술하여 주십시오. 입사 첫 1주일을 어떻게 보내시겠습니까?
1636,0,입사 이후에 생각하고 있는 직무에 대해 기술하여 주십시오.
1637,0,입사 후 희망 업무 및 포부
1638,0,지원동기 및 입사 후 포부 700자
1639,0,[신입] 회사에 지원한 이유와 입사 후 회사에서 이루고 싶은 꿈을 기술하시오. [1000자 이내]
1640,0,본인이 지원한 직무에 관심을 가지게 된 계기와 이를 위해 어떤 노력을 하였는지에 대해 설명해주세요
1641,0,본인이 지원한 직무는 왜 필요하다고 생각하시나요? 그리고 그 일을 잘 할 수 있다고 생각하는 이유에 대해 어필해주세요.
1642,0,기초과학연구원에 지원하게 된 동기와 입사 후 실천목표에 대해 자유롭게 기술 하십시오. (1000자 내외)
1643,0,지원동기를 기재해 주세요.
1644,0,입사 후 포부를 기술해 주세요.
1645,0,GS E&R에 지원하게 된 동기와 해당 직무에 지원한 동기에 대하여 기술하여 주십시오
1646,0,당사에 지원하게 된 동기는 무엇입니까? * [0자 이상 500자 이내]
1647,0,입사 후 포부는 무엇입니까? * [0자 이상 500자 이내]
1648,0,본인이 보험업에 지원한 동기와 10-15년후 동양생명에서 이루고 싶은 목표를 기술해 주십시오
1649,0,여러분이 해당 계열사와 직무를 지원한 동기는 무엇인가요? ① CJ프레시웨이를 지원한 이유 ② 해당 직무를 잘 수행할 수 있는 본인의 역량 ③ 입사 후 본인의 목표 세 가지 항목을 포함하여 구체적으로 작성해 주세요.
1650,0,"여러 금융회사 중 SGI서울보증에 지원한 동기와 입사 후 도전하고 싶은 업무 및 이유를 설명하여 주시고, 해당 업무를 수행하기 위하여 준비한 것을 기술하여 주시기 바랍니다.(500자 이내)"
1651,0,"본인이 직장을 선택할 때의 기준을 명시하고, 대한항공을 선택하게 된 사유에 대하여 기술하시오.(600자 이내)"
1652,0,"KAMCO 및 지원분야에 관심을 가지게 된 계기는 무엇이며, 이와 관련하여 그 동안 어떠한 노력을 했는지, 입사 후 공사에 어떻게 기여할 수 있을지를 KAMCO의 역할 및 사업내용과 관련지어 구체적으로 작성해 주십시오. [500자 이상 1500자 이내]"
1653,0,BGF 리테일에 지원하게 된 동기와 입사 후 포부에 대해 기술하시오.
1654,0,해당회사 및 직무에 지원하는 동기에 대해 기술해 주십시오. (1000/1000자)
1655,0,삼성SDI를 지원한 이유와 입사 후 회사에서 이루고 싶은 꿈을 기술하십시오. (620/700)
1656,0,지원동기 (500자)
1657,0,대한적십자사에 지원하게 된 동기 및 지원분야의 직무 수행을 위해 준비해온 과정에 대해 자유롭게 기술 하십시오.
1658,0,인생의 목표와 입사 후 회사에서의 목표를 구분하여 기술하여 주십시오. [ 500자 이내 ] /500
1659,0,지원동기와 입사 후 히로세에서 자신의 미래 모습을 기술하시오.
1660,0,자신이 지원한 직무의 역할과 히로세와 같은 기업에서 나아갈 방향에 대해서 기술하시오.
1661,0,이베이 코리아에 지원한 동기를 말씀해주세요.
1662,0,뷰웍스를 지원하게 된 동기 및 입사 후 포부에 대해 구체적으로 기술하시오. (500자 이내)
1663,0,서울대학교병원에 지원하게 된 동기 및 입사 후 실천하고자 하는 목표를 자신의 역량과 결부시켜 기술하여 주세요. (약 300자 이내)
1664,0,해당 직무에 지원하게 된 이유와 본인이 그 직무에 적합하다고 생각하는 근거를 기술하시오
1665,0,"해당직무에 지원한 동기는 무엇이고, 본인이 지원직무에 적합하다고 생각하는 이유를 서술해주십시오"
1666,0,입사지원 동기와 입사후 포부
1667,0,청년인턴 지원 동기와 입사 후 포부
1668,0,경신 및 해당 직무에 지원한 이유는 무엇입니까? 그리고 입사 후 회사에 어떻게 기여할 수 있는지 구체적으로 작성해 주십시오.(1000자 이내)
1669,0,지원동기와 입사 후 NHN Entertainment Service에서 자신의 미래 모습을 기술하시오.
1670,0,현대모비스 인턴십에 지원한 이유 및 인턴십을 통해 달성하고자 하는 목표에 대해 구체적으로 기재해 주십시오.
1671,0,본인이 지원한 직무분야에 입사하기 위해 노력한 점과 입사 후 포부
1672,0,JINAIR에 지원하게 된 동기와 입사 후 포부에 대해 서술해 주십시오.(1000)
1673,0,하나저축은행에 지원한 이유와 직무에 필요한 역량을 갖추기 위해 지금까지 어떠한 노력을 해왔으며 앞으로 개인과 회사의 발전에 어떻게 기여할 수 있는지 서술하시오
1674,0,"입행후 희망 직무는 어떤 것이며, 입행후 만들고 싶은 하나저축은행의 모습과 이를 위한 본인의 역할에 대해 서술하시오"
1675,0,생명보험이란 무엇이라고 생각하는지와 교보생명에 지원한 동기에 대하여 기술하여주십시오
1676,0,"한국농어촌공사에 지원하게 된 동기와 입사 후 공사에서 어떤 업무를, 왜 해보고 싶은지에 대해 기술하시오."
1677,0,BGF리테일에 지원하게 된 동기와 입사 후 포부에 대하여 기술하시오. (2100byte)
1678,0,지원 동기(10줄 내외)
1679,0,"당사에 입사한 후, 본인이 이루고자 하는 Career Goal에 대해 기술하시오.(10줄 내외)"
1680,0,본인의 지원동기 및 목표에 대하여 기술 500자
1681,0,우리회사에 지원하게 된 동기는?
1682,0,희망 업무 및 입사 후 포부
1683,0,BGF리테일에 지원하게 된 동기와 입사 후 포부에 대하여 기술하시오
1684,0,입사후 포부 및 장래 희망
1685,0,직무관련 향후 계획 및 포부
1686,0,지원동기 및 열정에 대하여. (460자)
1687,0,입사 후 포부(Vision)에 대하여. (460자)
1688,0,해당분야에 지원하게 된 동기 및 입사 후 하고자하는 것은 무엇인지 기술하여 주십시오.
1689,0,지원 동기와 인턴십을 통해 이루고자 하는 것
1690,0,"입사 후 3년,5년,10년 후 목표 및 포부와 그것을 실행하기 위한 구체적 방법을 기술하시오."
1691,0,왜 에스에너지인가? 에스에너지에 지원하게 된 동기와 본인이 알고 있는 에스에너지는 어떤 회사인지 기술해 주시기 바랍니다.
1692,0,당신의 꿈 혹은 삶의 미션은 무엇입니까?
1693,0,지원동기 및 열정에 대하여.(800바이트)
1694,0,입사 후 포부(Vision)에 대하여.(800바이트)
1695,0,"입사 후 목표가 무엇이며, 그러한 목표를 갖게 된 이유와 그 목표를 이루기 위한 구체적인 실행계획에 대하여 기술해 주십시오"
1696,0,"KAMCO 및 지원분야에 관심을 가지게 된 계기는 무엇이며, 이와 관련하여 그 동안 어떠한 노력을 했는지, 입사 후 공사에 어떻게 기여할 수 있을지를 KAMCO의 역할 및 사업내용과 관련지어 구체적으로 작성해 주십시오."
1697,0,해당 직무를 지원하게 된 동기와 입사 후 10년 내에 이루고 싶은 목표에 대해 구체적으로 기술해 주십시오.*
1698,0,"포스코 인턴십에 지원하게 된 동기는 무엇이며, 인턴생활 동안 자신의 계획에 대하여 서술하여 주십시오. (500자)"
1699,0,본인의 희망과 상이한 업무를 회사가 제의한다면 어떻게 행동할지 기술해 주시기 바랍니다. 500자
1700,0,입사 후 포부(10년 후 나의 모습)를 기술해 주시기 바랍니다. 300자
1701,0,입사 후 본인이 희망하는 직무와 그 이유
1702,0,많은 직업 중 손해사정업을 선택하려는 이유와 그 중에서도 왜 삼성화재서비스에 입사하고자 하는지 진솔하게 기술하여 주십시오.
1703,0,CJ에 지원하신 동기를 기술하여 주십시오.
1704,0,지원동기를 구체적으로 기술해주세요(500자)
1705,0,입사후 포부: 입사 후 10년동안의 회사생활 시나리오와 그것을 추구하는 이유를 기술해주시오.(500자)
1706,0,세메스 취업을 선택한 이유와 입사 후 회사에서 이루고 싶은 꿈을 기술바랍니다. (500자 이내)
1707,0,지원 회사를 선택한 이유와 입사 후 만들어가고 싶은 회사의 모습을 서술해 주십시오. [ 300자 이상 600자 이내]
1708,0,본인의 지원 직무를 통해 지원 회사의 성장을 도모할 수 있는 방법을 서술해 주십시오. [ 300자 이상 600자 이내]
1709,0,"개인 경력 측면에서의 비전 혹은 목표는 무엇이며, 이를 달성하기 위해 입사 후 어떤 노력을 할 것인지 단기적/장기적 측면에서 서술해 주십시오. [ 300자 이상 600자 이내]"
1710,0,지원 사업부 또는 직무에 지원하게 된 동기와 본인이 지원하는 사업부의 시장 경쟁력을 높이기 위한 방안을 기술하여 주십시오. (700자)
1711,0,지원하게 된 동기와 입사 후 포부 (500자)
1712,0,희망업무 및 장래포부
1713,0,본인의 지원동기에 대하여 기술하세요.
1714,0,입사 후 계획에 대하여 기술하세요.
1715,0,[해외근무 희망여부] 희망하는 사유와 본인이 생각하는 준비정도를 적어 주십시오(200자 미만)
1716,0,입사지원 동기 및 새마을금고 입사를 위해 어떤 준비나 노력을 하였는지 기술해주세요.
1717,0,당사에 지원하게 된 동기를 서술하시오. (500자 이내)
1718,0,"여러분께서 CJ대한통운을 선택하게 된 지원동기와 물류사업에 관심을 가지게 된 계기에 대해서 구체적으로 작성해주세요.(1,000자 아내)"
1719,0,하나투어에 입사하기 위하여 실제적으로 어떤 노력을 하였는지 기재하시오.
1720,0,우리 회사를 지원한 동기와 희망직무에 대하여 준비해 온 것을 기술하여 주시기 바랍니다. (800자)
1721,0,지원동기 및 입사후 희망업무
1722,0,sk하이닉스에 지원한 동기는 무엇이며 이를 위해 어떠한 노력을 하였습니까?
1723,0,"입사후 포부와 목표는 무엇이며, 이를 달성하기 위해 향후 어떤 계획을 가지고 있는가?"
1724,0,"한솔교육에 입사 후, 어떤 일을 하고 싶으며, 이를 위해 지속적으로 시간과 자원을 꾸준히 투자하여 자기개발은 한 경험을 기술하여 주십시오."
1725,0,지원 동기 및 입사 후 포부
1726,0,지원동기 및 열정에 대하여(460자)
1727,0,입사 후 포부(Vision)에 대하여(460자)
1728,0,인생의 목표와 입사 후 회사에서의 목표를 구분하여 기술하여 주십시오. [ 500자 이내 ]
1729,0,1) 팬오션에 지원한 동기와 2) 본인의 적성이 회사 및 희망직무와 어떻게 부합하는지 기술하시오.
1730,0,본인이 지원한 직무와 관련된 본인의 향후 미래 계획에 대해 구체적으로 기술해주시기 바랍니다.
1731,0,우리 회사 인턴을 지원한 목적을 설명해 주십시오.
1732,0,향후 자신의 장래에 대한 목표와 계획을 설명해 주십시오.
1733,0,해당 직무를 지원하게 된 동기 및 당사가 귀하를 꼭 채용해야 하는 이유를 기술하십시오.
1734,0,"회사를 지원하는데 있어서 본인이 중요시 하는 기준을 설명하고, 농협하나로유통을 지원한 이유를 구체적으로 기술하여 주십시오."
1735,0,목표를 달성하기 위해 구체적으로 계획을 세우고 꾸준하게 실행한 경험에 대해서 기술하고 목표 달성 후 느낀 점 또는 생각한 점에 대해 설명하시오.그리고 농협하나로유통에 입사하게 된다면 어떠한 목표를 세우고 달성하고 싶은지 기술하여 주십시오.
1736,0,삼성카드를 지원한 이유와 입사 후 회사에서 이루고 싶은 꿈을 기술하십시오.
1737,0,많은 직장 중에서 항공사를 선택하게 된 이유와 특히 대한항공에 지원하게 된 동기 및 입사 후 포부에 대해 구체적으로 기술하시오. (600자 이내)
1738,0,지원동기 및 직업관
1739,0,본인이 지원한 직무관련 지원동기와 역량에 대하여 1000자
1740,0,본인이 지원한 직무관련 향후 계획에 대하여 500자
1741,0,본인의 지원동기 및 목표에 대하여 기술 (500자)
1742,0,CEN 그룹 신입사원으로 지원한 동기에 대해 말씀해 주세요.
1743,0,"입사 후, 본인의 직무 능력 향상을 위한 구체적인 계획을 서술해 주세요."
1744,0,지원동기 및 열정에 대하여. (800)
1745,0,지원동기 및 입사 후 포부 : 구체적인 지원동기를 기술
1746,0,본인이 채용되어야 하는 이유 (80자이내)
1747,0,"CJ헬스케어와 해당 직무에 지원한 동기는 무엇인가요? ① CJ헬스케어야만 하는 이유, ② 지원 직무에 관심을 갖게 된 계기, ③ 입사 후 성장 목표를 반드시 포함하여 구체적으로 작성해 주세요 (1,000자 이내)"
1748,0,"현대글로비스가 당신을 채용해야 하는 이유는 무엇인지, 희망직무 관점에서 자신만의 역량(경험, 노력)을 구체적인 사례를 근거로 이야기 해 주세요."
1749,0,"대웅제약에 지원한 동기와, 귀하께서 대웅제약에 적합하다고 생각하는 이유를 설명해주십시오"
1750,0,귀하께서 생각하시는 ”직장생활”의 의미를 작성해 주십시오
1751,0,귀하의 인생의 목표는 무엇입니까? 그리고 그 목표를 이루기 위해 어떻게 계획하여(준비하여) 실행하고 있는지 설명해 주십시오
1752,0,"여러분이 CJ CGV의 Multiplex Manager 직무에 지원한 동기는 무엇인가요? ① 본인이 생각하는 Multiplex Manager의 역할과 사명, ② 본인이 Multiplex Manager에 관심갖게 된 계기, ③ Multiplex Manager가 되기 위한 나의 노력을 반드시 포함하여 구체적으로 작성해 주세요. (1,000자 이내)"
1753,0,입사 지원한 구체적인 동기와 채용될 경우 희망하는 직무 및 향후 포부에 대하여 구체적으로 기재하여 주시기 바랍니다.
1754,0,우리 공단에 입사 지원한 동기 및 입사 후 실천하고자 하는 목표를 다른 사람과 차별화된 본인의 역량과 결부시켜 작성해 주십시오. 300자
1755,0,"많은 회사 중 유니클로에 지원한 이유는 무엇이며, 유니클로에서 이루고 싶은 꿈은 무엇입니까? (300 자)"
1756,0,당사 지원동기 및 본인의 지원 직무 수행을 위해 준비해 온 사항에 대해 기술하여 주십시오.
1757,0,"CJ제일제당과 해당 직무에 지원한 동기는 무엇인가요? (1,000)"
1758,0,렌터카공제조합에 지원하게 된 동기에 대해 기술하십시오. (600자 이내)
1759,0,"입사하게 된다면 어떠한 역할을 통해 본인의 성장과 렌터카공제조합의 발전에 기여할 수 있는지 기술하십시오. (1,000자 이내)"
1760,0,입사지원동기 (500자 이상 800자 이내)
1761,0,입사 후 포부 (500자 이상 800자 이내)
1762,0,지원동기와 NHN Entertainment에서 자신의 미래 모습을 기술하세요.
1763,0,한샘에 지원한 동기와 사내(社內)에서 이루고 싶은 목표는 무엇인가요?
1764,0,"입사 후 포부: IT Trend, 기술/시장동향을 고려하여 입사 후 10년 동안의 회사에서 이루고자 하는 포부와 그것을 추구하는 이유를 기술해주세요."
1765,0,연세대학교 운영직원 채용전형에 지원한 동기는 무엇입니까?(100자 내외)
1766,0,연세대학교에 입사한다면 입사 이후에 생각하고 있는 직무에 대해 기술하여 주십시오(100자 내외)
1767,0,"K-Water 입사 지원동기 및 입사 후 실천하고자 하는 목표를 k-water 인재상(내실, 혁신, 신뢰) 중 자신과 가장 잘 부합하는 역량과 결부시켜 작성하시오."
1768,0,지원하는 회사와 분야(직무)에 대한 지원동기를 자유롭게 기술하세요. (50자 이상 400자 이내 입력)
1769,0,"자신의 10년 후 목표, 이루고 싶은 인생의 목표와 그 이유는 무엇인가요?"
1770,0,위에서 설정한 목표와 관련하여 한샘에 지원한 동기에 대해 구체적으로 기술해 주세요.
1771,0,"해당직무에 지원한 동기는 무엇이고, 본인이 지원직무에 적합하다고 생각하는 이유는 무엇입니까? (최대 1000자 이내로 작성)"
1772,0,"키움증권에 지원한 이유는 무엇이며, 입사를 위해서 어떤 준비와 노력을 했는지 기술하십시오."
1773,0,지원 회사를 선택한 이유와 입사 후 만들어가고 싶은 회사의 모습을 서술해 주십시오.
1774,0,"개인 경력 측면에서의 비전 혹은 목표는 무엇이며, 이를 달성하기 위해 입사 후 어떤 노력을 할 것인지 단기적/장기적 측면에서 서술해 주십시오."
1775,0,CJ푸드빌에 지원하게된 동기와 입사를 위해 어떠한 준비를 해왔는지 구체적인 경험을 중심으로 작성해 주시기 바랍니다.
1776,0,지원 동기 및 열정에 관하여
1777,0,당사에 입사해서 이루고 싶은 목표를 대해 작성해주십시오
1778,0,당사에 지원하게 된 동기와 당사가 귀하를 선택해야 하는 이유에 대하여 구체적으로 기술해주십시오
1779,0,해당 직무에 지원하게 된 이유와 본인이 적합하다고 생각하는 이유 및 근거를 기술하시오.
1780,0,"[My story] 해당회사 및 직무에 지원하는 동기에 대해 기술하시오. Guide> 직무에 관련된 경험 및 역량, 관심사항, 개인의 목표 및 비전 등 자신을 어필할 수 있는 내용을 기반으로 자유롭게 기술하시기 바랍니다."
1781,0,입사 후 본인의 행복을 위해 일상에서 꾸준히 하고 싶은 것이 있다면 이유와 함께 기술하여 주십시오
1782,0,"입사 후 포부 796/800 (글자 수, 공백 포함)"
1783,0,"해당 직무를 지원하게 된 동기 및 당사가 귀하를 꼭 채용해야 하는 이유를 기술하십시오. 1183/1200 (바이트 수(2 byte), 공백 포함)"
1784,0,본인이 지원한 직무를 잘 수행할 수 있다고 생각하는 이유와 입사 후 자신의 목표를 설명하십시오
1785,0,지원회사를 선택함에 있어 본인이 가장 중요하게 생각하는 두 가지에 대해 기술하고 이를 바탕으로 한화호텔앤드리조트/FC에 입사하고 싶은 이유에 대해 설명해 주십시오.
1786,0,회사 및 해당직무에 지원하게 된 동기와 입사 후 회사에서 이루고 싶은 중장기적 목표에 대해 구체적으로 기술해 주십시오.
1787,0,[지원동기] 우리은행 지원 동기와 입행을 위해 어떠한 준비를 해왔는지에 대하여 구체적인 사례를 바탕으로 작성해 주세요.
1788,0,지원자 본인에 대하여 자세히 소개해 주시기 바랍니다.
1789,0,지원동기와 입사 후 LS엠트론에서 자신의 모습을 기술해 주시기 바랍니다.
1790,0,CJ 대한통운 지원 동기를 바탕으로 향후 CJ 대한통운에 입사하여 이루고 싶은 목표와 이를 위해 어떠한 준비를 계획하고 있는지 구체적으로 기술하시오
1791,0,대학내일 인턴에 지원하게 된 동기를 서술해 주세요.
1792,0,입사 후 포부에 대해 기술하세요.
1793,0,웹젠에 입사 지원한 동기는 무엇입니까?(1000자 이내 작성)
1794,0,"여러분이 선택한 계열사와 해당 직무를 지원한 동기는 무엇인가요? ① 선택한 계열사가 아니면 안되는 이유, ② 직무에 관심갖게 된 계기, ③ 본인이 직무를 잘 수행할 수 있는 이유를 반드시 포함하여 구체적으로 작성해 주세요."
1795,0,"입사 후 도전해보고 싶은 목표 및 계획을 구체적으로 기술해 주세요. ① CJ올리브네트웍스 입사 후 도전하고 싶은 목표를 정하고, ② 과거의 구체적인 경험을 바탕으로 목표를 달성할 수 있는 이유에 대해서 설명해주세요."
1796,0,귀하가 생각하는 직업의 의미와 귀하의 직업 선택의 기준은 무엇인지 약술하십시오. [ 200자 이내]
1797,0,KB국민은행에 지원하게 된 이유와 노력한 점이 있다면 무엇인지 기술하십시오. [ 500자 이내]
1798,0,"(지원포부) 한국토지주택공사의 주요 사업 중에서, 앞으로 입사 후 본인이 어떤 부분에 기여하고 싶은지, 본인의 주요 직무 역량 및 강점을 기반으로 기술해 주십시오."
1799,0,게임산업에 관심을 가지게 된 계기와 넷마블에 지원하게 된 이유를 설명하여 주십시오.
1800,0,"게임회사의 사장이 된다면 하고 싶은 일은 무엇인지, 작성하여 주십시오."
1801,0,입사 후 업무추진계획 및 VISION
1802,0,우리은행 지원 동기와 입행을 위해 어떠한 준비를 해왔는지에 대하여 구체적인 사례를 바탕으로 작성해 주세요.
1803,0,대우건설(또는 건설업)에 관심을 갖게 된 계기와 건설업에 대한 이해도를 높이기 위해 어떤 노력을 했는지 작성해 주시기 바랍니다.
1804,0,당사를 지원하게 된 이유
1805,0,입사후에 자신이 설정한 비젼
1806,0,해당회사 및 해당 직무에 지원한 동기와 입사 후 회사에서 이루고 싶은 중/장기적 목표
1807,0,"여러분이 해당 계열사와 직무를 지원한 동기는 무엇인가요? ① 프레시웨이를 지원한 이유, ② 해당 직무를 잘 수행할 수 있는 본인의 역량, ③ 입사 후 본인의 목표 세 가지 항목을 포함하여 구체적으로 작성해 주세요. (1,000자 이내)"
1808,0,입사 후 포부 : 입사 후 10년 동아의 회사생활 시나리오와 그것을 추구하는 이유를 기술해주세요.
1809,0,서울교통공사 입사 후 실천하고자 하는 목표를 자신의 역량과 결부해 기술하시오.
1810,0,입사 후 포부(Vision)에 대하여
1811,0,본인의 적성과 성향이 어떤 면에서 은행원에 적합하다고 생각하는지 그 이유와 왜 IBK기업은행을 지원하였는지 진솔하게 설명해 주십시오.
1812,0,고영테크놀러지에 지원한 동기와 향후 계획에 대해 기술하시오. [100자 이상 800자 이내]
1813,0,한국국토정보공사에 지원자가 꼭 필요한 이유에 대해 작성해 주시기 바랍니다.
1814,0,본인의 회사 선택 기준과 당사를 선택하신 동기를 기재바랍니다.
1815,0,지원 직무를 성공적으로 수행할 수 있다고 생각하시는 이유와 향후 당사에서 이루고자 하는 비전을 기재바랍니다.
1816,0,새마을금고중앙회에 지원한 동기 및 희망하는 업무를 기술해 주세요. 600자 이내.
1817,0,입사 후 5년 이내 이루고 싶은 목표와 달성계획을 서술하시기 바랍니다.(700자)
1818,0,IT Leadership Academy에 지원하게 된 동기를 기재하여 주십시오. 글자수 378 / 100자 ~ 500자
1819,0,"장래의 개인목표, 비전과 그 목표를 이루기 위한 실행계획에 대해 서술하십시오.*"
1820,0,우리회사를 지원하게 된 동기와 희망직무 및 그 이유에 대해 서술하십시오.*
1821,0,My Career Goal - 10년 후 LG하우시스의 구성원으로서 본인의 목표와 비전을 기술해주시기 바랍니다. ( 0 / 100자 ~ 500자)
1822,0,"여러분이 선택한 계열사와 해당 직무를 지원한 동기는 무엇인가요? ① 선택한 계열사가 아니면 안되는 이유, ② 직무에 관심갖게 된 계기, ③ 본인이 직무를 잘 수행할 수 있는 이유를 반드시 포함하여 구체적으로 작성해 주세요. (1000자)"
1823,0,"여러분은 회사에 입사 후 어떻게 성장하고 싶나요? ① 성장 목표 및 계획, ② 성장을 위해 보완해야 하는 점을 포함하여 구체적으로 작성해 주세요. (1000자)"
1824,0,우리공사 지원 동기 및 입사 후 포부에 대해 기술해 주십시오
1825,0,서울반도체에 지원하게 된 동기는 무엇입니까?
1826,0,비상의 인재상에 근거하여 본인이 입사해야 하는 이유에 대해 서술해 주세요.
1827,0,kth 및 해당직무에 지원하게 된 동기와 입사 후 kth에서 이루고 싶은 중장기적 목표에 대해 구체적으로 기술해 주십시오.
1828,0,"우리 회사에 지원하게 된 동기는 무엇이며, 입사 후 어떻게 성정해 나갈 것인지 기술하십시오."
1829,0,회사 및 해당직무에 지원하게 된 동기와 입사 후 회사에서 이루고 싶은 중장기적 목표에 대해 구체적으로 기술해 주십시오. (700자 이내)
1830,0,지원동기 및 입사후포부 [600자 이내]
1831,0,"(My Story)해당회사 및 직무에 지원하는 동기에 대해 기술해 주십시오.<Guide> 성격(장단점), 직무에 관련된 경험 및 역량, 관심사항, 개인의 목표 및 비전 등 자신을 어필할 수 있는 내용을 기반으로 자유롭게 기술하시기 바랍니다.(100자~1,000자)"
1832,0,귀하가 금호아시아나그룹(1지망회사)을 지원하게 된 동기에 대해 서술해 주십시오 * [100자 이상 500자 이내]
1833,0,MD가 되기 위해서 지금까지 어떤 노력을 했습니까?
1834,0,"여러분이 CJ헬로비전과 해당 직무를 지원한 동기는 무엇인가요? ① CJ헬로비전을 지원한 이유, ② 해당 직무를 잘 수행할 수 있는 본인의 역량, ③ 입사 후 본인의 목표 세 가지 항목을 포함하여 구체적으로 작성해 주세요. (1,000자 이내)"
1835,0,"선택한 직무에 관심을 갖게 된 계기는 무엇이며, 직무에 본인이 적합한 이유 및 근거를 제시해 주세요."
1836,0,"한전원자력연료에 지원한 동기(관심을 가지게 된 계기, 시기 등)와 입사 후의 목표를 구체적으로 기술해 주십시오."
1837,0,"SK 입사 후 어떤 일을 하고 싶으며, 이를 위해 본인이 무엇을 어떻게 준비해왔는지 구체적으로 기술하십시오."
1838,0,회사를 선택할 때의 기준은 무엇인지 말해주세요 [100자 이상 1000자 이내]
1839,0,지원동기를 구체적으로 기술. 500자
1840,0,입사 후 포부 입사후 10년간 시나리오 와 그것을 추구하는 이유 500자
1841,0,지원동기를 설명하고 입사를 위해 준비한 사항이 있다면 구체적 사례를 들어 기술하시오.
1842,0,지원동기 및 준비사항
1843,0,입사후 포부 및 계획
1844,0,지원 동기 [200자 이상 300자 이내]
1845,0,입사 후 경력개발 계획 [400자 이상 500자 이내]
1846,0,"여러분이 선택한 계열사와 해당 직무를 지원한 동기는 무엇인가요? ① 선택한 계열사가 아니면 안되는 이유, ② 직무에 관심 갖게 된 계기, ③ 본인이 직무를 잘 수행할 수 있는 이유를 반드시 포함하여 구체적으로 작성해 주세요. (1,000자 이내)"
1847,0,"입사 후 도전해보고 싶은 목표 및 계획을 구체적으로 기술해 주세요. ① CJ올리브네트웍스 입사 후 도전하고 싶은 목표를 정하고, ② 과거의 구체적인 경험을 바탕으로 목표를 달성할 수 있는 이유에 대해서 설명해주세요. (1,000자 이내)"
1848,0,지원동기 및 본인이 지원한 직무에 적합한 이유(600자 이내)
1849,0,"입사 후 포부, 발전계획"
1850,0,귀하가 KB인턴십을 지원한 이유를 서술하여 주십시오. [ 400자 이내]
1851,0,우리원에 입사지원한 동기 및 입사 후 본인이 수행하게 될 업무를 위해 어떤 준비를 하였는지 본인의 역량과 연계하여 작성하여 주십시오. (3000byte)
1852,0,"입사 후 본인의 희망과 상이한 직무에서 근무하게 되거나, 소속팀의 이익을 위하여 지원자 개인의 희생을 강요한다면 어떻게 행동할지 구체적으로 기술하시오."
1853,0,입사지원동기/입사후 계획-300자 이내
1854,0,희망분야 및 지원동기-300자 이내
1855,0,입사 후 이루고자 하는 목표
1856,0,"여러분이 CJ올리브네트웍스 IT사업 부문과 해당 직무를 지원한 동기는 무엇인가요? ① CJ올리브네트웍스 IT사업 부문이 아니면 안되는 이유, ② 직무에 관심갖게 된 계기, ③ 본인이 직무를 잘 수행할 수 있는 이유를 반드시 포함하여 구체적으로 작성해 주세요."
1857,0,입사 후 도전해보고 싶은 목표 및 계획을 구체적으로 기술해 주세요. ① CJ올리브네트웍스 입사 후 도전하고 싶은 목표를 정하고 ② 과거의 구체적인 경험을 바탕으로 목표를 달성할 수 있는 이유에 대해서 설명해주세요.
1858,0,해당하는 직무를 지원하게 된 동기와 해당 직무를 통해 이루고 싶은 비전을 구체적으로 기재하여 주십시오 942/1000
1859,0,"소상공인시장진흥공단 지원자로서 어떤 면에서 공단에 적합한 인재인지를 지원동기와 연관지어 기술하고, 입사 5년 / 10년 / 15년 후 계획에 대해 자유롭게"
1860,0,우리 회사에 지원한 동기와 입사 후 포부를 자유롭게 기술하시기 바랍니다.
1861,0,'회사 및 직무에 대한 지원 동기'와 '해당 직무를 잘 수행하기 위해 어떤 준비'를 해왔는지 구체적으로 설명해주시기 바랍니다.
1862,0,"입사 후 어떤 일을 하고 싶으며, 이를 위해 본인이 무엇을 어떻게 준비해 왔는지 구체적으로 기술하십시오.(1000자)"
1863,0,지원하게 된 동기와 본인이 지원한 직무에 적합하다고 생각하는 이유를 설명해 주십시오.
1864,0,당사 지원동기 및 본인의 지원 직무 수행을 위해 준비해 온 사항에 대해 기술하여 주십시오
1865,0,"CJ오쇼핑 및 해당 직무를 지원한 동기와 지원직무를 잘 수행할수 있는 이유는 무엇인 가요? 1 지원 동기 및 지원 직무 수행시 필요하다고 생각하는 역량, 2 지원 직무를 잘 수행하기 위한 그동안의 노력과 도전 (본인만의 강점, 준비, 관련경험), 3 입사 후 성장 목표등을 포함하여 구제적으로 작성해 주세요.(1,000자 이내)"
1866,0,관심분야 및 지원동기
1867,0,코오롱에 지원하게된 동기와 지원한 분야를 위해 어떤 노력과 준비를 했나
1868,0,"회사를 선택할 때 기준이 무엇인지, 만도를 지원한 이유 및 향후 진로 계획에 대하여 기술해 주시기 바랍니다."
1869,0,귀하가 당사를 지원하게 된 동기에 대해 기술하십시오. (공백 포함 600자)
1870,0,지원 동기: 지원동기를 구체적으로 기술해주세요. 500
1871,0,입사 후 포부: 입사 후 10년 동안의 회사생활 시나리오와 그것을 추구하는 이유를 기술해주세요. 500
1872,0,동양생명에 지원한 동기와 본인의 성향이 어떠한 면에서 보험업에 적합하다고 생각하는지 기술해 주십시오.
1873,0,[목표의식] 본인이 속한 조직 또는 팀의 목표는 무엇이었습니까?
1874,0,한국산업기술시험원에 지원한 동기를 간략하게 작성하여 주십시오.
1875,0,입사 후 어떻게 연관시키겠는가
1876,0,"한화큐셀에 지원한 동기는 무엇이며, 입사 후 어떻게 성장 및 발전해 나갈 것인지를 기술하여 주십시오."
1877,0,"현대글로비스가 당신을 채용해야 하는 이유는 무엇인지, 희망직무 관점에서 자신만의 역량(경험, 노력)을 구체적인 사례를 근거로 이야기 해 주세요. [ 500자 이상 1000자 이내 ]"
1878,0,현대자동차 해당 직무 분야에 지원하게 된 이유와 선택 직무에 본인이 적합하다고 판단할 수 있는 이유 및 근거를 제시해 주십시오. (1000자)
1879,0,"입사 후 포부: IT Trend, 기술/시장동향을 고려하여 입사 후 10년 동안 회사에서 이루고자 하는 포부와 그것을 추구하는 이유를 기술해주세요."
1880,0,"해당회사 및 직무에 지원하는 동기에 대해 기술해 주십시오 - 성격(장단점), 직무에 관련된 경험 및 역량, 관심사항, 개인의 목표 및 비전 등 자신을 어필할 수 있는 내용을 기반으로 자유롭게 기술하시기 바랍니다"
1881,0,KOGAS에 지원하게 된 동기와 희망직무를 선택한 이유를 입사 후 목표 및 포부를 포함하여 기술해 주십시오. (500자 이내)
1882,0,"한국남부발전에 지원한 동기에 대해 작성 해주시고, 앞으로 한국남부발전이 나아가야 할 방향에 대해 본인의 역할과 연계하여 이야기해 주십시오.(1000자)"
1883,0,인턴직원 지원동기 및 입사 후 포부 (200자 이상 400자 이내)
1884,0,해커스 교육그룹에 입사해야 하는 이유와 입사 후 어떤 공헌을 할 수 있는지 기술하시오.
1885,0,지원동기 (496/500)
1886,0,입사 후 포부 (496/500)
1887,0,지원 동기 및 열정에 대하여.
1888,0,현대엔지니어링을 지원한 이유를 설명하시고 현대엔지니어링 內 본인의 비전에 대해 기술해 주십시오. [1000자]
1889,0,"현대엔지니어링의 프로젝트 하나를 선택하여, 해당 프로젝트에서 본인이 어떠한 역할을 수행할 수 있을지 지원한 직무를 기반으로 기술해 주십시오. [1000자]"
1890,0,지원 분야에 관심을 갖게 된 시기와 계기
1891,0,입사지원 이유와 포부
1892,0,"입사 후, 경력개발"
1893,0,"왜 본 인턴십 프로그램에 참여를 희망하는지, 그리고 선발 시 어떠한 각오로 참여할 예정인지 기술하시오."
1894,0,삼성 바이오로직스를 지원한 이유와 입사 후 회사에서 이루고 싶은 꿈을 기술하십시오
1895,0,(지원동기 & 포부) LH 한국토지주택공사에 지원하게 된 동기와 포부에 대해서 기술해주십시오.
1896,0,"sk입사후 어떤 일을 하고싶으며, 이를 위해 본인이 무엇을 어떻게 준비해왔는지 구체적으로 서술"
1897,0,지원하는 회사와 분야(직무)에 대한 지원동기를 자유롭게 기술 하세요. (50자 이상 400자 이내 입력)
1898,0,입사 후 포부(vision)에 대하여
1899,0,삼성SDI에 지원하게 된 동기
1900,0,코오롱에 지원하게 된 동기와 지원한 분야를 위해 어떤 노력과 준비를 해왔는지 기술하시오.* ( / 1000 bytes)
1901,0,[지원동기]'LG이노텍'과 '지원 분야'를 선택하신 이유를 구체적으로 기술해주십시오.(100자 ~ 500자)
1902,0,나의 Vision (장래계획/입사 후 포부 등)
1903,0,신한은행을 지원한 동기와 포부 그리고 본인의 성장과정에 대하여 기술해 주세요. 2000 Bytes 이내
1904,0,"신한은행이 당신을 채용해야 하는 이유는 무엇이며, 입행을 위해 준비했던 노력을 기술해 주세요. 2000 Bytes 이내"
1905,0,삼성코닝어드밴스드글라스를 지원한 이유와 입사 후 회사에서 이루고 싶은 꿈을 기술하십시오. (700자 이내)
1906,0,KOICA 입사 후 이루고 싶은 목표에 대해 기술하시오.
1907,0,입사동기 및 입사 후 포부
1908,0,"입사지원을 하게 된 동기와, 자신이 지원한 직무에 적합하다고 생각하는 구체적인 이유를 기술하시오. (1000바이트)"
1909,0,"대웅제약에 지원한 동기와, 귀하께서 대웅제약에 적합하다고 생각하는 이유를 설명해주십시오."
1910,0,귀하의 인생의 목표는 무엇입니까? 그리고 그 목표를 이루기 위해 어떻게 계획하여(준비하여) 실행하고 있는지 설명해 주십시오.
1911,0,KCC 지원동기 및 사내에서 이루고 싶은 목표 (1000바이트)
1912,0,보령바이오파마에 지원한 동기와 입사하기 위해 어떠한 노력을 기울였는지 구체적으로 기술
1913,0,당사 및 해당직무에 지원하신 동기를 구체적으로 기술해 주세요 500
1914,0,GS칼텍스가 지원자를 채용해야 하는 이유는 무엇입니까?
1915,0,"우리 회사에 지원하게 된 동기는 무엇이며, 입사 후 어떻게 성장해 나갈 것인지 기술하십시오 [ 650자 이내]"
1916,0,"지원동기를 간단히 적고 입사 후 업무와 관련해서 꼭 해보고[이루고] 싶은 것을 기술하십시오.[최소 500자, 900자 제한]"
1917,0,"지원하신 직무에 지원하게 되신 동기를 간략하게 밝히고, 본인이 잘 수행할 수 있다고 생각하는 이유를 구체적으로 기술해 주십시오."
1918,0,"지원하신 회사, 직무, 근무지에 관련하여 특별히 희망하는 점이 있으면 알려주시고, 회사에서 이루고 싶은 자신의 포부를 밝혀주십시오."
1919,0,"직장으로서 한국지엠을 선택한 이유와 희망분야를 지원한 이유는 무엇인지? 그리고 지원하는 분야의 직무를 잘 수행하기 위해 어떤 준비를 했는지, 학습분야 또는 관련경험/직무 경험 중심으로 기술해 주십시오."
1920,0,지원동기를 구체적으로 적어 주십시오 [500자]
1921,0,아워홈에 입사 한다면 어떠한 인재가 되고 싶은지 기술해 주십시오.
1922,0,삼양그룹과 해당 직무에 지원하는 이유를 기재해주십시오.
1923,0,입사 후 10년 내 이루고자 하는 목표(비전)와 이를 달성하기 위한 계획에 대하여 기재해주십시오.
1924,0,"필수 여러분이 해당 계열사 및 직무를 지원한 이유와 해당 직무를 수행하기 위해 그동안 어떤 노력과 도전, 그리고 경험을 해왔는지 구체적으로 설명해주세요. (1,000자 이내)"
1925,0,당사에 지원하게 된 동기와 입사 한다면 성취하고 싶은 목표를 서술해 주시기 바랍니다. [ 500자 이상 1000자 이내 ] (1000자)
1926,0,"해당 직무에 지원한 동기는 무엇이고, 본인이 지원직무에 적합하다고 생각하는 사유를 인성적, 직무적 관점에서 서술하여 주시기 바랍니다. [ 500자 이상 1000자 이내 ] (1000자)"
1927,0,"현대글로비스가 당신을 채용해야 하는 이유는 무엇인지, 희망직무 관점에서 자신만의 역량(경험, 노력)을 구체적인 사례를 근거로 이야기 해 주세요. [ 500자 이상 1000자 이내]"
1928,0,"이력서 기재사항 外 한화생명이 귀하를 채용하기 위해 참고해야 할 사항이 있다면, 그 이유 기술해 주시기 바랍니다."
1929,0,입사지원을 하게 된 동기와 자신이 지원한 직무에 적합하다고 생각하는 구체적인 이유
1930,0,당사에 입사하기 위해 준비해온 사항을 서술하여 주십시오.
1931,0,"여러분이 선택한 계열사와 해당 직무를 지원한 동기는 무엇인가요? ① 선택한 계열사가 아니면 안되는 이유, ② 직무에 관심갖게 된 계기, ③ 본인이 직무를 잘 수행할 수 있는 이유를 반드시 포함하여 구체적으로 작성해 주세요.(1,000자 이내)"
1932,0,관심분야 및 희망직무 중심으로 기술해주시기 바랍니다. (500자)
1933,0,신용보증기금을 알게 된 계기와 지원동기를 기술하여 주십시오[ 200자 이상 500자 이내 ]
1934,0,"지원자가 중부발전 및 지원분야 관심을 가지게 된 계기는 무엇이며, 이를 위해 그 동안 어떤 노력을 했는지 기술해 주시기 바랍니다."
1935,0,포스코에 지원하게 된 동기는 무엇입니까?
1936,0,지원동기 (350자)
1937,0,입사 후 포부: 광동제약을 통해 실현하고 싶은 가치 (350자)
1938,0,"입사 후 10년 내 회사에서 이루고 싶은 목표는 무엇이며, 그것을 추구하는 이유와 이를 달성하기 위한 계획을 서술해 주십시오. [500자 이하]"
1939,0,"본인의 직업관과 직장 선택의 기준은 무엇이며, 지원 직무를 위해 기울인 노력, 입사 후 목표와 성장 계획을 기술해 주십시오 [1200자 이내, 24줄 이내]"
1940,0,"채용연계형 인턴십 프로그램을 통해 얻고 싶은 것이나, 기대하는 바를 작성해 주세요(공백포함 200자 이내)"
1941,0,"삼양그룹에 입사지원하게 된 동기는 무엇인지 기술해주십시오. ,600자"
1942,0,입사 후 10년 내 이루고자 하는 목표(비전)와 이를 달성하기 위한 계획 2가지를 기재해 주십시오.(0/800)
1943,0,본인이 채용되어야 하는 이유(80자)
1944,0,"여러분은 입사 후 어떻게 성장하고 싶나요? 성장목표 및 계획, 성장을 위해 보완해야하는 점을 포함하여 구체적으로 적어주세요. (500자 이내)"
1945,0,지원동기 및 주요 경력
1946,0,입사후 포부 10년 시나리오
1947,0,"SK 입사 후 어떤 일을 하고 싶으며, 이를"
1948,0,지원동기 및 포부 : 지원동기와 입사 후 LS엠트론에서 자신의 모습을 기술해 주시기 바랍니다.
1949,0,롯데정밀화학에 지원한 동기를 구체적으로 기술해주세요. (500자)
1950,0,입사 후 롯데정밀화학과 본인의 커리어가 어떻게 상호발전할 수 있을지 기술해 주세요. (500자)
1951,0,입사 후 포부: IT 트랜드/기술동향을 고려하여 입사 후 10년 동안 회사에 이루고자 하는 포부와 그것을 추구하는 이유를 기술해주세요. (500자)
1952,0,본인이 지원한 직무분야에 입사하기 위해 노력한 점과 입사 후의 포부를 구체적으로 서술하십시오.
1953,0,입사 후 포부 : IT 트랜드/기술동향을 고려하여 입사 후 10년 동안 회사에서 이루고자 하는 포부와 그것을 추구하는 이유를 기술해주세요. (500자)
1954,0,여행업에 지원하게 된 이유와 특히 '하나투어'를 지원하게 된 동기를 구체적으로 기술하시오.
1955,0,KB국민은행에 지원하게 된 계기와 귀하를 채용해야 하는 이유는 무엇입니까?
1956,0,성격과 지원동기 및 이루고 싶은 목표
1957,0,당사에 지원하게 된 동기와 본인의 10년 후 계획에 대해 기술해 주십시오.
1958,0,"SPC 그룹에 지원한 동기와 입사 후 만들고 싶은 당사의 모습을 설명하고, 이를 위해 본인은 어떤 노력을 할 것인지 설명해 주십시오. [500자 이상 1000자 이내 ]"
1959,0,지원동기 *롯데월드에 지원하는 동기에 대하여 기술하여 주십시오.
1960,0,입사 후 기대역할 *향후 롯데월드에서의 역할에 대한 포부 및 계획에 대하여 기술하여 주십시오.
1961,0,당사에 지원하게된 동기와 해당직무의 역량에 대해서 기술하시오.* [600자 이내]
1962,0,"우리 회사에 지원하게 된 동기는 무엇이며, 입사 후 어떻게 성장해 나갈 것인지 기술하십시오. (1200 Byte)"
1963,0,입사 후 본인이 이루고자 하는 최종 목표를 단기/중기/장기로 나누어 구체적으로 기술하시오. (띄어쓰기 포함 800 자 이내)
1964,0,지원회사를 선택한 이유와 입사 후 회사에서 이루고 싶은 꿈을 기술하시오. [ 1000자 이내 ]
1965,0,IT Leadership Academy에 지원하게 된 동기를 기재하여 주십시오.(500자)
1966,0,"공단에 지원하게 된 동기와, 입사 후 공단에서 어떤 업무를 해보고 싶은지 기술하시오."
1967,0,[My Future] 본인이 지원한 직무관련 향후 계획에 대하여 본인이 지원한 직무와 관련된 본인이 향후 미래 계획에 대해 구체적으로 기술해주시기 바랍니다.(500자)
1968,0,지원동기 및 입사후 각오
1969,0,지원동기 [ 200자 이상 500자 이내 ]
1970,0,"우리 회사에 지원한 동기(관심을 가지게 된 계기, 시기 등)와 지원자를 선발해야 하는 이유에 대해 기술해 주시기 바랍니다. ㆍ언제부터 우리회사에 관심을 가지게 되었으며, 그 계기는 무엇인지 구체적으로 기술해주시기 바랍니다. ㆍ한전KPS에 입사 후 자신이 이루고자 하는 목표에 대하여 구체적으로 작성해 주시기 바랍니다."
1971,0,[지원동기]본인이 입사 지원 시 회사를 선택하는 기준과 한화테크윈 항공방산부문을 선택한 이유에 대해 기술해주시기 바랍니다. (500자)
1972,0,CJ제일제당과 해당 직무에 지원한 동기는 무엇인가요?
1973,0,지원동기 . 희망업무 ? 중요사항을 중심으로 간략히 기재
1974,0,입사지원 및 이직동기 / 희망 근무지에 대한 선택 이유*
1975,0,입사후 본인의 자기개발/경력개발 계획 및 포부*
1976,0,"1) 한화케미칼에 지원하게 된 동기나 이유, 2) 해당 직무에 지원하는 동기나 이유를 합쳐서 1000자 내로 기술해주세요."
1977,0,"선후배, 친구, 가족에게 있어 지원자는 어떠한 위치에 있는 사람이라고 생각하는지 이유와 함께 기술하시오"
1978,0,농협에 입사하여 본인이 하고 싶은 업무와 그로 인해 달성하고자 하는 바를 쓰시오.
1979,0,"여러분이 CJ CGV의 해당 직무에 지원한 동기는 무엇인가요? ① 해당 직무에 관심갖게 된 계기, ② 해당 직무를 본인이 잘 수행할 수 있는 이유를 본인의 경험을 반드시 포함하여 구체적으로 작성해 주세요. (1,000자 이내)"
1980,0,자신이 회사에 필요한 사람임을 보일 수 있도록 자신에 대해 좀 더 자세히 적어 주십시오.
1981,0,자신의 지원동기 및 포부에 대해 말씀해 주십시오.
1982,0,청년인턴을 지원한 동기와 입사 후 포부에 대해 자유롭게 기술하시오.
1983,0,회사 및 해당직무에 지원하게 된 동기와 입사 후 회사에서 이루고 싶은 중장기적 목표에 대해 구체적으로 기술해 주십시오. (700자)
1984,0,지원동기 및 미래 계획
1985,0,응모동기 및 포부 [ 100자 이상 800자 이내 ]
1986,0,"입사 후 희망하는 직무는 무엇이며, 그 직무를 희망하는 이유에 대하여 기술하시오. * [100자 이상 300자 이내]"
1987,0,대학내일 신입사원 공채채용에 지원하게 된 동기를 기술해주세요.
1988,0,지원동기 및 입사 후 포부 (500바이트 ~ 1700바이트)
1989,0,우리 공단에 입사 지원한 동기 및 입사 후 실천하고자 하는 목표를 다른 사람과 차별화된 본인의 역량과 결부시켜 작성해 주십시오. [ 200자 이상 300자 이내 ]
1990,0,삼성취업을 선택한 이유와 입사 후 회사에서 이루고 싶은 꿈을 기술하십시오. (700자)
1991,0,한섬과 해당 직무/브랜드에 지원한 동기를 기재하여 주십시오
1992,0,청년인턴을 지원한 동기와 입사 후 포부에 대해 자유롭게 기술하세요.
1993,0,"IT Leadership Academy에 지원하게 된 동기를 기재하여 주십시오. Guide> LG CNS에 관심을 갖게 된 계기, 본인이 해당분야에 적합한 이유 등을 자유롭게 기재해 주시기 바랍니다. (500자)"
1994,0,10년 뒤 본인이 기대하는 모습을 기재하여 주십시오. Guide> LG CNS 내에서 성장하고 싶은 목표 및 비전을 자유롭게 기재해 주시기 바랍니다. (500자)
1995,0,"귀하가 회사를 선택하는 기준은 무엇이며 왜 당사가 그 기준에 적합한지를 작성하고, 당사에 입사하여 이루고 싶은 목표에 대해 기술하십시오."
1996,0,인사에 대한 지원 동기
1997,0,금호석유화학그룹에서 당신의 직무역량을 발휘할 수 있는 계획을 구체적으로 서술하십시오. (300자)
1998,0,지원동기 및 입사 후 포부 한화시스템에 지원하는 이유는 무엇이고 입사 후 이루고자 하는 지원자의 비전에 대하여 작성하여 주십시오.
1999,0,지원동기 및 입사 후 포부 [ 500자 이상 1200자 이내 ]
2000,0,"대우건설에 입사하기 위해,(지원분야와 관련된) 무엇을 준비하였는지 작성해 주시기 바랍니다. 최소 30자 /700자 제한"
2001,0,입사 후의 미래계획과 도전하고 싶은 목표 및 계획을 작성해 주시기 바랍니다. 최소 30자 /700자 제한
2002,0,쌍용건설에 지원하게 된 동기와 입사 후 하고 싶은 직무를 기술해 주십시오. 또한 해당 직무에 필요한 역량을 갖추기 위해 어떤 노력을 했는지 구체적으로 작성해 주시기 바랍니다.
2003,0,"챌린지인턴십에 지원하게 된 동기는 무엇이며, 인턴생활 동안 자신의 계획에 대해서 서술하여 주십시오. (600자 /1800byte)"
2004,0,"본인이 회사를 선택하는데 있어 가장 중요하게 생각하는 가치는 무엇인지와, 입사후 현대엔지니어링에서 이루고 싶은 Vision을 기술해 주십시오."
2005,0,"현대글로비스 인턴십에 지원한 동기는 무엇이며, 본인의 가치관 및 직업관과 연계하여 상세히 기술하여 주시길 바랍니다. (700자)"
2006,0,"현대글로비스 인턴십 과정을 통해 이루고 싶은 단기적인 목표와 향후 본인의 장기적인 미래 계획을 상세히 기술하여 주시길 바랍니다. [미션 및 비전, 입사 포부 등] (700자)"
2007,0,[지원동기] 2017년 우리에프아이에스 신입사원으로 지원한 동기에 대하여 말씀해 주세요.
2008,0,당사에 꼭 입사해야 하는 이유와 삼화왕관이 본인을 뽑아야만 하는 이유에 대해 기술하십시오.* 1000자 이내(공백 포함)로 기술하여 주십시오.
2009,0,지원한 직무에 귀하를 반드시 채용해야 하는 이유를 두 가지 이상 기술해주십시오.(500자 이상)
2010,0,지원회사를 선택한 이유와 입사 후 회사에서 이루고 싶은 꿈을 기술하시오. [1000자 이내]
2011,0,"대웅제약에 지원한 이유는 무엇인가요? ""회사의 이런 점이 좋아서, 회사로부터 무엇을 얻고 싶어서"" 등의 관점이 아닌 회사에 기여할 수 있는 바를 중심으로 기술해 주십"
2012,0,"한국금융투자협회를 알게 된 시점 및 계기는 무엇이며, 지원 동기 및 입사를 위한 자신만의 준비과정을 서술하시기 바랍니다. (800자 이내)"
2013,0,LIG넥스원 및 해당직무에 `지원하게 된 동기`를 작성해주세요. (500자~1000자 이내)
2014,0,LIG넥스원 해당직무 담당자로 `본인을 채용해야 하는 이유`를 지식/기술/경험/기타 역량 등에 기반하여 구체적으로 작성해주세요. (500자~1000자 이내)
2015,0,"일이 인생에서 가지는 의미와 일, 직장생활을 통해 추구하고 싶은 가치는 무엇인지 작성해주세요. (500자~1000자 이내)"
2016,0,지원 동기 : 지원동기와 지원한 직무를 본인이 잘 수행할 수 있다고 생각하는 이유는 무엇입니까?
2017,0,SK텔레콤을 선택한 이유에 대해 기술하십시오. - 본인이 회사를 선택할 때의 기준은 무엇이며 그렇게 생각하는 이유를 포함 (500 자 10 단락 이내)
2018,0,"우리 한국방송통신전파진흥원에 지원한 동기(관심을 가지게 된 계기, 시기)와 지원자를 뽑아야 하는 이유에 대해 기술해 주시기 바랍니다. (200자 이상 600자 이내)"
2019,0,지원동기 및 향후 계획은 무엇인가요?
2020,0,지원동기에 대해 기술하시오
2021,0,앞으로 20년후 자신의 모습/입사후 포부에 대해 기술하시오
2022,0,"LG디스플레이 및 지원 직무에 지원하는 동기에 대해 기술해 주십시오. 성격(장단점), 직무와 관련된 경험 및 역량, 관심사항, 개인의 목표 및 비전 등 자신을 어필할 수 있는 내용을 기반으로 자유롭게 기술하시기 바랍니다"
2023,0,Essay 1 삼성취업을 선택한 이유와 입사 후 회사에서 이루고 싶은 꿈을 기술하십시오.
2024,0,게임패밀리 중 입사를 희망하는 법인 또는 게임장르를 기재하고 그 이유를 서술해 주세요.
2025,0,삼성취업을 선택한 이유와 입사 후 회사에서 이루고 싶은 꿈을 기술하십시오.(700자 이내)
2026,0,IT Leadership Academy에 지원하게 된 동기를 기재하여 주십시오. 500자
2027,0,지원동기 (400자)
2028,0,입사 후 포부 (400자)
2029,0,"인생의 목표(포부)는 무엇이며, 지금까지 목표를 이루기 위한 본인의 노력과 앞으로의 계획에 대해 기술해 주시기 바랍니다.(500~700자)"
2030,0,당사에 지원한 이유와 입사를 위해 구체적으로 어떤 노력을 하였는지 작성하시오.
2031,0,"우리은행 지원동기와 입행 후 실천하고자 하는 목표를 본인이 갖춘 은행원으로서의 자질(성품, 역량)과 연결시켜 설명해 주세요."
2032,0,당사에 지원한 동기와 해당 직무에 관심을 갖게 된 계기에 대해 기술하시오.300
2033,0,자신이 가고 싶은 분야와 이유
2034,0,벅스에 입사하여야 하는 이유와 개인의 경쟁력에 대해 솔직하고 구체적으로 이야기해주세요. (필수)
2035,0,KAMCO에 입사 후 실천하고자 하는 바를 본인의 역량과 결부시켜 작성하여 주십시오.
2036,0,(2)입사 후 포부 및 공사에서의 역할
2037,0,"본인이 회사를 선택할 때의 기준은 무엇이며, 왜 현대자동차가 그 기준에 적합한지를 기술해 주십시오. (1000자 이내)- 지원동기"
2038,0,"지원자가 한국국토정보공사 및 지원 분야에 관심을 가지게 된 계기는 무엇이며, 공사에 입사하기 위해 그동안 어떤 노력을 했는지 기술하시오."
2039,0,(주)아이센스를 지원하게 된 동기와 입사 후 포부에 대하여 기술해주세요. (700자)
2040,0,KCC 지원동기 및 사내에서 이루고 싶은 목표 (1000byte)
2041,0,"내가 생각하는 나는 객관적으로 어떠한 사람이며, 나를 타인에게 어떻게 소개하고 싶은지 서술하고, 코웨이 입사가 본인에게 어떤 의미를 부여할 것인지 서술하여 주시기 바랍니다. (800자)"
2042,0,"지원한 직무를 본인이 훌륭하게 수행할 수 있다고 생각하는 이유와 코웨이에서의 10년 후 나의 비전을 제시하고, 비전과 관련하여 도전하고 싶은 한 가지를 서술하여 주시기 바랍니다. (1000자)"
2043,0,입사 후 미래의 포부 및 Vision (400자)
2044,0,"동원그룹과 본인이 지원한 회사에 대해 본인이 가지고 있는 이미지와 느낌을 자유로이 서술하고, 지원동기를 쓰세요"
2045,0,입사 후 포부 : IT 트랜드/기술동향을 고려하여 입사 후 10년 동안 회사에서 이루고자 하는 포부와 그것을 추구하는 이유를 기술해주세요.
2046,0,입사 후 포부(1000자 이내 자유 서술)
2047,0,한화시스템에 지원하는 이유는 무엇이고 입사 후 이루고자 하는 지원자의 비전에 대하여 작성하여 주십시오.
2048,0,한국가스안전공사에 지원한 동기를 간략하게 작성하여 주십시오.
2049,0,한국임업진흥원에 지원하게 된 동기와 자신만의 비전을 제시하시오. * [500자 이내]
2050,0,한국임업진흥원의 구성원으로서 자신의 어떤 면이 적합한지 기술하시오. * [500자 이내]
2051,0,LH 한국토지주택공사에 지원하게 된 동기와 포부에 대해서 기술해주십시오.
2052,0,"(향후계획) 만약 무림에 입사했다면 10년 뒤에는 어떤 일을 하고 싶으며, 이를 위하여 어떤 노력을 할 것인지 서술하시오"
2053,0,지원하신 동기에 대해 기술하여 주십시오.
2054,0,세메스 취업을 선택한 이유와 입사 후 회사에서 이루고 싶은 꿈을 기술바랍니다.(500자 이내)
2055,0,"여러분께서 대한통운을 선택하게 된 지원동기와 물류사업에 관심을 가지게 된 계기에 대해서 구체적으로 작성해주세요. (1,000자 이내)"
2056,0,"CJ오쇼핑 BM(Brand Manager)를 지원한 동기는 무엇인가요? ① CJ오쇼핑 BM의 역할에 대한 본인의 생각, ② 평소 관심분야와 BM직무에 관심을 갖게된 계기, ③ 본인이 생각하는 MD와 BM의 차이점은 무엇인지를 반드시 포함하여 구체적으로 작성해 주세요. (1,000자 ~ 1,500자)"
2057,0,본인이 한화케미칼에서 일하고 싶은 구체적인 이유를 기술해주세요.
2058,0,"이력서 기재사항 外 한화생명이 귀하를 채용하기 위해 참고해야 할 사항이 있다면, 그 이유 기술해 주시기 바랍니다.(~400자)"
2059,0,지원동기 및 향후 Vision
2060,0,생명보험이란 무엇이라고 생각하는지와 교보생명에 지원한 동기에 대하여 기술하여 주십시오.
2061,0,삼표그룹에 입사를 지원한 동기 및 귀하가 지원한 직무에 적합하다고 생각하는 이유를 서술하시오. [ 100자 이상 500자 이내 ]
2062,0,입사 후 포부를 서술하시오. [ 100자 이상 500자 이내 ]
2063,0,지원동기 및 입사후포부(700자)
2064,0,[Essay 1]삼성취업을 선택한 이유와 입사 후 회사에서 이루고 싶은 꿈을 기술하십시오. (700자)
2065,0,나의 비전과 경력개발 계획
2066,0,지원동기와 응시분야에 대한 특이사항
2067,0,해양환경관리공단에 지원하게 된 동기를 제시하시오. * [500자 이내]
2068,0,해당하는 직무를 지원하게 된 동기와 해당 직무를 통해 이루고 싶은 비전을 구체적으로 기재하여 주십시오.
2069,0,지원동기 및 열정에 대해
2070,0,입사 후 포부(Vision)에 대해
2071,0,-지원동기 및 향후 계획
2072,0,"SPC 그룹에 지원한 동기와 입사 후 만들고 싶은 당사의 모습을 설명하고, 이를 위해 본인은 어떤 노력을 할 것인지 설명해 주십시오."
2073,0,[직무 지원 동기]
2074,0,아시아나항공 항공 정비직에 지원하게 된 동기에 대하여 서술하여 주십시오. * [200자 이상 500자 이내] /500
2075,0,쿠팡맨에 지원한 동기 및 입사 후 포부를 기술하세요.
2076,0,"한화케미칼에 지원하게 된 동기나 이유, 2) 해당 직무에 지원하는 동기나 이유를 합쳐서 1000자 내로 기술해주세요. 1000자"
2077,0,(공통) 당사 및 응시 부문 지원동기와 입사 후 포부에 대해 말씀하여 주십시오.[최소 200자 이상 최대 600자 이하]
2078,0,입사지원 동기 및 입사 후 포부
2079,0,지원동기 및 향후 계획
2080,0,자기소개 및 지원동기를 간략히 기술해 주십시오.
2081,0,"(My Story)해당회사 및 직무에 지원하는 동기에 대해 기술해 주십시오.≪Guide≫ 성격(장단점), 직무에 관련된 경험 및 역량, 관심사항, 개인의 목표 및 비전 등 자신을 어필할 수 있는 내용을 기반으로 자유롭게 기술하시기 바랍니다.(100자~1,000자)"
2082,0,롯데마트에 지원한 동기
2083,0,"여러분이 선택한 계열사 및 직무에 대한 지원동기는 무엇인가요? ① 선택한 계열사가 아니면 안되는 이유, ② 직무에 관심갖게 된 계기, ③ 본인이 직무를 잘 수행할 수 있는 이유를 반드시 포함하여 구체적으로 작성해 주세요. (1000자)"
2084,0,"입사 후 도전해보고 싶은 목표 및 계획을 구체적으로 기술해 주세요. ① CJ올리 브네트웍스 입사 후 도전하고 싶은 목표를 정하고, ② 과거의 구체적인 경험을 바탕으로 목표를 달성할 수 있는 이유에 대해서 설명해주세요. (1,000자 이내)"
2085,0,본인이 NSOK에 꼭 입사해야 하는 이유와 지원 직무에 대한 본인의 적합성을 다음 3가지 차원에서 정리하여 구체적으로 기술해 주십시오.
2086,0,관심분야 및 희망분야
2087,0,IBK시스템인이 되고 싶은 이유와 왜 IBK시스템을 지원하였는지 진솔하게 설명해 주십시오.
2088,0,"KAMCO 및 지원분야에 관심을 가지게 된 계기는 무엇이며, 이와 관련하여 그 동안 어떠한 노력을 했는지, 입사 후 공사에 어떻게 기여할 수 있을지를 KAMCO의 역할 및 사업내용과 관련지어 구체적으로 작성해주십시오"
2089,0,지원한 직렬에 대한 지원동기를 서술하시오.
2090,0,본인의 입사 후 포부에 대해 서술하시오.
2091,0,포스코강판의 입사지원 동기에 대해 기술하여 주십시오. 1200 Bytes
2092,0,포스코강판에 입사 후 이루고 싶은 꿈(포부)이 무엇인지 기술하여 주십시오.
2093,0,지원한 직무에 본인이 적합하다고 생각하는 이유를 구체적으로 서술해 주시기 바랍니다.(800자이내)
2094,0,지원 동기 및 입사후 포부를 서술해 주시기 바랍니다.(800자이내)
2095,0,"CJ오쇼핑 및 해당 직무를 지원한 동기와 지원직무를 잘 수행할수 있는 이유는 무엇인가요? ① 지원 동기 및 지원 직무 수행시 필요하다고 생각하는 역량, ② 지원 직무를 잘 수행하기 위한 그동안의 노력과 도전 (본인만의 강점, 준비, 관련경험), ③ 입사 후 성장 목표 등을 포함하여 구제적으로 작성해 주세요. (1,000자 이내)"
2096,0,귀하를 채용해야하는 이유
2097,0,많은 회사들 중에서 롯데면세점에 지원하게 된 동기를 기술해 주십시오.
2098,0,"롯데면세점 입사 후 이루고 싶은 목표와 앞으로의 계획, 포부에 대해 이야기해 주십시오."
2099,0,당사에 지원하게 된 동기와 입사 후 본인의 포부를 구체적으로 작성하십시오. 1000자
2100,0,"여러분께서 대한통운을 선택하게 된 지원동기와 물류사업에 관심을 가지게 된 계기에 대해서 구체적으로 작성해주세요. (1,000자 아내)"
2101,0,[지원동기 및 입사 후 포부]구체적인 지원동기를 기술 (2000자)
2102,0,우리 공단에 입사 지원한 동기 및 입사 후 실천하고자 하는 목표를 다른 사람과 차별화된 본인의 역량과 열부시켜 작성해주십시오
2103,0,코오롱에 지원하게 된 동기와 지원한 분야를 위해 어떤 노력과 준비를 해왔는지 기술하시오
2104,0,애경화학에 지원하게된 동기와 입사하기 위해서 어떠한 노력을 했는지 구체적으로 기술해 주세요.
2105,0,입사후 애경화학에 어떻게 기여할 수 있는지 구체적으로 기술해 주세요.
2106,0,"지원동기 및 입사 후 5, 10년 계획"
2107,0,우리원에 입사지원한 동기 및 입사 후 본인이 수행하게 될 업무를 위해 어떤 준비를 하였는지 본인의 역량과 연계하여 작성하여 주십시오
2108,0,입사지원 동기와 입사를 위해 어떤 노력을 기울였는지 기술하시오.
2109,0,입사 후 회사에서 이루고 싶은 꿈을 기술하시오.
2110,0,"CJ헬스케어와 해당 직무에 지원한 동기는 무엇인가요? ① CJ헬스케어야만 하는 이유, ② 지원 직무에 관심을 갖게 된 계기, ③ 입사 후 성장 목표를 반드시 포함하여 구체적으로 작성해 주세요. (1,000자 이내)"
2111,0,"한국농어촌공사에 지원하게 된 동기와 입사 후 공사에서 어떤 업무를, 왜 해보고 싶은지에 대해 기술하시오. (1000자 이내)"
2112,0,당사에 꼭 입사해야 하는 이유와 삼화왕관이 본인을 뽑아야만 하는 이유에 대해 기술하십시오.
2113,0,당사를 지원한 동기와 회사에서 이루고 싶은 꿈
2114,0,3. 우리회사에 지원하게 된 동기는 무엇이며 입사 후 어떻게 성장해 나갈지
2115,0,남양유업에 지원한 동기를 서술하시오.
2116,0,위메프에 꼭 입사해야하는 이유와 지원 직무를 위해 노력한점은 무엇인가요?
2117,0,회사 및 해당분야에 지원하게 된 동기와 입사 후 kt ds에서 이루고 싶은 중장기적 목표에 대해 구체적으로 기술하세요. (1000자 이내)
2118,0,본인이 위메프에 꼭 입사해야하는 이유와 지원 직무를 위해 노력한 점은 무엇인가요?
2119,0,현대모비스 해당 직무 분야에 지원하게 된 이유를 기재해 주시기 바랍니다. (1000자 이내)
2120,0,입사 후 현대모비스의 발전을 위해 본인이 어떠한 노력을 할 것인지를 중장기적인 관점에서 기재해 주시기 바랍니다. (1000자 이내)
2121,0,지원동기 및 입사후포부 (1000자 이내)
2122,0,생명보험이란 무엇이라고 생각하는지와 교보생명에 지원한 동기에 대하여 기술하여 주십시오
2123,0,삼성취업을 선택한 이유와 입사 후 회사에서 이루고 싶은 꿈을 기술하십시오. (1000자 이내)
2124,0,"SK 입사 후 어떤 일을 하고 싶으며, 이를 위해 본인이 무엇을 어떻게 준비해 왔는지 구체적으로 기술하십시오. (1000자 이내)"
2125,0,[직무적합성] 대한적십자사에 지원하게 된 동기 및 지원분야의 직무 수행을 위해 준비해온 과정에 대해 자유롭게 기술 하십시오. (500자)
2126,0,세메스 취업을 선택한 이유와 입사 후 회사에서 이루고 싶은 꿈
2127,0,"진로에 있어 넷마블 입사 외의 차선책이 있다면, 그 계획에 대해 설명하여 주십시오."
2128,0,많은 기업 중 한국예탁결제원을 지원하게 된 계기 또는 입사지원을 결심하게 된 동기(경험)가 있다면 구체적으로 기술해 주십시오.
2129,0,"한국예탁결제원의 인재상 중 본인이 해당하는 유형은 무엇인지 설명하고, 그렇게 생각하는 이유에 대해 상세하게 기술해 주십시오."
2130,0,지원동기 : 롯데정보통신과 해당 직무에 지원하게 된 동기를 구체적으로 기술해 주십시오.(1000자 이내)
2131,0,입사 후 포부 : 입사 후 10년 동안 회사에서 이루고자 하는 포부와 이를 실현하기 위하여 어떠한 노력을 할 것인지 기술 해주십시오.(1000자 이내)
2132,0,지원동기와 향후 본인의 비전에 대해 쓰시오.
2133,0,BC카드에 지원하게 된 동기와 입사 후 이루고 싶은 중장기적 목표에 대해 구체적으로 기술해 주십시오
2134,0,본인의 가치관에 근거하여 현대모비스를 지원하게 된 이유와 입사 후 포부를 기재해 주십시오. (1000자 이내)
2135,0,우리 공단에 입사 지원한 동기 및 입사 후 실천하고자 하는 목표를 다른 사람과 차별화된 본인의 역량과 결부시켜 작성해 주십시오. (1000자 이내)
2136,0,회사에 지원할 때 가장 먼저 보는 것과 그 중 이곳이 어떤 점에 부합하여 지원하였는지 작성해 주세요.
2137,0,코오롱에 지원하게 된 동기와 지원한 분야를 위해 어떤 노력과 준비를 해왔는지 기술하시오. (1000자 이내)
2138,0,인턴직원 지원동기 및 입사 후 포부
2139,0,신용보증기금에 대한 지원자의 관심과 생각을 자유롭게 기술하시오
2140,0,인그리디언코리아에 지원하신 동기는 무엇입니까?
2141,0,향후 10년 후에 회사에서 어떤 일을 하고 싶나요?
2142,0,본인이 당사에 꼭 입사해야하는 이유와 지원 직무를 위해 했던 구체적인 노력에 대해서 서술해주십시오. (1000자 이내)
2143,0,우리회사에 지원한 동기는? (1000자 이내)
2144,0,금융보안원 지원동기 및 희망업무와 금융보안원이 본인을 선발하여야 하는 이유에 대해 기술하시오.
2145,0,DGB대구은행을 지원한 동기에 대해 서술해 주세요.
2146,0,지원동기와 입사 후 NHN Entertainment 에서 자신의 미래 모습을 기술하세요.
2147,0,본인 해당직무를 지원한 동기 및 이를 위해 준비해온 과정을 기술하시오.
2148,0,"모두투어를 지원하게 된 동기를 적으시고, 모두투어에 선발되어야 하는 이유를 적으세요"
2149,0,지원동기와 입사 후 NHN Entertainment 에서 자신의 미래 모습을 기술하세요. (1000자 이내)
2150,0,입사 후 자신이 Market Top 수준의 인재로 성장하기 위해 어떤 노력을 할 것인지 기술하시오. (1000자 이내)
2151,0,우리 공단에 입사 지원한 동기 및 입사 후 실천하고자 하는 목표를 다른 사람과 차별화된 본인의 역량과 결부시켜 작성해 주십시오.
2152,0,경력사항 및 지원동기 간략하게 적어주세요
2153,0,지원동기 - 중요사항을 중심으로 간략히 기재
2154,0,"한국산업단지공단에 지원한 동기(관심을 가지게 된 계기, 시기 등)와 입사 후 실천하고자 하는 목표를 차별화된 본인의 역량과 결부시켜 기술해 주십시오."
2155,0,IBK캐피탈에 지원한 동기와 IBK캐피탈에서 이루고 싶은 본인의 목표에 대해 기술하시오. (1000자 이내)
2156,0,"본인이 다닐 직장으로 중소기업중앙회를 선택한 이유, 중앙회에서 이루고 싶은 꿈(비전)은 무엇이며 구체적인 계획은 어떠한지 기술하기 바랍니다. (1000자 이내)"
2157,0,10년 후 LG하우시스의 구성원으로서 본인의 목표와 비전을 기술해 주시기 바랍니다
2158,0,당사를 지원한 동기와 입사 후 포부는 무엇입니까?
2159,0,iCOOP생협에 지원하게 된 동기를 서술하시오.
2160,0,다른 지원자들보다 본인이 반드시 채용되어야 하는 이유 2가지 이상에 대해서 작성하시오
2161,0,지원서 상 작성한 내용 이외에 컴투스에서 귀하를 채용하기 위해 알아야 할 점이 있다면 자유롭게 작성해주세요.
2162,0,총무직무를 선택한 이유
2163,0,YES24의 입사 후 포부
2164,0,"당신이 회사를 선택하는 기준에 근거하여, 현대글로비스에 지원한 동기를 구체적으로 기술해 주시길 바랍니다. (500자 ~ 700자)"
2165,0,"현대글로비스가 당신을 채용해야 하는 이유는 무엇인지, 희망 직무 관점에서 자신만의 역량을 구체적인 사례를 근거로 기술해 주시길 바랍니다. (500자 ~ 700자)"
2166,0,입사 후 현대글로비스에서 이루고 싶은 꿈을 구체적인 실천 계획을 바탕으로 상세히 기술해 주시길 바랍니다. (500자 ~ 700자)
2167,0,"귀하가 회사를 선택하는 기준은 무엇이며 왜 당사가 그 기준에 적합한지를 작성하고, 당사에 입사하여 이루고 싶은 목표에 대해 기술하시오."
2168,0,GS ITM 인턴쉽에 지원하게 된 동기를 작성해 주십시오.
2169,0,지원회사를 선택한 이유와 입사 후 회사에서 이루고 싶은 꿈을 기술하시오. (1000자 이내)
2170,0,입사후 자기계발 계획
2171,0,해당 직무 및 Otis 엘리베이터에 지원한 이유에 대하여 자세하게 설명하여 주시기 바랍니다.
2172,0,은행원이 되고 싶은 이유와 왜 IBK기업은행을 지원하였는지 진솔하게 설명해 주십시오
2173,0,당사 지원동기와 본인의 지원 직무 수행을 위해 준비해 온 사항에 대해 기술하시기 바랍니다.
2174,0,"당사 입사지원하신 이유와 함께 지원하신 분야를 희망하는 이유, 그리고 면접관이 꼭 알아주었으면 하는 점을 적어주세요"
2175,0,지원하신 분야에 합격하신 후 어떤 일들에 도전해보고 싶으신가요? 장래 포부와 함께 적어주세요
2176,0,"지원자가 한국국토정보공사 및 지원 분야에 관심을 가지게 된 계기는 무엇이며, 공사에 입사하기 위해 그동안 어떤 노력을 했는지 기술해 주시기 바랍니다."
2177,0,"DGB생명의 인재상과 현재의 본인을 비교하시고, DGB생명이 귀하를 선택해야 하는 이유를 설명해 주십시오."
2178,0,지원 사업부 또는 직무에 지원하게 된 동기와 본인이 지원하는 사업부의 시장 경쟁력을 높이기 위한 방안을 기술하여 주십시오. (1000자 이내)
2179,0,지원동기 : 지원동기를 구체적으로 기술해주세요. (1000자 이내)
2180,0,입사 후 포부 : IT 트랜드/기술동향을 고려하여 입사 후 10년 동안 회사에서 이루고자 하는 포부와 그것을 추구하는 이유를 기술해주세요. (1000자 이내)
2181,0,gs파워에 입사하고자 하는 이유와 본인만이 할 수 있는 일이 무엇인가
2182,0,삼성취업을 선택한 이유와 입사 후 회사에서 이루고 싶은 꿈을 기술하십시오 (1000자 이내)
2183,0,해당 직무를 지원하게 된 동기 및 당사가 귀하를 꼭 채용해야 하는 이유를 기술하십시오. (1000자 이내)
2184,0,"지원 직무와 관련한 준비과정(학업, 교내외 활동 등) 및 입사 후 어떻게 성장해 나갈 것인지 기술하십시오. (1000자 이내)"
2185,0,지원직무를 잘 수행하기 위한 준비과정과 자신만의 가정 및 입사 후 이루고 싶은 목표는 무엇인지 기술하시오. (1000자 이내)
2186,0,GS칼텍스에 지원한 이유는 무엇입니까? (1000자 이내)
2187,0,증권업을 지원하게 된 동기와 10년 후 본인의 모습에 대해 서술해 주세요(500자)
2188,0,자신에게 직장생활의 의미는 무엇인가?(200자 이내) 현재 0자/최대200자
2189,0,"여러 금융회사 중 SGI서울보증에 지원한 이유와 입사 후 도전하고 싶은 업무를 설명하여 주시고, 해당 업무를 수행하기 위하여 준비한 것은 무엇이며 이를 활용한 경험이 있다면 기술하여 주십시오. (1000자 이내)"
2190,0,"S/W개발자가 되려는 이유와, 이를 위해 어떤점을 준비해왔나요?"
2191,0,"대웅제약에 지원한 동기와, 귀하께서 대웅제약에 적합하다고 생각하는 이유를 설명해주십시오(1000자 이내)"
2192,0,귀하께서 생각하시는 ”직장생활”의 의미를 작성해 주십시오. (1000자 이내)
2193,0,귀하의 인생의 목표는 무엇입니까? 그리고 그 목표를 이루기 위해 어떻게 계획하여(준비하여) 실행하고 있는지 설명해 주십시오. (1000자 이내)
2194,0,우리회사에 지원한 동기와 입사 후 포부를 자유롭게 기술하시기 바랍니다. (1000자 이내)
2195,0,"마지막으로, 신한데이타시스템이 귀하(지원자)를 채용하지 않으면 안될 이유에 대해 자유롭게 기술하여 주시기 바랍니다. (1000자 이내)"
2196,0,직무 지원 동기 및 입사 후 포부.
2197,0,[지원동기 및 포부] 많은 직장 중에서 항공사를 선택하게 된 이유와 특히 대한항공에 지원하게 된 동기 및 입사 후 포부에 대해 구체적으로 기술하시오.(1000자 이내)
2198,0,메리츠화재 금융전문가과정 인턴십 지원동기를 기술하시오.
2199,0,금융전문가과정 인턴십에 대한 향후 본인의 각오 및 VISION을 기술하시오.
2200,0,지원동기 및 장래 Vision (1000자 이내)
2201,0,"자기소개, 담당직무에 지원하게 된 동기 등을 자유롭게 기술"
2202,0,입사 후 포부와 희망업무.
2203,0,"당신이 회사를 선택하는 기준에 근거하여, 현대글로비스에 지원한 동기를 구체적으로 기술해 주시길 바랍니다."
2204,0,"현대글로비스가 당신을 채용해야 하는 이유는 무엇인지, 희망 직무 관점에서 자신만의 역량을 구체적인 사례를 근거로 기술해 주시길 바랍니다."
2205,0,입사 후 현대글로비스에서 이루고 싶은 꿈을 구체적인 실천 계획을 바탕으로 상세히 기술해 주시길 바랍니다.
2206,0,본교 지원 동기 및 입사시 각오
2207,0,희망직무 및 이를 위해 준비한 사항
2208,0,입사 후 일을 통해 이루고 싶은 것은 무엇입니까.
2209,0,지원동기 및 장래희망 (1000자 이내)
2210,0,"한국남부발전에 지원한 동기에 대해 작성 해주시고, 앞으로 한국남부발전이 나아가야할 방향에 대해 본인의 역할과 연계하여 이야기해주십시오."
2211,0,"여러분이 선택한 계열사와 해당 직무를 지원한 동기는 무엇인가요? ① 선택한 계열사가 아니면 안되는 이유, ② 직무에 관심갖게 된 계기, ③ 본인이 직무를 잘 수행할 수 있는 이유를 반드시 포함하여 구체적으로 작성해 주세요. (1000자 이내)"
2212,0,"넷마블에 입사한다면, 희망하는 업무분야와 해당 업무를 위하여 지금까지 준비한 내용에 대해 구체적으로 기술하여 주세요"
2213,0,삼성 취업을 선택한 이유와 입사 후 회사에서 이루고 싶은 꿈을 기술하십시오. (1000자 이내)
2214,0,당사를 지원한 동기와 입사 후 포부에 대해 기술해 주세요. (1000자 이내)
2215,0,"입사지원을 하게 된 동기와, 자신이 지원한 직무에 적합하다고 생각하는 구체적인 이유를 기술하시오. (1000자 이내)"
2216,0,생명보험이란 무엇이라고 생각하는지와 교보생명에 지원한 동기에 대하여 기술하여 주십시오. (1000자 이내)
2217,0,"4. 지원자께서 근로복지공단 인재선발관이라고 가정하시어 공단 홈페이지를 통해 공단의 미션, 비전, 핵심가치를 참고하여 공단에 필요한 인재상을 제시하여 주시고 그 인재상에 맞는 인재를 어떻게 찾을 것인지 제시하신 인재상에 따라 면접의 질문을 만들어 주시기 바라며, 지원자께서는 그 인재상에 얼마나 적합한지 구체적으로 설명해 주십시오. 395 / 400"
2218,0,희망업무 및 장래포부.
2219,0,귀하가 금호아시아나그룹(1지망회사)을 지원하게 된 동기에 대해 서술해 주십시오. (1000자 이내)
2220,0,"입사 후 10년 내 회사에서 이루고 싶은 목표는 무엇이며, 그것을 추구하는 이유와 이를 달성하기 위한 계획을 서술해 주십시오. (1000자 이내)"
2221,0,지원동기 및 지원한 직무에 자신이 적합한 이유를 서술하시기 바랍니다.
2222,0,2. 지원동기 및 입사 후 목표
2223,0,지원동기 및 입사후포부 [100자 이상 600자 이내]
2224,0,입사 후 VISION
2225,0,회사에 지원하게 된 동기와 입사 후 계획을 기술해 주십시오.
2226,0,"K-water에 입사지원한 동기 및 입사 후 실천하고자 하는 목표를 K-water 인재상(순수,열정,창조) 중 자신과 가장 잘 부합하는 역량과 결부시켜 작성해주십시오."
2227,0,"지원 동기, 왜 자신을 채용해야 하는지 구체적으로 서술"
2228,0,입사 후 포부 및 원에서의 역할
2229,0,한국엘러간 영업인턴에 지원하는 동기와 성취하고 자 하는 점을 상세히 기술해 주시기 바랍니다.
2230,0,회사를 선택하는 데 있어 무엇이 중요한지 본인의 가치와 신념과 연관지어 생각해 보고 기술해 보십시요. 또한 본인을 동기부여 시키는 요인은 무엇입니까?
2231,0,지원동기: 당사에 지원하게 된 동기 및 자신이 지원한 분야를 성공적으로 수행할 수 있다고 생각하는 이유를 구체적인 사례를 토대로 설명해주세요.
2232,0,입사 후 포부: 향후 회사에 기여할 수 있는 부분 및 포부에 대해서 기술해주세요.
2233,0,지원동기 및 주요 경력·업적(1000자 이내)
2234,0,입사 후 업무추진계획 및 Vision(1000자 이내)
2235,0,"당사 입사지원하신 이유와 함께 지원하신 분야를 희망하는 이유, 그리고 면접관이 꼭 알아주었으면 하는 점을 적어주세요."
2236,0,지원하신 분야에 합격하신 후 어떤 일들에 도전해보고 싶으신가요? 장래 포부와 함께 적어주세요.
2237,0,지원직무에 대한 지원동기 및 입사 후 포부(700자 이내)
2238,0,"5. SK 입사 후 어떤 일을 하고 싶으며, 이를 위해 본인이 무엇을 어떻게 준비해 왔는지 구체적으로 기술하십시오.(1000자)"
2239,0,웅진식품에 지원하신 동기를 서술하여 주십시오.(구체적으로)
2240,0,입사동기 및 포부.
2241,0,"해당 직무에 지원한 동기와 해당 직무에 본인이 적합한 이유 및 근거를 본인의 경험, 전공 등과 연계하여 서술하여 주십시오. (1000자 이내)"
2242,0,본인이 당사에 입사하고자 하는 이유와 지원 직무를 위해 했던 구체적인 노력에 대해서 기술하여 주십시오.
2243,0,당사의 일원으로서 이루고 싶은 목표를 기술하여 주십시오.
2244,0,"지원자가 한국마사회 및 지원분야에 관심을 가지게 된 계기는 무엇이며, 이를 위해 그 동안 어떤 노력을 했는지 기술해 주십시오."
2245,0,내가 오디션에 참가해야만 하는 이유.
2246,0,"본인이 다닐 직장으로 중소기업중앙회를 선택한 이유, 중앙회에서 이루고 싶은 꿈(비전)은 무엇이며 구체적인 계획은 어떠한지 기술하기 바랍니다. , 중앙회 가족으로서 융화하기 위한 특별한 노력, 희망업무(직무)와 전문성을 기르기 위한 계획 등을 중심으로 기술)"
2247,0,귀하가 당사를 지원하게 된 동기에 대해 기술하십시오. (공백 포함 550자)
2248,0,귀하가 생각하는 ‘직장’의 의미는 무엇인지 작성하여 주십시오 (300字 이내)
2249,0,한국투자저축은행을 선택한 이유와 한국투자저축은행이 귀하를 채용해야 하는 이유에 대해 작성하여 주십시오 (500字 이내)
2250,0,귀하가 금호아시아나그룹(1지망회사)을 지원하게 된 동기에 대해 서술해 주십시오.
2251,0,"입사 후 10년 내 회사에서 이루고 싶은 목표는 무엇이며, 그것을 추구하는 이유와 이를 달성하기 위한 계획을 서술해 주십시오."
2252,0,농협물류에 지원한 동기에 대해 기술하시오.
2253,0,1.해당회사 및 직무에 지원하는 동기에 대해 기술해 주십시오.
2254,0,당사와 해당직무를 지원한 이유(동기)에 대하여 기술해 주세요.(600자 이내)
2255,0,입사 후 자신의 비전과 비전 달성을 위한 계획을 기술해 주세요.(600자 이내)
2256,0,성장과정과 입사후 계획 등을 기술하세요.
2257,0,"동원그룹과 본인이 지원한 회사에 대해 본인이 가지고 있는 이미지와 느낌을 자유로이 서술하고, 지원동기를 쓰세요."
2258,0,지원동기. (500)
2259,0,트랜드/기술동향을 고려해 입사 후 10년 동안 회사에서 이루고자 하는 포부와 이유. (500)
2260,0,이랜드를 선택한 이유와 이랜드 입사 시에 이루고 싶은 꿈을 적어주십시오.
2261,0,입사 후 각오 및 장래 포부.
2262,0,신입사원의 경우 입사 후 포부.
2263,0,[지원동기 및 포부] 많은 직장 중에서 항공사를 선택하게 된 이유와 특히 대한항공에 지원하게 된 동기 및 입사 후 포부에 대해 구체적으로 기술하시오. (600자 이내)
2264,0,"지원자가 왜 능률교육에 입사하고 싶은지 궁금합니다. 지원 동기와 자신이 능률에 입사하기 위해 어떤 노력과 준비를 해왔는지, 능률에 입사한 뒤 5년 후 자신은 어떤 모습일지 서술해 주세요."
2265,0,지원동기 및 포부.
2266,0,1. 지원자가 중부발전 및 지원분야 관심을 가지게 된 계기는 무엇이며 이를 위해 그 동안 어떤 노력을 했는지 기술해 주시기 바랍니다.
2267,0,한국유나이티드제약 품질관리 합격 자소서 (자유양식)
2268,0,당사를 지원한 동기와 입사 후 포부에 대해 기술하여 주시기 바랍니다.
2269,0,Q1. 피에스케이㈜에 지원하는 동기는 무엇이며 입사를 위해 무엇을 하였는지 구체적으로 작성해주시기 바랍니다.
2270,0,Q4. 입사 후 이루고자 하는 목표를 단기(1년)/중기(5년)/장기(10년)로 나누어 구체적으로 작성해주시기 바랍니다.
2271,0,당사에 지원하게 된 동기와 입사 한다면 성취하고 싶은 목표를 서술해 주시기 바랍니다.
2272,0,지원동기를 기술하세요.
2273,0,입사지원 동기와 입사후 포부. (100자 ~ 2000자 제한)
2274,0,BC카드에 지원하게 된 동기와 입사 후 이루고 싶은 중장기적 목표에 대해 구체적으로 기술해 주십시오.
2275,0,보험회사를 선택한 이유와 왜 흥국생명에 입사해야 하는지 서술해주세요.
2276,0,지원 사업부 또는 직무에 지원하게 된 동기와 본인이 지원하는 사업부의 시장 경쟁력을 높이기 위한 방안을 기술하여 주십시오. (700자 이내)
2277,0,"2. 지원자가 중부발전 및 지원 분야 관심을 가지게 된 계기는 무엇이며, 이를 위해 그 동안 어떤 노력을 했는지 기술해 주시기 바랍니다."
2278,0,향후 경력개발 계획 (로드맵)
2279,0,"지원자가 한국마사회 및 지원 분야에 관심을 가지게 된 계기는 무엇이며, 이를 위해 그 동안 어떤 노력을 했는지 기술해 주십시오."
2280,0,지원동기 및 준비사항. (필수)
2281,0,입사후 포부 및 계획(필수)
2282,0,한컴인이되기 위해 어떠한 마음가짐으로 어떤 준비를 했는지 혹은 하고 있는지 구체적으로 서술하라.
2283,0,"지원하게 된 동기는 무엇이며, 입사 10년 후 어떤 모습으로 성장해 있을지 기술하십시오."
2284,0,지월동기 및 입사 후 포부.
2285,0,지원동기 및 입사 후 포부.
2286,0,[지원동기 및 포부]많은 직장 중에서 항공사를 선택하게 된 이유와 특히 대한항공에 지원하게 된 동기 및 입사 후 포부에 대해 구체적으로 기술하시오.(600자 이내)
2287,0,"한국농어촌공사에 지원하게 된 동기와 입사 후 공사에서 어떤 업무를, 왜 해보고 싶은지에 대해 기술하시오. [500자 이내]"
2288,0,자신이 왜 한국농어촌공사의 인재상에 부합되는 인물이라고 생각하는지를 기술하시오. [500자 이내]
2289,0,지원동기 및 포.부 (200자 이내)
2290,0,우리 회사와 이번 채용 직무에 지원하게 된 동기에 대해 서술해 주십시오.
2291,0,입사 후 포부: 입사 후 10년 동안의 회사 생활 시나리오와 그것을 추구하는 이유를 기술해 주세요.
2292,0,우리회사 지원동기 및 본인이 지원한 분야를 성공적으로 수행할 수 있다고 생각하는 이유를 설명하여 주시기 바랍니다.
2293,0,SK커뮤니케이션즈 입사지원 동기와 지원분야에 적합한 인재라고 생각하는 이유를 성격/태도/역량 3가지 측면으로 구분하여 기술하십시오. (1200 자 15 단락 이내)
2294,0,녹십자 입사지원동기에 대해 말씀해 주세요.
2295,0,녹십자의 비전과 나의 비전에 대해 말씀해 주세요
2296,0,자기소개 및 졸업 후 희망 진로
2297,0,본인을 채용술하시오 해야 하는 이유에 대하여 기술하시오.
2298,0,[지원동기 및 포부 ]많은 직장 중에서 항공사를 선택하게 된 이유와 특히 대한항공에 지원하게 된 동기 및 입사 후 포부에 대해 구체적으로 기술하시오. (600자 이내)
2299,0,한샘 영업전문직(SC)에 진원하게 된 동기를 기술하시오.
2300,0,한샘에서 이루고 싶은 입사 후 포부(VISION)에 대해 기술하시오.
2301,0,신한은행을 지원한 이유와 입행 후 회사에서 이루고 싶은 꿈을 기술해 주세요.
2302,0,지원 동기 및 입사 후 포부.
2303,0,"현대글로비스에 지원한 동기는 무엇이며, 왜 본인에게 최적의 회사인지 가치관 및 직업관과 연계하여 상세히 기술하여 주시길 바랍니다."
2304,0,"입사 후 만들고 싶은 현대글로비스의 모습과, 이를 위한 본인만의 구체적인 실천계획을 기술해 주시길 바랍니다. [목표 및 비전, 직무 관련 미래계획, 포부 등]"
2305,0,"현대글로비스가 당신을 채용하기 위해 꼭 알아야 할 것이 있다면 무엇이고, 그 이유에 대해서 기술해 주시길 바랍니다."
2306,0,지원자의 직장관과 그 이유
2307,0,"실제 일화(사례, 경험)를 바탕으로 귀하의 성격, 가치관 등을 설명하고 한전 지원동기를 기술하세요. 또한 본인의 인생목표 중 한전에 입사하여 이루고 싶은 목표는 무엇인지를 기술하세요. (1000자)"
2308,0,고졸(일반행정) 분야 지원 동기와 입사 후 계획을 기술해 주십시오.
2309,0,당사와 해당직무를 지원하게 된 동기를 기술하여 주십시오.
2310,0,미래를 위한 본인의 준비와 계획을 기술하여 주십시오.
2311,0,입사 후 포부를 기술하여 주십시오.
2312,0,지원동기/입사후 포부
2313,0,인생의 목표와 그 이유.
2314,0,"농협은행 입사 후 목표가 무엇인지 제시하고, 그 목표를 달성하기 위해 어떠한 준비를 하였는지 기술하시오."
2315,0,삼성취업을 선택한 이유와 입사 후 회사에서 이루고 싶은 꿈을 기술하십시오
2316,0,"당사를 지원한 동기와 입사 후 만들고 싶은 당사의 모습을 설명하고, 이를 위해 본인은 어떤 노력을 할 것인지 설명해주십시오. [ 50자 이상 1000자 이내]"
2317,0,"지원자께서 근로복지공단 인재선발관이라고 가정하시어 공단 홈페이지를 통해 공단의 미션, 비전, 핵심가치를 참고하여 공단에 필요한 인재상을 제시하여 주시고 그 인재상에 맞는 인재를 어떻게 찾을 것인지 제시하신 인재상에 따라 면접의 질문을 만들어 주시기 바라며, 지원자께서는 그 인재상에 얼마나 적합한지 구체적으로 설명해 주십시오."
2318,0,"해당 직무에 지원한 동기는 무엇이고, 본인이 지원직무에 적합하다고 생각하는 사유를 인성적, 직무적 관점에서 서술하여 주시기 바랍니다."
2319,0,1. LG디스플레이 및 지원 직무에 지원하는 동기에 대해 기술해 주십시오.
2320,0,쌍용건설 서류합격 자기소개
2321,0,자신에게 직장생활의 의미는 무엇인가?
2322,0,"입사지원을 하게 된 동기와, 자신이 지원한 직무에 적합하다고 생각하는 구체적인 이유를 기술하시오.(500자)"
2323,0,웹젠에 입사 지원한 동기는 무엇입니까? (1000자 이내)
2324,0,"SK 입사 후 어떤 일을 하고 싶으며, 이를 위해 본인이 무엇을 어떻게 준비해 왔는지 구 체적으로 기술하십시오."
2325,0,웹젠에 입사 지원한 동기는 무엇입니까?(1000자 이내)
2326,0,지원 동기에 대하여
2327,0,5. 입사 후 포부 : 입사 후 10년 동안의 회사생활 시나리오와 그것을 추구하는 이유를 기술해주세요.(500자 16줄 이내)
2328,0,BGF리테일에 지원하게 된 동기와 입사 후 포부에 대하여 기술하시오. (1000자 이내)
2329,0,당사에 지원한 동기와 입사 후 포부를 서술하시오
2330,0,희망직무에 대해서 귀하는 어떠한 부가가치를 가져올 수 있습니까?
2331,0,입사 후 포부 : 10년간의 시나리오와 추구하는 이유 (1000자 이내)
2332,0,코트라 서류합격 자기소개서
2333,0,지원동기와 입사 후 NHN Entertainment 에서 자신의 미래 모습을 기술하세요. (필수)
2334,0,우리 공단에 입사 지원한 동기 및 입사 후 실천하고자 하는 목표를 다른 사람과 차별화된 본인의 역량과 결부시켜 작성해 주십시오
2335,0,SK가스와 직무를 지원한 이유+적합하다고 판단한 이유(각 3문장 이하/5문장 이하 서술)
2336,0,지원 직무에 지원하게 된 동기와 본인이 지원하는 사업부의 시장 경쟁력을 높이기 위한 방안을 서술하세요
2337,0,"해당 직무에 지원하게 된 동기와 입사 후 10년 내에 이루고 싶은 목표에 대해 구체적으로 기술해 주십시오. 1. KT가 이러한 상황이기에 지원직무분야에서 어떠한 단기적 목표를 달성하고 싶어 지원했다 2. 10 년내 이루고자 하는 목표(분야에서 최고가 될 수 있는 시간) 본인이 KT에서 어떠한 비전(구체적 목표)를 달성할 것인지에 대해 제시 KT의 비전과 사업계획을 고려하여 직무분야에서의 구체적인 목표 입사 초기 반드시 현장중심의 영업활동 영업관리직무는 대리점이나 기타 판매 채널을 지원하고 관리하며, 신규시장을 개척하는 업무를 합니다. 영업기획, 영업성과 분석, 영업채널 강화, 실적관리, 신규시장 개척 및 고객발굴, 영업활동"
2338,0,지원동기 및 포부(1000자 이내)
2339,0,삼성취업을 선택한 이유와 입사 후 회사에서 이루고 싶은 꿈을 기술하시오
2340,0,게임빌 지원동기 및 입사 후 포부
2341,0,쿠팡에 지원한 동기는 무엇인가?
2342,0,LG디스플레이 및 지원 직무에 지원하는 동기에 대해 기술해 주십시오
2343,0,인생의 목표와 입사 후 회사에서의 목표를 구분하여 기술하여 주십시오. (1000자 이내)
2344,0,입사 후 10년 뒤 이루고자 하는 본인의 모습을 기술하세요(1000자 이내)
2345,0,"성장과정, 지원계기 및 경험, 입사 후 본인의 역할, 계획"
2346,0,해당 직무를 지원하게 된 동기와 직무 관련된 준비사항에 대하여 기술해 주세요. (1000자 이내)
2347,0,현대파워텍이 향후 어떤 회사가 되어야 한다고 생각하는지 본인의 직무와 연계하여 기술해 주세요.(1000자 이내)
2348,0,입사후 계획 및 포부 (1000자 이내)
2349,0,회사 및 해당 부서 지원 동기
2350,0,당사에 지원한 이유와 입사를 위해 어떤 노력을 하였는지 구체적으로 기술하시오 (1000자 이내)
2351,0,본인의 경력개발 목표(입사 3년 후/입사 10년 후)
2352,0,입사 후 도전해보고 싶은 목표 및 계획을 구체적으로 기술해 주세요. ① CJ올리브네트웍스 입사 후 도전하고 싶은 목표를 정하고 ② 과거의 구체적인 경험을 바탕으로 목표를 달성할 수 있는 이유에 대해서 설명해주세요.(1000자 이내)
2353,0,당사에 지원하게 된 동기와 당사가 귀하를 선택해야 하는 이유에 대하여 구체적으로 기술해주십시오. (1000자 이내)
2354,0,당사에 입사해서 이루고 싶은 목표를 대해 작성해주십시오. (1000자 이내)
2355,0,"위의 질문에서 선택한 핵심가치에 따른 행동약속 2가지(채용홈페이지 ""팜스코가치관""참조)를 지원직무와 연결하여 본인의 의지, 역할, 성과창출 등을 자유롭게 표현해주십시오. (1000자 이내)"
2356,0,지원동기 및 입사 후 포부 (1000자 이내)
2357,0,지원동기 : 지원동기를 구체적으로 기술해주세요
2358,0,우리 회사의 지원동기와 입사 후 목표 및 실현계획을 구체적으로 기술하세요. (1000자 이내)
2359,0,"여러분이 해당 계열사와 직무를 지원한 동기는 무엇인가요? ① CJ프레시웨이를 지원한 이유 ② 해당 직무를 잘 수행할 수 있는 본인의 역량 ③ 입사 후 본인의 목표 세 가지 항목을 포함하여 구체적으로 작성해 주세요. (1,000자 이내)"
2360,0,기타사항(입사가능시기 등)
2361,0,"SK하이닉스를 지원한 동기는 무엇이며, 이를 위해 어떠한 노력을 하였습니까?"
2362,0,"입사후 포부와 목표는 무었이며, 이를 달성하기 위해 향후 어떤 계획을 가지고 있습니까?"
2363,0,귀하가 휴비츠에 지원하게 된 동기에 대해 자세히 서술해 주십시오.
2364,0,"5~10년 후에 귀하의 경력 목표는 무엇이며, 그것을 추구하는 이유를 서술해 주십시오."
2365,0,"입사 5년후, 10년 후 직장생활의 목표는 각각 무엇이며, 이를 추구하는 이유와 방안에 대해 기술하시오."
2366,0,지원동기 (분량 자유)
2367,0,인생의 목표와 그 이유
2368,0,지원 회사를 선택한 이유와 입사 후 회사에서 이루고 싶은 꿈을 기술하시오. [ 1000자 이내 ]
2369,0,지원동기 입사 후 계획
2370,0,우리 중앙회에 입사 지원한 동기 및 입사 후 실천하고자 하는 목표를 다른 사람과 차별화된 본인의 역량과 결부시켜 작성해 주십시오
2371,0,해당직무에 지원한 동기와 본인이 지원직무에 적합하다고 생각하는 이유를 설명해주세요. (1000자 이내)
2372,0,입사 후 본인의 꿈과 비전에 대하여 기술해주십시오. (1000자 이내)
2373,0,지원동기 및 입사후포부(1000자 이내)
2374,0,"지원동기 및 포부,"
2375,0,KCC 지원동기 및 사내에서 이루고 싶은 목표 (500자)
2376,0,보령제약㈜에 지원한 동기와 입사하기 위해 어떠한 노력을 기울였는지 구체적으로 기술하시오
2377,0,미니스톱을 지원하게 된 동기와 입사 후 포부에 대하여 기술하시오.
2378,0,"한전원자력연료에 지원한 동기(관심을 가지게 된 계기, 시기 등)와 입사 후의 목표를 구체적으로 기술해 주십시오. 언제부터 한전원자력연료에 관심을 가지게 되었으며, 그 계기는 무엇인지 구체적으로 기술해 주십시오. 한전원자력연료에 입사하기 위해 준비한 것이 있다면 기술해 주십시오."
2379,0,직업 선택 시 중요 고려 점 및 당사 지원 동기 [600자 이내]
2380,0,삼성취업을 선택한 이유와 입사 후 회사에서 이루고 싶은 꿈을 기술하십시오.(1000자 이내)
2381,0,[지원동기] * 귀하가 코스콤에 입사하고자 하는 이유는 무엇입니까?
2382,0,지원서 상 작성한 내용 이외에 컴투스에서 귀하를 채용하기 위해 알아야 할 점이 있다면 자유롭게 작성해주세요. (2000자 이내)
2383,0,직업 선택 시 중요 고려하는 점 및 당사 지원 동기 [600자 이내]
2384,0,쿠팡에 지원한 동기는 무엇인가요?
2385,0,본인이 지원하는 직무에 적합하다고 생각하는 이유를 기술해 주시기 바랍니다. (1000자 이내)
2386,0,지원동기와 입사 후 LS엠트론에서 자신의 모습을 기술해 주시기 바랍니다. (1000자 이내)
2387,0,귀하가 경신 및 해당직무에 지원한 이유는 무엇입니까? 그리고 입사 후 회사에 어떻게 기여할 수 있는지 구체적으로 기술해 주시기 바랍니다. (1000자 이내)
2388,0,삼성 취업을 선택한 이유와 입사 후 회사에서 이루고 싶은 꿈을 기술하십시오.
2389,0,KOGAS에 지원하게 된 동기 및 KOGAS의 일원으로서 이루고 싶은 목표를 기술하시오.
2390,0,"KOGAS가 본인을 채용해야 하는 이유와 관련하여, 자신을 표현할 수 있는 문구 또는 단어를 자유롭게 기술하고, 그 이유를 설명하여 주시기 바랍니다."
2391,0,장래 희망 및 포부
2392,0,당사를 지원한 동기와 입사 후 포부에 대해 기술하여 주시기 바랍니다. [ 1자 이상 500자 이내 ]
2393,0,왜 반드시 우리회사에 입사해야 하는지에 대한 지원동기를 작성해 주세요
2394,0,지원동기 및 입사후 포부 [150자~1000자]
2395,0,지원동기와 입사 후 NHN Entertainment 에서 자신의 미래 모습을 기술하세요. (600자)
2396,0,"* CJ오쇼핑 MD(홈쇼핑 MD)를 지원한 동기는 무엇인가요? ① CJ오쇼핑 MD가 아니면 안되는 이유, ② 관심분야와 해당 관심을 갖게된 계기, ③ 본인이 직무를 잘 수행할 수 있는 이유(본인의 강점, 노력, 경험에 근거) 를 반드시 포함하여 구체적으로 작성해 주세요.(1,000자 ~ 1,500자)"
2397,0,웹젠에 입사 지원한 동기는 무엇입니까? [ 200자 이상 1000자 이내 ]
2398,0,지원동기 및 본인이 지원 직무에 적합하다고 생각하는 이유는 무엇입니까?
2399,0,"지원동기, 입사 후 포부 및 입사 가능 시기"
2400,0,한국가스안전공사에 지원한 동기를 간략하게 작성하여 주십시오. (500자 이내)
2401,0,"넷마블에 입사한다면, 희망하는 업무분야와 해당 업무를 위하여 지금까지 준비한 내용에 대해 구체적으로 기술하여 주세요. (1000자 이내)"
2402,0,지원동기 및 입사 후 포부 : 구체적인 지원동기를 기술 * 300자 이상 2000자 이하로 입력하세요.
2403,0,파라다이스 채용 이유
2404,0,벅스에 입사하여야 하는 이유와 개인의 경쟁력에 대해 솔직하고 구체적으로 이야기해주세요.
2405,0,「인턴K 영업과정」에 지원한 동기를 기재해 주시기 바랍니다.
2406,0,"동서식품에 입사지원한 동기는 무엇이며, 왜 자신을 채용 해야 하는지에 대하여 구체적으로 기술하십시오. 1400 Bytes 이내"
2407,0,삼성취업을 선택한 이유와 회사에서 이루고 싶은 꿈을 기술하시오
2408,0,NS홈쇼핑은 지원자를 왜 채용해야 하는가?
2409,0,지원동기 및 본인이 연구소에 기여할 수 있다고 생각하는 부분은?
2410,0,삼성전자서비스 취업을 선택한 이유와 입사 후 회사에서 이루고 싶은 꿈을 기술하시오. (700자 이내)
2411,0,[지원 동기: 함께하고 싶습니다]
2412,0,[인턴 우수사원이 되기까지]
2413,0,한화호텔&리조트FC 부문 인사 직무 서류합격 자소서
2414,0,지원동기 [150Bytes 이상 1500Bytes 이내]
2415,0,입사 후 포부 [100Bytes 이상 1500Bytes 이내]
2416,0,ㆍ당사에 지원하게 된 지원동기와 본인의 10년 후 계획에 대해 기술해 주십시오. (500자 이내)
2417,0,"SK 입사 후 어떤 일을 하고 싶으며, 이를 위해 본인이 무엇을 어떻게 준비해 왔는지 구체적으로 기술하십시오.(1000자 이내)"
2418,0,캐빈 승무원에 지원하는 동기는 무엇인지 기술하여 주십시오.
2419,0,"귀하가 회사를 선택하는 기준은 무엇이며, 에어서울을 선택한 이유는 무엇입니까?"
2420,0,(지원 동기) [제약·바이오 업계의 꿈나무]
2421,0,지원동기와 지원직무에 적합하다고 생각하는 이유(1000자 이내)
2422,0,입사후 포부(1000자 이내)
2423,0,"[필수문항] 입사 후 어떻게 일하게 될 것이라고 생각하시는지, 상상하는 조직과 일의 모습에 대한 개인의 예상/기대를 이야기해 주세요."
2424,0,지원동기 및 본인이 (주)태영건설에 적합한 인재라고 생각하는 이유를 기술해 주시기 바랍니다.
2425,0,삼성전자 반도체사업부에 지원한 이유는 `적성`입니다.
2426,0,많은 회사들 중에서 롯데면세점에 지원하게 된 동기는 무엇인가요? (1000자 이내)
2427,0,"롯데면세점 입사 후 이루고 싶은 목표와 앞으로의 계획, 포부에 대해 이야기해 주십시오. (1000자 이내)"
2428,0,삼성전자 취업을 선택한 이유와 입사 후 회사에서 이루고 싶은 꿈을 기술하십시오.
2429,0,"지원한 직무를 잘 할 수 있다고 생각하는 이유와, 그 직무를 통해 달성하려는 목표를 작성해 주세요"
2430,0,[조직이해 능력] 우리 공단에 지원한 동기 및 입사 후 실천하고자 하는 목표에 대하여 기술하여 주시기 바랍니다.
2431,0,"본인의 (1)직업관과 직장 선택의 기준은 무엇이며, (2)지원 직무를 위해 기울인 노력, (3)성장 계획을 기술해 주십시오. (1000자 이내)"
2432,0,"당사에 입사지원하신 이유와 함께 지원하신 분야를 희망하는 이유, 그리고 면접관이 꼭 알아주었으면 하는 점을 적어주세요. (2000자 이내)"
2433,0,지원하신 분야에 합격하신 후 어떤 일들에 도전해보고 싶으신가요? 장래 포부와 함께 적어주세요. (2000자 이내)
2434,0,본인이 지원한 직무를 잘 수행할 수 있다고 생각하는 이유와 입사 후 자신의 목표를 설명하십시오. (자필기재)
2435,0,지원동기와 향후 본인의 비전에 대해 쓰시오 (1200byte)
2436,0,쿠팡에 지원한 동기는 무엇인가요?(1000)
2437,0,지원동기 : 지원동기를 구체적으로 기술해주세요.(1000자 이내)
2438,0,입사 후 포부 : 입사 후 10년 동안의 회사생활 시나리오와 그것을 추구하는 이유를 기술해 주세요.(1000자 이내)
2439,0,"S/W개발자가 되려는 이유와, 이를 위해 어떤 점을 준비해왔나요?"
2440,0,"[필수항목] 본인의 입사지원 회사를 선택하는 기준은 무엇이며, KT&G가 왜 해당 기준에 부합하는 회사인지 구체적으로 기술하여 주시기 바랍니다."
2441,0,[필수항목] 본인이 KT&G에 입사하게 된다면 어떤 분야에서 무엇을 기여할 수 있을지 KSA를 기준으로 기술하여 주시기 바랍니다.
2442,0,본인의 장래 포부와 꿈이 무엇인지 자유롭게 작성해주시기 바랍니다. 특정 기업이나 직무분야와 관련 없어도 무방합니다.
2443,0,"국가정보원에 입사하려는 목적은 무엇이며, 국가정보원 입사가 귀하에게 어떤 의미가 있는지 기술해 주시기 바랍니다. (500자 이내)"
2444,0,블루홀에 지원한 이유에 대해 작성해 주세요. (1000자 이내)
2445,0,채용부문(직군/업무)에 대해 본인이 생각하는 기대/역할 및 채용부문과 관련된 본인의 노력/활동을 작성해 주세요. (1000자 이내)
2446,0,희망하는 프로젝트(장르) 1/2지망을 선택한 이유에 대해 작성해 주세요.(1000자 이내)
2447,0,여러분께서 CJ대한통운을 선택하게 된 지원동기와 물류사업에 관심을 가지게 된 계기에 대해서 구체적으로 작성해주세요
2448,0,"지원자가 생각하는 ‘금융업’에 대하여 정의하고, 우리카드 지원동기와 입사를 위해 어떠한 노력을 해왔는지 구체적인 사례를 바탕으로 말씀하여 주십시오. [3000 Bytes 이내]"
2449,0,입사 후 자기개발 계획(1000자 이내)
2450,0,입사 후 포부 : 입사 후 10년 동안의 회사생활 시나리오와 그것을 추구하는 이유를 기술해주세요.(1000자 이내)
2451,0,당사에 지원하게 된 동기와 희망하는 MD직무의 비전에 대해서 작성하시오. (1500자)
2452,0,향후 본인이 MD가 된다면 구체적인 계획과 포부를 작성하시오. (1500자)
2453,0,[신입/2D배경]채용하길 잘했다는 생각이 드는 배경디자이너가 되기 위해 최선을 다하겠습니다
2454,0,현대오트론에 지원하게 된 동기와 해당직무에 지원하게 된 동기를 기재하여 주십시오. [ 150자 이상 500자 이내 ]
2455,0,본인이 지원한 직무와 관련된 본인의 향후 미래 계획에 대해 구체적으로 기술해주시기 바랍니다. (1000자 이내)
2456,0,대림에 입사하고자 하는 이유는 무엇입니까? (1000자 이내)
2457,0,[지원동기 및 포부] 많은 직장 중에서 항공사를 선택하게 된 이유와 특히 대한항공에 지원하게 된 동기 및 입사 후 포부에 대해 구체적으로 기술하시오.(600자 이내)
2458,0,본사의 지원 동기에 대하여 기술하여 주시기 바랍니다.
2459,0,[농협생명 입사 후 포부나 면접관에게 꼭 말하고 싶은 점이 있다면 자유롭게 기술하여 주십시오. 500자]
2460,0,회사 및 해당직무에 지원하게 된 동기와 입사 후 회사에서 이루고 싶은 중장기적 목표에 대해 구체적으로 기술해 주십시오. (1000자 이내)
2461,0,"당신이 회사를 선택하는 기준에 근거하여, 현대글로비스에 지원한 동기를 구체적으로 기술."
2462,0,"현대글로비스가 당신을 채용해야 하는 이유는 무엇인지, 희망 직무 관점에서 자신만의 역량을"
2463,0,입사 후 현대글로비스에서 이루고 싶은 꿈을 구체적인 실천 계획을 바탕으로 상세히 기술.
2464,0,당사를 지원한 동기와 입사 후 포부에 대해 기술하여 주시기 바랍니다. (1000자 이내)
2465,0,"우리 회사에 지원하게 된 동기는 무엇이며, 입사 후 어떻게 성장해 나갈 것인지 기술하십시오 (1000자 이내)"
2466,0,현대모비스에 입사하고자 하는 이유는 무엇이며 입사를 위해 어떠한 준비를 하였는지 구체적으로 기재해 주십시오. 1000자 이내
2467,0,회사 및 해당직무에 지워하게 된 동기와 입사 후 회사에서 이루고 싶은 중장기적 목표에 대해 구체적으로 기술해 주십시오.
2468,0,지원 동기에 대해서 구체적으로 기술하여 주시기 바랍니다.
2469,0,지원동기를 구체적으로 기술할 것 (1000자 이내)
2470,0,입사 후 10년 동안 회사생활 시나리오와 그것을 추구하는 이유 (1000자 이내)
2471,0,운항인턴 지원동기 및 포부
2472,0,"동원그룹과 본인이 지원한 회사에 대해 본인이 가지고 있는 이미지와 느낌을 자유로이 서술하고, 지원동기를 쓰세요(1000자 이내)"
2473,0,기아자동차 영업사원 지원동기(1000자 이내)
2474,0,"우리 회사에 지원하게 된 동기는 무엇이며, 입사 후 어떻게 성장해 나갈 것인지 기술하십시오. (1200Byte)"
2475,0,지원하신 직무를 본인이 잘 수행할 수 있다고 생각하는 이유와 해당 직무를 통해 이루고 싶은 비전을 기재하여 주십시오. (1000자 이내)
2476,0,입사 후 포부/계획
2477,0,귀하가 현재 학과(전공)를 선택한 이유는 무엇이고 그 학업 결과는 어떠합니까?(500자)
2478,0,지원동기: 지원동기를 구체적으로 기술해주세요. (1000자 이내)
2479,0,입사 후 포부: 입사 후 10년 동안의 회사생활 시나리오와 그것을 추구하는 이유를 기술해주세요. (1000자 이내)
2480,0,"회사를 고를 때 가장 중요하게 생각하는 기준 2가지를 제시하고, 한샘에 지원한 동기를 구체적으로 기술해 주세요. (1000자 이내)"
2481,0,한샘에서 달성하고 싶은 본인의 10년 후 목표와 개인적으로 이루고 싶은 인생의 목표는 무엇인가요? (1000자 이내)
2482,0,현대엔지니어링을 지원한 이유를 설명하시고 현대엔지니어링 內 본인의 Vision에 대해 기술해 주십시오.
2483,0,"본인이 다닐 직장으로 중소기업중앙회를 선택한 이유, 중앙회에서 이루고 싶은 꿈(비전)은 무엇이며 구체적인 계획은 어떠한지 기술하기 바랍니다."
2484,0,"본인의 꿈은 무엇이며, 향후 어떻게 이루어 갈 것인지를 기술해주십시오.(1000자 이내)"
2485,0,귀하께서 한독약품에 지원한 동기는 무엇입니까?
2486,0,"지원자가 한국국토정보공사 및 지원 분야에 관심을 가지게 된 계기는 무엇이며, 공사에 입사하기위해 그동안 어떤 노력을 했는지 기술해 주시기 바랍니다."
2487,0,"해당회사 및 직무에 지원하는 동기에 대해 기술해 주시기 바랍니다. 직무에 관련된 경험 및 역량, 관심사항, 개인의 목표 및 비전 등 자신을 어필할 수 있는 내용을 기반으로 자유롭게 기술하시기 바랍니다. (1000자 아내)"
2488,0,입사후 계획 및 포부.
2489,0,CJ오쇼핑 해당 직무를 지원한 동기는 무엇인가요? ① 해당 직무를 잘 수행할 수 있다고 생각하는 본인의 성격 및 가치관 ② 오쇼핑에 입사하여 이루고 싶은 인생 목표를 반드시 포함하여 작성해주세요.(1000자 이내)
2490,0,본인을 채용해야 하는 이유에 대하여 기술하시오 (1000자 이내)
2491,0,"본인이 회사를 선택하는 데 있어 가장 중요하게 생각하는 가치는 무엇인지와, 입사 후 현대엔지니어링에서 이루고 싶은 Vision을 기술해 주십시오."
2492,0,당사를 지원한 동기와 입사 후 포부에 대해 기술하여 주시기 바랍니다. [ 500자 이내 ]
2493,0,. 지원 사업부 또는 직무에 지원하게 된 동기와 본인이 지원하는 사업부의 시장 경쟁력을 높이기 위한 방안을 기술하여 주십시오.
2494,0,지원동기 및 입사 후 포부 * [1250자 이내]
2495,0,지원동기 (500자 이하)
2496,0,입사 후 포부(구체적으로) (500자 이하)
2497,0,뷰웍스를 지원하게 된 동기 및 입사 후 포부에 대해 구체적으로 기술하시오. (1000자 이내)
2498,0,신한은행을 지원한 이유와 입행 후 회사에서 이루고 싶은 꿈을 기술해주세요
2499,0,한화탈레스에 지원하는 이유는 무엇이고 한화탈레스 입사 후 이루고자 하는 지원자의 비전에 대하여 작성하여 주십시오.
2500,0,"지원동기, 입행 후 포부(성취하고 싶은 직무 포함), 수학내용, 성장과정을 주제별로 구분하여 자유롭게 기술하세요. (1000자 이내)"
2501,0,당사에 지원한 동기와 자신이 잘 할 수 있다고 생각하는 일에 대해서 구체적으로 기술해 주십시. (1000자 이내)
2502,0,회사에 지원한 동기에 대해 기술하시오.
2503,0,1지망 직무를 선택한 이유에 대해 기술하시오.
2504,0,SK텔레콤을 선택한 이유에 대해 기술하십시오. - 본인이 회사를 선택할 때의 기준은 무엇이며 그렇게 생각하는 이유를 포함 (1000자 이내)
2505,0,입사 후 자신의 포부
2506,0,지원동기 및 입사 후 포부를 간략히 입력해 주세요.
2507,0,"여러분이 CJ올리브네트웍스 IT사업 부문과 해당 직무를 지원한 동기는 무엇인가요? ① CJ올리브네트웍스 IT사업 부문이 아니면 안되는 이유, ② 직무에 관심갖게 된 계기, ③ 본인이 직무를 잘 수행할 수 있는 이유를 반드시 포함하여 구체적으로 작성해 주세요.(1000자 이내)"
2508,0,포스코건설에 지원한 동기
2509,0,희망 직무 및 해당 직무에 대한 본인의 VISION
2510,0,본인이 지원한 직무관련 지원동기와 역량에 대하여 (1000자 이내)
2511,0,본인이 지원한 직무관련 향후 계획에 대하여 (1000자 이내)
2512,0,지원동기 및 입사후 포부 (해당 직무 관점에서)(1000자 이내)
2513,0,금번 SK 고용디딤돌 프로그램에 관심을 가지게 된 계기에 대해 기술하시오.
2514,0,"수도권매립지관리공사에 지원하게 된 동기, 희망업무, 장래포부에 대해 기술하여 주시기 바랍니다."
2515,0,[지원동기] 2016년 우리은행 신입행원으로 지원한 동기에 대하여 말씀해 주세요.
2516,0,본인이 ECS텔레콤에 지원하게 된 동기와 해당 직무에 적합하다고 생각하는 이유를 기술해 주십시오.
2517,0,장기적으로 회사생활을 통해 본인이 이루고자 하는 계획과 목표에 대해 기술해 주십시오.
2518,0,"SK텔레콤을 선택한 이유에 대해 기술하십시오. - 본인이 회사를 선택할 때의 기준은 무엇이며, 그렇게 생각하는 이유를 포함 (500자 10단락 이내)"
2519,0,당사에 지원한 이유와 입사를 위해 어떤 노력을 하였는지 구체적으로 기술하시오. (1000자 이내)
2520,0,"지원자의 커리어(Career) 상 최종 목표를 제시한 후, 이를 한국수출입은행에서 어떻게 구현할 수 있을지 지원자의 향후 한국수출입은행에서의 가상의 경력 경로(Career Path)를 포함하여 구체적으로 기술하십시오. (1000자 이내)"
2521,0,"지원자가 인생에서 이루고 싶은 목표 3가지를 우선순위 순으로 기재하고, 그 선정 이유와 해당 목표들을 이루기 위하여 현재 노력하고 있는 사항을 기술하십시오. (1000자 이내)"
2522,0,여러분께서 CJ대한통운을 선택하게 된 지원동기와 물류사업에 관심을 가지게 된 계기에 대해서 구체적으로 작성해주세요. (1000자 이내)
2523,0,"여러분이 지원한 직무와 관련된 노력과 도전, 경험 , 그리고 입사 후 해당 직무에서의 성장 비전을 구체적으로 기술해주세요. (1000자 이내)"
2524,0,지원한 분야는 어떤 일을 한다고 생각하는가
2525,0,회사 및 해당직무에 지원하게 된 동기와 입사 후 회사에서 이루고 싶은 중장기적 목표에 대해 구체적으로 기술해 주십시오
2526,0,지원동기에 대해 기술하시오. (1000자 이내)
2527,0,당신을 채용해야 하는 이유에 대해 기술하시오. (1000자 이내)
2528,0,입사 후 포부에 대해 기술하시오. (1000자 이내)
2529,0,지원동기(중요사항을 중심으로 간략히 기재) (1500바이트)
2530,0,인그리디언코리아에 지원하신 동기는 무엇입니까? (1000자 이내)
2531,0,향후 10년 후에 회사에서 어떤 일을 하고 싶나요? (1000자 이내)
2532,0,한화투자증권에 지원한 동기와 입사 후 비젼은 무엇입니까?
2533,0,자기소개 및 지원동기 / 한화종합화학을 지원하게 된 동기는 무엇인가요? (1000자 이내)
2534,0,당사에 지원하게 된 동기와 입사 후 본인의 포부를 구체적으로 작성하십시오. (1000자 이내)
2535,0,본인의 현대건설 지원동기를 작성하여 주시기 바랍니다.
2536,0,10년 후 LG하우시스의 구성원으로서 본인의 목표와 비전을 기술해주시기 바랍니다.
2537,0,CJ 제일제당과 해당 직무에 지원한 동기 (1000자)
2538,0,해당 직무에 지원한 동기는 무엇인가요?
2539,0,여러분이 선택한 계열사 및 직무에 대한 지원동기는 무엇인가요? (1500자 이내) ① 선택한 계열사가 아니면 안되는 이유 ② 직무에 관심 갖게 된 계기 ③ 본인이 직무를 잘 수행할 수 있는 이유를 반드시 포함하여 구체적으로 작성해 주세요.
2540,0,"현대글로비스 인턴십에 지원한 동기는 무엇이며, 본인의 가치관 및 직업관과 연계하여 상세히 기술하여 주시길 바랍니다."
2541,0,"현대글로비스 인턴십 과정을 통해 이루고 싶은 단기적인 목표와 향후 본인의 장기적인 미래 계획을 상세히 기술하여 주시길 바랍니다. [미션 및 비전, 입사 포부 등]"
2542,0,한국투자증권에서 이루고 싶은 꿈(목표)과 그 이유(1000자 이내)
2543,0,자신에게 직장생활의 의미는 무엇인가?(1000자 이내)
2544,0,"[필수 항목] 본인의 입사지원 회사를 선택하는 기준은 무엇이며, KT&G가 왜 해당 기준에 부합하는 회사인지 구체적으로 기술하여 주시기 바랍니다. [ 800자 이내]"
2545,0,[필수 항목] 본인이 KT&G에 입사하게 된다면 어떤 분야에서 무엇을 기여할 수 있을지 KSA를 기준으로 기술하여 주시기 바랍니다. [ 800자 이내]
2546,0,"대학시절 이루고 싶은 자신의 목표는 무엇이었으며, 그 목표를 설정하게 된 이유를 기술하십시오. (300자)"
2547,0,"대학교를 진학하면서 전공을 선택하게 된 이유는 무엇이었으며, 우리 회사에 지원하게 된 동기는 무엇인지 기술하십시오. (300자)"
2548,0,희망직무에 지원한 이유를 기술해주세요. (1000자 이내)
2549,0,SK가스와 직무를 선택한 이유에 대하여 아래 질문에 답해 주세요
2550,0,NIT SERVICE 주식회사 지원 동기와 입사 후 자신의 모습을 기술하세요.
2551,0,롯데케미칼에 지원한 동기를 구체적으로 기술해주세요. (1000자 이내)
2552,0,입사 후 롯데케미칼과 본인의 커리어가 어떻게 상호 발전할 수 있을지 기술해 주세요. (1000자 이내)
2553,0,"귀하가 회사를 선택하는 기준은 무엇이며 왜 당사가 그 기준에 적합한지를 작성하고, 당사에 입사하여 이루고 싶은 목표에 대해 작성해주세요. (1000자 이내)"
2554,0,LG생명과학에 지원하게 된 동기와 지원 직무에 대해 준비한 내용을 기술하시오.
2555,0,입사 이후 본인의 향후 계획과 포부를 기술하시오.
2556,0,"청년인턴을 통해 이루고 싶은 목표는 무엇이며, 목표를 달성하기 위한 자신의 계획을 설명해 주십시오."
2557,0,"당신이 회사를 선택하는 기준에 근거하여, 현대글로비스에 지원한 동기를 구체적으로 기술해 주시길 바랍니다. (1000자 이내)"
2558,0,"현대글로비스가 당신을 채용해야 하는 이유는 무엇인지, 희망 직무 관점에서 자신만의 역량을 구체적인 사례를 근거로 기술해 주시길 바랍니다. (1000자 이내)"
2559,0,입사 후 현대글로비스에서 이루고 싶은 꿈을 구체적인 실천 계획을 바탕으로 상세히 기술해 주시길 바랍니다.(1000자 이내)
2560,0,지원 동기 / 성장 과정 (학창 시절 등)
2561,0,당사에 지원한 이유와 입사를 위해 어떤 노력을 하였는지 구체적으로 기술하시오* (1000자 이내)
2562,0,지원동기 및 입사 후 희망직무/ 장래 VISION
2563,0,"귀하가 회사를 선택한 기준이 무엇이며, 당사가 그 기준에 적합한 이유를 기술하여 주세요. (1000자 이내)"
2564,0,"IBK기업은행 지원동기를 말씀해 주시고, 입행 후 만들고 싶은 IBK기업은행의 모습과 이를 위한 본인의 역할에 대해 설명"
2565,0,은행원이 되고 싶은 이유와 왜 IBK기업은행을 지원하였는지 진솔하게 설명해 주십시오.
2566,0,① 서울주택도시공사에 지원하게 된 동기는 무엇인지 기술해 주십시오. ⓐ 다른 기관이 아닌 서울주택도시공사/해당직무를 지원한 이유는 무엇입니까? [300] ⓑ 귀하의 어떤 강점이나 역량이 향후 서울주택도시공사 발전에 기여할 수 있다고 생각하십니까? [400 Bytes 이상 1000 Bytes 이내 작성] * [200]
2567,0,이스트소프트 및 해당 직무에 지원한 이유에 대해 적어주세요.
2568,0,입사 후 하고 싶은 일과 포부에 대해 기술해주세요.
2569,0,"해당 직무에 지원한 동기는 무엇이고, 본인이 지원직무에 적합하다고 생각하는 사유를 인성적, 직무적 관점에서 서술하여 주시기 바랍니다. (1000자 이내)"
2570,0,당사에 지원하게 된 동기와 입사 한다면 성취하고 싶은 목표를 서술해 주시기 바랍니다. (1000자 이내)
2571,0,캐빈승무원에 지원하는 동기는 무엇인지 기술하여 주십시오.
2572,0,"귀하가 회사를 선택하는 기준은 무엇이며, 에어서울을 선택한 이유는 무엇인지 기술하여 주십시오."
2573,0,"sk가스를 지원하게 된 이유, 직무를 선택한 이유, 본인이 적합하다고 생각한 이유"
2574,0,한국장학재단에 입사지원을 해야겠다고 결심하게 된 계기는 무엇인지 구체적으로 기술해 주십시오. (1000자 이내)
2575,0,입사지원동기에 대해 말씀해 주세요.
2576,0,지원회사의 비전과 나의 비전에 대해 말씀해 주세요.
2577,0,"지원자가 중부발전 및 지원분야 관심을 가지게 된 계기는 무엇이며, 이를 위해 그동안 어떤 노력을 했는지 기술해 주시기 바랍니다."
2578,0,SK텔레콤을 선택한 이유: 본인이 회사를 선택할 때 고려하는 기준과 그 이유
2579,0,KCC 지원동기 및 사내에서 이루고 싶은 목표 (1000자 이내)
2580,0,해당회사 및 직무에 지원하는 동기에 대해 기술해 주십시오.(1000자이내)
2581,0,"「해피무브 글로벌 청년봉사단 17기」가 되고 싶은 당신의 열정과 경험을 자유롭게 서술해주세요. 본인의 소개, 기타 활동사항, 봉사에 대한 본인의 가치관 등)"
2582,0,"본인이 「해피무브 글로벌 청년봉사단 17기 - 해외인턴십 전형」에 지원한 동기가 무엇이며, 본인이 선택한 회사, 국가, 직무의 해외인턴으로 적합한 이유를 서술해 주세요."
2583,0,SK가스와 직무를 선택한 이유에 대하여 아래 질문에 답해 주세요.
2584,0,한컴인이 되기 위해 어떠한 마음가짐으로 어떠한 준비를 했는지 혹은 하고 있는지 구체적으로 서술해 주세요.
2585,0,"본인의 가족관계와 성장환경, 성격의 장/단점, 본인만의 강점 등 자신에 대한 소개를 하고, 여천NCC에 입사 지원을 하게 된 동기에 대해 작성하시기 바랍니다."
2586,0,당사에 입사를 결심하게 된 계기와 준비 과정 및 입사 후 본인의 경험/지식/능력을 어떻게 발휘할 것인지에 대해 작성하시기 바랍니다.
2587,0,에이블씨엔씨를 통하여 이루고 싶은 꿈이 무엇인지 기술하여 주십시오.
2588,0,당사에 지원한 동기와 해당 직무를 선택한 이유에 대해 기술하여 주십시오.
2589,0,LG디스플레이 및 지원 직무에 지원하는 동기에 대해 기술해 주십시오.
2590,0,본인의 현대건설 지원동기를 작성하여 주시기 바랍니다. 본인이 경험하고 싶은 업무 중심으로 서술
2591,0,입사동기 및 입사 후 이루고 싶은 목표와 목표 달성을 위한 계획
2592,0,당사에 지원하게 된 동기 및 지원한 분야를 성공적으로 수행할 수 있다고 생각하는 이유를 구체적인 사례를 들어서 쓰시오 (1000자이내)
2593,0,지원동기 및 입사 후 포부(1000자이내)
2594,0,자신의 꿈 실현과 (주)한라 입사와의 상관관계를 기술할 것. (1000자 이내)
2595,0,"여러분이 해당 계열사 및 직무를 지원한 이유와 해당 직무를 수행하기 위해 그동안 어떤 노력과 도전, 그리고 경험을 해왔는지 구체적으로 설명해주세요. (1,000자 이내)"
2596,0,입사동기 및 입사 후 이루고 싶은 목표와 목표 달성을 위한 계획 (1000자 이내)
2597,0,삼양그룹과 해당 직무에 지원하는 이유를 기재해주십시오. (1000자 이내)
2598,0,입사 후 10년 내 이루고자 하는 목표(비전)와 이를 달성하기 위한 계획에 대하여 기재해주십시오. (1000자 이내)
2599,0,"대학시절 이루고 싶은 자신의 목표는 무엇이었으며, 그 목표를 설정하게 된 이유를 기술하십시오."
2600,0,"대학교를 진학하면서 전공을 선택하게 된 이유는 무엇이었으며, 우리 회사에 지원하게 된 동기는 무엇인지 기술하십시오."
2601,0,수행가능 직무 중 희망하는 직무를 기재하여 주십시오.
2602,0,"지원자께서 근로복지공단 인재선발관이라고 가정하시어 공단 홈페이지를 통해 공단의 미션, 비전, 핵심가치를 참고하여 공단에 필요한 인재상을 제시하여 주시고 그 인재상에 맞는 인재를 어떻게 찾을 것인지 제시하신 인재상에 따라 면접의 질문을 만들어 주시기 바라며, 지원자께서는 그 인재상에 얼마나 적합한지 구체적으로 설명해 주십시오. (1000자 이내)"
2603,0,"올리브영 및 해당 직무에 지원한 동기는 무엇인가요? 관심 갖게 된 계기를 반드시 포함하여 구체적으로 작성해 주세요. (1,000자 이내)"
2604,0,지원동기 및 입사 후 포부 : 구체적인 지원동기를 기술 (1000자 이내)
2605,0,한화디펜스에 지원한 이유를 기술하세요.
2606,0,입사 이후 본인의 직무 비전과 포부를 기술하세요.
2607,0,10년 후 LG하우시스의 구성원으로서 본인의 목표와 비전을 기술해주시기 바랍니다. 실질적이고 실현가능한 목표와 비전을 기술하시기 바랍니다.
2608,0,입사지원 동기와 본인이 리노스에 적합한 이유 3가지
2609,0,"입사 후 기대하는 역할 및 포부, 자신의 발전 방향"
2610,0,입사지원동기/입사후 계획 (1000자 이내)
2611,0,희망분야 및 지원동기 (1000자 이내)
2612,0,고졸(일반행정)분야 지원 동기와 입사 후 계획을 기술해주십시오. (1000자이내)
2613,0,"여러분이 해당 계열사 및 직무를 지원한 이유와 해당 직무를 수행하기 위해 그동안 어떤 노력과 도전, 그리고 경험을 해왔는지 구체적으로 설명해주세요"
2614,0,"대학시절 이루고 싶은 자신의 목표는 무엇이었으며, 그 목표를 설정하게 된 이유를 기술하십시오. [300]"
2615,0,"대학교를 진학하면서 전공을 선택하게 된 이유는 무엇이었으며, 우리 회사에 지원하게 된 동기는 무엇인지 기술하십시오. [300]"
2616,0,"동원그룹과 본인이 지원한 회사에 대해 본인이 가지고 있는 이미지와 느낌을 자유로이 서술하고, 지원동기를 쓰세요. (1000자 이내)"
2617,0,본입사 후 포부(Vision)에 대하여.
2618,0,[WHY FASOO] 왜 파수닷컴에 지원하였습니까?
2619,0,[WHY THIS POSITION] 왜 해당 직무에 지원하였습니까?
2620,0,"한국은행 지원동기를 그간 본인의 삶과 학업(전공) 수행 과정, 본인의 중장기 목표 측면과 연계하여 구체적으로 밝히고, 입행 후 당행에 어떻게 기여할 수 있을지를 기술하십시오."
2621,0,지원동기 및 목표와 그 계획
2622,0,농협에 입사하여 본인이 하고 싶은 업무와 그로 인해 달성하고자 하는 바를 쓰시오. (1000자이내)
2623,0,"CJ오쇼핑 MD(홈쇼핑 MD)를 지원한 동기는 무엇인가요? ① CJ오쇼핑 MD가 아니면 안되는 이유, ② 관심분야와 해당 관심을 갖게된 계기, ③ 본인이 직무를 잘 수행할 수 있는 이유(본인의 강점, 노력, 경험에 근거)를 반드시 포함하여 구체적으로 작성해 주세요."
2624,0,롯데하이마트에 지원하게 된 동기는 무엇이며 본인이 지점영업직무에 적합한 이유와 비전에 대해 기술해주십시오.(1000자 이내)
2625,0,입사해서 하고 싶은 일과 포부 그리고 입사 후 5년 뒤에 자신의 모습을 기술해 주십시오.
2626,0,본인이 지원한 직무관련 지원동기와 역량에 대하여.
2627,0,"* 당사 입사지원하신 이유와 함께 지원하신 분야를 희망하는 이유, 그리고 면접관이 꼭 알아주었으면 하는 점을 적어주세요"
2628,0,엔씨소프트에 입사한 후 3년 이내에 본인이 지원한 직무에서 이루어내고 싶은 목표에 대하여 구체적으로 서술하시오. (1000자이내)
2629,0,"한국증권금융에 지원한 동기는 무엇이며, 당사의 비전(신뢰와 상생의 자본시장 파트너)에 기여하기 위한 입사 후 목표와 그 이유를 기술하시오. (1000자이내)"
2630,0,세메스 취업 이유와 회사에서 이루고 싶은 꿈
2631,0,"SK 입사 후 어떤 일을 하고 싶으며, 이를 위해 본인이 무엇을 어떻게 준비해 왔는지 구체적으로 기술하십시오. (1000자이내)"
2632,0,삼성취업을 선택한 이유와 입사 후 회사에서 이루고 싶은 꿈
2633,0,지원동기를 구체적으로 적어 주십시오.(1000자이내)
2634,0,입사 후 일을 통해 이루고 싶은 것은 무엇입니까?
2635,0,입사 후 본인이 해당 직무 분야에서 Market Top 수준의 인재로 성장하기 위해 어떤 노력을 할 것인지 구체적으로 기술하십시오.
2636,0,본인이 지원한 직무관련 향후 계획에 다하여(My future)(1000자이내) - 직무와 관련된 본인의 향후 미래 계획에 대해 구체적 기술
2637,0,본인의 현대건설 지원동기를 작성하여 주시기 바랍니다. (1000자이내)
2638,0,[ Why YOU? ] 선택한 직무에 지원한 동기와 직무를 수행하는데 필요한 역량을 갖추기 위해 어떤 노력을 기울였는지 기술해주시기 바랍니다.
2639,0,해당 직무를 지원하게 된 동기와 직무 관련된 준비사항에 대하여 기술해 주세요.(500자)
2640,0,현대파워텍이 향후 어떤 회사가 되어야 한다고 생각하는지 본인의 직무와 연계하여 기술해 주세요.(500자)
2641,0,KB국민은행에 지원하게 된 계기와 귀하를 채용해야 하는 이유는 무엇입니까? (1000자이내)
2642,0,지원동기 및 열정에 대하여.(1000자이내)
2643,0,입사 후 포부(Vision)에 대하여.(1000자이내)
2644,0,회사 및 해당직무에 지원하게 된 동기와 입사 후 회사에서 이루고 싶은 중장기적 목표에 대해 구체적으로 기술해 주십시오.(1000자이내)
2645,0,올리브영 및 해당 직무에 지원한 동기는 무엇인가요? 관심 갖게 된 계기를 반드시 포함하여 구체적으로 작성해 주세요.
2646,0,휴맥스 및 해당 직무에 지원한 동기는 무엇인가요?
2647,0,지원동기와 3년 내 이루고자 하는 목표에 대해서 작성해 주세요. (1000자이내)
2648,0,"당신은 회사에 입사하게 되었을 때 아래의 4가지 유형 중, 어떠한 사람으로 불려 지기를 원하나요? 그 이유는 무엇인가요? (1000자이내)"
2649,0,본인이 지원한 직무를 잘 수행할 수 있다고 생각하는 이유와 입사 후 자신의 목표를 설명하십시오. (1000자이내)
2650,0,지원동기 및 열정에대하여
2651,0,[자유항목] 나는 왜 기획자가 되고자 하는가?
2652,0,현대모비스에 입사하고자 하는 이유는 무엇이며 입사를 위해 어떠한 준비를 하였는지 구체적으로 기재해 주십시오.(1000자)
2653,0,현대모비스에 입사하고자 하는 이유는 무엇이며 입사를 위해 어떠한 준비를 하였는지 구체적으로 기재해 주십시오.
2654,0,"CJ오쇼핑 해당 직무를 지원한 동기는 무엇인가요? ① 해당 직무를 잘 수행할 수 있다고 생각하는 본인의 성격 및 가치관 ② 오쇼핑에 입사하여 이루고 싶은 인생 목표를 반드시 포함하여 작성해주세요. [1,000자]"
2655,0,지원동기 및 열정에 대해서 (1000자이내)
2656,0,"홈플러스 인턴십 프로그램에 지원하는 동기와 향후 홈플러스에서 이루고 싶은 꿈을 기술하십시오. (200자 이상, 500자 이하)"
2657,0,지원동기 : 지원동기를 구체적으로 적으시오
2658,0,입사 후 포부 : 입사 후 10년 동안의 회사생활 시나리오와 그것을 추구하는 이유를 적으시오
2659,0,희망직무에 지원한 이유를 기술해주세요.
2660,0,은행원이 되고 싶은 이유와 왜 IBK기업은행을 지원하였는지 진솔하게 설명해 주십시오. [650자]
2661,0,여러분께서 cj 대한통운을 선택하게 된 지원동기와 물류사업에 관심을 가지게 된 계기를 쓰시오. (1000자 이내)
2662,0,여러분이 지원한 직무와 관련된 노력과 도전 경험 그리고 입사 후 해당 직무에서의 성장 비전을 구체적으로 기술해 주세요. (1000자 이내)
2663,0,1지원동기 및 열정에 대하여 (400자)
2664,0,입사 후 포부에 대하여 (400자)
2665,0,증권업을 지원하게 된 동기와 10년 후 본인의 모습에 대해 서술해주세요.
2666,0,본인이 입사 지원 시 회사를 선택하는 기준과 한화테크윈 항공방산부문을 선택한 이유에 대해 기술해주시기 바랍니다. (1000자이내)
2667,0,지원직무에 지원하는 이유와 지원한 직무와 관련된 본인이 가진 열정과 역량에 대하여 작성해 주시기 바랍니다. (1000자이내)
2668,0,삼성취업을 선택한 이유와 입사 후 이루고 싶은 꿈을 기술하시오.
2669,0,"회사를 고를 때 가장 중요하게 생각하는 기준 2가지를 제시하고, 한샘에 지원한 동기를 구체적으로 기술해 주세요. (1000자이내)"
2670,0,한샘에서 달성하고 싶은 본인의 10년 후 목표와 개인적으로 이루고 싶은 인생의 목표는 무엇인가요? (1000자이내)
2671,0,지원 사업부 또는 직무에 지원하게 된 동기와 본인이 지원하는 사업부의 시장 경쟁력을 높이기 위한 방안을 기술하여 주십시오. [500~700자]
2672,0,삼성취업을 선택한 이유와 입사 후 회사에서 이루고 싶은 꿈을 기술하십시오.(700자)
2673,0,"회사를 고를 때 가장 중요하게 생각하는 기준 2가지를 제시하고, 한샘에 지원한 동기를 구체적으로 기술해 주세요. [500자]"
2674,0,한샘에서 달성하고 싶은 본인의 10년 후 목표와 개인적으로 이루고 싶은 인생의 목표는 무엇인가요? [500자]
2675,0,"CJ제일제당 및 선택한 직무에 대한 지원동기는 무엇인가요? ① 선택한 직무에 관심을 갖게된 계기, ② 영업사원으로서의 하루 업무 일과 예상해보고, 본인이 해당 직무를 잘 수행할 수 있는 이유(본인의 강점, 준비, 관련경험 근거)를 반드시 포함하여 구체적으로 작성해주세요.(1000자)"
2676,0,"동원그룹과 본인이 지원한 회사에 대해 본인이 가지고 있는 이미지와 느낌을 자유로이 서술하고, 지원동기를 쓰세요(600자)"
2677,0,[필수문항] LINE 인턴십에 지원한 이유와 개인의 경쟁력에 대해 솔직하고 구체적으로 이야기해주세요.
2678,0,입사를 위한 준비과정
2679,0,해당 직무에 지원하게 된 동기와 입사 후 계획을 기술해 주십시오. (800자)
2680,0,지원 사업부 또는 직무에 지원하게 된 동기와 본인이 지원하는 사업부의 시장 경쟁력을 높이기 위한 방안을 기술하여 주십시오. [700자]
2681,0,우리회사 지원동기와 입사 후 포부에 대해 자유기술(1000자 이내)
2682,0,입사 후 자신이 기대하는 하루의 일과 또는 하고싶은말 자유기술(1000자 이내)
2683,0,지원동기 및 입사 후 포부 : 구체적인 지원동기를 기술 *300자 이상 2000자 이하로 입력하세요.
2684,0,"희망업무 및 장래포부(500자이상, 1000자 미만)"
2685,0,KB국민은행에 지원하게 된 계기와 귀하를 채용해야 하는 이유는 무엇입니까? (600자)
2686,0,본인이 지원한 직무관련 향후 계획에 대하여 (본인이 지원한 직무와 관련된 본인의 향후 미래 계획에 대해 구체적으로 기술해주시기 바랍니다.
2687,0,회수조사 분야 지원 동기와 입사 후 계획을 기술해 주십시오.
2688,0,지원동기 : 당사에 지원하게 된 동기 및 자신이 지원한 분야를 성공적으로 수행할 수 있다고 생각하는 이유를 구체적인 사례를 토대로 설명해주세요.
2689,0,입사 후 포부 : 향후 회사에 기여할 수 있는 부분 및 포부에 대해서 기술해주세요. (500자 이내)
2690,0,당사에 지원한 이유와 입사를 위해 어떤 노력을 하였는지 구체적으로 기술하시오. [1000자]
2691,0,지원동기와 3년 내 이루고자 하는 목표에 대해서 작성해 주세요. [500-1200자]
2692,0,지원동기 및 현재각오
2693,0,지원자에게 가장 잘 맞는 적성은 무엇이며 그렇게 생각하는 이유는
2694,0,본사에 지원한 이유와 입사 후 포부에 대해 구체적으로 성취하고자 하는 점을 중심을 작성하십시오.
2695,0,지원동기를 핵심가치 중 하나와 연결하여 서술하여 주십시오. [ 100자 이상 500자 이내]
2696,0,해당 직무에 지원자님을 선발해야 하는 이유와 입사 후 회사에 기여할 수 있는 점을 기술해 주십시오. [ 100자 이상 500자 이내 ]
2697,0,현대모비스에 입사하고자 하는 이유는 무엇이며 입사를 위해 어떠한 준비를 하였는지 구체적으로 기재해 주십시오. * [0자 이상 1000자 이내]
2698,0,한국 타이어에서 성취하고자 하는 비전과 목표에 대하여 작성해 주십시오. ( 500자 이내 )
2699,0,"현대글로비스에 지원한 동기는 무엇이며, 왜 본인에게 최적의 회사인지 가치관 및 직업관과 연계하여 상세히 기술하여 주시길 바랍니다. (700자 이내)"
2700,0,"입사 후 만들고 싶은 현대글로비스의 모습과, 이를 위한 본인만의 구체적인 실천 계획을 기술해 주시길 바랍니다. [목표 및 비전, 직무 관련 미래계획, 포부 등] (700자 이내)"
2701,0,"현대글로비스가 당신을 채용하기 위해 꼭 알아야 할 것이 있다면 무엇이고, 그 이유에 대해서 기술해 주시길 바랍니다. [특성, 장점, 성공/실패 경험, 탁월한 역량 등]"
2702,0,"지원동기(1,000자 이내)"
2703,0,"입사 후 포부(1,000자 이내)"
2704,0,"SK건설에 지원한 동기는 무엇이며, 입사 후 어떤 일을 하고 싶으며, 이를 위해 본인이 무엇을 어떻게 준비해왔는지 구체적으로 기술하십시오."
2705,0,"SPC 그룹에 지원한 동기는 무엇이며, 입사 후 어떻게 성장 및 발전해 나갈 것인지를 기술하여 주시기 바랍니다. [ 400자 이상 2000자 이내 ]"
2706,0,입사후 포부에 대하여
2707,0,지원한 동기와 입사 후 포부에 대해 자유롭게 기술하시오
2708,0,[지원동기 및 포부] 많은 직장 중에서 항공사를 선택하게 된 이유와 특히 대한항공에 지원하게 된 동기 및 입사 후 포부에 대해 구체적으로 기술하시오.
2709,0,귀하가 금호아시아나그룹(1지망 지원회사)을 지원하게 된 동기에 대해 서술해 주십시오
2710,0,"5~10년 후에 귀하의 경력 목표는 무엇이며, 그것을 추구하는 이유를 서술해 주십시오"
2711,0,재단에 입사 지원한 동기와 입사 지원한 직무와 관련된 역량계발을 위해 기울인 노력을 구체적으로 기술하여 주십시오.
2712,0,JTBC가 당신을 채용해야 하는 이유는 무엇인가요? (500자)
2713,0,"당신은 어떤 사람이 되고 싶은지, 그를 위해 어떠한 준비를 하고 있는지 기술하세요. (800자)"
2714,0,본인의 지원동기를 구체적으로 기술해 주십시오.
2715,0,"해당직무 지원자로서, 도레이첨단소재가 당신을 채용해야 하는 이유 3가지를 쓰세요. - 직무중심 기술(600자 이내)"
2716,0,입사동기 및 입사 후 이루고 싶은 목표와 목표 달성을 위한 계획 [500자]
2717,0,포스코P&S에 지원하게 된 동기에 대해 기술하여 주십시오.
2718,0,"SK 입사 후, 어떤 일을 하고 싶으며, 이를 위해 본인이 무엇을 어떻게 준비해 왔는지 구체적으로 기술.(1000자/10단락)"
2719,0,본인의 가치관에 근거하여 현대모비스를 지원하게 된 이유와 입사 후 포부를 기재해 주십시오.
2720,0,귀하가 금호아시아나그룹(1지망지원회사)을 지원하게 된 동기에 대해 서술해 주십시오.(100자 이상 500자 이내)
2721,0,"5~10년 후에 귀하의 경력목표는 무엇이며, 그것을 추구하는 이유를 서술해 주십시오."
2722,0,입사 후 각오 및 장래 포부
2723,0,지원 사업부 또는 직무에 지원하게 된 동기와 본인이 지원하는 사업부의 시장 경쟁력을 높이기 위한 방안을 기술하여 주십시오 (500~700자)
2724,0,우리 회사에 지원한 동기와 지원자를 선발해야 하는 이유에 대해 기술해 주시기 바랍니다.
2725,0,10년 후 LG하우시스의 구성원으로서 본인의 목표와 비전을 기술해주시기 바랍니다
2726,0,귀하가 희망하는 직무와 그 직무에 대한 Vision에 대하여 서술해 주십시오. [300자]
2727,0,"여러분이 선택한 계열사와 해당 직무를 지원한 동기는 무엇인가요? ① 해당 회사/직무에 지원한 이유 ② 본인이 직무를 잘 수행할 수 있는 이유를 반드시 포함하여 구체적으로 작성해 주세요. (1,000자)"
2728,0,해당직무를 지원한 이유와 직무를 통해 이루고 싶은 목표는 무엇입니까?
2729,0,데상트코리아에 지원한 이유는 무엇입니까?
2730,0,"우리 회사에 지원한 동기(관심을 가지게 된 계기, 시기 등)와 지원자를 선발해야 하는 이유에 대해 기술해 주시기 바랍니다."
2731,0,"여러분이 CJ CGV의 Multiplex Manager 직무에 지원한 동기는 무엇인가요? ① 본인이 생각하는 Multiplex Manager의 역할과 사명, ② 본인이 Multiplex Manager에 관심갖게 된 계기, ③ Multiplex Manager가 되기 위한 나의 노력 을 반드시 포함하여 구체적으로 작성해 주세요."
2732,0,"지원동기 및 입사 후 희망업무, 포부"
2733,0,해운업에 지원하게 된 동기와 왜 고려해운이어야 하는지 작성해 주십시오.
2734,0,해당회사 및 직무에 지원하는 동기에 대해 기술해 주시기 바랍니다. [100자~1000자]
2735,0,쌍용자동차를 지원한 동기와 당신을 채용해야 하는 3가지 이유를 구체적으로 서술하시오. [ 800자 이내 ]
2736,0,지원동기 및 기여방안 (500자)
2737,0,입사후 포부 (500자)
2738,0,해운업에 지원하게 된 동기와 왜 고려해운이어야 하는지 작성하여 주십시오. [공백포함 500자 이내]
2739,0,여러분께서 대한통운을 선택하게 된 지원동기와 물류사업에 관심을 가지게 된 계기에 대해서 구체적으로 작성해주세요.
2740,0,LS-Nikko동제련에 지원한 동기와 해당직무를 선택한 이유는 무엇입니까? 입사후 당신의 포부는 무엇입니까?
2741,0,쌍용건설에 지원하게 된 동기 / 입사후 하고싶은 직무 / 해당 직무에 필요한 역량 (600자)
2742,0,당사와 해당직무를 지원한 이유(동기)에 대하여 기술해 주세요
2743,0,입사 후 자신의 비전과 비전 달성을 위한 계획을 기술해 주세요
2744,0,지원동기 및 열정에 대하여 (800BYTE)
2745,0,"CJ제일제당 및 선택한 직무에 대한 지원동기는 무엇인가요? ① 선택한 직무에 관심을 갖게된 계기, ② 본인이 지원 직무를 잘 수행할 수 있는 이유 ③ CJ제일제당이 아니면 안되는 이유를 반드시 포함하여 구체적으로 작성해주세요.(1,000자 이내)"
2746,0,"본인의 가족관계와 성장환경, 성격의 장/단점, 본인만이 갖고 있는 강점 등 자신에 대한 소개를 하고, 여천NCC에 입사 지원을 하게 된 동기에 대해 작성하시기 바랍니다."
2747,0,"당사에 입사를 하기 위해 거친 준비 과정과, 입사 후에 본인의 경험/지식/능력을 어떻게 발휘할 것인지를 희망 직무와 연결하여 기술하시기 바랍니다."
2748,0,지원동기 [200byte 이상 1200byte 이내]
2749,0,알게 된 계기 (지원동기)
2750,0,이랜드를 선택한 이유와 이랜드 입사 시에 이루고 싶은 꿈을 적어주십시오.(700자 이내)
2751,0,회사에서 이루고 싶은 꿈과 이를 위해 준비해 온 노력
2752,0,희망직무 및 장래계획/포부
2753,0,지원동기 및 자신만의비전
2754,0,지원동기 및 입사 후 계획(150바이트 이상 6000이내)
2755,0,귀하께서 생각하시는 ”직장생활”의 의미를 작성해 주십시오.
2756,0,지원동기 및 기여방안
2757,0,입사 후 포부에 대해 말씀해 주십시오
2758,0,지원동기 (1000자)
2759,0,지원자님의 미래에 대한 비전은 무엇입니까?(2000 Bytes 이내)
2760,0,입사 후 포부에 대해
2761,0,"지원자가 중부발전 및 지원분야 관심을 가지게 된 계기는 무엇이며, 이를 위해 그 동안 어떤 노력을 했는지 기술해 주시기 바랍니다. (300~500자)"
2762,0,지원동기와 열정에 대하여
2763,0,본인이 당사에 입사하고자 하는 이유와 지원 직무를 위해 했던 구체적인 노력에 대해서 기술하여 주십시오. [ 200자 이상 600자 이내 ]
2764,0,당사의 일원으로서 이루고 싶은 목표를 기술하여 주십시오. [ 200자 이상 600자 이내 ]
2765,0,본인의 지원동기를 구체적으로 기술하시오.
2766,0,입사 후 현장 기술자로서 자신이 기여하고 싶은 것과 포부를 기술해 주십시오.
2767,0,*선택하신 희망회사에 제출하는 에세이입니다. 아래 4가지 사항을 포함하여 자유롭게 기술하시기 바랍니다. 성장배경 및 본인의 장/단점 지원동기 및 포부 회사에서 이루고 싶은 꿈과 이를 위해 준비해 온 노력 10년 뒤 자신의 모습 (3000자)
2768,0,"우리 회사에 지원하게 된 동기는 무엇이며, 입사 후 어떻게 성장해 나갈 것인지 기술하십시오(600자)"
2769,0,지원하는 회사와 분야(직무)에 대한 지원동기를 자유롭게 기술 하세요.(400자)
2770,0,S/W 개발자가 되려는 이유
2771,0,"지원하신 이유와 함께, 위에서 표현되지 못한 면접관이 꼭 알아주었으면 하는 점을 적어주세요.(200자)"
2772,0,[My Story] LG디스플레이 및 지원 직무에 지원하는 동기에 대해 기술해 주십시오(1000자)
2773,0,"대웅제약에 지원한 동기와, 귀하께서 대웅제약에 적합하다고 생각하는 이유를 설명해주십시오 [500자 이내 ]"
2774,0,귀하께서 생각하시는 ”직장생활”의 의미를 작성해 주십시오 [500자 이내 ]
2775,0,귀하의 인생의 목표는 무엇입니까? 그리고 그 목표를 이루기 위해 어떻게 계획하여(준비하여) 실행하고 있는지 설명해 주십시오 [500자 이내 ]
2776,0,지원동기 및 장래비전
2777,0,보령제약㈜에 지원한 동기와 입사하기 위해 어떠한 노력을 기울였는지 구체적으로 기술하시오.[500자]
2778,0,롯데케미칼에 지원한 동기를 구체적으로 기술해주세요.(500자 16줄 이내)
2779,0,입사 후 롯데케미칼과 본인의 커리어가 어떻게 상호발전할 수 있을지 기술해 주세요.(500자 16줄 이내)
2780,0,입사 이후 자신의 커리어와 삶을 어떻게 지속적으로 발전시킬지에 대해 기술해 주시기 바랍니다.
2781,0,지원동기 및 입사 후 포부를 구체적으로 기술해주세요. (400자)
2782,0,KOGAS에 지원하게 된 동기와 희망직무를 선택한 이유를 입사 후 목표 및 포부를 포함하여 기술해 주십시오. (500자)
2783,0,우리 공단에 입사 지원한 동기 및 입사 후 실천하고자 하는 목표를 다른 사람과 차별화된 본인의 역량과 결부시켜 작성해 주십시오. [200자 이상 300자 이내]
2784,0,입사 동기 및 입사 후 포부
2785,0,일하고 싶은 직장과 하고 싶은 직무와 곁에 있는 가족 중 중요하게 생각하는 순서와 이유를 기술해 주세요 [500자]
2786,0,본회가 본인을 채용해야 하는 이유에 대하여 설명해 주세요. [500자]
2787,0,본인의 지원동기를 구체적으로 기술해 주십시오.(500자 이내)
2788,0,입사 후 현장 기술자로서 자신이 기여하고 싶은 것과 포부를 기술해 주십시오. (500자 이내)
2789,0,"청년인턴을 지원하게 된 이유는 무엇이며, 인턴생활 동안 자신의 계획을 서술해 주십시오."
2790,0,지원한 분야는 어떤 일을 한다고 생각하는가? (200자 이내)
2791,0,지원분야에 본인이 적합한 이유를 증명하시오. (500자 이내)
2792,0,우리공사 지원사유 및 입사 후 포부에 대해 기술해 주십시오.
2793,0,"한솔교육에 입사 후, 어떤 일을 하고 싶으며, 이를 위해 지속적으로 시간과 자원을 꾸준히 투자하여 자기계발을 한 경험을 기술하여 주십시오."
2794,0,지원 동기 및 입사 후 계획
2795,0,"KAMCO 및 지원분야에 관심을 가지게 된 계기는 무엇이며, 이와 관련하여 그 동안 어떠한 노력을 했는지, 입사 후 공사에 어떻게 기여할 수 있을지 기술해주십시오."
2796,0,지원하신 직무에 대한 본인의 열정을 생각해 보시기 바랍니다.
2797,0,본인의 가치관에 근거하여 현대모비스를 지원하게 된 이유와 입사 후 포부를 기재해 주십시오. [1000자 이내]
2798,0,입사 후 포부 : IT 트렌드/기술동향을 고려하여입사 후 10년 동안 회사에서 이루고자 하는 포부와 그것을 추구하는 이유를 기술해주세요.
2799,0,지원동기 및 입사 후 포부 (600자 이내)
2800,0,"SPC 그룹에 지원한 동기는 무엇이며, 입사 후 어떻게 성장 및 발전해 나갈 것인지를 기술하여 주시기 바랍니다. [400자 이상2000자 이내]"
2801,0,귀하가 우리 조직에 입사하였다는 상황 하에 세부 질문에 답변을 기술하여 주십시오
2802,0,"귀하가 생각하는 은행원의 모습과, KB를 지원한 이유를 서술하십시오."
2803,0,"본인이 우리 회사에 기여할 수 있는 것이 무엇이고, 본인이 우리 회사에 기대하는 것은 무엇인지 기술하시오"
2804,0,지원동기 [800자]
2805,0,입사후 포부 [800자]
2806,0,자신이 뽑혀야 하는 이유
2807,0,우리 공단에 입사 지원한 동기 및 입사 후 자신이 가진 역량을 바탕으로 이루고자 하는 목표와 그 목표를 성취하기 위해 어떤 노력을 해나갈지 구체적으로 기술해 주시기 바랍니다.
2808,0,희망직무/ 본인에게 적합한 직무와 그 이유를 설명하시오.
2809,0,"LG디스플레이 및 지원직무에 지원하는 동기에 대해 기술 (성격 장,단점) 직무와 관련된 경험 및 역량, 관심사항, 개인의 목표 및 비전 등 자신을 어필할 수 있는 내용을 기반으로 자유롭게 서술하시기 바랍니다.(500~1000자)"
2810,0,지원동기 및 열정에 대하여 서술하시오.
2811,0,입사 후 포부(VISION)에 대해 서술하시오
2812,0,동양네트웍스에 지원한 동기와 입사 후의 경력개발 계획을 기재해주시기 바랍니다. (1000자)
2813,0,"현대글로비스에 지원한 동기는 무엇이며, 왜 본인에게 최적의 회사인지 가치관 및 직업관과 연계하여 상세히 기술하여 주시기 바랍니다(700자 이내)"
2814,0,"입사 후 만들고 싶은 현대글로비스의 모습과, 이를 위한 본인만의 구체적인 실천 계획을 기술해 주시기 바랍니다.[목표 및 비전, 직무 관련 미래계획, 포부 등](700자 이내)"
2815,0,"현대글로비스가 당신을 채용하기 위해 꼭 알아야 할 것이 있다면 무엇이고, 그 이유에 대해서 기술해 주시기 바랍니다[특성, 장점, 성공/실패경험, 탁월한 역량 등] (700자 이내)"
2816,0,당사에 지원한 동기와 입사 후 포부를 서술하시오.[500자]
2817,0,희망직무에 대해 귀하는 어떠한 부가가치를 가져올 수 있습니까?[500자]
2818,0,"청년인턴을 지원하게 된 이유는 무엇이며, 인턴생활 동안 자신의 계획을 서술해 주십시오. [1000 자]"
2819,0,입사 후 포부 및 계획
2820,0,"CJ오쇼핑 MD(홈쇼핑 MD)를 지원한 동기는 무엇인가요? ① 선택한 계열사가 아니면 안되는 이유, ② 직무에 관심갖게 된 계기, ③ 관심분야 및 관심을 갖게된 계기, ④ 본인이 직무를 잘 수행할 수 있는 이유(본인의 강점, 노력, 경험에 근거)를 반드시 포함하여 구체적으로 작성해 주세요.(1500자)"
2821,0,"여러분은 회사에 입사 후 어떻게 성장하고 싶나요? ① 성장 목표 및 계획, ② 성장을 위해 보완해야 하는 점을 포함하여 구체적으로 작성해 주세요. (1000자"
2822,0,지원동기 및 입사후 포부 [1000자]
2823,0,"성장배경 및 본인의 장/단점, 지원동기 및 포부, 회사에서 이루고 싶은 꿈과 이를 위해 준비해 온 노력, 10년 뒤 자신의 모습 에세이"
2824,0,한살림을 지원한 동기와 선택한 이유는?
2825,0,입사 지원 기업을 선택하는 본인의 기준은 무엇인지 기술해 주시기 바랍니다. 오리온이 그러한 기준에 어떻게 부합하는지 기술해 주시기 바랍니다.[500자]
2826,0,입사 후 포부(구체적 서술)
2827,0,"대웅제약에 지원한 동기와, 귀하께서 대웅제약에 적합하다고 생각하는 이유를 설명해주십시오 [500자]"
2828,0,귀하께서 생각하시는 ”직장생활”의 의미를 작성해 주십시오 [500자]
2829,0,지원동기 : 지원동기를 구체적으로 기술해주세요. [500자]
2830,0,입사후 포부 : 입사후 10년 동안의 회사생활 시나리오와 그것을 추구하는 이유를 기술해주세요.[500자]
2831,0,당사에 지원하게 된 동기와 본인의 10년 후 계획에 대해 기술해 주십시오. (500자이내)
2832,0,당사에 지원한 동기와 해당 직무를 선택한 이유에 대해 기술하여 주십시오.(300자)
2833,0,"지원동기, 장래포부"
2834,0,지원한 동기와 입사 후 포부에 대해 자유롭게 기술하시오.
2835,0,지원동기 및 입사후 계획
2836,0,데상트코리아 입사를 희망하는 이유는 무엇입니까. * [100자 이상 400자 이내]
2837,0,"해당직무에 지원한 이유와 본 직무를 수행하기 위한 구체적인 준비 및 노력과정을 설명하고, 직무를 통해 이루고 싶은 목표를 기술하십시오. * [100자 이상 400자 이내]"
2838,0,LG생명과학에 지원하게 된 동기와 지원 직무에 대해 준비한 내용을 기술하시오
2839,0,LG엔시스에 지원한 동기를 기술하시오
2840,0,당신은 언제부터 멋진 영업자가 되기를 꿈꾸었습니까? 또 멋진 영업자가 되기 위해서 어떤 노력과 고민을 했는지 서술하십시오
2841,0,본인의 가치관에 근거하여 현대모비스를 지원하게 된 이유와 입사 후 포부를 기재해 주십시오. * [1000자 이내]
2842,0,"지원자가 중부발전 및 지원분야 관심을 가지게 된 계기는 무엇이며, 이를 위해 그 동안 어떤 노력을 했는지 기술해 주시기 바랍니다. (500자)"
2843,0,재단에 지원한 동기 및 준비
2844,0,당사를 지원한 동기와 입사 후 포부는 무엇입니까? (500자)
2845,0,우리 조직 및 해당분야에 지원하게 된 동기와 입사 첫 1주일을 어떻게 보낼지 기술하여 주십시오.
2846,0,지원동기 : 지원동기를 구체적으로 기술해주세요 (500자)
2847,0,지원동기를 핵심가치 중 하나와 연결하여 서술하여 주십시오.
2848,0,해당 직무에 지원자님을 선발해야 하는 이유와 입사 후 회사에 기여할 수 있는 점을 기술해 주십시오.
2849,0,해당 직무로 지원하신 동기는 무엇입니까?
2850,0,입사 후 포부에 대해 기재해주세요.
2851,0,삼성취업을 선택한 이유와 입사 후 회사에서 이루고 싶은 꿈을 기술하십시오 (700자 이내)
2852,0,지원동기와 입사 후 NHN Entertainment에서 자신의 미래 모습을 기술해 보세요.
2853,0,"지원하신직무에지원하게되신동기를간략하게밝히고, 본인이잘수행할수있다고생각하는이유를구체적으로기술해주십시오."
2854,0,"지원하신회사, 직무, 근무지에관련하여특별히희망하는점이있으면알려주시고, 회사에서이루고싶은자신의포부를밝혀주십시오."
2855,0,피에스케이㈜에 지원하는 동기는 무엇이며 입사를 위해 무엇을 하였는지 구체적으로 작성해주시기 바랍니다.
2856,0,입사 후 이루고자 하는 목표를 단기(1년)/중기(5년)/장기(10년)로 나누어 구체적으로 작성해주시기 바랍니다.
2857,0,지원동기 및 포부 (200자 이내)
2858,0,BC카드에 지원하게 된 동기와 입사 후 이루고 싶은 중장기적 목표에 대해 구체적으로 기술해 주십시오. (500자 이내)
2859,0,TBWA 자기소개서
2860,0,"여러분이 선택한 계열사 및 직무에 대한 지원동기는 무엇인가요? ① 선택한 계열사가 아니면 안되는 이유, ② 직무에 관심갖게 된 계기, ③ 본인이 직무를 잘 수행할 수 있는 이유를 반드시 포함하여 구체적으로 작성해 주세요."
2861,0,지원동기 및 본인이 지원 직무에 적합하다고 생각하는 이유는?
2862,0,희망직무를 지원한 이유와 직무를 수행하기 위해 어떠한 노력이나 경험을 하였는지 구체적으로 작성해주시기 바랍니다. (500자)
2863,0,다른 지원자들보다 본인이 반드시 채용되어야 하는 이유를 2가지 이상 작성해주시기 바랍니다.(500자)
2864,0,당사에 지원하게 된 동기 및 자신의 vision을 기술해 주시기 바랍니다.
2865,0,"CJ제일제당 및 선택한 직무에 대한 지원동기는 무엇인가요? ① 선택한 직무에 관심을 갖게된 계기, ② 본인 직무를 잘 수행할 수 있는 이유 ③ CJ제일제당이 아니면 안되는 이유를 반드시 포함하여 구체적으로 작성해주세요.(1000자)"
2866,0,IBK기업은행에 지원하게 된 동기는 무엇입니까? 입행 후 만들고 싶은 IBK기업은행의 모습과 이를 위한 본인의 자세에 대해 설명해 주십시오.
2867,0,KOGAS에 지원하게 된 동기와 희망직무를 선택한 이유를 입사 후 목표 및 포부를 포함하여 기술해 주십시오.현재 (1000자 이내)
2868,0,지원동기 및 입사 후 포부[150자]
2869,0,현대모비스에 지원하게 된 동기를 기재해 주시기 바랍니다.(1000자 이내)
2870,0,"희망 직무와 연관된 본인의 비전 및 목표를 설명하고, 이를 달성하기 위한 계획을 구체적으로 기재해 주시기 바랍니다.(1000자 이내)"
2871,0,다양한 직업 중 은행원이 되고 싶은 이유와 향후 DGB 대구은행에 입행 후 포부에 대해 들려주세요.
2872,0,한국장학재단에 입사지원을 해야겠다고 결심하게 된 계기는 무엇인지 구체적으로 기술해 주십시오. [500자 이내]
2873,0,본인이 회사를 선택하는 기준과 서울메트로에 지원한 동기는 무엇입니까?
2874,0,본인이 생각하는 직장생활의 의미와 바람직한 직장생활의 모습에 대해서 작성해 주십시오.
2875,0,개인의 비전 및 직장인으로서의 비전 그리고 준비사항
2876,0,입사지원 동기 및 장래의 포부
2877,0,"입사 후 자신의 목표를 설명하고, 목표달성을 위한 실천계획을 설명하십시오."
2878,0,조직이해 및 역량개발 노력(1000자) 우리원에 입사지원한 동기 및 입사 후 본인이 수행하게 될 업무를 위해 어떤 준비를 하였는지 본인의 역량과 연계하여 작성하여 주십시오.
2879,0,"귀하가 한전에 지원하게 된 동기는 무엇이며, 채용우대형 청년인턴 근무를 통해 본인이 얻고자 하는 것은 무엇인지 구체적으로 기술하여 주십시오."
2880,0,귀하가 한전 청년인턴으로 근무하면서 하고 싶은 업무는 무엇이며 그 이유는 무엇입니까?
2881,0,지원하신 직무에 대한 지원동기와 그 이유에 대해서 기술해 주십시오.
2882,0,"지원동기:입사지원기업을선택하는본인의기준은무엇이며,롯데월드가그러한기준에어떻게부합하는지기술하여주십시오."
2883,0,채용이유:롯데월드가귀하를반드시채용해야하는이유를자유롭게작성하여주십시오.
2884,0,회사를 지원한 이유와 직무를 선택하고 준비해온 것을 소개해 주세요. [700자 이내]
2885,0,다른 지원자들보다 본인이 반드시 채용되어야 하는 이유를 2가지 이상 작성해주시기 바랍니다. (500 자 이내)
2886,0,당사에 지원하게 된 동기와 입사 후 본인의 포부를 구체적으로 작성하십시오 (1000자)
2887,0,본인이 지원한 분야에 회사에 기여할 수 있는 점
2888,0,"[ Why This position? ] 지원한 직무를 선택한 동기는 무엇이며, 직무 수행에 필요한 역량을 갖추기 위한 본인의 노력에 대해 구체적으로 기술하시오."
2889,0,지원동기 및 장래 포부
2890,0,`회사 및 직무에 대한 지원 동기`와 `해당 직무를 잘 수행하기 위해 어떤 준비`를 해왔는지 구체적으로 설명해주시기 바랍니다. (1000자)
2891,0,귀하가 금호아시아나그룹(1지망회사)을 지원하게 된 동기에 대해 서술
2892,0,"입사 후 10년 내 회사에서 이루고 싶은 목표는 무엇이며, 그것을 추구하는 이유와 이를 달성하기 위한 계획을 서술"
2893,0,LG생활건강을 통하여 이루고자 하는 비젼(꿈)은 무엇입니까? (500자 이내)
2894,0,현대제철에 지원하게 된 동기 및 포부 서술 (200자)
2895,0,신한은행에 입행하기 위해 준비했던 노력을 기술해 주세요.[500자 이내]
2896,0,"CJ제일제당 및 선택한 직무에 대한 지원동기는 무엇인가요? ① 선택한 직무에 관심을 갖게된 계기, ② 본인이 지원직무를 잘 수행할 수 있는 이유(본인의 강점, 준비, 관련경험 근거) ③ 영업사원으로서의 Vision과 포부 를 반드시 포함하여 구체적으로 작성해주세요.(1000자)"
2897,0,제로투세븐에 지원하게 된 동기를 설명해주십시오.
2898,0,해당 직무에 지원자님을 선발해야 하는 이유와/ 입사 후 회사에 기여할 수 있는 점을 기술해 주십시오.
2899,0,"지원동기, 입행 후 포부(성취하고 싶은 직무 포함), 수학내용, 성장과정을 주제별로 구분하여 자유롭게 기술하세요. [총 1,500자 이내 분량, 3000Byte)"
2900,0,다른 지원자들보다 본인이 반드시 채용되어야 하는 이유를 2가지 이상 작성해주시기 바랍니다. (500자)
2901,0,한국가스안전공사에 지원한 동기를 간략하게 작성하여 주십시오. (500자)
2902,0,지원동기 및 입사후포부 (600자)
2903,0,입사 후 자신이 Market Top 수준의 인재로 성장하기 위해 어떤 노력을 할 것인지 기술하시오.
2904,0,쿠팡에 지원한 동기는 무엇인가요? (1000자)
2905,0,[My Story] 지원자에 대해 알고 싶습니다. 본인 스스로 묻고 답해주시기 바랍니다.(3000자 이내)
2906,0,해당직무에 지원한 동기와 지원직무에 적합하다고 생각하는 이유를 기술해 주십시오.
2907,0,새마을금고를 선택한 동기 또는 입사 후 마음가짐과 태도 (500자)
2908,0,일동제약에 지원하게 된 동기에 대해 기술해 보세요. (600자)
2909,0,일동제약의 인재상 중 자신과 가장 부합하는 것을 선택하고 그 이유를 관련 경험에 근거하여 기술해 보세요. (600자)
2910,0,일동제약에 입사하게 된다면 어떠한 역할을 통해 본인의 성장과 일동제약의 발전에 기여할 수 있는지 기술해 보세요 (600자)
2911,0,KDB대우증권을 지원한 이유와 인턴쉽을 통해 성취하고자 하는 바를 서술해주시기 바랍니다.
2912,0,"CJ제일제당 및 선택한 직무에 대한 지원동기는 무엇인가요? ① 선택한 직무에 관심을 갖게된 계기, ② 본인이 지원직무를 잘 수행할 수 있는 이유(본인의 강점, 준비, 관련경험 근거) ③ 영업사원으로서의 Vision과 포부 를 반드시 포함하여 구체적으로 작성해주세요.(1000자 이내)"
2913,0,지원동기를 구체적으로 기술해주세요. (500자)
2914,0,입사 후 포부 : 입사 후 10년 동안의 회사생활 시나리오와 그것을 추구하는 이유를 기술해 주세요. (500자)
2915,0,2016년 우리은행 인턴으로 지원한 동기에 대하여 말씀해 주세요. [1000자 이내]
2916,0,희망직무/영업본부에 지원한 동기에 대하여 말씀해 주세요. [600자 이내]
2917,0,지원동기(희망업무 포함) [ 150자 이상 500자 이내 ]
2918,0,"여러분이 선택한 계열사와 해당 직무를 지원한 동기는 무엇인가요? ① 선택한 계열사가 아니면 안되는 이유, ② 직무에 관심갖게 된 계기, ③ 본인이 직무를 잘 수행할 수 있는 이유, ④ 입사 후 목표를 반드시 포함하여 구체적으로 작성해 주세요. (1000자)"
2919,0,귀하가 금호아시아나그룹(1지망회사)을 지원하게 된 동기에 대해 서술해 주십시오 [100자 이상 500자 이내]
2920,0,"입사 후 10년 내 회사에서 이루고 싶은 목표는 무엇이며, 그것을 추구하는 이유와 이를 달성하기 위한 계획을 서술해 주십시오 [100자 이상 500자 이내]"
2921,0,입사 때부터 3년 간 근무하던 부서에서 다른 부서로 발령이 났습니다. 새로운 환경에 적응하고 업무를 잘 소화하기 위해 어떤 시도를 하시겠습니까?
2922,0,지원동기 및 입사 후 포부 수정
2923,0,[하림그룹]에 입사하여 어떻게 성장하고 싶습니까?
2924,0,지원동기를 설명하고 입사를 위해 준비한 사항이 있다면 구체적 사례를 들어 기술하시오. (1000자)
2925,0,"동원그룹과 본인이 지원한 회사에 대해 본인이 가지고 있는 이미지와 느낌을 자유로이 서술하고, 지원동기를 쓰세요. (600자)"
2926,0,해당 부문에 지원하게 된 동기와 입사 후 10년 내에 이루고 싶은 목표에 대해 구체적으로 기술해 주십시오. (700자 이내)
2927,0,지원동기를 구체적으로 서술 (500자)
2928,0,입사 후 포부 : 입사 후 10년 동안의 회사생활 시나리오와 그것을 추구하는 이유를 기술 (500자)
2929,0,"지원동기, 희망업무, 중요사항을 중심으로 간략히 기재 ( 400~500자)"
2930,0,자신의 미래에 꼭 도전해 보고 싶은 목표에 대하여 기술해 주시기 바랍니다.
2931,0,당사 직업훈련생 과정에 지원한 동기에 대하여 기술해 주시기 바랍니다.
2932,0,"IBK기업은행 지원동기를 말씀해 주시고, 입행 후 만들고 싶은 IBK기업은행의 모습과 이를 위한 본인의 역할에 대해 설명해 주십시오."
2933,0,입사 후 본인이 해당 직무 분야에서 Market Top 수준의 인재로 성장하기 위해 어떤 노력을 할 것인지 구체적으로 기술하십시오. (500자 10 단락 이내)
2934,0,회사에서 이루고 싶은 꿈과 이를 위해 준비해온 노력
2935,0,지원하게 된 동기와 입사 후 포부에 대하여 기술하여 주십시오.
2936,0,자기소개 & 지원동기
2937,0,데상트코리아 입사를 희망하는 이유는 무엇입니까.
2938,0,"해당직무에 지원한 이유와 본 직무를 수행하기 위한 구체적인 준비 및 노력과정을 설명하고, 직무를 통해 이루고 싶은 목표를 기술하십시오."
2939,0,여러분이 선택한 계열사 및 직무에 대한 지원동기는 무엇인가요? 1. 선택한 계열사가 아니면 안되는 이유 2. 직무에 관심갖게 된 계기 3. 본인이 직무를 잘 수행할 수 있는 이유 를 반드시 포함하여 구체적으로 작성해주세요.
2940,0,LG엔시스에 지원한 동기를 기술하시오 (500자)
2941,0,왜 ‘LG이노텍’을 선택하여 지원했는지와 일하고 싶은 분야 및 그 이유를 구체적으로 기술해 주십시오
2942,0,입사 후 한국산업단지공단에서의 업무수행계획을 기술해 주시기 바랍니다. (1000자)
2943,0,입사 지원동기와 입사 후 포부를 기술하여 주시기 바랍니다.(1200바이트)
2944,0,입사동기 및 입사 후 이루고 싶은 목표와 목표 달성을 위한 계획(500자 이내)
2945,0,사업관리 분야 지원 동기와 입사 후 계획을 기술해 주십시오.
2946,0,지원동기 - 중요사항을 중심으로 간략히 기재 [15line / 1500byte]
2947,0,지원동기 (500 byte 이내)
2948,0,"해당직무에 지원한 동기는 무엇이고, 본인이 지원직무에 적합하다고 생각하는 이유는 무엇입니까? (최대700자)"
2949,0,"당신은 업무능력을 인정받고 있는 사원 3년차직원입니다. 현재 업무가 적성에 맞지 않아 고민 중인데, 업무량이과정하고 야근이 잦지만 원하던 업무의 B팀으로 발령 예정입니다. 그러나팀 동료들은 당신에게 A팀에 남아주기를 부탁하고 있고, 당신에게선택권이 있습니다. 당신 어느 팀을 선택하겠으며 이유는 무엇입니까? 또, A팀 또는 B팀을 선택하지 않은 이유는 무엇입니까? (최대 300자)"
2950,0,"본인의 성장과정 및 지원동기를 기술해 주시기 바랍니다. - 성장과정은 자신에게 가장 큰 영향을 끼친 사건 포함 - 지원동기는 회사 및 직무를 선택한 이유, 직무에 필요한 역량을 갖추기 위한 노력, 입사 後 포부 포함 (2000자)"
2951,0,"BGF . 리테일에 지원하게 된 동기와 입사 후 포부에 대하여 기술하시오.* 2,100 Byte 글자수 공백포함 이내 입력"
2952,0,"SK 입사 후, 어떤 일을 하고 싶으며, 이를 위해 본인이 무엇을 어떻게 준비해 왔는지 구체적으로 기술. (1000자/10단락)"
2953,0,`회사 및 직무에 대한 지원 동기`와 `해당 직무를 잘 수행하기 위해 어떤 준비`를 해왔는지 구체적으로 설명해주시기 바랍니다.
2954,0,여러분이 선택한 계열사와 해당 직무를 지원한 동기는 무엇인가요?
2955,0,"지원동기 (글자수 500, 16줄 이내)"
2956,0,"입사 후 포부 : 입사 후 10년 동안의 회사생활 시나리오와 그것을 추구하는 이유를 기술해주세요. (글자수 500, 16줄 이내)"
2957,0,본인의 가치관에 근거하여 현대모비스를 지원하게 된 이유와 입사 후 포부를 기재해 주십시오.(1000자)
2958,0,지원분야를 위한 준비
2959,0,당사 지원동기 및 입사 후 포부에 대해 상세하게 기술하시오.
2960,0,우리 회사에 입사 지원한 동기 및 입사 후 실천하고자 하는 바를 본인의 역량과 결부시켜 작성해 주십시오
2961,0,LF에 지원하게 된 계기와 LF에 대해서 어떤 관심을 갖고 지원을 준비했는지 과정을 설명해 주세요.
2962,0,LF 입사 후 이루고 싶은 목표는 무엇이며 이를 달성하기 위한 본인의 계획을 밝혀 주세요.
2963,0,한샘이라는 회사와 영업전문직 인턴(ISC)에 지원하게 된 동기를 기술하세요. (500자 이내)
2964,0,입사 후 포부(VISION)에 대해 기술하세요. (500자 이내)
2965,0,"동원그룹과 본인이 지원한 회사에 대해 본인이 가지고 있는 이미지와 느낌을 자유로이 서술하고, 지원동기를 쓰세요 (600자)"
2966,0,지원 동기 및 입사 후 포부를 기술해 주시기 바랍니다
2967,0,현대제철에 지원하게 된 동기 및 포부를 서술하여 주십시오. (200자)
2968,0,입사지원 동기와 본인이 지원 직무를 잘 수행할 수 있다고 생각하는 이유를 기술하여 주십시오.
2969,0,"입사 후 이루고 싶은 목표는 무엇이며, 목표를 이루기 위한 계획은 무엇인지 기술하여 주십시오."
2970,0,해당 회사와 선택 직무에 대한 지원 동기
2971,0,당사 지원동기와 입사 후 포부를 기술하여 주시기 바랍니다.
2972,0,지원동기를 구체적으로 적어 주십시오. (500자 미만)
2973,0,"성장배경 및 본인의 장/단점, 지원동기 및 포부, 회사에서 이루고 싶은 꿈과 이를 위해 준비해 온 노력, 10년 뒤 자신의 모습을 포함한 에세이 (3000자)"
2974,0,LG생활건강이라는 기업에 입사하여 본인이 선택한 직무수행을 통해 이루고자 하는 비젼(꿈)은 무엇인지 기술해주시기 바랍니다. 에 대한 본인만의 생각을 기술하시면 됩니다.) (100자~500자)
2975,0,"현대글로비스 인턴십 과정에 지원하게 된 동기는 무엇이며, 이를 통해 얻고자 하는 바에 대해서 상세하게 기술하십시오."
2976,0,해당 직무에 지원하게 된 동기와 입사 후 10년 내에 이루고 싶은 목표에 대해 구체적으로 기술해 주십시오.
2977,0,이 회사의 지원동기와 지원하신 부문의 직무를 잘 수행하기 위하여 어떤 준비를 했는지 본인의 경험과 관련하여 기술해 주십시오
2978,0,회사에서의 성장 목표 (미래 포부) (1000자 이내)
2979,0,"SPC 그룹에 지원한 동기는 무엇이며, 입사 후 어떻게 성장 및 발전해 나갈 것인지를 기술하여 주시기 바랍니다."
2980,0,공단 인턴에 지원한 동기는 무엇입니까? (200자 이내)
2981,0,"여러분이 선택한 계열사와 해당 직무를 지원한 동기는 무엇인가요? ① 선택한 계열사가 아니면 안되는 이유, ② 직무에 관심갖게 된 계기, ③ 본인이 직무를 잘 수행할 수 있는 이유를 반드시 포함하여 구체적으로 작성해 주세요.(1000자)"
2982,0,(주)화승R&A를 지원하신 동기는 무엇입니까?
2983,0,희망하는 업무와 그 이유는 무엇입니까?
2984,0,지원동기 (800자)
2985,0,SK커뮤니케이션즈 입사지원 동기와 지원분야에 적합한 인재라고 생각하는 이유를 성격/태도/역량 3가지 측면으로 구분하여 기술하십시오.
2986,0,지원동기 및 열정(800)
2987,0,올리브영 및 해당 직무에 지원한 동기는 무엇인가요? 관심 갖게 된 계기를 반드시 포함하여 구체적으로 작성해 주세요.(1000자)
2988,0,회사 선택의 가장 중요한 기준과 그 기준에 비추어 볼 때 에스엘에 지원하는 이유를 서술하세요
2989,0,에누리닷컴 지원동기와 지원하는 직무에 본인이 적합하다고 판단할 수 있는 이유
2990,0,"SK 입사 후 어떤 일을 하고 싶으며, 이를 위해 본인이 무엇을 어떻게 준비해 왔는지 구체적으로 기술하십시오. (1,000자 이내)"
2991,0,신용보증기금에 대한 지원자의 관심과 생각을 자유롭게 기술하시오.
2992,0,한샘에 지원한 동기와 지원한 직무를 선택한 이유를 구체적으로 기술해 주세요. (500자 이내)
2993,0,"한샘에서 성장해 나갈 자신의 10년 후 개인적인 목표, 이루고 싶은 인생의 목표는 무엇인가요? (500자 이내)"
2994,0,한샘에 지원한 동기와 지원한 직무를 선택한 이유를 구체적으로 기술해 주세요. (500자)
2995,0,"한샘에서 성장해 나갈 자신의 10년 후 개인적인 목표, 이루고 싶은 인생의 목표는 무엇인가요? (500자)"
2996,0,NCS기반 자기소개서 본인이 알고 있는 한국공항공사에 관한 내용은 무엇이며 그 정보를 어떻게 얻게 되었는지 기술해 주시기 바랍니다. 또한 그 중 어떠한 면에 이끌려 우리공사에 지원하게 되었는지 기술하여 주시기 바랍니다.
2997,0,"입사 후 자신의 목표를 설명하고, 목표달성을 위한 실천계획을 설명하십시오 (500~600자)"
2998,0,동양네트웍스에 지원한 동기와 입사 후의 경력개발 계획을 기재해주시기 바랍니다.
2999,0,지원동기 및 열정에 대하여. (400자)
3000,0,입사 후 포부(Vision)에 대하여. (400자)
3001,0,KEPCO에 지원하기 위하여 귀하께서 특별히 준비한 것이 있다면 구체적으로 소개해 주십시오. (500자)
3002,0,"LG디스플레이 및 지원 직무에 지원하는 동기에 대해 기술해 주십시오. 성격(장단점), 직무와 관련된 경험 및 역량, 관심사항, 개인의 목표 및 비전 등 자신을 어필 할 수 있는 내용을 기반으로 자유롭게 기술"
3003,0,우리 회사에 입사하기 위해 어떤 노력을 기울였는지 기술하시오.
3004,0,지원동기를 구체적으로 기술해주세요. (500자 이내)
3005,0,입사 후 10년 동안의 회사생활 시나리오와 그것을 추구하는 이유를 기술해주세요. (500자 이내)
3006,0,"본인의 성장과정 및 지원동기를 기술해 주시기 바랍니다. - 성장과정은 자신에게 가장 큰 영향을 끼친 사건 포함 - 지원동기는 회사 및 직무를 선택한 이유, 직무에 필요한 역량을 갖추기 위한 노력, 입사 後 포부 포함"
3007,0,"해당직무에 지원한 이유와 본 직무를 수행하기 위한 구체적인 준비 및 노력과정을 설명하고, 직무를 통해 이루고 싶은 목표를 기술하십시오"
3008,0,지원 동기 및 열정
3009,0,"부산도시가스 입사 후 어떤 일을 하고 싶으며, 이를 위해 본인이 무엇을 어떻게 준비해 왔는지 구체적으로 기술하십시오. (1000 자 10 단락 이내)"
3010,0,"현대자동차 영업직에 지원하게 된 동기와 이유, 향후 5년간의 구체적인 영업목표와 자신만의 전략에 대하여 서술하세요"
3011,0,지원동기와 입사 후 실현하고 싶은 목표를 기술하여 주십시오
3012,0,지원 동기 및 입사 후 포부 (3000byte 이내)
3013,0,"여러분이 선택한 계열사와 해당 직무를 지원한 동기는 무엇인가요? ① 선택한 계열사가 아니면 안되는 이유, ② 직무에 관심갖게 된 계기, ③ 영업사원으로서 예상되는 하루 업무 일과, ④ 본인이 직무를 잘 수행할 수 있는 이유, ⑤ 입사 후 목표를 반드시 포함하여 구체적으로 작성해 주세요. (1000자)"
3014,0,현대자동차 해당 직무 분야에 지원하게 된 이유와 선택 직무에 본인이 적합하다고 판단할 수 있는 이유 및 근거를 제시해 주십시오
3015,0,한샘에 지원한 동기와 지원한 직무를 선택한 이유를 구체적으로 기술해 주세요.
3016,0,"한샘에서 성장해 나갈 자신의 10년 후 개인적인 목표, 이루고 싶은 인생의 목표는 무엇인가요?"
3017,0,CJ오쇼핑 MD(홈쇼핑 MD)를 지원한 동기는 무엇인가요?
3018,0,여러분은 회사에 입사 후 어떻게 성장하고 싶나요?
3019,0,현대자동차 해당 직무 분야에 지원하게 된 이유와 선택직무에 본인이 적합하다고 판단할 수 있는 이유 및 근거를 제시해 주십시오. (3000자)
3020,0,"본인의 10년 후 계획에 대하여(500) - 본인이 지원한 직무와 관련된 본인의 계획, 꿈, 비전에 대하여 기술해주시기 바랍니다."
3021,0,지원동기 및 입사 후 포부 [1000자 이내]
3022,0,"BGF리테일에 지원하게 된 동기와, 희망직무를 수행하기 위하여 해왔던 노력에 대해 구체적으로 기술하시오."
3023,0,"본인의 10년 후 계획에 대하여. 본인이 지원한 직무와 관련된 본인의 계획, 꿈, 비전에 대하여 기술해주시기 바랍니다. 핵심 위주로 근거에 기반 하여 간략하게 기술 (500)"
3024,0,삼성취업을 선택 이유와 입사 후 회사에서 이루고 싶은 꿈을 기술하십시오. (700자 이내)
3025,0,직무를 지원동기와 직무 관련된 준비사항
3026,0,한국남부발전에 지원한 동기가 무엇입니까?
3027,0,입사를 위해 특별히 준비한 점이 무엇입니까?
3028,0,입사 후 하고 싶은 구체적인 직무와 포부를 기술해 주십시오.
3029,0,앞으로 본인이 가장 열정적으로 도전하고 싶은 분야가 있다면 무엇입니까?
3030,0,"본인의 성장과정 및 지원동기를 기술해 주시기 바랍니다.- 성장과정은 자신에게 가장 큰 영향을 끼친 사건 포함 - 지원동기는 회사 및 직무를 선택한 이유, 직무에 필요한 역량을 갖추기 위한 노력, 입사 後 포부 포함 (2000자 이내)"
3031,0,스마트 IT 인턴십에 지원하게된 동기를 기재하여 주십시오.
3032,0,"졸업이후 계획하고 계신 진로(진학, 취업 등) 및 10년 뒤 본인의 모습을 기재해 주십시오."
3033,0,SPC그룹에 지원한 동기를 기술하여 주시기 바랍니다.
3034,0,본인을 채용해야하는 이유에 대하여 자유롭게 기술하여 주시기 바랍니다.
3035,0,현대건설에 지원하신 동기를 작성하여 주시기 바랍니다.
3036,0,인천국제공항공사 입사 후 10년 내에 성취하고 싶은 포부를 과거 본인의 경험과 연계하여 기술하세요. [100자 이상 600자 이내]
3037,0,공단에 지원하게 된 동기와 자신의 성격에 대한 장단점을 기술하시오
3038,0,"BGF리테일에 지원하게 된 동기와, 희망직무를 수행하기 위하여 해왔던 노력에 대해 구체적으로 기술시오."
3039,0,[목표 의식] (200자 이내) 본인이 속한 조직 또는 팀의 목표는 무엇이었습니까?
3040,0,지원동기(희망업무 포함) (400자)
3041,0,여러분이 선택한 계열사와 해당 직무를 지원한 동기는 무엇인가요? (1000자)
3042,0,"대웅제약에 지원한 동기와, 귀하께서 대웅제약에 적합하다고 생각하는 이유를 설명해주십시오 [ 1자 이상 500자 이내]"
3043,0,귀하에게 있어 직장생활의 의미를 작성해주십시오 [ 1자 이상 500자 이내]
3044,0,귀하의 인생의 목표는 무엇입니까? 그리고 그 목표를 이루기 위해 어떻게 계획하여(준비하여) 실행하고 있는지 설명해 주십시오 [ 1자 이상 500자 이내]
3045,0,새마을금고를 선택한 동기 또는 입사 후 마음가짐과 태도
3046,0,공사에 지원하게 된 동기에 대해 작성해 주십시오.
3047,0,`LG이노텍`과 `지원 분야`를 선택하신 이유를 구체적으로 기술해주십시오.
3048,0,지원동기와 관심을 가지게 된 계기
3049,0,BGF리테일 프로젝트 인턴에 지원한 동기
3050,0,"해당직무에 지원한 이유와 본 직무를 수행하기 위해 구체적인 준비 및 노력과정을 설명하고, 직무를 통해 이루고 싶은 목표를 기술하시기 바랍니다."
3051,0,지원동기/장래포부 (500자)
3052,0,LG디스플레이 및 지원 직무에 지원하는 동기에 대해 기술해 주십시오. [500자 ~ 1000자]
3053,0,지원동기 및 입사 후 계획 [150Byte 이상 6000Byte 이내]
3054,0,한화생명에 입사하기 위해 어떤 준비를 하셨는지 적어주십시오 (500자)
3055,0,직업선택 시 중요 고려 점 및 당사 지원 동기
3056,0,"귀하가 주식회사 센트랄에 지원하게 된 동기는 무엇이며, 입사 후 10년 동안의 회사생활의 시나리오를 작성하여 주십시오. (500자)"
3057,0,`회사 및 직무에 대한 지원 동기`와 `해당 직무를 잘 수행하기 위해 어떤 준비`를 해왔는지 구체적으로 설명해주시기 바랍니다. [100자 ~ 1000자]
3058,0,"본인이 당사에 꼭 입사해야 하는 이유와 지원 직무를 위해 했던 노력, 그리고 당사에 입사해서 이루고 싶은 목표에 대해 작성해주십시오."
3059,0,지원동기 및 장래포부에 대해 말씀해 주십시오.
3060,0,성우하이텍에 입사하면 자신의 역량을 통해 어떤 방식으로 회사에 기여할지 기술하여 주십시오.
3061,0,"CJ제일제당 및 선택한 직무에 대한 지원동기는 무엇인가요? ① 선택한 직무에 관심을 갖게된 계기, ② 본인이 지원직무를 잘 수행할 수 있는 이유(본인의 강점, 준비, 관련경험 근거) ③ 영업사원으로서의 Vision과 포부 를 반드시 포함하여 구체적으로 작성해주세요.(1,000자 이내)"
3062,0,"해당 직무 분야에 본인이 최적의 지원자라고 생각하는 이유를 서술하시오. (1000자, 10단락이내)"
3063,0,여러분이 선택한 계열사 및 직무에 대한 지원동기는 무엇인가요? ① 선택한 계열사가 아니면 안되는 이유 ② 직무에 관심 갖게 된 계기 ③ 본인이 직무를 잘 수행할 수 있는 이유 를 반드시 포함하여 구체적으로 작성해 주세요. (1000자)
3064,0,나의 장점을 살려 회사에 어떻게 기여할 수 있을 지와 지원 직무에서 나의 비전을 적으세요. (400)
3065,0,현대제철에 지원하게 된 동기 및 포부를 서술하여 주십시오.(200자)
3066,0,지원동기 및 입사 후 목표
3067,0,지원한 동기와 입사하기 위해 어떠한 노력을 기울였는지 구체적으로 기술하시오.
3068,0,입사 5년후 구체적 목표와 목표 달성을 위한 계획에 대해 기술하시오.
3069,0,희망 직무에 지원하기 위해 지금까지 준비해온 것과 세아상역에 입사하여 이루고자 하는 것
3070,0,현대제철에 지원하게 된 동기 및 포부를 서술하여 주십시오
3071,0,"LINE에서 왜 자신을 채용해야 하는지, 경쟁력에 대해 구체적으로 적어 주세요"
3072,0,입사 후 어떻게 일하게 될 것이라고 생각하시는지?
3073,0,한화탈레스에 지원하는 이유는 무엇이고 한화탈레스에서 어떤 인재로 성장하고 싶은지에 대하여 작성하여 주십시오. (500자)
3074,0,회사 및 해당직무에 지원하게 된 동기와 입사 후 회사에서 이루고 싶은 중장기적 목표에 대해 구체적으로 기술해 주십시오. (700자이내)
3075,0,입사 후 포부 및 공사에서의 역할
3076,0,지원 동기 현대제철에 지원하게 된 동기 및 포부를 서술하여 주십시오. (200자)
3077,0,현대제철에 지원하게 된 동기 및 포부를 서술하여 주십시오 [ 300자 이내 ]
3078,0,자신이 한화S&C에 왜 적합한 사람인지에 대해서 기술해 주십시오. (500자)
3079,0,입사 후 본인이 해당 직무 분야에서 Market Top 수준의 인재로 성장하기 위해 어떤 노력을 할 것인지 구체적으로 기술하십시오 (500자 10 단락 이내)
3080,0,지원동기 (100자 ~2000자)
3081,0,회사 및 해당분야에 지원하게 된 동기와 입사 후 kt ds에서 이루고 싶은 중장기적 목 표에 대해 구체적으로 기술하세요.(700자)
3082,0,"현대글로비스 인턴십 과정에 지원하게 된 동기는 무엇이며, 이를 통해 얻고자 하는 바에 대해서 상세히 기술하십시오. (1000자 이내)"
3083,0,귀하가 현재 학과(전공)를 선택한 이유는 무엇이고 그 결과를 기술해 주세요
3084,0,"본인의 성장과정 및 지원동기를 기술해 주시기 바랍니다. - 성장과정은 자신에게 가장 큰 영향을 끼친 사건 포함 - 지원동기는 회사 및 직무를 선택한 이유, 직무에 필요한 역량을 갖추기 위한 노력, 입사 후 포부 포함"
3085,0,해당하는 직무를 지원하게 된 동기와 해당 직무를 통해 이루고 싶은 비전을 구체적으로 기재하여 주십시오 (1000자)
3086,0,귀하의 지원동기 및 입사 후 자기계발 계획을 기술하여 주십시오. (한글 400자 이내)
3087,0,"학교, 전공, 학점, 어학, 자격증 外 한화생명이 귀하를 채용하기 위해 참고해야 할 사항이 있다면, 그 이유를 기술해 주십시오.(500~700자)"
3088,0,한샘 영업전문직(SC)에 지원하게 된 동기를 기술하시오.
3089,0,지원 동기 및 목표
3090,0,지원 동기 및 장래 포부
3091,0,"My Future 본인의 10년 후 계획에 대하여 Guide> 본인이 지원한 직무와 관련된 본인의 계획, 꿈, 비전에 대하여 기술해주시기 바랍니다. (500자)"
3092,0,(주)LF에 지원하게 된 계기와 (주)LF에 대해서 어떤 관심을 갖고 지원을 준비했는지 과정을 설명해 주세요.
3093,0,입사지원 동기 및 입사 후 포부에 대해 기술하시오
3094,0,지원동기 : 지원동기를 구체적으로 기술해주세요 (500자 이내)
3095,0,입사 후 포부 : 입사 후 10년 동안의 회사생활 시나리오와 그것을 추구하는 이유를 기술해주세요. (500자 이내)
3096,0,지원한 국가 및 분야를 희망하는 이유가 무엇인지 기술하시오 (최소 500자 이상)
3097,0,`글로벌마케팅인턴십`에 선발될 경우 향후 활동계획을 기술하시오 (최소 500자 이상)
3098,0,당사에 지원하게 된 동기와 입사 후 본인의 포부를 구체적으로 작성하십시오(1000자)
3099,0,"여러분이 선택한 계열사와 해당 직무를 지원한 동기는 무엇인가요? (1,000자 이내) ① 선택한 계열사가 아니면 안되는 이유, ② 직무에 관심갖게 된 계기, ③ 직무 관련 역량을 쌓기 위한 노력과 도전을 포함하여 구체적으로 작성해 주세요."
3100,0,"CJ제일제당 및 선택한 직무에 대한 지원동기는 무엇인가요? ① 선택한 직무에 관심을 갖게된 계기, ② 본인이 지원 직무를 잘 수행할 수 있는 이유 ③ CJ제일제당이 아니면 안되는 이유를 반드시 포함하여 구체적으로 작성해주세요."
3101,0,본인이 생각하는 직장생활의 의미와 바람직한 직장생활의 모습에 대해서 작성해 주십시오
3102,0,지원동기 및 입사후 직무수행계획
3103,0,해당직무를 지원한 이유와 직무를 통해 이루고 싶은 목표는 무엇입니까? * [100자 이상 400자 이내]
3104,0,데상트코리아에 지원한 이유는 무엇입니까? * [100자 이상 400자 이내]
3105,0,"지원자가 회사를 선택하는 기준은 무엇이며, 왜 그 기준에 한국국토정보공사가 적합한지 기술해 주십시오"
3106,0,연구장학생에 지원하게 된 동기와 10년후 자신의 목표는 무엇인지 상세히 기재 (600자)
3107,0,"㈜한화/무역에 입사한 자신의 모습을 예상해 보고, 입사 후 포부를 기술하시오.(500)"
3108,0,KAMCO에 입사 후 실천하고자 하는 바를 본인의 역량과 결부시켜 작성하여 주십시오
3109,0,"SC은행에 지원하게 된 동기와 SC은행 입사 1년, 5년, 10년 후의 본인의 모습을 그려보고, 각 시기별 자신의 도전과 성취에 대하여 기술해주세요.(1000자 이내)"
3110,0,"지원동기, 희망직무, 포부"
3111,0,지원동기 (희망업무 및 장래포부)
3112,0,한샘에 지원한 동기와 지원한 직무를 선택한 이유를 구체적으로 기술해 주세요
3113,0,우리 회사가 당신을 채용 하여야 하는 이유 기재 (적어도 3가지 이상)
3114,0,여러분이 선택한 계열사 및 직무에 대한 지원동기는 무엇인가요?
3115,0,본인이 회사를 선택하는 기준과 서울메트로에 지원한 동기는 무엇입니까? [ 400자 이상 600자 이내 ]
3116,0,본인이 생각하는 직장생활의 의미와 바람직한 직장생활의 모습에 대해서 작성해 주십시오. [ 400자 이상 600자 이내 ]
3117,0,"지원 직무의 하루 업무 일과를 예상해 보고, 본인이 입사 후 신입사원으로서 어떤 기여를 할 수 있는지 작성해 주세요. (500자)"
3118,0,"여러분이 선택한 계열사와 해당 직무를 지원한 동기는 무엇인가요? ① 선택한 계열사가 아 니면 안되는 이유, ② 직무에 관심갖게 된 계기, ③ 본인이 직무를 잘 수행할 수 있는 이유 를 반드시 포함하여 구체적으로 작성해 주세요. (1000 자)"
3119,0,희망직무를 지원한 이유 / 수행하기 위한 노력 및 경험
3120,0,다른 지원자들보다 본인이 반드시 채용되어야 하는 이유 2가지 이상
3121,0,현대오트론에 지원하게 된 동기와 해당직무(1지망 기준)에 지원하게 된 동기를 기재하여 주십시오. [ 150자 이상 500자 이내]
3122,0,입사 후 포부: 입사 후 10년 동안의 회사생활 시나리오와 그것을 추구하는 이유를 기술해주세요. (500자)
3123,0,"해당회사 및 직무에 지원하는 동기에 대해 기술해 주시기 바랍니다.(1000자) 직무에 관련된 경험 및 역량, 관심사항, 개인의 목표 및 비전 등 자신을 어필할 수 있는 내용을 기반으로 자유롭게 기술하시기 바랍니다."
3124,0,나의 비전(꿈)과 경력개발 계획
3125,0,[지원동기 및 포부]많은 직장 중에서 항공사를 선택하게 된 이유와 특히 대한항공에 지 원하게 된 동기 및 입사 후 포부에 대해 구체적으로 기술하시오.(600자 이내)
3126,0,당사 지원동기와 응시분야에 대한 특기사항
3127,0,"[지원 동기 및 향후 계획] 향후 자신의 꿈, SK플래닛 입사 후 구체적으로 하고싶은 일, 그리고 이를 위해 본인이 무엇을 어떻게 준비해 왔는지에 대해 서술하세요"
3128,0,"희망직무 분야와 사유, 그리고 이와 관련하여 준비해온 과정에 대하여 작성 바랍니다."
3129,0,"우리 회사에 지원하게 된 동기는 무엇이며, 입사 후 어떻게 성장해 나갈 것인지 기술하십시오 (600자)"
3130,0,여러분이 선택한 계열사 및 직무에 대한 지원동기는 무엇인가요? (1500 자 이내) ① 선택한 계열사가 아니면 안되는 이유 ② 직무에 관심 갖게 된 계기 ③ 본인이 직무를 잘 수행할 수 있는 이유를 반드시 포함하여 구체적으로 작성해 주세요.
3131,0,"여러분이 선택한 계열사 및 직무에 대한 지원동기는 무엇인가요? ① 선택한 계 열사가 아니면 안 되는 이유, ② 직무에 관심 갖게 된 계기, ③ 본인이 직무를 잘 수행할 수 있는 이유를 반드시 포함하여 구체적으로 작성해 주세요. (1000자 이내)"
3132,0,지원동기와 입사 후 NHN Entertainment 에서 자신의 미래 모습을 기술해 보세요. (필수)(600자)
3133,0,"여러분이 선택한 계열사 및 직무에 대한 지원 동기는 무엇인가요? ① 선택한 계열사가 아니면 안되는 이유, ② 직무에 관심 갖게 된 계기, ③ 본인이 직무를 잘 수행할 수 있는 이유 를 반드시 포함하여 구체적으로 작성해 주세요. (1000자)"
3134,0,신한은행을 지원한 동기에 대해서 기술해 주세요. (2000 Bytes 이내)
3135,0,입사후 포부에 대해서 기술해 주세요. (2000 Bytes 이내)
3136,0,[지원동기] 귀하가 코스콤에 입사하고자 하는 이유는 무엇입니까? 400 자
3137,0,당사와 해당직무를 지원한 이유(동기)에 대하여 기술해 주세요. (600자 이내)
3138,0,스마트 IT 인턴십에 지원하게된 동기를 기재하여 주십시오. / 100자 ~ 500자
3139,0,"졸업이후 계획하고 계신 진로(진학, 취업 등) 및 10년 뒤 본인의 모습을 기재해 주십시오. / 100자 ~ 500자"
3140,0,"당사를 지원한 동기와 입사 후 만들고 싶은 당사의 모습을 설명하고, 이를 위해 본인은 어떤 노력을 할 것인지 설명해주십시오. [ 50자 이상 500자 이내 ]"
3141,0,"SK 입사 후 어떤 일을 하고 싶으며, 이를 위해 본인이 무엇을 어떻게 준비해 왔는지 구체적으로 기술하십시오. (1,000자 10단락 이내)"
3142,0,지원동기 (1000바이트)
3143,0,입사 후 계획 (1000바이트)
3144,0,지원 동기 및 본인이 지원 직무에 적합하다고 생각하는 이유는 무엇입니까(300)
3145,0,입사 후 포부(300)
3146,0,지원동기 및 열정에 대해서
3147,0,공단에 지원하게 된 동기와 자신의 성격에 대한 장단점을 기술하시오.
3148,0,"한국은행 지원동기를 그간 본인의 삶과 학업(전공) 수행 과정, 본인의 중장기 목표 측면에서 밝히고, 입행 후 당행에 기여할 수 있는 방안에 대해 구체적으로 기술하시오. (800자 이내)"
3149,0,지원동기(200자)
3150,0,희망업무(200자)
3151,0,입사 후 포부(200자)
3152,0,성실한 직장생활을 위한 조건이 무엇인지 기재하여 주시기 바랍니다.
3153,0,본인이 순천향의료원에 적합한 인재라고 생각하는 이유를 기재하여 주시기 바랍니다.
3154,0,지원분야에 관심을 갖게 된 시기와 계기
3155,0,제주도 근무가 가능한 또는 희망하는 이유를 간략히 적어주세요.
3156,0,당사를 지원한 동기와 입사 후 포부는 무엇입니까? [400자 이내]
3157,0,LG생활건강에 지원하게 된 동기와 해당 직무에 지원하는 동기에 대해 기술해주시기 바랍니다.
3158,0,"입사 후 선택한 직무를 통해 이루고자 하는 비젼(꿈)과 그에 대한 본인의 성장 계획, 포부 등을 서술해주시기 바랍니다."
3159,0,입사 후 포부 및 공사에서의 역할 (1300자)
3160,0,지원동기 (400 byte 이내)
3161,0,지원동기 및 입사 후 포부(100자 이상 ~ 150자 이내)
3162,0,지원동기 및 열정에 대하여 (400자)
3163,0,한샘에 지원한 동기와 지원한 직무를 선택한 이유를 구체적으로 기술해 주세요. (500)
3164,0,"한샘에서 성장해 나갈 자신의 10년 후 개인적인 목표, 이루고 싶은 인생의 목표는 무엇인가요?(500)"
3165,0,선진에 입사하여 어떻게 성장하고 싶습니까? (공백포함 700자 이내)
3166,0,다른 지원자들보다 본인이 반드시 채용되어야 하는 이유를 2가지 이상 작성해주시기 바랍니다. (최대 500 자 이내로 작성)
3167,0,선진을 지원한 동기와 지원분야를 선택하게 된 이유를 작성해 주시기 바랍니다.
3168,0,입사 후의 미래계획과 도전하고 싶은 목표 및 계획을 작성해 주시기 바랍니다.
3169,0,(지원동기) 포스코ICT에 입사를 해야하는 이유와 지원분야에 관심을 가지게 된 배경
3170,0,"(미래비전) 포스코ICT 입사 후 하고싶은 업무와 5년 이내에 본인이 지원한 분야에서 이루어내고 싶은 목표, 향후 성장계획"
3171,0,지원하게 된 동기화 희망 근무분야 및 그 이유
3172,0,본인의 장래 포부와 꿈이 무엇인지 자유롭게 작성해주시기 바랍니다. 특정 기업이나 직무분야와 관련 없어도 무방합니다. (2000자 이내)
3173,0,입사 후 VISION과 구체적인 달성계획을 기술해 주십시오.
3174,0,현대모비스 해당 직무 분야에 지원하게 된 이유를 기재해 주시기 바랍니다. * [200자 이상 700자 이내]
3175,0,입사 후 현대모비스의 발전을 위해 본인이 어떠한 노력을 할 것인지를 중장기적인 관점에서 기재해 주시기 바랍니다. * [200자 이상 700자 이내]
3176,0,IT 직무를 지원하게 된 동기 및 당사가 귀하를 꼭 채용해야 하는 이유를 기술하십시오 700
3177,0,지원하게 된 동기 및 포부 (200자)
3178,0,"회사지원이유, 직무준비"
3179,0,일동후디스에 지원한 동기
3180,0,영업 직무를 지원한 동기 및 이를 위해 준비해온 과정을 기술하시오.
3181,0,입사 후 계획/포부
3182,0,"IBK 캐피탈의 지원동기, 이루고 싶은 목표"
3183,0,지원동기 : 지원동기를 구체적으로 기술해주세요.(16줄 이내)
3184,0,입사 후 포부 : 입사 후 10년 동안의 회사생활 시나리오와 그것을 추구하는 이유를 기 술해 주세요.(16줄 이내)
3185,0,증권업을 지원하게 된 동기와 10년 후 본인의 모습에 대해 서술해 주세요.
3186,0,회사 및 해당분야에 지원하게 된 동기와 입사 후 kt ds에서 이루고 싶은 중장기적 목표에 대해 구체적으로 기술하세요.(700자)
3187,0,지원한 동기(회사와 직군)에 대해 말씀해주십시오. (500자)
3188,0,지원동기 및 입사 후 포부 (350자)
3189,0,귀하가 생각하는 ‘직장’의 의미는 무엇인지 작성하여 주십시오
3190,0,한국투자저축은행을 선택한 이유와 한국투자저축은행이 귀하를 채용해야 하는 이유에 대해 작성하여 주십시오
3191,0,지원 사업부 또는 직무에 지원하게 된 동기와 본인이 지원하는 사업부의 시장 경쟁력을 높이기 위한 방안을 기술하여 주십시오.700
3192,0,현대모비스 해당 직무 분야에 지원하게 된 이유를 기재해 주시기 바랍니다. * [200자 이상 700자 이내]]
3193,0,"여러분이 선택한 계열사 및 직무에 대한 지원 동기는 무엇인가요? ① 선택한 계열사가 아니면 안 되는 이유, ② 직무에 관심 갖게 된 계기, ③ 본인이 직무를 잘 수행할 수 있는 이유를 반드시 포함하여 구체적으로 작성해 주세요. (1000자)"
3194,0,자신의 성장 과정 및 우리회사에 지원하게 된 동기를 기술해 주시기 바랍니다.
3195,0,지원하는 직무 수행을 위한 준비 노력과 입사 후 포부를 기술해주시기 바랍니다.
3196,0,한화케미칼에 입사지원을 하기 위해 어떤 준비를 하셨습니까?(300)
3197,0,지원자님이 생각하는 재경담당의 역할은 무엇입니까?(200)
3198,0,입사 후 10년간의 경력개발 계획을 세워보세요.(300)
3199,0,"지원자님이 입사 후 지역전문가로 사우디에 파견되었다고 가정하고, 처음 한달 동안의 활동 계획을 세워보세요."
3200,0,[지원동기 및 포부]많은 직장 중에서 항공사를 선택하게 된 이유와 특히 대한항공에 지원하게 된 동기 및 입사 후 포부에 대해 구체적으로 기술하시오.
3201,0,"[Why this position?] 지원한 직무를 선택한 동기는 무엇이며, 직무 수행에 필요한 역량을 갖추기 위한 본인의 노력에 대해 구체적으로 기술하시오. (1000자 이내)"
3202,0,우리공사 지원사유 및 입사 후 포부에 대해 기술해 주십시오. [ 100자 이상 600자 이내 ]
3203,0,귀하가 금호아시아나그룹(1지망 지원회사)을 지원하게 된 동기에 대해 서술해 주십시오 * [100자 이상 500자 이내]
3204,0,"5~10년 후에 귀하의 경력 목표는 무엇이며, 그것을 추구하는 이유를 서술해 주십시오 * [100자 이상 500자 이내]"
3205,0,"넷마블에 입사한다면, 희망하는 업무분야와 해당 업무를 위하여 지금까지 준비한 내용에 대해 구체적으로 기술하여 주세요."
3206,0,코오롱에 지원하게 된 동기와 지원한 분야를 위해 어떤 노력과 준비를 해왔는지 기술하시오. 500자
3207,0,"지원동기 : 지원동기를 구체적으로 기술해주세요.(500자, 16줄 이내)"
3208,0,"입사 후 포부 : 입사 후 10년 동안의 회사생활 시나리오와 그것을 추구하는 이유를 기술해주세요. (500자, 16줄 이내)"
3209,0,"우리 회사에 지원하게 된 동기는 무엇이며, 입사 후 어떻게 성장해 나갈 것인지 기술하십시오.(1,200Bytes)"
3210,0,한샘에 지원한 동기와 지원한 직무를 선택한 이유를 구체적으로 기술해 주세요. 전부 500자 1000바이트
3211,0,한국야쿠르트와 해당 직무에 지원하게 된 동기는 무었입니까?
3212,0,입사 후 포부에 대해 말씀해 주십시오.
3213,0,"귀하가 회사를 선택하는 기준은 무엇이며 왜 당사가 그 기준에 적합한지를 작성하고, 당사에 입사하여 이루고 싶은 목표에 대해 작성해주세요. * [700자 이내]"
3214,0,귀하가 지원한 직무를 지원한 동기가 무엇이고 희망직무와 관련된 본인의 경험 또는 노력에 대해 작성해주세요. * [700자 이내]
3215,0,희망직군 및 지원동기
3216,0,지원동기 및 입사 후 포부(600자 이내)
3217,0,직업선택 시 중요 고려 점 및 당사 지원 동기 [600자 이내]
3218,0,엔씨소프트에 입사한 후 3년 이내에 본인이 지원한 직무에서 이루어내고 싶은 목표에 대하여 구체적으로 서술하시오 (800자)
3219,0,회사 및 해당직무에 지원하게 된 동기와 입사 후 회사에서 이루고 싶은 중장기적 목표에 대해 구체적으로 기술해 주십시오.(700자이내)
3220,0,입사희망 부문의 지원동기 및 앞으로의 비전에 대하여 작성 하시오. 1157 / 1200 자
3221,0,"귀하에게 ‘직장’이 가지는 의미는 무엇이며, 그 직장으로서 SGI서울보증을 선택한 이유와 입사를 위해 준비한 본인의 경쟁력은 무엇인지 기술하여 주십시오. (500자 이내) byte"
3222,0,"귀하에게 ‘직장’이 가지는 의미는 무엇이며, 그 직장으로서 SGI서울보증을 선택한 이유와 입사를 위해 준비한 본인의 경쟁력은 무엇인지 기술하여 주십시오."
3223,0,해당 직무에 지원하게 된 동기와 입사 후 10년 내에 이루고 싶은 목표에 대해 구체적으로 기술해 주십시오. (700)
3224,0,지원동기 (1000 Bytes)
3225,0,입사후계획 (1000 Bytes)
3226,0,한화L&C에 지원하게 된 동기는 무엇입니까? * [1000자 이내]
3227,0,"지원동기, 우리에프아이에스 지원동기와 입사를 위해 어떠한 노력을 해왔는지 구체적인 사례를 바탕으로 말씀하여 주십시오. [3000byte]"
3228,0,"입사의지, 우리에프아이에스가 지원자를 채용하여야 하는 이유와 채용된다면 직원으로서 10년 동안 자신과 회사를 어떻게 변화시키고 싶은지 말씀하여 주십시오. [2000byte]"
3229,0,[공통질문]해당직무에 지원한 동기는?본인이 직무에 적합하다고 생각하는 이유는?
3230,0,희망직무를 지원한 이유와 직무를 수행하기 위해 어떠한 노력이나 경험을 하였는지 구체적으로 작성해 주시기 바랍니다. (500자 이내)
3231,0,다른 지원자들보다 본인이 반드시 채용되어야 하는 이유를 2가지 이상 작성해주시기 바랍니다. (500자 이내)
3232,0,IBK기업은행에 지원하게 된 동기는 무엇입니까? 입행 후 만들고 싶은 IBK기업은행의 모습과 이를 위한 본인의 자세에 대해 설명해 주십시오. / 1000 Bytes 이내
3233,0,"자기소개서(서술형) KB국민은행이 귀하를 채용해야 하는 이유와, KB인이 되기 위하여 준비한 본인만의 경험 및 노력을 기술하십시오. [600자 이내]"
3234,0,지원 동기 및 입사후 포부
3235,0,"SK건설에 지원한 동기는 무엇이며, 입사 후 어떤 일을 하고 싶으며, 이를 위해 본인이 무엇을 어떻게 준비해 왔는지 구체적으로 기술하십시오."
3236,0,동우화인켐에 지원한 동기에 대해 기술하시오.(400자)
3237,0,1지망 직무를 선택한 이유에 대해 기술하시오.(400자)
3238,0,입사지원동기 및 장래 포부
3239,0,만도 지원동기 및 향후 진로 계획에 대하여 기술해 주시기 바랍니다.
3240,0,우리에프아이에스 지원동기와 입사를 위해 어떠한 노력을 해왔는지 구체적인 사례를 바탕으로 말씀하여 주십시오. [3000 Bytes 이내]
3241,0,우리에프아이에스가 지원자를 채용하여야 하는 이유와 채용된다면 직원으로서 10년 동안 자신과 회사를 어떻게 변화시키고 싶은지 말씀하여 주십시오. [2000 Bytes 이내]
3242,0,농협에 입사하여 본인이 하고 싶은 업무와 그로 인해 달성하고자 하는 바를 쓰시오. [1200byte 이내]
3243,0,현대모비스 해당 직무 분야에 지원하게 된 이유를 기재해 주시기 바랍니다. 700
3244,0,입사 후 현대모비스의 발전을 위해 본인이 어떠한 노력을 할 것인지를 중장기적인 관점에서 기재해 주시기 바랍니다. 700
3245,0,지원동기 및 장래 Vision
3246,0,지원동기 및 입사후 포부/계획 [100자 이상 600자 이내]
3247,0,개발 직무를 선택한 이유
3248,0,"기타사항 : 지원하신 회사, 직무, 근무지와 관련하여 특별히 희망하는 점이나 면접관에게 꼭 말하고 싶은 사항을 기재하여 주시기 바랍니다."
3249,0,"지원하신 회사에 입사하면서 본인이 가지게 되는 좋은점, 나쁜점, 기회와 위험요소에 대해 기술해주십시오. (1000자 이내 작성)"
3250,0,회사 선택의 가장 중요한 기준과 그 기준에 비추어 볼 때 SL에 지원하는 이유를 서술하세요
3251,0,회사 및 해당직무에 지원하게 된 동기와 입사 후 회사에서 이루고 싶은 중장기적 목표에 대해 구체적으로 기술해 주십시오. 1400byte이내
3252,0,"왜 ㈜면사랑을 자신의 일터로 선택, 지원합니까?"
3253,0,지원동기 및 열정에 대하여. 800byte
3254,0,입사 후 포부(Vision)에 대하여. 800byte
3255,0,"여러분이 선택한 계열사 및 직무에 대한 지원동기는 무엇인가요? ① 선택한 계열사가 아니면 안 되는 이유, ② 직무에 관심 갖게 된 계기, ③ 본인이 직무를 잘 수행할 수 있는 이유를 반드시 포함하여 구체적으로 작성해 주세요. (1000자)"
3256,0,[하림그룹]에 입사하여 어떻게 성장하고 싶습니까? 글자 수 100자 이상 1000자 이내
3257,0,"[ Why This position? ] 지원한 직무를 선택한 동기는 무엇이며, 직무 수행에 필요한 역량을 갖추기 위한 본인의 노력에 대해 구체적으로 기술하시오. 1000자"
3258,0,싸이버로지텍에 지원하게 된 동기는 무엇인가요? 또 그것을 위하여 노력한 것은 무엇인가요?( 직무 중심으로 서술 ) 1000자
3259,0,"SK건설에 지원한 동기는 무엇이며, 입사 후 어떤 일을 하고 싶으며, 이를 위해 본인이 무엇을 어떻게 준비해 왔는지 구체적으로 기술하십시오. (1000 자 10 단락 이내)"
3260,0,"본인의 현대건설 지원동기를 작성하여 주시기 바랍니다. 본인이 경험하고 싶은 업무 중심으로 서술 각 항목별 500자 이하, 9줄 이하만 입력가능"
3261,0,㈜한화 방산에 지원하게 된 동기와 지원자가 어떠한 면에서 적합한 인재인지 기술하세요
3262,0,"본인의 10년 후 계획에 대하여, 본인이 지원한 직무와 관련된 계획, 꿈, 비전에 대해 기술해주시기 바랍니다."
3263,0,(주)LF에 지원하게 된 계기와 (주)LF에 대해서 어떤 관심을 갖고 지원을 준비했는지 과정을 설명해 주세요. (400자)
3264,0,LF 입사 후 이루고 싶은 목표는 무엇이며 이를 달성하기 위한 본인의 계획을 밝혀 주세요. (400자)
3265,0,"본인이 지원한 직무와 관련된 본인의 계획, 꿈, 비전에 대하여 기술해주시기 바랍니다. (500자)"
3266,0,지원 사업부 또는 직무에 지원하게 된 동기와 본인이 지원하는 사업부의 시장 경쟁력을 높이기 위한 방안을 기술하여 주십시오. 700자
3267,0,금호석유화학그룹에서 당신의 직무역량을 발휘할 수 있는 계획을 구체적으로 서술하십시오. [300자 이내]
3268,0,"팀 목표는 무엇이었으며, 팀 목표가 왜 중요하다고 생각하셨는지 서술하십시오. [200자 이내]"
3269,0,지원동기를 구체적으로 적어 주십시오 (500자 미만) (475자)
3270,0,본인이 한화케미칼에서 일하고 싶은 구체적인 이유를 기술해주세요. 300자
3271,0,"[지원 동기 및 향후 계획] 향후 자신의 꿈, SK플래닛 입사 후 구체적으로 하고싶은 일, 그리고 이를 위해 본인이 무엇을 어떻게 준비해 왔는지에 대해 서술하세요.(상세 희망 직무 포함)"
3272,0,여러분이 선택한 계열사와 해당 직무를 지원한 동기는 무엇인가요 ① CJ오쇼핑이 아니면 안되는 이유 ② 직무에 관심갖게 된 계기 ③ 본인이 직무를 잘 수행할 수 있는 이유 를 반드시 포함하여 구체적으로 작성해 주세요.(1000자)
3273,0,"지원동기, 입사후포부"
3274,0,지원동기를 구체적으로 기술해주세요.(500자 16줄 이내)
3275,0,입사 후 10년 동안의 회사생활 시나리오와 그것을 추구하는 이유를 기술해 주세요.(500자 16줄 이내)
3276,0,코나아이에 지원하게 된 동기를 작성하여 주십시오. / 500자 제한
3277,0,"[지원 동기 및 향후 계획] 향후 자신의 꿈, SK플래닛 입사 후 구체적으로 하고싶은 일, 그리고 이를 위해 본인이 무엇을 어떻게 준비해 왔는지에 대해 서술하세요. (상세 희망 직무 포함) (1000 자 8 단락 이내)"
3278,0,"넷마블에 입사한다면, 희망하는 업무분야와 해당 업무를 위하여 지금까지 준비한 내용에 대해 구체적으로 기술하여 주세요500자)"
3279,0,"현대글로비스 인턴십 과정에 지원하게 된 동기는 무엇이며, 이를 통해 얻고자 하는 바에 대해서 상세하게 기술하십시오. (1000자 이내)"
3280,0,지원동기와 입사 후 NHN Entertainment 에서 자신의 미래 모습을 기술하세요. (필수)(600자)
3281,0,희망직무에 지원하기 위해 지금까지 준비해온 것과 세아상역에 입사하여 이루고자 하는 것은 무엇인지 기술해주세요.
3282,0,당사 및 해당 직무에 지원하는 동기에 대해 기술해주시기 바랍니다.
3283,0,지원동기 및 열정에 대해서 800byte
3284,0,본인을 채용해야 하는 이유에 대하여 기술하시오.(500자 이내)
3285,0,"한국산업단지공단에 지원한 동기 (관심을 가지게 된 계기, 시기 등) 와 입사 후 실천하고자 하는 목표를 차별화된 본인의 역량과 결부시켜 기술해 주십시오 &#8211; 언제부터 한국산업단지공단에 관심을 가지게 되었으며, 그 계기는 무엇인지 구체적으로 기술해 주십시오. (800자)"
3286,0,현대건설에 지원하신 동기를 작성하여 주시기 바랍니다
3287,0,지원동기 : 지원동기를 구체적으로 기술해주세요.(500자 16줄 이내)
3288,0,입사 후 포부 : 입사 후 10년 동안의 회사생활 시나리오와 그것을 추구하는 이유를 기술해주세요.(500자 16줄 이내)
3289,0,"본인의 성장과정 및 지원동기를 기술해 주시기 바랍니다. - 성장과정은 자신에게 가장 큰 영향을 끼친 사건 포함 - 지원동기는 회사 및 직무를 선택한 이유, 직무에 필요한 역량을 갖추기 위한 노력, 입사 후 포부 포함 (1000자 이내)"
3290,0,엔씨소프트에 입사한 후 3년 이내에 본인이 지원한 직무에서 이루어내고 싶은 목표에 대하여 구체적으로 서술하시오. 0/800
3291,0,지원동기 및 열정에 대하여. 800 byte
3292,0,입사 후 포부(Vision)에 대하여. 800 byte
3293,0,현대모비스 해당 직무 분야에 지원하게 된 이유를 기재해 주시기 바랍니다. * [200자 이상 700자 이내] /700
3294,0,입사 후 현대모비스의 발전을 위해 본인이 어떠한 노력을 할 것인지를 중장기적인 관점에서 기재해 주시기 바랍니다. * [200자 이상 700자 이내] /700
3295,0,당사 지원 동기와 회사와 직무를 선택할 때 가장 중요시하는 것은 무엇입니까? 500
3296,0,인생의 목표 및 입사 후 목표를 소제목 위주로 간략하게 기술하시오.
3297,0,지원동기 / 한글 1000 자
3298,0,새마을금고를 선택한 동기 또는 입사 후 마음가짐과 태도(500자 이내)
3299,0,현대제철에 지원하게 된 동기 및 포부를 서술하여 주십시오 [ 500자 이내]
3300,0,"팀 목표는 무엇이었으며, 팀 목표가 왜 중요하다고 생각하셨는지 서술하십시오."
3301,0,"회사를 지원한 이유와 직무를 선택하고 준비해온 것을 소개해 주세요. (띄어쓰기 포함 1,000자)"
3302,0,DGB생명 입사를 위해 준비했거나 하고 있는 노력에 대하여 설명해 주십시오.
3303,0,입사 후 가장 잘할 수 있는 직무와 이유를 설명해 주십시오.
3304,0,"귀하에게 ‘직장’이 가지는 의미는 무엇이며, 그 직장으로서 SGI서울보증을 선택한 이유와 입사를 위해 준비한 본인의 경쟁력은 무엇인지 기술하여 주십시오. (500자 이내)"
3305,0,SGI서울보증 인재상 3가지 중 한 가지를 택하여 이를 토대로 입사 후 실천하고자 하는 목표를 기술하여 주십시오. (500자 이내)
3306,0,본인이 당사에 꼭 입사해야하는 이유와 지원 직무를 위해 했던 구체적인 노력에 대해서 서술해주십시오. [ 800자 이상 1200자 이내
3307,0,"한국산업단지공단에 지원한 동기(관심을 가지게 된 계기, 시기 등)와 입사 후실천하고자 하는 목표를 차별화된 본인의 역량과 결부시켜 기술해 주십시오."
3308,0,본인이 회사를 선택하는 기준은 무엇입니까? [200자 이상 400자 이내]
3309,0,본인이 생각하는 바람직한 직장생활의 모습에 대해서 작성해 주십시오. [200자 이상 400자 이내]
3310,0,귀하가 코스콤에 입사하고자 하는 이유는 무엇입니까? 400 자
3311,0,여러분이 선택한 계열사 및 직무에 대한 지원동기는 무엇인가요? (1500자 이내) ① 선택한 계열사가 아니면 안되는 이유 ② 직무에 관심 갖게 된 계기
3312,0,지원동기 및 입사후 포부 / 500 자
3313,0,고영퀘스트 지원 동기와 자신의 꿈에 대해서 적어주세요.
3314,0,지원동기와 입사 후 NHN Entertainment 에서 자신의 미래 모습을 기술하세요. (필수) 600자
3315,0,`LG이노텍`과 `지원 분야`를 선택하신 이유를 구체적으로 기술해주십시오. (500자)
3316,0,왜 ‘LG이노텍’을 선택하여 지원했는지와 일하고 싶은 분야 및 그 이유를 구체적으로 기술해 주십시오.
3317,0,지원하는 회사와 분야(직무)에 대한 지원동기를 자유롭게 기술 하세요.(400자 이내 입력)
3318,0,본인이 왜 신용보증기금에 꼭 필요한 인재인지 신보의 인재상*과 연계하여 설명해 주시기 바랍니다.
3319,0,한화큐셀에 입사하면서 본인이 가지게 되는 기회와 기회비용에 대해 기술해 주십시오.
3320,0,지원동기와 입사포부를 기술하세요 (1000)
3321,0,"해당직무에 지원한 이유(150)와 본 직무를 수행하기 위한 구체적인 준비 및 노력과정(200)을 설명하고, 직무를 통해 이루고 싶은 목표를 기술(100)하십시오. * [100자 이상 400자 이내]"
3322,0,다른 지원자들보다 본인이 반드시 채용되어야 하는 이유를 2가지 이상 작성해주시기 바랍니다. 500
3323,0,현대자동차 지원동기와 지원하신 부문/직무에 본인이 적합하다고 판단할 수 있는 이유 및 근거를 기재해 주세요. (최대 1000자 이내로 작성)
3324,0,엔씨소프트에 입사한 후 3년 이내에 본인이 지원한 직무에서 이루어내고 싶은 목표에 대하여 구체적으로 서술하시오. (800)
3325,0,귀하의 지원 동기를 간단히 서술하여 주십시오. * [100자 이상 300자 이내]
3326,0,입사 후 포부 및 5년 후와 10년 후 본인의 모습을 기술하세요. 1000자
3327,0,입사 후 포부 : 입사 후 10년 동안의 회사생활 시나리오와 그것을 추구하는 이유를 기술해 주세요.(16줄 이내)
3328,0,현대자동차 해당 직무 분야에 지원하게 된 이유와 선택 직무에 본인이 적합하다고 판단할 수 있는 이유 및 근거를 제시해 주십시오. (3000자)
3329,0,당신을 채용 해야 하는 이유 (500자)
3330,0,현대오트론에 지원하게 된 동기와 해당 직무(1지망 기준)에 지원하게 된 동기를 기재하여 주십시오. (300자 이내)
3331,0,"입사후 계획(1,000자 이내) 도전하고 싶은 분야(목표 및 계획)"
3332,0,지원동기 (중요사항을 중심으로 간략히 기재) 1500
3333,0,지원동기 및 입사 후 포부 [200자~700자]
3334,0,"입사 후 기대하는 역할 및 포부, 자신의 발전 방향에 대하여 기술해주십시오 (800자 이내 서술)"
3335,0,지원동기 및 입사 후 포부 / 800 자
3336,0,포스코 챌린지 인턴십에 지원하게 된 동기에 대해 기술하시오.
3337,0,쿠팡에 지원한 동기는 무엇인가요? 1000자
3338,0,챌린지 인턴십에 지원하게 된 동기에 대해 기술하여 주십시오 (600자)
3339,0,현대모비스 해당 직무 분야에 지원하게 된 이유를 기재해 주시기 바랍니다.
3340,0,입사 후 현대모비스의 발전을 위해 본인이 어떠한 노력을 할 것인지를 중장기적인 관점에서 기재해 주시기 바랍니다.
3341,0,"회사 및 직무에 지원한 동기와 지원한 직무를 잘 수행할 수 있는 이유를 본인의 경험, 준비와 노력을 바탕으로 기술하여 주십시오. (1000자)"
3342,0,지원동기와 입사 후 NHN Entertainment에서 자신의 미래 모습을 기술하세요.
3343,0,여러분이 선택한 계열사 및 직무에 대한 지원동기는 무엇인가요? ① 선택한 계열사가 아니면 안되는 이유 ② 직무에 관심 갖게 된 계기 ③ 본인이 직무를 잘 수행할 수 있는 이유를 반드시 포함하여 구체적으로 작성해 주세요.
3344,0,컴투스 입사 후 포부
3345,0,"SK입사 후 어떤 일을 하고 싶으며, 이를 위해 본인이 무엇을 어떻게 준비해 왔는지 구체적으로 기술하십시오. (1000자 이내)"
3346,0,해당회사 및 직무에 지원하는 동기에 대해 기술하시오. 1000자
3347,0,현대모비스 해당 직무 분야에 지원하게 된 이유를 기재해 주시기 바랍니다. (700)
3348,0,입사 후 현대모비스의 발전을 위해 본인이 어떠한 노력을 할 것인지를 중장기적인 관점에서 기재해 주시기 바랍니다. (700)
3349,0,지원동기 (500자 이내)
3350,0,입사 후 포부 : 입사 후 10년 동안 회사생활 시나리오와 그것을 추구하는 이유
3351,0,코오롱에 지원하게 된 동기와 지원한 분야를 위해 어떤 노력과 준비를 해왔는지 기술하시오.* 500자
3352,0,해당 직무를 지원하게 된 동기와 직무 관련된 준비사항에 대하여 기술해 주세요.(1500)
3353,0,풍산에 입사하고자 하는 이유가 무엇입니까?
3354,0,"당신이 지원한 직무에 대해서, 어떠한 노력과 준비를 해왔으며, 풍산에 입사한다면그러한 것들을 어떻게 펼치고 발전시켜 나갈 것인지에 대해 기술해 주세요."
3355,0,"K-water에 입사지원한 동기 및 입사 후 실천하고자 하는 목표를 K-water 인재상(순수,열정,창조) 중 자신과 가장 잘 부합하는 역량과 결부시켜 작성해주십시오. [200자~500자]"
3356,0,(지원동기 및 포부)많은 직장 중에서 항공사를 선택하게 된 이유와 특히 대한항공에 지원하게 된 동기 및 입사 후 포부에 대해 구체적으로 기술하시오. (600자)
3357,0,[회사 및 직무에 대한 지원 동기] [해당 직무를 잘 수행하기 위한 어떤 준비]
3358,0,직무 선택 이유 (300자 이내)
3359,0,"지원동기(중요사항을 중심으로 간략히 기재)(15line,1500byte)"
3360,0,"지원동기, 희망업무"
3361,0,대림에 입사하고자 하는 이유는 무엇입니까
3362,0,"입사후 포부 10년 시나리오와 추구 이유,500자"
3363,0,지원동기와 본인이 회사에 기여할 수 있다고 생각하는 부분(0/500byte 이내)
3364,0,2014년 QA연수생 채용에 지원하게 된 동기를 간략하게 작성해주시기 바랍니다 (공백 제외 500자 내외)
3365,0,지원자께서 그리고 있는 인생의 비전과 꿈을 AhnLab에서 어떻게 실현해 나갈지 작성해주세요 (공백 제외 500
3366,0,SK 입사 후 어떤
3367,0,지원동기(구체적으로)500자 문항당 16줄 이내
3368,0,궁극적으로 갖고자 하는 직업을 선택하게 된 시기와 계기는 무엇입니까?
3369,0,지원동기: 지원동기를 구체적으로 기술해주세요 500자
3370,0,입사 후 포부: 입사 후 10년 동안의 회사생활 시나리오와 그것을 추구하는 이유를 기술해주세요. 500자
3371,0,엔씨소프트에 입사한 후 3년 이내에 본인이 지원한 직무에서 이루어내고 싶은 목표에 대하여 구체적으로 서술하시오. 800
3372,0,녹십자의 비전과 나의 비전에 대해 말씀해 주세요.
3373,0,한화큐셀에 입사하면서 본인이 가지게 되는 기회와 기회비용에 대해 기술해 주십시오. (600자)
3374,0,지원동기: LG생활건강에 지원하게 된 동기에 대해 말씀해주시기 바랍니다. (500자)
3375,0,본인이 우리회사와 지원한 직무에 적합하다고 생각하는 이유를 구체적으로 기술해 주십시오.(성향/전문지식/역량) (1000자)
3376,0,관심 분야 및 지원 동기
3377,0,지원동기 중요사항을 중심으로 간략히 기재
3378,0,본인을 채용해야 하는 이유에 대하여 기술하시오(500자 이내)
3379,0,입사 후 본인이 해당 직무 분야에서 Market Top 수준의 인재로 성장하기 위해 어떤 노력을 할 것인지 구체적으로 기술하십시오. 500자이내
3380,0,"KDB대우증권에 지원한 이유, 입사 후 목표와 목표 달성을 위한 계획에 대해 서술해주시기 바랍니다.(800자)"
3381,0,"KDB대우증권 입사 후 희망 직무는 무엇이며, 희망 직무에 본인이 적합하다고 판단할 수 있는 근거를 솔직하게 서술해주시기 바랍니다.(800자)*필수입력사항"
3382,0,SK입사후 어떤일을 하고 싶으며 이를 위해 본인이 무엇을 어떻게 준비해 왔는지 구체적으로 기술하십시오(1000자)
3383,0,"KDB대우증권 입사 후 희망 직무는 무엇이며, 희망 직무에 본인이 적합하다고 판단할 수 있는 근거를 솔직하게 서술해주시기 바랍니다.(800자)"
3384,0,"인생의 목표나 꿈은 무엇이며, 그 목표나 꿈을 갖게 된 이유를 구체적으로 서술해주시기 바랍니다.(800자)"
3385,0,"IBK기업은행 지원동기를 말씀해 주시고, 입행 후 만들고 싶은 IBK기업은행의 모습과 이를 위한 본인의 역할에 대해 설명해 주십시오. (1300 Bytes, 600자 이내)"
3386,0,일동제약에 지원하게 된 동기에 대해 기술해 보세요.
3387,0,부산은행 입행 후 경력개발 계획을 기술해 주세요.
3388,0,일동제약의 인재상 중 자신과 가장 부합하는 것을 선택하고 그 이유를 관련 경험에 근거하여 기술해 보세요.
3389,0,일동제약에 입사하게 된다면 어떠한 역할을 통해 본인의 성장과 일동제약의 발전에 기여할 수 있는지 기술해 보세요.
3390,0,본인이 우리회사와 지원한 직무에 적합하다고 생각하는 이유를 구체적으로 기술해 주십시오.(성향/전문지식/역량) [ 400자 이상 1000자 이내 ]
3391,0,"우리 회사에 지원하게 된 동기는 무엇이며, 입사 후 어떻게 성장해 나갈 것인지 기술하십시오. [1200바이트]"
3392,0,여러분이 선택한 계열사 및 직무에 대한 지원동기는 무엇인가요? (1500자 이내) 1 선택한 계열사가 아니면 안되는 이유 2 직무에 관심 갖게 된 계기 3 본인이 직무를 잘 수행할 수 있는 이유를 반드시 포함하여 구체적으로 작성해 주세요.
3393,0,LF몰에 지원하게 된 계기와 LF 에 대해서 어떤 관심을 갖고 지원을 준비했는지 과정을 설명해 주세요.
3394,0,LF 입사 후 이루고 싶은 삶의 목표는 무엇이며 이를 달성하기 위한 본인의 계획을 밝혀주세요.
3395,0,입사 후 자신이 Market Top 수준의 인재로 성장하기 위해 어떤 노력을 할 것인지 기술하시오. (300 자 3 단락 이내)
3396,0,"신입 지원자의 경우 지원동기를 1,500자 이내로 작성해 주시기 바랍니다. & 경력기술서"
3397,0,입사 후 비전에 대해서
3398,0,"[Essay 1]는 아래 3가지 사항을 포함하여 자유롭게 기술 하시기 바랍니다.(3,000字이내 자유형식)/삼성 취업을 선택한 이유와 입사 후 회사에서 이루고 싶은 꿈/본인이 지원한 직무 분야에서 성공하기 위해 지금까지 어떤 노력을 기울여 왔는지"
3399,0,본인이 회사를 선택하는 기준은 무엇입니까?
3400,0,본인이 생각하는 바람직한 직장생활의 모습에 대해서 작성해 주십시오. [200자 이상 400자 이내
3401,0,"본인이 지원한 직무와 관련된 본인의 계획, 꿈, 비전에 대하여 기술해주시기 바랍니다."
3402,0,농협에 입사하여 본인이 하고 싶은 업무와 그로 인해 달성하고자 하는 바를 쓰시오.[1200byte 이내]
3403,0,KB국민카드가 귀하를 채용해야 하는 이유와 KB국민카드에 입사하기 위해 귀하는 어떠한 노력과 준비를 했는지 설명하여 주십시오.
3404,0,"귀하가 회사를 선택하는 기준은 무엇이며 왜 당사가 그 기준에 적합한지를 작성하고, 당사에 입사하여 이루고 싶은 목표에 대해 작성해주세요. [700자 이내]"
3405,0,현대자동차 해당 직무 분야에 지원하게 된 이유와 선택 직무에 본인이 적합하다고 판단할 수 있는 이유 및 근거를 제시해 주십시오.(1000자)
3406,0,"해당 직무에 지원한 동기는 무엇이고, 본인이 지원직무에 적합하다고 생각하는 이유는 무엇입니까? (1000자)"
3407,0,만도 지원 동기 및 향후 진로 계획에 대하여 기술해 주시기 바랍니다.
3408,0,지원동기 및 장래계획 (1200 Byte)
3409,0,"해당직무에 지원한 동기는 무엇이고, 본인이 지원직무에 적합하다고 생각하는 이유는 무엇입니까?"
3410,0,입사 후 현대모비스의 발전을 위해 본인이 어떠한 노력을 할 것인지를 중장기적인 관점에서 기재해 주시기 바랍니다. * [200자 이상 700자 이내] - 가능성
3411,0,본인의 10년 후 계획에 대하여 (자기소개서 작성 가이드 500자)
3412,0,"여러분이 선택한 계열사와 해당 직무를 지원한 동기는 무엇인가요? ① 선택한 계열사가 아니면 안 되는 이유, ② 직무에 관심 갖게 된 계기, ③ 본인이 직무를 잘 수행할 수 있는 이유를 반드시 포함하여 구체적으로 작성해 주세요. (1000자)"
3413,0,해당직무에 지원한 이유와 직무를 수행하기 위해 어떠한 노력을 했는지 기술하시오. (1000)
3414,0,DAS를 지원한 이유를 기술하여 주십시오. (300자 이내)
3415,0,희망업무와 이를 위해 준비해 온 과정을 기술하여 주십시오. (300자 이내)
3416,0,BC카드에 지원하게 된 동기와 입사 후 이루고 싶은 중장기적 목표에 대해 구체적으로 기술해 주십시오(500)
3417,0,지원동기 및 장래비전 [2000자 이내]
3418,0,입사 후 회사발전을 위하여 `어떻게 기여할 수 있는지` 그 분야와 방법 [2000자 이내]
3419,0,삼성취업을 선택한 이유와 입사 후 회사에서 이루고 싶은 꿈을 기술하시오 700자
3420,0,종근당홀딩스에 지원한 동기와 지원한 직무에 대하여 성공적으로 수행할 수 있다고 생각하는 이유를 개인의 강점과 개성을 바탕으로 서술해 주십시오.
3421,0,입사 후 포부를 기술해 주십시오.
3422,0,지원동기 및 포부* 700
3423,0,입사를 위한 준비과정* 300
3424,0,내가 LG생활건강의 디자이너가 되어야만 하는 이유를 서술해주시기 바랍니다. [1000Byte 이내]
3425,0,저희 회사 외 지원한 회사와 지원사유를 알려주세요.
3426,0,1. 지원동기 및 열정
3427,0,"넷마블에 입사한다면, 희망하는 업무분야와 해당 업무를 위하여 지금까지 준비한 내용에 대해 구체적으로 기술하여 주세요. (500자)"
3428,0,본인의 입사 후 포부에 대해 기술하십시오.
3429,0,"본인의 10년 후 계획에 대하여Guide> 본인이 지원한 직무와 관련된 본인의 계획, 꿈, 비전에 대하여 기술해주시기 바랍니다."
3430,0,삼화페인트에 지원한 동기와 향후 목표에 대해 기술하시오.
3431,0,지원동기[IT선두주자]
3432,0,LG생활건강에 지원하게 된 동기에 대해 말씀해주시기 바랍니다.
3433,0,"K-water에 입사지원한 동기 및 입사 후 실천하고자 하는 목표를 K-water 인재상 순수, 열정, 차오 중 자신과 가장 잘 부합하는 역량과 결부시켜 작성해주십시오."
3434,0,지원동기 (중요사항을 중심으로 간략히 기재)
3435,0,한화탈레스에 지원하는 이유는 무엇이고 한화탈레스에서 어떤 인재로 성장하고 싶은지에 대하여 작성하여 주십시오. 500
3436,0,"SK 입사 후 어떤 일을 하고 싶으며, 이를 위해 본인이 무엇을 어떻게 준비해 왔는지 구체적으로 기술하십시오. (1000자)"
3437,0,입사후포부(500)
3438,0,"희망직무 분야와 사유, 준비해온 과정"
3439,0,㈜코리아세븐이 본인을 채용 해야 하는 이유를 3가지로 설명하시오.[1000자]
3440,0,지원하는 회사와 분야(직무)에 대한 지원동기를 자유롭게 기술하세요
3441,0,해당회사 및 직무에 지원하는 동기에 대해 기술하시오. (1000자)
3442,0,회사 및 해당분야에 지원하게 된 동기와 입사 후 kt ds에서 이루고 싶은 중장기적 목표에 대해 구체적으로 기술하세요. (700자)
3443,0,희망직무를 지원한 이유와 직무를 수행하기 위해 어떠한 노력이나 경험을 하였는지 구체적으로 작성해주시기 바랍니다 ~500자
3444,0,다른 지원자들보다 본인이 반드시 채용되어야 하는 이유를 2가지 이상 작성해주시기 바랍니다. ~500자
3445,0,① 삼성취업을 선택한 이유와 입사 후 회사에서 이루고 싶은 꿈을 기술하십시오. (700자 이내)
3446,0,10년 후 LG하우시스의 구성원으로서 본인의 목표와 비전을 기술해주시기 바랍니다. (500자)
3447,0,입사 후 서울반도체/서울바이오시스의 발전을 위해 본인이 어떠한 노력을 할 것인지를 중장기적인 관점에서 기재해 주시기 바랍니다. [500자 이내]
3448,0,LG 생활건강에 지원하게 된 동기에 대해 말씀해주시기 바랍니다.[500]
3449,0,지원하는 회사와 분야(직무)에 대한 지원동기를 자유롭게 기술 하세요. (400자 이내)
3450,0,당사에 지원하는 구체적인 이유와 당사가 귀하를 선택해야하는 이유에 대하여 구체적으로 기술해주십시오 [ 600자 이내 ] /600
3451,0,"SH공사에 지원하게 된 동기는 무엇이며, 10년 후 우리 회사의 모습과 그 안에서 자신은 어떻게 성장해 갈 수 있는지 설명하시오."
3452,0,여러분이 선택한 계열사 및 직무에 대한 지원 동기는 무엇인가요? (1000자) 1) 선택한 계열사가 아니면 안 되는 이유 2) 직무에 관심 갖게 된 계기 3) 본인이 직무를 잘 수행할 수 있는 이유 를 반드시 포함하여 구체적으로 작성해 주세요.
3453,0,"SH공사에 지원하게 된 동기는 무엇이며, 10년 후 우리 회사의 모습과 그 안에서 자신은 어떻게 성장해 갈 수 있는지 설명하시오. [400 Bytes 이상1000 Bytes 이내 작성]"
3454,0,"<비전- 우리은행 지원동기와 은행원의 자질(성품, 역량)에 대하여 말씀하여 주시고, 언급한 자질 중 본인이 갖춘 것과 입행 후 발전시켜야 할 것은 무엇인지 말씀하여 주세요.>"
3455,0,"귀하가 회사를 선택하는 기준은 무엇이며 왜 당사가 그 기준에 적합한지를 작성하고, 당사에 입사하여 이루고 싶은 목표(직무 관련)에 대해 작성해주세요."
3456,0,회사에 지원한 동기에 대해 기술하시오.(500자 8단락)
3457,0,당사에 지원하게 된 동기와 자신이 잘 할 수 있다고 생각하는 일에 대해서 구체적으로 기술해 주십시오.(500자)
3458,0,당사에 지원하게 된 동기 및 자신이 지원한 분야를 성공적으로 수행할 수 있다고 생각하는 이유를 구체적인 사례를 토대로 기술하시오.
3459,0,한샘 영업전문직(SC)에 지원하게 된 동기를 기술하시오. (500자)
3460,0,한샘에서 이루고 싶은 입사 후 포부에 대해 기술하시오. (500자)
3461,0,지원 사업부 또는 직무에 지원하게 된 동기와 본인이 지원하는 사업부의 시장 경쟁력을 높이기 위한 방안을 기술하여 주십시오.(500~700)
3462,0,지원동기 및 주요경력
3463,0,"CJ제일제당 및 선택한 직무에 대한 지원동기는 무엇인가요? 1) 선택한 직무에 관심을 갖게 된 계기, 2) 영업사원으로서의 하루 업무 일과 예상해보고, 본인이 해당 직무를 잘 수행할 수 있는 이유(본인의 강점, 준비, 관련경험 근거)를 반드시 포함하여 구체적으로 작성해주세요. (1000자)"
3464,0,입사희망 부문의 지원동기 및 앞으로의 비전
3465,0,포스코에 지원하게 된 동기에 대해 기술하여 주십시오.
3466,0,지원동기 및 지원분야에 본인이 채용되어야 하는 이유를 기술하시오.
3467,0,입사 후 포부에 대해 기술하시오
3468,0,희망업무 및 장래의 포부
3469,0,우리 공단에 입사 지원한 동기 및 입사 후 실천하고자 하는 목표를 다른 사람과 차별화된 본인의 역량과 결부시켜 작성해 주십시오. 200~300자
3470,0,동양피스톤(주)에 지원한 동기와 귀하를 채용해야 하는 이유 (400글자 이내)
3471,0,여러분이 선택한 계열사와 해당 직무를 지원한 동기는 무엇인가요? 1) 선택한 계열사와 직무가 아니면 안 되는 이유 2) 입사 후 목표를 반드시 포함하여 구체적으로 작성해 주세요. (1000자)
3472,0,희망업무(200자 이내)
3473,0,입사 후 포부(200자 이내)
3474,0,지원동기 및 열정에 대하여(400자)
3475,0,입사 후 포부(Vision)에 대하여.(400자)
3476,0,당사에 지원한 동기와 입사 후 포부를 서술하시오. (30자~500자)
3477,0,희망직무에 대해서 귀하는 어떠한 부가가치를 가져올 수 있습니까? (30자~500자)
3478,0,지원동기와 입사 후 LS엠트론에서 자신의 모습을 기술해 주시기 바랍니다.(1200자)
3479,0,신입사원으로서 목표
3480,0,"남양공업 입사 후 자신의 경력목표를 단기(3년), 장기(10년)으로 구분하여 기술하시오."
3481,0,"K-water에 입사지원한 동기 및 입사 후 실천하고자 하는 목표를 K-water 인재상(순수,열정,창조) 중 자신과 가장 잘 부합하는 역량과 결부시켜 작성해주십시오. 500자"
3482,0,"입사지원을 하게 된 동기와, 자신이 지원한 직무에 적합하다고 생각하는 구체적인 이유를 기술하시오.(한글은 한 글자에 2byte입니다.) (0/1000 bytes)"
3483,0,여러분이 선택한 계열사 및 직무에 대한 지원동기는 무엇인가요? 1) 선택한 계열사가 아니면 안 되는 이유 2) 직무에 관심 갖게 된 계기 3) 본인이 직무를 잘 수행할 수 있는 이유 를 반드시 포함하여 구체적으로 작성해 주세요.
3484,0,"우리 회사에 지원하게 된 동기는 무엇이며, 입사 후 어떻게 성장해 나갈 것인지 기술하십시오. (1200byte) 회사의 지원동기-산업이야기 가전제품 산업, 니치마켓, 산업-기업-직무-멕시코 미니냉장고 1위"
3485,0,귀하의 입사지원 지원 동기와 5년 이후의 Career path 상의 목표를 서술해 주십시오. * [100자 이상 600자 이내]
3486,0,2지망 부문을 선택한 이유를 구체적으로 서술해 주십시오. * [100자 이상 600자 이내]
3487,0,당사 지원 동기와 회사와 직무를 선택할 때 가장 중요시하는 것은 무엇입니까? [ 300자 이상 500자 이내]
3488,0,"우리 회사에 지원한 동기(관심동기,시기) 와 지원자를 뽑아야 하는 이유 기술 (600자)"
3489,0,KOTRA 청년인턴에 지원한 동기 및 입사후 계획
3490,0,[입사후 계획 : 사소한 업무는 제게 맡겨 주십쇼]
3491,0,"지원분야에 관심을 갖게 된 시기와 계기, 해당분야 지원동기"
3492,0,여러분은 회사에 입사 후 어떻게 성장하고 싶나요? 1) 성장 목표 및 계획 2) 성장을 위해 보완해야 하는 점을 포함하여 구체적으로 작성해 주세요. (1000자)
3493,0,"CJ오쇼핑 MD(홈쇼핑 MD)를 지원한 동기는 무엇인가요? 1) 선택한 계열사가 아니면 안 되는 이유 2) 직무에 관심 갖게 된 계기 3) 관심분야 및 관심을 갖게 된 계기 4) 본인이 직무를 잘 수행할 수 있는 이유(본인의 강점, 노력, 경험에 근거)를 반드시 포함하여 구체적으로 작성해 주세요. (1500자)"
3494,0,삼양그룹에 지원하는 동기를 기재해 주십시오. (삼양이 아니면 안되는 이유 포함)
3495,0,삼양그룹에 입사 한 후 10년 뒤의 자신의 모습에 대하여 기재해 주십시오.
3496,0,지원동기 입사 후 포부
3497,0,지원동기와 입사 후 NHN Entertainment에서 자신의 미래 모습을 기술하세요. (600자)
3498,0,지원동기와 본인이 회사에 기여할 수 있다고 생각하는 부분 (500자 이내)
3499,0,지원하는 회사와 분야(직무)에 대한 지원동기를 자유롭게 기술하세요. (400자)
3500,0,당사에 지원한 동기와 자신이 잘 할 수 있다고 생각하는 일에 대해서 구체적으로 기술해 주십시오. (최소 600byte 이상 1000byte 이내
3501,0,손해보험회사에 지원한 동기와 그 중에서 KB손해보험을 선택한 이유에 대해 설명하고 당사에서 본인이 기여할 수 있는 부분에 대해 서술하시오.
3502,0,본인의 인생에 있어서 꿈은 무엇입니까? 그 꿈을 이루기 위해 본인이 했던 노력과 앞으로의 계획에 대해 말해보시오.
3503,0,지원동기 : 지원동기를 구체적으로 기술해주세요.(타기업과 차별화된 동기) (500자)
3504,0,"입사 후 포부 : 입사 후 직책 별(사원,대리,매니저,팀장) 회사생활 시나리오와 그것을 추구하는 이유를 기술해주세요. (500자)"
3505,0,IT 직무를 지원하게 된 동기 및 당사가 귀하를 꼭 채용해야 하는 이유를 기술하십시오. (1200 byte)
3506,0,면접 시 받고 싶은 질문 하나를 한 문장으로 써 주세요.
3507,0,지원하는 회사와 분야(직무)에 대한 지원동기를 자유롭게 기술하세요. (50자 이상 400자 이내)
3508,0,지원동기를 구체적으로 기술해주세요 (500자)
3509,0,지원하게 된 동기와 본인이 지원하는 사업부의 시장 경쟁력을 높이기 위한 방안
3510,0,지원동기 : 지원동기를 구체적으로 <500>
3511,0,입사 후 포부 : 입사 후 10년 동안의 회사생활 시나리오 / 그것을 추구하는 이유 <500>
3512,0,웅진씽크빅 영업 인턴 관리자 모집에 지원하게 된 동기를 기술해 주시기 바랍니다.
3513,0,웅진씽크빅 영업 인턴 관리자로 입사 후 포부를 기술해 주시기 바랍니다.
3514,0,"입사지원을 하게 된 동기와, 자신이 지원한 직무에 적합하다고 생각하는 구체적인 이유를 기술하시오. (500자 이내)"
3515,0,지원하신 직무에 대한 지원동기와 그 이유에 대해서 기술해 주십시오. (2000 byte)
3516,0,국제선 캐빈승무원에 지원하게 된 동기에 대하여 기술하여 주십시오.
3517,0,입사 후 목표 및 인생관에 대하여 서술하여 주십시오.
3518,0,CJ제일제당 및 선택한 직무에 대한 지원동기는 무엇인가요? (1000자) 1) 선택한 직무에 관심을 갖게 된 계기 2) 본인 직무를 잘 수행할 수 있는 이유 3) CJ제일제당이 아니면 안 되는 이유를 반드시 포함하여 구체적으로 작성해주세요.
3519,0,중소기업진흥공단에 입사하고자 하는 지원 동기를 서술하시오.
3520,0,당사 지원동기와 본인의 지원 직무 수행을 위해 준비해 온 사항에 대해 기술하여 주시기 바랍니다.
3521,0,"특기/취미, 입사 후 포부"
3522,0,본인이 우리회사와 지원한 직무에 적합하다고 생각하는 이유를 구체적으로 기술해 주십시오.(성향/전문지식/역량) [400자 이상 1000자 이내]
3523,0,지원동기(희망업무 및 장래포부)
3524,0,엔씨소프트에 입사한 후 3년 이내에 본인이 지원한 직무에서 이루어내고 싶은 목표에 대하여 구체적으로 서술하시오. (800자)
3525,0,현대모비스 해당 직무 분야에 지원하게 된 이유를 기재해 주시기 바랍니다. [200자 이상 700자 이내]
3526,0,입사 후 현대모비스의 발전을 위해 본인이 어떠한 노력을 할 것인지를 중장기적인 관점에서 기재해 주시기 바랍니다. [200자 이상 700자 이내]
3527,0,자유양식 : 입사 후 포부
3528,0,회사 및 직무에 대한 지원 동기`와 `해당 직무를 잘 수행하기 위해 어떤 준비`를 해왔는지 구체적으로 설명해주시기 바랍니다.
3529,0,"CJ제일제당 및 선택한 직무에 대한 지원동기는 무엇인가요? 1) 선택한 직무에 관심을 갖게 된 계기 2) 영업사원으로서의 하루 업무 일과 예상해보고, 본인이 해당 직무를 잘 수행할 수 있는 이유 (본인의 강점, 준비, 관련경험 근거)를 반드시 포함하여 구체적으로 작성해주세요.(1000자)"
3530,0,한국토지주택공사에 지원하게 된 동기와 포부에 대해서 기술해주십시오. / 500 자
3531,0,여러분이 선택한 계열사와 해당 직무를 지원한 동기는 무엇인가요? 1) 선택한 계열사가 아니면 안 되는 이유 2) 직무에 관심 갖게 된 계기 3) 본인이 직무를 잘 수행할 수 있는 이유 4) 입사 후 목표를 반드시 포함하여 구체적으로 작성해 주세요. (1000자)
3532,0,귀하가 금호아시아나그룹(1지망 지원회사)을 지원하게 된 동기에 대해 서술해 주십시오. [100자 이상 500자 이내]
3533,0,"5~10년 후에 귀하의 경력 목표는 무엇이며, 그것을 추구하는 이유를 서술해 주십시오. [100자 이상 500자 이내]"
3534,0,지원동기 및 입사 후 포부(10년 후 나의 모습)를 기술해 주시기 바랍니다
3535,0,포스코건설에 지원한 동기 (1000byte)
3536,0,3.희망 직무 및 해당 직무에 대한 본인의 VISION (1000byte)
3537,0,<역량 및 입사 후 포부>
3538,0,업을 선택한 이유와 입사 후 회사에서 이루고 싶은 꿈을 기술하십시오. (700자 이내)
3539,0,지원동기 및 입사 후 포부 (각오)
3540,0,지원하는 회사와 분야(직무)에 대한 지원동기를 자유롭게 기술하세요. (50자~400자 이내)
3541,0,본인이 한화케미칼 에서 일하고 싶은 구체적인 이유를 기술해주세요
3542,0,아워홈 입사 동기를 기술해 주십시요
3543,0,아워홈에 입사 한다면 어떻게 역량 발휘를 할지와 3년후의 모습을 그려 주십시요.
3544,0,"입사 후 목표가 무엇이며, 그러한 목표를 갖게 된 이유와 그 목표를 이루기 위한 구체적인 실행계획에 대하여 기술해 주십시오. (30자 ~ 9999자)"
3545,0,"귀하에게 ‘직장’이 가지는 의미는 무엇이며, 그 직장으로서 서울보증보험을 선택한 이유와 그 준비과정에 대하여 서술해 주십시오. (500자 이내)"
3546,0,우리회사 인재상 3가지중 한가지를 택하여 이를 토대로 우리회사가 귀하를 채용해야 하는 이유를 구체적인 경험사례와 함께 기술하여 주십시오 (500자 이내)
3547,0,입사 후 10년 동안의 회사생활 시나리오와 그것을 추구하는 이유를 기술해주세요. (500자)
3548,0,현대제철에 지원하게 된 동기 및 포부를 서술하여 주십시오 [ 500자 이내 ]
3549,0,"대우건설에 입사하기 위해,(지원분야와 관련된) 무엇을 준비하였는지 작성해 주시기 바랍니다. (최소 30자~700자 제한)"
3550,0,입사 후의 미래계획과 도전하고 싶은 목표 및 계획을 작성해 주시기 바랍니다. (최소 30자 ~700자 제한)
3551,0,지원 동기 및 본인이 지원 직무에 적합하다고 생각하는 이유는 무엇입니까? 300자
3552,0,입사 후 포부를 작성해 주세요. 0 / 300자
3553,0,LG생활건강에 지원하게 된 동기에 대해 말씀해주시기 바랍니다. (500자)
3554,0,지원동기 및 입사 후 포부 [100자 이상 600자 이내]
3555,0,지원동기와 입사 후 포부를 기술하여 주십시오.
3556,0,㈜코리아세븐이 본인을 채용해야 하는 이유를 3가지로 설명하시오.
3557,0,지원동기 및 입사 후 실천하고자 하는 목표
3558,0,지원 동기 및 입사후 포부 등
3559,0,지원동기 : 지원동기를 구체적으로 기술하여 주십시오 (500자)
3560,0,중소기업진흥공단에 지원하게 된 동기와 희망직무를 선택한 이유를 기술해주십시오.
3561,0,"SK 입사 후 어떤일을 하고 싶으며, 이를 위해 본인이 무엇을 어떻게 준비해 왔는지 구체적으로 기술하십시오."
3562,0,"BGF리테일에 지원하게 된 동기와, 희망직무를 수행하기 위하여 해왔던 노력에 대해 구체적으로 기술하시오. (1000자)"
3563,0,"해당직무에 지원한 동기는 무엇이고, 본인이 지원직무에 적합하다고 생각하는 이유는 무엇입니까? (1000자)"
3564,0,지원동기 / 장래포부 500
3565,0,지원동기 및 포부 700자
3566,0,입사를 위한 준비과정 300자
3567,0,한국타이어에서 성취하고자 하는 비전과 목표에 대하여 작성해 주십시오. 500자
3568,0,여러분이 선택한 계열사 및 직무에 대한 지원동기는 무엇인가요? 1) 선택한 계열사가 아니면 안 되는 이유 2) 직무에 관심 갖게 된 계기 3) 본인이 직무를 잘 수행할 수 있는 이유 를 반드시 포함하여 구체적으로 작성해 주세요. (1000자)
3569,0,당사에 지원하게 된 동기와 당사가 귀하를 선택해야 하는 이유에 대하여 구체적으로 기술해주십시오. [500자 이상 3000자 이내]
3570,0,당사에 입사해서 이루고 싶은 목표에 대해 작성해주십시오. [500자 이상 3000자 이내]
3571,0,GS ITM 인턴쉽에 지원하게 된 동기를 작성해 주십시오.(2000자)
3572,0,BC카드에 지원하게 된 동기와 입사 후 이루고 싶은 중장기적 목표에 대해 구체적으로 기술해 주십시오. (500자)
3573,0,LG생명과학에 지원하게된 동기와 지원 직무에 대해 준비한내용 1000자
3574,0,입사 이후 본인의 향후 계획과 포부 500자
3575,0,"SK 피에스앤마케팅 입사 후 어떤 일을 하고 싶으며, 이를 위해 본인이 무엇을 어떻게 준비해 왔는지 구체적으로 기술하십시오. (1000 자 10 단락 이내)"
3576,0,BC카드에 지원하게 된 동기와 입사 후 이루고 싶은 중장기적 목표에 대해 구체적으로 기술해 주십시오. 글자수 자/500자 이내
3577,0,지원동기는 무엇인지 궁금합니다.
3578,0,"마지막으로, 입사 후 계획이나 포부를 들어보고 싶습니다."
3579,0,"여러분이 선택한 계열사와 해당 직무를 지원한 동기는 무엇인가요?① CJ오쇼핑이 아니면 안되는 이유, ② 직무에 관심갖게 된 계기, ③ 본인이 직무를 잘 수행할 수 있는 이유를 반드시 포함하여 구체적으로 작성해 주세요.(1000자)"
3580,0,여러분은 회사에 입사 후 어떻게 성장하고 싶나요? ① 성장 목표 및 계획 ② 성장을 위해 보완해야 하는 점 을 포함하여 구체적으로 작성해 주세요. (1000자)
3581,0,입사지원을 하게 된 동기와 자신이 지원한 직무에 적합하다고 생각하는 구체적인 이유를 기술하시오.
3582,0,희망 직무 선택이유와 역량
3583,0,해당 부문에 지원하게 된 동기와 입사 후 10년 내에 이루고 싶은 목표에 대해 구체적으로 기술해 주십시오.
3584,0,본인이 우리회사에 지원한 동기와 지원업무 수행을 위해 어떤 준비를 했는지 기술하시오.
3585,0,"청년인턴을 통해 이루고 싶은 목표는 무엇이며, 목표를 달성하기 위한 자신의 계획을 설명"
3586,0,"SK입사후 어떤 일을 하고 싶으며, 이를 위해 본인이 무엇을 어떻게 준비해 왔는지 구체적으로 기술하십시오."
3587,0,종근당에 지원한 동기와 지원한 직무에 대하여 성공적으로 수행할 수 있다고 생각하는 이유를 개인의 강점과 개성을 바탕으로 서술해 주십시오.
3588,0,대림에 입사 하고자 하는 이유는 무엇입니까?
3589,0,한컴인이 되기 위해 어떠한 마음가짐으로 어떠한 준비를 했는지 혹은 하고 있는지 구체적으로 서술해 주세요. (700byte)
3590,0,지원동기(직무/회사)
3591,0,당사 지원 동기와 회사와 직무를 선택할 때 가장 중요시하는 것은 무엇입니까? [300자 이상 500자 이내]
3592,0,"CJ오쇼핑 MD(홈쇼핑 MD)를 지원한 동기는 무엇인가요? ① 선택한 계열사가 아니면 안되는 이유, ② 직무에 관심갖게 된 계기, ③ 관심분야 및 관심을 갖게된 계기, ④ 본인이 직무를 잘 수행할 수 있는 이유(본인의 강점, 노력, 경험에 근거)를 반드시 포함하여 구체적으로 작성해 주세요. (1500자)"
3593,0,직무분야에 입사하기 위해 노력한 점과 입사 후 포부
3594,0,BC카드에 지원하게 된 동기와 입사 후 이루고 싶은 중장기적 목표에 대해 구체적으로 기술해 주십시오. 500자
3595,0,LG생활건강에 지원하게 된 동기에 대해 말씀해주시기 바랍니다. 500자
3596,0,회사를 지원한 이유와 직무를 선택하고 준비해온 것을 소개해 주세요.
3597,0,입사 후 포부 : 입사 후 10년 동안의 회사생활 시나리오와 그것을 추구하는 이유를 기술해 주요.(16줄 이내)
3598,0,(기존 항목: 지원동기 & 포부) 한국토지주택공사에 지원하게 된 동기와 포부에 대해서 기술해주십시오.
3599,0,4-2. [목표의식] 본인이 속한 조직 또는 팀의 목표는 무엇이었습니까? (400 Bytes 이내)
3600,0,지원동기 750 자
3601,0,개인의 비전 및 직장인으로서의 비전 그리고 준비
3602,0,지원 동기 : 지원동기를 구체적으로 기술해주세요.
3603,0,입사 후 본인이 해당 직무 분야에서 Market Top 수준의 인재로 성장하기 위해 어떤 노력을 할 것인지 구체적으로 기술하십시오. (500 자 10 단락 이내)
3604,0,"파수닷컴을 처음 알게 된 계기는 무엇이며, 지원동기에 대해 본인만의 이야기를 구체적으로 작성하여 주세요."
3605,0,"입사 후, 본인이 하고자 하는 업무에 대해 구체적으로 기술해 주세요. -학교에서 공부했던 것 중, 업무와 가장 관련이 있다고 생각하는 것은 무엇인가요? -회사 홈페이지 및 관련 기사들을 참고하여, 본인이 입사 후 할 수 있는 일에 대해 구체적으로 이야기해 주세요."
3606,0,지원동기와 입사 후 NHN Entertainment 에서 자신의 미래 모습을 기술하세요. (필수) (600자)
3607,0,지원동기와 입사 후 포부
3608,0,지원동기 *중요사항 중심으로 간략히 기재 [/1500]
3609,0,"본인이 바라는 회사의 모습에 대하여 기술하고, 그렇게 생각하는 이유에 대하여 구체적으로 기술해 주십시오."
3610,0,삼성취업을 선택한 이유와 입사 후 회사에서 이루고 싶은 꿈을 기술하십시오. [/700]
3611,0,해당 직무를 지원하게 된 동기와 직무 관련된 준비사항에 대하여 기술해 주세요.
3612,0,지원동기 및 입사 후 포부 (300자)
3613,0,대구은행에 입행하게 된다면 희망하는 직무와 이유는 무엇인지 소개해 주십시오.
3614,0,대구은행 인재상에 본인이 얼마나 부합하는지 구체적으로 소개해 주십시오.
3615,0,많은 직장 중에서 항공사를 선택하게 된 이유와 특히 대한항공에 지원하게 된 동기 및 입사 후 포부에 대해 구체적으로 기술하시오.
3616,0,지원 동기 및 본인이 지원 직무에 적합하다고 생각하는 이유는 무엇입니까? (300자)
3617,0,입사 후 포부를 작성해 주세요. (300자)
3618,0,지원동기 및 열정에 대하여. [800 byte]
3619,0,입사 후 포부(Vision)에 대하여. [800 byte]
3620,0,"CJ제일제당 및 선택한 직무에 대한 지원동기는 무엇인가요? ① 선택한 직무에 관심을 갖게된 계기, ② 본인 직무를 잘 수행할 수 있는 이유 ③ CJ제일제당이 아니면 안되는 이유를 반드시 포함하여 구체적으로 작성해주세요. (1000자)"
3621,0,지원하는 회사와 분야(직무)에 대한 지원동기를 자유롭게 기술 하세요. (50 ~ 400자)
3622,0,지원동기와 입사포부
3623,0,"여러분이 선택한 직무에 대한 지원동기는 무엇인가요? ① 관심 갖게 된 계기, ② 본인이 직무를 잘 수행할 수 있는 이유 를 반드시 포함하여 구체적으로 작성해 주세요"
3624,0,"20년 후 본인의 VISION에 대해 기술하시오. ① 지원한 직무에서 향후 어떠한 과정을 통해 ② 어떠한 역할을 수행하고, ③ 달성하고 싶은 목표는 무엇인지 구체적으로 작성해 주세요."
3625,0,우리회사에 지원한 동기는 무엇입니까? 우리회사의 어떤 점 때문에 지원한 것인지 구체적으로 기술해주시기 바랍니다.
3626,0,"할리스와 해당직무를 지원한 동기는 무엇이며, 이를 위해 본인이 무엇을 어떻게 준비해 왔는지 구체적으로 기술해 주십시오"
3627,0,지원동기 (600자 이내)
3628,0,입사 후 포부 (600자 이내)
3629,0,입사 지원 동기와 철강업에 대한 본인의 생각을 기술하여 주십시오. (700자)
3630,0,(지원동기) 포스코ICT에 입사를 해야하는 이유와 지원분야에 관심을 가지게 된 배경 [3000byte]
3631,0,"(미래비전) 포스코ICT 입사 후 하고 싶은 업무와 5년 이내에 본인이 지원한 분야에서 이루어내고 싶은 목표, 향후 성장계획 [3000byte]"
3632,0,하나투어가 본인을 대졸 공채사원으로 선발해야 하는 이유를 구체적으로 기술하시오.
3633,0,"지원동기 : 지원동기를 구체적으로 기술해주세요. (500자, 16줄 이내)"
3634,0,귀하가 웹젠에 입사 지원한 동기는 무엇입니까?
3635,0,AhnLab 20기 연수생 채용에 지원하게 된 동기를 작성하여 주시기 바랍니다.
3636,0,지원자께서 그리고 있는 인생의 비전과 꿈을 작성해주세요. 비전/꿈을 위해 AhnLab에서 어떻게 근무 할 계획이며 무엇을 얻어갈지 작성해주세요.
3637,0,"[지원 동기 및 향후 계획]향후 자신의 꿈, SK플래닛 입사 후 구체적으로 하고싶은 일, 그리고 이를 위해 본인이 무엇을 어떻게 준비해 왔는지에 대해 서술하세요."
3638,0,"입사 후 계획, 포부"
3639,0,본교 지원 동기 및 입사 시 각오
3640,0,포스코에 지원하게 된 동기에 대해 기술하여 주십시오. [/1000]
3641,0,"삼성을 선택한 이유, 삼성에서 이루고 싶은 꿈 (700자 이내)"
3642,0,본인이 우리회사와 지원한 직무에 적합하다고 생각하는 이유를 구체적으로 기술해 주십시오. (성향/전문지식/역량)
3643,0,여러분이 선택한 계열사 및 직무에 대한 지원동기는 무엇인가요? (1500자)
3644,0,현대모비스 해당 직무 분야에 지원하게 된 이유를 기재해 주시기 바랍니다. [588/700]
3645,0,입사 후 현대모비스의 발전을 위해 본인이 어떠한 노력을 할 것인지를 중장기적인 관점에서 기재해 주시기 바랍니다. [640/700]
3646,0,지원동기 1000Byte
3647,0,입사 후 계획 1000Byte
3648,0,"우리 공단 입사에 관심을 가지게 된 이유는 무엇이며, 우리 공단에서 업무 수행을 위하여 갖춰야 할 역량은 무엇이라고 생각하십니까? (100자~200자)"
3649,0,우리 공단에 입사 지원한 동기 및 입사 후 실천 하고자 하는 목표를 다른 사람과 차별화된 본인의 역량과 결부시켜서 작성해 주십시오. (100자~300자)
3650,0,쿠팡에 지원한 동기는 무엇인가요? (1000 자)
3651,0,여러분이 선택한 계열사 및 직무에 대한 지원동기는 무엇인가요? ① 선택한 계열사가 아니면 안되는 이유 ② 직무에 관심 갖게 된 계기 ③ 본인이 직무를 잘 수행할 수 있는 이유를 반드시 포함하여 구체적으로 작성해 주세요. (1500자)
3652,0,입사 후 자신의 비전과 비전 달성을 위한 계획을 기술해 주세요.
3653,0,지원동기 및 열정에 대하여. (800byte)
3654,0,입사 후 포부(Vision)에 대하여. (800byte)
3655,0,해당회사 및 직무에 지원하는 동기에 대해 기술하시오. (500자 ~ 1000자)
3656,0,지원동기를 구체적으로 적어 주십시오 [500자 미만]
3657,0,한국장학재단에 입사지원을 해야겠다고 결심하게 된 계기는 무엇인지 구체적으로 기술해 주십시오.[ 100자 이상 500자 이내 ]
3658,0,현대자동차 해당 직무 분야에 지원하게 된 이유와/ 선택 직무에 본인이 적합하다고 판단할 수 있는 이유 및 근거를 제시해 주십시오. (최대 1000 자 이내로 작성)
3659,0,새로운 직장생활과 자신의 생애계획 (Life Plan) [1000 Bytes 이내]
3660,0,[자기소개]지원자 본인에 대하여 자세히 소개해 주시기 바랍니다.
3661,0,당사 지원동기와 지원분야에 대한 자신의 관심도 및 포부에 대하여 서술하십시오.
3662,0,나의 비전(꿈)에 대하여 서술하십시오.
3663,0,10년 후 회사 내 나의 모습을 그려보시오. (500자 이내)
3664,0,입사희망 부문의 지원동기 및 앞으로의 비전에 대하여 작성 하시오. (1200자)
3665,0,지원동기 및 입사 후 포부(500자 이내)
3666,0,지원하는 분야를 선택하는 사유와 본인이 적합하다고 판단할 수 있는 근거를 기재해 주십시오.
3667,0,삼양그룹에 입사 한 후 10년 뒤의 자신의 모습에 대하여 기재해 주십시오
3668,0,입사 후 10년 동안의 회사생활 시나리오와 추구하는 이유
3669,0,코오롱에 지원하게 된 동기와 지원한 분야를 위해 어떤 노력과 준비를 해왔는지 기술하시오. (1000바이트)
3670,0,귀하가 HCN을 지원하게 된 동기에 대해 서술해 주십시오
3671,0,입사 후 포부는 무엇이며 그것을 추구하는 이유를 서술해 주십시오.
3672,0,지원동기 및 열정에 대하여 (800 byte)
3673,0,입사 후 포부(Vision)에 대하여. (800 byte)
3674,0,"본인의 성장 과정과 홈플러스 지원동기를 구체적으로 기술해 주시기 바랍니다. (200자 이상, 500자 이하)"
3675,0,"본인의 비전과 함께 이를 달성하기 위해 ‘홈플러스 입사’는 어떠한 의미가 있는지 기술해 주시기 바랍니다. (200자 이상, 500자 이하)"
3676,0,지원동기 (500)
3677,0,입사 후 포부 : 입사 후 10년 동안의 회사생활 시나리오와 그것을 추구하는 이유를 기술해주세요. (500)
3678,0,희망 직무 및 해당 직무에 대한 본인의 VISION (1000byte)
3679,0,귀하가 경신 및 해당직무에 지원한 이유는 무엇입니까? 그리고 입사 후 회사에 어떻게 기여할 수 있는지 구체적으로 기술해 주시기 바랍니다.
3680,0,롯데호텔서울 산학실습에 지원한 동기와 귀하를 선발해야 되는 이유를 서술하여 주십시오.
3681,0,"귀하가 회사를 선택하는 기준은 무엇이며 왜 당사가 그 기준에 적합한지를 작성하고, 당사에 입사하여 이루고 싶은 목표(직무 관련)에 대해 작성해주세요. * [700자 이내]"
3682,0,NS홈쇼핑은 지원자를 왜 채용 해야 하는가? (1300자)
3683,0,"본인이 지원한 직무와 관련된 본인의 계획, 꿈, 비전에 대하여 기술해주시기 바랍니다. (100~500자)"
3684,0,삼양그룹에 지원하는 동기를 기재해 주십시오. 1500자
3685,0,지원하는 분야를 선택하는 사유와 본인이 적합하다고 판단할 수 있는 근거를 기재해 주십시오. 1500자
3686,0,삼양그룹에 입사 한 후 10년 뒤의 자신의 모습에 대하여 기재해 주십시오. 1500자
3687,0,"장기적인 경력목표(Career Goal)는 무엇이며, 그 목표를 이루기 위한 계획 및 포부에 대해 기술하여주십시오. (2000자)"
3688,0,지원동기 및 포부 (700자)
3689,0,입사를 위한 준비과정 (300자)
3690,0,삼성취업을 선택한 이유와 입사 후 회사에서 이루고 싶은 꿈을 기술하십시오. (700자이내)
3691,0,"경동에 지원한 동기 및 해당 직무를 선택한 이유, 그리고 그 분야에 본인이 적합하다고 생각하는 근거에 대해 서술하시오. (600자 이내)"
3692,0,2. 지원동기 및 입사 후 포부
3693,0,"모두투어를 지원하게 된 동기를 적으시고, 모두투어에 선발되어야 하는 이유를 적으세요."
3694,0,"대웅제약에 지원한 동기와, 귀하께서 대웅제약에 적합하다고 생각하는 이유는 무엇입니까?"
3695,0,당사에 지원한 동기와 자신이 잘 할 수 있다고 생각하는 일에 대해서 구체적으로 기술해 주십시오.
3696,0,본인을 채용해야하는 이유에 대하여 기술하시오. (500자 이내)
3697,0,삼성취업을 선택한 이유와 입사 후 회사에서 이루고 싶은 꿈을 기술하십시오. [700]
3698,0,회사 및 해당직무에 지원하게 된 동기와 입사 후 회사에서 이루고 싶은 중장기적 목표에 대해 구체적으로 기술
3699,0,지원하는 회사와 분야(직무)에 대한 지원동기를 자유롭게 기술하세요. (50~400자)
3700,0,지원동기 및 열정에 대하여 (800바이트)
3701,0,입사 후 포부에 대하여 (800바이트)
3702,0,삼성취업을 선택한 이유와 입사 후 회사에서 이루고 싶은 꿈을 기술하십시오 (700자)
3703,0,한국타이어에서 성취하고자 하는 비전과 목표에 대하여 작성해 주십시오. (500자)
3704,0,성우하이텍에 입사하면 자신의 역량을 통해 어떤 방식으로 회사에 기여할 것인지 (500자)
3705,0,한화호텔앤드리조트에 지원한 동기는 무엇입니까? (500자 이내)
3706,0,지원한 직무를 선택한 이유는 무엇입니까? (500자 이내)
3707,0,귀하가 금호석유화학 & 화학계열사에 지원하게 된 동기에 대해 서술해 주십시오.
3708,0,건설업 선택 및 계룡건설에 입사하고자 하는 이유
3709,0,입사지원동기/ 입사 후 계획
3710,0,희망분야 및 지원동기
3711,0,삼성취업을 선택한 이유와 입사 후 회사에서 이루고 싶은 꿈을 기술 (700)
3712,0,"해당직무 지원자로서, 도레이첨단소재가 당신을 채용해야 하는 이유 3가지를 쓰세요- 직무중심 기술(600자)"
3713,0,2. 입사 지원 동기가 궁금합니다.
3714,0,3. 회사의 인재상에 본인이 부합한다고 생각하는 이유는 무엇인가요?
3715,0,"5. 인생의 목표는 무엇이며, 이를 이루기 위해 어떤 노력을 하고 있는지 밝혀주세요."
3716,0,My Career Goal. 10년 후 LG하우시스의 구성원으로서 본인의 목표와 비전을 기술해주시기 바랍니다. (500자)
3717,0,금호석유화학그룹에서 당신의 직무역량을 발휘할 수 있는 계획을 구체적으로 서술하십시오.
3718,0,". SK 입사 후 어떤 일을 하고 싶으며, 이를 위해 본인이 무엇을 어떻게 준비해 왔는지 구체적으로 기술하십시오. (1000 자 10 단락 이내)"
3719,0,입사 후 포부 : 입사 후 10년 동안의 회사생활 시나리오와 그것을 추구하는 이유를 기술해주세요.(16줄 이내)
3720,0,지원동기 (중요사항을 중심으로 간략히 기재) [1500Byte]
3721,0,"여러분이 선택한 계열사 및 직무에 대한 지원동기는 무엇인가요? 1. 선택한 계열사가 아니면 안되는 이유, 2. 직무에 관심갖게된 계기, 3. 본인이 직무를 잘 수행할 수 있는 이유 를 반드시 포함하여 구체적으로 작성해 주세요. (1,000자)"
3722,0,"입사 후 이루고 싶은 목표는 무엇이며, 목표를 이루기 위하여 어떠한 준비와 노력이 필요하다고 생각하는지 기술해 주세요."
3723,0,한화종합화학을 지원하게 된 동기는 무엇인가요? (500자)
3724,0,[지원동기] (주)한화 방산에 지원하게 된 동기와 지원자가 어떠한 면에서 적합한 인재인지 기술하세요.
3725,0,"[인턴사원이 된다면] 인턴십 기간 동안의 본인의 계획 및 목표, 포부를 자유롭게 기술하세요."
3726,0,LG디스플레이 및 지원 직무에 지원하는 동기에 대해 기술해 주십시오. (500~1000자)
3727,0,CJ제일제당 및 선택한 직무에 대한 지원동기는 무엇인가요? ㄷ. CJ제일제당이 아니면 안되는 이유를 반드시 포함하여 구체적으로 작성해주세요.) (1000자)
3728,0,직업관 및 지원동기
3729,0,입원 후 포부 및 계획
3730,0,채용정보를 알게 된 동기
3731,0,"LG디스플레이 및 지원 직무에 지원하는 동기에 대해 기술해 주십시오. 성격(장단점), 직무와 관련된 경험 및 역량, 관심사항, 개인의 목표 및 비전 등 자신을 어필할 수 있는 내용을 기반으로 자유롭게 기술하시기 바랍니다. (500자 ~ 1000자)"
3732,0,"CJ그룹에 지원하는 동기와 입사 후 이루고 싶은 목표는 무엇이며, 목표를 이루기 위하여 어떠한 과정과 노력이 필요하다고 생각하는지 기술하여 주십시오."
3733,0,나의 장점을 살려 회사에 어떻게 기여 할 수 있을 지와 지원직무에서 나의 비전을 적으세요.
3734,0,"여러분이 선택한 계열사와 해당 직무를 지원한 동기는 무엇인가요? ① 선택한 계열사가 아니면 안되는 이유, ② 직무에 관심 갖게 된 계기, ③ 본인이 직무를 잘 수행할 수 있는 이유를 반드시 포함하여 구체적으로 작성해 주세요. (1000자) 총 글자 수 0 / 1000 자"
3735,0,LG생활건강에 지원하게 된 동기에 대해 말씀해주시기 바랍니다. (100자 ~ 500자)
3736,0,"특기/ 취미, 입사 후 포부"
