rank,cluster_id,question
1,5,금융결제원 지원 동기
2,5,금융결제원이 제공하는 서비스를 이용해 본 경험과 느낀 점을 기술하시오.
3,5,"티웨이항공을 선택한 이유는 무엇이며, 티웨이항공이 더 성장하기 위해 갖추어야 할 요소가 무엇인지 서술하여 주시기 바랍니다."
4,5,현대백화점그룹이 지향하는 4가지 실천 가치(열정/소통/창의/파트너십 중 택 1)와 부합하는 본인의 강점과 경험을 기술하여 주십시오.
5,5,존경하는 인물과 이유
6,5,최근 사회 이슈 중 중요하다고 생각되는 한 가지를 선택하여 이에 관한 자신의 견해를 기술하시오.
7,5,최근 사회 이슈 중 중요하다고 생각되는 한 가지를 선택하고 이에 관한 자신의 견해를 기술해 주시기 바랍니다. 1000자 이내 (영문 작성 시 2000자)
8,5,"본인이 오랜 기간 꾸준히 지켜온 신념은 무엇이며, 그러한 신념을 가지게 된 이유는 무엇인지, 신념을 지키기 위해 어떠한 노력을 해왔으며, 입사 후에는 어떻게 지켜나갈 계획인지 기술해 주십시오."
9,5,"자신이 가장 중요하다고 생각하는 가치는 무엇이며, 그렇게 생각하는 이유에 대해 기술하시오."
10,5,"본인이 가장 관심을 가지고 있는 경제 이슈를 하나 제시하고, 해당 이슈와 관련하여 한국은행이 중앙은행으로서 어떻게 기여할 수 있을지에 대해 기술하시오."
11,5,"금융·IT 산업 동향, 금융보안원의 기관 특성 및 현재 수행 중인 업무 분야를 고려할 때, 향후 금융보안원이 가장 집중적으로 추진해야 할 사업에 대한 본인의 견해를 자유롭게 기술하여 주십시오."
12,5,사회활동 모음 - 1. 동아리활동 (필수 작성 아님) (1993바이트)
13,5,KT의 핵심가치 중 자신에게 가장 부합하는 것을 선택하고 그 이유를 구체적인 사례와 함께 기술해 주십시오. (800자 이내)
14,5,"본인이 알고 있는 한국공항공사에 관한 내용은 무엇이며, 그 정보를 어떻게 얻게 되었는지 기술해 주시기 바랍니다. 또한 그중 어떠한 면에 이끌려 우리 공사에 지원하게 되었는지 기술해 주시기 바랍니다."
15,5,"우리 공단의 사업 중 본인이 가장 관심을 가지고 있는 분야는 무엇이며, 그 이유는 무엇인지 서술하여 주십시오."
16,5,공공기관 근무자로서 가장 중시되어야 하는 직업윤리는 무엇이라 생각하는지 서술하여 주십시오.
17,5,본인이 생각하는 이상적인 직장 생활과 조직 문화를 상상하여 적어주세요.
18,5,Why Celltrion?
19,5,국내외 금융사들은 '비대면 금융소비 일상화'에 대응해 Digital Transformation(디지털 전환)에 속도를 내고 있습니다. 이와 같은 경영 환경에서 SGI서울보증이 추구해야 할 방향 또는 대응 방안을 기술하여 주시기 바랍니다.
20,5,고객으로서 마켓컬리를 사용해 본 적이 있습니까? (있다면) 마켓컬리 서비스의 장점과 개선점에 대해 자유롭게 의견을 써주시기 바랍니다.
21,5,"한국증권금융의 핵심가치* 중 가장 중요하다고 생각하는 가치와 그 이유를 밝히고, 본인이 해당 가치 제고를 위해 기여할 수 있는 방안을 구체적으로 제시하시오. * 균형성, 전문성, 동반성장, 고객 신뢰, 지속가능성 697 / 700 자"
22,5,최근 사회 이슈 중 중요하다고 생각되는 한 가지를 선택하고 이에 관한 자신의 견해를 기술해 주시기 바랍니다.
23,5,"귀하가 생각하는 한국동서발전의 미래 성장성에 대해 (가), (나)에 맞춰 기술해 주시기 바랍니다. (가) 한국동서발전이 미래사업을 선도하기 위한 기술 또는 발전방향을 기술 (나) (가)를 실현하는 데 도움이 되는 본인의 기술 또는 전문성에 대해 기술"
24,5,BGF가 생각하는 '좋은 친구'는 '언제 어디서나 최상의 상품과 서비스를 제공하여 고객 가치를 실현하고 사회 발전에 공헌하는 기업'입니다. 고객과 사회의 '좋은 친구'인 BGF리테일에 지원하게 된 동기에 대해 기술해 주세요. (최대 500자 입력 가능)
25,5,"평소 CU 편의점 이용 시 느낀 장단점을 기술하고, CU 편의점의 경쟁력을 제고할 수 있는 아이디어를 설명해 주세요. 가능하다면 지원한 직무와 연계하여 적어주시고, 어려운 경우 고객 입장에서 설명해 주세요. (최대 700자 입력 가능)"
26,5,최근 사회이슈 중 중요하다고 생각되는 한가지를 선택하고 이에 관한 자신의 견해를 기술해 주시기 바랍니다. (1000자 (영문작성 시 2000자) 이내)
27,5,최근 사회이슈 중 중요하다고 생각되는 한가지를 선택하고 이에 관한 자신의 견해를 기술해 주시기 바랍니다.
28,5,"AJ에는 여섯 가지의 핵심가치가 있습니다 . 당사의 핵심가치 중 당신을 가장 잘 표현할 수 있는 한 가지를 본인의 성격 그리고 경험을 바탕으로 기술해 주십시오. [400~1,000자 이내]"
29,5,본원의 핵심가치 중 자신과 가장 부합하다고 생각하는 가치를 선택하여 그 이유를 경험을 토대로 서술하시기 바랍니다.
30,5,"석유화학업계의 향후 트렌드를 조망하고, 롯데케미칼이 이러한 변화를 선도하기 위해 본인이 입사 후에 어떻게 회사에 기여하고 싶으신지, 본인의 강점 등 구체적 근거를 포함해 기술해 주세요."
31,5,"한국예탁결제원의 인재상 중 본인과 가장 부합된다고 생각하는 인재상이 무엇인지 선택하고 그렇게 생각하는 이유를 본인의 교육, 경험 등 구체적 사례를 들어 기술해주십시오. (400자 이상 1,000자 이내) 892 / 1000 자"
32,5,"한국예탁결제원을 가장 잘 표현할 수 있는 하나의 수식어 또는 단어를 정의하고 해당 단어를 선택한 이유에 대해 한국예탁결제원이 수행하는 업무의 성격과 연관지어 기술해주십시오. (400자 이상 1,000자 이내) 930 / 1000 자"
33,5,"공공기관의 직원에게 가장 강조되어야 하는 직업윤리는 무엇이라 생각하는 지와 현실과 타협하거나 편법을 사용하지 않고 원칙대로 일을 처리해서 좋은 결과를 이끌어냈던 구체적인 사례를 본인의 신념이나 가치관을 중심으로 기술하여 주시기 바랍니다. (1,200자)"
34,5,"본인의 삶에서 가장 중요하게 여기는 가치는 무엇이며, 공단 직원으로서 직업윤리의 중요성을 본인의 가치관 중심으로 기술해 주십시오. (500자)"
35,5,"직무수행을 위한 태도 (Attitude)/ 재단의 지원 직무를 수행하기 위해 가장 중요한 태도(attitude)와 그 필요성을 기술하고, 이와 관련된 귀하의 경험을 기술해주십시오."
36,5,기관의 이해 교육환경 개선과 학교경영지원을 통한 학교 교육 진흥을 위해 재단이 해야 할 일은 무엇인지 기술해 주십시오. (재단의 주요 업무 중심으로 기술)
37,5,최근 사회이슈 중 중요하다고 생각되는 사항을 한가지 선택하고 이에 관한 자신의 견해를 기술해 주시기 바랍니다.
38,5,"공사 상품(보금자리론, 주택보증, 주택연금 등) 중 지원자가 가장 관심 갖고 있는 상품을 1가지 선정하고, 그 이유와 공사에 입사하여 해당 상품 분야에 대한 전문가로 성장하기 위해 어떠한 계획을 가지고 있는지를 기술해 주십시오."
39,5,"공사는 공익성, 전문성, 신뢰를 핵심가치로 삼고 있습니다. 공사의 핵심가치와 관련된 지원자의 경험이 있다면 기술해 주십시오."
40,5,"공공기관 직원으로서 갖추어야 하는 가장 중요한 가치는 무엇이라고 생각하는지 기술하고, 본인이 어떻게 이에 부합하는지에 대하여 작성하여 주십시오."
41,5,물류업계의 현재 트렌드와 미래 물류업의 전망에 대해 구체적인 근거를 포함하여 서술해주세요. [250~500자]
42,5,"입사 5년 후, 회사에서 내가 듣고 싶은 나의 평판은 무엇인지 보기에서 하나 선택하고 그 이유를 구체적으로 서술해주세요. [250~500자] A. 기존 방식에 얽매이지 않고 업무를 수행하는 창의적 직원/ B. 주어진 업무를 완벽하게 수행하여 조직에서 인정받는 직원/ C. 사회성이 좋고 인간적이어서 조직내 평판이 좋은 직원"
43,5,유통트렌드 변화 속에서 고객을 최우선으로 생각한 상품과 서비스를 제공하기 위한 방안을 서술하여 주십시오.
44,5,급변하는 환경 및 트렌드 속에서 하나투어가 지속적으로 성장하기 위한 방안을 구체적으로 서술해주세요. (800자)
45,5,"5문제를 위한 4시간, 나에 대한 자신감"
46,5,"한국예탁결제원의 인재상 중 본인과 가장 부합된다고 생각하는 인재상이 무엇인지 선택하고 그렇게 생각하는 이유를 본인의 교육, 경험 등 구체적 사례를 들어 기술해주십시오. (400자 이상 1,000자 이내)"
47,5,"한국예탁결제원을 가장 잘 표현할 수 있는 하나의 수식어 또는 단어를 정의하고 해당 단어를 선택한 이유에 대해 한국예탁결제원이 수행하는 업무의 성격과 연관지어 기술해주십시오. (400자 이상 1,000자 이내)"
48,5,나의 One&Only
49,5,"SPC그룹의 핵심가치(정직, 혁신, 협업) 중 한 가지를 선택하고 이를 발휘했던 경험에 대하여 기술하여 주시기 바랍니다.(최대 600자 입력가능)"
50,5,"당사의 핵심 가치와 지원자의 가치관을 비교하여 공통점을 기술하고, 이를 실천하기 위해 일상적으로 어떤 노력을 하는지 구체적인 경험과 함께 작성해 주십시오."
51,5,"귀하가 가장 중요하게 생각하는 가치관은 무엇이며, 이러한 가치관이 한국철도공사가 지향하고자 하는 바와 어떻게 일치한다고 생각하는지 작성해 주십시오."
52,5,현재 한국철도공사에서 제공하는 서비스 중 고객이 더욱 만족할 수 있도록 개선할 수 있는 점과 이러한 개선이 한국철도에 어떤 도움이 될 수 있을지 작성해 주십시오.
53,5,"앞으로 한국철도공사가 중점적으로 추진해야 하는 사업은 무엇이며, 귀하가 어떠한 부분에서 어떻게 기여할 수 있는지 작성해 주십시오."
54,5,"SGI서울보증의 핵심가치[Customer(고객), Openness(소통), Responsibility(상생), Excellence(전문성)] 중 1가지를 선택하고, 이에 대해 본인이 SGI서울보증에 기여할 수 있는 방안을 기술하여 주시기 바랍니다. *핵심가치 세부사항 회사 홈페이지 참고"
55,5,"SGI서울보증의 경제적 기능과 사회적 역할 중 1가지를 선택하여 본인의 생각을 작성하고, 이를 강화하기 위해 SGI서울보증이 나아가야 할 방향을 기술하여 주시기 바랍니다."
56,5,"KGS가 추진·수행하는 사업 중 가장 관심이 있는 사업을 소개하여 주시고, 입사이후 KGS에서 기여하고자 하는 목표와 방법을 본인이 가지고 있는 역량과 강점을 바탕으로 작성하여 주십시오. (700자 이내)"
57,5,"공직자로서 가장 중요한 가치 또는 덕목을 무엇이라고 생각하는지 작성하고, 그렇게 생각하는 이유를 본인의 학교 또는 사회생활의 경험을 기반으로 작성하여 주시기 바랍니다. (1000자)"
58,5,공사 직원으로서 가장 중요하다고 생각하는 직업윤리 한 가지를 제시하고 본인은 해당 직업윤리를 얼마나 잘 지키고 있는지 관련 사례와 함께 스스로 평가하여 기술해 주십시오.
59,5,최근 국내외 환경변화 중 한국마사회에 가장 큰 영향을 미치는 변화를 지원한 분야의 관점에서 기술하고 그 대응을 위해 본인이 어떤 역할을 할 수 있는지 보유한 직무역량을 중심으로 기술하여 주십시오.
60,5,한국에너지기술연구원 구성원으로서 직업윤리가 왜 중요한지 본인의 가치관과 경험을 중심으로 설명하여 주십시오.
61,5,"최근 한국원자력연구원의 주요 이슈에 대해 한 가지를 선택하여 언급하고, 그것에 대한 본인의 의견을 기술하십시오.?(최대 800자 입력가능)"
62,5,직장인으로서 직업윤리가 왜 중요한지 자신의 가치관을 중심으로 설명하십시오.
63,5,현대자동차그룹 핵심가치 중 본인의 경험을 기반으로 실천사례를 제시하시오.
64,5,본인이 회사를 선택함에 있어 중요시 여기는 가치와 현대제철이 왜 그 가치와 부합하는지 본인의 의견을 서술하여 주십시오.
65,5,"기술보증기금의 새로운 핵심 가치는 ‘공정·혁신·연대’입니다. 이 중 중소벤처기업지원의 관점에서 중요하다고 생각되는 핵심 가치를 순서대로 선택하고, 1)선택한 이유를 구체적 근거를 들어 순서대로 설명해 주십시오. 2)기금 핵심 가치 제고를 위해 기술보증기금이 어떠한 노력을 하면 좋을지 본인만의 차별화된 방안을 제시해 주십시오."
66,5,귀하가 회사를 선택하는 기준은 무엇입니까? 그리고 아성다이소가 그러한 기준에 어떻게 부합하는지 기술해 주시기 바랍니다. (700자 이내)
67,5,현대백화점그룹이 지향하는 6가지 중요한 핵심가치와 부합하는 업적 또는 경험
68,5,자신이 왜 서울교통공사의 인재상에 부합되는 인물이라고 생각하는지 구체적으로 기술하시오.
69,5,삶을 통해 이루고 싶은 인생의 비전 또는 목표 3가지를 우선순위 순으로 적어 주십시오.
70,5,BGF가 생각하는 '좋은 친구'는 '언제 어디서나 최상의 상품과 서비스를 제공하여 고객가치를 실현하고 사회발전에 공헌하는 기업'입니다. 고객과 사회의 '좋은 친구'인 BGF리테일에 지원하게 된 동기에 대해 기술해주세요.
71,5,"BGF의 5가지 가치관(채용홈페이지 '우리의 가치관' 참조) 중 본인을 가장 잘 표현하는 가치관 1개를 선택하고, 그 이유를 본인의 경험과 함께 작성해 주세요."
72,5,"평소 CU편의점 이용 시 느낀 장단점을 기술하고, CU편의점의 경쟁력을 제고할 수 있는 아이디어를 설명해 주세요. 가능하다면 지원한 직무와 연계하여 적어주시고, 어려운 경우 고객 입장에서 설명해 주세요."
73,5,삶을 통해 이루고 싶은 인생의 비전 또는 목표 3가지를 우선순위 순으로 적어주십시오.
74,5,현대자동차그룹 핵심가치 중 본인의 경험을 기반으로 실천사례를 제시하시오(600자)
75,5,본인이 회사를 선택함에 있어 중요시 여기는 가치와 현대제철이 왜 그 가치와 부합하는지 본인의 의견을 서술하여 주십시오(600자)
76,5,지원 회사 또는 직무와 밀접하게 연관되는 국내외 최근 이슈/트렌드/사회현상 중 한 가지를 선택한 뒤 담당자라고 가정하고 이에 대한 자신의 견해를 서술해 주십시오. (600자)
77,5,물류에 대한 가치관
78,5,"하기의 가치관중 본인이 가장 우선시하는 항목은 무엇인가요?(20자)- 정직, 열정, 창의, 변화, 성장, 균형, 성취, 책임, 도전, 팀워크, 믿음, 긍정, 완벽, 헌신"
79,5,"본인이 팀장으로서 팀원 3명을 선발한다면 어떤 기준으로 선발할 것이며, 본인(팀장)과 팀원들의 역할을 부여하고 그 이유에 대해 평소 본인의 가치관을 고려하여 종합적으로 서술하시오(1000자)"
80,5,[직무에세이] 2. 한전KPS의 중장기 전략경영계획(비전2030)을 참고하여 본인의 향후 역량개발계획을 상세하게 기술해주시기 바랍니다(1000자)
81,5,"본인이 회사를 선택할 때 가장 중요한 항목 2개를 선정하고, 에스엘의 어떤 부분이 해당 항목에 부합하는지 구체적으로 서술해 주십시오(600자)"
82,5,"에스엘에 하고 싶은 질문을 작성하고, 그 이유는 무엇인지 서술해 주십시오(300자)"
83,5,최근 사회이슈 중 중요하다고 생각되는 한가지를 선택하고 이에 관한 자신의 견해를 기술해 주시기 바랍니다(1000자)
84,5,(직업윤리) 공직자의 직업윤리가 중요한 이유를 본인의 가치관을 중심으로 기술해 주십시오. (500자)
85,5,(관련분야 이해도) 최근 에너지분야 이슈 중 중요하다고 생각되는 한가지를 선택하고 이에 관한 자신의 견해를 기술해 주시기 바랍니다. (500자)
86,5,"미래 에너지 시장을 리딩하는 KOGAS의 새로운 핵심가치는 다음과 같습니다. 1) 미래주도 2)안전우선 3) 열린사고 4)소통협력 위 네가지 중에서 본인의 역량과 부합하는 한가지 항목을 선택하고 타인과 차별화될 수 있는 본인의 핵심역량을 구체적 경험을 바탕으로 기술하여 주십시오. 또한, 지속가능한 미래 에너지 기업인 KOGAS가 나아가야 할 방향도 함께 고려하여 입사 후 실천할 목표 및 자기개발 계획에 대해 구체적으로 기술해 주십시오. (1500자)"
87,5,업무에 임하는 태도
88,5,"조직의 구성원으로서 가장 중요하는 가치나 덕목이 무엇인지 소개하고, 그와 관련된 본인의 경험이나 실천사례를 기술하여 주십시오(600자)"
89,5,"귀하가 생각하는 한국동서발전의 미래성장성에 대해 (가), (나)에 맞춰 기술해 주시기 바랍니다. (가) 한국동서발전이 미래사업을 선도하기 위한 기술 또는 발전방향을 기술 (나) (가)를 실현하는데 도움이 되는 본인의 기술 또는 전문성에 대해 기술"
90,5,"재단의 핵심가치 4가지(창의성, 책무성, 개방성, 탁월성) 중 본인이 보유하고 있는 차별화된 핵심가치가 무엇이고 이를 활용한 사례를 과정중심으로 기술하시오."
91,5,"DHL 4대 문화인 Speed / Right 1st Time / Can Do / Passion 중 본인과 가장 가까운 특성 하나를 고르고 선택한 이유를 경험을 바탕으로 작성해 주십시오. (1,000자)"
92,5,물류업계의 현재 트렌드와 미래 물류업의 전망에 대해 구체적인 근거를 포함하여 서술해주세요. [500자]
93,5,블록체인의 활용성과 미래 가치에 대해 본인의 생각을 작성해 주세요.
94,5,"자신만의 경쟁력은 무엇이라 생각하며, 이것을 통해 EY한영에 어떤 도움을 줄 수 있는가"
95,5,"향후 Career, 5~10년의 계획"
96,5,"EY Value Fit Question 아래 EY Value 중 본인이 가장 부합한다고 생각하는 요소 한 가지를 선택하시고 그 이유도 기재하시기 바랍니다. 첫째, 성실하고 남을 존중하며, 더불어 일하는 사람 둘째, 활력, 열정 그리고 선도하는 용기를 가진 사람 셋째, 바르게 행동하며 관계를 구축하는사람"
97,5,"와디즈가 하고 있는 일을 살펴 보셨나요? 내가 합류해서 꼭 해보고 싶은 일이 있다면 기록해 주세요. * - 1,000자 이내로 작성해주세요."
98,5,"본인이 넷마블 CEO 라면, 어떤 게임/사업을 추진하고 싶은지와 그 이유를 구체적으로 서술하여 주십시오."
99,5,"(국내/글로벌 中 택1)넷마블 출시 예정이거나, 서비스 중인 게임 중 1개 게임을 선정하여 점차 치열해지고 있는 게임 마케팅 경쟁상황에서 시장에 화제를 일으킬 수 있는 마케팅 방향성에 대해 서술하여 주십시오."
100,5,"넷마블 출시 게임 외, 최근 가장 인상깊게 본 게임 마케팅 활동(인게임 이벤트 및 프로모션 제외)에 대해 설명하고, 해당 마케팅 캠페인을 분석해 주십시오."
101,5,신한투자증권이 본인을 뽑아야 하는 이유를 기술하시오
102,5,"CGV는 '영화 그 이상의 감동, 글로벌 NO.1 컬처플렉스’로 자리매김하기 위해 끊임없이 변화하고 혁신하고 있습니다. ① 본인이 지원한 직무 내에서 어떤 역할을 수행할 수 있는지, ② 입사 후 성장 계획을 구체적으로 작성해 주세요."
103,5,"최근 본인이 관심을 가지고 있는 금융 서비스/트렌드에 대해 간단히 설명하고, 해당 분야에 관심을 갖게 된 이유를 설명해 주세요."
104,5,한전 kps에서 수행하고 싶은 직무에 대하여 기술해주시기 바랍니다.
105,5,한전 kps의 중장기 전략경영계획을 참고하여 본인의 향후 역량개발계획을 상세하게 기술해주시기 바랍니다.
106,5,최근 사회이슈 중 중요하다고 생각되는 한가지를 선택하고 이에 관한 자신의 견해를 기술해 주시기 바랍니다. [1000자 이내 (영문작성 시 2000자)]
107,5,VISION 이루고 싶은 것
108,5,업무를 진행하면서 가장 어려운 점
109,5,이상적인 직장은 무엇이라 생각하는가
110,5,공공기관 직원으로서 직업윤리가 왜 중요한지 귀하의 가치관 또는 경험을 토대로 기술해 주시기 바랍니다. 1) 공공기관 직원으로서 직업윤리가 중요한 이유에 대해 작성해 주십시오. (250자 이상 ~ 400자 이내)
111,5,"KORLOY 및 초경합금 절삭공구(Cutting Tools)에 대해 서술해주세요. (최소 1자, 최대 500자 입력가능)"
112,5,"[선택] 대표적인 프로젝트를 적어주시되, 작성 시에는 '본인이 주도적으로 참여한 부분'을 위주로, ①진행기간 ②주요내용 ③본인이 기여한 점 ④사용한 Skill 또는 지식 ⑤결과/성과를 간결하게 핵심만 작성해 주세요."
113,5,HR에 대한 관심 및 보유 역량
114,5,파라다이스가 왜 귀하를 채용해야하는지 3가지 이유를 들어 구체적으로 기술해주십시오.
115,5,자신이 왜 서울교통공사의 인재상에 부합되는 인물이라고 생각하는지 구체적으로 기술하시오
116,5,"대한항공이 글로벌 항공업계를 선도하기 위하여, 현재 어떠한 준비를 해야할지 본인의 의견을 기술해 주십시오."
117,5,KT의 핵심가치 중 자신에게 가장 부합하는 것을 선택하고 그 이유를 구체적인 사례와 함께 기술해 주십시오
118,5,(자유양식) 비대면 CS 경험과 고객지향 마음가짐
119,5,"(자유양식) 글로벌 마인드, 원만한 의사소통 역량을 갖춘 사람"
120,5,- 직장인으로서의 직업윤리가 왜 중요한지 본인의 가치관을 중심으로 설명해 주시기 바랍니다.
121,5,"- 한국에너지정보문화재단의 고객은 누구이며, 그 고객을 위해 자신이 해야 할 일에 대해 기술해 주시기 바랍니다."
122,5,"금융투자협회의 역할 중 가장 중요하다고 생각하는 것이 무엇이고, 그 이유를 서술하시기 바랍니다."
123,5,최근 자본시장 관련 주요 이슈 중 한가지와 이에 대한 본인의 견해를 서술하시기 바랍니다.
124,5,"평소 현대백화점을 이용하며 느꼈던 장단점을 제시하고, 현대백화점의 경쟁력을 제고할 수 있는 아이디어를 제시해주세요"
125,5,"본인이 회사를 선택할 때 가장 중시하는 가치는 무엇이며, 포스코가 그 가치에 부합하는 이유를 서술하여 주십시오.(800자)"
126,5,"최근에 본 좋은 팩트체크 뉴스는 무엇인지, 왜 그렇게 생각했는지 기술하시오.(공백 포함 500자 이내)"
127,5,"기업은행의 조직 구성원으로서 가져야할 태도와 가치관에 대한 본인의 생각을 구체적인 경험, 행동, 사례 등을 통해 기술하여 주십시오"
128,5,금융결제원이 제공하는 서비스를 이용해본 경험과 느낀 점을 기술하시오.[ 500자 이상 700자 이내 ]
129,5,"최신 IT 기술(빅테이터, 블록체인, AI 등) 역량을 개발하거나, 금융산업 트렌드를 학습하기 위해 수행한 노력이 있다면 본인의 경험 기반으로 기술하시오.[ 500자 이상 700자 이내 ]"
130,5,급변하는 방송 환경 속에서 방송업계 또는 본인이 지원한 직무에서 나아가야 할 방향은 무엇인지 제시해주세요. (100자 이상 - 500자 이내)
131,5,"본인이 중요하게 생각하는 가치가 무엇인지, 그렇게 생각하는 이유는 무엇인지 들려주세요."
132,5,금융결제원 지원동기
133,5,금융결제원이 제공하는 서비스를 이용해본 경험과 느낀 점을 기술하시오
134,5,"최신 IT 기술(빅테이터, 블록체인, AI 등) 역량을 개발하거나, 금융산업 트렌드를 학습하기 위해 수행한 노력이 있다면 본인의 경험 기반으로 기술하시오."
135,5,"2. 공사 상품(보금자리론, 주택보증, 주택연금 등) 중 지원자가 가장 관심 갖고 있는 상품을 1가지 선정하고, 그 이유와 공사에 입사하여 해당 상품 분야에 대한 전문가로 성장하기 위해 어떠한 계획을 가지고 있는지를 기술해 주십시오."
136,5,"3. 공사는 공익성, 전문성, 신뢰를 핵심가치로 삼고 있습니다. 공사의 핵심가치와 관련된 지원자의 경험이 있다면 기술해 주십시오."
137,5,"5. 공공기관 직원으로서 갖추어야 하는 가장 중요한 가치는 무엇이라고 생각하는지 기술하고, 본인이 어떻게 이에 부합하는지에 대하여 작성하여 주십시오."
138,5,"아래 키워드 중 본인에게 가장 적합하다고 생각되는 것과, 부족하다고 생각되는 것을 각각 선택하고, 그 이유 및 부족한 부분에 대한 개선방안에 대해 기술해주십시오. [키워드 : 협업 / 신뢰 / 긍정적 / 시너 지 / 적극성 / 유연성 / 심사숙고 / 문제해결 / 도전 / 창의 / 책임감 / 자기계발]"
139,5,"본인이 생각하는 BGF로지스는 어떤 기업인지 한 단어로 설명하고, BGF로지스에 지원하는 동기는 무엇인지 기술해 주십시오. (최대 700자 입력가능)"
140,5,"BGF그룹의 핵심가치(인재상) 중 본인과 부합하는 가치는 무엇이며, 그 이유를 본인의 경험을 바탕으로 구체적으로 작성해 주십시오. (최대 700자 입력가능)"
141,5,2. 유통트렌드 변화 속에서 고객을 최우선으로 생각한 상품과 서비스를 제공하기 위한 방안을 서술하여 주십시오.
142,5,"본인이 오랜기간 꾸준히 지켜온 신념은 무엇이며, 그러한 신념을 가지게 된 이유는 무엇인지, 신념을 지키기 위해 어떠한 노력을 해왔으며, 입사 후에는 어떻게 지켜나갈 계획인지 기술해 주십시오."
143,5,"지원 회사 또는 직무와 밀접하게 연관되는 국내외 최근 이슈/트렌드/사회현상 한 가지 선택하고, 자신의 견해를 서술해 주십시오. (600자)"
144,5,최근 사회이슈 중 중요하다고 생각되는 사항을 한가지 선택하고 이에 관한 자신의 견해를 기술해 주시기 바랍니다. (200-800자)
145,5,5. 직장인으로서의 직업윤리가 왜 중요한지 본인의 가치관을 중심으로 설명하시오.
146,5,"지원 직무와 관련된 최근 이슈/트렌드/사회현상 중 한가지를 선택하고, 자신의 견해를 기술해 주십시오"
147,5,"본인이 회사를 선택할 때의 기준은 무엇이며, HMM이 그 기준에 부합하는 이유에 대해 서술해주세요. (최대 1,000자 입력가능)"
148,5,Why Celltrionpharm?
149,5,"[약식논술] 1. 전 세계적인 유동성 과잉에 기반한 인플레이션에 대응하기 위해 미국 연방준비제도가 ‘자이언트 스텝’으로 금리를 인상하는 등 긴축 통화정책이 실행되고 있습니다. 국내 자본 유출을 막고 인플레이션에 대응하기 위해 한국은행 또한 지속적으로 금리를 인상할 것으로 예상되어 이자비용 지급조차 어려운 한계기업이 속출할 것이라는 우려의 목소리가 커지고 있습니다. 특히, 코로나19로 인해 일시적 유동성 어려움을 겪는 중소기업 및 소상공인 지원을 위한 대출 만기연장과 상환유예 정책이 오는 9월 종료될 예정에 있어 향후 대출 부실률이 증가할 가능성을 배제할 수 없는 상황입니다. 이러한 상황에서 중소기업이 금리 인상 시기에 적절히 대응하고 경영상 부담을 완화할 수 있도록 신용보증기금을 비롯한 정책금융기관이 할 수 있는 역할을 구체적으로 제시하여 주십시오. (600자 이상 900자 이내)"
150,5,"2. 신용보증기금은 역동적인 기업 혁신 생태계를 조성하기 위해 국내 최대 규모의 창업보육 공간인 ‘프론트원’을 운영하고, 창업부터 스케일업까지 성장단계별 지원체계를 갖추고 있으며 기술평가 체계의 고도화, 기술역량 보유기업에 대한 특화 지원제도 도입을 추진하는 등 성장잠재력이 높은 스타트업의 발굴을 통해 중소기업의 혁신 성장을 견인하고 있습니다. 또한, 경영환경 변화에 따른 성장정체 기업의 사업전환과 위기?실패기업의 재도전을 활발히 지원하여 창업생태계의 선순환 구조 활성화에도 힘쓰는 등 스타트업 종합지원기관으로 자리매김하기 위해 다양한 노력을 기울이고 있습니다. 이에 더해 우리 경제의 성장엔진으로서 스타트업이 커나갈 수 있도록 혁신성장 지원체계를 강화해나가기 위한 신용보증기금의 역할과 향후 정책 방향을 구체적으로 기술하여 주십시오. (600자 이상 900자 이내)"
151,5,[2-1] 운용업을 선택하게된 이유와 운용사 중 당사를 선택한 이유
152,5,"LS엠트론의 핵심가치(주인의식, 기술선도, 청년정신) 중 자신이 가장 중요하게 생각하는 가치는 무엇이며, 해당 가치를 실천한 사례를 기술해 주시기 바랍니다."
153,5,가치관 및 직무성장 비전
154,5,영업활동에서 중요하다고 생각하는 점을 그 이유와 함께 구체적으로 기술해주십시오.
155,5,SGI서울보증 핵심전략 중 1가지를 선택하여 이를 통해 SGI서울보증이 고객서비스 개선에 기여할 수 있는 방안을 기술하여 주시기 바랍니다.
156,5,4. 장점 및 단점
157,5,5. 업무 체계 개선을 통한 성과
158,5,최근 국내외 이슈 중 한가지를 선택하여 본인의 생각을 서술해 주십시오.
159,5,"[경력 및 경험기술서] 블라인드 채용과 관련 유의사항: 출신학교명이나 지도교수님 성함 등을 기입시 부적격 처리 / 출신학교 부속병원 에서 근무 또는 출신대학교에서 근무하는 경우 OO대학교, OO대학교 부속병원, 등 으로 기입 바랍니다 / 출신학교 병원(직장)이 아니면 실제 상호명 기입 가능합니다."
160,5,"매일유업의 핵심가치는 '창의, 소통, 열정, 상생' 입니다. 이중 지원자를 가장 잘 표현할 수 있는 한가지의 핵심가치를 선택하여 지원자의 강점을 과거 경험, 사례를 바탕으로 기술해 주십시오.?"
161,5,신한카드를 선택한 이유와 그에 따라 기대하고 있는 10년 뒤 본인과 신한카드의 모습은?
162,5,신한카드의 모바일앱/웹 서비스를 사용해 본 경험과 Big Tech 기업의 플랫폼과 비교하여 강점 및 개선점에 대해 기술해주세요.
163,5,"Q.2. 현대그룹 인재상(도전, 소통, 창의)에 중 본인에게 부합하는 것을 선택하고 이유와 사례를 서술하시오"
164,5,"Q.5. 본인의 전공 과목 중 현대그룹에서 가장 잘 활용할 수 있다고 생각하는 세 과목과 학점을 기재하고, 그 이유를 서술해주세요"
165,5,"[필수문항] Works Mobile에서 제공하는 서비스에 대해 알고 있는지, 사용해 본 경험이 있다면 어떤 장단점이 있다고 느꼈는지 기재해 주세요. (경쟁 서비스와의 비교도 OK)"
166,5,"[필수문항] 본인이 보유한 Programming Skill의 활용정도를 모두 적어주세요. (고급/중급/초급) [작성예시 : ① C - 중급 ② Java - 고급 ③ Linux 커맨드 및 개발환경 - 고급 ④ Shell Scripting - 초급 ⑤ Android - 중급 ⑥ Javascript - 중급] 고급 - 대규모 프로그램 및 시스템을 참고사항(책/인터넷) 없이 개발할 수 있으며, 일반적이지 않은 난해한 부분도 일부 참고를 통해 개발할 수 있음"
167,5,"[필수문항] 아래 리스트 중에서 본인이 지금까지 수강한 과목이 있다면 해당 과목에서 받은 학점을 모두 기재해 주세요. [작성예시 - 자료구조론 : A+ , 운영체제 : B-]"
168,5,"BGF그룹의 핵심가치(인재상) 중 본인과 부합하는 가치는 무엇이며, 그 이유를 본인의 경험을 바탕으로 구체적으로 작성해 주십시오."
169,5,최근 사회이슈 중 중요하다고 생각되는 한가지를 선택하고 이에 관한 자신의 견해를 기술해 주시기 바랍니다.(영문작성 시 2000자) 이내
170,5,4. NE능률의 콘텐츠개발 직군은 실제 제품의 내용을 직접 집필하며 제품화하는 전 과정에 참여하는 연구직입니다. 이러한 직군에 맞는 자신의 장점이 있다면 어떤 것인지 기술해 주세요.
171,5,"'종합 디벨로퍼'와 관련된 사회이슈 중 중요하다고 생각되는 한 가지를 선택하고, 이에 관한 자신의 견해를 기술해 주시기 바랍니다. '와 관련된 사회이슈에 대해 자신의 견해를 기술해주시기 바랍니다.)"
172,5,유한양행 홈페이지에서 유일한 정신과 관련된 내용 중 본인과 어울리는 한가지를 선정하고 그 이유와 함께 기술하시기 바랍니다.
173,5,삶을 통해 이루고 싶은 최우선 목표를 하나만 적어주세요.
174,5,"산업현장에서 발생하는 다양한 재해의 근본적 원인이 무엇인지 본인의 생각을 서술하고, 이를 해결하기 위한 방안을 본인이 응시한 지원 분야와 연계하여 작성해주시기 바랍니다. (1,200자 이내)"
175,5,"산업구조의 변화, 환경문제, 감염병 등 대내·외 환경의 변화로 우리의 일터가 변화하고 있습니다. 이러한 변화가 미래의 안전보건환경에 미치게 될 영향에 대해 설명하고, 이에 대비하여 공단이 추구할 방향과 본인이 기여할 수 있는 방법에 대해 기술해주시기 바랍니다. (1,200자 이내)"
176,5,최근 사회이슈 중 중요하다고 생각되는 한 가지를 선택하고 이에 관한 자신의 견해를 기술해 주시기 바랍니다. (1000자(영문작성 시 2000자) 이내)
177,5,최근 사회이슈 중 중요하다고 생각되는 한 가지를 선택하고 이에 관한 자신의 견해를 기술하십시오.
178,5,회사 지원동기와 원익이 지속 성장하기 위해 비즈니스 관점에서 어떤 핵심역량이 필요한지 본인의 의견을 기술해주세요. (500)
179,5,"강원대학교병원이 거점 국립대학교병원으로서 담당해야 하는 가장 중요한 역할이 무엇인지, 그리고 왜 그렇게 생각하는지 작성해 주세요."
180,5,"환자, 보호자 등 병원을 방문한 손님을 상대할 때 가장 중요한 마음가짐은 무엇이라고 생각하는지 이를 본인의 신념 또는 가치체계와 연관 지어 구체적으로 작성해 주세요."
181,5,"서금원이 우리 사회에 필요한 이유와 개선보완이 필요한 부분에 대해서 구체적으로 서술하고 본인이 서금원에서 기여할 수 있는 부분에 대해 서술해주세요. (최대 1,000자 입력가능)"
182,5,BGF가 생각하는 '좋은 친구'는 '언제 어디서나 최상의 상품과 서비스를 제공하여 고객가치를 실현하고 사회발전에 공헌하는 기업'입니다. 고객과 사회의 '좋은 친구'인 BGF리테일에 지원하게 된 동기에 대해 기술해주세요. (최대 500자 입력가능)
183,5,"BGF의 5가지 가치관(채용홈페이지 '우리의 가치관' 참조) 중 본인을 가장 잘 표현하는 가치관 1개를 선택하고, 그 이유를 본인의 경험과 함께 작성해 주세요. (최대 500자 입력가능)"
184,5,"평소 CU편의점 이용 시 느낀 장단점을 기술하고, CU편의점의 경쟁력을 제고할 수 있는 아이디어를 설명해 주세요. 가능하다면 지원한 직무와 연계하여 적어주시고, 어려운 경우 고객 입장에서 설명해 주세요. (최대 700자 입력가능)"
185,5,"인간관계에서 가장 중요한 것은 무엇이며, 그렇게 생각하는 이유를 구체적으로 기술해 주십시오. (1000자)"
186,5,우리 사회가 안고 있는 문제점을 한 가지만 지적하고 이를 어떻게 해결할 수 있을지 기술해 주십시오. (1000자)
187,5,"개인과 조직, 둘 중 어느 것이 중요하다고 생각하는지, 그리고 그 이유를 구체적인 예를 들어 설명하시오."
188,5,신한카드의 모바일앱/웹 서비스를 사용해 본 경험과 BigTech 기업의 플랫폼과 비교하여 강점 및 개선점에 대해 기술해 주세요.
189,5,본인이 롯데e커머스에 지원한 동기와 롯데ON에 제안하고 싶은 새로운 서비스를 창의력을 발휘하여 자유롭게 작성해주세요.
190,5,공공기관 직원과 사기업 직원과의 차이점을 기술하고 본인이 공공기관 직원으로 적임이라고 생각하는 이유를 설명해 주시기 바랍니다.
191,5,"평소 현대백화점면세점을 이용하며 느꼈던 장단점을 제시하고, 현대백화점면세점의 경쟁력을 제고할 수 있는 아이디어를 제시하시오."
192,5,"현대그룹 인재상(도전, 소통, 창의)에 중 본인에게 부합하는 것을 선택하고 이유와 사례를 서술하시오. (1000)"
193,5,"(주)티머니에 대해 알고 있는 내용 중 가장 관심 있는 내용을 기술하고, 우리 회사에 지원하는 이유가 무엇인지 기술하여 주십시오."
194,5,(주)티머니의 핵심가치(Tmoney Way) 중 가장 중요하다고 생각되는 요소에 대해 귀하의 가치관이나 사례를 중심으로 기술하여 주십시오.
195,5,서울특별시 사회서비스원이 수행해야 할 역할과 기능에 대해 자신의 의견을 구체적으로 서술해 주십시오. 최소 100자 이상 기재하시기 바랍니다. (최대 800자 입력가능)
196,5,휴비스의 핵심가치인 안전ㆍ신뢰ㆍ도전ㆍ탁월 중 한 가지를 선택하여 본인이 어떠한 면에서 휴비스의 인재상에 적합한지 기술해 주세요.
197,5,"현대그룹 인재상(도전, 소통, 창의)에 중 본인에게 부합하는 것을 선택하고 이유와 사례를 서술하시오."
198,5,"농업ㆍ농촌의 경쟁력 강화를 위한 NH농협은행 사업추진 방안에 대한 본인의 생각을 설명하고, 농촌의 어려움 해소 및 농업인의 삶의 질 향상을 위하여 입행 후 수행할 방안에 대해 기술해 주세요."
199,5,아세아시멘트의 발전을 위한 본인의 역할과 이루고 싶은 목표
200,5,"①최근 가장 흥미롭게 소비한 콘텐츠를 선정하고(플랫폼 무관), ②그 이유와 ③해당 콘텐츠의 인지도와 화제성이 확장될 수 있는 방안을 본인의 역량/강점/경험과 연결하여 구체적으로 작성해주세요. (1,000자 이내)"
201,5,최근 사회이슈 중 중요하다고 생각되는 한 가지를 선택하고 이에 관한 자신의 견해를 기술해 주시기 바랍니다.
202,5,"본인이 생각하는 신한카드 비즈니스의 경쟁상대는 무엇이며, 그 이유를 신한카드의 VISION 관점에서 비교 기술해주세요."
203,5,"본인이 회사를 선택하는 가장 중요한 기준을 제시하고, 왜 KLA가 그 기준에 적합한지 기술하여 주십시오. (최대 800자)"
204,5,최근 사회 이슈 중 중요하다고 생각되는 한 가지를 선택하고 이에 대한 자신의 의견을 기술해주시기 바랍니다. (500자 내외)
205,5,직장인으로서의 직업윤리가 왜 중요한지 본인의 가치관을 중심으로 설명하시오.
206,5,"국민체육진흥공단에서 수행중인 사업 중 관심있는 분야는 무엇인지 기술해 주십시오.i) 해당 사업에 관심을 갖게 된 계기는 무엇이며, 본인이 기여할 수 있는 방안에 대해 기술해 주십시오."
207,5,본인이 생각하는 회사와 직원의 이상적인 관계는 어떤 모습인지 적절한 비유와 함께 기술하여 주십시오.(예 : 토트넘(구단)-손흥민(프로선수))
208,5,MZ세대의 조직 적응력을 높이기 위한 회사의 대응방안과 지원자의 기여 방안을 기술하여 주십시오.
209,5,"현대건설이 더욱 좋은 건설사가 되기 위해서는 무엇이 필요한지, 본인은 어떤 기여를 할 수 있는지 기술하여 주십시오."
210,5,"본인이 회사를 선택할 때 가장 중시하는 가치는 무엇이며, 포스코가 그 가치에 부합하는 이유를 서술해 주십시오."
211,5,최근 국내외 이슈 중 한 가지를 선택하여 본인의 견해를 서술하여 주십시오.
212,5,"무기체계는 특정한 운용 목적을 달성하기 위한 무기를 중심으로 구성된 주요 장비 및 관련되는 기재의 총체로, 당사의 경우는 유도무기/감시정찰/지휘통제통신/항공전자/전자전/무인로봇/사이버전/M&S/IPS를 의미합니다. 자신을 가장 잘 표현할 수 있는 당사의 무기체계 또는 무기를 선택하고, 어떠한 점이 본인을 잘 표현했다고 생각했는지 이유를 작성해주세요."
213,5,"본인이 생각하는 개방의 의미와, LIG넥스원의 핵심가치 개방을 본인이 실천한 경험으로 작성해주세요."
214,5,"본인이 생각하는 긍정의 의미와, LIG넥스원의 핵심가치 긍정을 본인이 실천한 경험으로 작성해주세요."
215,5,"우리 회사의 행동규범인 프로 직업정신(Professionalism), 직접 실천(Hands-on), 적극적인 소통(Speak-up), 스스로 학습(Self-learning) 중 최우선 규범을 한 가지 선정 후 본인의 가치관/역량/경험에 근거, 선정 사유와 해당 가치를 추구하기 위해 노력했던 사례를 기술하시오."
216,5,"본인이 경험한 최고 혹은 최악의 서비스를 기술하고, 서비스의 중요성에 대한 본인의 생각을 자유롭게 기술하시오. (600자 이내)"
217,5,본인이 회사를 선택 할 때 가장 중요하게 생각하는 것과 환인제약이 그것과 어떻게 부합하는지 기술하여 주십시오. (700자 이내)
218,5,"평소 CU 편의점 이용 시 느꼈던 장단점을 기술하고, CU 편의점 경쟁력을 제고할 수 있는 아이디어를 제시하시오. (최대 1,000자 입력가능)"
219,5,"본인이 회사를 선택할 때 가장 중요한 항목 2개를 선정하고, 에스엘의 어떤 부분이 해당 항목에 부합하는지 구체적으로 서술해 주십시오."
220,5,"에스엘에 하고 싶은 질문을 작성하고, 그 이유는 무엇인지 서술해 주십시오."
221,5,"DGB대구은행의 핵심가치는 고객우선, 성과중심, 주인의식입니다. 핵심가치 중 가장 중요하다고 생각하는 핵심가치를 한가지 선택하고, 이와 관련하여 본인이 어떠한 부분에서 이에 부합하는지 구체적인 경험을 토대로 기술하여 주십시오."
222,5,"디지털금융 전환 시대에 DGB 대구은행의 현재 위치와 앞으로 나아갈 방향에 대하여 작성 하고, 이를 위한 본인의 역할은 무엇이 있을지 지원한 직무와 관련하여 구체적으로 기술하여 주십시오."
223,5,귀하가 의사결정을 할 때 가장 중요하게 생각하는 가치와 그 이유는 무엇입니까?(500자 내외)
224,5,귀하가 보유한 강점(지식/기술/특기/사회성 등)을 활용하여 현대트랜시스의 성장에 기여할 수 있는 점은 무엇입니까? (500자 내외)
225,5,"최근 사회 이슈에 대해 기술하고, 이를 포스코스틸리온 관점에서 어떻게 대응해야 할지 기술하시오."
226,5,물류업계의 현재 트렌드와 미래 물류업의 전망에 대해 구체적인 근거를 포함하여 서술해주세요. (500자)
227,5,"지원 회사 또는 직무와 밀접하게 연관되는 국내외 최근 이슈/트렌드/사회현상 한 가지 선택하고, 자신의 견해를 서술해 주십시오."
228,5,(직업기초능력: 직업윤리) 공동체 윤리 중 가장 중요하게 생각하는 항목은 무엇인지 아래 순서에 따라 기술해 주십시오 ① 중요하게 생각하는 공동체 윤리의 내용과 이유 기술 ② 위 공동체 윤리 위반 시 발생할 수 있는 부작용 기술 ③ 위 공동체 윤리를 준수하기 위한 노력과 성과 기술
229,5,"한화그룹의 핵심가치 중 한가지를 선택하여 스스로 정의를 내리고, 본인이 해당 핵심가치를 보유한 인재임을 구체적인 사례와 경험을 들어 말씀해주십시오."
230,5,"한화시스템 ICT부문은 ""SMART&CREATIVE""""라는 비전슬로건을 갖고 있습니다. 현재 IT업계에서 ""SMART&CREATIVE""가 왜 필요한지 정의하고, 지원한 직무와 관련하여 본인이 ""SMART&CREATIVE"" 한 인재라는 것을 증명할 수 있는 구체적인 사례와 경험을 말씀해주십시오."
231,5,일본 시장과 모바일 액세서리 시장 분석
232,5,귀하가 의사결정을 할 때 가장 중요하게 생각하는 가치와 그 이유는 무엇입니까? (500자 내외)
233,5,왜 포스코케미칼에 입사하고 싶은지 다른 기업과의 차별화된 점을 중심으로 기술하시오.
234,5,최근 이슈가 되는 뉴스를 한 가지 정하여 본인의 입장과 그 이유를 논리적으로 기술하시오.
235,5,"CJ제일제당이 속한 식품산업군은 급속한 환경의 변화가 이루어지는 시장입니다. 식품산업군의 지원 직무 Specialist로 어떤 미래를 그리고 싶은지, 본인의 성장 계획을 작성해주십시오. (800자 이내)"
236,5,본인이 생각하는 회사와 직원의 이상적인 관계는 어떤 모습인지 적절한 비유와 함께 기술하여 주십시오. (200자) (예 : 토트넘(구단)-손흥민(프로선수))
237,5,MZ세대의 조직 적응력을 높이기 위한 회사의 대응방안과 지원자의 기여 방안을 기술하여 주십시오. (300자)
238,5,"현대건설이 더욱 좋은 건설사가 되기 위해서는 무엇이 필요한지, 본인은 어떤 기여를 할 수 있는지 기술하여 주십시오. (300자)"
239,5,최근 사회이슈 중 중요하다고 생각되는 한 가지를 선택하고 이에 관한 자신의 견해를 기술해 주시기 바랍니다. (1000자 이내)
240,5,지원 직무 관련 최근 중요하다고 판단하는 이슈/트렌드 한 가지를 작성하여 주십시오. 해당 이슈/트렌드가 중요하다고 판단한 사유와 SK브로드밴드 사업에 대한 이해를 바탕으로 지원 직무 담당자로서의 대응 방안을 작성하여 주십시오. ① 지원 직무 관련 중요하다고 판단되는 이슈/트렌드 ② 해당 이슈/트렌드가 중요하다고 판단한 사유와 SK브로드밴드 사업에 대한 이해를 바탕으로 지원 직무 담당자로서의 대응 방안 작성
241,5,"본인이 회사를 선택할 때 중요하게 생각하는 가치(기준)는 무엇이며, 왜 현대케피코가 그 가치(기준)에 적합한지 기술해 주시기 바랍니다."
242,5,앞으로의 회사생활에서 가장 피하고 싶은 상황은 어떤 상황인가요? 또 그러한 상황을 마주하게 된다면 어떻게 행동하실건가요?
243,5,"지원 회사에 맞춰 기술해주세요. 1. 백화점) 평소 현대백화점을 이용하며 느꼈던 장단점을 제시하고, 현대백화점의 경쟁력을 제고할 수 있는 아이디어를 제시하시오."
244,5,품질관리 직무 수행을 위해 노력한 점
245,5,일하는 방식 및 성향
246,5,삼성바이오로직스의 행동가치에 비추어 본인이 가지고 있는 역량을 사례와 함께 기술해 주시기 바랍니다.
247,5,공항철도의 일원으로서 가장 중요한 직업윤리가 무엇인지 기술하고 본인의 윤리적 가치관이 잘 드러나는 경험에 대하여 작성해 주십시오.
248,5,최근 사회이슈 중 중요하다고 생각되는 한가지를 선택하고 이에 관한 자신의 견해를 기술해 주시기 바랍니다. - 1000자 (영문작성 시 2000자) 이내
249,5,최근 사회이슈 중 중요하다고 생각되는 한가지를 선택하고 이에 관한 자신의 견해를 기술해 주시기 바랍니다. (1000 자)
250,5,한국수출입은행에 지원한 이유와 당행이 왜 지원자를 채용해야 하는 지를 작성요령의 예시를 참고하여 중요 요점이나 단어를 나열하는 방식으로 작성하시오.
251,5,"정확한 분석을 통해 복잡한 과제, 문제 해결 경험 1) 원인, 본질 분석 2) 분석 결과 및 해결에 적용"
252,5,우리 KIAN(기아인)들은 다음과 같이 네 가지의 인재상을 닮아 가려고 노력합니다. 그 중에서 당신을 가장 잘 표현할 수 있는 한 가지를 선택하여 경험적 사례를 통해 그 이유를 설명해 주세요.
253,5,증권업을 선택하게된 이유와 증권사 중 당사를 선택한 이유
254,5,"한국가스기술공사에서 중요하게 생각하는 인재상은 다음과 같습니다. 1) 새로운 세계에 도전하는 사람 2) 헌신적인 열정을 가진 사람 3) 고객의 문제해결에 유능한 사람 세 가지 인재상 중 자신과 가장 부합된다고 생각하는 인재상을 하나 선택하여, 구체적인 사례를 포함하여 그렇게 생각하는 이유를 기술하여 주십시오."
255,5,당행이 강조하고 있는「고객 중심의 따뜻한 디지털 금융」의 가치를 실현하기 위해 본인이 입행 후 실천할 수 있는 방안에 대하여 기술해 주십시오.
256,5,국내 부동산 경기의 변화에 대하여 본인의 의견을 제시하시오.
257,5,회사 지원동기와 원익이 지속 성장하기 위해 비즈니스 관점에서 어떤 핵심역량이 필요한지 본인의 의견을 기술해주세요.
258,5,본인이 가장 즐겨보는 유튜브 채널과 그 이유는 무엇입니까?
259,5,"소위 “본방 사수”를 하지 않더라도 원하는 콘텐츠를 원하는 시점에 소비할 수 있는 시대가 도래했고, 콘텐츠 제작비는 지속 상승 추세에 있습니다. KBS가 경쟁력을 유지하기 위해 이러한 미디어 환경 변화에 어떻게 대응해야 하는지 본인의 의견을 기술해주십시오."
260,5,성과에 따른 적절한 보상은 조직 구성원들의 사기를 진작시켜 업무 효율성을 제고하고 나아가 기업 가치를 증대시킬 수 있습니다. 수익으로 직결되지 않는 공익 기여 목적의 방송프로그램에 대한 성과 측정 및 보상 방안에 대한 본인의 의견을 기술해주십시오.
261,5,"당사 인재상(세계로, 미래로, 하나로) 중 자신을 가장 잘 표현하는 것을 선택하여 경험적 사례를 통해 설명해 주세요."
262,5,최근 사회이슈 중 전공 또는 희망직무와 관련하여 중요하다고 생각되는 한 가지를 선택하여 자신의 견해를 기술해 주세요.
263,5,"석유화학업계의 향후 트렌드를 조망하고, 롯데케미칼이 이러한 변화를 선도하기 위해 본인이 입사 후에 어떻게 회사에 기여하고 싶으신지, 본인의 강점 등 구체적 근거를 포함해 기술해 주세요.*"
264,5,"한국재정정보원에서 수행하고 있는 업무 중 사회적 가치 활동으로 연계할 수 있는 업무에 대해 설명하고, 본인이 기여할 수 있는 구체적인 방안을 함께 기술해 주십시오."
265,5,"본인이 회사를 선택할 때 가장 중시하는 가치는 무엇이며, 포스코가 그 가치에 부합하는 이유를 서술하여 주십시오."
266,5,"지원 분야와 관련하여 지원자님이 관심을 가지고 있는 '트렌드 또는 이슈'를 2가지 선택하시고, 먼저 첫 번째 '트렌드 또는 이슈'에 대한 지원자님의 생각을 서술해 주세요."
267,5,(2번 문항에 이어서) 다음으로 두 번째 '트렌드 또는 이슈'에 대한 지원자님의 생각을 서술해 주세요.
268,5,"지원자님의 지원 분야와 관련해 '혁신'을 실천한 기업(또는 프로그램이나 콘텐츠)의 '구체적 사례'를 설명하고, 이에 대한 지원자님의 생각도 함께 서술해 주세요. (단, 'MBC 관련 사례'는 제외)"
269,5,최근 사회이슈 중 전공 또는 희망직무와 관련하여 중요하다고 생각되는 한가지를 선택하여 자신의 견해를 기술해 주세요.
270,5,본인이 생각하는 국내외 마케팅 사례 중 ①가장 인상 깊었던 사례와 구체적인 이유 ②아쉬운 사례와 구체적인 이유를 서술하십시오. 또한 본인이 기획자라면 어떤 방식으로 개선할지 새로운 방안을 구체적으로 기술해 주십시오.
271,5,본인이 생각하는 중요한 마케팅 트렌드 및 마케팅 관련 기술(Martech)은 무엇이며 그렇게 생각한 이유를 서술하십시오. 그리고 본인이 마케팅 기획자라면 위에서 서술한 트렌드와 기술을 적용해 어떤 마케팅을 하고 싶은지 구체적으로 기술해 주십시오.
272,5,최근 사회 이슈 중 중요하다고 생각되는 한 가지를 선택하여 이에 관한 자신의 견해를 기술하시오. (100자 이상 600자 이내)
273,5,"본인의 회사선택 기준은 무엇이며, 포스코가 그 기준에 적합한 이유를 서술하여 주십시오."
274,5,본인의 어떠한 점이 동서식품의 인재상에 적합하다고 생각하는지 구체적인 사례를 들어 작성하시기 바랍니다.
275,5,"본인이 생각하는 행복의 정의는 무엇이며, 그러한 생각을 하게 된 사유는 무엇인지 기술하십시오."
276,5,"[공직 윤리] 공공기관 임직원으로서 가져야 하는 기본적인 윤리의식은 무엇이라고 생각하는지 작성하고, 지원하는 직무와 어떻게 연관지어 수행할 것인지 대하여 작성해 주십시오."
277,5,본인이 속한 조직의 이익과 발전을 위해 실천했던 사항 또는 포스코건설이 기업시민 이념을 실현하기 위한 아이디어를 작성하여 주십시오.
278,5,"귀하의 인생에서 가장 중요한 가치가 무엇인지 설명하고, 이를 현대백화점그룹이 지향하는 6가지 핵심가치와 연결지어 설명하시오."
279,5,"평소 현대홈쇼핑(TV 방송/Hmall)을 이용하며 느꼈던 장단점을 제시하고, 현대홈쇼핑의 경쟁력을 제고할 수 있는 아이디어를 제시하시오."
280,5,본인의 가치관 또는 좌우명이 당사의 인재상 및 비전과 어울리는지 본인의 경험 및 사례를 통해 구체적으로 기술하시오.
281,5,"사회적 책무성 및 교육의 공공성을 위해, 한국교육학술정보원(KERIS)에 입사하게 된다면, 공공기관 직원으로서 갖추어야 할 자질은 무엇인지 기술해주시기 바랍니다"
282,5,연합뉴스TV를 선택한 이유(지원동기 및 방송철학) (800자)
283,5,연합뉴스TV가 본인을 선발해야 하는 이유 (800자)
284,5,"신입사원인 A사원은 팀 내 직속 선배인 B대리와 함께 신사업 프로젝트를 수행하고 있습니다. 프로젝트 도중, A사원은 B대리가 작업한 사업성 분석 자료에 큰 결함이 있는 것을 발견하였습니다. A사원은 이로 인해 회사가 상당한 손실을 입을 것으로 판단하고 있습니다. 이때 A사원의 입장에서 어떠한 행동을 취할 것인지, 그렇게 생각한 이유와 함께 서술해 주세요."
285,5,"빙그레의 인재상에 비춰볼 때, 본인은 어떤 유형의 인재라고 생각하는지 구체적 사례를 들어 기술해 주세요."
286,5,최근 급변하고 있는 글로벌 자동차 시장 환경 속에서 현대차가 향후 나아갈 방향에 대하여 수익성 개선 관점에서 제언하시오.
287,5,"IBK기업은행에 입행하여 이루고 싶은 목표에 대해 기술하고, 목표를 이루기 위해 현실적으로 달성할 수 있는 계획을 작성하시오."
288,5,"금융기관이 중점을 두고 추진하는 금융사업(또는 상품) 중 하나를 선택하여, 해당 금융사업(또는 상품)의 장단점을 분석하고 개선안을 제안하시오."
289,5,"본인이 회사를 선택할 때 가장 중요하게 생각하는 것과, 환인제약이 그것과 어떻게 부합하는지 기술하시오."
290,5,"인생에서 가장 중요하다고 생각하는 가치를 쓰고, 가장 중요하게 생각하는 이유 및 그 가치를 실천한 사례를 구체적으로 작성하시오."
291,5,What Makes You Move? 무엇이 당신을 움직이게 하는지 기술해주십시오.
292,5,"당사 핵심가치는 고객최우선, 도전적실행, 소통과협력, 인재존중, 글로벌지향 입니다. 이 중 한가지를 택하여 당신이 왜 울산공장에 적합한 인재인지를 서술해주십시오."
293,5,자동차 산업 패러다임 변화에 대응하기 위한 현대자동차 생산공장의 인력운영 방향에 대해 본인의 생각을 기술해주십시오.
294,5,"CJ제일제당이 속한 식품산업군은 급속한 환경의 변화가 이루어지는 시장입니다. 식품산업군의 지원 직무 Specialist로 어떤 미래를 그리고 싶은지, 본인의 성장 계획을 작성해주십시오."
295,5,ASML의 인재상에 부합하는 이유
296,5,ASML의 CSE를 선택한 이유
297,5,ASML만을 위해 노력해온 지식과 경험
298,5,"한국철도의 일원이 되어 업무를 수행하는 데 있어서 가장 중요한 직업윤리가 무엇인지, 해당 직업윤리가 왜 중요한지 본인의 경험을 바탕으로 작성해 주십시오."
299,5,"팬오션의 인재상은 1) 창의적으로 사고하는 혁신가, 2) 최고를 지향하는 전문가, 3) 열린 마음을 지닌 팀 플레이어, 4) 세계 시장을 선도하는 실천적 리더입니다. 만약, 인재상 한가지를 추가한다면 무엇이라 생각하며, 그 이유에 대해 본인의 원칙과 신념에 근거하여 기술해 주세요."
300,5,내가 원하는 나의 미래의 모습은?
301,5,“책임감”을 정의해 보시오.
302,5,"세아제강 핵심가치 중, 본인에게 가장 부합되는 가치와 그 이유를 기술하시오."
303,5,말보다 행동으로 실천하여 도전하는 인재(성장과정)
304,5,"최근 은행은 디지털 전환이 가속화되고 있습니다. 이러한 상황 속에서 (1) 향후 은행 사업이 어떻게 변화해 갈 것인지, (2) 변화된 환경에서 은행원으로서 필요한 역량과 본인이 갖춘 역량을 비교하여 기술해 주세요."
305,5,최근 사회 이슈 중 중요하다고 생각되는 한가지를 선택하고 이에 대한 자신의 견해를 기술해주시기 바랍니다.
306,5,"우리 원에서 수행하고 있는 사업들 중에서 본인이 가장 관심 있는 사업을 선정하고, 해당 사업을 운영하는 궁극적인 목표를 달성하기 위해 어떤 개선점들이 필요하다고 생각하는지와 그렇게 생각하는 이유에 대해 기술해 주십시오. (600자 이내)"
307,5,"본인이 회사를 선택할 때의 기준은 무엇이며, 왜 현대자동차가 그 기준에 적합한지를 기술해 주십시오."
308,5,"21년 이후, 현대자동차와 관련하여 발생한 이슈사항을 한 가지 선정하고, 재경측면에는 어떤 영향을 미칠지, 지원 직무의 관점에서 기술해 주십시오."
309,5,"유통 업계의 담당 관리자로서 중요한 점 한 가지를 설명하고, 관련된 경험과 함께 서술하세요."
310,5,"한국미니스톱의 임직원으로서 지녀야 할 키워드 두 가지를 선택하고, 이를 바탕으로 관련된 경험과 함께 서술하세요."
311,5,"전국 미니스톱 매장 중 한 군데를 방문해보고, 이에 대한 자신의 생각을 서술하세요."
312,5,"일룸의 영업전문직으로서 필요한 역량 2가지를 제시하고, 이와 연관된 사례로 서술하세요."
313,5,현대자동차그룹의 5가지 핵심가치 중 1가지를 택하여 본인이 왜 현대차증권에 적합한 인재인지 기술해 주십시오.
314,5,글로벌을 포함한 최근 자본시장의 이슈 중 한 가지를 선택하여 자신의 견해를 기술해 주십시오.
315,5,학교 생활 및 특기 사항
316,5,포스트 코로나 시대가 도래함에따라 기업들은 이전과는 다른 방식의 Digital Transformation을 통하여 성장 모멘텀을 가져가야 합니다. 지원자 본인이 관심을 가지고 있는 국내외 기업을 선정하여 해당 기업이 추진할 수 있을만한 Digital Transformation의 방향성과 이유에 대하여 작성해주세요.
317,5,"평소 CU 편의점 이용 시 느꼈던 장단점을 기술하고, CU 편의점 경쟁력을 제고할 수 있는 아이디어를 제시하시오."
318,5,지원자께서 생각하는 삶의 핵심가치는 무엇인지 작성하여 주시기 바랍니다.
319,5,"KB국민카드에서 일반직무 업무를 수행하기 위하여 어떤 준비(역량 개발)를 해왔으며, 이를 토대로 KB국민카드에 어떻게 기여할 수 있을지를 반드시 아래의 사항을 포함하여 ‘보고서 형식’으로 작성하여 주시기 바랍니다."
320,5,"Tell us what/who inspires you and why . - 단어 기준, 공백 제외"
321,5,"Tell us about a time you went above and beyond . - 글자수 기준, 공백 제외"
322,5,"다음 사전과제 5가지 문항 중 2가지를 골라 문항번호를 기입한 뒤 각 1,000자 이내로 작성해 주세요. - 2. 현대카드는 데이터 사이언스 역량을 기반으로 개인별 맞춤 혜택을 제공하는 ""3층 시스템"", 고객의 편의를 제공하는 ""카드번호 유지 재발급 서비스"" 등 다양한 디지털 서비스를 제공하고 있습니다. 현대카드가 기존의 서비스 외 메타버스, NFT 등 새로운 기술을 활용하여 선보일 수 있는 신규 서비스를 제안해 주세요."
323,5,"MZ세대는 금융이력이 짧아 기존 신용평가 심사기준*으로는 낮은 평가 등급을 받거나, 제대로 신용을 평가하기 어려운 상황입니다. 미래의 잠재 고객인 대학생 또는 사회 초년생을 대상으로 한 새로운 심사기준을 제시해 주세요. *기존 신용평가 심사기준: 소득규모, 직장정보, 불량정도(연체, 대출이력) 등"
324,5,"앞으로 5년 간 중요할 것으로 생각되는 대한민국의 안보이슈를 1개 선택하고, 그 이유와 본인이 생각하는 해당 이슈의 전망을 기술해 주시기 바랍니다. ( 500자 이내 , 띄어쓰기 제외)"
325,5,증권업을 선택하게 된 이유와 증권사 중 당사를 선택한 이유 (최대 300자)
326,5,현대백화점그룹이 지향하는 4가지 실천가치(열정/소통/창의/파트너십 중 택1)와 부합하는 본인의 강점과 경험을 기술하여 주십시오.
327,5,"사회적 책무성 및 교육의 공공성을 위해, 한국교육학술정보원(KERIS)에 입사하게 된다면, 공공기관 직원으로서 갖추어야 할 자질은 무엇인지 기술해주시기 바랍니다."
328,5,본인의 삶에 있어 가장 소중한 가치에 대해 구체적인 사례를 들어 설명해 주세요.
329,5,"본인이 생각하는 CE직무와 가장 유사한 직업이 무엇인지와, 선정한 이유를 설명해주세요."
330,5,농협목우촌의 성장방향을 제시 및 입사 후 어떤 VISION으로 달성할 것인지 기술
331,5,선진이 지금까지 성장을 이룬 바탕이 무엇이라고 생각하는지 기술하여 주십시오.
332,5,위에서 기술한 내용을 바탕으로 KIST 입원 후 본인의 발전계획에 대하여 기술하여 주십시오.(300자 이내)
333,5,"당신에게 주어진 자원은 무엇이었으며, 자원이 부족하진 않았습니까? (300자 이내)"
334,5,"어떤 방식으로 자원을 관리하셨으며, 목표는 달성하셨습니까? 그렇게 하실 수 있었던 이유는 무엇입니까? (400자 이내)"
335,5,"기업에서 IT역량강화 혹은 디지털혁신의 가장 중요한 요소가 무엇이라고 생각하는지, 본인의 관련된 경험 및 몰입하고 있는 분야와 연관지어서 작성해 주세요."
336,5,"최근 우리은행이 당면한 과제를 한가지 제시하고, 이에 대한 해결방안과 본인이 기여할 수 있는 바를 구체적으로 작성해 주십시오. (1200Bytes)"
337,5,LS전선의 핵심가치 중 본인을 가장 잘 설명할 수 있는 한 가지를 선택하여 그 이유를 경험 중심으로 작성해주세요.
338,5,소프트웨어정책연구소의 역할에 비추어 현재 상태에서의 SPRi의 사업환경을 SWOT 관점에서 분석하고 앞으로 나아가야 할 방향에 대해 본인의 생각을 기술해 주십시오. (1000자 이내)
339,5,"LS엠트론의 핵심가치(주인의식, 기술선도, 청년정신) 중 자신이 가장 중요하게 생각하는 가치는 무엇이며, 해당 가치를 실천한 사례를 기술해 주시기 바랍 니다."
340,5,4차 산업혁명과 Digital Transformation이 본인이 지원하는 사업분야 또는 직무에 어떠한 영향을 미칠지 의견을 제시해 주시기 바랍니다.
341,5,국민연금제도는 국민의 노후 소득보장을 위한 사회보장제도입니다. 국민연금 제도 특성을 고려하여 제도를 시행하는 목적 등 국민연금 제도에 대한 자신의 생각을 구체적으로 기술하여 주시기 바랍니다. (300자 이상 500자 이내)
342,5,"업무 수행 시, 희망하는 퍼시스그룹 브랜드를 작성하시오. (최소 1자, 최대 30자 입력가능)"
343,5,"본인이 보유한 Skill의 활용 정도를 모두 적어주세요 [작성예시 : ① C - 2 ② Java - 2 ③ Linux 커맨드 및 개발환경 - 1 ④ Shell Scripting - 0 ⑤ Android - 2 ⑥ R - 2] 4 - 대규모 프로그램 및 시스템을 참고사항(책/인터넷)없이 개발할 수 있으며, 일반적이지 않은 난해한 부분도 일부 참고를 통해 개발할 수 있음. 3 - 중간규모 프로그램 및 시스템을 개발할수 있으며, 주요 이슈 트러블슈팅을 할 수 있을 정도로 내부구조에 대해 이해하고 있음. 2 - 시스템 동작 방식을 알고 있으며, 기본적인 기능을 구현할 수 있음. 1 - 코드를 읽을 수 있으며, 책을 참고하여 약간의 수정작업 또는 작은 변경사항 추가를 할 수 있음. 0 - 경험/지식 없음."
344,5,"본인의 최대 장점은 무엇이며, TKE의 핵심가치인 ""신뢰와 존중, 도전과 열정""에 어떻게 연결되어 역량을 발휘할 수 있을지 기술하십시오."
345,5,최근 사회이슈 중 중요하다고 생각되는 한가지를 선택하고 이에 관한 자신의 견해를 기술해 주시기 바랍니다. (영문작성 시 2000자) 이내
346,5,"비알코리아가 현재 보유하고 있는 비즈니스 측면의 강점과 잠재력은 무엇이라고 생각합니까? (최소 200자, 최대 2,000자)"
347,5,"SPC그룹의 핵심가치(정직, 혁신, 협업) 중 한 가지를 선택하고, 그와 관련하여 가장 인상 깊었던 사례와 그 이유를 서술하십시오. (최소 200자, 최대 2,000자 )"
348,5,단기 업무 계획 (입사 후 1~2년내)
349,5,계획하고 있는 장래의 모습과 이를 위한 노력
350,5,"즐겨찾는 인터넷 사이트, 구독하고 있는 서비스를 즐겨 보는 이유와 본인에게 어떤 영향을 미쳤는지 기술해 주십시오."
351,5,현재 소재산업의 화두와 앞으로의 트렌드에 대한 본인의 생각을 기술해 주세요.
352,5,"글로벌 MZ 세대 대상으로 현대자동차의 EV, IONIQ 을 효과적으로 어필하기 위한 글로벌 마케팅 아이디어를 기술해 주십시오."
353,5,귀하가 회사를 선택하는 기준은 무엇입니까? 그리고 아성다이소가 그러한 기준에 어떻게 부합하는지 기술해 주시기 바랍니다.(700자 이내)
354,5,농심의 이미지를 정의하고 추가하고 싶은 이미지는 무엇인지 서술
355,5,현재 식품업계의 화두와 앞으로의 트렌드에 대한 본인의 생각을 기술해 주세요.
356,5,"한샘의 영업전문직(SC)으로 성장할 수 있는 키워드를 선정하고, 영업과 관련된 사례를 바탕으로 서술하세요."
357,5,향후 영업전문직(SC)으로 성장하며 장기적인 목표는 무엇인가요?
358,5,최근 사회이슈 중 중요하다고 생각되는 한가지를 선택하고 이에 관한 자신의 견해를 기술해 주시기 바랍니다
359,5,"무기체계는 특정한 운용 목적을 달성하기 위한 무기를 중심으로 구성된 주요 장비 및 관련되는 기재의 총체로, 당사의 경우는 유도무기/감시정찰/지휘통제통신/항공전자/전자전/무인로봇/사이버전/M&S/IPS(ILS)를 의미합니다. 자신을 가장 잘 표현할 수 있는 당사의 무기체계 또는 무기를 선택하고, 어떠한 점이 본인을 잘 표현했다고 생각했는지 이유를 작성해주세요."
360,5,"LIG넥스원의 인재상은 ""개방과 긍정의 자세로 끊임없는 혁신 추구를 통해 지속 성장하는 사람""입니다. 본인이 LIG넥스원의 인재상에 얼마나 부합하는가를 자신의 경험으로 증명해주세요."
361,5,"부산MBC가 나를 뽑아야 하는 이유를 다른 사람과 구별되는 능력, 지식, 특기 등을 중심으로 기술하시오. (500자 이내)"
362,5,"본인의 회사선택 기준은 무엇이며, 포스코가 그 기준에 적합한 이유를 서술하여 주십시오. (1800byte)"
363,5,최근 국내외 이슈 중 한 가지를 선택하여 본인의 견해를 서술하여 주십시오. (1800byte)
364,5,"우리 원의 직원으로서 청렴성과 공익성을 지켜야 하는 이유는 무엇이며, 지원자께서 평소 청렴성과 공익성을 지키기 위해 어떤 노력을 하고 있는지 서술해 주시기 바랍니다. (500자 이내)"
365,5,본인을 채용하게 되면 포스코케미칼에 영향을 줄 수 있는 긍정적인 측면과 기회에 대해 구체적으로 기술하시오.
366,5,LS전선의 핵심가치 중 본인을 가장 잘 설명할 수 있는 한가지를 선택하여 그 이유를 경험 중심으로 작성해주세요.
367,5,여신전문업을 선택하게된 이유와 여신전문사 중 당사를 선택한 이유 (최대 300자)
368,5,"화학과 소재가 우리의 실생활과 미래의 변화에 미칠 영향은 무엇이라고 생각하며, 2) 입사 후 지원 분야에서 기여할 수 있는 부분을 본인의 가치관과 경험에 근거하여 기술해 주십시오."
369,5,본인의 가치에 현대제철이 부합하는 이유
370,5,최근 산업위생/산업보건 분야의 이슈사항 및 트렌드를 고려한 기여방안
371,5,"로봇 관련 두개이상의 키워드를 들어 ""대조, 대비, 비교""를 통해 본인의 의견을 작성해주세요"
372,5,"공공기관에서 업무를 수행함에 있어 원만한 직업생활을 위한 태도, 매너, 올바른 직업관이 왜 중요한지 본인의 가치관을 중심으로 작성해 주십시오. 최대 800자 이하"
373,5,"본인의 회사 선택 기준은 무엇이며, 현대중공업그룹이 어떤 측면에서 그 기준에 적합하다고 생각하는지 기술하시오."
374,5,"한국항공우주산업(주)에 관해 알고 있는 주요 내용(개발, 사업, 제도)은 무엇이며 당사를 선택한 이유에 대해 기술해주시기 바랍니다."
375,5,삶의 가치관 또는 비전
376,5,광고/마케팅 비즈니스에 관심을 갖는 이유에 대해서 작성해 주세요.
377,5,"언택트로 인한 다양한 사회 이슈들이 발생하고 있습니다. 이러한 사회 이슈 중 하나를 선택하고, 해당 이슈를 해결하기 위한 컨텐츠를 제안해 주세요. 1) 어떤 이슈이며, 왜 그 이슈를 선택했는지, 2) 어떤 내용/형식의 컨텐츠를 제작하여 3) 어떤 매체를 통해 전달/확산시킬 것인지가 내용에 포함되어야 합니다."
378,5,"공사 핵심가치 중에는 공익성, 나눔과 배려가 있습니다. 이와 관련된 지원자의 경험이 있다면 기술하여 주십시오."
379,5,"지원 직무 관련 최근 Trend를 간략히 기술하고, 이에 대한 본인의 견해를 구체적으로 기술하여 주시기 바랍니다. (1000자)"
380,5,우리 공단의 존재 이유에 대해 생각해보시기 바랍니다. 공단의 지속적 존재를 위한 본인의 역할과 목표에 대해 구체적으로 작성해 주시기 바랍니다.
381,5,당사 제품 및 판매 채널을 한가지씩 선정하여 매출 확대를 위한 본인의 방안을 기술해 주세요.
382,5,최근 의료계의 이슈 중 중요하다고 생각되는 한가지를 선택하고 이에 관한 자신의 견해를 기술하세요.
383,5,LG이노텍의 세 가지 핵심가치 중 하나를 선택하여 이를 실천한 본인의 성공 또는 실패 사례를 기술해주십시오.(500자)
384,5,강원대학교병원의 핵심가치* 중 조직 발전을 위해 가장 중요하다고 생각하는 것은 무엇인지 본인의 경험을 바탕으로 기술해 주세요.
385,5,마케팅 직무를 위해 준비되어 있는 것
386,5,"국민체육진흥공단에서 수행중인 사업 중 관심있는 분야는 무엇인지 기술해 주십시오. (300자 이내 작성)1-1) 해당 사업에 관심을 갖게 된 계기는 무엇이며, 본인이 기여할 수 있는 방안에 대해 기술해 주십시오. (300자 이내 작성)"
387,5,즐겨 찾는 인터넷 사이트와 그 이유를 설명해 주십시오.
388,5,최근 대학 관련 이슈 중 가장 중요하다고 생각되는 한 가지를 언급하고 이에 대한 자신의 견해를 기술해 주십시오.
389,5,"고객마인드 (고객을 위한 헌신, 상담능력 등)"
390,5,"자기소개서 무기체계는 특정한 운용 목적을 달성하기 위한 무기를 중심으로 구성된 주요 장비 및 관련되는 기재의 총체로, 당사의 경우는 유도무기/감시정찰/지휘통제통신/항공전자/전자전/무인로봇/사이버전/M&S/IPS를 의미합니다. 자신을 가장 잘 표현할 수 있는 당사의 무기체계 또는 무기를 선택하고, 어떠한 점이 본인을 잘 표현했다고 생각했는지 이유를 작성해주세요."
391,5,휴넷에서 이루고자 하는 목표 혹은 비전이 있다면 어떤 것인지 작성해주세요.
392,5,공공기관 직원으로서 갖추어야 하는 가장 중요한 가치가 무엇인지 본인의 생각을 말씀해 보세요. (0/500자)
393,5,지원자 본인이 변화를 두려워하지 않고 통찰력과 창의적인 사고로 꾸준히 혁신하고 변화를 주도하는 사람임을 가장 잘 나타내는 최근 5년 이내의 사례를 기술해 주시기 바랍니다.
394,5,"(직업윤리) 공직자의 직업윤리가 중요한 이유를 본인의 가치관을 중심으로 기술해 주십시오. (약 1,000 byte)"
395,5,"(KOGAS 핵심가치) 미래 에너지 시장을 리딩하는 KOGAS의 새로운 핵심가치는 다음과 같습니다. 1) 미래주도 (Global leader) 2) 안전우선 (Responsibility) 3) 열린사고 (Expansion) 4) 소통협력 (ENgagement) 위 네 가지 중에서 본인의 역량과 부합하는 한 가지 항목을 선택하여 타인과 차별화 될 수 있는 본인의 핵심역량을 구체적 경험을 바탕으로 기술하여 주십시오. 또한 지속가능한 미래 에너지 기업인 KOGAS가 나아가야 할 방향도 함께 고려하여 입사 후 실천할 목표 및 자기계발 계획에 대해 구체적으로 기술해 주십시오. (약 3,000 byte)"
396,5,"본인이 생각하는 '글로벌 역량'이란 무엇이며, 본인이 그것에 어떻게 부합하고 당사의 해외 진출에 어떻게 기여할 수 있는지 기술하여 주십시오."
397,5,"[소통] ""우리에프아이에스와 우리금융그룹"" 하면 떠오르는 이미지를 말씀해 주시고, 본인이 신입사원으로서 기존직원들과의 조화를 위해 어떠한 방식으로 조직문화를 만들어나갈 것인지 여러분의 생각을 말씀해 주세요."
398,5,[트렌드] 코로나19 이후 주도해갈 금융 IT트렌드는 어떤 것이 있을지 주제 한가지를 선택하고 본인의 견해를 말씀해 주세요.
399,5,"당사 인재상(세계로, 미래로, 하나로) 중 자신을 가장 잘 표현하는 것을 선택하여 경험적 사례를 통해 설명해 주세요. 600자"
400,5,최근 사회이슈 중 전공 또는 희망직무와 관련하여 중요하다고 생각되는 한가지를 선택하여 자신의 견해를 기술해 주세요. 600자
401,5,"존경하는 인물, 여행스타일, 친구들과의 여행 중 본인의 역할, 가장 시간을 많이 투자하는 행위"
402,5,내가 이 포지션에 적합한 사람인 이유
403,5,"-홈플러스 익스프레스 매장과 경쟁사의 각 장점과 단점에 대해 기술하고, 개선하기 위한 아이디어를 제안해 주십시오."
404,5,"홈플러스 익스프레스 5대 가치 중 가장 중요하다 생각하는 1가지를 선택하고, 그 사유에 대해 기술하십시오. 1. 무결품 2. 선도관리 3. 가격불만 Zero 4. 청결과 안전 5. 신속한 계산"
405,5,1번의 사항을 바탕으로 한전KPS에서 수행하고 싶은 직무에 대하여 기술해주시기 바랍니다.
406,5,한전KPS의 중장기 전략경영계획(비전2030)을 참고하여 본인의 향후 역량개발계획을 상세하게 기술해주시기 바랍니다.
407,5,Motivation for Applying to ASML Korea
408,5,My specific action plan as a Customer Support Engineer
409,5,"최근 은행은 디지털 전환이 가속화되고 있습니다. 이러한 상황 속에서 (1) 향후 은행 사업이 어떻게 변화해 갈 것인지 (2) 변화된 환경에서 은행원으로서 필요한 역량과 본인이 갖춘 역량을 비교하여 기술해 주세요 (최대 1,000자 입력가능)"
410,5,증권업을 선택하게 된 이유와 증권사 중 당사를 선택한 이유(300자)
411,5,경기문화재단이 앞으로 나아갈 목표와 방향이 무엇인지 작성해 주시기 바랍니다.
412,5,"한국항공우주산업(주)에 관해 알고 있는 주요 내용(사업, 업무, 제도)은 무엇이며 당사를 선택한 이유에 대해 기술해주시기 바랍니다."
413,5,"항공기개발, 생산, 운영 또는 항공산업 발전을 위해 가장 중요하게 생각하는 것은 무엇이며, 그 이유에 대해 작성해주시기 바랍니다."
414,5,지원 분야 기여 가능 부분
415,5,"한국발명진흥회에 대해 본인이 알고 있는 내용은 무엇이며, 그 정보를 어떻게 얻게 되었는지 기술해 주십시오. 또한, 그 중 어떠한 점에 이끌려 우리 회에 지원하게 되었는지 기술해 주십시오."
416,5,"한국철도공사 직원으로서 가장 중요하게 생각해야 할 가치는 무엇이라고 생각하며, 지원자는 평소 해당 가치를 실현하기 위해 어떤 노력을 하는지 구체적으로 작성해 주십시오."
417,5,"(NCS 직업기초: 공동체윤리) 지원한 직무에서 지켜야 하는 원칙이나 가치는 무엇이라고 생각하는지 기술해주십시오. ① 지원직무에서 해당 원칙이나 가치를 지켜야하는 이유가 무엇이라고 생각하는지, 그렇게 생각하게 된 계기는 무엇인지 함께 기술해 주십시오. ② 평소 다른 업무나 과업을 수행하면서 해당 원칙이나 가치를 어떻게 실천하고 있는지, 그러한 원칙과 가치를 지키는데 어떤 어려움이 있는지, 그 어려움을 극복하기 위해 어떻게 노력하고 있는지를 구체적인 사례를 바탕으로 기술해 주십시오. (0 / 500 자이내)"
418,5,"아래 가운데 하나를 선택한 후, 창의적이고 구체적인 실현방안을 작성해주십시오. (700자 이내) ① 교육의 질적 향상 방안(학부교육 중심) ② 학생 문화활동의 다양화 방안 ③ 학교 인지도 향상을 위한 방안 ④ 등록금 외의 수입 재원의 다양화 방안 ⑤ 대학입시제도 발전방안"
419,5,"최근 한국철도공사의 주요 이슈에 대해 한 가지를 언급(선택)하고, 그것에 대한 본인의 의견을 기술하여 주십시오.(400자, 800bytes)"
420,5,(자원관리능력) 여러 가지 일을 한꺼번에 처리해야 하는 경우 본인은 어떠한 방식으로 우선순위를 정해왔는지 그 원칙을 설명하고 실행사례나 경험을 기술하시오.
421,5,"자동차는 이제 단순한 이동 수단을 넘어 그 자체로 움직이는 IT 기기가 되고 있습니다. 최근 인상 깊게 봤거나 경험한 차량 IT 기술에 대해 설명하고, 향후 출시할 기아차에 어떻게 접목시킬 수 있을지 기술해 주십시오."
422,5,"## 본인이 생각하는 영업역량이란 무엇인지 정의하고, 귀하께서 UB(Universal Banker)인재로 성장하기 위해 어떤 노력을 해왔는지 사례를 들어 기술해주세요. 나아가 언택트(비대면) 환경 속에서 KB국민은행은 어떤 영업전략을 수립하면 좋을지 서술하십시오."
423,5,독립기념관에 들어오면 갖게되는 좋은 점과 기회에 대해 기술해 주십시오 현재 0 Bytes / 200 Bytes 이내
424,5,위 질문과 반대로 나쁜 점과 위험 요소는 무엇이라고 생각합니까? 현재 0 Bytes / 200 Bytes 이내
425,5,어떻게 달리 처리해야 했습니까? 현재 0 Bytes / 200 Bytes 이내
426,5,그 결과에는 어느 정도 만족하십니까? 현재 0 Bytes / 200 Bytes 이내
427,5,그 점을 어떻게 증명할 수 있습니까? 현재 0 Bytes / 200 Bytes 이내
428,5,고객만족을 위해서 가장 필요한 것은 무엇이라고 생각합니까? 7-1. 귀하는 그것을 어느 정도 가졌다고 생각합니까? 현재 0 Bytes / 200 Bytes 이내
429,5,귀하가 지원한 분야에서 고객은 누구입니까? 현재 0 Bytes / 200 Bytes 이내
430,5,고객을 만족시켜야 하는 이유는 무엇입니까? 현재 0 Bytes / 200 Bytes 이내
431,5,"[조직이해능력] 우리 공단은 국가유공자를 위한 의료·복지서비스를 제공하고 있습니다. 우리 공단의 주요 고객과 사업의 관점에서 지원자가 생각하는 공단의 미래 방향을 제시하고, 이를 달성하기 위한 방안을 함께 제시해 주시기 바랍니다."
432,5,최근 대학 환경과 관련한 국내외 이슈 중 한 가지를 선택하여 본인의 견해를 기술해 주십시오. (500자)
433,5,본인의 가치관과 금융기관의 임직원으로서 가져야 할 기본적인 가치는 무엇이라고 생각하는지 BNK금융그룹과 연관지어 기술해 주십시오. (최대 600자 입력가능)
434,5,효율적으로 일하는 것은 무엇인지 최근의 워라밸 문화확산과 연관지어 기술해 주십시오. (최대 600자 입력가능)
435,5,디지털 중심의 금융미래를 대비하는 중요한 경쟁력은 무엇인지 본인의 장점과 연관지어 기술해 주십시오. (최대 600자 입력가능)
436,5,최근 사회 이슈 中 중요하다고 생각되는 한가지를 선택하고 이에 관한 자신의 견해를 기술해 주십시오.(최대 600자 입력가능)
437,5,"직장 생활에 대한 본인만의 원칙 세 개를 나열 후, 그 이유에 대해 설명해 주세요.(최소 200 최대 500)"
438,5,"최근 은행의 영업점이 줄어들고 비대면 거래가 증가함에 따라 신규고객을 창출하기 위한 전략은 무엇이 있을지 기술해 주시고, 이를 위해 본인은 어떤 역할을 할 수 있을지 과거 본인의 업적과 경험을 기반하여 작성하여 주십시오."
439,5,"서울시설공단 인재상 중에서 본인과 부합된다고 생각하는 인재상(전문인, 창조인, 소통인)을 하나 선택하여 본인의 보유 역량과 결부하여 기술하여 주시기 바랍니다."
440,5,우리 공사의 비젼은 ‘국민과 함께 행복한 세상을 가꾸는 친환경 에너지 리더’입니다. 이를 위한 우리공사의 역할과 입사 후 자신이 기여할 수 있는 방안에 대하여 기술해 주시기 바랍니다. (400~700자)
441,5,공기업 직원으로서 직업윤리가 왜 중요한지 자신의 가치관을 중심으로 기술해 주시기 바랍니다. (400~700자)
442,5,"평소 현대백화점을 이용하며 느꼈던 장단점을 제시하고, 현대백화점의 경쟁력을 제고할 수 있는 아이디어를 제시하시오. 800"
443,5,(직업윤리) 공직자의 직업윤리가 중요한 이유를 본인의 가치관을 중심으로 기술해 주십시오. (500자 이내)
444,5,(KOGAS 핵심가치) 미래 에너지 시장을 리딩하는 KOGAS의 새로운 핵심가치는 다음과 같습니다. 1) 미래주도(Global leader) 2) 안전우선(Responsibility) 3) 열린사고(Expansion) 4) 소통협력(ENgagement) 위 네 가지 중에서 본인의 역량과 부합하는 한 가지 항목을 선택하여 타인과 차별화될 수 있는 본인의 핵심역량을 구체적 경험을 바탕으로 기술하여 주십시오. 또한 지속가능한 미래 에너지 기업인 KOGAS가 나아가야 할 방향도 함께 고려하여 입사 후 실천할 목표 및 자기계발 계획에 대해 구체적으로 기술해 주십시오. (1500자 이내)
445,5,한전KPS의 중장기 전략경영계획(비전2030)을 참고하여 본인의 향후 역량개발계획을 상세하게 기술해주시기 바랍니다.(1000자 내외)
446,5,자신이 가장 중요하게 여기는 윤리적 원칙은 무엇입니까? 일반적 정의가 아닌 본인 스스로의 정의를 내리고 이를 실천했던 사례와 과정을 기술하여 주십시오.
447,5,공공기관으로서 직업윤리가 왜 중요한지 본인의 가치관을 중심으로 설명하십시오. (500자)
448,5,(관련분야 이해도) 최근 에너지분야 이슈 중 중요하다고 생각되는 한가지를 선택하고 이에 관한 자신의 견해를 기술해 주시기 바랍니다. (500자 이내)
449,5,우리 공사의 비젼은 ‘국민과 함께 행복한 세상을 가꾸는 친환경 에너지 리더’ 입니다. 이를 위한 우리공사의 역할과 입사 후 자신이 기여할 수 있는 방안에 대하여 기술해 주시기 바랍니다.
450,5,귀하가 회사를 선택하는 기준이 무엇이며 왜 그 기준에 AMOREPACIFIC이 적합한지 기술해 주십시오. 500
451,5,"아모레퍼시픽그룹은 '사람을 아름답게, 세상을 아름답게'라는 특별한 소명을 갖고 있습니다. 입사한다면 이러한 소명을 본인의 직무 영역에서 어떻게 실현할 수 있을지 기술해 주십시오. 500"
452,5,지원 직무 관련 최근 중요하다고 판단하는 이슈/트렌드 한 가지를 작성하여 주십시오. 해당 이슈/트렌드가 중요하다고 판단한 사유와 SK브로드밴드 사업에 대한 이해를 바탕으로 지원 직무 담당자로서의 대응 방안을 작성하여 주십시오. (1000 자 10 단락 이내)
453,5,평소 본인만의 가치관(삶 또는 업무)을 제시하고 현대렌탈케어가 그에 적합하다고 판단한 이유를 서술하여 주십시오.
454,5,"현대렌탈케어에서 이루고 싶은 본인만의 목표(인생, 업무 등)와 이를 이루기 위한 계획을 서술하여 주십시오."
455,5,귀하가 회사를 선택하는 기준이 무엇이며 왜 그 기준에 AMOREPACIFIC이 적합한지 기술해 주십시오.
456,5,"아모레퍼시픽그룹은 '사람을 아름답게, 세상을 아름답게'라는 특별한 소명을 갖고 있습니다. 입사한다면 이러한 소명을 본인의 직무 영역에서 어떻게 실현할 수 있을지 기술해 주십시오."
457,5,"귀하의 인생에서 가장 중요한 가치가 무엇인지 설명하고, 이를 현대백화점그룹이 지향하는 6가지 핵심가치와 연결지어 설명하시오.(500자)"
458,5,"백화점) 평소 현대백화점을 이용하며 느꼈던 장단점을 제시하고, 현대백화점의 경쟁력을 제고할 수 있는 아이디어를 제시하시오.(1000자)"
459,5,귀하가 가장 중요하게 생각하는 공공기관 직원이 가져야할 직업윤리는 무엇이며 그렇게 생각하는 이유에 대해 본인의 경험이나 가치관을 중심으로 서술하여 주십시오.(500~1000자 이내)
460,5,아리랑국제방송의 존재 이유에 대해 생각해 보시기 바랍니다. 우리 방송의 지속적 존재를 위한 본인의 역할과 입사 후 이루고자하는 목표에 대하여 구체적으로 작성해 주시기 바랍니다.
461,5,"앞으로 10년 안에 꼭 이루고 싶은 버킷리스트는 무엇이며, 그것을 이루기 위해 어떤 노력을 하고 있고 향후 어떻게 준비해 나갈 계획인지 기술하시오. [1500바이트]"
462,5,"최근 경험해 본 가장 혁신적이거나 편리했던 디지털 금융서비스(타사 서비스 포함)에 대해 설명하고, 보다 개선할 수 있는 점이 있다면 기술하시오. [1500바이트]"
463,5,최근 관심 분야와 JTBC 서비스에 접목할 수 있는 부분이 있다면 서술해 주세요.
464,5,직장인으로서 직업윤리가 왜 중요한지 본인의 경험을 중심으로 기술해 주세요.
465,5,"방문후기 : 인근 세븐일레븐 점포 방문 후, 그 후기를 적어주십시오. [일주일 이내, 점포명, 방문시간 필수기재]"
466,5,"한국전력공사의 4가지 인재상 중 본인과 가장 부합된다고 생각하는 인재상을 두 가지 선택하여 그렇게 생각하는 이유를 본인의 가치관과 연계하여 교육사항, 경험/경력 등 구체적인 사례를 들어 기술하여 주십시오. (300~700자)"
467,5,"한국전력공사의 4가지 인재상 중 본인과 가장 부합된다고 생각하는 인재상을 두 가지 선택하여 그렇게 생각하는 이유를 본인의 가치관과 연계하여 교육사항, 경험/경력 등 구체적인 사례를 들어 기술하여 주십시오. 700"
468,5,본인이 회사를 선택 할 때 가장 중요하게 생각하는 것과 한미약품이 그것과 어떻게 부합하는지 기술하여 주십시오
469,5,한미약품의 과거/현재/미래 각각의 키워드를 선정하고 그 이유를 기술하여 주십시오.
470,5,㈜푸르밀에서의 귀하의 Vision에 대하여 서술하시오. (500자).
471,5,"석유화학업계의 향후 트렌드를 조망하고, 롯데케미칼이 이러한 변화를 선도하기 위해 본인이 입사 후에 어떻게 회사에 기여하고 싶으신지, 본인의 강점 등 구체적 근거를 포함해 기술해 주세요.*700자 이내로 내용을 입력해주세요."
472,5,Recruiting Coordinator로 본인이 적합하다고 생각하는 이유
473,5,Recruiting Coordinator로 목표하는 점
474,5,"IBK 기업은행의 행원으로서 다양한 니즈를 찾아내는 관찰의 힘이 필요하다고 생각합니다. 차별화된 제안이 곧 신뢰와 매출로 이어지기 때문입니다. 실제로 고객에게 합리적인 제안으로 신뢰를 쌓고, 그것이 매출 증가로 이어진 경험이 있습니다."
475,5,"BTS의 신곡이 빌보드 싱글 차트 1위를 차지하고, 전세계적으로 K-POP이 큰 반응을 얻고 있는 ①이유와 ②이후 발전 방향에 대해 구체적으로 작성해주세요. (1,000자 이내)"
476,5,"최근 방송, 디지털 콘텐츠 중 ①자신이 가장 재밌게 시청한 프로그램 또는 콘텐츠를 선정하고 ②이에 대한 이유와 ③이후 발전 방향에 대해 구체적으로 작성해주세요. (1,000자 이내)"
477,5,만도 지원 동기 [
478,5,"당사 핵심가치는 고객 최우선, 도전적 실행, 소통과 협력, 인재존중, 글로벌 지향입니다. 이 중 한 가지를 택하여 자신이 왜 울산공장에 적합한 인재인지를 서술해 주십시오."
479,5,"최근 언론에 보도된 금융/경제/사회 이슈 중 지원부문과 관련된 주제를 선정하고, 그 이유와 본인의 견해를 자세히 기술해 주십시오 [1000바이트]"
480,5,신한카드를 선택한 이유와 그에 따라 기대하고 있는 10년 뒤 본인과 신한카드의 모습은? (1000byte 이내)
481,5,"본인이 생각하는 신한카드 비즈니스의 경쟁상대는 무엇이며, 그 이유를 신한카드의 VISION 관점에서 비교 기술해주세요. (1400byte 이내)"
482,5,"평소 CU 편의점 이용 시 느꼈던 장단점을 기술하고, CU 편의점 경쟁력을 제고할 수 있는 아이디어를 제시하시오. (최대 700자 입력가능)"
483,5,"에기평의 업무를 수행하는 데 있어 가장 중요한 직업윤리가 무엇이며, 해당 직업윤리가 왜 중요한지 본인의 가치관을 중심으로 기술해 주십시오. (600)"
484,5,"근무하고자 희망하는 지역에서 우리은행 주거래 고객을 늘리기 위한 본인만의 전략은 무엇인지 구체적으로 기술하여 주십시오. 1199/1200 (바이트 수(2 byte), 공백 포함)"
485,5,본인이 회사를 선택할 때의 기준과 그 기준에 부산롯데호텔이 부합하는 이유를 기술해 주세요.
486,5,"귀하는 마감시한이 정해진 문제를 해결하고자 할 때, 어떤 부분을 최우선순위에 두고 해결하려는 지와 그 이유를 경험에 근거하여 서술하시오."
487,5,"최근 우리 사회는 언택트 사회로 변화가 진행 중입니다. 이와 관련하여, ‘농협’이 언택트 사회에서 능동적으로 성장할 수 있는 ‘농협의 디지털혁신’ 아이디어를 제안하시오."
488,5,"본인이 회사를 선택할 때의 기준은 무엇이며, 왜 현대엔지니어링이 그 기준에 적합한지를 기술해 주십시오."
489,5,"국내외 에너지 산업 및 남동발전의 사업환경 분석을 통하여 앞으로 남동발전이 나아가야할 목표 및 목표달성을 위한 전략을 제시하고, 그렇게 제시한 이유를 구체적으로 기술해주십시오"
490,5,"한국남동발전 입사 후 업무를 수행함에 있어 가장 중요한 원칙과 사회생활을 함에 있어 가장 중요한 원칙은 각각 무엇이며, 그렇게 생각하는 이유를 본인의 가치관과 경험을 바탕으로 구체적으로 기술해주십시오"
491,5,"CJ제일제당이 속한 식품산업군은 급속한 환경의 변화가 이루어지는 시장입니다. 식품산업군의 지원 직무 Specialist로 어떤 미래를 그리고 싶은 지, 본인의 성장 계획을 작성해주십시오. (800자 이내)"
492,5,"한국가스기술공사에서 중요하게 생각하는 인재상은 다음과 같습니다. 1) 새로운 세계에 도전하는 사람 2) 헌신적인 열정을 가진 사람 3) 고객의 문제해결에 유능한 사람 세 가지 인재상 중 자신과 가장 부합된다고 생각하는 인재상을 하나 선택하여, 구체적인 사례를 포함하여 그렇게 생각하는 이유를 기술하여 주십시오"
493,5,자원은 얼마나 부족하였으며 그 이유는 무엇이었습니까?[ 50자 이상 100자 이내 ]
494,5,"한정된 자원을 어떻게 활용하였고, 이 때 가장 중요하게 고려하였던 점은 무엇이었습니까?[ 50자 이상 200자 이내 ]"
495,5,어떤 정보를 활용하였고 그 정보는 어떻게 얻었습니까?[ 50자 이상 200자 이내 ]
496,5,"농협 본연의 가치 구현을 위해 강조되고 있는 ESG 경영과 관련하여, 농협은행이 농업, 농촌 또는 지역 사회를 위해 실천 할 수 있는 방안은 무엇인지, 또 이와 관련하여 본인이 입행 후 수행 할 수 있는 역할은 무엇인지 기술해 주십시오."
497,5,"디지털 생활 금융 플랫폼을 구축 하는데 있어 가장 중요 하다고 생각되는 요소는 무엇인지 본인의 경험을 들어 설명하고, 이와 관련하여 본인이 입행 후 기여 할 수 있는 방안에 대해 기술해 주십시오."
498,5,"CJ제일제당이 속한 식품산업군은 급속한 환경의 변화가 이루어지는 시장입니다. 식품산업군의 지원 직무 Specialist로 어떤 미래를 그리고 싶은지, 본인의 성장 계획을 작성해주십시오. 800"
499,5,최근 사회이슈 중 중요하다고 생각되는 한가지를 선택하고 이에 관한 자신의 견해를 기술해 주시기 바랍니다. / 1000자 (영문작성 시 2000자) 이내
500,5,"본인이 희망하는 직무와 연계해 '나의 고객'을 정의하고, 그 고객에게 신뢰받기 위한 방안을 서술하세요. (800자 이내)"
501,5,지원 직무 관련 최근 중요하다고 판단하는 이슈/트렌드 한 가지를 작성하여 주십시오. 해당 이슈/트렌드가 중요하다고 판단한 사유와 SK브로드밴드 사업에 대한 이해를 바탕으로 지원 직무 담당자로서의 대응 방안을 작성하여 주십시오. 1) 지원 직무 관련 중요하다고 판단되는 이슈/트렌드 2) 해당 이슈/트렌드가 중요하다고 판단한 사유와 SK브로드밴드 사업에 대한 이해를 바탕으로 지원 직무 담당자로서의 대응 방안 작성 (1000 자 10 단락 이내)
502,5,SK브로드밴드 상품/서비스 관련 한줄평을 작성하여 주십시오.
503,5,"남동발전 입사 후 업무를 수행함에 있어 가장 중요한 원칙과 사회생활을 함에 있어 가장 중요한 원칙은 각각 무엇이며, 그렇게 생각하는 이유를 본인의 가치관과 경험을 바탕으로 구체적으로 기술해주십시오"
504,5,우리원 지원사유 (600)
505,5,"옷(의복)에 대한 최근 이슈(또는 뉴스) 중 관심있게 본 주제를 선정하고, 이에 대한 본인의 견해를 서술하시오."
506,5,본인을 표현할 수 있는 한 가지 키워드와 그것을 통해 세아상역에 어떻게 기여할 수 있는지를 서술하시오.
507,5,본인이 가장 즐겨보는 유튜브 채널과 그 이유는 무엇입니까? (500자 이내)
508,5,"클라우드, AI(인공지능), 빅데이터(Big Data) 등 최신 IT분야가 KBS에서 어떻게 접목되고 활용되어야 할지 서술해주십시오. (600자 이내)"
509,5,"공사는 T.O.P 조직문화를 가지고 있으며, T.O.P란 “Together(함께)”, “Open(열린)”, “Professional(전문적인)”을 의미합니다. 위 단어 중 하나를 선택하고, 선택한 단어가 조직문화에서 어떤 의미를 가지는지를 지원자의 경험과 함께 기술해 주십시오. (900자 이내)"
510,5,"공사 상품(보금자리론, 주택보증, 주택연금 등) 중 지원자가 가장 관심 갖고 있는 상품을 1가지 선정하고, 그 이유와 공사에 입사하여, 해당 상품 분야에 대한 전문가로 성장하기 위해 어떠한 계획을 가지고 있는지를 기술해 주십시오. (900자 이내)"
511,5,"공사에는 다양한 연령대의 고객이 있습니다. 지원자가 생각하는 20~30대, 40~50대, 60대 이상 고객별 주택금융 관련 관심과 니즈(needs)는 무엇인지 설명하고, 그러한 관심과 니즈를 고려한 공사의 역할은 무엇인지를 기술해 주십시오. (900자 이내)"
512,5,"공사는 사회적 책임을 다하기 위해, 은퇴금융아카데미, 재밌지예, 어르신 한글교실, 집 고치기 등 다양한 공익 지향적 활동을 진행하고 있습니다. 지원자의 과거 공익 지향적 경험은 무엇이며, 공사에 입사하여 공사의 특성 및 지원자의 경험을 반영하여, 새로운 공익 지향적 활동을 계획한다면, 어떠한 것이 있을지를 기술해 주십시오. (900자 이내)"
513,5,개인의 Vision에 대하여. (GS리테일에서의 Vision 포함)
514,5,국민연금제도는 국민의 노후 소득보장을 위한 사회보장제도입니다. 국민연금 제도 특성을 고려하여 제도를 시행하는 목적 등 국민연금 제도에 대한 자신의 생각을 구체적으로 기술하여 주시기 바랍니다.(300자 이상 500자 이내)
515,5,"디지털전환(DT)시대에 금융의 변화를 선도할 IT핵심 기술은 무엇인지 그 이유와 함께 설명해주시고, 그러한 기술력을 갖추기 위해 본인이 경험했거나 노력한 내용을 작성해 주십시오."
516,5,"최근 우리 사회는 언택트 사회로 변화가 진행 중입니다. 이와 관련하여, ‘농협’이 언택트 사회에서 능동적으로 성장할 수 있는‘농협의 디지털혁신’ 아이디어를 제안하시오."
517,5,"[필수] *** 작성해주시는 답변 모두 개발자가 검토할 거예요. 소스로, 코드로, 마음껏 자유롭게 작성해 주세요. *** 다음 중 자신 있는 분야를 우선순위 별로 작성해 주세요. ■ FE 개발 ■ iOS 개발 ■ Android 개발 ■ BE 개발 * 최대 3순위까지 작성 가능합니다. * 작성예시 : 1) FE 개발 2) iOS 개발 3) BE 개발 (← 꼭 예시와 같이 작성해 주세요) #채용전형 진행에 참고할게요 #잘 어필할 수 있는 분야로 작성해 주세요"
518,5,최근 사회이슈 중 중요하다고 생각되는 한가지를 선택하고 이에 관한 자신의 견해를 기술해 주시기 바랍니다.(994자 / 1000자)
519,5,한국서부발전이 ‘세계 최고의 종합에너지 기업’으로 성장하기 위하여 나아갈 방향과 본인이 기여할 수 있는 방법에 대하여 다음의 세부항목에 따라 작성해주십시오. 1-1. 한국서부발전이 ‘세계 최고의 종합에너지 기업’으로 성장하기 위해 나아가야 할 방향이 무엇이라고 생각하는지에 대하여 작성해주십시오
520,5,아성에이치엠피에 입사 후 10년 뒤 목표는 무엇입니까? 귀하가 설정한 목표를 달성하기 위한 실천계획을 구체적으로 기술해주시기 바랍니다.
521,5,"지원 직무 관련 최근 Trend를 간략히 기술하고, 이에 대한 본인의 견해를 구체적으로 기술하여 주시기 바랍니다. (974/1000)"
522,5,우리 공사에 가장 부합된다고 판단되는 인재상을 기술하시오.
523,5,다음 중 자신 있는 분야를 우선순위 별로 작성해주세요. ■ FE 개발 ■ iOS 개발 ■ Android 개발 ■ BE 개발(AI/ML 포함)
524,5,"만약 네이버 입사 후 3년의 시간이 지났다면 어떤 개발자가 되어 있을까요? * 작성예시 : 어떤 분야에서, 어떤 개발자가 되어 있을지 또는 네이버의 어떤 서비스를 어떻게 개선해 나가고 있을지 등"
525,5,"글로벌 일류 기업이 갖추어야 할 요건을 제시하고, 이와 관련하여 경동이 향후 나아가야 할 방향에 대해 서술하시오."
526,5,"‘우리WON뱅킹’을 비롯한 우리은행의 디지털 금융 서비스 중 본인이 직접 개선해보고 싶거나, 추가로 만들어보고 싶은 것이 있다면 그 방법과 이유에 대해 구체적으로 작성해 주시기 바랍니다."
527,5,"기업 경영과 관련된 여러가지 사회적 변화 속에서, SBS가 경쟁력 있는 기업으로 성장하기 위하여 가장 신경 써야 하는 부분은 무엇일까요? 최소 30자 / 1000자 제한"
528,5,"지원 회사에 맞춰 답변하시오. (800자) : 평소 현대백화점을 이용하며 느꼈던 장단점을 제시하고, 현대백화점의 경쟁력을 제고할 수 있는 아이디어를 제시하시오."
529,5,고객에게 가장 맞는 신기술 서비스를 전달하는 곳
530,5,기술력과 고객분석으로 차별화된 서비스 개발
531,5,직장인으로서의 직업윤리의 중요성에 대해 본인의 가치관을 중심으로 기술하여 주십시오. (300자 이내)
532,5,귀하가 공기업인 동서발전에서 이루고 싶은 목표는 무엇입니까? 가) 우리 회사에서 귀하의 목표를 달성하기 위한 계획을 포함하여 작성해 주십시오.
533,5,"최근 사회이슈 중 중요하다고 생각되는 한가지를 선택하고, 이에 관한 자신의 견해를 기술해 주시기 바랍니다."
534,5,위에서 기술한 내용을 바탕으로 KIST 입원 후 본인의 발전계획에 대하여 기술하여 주십시오. (300자 이내)
535,5,"어떤 방식으로 자원을 관리하였으며, 목표는 달성하였습니까? 그렇게 하실 수 있었던 이유는 무엇입니까? (400자 이내)"
536,5,최근 사회이슈 중 중요하다고 생각되는 한가지를 선택하고 이에 관한 자신의 견해를 기술해 주시기 바랍니다. 1000자 (영문작성 시 2000자) 이내
537,5,"최근 금융 이슈 중 한 가지 주제를 선택하고 이에 대한 자신의 견해와 그렇게 생각하는 이유를 기술해 주세요. (최대 1,000자 입력가능)"
538,5,"중소벤처기업진흥공단의 핵심가치인 현장중심(Field), 청렴성(Integrity), 성과지향 (Real Outcome), 전문성(Speciality), 팀워크(Teamwork) 중에서 본인이 직접 경험 한 항목을 선택하여 설명하고, 해당 경험이 향후 우리 중진공에 어떻게 기여할 수 있는지 작성하여 주시기 바랍니다. * [500자 이내]"
539,5,소프트웨어정책연구소의 목적과 방향성에 대해 지원자의 의견을 기술해주십시오. (1000자 이내)
540,5,"귀하에게 울산과학기술원 총장과 10분간 면담하는 자리가 주어졌다는 가정 하에 질문과 제안을 각각 한가지씩만 할 수 있다면 무엇을 묻고 제안하고 싶습니까? 그리고 그 이유는 무엇입니까?(1,000자 이내) (1000자)"
541,5,"본인의 회사선택기준은 무엇이며, 현대미포조선이 어떤 측면에서 그 기준에 적합하다고 생각하십니까? (4000bytes)"
542,5,한국콜마의 인재상인 4성 5행 中 가장 중요하다고 생각하는 것을 택 1 하여 그 정신이 왜 필요한지 기술하여 주십시오. (최대 500자 입력가능)
543,5,Why celltrionpharm
544,5,지원 분야와 관련된 우리공사의 주요 사업 중 본인이 어떤 부분에 기여하고 싶은지기술해 주십시오.
545,5,금호석유화학그룹의 조직문화는 어떠할 것이라고 생각하십니까? 그리고 이러한 조직문화 속에서 어떻게 화합하여 일할 수 있을지 서술하십시오.(300자)
546,5,"회사의 업무지시가 사회에 피해를 주는 상황이 발생한다면, 어떻게 행동하시겠습니까?(300자)"
547,5,"국내외 에너지 산업 및 남동발전의 사업환경 분석을 통하여 앞으로 남동발전이 나아가야할 목표 및 목표달성을 위한 전략을 제시하고, 그렇게 제시한 이유를 구체적으로 기술해주십시오 800자"
548,5,"한국남동발전 입사 후 업무를 수행함에 있어 가장 중요한 원칙과 사회생활을 함에 있어 가장 중요한 원칙은 각각 무엇이며, 그렇게 생각하는 이유를 본인의 가치관과 경험을 바탕으로 구체적으로 기술해주십시오 700자"
549,5,"당사 핵심가치는 고객최우선, 도전적실행, 소통과협력, 인재존중, 글로벌지향입니다. 이 중 한가지를 택하여 당신이 왜 울산공장에 적합한 인재인지를 서술해주십시오."
550,5,시설물/건축물에 적용 가능한 4차 산업 기술에 대한 본인의 아이디어를 기술해주십시오.
551,5,조직이해 및 직무에 대한 가치관- 서울의료원의 비전 및 핵심가치 중 자신과 가장 부합되는 것을 한가지 이상 선택하여 기술 (최대글자수 800)
552,5,"본인의 회사선택 기준은 무엇이며, 포스코인터내셔널이 그 기준에 적합한 이유를 기술하여 주십시오."
553,5,이유를 말씀해주세요
554,5,"평소 현대백화점을 이용하며 느꼈던 장단점을 제시하고, 현대백화점의 경쟁력을 제고할 수 있는 아이디어를 제시하시오."
555,5,"본인이 알고 있는 한국시설안전공단에 관한 정보는 무엇이며, 그 정보를 어떻게 얻게 되었는지 기술하여 주십시오. 또한 그 중 어떠한 면에 이끌려 우리 공단에 지원하게 되었는지 기술하여 주십시오. (200자 이상 500자 이내)"
556,5,아성에 입사 후 10년 뒤 목표는 무엇입니까? 귀하가 설정한 목표를 달성하기 위한 실천계획을 구체적으로 기술해주시기 바랍니다.
557,5,"우리 공사의 주요 사업인 농어업분야 관련 이슈 중 관심 있는 한 가지를 선택하고, 해당 이슈에 대해 본인의 의견과 공사의 역할에 대해 기술해주십시오."
558,5,디자이너로서 자신의 미래를 예상한다면 어떤 모습일지 자유롭게 말씀해주세요
559,5,"[역량기술서] 문항 자유기술 (최대 20,000자 입력가능)"
560,5,금융회사의 Digital Transformation에 대한 생각을 바탕으로 미래에셋대우에서 어떤 기여를 할 것인지 자유롭게 기술해 주세요.
561,5,자원은 얼마나 부족하였으며 그 이유는 무엇이었습니까?
562,5,"한정된 자원을 어떻게 활용하였고, 이 때 가장 중요하게 고려하였던 점은 무엇이었습니까?"
563,5,어떤 정보를 활용하였고 그 정보는 어떻게 얻었습니까?
564,5,직무수행계획서 - 한국시설안전공단의 운영방침과 지원하는 분야의 직무 중심으로 공단의 경영혁신을 위한 직무수행 계획을 작성해 주시기 바랍니다. [ 500자 이상 800자 이내 ]
565,5,"본인이 알고 있는 한국시설안전공단에 관한 정보는 무엇이며, 그 정보를 어떻게 얻게 되었는지 기술하여 주십시오. 또한 그 중 어떠한 면에 이끌려 우리 공단에 지원하게 되었는지 기술하여 주십시오. [ 200자 이상 500자 이내 ]"
566,5,"KAMCO 직원으로서 가져야할 윤리의식은 무엇인지 설명하고, 평소 본인의 생활에서 해당 윤리의식을 어떻게 실천하고 있는지 사례를 통해 기술하여 주십시오. (600 ~ 1200 Bytes)"
567,5,"삼성바이오로직스의 행동가치에 비추어 본인이 가지고 있는 역량을 사례와 함께 기술해 주시기 바랍니다. (1,000자)"
568,5,"서울산업진흥원의 핵심가치 ① 융합 ② 혁신 ③ 네트워크 중 본인에게 부합되는 가치는 무엇이며, 그 이유에 대해 기술해 주십시오. - 3개의 핵심가치 중 본인에게 가장 부합하는 가치를 선택하고, 해당 가치를 실천하여 조직 또는 개인적으로 긍정적인 성과를 창출한 사례를 구체적으로 기술할 것 (최대 500자 입력가능)"
569,5,"본인이 회사를 선택할 때의 기준은 무엇이며, 왜 현대자동차가그 기준에 적합한지 기술해주십시오. [700]"
570,5,"본인이 생각하는 품질본부의 역할에 대해 서술하고, 그 역할을갖추기 위한 본인만의 차별화 전략을 기술해주십시오. [700]"
571,5,"지원 회사에 맞춰 답변하시오. 1. 백화점) 평소 현대백화점을 이용하며 느꼈던 장단점을 제시하고, 현대백화점의 경쟁력을 제고할 수 있는 아이디어를 제시하시오. 2. 홈쇼핑) 평소 현대홈쇼핑(TV방송, Hmall)을 이용하며 느꼈던 장단점을 제시하고, 현대홈쇼핑의 경쟁력을 제고할 수 있는 아이디어를 제시하시오. 3. 면세점) 평소 현대백화점면세점을 이용하며 느꼈던 장단점을 제시하고, 현대백화점면세점의 경쟁력을 제고할 수 있는 아이디어를 제시하시오."
572,5,"최근 금융 및 경제 이슈 중 중요하다고 생각되는 것을 주제로 정하여, 그 이유와 본인의 생각을 부산은행과 연관지어 기술해 주십시오. (최대 600자 입력가능)"
573,5,"인근 세븐일레븐 점포 방문 후, 그 후기를 적어주십시오. [일주일 이내, 점포명, 방문시간 기재 포함]* 500"
574,5,"한국환경공단의 주요 이슈에 대하여 한가지 언급하고, 이에 대한 본인의 의견을 서술하여 주시기 바랍니다."
575,5,"가치관이 다른 사람과 함께 일할 때 본인이 생각하는 가장 중요한 것은 무엇이며, 그 이유와 관련된 사례를 약술하십시오. (1200 Bytes 이내)"
576,5,"본인이 생각하는 영업역량이란 무엇인지 정의하고, 귀하께서 UB(Universal Banker)인재로 성장하기 위해 어떤 노력을 해왔는지 사례를 들어 기술해주세요. 나아가 언택트(비대면) 환경 속에서 KB국민은행은 어떤 영업전략을 수립하면 좋을지 서술하십시오. (3000 Bytes 이내)"
577,5,"아래의 디지털 분야에서 본인이 자신있는 순으로 1가지 이상을 선택하고 해당 분야를 학습했거나 프로젝트를 진행했던 경험을 구체적으로 서술하십시오. - 디지털트랜스포메이션, Cloud, 디지털 마케팅, 오픈뱅킹, P2P, 기타 디지털 분야 (3000 Bytes 이내)"
578,5,(KOGAS 핵심가치) KOGAS가 지속적으로 지켜온 핵심가치는 다음과 같습니다. 1) 세계를 향한 도전 2) 사회에 대한 책임 3) 미래를 향한 변화 4) 사람에 대한 신뢰 위 네 가지 중 본인의 역량과 부합하는 한 가지 항목을 선택하여 타인과 차별화 될 수 있는 본인의 핵심역량을 구체적 경험을 바탕으로 기술하여 주십시오. 또한 지속가능한 미래 에너지 기업인 KOGAS가 나아가야 할 방향도 함께 고려하여 입사 후 실천할 목표 및 자기계발 계획에 대해 구체적으로 기술해 주십시오. (1500자 이내)
579,5,"부산교통공사에서 추진(또는 운영)중인 사업 중 입사 후 본인이 가장 자신있게 담당할 수 있을 것 같은 사업과 역할, 이유에 대해 기술하시오."
580,5,광동제약을 통해 실현하고 싶은 가치
581,5,"건설에 관심을 갖게 된 계기는 무엇이며, 이후 건설(계룡건설)에 대한 이해를 높이기 위해 어떤 노력을 해왔는지 구체적으로 작성바랍니다. (한글 750자)"
582,5,"최근 국내외 ‘창업’과 관련된 주요 이슈에 대해 한가지를 언급하고, 그것에 대한 본인의 견해와 그와 관련하여 경남창조경제혁신센터가 해야 할 일과 역할은 무엇이라고 생각하는지 기술하여 주십시오."
583,5,우리 회사에서 가장 성과를 내보고 싶은 분야는 어떠한 것이 있습니까?
584,5,한국연구재단의 직원으로서 지켜야 하는 직업윤리의 중요성에 대하여 본인의 가치관을 중심으로 기술해 주십시오.
585,5,앞으로 10년 안에 가장 크게 이루고 싶은 부분은 무엇인가요?
586,5,"한국가스기술공사에서 중요하게 생각하는 인재상은 다음과 같습니다.1) 새로운 세계에 도전하는 사람2) 헌신적인 열정을 가진 사람3) 고객의 문제해결에 유능한 사람?세 가지 인재상 중 자신과 가장 부합된다고 생각하는 인재상을 하나 선택하여, 구체적인 사례를 포함하여?그렇게 생각하는 이유를 기술하여 주십시오."
587,5,최근 국내외 이슈(쟁점) 중 한 가지를 선택하여 본인의 견해를 서술하시오.
588,5,"한국전력공사의 4가지 인재상 중 본인과 가장 부합된다고 생각하는 인재상을 두 가지 선택하여 그렇게 생각하는 이유를 본인의 가치관과 연계하여 교육사항, 경험/경력 등 구체적인 사례를 들어 기술하여 주십시오."
589,5,"최근 한국전력공사 또는 한국전력공사의 사업과 관련된 주요 이슈에 대해 언급하고 그것에 대한 본인의 견해(문제의 원인, 개선방안 등 포함)를 기술하여 주십시오"
590,5,직장생활에서 본인이 생각하는 가장 중요한 가치와 본인을 가장 잘 나타내는 키워드를 이야기하고 그 이유를 기술해 주십시오.
591,5,최근 대학 관련 이슈 중 가장 중요하다고 생각되는 한 가지를 언급하고 이에 대한 자신의 견해 및 서울대학교의 역할을 기술해 주십시오
592,5,"한국해양교통안전공단이 향후 나아가야 할 방향은 무엇이고, 이를 위해 본인이 기여할 수 있는 부분은 무엇인지 구체적으로 작성 해 주시기 바랍니다."
593,5,우리 재단에 가장 부합된다고 판단되는 인재상을 기술하시오.
594,5,"대학생 시절, 프랜차이즈 카페의 시간제 근무제로 약 1년간 근무했습니다. 빵과 음료의 신선도를 관리하고, 최상의 상태로 고객에게 제공하는 역할을 맡았습니다. 직원 지침에 따라, 모든 빵 종류를 오전에 진열하는 업무를 맡았으나, 절반 이상의 빵은 저녁 시간대에 판매되었습니다. 저녁 시간대에는 빵의 신선도가 떨어졌고, 신선한 빵을 제공할 책임이 있다는 생각에 제가 할 수 있는 일을 고민했습니다. 최근 2주 간의 판매기록을 토대로 동료 직원들과 이야기를 나누었고, 오전에 모든 빵 종류를 진열하는 것이 원칙이지만 저녁 손님들의 만족도를 위해 오전, 오후로 나누어 진열하기로 결정했습니다. 오후 시간대에 빵을 추가 제조하자, 빵의 신선도와 관련한 컴플레인이 전혀 발생하지 않았습니다. 한국수자원공사의 행정직 업무에 있어서 원칙적으로 예산을 관리하되, 직원들의 행복을 고려하는 사원이 되겠습니다."
595,5,귀하가 공기업인 동서발전에서 이루고 싶은 목표는 무엇입니까? ?가) 우리 회사에서 귀하의 목표를 달성하기 위한 계획을 포함하여 작성해 주십시오.?
596,5,"본인이 생각하는 한전KDN이라는 조직의 역할과 책임은 무엇이며, 한전KDN 직원이 되었을 때 조직의 가치창출에 어떻게 기여할 수 있는지 본인의 경험에 기초하여 기술하여 주십시오."
597,5,직장인으로서 특히 공공기관 직원으로서 윤리의식이 왜 중요한지 본인의 가치를 중심으로 기술하여 주십시오.
598,5,"cj제일제당의 제품 및 서비스 중 가장 선호하는 것을 1개 선정하고, 타사 유사 제품 및 서비스 대비 강점 및 보완점을 작성해 주세요."
599,5,본인이 회사를 선택 할 때 가장 중요하게 생각하는 것과 한미약품이 그것과 어떻게 부합하는지 기술하여 주십시오.
600,5,"최근 한국전력공사 또는 한국전력공사의 사업과 관련된 주요 이슈에 대해 한 가지를 언급하고 그것에 대한 본인의 견해(문제의 원인, 개선방안 등 포함)를 기술하여 주십시오."
601,5,"본인이 회사를 선택할 때의 기준은 무엇이며, 왜 현대엔지니어링이 그 기준에 적합한지 기술해 주십시오,"
602,5,엔터테인먼트 산업에 대한 자신의 생각 및 앞으로 나아가야 할 방향을 기술해 주세요. (500자 내외)
603,5,"본인의 회사 선택 기준은 무엇이며, 왜 현대중공업그룹이 그 기준에 적합한지를 기술해 주십시오."
604,5,"국내외 에너지 산업 및 남동발전의 사업환경 분석을 통하여 앞으로 남동발전이 나아가야할 목표 및 목표달성을 위한 전략을 제시하고, 그렇게 제시한 이유를 구체적으로 기술해주십시오 [출처] 한국남동발전 자기소개서 자소서 문항 20년 상반기 (~6/1)"
605,5,"지원자 본인이, 변화를 두려워하지 않고 통찰력과 창의적인 사고로 꾸준히 혁신하고 변화를 주도하는 사람임을 가장 잘 나타내는 최근 5년 이내의 사례를 기술해 주시기 바랍니다."
606,5,"한국관광공사의 주요 사업을 분류하고, 각각의 특성에 대해 아시는 대로 작성해 주시기 바랍니다."
607,5,석사과정 진학하고자 하는 연구실명(지도교수명 포함)과 연구하고자 하는 분야에 대하여
608,5,지원한 분야와 관련해 최근에 가장 관심 있는 사회이슈 하나를 자유롭게 선택하고 본인의 생각을 서술하시오
609,5,"평소 CU 편의점 이용 시 느꼈던 장단점을 기술하고, CU 편의점 경쟁력을 제고할 수 있는 아이디어를 제시하시오.(700)"
610,5,"SPC그룹의 핵심가치 중 한 가지를 선택하고, 그와 관련하여 가장 인상 깊었던 사례와 그 이유는 무엇인지 서술해 주십시오(600)"
611,5,현재 연재중인 네이버웹툰 작품 중 가장 좋아하는 작품 3개를 선택해 가장 친한 친구/지인에게 추천한다고 생각하고 설명해주세요.
612,5,"인터넷 광고에서 가장 중요하다고 생각하는 요소는 무엇이며, 왜 그렇게 생각하시나요?"
613,5,한국산업기술평가관리원(이하 '우리원') 지원사유
614,5,현재 보험회사의 큰 변화를 가져올 국제회계기준(IFRS17) 및 신지급여력제도(K-ICS) 등이 계리업무에 미치는 변화와 이러한 변화에 대응하기 위해 어떤 준비가 필요할지 작성해주세요. (최대 300자 입력가능)
615,5,GS E&R의 주요사업인 발전업과 관련하여 최근의 중요한 이슈가 무엇인지 본인의 생각을 기술하여 주십시오 최소 100byte 이상 1000byte 이내
616,5,[직업윤리] 공공기관에서 업무를 수행함에 있어 직원이 가져야 할 가장 중요한 직업윤리는 무엇이라고 생각하는지 본인의 경험이나 가치관을 중심으로기술하여 주시기 바랍니다.
617,5,본인이 타인에게 제공하였던 최고의 서비스와 그렇게 생각하는 사유를 기술하시오. (600자 이내)
618,5,"SPC그룹의 핵심가치 중 한 가지를 선택하고, 그와 관련하여 가장 인상 깊었던 사례와 그 이유는 무엇인지 서술해 주십시오. (600자)"
619,5,"본인의 가치관을 정립하게 된 성장과정을 상세하게 설명하고, 본인의 가치관이 한국예탁결제원에서 업무를 수행함에 있어 어떻게 발휘될 수 있을지 기술해 주십시오."
620,5,최근 기술에 대한 본인의 생각
621,5,"서울시설공단 인재상 중에서 본인과 부합된다고 생각하는 인재상(전문인, 창조인, 소통인)을 하나 선택하여 본인의 보유 역량과 결부하여 기술하여 주시기 바랍니다. (400자)"
622,5,공공기관에서 근무하는 직원에게 가장 중요하다고 판단되는 덕목 3개를 우선순위별로 그 이유와 함께 작성하여 주시기 바랍니다.
623,5,"코레일유통에서 운영 중인 매장(편의점, 전문점, 자판기 등)에 대하여 본인의 방문소감이나 느낀점, 제안 등을 작성하여 주십시오. (500자 이내)"
624,5,한국재정정보원에서 수행하고 있는 업무 중 사회적 가치 활동으로 연계할 수 있는 업무에 대해 설명하고 본인이 기여할 수 있는 구체적인 방안을 함께 기술해 주십시오.
625,5,한국재정정보원에서 수행하고 있는 업무 중 사회적 가치 활동으로 연계할 수 있는 업무에 대해 설명하고 본인이 기여할 수 있는 구체적인 방안을 함께 기술해 주십시오
626,5,"KAMCO의 4가지 인재상 중 본인과 가장 부합된다고 생각하는 인재상은 무엇이며, 그에 비추어 KAMCO에 지원하게 된 이유와 이를 위해 준비한 본인의 역량(경쟁력, 강점, 노력 등)에 대해 구체적으로 기술해 주시기 바랍니다. - KAMCO 인재상 : 통찰력과 전문성을 갖춘 인재(Expert), 신뢰와 화합 속에 변화와 혁신을 선도하는 인재(Creator), 고객가치를 창출하는 인재(Partner), 사명감을 가지고 사회적 책임을 수행하는 인재(Dedicator)"
627,5,귀하가 공기업인 동서발전에서 이루고 싶은 목표는 무엇입니까z 가s 우리 회사에서 귀하의 목표를 달성하기 위한 계획을 포함하여 작성해 주십시오
628,5,일회성 업무처리를 위해 우리은행을 찾는 개인고객을 주거래 고객으로 만들기 위한 본인만의 전략은 무엇인지 기술하여 주십시오. (1200byte)
629,5,"국내외 에너지 산업시장의 변화와 관련된 주요 이슈 한 가지를 설명하고, 이에 발맞추어 남동발전이 나아가야 할 방향에 대한 본인의 생각을 기술해주십시오."
630,5,자신이 구상하고 있는 향후 5년 동안의 Career Path는 무엇이며 크래비스파트너스(신시어리)와 함께 성장하고 싶은 이유는 무엇입니까?
631,5,"최근 한국전력공사 또는 한국전력공사의 사업과 관련된 주요 이슈에 대해 한 가지를 언급하고, 그것에 대한 본인의 견해(문제의 원인, 개선방안 등 포함)를 기술하여 주십시오"
632,5,"본인의 회사선택 기준은 무엇이며, 포스코대우가 그 기준에 적합한 이유를 기술하여 주십시오. (600자)"
633,5,최근 사회이슈 중 중요하다고 생각되는 한가지를 선택하고 이에 관한 자신의 견해를 기술하여 주시기 바랍니다. (1000자)
634,5,"본인의 희망분야에서 최근 이슈가 되고 있는 주제나 관심이슈 중 하나를 선정하여, 본인의 전공/경험 등을 기반으로 문제를 해결(이슈가 부정적인 경우) 혹은 발전(이슈가 긍정적인 경우)시킬 수 있는 방안에 대해 기술하여 주시기 바랍니다.(1,500)"
635,5,"본인이 알고 있는 한국시설안전공단에 관한 정보는 무엇이며, 그 정보를 어떻게 얻게 되었는지 기술하여 주십시오. 또한 그 중 어떠한 면에 이끌려 우리 공단에 지원하게 되었는지 기술하여 주십시오."
636,5,본인이 생각하는 서브원 사업 성장에 가장 중요한 요인은 무엇이며 이를 위해 지원 직무에서 본인이 기여할 수 있는 부분을 기술하여 주시기 바랍니다. (700)
637,5,"지원 회사 또는 직무와 밀접하게 연관되는 국내외 최근 이슈/트렌드/사회현항 한 가지 선택하고, 자신의 견해를 서술해주십시오(600자)"
638,5,"본인이 생각하는 구매란 무엇이며, 10년 뒤 구매인으로서 이루고 싶은 꿈을 서술해 주세요. (최소 1자, 최대 500자 입력가능)"
639,5,"기타 (연수, 사회봉사활동 등)"
640,5,직장인으로서의 직업윤리가 왜 중요한지 본인의 가치관을 중심으로 설명하시오. (100자 이상 입력) (최대 800자 입력가능)
641,5,우리 공기업에 가장 부합된다고 판단되는 인재상을 기술하시오. (100자 이상 입력) (최대 800자 입력가능)
642,5,"자기소개 입력. - 상기 KDB Way 중 본인과 가장 부합하는 것 두 가지를 선택하고, 그렇게 생각하는 이유를 본인의 경험, 교육, 경력사항 등을 들어 구체적으로 기술할 것"
643,5,[직업윤리] 공공기관에 근무하는 사람에게 가장 필요한 덕목이 무엇인가를 기술해 주십시오.
644,5,호반그룹이 지속적으로 성장하기 위해 나아가야 할 방향 (지원분야 중심으로 작성)
645,5,하기의 가치관중 본인이 가장 우선시하는 항목과 사유를 말씀해주세요.
646,5,10년 후 본인이 만들고 싶은 한샘의 모습에 대해서 서술해주세요.
647,5,"입사 후 3년 내 이루고자 하는 목표를 TP 핵심가치(헌신, 신뢰, 전문성) 중 자신과 가장 잘 부합하는 역량과 결부시켜 기술해 주십시오.(300)"
648,5,(인재상) 충남대학교병원의 인재상은 위와 같습니다. 위의 4가지 인재상 중 자신과 가장 적합하다고 생각하는 것 하나를 선택하여 그렇게 생각하는 이유를 구체적인 사례와 근거(행위에 따른 결과 등)를 포함하여 기술 (300자이내)
649,5,"중진공 핵심가치인 현장중심, 청렴성, 성과지향, 전문성, 팀워크 중 본인이 직접 경험한 항목을 선택하여 설명하고, 해당 경험이 향후 중진공에 어떻게 기여할 수 있는지 작성하라."
650,5,"CJ가 만들고 있는 '문화'는 무엇이라고 생각하는지 자신의 견해를 기술하고, 자신이 지원 직무를 수행함으로써 본인이 정의한 '문화'를 만드는 일에 어떻게 기여할 수 있을지 작성해주십시오."
651,5,"필수 CJ제일제당이 속한 식품산업군은 급속한 환경의 변화가 이루어지는 시장입니다. 식품산업군의 지원 직무 Specialist로 어떤 미래를 그리고 싶은지, 본인의 성장 계획을 작성해주십시오."
652,5,우리 KIAN(기아인)들은 다음과 같은 네 가지 인재상을 닮아 가려고 노력합니다. 그 중에서 당신을 가장 잘 표현할 수 있는 한가지를 선택하여 경험적 사례를 통해 그 이유를 설명해 주세요.
653,5,KAC에 하고싶은말
654,5,"농협과 지역사회의 관계 및 그 사이에서의 농협의 역할에 대해 설명하고, 본인이 농협에 입사한다면 지역사회를 위해 어떤 일을 하고 싶은지 기술하여 주십시오."
655,5,"디지털 전환시대에 농협이 경쟁력을 갖추기 위한 방안을 서술하고, 본인의 역량으로 농협에 기여할 수 있는 방법을 기술하여 주십시오."
656,5,"코레일유통에서 운영 중인 매장(편의점, 전문점, 자판기 등)에 대하여 본인의 방문소감이나 느낀점, 제안 등을 작성하여 주십시오"
657,5,Human resource cover letter
658,5,최근 사회이슈 중 중요하다고 생각되는 한가지를 선택하고 이에 관한 자신의 견해를 기술해 주시기 바 랍니다.
659,5,"부산교통공사에서 추진(또는 운영)중인 사업 중 입사 후 본인이 가장 자신있게 담당할 수 있을 것 같은 사업과 역할, 이유에 대해 기술하시오.(350~500자)"
660,5,조직의 경영방향과 본인의 의사가 배치될 때 합리적 갈등 해소방안과 본인의 역할은 무엇이라고 생각하는지 기술하시오.(350~500자)
661,5,"[에세이] 변동성과 불확실성이 가속화되는 경영환경에 대응한 서울산업진흥원의 새로운 역할을 정립하시오. [5-1] 사회경제적 변화 중 주목해야 할 주요 이슈를 하나 선정, 이것이 서울시 산업 또는 중소기업에 어떤 영향을 끼칠 것으로 예상하는지 본인의 생각을 작성할 것 (최대 750자 입력가능)"
662,5,상기 변화에 선제적으로 대응하기 위해 서울산업진흥원이 앞으로 나아가야할 목표와 지원방안에 대해 제시할 것 (최대 750자 입력가능)
663,5,지원자가 생각하는 Global Business Trend를 바탕으로 수입 또는 수출할 Item과 그에 대한 Business Plan을 서술하시오.
664,5,"본인이 회사를 선택하는 기준은 무엇이며, 어떤 점에서 도레이첨단소재가 이에 부합하는지 기술하시오."
665,5,부산환경공단의 비전은 <글로벌 환경 공기업 BECO> 입니다. 이를 위해 본인이 어떠한 역할을 할 수 있으며 그 근거는 무엇인지 설명해 주십시오.
666,5,귀하가 생각하는 한국과학기술기획평가원의 역할과 향후 발전방향을 기술하시오. [600자 이내]
667,5,새로운 것을 접목하거나 남다른 아이디어
668,5,Banking cover letter
669,5,"농협의 3대 핵심가치인 '농심' '현장' '공감'에 대한 귀하의 의견을 적고, 앞으로 농협이 더욱 발전하기 위한 제언을 기술하시오.(1000byte)"
670,5,"귀하가 농협에 지원한 구체적인 동기에 대하여 제시하고, 그러한 지원동기가 농협에게 어떤 기여를 줄 수 있을 지를 기술하시오.(1200byte)"
671,5,"본인이 생각하는 ""개방""의 의미와, LIG넥스원의 핵심가치 ""개방""을 실천한 경험을 작성해주세요."
672,5,"본인이 생각하는 ""긍정""의 의미와, LIG넥스원의 핵심가치 ""긍정""을 실천한 경험을 작성해주세요."
673,5,"최근 국내외적으로 이슈가 되고 있는 트렌드/사회현상 중, 지원 직무와 가장 밀접하게 연관되는 이슈를 한 가지 선택하고, 지원 직무에서 적용/해결시켜나갈 남다른 아이디어를 서술해 주십시오(300자)"
674,5,티몬 인재상이 무엇인지 간단명료하게 기술하고 티몬 인재상에 적합함을 보여주는 대학시절 경험을 구체적으로 기술하세요.
675,5,귀하의 평소 생활신조와 직장관은 무엇입니까?
676,5,귀하를 가장 잘 표현할 수 있는 상징단어와 그 이유는 무엇입니까?
677,5,근현대사 인물 중 귀하가 가장 존경하는 인물과 그 이유는 무엇입니까?
678,5,귀하가 평소 관심을 가졌던 자동차 관련 기술/정보는 무엇입니까?
679,5,현대자동차그룹의 5대 핵심가치 중에서 귀하가 가장 인상 깊게 경험한 사례 한가지를 소개바랍니다.-5대 핵심가치 中 택1
680,5,EXPERIENCE-Chemical Lab Technician Intern / OOO
681,5,EXPERIENCE-Undergraduate Research Assistant Department of Chemistry / OOOO University
682,5,EXPERIENCE-Chemistry Lab Assistant Department of Chemistry / OOOO University
683,5,RELEVANT COURSEWORK
684,5,점포 방문: 세븐일레븐 점포를 방문해보시고 현상과 느낀점을 기술해주세요
685,5,EXPERIENCE-HR Assistant / OOOOO
686,5,EXPERIENCE-HR Intern Summer Student / OO And OOO
687,5,EXPERIENCE-Human Resources Intern / OO OOO
688,5,CAMPUS INVOLVEMENT
689,5,EXPERIENCE-Junior Business Analyst / OOOO
690,5,EXPERIENCE-Business Data Analyst Intern / OO & OO
691,5,EXPERIENCE-Business Analyst Intern / OOO
692,5,INVOLVEMENT
693,5,EXPERIENCE-Project Coordinator / OOOO
694,5,EXPERIENCE-Customer Service Representative / Netflix
695,5,CERTIFICATIONS
696,5,최근 사회이슈 중 중요하다고 생각되는 한가지를 선택하고 이에 관한 자신의 견해를 기술해 주시기 바랍니다. (1000자)
697,5,EXPERIENCE
698,5,DATA SCIENCE PROJECTS
699,5,VOLUNTEERING
700,5,"충북신용보증재단의 비전은 ""보증에 행복을 더해 소기업·소상공인과 함께 성장하는 No.1 신용보증재단""입니다. 이러한 비전을 달성하기 위하여 자신이 가지고 있는 역량을 입사 후 어떻게 활용하고 발전시킬 것인지 기술하시오."
701,5,Science cover letter
702,5,"CJ제일제당이 속한 식품산업군은 급속한 환경의 변화가 이루어지는 시장입니다. 식품산업군의 지원 직무 Specialist로 어떤 미래를 그리고 싶은지, 본인의 성장 계획을 작성해주십시오. (500자)"
703,5,D. 금호석유화학그룹의 조직문화는 어떠할 것이라고 생각하십니까? 그리고 이러한 조직문화 속에서 어떻게 화합하여 일할 수 있을지 서술하십시오.
704,5,"C. 회사의 업무지시가 사회에 피해를 주는 상황이 발생한다면, 어떻게 행동하시겠습니까?"
705,5,한국시설안전공단의 운영방침과 지원하는 분야의 직무 중심으로 공단의 경영혁신을 위한 직무수행 계획을 작성해 주시기 바랍니다
706,5,"우리 공사의 비전은 “안전공감 리뉴얼20, 입체적 교통으로 새로운 DTRO”입니다. 우리 공사에 입사한다면 비전달성을 위해 어떤 노력을 할 것인지 작성하여 주십시오"
707,5,"수많은 이론 중 본인의 사고의 틀을 이루거나 혹은 깨는 이론이 있다면 무엇이고, 해당 이론에 대한 본인의 견해는 어떤지 서술하세요."
708,5,"귀하가 생각하는 최고의 '고객서비스'란 무엇이며, 그 이유에 대해 기술하십시오 1000자"
709,5,"귀하가 농협에 지원한 구체적인 동기에 대하여 제시하고, 그러한 지원동기가 농협에게 어떤 기여를 줄 수 있는 지를 기술하시오."
710,5,"농협의 3대 핵심가치인 ‘農心’ ‘現場’ ‘共感’에 대한 귀하의 의견을 적고, 앞으로 농협이 더욱 발전하기 위한 제언을 기술하시오."
711,5,"4차 산업혁명, 디지털 트랜스포메이션 등 기술과 비즈니스, 생활 환경이 빠르게 변화하고 있습니다. 이러한 흐름에서 현재 지원한 직무의 변화 방향을 예측하고 본인의 역할에 대해 설명해 주세요."
712,5,"여러분이 생각하는 ①가장 인상 깊었던 뮤지컬 마케팅 사례(SNS 콘텐츠, 이벤트 등)는 무엇이며, ②이를 선택한 이유와 ③더 많은 사람들에게 알리기 위한 본인만의 방법을 포함하여 구체적으로 작성해주세요. (1,000자 이내)"
713,5,"우리공사 4가지 인재요소는 1.고객 행복을 추구하는 “섬김인”, 2.상호존중과 신뢰의 “상생인”, 3.글로벌경쟁력을 갖춘 “전문인”, 4.미래가치를 창출하는 “창조인”입니다."
714,5,"[조직이해능력] 본인이 생각하는 ‘한국보훈복지의료공단’의 역할과 책임은 무엇이며, 우리 공단에 입사하기 위해 했던 노력을 기술하여 주시기 바랍니다."
715,5,"지원동기 및 단기, 중장기 성장 목표"
716,5,"ak plaza,mall을 잘 설명할 수 있는 이미지와 그 이유"
717,5,최근 사회이슈 중 중요하다고 생각되는 한 가지를 선택하고 이에 관한 자신의 견해를 기술해 주시기 바랍니다. (1000자)
718,5,"평소 CU 편의점 이용 시 느꼈던 장단점을 기술하고, CU 편의점 경쟁력을 제고할 수 있는 아이디어를 제시하시오. 2100BYTE"
719,5,최근 국내외 이슈 중 중요하다고 생각하는 한가지 주제를 선택하고 이에 대한 자신의 견해와 그렇게 생각하는 사유를 기술해 주세요.
720,5,"본인의 Vision은 무엇이며, 그것을 달성하기 위한 Action Plan을 5년 후, 10년 후 20년 후로 구분하여 기술해주세요 500"
721,5,"귀하가 농협에 지원한 구체적인 동기에 대하여 제시하고, 그러한 지원동기가 농협에게 어떤 기여를 줄 수 있는 지를 기술하시오. 1200byte 이내"
722,5,EXPERIENCE- Investment Banking Intern / OOgroup
723,5,EXPERIENCE- Banking & Financial Analyst Intern / OOO
724,5,EXPERIENCE- Financial Analyst Intern / OOO
725,5,RELEVANT PROJECTS
726,5,기술원에 입사 후 10년 후의 자기 모습을 기술하여 주십시오.
727,5,EXPERIENCE-Marketing Manager / OO
728,5,EXPERIENCE-Public Relations Intern / OOO
729,5,EXPERIENCE-Social Media Marketing Intern / OO & OO
730,5,EXPERIENCE-Information Technology Intern / OOO
731,5,한샘 SC 직무의 역할이 무엇인지 작성하시오.
732,5,"최근 사회적 이슈와 관련하여 ①공단이 시행하고 있는 사업 한 가지를 설명하고 해당 사업의 개선 방안을 기술하거나, 또는 ②공단이 새롭게 시행할 수 있는 신규사업은 어떤 것이 있는지 구체적으로 기술해 주십시오."
733,5,국민체육진흥공단이 스포츠의 사회적 가치를 향상시키기 위해 할 수 있는 역할은 어떤 것이 있는지 구체적으로 기술해 주십시오.
734,5,삼성바이오로직스의 행동가치에 비추어 본인이 가지고 있는 역량을 사례와 함께 기술해 주시기 바랍니다. 1000자 (영문작성 시 2000자) 이내
735,5,"대한항공이 글로벌 항공업계를 선도하기 위하여, 현재 어떠한 준비를 해야 할 것인지에 대하여 본인의 의견을 기술하시오. (600자 이내)"
736,5,EXPERIENCE-International Sales Representative / OOOOO
737,5,EXPERIENCE-International Marketing Intern / OOO
738,5,EXPERIENCE-Sales Intern Lead / OO & OO
739,5,EXPERIENCE-Marketing & Sales Intern / OO
740,5,ONLINE COURSEWORK
741,5,"직업이나 직장을 선택할 때 가장 우선적으로 생각하는 가치는 어떤 것이며, 그 이유를 설명하시오."
742,5,최근 사회이슈 중 중요하다고 생각되는 한가지를 선택하여 이에 관한 자신의 견해를 기술하시오 / 600자
743,5,본인이 생각하는 경영자는 어떤 모습입니까? 생각하고 있는 경영자가 되기 위해 노력하고 있는 것이 무엇입니까? (최대 400자 입력가능)
744,5,"주식회사 에스알의 안전문화 확산을 위한 방법은 무엇이며, 입사 후 본인의 역할은 무엇인지 서술하여 주시기 바랍니다."
745,5,주식회사 에스알에서 시행하고 있는 기존 서비스를 탈피한 차별화된 서비스를 발굴하여 서술해주시기 바랍니다.
746,5,최근 사회이슈 중 중요하다고 생각되는 한가지를 선택하고 이에 관한 자신의 견해를 기술해 주시기 바랍니다(1000)
747,5,"농협은행이 농업ㆍ농촌과 함께 발전하기 위해 해야 할 역할은 무엇이며, 지원자 본인은 어떠한 역량을 통하여 기여할 수 있을지 기술하여 주십시오."
748,5,"4차 산업혁명 시대에 농협은행이 가지고 있는 강점(경쟁력)은 무엇이며, 디지털 선도 은행으로 나아가기 위한 방안을 제시하고, 그 방안을 실행하기 위하여 본인이 어떠한 역량을 발휘할 것인지 기술하십시오. /디지털 선도 은행이 되기 위한 방안/그 방안을 실행하기 위한 본인의 역량)"
749,5,"한전KPS의 중장기 전략경영계획(비전2025)를 참고하여 본인의 향후 역량개발계획을 상세하게 기술해주시기 바랍니다.(1,000자 내)"
750,5,직장인으로서의 직업윤리가 왜 중요한지 본인의 가치관을 중심으로 설명하시오. (500자
751,5,EXPERIENCE-Customer Service Representative / OOOO
752,5,EXPERIENCE-Project Coordinator / Facebook
753,5,Sales cover letter
754,5,새마을금고중앙회에서 희망하는 업무를 기술해 주세요. (600자 이내)
755,5,Marketing cover letter
756,5,"귀하가 농협에 지원한 구체적인 동기에 대하여 제시하고, 그러한 지원동기가 농협에게 어떤 기여를 줄 수 있는 지를 기술하시 오."
757,5,최근 주요 사회이슈 중 한 가지를 선택하고 자신의 견해 기술
758,5,Business Developement cover letter
759,5,조직 및 집단생활에 있어서 가장 중요하다고 생각하는 것은 무엇인지 서술하시오
760,5,서울의료원의 비전 및 핵심가치 중 자신과 가장 부합되는 것을 한가지 이상 선택하여 기술
761,5,회사를 선택할 때 중요한 것
762,5,"농협은행 입행을 준비하기 위하여 본인이 일정기간 동안 꾸준히 노력하고 있는 일이 있다면 무엇인지, 그렇게 노력하고 있는 이유와 그 결과로 얻은 것이 무엇인지에 대하여 기술"
763,5,"농협은행은 농업인의 삶의 질 향상을 위해 농업인과 지역에 필요한 금융을 제공하고, 나아가 국민경제의 균형 있는 발전에 기여함을 목적으로 합니다. 농협은행의 목적을 달성하기 위하여 본인이 지원한 지역 및 분야에서 미래의 농협은행이 경쟁력을 강화할 수 있는 방안에 대하여 본인의 생각을 기술하여 주십시오."
764,5,직장인으로서의 직업윤리가 왜 중요한지 본인의 가치관을 중심으로 설명하시오
765,5,직업을 선택함에 있어서 본인에게 가장 중요한 가치 3가지와 수협은행을 지원한 이유를 기술해 주세요
766,5,"은행 또는 생활 속에서 경험한 최고의 서비스, 최악의 서비스에 대해 작성하고, 그렇게 생각한 이유에 대해 기술해 주세요"
767,5,"가장 좋아하는 맥주 브랜드는 무엇입니까? 해당 브랜드 인지도를 높이기 위한 아이디어 또는 제안을 기술해 주십시오. (100자 이상, 350자 이내 작성)"
768,5,최근 사회이슈 중 중요하다고 생각되는 한가지를 선택하고 이에 관한 자신의 견해를 기술해 주시기 바랍니다.1000자
769,5,이루고 싶은 목표 500
770,5,최근 국내외 이슈 중 중요하다고 생각하는 한가지 주제를 선택하고 이에 대한 자신의 견해와 그렇게 생각하는 사유를 기술해 주세요 700
771,5,본인의 가치관 또는 좌우명이 당사의 인재상 및 비전및 사과 어울리는지 본인의 경험 례를 통해 구체적으로 기술하시오.
772,5,"건설에 관심을 갖게 된 계기는 무엇이며, 이후 건설(계룡건설)에 대한 이해를 높이기 위해 어떤 노력을 해왔는지 구체적으로 작성바랍니다."
773,5,"최근 금융, 경제 이슈 중 중요하다고 생각되는 것을 주제로 정하여, 그 이유와 본인의 생각을 기술하십시오."
774,5,"다음 3가지 이슈 중 하나를 선택하여 본인의 의견과 현차가 나아가야할 방향에 대해 논하라 주52시간, 포괄임금제, 육아휴직 기간 확대 1000"
775,5,"귀하가 생각하는 최고의 '고객서비스'란 무엇이며, 그 이유에 대해 기술하십시오"
776,5,일회성 업무처리를 위해 우리은행을 찾는 개인고객을 주거래 고객으로 만들기 위한 본인만의 전략은 무엇인지 기술
777,5,본인의 삶 속에서 가장 중요하다고 생각하는 가치 세 가지를 기술해 주세요
778,5,"본인이 회사를 선택하는 가장 중요한 기준과, 왜 NS홈쇼핑이 그 기준에 적합한지 기술해 주세요"
779,5,"본인의 비전은 무엇이며 그것을 달성하기 위한 액션플랜을 5년,10년,20년 후로 구분하여 기술"
780,5,기술원에 입사 후 10년 후의 자기 모습을 기술하여 주십시오
781,5,최근 사회이슈 중 중요하다고 생각되는 한가지를 선택하고 이에 관한 자신의 견해를 기술해 주시기 바랍니다. (1000)
782,5,"향후 미디어 시장은 어떠한 형태의 미디어가 주도할 것이라고 생각하는지 설명해주세요. ①시장을 주도할 미디어에 대해 정의하고, ②그렇게 생각하는 이유에 대하여 구체적으로 작성해주세요. (1,000자 이내)"
783,5,직원으로서 꼭 갖춰야 할 직업윤리는 무엇이라고 생각하는지 본인의 경험 및 가치관에 비추어 작성
784,5,"IoT/Data사업은 Data의 분석과 활용, 그리고 IoT 기술을 활용하여 다양한 사업/상품을 기획/개발/운영/고도화하는 직무입니다. 해당 직무에 필요한 역량과 관련된 프로젝트/공모전/대회/논문/연구/학습 및 기타 활동에 참여했던 경험을 작성하여 주십시오."
785,5,귀하가 공기업인 동서발전에서 이루고 싶은 목표는 무엇입니까 가 우리 회사에서 귀하의 목표를 달성하기 위한 계획을 포함하여 작성해 주십시오
786,5,"농협의 3대 핵심가치인 ‘농심’, ‘현장’, ‘공감’에 대한 귀하의 의견을 적고, 앞으로 농협이 더욱 발전하기 위한 제언을 기술하시오.(500)"
787,5,자격시험부 직원 A는 기사 실기시험 합격자 발표를 준비하던 중 직속 상사 B가 업무 도중 오류를 내어 수 명의 합격 여부가 변경되었음을 알게 되었다. 직원 A의 입장에서 어떻게 대응해야 하는지 본인의 생각을 말씀해주십시오. (
788,5,공직자로서 갖추어야 할 소양 중 가장 중요하다고 생각하는 것과 그에 대한 사유를 말씀해주십시오.
789,5,본인이 중요하게 생각하는 여러 가지 가치 중 직장인으로서 실천해야 할 가치는 무엇이라고 생각하는지 기술하여 주시기 바랍니다.
790,5,"본인의 회사선택 기준은 무엇이며, 포스코가 그 기준에 적합한 이유를 서술하시오."
791,5,최근 국내외 이슈 중 한 가지를 선택하여 본인의 견해를 서술하시오.
792,5,"최근 접하거나 관심을 가지게 된 농어업분야 관련 이슈는 무엇이며, 해당 이슈에 대한 본인의 의견과 한국농어촌공사의 역 할에 대해 기술해주십시오."
793,5,"[일반직] 한국환경공단의 주요 이슈에 대하여 한가지 언급하고, 이에 대한 본인의 의견을 서술하여 주시기 바랍니다."
794,5,"생명보험의 이해, 생명보험은 무엇 교보생명 지원 동기"
795,5,자격시험부 직원 A는 기사 실기시험 합격자 발표를 준비하던 중 직속 상사가 B가 업무 도중 오류를 내어 수 명의 합격 여부가 변경되었음을 알게 되었다. 직원 A의 입장에서 어떻게 대응해야 하는지 본인의 생각을 말씀해주십시오.
796,5,관심분야 1) 지원 직무 관련 최근 중요하다고 판단되는 이슈 한가지를 기재하십시오 2) 위에 기재한 이슈에 대해서 중요하다고 판단한 사유와 SK브로드밴드 업무 담당자로서의 의견을 기술하십시오
797,5,"좋은 회사, 좋은 동료 1) 좋은 회사에 대해서 정의하시고, 그런 회사를 만들기 위해 본인이 기여할 수 있는 부분, 2) 좋은 동료가 되기 위해 본인이 보유하고 있는 자질"
798,5,"한국농수산식품유통공사가 수행하는 업무를 아는 대로 설명하고, 이 중 본인이 하고 싶은 업무와 그 이유를 공사 인재상(전문인,도전인,소통인)또는 본인의 경험과 연계하여 기술해 주십시오."
799,5,"본인의 직업으로서 금융인, 그 중에서 “IBK人” 이 되고자 하는 이유를 기술하시오."
800,5,급변하는 금융환경 속에서 향후 IBK기업은행이 지속성장하기 위해 추구해야 하는 방향 또는 나아가야 할 로드맵(Road Map)을 제시하시오.
801,5,SK엔카닷컴 비대면 판매 서비스 운영 분야에 필요한 자신이 알고 있고 응용할 수 있는 지식 기술을 구체적으로 나열해주세요
802,5,Asking Encar 무엇이든 물어보세요 : SK엔카닷컴의 CEO와 10분간 면담하는 자리가 주어진다면 가장 묻고 싶은 질문을 한가지 선정해주시고 그 이유 는 무엇인지 알려주세요
803,5,우리 공사에 가장 부합된다고 판단되는 인재상을 기술하시오
804,5,"5년 후, 10년 후 Career Plan 및 달성 방법에 대해 기술하십시오"
805,5,물류에 대한 가치관(600자)
806,5,LG이노텍의 세 가지 핵심가치 중 하나를 선택하여 이를 실천한 본인의 성공 또는 실패 사례를 기술해 주십시오.
807,5,"최근 국내외 이슈 중 중요하다고 생각하는 한가지 주제를 선택하고, 이에 대한 자신의 견해와 그렇게 생각하는 사유를 기술해 주세요."
808,5,최근 즐겨하는 게임 및 그 이유에 대해 기술해 주세요.
809,5,(인재상) 충남대학교병원의 인재상은 위와 같습니다. 위의 4가지 인재상 중 자신과 가장 적합하다고 생각하는 것 하나를 선택하여 그렇게 생각하는 이유를 구체적인 사례와 근거(행위에 따른 결과 등)를 포함하여 기술
810,5,"대한항공이 글로벌 항공업계를 선도하기 위하여, 현재 어떠한 준비를 해야 할 것인지에 대하여 본인의 의견을 기술하시오."
811,5,일회성 업무처리를 위해 우리은행을 찾는 개인고객을 주거래 고객으로 만들기 위한 본인만의 전략은 무엇인지 기술하여 주십시오.
812,5,최근 사회 이슈 중 중요하다고 생각되는 한가지를 선택하고 이에 관한 자신의 견해를 기술해 주시기 바랍니다.1000자 (영문작성 시 2000자)
813,5,현대백화점그룹이 지향하는 6가지 핵심가치와 부합하는 업적 또는 경험
814,5,핵심가치 1500자
815,5,SPC삼립이 보유하고 있는 비즈니스 측면의 강점 또는 앞으로 발휘 가능한 잠재적 강점이 무엇이라고 생각하십니까?
816,5,"SPC그룹의 핵심가치(정직, 혁신, 협업) 중 한 가지를 선택하고, 그와 관련하여 가장 인상 깊었던 사례와 그 이유는 무엇인지 서술해 주십시오"
817,5,100년은행으로 나아가기 위한 대구은행의 로드맵
818,5,"현재 해당 직군에 대한 사회적 이슈를 한가지 선택하여 자신의 견해를 기술해주세요. (1,000자 이내)[스마트팩토리를 통한 물류 자동화]"
819,5,직무수행계획서 1000자
820,5,현대자동차그룹 핵심가치 중 본인의 경험을 기반으로 실천사례를 제시하시오
821,5,본인이 회사를 선택함에 있어 중요시 여기는 가치와 현대제철이 왜 그 가치와 부합하는지 본인의 의견을 서술하여 주십시오
822,5,"경제, 사회, 산업 어떤 이슈든 좋아요! 가장 관심 있었던 이슈를 들고, 그에 대한 견해를 자유롭게 기술해 주세요! (700자 이내)"
823,5,"[고객/서비스] 최근에 접한 금융IT 트렌드 중 관심 있는 주제 한 가지를 선택하고, 그에 관한 자신의 견해를 말씀해 주세요. (최대 1,000자 입력가능)"
824,5,증권업을 선택하게 된 이유와 증권사 중 당사를 선택한 이유 (300자 이내)
825,5,최근 이슈가 되는 뉴스를 한 가지 정하여 본인의 견해를 논리적으로 기술하시오. (700자)
826,5,귀하가 KB국민은행에 지원하는 이유는 무엇인지 약술하십시오.
827,5,"귀하가 생각하는 ‘은행원에게 가장 중요한 가치’는 무엇이며, 그 이유는 무엇인지 약술하십시오."
828,5,물건을 사는 것을 구매라고 합니다. 본인의 경험 중에 가장 효과적으로 구매한 경험을 서술해주십시오. (자동차와 연관될 수록 좋습니다.) (800자 이내)
829,5,협력업체 선정시. 1) 가격경쟁력 2) 조달능력 3) 품질수준 항목 중에 본인이 중요하다고 생각하는 우선순위를 정하고 그 이유를 서술해주십시오. (800자 이내)
830,5,"본인이생각하는 ‘트렌드’를해시태그 3개로정의하고, 해당해시태그를 선정한 이유를 작성해 주세요. (해시태그포함 700자이내)"
831,5,"평소 삶의 원칙은 무엇이며, 그 원칙이 대우건설의 핵심가치와 어떻게 부합하는지 경험을 바탕으로 작성해 주시기 바랍니다. (700자)"
832,5,회사 생활에 있어 가장 중요한 것이 무엇인지 기술해주세요.
833,5,"향후 10년, 20년 후의 본인의 계획을 기술해주세요"
834,5,본인의 어떠한 점이 동서식품의 인재상에 적합하다고 생각하는지를 구체적으로 기술하십시오.
835,5,Change B. 어떤 이유로 변화 혹은 개선해야 한다고 생각했는지 서술하십시오.
836,5,Team D. 금호석유화학그룹의 조직문화는 어떠할 것이라고 생각하십니까? 그리고 이러한 조직문화 속에서 어떻게 화합하여 일할 수 있을지 서술하십시오.
837,5,"Honesty C. 회사의 업무지시가 사회에 피해를 주는 상황이 발생한다면, 어떻게 행동하시겠습니까?"
838,5,이상의 기술한 내용 외에 추가적인 사항이 있으시다면 아래의 란에 기입하여 주시기 바랍니다. (자유기술형태)
839,5,"지금 현재 KOLON(또는 코오롱플라스틱)의 브랜드 경쟁력에 대하여 평가하고, 그 이유와 내용을 구체적으로 작성해 주시기 바랍니다."
840,5,최근 사회이슈 중 중요하다고 생각되는 한가지를 선택하고 이에 관한 자신의 견해를 기술해 주시기 바랍니다. 1000자
841,5,인근 BEST SHOP 매장 방문 후 본인이 생각했을 때 매장의 장점과 개선했으면 하는 점을 각각 구체적으로 작성해주시기 바랍니다. 자기소개서 작성 가이드
842,5,"본인의 직업으로서 금융인, 그 중에서 “IBK人” 이 되고자 하는 이유를 기술하시오"
843,5,"현재 경제 흐름을 통해 본 보험시장 환경의 전망과 2) 보험회사가 나아갈 방향을 검토하고, 3) 그 방향에서 본인이 지원한 직무의 핵심 역할을 기술하세요 *해당 채용사이트의 자기소개서 줄바꿈(엔터)을 할 경우 2글자로 계산되어 자소설닷컴의 글자수와 차이가 있을 수 있습니다. 이를 참고하여 자기소개서를 작성해주시길 바랍니다."
844,5,농산물 수출의 포부와 계획
845,5,본인의 회사선택에 있어 가장 중요시 여기는 가치와 ㈜오뚜기가 그 가치와 부합하는지 설명하십시오.
846,5,미니스톱 편의점을 방문 후 각 항목별 해당사항을 체크 후 본인의 의견을 자유롭게 기술하시오.
847,5,"농협은행의 인재상 중 본인이 가장 중요하다고 생각되는 한 가지를 선택하고, 그렇게 생각하는 이유를 사례를 통해 기술하시오."
848,5,지원 직무와 밀접하게 연관되는 국내외 최근 이슈/트렌드/사회현상을 선택하고 자신의 견해를 서술해 주십시오. (600자)
849,5,"한화시스템 ICT부문은 ""SMART&CREATIVE""라는 비전슬로건을 갖고 있습니다. 현재 IT업계에서 ""SMART&CREATIVE""가 왜 필요한지 정의하고, 지원한 직무와 관련하여 본인이 ""SMART&CREATIVE"" 한 인재라는 것을 증명할 수 있는 구체적인 사례와 경험을 말씀해주십시오."
850,5,[신뢰로 소통하고 전문성으로 도전한다]는 다우기술 핵심가치에 어울리는 본인의 강점을 사례를 중심으로 작성해주세요.
851,5,"신용협동조합(신협)은 금융협동조합으로서 조합원에 대한 서비스, 사회적 책임의 운영원칙을 가지고 있습니다. 신협의 운영원칙 달성을 위해 어떻게 기여할 수 있을지 본인의 구체적인 사례를 바탕으로 작성해 주세요."
852,5,"네이버 서비스 중 하나를 선택하여 개발자로서 개선하거나 만들어보고 싶은 부분이 무엇인지,어떤 기능을 개선/개발하고 싶은지 이야기 해주세요. 관련된 기술 요소에 대해 구체적으로 적어주시면 더욱 좋습니다."
853,5,최근 사회이슈 중 중요하다고 생각되는 1가지를 선택하고 이에 관한 자신의 견해를 기술해주시기를 바랍니다. (1000자)
854,5,"귀하가 생각하는 최고의 '고객서비스'란 무엇이며, 그 이유에 대해 기술하십시오 [ 1000자이내 2000kbyte ]"
855,5,다날 사업과 관련하여 해보고 싶은 업무와 그 업무를 통해 만들 수 있는 성과를 기술해주세요. 1000자
856,5,"4차 산업혁명, 디지털 트랜스포메이션 등 기술과 비즈니스, 생활 환경이 빠르게 변화하고 있습니다. 이러한 흐름에서 현재 지원한 직무의 변화 방향을 예측하고 본인의 역할에 대해 설명해 주세요. (1000자)"
857,5,금호석유화학그룹의 조직문화는 어떠할 것이라고 생각하십니까? 그리고 이러한 조직문화 속에서 어떻게 화합하여 일할 수 있을지 서술하십시오. (300자이내)
858,5,"회사의 업무지시가 사회에 피해를 주는 상황이 발생한다면, 어떻게 행동하시겠습니까? (300자이내)"
859,5,본인이 생각하는 서브원 사업 성장에 가장 중요한 요인은 무엇이며 이를 위해 지원 직무에서 본인이 기여할 수 있는 부분을 기술하여 주시기 바랍니다.
860,5,자신을 표현할 수 있는 키워드와 그것이 회사에 어떻게 기여할 수 있는지 기술하시오. (최대 500자 8단락)
861,5,"2019년 대한민국 health&beauty store 트렌드를 한 단어로 정의하고, 본인이 올리브영 md라면 트렌드를 리딩할 수 있는 어떤 차별화된 카테고리 또는 상품을 개발하고 싶은지, 그 이유를 본인의 강점과 연관지어 설명"
862,5,해외경제 이슈 및 국내경제 미칠 영향 최근 본인이 가장 중요하다고 생각하는 해외 경제 이슈에 대한 견해와 그 이슈가 국내경제에 미칠 영향에 대하여 기술해 주십시오.
863,5,"안랩의 일원으로서, 지원직무를 통해 우리 사회에 또는 내 주위에 어떠한 기여를 하고 싶나요? (500자 이내)"
864,5,"최근 언론에 보도된 금융/경제/사회 이슈 중 지원부문과 관련된 주제를 선정하고, 그 이유와 본인의 견해를 자세히 기술해 주십시오."
865,5,"최근 접하거나 관심을 가지게 된 농어업분야 관련 이슈는 무엇이며, 해당 이슈에 대한 본인의 의견과 한국농어촌공사의 역할에 대해 기술해주십시오."
866,5,"본인의 회사선택 기준은 무엇이며, 포스코대우가 그 기준에 적합한 이유를 기술하여 주십시오."
867,5,신용협동조합(신협)은 조합원 중심의 경영철학으로 운영되고 있습니다. 본인이 생각하는 조합원에 대한 서비스 원칙을 사례를 바탕으로 작성해주세요.
868,5,Why HAVE & BE?
869,5,본인이 직장을 선택함에 있어 중요시 여기는 가치와 울산대학교가 왜 그 가치와 부합하는지 본인의 의견을 서술하시오.(400자 이내)
870,5,"학령인구감소, 대학구조개혁 등에 따른 울산대학교가 나아가야 할 방향에 대하여 서술하시오.(600자 이내)"
871,5,"‘국민과 함께하는 가스안전, 가스안전산업과 함께 만드는 안전한 세상’이라는 우리 공사 미션(Mission)에서 알 수 있듯이 한국가스안전공사는 가스의 안전한 공급을 통한 가스사고 예방이라는 공익적 목적을 수행하고 있습니다. 가스의 안전한 공급 및 사용이라는 공익 증진에 관심을 갖고 공사에 지원한 이유에 대해 구체적으로 기술해 주시기 바랍니다."
872,5,서민층 시설개선 사업은 낙후된 주거지역을 방문하여 LP가스 시설을 개선하고 이를 통해 서민층 가구의 가스사고 예방 및 생활안정에 기여하는 업무입니다. 지원하신 근무부서에서 서민층 시설 개선사업이 가장 필요할 것으로 생각되는 지역과 그 근거를 대해 기술해 주시기 바랍니다.
873,5,"서민층 시설개선 사업은 현장 점검 뿐 아니라 관련 행정 업무 수행이 요구됩니다. 사무자동화(OA)프로그램(Excel, 파워포인트 등)에 관한 교육/업무수행 경험이 있다면 이에 대해 기술해 주시기 바랍니다."
874,5,종합소개 (업무지식/경험등)
875,5,"유비케어의 역량 및 업무를 고려하여 어느 부분에 기여할 수 있으며, 10년 후 자신의 비전은 무엇인지 기술하여 주십시오."
876,5,롯데면세점 지원동기
877,5,최근 국내외 이슈 중 중요하다고 생각하는 한가지 주제를 선택하고 이에 대한 자신의 견해와 그렇게 생각하는 사유를 기술해주세요. 700자
878,5,"지원자가 생각할 때, 한국경제의 성장 동력 확보를 위하여 주력으로 육성해야 할 산업 또는 품목을 하나 선정하고, 그 산업 또는 품목을 선정한 이유 및 지원자가 생각하는 지원방법 등을 구체적으로 기술하시오."
879,5,"최근 미·중, 미·EU 간 무역 분쟁 등 보호무역주의 확산에 따른 국내외 경제상황이 중소기업에 미칠 영향과 지원자가 생각하는 중소기업의 대응전략을 근거를 들어 구체적으로 기술하시오."
880,5,"신용보증기금은 2019.1월 뉴비전 선포를 통해 ‘빅데이터와 디지털 플랫폼을 활용한 혁신창업 지원기관’으로 거듭나겠다는 계획을 발표했습니다. 지원자가 생각하는 신용보증기금의 중소기업 데이터 활용 방안을 제시하고, 그 활용 방안을 제시한 이유 및 그에 따른 경제적 효과에 대해 설명하시오."
881,5,琪귀하가 회사를 선택할 때 중요시 여기는 것은 무엇입니까? 보기에서 가장 중요하다고 생각하는 것 3가지를 순서대로 쓰고 그 이유를 설명해 주십시오. 그것이 정림건축 지원과 어떤 연관성이 있는지 설명해 주십시오.
882,5,본인이 생각하는 우리재단의 가장 탁월한 경쟁력은 무엇입니까? (최대 300자 입력가능)
883,5,그렇다면 반대로 개선보완이 필요한 부분은 무엇입니까? (최대 300자 입력가능)
884,5,(개선보완 필요 부분에 대해) 왜 그렇게 생각하십니까? (최대 300자 입력가능)
885,5,본인이 우리재단에서 반드시 일해야 하는 이유는 무엇입니까? (최대 300자 입력가능)
886,5,"그 결과를 완벽성, 지속가능성, 효율성 관점에서 어떻게 평가합니까? (최대 300자 입력가능)"
887,5,우리재단에서 근무하는 경우 본인이 생각하는 중요한 행동지침은 무엇입니까? (최대 300자 입력가능)
888,5,"신용회복위원회의 직원으로서 5년 후 자신의 모습을 그려보고, 그 모습에 도달하기 위한 실천계획을 구체적으로 기술하여 주십시오."
889,5,"위 서민금융제도를 이용한 경험이 없다면 현 제도의 문제점, 개선이 필요한 사항을 자세히 기술하십시오."
890,5,"빙그레의 인재상에 비춰볼 때, 본인은 어떤 유형의 인재라고 생각하는지 구체적 사례를 들어 기술해 주세요. ( 인재상 항목 : 도움말 참조 )"
891,5,"한국철도공사의미래사업또는지원분야와연관된본인의전문성을언급하고, 그러한전문성을개발하기위해어떤노력을해왔는지기술하여주십시오."
892,5,"우리 회사의 기업이념은 ‘바름’, ‘다름’, ‘아름’이며, 핵심가치는 ‘신뢰’와 ‘사랑’입니다. 이 다섯가지 기업이념과 핵심가치를 실천한 경험과 이를 통해 느낀점을 구체적인 사례를 통해 기술해 주십시오."
893,5,삶에 있어서 중요하게 생각하는 원칙 세 가지를 설명해 주세요. (900자 이내)
894,5,귀하가 가장 중요하게 생각하는 가치관은 무엇인지 소개해주십시오
895,5,직장생활에서 가장 중요하다고 생각하는 것은 무엇인지 3가지와 그 이유를 간략히 말씀해주십시오
896,5,자격시험부 직원 A는 기사 실기시험 합격자 발표를 준비하던 중 직속 상사 B가 업무 도중 오류를 내어 수 명의 합격 여부가 변경되었음을 알게 되었다. 직원 A의 입장에서 어떻게 대응해야 하는지 본인의 생각을 말씀해주십시오.
897,5,삼성바이오로직스의 행동가치에 비추어 본인이 가지고 있는 역량을 사례와 함께 기술하시오.
898,5,최근 즐겨하는 게임 및 그 이유에 대해 기술해 주세요. _ 글자수 제한 없음
899,5,"(선택) 현재까지 가장 많이 플레이한 게임 TOP3를 기술해주세요. 플랫폼은 무관하며, 플레이 수준(레벨 등)과 과금여부, 플레이 이유를 포함하여 기술 바랍니다."
900,5,최근 사회이슈 중 중요하다고 생각되는 한가지를 선택하고 이에 관한 자신의 견해를 기술해 주시기 바랍니다. (1000자 이내)
901,5,"최근 한국 보험시장을 분석하고, 오렌지라이프가 나아가야 할 방향을 서술하시오"
902,5,"*귀하가 가장 소중하게 생각하는 것은 무엇이며, 그 이유에 대해 약술하십시오"
903,5,"귀하가 생각하는 최고의 고객서비스란 무엇이며, 그 이유에 대해 약술하십시오"
904,5,"귀하께서 경험한 KB국민은행의 모습을 설명하고, KB국민은행이 귀하를 채용해야 하는 이유에 대하여 서술하십시오"
905,5,풀무원의 핵심가치 Passion with TISO 중에서 본인이 생각하는 가장 우선시 되는 가치는 무엇이라고 생각하는지 서술하시오. (100~400자)
906,5,소비자로서 풀무원에 대한 제언을 하시오. (100~600자)
907,5,동아미디어그룹은 뉴스와 콘텐츠로 더 나은 세상을 만들어가고자 합니다. 이러한 발전 전략을 고려하여 경영기획 또는 재무회계 전문가로서 본인이 기여할 부분과 달성하고자 하는 목표를 작성해주시기 바랍니다.
908,5,"나에게, GS리테일에게 고객이란 무엇인가."
909,5,"나에게 조직은 어떤 의미이며, 조직생활에 있어 주인의식이란 무엇인가?"
910,5,내가 생각하는 새로움(창의성)이란 무엇인가.(사례중심)
911,5,"나에게, 기업에게 정직함이란 무엇인가."
912,5,"귀하가 가장 소중하게 생각하는 것은 무엇이며, 그 이유에 대해 약술하십시오."
913,5,"CJ제일제당의 제품 및 서비스 중 가장 선호하는 것을 1개 선정하고, 타사 유사 제품 및 서비스 대비 강점 및 보완점을 작성해 주세요. (500자)"
914,5,직업윤리 : 공공기관에서 업무를 수행함에 있어 직원이 가져야 할 가장 중요한 직업윤리는 무엇이라고 생각하는지 본인의 경험이나 가치관을 중심으로 기술하여 주시기 바랍니다.
915,5,"[위기의 삼성전자, 혁신하는 삼성전자]"
916,5,[바다를 본다면 배는 만들 수 있다]
917,5,"[돈의 변화, 현금 없는 세계 그리고 삼성전자]"
918,5,[지식을 기반으로 소통하는 엔지니어]
919,5,[필수] 최근에 자주 쓰고 있는 앱이 있다면 간략하게 소개해주세요.
920,5,"[필수] 웹툰이나 웹소설을 전혀 안보는 친구 혹은 너무 많이 봐서 볼 것이 없다는 친구가 있다면, 각각의 친구들에게는 어떤 작품을, 어떻게 소개해줄 수 있을까요? ?"
921,5,"티웨이항공을 선택한 이유는 무엇이며, 티웨이항공이 더 성장하기 위해 갖추어야 할 요소가 무엇인지 서술하여 주십시오"
922,5,KT스타오디션에서 무엇을 보여주실 것인지 소개해주십시오.
923,5,고객지향 - 고객만족이 신규고객 창출의 믿음
924,5,대표 경력 (주요 Project를 중심으로 기술)
925,5,기타 자유 기술(퇴사 사유 등)
926,5,당사는 주 52시간 근무제를 준수함으로써 직원들에게 저녁 있는 삶을 보장해 드리고 있습니다. 퇴근 후 자기계발이나 취미활동 등의 계획을 자유롭게 서술하여 주시기 바랍니다. (500자)
927,5,나에게 gs리테일에게 고객이란 무엇인가
928,5,나에게 조직은 어떤 의미이며 조직생활에 있어 주인의식이란 무엇인가?
929,5,"나에게, 기업에게 정직함이란"
930,5,What makes you move? 무엇이 본인을 움직이게 하는지 기술해 주십시오.
931,5,한국가스기술공사에서 중요하게 생각하는 인재상은 다음과 같습니다.
932,5,"중소벤처기업진흥공단의 핵심가치인 현장중심(Field), 청렴성(Integrity), 성과지향(Real Outcome), 전문성(Speciality), 팀워크(Teamwork) 중에서 본인이 직접 경험한 항목을 선택하여 설명하고, 해당경험이 향후 우리 중진공에 어떻게 기여할 수 있는지 작성하여 주시기 바랍니다."
933,5,KB를 택한 이유가 무엇입니까?
934,5,"원만한 직장생활을 위해 필요한 태도와 매너, 직업관(직업윤리)의 중요성에 대해 본인의 가치관을 중심으로 작성하여 주십시오. (400자 이내)"
935,5,(NCS 직업기초: 공동체윤리) 지원한 직무에서 지켜야 하는 원칙이나 가치는 무엇이라고 생각하는지 기술해주십시오.
936,5,고교에서 수학한 과목 중 가장 좋아하는 과목과 그 이유에 대해 기술하여 주십시오.
937,5,가장 좋아하는 과목은
938,5,"공공기관 직원에게 가장 강조되어야 하는 직업윤리는 무엇이며, 그렇게 생각한 이유는 무엇인지 서술하여 주십시오."
939,5,하나투어가 '꼭' 알아주었으면 하는 나에 대한 내용이 있다면 구체적으로 기술하시오
940,5,하나투어가 글로벌 여행 그룹과의 경쟁에서 생존하기 위한 방안이 있다면 구체적으로 기술하시오.
941,5,"본인의 회사선택 기준은 무엇이며, 포스코가 그 기준에 적합한 이유를 서술하시오 1800byte"
942,5,최근 국내외 이슈 중 한 가지를 선택하여 본인의 견해를 서술하세요. 1800byte
943,5,"최근 한국철도공사의 주요 이슈에 대해 한 가지를 언급(선택)하고, 그것에 대한 본인의 의견을 기술하여 주십시오. 800 바이트"
944,5,"Mnet 프로그램 중 하나를 자유롭게 선택하고 개선방안에 대해 구체적으로 작성해주세요. (1,000자 이내)"
945,5,"최근 K-POP 아티스트들의 해외진출이 활발한 가운데, ①글로벌 음악채널로서 Mnet에 대한 본인의 생각과 향후 발전 방향에 대해 작성하고, ②관련하여 입사 후 본인이 제작하고 싶은 Mnet 프로그램에 대해 구체적으로 작성해주세요. (1,500자 이내)"
946,5,고교에서 수학한 과목 중 가장 좋아하는 과목과 그 이유에 대해 기술하여 주십시오(1500byte)
947,5,(핵심가치) KOGAS가 지속적으로 지켜온 핵심가치는 다음과 같습니다. 1) 세계를 향한 도전 2) 사회에 대한 책임 3) 미래를 향한 변화 4) 사람에 대한 신뢰 본인의 경험을 바탕으로 위 4가지 가치 중 한 가지 이상의 항목을 활용하여 이루어낸 성취 경험을 구체적으로 기술해 주십시오.
948,5,"리하우스TR 또는 SC 직무의 역할 및 필요 역량은 무엇이고, 본인에게 가장 어려울 것으로 생각되는 부분은 무엇인가요?"
949,5,"진흥원 직무를 수행하기 위해 가장 중요한 태도(attitude)가 무엇인지와 그 필요성을 기술하고, 그 태도와 관련한 본인의 경험을 기술하세요"
950,5,ibk캐피탈 지원동기가 무엇입니까
951,5,"최근 한국철도공사의 주요 이슈에 대해 한 가지를 언급(선택)하고, 그것에 대한 본인의 의견을 기술하여 주십시오."
952,5,"본인이 사용할 수 있는 그래픽 소프트웨어를 모두 기술하고, 각 소프트웨어의 활용도를 구체적(예를 들면 상,중,하)으로 설명해주세요. 그리고 본인의 포트폴리오 1개(이미지 또는 동영상)를 첨부해주세요. * [1000자 이내]"
953,5,"최근 국내외적으로 이슈가 되고 있는 트렌드/사회현상 중, 지원 직무와 가장 밀접하게 연관되는 이슈를 한 가지 선택하고, 지원 직무에서 적용/해결시켜나갈 남다른 아이디어를 서술해 주십시오. (300자)"
954,5,"본인이 알고 있는 인천국제공항공사에 대한 내용은 무엇이며, 그 정보를 어떻게 얻게 되었는지 기술해 주십시오."
955,5,직장인으로서의 직업윤리가 왜 중요한지 본인의 가치관을 중심으로 설명하십시오.
956,5,최근 사회이슈 중 중요하다고 생각되는 한 가지를 선택하고 이에 관한 자신의 견해를 기술해 주시기 바랍니다. 1000
957,5,"한국관광공사의 주요 사업을 분류하고, 각각의 특성에 대해 아시는 대로 작성해 주시기 바랍니다. (300~700자)"
958,5,공공기관 직원으로서 갖추어야하는 가장 중요한 가치가 무엇인지 본인의 생각을 말씀해 보세요
959,5,"인바디에 입사하여 어떤 일을 하고 싶습니까? 인바디를 조사하여 가능한 구체적으로 서술해주세요. 1099/2000 (글자 수, 공백 포함)"
960,5,"농협은행 입행을 준비하기 위하여 본인이 일정기간 동안 꾸준히 노력하고 있는 일이 있다면 무엇인지, 그렇게 노력하고 있는 이유와 그 결과로 얻은 것이 무엇인지에 대하여 기술하여 주십시오. (1000byte)"
961,5,"농협은행은 농업인의 삶의 질 향상을 위해 농업인과 지역에 필요한 금융을 제공하고, 나아가 국민경제의 균형 있는 발전에 기여함을 목적으로 합니다. (일반분야) 4-1. 농협은행의 목적을 달성하기 위하여 본인이 지원한 지역 및 분야에서 미래의 농협은행이 경쟁력을 강화할 수 있는 방안에 대하여 본인의 생각을 기술하여 주십시오.(1000byte)"
962,5,"본인이 생각하는 ①향후 디지털콘텐츠 및 디지털 플랫폼의 발전 방향성에 대해 사례를 들어 구체적으로 작성하고, ②1534 타깃을 공략하기 위해 어떤 콘텐츠와 미디어 전략이 필요한지 작성해주세요. (1,000자 이내)"
963,5,"(KOGAS에 대한 SWOT 분석) SWOT 분석을 통해 KOGAS가 당면한 기회 및 위협에 대한 효과적인 전략을 제안하여 주십시오. 또한, ‘KOGAS’하면 떠오르는 이미지를 제시하시고, 본인이 이를 어떤 형태로 보완 또는 개선할 수 있는지 기술하여 주십시오."
964,5,(핵심가치) KOGAS가 지속적으로 지켜온 핵심가치는 다음과 같습니다.
965,5,최근 물류/해운/유통산업 관련 이슈들중 하나를 선정하여 간략하게 설명하고 본인의 견해를 자유롭게 작성하여 주세요. [500자 이상 700자 이내] (700자)
966,5,"지원자 본인이 현실과 타협하거나 편법을 사용하지 않고, 원칙대로 일을 처리하는 사람임을"
967,5,"Tell me about yourself, Walk me through the resume."
968,5,What does AlphaSights do?
969,5,What makes you a good pick for this position?
970,5,고교에서 수확한 과목 중 가장 좋아하는 과목과 그 이유에 관해 기술하여 주십시오
971,5,"우리공사의 비전은 ""안전 공감 「리뉴얼20」, 입체적 교통으로 새로운 DTRO""입니다. 우리 공사에 입사한다면 비전달성을 위해 어떤 노력을 할 것인지 작성하여 주십시오."
972,5,"농협은행 입행을 준비하기 위하여 본인이 일정기간 동안 꾸준히 노력하고 있는 일이 있다면 무엇인지, 그렇게 노력하고 있는 이유와 그 결과로 얻은 것이 무엇인지에 대하여 기술하여 주십시오."
973,5,농협은행의 목적을 달성하기 위하여 본인이 지원한 지역 및 분야에서 미래의 농협은행이 경쟁력을 강화할 수 있는 방안에 대하여 본인의 생각을 기술하여 주십시오.
974,5,"(NCS 직업기초: 공동체윤리) 지원한 직무에서 지켜야 하는 원칙이나 가치는 무엇이라고 생각하는지 기술해주십시오. ① 지원직무에서 해당 원칙이나 가치를 지켜야하는 이유가 무엇이라고 생각하는지, 그렇게 생각하게 된 계기는 무엇인지 함께 기술해 주십시오. ② 평소 다른 업무나 과업을 수행하면서 해당 원칙이나 가치를 어떻게 실천하고 있는지, 그러한 원칙과 가치를 지키는데 어떤 어려움이 있는지, 그 어려움을 극복하기 위해 어떻게 노력하고 있는지를 구체적인 사례를 바탕으로 기술해 주십시오."
975,5,최근 관심있는 사회이슈와 그 사회이슈가 당사 또는 건설업계에 미칠 영향에 대해 기술해 주시기 바랍니다.
976,5,바이넥스에 대하여 아는 바를 기술하시오
977,5,지금까지 학교 생활 및 여러 조직에서 생활을 해오면서 가장 중요한 부분이 무엇인지 설명해 주십시오.
978,5,직장인으로서의 직업윤리의 중요성에 대해 본인의 가치관을 중심으로 기술하여 주십시오.
979,5,회사를 선택할때의 기준은 무엇이며 현대자동차가 왜 그 기준에 적합한가를 기술해 주십시오.
980,5,"본인이 세운 목표를 최단시간 내에 달성하기 위해 투입비용을 최소화하고, 비용 대비"
981,5,삶을 통해 이루고 싶은 인생의 비전 또는 목표 3가지를 우선순위 순으로 적어 주십시오. (각 문항당 120byte)
982,5,즐겨 찾는 인터넷 사이트와 그 이유를 설명해 주십시오. (인터넷주소/이유) (150byte/150byte)
983,5,"최근 한국철도공사의 주요 이슈에 대해 한 가지를 언급(선택)하고, 그것에 대한 본인의 의견을 기술하여 주시시오."
984,5,튼튼영어를 선택한 이유는 무엇입니까?
985,5,당신이 튼튼영어 사장이라면 어떤 이유로 당신을 채용하겠습니까?
986,5,CJ E&M의 드라마 중 하나를 자유롭게 선택하고 개선방안에 대해 서술해주시기 바랍니다. (1500자 이내)
987,5,"평소 CU 편의점 이용 시 느꼈던 장단점을 기술하고, CU 편의점 경쟁력을 제고할 수 있는 아이디어를 제시하시오. -2100"
988,5,대외 활동(글자수 제한)
989,5,"지원하신 직무분야에서 일을 하시게 된다면, 미래 자동차 시장의 패러다임 변화와 연관지어 어떤 기여를 할 수 있을지 설명해 주세요. (1000자)"
990,5,"최근 트렌드에서 세이브존이 주목해야 할 내용을 설명하고, 회사에 반영할 수 있는 방안을 기술하세요. (600자 이내)"
991,5,"쏘카는 ‘쏘카존’에 배치된 차량을 대여해주는 서비스를 운영하고 있습니다. 귀하에게 ‘쏘카존’을 개발하라는 임무가 주어진다면, 귀하께서는 어느 지역을 신규 쏘카존으로 개발하시겠습니까? 그리고 그 이유는 무엇입니까? (제한 없음)"
992,5,"귀하께서는 사업 매니져로서 쏘카존의 매출을 늘리기 위해서 힘을 쓰셔야 합니다. 이때, 어떤 방식의 전략들과 일을 실행하시겠습니까? (제한 없음)"
993,5,가장 좋아하는 자동차 모델과 그 이유에 대해 서술해 주십시오. (800자)
994,5,[통섭형 인재 - 융·복합적인 사고를 바탕으로 전문성을 키우다.]
995,5,[한국전력공사와 함께 국가 전력산업발전에 이바지하고 싶습니다.]
996,5,[마이크로그리드의 발전. KEPCO Open MG]
997,5,존경인물과 그 이유
998,5,"[핵심가치] IBK기업은행의 핵심가치 중 본인이 직접 경험한 항목(2개이상)을 선택하여 설명하고, 해당경험이 향후 IBK기업은행에 어떻게 기여할 수 있는지 작성하시오."
999,5,부산도시철도를 이용하는 고객의 입장에서 부산도시철도의 문제점을 하나 언급하고 그에 대한 개선방안을 기술해 주십시오.
1000,5,인근 BEST SHOP 매장 방문 후 본인이 생각했을 때 매장의 장점과 개선했으면 하는 점을 각각 구체적으로 작성해주시기 바랍니다.글자수 988 / 300자 ~ 1000자
1001,5,"앞으로 10년 안에 가장 크게 이루고 싶은 부분은 무엇이며, 이를 위해 준비하거나 거쳐가야 할 과정이 있다면 서술해주십시오. 또한 현재 진행 중인 것이 있다면 기술해주십시오. [100자 이상 1000자 이내]"
1002,5,글로벌 역량을 위한 도전
1003,5,"한국지역난방공사의 핵심가치는 “창의, 소통, 신뢰, 상생” 입니다."
1004,5,"최근 5년이내에 다양한 과제(업무, 활동, 학습 등)를 동시에 수행해야 하는 상황에서,"
1005,5,why celltrion?
1006,5,"우리은행의 과거 / 현재 / 미래에 대하여 키워드를 각각 한가지씩 선정하고, 그 이유에 대해 기술해 주세요."
1007,5,"우리은행에서 앞으로의 목표와 포부를 단기적(3~5년) 관점과, 장기적(10년 이상) 관점에서 설명해주시고, 어떤 금융인으로 성장해 나갈 것인지 기술해 주세요."
1008,5,항공기 정비 업무의 전망과 그렇게 생각한 사유를 서술하여 주십시오
1009,5,4차 산업혁명에서 가장 중요한 정보통신기술분야와 이를 위해 본인이 어떠한 역량을 갖추고 실현 해 나갈 것인지 기술하여 주십시오.
1010,5,도시와 농촌의 균형 있는 발전을 위하여 농협에서 본인이 하고자 하는 일을 직무와 연관하여 기술하여 주십시오.
1011,5,"(KOGAS인재상) KOGAS에서 중요하게 생각하는 인재상은 다음과 같습니다. 미래에 도전하고 변화를 선도하는 사람, 믿고 협력하여 공동의 성공을 실현하는 사람, 자기분야의 최고를 추구하는 사람 세 가지 인재상 중 자신과 가장 부합된다고 생각하는 인재상을 하나 선택하여, 구체적인 사례를 포함하여 그렇게 생각하는 이유를 기술하여 주십시오."
1012,5,조직생활에서 가장 중요하다고 생각하는 덕목과 그 이유를 기술
1013,5,"공단이 지향하는 가치가 무엇이라 생각하며, 그 가치를 달성하기 위한 본인의 역할을 기술하시오."
1014,5,"CJ 파워캐스트 매체기획업무를 수행하며 이루고 싶은 성과와, 5년 후 나의 모습에 대해 서술해 주세요"
1015,5,"대웅그룹과 직무에 지원한 이유와 경험적 사례를 아래의 키워드를 활용하여 논리적(S.T.A.R 기법)으로 서술하여 주세요.[제시어 : 정직, 자율, 학습, 소통 도전, 변화, 협력, 성장] [ 500자 이상 1000자 이내 ] /1000"
1016,5,귀하가 당사에 필요한 이유를 간단히 기술하여 주시기 바랍니다.
1017,5,"고객마인드(고객을 위한 마음가짐, 상담능력)"
1018,5,"앞으로 10년 안에 가장 크게 이루고 싶은 부분은 무엇이며, 이를 위해 준비하거나 거쳐가야 할 과정이 있다면 서술해주십시오. 또한 현재 진행 중인 것이 있다면 기술해주십시오."
1019,5,1번의 사항을 바탕으로 한전KPS에서 수행하고 싶은 직무에 대하여 기술해 주시기 바랍니다.
1020,5,한전KPS의 중장기 전략경영계획(비전2025)를 참고하여 본인의 향후 역량개발계획을 상세하게 기술해 주시기 바랍니다.
1021,5,"나에게, GS리테일에게 고객이란 무엇인가"
1022,5,"최근 국내외적으로 이슈가 되고 있는 트렌드/사회현상 중, 지원 직무와 가장 밀접하게 연관되는 이슈를 한 가지 선택하고, 지원 직무에서 적용/해결시켜나갈 남다른 아이디어를 서술해 주십시오.(400자)"
1023,5,KOLON이 왜 당신을 채용해야 한다고 생각하십니까? 다음 네 가지 보기 중 한가지를 선택하시오. ① 나는 경계를 넘어 협력하는 사람이기 때문입니다. -목표 달성을 위해 새로운 분야의 사람과 협력하여 성과를 낸 경험을 구체적으로 작성하시오.
1024,5,케이뱅크의 핵심가치 중에서 본인이 가장 잘 갖추고 있다고 생각하는 가치를 1가지 선택하여 구체적인 실천 사례와 함께 작성 바랍니다.
1025,5,케이뱅크는 기존 은행과는 다른 상품과 서비스로 대한민국 금융의 새로운 길을 개척하고자 합니다. 케이뱅크의 금융-IT 융합형 인재로서 본인은 어떤 역할을 수행할 것인지 구체적으로 작성 바랍니다.
1026,5,본인이 알고 있는 한국공항공사에 관한 내용은 무엇이며 그 정보를 어떻게 얻게 되었는지 기술해 주시기 바랍니다. 또한 그 중 어떠한 면에 이끌려 우리 공사에 지원하게 되었는지 기술하여 주시기 바랍니다.
1027,5,"귀하가 회사를 선택하는 기준이 무엇이며, 왜 그 기준에 아모레퍼시픽이 적합한지 기술하시오."
1028,5,아모레퍼시픽 그룹은 아름다움으로 세상을 변화시키겠다는 특별한 소명을 가지고 있습니다. 세상을 변화시키는 아름다움이 왜 필요한지 정의하고 입사한다면 이러한 소명을 어떻게 실현할 수 있을지 기술하시오.
1029,5,"아모레퍼시픽 그룹 핵심가치(개방, 정직, 혁신, 친밀, 도전) 중 본인에게 가장 부합하는 하나를 선택하고, 지원 직무를 수행하는 데 있어 해당 가치를 어떻게 발휘할 수 있을 지 앞으로의 목표(비전) 및 계획에 대해 기술하시오."
1030,5,"강점(지식, 기술, 태도로 구분하여 작성) 및 성과"
1031,5,"당사 Core value(핵심가치)인 열정, 혁신, 소통 중 본인 성격과 가장 잘 부합되는 핵심가치를 선정하고, 그 핵심가치가 발휘되었던 경험담을 구체적으로 기술하여 주세요."
1032,5,불스원의 제품 중 자신을 잘 표현할 수 있는 제품을 1가지를 선택하고 그 이유에 대해 설명하여 주세요
1033,5,"당사 인재상(세계로,미래로,하나로) 중 자신을 가장 잘 표현하는 것을 선택하여 경험적 사례를 통해 설명해 주세요."
1034,5,역량기술- '신속한 상황대처 능력'
1035,5,미래지향- '신뢰를 바탕으로 한 소통의 지속성'
1036,5,"[Part2] 당사 인재상과 관련된 아래 키워드 중 본인에게 가장 적합하다고 생각되는 것과, 부족하다고 생각되는 것을 각각 선택하고, 그 이유 및 부족한 부분에 대한 개선방안에 대해 기술해주십시오. [키워드 : 협업 / 신뢰 / 긍정적 / 시너지 / 적극성 / 유연성 / 심사숙고 / 문제해결 / 도전 / 창의 / 책임감 / 자기계발]"
1037,5,[Part4] 나는 아직 보여줄 것이 많습니다. 마지막으로 케이아이엔엑스가 꼭 알아주었으면 하는 점이 있다면 자유롭게 기술해주십시오.
1038,5,한국콜마의 인재상인 4성 5행 中 가장 중요하다고 생각하는 것을 택 1 하여 그 정신이 왜 필요한지 기술하여 주십시오. [ 500자 이내 ]
1039,5,"한국콜마의 산업분야(화장품,제약,건강기능식품 中 택1)를 전망해보고 자신의 역량으로 기여할 수 있는 부분이 무엇인지 기술하여 주십시오. [ 500자 이내 ] 0 /500"
1040,5,즐겨하는 게임과 그 이유에 대해 설명해주세요.
1041,5,본인의 회사선택 기준은 무엇이며 포스코엠텍이 그 기준에 적합한 이유와 근거를 기술하세요.
1042,5,한국콜마의 인재상인 4성 5행 中 가장 중요하다고 생각하는 것을 택 1 하여 그 정신이 왜 필요한지 기술하여 주십시오.
1043,5,"한국콜마의 산업분야(화장품,제약,건강기능식품 中 택1)를 전망해보고 자신의 역량으로 기여할 수 있는 부분이 무엇인지 기술하여 주십시오. [ 500자 이내 ]"
1044,5,[LG디스플레이의 공정/장비 직무의 역량을 갖춘 인재]
1045,5,[LED-ID를 적용한 드론 비행 시스템]
1046,5,CU의 장점과 경쟁력을 높이기 위한 방안
1047,5,한국콜마의 인재상인 4성 5행 中 가장 중요하다고 생각하는 것을 택 1 하여 그 정신이 왜 필요한지 기술하여 주십시오
1048,5,"한국콜마의 산업분야(화장품,제약,건강기능식품 中 택1)를 전망해보고 자신의 역량으로 기여할 수 있는 부분이 무엇인지 기술하여 주십시오."
1049,5,한양대병원의 강점과 약점에 대해 근거를 들어 서술(400-600)
1050,5,"상호 간 의사를 전달하는 수단에는 여러 가지가 있습니다. 본인이 가장 선호하는 소통수단을 1가지 들고, 사유를 설명하십시오."
1051,5,공공기관 직원에게 가장 강조되어야 하는 직업윤리는 무엇이라 생각하는지 서술해 주십시오.
1052,5,기타(자유롭게 기술)
1053,5,"""세계를 선도하는 안전한 지질자원기술 연구센터"""
1054,5,"공사 업무를 수행함에 있어 가장 필요하다고 생각하는 핵심역량이 무엇이며, 그렇게 생각하는 이유를 기술하시오."
1055,5,최근 본인이 관심을 가지고 있는 이슈는 무엇인가요? 왜 그 이슈에 관심을 가지게 되었나요?
1056,5,만약 타임머신을 타고 과거로 돌아갈 수 있다면 언제로 돌아가고 싶나요? 그 이유는 무엇인가요?
1057,5,우리공사의 비전은 ‘안전ㆍ편리ㆍ품격의 선진 도시철도’입니다. 우리공사에 입사한다면 비전 달성을 위해 어떤 노력을 하시겠습니까?
1058,5,부산도시철도를 이용하는 고객의 입장에서 부산도시철도의 문제점을 하나 언급하고 그에 대한 해결책을 기술해 주십시오.
1059,5,누구보다 꼼꼼하게 일처리를 하는 사람입니다.
1060,5,SC제일은행은 ‘Human Bank’를 지향하고 있습니다. 귀하가 생각하는 ‘Human Bank’는 어떤 의미이며 입행 후 그것을 달성하기 위해 어떤 활동을 수행할 것인지 기술하여 주시기 바랍니다.
1061,5,매일유업에 적합한 인재라고 생각하시는 이유를 당사의 핵심가치와 연결하여 설명하여주십시오. [100자 이상 400자 이내]
1062,5,'16년도 이후 출시된 당사의 제품 中 한 가지를 선택하여 경쟁사 대비 강점 및 보완점을 기술해 주십시오. [100자 이상 800자 이내]
1063,5,"언제, 어떤 계기를 통해 JINAIR에 관심을 갖게 되었으며, 이후 JINAIR에 대한 이해도를 높이기 위해 구체적으로 어떤 노력을 해 왔는지 기술해 주십시오. [100자 이상 600자 이내]"
1064,5,"항공업계 종사자로서 도야해야 할 ‘서비스 정신’은 무엇이며, 귀하가 JINAIR에 입사한다면 이를 어떻게 발현시킬 수 있을지 구체적으로 기술해 주십시오. [100자 이상 600자 이내]"
1065,5,청렴(淸廉) 이라는 직업윤리에 대하여 본인의 가치관과 연계하여 기술하여 주십시오.
1066,5,귀하가 공기업인 동서발전에서 반드시 일해야 하는 이유는 무엇입니까?
1067,5,자신의 장점이나 성격 중 공기업 조직문화에 적합하다고 생각되는 것은 무엇입니까?
1068,5,우리 회사가 가진 가장 탁월한 경쟁력은 뭐라고 여기십니까?
1069,5,그렇다면 반대로 가장 큰 문제점은 뭐라고 생각하십니까?
1070,5,왜 그렇게 생각하십니까?
1071,5,어떤 점에서 우수하다고 여깁니까?
1072,5,어떤 근거로 그것을 증명할 수 있습니까?
1073,5,왜 그렇게 평가받는다고 생각하십니까?
1074,5,추가로 평가받고 싶은 부분이 있다면 어떤 부분이고 왜 그렇게 평가 받고 싶습니까?
1075,5,독창적인 사업 아이템을 가지고 창업한 기업이 창업 1년 후 회사 경영과 관련하여 한 가지 애로사항을 겪고 있다고 가정합니다. 그 애로사항이 무엇일지 설명하고 신용보증기금이 애로사항 해소를 위해 할 수 있는 역할에 대하여 본인의 생각을 기술하시오.
1076,5,"한정된 재원으로 창업기업에 대해 보증 지원을 해야 한다면, 지원자는 청년창업기업과 장년창업기업 중 어디를 중점적으로 보증 지원할 것인지,"
1077,5,"강점 (지식, 태도, 기술로 구분하여 작성) 및 성과"
1078,5,"우리공사 4가지 인재요소는 1.고객 행복을 추구하는 “섬김인”, 2.상호존중과 신뢰의 “상생인”, 3.글로벌경쟁력을 갖춘 “전문인”, 4.미래가치를 창출하는 “창조인”입니다. 인재상과 관련하여 한가지를 선택, 본인의 역량을 결부시켜 기술해 주시기 바랍니다."
1079,5,Health & Beauty 사업과 관련한 사회적 환경과 이슈 中 1가지를 선택하여 씨제이헬스케어의 신입사원으로서 회사의 성장에 기여할 수 있는 바에 대하여 작성해주세요.
1080,5,귀하께서 생각하시는 SC제일은행 리테일금융의 주요 경쟁자(Competitor)들에 대해 나열하시고 그 이유와 경쟁에서 승리하기 위한 아이디어를 제시하여 주시기 바랍니다.
1081,5,최근 이슈 중 한 가지를 선택하여 그에 대한 본인의 견해 또는 문제해결 방안을 설득력 있게 기술해 주십시오.(1300byte)
1082,5,"우리 회사의 기업이념은 '바름', '다름', '아름' 이며, 핵심가치는 '신뢰'와 '사랑'입니다. 이 다섯 단어가 최근 중요하게 여겨지는 이유에 대한 본인의 생각을 구체적으로 작성하시오. [바름, 다름, 아름]"
1083,5,LH 직원으로서 지켜야 하는 중요한 윤리의식은 무엇이라고 생각하십니까? 이러한 부분이 본인의 생활에서 어떻게 나타나고 있는지 기술해 주십시오. ① 중요하게 생각하는 윤리의식이 무엇이고 왜 중요하다고 생각하는지 기술해 주십시오. ② 중요하다고 생각하는 윤리의식을 실천하기 위해 어떻게 노력하고 있는지 구체적인 사례를 바탕으로 기술해 주십시오.
1084,5,최근 사회이슈 중 중요하다고 생각되는 한가지를 선택하고 이에 관한 자신의 견해를 기술해 주시기 바랍 니다.
1085,5,"삶을 통해 이루고 싶은 최우선 목표를 하나만 적어주세요. (최소 1자, 최대 300자 입력가능)"
1086,5,최근 물류/해운/유통산업 관련 이슈들중 하나를 선정하여 간략하게 설명하고 본인의 견해를 자유롭게 작성하여 주세요. [500자 이상 700자 이내]
1087,5,왜 회사에 적합한가
1088,5,"기타 (자유롭게 기술) 예시) NCS기반 능력중심채용에 대한 본인의 생각, 공단사업 개선을 위한 제언 등"
1089,5,"4차 산업혁명과 Digital transformation이 본인이 지원하는 직무에 어떤 영향을 미칠지, 나아가 해당 직무가 향후 어떻게 변화할 지 의견을 제시해 주시기 바랍니다."
1090,5,삶에서 중요하게 여기는 가치
1091,5,"삼광의료재단은 진단검사수탁기관입니다. 진단검사 시장의 전망에 대한 본인의 생각을 서술하고, 이와 관련하여 우리 재단에 지원한 동기를 말씀하여 주십시오. (300자 이내)"
1092,5,"삼광의료재단의 4가지 핵심가치(소통, 신뢰, 혁신, 행복) 중 본인이 회사 또는 팀 내에서 성장하기 위해 갖추어야 할 가장 중요한 가치는 무엇이라고 생각하는지 그 이유와 함께 서술하여 주십시오. (300자 이내)"
1093,5,최근 사회이슈 중 중요하다고 생각되는 한가지를 선택하고 이에 관한 자신의 견해를 기술해 주시기 바랍니다.1000자 (영문작성 시 2000자) 이내
1094,5,LG이노텍의 세 가지 핵심가치 중 하나를 선택하여 이를 실천한 본인의 성공 또는 실패 사례를 기술해주십시오.
1095,5,미래에 도전하고 변화를 선도하는 사람
1096,5,"본인의 가치관을 정립하게 된 성장과정을 상세하게 설명하고, 본인의 가치관이 한국예탁결제원에서 업무를 수행함에 있어 어떻게 발휘될 수 있을지기술해 주십시오."
1097,5,"지원분야와 관련해 최근에 가장 관심 가진 주제를 1개 선택하여, 그에 대한 본인의 생각을 서술하시오. - 좋아하는 것, 특정 사건, 기술동향 등 관심 내용을 자유롭게 기재하세요. - 반드시 현대자동차에 대한 내용이 아니어도 됩니다."
1098,5,"삼광의료재단은 진단검사수탁기관입니다. 진단검사 시장의 전망에 대한 본인의 생각을 서술하고, 이와 관련하여 우리 재단에 지원한 동기를 말씀하여 주십시오."
1099,5,"삼광의료재단의 4가지 핵심가치(소통, 신뢰, 혁신, 행복) 중 본인이 회사 또는 팀 내에서 성장하기 위해 갖추어야 할 가장 중요한 가치는 무엇이라고 생각하는지 그 이유와 함께 서술하여 주십시오."
1100,5,"본인의 역량과 본원의 핵심가치[첨단,혁신,창의성,국제화,효율화]가 부합되는 항목을 기술"
1101,5,"지원하신 직무분야에서 일을 하시게 된다면, 미래 자동차 시장의 패러다임 변화와 연관지어 어떤 기여를 할 수 있을지 설명해 주세요."
1102,5,"신한카드는 고객에게 ‘어떤회사’이고, ‘어떤회사’가 되어야 한다고 생각하는지 기술하시오."
1103,5,"본인이 생각하는 마케팅 사례 중 ①가장 잘된 사례 하나와 그 이유, ②아쉬운 사례 하나와 그 이유, ③이를 개선하기 위한 자신만의 방안을 구체적으로 작성해주세요. (CJ ENM 콘텐츠가 아니어도 무방) (1,000자 이내)"
1104,5,"최근 한국원자력연구원의 주요 이슈에 대해 한 가지를 선택하여 언급하고, 그것에 대한 본인의 의견을 기술하십시오"
1105,5,"정부 출연연구기관의 역할과 앞으로 나아가야 할 방향에 대해서 설명하고, 본인이 평소 한국원자력연구원에 변화가 필요하다고 느꼈던 사항을 기술해주십시오"
1106,5,"한국관광공사의 주요 사업을 분류하고, 각각의 특성에 대해 아시는 대로 작성해 주시기 바랍니다"
1107,5,"부산교통공사 직원으로 갖추어야 할 윤리의식은 무엇이라고 생각하며, 본인의 일상생활에서 어떻게 실천하는지 구체적 사례를 들어 기술하시오"
1108,5,"부산교통공사 비전인 「안전·편리·품격의 선진 도시철도」중 '안전','편리','품격'의 3가지 가치 중 하나를 선택하여 그 가치를 실현할 수 있는 방법과 그 과정 속에서 본인의 역할에 대해 기술하시오"
1109,5,"신한카드는 고객에게 ‘어떤회사’이고, ‘어떤회사’가 되어야 한다고 생각하는지 기술하시오. 1400 Bytes 이내"
1110,5,"한국전력공사의 4가지 인재상 중 본인과 가장 부합된다고 생각하는 인재상을 두 가지 선택하여 그렇게 생각하는 이유를 본인의 교육, 경험, 경력사항 등 구체적인 사례를 들어 기술하여 주십시오"
1111,5,중요하게 여기는 가치
1112,5,반도체 강국의 중심 메모리 반도체
1113,5,4차 산업 혁명의 중심 차세대 메모리 반도체
1114,5,반도체 공정 핵심역량
1115,5,앞으로 10년 안에 개인적으로 가장 크게 이루고 싶은 부분은 무엇인가요?
1116,5,"세 가지 인재상 중 자신과 가장 부합된다고 생각하는 인재상을 하나 선택하여, 구체적인 사례를 포함하여 그렇게 생각하는 이유를 기술하여 주십시오. (1000바이트)"
1117,5,즐겨하는 게임과 그 이유
1118,5,"최근 한국철도공사의 주요 이슈에 대해 한 가지(선택)를 언급하고, 그것에 대한 본인의 의견을 기술하십시오."
1119,5,"4차 산업혁명에 맞춰 하나캐피탈에 적용할 수 있는 분야를 선정하고, 선정의 이유와 향후 성장가능성 및 적용가능성을 구체적으로 기술해주십시오."
1120,5,GS E&R의 주요사업인 발전업과 관련하여 최근의 중요한 이슈가 무엇인지 본인의 생각을 기술하여 주십시오.
1121,5,"GS E&R의 주요사업인 풍력 발전 설비 건설을 하고자 하는데 환경문제(소음, 건설기간 중 먼지발생)로 반대하는 지역주민들을 설득해 주십시오."
1122,5,"GS E&R 핵심가치(도전?실행, 안정, 소통) 중 실천사례가 있다면 기술해 주십시오."
1123,5,"본인이 생각하는 범농협 비전 “농업인이 행복한 국민의 농협”의 의미에 대하여 설명하고, 입사 후 농협의 비전달성을 위하여 본인이 어떠한 역량을 발휘할 수 있는지 기술하시오."
1124,5,농축협이 하고 있는 일(사업)을 열거하시고 그 중 하나를 선택하여 설명한 후 이를 발전시킬 수 있는 아이디어를 기술하시오.
1125,5,해당역량 선정 이유 (200자)
1126,5,"한국미니스톱의 인재상 중 자신과 가장 부합하는 2가지를 선택한 뒤, 구체적인 사례를 포함하여 그렇게 생각하는 이유를 기술하여 주십시오.(700자)"
1127,5,미니스톱 편의점에 대하여 타 업체와 비교하여 본인의 방문 후기(장ㆍ단점/ 개선제안)를 작성하시오 ① 장·단점 (1000자)
1128,5,개선제안 (1000자)
1129,5,trade-off를 활용한 문제해결
1130,5,"귀하가 가장 소중하게 생각하는 것은 무엇이며, 그 이유에 대해 약술하십시오 300"
1131,5,"귀하가 생각하는 최고의 고객 서비스란 무엇이며, 그 이유에 대해 약술하십시오 300"
1132,5,"귀하께서 경험한 KB국민은행의 모습을 설명하고, KB국민은행이 귀하를 채용해야 하는 이유에 대하여 서술하십시오 1000"
1133,5,"조직 내 리더와 참모의 역할 및 필요 역량을 제시한 후, 본인은 어떠한 유형인지와 그렇게 생각하는 사유를 근거와 함께 기술하여 주십시오.(600자 이내) 글자수 자"
1134,5,위 문항에 답변한 핵심가치 내용을 바탕으로 본인이 판단하기에 한국사에서 부합하는 인물 또는 제도에 대하여 기술하여 주십시오.
1135,5,"한국지역난방공사의 핵심가치는 ""창의, 소통, 신뢰, 상생""입니다. 본인의 지식과 경험에 기반하여 기술하여 주시기 바랍니다."
1136,5,KOGAS의 세가지 인재상 중 자신과 가장 부합된다고 생각하는 인재상을 하나 선택하여 기술하시오
1137,5,"급격하게 변화하는 금융시장에 대응하기 위해 향후 은행원이 갖추어야 할 디지털 역량은 무엇들이며, 이에 따른 귀하만의 경쟁력은 무엇인지 기술하십시오."
1138,5,"한국지역난방공사의 핵심가치는 ""창의, 소통, 신뢰, 상생""입니다. 본인의 지식과 경험에 기반하여 기술하여 주시기 바랍니다. 1-1. 위의 핵심가치 중 신입사원으로 갖추어야 할 가장 중요한 가치는 무엇이라고 생각하십니까? 그러한 핵심가치를 선정한 이유는 무엇입니까?"
1139,5,그러한 핵심가치를 기반으로 지역난방공사에서 성장하기 위한 포부를 구체적으로 기술하십시오.
1140,5,1번 문항에 답변한 핵심가치 내용을 바탕으로 본인이 판단하기에 한국사에서 부합하는 인물 또는 제도에 대하여 기술하여 주십시오. 6-1. 본인이 생각하는 인물 또는 제도와 그것을 선택한 이유를 설명하여 주십시오.
1141,5,그 인물 또는 제도가 현재 우리사회에 비추어 볼 때 기여할 수 있는 점을 기술하여 주십시오.
1142,5,"여가시간의 증가, 소득수준의 향상, 저렴한 항공권 가격, 편리한 접근성, 낮은 환율 중 여행수요에 가장 중요한 영향을 미치는 요인은 무엇이며, 그 요인에 적합한 영업 전략은 무엇이라고 생각하는지 기술해주세요."
1143,5,반도체 엔지니어로서의 역량
1144,5,본인의 직장선택 기준을 서술하고 경농은 그 기준에 어떻게 부합하는지 기술해 주십시오. (1000자 이내)
1145,5,경농의 핵심가치 6개(윤리/안전/열정/인재/성과/고객중심) 중 자신에게 가장 부합한다고 생각하는 핵심가치 1개 선정 후 그 이유를 구체적 사례를 바탕으로 기술해 주십시오. (1000자 이내)
1146,5,"코레일유통에서 운영중인 매장에 대하여 본인의 방문소감이나 느낀점,제안을 작성하여 주십시오"
1147,5,최근 물류/해운/유통산업 관련 이슈들중 하나를 선정하여 간략하게 설명하고 본인의 견해를 자유롭게 작성하여 주세요. [ 500자 이상 700자 이내 ]
1148,5,"최근에 접한 금융 트렌드(혹은 기사) 중 관심있는 주제를 한 가지 선정하고, 그에 관한 자신의 의견을 서술해 주십시오."
1149,5,LG이노텍의 세 가지 핵심가치 중 하나를 선택하여 이를 실천한 본인의 성공 또는 실패 사례를 기술해주십시오. (100~500자)
1150,5,공단의 핵심가치 중 본인이 추구하는 바와 가장 밀접한 한 가지를 선정하고 그 이유를 설명해 주십시오.
1151,5,"귀하가 회사를 선택하는 기준이 무엇이며, 왜 그 기준에 (주)에뛰드가 적합한지 기술하시오."
1152,5,직장인으로서 직업윤리가 왜 중요한지 본인의 가치관을 중심으로 서술해주십시오.
1153,5,"우리공사 4가지 인재요소는 1.고객 행복을 추구하는 “섬김인”, 2.상호존중과 신뢰의 “상생인”, 3.글로벌경쟁력을 갖춘 “전문인”, 4.미래가치를 창출하는 “창조인”입니다. 인재상과 관련하여 한가지를 선택, 본인의 역량을 결부시켜 기술해 주시기 바랍니다. 896/(800-1000)"
1154,5,우리 KIAN(기아인)들은 다음과 같이 네 가지의 인재상을 닮아 가려고 노력합니다. 그 중에서 당신을 가장 잘 표현할 수 있는 한 가지를 선택하여 경험적 사례를 통해 그 이유를 설명해 주세요 1500자
1155,5,본인의 비전과 목표를 단기/중기/장기적인 관점에서 구체적으로 기술하시오.
1156,5,현대백화점그룹이 지향하는 6가지 중요한 핵심가치와 부합하는 업적 또는 경험 (500자)
1157,5,위의 사항을 바탕으로 한전KPS에서 수행하고 싶은 직무에 대하여 기술해주시기 바랍니다.
1158,5,한전KPS의 중장기 전략경영계획(비전2025)를 참고하여 본인의 향후 역량개발계획을 상세하게 기술해주시기 바랍니다.
1159,5,본인이 생각하는 Kaist의 중요한 성과와 의미를 기술하고 입사 후 본인이 해당 분야의 발전을 위해 수행할 역할과 비전을 제시하시오.
1160,5,본인이 생각하는 가장 중요한 가치를 한 가지 선택하여 기술하고 그 가치를 지키기 위해 꾸준히 실천해온 노력을 기술하시오.
1161,5,한국콜마의 인재상인 4성 5행 中 가장 중요하다고 생각하는 것을 택 1 하여 그 정신이 왜 필요한지 기술하여 주십시오. [500자 이내]
1162,5,"한국콜마의 산업분야(화장품,제약,건강기능식품 中 택1)를 전망해보고 자신의 역량으로 기여할 수 있는 부분이 무엇인지 기술하여 주십시오. [500자 이내]"
1163,5,"본인이 회사를 선택할때의 최우선 가치는 무엇이며, 고려해운이 이에 어떻게 부합하는지 설명하시오. (최대 500자 입력가능"
1164,5,"최근 접한 컨테이너 해상운송산업의 이슈는 무엇이며, 이에 대한 자신의 의견을 기술하시오. (최대 500자 입력가능"
1165,5,"4차산업혁명과 관련하여 가장 관심있는 내용을 기술하고, 그 내용에 대하여 본인이 어떠한 준비를 하고 있는지 설명하시오. (최대 700자 입력가능)"
1166,5,"당사의 핵심가치 중 하나를 본인의 생활 신조와 부합되는 면과 그 이유를 서술해 주시기 바랍니다. [ 500자 이상 1000자 이내 ] 정직, 혁신, 협업"
1167,5,최근 사회이슈 중 중요하다고 생각되는 한가지를 선택하고 이에 관한 자신의 견해를 기술해 주시기 바랍니다. 1000
1168,5,한국전력공사의 4가지 인재상 중 본인과 가장 부합된다고 생각하는 인재상을
1169,5,미니스톱 편의점에 대하여 타 업체와 비교하여 본인의 방문 후기(장ㆍ단점/ 개선제안)를 작성하시오 ① 장·단점 (1000자) ② 개선제안 (1000자)
1170,5,cj인으로서 갖춰야하는 역량 3가지
1171,5,항공기 정비 업무의 전망과 그렇게 생각한 사유를 서술하여 주십시오 (500자이내)
1172,5,무엇을 보여주실 것
1173,5,새마을금고의 존재이념은 '참여와 협동으로 풍요로운 생활공동체 창조'입니다. 새마을금고의 존재이념을 달성하기 위하쳐 자신이 가지고 있는 역량을 입사 후 어떻게 활용하고 발전시킬 것인지 기술해주세요.
1174,5,"노후준비에 대한 중요성은 날로 강조되고 있으며, 국민연금은 노후준비의 가장 대표적인 수단으로 관심이 커지고 있습니다. 국민연금 제도가 가지는 특징 중 가장 중요하다고 생각하는 사항을 정리하고, 그렇게 판단한 이유에 대해 자신의 생각을 구체적으로 기술하여 주시기 바랍니다."
1175,5,"공단의 5가지 핵심가치(신뢰, 책임, 공유, 공정, 열정) 중 한가지를 골라 이와 연관된 본인의 경험과 활동 및 노력에 대해 구체적인 사례를 들어 기술하여 주시기 바랍니다."
1176,5,"[Core Value] 한화그룹의 핵심가치 중 한가지를 선택하여 스스로 정의를 내리고, 본인이 해당 핵심가치를 보유한 인재임을 구체적인 사례와 경험을 들어 말씀해주십시오.(699/700)"
1177,5,"[SMART&CREATIVE] 한화S&C는 ""SMART&CREATIVE""라는 비전슬로건을 갖고 있습니다. 현재 IT업계에서 ""SMART&CREATIVE""가 왜 필요한지 정의하고, 지원한 직무와 관련하여 본인이 ""SMART&CREATIVE"" 한 인재라는 것을 증명할 수 있는 구체적인 사례와 경험을 말씀해주십시오.(699/700)"
1178,5,"지속가능경영 분야에서 국내외 기업들의 화두는 공유가치창출(CSV)로 변화하고 있습니다. SR 역시 공공기관으로서 나눔과 상생이 함께하는 사회적 역할을 중시하고 있어서 최근에는‘SRT CSV LAB(공유가치 창출 홍보관)'을 운영하여 지방자체단체·중소기업·공공기관과 협력해 공유가치를 창출하기 위해 노력하고 있습니다. 위 내용을 참고하여 SR의 열차운송사업과 연관된 CSV 강화방안은 무엇이며, 그것을 본인의 지원업무와 연관지어 서술하여 주시기 바랍니다."
1179,5,"KAMCO 및 지원분야에 관심을 가지게 된 계기는 무엇이며, 이를 위해 그 동안 어떠한 노력 을 했는지 기술해주십시오."
1180,5,WHY CS ENGINEER
1181,5,"최근 한국철도공사의 주요 이슈에 대해 한 가지를 언급(선택)하고, 그것에 대한 본인의 의견을 기술하여 주십시오"
1182,5,본인이 삶을 살아가는데 가장 중요하게 생각하는 가치를 네 글자로 표현하고 그 이유와 해당 가치를 추구했던 경험을 구체적으로 설명해 주십시오
1183,5,"""독하게(Strong)"""
1184,5,"""끈기있게(Steady)"""
1185,5,본인이 생각하는 서브원 사업 성장에 가장 중요한 요인은 무엇이며 이를 위해 지원 직무에서 본인이 기여할 수 있는 부분을 기술하여 주시기 바랍니다. Guide> 본인이 생각하고 있는 내용 및 경험을 기반으로 자유롭게 기술하시기 바랍니다.
1186,5,"본인의 회사선택 기준은 무엇이며, 포스코가 그 기준에 적합한 이유와 근거를 기술하세요."
1187,5,회사를 선택하는 기준은 무엇이며 블루홀이 어떠한 점에서 그 기준에 부합하는지에 대해서 작성해주세요. * [10자 이상 1000자 이내]
1188,5,최근 사회이슈 중 중요하다고 생각하는 한가지를 선택하고 이에관한 자신의 견해를 기술해 주시길 바랍니다.
1189,5,"우리공사 4가지 인재요소는 1.고객 행복을 추구하는 “섬김인”, 2.상호존중과 신뢰의 “상생인”, 3.글로벌경쟁력을 갖춘 “전문인”, 4.미래가치를 창출하는 “창조인”입니다. ? 인재상과 관련하여 한가지를 선택, 본인의 역량을 결부시켜 기술해 주시기 바랍니다"
1190,5,what makes you move? 무엇이 당신을 움직이게 하는지 기술해 주십시오. (1000)
1191,5,"본인이 회사를 선택할 때의 기준은 무엇이며, 왜 현대자동차가 그 기준에 적합한지 기술해 주십시오. (1000)"
1192,5,꼭 현대하이카손해사정이어야 하는 이유?
1193,5,"지원자의 회사를 선택할 때 기준은 무엇이며, 왜 한국기상산업기술원이 그 기준에 부합한지 설명해 주십시오."
1194,5,"[ 더 넓은 세상을 향해 성장하는 신지식인, 한국 우편사업의 새로운 성장 기회 발굴 ]"
1195,5,"[ 존중의 태도와 소통의 노력, 문화산업 전략 PT 경진대회 입상의 성과 ]"
1196,5,"[ 관찰력과 빠른 문제해결력, 전시회 현장 효율성의 개선 ]"
1197,5,"다음의 ‘4차 산업혁명‘이 가져올 일자리 변화로 구직자에게 필요한 역량이 무엇인지에 대해 서술하고, 그 중 지원한 직무에 필요한 역량을 자신은 어느정도 보유하고 있는지 구체적인 사례를 들어 서술하여 주시기 바랍니다. 『세계경제포럼은 4차 산업혁명으로 인해 2020년까지 향후 5년간 710만개의 일자리가 없어지고 200만개의 새로운 일자리가 생겨날 것이라고 예측했다. 4차 산업혁명은 초연결성을 가진 사회로 사람, 사물, 정보가 인터넷으로 모두 연결되어 직업, 일자리, 일하는 방식에 크게 영향을 미칠 것이다. 특히 일하는 방식이 달라지면 그에 따라 필요한 사람이 달라지게 되므로 4차 산업혁명 시대가 요구하는 인재를 확보하기 위해 기업은 노력해야 한다.』"
1198,5,"지속가능경영 분야에서 국내외 기업들의 화두는 공유가치창출(CSV)로 변화하고 있습니다. SR 역시 공공기관으로서 나눔과 상생이 함께하는 사회적 역할을 중시하고 있어서 최근에는‘SRT CSV LAB(공유가치 창출 홍보관)'을 운영하여 지방자체단체·중소기업·공공기관과 협력해 공유가치를 창출하기 위해 노력하고 있습니다. 위 내용을 참고하여 SR의 열차운송사업과 연관된 CSV 강화방안은 무엇이며, 그것을 본인의 지원업무와 연관지어 서술하여 주시기 바랍니다. 『하버드대 경영학과 마이클 유진 포터 교수는 기업이 수익 창출 이후에 사회 공헌 활동을 하는 것이 아니라 기업 활동 자체가 사회적 가치를 창출하면서 동시에 경제적 수익을 추구할 수 있는 방향으로 이루어지는 CSV(공유가치창출)의 개념을 발표했다. 앞으로는 소비자의 가치, 기업의 가치, 사회적으로 필요한 가치가 상호 조화를 이루는 기업가 정신이 요구된다는 것이다.』"
1199,5,가장 중요하게 여기는 가치는 무엇이고 그 이유는?
1200,5,"타 기업에 비해 ＇방송사＇의 경영지원 업무는 어떤 점이 다를지 예상해보고, 그 차이점을 기반으로 본인의 관심분야와 강점을 서술해주세요. 1500자 이내"
1201,5,업무를 잘 할수 있는 이유
1202,5,10년 후 회사 내 나의 모습을 그려보시오.
1203,5,"본인이 생각하는 CJ제일제당의 개선점과 그 이유, 해결방안을 쓰고, 이를 위해 어떻게 기여할 수 있을지 구체적으로 작성해주세요. , 판촉, 고객소통, 사회기여 등)(700자 이내)"
1204,5,"안랩의 개발자로서, 개발을 통해 우리 사회에 또는 내 주위에 어떠한 기여를 하고 싶나요? (500자 이내)"
1205,5,"[조직이해능력 및 기여도] 본인이 생각하는 한전KDN이라는 조직의 역할과 책임은 무엇이며, 한전KDN 직원이 되었을 때 조직의"
1206,5,[윤리의식] 직장인으로서 특히 공공기관 직원으로서 윤리의식이 왜 중요한지 본인의 가치를 중심으로 기술하여 주십시오.
1207,5,정보보안과 관련하여 가장 기억에 남는 이슈와 본인의 견해를 설명하세요.
1208,5,공공기관으로서 사업 추진에 필요한 영화계 의견수렴 방법을 제시하여 주십시오 1000바이트
1209,5,국방연구원에서 가장 중요하다고 생각하는 것은?
1210,5,"한화S&C는 ""SMART&CREATIVE""라는 비전슬로건을 갖고 있습니다. 현재 IT업계에서 ""SMART&CREATIVE""가 왜 필요한지 정의하고, 지원한 직무와 관련하여 본인이 ""SMART&CREATIVE"" 한 인재라는 것을 증명할 수 있는 구체적인 사례와 경험을 말씀해주십시오."
1211,5,최근이슈[1000]
1212,5,마이다스아이티가 지금의 성장을 이룬 바탕이 무엇이라고 생각하는지 서술하여 주십시오.(홈페이지 참조)
1213,5,LH 직원으로서 지켜야 하는 중요한 윤리의식은 무엇이라고 생각하십니까? 이러한 부분이 본인의 생활에서 어떻게 나타나고 있는지 기술해 주십시오.
1214,5,본인이 생각하는 우리 회사의 장점 두 가지를 기술하시오.
1215,5,"회사의 CEO가 되었다고 가정하고, 경영방침, 조직문화 등을 반영한 사훈을 작성하여 보시오."
1216,5,"공사업무 중 업무효율성 제고, 대국민 서비스품질 강화 등을 위해 개선이 필요한 업무 1가지를 선정하고, 그 이유와 개선방안을 제시하시"
1217,5,"본인의 단기·중장기 성장 목표는 무엇이며, 달성하는데 당사가 어떠한 도움을 줄 수 있을 것이라 생각합니까?"
1218,5,"AK MALL 을 가장 잘 설명할 수 있는 이미지는 무엇이며, 그 이유에 대하여 기술해 주시기 바랍니다."
1219,5,"우리 공사에 관심을 가지게 된 이유는 무엇이며, 우리 공사에서 업무수행을 위하여 갖춰야할 역량은 무엇이라고 생각하십니까?"
1220,5,직장인으로서의 직업윤리가 왜 중요한지 본인의 가치관을 중심으로 작성해 주십시오.
1221,5,귀하가 생각하는 행복의 조건
1222,5,삶에 있어 가장 중요한 것은 무엇인가요?
1223,5,현대오트론과 해당 직무에 관심을 가지게 된 계기와 우리와 함께 이루고 싶은 목표는 무엇인가요?
1224,5,"우리은행에서 앞으로의 목표와 포부를 단기적(3~5년) 관점과 장기적(10년 이상) 관점에서 설명해 주십시오. 그리고 이를 위해 지금까지 어떻게 준비해왔으며, 앞으로는 어떻게 준비해 나갈 것 인지 구체적으로 기술하여 주십시오. (최대 600자 입력가능)"
1225,5,"[한화의 핵심가치] 아래 제시어를 자유롭게 활용하시어, 본인의 가치관과 삶의 경험을 담은 에세이를 작성하시오. (제시어: 도전, 헌신, 정도)"
1226,5,"[기타] 최근에 접한 태양광 트렌드(혹은 기사) 중 관심 있는 주제 한 가지를 선택하고, 그에 관한 자신의 견해를 기술하시오."
1227,5,Variou Experiences
1228,5,"본인이 이수한 전기전자 전공 과목중 가장 흥미있었던 과목 5가지를 나열하고, 그 중 한가지를 선"
1229,5,"한샘은 `탁월함에 대한 도전`을 추구합니다. 자신이 생각하는 탁월함이란 무엇이며, 한샘에서 이를 어떻게 도전해 나갈 것인지 서술해 주시기 바랍니다."
1230,5,많은 직업 중 손해사정업을 영위하는 사람들은 보편적으로 어떠한 성향 또는 역량을 가졌다고 생각하는 지와 귀하가 삼성화재서비스에 입사하여 손해사정업을 잘 영위할 수 있다고 생각하는 이유를 기술하여 주십시오
1231,5,삼성화재서비스는 고객의 행복만큼이나 임직원의 행복도 매우 중요하게 생각합니다. 지금까지 귀하의 행복을 위해 일상에서 꾸준히 하고 있는 것이 있다면 이유와 함께 기술하여 주십시오.
1232,5,위의 사항을 바탕으로 한전KPS에서 수행하고 싶은 직무에 대하여 기술해주시기 바랍니다. 480 / 500
1233,5,한전KPS의 중장기 전략경영계획(비전2025)를 참고하여 본인의 향후 역량개발계획을 상세하게 기술해주시기 바랍니다
1234,5,본인이 생각하는 최고의 서비스란 무엇인지와 그 이유를 설명하여 주시기 바랍니다.
1235,5,어떠한 상황에서도 반드시 지키기로 다짐한 자신만의 원칙을 제시하고 그에 대한 이유 및 실천 사례에 대하여 구체적으로 기술하여 주십시오.
1236,5,고객만족을 위해서 가장 필요한 것은 무엇이라고 생각하십니까?
1237,5,"한국지역난방공사의 핵심가치는 “창의, 소통, 신뢰, 상생”입니다. 본인의 지식과 경험에 기반하여 기술하여 주시기 바랍니다. 1)위의 핵심가치 중 신입사원으로 갖추어야 할 가장 중요한 가치는 무엇이라고 생각하십니까? (100~200자)"
1238,5,2) 그러한 핵심가치를 선정한 이유는 무엇입니까? 본인이 선정한 핵심가치를 발휘한 사례를 경험에 비추어 기술하여 주십시오.(150~300자)
1239,5,3) 그러한 핵심가치를 기반으로 지역난방공사에서 성장하기 위한 포부를 구체적으로 기술하십시오.(150~300자)
1240,5,첫 문항에 답변한 핵심가치 내용을 바탕으로 본인이 판단하기에 한국사에서 부합하는 인물 또는 제도에 대하여 기술하여 주십시오. 1) 본인이 생각하는 인물 또는 제도와 그것을 선택한 이유를 설명하여 주십시오.(100~200자)
1241,5,3) 그 인물 또는 제도가 현재 우리사회에 비추어 볼 때 기여할 수 있는 점을 기술하여 주십시오. (150~300자)
1242,5,객실승무직을 본인이 잘 수행할 수 있다고 생각하는 이유
1243,5,현대카드/캐피탈/커머셜에서 해보고 싶은 업무와 본인이 해당 업무에 적합하다고 생각하는 이유를 설명하시오. 그리고 해당 업무 분야에서 본인이 도전해보고 싶은 과제에 대해 기술하시오.
1244,5,人生에 있어서 귀하가 생각하는 최선의 가치는
1245,5,본인의 사고와 행동을 결정하는 가치관 3가지와 적용사례를 기재하여 주십시오.
1246,5,본인이 알고 있는 한국공항공사에 관한 내용은 무엇이며 그 정보를 어떻게 얻게 되었는지 기술해 주시기 바랍니다.
1247,5,객실승무직을 본인이 잘 수행할 수 있다고 생각하는 이유 [100자 이상 600자 이내]
1248,5,"상호간 의사를 전달하는 수단에는 여러가지가 있습니다. 본인이 가장 선호하는 소통수단을 1가지 들고, 사유를 설명하십시오."
1249,5,"한국지역난방공사의 핵심가치는 “창의, 소통, 신뢰, 상생”입니다."
1250,5,(주)한국스마트카드를 선택한 이유를 기술하여 주십시오.
1251,5,무엇이 당신을 움직이게 하는지 기술해 주십시오.
1252,5,"본인이 회사를 선택할 때의 기준은 무엇이며, 왜 현대자동차가 그 기준에 적합한지를 기술해 주십시오. (1000자 이내)"
1253,5,"(핵심가치)LS엠트론의 핵심가치 중 자신이 가장 중요하게 생각하는 가치는 무엇이며, 해당 가치를 실천한 사례를 기술해 주시기 바랍니다.(주인의식, 기술선도, 청년정신)"
1254,5,아트라스비엑스에서 성취하고자 하는 비전과 목표에 대하여 작성해 주십시오.[최소100자 이상 최대 500자 이하]
1255,5,다른 사람에게 OCI에 대해 설명한다면?
1256,5,"농협은행의 인재상 중 본인에게 가장 어울리는 인재상은 무엇인지 선택하고,선택한 이유를 본인의 구체적 경험을 바탕으로 설명하시오"
1257,5,"최근 4차 산업혁명으로 인해 금융환경이 급변하고 있습니다. 흔히 언급되고 있는 AI, 빅데이터, 사물인터넷, 블록체인 또는 그 이외에 본인이 생각하는 4차 산업혁명 시대에 일어날 금융업의 변화에 대해 설명하고 이에 대응하기 위해 본인이 갖추어야 할 역량에 대해 기술하시오"
1258,5,현재 농협은 ‘농가소득 5천만원 달성’이라는 목표를 위해 전사적으로 역량을
1259,5,우리 회사에 들어오면 갖게 되는 좋은 점과 기회에 대해 기술해 주십시오.
1260,5,위 질문과 반대로 나쁜 점과 위험 요소는 무엇이라고 생각하십니까?
1261,5,아이쓰리시스템 지원동기
1262,5,직무연관성 700자
1263,5,"[신입] 우리 회사의 기업이념은 '바름', '다름', '아름' 이며, 핵심가치는 '신뢰'와 '사랑'입니다. 이 다섯 단어가 최근 중요하게 여겨지는 이유에 대한 본인의 생각을 구체적으로 작성하시오. [1500자 이내]"
1264,5,GS E&R의 주요사업인 발전업과 관련하여 최근의 중요한 이슈가 무엇인지 본인의 생각을 기술하여 주십시오
1265,5,"GS E&R의 주요사업인 풍력 발전 설비 건설을 하고자 하는데 환경문제(소음, 건설기간 중 먼지발생)로 반대하는 지역주민들을 설득해 주십시오"
1266,5,"SGI서울보증의 경제, 사회적 역할이 무엇이라고 생각하는지 설명하고, 이러한 역할의 강화를 위하여 SGI서울보증이 취하여야 할 전략을 기술하여 주시기 바랍니다. (700자 이내)"
1267,5,"4차 산업혁명이 SGI서울보증에 미칠 영향에 대하여 위기와 기회 요인으로 구분 후 상세히 설명하고, 이에 대한 SGI서울보증의 대응방안을 기술하여 주시기 바랍니다.(1000자 이내)"
1268,5,"한국마사회의 사업영역 중 가장 관심 있는 사업 한 가지를 명시하고, 사업 활성화를 위한 방안을 자유롭게 기술하여 주십시오."
1269,5,"서비스란 무엇인지에 대하여 정의하고, 이와 관련한 본인의 강점을 기술하시오.(600자 이내)"
1270,5,최근 사회이슈 중 중요하다고 생각되는 한가지를 선택하고 이에 관한 자신의 견해를 기술해 주시기 바랍니다. (985/1000자)
1271,5,"건설에 관심을 갖게 된 계기는 무엇이며, 이후 건설에 대한 이해를 높이기 위해 어떠한 노력을 해 왔는지 구체적으로 작성바랍니다.(700자)"
1272,5,대한적십자사에서 직업윤리가 왜 중요한지 본인의 가치관을 중심으로 설명 하십시오.
1273,5,한국콜마의 인재상인 4성 5행 中 가장 중요하다고 생각하는 것을 택 1 하여 그 정신이 왜 필요한지 기술하여 주십시오. [ 500자 이내 ] /500
1274,5,"한국콜마의 산업분야(화장품,제약,건강기능식품 中 택1)를 전망해보고 자신의 역량으로 기여할 수 있는 부분이 무엇인지 기술하여 주십시오. [ 500자 이내 ] /500"
1275,5,이베이코리아가 더 좋은 온라인 쇼핑 경험을 제공하기 위한 아이디어를 구체적으로 제안해주세요.
1276,5,불스원의 제품 중 자신을 잘 표현할 수 있는 제품을 1가지를 선택하고 그 이유에 대해 설명하여 주세요.
1277,5,"(KOGAS인재상) KOGAS에서 중요하게 생각하는 인재상은 다음과 같습니다. 1) 미래에 도전하고 변화를 선도하는 사람 2) 믿고 협력하여 공동의 성공을 실현하는 사람 3) 자기분야의 최고를 추구하는 사람 세 가지 인재상 중 자신과 가장 부합된다고 생각하는 인재상을 하나 선택하여, 구체적인 사례를 포함하여 그렇게 생각하는 이유를 기술하여 주십시오. (1000자 이내)"
1278,5,많은 직업 중 손해사정업을 영위하는 사람들은 보편적으로 어떠한 성향 또는 역량을 가졌다고 생각하는 지와 귀하가 삼성화재서비스에 입사하여 손해사정업을 잘 영위할 수 있다고 생각하는 이유를 기술하여 주십시오.
1279,5,두림야스카와에 대한 이미지와 느낌을 근거를 들어 서술해주십시오.
1280,5,두림야스카와에서 이루고 싶은 목표에 대해 작성해주십시오.
1281,5,"공사의 인재상은 '창조적 인재', '소통의 달인', '배려의 달인' 입니다. 이와 관련하여 본인의 생각을 기술해 주시기 바랍니다. (타인을 위한 희생경험 등)"
1282,5,"빙그레의 인재상에 비춰볼 때, 본인은 어떤 유형의 인재라고 생각하는지 구체적 사례를 들어 기술해주십시오."
1283,5,빙그레의 최근 이슈 중 한 가지를 선택하여 그에 대한 본인의 견해 또는 문제해결 방안을 설득력있게 기술해 주십시오.
1284,5,"귀하가 일 또는 직장생활에 있어서 최우선적으로 추구하는 가치는 무엇이며, 그러한 이유나 계기는 무엇인지 서술해 주십시오."
1285,5,"하나금융그룹의 핵심가치는 열정, 열린마음, 고객우선, 전문성, 존중과 배려입니다. 이러한 가치를 가장 잘 표현할 수 있는 과거의 활동이나 경험에 대하여 서술하시오"
1286,5,"경쟁과 협력 중 어느 것이 더 중요하다고 생각하시는지 한가지를 선택하여 견해를 제시하고, 왜 그렇게 생각하는지 본인의 경험을 사례로 들어 기술하여 주십시오"
1287,5,자신이 왜 한국농어촌공사의 인재상에 부합되는 인물이라고 생각하는지를 기술하시오.
1288,5,"본인이 읽었던 책 중 ‘공영 방송인으로서의 사회적 역할과 책임’이란 명제와 관련이 있는 책은 무엇이며, 그 관련성의 이유는 무엇인지 기술해 주십시오."
1289,5,"본인이 생각하기에 우리 사회에 변화가 필요한 분야(정치, 경제, 사회, 문화 등)는 무엇이며, 그 문제에 대해 창의적인 방법을 통해 개선을 이루어낼 수 있는 아이디어가 있다면 무엇인지 구체적으로 기술하여 주십시오."
1290,5,GS왓슨스 합격자소서
1291,5,"언제, 어떤 계기를 통해 진에어에 관심을 갖게 되었으며, 이후 진에어에 대한 이해도를 높이기 위해 구체적으로 어떤 노력을 해 왔는지 기술해 주십시오. [100자 이상 600자 이내]"
1292,5,"항공업계 종사자로서 도야해야 할 ‘서비스 정신’은 무엇이며, 귀하가 진에어에 입사한다면 이를 어떻게 발현시킬 수 있을지 구체적으로 기술해 주십시오. [100자 이상 600자 이내]"
1293,5,"본인이 회사를 선택할때의 최우선 가치는 무엇이며, 고려해운이 이에 어떻게 부합하는지 설명하시오. (500자)"
1294,5,"최근 접한 컨테이너 해상운송산업의 이슈는 무엇이며, 이에 대한 자신의 의견을 기술하시오. (700자)"
1295,5,"4차산업혁명과 관련하여 가장 관심있는 내용을 기술하고, 그 내용에 대하여 본인이 어떠한 준비를 하고 있는지 설명하시오. (700자)"
1296,5,"기회는 오는 것인가, 찾아가는 것인가? (Chance) (480/500자)"
1297,5,다른 사람에게 OCI에 대해 설명한다면? (489/500자)
1298,5,"본인이 회사를 선택할 때의 기준은 무엇이며, 왜 일진그룹이 그 기준에 적합한지를 기술하시오. 450자"
1299,5,"다양한 사업군의 Store Consultant 직무 중 외식업, 특히 CJ푸드빌에 지원한 동기를 구체적으로 기술하시오. (1,000자 이내)"
1300,5,"자신이 CJ푸드빌에서 Store Consultant 직무를 남들보다 잘 수행할 수 있는 이유에 대해 자유롭게 기술하시오.(1,000자 이내)"
1301,5,"CJ푸드빌은 현재 미국, 중국, 베트남, 인도네시아 등 다양한 국가에서 글로벌 사업을 운영중에 있습니다. 본인이 글로벌 SC로 성장하기 위해서 가지고 있는 본인의 강점과 경험을 기술하시오. (1,000자 이내)"
1302,5,세계 최고로 잘 할 수 있는 일은 무엇입니까?
1303,5,무엇이 당신을 움직이게 하는가?
1304,5,귀하가 에스에너지에 입사하여 능력을 발휘할 것에 대해 보증해줄 (garantee) 친구는 몇 명 있습니까?
1305,5,"신용보증기금은 보증 신청기업 대하여 현장조사를 필수적으로 실시하며, 보증심사 시 자체 개발한 중소기업 맞춤형 신용평가 체계를 활용합니다. 중소기업에 특화된 신용평가 방법이 필요한 이유가 무엇인지에 대하여 본인의 생각을 기술하시오."
1306,5,신용보증기금은 제 1순위 국정과제인 ‘일자리 창출’을 전사적으로 추진하기 위해 ‘일자리창출추진단’을 출범하였습니다. 신용보증기금이 기관 고유의 사업을 통해 양질의 일자리를 창출할 수 있는 방안에 대하여 본인의 생각을 기술하시오.
1307,5,한정된 재원으로 창업기업에
1308,5,정직함에 대하여. (800바이트)
1309,5,"본그룹의 3대 핵심가치 중, 한가지를 선택해서 이와 관련된 본인의 경험을 기술해 주십시오."
1310,5,현재 위메프에서 판매하고 있는 상품 중 본인을 가장 잘 표현할 수 있는 것을 찾아보고 그 이유를 기술해주세요.
1311,5,"보험서비스 전문회사인 삼성화재서비스의 비전은 ""First & Best Service Partner""입니다. First, Best, Service, Partner 이 네 단어 중 본인과 가장 닮은 한 단어를 선정하고, 그 이유와 관련 경험을 함께 기술하여 주십시오."
1312,5,삼성화재서비스는 고객의 행복만큼이나 임직원의 행복도 매우 중요하게 생각합니다. 입사 후 본인의 행복을 위해 일상에서 꾸준히 하고 싶은 것이 있다면 이유와 함께 기술하여 주십시오.
1313,5,"우리은행은 2020년까지 '아시아 TOP 10, 글로벌 TOP 50' 를 목표로 하고 있습니다. 이러한 목표를 달성하기 위해 본인의 역량과 경험을 활용하여 어떠한 기여를 할 수 있을지 구체적으로 말씀해 주세요."
1314,5,"SPC그룹의 핵심가치(정직, 혁신, 협업) 중 한 가지를 선택하고, 그와 관련하여 가장 인상 깊었던 사례와 그 이유는 무엇인지 서술해 주십시오. [ 300자 이상 600자 이내]"
1315,5,"본인이 가장 중요하게 생각하는 가치는 무엇이며, 왜 그렇게 생각하시나요?"
1316,5,"새마을금고 존재이념은 ""참여와 협동으로 풍요로운 생활공동체 창조""입니다. 새마을금고의 존재이념을 달성하기 위하여 자신이 가지고 있는 역량을 입사후 어떻게 활용하고 발전시킬 것인지 기술해주세요."
1317,5,"CJ제일제당 제품 중 한가지를 선택하고, 매출 혹은 이익을 증대할 수 있는 본인만의 영업전략을 구체적으로 작성해주세요. (700자 이내)"
1318,5,"서비스기업에 있어 가장 어려운 고객은 어떤 유형이며, 본인이 직원이라면 어떤 방법으로 해당유형의 고객을 응대하겠는지 기재하시오."
1319,5,위 질문 외 회사에 하고 싶은 이야기를 자유롭게 기술하여 주십시오.
1320,5,"가정간편식(HMR) 시장 규모가 급속하게 성장하고 있는 가운데, 타사 대비 농협만이 가지고 있는 장점을 설명하고, 이를 바탕으로 시장경쟁력 확보를 위한 농협의 대응방안을 구체적인 사례(상품)를 들어 기술하여 주십시오."
1321,5,현재 농협은 “농가소득 5천만원 달성”이라는 목표를 위해 전사적으로 역량을 집중하고 있습니다. 농협하나로유통에서 농가소득 5천만원을 달성할 수 있는 현실적인 방안을 설명하고 본인이 할 수 있는 역할을 구체적인 근거를 들어 기술하여 주십시오.
1322,5,"본인의 강점에 대하여 간략히 설명하고, 그것이 한국동서발전의 비전달성에 어떻게 기여할 수 있는지 서술하시기 바랍니다."
1323,5,"귀하는 친구나 동료, 또는 주변사람들에게 어떤 사람이라고 평가 받고 있습니까? 또한 귀하는 그것에 대해 어떻게 생각하고 있습니까?(최근 5년"
1324,5,본인이 추구하는 광고상
1325,5,좌우명 & 삶의 목표 : 목표달성을 위한 구체적인 계획을 기술
1326,5,"CJ CGV에서 시도된 마케팅 혹은 서비스를 한 가지 작성하고, 그에 대한 평가와 개선 방안을 작성해 주세요. ① 기억에 남는 마케팅 혹은 서비스, ② ①번에 대한 개인적인 평가, ③ 개선 방안을 반드시 포함하여 구체적으로 작성해 주세요. (1,000자 이내)"
1327,5,"본인이 CJ CGV에서 Multiplex Manager로 근무한다고 가정할 때, CJ CGV와 나의 향후 미래 모습을 예측하여 작성해주세요. ① 5년 후 CJ CGV의 미래 및 나의 모습, ② 10년 후 CJ CGV의 미래 및 나의 모습을 반드시 포함하여 구체적으로 작성해 주세요. (1,000자 이내)"
1328,5,"대웅그룹과 직무에 지원한 이유와 경험적 사례를 아래의 키워드를 활용하여 논리적(S.T.A.R 기법)으로 서술하여 주세요.[제시어 : 정직, 자율, 학습, 소통 도전, 변화, 협력, 성장]"
1329,5,"평소 관심있는 라이프스타일/트렌드를 기술하고, 이를 LF의 브랜드/비즈니스 또는 지원직무에 어떻게 접목시킬 수 있는지 아이디어를 기술해 주세요.(10행)"
1330,5,현재 우리공단은 국정과제를 수행하고 있다. 국정과제를 통해 공단의 위상과 이미지를 제고시키기 위해서는 먼저 공단조직에 대한 내외부 환경분석이 필요하다. 어떻게 환경분석을 할 것인지 설명하십시오. 400자
1331,5,대규모 신규직원 채용으로 조직 내 직원들의 세대간 격차가 벌어져 소통의 문제가 예상된다. 이러한 문제를 어떻게하면 해결 할 수 있을지 설명하십시오. 500자
1332,5,"중요한 업무 내용 전달을 위한 효율적인 방법(이메일, 전화, SNS 등)은 무엇이며, 그 이유를 설명하십시오. 500자"
1333,5,직장인으로서의 직업윤리가 왜 중요한지 본인의 가치관을 중심으로 설명하십시오. 400자
1334,5,기타 (자유롭게 기술)
1335,5,지금까지 학교생활 및 여러 조직에서 생활을 해오면서 조직생활에서 가장 중요한 부분이 무엇인지 설명해 주십시오(100자 내외)
1336,5,귀하께서 생각하시는 “일”이란 어떤 의미인지 기술해주십시오
1337,5,인터파크의 장단점과 그 이유는?
1338,5,10년후 목표는 무엇인가요
1339,5,"SPC그룹의 핵심가치(정직, 혁신, 협업) 중 한 가지를 선택하고, 그와 관련하여 가장 인상 깊었던 사례와 그 이유는 무엇인지 서술해 주십시오."
1340,5,팜스코 핵심가치(우리는 끊임없이 도전)로 본인을 자유롭게 표현해주십시오
1341,5,"위의 질문에서 선택한 핵심가치[도전]에 따른 행동약속 2가지를 지원직무와 연결하여 본인의 의지, 역할, 성과창출 등을 자유롭게 표 현해주십시오"
1342,5,도료산업의 전망에 대하여 본인의 견해를 자유롭게 기술하시오.
1343,5,손해사정업을 선택하려는 이유
1344,5,"지원동기 787/800 (글자 수, 공백 포함)"
1345,5,"[조직이해능력] 한국지질자원연구원은 정부출연연구기관입니다. 본인이 생각하는 정부출연연구기관의 특징과 다른 조직(대학, 민간회사 등)과의 차이를 기술하고, 그러한 차별성을 토대로 정부출연연구기관이 어떻게 미래를 준비해야 할 지 제시해주세요. (최대 500자 입력가능)"
1346,5,"반도체/디스플레이 장비산업에 대하여 어떻게 이해하고 있으며, 본인이 기여할 수 있는 역량이 무엇인지 알려주세요. (500자 내외)"
1347,5,"[영선반보] 우리은행은 실물로봇 로보어드바이저 '우리 로보-알파', 음성인식 AI뱅킹 '소리(SORi)', 실시간 외국어 대화번역 '위비톡' 등 창의적이고 발빠른 서비스로 4차 산업혁명 시대의 디지털 금융을 선도하고 있습니다. 이처럼 창의적인 사고와 남보다 한발 앞선 노력으로 이뤄낸 본인의 성과에 대하여 말씀해 주세요."
1348,5,"[입행포부] 우리은행은 2020년까지 '아시아 TOP 10, 글로벌 TOP 50' 를 목표로 하고 있습니다. 이러한 목표를 달성하기 위해 본인의 역량과 경험을 활용하여 어떠한 기여를 할 수 있을지 구체적으로 말씀해 주세요."
1349,5,[문제해결능력] 공단의 업무를 수행하다보면 고객의 입장에서 볼 때 고객이 옳고 우리의 규정이나 규칙이 너무 까다롭거나 현실과 잘 맞지 않는 것으로 느껴질 경우가 있습니다. 이러한 경우 어떻게 업무처리를 할 것인지 또는 유사한 경험에 대해 구체적으로 설명해 주십시오.
1350,5,[공단인재] 공단에서 지속 필요로 하는 인재는 크게 ‘미래사업 추진형’ 인재와 ‘조직가치 창출형’ 인재로 구분하고 있습니다. 공단 수행 보험사업 직무분야에 비추어 지원자께서 생각하는 ‘미래사업 추진형’ 인재와 ‘조직가치 창출형
1351,5,[경영지원 부문의 혁신을 추구하는 인재]
1352,5,[청년수당으로 촉발된 보편적 복지로의 전환과 함의]
1353,5,"KOLON이 왜 당신을 채용해야 한다고 생각하십니까? 다음 네 가지 보기 중 한가지를 선택하시오. ① 나는 경계를 넘어 협력하는 사람이기 때문입니다. -목표 달성을 위해 새로운 분야의 사람과 협력하여 성과를 낸 경험을 구체적으로 작성하시오. ② 나는 새로운 것에 도전하는 사람이기 때문입니다. -기존의 관행에 대해 ‘왜’라는 질문을 던지고, 새로운 아이디어를 제안하여 찬사를 받은 사건이나 경험에 대해 구체적으로 작성하시오. ③ 나는 높은 목표를 가진 사람이기 때문입니다. -최고 수준의 목표를 설정하고 이를 추진하여 성공했던 경험을 구체적으로 작성하시오. ④ 나는 될 때까지 실행하는 사람이기 때문입니다. - 실패에 좌절하지 않고 끝까지 실행하여 성공한 경험을 구체적으로 작성하시오."
1354,5,KOLON이 왜 당신을 채용해야 한다고 생각하십니까? 다음
1355,5,본인이 회사를 선택 할 때 가장 중요하게 생각하는 것과 한미약품이 그것과 어떻게 부합하는지 기술하여 주십시오. [ 200자 이상 700자 이내 ]
1356,5,한미약품의 과거/현재/미래 각각의 키워드를 선정하고 그 이유를 기술하여 주십시오. [ 200자 이상 700자 이내 ]
1357,5,"본인의 회사 선택 기준은 무엇이며, 현대중공업그룹이 어떤 측면에서 그 기준에 적합하다고 생각하십니까"
1358,5,"한화그룹의 핵심가치 중 한가지를 선택하여 정의하고, 해당 핵심가치에 본인이 부합하는 이유를 구체적인 사례와 경험을 들어 말씀해주십시오."
1359,5,최근 IT업계는 각종 정책 및 다양한 신규 기술의 유입 등으로 경쟁이 심화되며 빠르게 변화하고 있습니다. 향후 시장에서 한화S&C가 Global ICT Leader로서 성장하기 위한 전략이 무엇이라고 생각하는지 말씀해주십시오.
1360,5,"① New ICT, ② Application, ③ Infra 중 본인이 가장 역량을 발휘할 수 있는 영역을 선택하여 주십시오."
1361,5,"(NCS 직업기초: 공동체윤리) LH 직원으로서 지켜야 하는 중요한 윤리의식은 무엇이라고 생각하며, 본인의 생활에서 해당 윤리의식을 어떻게 실천하고 있는지 기술해 주십시오."
1362,5,"4차 산업혁명을 대비하여 넷마블에서 해야하는 것은 무엇인지, 자유롭게 서술하여 주십시오."
1363,5,"연구의 정의와 목적에 대해 서술하고, 연구를 기획하고 수행함에 있어서 중요하다고 생각하는 항목들과 그 이유를 작성하여 주십시오."
1364,5,"우리은행은 실물로봇 로보어드바이저 '우리 로보-알파', 음성인식 AI뱅킹 '소리(SORi)', 실시간 외국어 대화번역 '위비톡' 등 창의적이고 발빠른 서비스로 4차 산업혁명 시대의 디지털 금융을 선도하고 있습니다. 이처럼 창의적인 사고와 남보다 한발 앞선 노력으로 이뤄낸 본인의 성과에 대하여 말씀해 주세요."
1365,5,당신이 금호석유화학그룹에 입사한다면 조직의 화합을 위해 기여할 수 있는 부분은 무엇입니까?
1366,5,한국콜마의 인재상인 4성 5행 중 가장 중요하다고 생각하는 것을 택하여 왜 그 정신이 필요한지 기술하여 주십시오.
1367,5,한국콜마의 산업분야를 전망해보고 자신의 역량으로 기여할 수 있는 부분이 무엇인지 기술하여 주십시오.
1368,5,"당신의 전공 분야와 융합했을 때, 가장 높은 시너지를 낼 수 있는 분야를 선택하고, 그 이유와 예상되는 시너지 효과에 대해 기술하시오"
1369,5,"농협은행의 인재상 중 본인에게 가장 어울리는 인재상은 무엇인지 선택하고,선택한 이유를 본인의 구체적 경험을 바탕으로 설명하시오."
1370,5,"최근 4차 산업혁명으로 인해 금융환경이 급변하고 있습니다. 흔히 언급되고 있는 AI, 빅데이터, 사물인터넷, 블록체인 또는 그 이외에 본인이 생각하는 4차 산업혁명 시대에 일어날 금융업의 변화에 대해 설명하고 이에 대응하기 위해 본인이 갖추어야 할 역량에 대해 기술하시오."
1371,5,현재 농협은 ‘농가소득 5천만원 달성’이라는 목표를 위해 전사적으로 역량을 집중하고 있습니다. NH농협은행에서 농가소득 5천만원을 달성할 수 있는 현실적인 방안을 설명하고 본인이 할 수 있는 역할을 구체적인 근거를 들어 기술하시오.
1372,5,자신이 왜 서울교통공사의 인재상에 부합되는 인물이라고 생각하는지를 기술하시오.
1373,5,포스코의 성공과 함께하는 나의 성공
1374,5,"프로의식과 책임감, 업무를 대하는 진지함"
1375,5,사람을 사랑하고 다가올 일을 내다보다
1376,5,회사 선택 시 가장 중요하게 생각하는 기준은 무엇이며 당사가 그 기준에 어떻게 부합하는지 기술해 주십시오.
1377,5,"당사 제품, 전략 등 당사 사업영역과 관련하여 본인이 생각하는 발전방향을 제시하고 이유를 기술해 주십시오."
1378,5,What makes you move? 무엇이 당신을 움직이게 하는지 기술해 주십시오.
1379,5,"한국국토정보공사는 ○○○이다.” 공사를 한마디로 표현하고, 그렇게 생각한 이유를 작성해 주시기 바랍니다."
1380,5,"4차산업혁명과 관련된 이슈 중 지원자가 알고 있는 한 가지를 선택하고, 공사에 어떻게 접목할 수 있을지 본인의 의견을 작성해주시기 바랍니다."
1381,5,"회사를 선택하는 기준은 무엇이며, 그 기준에 화신은 어떤점이 부합하는지 서술하시기 바랍니다.(700자)"
1382,5,"해운, 항만, 물류산업의 다양한 환경변화에 대응하기 위한 부산항 경쟁력 강화 방안에 대하여 기술하여 주십시오."
1383,5,아름다운 부산항을 조성하기 위한 연안 개발·관리 방안에 대하여 기술하여 주십시오
1384,5,여러분은 왜 “기아인”이 되고 싶으신가요? ① “기아” 또는 “자동차” 관련 특별한 경험이나 인연 ② “기아인”이 본인에게 주는 의미 (최대 2000자 이내로 작성)
1385,5,"여러분은 어떤 선택을 하실 건가요? - 당신은 현재 내년초 대리승진이 확정적입니다. 대리승진 후에는 상당 부분의 의사결정 권한과 폭넓은 업무경험으로 해당 직무 전문가로 성장 가능성이 매우 높습니다. 그런데 마침 당신이 꼭 가고 싶었던 국가의 해외전문가 교육과정 공모가 진행 중입니다. 6개월 교육 후 최종 선발을 하는데 최종 선발 경쟁이 매우 치열합니다. 해당 교육과정에 참여할 경우 승진이 불투명해 진다면 당신은 어떤 선택을 하겠으며, 그 이유는 무엇인가요?(최대 500자 이내)"
1386,5,선진이 지금까지 성장을 이룬 바탕이 무엇이라고 생각하는지 기술하여 주십시오. * 1000
1387,5,"본인이 회사를 선택할 때의 기준은 무엇이며, 왜 포스코A&C가 기준에 적합한지 기술해주세요."
1388,5,성장과정에 가장 큰 영향을 끼친 것은 무엇이며 어떤 영향을 끼쳤는지 기술하시오.
1389,5,"보기 중 본인이 가장 중요하게 생각하는 항목을 우선순위로 나열하고, 최우선항목에 대해 선택이유를 사례를 들어 설명하시오."
1390,5,회사에 기여할 수 있는 부분 [400자 이상 500자 이내]
1391,5,"한국콜마의 산업분야(화장품,제약,건강기능식품 중 택 1)를 전망해보고 자신의 역량으로 기여할 수 있는 부분이 무엇인지 기술하여 주십시오. [500자 이내]"
1392,5,KB국민은행의 서비스 핵심가치는 3S입니다. 이와 관련된 본인의 생각을 자유롭게 서술하여 주십시오. [자유롭게 기재]
1393,5,공직자로서 직업윤리가 왜 중요한지 본인의 가치관을 중심으로 작성하여 주십시오. (3000byte)
1394,5,"최근 소상공인 및 전통시장 관련해서 중요한 이슈가 무엇이며, 선택한 이유와 해당 이슈 관련 공단 사업의 개선할 점에 대해 기술하십시오."
1395,5,직장인으로서의 직업윤리가 왜 중요한지 본인의 가치관을 경험을 중심으로 설명하십시오.
1396,5,"마지막으로, 신한데이타시스템이 귀하를 채용하지 않으면 안 될 이유에 대해 자유롭게 기술하여 주시기 바랍니다."
1397,5,"한화 S&C는 위 같은 비전슬로건을 갖고 있습니다. 현재 IT 업계에서 SMART&CREATIVE가 왜 필요한지 정의하고, 지원한 직무와 관련하여 본인이 SMART&CREATIVE 인재라는 것을 증명할 수 있는 구체적인 사례와 경험을 말씀해주십시오."
1398,5,최근 사회이슈 중 중요하다고 생각되는 한 가지를 선택하고 이에 관한 자신의 견해를 기술
1399,5,본인이 생각하는 좋은 기업이란?
1400,5,마이다스아이티가 지금의 성장을 이룬 바탕이 무엇이라고 생각하는지 서술하여 주십시오. (홈페이지 참조)
1401,5,귀하에게 마이다스아이티 CEO와 10분 간 면담하는 자리가 주어졌다는 가정 하에 질문을 한 가지만 할 수 있다면 무엇을 묻고 싶습니까? 그리고 그 이유는 무엇입니까?
1402,5,"한화그룹의 핵심가치 중 한가지를 선택하여 스스로 정의를 내리고, 본인이 해당 핵심가치를 보유한 인재임을 구체적인 사례와 경험을 들어 말씀해주십시오. (700자)"
1403,5,"한화S&C는 ""SMART&CREATIVE""라는 비전슬로건을 갖고 있습니다. 현재 IT업계에서 ""SMART&CREATIVE""가 왜 필요한지 정의하고, 지원한 직무와 관련하여 본인이 ""SMART&CREATIVE""한 인재라는 것을 증명할 수 있는 구체적인 사례와 경험을 말씀해주십시오. (700자)"
1404,5,직장인으로서 직업윤리가 왜 중요한지 본인의 가치관을 중심으로 설명하시오.
1405,5,본인의 경쟁력 및 동양생명 내에서 본인의 비전에 대해 기술해 주십시오.
1406,5,"귀하께서 포스코에 가장 기여할수 있다고 생각하는 것은 무엇이며, 그 이유와 근거를 자유롭게 기술하여 주십시요"
1407,5,창의 소통 신뢰 중 머가 중요한가?
1408,5,선택 한 이유 및 교훈
1409,5,태양광 시장을 선도하고 업계 1위를 지속하기 위해 한화큐셀은 어떠한 일을 해야 할까요? 자유롭게 본인의 견해를 밝혀 주십시오.
1410,5,"우리공사의 역할이 무엇인지 설명하고, 본인이 평소 한국철도공사에 대해 변화가 필요하다고 느꼈던 사항을 기술하여 주십시오."
1411,5,"""What makes you move?"" 무엇이 당신을 움직이게 하는지 기술해 주십시오."
1412,5,"본인이 생각하는 범농협 비전 「농업인이 행복한 국민의 농협」의 의미에 대하여 설명하고, 입사 후 농협의 비전달성을 위하여 본인이 어떠한 역량을 발휘할 수 있는지 기술하시오."
1413,5,"""What makes you move?"""
1414,5,"본인이 회사를 선택할 때의 기준은 무엇이며, 왜 현대자동차가 그 기준에 적합한지를 기술해 주십시오"
1415,5,현대카드/캐피탈/라이프/커머셜에서 해보고 싶은 업무와 본인이 해당 업무에 적합하다고 생각하는 이유를 기술하시오
1416,5,"안랩의 개발자로서, 개발을 통해 우리 사회에 또는 내 주위에 어떠한 기여를 하고 싶나요?"
1417,5,"지원자님께서 중요하다고 생각하는 국내외 주요이슈 (최근 2년) 중 한가지를 선택하여, 그와 관련한 견해를 자유롭게 기술해 주세요. 998 / 1000 자"
1418,5,"귀하가 회사를 선택하는 기준이 무엇이며, 왜 그 기준에 아모스프로페셔널이 적합한지 기술하시오."
1419,5,"한국전력공사의 4가지 인재상 중 본인과 가장 부합된다고 생각하는 인재상 두 가지 선택하여 이유를 교육, 경험, 경력사항 등 구체적인 사례 기술"
1420,5,"본인의 강점에 대하여 간략히 설명하고, 그것이 한국동서발전의 비전달성에 어떻게 기여할 수 있는지 서술하시기 바랍니다"
1421,5,본인이 지원하는 직무를 가장 잘 표현하는 기존의 광고 카피를 선정하시고 그 이유를 작성하시오. [ 제한 500자 ]
1422,5,"고객은 크게 내부고객(가족, 친구, 상사, 동료 등)과 외부고객(손님, 발주처 관계자등)으로 나눌 수 있습니다. 고객을 만족시키기 위한 본인의 최우선 가치는 무엇이며, 이를 실행하기 위해 본인이 준비해 왔던 사항을 구체적으로 기술해 주십시오. [1000자]"
1423,5,"회사 선택의 기준, 줌인터넷이 그것과 어떻게 부합하는지"
1424,5,"KGC인삼공사는 “보다 나은 삶의 완성”이라는 업의 철학을 가지고 있습니다. 본인이 생각하는 “보다 나은 삶의 완성”이란 무엇인지 설명하고, 입사한다면 이러한 철학을 어떻게 실현할 수 있는지 기술해주십시오."
1425,5,"본인이 지원하는 직무분야의 이슈를 1개 선정한 후, 해당이슈에 대한 본인의 지식을 활용하여 KT&G, KGC 인삼공사에 기여 할수 있는 바를 구체적으로 작성해 주십시오."
1426,5,"본인의 강점에 대하여 간략히 설명하고, 그것이 한국동서발전(주)의 비전달성에 어떻게 기여할 수 있는지 서술하시기 바랍니다"
1427,5,한국콜마의 산업분야 를 전망해보고 자신의 역량으로 기여 할 수 있는 부분이 무엇인지 기술하여 주십시오. [ 500자 이내 ]
1428,5,한국콜마는 신기술을 선도하는 R&D 전문기업으로 인류건강과 아름다움을 책임지며 궁극적으로 가치 있는 삶에 공헌하는 기업이 되고자 노력하고 있습니다. 입사한다면 콜마인으로 어떻게 가치 있는 삶에 공헌 할 수 있을지 기술하여 주십시오.
1429,5,관행이라고 생각하는 사회현상에 대해 ‘왜’라는 질문을 던지고 그것의 개선방안을 기술하시오.*
1430,5,[핵심가치 실천]LG이노텍의 세 가지 핵심가치 중 하나를 선택하여 이를 실천한 본인의 성공 또는 실패 사례를 기술해주십시오.(100자 ~ 500자)
1431,5,"한화S&C는 ""SMART&CREATIVE""라는 비전슬로건을 갖고 있습니다. 현재 IT업계에서 ""SMART&CREATIVE""가 왜 필요한지 정의하고, 지원한 직무와 관련하여 본인이 ""SMART&CREATIVE"" 한 인재라는 것을 증명할 수 있는 구체적인 사례와 경험을 말씀해주십시오"
1432,5,Tyco Retail Solution/Sales Support
1433,5,사업중 본인이 기여할 수 있는 부분
1434,5,공공기관으로써 갖추어야 할 덕목
1435,5,귀하께서 생각하시는 “일”이란 어떤 의미인지 기술해주십시오.
1436,5,"5,10년후 커리어 플랜 및 달성 방법"
1437,5,측면에서 고객은 누구이며 어떻게 고객을 만족시킬 수 있을지 기술하여 주십시오.
1438,5,최근 국내외 이슈 중 한 가지를 선택하여 본인의 견해를 서술하세요.
1439,5,삶을 통해 이루고 싶은 인생의 비전 또는 목표 3가지를 우선순위 순으로 적어 주십시오. [3가지]
1440,5,"즐겨 찾는 인터넷 사이트와 그 이유를 설명해 주십시오. (인터넷주소, 이유)"
1441,5,"삼양그룹의 가치 중 자신과 가장 부합하다고 생각하는 가치를 선택하고, 이와 관련된 본인의 경험과 그것을 통해 이룬 것에 대해 기재해주십시오."
1442,5,당사의 핵심가치 중 하나를 본인의 생활 신조와 부합되는 면과 그 이유를 서술해 주시기 바랍니다. [ 500자 이상 1000자 이내 ] (1000자)
1443,5,"""발전하는 진학사와 함께 성장하고 싶습니다."""
1444,5,"""진학사는 대입 수험생들을 위한 등대입니다."""
1445,5,"""회사에서 없어서는 안 될 핵심인력으로 자리 잡겠습니다."""
1446,5,레저?서비스 전문가로서 입사 후 10년이 지난 시점에 당신의 모습은 어떤 모습일지 구체적으로 기술하여 주십시오.
1447,5,"향후 5년간 금융환경 변화 중 신용보증기금에 가장 큰 영향을 끼칠 변화와, 이에 대한 신용보증기금의 대응전략 및 직원의 역할에 대해 기술하여 주십시오[ 200자 이상 500자 이내 ]"
1448,5,"신용보증기금의 가장 위협적인 경쟁상대는 무엇이고, 왜 그렇게 생각하는지 기술하여 주십시오[ 200자 이상 500자 이내 ]"
1449,5,KOGAS에서 중요하게 생각하는 인재상은 다음과 같습니다. 1) 미래에 도전하고 변화를 선도하는 사람 2) 믿고 협력하여
1450,5,Dear Recruiting manager at P&G Korea
1451,5,"귀하께서 포스코에 가장 기여할 수 있다고 생각하는 것은 무엇이며, 그 이유와 근거를 자유롭게 서술하여 주십시오."
1452,5,넥슨네트웍스 하면 떠오르는 단어와 그 이유에 대해 작성해 주세요(공백포함 200자 이내)
1453,5,DEV : ①사용 가능한 개발언어 및 솔루션 기술/숙련도
1454,5,개발업무 중 특히 관심있는 분야와 이유
1455,5,본인이 가장 주목하고 있는 최신 Mobile Service와 이유
1456,5,우리 KIAN(기아인)들은 다음과 같이 네 가지의 인재상을 닮아 가려고 노력합니다. 그 중에서 당신을 가장 잘 표현할 수 있는 한 가지를 선택하여 경험적 사례를 통해 그 이유를 설명해 주세요. kreate- 열린상상력으로 세상에없던 세로움을 만들어가는 창조가 innovate-기존의 정해진 질서에 도전하여 대담한 변화를 이끌어내는 혁신가 act- 생각에만 머무는 것이 아니라 생각을 현실에 반영하는 행동가 navigate 호기심과 열정으로 미지의 영역을 개척하는 탐험가
1457,5,KOGAS에서 중요하게 생각하는 인재상은 다음과 같습니다. (미래에 도전하고 변화를 선도하는 사람/믿고 협력하여 공동의 성공을 실현하는 사람/자기분야의 최
1458,5,"[ 세계와 한국의 문화 연결다리, YES24 ]"
1459,5,"[ 소통의 자세, 계획의 습관 ]"
1460,5,최근 사회이슈 중 중요하다고 생각되는 한가지를 선택하고 이에 관한 자신의 견해를 기술해 주시기 바랍니다.(1000자 이내)
1461,5,[국민경제 발전에 기여하는 IT 서비스 지원]
1462,5,[준비된 개발자의 자세]
1463,5,귀하에게 '하루(1일)'의 자유시간과 금전적 여유가 있다면 무엇을 하고 싶으며 그 이유를 약술하십시오.
1464,5,"귀하가 생각하는 '은행원(Banker)'은 무엇이며, 그 은행원을 위해 어떤 덕목이 중요한지 기술하십시오."
1465,5,고객의 의견이 합리적이나 내부 규정과 다른경우 어떻게 처리하겠는가?
1466,5,"SPC 그룹의 핵심가치(정직, 혁신, 협업) 중 가장 우선시 하는 가치는 무엇이고, 그 이유를 서술해 주시기 바랍니다. [500자 이상 1000자 이내]"
1467,5,"당사 인재상 중 하나를 골라 본인의 생활신조와 부합되는 면을 기술하시오.(정직,겸손,솔선,희생,도전,혁신)* [600자 이내]"
1468,5,향후 물류산업에 대한 전망과 그에따라 본인이 당사에 기여할 수 있는 역할은 무엇인지 기술하시오.(정비직은 작성제외)* [1000자 이내]
1469,5,보완할 부분과 향상시킬 부분
1470,5,"최근 한국철도공사의 주요 이슈에 대해 한 가지(선택)를 언급하고, 그것에 대한 본인의 의견을 기술하십시오"
1471,5,본인이 생각하는 좋은 회사의 조건 3가지와 그 이유에 대해 기술하시오.
1472,5,"[에세이] 우리회사의 기업이념은 '바름', '다름', '아름'이며, 핵심가치는 '신뢰'와 '사랑'입니다. 이 다섯 단어가 최근 중요하게 여겨지는 이유에 대한 본인의 생각을 구체적으로 작성하시오. [ 1500자 이내 ]"
1473,5,자신이 왜 해양환경관리공단의 인재상에 부합되는 인물이라고 생각하는지를 기술하시오.
1474,5,"한국지역난방공사의 핵심가치는 “창의, 소통, 신뢰, 상생” 입니다. 본인의 지식과 경험에 기반하여 기술하여 주시기 바랍니다."
1475,5,많은 기업들 중 당사를 지원한 사유?
1476,5,"당신이 생각하는 글로벌 마인드는 무엇이며, 글로벌 마인드를 갖추기 위해 특별히 준비하는 것 또는 경험한 것"
1477,5,현대자동차그룹의 5대 핵심가치 중에서 귀하가 가장 인상 깊게 경헙한 사례 한가지를 소개바랍니다. -5대 핵심가치 中 택1
1478,5,농협이 하고 있는 일(사업) 중 하나를 기술하고 그에 대한 본인의 의견을 쓰시오.
1479,5,[첨단 Chemical medicine 리더가 되고 싶습니다.]
1480,5,"향후 빙그레의 비전을 하나의 키워드로 제시하고, 그렇게 생각한 이유와 본인이 어떻게 기여할 수 있을지를 기술해 주십시오."
1481,5,서비스 기획 상세내용
1482,5,대학 및 사회생활 [ 100자 이상 800자 이내 ]
1483,5,업무수행 자세 [ 100자 이상 800자 이내 ]
1484,5,본인이 생각하는 우리 회사의 장점 두 가지를 기술하시오. * [100자 이상 500자 이내]
1485,5,"회사의 CEO가 되었다고 가정하고, 경영방침, 조직문화 등을 반영한 사훈을 작성하여 보시오. * [100자 이상 400자 이내]"
1486,5,"본인의 강점에 대하여 간략히 설명하고, 그것이 한국동서발전(주)의 비전달성에 어떻게 기여할 수 있는지 서술하시기 바랍니다."
1487,5,현재 우리공단은 국정과제를 수행하고 있다. 국정과제를 통해 공단의 위상과 이미지를 제고시키기 위해서는먼저 공단조직에 대한 내외부 환경분석이 필요하다. 어떻게 환경분석을 할 것인지 설명하십시오. [ 300자 이상 400자 이내 ]
1488,5,대규모 신규직원 채용으로 조직 내 직원들의 세대간 격차가 벌어져 소통의 문제가 예상된다. 이러한 문제를 어떻게하면 해결 할 수 있을지 설명하십시오. [ 400자 이상 500자 이내 ]
1489,5,"중요한 업무 내용 전달을 위한 효율적인 방법(이메일, 전화, SNS 등)은 무엇이며, 그 이유를 설명하십시오. [ 400자 이상 500자 이내 ]"
1490,5,직장인으로서의 직업윤리가 왜 중요한지 본인의 가치관을 중심으로 설명하십시오[ 300자 이상 400자 이내 ]
1491,5,"기타 (자유롭게 기술) , 예시) NCS기반 능력중심채용에 대한 본인의 생각, 공단사업 개선을 위한 제언 등 [300자 이상 400자 이내 ]"
1492,5,현대자동차 합격자소서 플랜트기술
1493,5,귀하의 대학생활이 타인과 차별화되는 이유를 지성인으로서의 가치관 형성/학업 이외의 활동/미래에 대한 준비 차원에서 기술하십시오.
1494,5,"본인의 강점에 대하여 간략히 설명하고, 그것이 한국동서발전의 비전달성에 어떻게 기여할 수 있는지 서술하시기 바랍니다. 1000 Bytes 이내"
1495,5,"현재 뿐만 아니라 향후에 필요한 지식, 경험, 기술 등을 적극적으로 습득하여 미래를 준비하여 꾸준히 발전한다"
1496,5,위험이나 사고에 영향을 주는 상활들을 인식하고 사전에 이를 예방하기 위한 조치를 취한다
1497,5,본인이 유한킴벌리에 기여할 수 있는 바를 기술 [ 500자 이상 1600자 이내 ]
1498,5,건설업은 현장근무가 필수입니다. 현장근무에 있어 본인이 가장 중요하다고 생각하는 덕목과 그 이유를 기술해 주십시오.
1499,5,"인공지능, 로봇기술, 생명과학이 주도하는 4차 산업 혁명 도래가 예상되고 있습니다. 이러한 패러다임 변화가 당사 산업/사업에 시사하는 바와 개인적인 견해를 자유롭게 작성하시길 바랍니다. (700자)"
1500,5,[비전] 우리에프아이에스에서 목표하는 비전과 비전 달성을 위해 필요한 역량 3가지를 꼽아주세요.
1501,5,"[금융IT관심도] 최근에 접한 금융IT 트렌드 중 관심있는 주제 한 가지를 선택하고, 그에 관한 자신의 견해를 말씀하여 주세요."
1502,5,자신이 현대로템 및 지원 직무에 적합한 인재라고 생각하는 이유에 대해 말씀해주세요. 필수입력 (1000자 이하로 작성)
1503,5,"본인이 생각하는 CJ제일제당의 개선점과 그 이유, 해결방안을 쓰고, 이를 위해 어떻게 기여할 수 있을지 구체적으로 작성해주세요. , 판촉, 고객소통, 사회기여 등) (700자 이내)"
1504,5,제주국제자유도시개발센터가 추진하고 있는 사업 중 관심있는 사업 하나를 선정하고 그에 대하여 아는대로 기술하여 주십시오(JDC 홈페이지 참조).
1505,5,"현대카드/캐피탈/라이프/커머셜에서 해보고 싶은 업무와 본인이 해당 업무에 적합하다고 생각하는 이유를 기술하시오. (최대 1,200자 이내로 작성)"
1506,5,본인이 생각하는 좋은 회사의 조건 3가지와 그 이유에 대해 기술하시오. [1000자 이내]
1507,5,"개발과 관련하여, 자신이 스스로 해결한 가장 어려운 기술적인 문제에 대해서 1400자 이내로 답변을 기술하고, 기술한 내용과 관련된 소스코드를 40 줄 이내의 Text 파일로 작성하여 별도의 첨부화일로 제출하세요."
1508,5,인재상중 자신이 가장 본받고 싶은 부분
1509,5,본인이 생각하는 금융투자협회의 역할 및 자본시장의 발전을 위해 본회가 나아가야 할 방향에 대하여 서술하시기 바랍니다. (800자 이내)
1510,5,"본인의 회사선택 기준은 무엇이며, 포스코가 그 기준에 적합한 이유와 근거를 기술하세요. (600자)"
1511,5,자신의 전공 또는 자신이 가지고 있는 취미나 다양한 활동들을 기존과는 다르게 타 분야의 영역과 연결하여 다양한 방식으로 사고하고 일을 진행해 나간 사례가 있다면 이야기해 주십시오. (진흥원의 주요 기능 - 융합) [6000byte 이내]
1512,5,자신이 원하는 분야가 아닌경우
1513,5,이베이코리아(G마켓/옥션/G9)가 고객에게 더 좋은 온라인 쇼핑 경험을 제공하기 위한 아이디어를 구체적으로 제안하시오. * [100자 이상 1000자 이내]
1514,5,"한국방송통신전파진흥원이 수행하는 업무를 아는 대로 설명하고, 이 중 본인이 하고 싶은 업무와 그 이유를 기술해 주십시오. (200자 이상 600자 이내)"
1515,5,현대카드/캐피탈/라이프/커머셜에서 해보고 싶은 업무와 본인이 해당 업무에 적합하다고 생각하는 이유를 기술하시오.
1516,5,Essay3 최근 사회이슈 중 중요하다고 생각되는 한가지를 선택하고 이에 관한 자신의 견해를 기술해 주시기 바랍니다.
1517,5,"게임 제작(개발, 기획, 디자인)이 하고 싶은 이유를 소개해주세요"
1518,5,최근 사회이슈 중 중요하다고 생각되는 한 가지를 선택하고 이에 관한 자신의 견해를 기술해주시기 바랍니다.(1000자 이내)
1519,5,"[외국어와 올리브영 내 상품에 대한 학습으로, 올리브영의 믿음직스러운 첫인상이 되겠습니다]"
1520,5,[강인한 체력으로 씩씩하게 일하겠습니다]
1521,5,[의욕만 앞서기 보다는 우선순위를 세워 차근차근 일을 하는 연습]
1522,5,"우리은행은 위비뱅크, 위비톡, 위비멤버스 등 창의적인 상품과 서비스로 금융시장의 변화를 주도하고 있습니다. 지원자의 창의적인 사고를 바탕으로 이루어 낸 변화에 대하여 말씀하여 주세요."
1523,5,"최근에 접한 금융트렌드(혹은 기사) 중 관심있는 주제 한가지를 선택하고, 그에 관한 자신의 견해를 말씀하여 주세요."
1524,5,"귀하가 속한 조직의 구성원에게 귀하의 장점과 단점에 대해 물어봤을 때 예상되는 답변은 무엇이며, 그렇게 생각하는 이유에 대해 기술하시오. 300"
1525,5,한전kps 지원동기
1526,5,한전kps 중장기 비젼을 이루기 위해 할수 있는일
1527,5,평소에 새로운 아이디어는 어떻게 도출하는지 구체적인 사례를 들어 설명해 주시기 바랍니다.
1528,5,"벅스 서비스 중 좋다고 생각하는 것, 그렇지 않은 것을 하나씩 고르고 그 이유를 설명해 주세요. (필수)"
1529,5,JSB에 대한 궁금한 점
1530,5,"KAMCO 및 지원분야에 관심을 가지게 된 계기는 무엇이며, 이를 위해 그 동안 어떠한 노력을 했는지 기술해 주십시오."
1531,5,(1)우리공사 지원사유
1532,5,"""What makes you move?"" 무엇이 당신을 움직이게 하는지 기술해 주십시오. (1000자)"
1533,5,"최근 지적측량사업과 관련된 사회적 이슈 중 지원자가 알고 있는 한 가지를 선택하고,그에 대한 의견을 기술해 주십시오."
1534,5,지원자가 생각하는 한국국토정보공사가 국민에게 신뢰받는 ‘최고의 국토정보 전문기관’이 되기 위한 방법을 기술해 주십시오.
1535,5,"한화그룹의 핵심가치 중 한 가지를 선택하여 정의하고, 해당 핵심가치에 본인이 부합하는 이유를 구체적인 사례와 경험을 들어 말씀해주십시오. (700자)"
1536,5,"한화 S&C는 “SMART & CREATIVE”라는 비전 슬로건을 갖고 있습니다. 현재 IT업계에서 “SMART & CREATIVE”가 왜 필요한지 정의하고, 지원한 직무와 관련하여 본인이 “SMART & CREATIVE”한 인재라는 것을 증명할 수 있는 구체적인 사례와 경험을 말씀해주십시오. (700자)"
1537,5,최근 IT업계는 각종 정책 및 다양한 신규 기술의 유입 등으로 경쟁이 심화되며 빠르게 변화하고 있습니다. 향후 시장에서 한화S&C가 Global ICT Leader로서 성장하기 위한 전략이 무엇이라고 생각하는지 말씀해주십시오. (1000자)
1538,5,"아모레퍼시픽 그룹 핵심가치(개방, 정직, 혁신, 친밀, 도전) 중 본인에게 가장 부합하는 하나를 선택하고, 지원 직무를 수행하는 데 있어 해당 가치를 어떻게 발휘할 수 있을 지 앞으로의 목표(비전) 및 계획에 대해 기술하시오. (필수입력사항 최대 600"
1539,5,(가치관) 당신의 삶에 있어 가장 중요하게 생각하는 것은 무엇입니까?
1540,5,"반도체/디스플레이 장비산업에 대하여 어떻게 이해하고 있으며, 본인이 기여할 수 있는 역량이 무엇인지 알려주세요(1,000자 내외)"
1541,5,"귀하가 회사를 선택하는 기준은 무엇이며, 왜 그 기준에 종합상사인 GS글로벌이 적합한지 기술해 주시기 바랍니다."
1542,5,본인이 관심있는 분야 혹은 상품 카테고리에 대해서 현재 활동 중에 있거나 과거에 활동하였던 경험이 있다면 구체적으로 설명해 주세요.
1543,5,본인이 삶을 살아가는 데에 있어 가장 중요시 여기는 가치와 그 이유를 기술해주세요.
1544,5,"제조업에서의 생산이 갖는 의미는 매우 중요합니다. 많은 기업들이 경쟁에서 우위를 차지하기 위해 친환경 제품생산, 스마트팩토리 등 다양한 변화를 시도하고 있습니다. 앞으로 LG생활건강이 생활용품, 화장품사업에서 경쟁력을 높이기 위해 생산에서 추구 해야 할 방향과 역할에 대해 본인의 지원직무와 연계하여 구체적으로 제시해 주시기 바랍니다. 1000자"
1545,5,자신이 규정이나 기준을 잘지키는 사람임을 입증할 수있는 사례
1546,5,경쟁과 협력 중 어느 것이 더 중요하다고 생각하시는지 한 가지를 선택하여 견해를 제시하고 왜 그렇게 생각하는지 본인의 경험을 사례로 들어 기술하여 주십시오
1547,5,[Essay 3]최근 사회이슈 중 중요하다고 생각되는 한가지를 선택하고 이에 관한 자신의 견해를 기술해 주시기 바랍니다. (1000자)
1548,5,[YES24에서 이루고자 하는 목표]
1549,5,항공기 정비 업무의 전망과 그렇게 생각한 사유를 서술하여 주십시오. * [200자 이상 500자 이내] /500
1550,5,"10년 후, 혹은 미래 자신의 목표를 기술하여 주시기 바랍니다."
1551,5,"본인이 운전하였던 차종(큰차위주, 운행기간 포함) 및 운전관련 업무를 기술하세요."
1552,5,배송 서비스업에 대한 본인의 생각을 기술하세요.
1553,5,[고퀄리티 제품과 서비스를 갖춘 GS엠비즈의 고퀄리티 영업관리자가 되겠습니다]
1554,5,≪ 본인이 회사에 기여할 수 있는 부분 ≫ [ 500자 이상 2000자 이내 ]
1555,5,좋은 회사’란 어떤 경영방침을 가지고 어떠한 모습으로 나아가야 한다고 생각하는지 본인의 생각을 기술해 주십시오
1556,5,"당신이 회사를 선택하는 기준은 무엇이며, 왜 그 기준에 아모레퍼시픽이 적합한지 기술하시오. (최대 600자)"
1557,5,아모레퍼시픽 그룹은 아름다움으로 세상을 변화시키겠다는 특별한 소명을 가지고 있습니다. 세상을 변화시키는 아름다움이 왜 필요한지 정의하고 입사한다면 이러한 소명을 어떻게 실현할 수 있을지 기술하시오. (최대 600자)
1558,5,"귀하가 평소 관심을 가졌던 자동파 관련 기술/정보는 무엇이고, 특별히 제안하고 싶은 아이디어가 있다면 무엇입니까? [최소 300자 500자 제한]"
1559,5,현대자동차그룹의 5대 핵심가치 중에서 귀하가 가장 인상 깊게 경헙한 사례 한가지를 소개바랍니다. 5대 핵심가치 中 택1 [최소 300자 500자 제한]
1560,5,"교과목 혹은 개인적으로 공부한 여러 IT 기술 중에, 티몬에서 활용할 수 있다고 생각되는 기술을 그 이유와 함께 소개해 주세요.(1400자 이내)"
1561,5,"소프트웨어 개발을 하면서 겪었던 기술적인 문제를 서술하고, 그 과정에서 겪었던 시행착오와 그에 대한 해결책을 하단에 간단히 요약한 후(1400자 이내), 상세 내용은 PPT 혹은 MS-Word 파일로 첨부해 주세요"
1562,5,여러분은 왜 “기아인”이 되고 싶으신가요? 2000자 ① “기아” 또는 “자동차” 관련 특별한 경험이나 인연 ② “기아인”이 본인에게 주는 의미
1563,5,여러분을 왜 “기아인”으로 선택해야 하나요? 1000자 ① “기아인”이 될 수 있는 본인의 강점 또는 차별점 ② “기아인”으로서 본인이 생각하는 Career Path
1564,5,"여러분은 어떤 선택을 하실 건가요? 500자 - 당신은 현재 내년초 대리승진이 확정적입니다. 대리승진 후에는 상당 부분의 의사결정 권한과 폭넓은 업무경험으로 해당 직무 전문가로 성장 가능성이 매우 높습니다. 그런데 마침 당신이 꼭 가고 싶었던 국가의 해외전문가 교육과정 공모가 진행 중입니다. 6개월 교육 후 최종 선발을 하는데 최종 선발 경쟁이 매우 치열합니다. 해당 교육과정에 참여할 경우 승진이 불투명해 진다면 당신은 어떤 선택을 하겠으며, 그 이유는 무엇인가요?"
1565,5,가장 성공적인 일과 어려운 일
1566,5,[좌우명 & 삶의 목표]목표달성을 위한 구체적인 계획을 기술 (2000자)
1567,5,현재 우리공단은 국정과제를 수행하고 있다. 국정과제를 통해 공단의 위상과 이미지를 재고시키기 위해서는 먼저 공단조직에 대한 내외부 환경분석이 필요하다. 어떻게 환경분석을 할 것인지 설명하십시오
1568,5,대규모 신규직원 채용으로 조직 내 직원들의 세대간 격차가 벌어져 소통의 문제가 예상된다. 이러한 문제를 어떻게하면 해결 할 수 있을지 설명하십시오
1569,5,"중요한 업무 내용 전달을 위한 효율적인방법은 무엇이며, 그 이유를 설명하십시오"
1570,5,직장인으로서 직업윤리가 왜 중요한지 본인의 가치관을 중심으로 설명하십시오
1571,5,"당신의 전공 분야와 융합했을 때, 가장 높은 시너지를 낼 수 있는 분야를 선택하고, 그 이유와 예상되는 시너지 효과에 대해 기술하시오."
1572,5,생명보험업에 대한 정의를 내리시오.
1573,5,공직자로서 직업윤리가 왜 중요한지 본인의 가치관을 중심으로 작성하여 주십시오
1574,5,"귀하가 회사를 선택하는 기준은 무엇이며, 하림이 그 기준에 왜 적합한지를 기술하시오."
1575,5,국민연금제도는 국민의 노후 소득보장을 위한 사회보장제도입니다. 국민연금 제도 특징을 고려하여 제도를 시행하는 목적 등 국민연금 제도에 대한 자신의 생각을 500자 이상 구체적으로 기술하여 주시기 바랍니다.
1576,5,현대카드/캐피탈/라이프/커머셜에서 해보고 싶은 업무와 본인이 해당 업무에 적합하다고 생각하는 이유
1577,5,[ 인정 그리고 신뢰 ]
1578,5,자신이 왜 한국농어촌공사의 인재상에 부합되는 인물이라고 생각하는지를 기술하시오. (1000자 이내)
1579,5,최근 사회이슈 중 중요하다고 생각되는 한가지를 선택하고 이에관한 자신의 견해를 기술하십시오.
1580,5,위메프 서비스중 가장 강점이라고 생각되는 점과 문제점이라고 생각되는 점 1가지씩 기술하고 문제점에 대한 개선방안
1581,5,위메프 서비스 중 가장 강점이라고 생각되는 점과 문제점이라고 생각되는 점 1가지씩 기술하고 문제점에 대한 개선방안을 제시해 주세요.
1582,5,"(KOGAS인재상) KOGAS에서 중요하게 생각하는 인재상은 다음과 같습니다. 1) 미래에 도전하고 변화를 선도하는 사람 2) 믿고 협력하여 공동의 성공을 실현하는 사람 3) 자기분야의 최고를 추구하는 사람 세 가지 인재상 중 자신과 가장 부합된다고 생각하는 인재상을 하나 선택하여, 구체적인 사례를 포함하여 그렇게 생각하는 이유를 기술하여 주십시오. (500자 이내) 선택한 인재상 : 미래에 도전하여, 변화를 선도하는 사람"
1583,5,"본인이 회사를 선택할 때의 기준은 무엇이며, 왜 일진그룹이 그 기준에 적합한지를 기술하시오."
1584,5,[직업윤리] 대한적십자사에서 직업윤리가 왜 중요한지 본인의 가치관을 중심으로 설명 하십시오
1585,5,"최근 사회 이슈 중 중요하다고 생각되는 한 가지와, 이에 관한 자신의 견해"
1586,5,본인이 평소 한국철도공사에 대해 변화가 필요하다고 느꼈던 사항을 기술하고 그 사항을 개선 및 발전을 이루어낼 수 있는 아이디어를 구체적으로 기술하여 주십시오.
1587,5,본인이 즐겨 플레이한 넷마블의 게임을 하나 선정하여 재미요소에 대해 분석하여 주십시오.
1588,5,"최근 예탁결제산업은 국경 간 장벽이 허물어지는 등 경쟁환경 조성이 가속화 되고 있습니다. 지원자가 볼 때, 한국예탁결제원의 글로벌 경쟁력을 강화하기 위해서는 어떤 업무를 핵심업무로 성장시켜야 하는지에 대해 기술해 주십시오."
1589,5,"""나는 OOO 입니다."" 처럼 자신을 한마디로 표현한다면 어떻게 표현하고 싶은지 설명하고, 이를 바탕으로 경영진에게 본인을 적극 PR하여 주시기 바랍니다."
1590,5,[혁신]질문 : 평소에 새로운 아이디어는 어떻게 도출하는지 구체적인 사례를 들어 설명해 주시기 바랍니다.(1000자 이내)
1591,5,"핵심가치 : 롯데정보통신의 핵심가치 중 한 가지를 선택하여, 해당 핵심가치에 본인이 부합하는 이유를 구체적인 경험을 토대로 기술해 주십시오.(1000자 이내)"
1592,5,"본인이 경험한 최고의 서비스, 최악의 서비스에 대해 기술하고, 그렇게 판단한 근거 및 사유에 대해서 설명하시오."
1593,5,GS리테일 지원동기
1594,5,학교생활(최종학교 중심)
1595,5,자신이 소중하게 생각하는 3가지
1596,5,현재 우리공단은 국정과제를 수행하고 있다. 국정과제를 통해 공단의 위상과 이미지를 제고시키기 위해서는먼저 공단조직에 대한 내외부 환경분석이 필요하다. 어떻게 환경분석을 할 것인지 설명하십시오. (1000자 이내)
1597,5,대규모 신규직원 채용으로 조직 내 직원들의 세대간 격차가 벌어져 소통의 문제가 예상된다. 이러한 문제를 어떻게하면 해결 할 수 있을지 설명하십시오. (1000자 이내)
1598,5,"중요한 업무 내용 전달을 위한 효율적인 방법(이메일, 전화, SNS 등)은 무엇이며, 그 이유를 설명하십시오.(1000자 이내)"
1599,5,직장인으로서의 직업윤리가 왜 중요한지 본인의 가치관을 중심으로 설명하십시오.(1000자 이내)
1600,5,"기타 (자유롭게 기술) 예시) NCS기반 능력중심채용에 대한 본인의 생각, 공단사업 개선을 위한 제언 등 (1000자 이내)"
1601,5,MS Office 각각의 활용 경험을 간략히 적어주세요.
1602,5,KOLON이 왜 당신을 채용해야 한다고 생각하십니까? 다음 네 가지 보기 중 한가지를 선택하시오.
1603,5,한진중공업 지원동기
1604,5,자신을 동물로 비유한다면 어떤 동물인가요?
1605,5,도전적인 목표 및 그에 따른 노력 (1000자 이내)
1606,5,(조직이해능력) 본인이 알고 있는 남동발전에 관한 내용에 대해 자세하게 기술해 주십시오.
1607,5,"본인이 외식 경영자로서 구현해보고 싶은 외식관련 비니지스에 대해 구체적으로 기술해주세요. ① Food&Beverage 프랜차이즈 Brand Concept, ② 본인의 비즈니스를 설득할 수 있는 구체적인 내용 (선정사유, 예측성과 등)(1000자 이내)"
1608,5,"은행원으로서 가져야 할 가치관(직업관)은 무엇이라고 생각하는지와 본인이 어떤 면에서 ‘은행원’이라는 직업에 적합하다고 생각하는지를 본인의 전공, 성격, 경험과 함께 서술해 주십시오."
1609,5,현재 우리나라 은행들이 직면한 사회/경제적 환경속에서 DGB대구은행이 나아가야 할 방향과 본인이 입행 후 맡고 싶은 업무와 연관하여 기술해 주세요.
1610,5,"DGB대구은행의 아이M뱅크를 이용해 보시고, 다른 은행의 모바일 은행과 비교하여 우위에 있는 점과 개선이 필요하다고 생각하는 점을 가감없이 기술해 주세요."
1611,5,삼화페인트 인재상 중 자신과 근접한 항목과 향후 보완이 필요한 항목에 대해 구체적으로 기술하시오.
1612,5,"입사 후 생각과 다른, 회사의 환경을 접하거나 불만사항이 발생한다면 어떻게 해결할 것인지 기술하세요."
1613,5,"사용해 본 프로그래밍 언어와 해당 언어를 사용하여 개발해 본 프로젝트 혹은 개발 산출물을 설명해 주세요. [프로젝트명(사용언어) - 한 줄 개요] 형식 작성 후, 부연 설명을 기재해 주세요. (1000자 이내)"
1614,5,현재 우리공단은 국정과제를 수행하고 있다. 국정과제를 통해 공단의 위상과 이미지를 제고시키기 위해서는 먼저 공단조직에 대한 내외부 환경분석이 필요하다. 어떻게 환경분석을 할 것인지 설명하십시오.
1615,5,대규모 신규직원 채용으로 조직 내 직원들의 세대간 격차가 벌어져 소통의 문제가 예상된다. 이러한 문제를 어떻게하면 해결 할 수 있을지 설명하십시오.
1616,5,"중요한 업무 내용 전달을 위한 효율적인 방법(이메일, 전화, SNS 등)은 무엇이며, 그 이유를 설명하십시오."
1617,5,"[CS마인드] Guide Page를 확인하신 후 해당역량의 정의 및 중점사항을 참고하여 본인의 경험 사례를 기술하고, 이를 통해 얻은 결과 및 성과에 대해 자유롭게 기술 바랍니다. 가이드 페이지 열기 (1000자 이내)"
1618,5,"[변화/혁신] Guide Page를 확인하신 후 해당역량의 정의 및 중점사항을 참고하여 본인의 경험 사례를 기술하고, 이를 통해 얻은 결과 및 성과에 대해 자유롭게 기술 바랍니다."
1619,5,YES24를 선택한 동기
1620,5,총무 직무를 잘 수행할 수 있다고 생각하는 이유
1621,5,본인이 생각하는 좋은 회사의 조건 3가지와 그 이유에 대해 기술하시오. (1000자 이내)
1622,5,"[에세이] 우리회사의 기업이념은 `바름`, `다름`, `아름`이며, 핵심가치는 `신뢰`와 `사랑`입니다. 이 다섯 단어가 최근 중요하게 여겨지는 이유에 대한 본인의 생각을 구체적으로 작성하시오. (1000자 이내)"
1623,5,Otis 엘리베이터에 입사하게 된다면 본인이 가장 크게 기여할 수 있는 부분이 어떤 부분이라고 생각하십니까?
1624,5,기타 추가적으로 설명하고 싶은 사항이 있다면 기술하여 주시기 바랍니다.
1625,5,본인의 경험과 기업을 바라보는 가치관에 근거하여 본인이 현대상선에 가장 적합한 인재인 이유를 기술하세요. (1000자 이내)
1626,5,"현대상선에 입사하게 됐을 경우, 향후 10년 후 자신의 모습을 그려보세요. (1000자 이내)"
1627,5,"최근 공간정보산업과 관련된 이슈 중 지원자가 알고 있는 한 가지를 선택하고, 공사에 어떻게 접목할 수 있을지 의견을 기술해 주십시오."
1628,5,한국국토정보공사의 특성을 활용하여 핵심가치 중 하나인 ‘미래를 위한 변화’를 실천할 수 있는 새로운 사업은 무엇이 있을지 지원자의 의견을 간략하게 기술해 주시기 바랍니다.
1629,5,다양한 직업 중 보험사 직원의 장점과 단점은 무엇이라 생각하십니까?
1630,5,"직장생활을 통해 본인이 찾고자 하는 가치(value) 중 가장 중요하게 생각하는 것과, 그 이유를 설명해 주십시오."
1631,5,"본인이 회사를 선택하는 기준은 무엇이며, 당사가 그 기준에 어떻게 부합하는지 기술하시오 - 회사현황을 단순히 나열하지 말고 본인의 생각을 중심으로 작성하시오."
1632,5,귀하가 회사를 선택하는 기준은 무엇이며 왜 그 기준에 ETUDE가 적합한지 기술하시오.
1633,5,"아모레퍼시픽그룹은 아름다움으로 세상을 변화시키겠다는 특별한 소명을 가지고 있습니다. 세상을 변화시키는 아름다움이란 무엇인지정의하고, 입사한다면 소명을 어떻게 실현할 수 있을지 기술하시오."
1634,5,ETUDE를통하여 귀하가 이루고자 하는 `비전(꿈)`은 무엇인지 기술하시오.
1635,5,증권업을 선택하게 된 이유와 증권사 중 당사를 선택한 이유 (1000자 이내)
1636,5,한국투자증권에서 이루고 싶은 꿈(목표)과 그 이유(400자 이내) 현재 0자/최대400자
1637,5,"입사 후 직장생활에 대한 본인의 가치관이 무엇인지 설명하여 주시고, 이를 가장 잘 나타내고 있는 인문분야 작품(도서, 영화, 미술, 음악 등)을 선정 후 그 이유를 기술하여 주십시오. (1000자 이내)"
1638,5,"향후 10년간의 금융환경 변화 중 SGI서울보증에 영향을 끼칠 변화는 무엇이라 생각하는지 전망하여 보시고, 이에 따른 회사의 필요전략과 본인의 역할에 대하여 기술하여 주십시오. (1000자 이내)"
1639,5,쿠팡에 대한 지원동기가 무엇인가요?
1640,5,"[서비스 정신과 올바른 예절]본인이 경험한 최고의 서비스, 최악의 서비스에 대해 기술하고, 그렇게 판단한 근거 및 사유에 대해 설명하시오.(1000자 이내)"
1641,5,"이수한 과목 중에, 자료구조 / 알고리즘 / 개발 언어(C, Java 등 모든 언어) 가 있다면, 과목명과 이수학기, 성적을 기입 하시오"
1642,5,금융보험산업에 대한 생각을 기술하시오.
1643,5,동대문구시설관리공단에 기여할 수 있는 방안
1644,5,장단점 각각 5가지
1645,5,살아오면서 중요한 일 3가지
1646,5,최근 사회이슈 중 중요하다고 생각되는 한가지를 선택하고 이에 관해 자신의 견해를 기술해 주시기 바랍니다. (1000자 이내)
1647,5,평균 수명이 연장되면서 길어진 노후를 대비하는 중요한 수단인 국민연금에 대한 관심이 커지고 있습니다. 국민연금 제도의 특징을 고려하여 국민연금 제도에 대한 자신의 생각을 기술해 주시기 바랍니다.
1648,5,경쟁과 협력 중 어느 것이 더 중요하다고 생각하시는지 한 가지를 선택하여 견해를 제시하고 왜 그렇게 생각하는지 본인의 경험을 사례로 들어 기술하여 주십시오. (1000자 이내)
1649,5,공단의 업무를 수행하다보면 고객의 입장에서 볼 때 고객이 옳고 우리의 규정이나 규칙이 너무 까다롭거나 현실과 잘 맞지 않는 것으로 느껴질 경우가 있습니다. 이러한 경우 어떻게 업무처리를 할 것인지 또는 유사한 경험에 대해 구체적으로 설명해 주십시오.
1650,5,최근 관심사는 무엇인가요?
1651,5,세븐일레븐 점포를 방문하고 방문한 점포의 문제점과 개선점을 기술하시오
1652,5,(주)코리아세븐이 본인을 채용해야 하는 이유를 3가지로 설명하시오.
1653,5,본인의 어떠한 점이 동서식품의 인재상에 적합하다고 생각하는지를 구체적으로 기술 (인재상 7가지 중 5가지 기술)
1654,5,동서식품 인재상 7가지 중 적합성이 상대적으로 낮은 2가지의 사유와 채용 후 적합성을 높이기 위한 방안을 기술하시오
1655,5,"행복의 정의, 그러한 생각을 하게 된 사유"
1656,5,지원회사 관심도: 롯데마트를 가장 잘 설명할 수 있는 이미지와 그 이유에 대해 기술해주세요.
1657,5,현대자동차그룹의 5대 핵심가치 중에서 귀하가 가장 인상 깊게 경헙한 사례 한가지를 소개바랍니다.-5대 핵심가치 中 택1
1658,5,"사용해 본 프로그래밍 언어와 해당 언어를 사용하여 개발해 본 프로젝트 혹은 개발 산출물을 설명해 주세요. [프로젝트명(사용언어) - 한 줄 개요] 형식 작성 후, 부연 설명을 기재해 주세요."
1659,5,"이제까지 가장 강하게 소속감을 느꼈던 조직은 무엇이었으며, 그 조직의 발전을 위해"
1660,5,웅진식품에 자신을 마음껏 어필해 주십시오.
1661,5,안국약품(주) 2016 하반기 합격자소서
1662,5,현대자동차그룹 핵심가치 중 본인의 경험을 기반으로 실천사례를 제시하시오. (1000자 이내)
1663,5,본인이 회사를 선택함에 있어 중요시 여기는 가치와 현대제철이 왜 그 가치와 부합하는지 본인의 의견을 서술하여 주십시오. (1000자 이내)
1664,5,"원만한 직장생활을 위해 필요한 태도와 매너, 직업관(직업윤리)의 중요성에 대해 본인의 가치관을 중심으로 작성해 주십시오."
1665,5,내가 오디션에서 보여주려는 것.
1666,5,현재까지의 성장 과정을 주요한 사항(사건)을 중심으로 기술하기 바랍니다.
1667,5,농협물류가 물류사업 경쟁력을 높이기 위한 발전방향에 대해 기술하시오.
1668,5,"최근 ""김영란법"" 시행이 사회적·경제적으로 어떠한 영향을 미칠 것인지 기술하시오."
1669,5,유도그룹에 공헌할 수 있는 귀하의 능력이 있다면?
1670,5,IT 프로젝트 경험을 기초로 강점과 약점.
1671,5,"[서비스 정신과 올바른 예절] 본인이 경험한 최고의 서비스, 최악의 서비스에 대해 기술하고, 그렇게 판단한 근거 및 사유에 대해 설명하시오. (600자 이내)"
1672,5,본인이 LS산전에 적합한 인재라고 생각하는 이유를 기술하여 주십시오.
1673,5,"자신의 인생에서 가장 중요하게 생각하는 것 2가지는 무엇이며, 왜 그렇게 생각하는지 기술해 주세요."
1674,5,지원분야에 기여할 수 있는 점.
1675,5,참엔지니어링(주) FPD 장비 공정개발 2017 상반기 합격자소서
1676,5,당사의 핵심가치 중 하나를 본인의 생활 신조와 부합되는 면과 그 이유를 서술해 주시기 바랍니다.
1677,5,좌우명 & 삶의 목표: 목표달성을 위한 구체적인 계획을 기술.
1678,5,삶을 통해 이루고 싶은 인생의 비전 한 가지 혹은 그 이상.
1679,5,좋아하는 패션브랜드 및 그 이유
1680,5,"한컴이 꿈꾸는 미래, 당신이 꿈구는 미래 함께할 수 있다면 당신이 가장 중요하게 생각하는 기치의 기준은 무엇인지 구체적으로 서술하라."
1681,5,한컴이 당신을 선발해야 하는 이유는? 당신의 매력을 구체적으로 서술하라.
1682,5,"공단이 개발한 안전보건 자료 및 어플리케이션 보급률을 높이기 위한 방안은 무엇이 있으며, 그 방법과 이유를 기술하십시오."
1683,5,공직자의 직업윤리가 왜 중요한지 본인의 가치관을 중심으로 기술해 주십시오.
1684,5,조직이해능력 - 자신이 생각하는 주택도시보증공사의 이미지는 어떻습니까? 그 이미지는 어떻게 만들어 졌는지 본인의 경험을 토대로 설명하여 주십시오.
1685,5,직업윤리 - 직장인으로서의 직업윤리의 대한 중요성에 대하여 본인의 가치관을 중심으로 말씀해 주십시오.
1686,5,"[서비스 정신과 올바른 예절]본인이 경험한 최고의 서비스, 최악의 서비스에 대해 기술하고, 그렇게 판단한 근거 및 사유에 대해 설명하시오.(600자 이내)"
1687,5,향후 계획 및 포부.
1688,5,Business Staff로서 학교에 기여할 수 있는 장점
1689,5,"입사 후 5년, 그리고 10년 후의 목표와 모습에 대해 설명하고, 이를 위해 자신의 강/약점을 어떻게 개선/보완할 지에 대해 기술하십시오. (500 자 5 단락 이내)"
1690,5,녹십자의 강점과 약점에 대해 말씀해 주세요.
1691,5,[CS마인드] (800자)
1692,5,[변화/혁신](800자)
1693,5,[커뮤니케이션] (800자)
1694,5,CJ CGV 에 관심을 갖게 된 동기에 대하여
1695,5,CGV의 마케팅 중 보완할 점에 대하여
1696,5,스스로 발전하고 연구하는 캐리어인
1697,5,회사를 선택하는 기준과 서울우유가 그에 부합하는 점
1698,5,"고객의 요구사항이 귀하 생각에도 매우 합리적이나 한전의 내부규정(매뉴얼) 등과 다른 경우, 어떻게 업무처리 하겠으며, 이 경우 고객불만 해소 및 서비스 향상을 위한 아이디어를 기술 하세요. (1000자"
1699,5,자동차에 대한 열정/관심 (or 지원분야에 대한 열정/관심)
1700,5,본인이 소중하게 생각하는 3가지.
1701,5,본인이 생각하는 범농협 비전 「농업인이 행복한 국민의 농협」의 의미에 대하여 설명하시오.
1702,5,"농협은행이 더욱 발전하기 위한 제안 한 가지, 그리고 면접관에게 꼭 말하고 싶은 점이 있다면 자유롭게 기술하여 주십시오."
1703,5,"본인이 가장 관심을 가지고 있는 ICT 기술은 무엇이며, 해당 기술과 SK 주식회사 C&C의 연관성에 대해서 기술하여 주십시오."
1704,5,특이사항(PC능력 등)
1705,5,다양한 의견이나 정보를 자신의 기준으로 분석/판단 이를 바탕으로 해결한 경우
1706,5,5. B2B솔루션에 대한 자신의 역량을 서술하시오
1707,5,관심있는 분야에 대해 두가지 서술하시오.
1708,5,한국투자증권에서 이루고 싶은 꿈(목표)과 그 이유
1709,5,증권업을 선택하게 된 이유와 증권사 중 당사를 선택한 이유
1710,5,지지무역 해외영업 자기소개서 (자유양식)
1711,5,본인이 가장 관심을 가지고 있는 ICT기술은 무엇인지 작성하여 주십시오. *해당 기술과 SK주식회사 C&C의 연관성에 대하여 작성 (1000자 이내)
1712,5,서비스 정신과 올바른 예절
1713,5,당사가 지닌 가장 탁월한 경쟁력은 무엇이라고 생각하십니까?
1714,5,"사용해 본 프로그래밍 언어와 해당 언어를 사용하여 개발해 본 프로젝트 혹은 개발 산출물을 설명해 주세요. [프로젝트명(사용언어) - 한 줄 개요] 형식 작성 후, 부연 설명을 기재해 주세요. (필수)"
1715,5,마이다스아이티가 지금의 성장을 이룬 바탕이 무엇이라고 생각하는지 서술하여 주십시오.
1716,5,"[필수문항] 대표적인 프로젝트 세 가지를 적어 주시되, 각각의 프로젝트에서 어떤 기술을 활용하여 어떤 방식으로 개발했는지 구체적으로 설명해 주세요"
1717,5,"우리공단 전산시스템이 외부로부터 해킹을 당해 정보유출이 발생하였다면 재발방지를 위해 어떤 조치를 취할 것인지,그리고 유출된 정보를 어떻게 회수 할 수 있는지 설명하십시오."
1718,5,최근 사회 이슈 중 중요하다고 생각되는 한 가지를 선택하고 이에 관한 자신의 견해를 기술 해 주시기 바랍니다
1719,5,"GS리테일의 인재상에 비춰볼 때, 본인은 어떤 유형의 인재라고 생각하는지 구체적 사례를 들어 기술해주십시오."
1720,5,"향후 GS리테일의 비전을 하나의 키워드로 제시하고, 그렇게 생각한 이유와 본인이 어떻게 기여할 수 있을지를 기술해 주십시"
1721,5,[함께 성장하겠습니다]
1722,5,[모든 업무는 IT 로 움직인다]
1723,5,좋아하는 게임 및 선호하는 이유는?
1724,5,"교과목 혹은 개인적으로 공부한 여러 IT 기술 중에, 티몬에서 활용할 수 있다고 생각되는 기술을 그 이유와 함께 소개해 주세요. (1000자 이내)"
1725,5,"소프트웨어 개발을 하면서 겪었던 기술적인 문제를 서술하고, 그 과정에서 겪었던 시행착오와 그에 대한 해결책을 하단에 간단히 요약한 후(1000자 이내), 상세 내용은 PPT 혹은 MS-Word 파일로 첨부해 주세요."
1726,5,"""집중력있게 일에 몰두할 수 있는 열정을 지닌 사람"""
1727,5,"""보다 나은 방법으로 선도적인 食문화를 이끌어 나갈 수 있는 준비가 된 사람"""
1728,5,한국콜마의 산업분야 를 전망해보고 자신의 역량으로 기여 할 수 있는 부분이 무엇인지 기술하여 주십시오.(1000자 이내)
1729,5,한국콜마의 인재상인 4성 5행 中 가장 중요하다고 생각하는 것을 택 1 하여 그 정신이 왜 필요한지 기술하여 주십시오.(1000자 이내)
1730,5,한국콜마는 신기술을 선도하는 R&D 전문기업으로 인류건강과 아름다움을 책임지며 궁극적으로 가치 있는 삶에 공헌하는 기업이 되고자 노력하고 있습니다. 입사한다면 콜마인으로 어떻게 가치 있는 삶에 공헌 할 수 있을지 기술하여 주십시오.(1000자 이내)
1731,5,현대자동차 그룹의 핵심가치 중 하나를 선택하여 경험한 것을 기술하시오.
1732,5,세븐일레븐 점포를 방문하고 방문한 점포의 문제점과 개선점을 기술하시오.
1733,5,[공단인재] 공단에서 지속 필요로 하는 인재는 크게 ‘미래사업 추진형’ 인재와 ‘조직가치 창출형’ 인재로 구분하고 있습니다. 공단 수행 보험사업 직무분야에 비추어 지원자께서 생각하는 ‘미래사업 추진형’ 인재와 ‘조직가치 창출형’ 인재는 각각 어떠한 특성을 갖는 인재인지 설명하여 주시고 공단 입사 후 이 두가지 인재유형 중 본인이 지향하고자하는 인재유형과 그 이유에 대해서도 구체적으로 설명해 주십시오.
1734,5,JTBC가 당신을 채용해야 하는 이유는 무엇인가요? (1000자 이내)
1735,5,JTBC가 글로벌 최고의 프로덕션 하우스가 되려면 현재 회사에 필요한 역량이 무엇일지 기술하세요. (1000자 이내)
1736,5,[장점과 단점 - 꼼꼼함을 개발해준 꾸준함]
1737,5,"인생에서 가장 중요하게 생각하는 가치는 무엇인지, 그리고 그 이유를 구체적으로 기술해 주십시오."
1738,5,교외 활동(분량 자유)
1739,5,DHL에서의 활동 계획(분량 자유)
1740,5,본인이 소중하게 생각하는 3가지
1741,5,"본인이 생각하는 범농협 비전 「농업인이 행복한 국민의 농협」의 의미에 대하여 설명하고, 입사 후 농협의 비전달성을 위하여 본인이 어떠한 역량을 발휘할 수 있는지 기술하여 주십시오."
1742,5,본인의 역량과 본원의 핵심가치
1743,5,"KOGAS에서 중요하게 생각하는 인재상은 다음과 같습니다. 세 가지 인재상 중 자신과 가장 부합된다고 생각하는 인재상을 하나 선택하여, 구체적인 사례를 포함하여 그렇게 생각하는 이유를 기술하여 주십시오."
1744,5,직장인으로서의 직업윤리가 왜 중요한지 본인의 가치관을 중심으로 설명하십시오
1745,5,당사하면 떠오르는 기업이미지와 귀하가 생각하는 행복의 조건에 대해 기술해주십시오. (1000자 이내)
1746,5,"미니스톱의 특성을 나타내는 문구나 단어를 쓴 후, 그것에 대하여 간략히 설명하고 그것이 자신의 모습과 어떻게 부합이 되는지 연계하여 기술하시오."
1747,5,"최근 사회 이슈 중 중요하다고 생각되는 한가지를 선택하고, 이에 관한 자신의 견해를 기술해 주시기 바랍니다."
1748,5,한국콜마의 산업분야 를 전망해보고 자신의 역량으로 기여할 수 있는 부분이 무엇인지 기술하여 주십시오.
1749,5,한국콜마는 신기술을 선도하는 R&D 전문기업으로 인류건강과 아름다움을 책임지며 궁극적으로 가치 있는 삶에 공헌하는 기업이 되고자 노력하고 있습니다. 입사한다면 콜마인으로 어떻게 가치 있는 삶에 공헌할 수 있을지 기술하여 주십시오.
1750,5,"현재뿐만 아니라 향후에 필요한 지식, 경험, 기술 등을 적극적으로 습득하여 미래를 준비하여 꾸준히 발전한 경험"
1751,5,교육산업에 대한 생각
1752,5,"사용해 본 프로그래밍 언어와 해당 언어를 사용하여 개발해 본 프로젝트 혹은 개발 산출물을 설명해 주세요. [프로젝트명(사용언어) - 한 줄 개요] 형식 작성 후, 부연 설명을 기재해 주세요. (600자)"
1753,5,B형간염 없는 대한민국
1754,5,현장에서 배운 품질관리 업무
1755,5,"아이엠비씨에 대한 조언, 경험 및 기타 하고 싶은 말"
1756,5,"본인이 가장 관심을 가지고 있는 ICT 기술은 무엇이며, 해당 기술과 SK주식회사 C&C의 연관성에 대해서 기술하여 주십시오. *해당 기술이 당사에 어떻게 기여할 수 있는지를 작성 *해당 기술과 관련된 본인의 역할을 지원 직무와 연계하여 작성 (600 자 6 단락 이내)"
1757,5,최근 사회 이슈 중 중요하다고 생각되는 한가지를 선택하고 이에 관한 자신의 견해를 기술해 주시기 바랍니다. (1000자 이내)
1758,5,"벅스 서비스 중 좋다고 생각하는 것, 그렇지 않은 것을 하나씩 고르고, 그 이유를 설명해 주세요."
1759,5,"변화하는 국내 자동차 시장 환경을 고려하여, 본인만의 중/장기 (5년 후, 10년 후) 목표를 달성 계획과 함께 기재해 주시기 바랍니다."
1760,5,"본인의 가장 친한 친구에게 K5와 스포티지 중 한 차종을 팔아야 한다면 어떤 차종을 판매할 것이며, 이유는 무엇인지 기재해 주시기 바랍니다"
1761,5,증강현실이 미래 여행상품에 미칠 영향에 대해 서술하세요
1762,5,본인의 어떠한 점이 동서식품의 인재상에 적합하다고 생각하는지를 구체적으로 기술하십시오. 1400 Bytes 이내
1763,5,동서식품 인재상 7가지 중 적합성이 상대적으로 낮은 2가지의 사유와 채용 후 적합성을 높이기 위한 방안을 기술하십시오. 1400 Bytes 이내
1764,5,KB국민은행의 핵심가치 중 본인을 나타내는 가치와 그 이유를 보여주는 경험을 기술하십시오. ( 제한없음 )
1765,5,"귀하가 생각하는 `은행원(Banker)`은 무엇이며, 그 은행원을 위해 어떤 덕목이 중요한지 기술하십시오."
1766,5,"귀하에게 `하루(1일)`의 자유시간과 금전적 여유가 있다면 무엇을 하고 싶으며, 그 이유를 약술하십시오"
1767,5,최근 사회이슈 중 중요하다고 생각되는 한가지를 선택하고 이에 관한 자신의 견해를 기술하시오. (1000자 이내)
1768,5,"[직무역량: 회원관리, 이미 실무 준비는 끝났습니다]"
1769,5,[나의 생각이 현실이 되는 회사]
1770,5,[도면 설계에서 제작까지]
1771,5,성장과정 [150Bytes 이상 1500Bytes 이내]
1772,5,"KOGAS에서 중요하게 생각하는 인재상은 다음과 같습니다. 미래에 도전하고 변화를 선도하는 사람 믿고 협력하여 공동의 성공을 실현하는 사람 자기분야의 최고를 추구하는 사람 세 가지 인재상 중 자신과 가장 부합된다고 생각하는 인재상을 하나 선택하여, 구체적인 사례를 포함하여 그렇게 생각하는 이유를 기술하여 주십시오."
1773,5,"한화인(도전, 000, 00) 경험"
1774,5,[적성 그리고 애사심]
1775,5,[갤럭시 노트 7 폭발 사건]
1776,5,(생활 신조) [매 순간 최선을]
1777,5,(입사 후 목표와 계획) [명인제약의 발전에 기여]
1778,5,현대백화점그룹이 지향하는 6가지 중요한 핵심가치와 부합하는 업적 또는 경험 (1000자 이내)
1779,5,"본인이 중요시하며, 최근 6개월 이상 일관되게 유지하고 있는 행동 원칙 하나를 구체적인 사례를 바탕으로 기술해 주십시오."
1780,5,현대카드/캐피탈/라이프/커머셜에서 해보고 싶은 업무와 본인이 해당 업무에 적합하다고 생각하는 이유를 기술 (1000자 이내)
1781,5,농협이 하고 있는 일 중 하나를 기술하고 그에 대한 본인의 의견을 쓰시오.
1782,5,[의사소통 능력] 우리 공단은 공공의료복지기관입니다. 우리 공단이 공공의료?복지기관으로서 수행해야 할 역할에 대하여 말씀하여 주시기 바랍니다.
1783,5,[직업윤리] 공단인으로서 어떤 소명의식을 가지고 근무할 것인지에 대하여 서술하여 주시기 바랍니다.
1784,5,현대자동차 그룹의 5개 핵심가치 중에서 귀하가 가장 인상깊게 경험한 사례를 소개 바랍니다.
1785,5,(주)코리아세븐이 본인을 채용해야 하는 이유를 3가지로 설명하시오.(1000자 이내)
1786,5,세븐일레븐 점포를 방문하고 방문한 점포의 문제점과 개선점을 기술하시오.(1000자 이내)
1787,5,"Works Mobile에서 제공하는 서비스에 대해 알고 있는지, 사용해 본 경험이 있다면 어떤 장단점이 있다고 느꼈는지 기재해 주세요. (경쟁 서비스와의 비교도 OK)"
1788,5,"본인이 보유한 Programming Skill의 활용 정도를 모두 적어주세요. (고급/중급/초급) [작성예시 : ① C - 중급 ② Java - 고급 ③ Linux 커맨드 및 개발환경 - 고급 ④ Shell Scripting - 초급 ⑤ Android - 중급] 고급 - 대규모 프로그램 및 시스템을 참고사항(책/인터넷) 없이 개발할 수 있으며, 일반적이지 않은 난해한 부분도 일부 참고를 통해 개발할 수 있음, 중급 - 중간 규모 프로그램 및 시스템을 개발할 수 있으며, 주요 이슈 트러블슈팅을 할 수 있을 정도로 내부 구조에 대해 이해하고 있음 , 초급 - 구체적으로는 잘 모르지만, 기본적인 지식과 경험은 가지고 있음."
1789,5,"본인이 보유한 Programming Skill의 활용정도를 모두 적어주세요. (고급/중급/초급) [작성예시 : ① C - 중급 ② Java - 고급 ③ Linux 커맨드 및 개발환경 - 고급 ④ Shell Scripting - 초급 ⑤ Android - 중급] 고급 - 대규모 프로그램 및 시스템을 참고사항(책/인터넷) 없이 개발할 수 있으며, 일반적이지 않은 난해한 부분도 일부 참고를 통해 개발할 수 있음. 중급 - 중간 규모 프로그램 및 시스템을 개발할 수 있으며, 주요 이슈 트러블슈팅을 할 수 있을 정도로 내부구조에 대해 이해하고 있음. 초급 - 구체적으로는 잘 모르지만, 기본적인 지식과 경험은 가지고 있음"
1790,5,지원 업무 준비 과정
1791,5,"언제, 어떤 계기를 통해 대우건설(or 건설업)에 관심을 갖게 되었으며, 이후 대우건설(or 건설업)에 대한 이해도를 높이기 위해 구체적으로 어떤 노력을 해 왔는지 작성해 주시기 바랍니다."
1792,5,"우리카드 상품과 다른 카드사의 상품을 각 각 1가지씩 선정하여, 우리카드의 상품이 상대적으로 우수한 점과 개선해야 할 점을 비교 설명하여 주십시오. [2000 Bytes 이내]"
1793,5,"급변하는 금융환경에서 우리카드가 맞이한 위기와 기회는 무엇이며, 변화된 금융환경에 우리카드가 대응해 나갈 방안에 대하여 말씀하여 주십시오. [2000 Bytes 이내]"
1794,5,우리카드에서 근무하는 데 지침서로 삼을 만한 책을 한 권 추천하고 선정이유에 대하여 말씀하여 주십시오. (금융 서적 제외) [1000 Bytes 이내]
1795,5,협회 지원동기(1000자 이내)
1796,5,대림에서 본인이 기여 하고자 하는 부문은 무엇입니까? (1000자 이내)
1797,5,[최고를 위해 최선을]
1798,5,[제약·바이오 업계의 꿈나무]
1799,5,[대화제약의 성장 동력]
1800,5,"[본인이 생각하는 범농협 비전 “농업인이 행복한 국민의 농협”의 의미에 대하여 설명하고, 입사 후 농협의 비전달성을 위하여 본인이 어떠한 역량을 발휘할 수 있는지 기술하여 주십시오. 700자]"
1801,5,왜 ASML을 지원하는지
1802,5,엔지니어에 대한 가치관
1803,5,"변화하는 국내 자동차 시장 환경을 고려해 본인만의 중/장기(5년후,10년후) 목표를 달성 계획과 함꼐 기재하시오(1000자 이내)"
1804,5,"본인의 가장 친한 친구에게 K5와 스포티지 중 한 차종을 팔아야 한다면 어떤 차종을 판매할 것이며, 이유는 무엇인가?(1000자 이내)"
1805,5,[세 가지 기본역량으로 준비된 영원무역의 신입사원]
1806,5,[책임감있는 주인의식]
1807,5,[중요한 것은 바로 `WHY’]
1808,5,"본인이 보유한 Skill의 활용 정도를 모두 적어주세요 [작성예시 : ① C - 2 ② Java - 2 ③ Linux 커맨드 및 개발환경 - 1 ④ Shell Scripting - 0 ⑤ Android - 2 ⑥ R - 2] 4 - 대규모 프로그램 및 시스템을 참고사항(책/인터넷)없이 개발할 수 있으며, 일반적이지 않은 난해한 부분도 일부 참고를 통해 개발할 수 있음 3 - 중간규모 프로그램 및 시스템을 개발할수 있으며, 주요 이슈 트러블슈팅을 할 수 있을 정도로 내부구조에 대해 이해하고 있음 2 - 시스템 동작 방식을 알고 있으며, 기본적인 기능을 구현할 수 있음 1 - 코드를 읽을 수 있으며, 책을 참고하여 약간의 수정작업 또는 작은 변경사항 추가를 할 수 있음 0 - 경험/지식 없음"
1809,5,[충성! 베레모 적금 홍보] “군인을 만났습니다”
1810,5,"[ 전략 PT경진대회, 차이를 하나의 시너지로 만들기 위해 ]"
1811,5,"[ 500개 언론사, 100명의 기자, 목표는 9시 뉴스 ! ]"
1812,5,[ 세계 속에 SK케미칼을 마케팅하다. ]
1813,5,귀하가 평소 관심을 가졌던 자동차 관련 기술/정보는 무엇입니까?(500자)
1814,5,현대자동차그룹의 5대 핵심가치 중에서 귀하가 가장 인상 깊게 경험한 사례 한가지를 소개바랍니다.-5대 핵심가치 中 택1 (500자)
1815,5,"한샘은 `탁월함에 대한 도전`을 추구합니다. 자신이 생각하는 탁월함이란 무엇이며, 한샘에서 이를 어떻게 도전해 나갈 것인지 서술해 주시기 바랍니다.(1000자 이내)"
1816,5,현재까지의 성장과정을 주요한 사항(사건)을 중심으로 기술하기 바랍니다.
1817,5,"본인이 살아가면서 가장 중요하게 생각하는 신념(신조) 두 가지는 무엇이며, 신념(신조)를 지킨 실제 사례와 함께 기술하기 바랍니다."
1818,5,파라다이스가 왜 귀하를 채용해야하는지 3가지 이유를 들어 구체적으로 기술해주십시오.(1000자 이내)
1819,5,관행이라고 생각하는 사회현상에 대해 ‘왜’라는 질문을 던지고 그것의 개선방안을 기술하시오.
1820,5,받고 싶은 질문이 있는가?
1821,5,"최근 한국국토정보공사와 관련된 사회적 이슈 중 지원자가 알고 있는 한 가지를 선택하고, 그에 대한 의견을 기술해 주십시오."
1822,5,지원자가 생각하는 한국국토정보공사가 국민과 소통하는 공기업이 되기 위한 방법을 기술해 주십시오.
1823,5,삼일제약에서의 목표
1824,5,"본인의 강점에 대하여 간략히 설명하고, 그것이 한국동서발전(주)의 비전달성에 어떻게 기여할 수 있는지 서술하시기 바랍니다. (1000자 이내)"
1825,5,SK텔레콤을 선택한 이유에 대해 기술하십시오. (1000자 이내)
1826,5,건설업은 현장근무가 필수입니다. 현장 근무에 있어 본인이 가장 중요하다고 생각하는 덕목과 그 이유를 기술해 주십시오.
1827,5,10년 후 세계 건설시장은 어떻게 변할 것이라고 전망합니까?
1828,5,게임 좋아하시나요? 게임을 얼마나 좋아하는지 설명해 주세요
1829,5,"입사지원시 고려하는 기업의 이미지를 채용브랜드라고 한다면, 신한은행 채용브랜드의 강점과 약점은 무엇인지 기술하고 채용브랜드 강화를 위한 당신만의 멋진 아이디어를 제안해 보세요. (1000자 이내)"
1830,5,"무역지원기관으로써 한국무역협회의 장단점이 무엇이며, 그렇게 생각하는 이유가 무엇인지 기술하시오. (1000자 이내)"
1831,5,"자신이 가장 자신 있는 분야에 대해 강의할 기회가 주어진다면, 어떤 주제를 선택할 것인지, 그리고 해당 주제를 선택한 이유는 무엇인지 설명하시오. (1000자 이내)"
1832,5,책임감과 원칙을 지키는 자세
1833,5,최근 관심 있는 사회 이슈 1개와 이에 대한 자신의 견해
1834,5,"교과목 혹은 개인적으로 공부한 여러 IT 기술 중에, 티몬에서 활용할 수 있다고 생각되는 기술을 그 이유와 함께 소개해 주세요.(1000자 이내)"
1835,5,"소프트웨어 개발을 하면서 겪었던 기술적인 문제를 서술하고, 그 과정에서 겪었던 시행착오와 그에 대한 해결책을 하단에 간단히 요약한 후(1000자 이내), 상세 내용은 PPT 혹은 MS-Word 파일로 첨부해 주세요"
1836,5,"[ CJ, ONLY ONE KOREA를 그리다. ]"
1837,5,[비전] 우리은행에서 목표하는 비전과 비전 달성을 위해 필요한 역량 3가지를 꼽아주세요.
1838,5,"[창의력(혁신)] 우리은행은 위비뱅크, 위비톡 등 창의적인 상품과 서비스로 금융시장의 변화를 주도하고 있습니다. 지원자의 창의적 사고를 바탕으로 이루어 낸 변화에 대하여 말씀하여 주세요."
1839,5,"[입행포부] 은행들이 수익다변화를 위해 신사업을 개척하면서 금융업의 경계가 허물어지고 있습니다. 급변하는 금융환경 속에서, 지원자가 우리은행에 입행하여 어떤 역할을 수행할 수 있을지 구체적으로 기술해 주세요."
1840,5,"평생직장의 개념이 사라지면서 직장에 대한 기대와 가치관이 변화되고, 직장생활과 개인생활 간의 조화로운 균형이 중요해지고 있습니다. 직장생활과 개인생활의 조화를 위하여 회사가 시행할 수 있는 제도 및 조치사항에 대하여 구체적으로 기술하십시오. (1000자 이내)"
1841,5,언제 어떤 계기를 통해 대우건설(건설업)에 관심을 갖게 되었으며 이후 대우건설에 대한 이해도를 높이기 위해 구체적으로 어떤 노력을 해 왔는지 작성해 주시기 바랍니다. (1000자 이내)
1842,5,"한국관광공사의 주요 사업을 분류하고, 각각의 특성에 대해 아시는 대로 작성해 주시기 바랍니다. (1000자 이내)"
1843,5,"본인이 가장 관심을 가지고 있는 ICT기술은 무엇이며, 해당 기술과 SK주식회사 C&C의 연관성에 대해서 기술하여 주십시오. 해당기술과 SK주식회사 C&C의 연관성에 대하여 작성"
1844,5,현대건설에 있어 개선 및 보완이 필요한 부분은 무엇인지 기술하여 주시기 바랍니다.
1845,5,글로벌 기업인 현대건설은 해외 근무가 필수적입니다. 성공적인 해외 근무를 위하여 본인이 보유한 글로벌 역량 및 어려운 현장 근무를 극복하기 위한 강점을 기술하여 주시기 바랍니다.
1846,5,"한샘은 '탁월함에 대한 도전'을 추구합니다. 자신이 생각하는 탁월함이란 무엇이며, 한샘에서 이를 어떻게 도전해 나갈 것인지 서술해 주시기 바랍니다."
1847,5,최근 사회 이슈 중 중요하다고 생각되는 한가지를 선택하고 이에 관한 자신의 견해를 기술해 주시기 바랍니다.
1848,5,최근 관심있는 사회 이슈 1개와 이에 대한 자신의 견해
1849,5,향후 sbs가 진출해야 한다고 생각하는 새로운 사업영역은 무엇인가요?
1850,5,최근 화제가 된 '이세돌'과 '알파고'의 대결은 많은 시사점을 던져 주었습니다. 이 사건이 당사 산업/사업에 시사하여 바와 개인적인 견해를 자유롭게 작성하시길 바랍니다.
1851,5,증권업을 선택하게 된 이유와 증권사 중 당사를 선택한 이유(1000자 이내)
1852,5,여러분은 왜 “기아인”이 되고 싶으신가요? (다음 사항을 포함해서 작성해 주세요) (1000자 이내) 1) 기아 또는 자동차와 관련 특별한 경험이나 인연 // 2) 기아인 이 본인에게 주는 의미
1853,5,여러분을 왜 기아인으로 선택해야 하나요? (1000자 이내) 1) 기아인이 될 수 있는 본인의 강점 또는 차별점 // 2) 기아인으로서 본인이 생각하는 career path
1854,5,"당신은 현재 내년초 대리승진이 확정적입니다. 대리승진 후에는 상당 부분의 의사결정 권한과 폭넓은 업무경험으로 해당 직무 전문가로 성장 가능성이 매우 높습니다. 그런데 마침 당신이 꼭 가고 싶었던 국가의 해외전문가 교육과정 공모가 진행 중입니다. 6개월 교육 후 최종 선발을 하는데 최종 선발 경쟁이 매우 치열합니다. 해당 교육과정에 참여할 경우 승진이 불투명해 진다면 당신은 어떤 선택을 하겠으며, 그 이유는 무엇인가요? (1000자 이내)"
1855,5,삶을 통해 이루고 싶은 인생의 비전 또는 목표 3가지를 우선 순위 순으로 적어 주십시오.
1856,5,즐겨 찾는 인터넷 사이트와 그 이유를 설명해 주십시오. (3가지)(각 100자)
1857,5,"3低 시대(低금리, 低출산, 低고용) 생명보험 산업의 성장과 발전을 저해하는 요소는 무엇이며, 생명보험의 사회적 순기능에 대해 설명하시오.(1500자)"
1858,5,본인이 보유한 Skill의 활용 정도를 모두 적어주세요 [작성 예시 : ① C - 2 ② Java - 2 ③ Linux 커맨드 및 개발환경 - 1 ④ Shell Scripting - 0 ⑤ Android - 2 ⑥ R - 2]
1859,5,"고객의 입장에서 티몬 사이트(www.tmon.co.kr)의 회원가입부터 결제완료까지의 프로세스를 하단에 간단히 요약한 후(1000자 이내), 상세 내용은 PPT 혹은 MS-Word 파일로 첨부해 주세요 (PPT 혹은 Word 2페이지 내)"
1860,5,"티몬 모바일앱 추천 탭에서 고객에 맞는 상품 노출 방식을 하단에 간단히 요약한 후(1000자 이내), 상세 내용은 PPT 혹은 MS-Word 파일로 첨부해 주세요"
1861,5,"언제, 어떤 계기를 통해 대우건설(or 건설업)에 관심을 갖게 되었으며, 이후 대우건설(or 건설업)에 대한 이해도를 높이기 위해 구체적으로 어떤 노력을 해 왔는지 작성해 주시기 바랍니다. (1000자 이내)"
1862,5,기타사항 및 해외연수
1863,5,"본인이 보유한 Programming Skill의 활용정도를 모두 적어주세요. (고급/중급/초급) [작성예시 : ① C - 중급 ② Java - 고급 ③ Linux 커맨드 및 개발환경 - 고급 ④ Shell Scripting - 초급 ⑤ Android - 중급] 고급 - 대규모 프로그램 및 시스템을 참고사항(책/인터넷) 없이 개발할 수 있으며, 일반적이지 않은 난해한 부분도 일부 참고를 통해 개발할 수 있음, 중급 - 중간 규모 프로그램 및 시스템을 개발할 수 있으며, 주요 이슈 트러블슈팅을 할 수 있을 정도로 내부구조에 대해 이해하고 있음 , 초급 - 구체적으로는 잘 모르지만, 기본적인 지식과 경험은 가지고 있음"
1864,5,지원동기 * 각 항목당 글자수 제한없음
1865,5,현대자동차그룹 핵심가치중 본인의 경험을 기반으로 실천사례를 제시하시오. (1000자 이내)
1866,5,당사의 핵심가치 중 하나를 본인의 생활 신조와 부합되는 면과 그 이유를 서술해 주시기 바랍니다. (1000자 이내)
1867,5,지원회사의 강점과 약점에 대해 말씀해 주세요.
1868,5,현대자동차그룹의 5대 핵심가치 중에서 귀하가 가장 인상 깊게 경헙한 사례 한가지를 소개바랍니다.-5대 핵심가치
1869,5,여러분을 왜 “기아인”으로 선택해야 하나요? (1000자 이내)
1870,5,"한컴이 꼭 당신을 선발해야 하는 이유가 있을까요, 당신만의 매력을 구체적으로 서술해 주세요."
1871,5,"한컴이 꿈꾸는 미래...당신이 꿈꾸는 미래...함께 할 수 있다면, 당신이 가장 중요하게 생각하는 가치의 기준은 무엇인지 구체적으로 서술해 주세요."
1872,5,[필수] 자신있는 개발언어 2가지와 해당 언어로 작성했던 가장 성공적이었던 프로그램을 설명해 보세요.
1873,5,글로벌 기업인 현대건설은 해외근무가 필수적입니다. 성공적인 해외근무를 위하여 본인이 보유한 글로벌 역량 및 어려운 현장근무를 극복하기 위한 강점을 기술하여 주시기 바랍니다.
1874,5,"애경그룹 유통 부문 AK PLAZZA, AK MALL을 가장 잘 설명할 수 있는 이미지와 그 이유(1000자이내)"
1875,5,본인의 소장품 중 최대 이윤을 남기며 판매할 수 있는 아이템을 선정하고 그 방법을 서술하시오
1876,5,"한화그룹의 핵심가치 중 한가지를 선택하여 정의하고, 해당 핵심가치에 본인이 부합하는 이유를 구체적인 사례와 경험을 들어 말씀해주십시오"
1877,5,물류에 대한 가치관 (1000자이내)
1878,5,"여러분이 경험했던 방송 콘텐츠 중 가장 인상 깊었던 콘텐츠는 무엇이었나요? ①콘텐츠 하나를 선정하여 콘텐츠에 대해 설명하고, ②해당 콘텐츠를 선정한 이유를 지원한 직무와 연관지어 구체적으로 작성해 주세요. (1,000자 이내)"
1879,5,회사생활에 있어 가장 중요하다고 생각하는 원칙과 그 이유 (1000자 이내)
1880,5,"삼양그룹의 가치 중 자신과 가장 부합하다고 생각하는 가치를 선택하고, 이와 관련된 본인의 경험과 그것을 통해 이룬 것에 대해 기재해주십시오. (1000자 이내)"
1881,5,한국타이어에서 성취하고자 하는 비전과 목표에 대하여 작성해 주십시오.
1882,5,"포스코와 본인이 함께 공유할 수 있는 가치가 무엇이며, 포스코에서 이루고 싶은 꿈이 무엇인지 기술하여 주십시오."
1883,5,여러분은 왜 “기아인”이 되고 싶으신가요? ① “기아” 또는 “자동차” 관련 특별한 경험이나 인연 ② “기아인”이 본인에게 주는 의미
1884,5,여러분을 왜 “기아인”으로 선택해야 하나요? ① “기아인”이 될 수 있는 본인의 강점 또는 차별점 ② “기아인”으로서 본인이 생각하는 Career Path
1885,5,"여러분은 어떤 선택을 할 건가요? - 당신은 현재 내년 초 대리승진이 확정적입니다. 대리승진 후에는 상당 부분의 의사결정 권한과 폭넓은 업무경험으로 해당 직무 전문가로 성장 가능성이 매우 높습니다. 그런데 마침 당신이 꼭 가고 싶었던 국가의 해외전문가 교육과정 공모가 진행 중입니다. 6개월 교육 후 최종 선발을 하는데 최종 선발 경쟁이 매우 치열합니다. 해당 교육과정에 참여할 경우 승진이 불투명해 진다면 당신은 어떤 선택을 하겠으며, 그 이유는 무엇인가요?"
1886,5,공단의 업무를 수행하다보면 고객의 입장에서 볼 때 고객이 옳고 우리의 규정이나 규칙이 너무 까다롭거나 현실과 잘 맞지 않는 것으로 느껴질 경우가 있습니다. 이러한 경우 어떻게 업무처리를 할 것인지 또는 유사한 경험에 대해 구체적으로 설명해 주십시오. (1000자 이내)
1887,5,좌우명 & 삶의 목표 : 목표달성을 위한 구체적인 계획을 기술 (1000자 이내)
1888,5,본인이 가장 관심을 가지고 있는 ICT기술은 무엇인지 작성하여 주십시오.
1889,5,자신의 비전과 이를 위해 어떤 준비를 하고 계시는지 구체적인 예를 들어 기술
1890,5,"당신의 전공 분야와 융합했을 때, 가장 높은 시너지를 낼 수 있는 분야를 선택하고, 그 이유와 예상되는 시너지 효과에 대해 기술하시오. (1000자 이내)"
1891,5,받고 싶은 질문과 그에 대한 답변
1892,5,고객의 입장에서 티몬 사이트(www.tmon.co.kr)의 회원가입부터 결제완료까지의 프로세스를 하단에 간단히 요약해주세요.(1000자 이내)
1893,5,티몬 모바일앱 추천 탭에서 고객에 맞는 상품 노출 방식을 하단에 간단히 요약해주세요.(1000자 이내)
1894,5,[WHY ME] 파수닷컴이 왜 본인을 선발해야 합니까?
1895,5,회사생활의 중요하다고 생각하는 원칙과 그 이유
1896,5,현대자동차그룹의 5대 핵심가치 중에서 귀하가 가장 인상 깊게 경험한 사례 한가지를 소개바랍니다. -5대 핵심가치
1897,5,"사회 이슈 중 중요하다고 생각되는 한 가지, 자신의 견해"
1898,5,Application for Novelis Internship
1899,5,"최근 사회 이슈 중 중요하다고 생각되는 한가지를 선택하고, 이에 관한 자신의 견해를 기술해 주시길 바랍니다"
1900,5,최근 사회이슈 중 중요하다고 생각하는 한 가지를 선택하고 이에 대한 자신의 견해
1901,5,최근 5년 이내에 플랫폼 컴퍼니가 시행한 마케팅 활동 중 1개를 골라 한계점을 분석하고 대안을 제시하십시오.
1902,5,마케팅 분야에 있어서 왜 본인이 적임자인지 제시
1903,5,최종 Career goal
1904,5,현대건설에 있어 개선 및 보완이 필요한 부분은 무엇인지 기술하여 주시기 바랍니다. (1000자이내)
1905,5,글로벌 기업인 현대건설은 해외근무가 필수적입니다. 성공적인 해외근무를 위하여 본인이 보유한 글로벌 역량 및 어려운 현장근무를 극복하기 위한 강점을 기술하여 주시기 바랍니다. (1000자이내)
1906,5,"[ Made with IBM ] IBM의 성장사업인 Strategic imperatives인 CAMSS 중 하나의 솔루션을 선택하여, 고객에게 IBM에게 차별화된 Value를 전달하기 위한 전략을 기술하시기 바랍니다."
1907,5,"[ Value Essay ] IBM 3 Value 중 본인과 가장 부합하는 가치를 선택하고, 이와 관련된 본인의 경험이나 의견을 구체적으로 기술해 주십시오."
1908,5,[ Why IBM? ] 한국 IBM이 본인에게 왜 최적의 회사인지 설명해주십시오. 나의 비전 및 직업관과 연계하여 작성하시기 바랍니다.
1909,5,"자신이 가장 우선으로 삼는 가치, 그 가치를 어떻게 지켜왔는지 경험을 바탕으로 '나'를 정의"
1910,5,"중국 사업을 확대하기 위해 기존 출시된 브랜드 이외에 어떤 브랜드로 진출하면 좋을지, 또는 중국 다음의 신규 시장은 어디가 될지 나라 및 브랜드를 선택한 후 해당 시장에서 매력적으로 포지셔닝 할 수 있는 마케팅전략을 제시"
1911,5,한국 IBM이 본인에게 왜 최적의 회사인지 설명해주십시오. 나의 비전 및 직업관과 연계하여 작성하시기 바랍니다
1912,5,"IBM의 성장사업인 Strategic imperatives인 CAMSS 중 하나의 솔루션을 선택하여, 고객에게 IBM에게 차별화된 Value를 전달하기 위한 전략을 기술하시기 바랍니다."
1913,5,"IBM 3 Value 중 본인과 가장 부합하는 가치를 선택하고, 이와 관련된 본인의 경험이나 의견을 구체적으로 기술해 주십시오."
1914,5,"기업의 사회적 책임에 대한 목소리가 높아지는 가운데, 기업의 준법경영 및 윤리경영의 완성을 위하여 회사의 구성원으로서 귀하는 어떤 역할을 할 수 있을지 기술하십시오. (200자 이상, 500자 이하)"
1915,5,귀하가 회사를 선택하는 기준은 무엇이며 왜 그 기준에 AMOREPACIFIC이 적합한지 기술하시오.
1916,5,"아모레퍼시픽 그룹은 아름다움으로 세상을 변화시키겠다는 특별한 소명을 가지고 있습니다. 세상을 변화시키는 '아름다움이 왜 필요한지 정의'하고, 입사한다면 이러한 소명을 어떻게 실현 할 수 있을지 기술하시오."
1917,5,AMOREPACIFIC을 통하여 귀하가 이루고자 하는 '비전(꿈)'은 무엇인지 기술하시오.
1918,5,"민간금융 기관들은 최근 핀테크, 빅데이터, 로보어드바이저 등 새로운 트렌드에 맞추어 신사업에 대한 연구 및 투자를 적극적으로 하고 있습니다. 급변하는 금융환경 속에서 신용보증기금 사업영역 개척 방안에 대한 본인의 생각을 기술하시오. [ 400자 이상 800자 이내 ]"
1919,5,"신용보증기금은 보증 신청기업에 대하여 현장조사를 필수적으로 실시합니다. 본인이 입사 후 창업기업의 보증지원을 위해 현장조사를 나갔을 때, 가장 중요하게 평가할 항목 3가지를 선택하고 그 이유를 구체적으로 기술하시오. [ 400자 이상 800자 이내 ]"
1920,5,"최근 미국의 금리인상 시기에 대한 관심이 높아지고 있습니다. 미국이 금리인상을 결정할 경우, 국내 중소기업에 미칠 영향과 중소기업 지원을 위한 신용보증기금 정책 결정 방향에 대하여 본인의 생각을 구체적으로 기술하시오. [ 400자 이상 800자 이내 ]"
1921,5,사회이슈 중 하나를 선택해 자신의 견해를 피력하시오.
1922,5,귀하가 회사를 선택하는 기준은 무엇이며 왜 그 기준에 ETUDE가 적합한지 기술하시오. (1000자이내)
1923,5,아모레퍼시픽 그룹은 아름다움으로 세상을 변화시키겠다는 특별한 소명을 가지고 있습니다.
1924,5,ETUDE를 통하여 귀하가 이루고자 하는 '비전(꿈)'은 무엇인지 기술하시오. (1000자이내)
1925,5,"한컴이 꿈꾸는 미래... 당신이 꿈꾸는 미래... 함께 할 수 있다면, 당신이 가장 중요하게 생각하는 가치의 기준은 무엇인지 구체적으로 서술해 주세요."
1926,5,"본인이 자주 이용하는 온라인 쇼핑몰과 홈플러스 온라인 쇼핑몰을 고객의 입장에서 비교하여 장단점을 제시해 주십시오. (200자 이상, 999자 이하)"
1927,5,"한샘은 '탁월함에 대한 도전'을 추구합니다. 자신이 생각하는 탁월함이란 무엇이며, 한샘에서 이를 어떻게 도전해 나갈 것인지 서술해 주시기 바랍니다. (1000자이내)"
1928,5,최근 사회이슈 중 중요하다고 생각되는 한 가지를 선택하고 이에 관한 자신의 견해를 기술해 주시기 바랍니다.(1000자)
1929,5,"한샘은 '탁월함에 대한 도전'을 추구합니다. 자신이 생각하는 탁월함이란 무엇이며, 한샘에서 이를 어떻게 도전해 나갈 것인지 서술해 주시기 바랍니다. [500자]"
1930,5,"포스코와 본인이 함께 공유할 수 있는 가치가 무엇이며, 포스코에서 이루고 싶은 꿈이 무엇인지 기술하여 주십시오. (600자 이내)"
1931,5,"[필수문항] 가장 관심있게 수강했던(읽어봤던) 전공과목 또는 전공서적을 선택하고, 그 이유를 설명해 주세요."
1932,5,"한세실업에 입사하면서 본인이 가지게 되는 좋은 점과 나쁜 점, 기회와 위험요소에 대해 기술해 주십시오."
1933,5,"[정직 소신력 및 조직이해] 한국지역난방공사의 핵심가치는 “도전, 열정, 상생”입니다. 본인의 지식과 경험에 기반하여 기술하여 주시기 바랍니다."
1934,5,"여러분은 어떤 선택을 하실 건가요? - 당신은 현재 내년초 대리승진이 확정적입니다. 대리승진 후에는 상당 부분의 의사결정 권한과 폭넓은 업무경험으로 해당 직무 전문가로 성장 가능성이 매우 높습니다. 그런데 마침 당신이 꼭 가고 싶었던 국가의 해외전문가 교육과정 공모가 진행 중입니다. 6개월 교육 후 최종 선발을 하는데 최종 선발 경쟁이 매우 치열합니다. 해당 교육과정에 참여할 경우 승진이 불투명해 진다면 당신은 어떤 선택을 하겠으며, 그 이유는 무엇인가요? (최대 500자 이내로 작성)"
1935,5,정직함에 대한 보상은 확실하다고 생각합니다.
1936,5,귀하에게 ‘하루(1일)”의 자유시간과 금전적 여유가 있다면 무엇을 하고 싶으며 그 이유를 약술하십시오. (200자)
1937,5,"귀하가 생각하는 ‘은행원(Banker)’은 무엇이며, 그 은행원을 위해 어떤 덕목이 중요한지 기술하십시오. (자유)"
1938,5,"본인이 경험한 최고의 서비스, 최악의 서비스에 대해 기술하고, 그렇게 판단한 근거 및 사유에 대해 설명하시오. (600자 이내)"
1939,5,지원회사 관심도 : 롯데마트를 가장 잘 설명할 수 있는 이미지와 그 이유에 대해 기술해주세요.
1940,5,마케팅 분야에 있어서 왜 본인이 적임자인지 제시하시오
1941,5,당신은 회사에 입사하게 되었을 때 아래의 4가지 유형 중 어떠한 사람으로 불려지기 원하나요? 그 이유는 무엇인가요? 1) 실행력과 빠른 의사판단의 행동형 2)원활한 커뮤니케이션 능력을 보유한 의사소통형 3)계획력과 날카로운 data 분석력을 가진 기획형 4)항상 새로운 아이디어를 창출하는 창의형 [500-1200자]
1942,5,어떤 관점에서 그것이 도전적인 목표라고 할 수 있습니까?
1943,5,저는 티몬이 찾는 국내/제주 여행 분야의 차세대 티모니언입니다
1944,5,2015년도 이후 출시된 당사의 제품 中 한 가지를 선택하여 경쟁사 대비 강점 및 보완점을 기술해 주십시오. [ 100자 이상 800자 이내 ]
1945,5,마케팅 분야에서 본인이 왜 적임자임을 제시하십시오.
1946,5,"농심의 이미지를 먼저 정의하고, 해외시장에서 `글로벌 종합식품기업`으로 나아가기 위해 꼭 추가하고 싶은 이미지는 무엇입니까?"
1947,5,최근 사회이슈 중 중요하다고 생각되는 한 가지를 선택하고 이에 관한 자신의 견해를 기술해 주시기 바랍니다.(1000자 이내)
1948,5,귀하가 회사를 선택하는 기준은 무엇이며 왜 기준에 ETUDE가 적합한지 기술하시오. [800자]
1949,5,"아모레퍼시픽 그룹은 아름다움으로 세상을 변화시키겠다는 특별한 소명을 가지고 있습니다. 세상을 변화시키는 아름다움이란 무엇인지 정의하고, 입사한다면 소명을 어떻게 실현할 수 있을지 기술하시오. [600자]"
1950,5,ETUDE를 통하여 귀하가 이루고자 하는 `비전(꿈)`은 무엇인지 기술하시오. [600자]
1951,5,"고객은 크게 내부고객(가족, 친구, 상사, 동료 등)과 외부고객(손님, 발주처 관계자등)으로 나눌 수 있습니다. 고객을 만족시키기 위한 본인의 최우선 가치는 무엇이며, 이를 실행하기 위해 본인이 준비해 왔던 사항을 구체적으로 기술해 주십시오."
1952,5,"회사 선택시 가장 중요하게 생각하는 기준은 무엇이며, 당사가 그 기준에 부합하는지 기술하십시오(1000자)"
1953,5,"당사 제품, 전략 등 당사 사업영역과 관련하여 본인이 생각하는 발전방향을 제시하고, 이유를 기술하십시오(1000자)"
1954,5,"[서비스 정신과 올바른 예절] 본인이 경험한 최고의 서비스, 최악의 서비스에 대해 기술하고, 그렇게 판단한 근거 및 사유에 대해 설명하시오."
1955,5,"여러분은 어떤 선택을 하실 건가요? - 당신은 현재 내년초 대리승진이 확정적입니다. 대리승진 후에는 상당 부분의 의사결정 권한과 폭넓은 업무경험으로 해당 직무 전문가로 성장 가능성이 매우 높습니다. 그런데 마침 당신이 꼭 가고 싶었던 국가의 해외전문가 교육과정 공모가 진행 중입니다. 6개월 교육 후 최종 선발을 하는데 최종 선발 경쟁이 매우 치열합니다. 해당 교육과정에 참여할 경우 승진이 불투명해 진다면 당신은 어떤 선택을 하겠으며, 그 이유는 무엇인가요?"
1956,5,"CJ푸드빌 브랜드 중 경쟁력이 가장 크다고 생각하는 브랜드를 선택해 아래 문항에 대해 기술해주세요. (1,000자 이내) ① 해당 브랜드를 선택한 이유 ② 선택한 브랜드가 앞으로 나아가야 할 방향 혹은 전략 ③ 해당 브랜드의 성장에 도움이 될 것으로 생각되는 본인만의 역량과 구체적인 경험을 작성해주세요."
1957,5,"한국지역난방공사의 핵심가치는 ‘도전, 열정, 상생’입니다. 본인의 지식과 경험에 기반하여 기술하여 주시기 바랍니다."
1958,5,그러한 핵심가치를 선정한 이유는 무엇입니까? 공사의 사업 경영상황 등과 연계하여 기술하여 주십시오
1959,5,그러한 핵심가치를 기반으로 지역난방공사에서 성장하기 위한 포부를 구체적으로 기술하십시오
1960,5,"최근 6개월 내 재단과 관련된 소식(언론매체, 소식지, 홈페이지 등) 중 한 가지를 선정하여 그 내용이 재단의 운영 또는 발전방향에 대해 갖는 의의와 그에 대한 본인의 생각을 기술하여 주십시오."
1961,5,JTBC가 글로벌 최고의 프로덕션 하우스가 되려면 현재 회사에 필요한 역량이 무엇일지 기술하세요. (1000자)
1962,5,"언제, 어떤 계기를 통해 대우건설(or 건설업)에 관심을 갖게 되었으며, 이후 대우건설(or 건설업)에 대한 이해도를 높이기 위해 구체적으로 어떤 노력을 해 왔는지 작성해 주시기 바랍니다. [700자 이내]"
1963,5,"한국지역난방공사의 핵심가치는 “도전, 열정, 상생”입니다. 본인의 지식과 경험에 기반 하여 기술하여 주시기 바랍니다."
1964,5,정직함에 대하여 D[작은 원칙도 지키는 사람]
1965,5,"자신의 1년 후, 5년 후, 10년 후 계획을 구체적으로 기술해 주세요."
1966,5,도레이첨단소재와 함께 당신이 이루고 싶은 꿈은 무엇입니까?(500자 이내)
1967,5,마이다스 아이티가 지금의 성장을 이룬 바탕이 무엇이라고 생각하는지 서술하여 주십시오
1968,5,최근 사회이슈 중 중요하다고 생각되는 한가지를 선택하고 이에 관한 자신의 견해 기술
1969,5,마이스터 사업부문이 당신을 채용해야만 하는 3가지 이유에 대하여 서술해 주십시오. [400자]
1970,5,"CJ CGV에서 시도된 마케팅 혹은 서비스를 한 가지 작성하고, 그에 대한 평가와 개선 방안을 작성해 주세요. ①기억에 남는 마케팅 혹은 서비스 ② ①에 대한 개인적인 평가 ③개선 방안 을 반드시 포함하여 구체적으로 작성해 주세요"
1971,5,OCI머티리얼즈 지원동기
1972,5,품질관리 직무 지원동기
1973,5,당사의 핵심가치 중 본인의 가치와 가장 부합하는 것을 하나 선택하고 그에 대한 경험 또는 사연을 기술하시오. [ 500자 이내 ]
1974,5,해운업과 IT는 어떠한 관계가 있는지 본인의 생각을 기술하여 주십시오. [공백포함 500자 이내]
1975,5,"귀하가 SK텔링크의 비즈니스와 조직에 대한 모든 책임을 가진 CEO라고 가정하고, CEO로서 임직원들에게 제시할 경영방침을 3가지 들고 그 이유를 구체적으로 설명해 주시기 바랍니다."
1976,5,"최근의 다양한 경영환경 변화 중에 기업들이 특히 중요시해야 할 것을 3가지 제시하고, 귀하가 생각하는 `좋은 회사`란 이러한 경영환경 변화를 감안하여 어떤 모습이 되어야 하는지 구체적으로 설명해주시기 바랍니다."
1977,5,농산물수출의 포부와 계획 [200byte 이상 1200byte 이내]
1978,5,"귀하가 회사를 선택하는 기준은 무엇이며, 왜 그 기준에 AMOREPACIFIC이 적합한지 기술하시오.(800자)"
1979,5,"아모레퍼시픽 그룹은 아름다움으로 세상을 변화시키겠다는 특별한 소명을 가지고 있습니다. 세상을 변화시키는 아름다움이 왜 필요한지 정의하고, 입사한다면 이러한 소명을 어떻게 실현 할 수 있을지 기술하시오.(600자)"
1980,5,아모레퍼시픽을 통하여 귀하가 이루고자 하는 비젼(꿈)은 무엇입니까?(600자)
1981,5,개발자가 갖추어야 할 기본소양
1982,5,당사의 기업가치와 얼마나 부합하는지 설명해주세요
1983,5,본인의 10년 후 계획에 대하여
1984,5,신한카드는 ( ) 이다. 지원자님이 생각하는 신한카드는? (1000 Bytes 이내)
1985,5,KOGAS에서 중요하게 생각하는 인재상은 다음과 같습니다.
1986,5,"공사업무 중 업무효율성 제고, 대국민 서비스품질 강화 등을 위해 개선의 여지가 있는 업무 1가지를 선정하고, 그 이유와 개선방안을 제시하시오."
1987,5,"코레일유통에서 운영 중인 매장(편의점, 전문점, 자판기 등)에 대하여 본인의 방문소감이나 느낀점, 제안 등을 작성하여 주십시오."
1988,5,자신에게 있어 건설 기술전문가의 의미에 대해 기술해 주십시오.
1989,5,"본인이 생각하는 보험이란 무엇이며, 타사와 달리 동부생명이 나아가야 할 모습을 기술하십시오."
1990,5,"지원자께서 한국민속촌의 이미지를 정의하고, 민속촌이 국내 브랜드를 넘어 “글로벌 테마파크”로 나아가기 위해 추가하고 싶은 이미지는 무엇입니까?(300자)"
1991,5,"한국지역난방공사의 핵심가치는 “도전, 열정, 상생”입니다. 본인의 지식과 경험에 기반하여 기술하여 주시기 바랍니다."
1992,5,최근 5년 이내에 플랫폼 컴퍼니가 시행한 마케팅 활동 중 1개를 골라 한계점을 분석하고 대안을 제시하십시오. -선택한 마케팅 활동을 구체적으로 언급할 것 -대안을 상세하게 서술할 것 (700 자 10 단락 이내)
1993,5,"빙그레의 인재상에 비춰볼 때, 본인은 어떤 유형의 인재라고 생각하는지 구체적 사례를 들어 기술해주십시오 (400자)"
1994,5,"향후 빙그레의 비전을 하나의 키워드로 제시하고, 그렇게 생각한 이유와 본인이 어떻게 기여할 수 있을지를 기술해 주십시오 (400자)"
1995,5,"5년 후, 10년 후 Career Plan 및 달성 방법에 대해 기술하십시오.[500자]"
1996,5,"GS글로벌은 `혁신`, `돌파`, `배려`라는 3가지의 핵심가치를 가지고 있습니다. 이중 한가지를 선택하여 중요성을 설명하고, 입사 후 어떻게 그 가치를 실현할 수 있을지에 대해 기술해 주시기 바랍니다."
1997,5,[조직이해능력] 현재 우리공단은 국정과제를 수행하고 있다. 국정과제를 통해 공단의 위상과 이미지를 제고시키기 위해서는 먼저 공단조직에 대한 내외부 환경분석이 필요하다. 어떻게 환경분석을 할 것인지 설명하십시오. [300자 이상 400자 이내]
1998,5,"[문제해결능력] 우리공단 전산시스템이 외부로부터 해킹을 당해 정보유출이 발생하였다면 재발방지를 위해 어떤 조치를 취할 것인지, 그리고 유출된 정보를 어떻게 회수 할 수 있는지 설명하십시오. [400자 이상 500자 이내]"
1999,5,[직업윤리] 직장인으로서의 직업윤리가 왜 중요한지 본인의 가치관을 중심으로 설명하십시오. [300자 이상 400자 이내]
2000,5,"기타(자유롭게 기술) 예시) NCS기반 능력중심채용에 대한 본인의 생각, 공단사업 개선을 위한 제언 등 [300자 이상 400자 이내]"
2001,5,"KOGAS에서 중요하게 생각하는 인재상은 다음과 같습니다. · 미래에 도전하고 변화를 선도하는 사람 · 믿고 협력하여 공동의 성공을 실현하는 사람 · 자기분야의 최고를 추구하는 사람 세 가지 인재상 중 자신과 가장 부합된다고 생각하는 인재상을 하나 선택하여, 구체적인 사례를 포함하여 그렇게 생각하는 이유를 기술하여 주십시오."
2002,5,새마을금고중앙회를 3개의 다른 단어로 표현해 주세요. [20자]
2003,5,직업을 선택할 때 가장 중요하게 생각하는 가치를 기술해 주세요. [300자]
2004,5,귀하가 회사를 선택하는 기준은 무엇이며 왜 그 기준에 AMOREPACIFIC이 적합한지 기술하시오. (800자)
2005,5,AMOREPACIFIC을 통하여 귀하가 이루고자 하는 `비전(꿈)`은 무엇인지 기술하시오. (600자)
2006,5,"아래 항목 중 본인이 중요하게 생각하는 항목을 우선순위로 나열하고, 최우선 항목을 선택한 이유를 경험을 바탕으로 서술해 주십시오."
2007,5,NCS 직무능력기술서
2008,5,어떤 관점에서 그것이 새로운 방식이나 독특한 아이디어라고 할 수 있습니까?
2009,5,우리 공단의 존재 이유에 대해 생각해보시기 바랍니다.
2010,5,귀하에게 행복의 조건과 하루 중 가장 의미 있는 시간을 약술하십시오.
2011,5,"KB국민은행의 핵심가치 중, 본인을 나타내는 가치와 관련 경험을 서술하십시오."
2012,5,"향후 5년 후 본인의 모습에 대해서 구체적으로 기술하고, 5년 후 모습에 이르기 위해서 어떤 노력을 할 예정인지 구체적으로 작성하시오.Planning Director 2021 ICT 산업전망컨퍼런스"
2013,5,"100세 시대를 맞이하여 노후준비에 대한 중요성이 강조되고 있습니다. 특히, 국민연금은 노후를 대비하는 가장 중요한 수단으로 젊을 때부터 차곡차곡 준비해 나가야 합니다. 국민연금 제도가 가지는 특징 등을 고려하여 제도의 필요성에 대한 자신의 생각을 기술해 주시기 바랍니다. [500자~700자]"
2014,5,인생에서 가장 중요하다고 생각하는 것
2015,5,베스트 로그라인 선택 _ 2번
2016,5,워스트 로그라인 선택 _ 3번
2017,5,2015년 개봉작 중 가장 좋아하는 영화 3편은?
2018,5,더불어민주당에 대한 이해
2019,5,귀하가 회사를 선택하는 기준은 무엇이며 왜 그 기준에 INNISFREE가 적합한지 기술하시오. (최대 800자 최소 100자)
2020,5,이니스프리를 통하여 귀하가 이루고자 하는 비젼(꿈)은 무엇입니까?
2021,5,당사가 지닌 가장 탁월한 경쟁력은 무엇이라고 생각하십니까?[500자]
2022,5,"최근 IT업계는 각종 정책 및 다양한 신규 기술의 유입 등으로 경쟁이 심화되고 급변하고 있습니다. 시장에서 한화S&C 의 기술적 장/단점을 기술하고, 향후 Global ICT Leader로서 성장하기 위한 전략에 대해 기술하세요. (1000자)"
2023,5,"[정직소신력 및 조직이해] 한국지역난방공사의 핵심가치는 “도전, 열정, 상생”입니다. 본인의 지식과 경험에 기반하여 기술하여 주시기 바랍니다."
2024,5,자신의 전공 또는 자신이 가지고 있는 취미나 다양한 활동들을 기존과는 다르게 타 분야의 영역과 연결하여 다양한 방식으로 사고하고 일을 진행해 나간 사례가 있다면 이야기해 주십시오. (진흥원의 주요 기능 - 융합) [6000자]
2025,5,"아래 항목 중 본인이 중요하게 생각하는 항목을 우선순위로 나열하고, 최우선 항목을 선택한 이유를 경험을 바탕으로 서술해 주십시오. [ ①열정 ②배려 ③성취 ④성실 ] [1000 자]"
2026,5,귀하가 회사를 선택하는 기준은 무엇이며 왜 그 기준에 에스트라가 적합한지 기술하시오
2027,5,아모레퍼시픽 그룹은 아룸다움으로 세상을 변화시키겠다는 특별한 소명을 가지고 있습니다. 세상을 변화시키는 `아름다움이 왜 필요한지 정의`하고 입사한다면 이러한 소명을 어떻게 실현 할 수 있을지 기술하시오
2028,5,에스트라를 통하여 귀하가 우리고자 하는 비전(꿈)은 무엇입니까
2029,5,"데상트코리아의 Core Value(DECA)중, 본인의 경험을 통해 가장 공감하는 항목을 1가지 선택하고 그 이유 및 사례를 기술하십시오. * [100자 이상 400자 이내]"
2030,5,자신감 있는 런칭 시도가 175만 원을 만들다
2031,5,삼성중공업 Essay 자유서술 (2000자 이내)
2032,5,좋은 영업자는 매출을 올리는 것 외에 회사의 여러 조직에 좋은 영향을 줄 수 있습니다. 좋은 영업자가 회사의 여러 조직에 줄 수 있는 좋은 영향이 어떤 것인지 당신의 생각을 서술하십시오.
2033,5,한국연구재단의 전문성 강화 방안
2034,5,고객과의 신뢰 형성&#8231;유지 방안
2035,5,직무수행을 위한 태도
2036,5,"최근 일어난 사회 이슈중에서 중요하다고 생각되는 한가지를 제시하고, 이에 관한 자신의 견해를 자유롭게 기술하시오."
2037,5,2015년도 이후 출시된 당사의 제품 中 한 가지를 선택하여 경쟁사 대비 강점 및 보완점을 기술해 주십시오.
2038,5,최근 사회이슈 중 중요하다고 생각되는 한가지를 선택하고 이에관한 자신의 견해를 기술해 주시기 바랍니다.(1000자 이내)
2039,5,인근 세븐일레븐 점포 방문 후 그 후기
2040,5,주 코리아세븐이 본인을 채용해야 하는 이유를 3가지로 설명하시오
2041,5,만약 당신에게 초능력이 한 가지 주어진다면 어떤 능력을 선택하실 건가요? 또 그 능력을 활용해 어떤 일을 해보고 싶나요?
2042,5,"당신이 현재 피키캐스트의 ceo라고 가정해보고, 피키캐스트란 무엇인지 그리고 이 회사를 어떻게 발전시킬 것인지에 대해 설명해주세요."
2043,5,본인의 고객이라면 누구를 말하고 고객만족을 위해 어떻게 행동하는지를 기술해 주시기 바랍니다.
2044,5,KOGAS에서 중요하게 생각하는 인재상은 다음과 같습니다.(1000자 이내)
2045,5,서울메트로가 본인을 뽑아야 하는 세가지 이유를 설명하여 주십시오.
2046,5,본인이 서울메트로에서 이루고 싶은 목표 3가지를 구체적으로 기술해 주십시오.
2047,5,"도시철도 운영회사로서 서울메트로가 다른 공사,회사에 비해 잘 하고 있는 점과 개선되어야 할 점을 비교,설명하여 주십시오."
2048,5,본인이 위에서 기술한 잘 안되고 있는 점을 개선하기 위한 방안은 무엇입니까?
2049,5,서울메트로에 근무시 예상되는 어려운 점과 극복할 수 있는 본인만의 방법은 무엇입니까?
2050,5,자신이 생각하는 주택도시보증공사의 이미지는 어떻습니까? 그 이미지는 어떻게 만들어 졌는지 본인의 경험을 토대로 설명하여 주십시오.
2051,5,직장인으로서의 직업윤리의 대한 중요성에 대하여 본인의 가치관을 중심으로 말씀해 주십시오.
2052,5,공직윤리(1000자) 공직자로서 직업윤리가 왜 중요한지 본인의 가치관을 중심으로 작성하여 주십시오.
2053,5,귀하가 우리 사회 또는 한전에 대해 변화가 필요하다고 느끼는 사항은 무엇입니까?
2054,5,"사회활동:글로벌테마파크를만들기위해필요한역량은무엇이고,이러한점을갖추기위해그동안의경험을기술해주십시오."
2055,5,KDB대우증권을 선택한 이유와 당사가 추구하는 `독보적 PB 하우스`에 자신이 기여할 방안에 대하여 서술해 주시기 바랍니다.
2056,5,[ Why IBM? ] 한국 IBM이 본인에게 왜 최적의 회사인지 본인의 비전 및 직업관과 연계하여 기술하시오.
2057,5,"[Made with IBM] IBM의 성장사업인 CAMSS 중 하나의 솔루션을 선택하여, 고객에게 IBM 만의 차별화된 Value를 전달하기 위한 전략을 기술하시오."
2058,5,"회사를 선택하는 기준은 무엇이며 왜 그 기준에 LG생활건강이 적합한지 기술해 주십시오. (1,000자 이내)"
2059,5,현대제철 자동차그룹의 핵심가치 중 한가지를 선택하여 자신을 PR하여 주십시오.(500자)
2060,5,"언제, 어떤 계기를 통해 대우건설(or 건설업)에 관심을 갖게 되었으며, 이후 대우건설(or 건설업)에 대한 이해도를 높이기 위해 구체적으로 어떤 노력을 해왔는지 작성해 주시기 바랍니다. [700자]"
2061,5,"당사가 운영하고 있는 해외현장 중 한 곳으로 배치 받는다면 어느 현장(국가)를 희망하며 이유는 무엇인지, 본인이 그곳에 적응하기 위해 필요한 역량들을 어떻게 갖추고 있는지를 객관적 증거를 들어 작성해 주시기 바랍니다. [700자]"
2062,5,"신한은행을 한마디로 표현한다면 ‘신한은행은 OOO 이다.” [작성 방법] 신한은행을 한마디로 표현 후, 부연 설명을 3줄 이내로 해주세요.[200자 이내]"
2063,5,2015년도 이후 출시된 당사의 제품 中 한 가지를 선택하여/ 경쟁사 대비 강점 및 보완점을 기술해 주십시오.
2064,5,"입사지원 시 고려하는 기업의 이미지를 채용브랜드라고 한다면, 신한은행 채용브랜드의 강점과 약점은 무엇인지 기술하고 채용브랜드 강화를 위한 당신만의 멋진 아이디어를 제안해 보세요.[총 500자 이내 분량, 1000Byte]"
2065,5,"*[카드업 특화] * 선택문항, 택 1① 2030세대를 위해 제안하고 싶은 카드 상품이나 마케팅/홍보 방안에 대해 이야기해 보십시오.② 신한카드 광고(TV, 지면 광고 등)에 대해 평가 해보시고, 새로운 광고컨셉 또는 아이디어에 대해 이야기해 보십시오."
2066,5,"< IT/정보보호 >본인이 평소 IT 분야에서 가장 관심을 갖고 있던 부분과 그 이유는 무엇입니까?또한, 본인이 보유한 IT 역량에 대하여 기술하여 주시기 바랍니다.(3000자이내)"
2067,5,"아모레퍼시픽 그룹은 아름다움으로 세상을 변화시키겠다는 특별한 소명을 가지고 있습니다. 세상을 변화시키는 `아름다움이 왜 필요한지 정의`하고, 입사한다면 이러한 소명을 어떻게 실현 할 수 있을지 기술하시오."
2068,5,AMOREPACIFIC을 통하여 귀하가 이루고자 하는 `비전(꿈)`은 무엇인지 기술하시오.
2069,5,"Food Sales 직무를 수행함에 있어서 예상되는 어려움을 작성하고, 그에 대한 본인만의 해결책을 제시해주세요. (1000자 이내)"
2070,5,자주 방문하는 사이트
2071,5,나에게 있어 직장의 의미
2072,5,지금까지 살아오면서 이것만은 반드시 지켜야 한다고 생각해 온 본인의 신념이나 가치관은 무엇입니까?
2073,5,"제주국제자유도시개발센터가 국가에 기여하고 있는 바를 아는 대로 설명하고, 향후 새롭게 개발하면 좋을 사업을 현실성 있게 기술해 주십시오."
2074,5,최근 일어난 사회 이슈중에서 한가지를 제시하고 이에 관한 자신의 견해를 자유롭게 기술하시오.
2075,5,직장생활에서 예상되는 어려움
2076,5,[하림그룹]이 성장을 이룬 바탕이 무엇이라고 생각하는지 기술하여 주십시오.
2077,5,"보기 중 본인이 가장 중요하게 생각하는 항목을 우선순위로 나열하고, 최우선항목에 대해 선택이유를 사례를 들어 설명하시오. (1000자)"
2078,5,B2B 솔루션 분야에 있어서 왜 본인이 적임자인지 제시하십시오.
2079,5,"최근의 다양한 경영환경 변화 중에 기업들이 특히 중요시해야 할 것을 3가지 제시하고, 귀하가 생각하는 `좋은 회사`란 이러한 경영환경 변화를 감안하여 어떤 모습이 되어야 하는지 구체적으로 설명해주시기 바랍니다. (1000 자 10 단락 이내)"
2080,5,즐겨 찾는 인터넷 사이트와 그 이유를 설명해 주십시오
2081,5,귀하가 우리 사회 또는 한전에 대해 변화가 필요하다고 느끼는 사항은 무엇입니까? 그 문제에 대해 창의적인 방법을 통해 개선을 이루어 낼 수 있는 아이디어가 있다면 구체적으로 기술하여 주십시오. (450자 이내)
2082,5,"데상트코리아의 core value중, 본인의 경험을 통해 가장 공감하는 항목을 1가지 선택하고 그 이유 및 사례를 기술하십시오."
2083,5,"웨어러블 기기 시장이 빠르게 팽창하고 있는 가운데 시장 우위를 선점하기 위한 경쟁이 치열합니다. 웨어러블 기기內 헬스케어 기능의 미래 모습을 제시하고, 가장 중요하다고 판단되는 고객층을 선정하여 이를 홍보하기 위한 효과적인 마케팅 전략을 함께 기술하시기 바랍니다. (1500자)"
2084,5,"본인이 회사를 선택하는 기준은 무엇이며, 당사가 그 기준에 어떻게 부합하는지 기술하시오. -회사 현황을 단순히 나열하지 말고 본인의 생각을 중심으로 작성하시오. (800자)"
2085,5,지원동기 : 중요사항을 중심으로 간략히 기재 (15줄/ 1500바이트)
2086,5,"LG이노텍 핵심가치 (새로운 시도, 앞선 실행, 완벽추구) 에 연관하여 본인의 강점 및 경험을 구체적으로 기술해 주십시오."
2087,5,한국산업단지공단 지원동기를 기술해 주시기 바랍니다. (700자)
2088,5,"빙그레의 인재상에 비춰볼 때, 본인은 어떤 유형의 인재라고 생각하는지 구체적 사례를 들어 기술해주십시오. (400자)"
2089,5,"향후 빙그레의 비전을 하나의 키워드로 제시하고, 그렇게 생각한 이유와 본인이 어떻게 기여할 수 있을지를 기술해 주십시오. (400자)"
2090,5,회사를 선택하는 기준은 무엇이며 왜 그 기준에 AMOREPACIFIC이 적합한지 기술하시오. (최대 800 최소 100)
2091,5,"아모레퍼시픽 그룹은 아름다움으로 세상을 변화시키겠다는 특별한 소명을 가지고 있습니다. 세상을 변화시키는 `아름다움이 왜 필요한지 정의`하고, 입사한다면 이러한 소명을 어떻게 실현 할 수 있을지 기술하시오. (최대 600 최소 100)"
2092,5,아모레퍼시픽을 통하여 귀하가 이루고자 하는 비젼(꿈)은 무엇입니까? (최대 600 최소 100)
2093,5,회사생활에 있어 가장 중요하다고 생각하는 원칙과 그 이유(500자 이내)
2094,5,"5년 후의 미래를 예측하여, CGV 홍보기사를 작성해 주세요. ① CGV 강점 (특화관, 기술력 등), ② 5년 후 CGV의 모습을 반드시 포함하여 구체적으로 작성해 주세요 (1000자)"
2095,5,귀하의 비전/목표를 기술하여 주십시오.
2096,5,NH농협은행의 성장방향을 제시하고 나는 입사 후 어떤 VISION으로 이를 달성할 것인지 구체적으로 기술하시오
2097,5,[현대자동차 재경직무 지원동기]
2098,5,[제가 재경 직무에 적합한 이유]
2099,5,현대제철 자동차그룹의 핵심가치 중 한가지를 선택하여 자신을 PR하여 주십시오. (500자)
2100,5,"귀하가 회사를 선택하는 기준은 무엇이며, 왜 그 기준에 AMOREPACIFIC이 적합한지 기술하시오 (최대 800자)"
2101,5,"아모레퍼시픽 그룹은 아름다움으로 세상을 변화시키겠다는 특별한 소명을 가지고 있습니다. 세상을 변화시키는 ‘아름다움이 왜 필요한지 정의’하고, 입사한다면 이러한 소명을 어떻게 실현할 수 있을지 기술하시오 (600자)."
2102,5,아모레퍼시픽을 통하여 귀하가 이루고자 하는 비젼(꿈)은 무엇입니까 (600자).
2103,5,"언제, 어떤 계기를 통해 대우건설(or 건설업)에 관심을 갖게 되었으며, 이후 대우건설(or 건설업)에 대한 이해도를 높이기 위해 구체적으로 어떤 노력을 해 왔는지 작성해 주시기 바랍니다. (700자)"
2104,5,현대백화점그룹이 지향하는 6 가지 중요한 핵심가치 와 부합하는 업적 또는 경험 (500자)
2105,5,"광고시장에서 CJ E&M의 경쟁사는 어디라고 생각하나요? 경쟁사에 대해 설명하고, 그렇게 생각하는 이유에 대해 기술해 주세요. (1000자)"
2106,5,"CJ E&M 방송 프로그램에서 영상미술의 역할이 무엇이라고 생각하며, CJ E&M에서 향후 영상미술이 나아갈 방향에 대해 자유롭게 기술해 주세요. (1000자)"
2107,5,"입사 후 5년, 그리고 10년 후의 목표와 모습에 대해 설명하고, 이를 위해 자신의 강/약점을 어떻게 개선/보완할 지에 대해 기술하십시오."
2108,5,"LG생활건강도 요우커를 단순 중국인 소비자가 아닌 핵심 내수고객으로 인식하고 영업전략을 수립하여 이를 전개하고 있는 상황입니다. 이같은 상황에서, LG생활건강의 영업사원으로서 하나의 유통채널과 하나의 브랜드를 선택하여 요우커를 공략할 수 있는 (LG생활건강의) 영업전략 및 실행방안을 작성해주시기 바랍니다."
2109,5,"아모레퍼시픽 그룹은 아름다움으로 세상을 변화시키겠다는 특별한 소명을 가지고 있습니다. 세상을 변하시키는 ‘아름다움이 왜 필요한지 정의’하고, 입사한다면 이러한 소명을 어떻게 실현할 수 있을지 기술하시오."
2110,5,AMOREPACIFIC을 통하여 귀하가 이루고자 하는 ‘비전(꿈)’은 무엇인지 기술하시오.
2111,5,학교에서 습득한 전공 또는 기타 지식을 연계. 활용하여 최근 한전이 직면하고 있는 현안과 문제를 개선 또는 해결할 수 있는 방안을 기술하여 주십시오. (500자)
2112,5,"본인이 회사를 선택할 때의 기준은 무엇이며, 왜 현대자동차가 그 기준에 적합한지를 기술해주십시오."
2113,5,"데상트코리아의 Core Value(DECA)중, 본인의 경험을 통해 가장 공감하는 항목을 1가지 선택하고 그 이유 및 사례를 기술하십시오."
2114,5,귀하가 회사를 선택하는 기준은 무엇이며 왜 그 기준에 INNISFREE가 적합한지 기술하시오.
2115,5,여러분이 CJ CGV 및 Multiplex Manager에 지원한 동기는 무엇인가요?
2116,5,"여러분이 수행하거나 경험했던 최고/최악의 서비스를 한가지씩 작성하고, 그 이유를 작성해 주세요. ①본인이 수행하거나 경험했던 최고의 서비스사례와 그 이유, ②본인이 수행하거나 경험했던 최악의 서비스 사례와 그 이유, ③본인이라면 어떤 서비스를 제공했을 지에 대해 구체적으로 작성해 주세요.(1000자)"
2117,5,"여러분이 고객의 입장에서 CJ CGV가 개선해야 할 점 한가지를 작성하고, 이를 해결하기 위한 아이디어를 제안해주세요. ①CJ CGV가 개선해야할 점과 그 이유, ②이를 해결할 수 있는 아이디어를 구체적으로 작성해주세요. (1000자)"
2118,5,현대자동차그룹의 5대 핵심가치 중에서 귀하가 가장 인상 깊게 경험한 사례 한 가지를 소개바랍니다. (글로벌 지향)
2119,5,"여러분이 CJ CGV 및 Multiplex Manager에 지원한 동기는 무엇인가요? ① CJ CGV 아니면 안되는 이유, ② Multiplex Manager에 관심 갖게 된 계기, ③ Multiplex Manager 업무를 잘 수행할 수 있는 이유 를 반드시 포함하여 구체적으로 작성해 주세요. (1000자)"
2120,5,"여러분이 고객의 입장에서 CJ CGV가 개선해야 할 점 한가지를 작성하고, 이를 해결하기 위한 아이디어를 제안해주세요. ① CJ CGV가 개선해야 할 점과 그 이유, ② 이를 해결할 수 있는 아이디어를 구체적으로 작성해주세요. (1000자)"
2121,5,최근 사회이슈 중 중요하다고 생각되는 한가지를 선택하고 이에 관한 자신의 견해를 기술해주시기 바랍니다. (1000자 이내)
2122,5,이루고 싶은 인생의 비전/목표 3가지 (우선순위 순)
2123,5,한국남부발전에서 변화와 혁신이 필요하다가 생각하는 분야가 있으면 기술해 주십시오.
2124,5,한국 IBM이 본인에게 왜 최적의 회사인지 설명해주십시오. 나의 비전 및 직업관과 연계하여 작성하시기 바랍니다.
2125,5,현대건설에 있어 개선 및 보완이 필요한 부분이 무엇인지 기술하여 주시기 바랍니다.
2126,5,국민연금공단에 대한 긍정적 인식을 제고하기 위한 방안을 제시해보시오.
2127,5,[실행 방안 수립] (200자 이내) 어떤 점에 착안하여 조직 차원의 실행 방안을 고민하였습니까?
2128,5,[전략적 일 처리] (400자 이내) 효율적으로 해결안을 도출하기 위하여 어떻게 일을 처리하였습니까?
2129,5,본인의 비전(공사에서의 비전 포함)에 대해 작성해 주십시오.
2130,5,"LG이노텍의 세 가지 핵심가치(새로운 시도, 앞선 실행, 완벽추구) 중 하나를 선택하여 이를 실천한 본인의 성공 또는 실패 사례를 기술해주십시오."
2131,5,귀하가 우리 사회 또는 한전에 대해 변화가 필요하다고 느끼는 사항은 무엇입니까? 그 문제에 대해 창의적인 방법을 통해 개선을 이루어낼 수 있는 아이디어가 있다면 구체적으로 기술하여 주십시오.
2132,5,NH농협은행의 성장방향을 제시하고 나는 입사 후 어떤 VISION으로 이를 달성할 것인지 구체적으로 기술하시오.
2133,5,"대학시절 가장 열정을 갖고 참석한 수업 5가지를 나열하고, 그 중 입사 후 가장 도움이 될 것 같은 수업 한가지를 골라 이유를 적어주십시오. (500자)"
2134,5,"아모레퍼시픽 그룹은 아름다움으로 세상을 변화시키겠다는 특별한 소명을 가지고 있습니다. 세상을 변화시키는 `아름다움이 왜 필요한지 정의`하고, 입사한다면 이러한 소명을 어떻게 실현 할 수 있을지 기술하시오. (600자)"
2135,5,아모레퍼시픽을 통하여 귀하가 이루고자 하는 비젼(꿈)은 무엇입니까? (600자)
2136,5,본인이 생각하는 포스코의 기업이미지와 포스코를 지원한 이유를 기술하시오 (600자 이내)
2137,5,최근 가장 관심을 가진 사회적 이슈는 무엇이며 해당 이슈에 대한 본인의 의견을 기술하시오 (600자 이내)
2138,5,"웨어러블 기기 시장이 빠르게 팽창하고 있는 가운데 시장 우위를 선점하기 위한 경쟁이 치열합니다. 웨어러블 기기內 헬스케어 기능의 미래 모습을 제시하고, 가장 중요하다고 판단되는 고객층을 선정하여, 이를 홍보하기 위한 효과적인 마케팅 전략을 함께 기술하시기 바랍니다. (1500자 이내)"
2139,5,한국타이어에서 성취하고자 하는 비전과 목표에 대하여 작성해 주십시오. [ 100자 이상 500자 이내]
2140,5,"본인이 우리회사에 기여할 수 있는 것이 무엇이고, 본인이 우리회사에 기대하는 것은 무엇인지 기술하세요"
2141,5,"향후 5년 후 본인의 모습에 대해서 구체적으로 기술하고, 5년 후 모습에 이르기 위해서 어떤 노력을 할 예정인지 구체적으로 작성하세요."
2142,5,직장을 선택함에 있어서 중요하게 생각하는 점과 KDB대우증권을 선택한 이유를 서술하시오.
2143,5,본인이 타인에게 제공한 최고의 `서비스`에 대해 쓰고 이를 KDB대우증권에서 적용할 수 있는 방안에 대해 서술하시오
2144,5,"CJ푸드빌의 외식業에 맞는 인재상을 정립해보고 아래 질문에 답해주세요. (1,000자) ① 본인이 생각하는 CJ푸드빌의 인재상을 만들고 ② 그렇게 작성한 이유를 설명해 주세요. ③ 만든 인재상과 본인이 부합하는 인물이라는 근거를 구체적인 사례를 들어 기술해 주세요"
2145,5,자신이 생각하는 사회생활의 가장 바람직한 모습
2146,5,대홍기획의 VISION속에서 본인이 어떻게 기여할 수 있는지 기술하시오.
2147,5,"아모레퍼시픽 그룹은 아름다움으로 세상을 변화시키겠다는 특별한 소명을 가지고 있습니다. 세상을 변화시키는 아름다움이 왜 필요한지 정의하고, 입사한다면 이러한 소명을 어떻게 실현 할 수 있을지 기술하시오."
2148,5,ETUDE를 통하여 귀하가 이루고자 하는 비전(꿈)은 무엇인지 기술하시오.
2149,5,옷을 구매할 때 자신에게 가장 중요한 3가지 요소와 쇼핑 습관
2150,5,현대자동차그룹의 핵심가치 중 한가지를 선택하여 자신을 PR하여 주십시오
2151,5,"본인이 외식 경영자로서 구현해보고 싶은 외식관련 비즈니스에 대해 구체적으로 기술해주세요. ① F&B 프랜차이즈Brand Concept, ② 본인의 비즈니스를설득할 수 있는 구체적인 내용 (선정사유, 예측성과 등) (1000자)"
2152,5,우리 공사 지원사유
2153,5,현대제철 자동차그룹의 핵심 가치 중 한 가지를 선택하여 자신을 PR하여 주십시오. (500자)
2154,5,현대자동차그룹의 핵심가치 중 한가지를 선택하여 자신을 PR하여 주십시오 [ 500자 이내 ]
2155,5,"한화생명 3대 핵심가치(도전, 헌신, 정도)에 비추어 본인의 어떠한 점이 한화생명에 적합하다고 생각하는지 구체적으로 기술해 주십시오.(500~700자)"
2156,5,본인을 이베이코리아 플랫폼(G마켓/옥션/G9) 내에서 판매되는 특정 카테고리/상품에 비유하여 자유롭게 표현하시오.
2157,5,이베이코리아(G마켓/옥션/G9)가 고객에게 더 좋은 온라인 쇼핑 경험을 제공하기 위한 아이디어를 구체적으로 제안하시오.
2158,5,[필수문항] 본인이 보유한 Programming Skill의 활용정도를 모두 적어주세요 [작성예시 : ① C - 2 ② Java - 2 ③ Linux 커맨드 및 개발환경 - 1 ④ Shell Scripting - 0 ⑤ Android - 2]
2159,5,"아모레퍼시픽 그룹은 아름다움으로 세상을 변화시키겠다는 특별한 소명을 가지고 있습니 다. 세상을 변화시키는 `아름다움이 왜 필요한지 정의`하고, 입사한다면 이러한 소명을 어떻게 실현 할 수 있을지 기술하시오. (600자)"
2160,5,"본인이 생각하는 한전KDN이라는 조직의 역할과 책임은 무엇이며, 한전KDN 직원이 되었을 때 조직의 가치창출에 어떠한 기여를 할 수 있는지 또는 어떻게 기여를 할 것인지에 대해 본인의 경험에 기초로 설명하여 주시기 바랍니다. (250자 이상, 500자 이내)"
2161,5,"직장인으로서 특히 공공기관 직원으로서 윤리의식이 왜 중요한지 본인의 가치를 중심으로 기술하여 주시기 바랍니다. (250자 이상, 500자 이내)"
2162,5,국민연금 제도가 가지는 특징 등을 고려하여 제도의 필요성에 대한 자신의 생각을 기술
2163,5,귀하가 회사를 선택하는 기준과 왜 그 기준에 INNISFREE이 적합한지 기술하시오. (800자)
2164,5,이니스프리를 통하여 귀하가 이루고자 하는 비젼(꿈)은 무엇입니까? (600자)
2165,5,한국무역협회는 무역증진 및 업계 애로 해소를 위해 다양한 지원사업을 수행하고 있습니다. 협회 입사후 담당하고 싶은 사업 1가지를 선정하여 그 이유와 기존 해당 사업의 개선해야 할 점을 설명해주세요. [ 600자 이내]
2166,5,서울메트로가 본인을 뽑아야 하는 세가지 이유를 설명하여 주십시오
2167,5,본인이 서울메트로에서 이루고 싶은 목표 3가지를 구체적으로 기술해 주십시오
2168,5,도시철도 운영회사로서 서울메트로가 다른 공사·회사에 비해 잘 하고 있는 점과 개선되어야 할 점을 비교·설명하여 주십시오
2169,5,"지금까지 기재한 내용을 제외하고, 데상트코리아가 당신을 채용하기 위해 꼭 알아야 할 사항이 있다면 적어주십시오. * [100자 이상 400자 이내]"
2170,5,"지원자가 현실과 타협하거나 편법을 사용하지 않고, 원칙대로 일을 처리하는 사람임을 잘 나타내는 최근의 사례를 기술해 주십시오"
2171,5,한국국토정보공사가 국민의 신뢰를 받을 수 있는 공기업이 되기 위해 중요하다고 생각하는 세가지를 기술해 주십시오
2172,5,"지원자가 공사의 직원이라면, 대한지적공사에서 한국국토정보공사로 사명이 변경됨에 따라 마음가짐이 어떻게 달라질 것이라 생각하는지 기술해 주십시오"
2173,5,근현대사 인물 중 귀하가 존경하는 인물과 그 이유는 무엇입니까?
2174,5,"귀하가 평소 관심을 가졌던 자동차 관련 기술/정보는 무엇이고, 특별히 제안하고 싶은 아이디어가 있다면 무엇입니까?"
2175,5,현대자동차그룹의 5대 핵심가치 중에서 귀하가 인상 깊게 경험한 사례 한 가지를 소개바랍니다.
2176,5,"아모레퍼시픽 그룹은 아름다움으로 세상을 변화시키겠다는 특별한 소명을 가지고 있습니다. 세상을 변화시키는 ‘아름다움이 왜 필요한지 정의‘하고, 입사한다면 이러한 소명을 어떻게 실현 할 수 있을지 기술하시오."
2177,5,AMOREPACIFIC을 통하여 귀하가 이루고자 하는 ‘비전(꿈)‘은 무엇인지 기술하시오.
2178,5,"KAMCO 및 지원분야에 관심을 가지게 된 계기는 무엇이며, 이를 위해 그 동안 어떠한 노력을 했는지 기술해 주십시오"
2179,5,넷마블의 현재 가장 큰 경쟁회사는 어디인지와 그 이유를 서술하시오.(500 Bytes)
2180,5,최근 변화하고 있는 금융시장 환경 속에서 SC은행이 추진하고 있는 Digital Main Bank에 대한 본인의 의견을 정보시스템/운영 측면에서 기술하여 주세요.
2181,5,회사생활에 있어 가장 중요하다고 생각하는 원칙과 그 이유
2182,5,삶을 통해 이루고 싶은 인생의 비전 또는 목표 3가지를 우선순위 순으로 적어주십시오
2183,5,당신의 미래를 위하여 당신의 노력들 기재
2184,5,"CJ 헬로비전의 서비스(상품) 중 가장 선호하는 것을 선정하여, 타사 유사 서비스(상품) 대비 강점 및 보완점을 기술하세요. (500자)"
2185,5,넷마블의 현재 가장 큰 경쟁회사는 어디인지와 그 이유를 서술하시오.
2186,5,서울메트로가 본인을 뽑아야 하는 세가지 이유를 설명하여 주십시오. [ 400자 이상 600자 이내 ]
2187,5,본인이 서울메트로에서 이루고 싶은 목표 3가지를 구체적으로 기술해 주십시오. [ 400자 이상 600자 이내 ]
2188,5,도시철도 운영회사로서 서울메트로가 다른 공사·회사에 비해 잘 하고 있는 점과 개선되어야 할 점을 비교·설명하여 주십시오. [ 400자 이상 600자 이내 ]
2189,5,본인이 위에서 기술한 잘 안되고 있는 점을 개선하기 위한 방안은 무엇입니까? [ 400자 이상 600자 이내 ]
2190,5,서울메트로에 근무시 예상되는 어려운 점과 극복할 수 있는 본인만의 방법은 무엇입니까? [ 400자 이상 600자 이내 ]
2191,5,한국타이어에서 성취하고자 하는 비전과 목표에 대하여 작성해 주십시오. [ 100자 이상 500자 이내 ]
2192,5,"[서비스 정신과 올바른 예절]본인이 경험한 최고의 서비스, 최악의 서비스에 대해 기술 하고, 그렇게 판단한 근거 및 사유에 대해 설명하시오.(600자 이내)"
2193,5,"[CS마인드] 남을 배려하고 친절하게 행동하는 것이 습관화되어 있으며, 낯선 사람에게도 쉽게 다가갈 수 있는 태도가 형성되어 있어 고객에게 편안함과 만족감을 줄 수 있는 정도"
2194,5,"[변화/혁신] 현실에 안주하지 않고 현재보다 더 나은 방향의 대안을 창출하고자 노력하며, 끊임없이 새로운 일에 도전해 나가는 정도"
2195,5,"사용해 본 프로그래밍 언어와 해당 언어를 사용하여 개발해 본 프로젝트 혹은 개발 산출물을 설명해 주세요. [프로젝트명(사용언어) - 한 줄 개요] 형식 작성 후, 부연 설명을 기재해 주세요. (필수)(600자)"
2196,5,Background
2197,5,Strength and weakness
2198,5,지원자가 생각하는 신한은행에 대해서 자유롭게 기술해 주세요. (2000 Bytes 이내)
2199,5,"본인이 생각하는 은행직무 중 가장 중요하다고 생각하는 것이 무엇인지 제시하고, 그 사유를 설명하여 주십시오."
2200,5,"본인이 가장 중요하게 생각하는 삶의 가치는 무엇이며, 그 가치를 실현하기 위한 현재까지의 노력에 대해 기술하여 주십시오."
2201,5,"본인이 생각하는 농협의 사회적 책임에 대해 설명하고, 입사 후 본인은 조직의 구성원으로서 농협이 사회적 책임을 수행하는데 어떠한 역할을 할 수 있는지 기술하여 주십시오."
2202,5,본인이 왜 신용보증기금에 꼭 필요한 인재인지 신보의 인재상*과 연계하여 설명해 주시기 바랍니다. (인재상) 공기업인으로서의 “기본인품”과 금융인으로서의 “성장자질”을 갖추고 신보의 미래가치를 창출해 나가는 인재
2203,5,최근 사회 이슈 중 가장 중요하다고 생각되는 한 가지 이슈와 본인의 견해를 서술하세요.(1000자)
2204,5,향후 10년 후 모습과 이를 위한 노력
2205,5,위 객관식 점수를 부여한 이유(기준)과 수준을 증명할 수 있는 내용을 적어주세요.
2206,5,10년 후 세계 석유화학산업은 어떠할 것이라고 전망하십니까? [400자 이내]
2207,5,직무수행을 위한 태도 (Attitude)
2208,5,진흥원의 주요 기능 - 융합
2209,5,진흥원의 주요 기능 - 창조
2210,5,진흥원의 주요 기능 - 개방
2211,5,우리공사 지원사유 (1300자)
2212,5,제2외국어 성적 및 기타 제2외국어 시험성적은 2012.1.1. 이후 응시하여 취득한 시험성적만 인정됨 제2외국어 종류/시험종류/시험일자/발급처/성적-해당사항 없는 경우 ˝해당사항없음˝ 기재 (400 byte 이내)
2213,5,선진이 지금까지 성장을 이룬 바탕이 무엇이라고 생각하는지 기술하여 주십시오.(공백포함 700자 이내)
2214,5,우리 회사기 귀하를 채용해야하는 이유 세가지
2215,5,물류에 대한 가치관 (600자)
2216,5,내가 쌍용양회를 선택한 이유는?
2217,5,쌍용양회가 나를 선택해야 하는 이유는?
2218,5,인생의 목표와 그 이유 200Bytes
2219,5,본인이 소중하게 생각하는 3가지 200Bytes
2220,5,현대제철 자동차그룹의 핵심가치 중 한 가지를 선택하여 자신을 PR하여 주십시오.(500자)
2221,5,"여신전문금융 필요역량, 노력한거"
2222,5,창의적인 사고와 도전정신
2223,5,한국무역협회는 무역증진 및 업계 애로 해소를 위해 다양한 지원사업을 수행하고 있습니다. 협회 입사후 담당하고 싶은 사업 1가지를 선정하여 그 이유와 기존 해당 사업의 개선해야 할 점을 설명해주세요.(600자)
2224,5,"여러분이 예상하는 2020년 문화 트렌드는 무엇인가요? ① 3개의 키워드를 적고, ② 그렇게 생각한 이유, ③ 지원한 직무에 접목해서 어떻게 활용할 수 있을지에 대해 구체적으로 작성해 주세요. (700자)"
2225,5,"당사 4대 핵심가치(소통, 신뢰, 열정, 혁신) 중 본인과 가장 잘 부합하는 가치와 그 이유를 기술해주시기 바랍니다."
2226,5,"본인이 생각하는 은행직무 중 가장 중요하다고 생각하는 것이 무엇인지 제시하고, 그 사유를 설명하여 주십시오.(700자)"
2227,5,"본인이 가장 중요하게 생각하는 삶의 가치는 무엇이며, 그 가치를 실현하기 위한 현재까지의 노력에 대해 기술하여 주십시오.(700자)"
2228,5,"본인이 생각하는 농협의 사회적 책임에 대해 설명하고, 입사 후 본인은 조직의 구성원으로서 농협이 사회적 책임을 수행하는데 어떠한 역할을 할 수 있는지 기술하여 주십시오.(700자)"
2229,5,"농협은행이 더욱 발전하기 위한 제안 한 가지, 그리고 면접관에게 꼭 말하고 싶은 점이 있다면 자유롭게 기술하여 주십시오.(500자)"
2230,5,[Why IBM?] 한국 IBM이 본인에게 왜 최적의 회사인지 본인의 비전 및 직업관과 연계하여 기술하시오. (1000자 이내)
2231,5,공사는 공익지향을 핵심가치로 삼고 있습니다. 이와 관련하여 귀하의 봉사활동 등 공익지향 경험을 기술해 주십시오. [ 100자 이상 600자 이내 ]
2232,5,"당신의 전공 분야와 융합했을 때, 가장 높은 시너지를 낼 수 있는 분야를 선택하고, 그 이유와 예상되는 시너지 효과에 대해 기술하시오. 500자"
2233,5,자신이 소중하게 생각하는 3가지 (30~200byte)
2234,5,NH농협은행의 성장방향을 제시하고 나는 입사 후 어떤 VISION으로 이를 달성할 것인지 구체적으로 기술하시오 (200~1000byte)
2235,5,"[조직이해능력 및 기여도] 본인이 생각하는 한전KDN이라는 조직의 역할과 책임은 무엇이며, 한전KDN 직원이 되었을 때 조직의 가치창출에 어떻게 기여할 수 있는지 본인의 경험에 기초하여 기술하여 주십시오."
2236,5,"신성통상/에이션패션의 강점은 무엇이라고 생각하며, 본인이 이에 기여할수 있는 바를 작성 하시오. 902 / 1200 자"
2237,5,"최근의 금융환경과 관련한 이슈를 소개하고, 그에 관한 본인의 생각을 SGI서울보증이 추진해야 할 전략관점에서 기술하여 주십시오. (500자 이내) byte"
2238,5,"한화L&C와 관련된 최근 이슈 중 본인이 생각하기에 중요하다고 생각되는 것을 한 가지 선택한 후, 해당 이슈에 대한 본인의 견해를 설득력 있게 밝혀 주시기 바랍니다. * [1000자 이내]"
2239,5,"금융IT 관심도, 지원자가 생각하는 ‘금융IT’에 대하여 정의하고, 금융IT 발전을 위하여 도입해야 할 IT기술과 개선해야 할 점에 대하여 말씀하여 주십시오. [2000byte]"
2240,5,"인문학적 소양, 우리에프아이에스에서 근무하는데 지침서로 삼을 만한 책을 한 권 추천하고 선정이유에 대하여 말씀하여 주십시오.(금융서적 제외) [1000byte]"
2241,5,"소위 “스펙”(학교, 학점, 전공)을 제외하고 기아차가 당신을 채용하기 위해 반드시 알아야 할 것이 있다면 무엇이며, 그 이유는? 기아차가 2014년(하) 대졸공채 모집 지원자인 당신을 0점부터 100점까지 점수를 매긴다면, 몇 점을 매겨야 하며, 그 이유는?"
2242,5,"당신은 업무능력을 인정받고 팀원들로부터 신뢰를 받는 사원 3년차입니다. 만약 당신이 팀에서 나가게 되면 업무공백이 매우 커서 다른 팀원들에게 큰 부담이 됩니다. 그런데 회사에서 당신이 꼭 해보고 싶었던 분야의 신규 프로젝트 TFT 팀원을 모집 중입니다. 해당 프로젝트는 성공여부가 불투명하고 업무량이 과중해 지원자가 거의 없는 상황입니다. 당신은 이러한 상황에서 어떤 선택을 하겠으며, 그 이유는 무엇입니까? (최대 300자 이내로 작성)"
2243,5,KB국민은행의 핵심가치 중 본인을 나타내는 가치와 그 이유를 보여주는 경험을 기술하십시오. (제한없음)
2244,5,인생의 목표와 그 이유현재 89 Bytes / 200 Bytes 이내
2245,5,본인이 소중하게 생각하는 3가지현재 185 Bytes / 200 Bytes 이내
2246,5,"본인이 가장 중요하게 생각하는 삶의 가치는 무엇이며, 그 가치를 실현하기 위한 현재까지의 노력에 대해 기술하여 주십시오"
2247,5,"지원자가 생각하는 ‘금융IT’에 대하여 정의하고, 금융IT 발전을 위하여 도입해야 할 IT기술과 개선해야 할 점에 대하여 말씀하여 주십시오. [2000 Bytes 이내]"
2248,5,우리에프아이에스에서 근무하는데 지침서로 삼을 만한 책을 한 권 추천하고 선정이유에 대하여 말씀하여 주십시오.(금융서적 제외) [1000 Bytes 이내]
2249,5,자유기술(본인 PR 및 관심분야를 중심으로)
2250,5,본인이 보유한 Skill의 활용 정도를 모두 적어주세요 [작성예시 : ① C - 2 ② Java - 2 ③ Linux 커맨드 및 개발환경 - 1 ④ Shell Scripting - 0 ⑤ Android - 2 ⑥ R - 2]
2251,5,인근 세븐일레븐 점포 방문 후 그 후기를 적어주세요. (
2252,5,(주)코리아세븐이 본인을 채용 해야 하는 이유를 3가지로 설명하시오.
2253,5,자신이 소중하게 생각하는 3가지 [최소 30byte 이상 200byte 이내]
2254,5,NH농협은행의 성장방향을 제시하고 나는 입사 후 어떤 VISION으로 이를 달성할 것인지 구체적으로 기술하시오. [현재 입력 글자 999 byte /최소 200byte 이상 1000byte 이내]
2255,5,정직함에 대하여. 800byte
2256,5,[하림그룹]이 성장을 이룬 바탕이 무엇이라고 생각하는지 기술하여 주십시오. 글자 수 100자 이상 1000자 이내
2257,5,[ Why IBM? ] 한국 IBM이 본인에게 왜 최적의 회사인지 본인의 비전 및 직업관과 연계하여 기술하시오. 1000자
2258,5,"글로벌 기업인 당사(ENR 순위 13위)는 전직원의 해외현장 근무가 필수적인 상황입니다. 해외현장의 근무환경 및 생활이 쉽지 않다고 가정할 때, 이를 극복할 수있는 본인의 강점을 기술하여 주시기 바랍니다."
2259,5,본인이 생각하는 현대건설이 개선하거나 보완해야할 사항에 대해 기술하여 주시기 바랍니다.
2260,5,"우리은행 지원 동기를 말씀해 주시고, 10년 후 우리은행의 모습과 은행에서의 귀하의 모습에 대해 그 비전을 기술해 주십시오. [1000 Bytes 이내] *"
2261,5,"우리은행 영업점과 다른 시중은행 영업점을 직접 방문하시고, 우리은행이 상대적으로 우수한 점과 개선해야 할 점을 비교 설명하여 주십시오. [2000 Bytes 이내] *"
2262,5,기업에서는 직장인으로서의 직업 윤리의식 수준을 매우 강조하고 있습니다. 귀하께서 우리인으로서 꼭 가져야할 직업윤리는 무엇이라고 생각하는지 본인의 경험에 비추어 작성해 주십시오. [1000 Bytes 이내] *
2263,5,"직무와 관련된 전공 수업 중 대표적인 2~3개의 강의명, 학점, 교수, 수강시기, 타인에게 설명 가능한 인상 깊은 내용을 기술하세요."
2264,5,상명/수상일/수상기관/수상내용 순서
2265,5,"한화S&C는 `SMART&CREATIVE`라는 비전슬로건을 갖고 있습니다. 현재 IT업계에서 `SMART&CREATIVE`가 왜 필요한지 정의하고, 본인이 ""SMART&CREATIVE"" 한 인재이라는 것을 증명할 수 있는 구체적 사례와 경험을 지원한 직무에 관련하여 기술하세요. (1000자)"
2266,5,당신이 금호석유화학그룹에 입사한다면 팀의 화합을 위해 기여할 수 있는 부분은 무엇입니까? [300자 이내]
2267,5,"조직의 원칙은 무엇이었으며, 왜 지켜야 한다고 생각하셨는지 서술하십시오. [100자 이내]"
2268,5,당신이 금호석유화학그룹에 입사하게 된다면 준수해야 할 가장 큰 원칙은 무엇이라 생각하십니까? 그 이유는 무엇인지 서술하십시오. [300자 이내]
2269,5,즐겨 찾는 인터넷 주소
2270,5,"당신은 업무능력을 인정받고 팀원들로부터 신뢰를 받는 사원 3년차 입니다. 만약 당신이 팀에서 나가게 되면 업무공백이 매우 커서 다른 팀원들에게 큰 부담이 됩니다. 그런데 회사에서 당신이 꼭 해보고 싶었던 분야의 신규 프로젝트 TFT 팀원을 모집 중입니다. 해당 프로젝트는 성공여부가 불투명하고 업무량이 과중해 지원자가 거의 없는 상황입니다. 당신은 이러한 상황에서 어떤 선택을 하겠으며, 그 이유는 무엇입니까? (최대 300자 이내로 작성)"
2271,5,"`나의 경쟁력은 OOO이다` 라고 정의하고, 그 이유를 설명해주세요. (필수)"
2272,5,네이버라는 회사에서 `인사` 직무를 수행할 때 가장 중요한 것은 무엇일까요? 그렇게 생각하는 이유를 설명해주세요. (필수)
2273,5,"처음 프로그래밍을 시작한 시기와, 언제부터 프로그래밍에 재미를 느끼게 되었는지를 각각 기술하여 주세요.(500자)"
2274,5,옷을 구매할 때 자신에게 가장 중요한 3가지 요소와 쇼핑 습관에 대해 기술해주세요.
2275,5,면접시 받고 싶은 질문 하나를 한문장으로 써주세요.
2276,5,"여러분이 CJ CGV 및 Multiplex Manager에 지원한 동기는 무엇인가요? ① CJ CGV 아니면 안되는 이유, ② Multiplex Manager에 관심 갖게 된 계기, ③ Multiplex Manager 업무를 잘 수행할 수 있는 이유 를 반드시 포함하여 구체적으로 작성해 주세요."
2277,5,"여러분이 고객의 입장에서 CJ CGV가 개선해야 할 점 한가지를 작성하고, 이를 해결하기 위한 아이디어를 제안해주세요. ① CJ CGV가 개선해야 할 점과 그 이유, ② 이를 해결할 수 있는 아이디어를 구체적으로 작성해주세요."
2278,5,본인의 10년후 계획에 대해
2279,5,정직함에 대하여. 800 byte
2280,5,인간관계에 있어서 무엇이 가장 중요하다고 생각하십니까? 300
2281,5,`우성사료`하면 연상되는 기업이미지와 회사에 대해 알고 있는 것을 말씀해 주세요 300
2282,5,가장 좋아하는 과목과 그 이유에 대해 간략히 설명해 주세요. 200
2283,5,가장 싫어하는 과목과 그 이유에 대해 간략히 설명해 주세요. 200
2284,5,"본인 거주지 인근 신한은행 영업점을 방문하고, 본인이 생각하는 영업점의 영업환경과 인근 타 은행 영업점 대비 경쟁력을 확보할 수 있는 전략을 기술해 주세요. 3000바이트"
2285,5,희망업무/계획 / 한글 1000 자
2286,5,현대자동차그룹의 핵심가치 중 한가지를 선택하여 자신을 PR하여 주십시오 [ 500자 이내]
2287,5,귀하가 회사를 선택하는 기준은 무엇이며 왜 그 기준에 아모레퍼시픽이 적합한지 기술하시오. 800자
2288,5,"아모레퍼시픽 그룹은 아름다움으로 세상을 변화시키겠다는 특별한 소명을 가지고 있습니다. 세상을 변화시키는 ‘아름다움이 왜 필요한지 정의’하고, 입사한다면 이러한 소명을 어떻게 실현할 수 있을지 기술하시오. 600자"
2289,5,아모레퍼시픽을 통하여 귀하가 이루고자 하는 ‘비전(꿈)’은 무엇인지 기술하시오. 600자
2290,5,"[필수문항] 본인이 보유한 Programming Skill의 활용정도를 모두 적어주세요 [작성예시 : ① C - 2 ② Java - 2 ③ Linux 커맨드 및 개발환경 - 1 ④ Shell Scripting - 0 ⑤ Android - 2] C, C++ - 2"
2291,5,우리공사 4가지 인재요소는 1.고객 행복을 추구하는
2292,5,"최근 대형은행의 합병, 인터넷 은행의 등장 등 국내 은행권 경쟁이 심화되고 금융시장 환경이 급변하고 있는 상황입니다. 이런 환경에서 현재 신한은행의 장점과 단점을 기재하고 신한은행이 향후 취해야 할 전략에 대해서 기술해 주세요."
2293,5,"신한은행의 핵심가치와 관련 있는 인문학 서적을 선택하고, 그 책을 선택한 이유와 책에 대한 본인의 생각을 기술해 주세요."
2294,5,"최근의 금융환경과 관련한 이슈를 소개하고, 그에 관한 본인의 생각을 SGI서울보증이 추진해야 할 전략관점에서 기술하여 주십시오. (500자 이내)"
2295,5,주어진 과제나 일을 수행하는데 있어 귀하가 생각하는 성공의 기준은 무엇입니까? [ 800자 이상 1200자 이내 ]
2296,5,본인이 왜 반드시 서울메트로에 입사해야한다고 생각하십니까? [200자 이상 400자 이내]
2297,5,본인이 서울메트로에서 이루고 싶은 비전(꿈)은 무엇입니까? [200자 이상 400자 이내]
2298,5,"서울메트로의 서비스에 대해 종합적인 평가를 한다면 100점 만점에 몇 점이며, 그 이유는 무엇입니까? [200자 이상 400자 이내]"
2299,5,서울메트로의 서비스 중 잘되고 있는 점과 잘 안되고 있는 점은 무엇이라고 생각하십니까? [200자 이상 600자 이내]
2300,5,본인이 위에서 기술한 잘 안 되고 있는 점을 개선하기 위한 방안은 무엇입니까? [200자 이상 600자 이내]
2301,5,귀하가 보유한 역량은 무엇이며 코스콤에 어떻게 기여할 수 있습니까? [800 자]
2302,5,"‘섬김과 정직을 바탕으로 새로운 가치를 창출하는 대은인’은 대구은행의 인재상입니다. 본인이 대구은행의 인재상과 얼마나 부합되는지를 경험, 사례 등과 함께 서술해 주십시오."
2303,5,"본인이 방문해 본 적이 있는 대구은행 영업점과 다른 은행 영업점을 비교해보고, 대구은행의 우수한 점과 개선해야 할 점을 각각 서술해 주십시오."
2304,5,"사용해 본 프로그래밍 언어와 해당 언어를 사용하여 개발해 본 프로젝트 혹은 개발 산출물을 설명해 주세요. [프로젝트 명(사용언어) - 한 줄 개요] 형식 작성 후, 부연 설명을 기재해 주세요. (필수) 600자"
2305,5,"LG이노텍의 세 가지 핵심가치(새로운 시도, 앞선 실행, 완벽추구) 중 하나를 선택하여 이를 실천한 본인의 성공 또는 실패 사례를 기술해주십시오. (500자)"
2306,5,"한화S&C는 `SMART&CREATIVE`라는 비전슬로건을 갖고 있습니다. 현재 IT업계에서 `SMART&CREATIVE`가 왜 필요한지 정의하고, 본인이 `SMART&CREATIVE` 한 인재이라는 것을 증명할 수 있는 구체적 사례와 경험을 지원한 직무에 관련하여 기술하세요 1000"
2307,5,"최근 IT업계는 각종 정책 및 다양한 신규 기술의 유입 등으로 경쟁이 심화되고 급변하고 있습니다. 시장에서 한화S&C 의 기술적 장/단점을 기술하고, 향후 Global ICT Leader로서 성장하기 위한 전략에 대해 기술하세요 1000"
2308,5,"본인이 직접 참여하여 완성한 앱 서비스에 대해서 기술해 주세요. 앱 서비스에 대한 설명, 개발시 목표, 본인의 역할, 본인이 직접 구현한 부분, 서비스 상용화 여부를 포함하여 구체적으로 작성해 주세요. (1000자)"
2309,5,"본인이 생각하는 카드업의 본질은 무엇인지 3가지 단어로 제시하고, 그 중 신한카드가 규모의 1등을 넘어 차별화 된 `Great Company`가 되기 위해 가장 우선적으로 추구해야 할 본질은 무엇인지 1가지를 선택하여 설명하세요."
2310,5,"‘Charm’신한 Audition에 참여하여 주신 당신, 다른 사람들과의 차별화 된 경쟁력은 무엇이며, 이로 인해 신한카드에 기여할 수 있는 부분은 무엇입니까?"
2311,5,이베이코리아 플랫폼(G마켓/옥션/G9)이 고객에게 더 좋은 온라인 쇼핑 경험을 제공하기 위한 아이디어를 구체적으로 제안해 주십시오. * [100자 이상 600자 이내]
2312,5,<개발에 관한 관심과 구체적인 준비>
2313,5,"자신의 1년 후, 5년 후, 10년 후 계획을 구체적으로 기술해 주세요"
2314,5,최근에 가본 SPA 매장에 대해서 개선 제안을 한다면? (500자 이내) (0자)
2315,5,마이다스아이티가 지금의 성장을 이룬 바탕이 무엇이라고 생각하는지 서술하여 주십시오.(홈페이지 참조) *해당분야 외국어로 작성 필수_ 상기 가이드 참조요망
2316,5,"괄호 안에 제시된 키워드 중 본인을 가장 잘 표현하거나, 혹은 본인이 추구하는 바와 가장 유사한 2가지를 선정하고 그 이유를 설명하여 주십시오."
2317,5,Introduction Briefly state your growing up period.(max.200)
2318,5,What have you done to make up for the weak points?(max.200)
2319,5,What are your hobbies and specialties? (max.200)
2320,5,What are your short and long term objectives in Renault Samsung Motors? (max.300)
2321,5,"나의 미래비전(1,000자 이내) 지향하고자 하는 미래상 또는 포부"
2322,5,"귀하에게 `직장`이 가지는 의미는 무엇이며, 그 직장으로서 신용회복위원회를 선택한 이유는 무엇입니까?"
2323,5,"귀하의 5년 전, 현재, 그리고 신용회복위원회 직원으로서 10년 후 모습에 대하여 비교하여 기술하여 주십시오."
2324,5,귀하가 생각하는 `신용`에 대한 철학을 기술하여 주십시오.
2325,5,다양한 직업 중에 S/W 개발자가 되려는 이유는 무엇인가요? 1000자
2326,5,KB국민은행의 핵심가치중 본인을 나타내는 가치와 그 이유를 보여주는 경험을 기술하십시오.(제한없음)
2327,5,"불가능을 가능하게 하는 당신만의 역량은 무엇이며, 그 역량을 활용하여 대한민국에서 “김영희”라는 이름을 가진 사람이 모두 몇 명인지 찾아 낼 수 있는 방법을 기술하시오. *"
2328,5,받고싶은 질문 -> 그에 대한 답변
2329,5,"(서비스정신과 올바른 예절) 본인이 경험한 최고의 서비스, 최악의 서비스에 대해 기술하고, 그렇게 판단한 근거 및 사유에 대해 설명하시오 (600자 이내)"
2330,5,"본인이 생각하는 은행직무 중 가장 중요하다고 생각하는 것이 무엇인지 제시하고, 그 사유를 설명하십시오."
2331,5,"농협은행이 더욱 발전하기 위한 제안 한가지, 그리고 면접관에게 꼭 말하고 싶은 점이 있다면 자유롭게 기술하여 주십시오."
2332,5,국민은행의 핵심가치 중 본인을 나타내는 가치와 그 이유를 보여주는 경험을 기술하십시오. (제한없음)
2333,5,"우리공사 4가지 인재요소는 1.고객 행복을 추구하는 ""섬김인"", 2.상호존중과 신뢰의 ""상생인"", 3.글로벌경쟁력을 갖춘 ""전문인"", 4.미래가치를 창출하는 ""창조인""입니다. 인재상과 관련하여 한가지를 선택, 본인의 역량을 결부시켜 기술하여 주십시오."
2334,5,대림에서 본인이 기여하고자 하는 부문은 무엇입니까
2335,5,본인의 약점(개선해야 할 부분)은 무엇이라고 생각하십니까
2336,5,"당사가 운영하고 있는 해외현장 중 한 곳으로 배치 받는다면 어느 현장(국가)를 희망하며 이유는 무엇인지, 본인이 그곳에 적응하기 위해 필요한 역량들을 어떻게 갖추고 있는지를 객관적 증거를 들어 작성해 주시기 바랍니다."
2337,5,KB국민은행이 귀하를 인턴으로 채용해야 하는 이유는 무엇입니까?
2338,5,귀하에게 행복의 조건은 무엇입니까?
2339,5,방학기간 동안 KB국민은행 인턴을 계획하는 이유는 무엇입니까?
2340,5,KB국민은행 인턴십을 통하여 경험해보고 싶은 분야는 무엇입니까?
2341,5,한국타이어에서 성취하고자 하는 비전과 목표에 대하여 작성해 주십시오. [ 100자 이상 500자 이내 ] /500
2342,5,KB국민은행의 핵심가치 중 본인을 나타내는 가치와 그 이유를 보여주는 경험을 기술하십시오. (제한 없음)
2343,5,인생의 목표와 그 이유현재 200 Bytes 이내
2344,5,본인이 소중하게 생각하는 3가지 200 Bytes 이내
2345,5,`LIG for Tomorrow`는 `내일을 위한 LIG`라는 LIG Group의 슬로건 입니다. 이와 같이 본인 고유의 슬로건을 10자 이내로 작성해 주십시오. [ 2자 이상 20자 이내 ]
2346,5,BNK금융그룹의 두 자회사인 부산은행과 경남은행의 시너지를 높일 수 있는 방법을 기술해 주세요.
2347,5,BNK금융그룹이 해외진출 시 성공 가능성이 높은 국가와 그 이유를 기술해 주세요.
2348,5,"LG이노텍 핵심가치 (새로운 시도, 앞선 실행, 완벽추구) 에 연관하여 본인의 강점 및 경험을 구체적으로 기술해 주십시오"
2349,5,IT관심도 및 관심 전공과목
2350,5,IT분야에 대한 열정
2351,5,"21세기 기업인 및 IT 전문가 중, 본인의 일에 대한 장인정신을 지닌 Role Model은 누구인가? 본인과의 공통점은 어떤 것이 있는지 구체적 사례를 들어 기술하시오"
2352,5,"서울메트로의 서비스에 대해 종합적인 평가를 한다면 100점 만점에 몇 점이며, 그 이유는 무엇입니까?"
2353,5,"귀하를 가장 잘 표현할 수 있는 한 단어와 이유를 설명하고, 그 단어가 내포하고 있는 가치가 KB국민카드에 어떤 기여를 할 수 있는지 설명하여 주십시오."
2354,5,"귀하가 생각하기에 최근 카드업계의 가장 큰 이슈 한 가지를 기술하고, 어떻게 대응해야 하는지 설명하여 주십시오."
2355,5,"본인이 회사를 선택할 때의 기준은 무엇이며, 왜 현대자동차가 그 기준에 적합한지를 기술해 주십시오.(1000자)"
2356,5,"당신은 업무능력을 인정받고 팀원들로부터 신뢰를 받는 사원 3년차 입니다. 만약 당신이 팀에서 나가게 되면 업무 공백이 매우 커서 다른 팀원들에게는 큰 부담이 됩니다. 그런데 회사에서 당신이 꼭 해보고 싶었던 분야의 신규 TFT 팀원을 모집 중입니다. 해당 프로젝트는 성공 여부가 불투명하고 업무량이 과중해 지원자가 거의 없는 상황입니다. 당신은 이러한 상황에서 어떤 선택을 하겠으며, 그 이유는 무엇입니까? (최대 300자)"
2357,5,"당신은 업무능력을 인정받고 팀원들로부터 신뢰를 받는 사원 3년차입니다. 만약 당신이 팀에서 나가게 되면 업무공백이 매우 커서 다른 팀원들에게 큰 부담이 됩니다. 그런데 회사에서 당신이 꼭 해보고 싶었던 분야의 신규 프로젝트 TFT팀원을 모집중입니다. 해당 프로젝트는 성공여부가 불투명하고 업무량이 과중해 지원자가 거의 없는 상황입니다. 당신은 이러한 상황에서 어떤 선택을 하겠으며, 그 이유는 무엇입니까?"
2358,5,"[Chance] 기회는 오는 것인가, 찾아가는 것인가? 본인의 경험과 함께 생각을 서술하시오. (1000)"
2359,5,나의 핵심 키워드는 무엇인가
2360,5,2030세대를 위해 제안하고 싶은 카드 상품이나 마케팅/홍보 방안에 대해 이야기해 보십시오.
2361,5,최근 사회 이슈 중 중요하다고 생각되는 한가지를 선택하고 이에 관한 자신의 견해를 기술하시오 1000자
2362,5,"최근 대형은행의 합병, 인터넷 은행의 등장 등 국내 은행권 경쟁이 심화되고 금융시장 환경이 급변하고 있는 상황입니다. 이런 환경에서 현재 신한은행의 장점과 단점을 기재하고 신한은행이 향후 취해야 할 전략에 대해서 기술해 주세요. 1000자"
2363,5,20년 후 당신은 어떤 리더의 모습을 하고 있을까요? 자신의 장단점을 고려하여 리더로서 자신의 모습을 그려보세요.
2364,5,KB국민은행의 핵심가치 중 본인을 나타내는 가치와 그 이유를 보여주는 경험을 기술하십시오. (글자 제한없음)
2365,5,프로젝트 수행 사항
2366,5,현재 우리공단은 국정과제를 수행하고 있다. 국정과제를 통해 공단의 위상과 이미지를 제고시키기 위해서는먼저 공단조직에 대한 내외부 환경분석이 필요하다. 어떻게 환경분석을 할 것인지 설명하십시오.
2367,5,"기타 (자유롭게 기술)예시) NCS기반 능력중심채용에 대한 본인의 생각, 공단사업 개선을 위한 제언 등"
2368,5,정직함에 대한 생각(사례제시)
2369,5,"한국관광공사의 고객을 분류하고, 각각의 특성에 대해 아시는 대로 작성해 주십시오.(500자)"
2370,5,남들과다른 특별한 능력
2371,5,사회활동:학업 이외에 관심과열정(800)
2372,5,"최근 대형은행의 합병, 인터넷 은행의 등장 등 국내 은행권 경쟁이 심화되고 금융시장 환경이 급변하고 있는 상황입니다. 이런 환경에서 현재 신한은행의 장점과 단점을 기재하고 신한은행이 향후 취해야 할 전략에 대해서 기술해 주세요. (2000 Bytes)"
2373,5,"신한은행의 핵심가치와 관련 있는 인문학 서적을 선택하고, 그 책을 선택한 이유와 책에 대한 본인의 생각을 기술해 주세요. (2000 Bytes)"
2374,5,인근 세븐일레븐 점포 방문 후 그 후기를 적어주세요. [1000자]
2375,5,"지원동기, 시장 경쟁력 높이기 위한 방안"
2376,5,lg생활건강에 지원동기(500)
2377,5,"SH공사 직원으로서 가져야 할 사회적 책임은 어떤 것이 있으며, 그 이유는 무엇인지 구체적으로 설명하시오. 그리고, 입사 후 본인이 그 사회적 책임을 어떻게 수행할 것인지에 대해 기술하시오."
2378,5,"SH공사 직원으로서 가져야 할 사회적 책임은 어떤 것이 있으며, 그 이유는 무엇인지 구체적으로 설명하시오. 그리고, 입사후 본인이 그 사회적 책임을 어떻게 수행할 것인지에 대해 기술하시오. [400 Bytes 이상1000 Bytes 이내 작성]"
2379,5,"<관심- 우리은행 영업점과 다른 시중은행 영업점을 직접 방문하시고, 우리은행이 상대적으로 우수한 점과 개선해야 할 점을 비교 설명하여 주세요.>"
2380,5,<소양- 우리은행에서 근무하는데 지침서로 삼을 만한 책을 한 권 추천하고 선정이유에 대하여 말씀하여 주세요.(금융서적 제외)>
2381,5,"애경그룹 유통부문(AK PLAZA, AK MALL)을 가장 잘 설명할 수 있는 이미지와 그 이유에 대하여 기술하시오."
2382,5,"본인의 소장품 중 최대 이윤을 남기며 판매할 수 있는 아이템을 선정하고, 그 방법을 소개하시오."
2383,5,삶을 통해 이루고 싶은 인생의 비전 또는 목표 3가지를 우선순위 순으로 기술해 주세요. (700자) 1) 구체적인 비전 또는 목표 2) 비전 또는 목표를 세우게 된 이유 3) 비전 또는 목표를 성취하기 위해 하고 있는 노력
2384,5,신성통상/에이엔 패션의 강점은? 본인이 이에 기여할 수 있는 바 작성
2385,5,활동 계획 및 기타
2386,5,본인이 타인에게 제공한 최고의 `서비스`에 대해 쓰고 이를 KDB대우증권에서 적용할 수 있는 방안에 대해 서술하시오.
2387,5,현재 우리공단은 국정과제를 수행하고 있다. 국정과제를 통해 공단의 위상과 이미지를 제고시키기 위해서는 먼저 공단조직에 대한 내외부 환경분석이 필요하다. 어떻게 환경분석을 할 것인지 설명하십시오. 300~400자
2388,5,"우리공단 전산시스템이 외부로부터 해킹을 당해 정보유출이 발생하였다면 재발방지를 위해 어떤 조치를 취할 것인지, 그리고 유출된 정보를 어떻게 회수 할 수 있는지 설명하십시오. 400~500자"
2389,5,직장인으로서의 직업윤리가 왜 중요한지 본인의 가치관을 중심으로 설명하십시오. 300~400자
2390,5,"기타 (자유롭게 기술) 300~400자 예시) NCS기반 능력중심채용에 대한 본인의 생각, 공단사업 개선을 위한 제언 등"
2391,5,증권업을 선택하게 된 이유와 증권사 중 당사를 선택한 이유 (300자 이내) 현재 0자/최대300자
2392,5,"본인이 생각하는 농협의 사회적 책임에 대해 설명하고, 입사 후 본인은 조직의 구성원으로서 농협이 사회적 책임을 수행하는데 어떠한 역할을 할 수 있는 지 기술하여 주십시오."
2393,5,"농협경제지주가 더욱 발전하기 위한 제안 한 가지, 그리고 면접관에게 꼭 말하고 싶은 점이 있다면 자유롭게 기술하여 주십시오."
2394,5,"본인이 외식 경영자로서 구현해보고 싶은 외식관련 비즈니스에 대해 구체적으로 기술해주세요. 1) F&B 프랜차이즈 Brand Concept 2) 본인의 비즈니스를 설득할 수 있는 구체적인 내용 (선정사유, 예측성과 등) (1,000자)"
2395,5,"한국예탁결제원이 수행하는 업무를 구체적으로 설명하고, 이 중 본인이 생각하는 장래 발전가능성이 큰 업무와 그 이유를 기술해 주십시오."
2396,5,"한국예탁결제원 본사가 위치한 부산지역을 홍콩·룩셈부르크와 같은 금융중심지로 육성하기 위해 필요한 정책에 대해 사례를 들어 설명하고, 정책실현을 위해 한국예탁결제원이 수행해야 하는 역할에 대해 기술해 주십시오."
2397,5,[TRIPLE Cs for 코오롱!]
2398,5,[코리안 벙어리에서 멘토까지]
2399,5,[바이어를 노려라!]
2400,5,[일석 삼조의 효과]
2401,5,당사가 지닌 가장 탁월한 경쟁력은 무엇이라고 생각하십니까? (30자~500자)
2402,5,"한화S&C는 `SMART&CREATIVE`라는 비전슬로건을 갖고 있습니다. 현재 IT업계에서 `SMART&CREATIVE`가 왜 필요한지 정의하고, 본인이 ""SMART&CREATIVE"" 한 인재이라는 것을 증명할 수 있는 구체적 사례와 경험을 지원한 직무에 관련하여 기술하세요(1000자)"
2403,5,"최근 IT업계는 각종 정책 및 다양한 신규 기술의 유입 등으로 경쟁이 심화되고 급변하고 있습니다. 시장에서 한화S&C 의 기술적 장/단점을 기술하고, 향후 Global ICT Leader로서 성장하기 위한 전략에 대해 기술하세요(1000자)"
2404,5,귀하가 회사를 선택하는 기준은 무엇이며 왜 그 기준에 AMOREPACIFIC이 적합한지 기술하시오. (최대 800 최소 100)
2405,5,AMOREPACIFIC을 통하여 귀하가 이루고자 하는 `비전(꿈)`은 무엇인지 기술하시오. (최대 600 최소 100)
2406,5,본인이 생각하는 `선한 가치관`의 정의와 이러한 선한 가치관을 실제 행동으로 옮겼던 사례에 대하여 기술해 주십시오.
2407,5,인간관계에 있어서 무엇이 가장 중요하다고 생각하십니까? [ 200자 이상 300자 이내]
2408,5,`우성사료`하면 연상되는 기업이미지와 회사에 대해 알고 있는 것을 말씀해 주세요 [ 200자 이상 300자 이내 ]
2409,5,귀하가 평소 관심을 가졌던 자동차 관련 기술/정보는 무엇입니까? 최소 200자 / 500자 제한
2410,5,현대자동차그룹의 5대 핵심가치 중에서 귀하가 가장 인상 깊게 경헙한 사례 한가지를 소개바랍니다.-5대 핵심가치 中 택1 최소 200자 / 500자 제한
2411,5,농산/수산/축산/델리(조리)가공식품/주방용품/패션(의류)/생활용품/화장품 - 1개 선택 - 관심 계기/ 향후 전망
2412,5,"사용해본 프로그래밍 언어와 해당 언어를 사용하여 개발해 본 프로젝트 혹은 개발산출물을 설명해 주세요. [프로젝트 명(사용언어) - 한 줄 개요] 형식 작성 후, 부연 설명을 기재해주세요.(600자)"
2413,5,귀하가 회사를 선택하는 기준은 무엇입니까? 그리고 다이소아성산업이 그러한 기준에 어떻게 부합하는지 기술해 주시기 바랍니다. (700자 이내)
2414,5,공직자로서의 바람직한 자세
2415,5,My Future : 본인의 10년 후 계획에 대하여
2416,5,도시철도 운영회사로서 서울메트로가 다른 공사/회사에 비해 잘 하고 있는 점과 개선되어야 할 점을 비교/설명하여 주십시오.
2417,5,대학전공분야 중 관심분야를 기술해 주십시오. (2000 byte)
2418,5,자신이 중진공 인재상(WITH)에 적합한 인재인지 구체적으로 서술하시오.
2419,5,"학교생활, 생활태도"
2420,5,`LIG for Tomorrow`는 `내일을 위한 LIG`라는 LIG Group의 슬로건 입니다. 이와 같이 본인 고유의 슬로건을 10자 이내로 작성해 주십시오. [2자 이상 20자 이내]
2421,5,여러분이 CJ CGV 및 Multiplex Manager에 지원한 동기는 무엇인가요? 1) CJ CGV가 아니면 안 되는 이유 2) Multiplex Manager에 관심 갖게 된 계기 3) Multiplex Manager 업무를 잘 수행할 수 있는 이유 를 반드시 포함하여 구체적으로 작성해 주세요. (1000자)
2422,5,"본인이 외식 경영자로서 구현해보고 싶은 외식관련 비즈니스에 대해 구체적으로 기술해주세요. ① F&B 프랜차이즈 Brand Concept, ② 본인의 비즈니스를 설득할 수 있는 구체적인 내용 (선정사유, 예측성과 등) (1000자)"
2423,5,"귀하의 성격, 대인관계, 가치관 등을 잘 설명할 수 있는 실제 사례, 경험 등에 대해 기술하여 주십시오, 또한 귀하가 한전을 선택한 이유와 직업인으로서 장기적 목표는 무엇인지 기술하여 주십시오."
2424,5,"한전의 고객을 특정 기준에 따라 분류하고, 해당 고객에게 가장 적합한 서비스 또는 고객만족 방법은 무엇일지 귀하의 아이디어를 기술하여 주십시오."
2425,5,자신이 소중하게 생각하는 3가지 (200Bytes 이내)
2426,5,"한국토지주택공사의 비전, 가치체계 및 인재상은 아래와 같습니다."
2427,5,최근 관심있는 사회 이슈 1개와 이에 대한 자신의 견해 (1000byte)
2428,5,본인이 왜 신용보증기금에 꼭 필요한 인재인지 신보의 인재상과 연계하여 설명해 주시기 바랍니다.(인재상) 공기업인으로서의 “기본인품”과 금융인으로서의 “성장자질”을 갖추고 신보의 미래가치를 창출해 나가는 인재 (1000자 이내)
2429,5,[코리안벙어리에서 기숙사대표까지]
2430,5,"H사원은 성실하고 꼼꼼하며, 끈기를 가지고 결과를 내는 타입이며, C사원은 순발력 있고, 일 처리가 빠르며, 책임감이 강한 타입입니다. 똑같지는 않더라도 본인이 누구의 성향에 더 가까운 편인지 이유와 함께 구체적으로 기술해주세요."
2431,5,『행복한 직장 생활』이란? 무엇인지 본인의 생각을 기술하여 주시기 바랍니다.
2432,5,제주도민에게 사랑 받는 은행이 되기 위해 제주은행이 해야 할 일은 어떤 사항이 있는지 본인의 생각을 기술하여 주시기 바랍니다.
2433,5,아워홈의 블루 오션과 레드 오션에 대해서 기술해 주십시요
2434,5,(지점명: 춘천퇴계점) 지점방문 소감 (방문일자:‘14.12.28)
2435,5,"애경그룹 유통부분(ak plaza, ak mall)가장 잘 설명할 수 있는 이미지와 그 이유 (1000자)"
2436,5,본인 소중품 중 최대 이윤을 남기며 판매할 수 있는 아이템을 선정 그 방법 소개 (1000자)
2437,5,즐겨 찾은 인터넷 사이트와 그 이유를 설명해 주십시오.
2438,5,"CJ푸드빌의 외식業에 맞는 인재상을 정립해보고 아래 질문에 답해주세요. ① 본인이 생각하는 CJ푸드빌의 인재상을 만들고 ② 그렇게 작성한 이유를 설명해 주세요. ③ 만든 인재상과 본인이 부합하는 인물이라는 근거를 구체적인 사례를 들어 기술해 주세요.(1,000자)"
2439,5,기업의 나눔 활동은 고객과의 약속입니다. 고객에게 받은 관심을 다시 되돌려 줘야 할 의무라는 생각으로 책임감을 지니고 지속해야 할 활동이라 생각합니다.
2440,5,자신만의 브랜드 가치를 정하고 Self Selling 으로 구체화 하시오.
2441,5,"당신은 업무능력을 인정받고 팀원들로부터 신뢰를 받는 사원 3년차입니다. 만약 당신이 팀에서 나가게 되면 업무공백이 매우 커서 다른 팀원들에게 큰 부담이 됩니다. 그런데 회사에서 당신이 꼭 해보고 싶었던 분야의 신규 프로젝트 TFT 팀원을 모집 중입니다. 해당 프로젝트는 성공여부가 불투명하고 업무량이 과중해 지원자가 거의 없는 상황입니다. 당신은 이러한 상황에서 어떤 선택을 하겠으며, 그 이유는 무엇입니까? (300자)"
2442,5,역량기술서. 500자이상 2000자 이내
2443,5,인터파크에서 가장 자주 사용하는 서비스와 그 이유는?
2444,5,"전공이 교육학인데, 업계에서 활용이 가능할까요?"
2445,5,어떤 방식으로 기여할지
2446,5,"10년후 자신의 모습에 대해 구체적으로 기술하고, 이루기 위해 어떤 노력을 할 것인지 기술하시오."
2447,5,앞으로의 제약시장 환경에 대하여 설명하고 향후 종근당의 역할 및 경영 방안에 대해 서술해 주십시오.
2448,5,대림에서 본인이 기여 하고자 하는 부문은 무엇입니까?*
2449,5,본인의 약점(개선해야 할 부분)은 무엇이라고 생각하십니까?
2450,5,"한컴이 꼭 당신을 선발해야 하는 이유가 있을까요, 당신만의 매력을 구체적으로 서술해 주세요. (700byte)"
2451,5,"한컴이 꿈꾸는 미래...당신이 꿈꾸는 미래...함께 할 수 있다면, 당신이 가장 중요하게 생각하는 가치의 기준은 무엇인지 구체적으로 서술해 주세요. (700byte)"
2452,5,코오롱은 `OOO`이다. `OOO` 안에 들어갈 단어와 그 단어를 선택한 이유에 대해 기술하시오.
2453,5,`우성사료`하면 연상되는 기업이미지와 회사에 대해 알고 있는 것을 말씀해 주세요 [ 200자 이상 300자 이내]
2454,5,"한화S&C는 SMART&CREATIVE라는 비전슬로건을 갖고 있습니다. 현재 IT업계에서 SMART&CREATIVE가 왜 필요한지 정의하고, 본인이 SMART&CREATIVE한 인재이라는 것을 증명할 수 있는 구체적 사례와 경험을 지원한 직무에 관련하여 기술하세요.(1000자 이내로 작성해 주세요.)"
2455,5,"최근 IT업계는 각종 정책 및 다양한 신규 기술의 유입 등으로 경쟁이 심화되고 급변하고 있습니다. 시장에서 한화S&C 의 기술적 장/단점을 기술하고, 향후 Global ICT Leader로서 성장하기 위한 전략에 대해 기술하세요. (1000자 이내로 작성해 주세요.)"
2456,5,주어진 과제나 일을 수행하는데 있어 귀하가 생각하는 성공의 기준은 무엇입니까? (1000자 이내)
2457,5,3-2. [문제의식] 어떤 문제의식을 가졌습니까? 그러한 문제의식을 가지게 된 계기는 무엇입니까? (400 Bytes 이내)
2458,5,"농심의 이미지를 먼저 정의하고, 해외시장에서 `글로벌 종합식품기업`으로 나아가기 위해 꼭 추가하고 싶은 이미지는 무엇입니까? [한글 600자 이내 및 16라인 이내로 작성]"
2459,5,귀하의 눈에 비친 새마을금고 및 새마을금고중앙회에 대한 모습과 이미지를 구체적으로 서술하고 입사 후 중앙회에서의 본인의 역할에 대하여 기술하십시오.
2460,5,"본인이 외식 경영자로서 구현해보고 싶은 외식관련 비니지스에 대해 구체적으로 기술해주세요. ① F&B 프랜차이즈 Brand Concept, ② 본인의 비즈니스를 설득할 수 있는 구체적인 내용 (선정사유, 예측성과 등) (1000자)"
2461,5,최근 사회이슈 중 중요하다고 생각되는 한 가지를 선택하고 이에관한 자신의 견해를 기술해주시기바랍니다.
2462,5,평소 IT/SW 분야에 어떠한 관심을 가지고 있었나요?
2463,5,귀하의 프로젝트 수행 내역을 입력해주세요.
2464,5,최근 사회이슈 중 중요하다고 생각되는 한 가지를 선택하고 이에 관한 자신의 견해를 기술해 주시기 바랍니다. [/1000]
2465,5,삶을 통해 이루고 싶은 인생의 비전 또는 목표 3가지를 우선순위 순으로 기술해 주세요.
2466,5,"KT&G는 “보다 나은 삶의 완성”이라는 업의 철학을 가지고 있습니다. 본인이 생각하는 “보다 나은 삶의 완성”이란 무엇인지 설명하고, 입사한다면 이러한 철학을 어떻게 실현할 수 있는지 기술해주십시오. [/1000]"
2467,5,대구은행 입행을 위해 특별히 했거나 하고 있는 노력을 소개해 주십시오.
2468,5,"본인이 경험한 최고의 서비스, 최악의 서비스에 대해 기술하고, 그렇게 판단한 근거 및 사유에 대해 설명하시오."
2469,5,[CS마인드] Guide Page를 확인하시고 입력하시기 바랍니다.
2470,5,[팀웍] Guide Page를 확인하시고 입력하시기 바랍니다. 역량 가이드 페이지 열기
2471,5,정직함에 대하여. [800 byte]
2472,5,Dear Human Resources manager
2473,5,본인이 지원한 직무가 가지고 있는 사회적(고객) 가치에 대해 본인의 생각을 구체적으로 작성해 주세요.
2474,5,화천그룹 및 해당분야 지원동기최소 (30~400)
2475,5,"능력 개발을 위한 과거, 현재의 노력 및 미래의 계획 (30 ~ 400)"
2476,5,귀하가 회사를 선택하는 기준은 무엇이며 그 기준에 AMOREPACIFIC이 적합한지 기술하시오.
2477,5,"관광산업에 지원하게 된 동기와, 왜 `하나투어` 여야만 하는지 구체적으로 기술하시오."
2478,5,"2016년 하나투어가 직면하게 될 기회와 위기를 하나씩 기술하고, 그 이유를 설명하시오."
2479,5,"본인이 생각하는 하나투어의 고객은 누구라고 생각하며, 그 이유는 무엇입니까? 또한 선택한 고객의 로열티를 강화 할 수 있는 방안을 구체적으로 기술하시오."
2480,5,"국내 보험산업의 현재 상황을 나타낼 수 있는 사자성어를 제시하고, 그 이유를 기술하십시오. [ 100자 이상 400자 이내 ]"
2481,5,"KB생명보험의 핵심가치에 기반한 행동역량(고객가치지향, 도전정신, 전문성) 중 본인을 나타내는 가치와 그 이유를 보여주는 경험을 기술하십시오. 100자 이상 400자 이내"
2482,5,최근 사회이슈 중 중요하다고 생각되는 한 가지와 이에 대한 자신의 견해 (1000자 이내)
2483,5,항공기발전에서 중요한 것
2484,5,"CJ헬로비전의 서비스(상품) 중 가장 선호하는 것을 선정하여, 타사 유사 서비스(상품) 대비 강점 및 보완점을 기술하세요. (500자)"
2485,5,풀무원의 인재상 H.O.P.E. 중에서 본인이 생각하는 가장 우선시 되는 가치는 무엇이라고 생각하는지 서술하시오. (100~400자)
2486,5,정직함에 대하여. (800byte)
2487,5,"본인이 회사를 선택할 때의 기준은 무엇이며, 왜 현대자동차가 그 기준에 적합한지를 기술해 주십시오. (최대 1000 자 이내로 작성)"
2488,5,대학교 및 사회활동경험 [1000 Bytes 이내]
2489,5,"[서비스 정신과 올바른 예절] 본인이 경험한 최고의 서비스, 최악의 서비스에 대해 기술하고, 그렇게 판단한 근거 및 사유에 대해 설명하시오.(600자 이내)"
2490,5,순천향의 인재상 (600자)
2491,5,".현대엔지니어링을 지원한 이유를 설명하시고 현대엔지니어링 내 본인의 vision에 대해 기술하시오 (1,000자)"
2492,5,"고객은 크게 내부고객(가족,친구,상사,동료 등)과 외부고객(손님,발주처 관계장 등)으로 나눌 수 있습니다. 고객을 만족시키기 위한 본인의 최우선 가치는 무엇이며, 이를 실행하기 위해 본인이 준비해 왔던 사항을 구체적으로 기술해 주십시오. (1,000자)"
2493,5,"당신의 전공 분야와 융합했을 때, 가장 높은 시너지를 낼 수 있는 분야를 선택하고, 그 이유와 예상되는 시너지 효과에 대해 기술하시오. (1000바이트)"
2494,5,정직함에 대하여. (800 byte)
2495,5,"고객상담 업무에 대한 본인의 생각과, 업무와 관련한 본인의 장단점에 대해 말씀해 주세요. (1000자)"
2496,5,"본인이 쿠팡에 대해 겪은 경험을 바탕으로, 쿠팡의 서비스에서 추가되거나 변경됐으면 하는 점에 대해 말씀해 주세요. (1000자)"
2497,5,쿠팡의 핵심가치 중 WOW에 해당하는 경험을 타인에게 제공한 사례가 있다면 말씀해 주세요. (1000자)
2498,5,직장을 선택함에 있어서 중요하게 생각하는 점과 KDB대우증권을 선택한 이유를 서술하시오
2499,5,"본인이 타인에게 제공한 최고의 `서비스`에 대해 쓰고 이를 KDB대우증권에서 적용할 수 있는 방안에 대해 서술하시오. 회사와 연관 짓기 3,4 번이랑 이으면 더 좋음"
2500,5,귀하가 생각하는 호텔과 서비스는 무엇인가 서술하여 주십시오
2501,5,"신입 영양사로서 ‘즐건이’라는 목표가 있습니다. ‘즐건이’란 급식이 즐겁고, 건강하고, 이익을 창출해야 한다는 것입니다."
2502,5,대림에서 본인이 기여 하고자 하는 부문은 무엇입니까?
2503,5,"본인이 생각하는 `고객만족`이란 무엇인지 정의하고, 향후 경동의 일원으로서 어떻게 이를 실현할 계획인지 서술하시오. (600자 이내)"
2504,5,"글로벌 일류 기업이 갖추어야 할 요건을 제시하고, 이와 관련하여 경동이 향후 나아가야 할 방향에 대해 서술하시오. (600자 이내)"
2505,5,KB국민은행을 표현하는 ‘사자성어’를 제시하고 그 이유를 약술하십시오. [200자 이내]
2506,5,대학교직원에 대한 본인이 알고 있는 지식 혹은 생각
2507,5,"어학 및 OA 능숙도 - 어학 : 자격증명(점수 혹은 등급) - 엑셀 ( ), 파워포인트 ( ), 워드 ( ), 한글 ( ) [상중하] 표기 - 기타특기"
2508,5,"4. 최근 관심사 (전공, 취미, 사회이슈 등)"
2509,5,본인이 생각하는 좋은 회사의 기준은 무엇인지 적어보세요.
2510,5,"『공급자와(항공사, 호텔 등)의 교섭력강화』가 여행상품가격 및 여행기업의 수익에 미치는 일반적인 영향은 무엇이고 교섭력 강화를 위해 『상품MD직무』 차원에서 취해야 할 『비수기 판매전략』에 대하여 지원자의 생각을 기술하세요."
2511,5,귀하께서 생각하시는 ‘일’이란 어떤 의미인지 기술해주십시오.
2512,5,최근 사회이슈 중 중요하다고 생각되는 한가지를 선택하고 이에 관한 자신의 견해를 기술해 주시기 바랍니다. [1000]
2513,5,"경마의 경쟁상품은 경륜, 경정 등입니다. 여기에 로또, 카지노 등이 더해지면 경마의 경쟁력은 장담할 수 없습니다. 베팅 상품 측면에서는 로또보다 열세이며, 스포츠로서의 박진감측면에서는 경륜과 경정에 힘겨운 우세에 있습니다. 경마상품의 스포츠적인 흥미와 관심, 박진감을 높일 수 있는 방안을 제안해 보세요."
2514,5,10년 후 판매서비스에서의 나의 모습을 그려보세요.
2515,5,리조트 산업분야의 미래 성장성에 대해 어떻게 생각하는지 서술하여 주십시오. (500자 이내)
2516,5,"당신이 생각하는 한화호텔앤드리조트는 어떤 회사인지, 당사 또는 유사 타기업 업장을 방문했던 경험이 있다면 이를 활용하여 기술하여 주십시오. (500자 이내)"
2517,5,한화그룹의 핵심가치에 대해 알고 있는 것을 자유로이 서술하여 주십시오. (500자 이내)
2518,5,"당신은 서류전형에 통과하였고, 면접을 보러 가는 길에 횡단보도의 빨간 신호에 걸렸습니다. 마침 도로에 차량은 없는 상황이며, 지금 무단횡단을 하지 않으면 지각하여 면접에서 탈락됩니다. 이 때, 당신이라면 어떻게 하겠습니까? 어떤 기준으로 판단할건지 기술해주시고, 자신의 경험을 예로 들어 설명하여 주십시오. (500자 이내)"
2519,5,본인의 경력과 경험을 바탕으로 골프존에서 실현할 비전(Vision)에 대하여 상세하게 기술하여 주시기 바랍니다.
2520,5,해외현장 등 열악한 환경 극복을 위한 각오
2521,5,최근 사회이슈 중 중요하다고 생각되는 한 가지를 선택하고 이에 관한 자신의 견해를 기술해 주시기 바랍니다. (1000)
2522,5,도레이 첨단소재와 함께 당신이 이루고 싶은 꿈은 무엇입니까? (500자)
2523,5,Ahnlab에서 하고 싶은 일
2524,5,"[인상 깊었던 강의] 직무와 관련된 전공 수업 중 대표적인 2~3개의 강의명, 학점, 교수, 수강시기, 타인에게 설명 가능한 인상 깊은 내용을 기술하세요. (입력 예시) 공학수학, A, 한화인, 2014-2"
2525,5,[한 우물만 판 바보]
2526,5,대한제강의 인재상 중 가장 닮은 것
2527,5,직무선택동기 (구체적
