rank,cluster_id,question
1,2,채용공고 상의 수행 직무 및 본인이 희망하는 관심 직무와 관련하여 전문가가 되기 위한 노력(프로젝트 경험 등)을 구체적으로 기술하시오.
2,2,(선택) 빅데이터 관련 역량을 개발하기 위해 수행한 노력을 본인의 경험 및 경력을 기반으로 기술하시오.
3,2,백엔드 개발자로서 역량 향상을 위해 어떤 노력을 했고 가장 중요시하는 부분이 무엇인지와 그 이유를 서술하여 주십시오.
4,2,자신이 진행했던 프로젝트를 기술하고 본인이 기여한 부분을 구체적으로 서술하여 주십시오.
5,2,"역량 또는 경력 추가 기술 (양식, 분량 자유)"
6,2,본인이 지원한 분야에서 그 일을 남들보다 잘할 수 있는 차별화된 능력과 경험이 무엇인지 서술하여 주시기 바랍니다.
7,2,"지원 직무와 관련하여 어떠한 역량을(지식/기술 등) 강점으로 가지고 있는지, 그 역량을 갖추기 위해 무슨 노력과 경험을 했는지 구체적으로 작성해 주시기 바랍니다."
8,2,본인이 지원하는 직무에 있어 다른 지원자와는 차별화된 역량 및 그와 관련된 경험 혹은 경력을 기술하여 주십시오.
9,2,"해당 직무에 지원하신 이유, 본인이 적합하다고 판단하는 근거, 관련 산출물 등을 작성해 주세요."
10,2,지원 직무를 성공적으로 수행하기 위해 가장 중요하다고 생각하는 역량이 무엇인지 제시한 후 그 역량을 갖추기 위해 본인이 노력한 사례를 기술해 주시기 바랍니다.
11,2,"희망 직무에 대해 본인이 이해한 내용을 서술하고, 본인이 해당 직무에 적합한 사유(전공능력, 경력 등)를 구체적으로 기술하시오."
12,2,"지원한 직무와 관련된 본인의 활동, 경험 및 성과 등을 설명하고, 해당 경험이 희망 직무 수행 시 어떻게 활용될 수 있는지 기술해 주십시오. (800자 이내)"
13,2,"지원 직무와 관련된 협업 경험을 본인이 수행한 역할 중심으로 제시하고, 해당 경험을 통해 무엇을 얻었는지 기술해 주십시오. (최대 500자 입력 가능)"
14,2,지원 직무와 관련해서 본인의 대표적인 연구/Project 수행 경험에 대해 구체적으로 기술해 주십시오. (최대 500자 입력 가능)
15,2,본인의 AI 개발 역량이나 관련 지식 및 보유 Skill 등에 대해 구체적으로 기술해 주십시오. (최대 500자 입력 가능)
16,2,지원 직군과 관련한 성공 경험 또는 입사 후 직무 관련 성과 창출을 위해 본인이 지금까지 개발한 역량 및 노력에 대해 기술해 주시기 바랍니다.
17,2,"[전문성] 자신의 역량 강화를 위해 어떤 노력을 하였으며, 그 결과 갖추게 된 능력이나 역량에 대해 기술해 주십시오."
18,2,"본인이 지원한 직무(채용분야)를 선택한 이유는 무엇이며, 해당 직무에 필요한 역량을 갖추기 위해 어떠한 준비를 하였는지 본인이 보유한 경력, 지식 또는 경험을 바탕으로 설명하고, 타 지원자와 차별되는 강점은 무엇인지 기술해 주십시오."
19,2,"한국무역보험공사 인재상 4가지(전문인, 국제인, 혁신인, 윤리인) 중에서 본인과 가장 부합하는 인재상과 본인이 가장 보완할 필요가 있다고 판단하는 인재상은 무엇인지, 그 이유를 본인의 경험, 노력 등 구체적인 근거를 들어 기술해 주십시오."
20,2,"한국은행에서 업무를 수행하기 위해 본인이 자신 있게 내세울 수 있는 역량은 무엇이며, 동 역량을 갖추기 위한 노력 과정과 동 역량이 한국은행의 어떠한 업무에 어떻게 기여할 수 있을지 기술하시오."
21,2,금융보안원 업무 수행과 관련하여 본인이 보유한 역량 및 기술을 자유롭게 기재하여 주십시오. (4개 이하 기재)
22,2,지원하신 직무와 관련하여 본인이 키웠던 대표적인 역량을 소개하고 이를 계룡건설에서 어떻게 접목하고 기여하고 싶은지 기술하세요. (1500바이트 이내)
23,2,"현장 근무 시 가장 걱정되는 부분이 있다면 말씀해 주시고, 그 어려움을 극복하기 위한 본인만의 노하우가 있다면 기재 바랍니다. (1500바이트 이내)"
24,2,자신이 지원한 분야에서 뛰어난 전문가가 되기 위해 기울이고 있는 노력에 대해 서술해 주십시오. (자기개발 능력) (500자 이내)
25,2,"중요한 일을 처리할 때, 어떠한 방식으로 계획을 세워서 일을 처리하는지에 대해 개인적 경험을 기반으로 서술해 주십시오. (자원관리능력) (500자 이내)"
26,2,"입사지원한 분야 관련 교육, 경력, 경험 사항에 대해 기술해 주시기 바랍니다. (작성 안내 문구 참고) (500자 이내)"
27,2,본인이 지원하고자 하는 직무 분야와 관련하여 어떠한 역량을 갖추고 있는지 기술하고 이를 통해 어떻게 한국영상자료원에 기여할 수 있는지 기술해 주십시오. (500자 이내)
28,2,본인이 관심 있는 분야에 대해 알기 위해 지식이나 정보를 수집하고 분석하는 등의 노력을 기울였던 경험을 기술해 주십시오. (500자 이내)
29,2,지원한 직무 관련한 본인의 역량(지식/Skill/Tool 등)과 직무에 대한 열정/노력에 대해 기술해 주십시오. (800자 이내)
30,2,"본인이 지원한 직무와 관련한 경험(금전적 보수 없음) 혹은 경력(금전적 보수 있음)에 대해 기술해 주시기 바랍니다. 다양한 활동(학교, 회사, 동아리, 동호회 등)을 통해 지원한 직무와 관련하여 쌓은 경험 또는 경력사항에 대해 작성해 주십시오."
31,2,"본인이 한국수력원자력의 인재상에 맞는 인재가 되기 위해 어떤 면에서 준비가 되어 있으며, 해당 능력을 개발하기 위해 어떠한 노력을 하였는지 구체적인 사례를 아래 세부 항목에 따라 작성해 주십시오."
32,2,"본인이 한국공항공사의 인재상과 직무에 맞는 인재가 되기 위해 어떠한 면에서 준비가 되어 있으며, 해당 능력을 갖추기 위해 어떠한 노력을 하였는지 작성해 주십시오."
33,2,콜마그룹 인재상 4성 5행 중 각 1개씩 선택하여 선택한 가치를 발휘했던 경험을 구체적으로 기술해 주세요.
34,2,"지원한 직무에 필요한 ① 핵심 역량 혹은 전문지식 2가지를 선정하여 그 이유를 간략히 기술하고, ② 그것을 개발하기 위한 도전, 시행착오나 성취를 구체적으로 말씀해 주세요."
35,2,지원 직무에서 본인이 발휘할 수 있는 역량과 전문성을 어필해 주세요.
36,2,가장 관심 있게 들었던 전공과목과 해당 과목에서의 본인 장점
37,2,희망 직무를 수행하기 위해 준비한 것과 직무와 관련된 본인 역량
38,2,"*[직무 경력 및 경험] 지원자의 직무관련 경력 및 경험에 대해 상세히 기술해 주십시오. 구체적으로 본인이 수행한 활동 조직, 역할 및 구체적 활동 내용, 주요 결과에 대해 작성해 주시기 바랍니다."
39,2,"본인의 특기와 장점을 소개해 주시고, 이것을 통해 어떻게 회사에 기여할 수 있는지 지원 동기를 서술해 주세요."
40,2,지원 분야를 수행하기 위해 어떠한 노력을 했는지 서술해 주세요.
41,2,"본인이 자신 있게 내세울 수 있는 역량은 무엇이며, 이러한 역량을 갖추기 위해 노력한 과정과 동 역량이 SGI서울보증의 어떠한 업무에 기여할 수 있는지 기술하여 주시기 바랍니다."
42,2,입사지원 분야와 관련한 본인의 경험을 기술하시오.
43,2,"지원한 직무를 수행하기 위해 필요한 핵심 역량은 무엇이라고 생각하며, 그 이유에 대해 설명해 주십시오. 또한 해당 역량을 갖추기 위해 본인이 어떤 노력을 하였는지 기술해 주십시오."
44,2,지원 분야와 관련된 지식이나 경험을 기재하여 주십시오.
45,2,"[자기개발] 현재뿐만 아니라 향후에 필요한 지식, 경험, 기술 등을 적극적으로 습득하여 미래를 준비하며 꾸준히 발전한다. (A, B 중 택 1) A. 자신이 자기개발을 꾸준히 하는 사람임을 입증할 수 있는 사례(경험)와 그 근거를 구체적으로 작성해 주시기 바랍니다. B. 자신이 지원한 분야에서 뛰어난 전문가가 되기 위해 기울이고 있는 노력에 대해 구체적으로 작성해 주시기 바랍니다."
46,2,"귀하가 자신의 전문성을 높이기 위해 노력한 것을 아래 (가), (나)의 내용에 맞춰 기술해 주시기 바랍니다. (가) 자신의 분야에서 뛰어난 전문가가 되기 위해 본인이 ‘노력한 것’ 기술 (나) 노력한 결과 본인이 얻게 된 것과 전문성을 더욱 높이기 위한 계획에 대해 기술"
47,2,[경력 및 경험 기술서] 귀하의 지원 분야와 관련된 경력 또는 경험에 대해서 기술해 주시기 바랍니다. 가) 경력 : 금전적 보수를 받고 수행한 활동 기술 나) 경험 : 금전적 보수를 받지 않고 수행한 활동 기술 (이 질문만 1000자 이내)
48,2,"그동안 쌓은 지식, 능력, 활동 및 경험 등을 기반으로 지원한 직무에 본인이 가장 적합하다는 것을 구체적인 업무 내용과 매칭하여 말씀해 주세요. (최대 500자 입력 가능)"
49,2,"지원한 직무 관련 본인이 갖고 있는 전문지식/경험을 작성하고, 이를 바탕으로 본인이 지원 직무에 적합한 사유를 구체적으로 서술해 주시기 바랍니다 (1000자)"
50,2,영업전문직 직무의 핵심 역량에 대한 본인의 생각과 본인이 적합한 이유를 기술하여 주십시오. (700자 이내)
51,2,"지원 직무에 요구되는 역량은 무엇이라고 생각하며, 이를 갖추기 위해 어떠한 노력을 해 왔는지 기술해 주십시오. 700자"
52,2,자기소개서 내 출신 학교를 기재하거나 유추할 수 있는 문구를 포함하지 않도록 유의해주시기 바랍니다. (올바른 입력 예. OO대학교) 현대캐피탈에 지원하게 된 동기와 지원 직무에 필요한 역량을 기르기 위해 노력했던 경험을 기술해 주십시오.
53,2,자신의 강점 한 가지를 바탕으로 희망 직무에서 발휘될 수 있는 성과에 대해 기술해 주시기 바랍니다.
54,2,"지원하신 직무가 무엇을 하는 일이라고 생각하시는지, 본인의 정의를 기술해 주십시오. 직무수행에 필요한 역량/지식을 갖추기 위해 학업 또는 학업 외적으로 어떤 준비를 하셨는지 구체적 사례 중심으로 작성해 주세요."
55,2,"전공과목- 지원직무와 관련된 가장 흥미로웠던 전공 과목 Guide> 수강했던 전공 과목 중 지원 직무와 관련하여 가장 흥미로웠던 주제(한 가지)에 대해서 설명해주세요. (선정배경, 주제요약, 학점 등 포함) (1000자)"
56,2,"직무관심도 및 역량- 지원직무에 대한 관심 및 보유 직무 역량 Guide> 지원직무에 관심을 가지게 된 계기(수강과목, 동아리 등 교내외활동 등) 및 관심 직무 관련 자신만의 차별화된 강점이나 역량을 기재하면 좋습니다. (1000자)"
57,2,"지원한 동기를 기술하고, 직무 수행에 필요한 역량 2가지를 제시하고 그 역량을 쌓기 위한 노력을 구체적으로 작성해 주시기 바랍니다. (1,200자)"
58,2,"지원한 직무에 전문성을 갖추기 위하여 어떠한 노력을 기울였으며, 그 결과 타인과 차별화된 본인만의 역량은 무엇인지 기술해 주십시오. (500자)"
59,2,"지원한 직무는 무엇입니까? 해당 직무의 전문가가 되기 위해서 입사 후 어떤 노력이 필요한지 작성하여 주십시오. (1,000자)"
60,2,"해당 직무를 잘 수행하기 위해 필요하다고 생각하는 역량을 자신의 경험을 바탕으로 작성하여 주십시오. (1,000자)"
61,2,"직무수행능력의 차별화된 경쟁력(Competitiveness)/ 귀하가 재단의 직무를 수행함에 있어 타인과 비교하여 차별화된 핵심 경쟁력이 무엇인지 기술하고, 해당 경쟁력을 보유하게 된 경력 또는 경험을 기술해주십시오."
62,2,"직무수행을 위한 지식 및 기술(Knowledge & Skill)/ 재단의 지원 직무를 수행함에 있어 필요한 핵심 지식(knowledge)과 기술(Skill)이 무엇인지 기술하고, 이러한 지식과 기술을 보유하게 된 경력 또는 경험을 기술해주십시오."
63,2,"본인이 지원한 직무에 가장 중요하다고 생각하는 역량에 대해 기술하고, 그 역량을 갖추기 위해 본인이 무엇을 준비했는지 기술해주세요."
64,2,가장 관심있게 들었던 전공 과목과 해당 과목에서의 본인 장점.
65,2,희망 직무를 수행하기 위한 준비한 것과 직무와 관련된 본인의 역량.
66,2,지원하신 직무를 수행하기 위해 필요한 역량을 기르고자 어떤 노력을 했는지 구체적인 사례에 근거하여 서술해주세요. [250~ 500자]
67,2,(경력/경험) 본인의 역량을 설명할 수 있는 경험을 소개해주세요. (최대 500자 입력가능)
68,2,지원분야를 선택한 이유와 이 직무에 본인이 적임자로 설명할 수 있는 근거를 경험을 바탕으로 서술하여 주십시오.
69,2,지원한 직무를 수행함에 있어 예상되는 어려움과 이를 극복해 나갈 수 있는 본인만의 강점을 관련 경험 기반으로 서술해주세요. (800자)
70,2,"지원하신 직무에 지원한 동기는 무엇이며, 해당 직무에 대하여 본인이 가지고 있는 강점을 구체적 사례와 함께 말씀해 주십시오.(700자)"
71,2,본인이 지원한 직무와 관련된 이슈를 선정하여 그에 대한 본인의 생각을 기술해 주십시오.(700자)
72,2,지원 분야와 관련하여 특정 영역의 전문성을 키우기 위해 꾸준히 노력한 경험에 대해 서술해 주십시오. / 전문성을 높이기 위한 학습 과정/ 전문성 획득을 위해 투입한 시간 및 방법/ 습득한 지식 및 기술을 실전적으로 적용해 본 사례/ 전문성을 객관적으로 확인한 경험/ 전문성 향상을 위해 교류하고 있는 네트워크/ 경험의 진실성을 증명할 수 있는 근거가 잘 드러나도록 기술) (700~1000 자 10 단락 이내)
73,2,"우리 회사의 인재상 중 본인에게 가장 어울리는 인재상을 고르고, 해당 인재상을 통해 성취감을 느꼈던 경험을 기술하십시오."
74,2,"지원한 직무에 필요한 역량 중 본인이 가진 강점을 기술하고, 그 강점을 유지 또는 향상시키기 위해 어떤 것들을 했는지 설명하십시오."
75,2,역량과 흥미 기반의 업무 배분
76,2,"정보원의 직원으로서 지켜야할 직업윤리는 무엇이며 해당 직업윤리를 지킨 사례에 대해 기술하여 주십시오. 가능한 지원분야의 직무와 연계하여 기술하며, 사례에 대한 자세한 상황과 어떻게 직업윤리를 지켰는지, 어려운 점은 무엇이었는지 등 구체적으로 기술하여 주십시오."
77,2,"본인이 해당 직무에 적합한 이유를 경험, 경력, 개인의 역량 등과 연계하여 사례 중심으로 기술하시오. (600자)"
78,2,"본인이 해당 직무에 적합한 이유를 경험, 경력 등과 연계하여 사례 중심으로 기술하시오."
79,2,나의 Career (전 근무지 경력위주로 상세하게)
80,2,지원 직무를 성공적으로 수행하기 위해 어떤 노력과 경험을 하였는지 서술해 주십시오.(최대 600자 입력가능)
81,2,"지원 직무 관련 자신이 갖춘 역량에 대하여 구체적으로 기술하여 주십시오(최대 1,000자 입력가능)"
82,2,"내세울 만한 장기가 있다면 어떤 것이 있으며, 그 분야에서 최고가 되기 위한 자기개발 노력에 대해 기술하여 주십시오."
83,2,본인이 성공적으로 수행했던 프로젝트/과제 또는 본인에게 큰 영향을 미친 활동/경험을 지원직무와 연결하여 기술하여 주십시오.
84,2,"본인의 장.단점과 입사 후 장점은 어떻게 활용되고, 단점은 어떻게 보완하며 개선할 수 있겠는지를 기술하세요"
85,2,지원 분야에서 가장 필요하다고 생각되는 역량과 해당 역량을 향상 시키기 위해 어떠한 노력을 기울여 왔는지 기입해 주십시오.
86,2,지원한 분야와 관련된 본인의 보유 역량을 기술하시오. (500자 내외)
87,2,"지원한 분야와 관련된 본인의 경험(학교생활, 동아리활동, 직장생활 등)과 성과를 기술하시오. (500자 내외)"
88,2,지원분야의 관련 직무를 수행한 경력 또는 경험 중 대표적인 것에 대하여 기술해 주십시오 경력은 금전적 보수를 받고 일정기간 근무했던 이력을 말하며 경험은 금전적 보수가 없는 직업 외적인 활동 즉 산학협력 팀프로젝트 동아리 동호회 재능기부 등 다양한 활동을 말함 경력을 기술할 경우에 구체적인 직무영역 활동 경험 수행 내용 본인의 역할 및 구체적인 행동 주요 성과에 대하여 작성해주시고 경험을 기술할 경우 구체적으로 본인의 학교교육 또는 직업교육 등 학습경험 혹은 수행한 활동 내용 소속 조직이나 활동에서의 역할 활동결과에 대해 작성해 주시기 바랍니다
89,2,최근 5년간 지원분야에 필요한 직무능력과 전문성을 향상시키기 위해 어떻게 노력했는지 사례를 중심으로 기술해 주십시오
90,2,우리공사의 인재상인 열정인재 전문인재 정도인재 소통인재 와 관련하여 한 가지를 선택 본인의 역량과 관련하여 기술해 주십시오
91,2,"지원하신 직무를 수행하기 위해 필요한 역량을 기르고자 어떤 노력을 했는지 구체적인 사례에 근거하여 서술해주세요. [250~ 500자] Guide> 어떤 역량인지/ 역량을 기르기 위한 학습방법, 경험, 기간 등/ 적용사례/ 활동 단체나 네트워크 등 경험의 사실관계를 확인할 수 있도록 세부적으로 작성"
92,2,"지원한 직무와 관련하여 본인만의 경쟁력은 무엇이며, 이를 얻기 위해 노력했던 구체적인 사례를 작성해 주세요"
93,2,"지원분야와 관련된 본인의 강점은 무엇인지 기술하고, 직무수행 과정에서 본인의 강점을 어떻게 활용할지 구체적으로 작성해 주십시오."
94,2,주요 활동이나(실적 중심 기술) 본인만의 특별한 경험이 있다면 기술해 주십시오
95,2,"본인이 가지고 있는 차별화 된 강점 또는 역량이 있다면 사례를 바탕으로 기술해주시고, 이를 통해 협회에 어떻게 기여할 수 있을 것인지 작성해주십시오."
96,2,"지원한 직무 분야와 관련하여 본인이 가장 자신 있는 필요지식이나 기술을 제시하고, 이를 활용해 특정 과업 또는 과제를 해결했던 사례에 대해 기술해 주십시오. (500자 이내)"
97,2,재단의 직무를 수행함에 있어 본인이 가지고 있는 차별화된 경쟁력이 무엇인지 기술해 주십시오.
98,2,"본인이 가지고 있는 역량 중 가장 뛰어나다고 생각하는 역량과 그 역량 개발에 가장 도움이 되었던 경험 또는 활동을 작성하고, 해당 역량이 지원한 직무에서 어떻게 활용될 수 있는지 작성하여 주십시오. (700자 이내)"
99,2,"최근 3년간 지원분야에 필요한 직무능력, 전문성을 향상시키기 위해 어떻게 노력했는지 사례를 중심으로 기술해 주십시오."
100,2,지원 분야와 관련한 전문성 확보를 위해 노력한 경험에 대하여 기술해 주십시오
101,2,직무경험 : 희망 직무 준비과정과 희망직무에 대한 강점과 약점을 기술해 주세요.(실패 또는 성공사례 중심으로)
102,2,"해당 직무를 수행하기 위해 필요한 역량은 무엇이며, 이 역량을 갖추기 위해 어떠한 노력을 해왔는지(학습사항, 학위 및 전공 등) 사실에 근거하여 설명해주십시오. 또한 지원직무와 관련해 본인만의 차별화된 지식과 경험을 구체적으로 기술하여 주십시오."
103,2,직무분야와 관련한 연구개발 수행(또는 실무경력)을 통해 어떠한 성과를 창출했으며 그 우수성을 사실에 근거하여 기술하여 주십시오.
104,2,"수행예정 직무를 선택하게 된 배경, 직무를 수행함에 있어서 예상되는 어려움, 이를 극복할 수 있는 본인만의 강점에 대해 기술하십시오.?(최대 600자 입력가능)"
105,2,(에너지기술을 선도하는 Expert) 지원하신 직무 관련 전문성을 키우기 위해 노력한 경험에 대해 기술해 주십시오. 또한 이를 바탕으로 한국전력기술의 발전에 기여할 수 있는 바를 기술해 주십시오.
106,2,"(지원포부) 한국토지주택공사의 어떤 사업에 관심이 있으며 어떤 부분에 기여하고 싶은지, 본인의 주요 직무 역량 및 강점을 기반으로 기술해 주십시오."
107,2,"(경험 및 경력활동) 본인의 전문성 또는 역량 향상에 가장 도움이 되었던 경험, 경력, 활동을 먼저 기술하고, 귀하가 지원한 직무를 수행하는데 어떻게 활용(도움)이 될 수 있는지 기술해 주십시오."
108,2,지원분야와 관련한 능력을 키우기 위해 지원자 스스로 노력한 경험을 기술하십시오.
109,2,본인이 지원한 직무분야에서 필요하다고 생각하는 기술과 향후 해당 기술을 업무에 적용하기 위한 구체적인 계획을 작성해주십시오.
110,2,"해당 직무에 지원한 동기와 해당 직무에 본인이 적합한 이유 및 근거를 본인의 경험, 전공 등과 연계하여 서술하여 주십시오."
111,2,"기술보증기금의 인재상은 이공계, 상경계, 법학적 직무 역량을 갖춘 융합형 인재입니다. 이 중 본인이 강점을 가지고 있는 직무 역량을 한 가지 선택하고, 1)해당 직무 역량을 키우기 위해 어떤 노력을 해왔는지 본인의 경험에 기초하여 설명해 주십시오. 2)선택하지 않은 직무 역량을 어떻게 개발해 나갈 것인지 구체적으로 기술해 주십시오. (300~1,000자 이내)"
112,2,지원한 직무를 성공적으로 수행하기 위해 필요한 핵심역량은 무엇이라고 생각합니까? 현재 귀하는 어느 정도의 역량을 갖추었는지 관련 경험에 근거하여 기술해 주시기 바랍니다. (700자 이내)
113,2,[직무역량] 지원 분야와 관련하여 본인만이 가진 강점과 관련 영역의 전문성을 키우기 위해 노력한 경험에 대해 구체적으로 서술해 주세요.
114,2,"지원분야의 직무를 수행함에 있어서 요구되는 역량이 무엇이라고 생각하며, 이 역량을 갖추기 위한 노력 또는 특별한 경험을 구체적으로 기술하시오."
115,2,"그동안 쌓은 지식, 능력, 활동 및 경험 등을 기반으로 지원한 직무에 본인이 가장 적합하다는 것을 구체적인 업무 내용과 매칭하여 말씀해 주세요."
116,2,귀하가 지원한 직무의 역량을 발전시키기 위해서 도전했던 경험 또는 프로젝트를 서술해주세요. 500자
117,2,지원 직무에서 차별되는 본인만의 강점을 서술해 주십시오.
118,2,해당 분야 업무 수행에 적합한 지원자로서의 본인의 장점 및 준비된 노력에 대해서 작성해 보십시오
119,2,"본인의 핵심 역량을 현재까지의 경험에 근거하여 작성하고,지원직무에 어떻게 활용할 수 있을지 구체적으로 서술하시오(1000자)"
120,2,"[직무에세이] 1-1. 한전KPS에 지원한 동기(관심을 가지게 된 계기, 시기)와 본인이 가지고 있는 직무관련 역량 또는 경험을 상세하게 기술해주시기 바랍니다(500자)"
121,2,[직무에세이] 1-2. 1전의 사항을 바탕으로 한전KPS에서 수행하고 싶은 직무에 대하여 기술해주시기 바랍니다(500자)
122,2,"공동의 목표를 달성하기 위해 가장 중요하다고 생각되는 역량 2가지를 선정하고, 그 이유와 해당 역량을 발휘하여 목표를 달성한 경험에 대해 구체적으로 서술해 주십시오 (600자)"
123,2,"지원 직무에서 가장 중요하다고 생각하는 가치를 3가지 선정하고 그렇게 선정한 이유와 그 중 본인이 가장 강점이라고 생각하는 가치와 관련된 경험, 본인만의 차별화된 경험 등을 구체적인 사례를 들어 서술해 주십시오(1000자)"
124,2,"지원한 직무 관련 본인이 갖고 있는 전문지식/경험(심화전공, 프로젝트, 논문, 공모전)을 작성하고, 이를 바탕으로 본인이 지원 직무에 적합한 사유를 구체적으로 서술해 주시기 바랍니다(1000자)"
125,2,"(지원동기) 자신의 지원분야에 전문성을 높이기 위한 노력(구체적 과정, 경험 등 포함)과 이를 잘 수행할 수 있다고 생각하는 이유를 담아 지원동기를 작성해 주십시오. 또한 과거의 교육과정이나 경력들이 지원분야 업무와 어떤 관련성이 있는지와 그러한 전공지식, 기술 및 경험들이 실제 업무수행에 어떤 방식으로 도움을 줄 수 있는지 구체적으로 기술해 주십시오.(1500자)"
126,2,지원 직무 관련 담당자가 반드시 갖춰야할 자세와 역량에 대해 기술하여 주시기 바랍니다. 이와 관련하여 지원자 본인은 어떠한 강점이 있는지도 함께 서술하여 주시기 바랍니다.(700자)
127,2,"지원 직무 수행에 필요한 핵심역량은 무엇이라고 생각하는지 그 이유와 함께 소개하고, 그 역량을 갖추기 위해 어떠한 노력을 준비하였는지 구체적으로 기술하여 주십시오(600자)"
128,2,"귀하가 자신의 전문성을 높이기 위해 노력한 것을 아래 (가), (나)의 내용에 맞춰 기술해 주시기 바랍니다. (가) 자신의 분야에서 뛰어난 전문가가 되기 위해 본인이 ‘노력한 것’기술 (나) 노력한 결과 본인이 얻게된 것과 전문성을 더욱 높이기 위한 계획에 대해 기술"
129,2,지원하게 된 동기와 본인이 잘 할 수 있는 이유에 대해 강점과 경험에 근거해 구체적으로 작성해 주세요. (최대 500자)
130,2,지원하신 직무를 수행하기 위해 필요한 역량을 기르고자 어떤 노력을 했는지 구체적인 사례에 근거하여 서술해주세요. [500자]
131,2,"2. 지원한 직무와 관련하여 어떠한 역량(지식/기술)을 강점으로 가지고 있는지, 그 역량을 갖추기 위해 무슨 노력과 경험을 했는지 구체적으로 작성해주시기 바랍니다."
132,2,지원한 직무를 수행하기 위한 역량을 갖추기 위해 어떤 노력을 했는지 작성해 주세요. (1000자)
133,2,"지원 직무에 지원한 동기와 이를 수행하기 위해 본인이 쌓아온 노력(지식, 경험, 기술 등)을 기술해 주십시오"
134,2,해당 직무에 지원한 이유 및 직무 수행을 위해 본인이 갖추고 있는 역량을 기술하시오
135,2,"지원 직무 수행 시 필요한 역량은 무엇이며, 이를 갖추기 위해 어떤 노력을 해왔나요? ① 지원 직무 수행 시 필요하다고 생각하는 역량, ② 해당 역량을 갖추기 위한 그동안의 노력과 도전, 경험 등을 반드시 포함하여 작성해 주세요."
136,2,"반도체/디스플레이 장비산업에 대하여 어떻게 이해하고 있으며, 지원한 직무 관련 본인이 갖고 있는 전문지식/경험을 작성하고, 이를 바탕으로 본인이 지원 직무에 적합한 사유를 구체적으로 서술해 주시기 바랍니다(1000자)"
137,2,"한전kps에 지원한 동기(관심을 가지게 된 계기, 시기 등)와 본인이 가지고 있는 직무관련 역량 또는 경험을 상세하게 기술해주시기 바랍니다."
138,2,"지원한 직무 관련 본인이 갖고 있는 전문지식/경험을 작성하고, 이를 바탕으로 본인이 지원 직무에 적합한 사유를 구체적으로 서술해 주시기 바랍니다(1000자)"
139,2,지원하고자 하는 직무와 관련하여 본인만의 전문지식 및 능력을 갖추기 위해 노력했던 경험과 그 결과에 대해 작성하시기 바랍니다.
140,2,"지원 직무 관련 자신이 갖춘 역량에 대하여 구체적으로 기술하여 주십시오 (최대 1,000자 입력가능)"
141,2,"본인의 강점과 약점을 언급하시고, 그 강점이 앞으로 당사와 본인의 발전에 어떻게 기여할 수 있는지를 서술해주십시오. (500자 이상 1000자 이내)"
142,2,"[경력 및 경험기술서]입사지원서에 기술한 경력 및 경험사항에 대해 상세히 기술해 주시기 바랍니다. - 구체적으로 직무영역, 활동/경험/수행 내용, 본인의 역할 및 구체적 행동, 주요 성과에 대해 작성해주시기 바랍니다. * [1000자 이내]"
143,2,"(지원 포부) 지원자는 체험형 인턴 과정을 통해 어떤 목표를 이루고자 하는지 아래의 순서에 따라 기술해 주십시오. (240~400) ① 인턴 과정을 통해 달성하고자 하는 목표 기술 ② 그 목표 중 현재 달성한 부분을 기술하고, 앞으로의 계획 기술 ③ LH 체험형 인턴 과정에서 기대하는 바는 무엇인지 기술"
144,2,(경험 및 경력활동) 지원자가 설정한 목표를 이루기 위해 경험한 활동들 중 가장 의미 있었던 사례를 기술해 주십시오. (240~400) ① 사례에 대한 간략한 요약 ② 그 경험이 설정한 목표를 이루기 위한 과정으로 어떤 의미가 있었는지 기술 ③ 지원한 직무를 수행하는데 어떤 관련성이 있는지 기술
145,2,지원한 직무에 대한 역량을 키우기 위하여 노력한 경험에 대하여 서술해 주시기 바랍니다
146,2,"지원분야(직무)와 관련된 경험 또는 경력 중 귀하에게 주어진 역할을 명확히 이해하고 최선을 다하여 소기의 성과를 낸 사항에 대해 역할 ? 행동 - 성과를 중심으로 구체적으로 기술해 주시기 바랍니다. (400자 이상 ~ 700자 이내) - 경험은 일정한 보수를 받지 않고 일했던 내용(동아리, 봉사활동, 공모전 등)이며, 경력은 일정한 보수를 받고 일했던 사항을 의미합니다. - 경험 또는 경력사항에 기재하지 않았더라도 지원 분야와 직접적으로 관련되었거나 직접 관련되지 않았더라도 관련성을 납득할 수 있도록 기술하면 모두 인정 됩니다.(본인이 생각하는 중요도 순으로 기술)"
147,2,"본인의 장/단점과 입사 후 장점은 어떻게 활용되고, 단점은 어떻게 보완 할 수 있겠는지를 기술하세요."
148,2,(조직적합성) 한국표준과학연구원 지원동기 및 입사 후 실천하고자 하는 목표를 다른 사람과 차별화된 본인의 역량과 결부시켜 기술하여 주십시오.
149,2,"(경험기술서1) 본인이 지원한 직무와 관련하여, 경험한 활동은 어떤 내용인지 기술해 주십시오."
150,2,"지원분야 직무기술서'직무수행 내용' 중 본인이 가장 잘 수행할 수 있는 업무 1 가지를 선정하고, 그 이유와 해당분야 전문가가 되기 위한 구체적인 자기계발 계획을 서술하여 주십시오. (600자 이내)"
151,2,"지원부문의 필요한 역량은 무엇이며, 그러한 역량을 갖추기 위해 어떤 노력을 했는지 서술해주세요. (최소 1자, 최대 500자 입력가능)"
152,2,해당 직무를 수행함에 있어서 자신의 장점에 대해 본인 경험을 토대로 기술해주십시오.
153,2,"지원분야의 직무를 수행함에 있어서 요구되는 역량이 무엇이라고 생각하며, 이 역량을 갖추기 위한 노력 또는 특별한 경험을 구체적으로 기술하시오"
154,2,해당하는 직무의 수행과 관련하여 가지고 있는 개인의 장점과 약점을 모두 기술하여 주십시오
155,2,"지원한 직무 관련한 본인의 역량(지식,skill,tool 등)과 직무에 대한 열정/노력에 대해 기술해 주십시오"
156,2,본인의 역량 또는 강점과 이를 협회에서 어떻게 발휘할 것인지 서술하시기 바랍니다.
157,2,"지원 직무와 관련된 협업 경험을 본인이 수행한 역할 중심으로 제시하고, 해당 경험을 통해 무엇을 얻었는지 기술해 주십시오. (최대 500자 입력가능)"
158,2,지원 직무와 관련해서 본인의 대표적인 연구/Project 수행 경험에 대해 구체적으로 기술해 주십시오. (최대 500자 입력가능)
159,2,본인의 AI 개발역량이나 관련 지식 및 보유 Skill 등에 대해 구체적으로 기술해 주십시오. (최대 500자 입력가능)
160,2,"IBK캐피탈의 일원이 되기 위하여 필요한 역량은 무엇이고, 이러한 점을 갖추기 위해 그 동안 준비한 것을 설명하시오."
161,2,"희망하는 직무를 수행함에 있어서 요구되는 역량을 갖추기 위해 어떠한 학습 또는 도전적인 경험을 하였고, 입사 후 이를 어떻게 발전시켜 나갈 것인지 서술하여 주십시오.(800자)"
162,2,"해당 직무의 지원동기를 포함하여, 직무관련 본인이 보유한 강점과 보완점 사례를 통하여 구체적으로 기술해주시기 바랍니다.(1000자)"
163,2,2. 지원 분야와 관련한 전문성 확보를 위해 노력한 경험에 대하여 기술해 주십시오. (600자)
164,2,지원분야와 관련된 지식이나 경험을 기재하여 주십시오.
165,2,"1.? 지원 직무에 요구되는 역량은 무엇이라고 생각하며, 이를 갖추기 위해 어떠한 노력을 해왔는지 기술해 주십시오. 550자"
166,2,"입행 후 다양한 구성원들과 소통 및 협업을 원활히 할 수 있는지에 대해서, 본인이 가진 특성과 강점을 잘 드러낼 수 있는 질문을 만들고, 그에 대한 답변을 기술하여 주십시오"
167,2,지원 분야와 관련한 직무역량을 키우기 위해 노력한 경험(직무관련 교육 또는 경험사항)에 대해 구체적으로 기술해 주시기 바랍니다.
168,2,"본인의 역량을 나타낼 수 있는 주요 전공과목(최대 5개)을 선정하여, 해당 과목에서 습득한 역량 및 성취도(학점)를 기술해 주십시오."
169,2,"채용공고 상의 수행직무 중 본인의 희망직무를 기술하고, 동 직무 수행을 위한 본인의 강점을 구체적으로 기술하시오. (학업(전공), 경험 등을 포함)[ 500자 이상 700자 이내 ]"
170,2,[직무 핵심 역량]
171,2,당사 인재상에 부합하는 본인의 역량 및 경험을 구체적으로 서술하여 주십시오
172,2,"지원한 직무를 수행함에 있어 본인의 강점, 노력, 성과를 사례 중심으로 서술하여 주십시오."
173,2,2. 지원 분야와 관련하여 다양한 분야에서 쌓은 경력 및 경험 활동에 대하여 아래 기준에 따라 상세히 기술해 주시기 바랍니다.2-1. 입사지원서에 기입한 지원 직무와 관련한 경력 및 경험 활동의 주요 내용과 본인의 역할에 대해서 구체적으로 기술해 주십시오. (600byte 이내)
174,2,2-2. 위 경력 및 경험 활동이 우리 병원 입사 후 지원 분야의 직무 수행에 어떻게 도움이 될지 구체적으로 기술해 주십시오. (600byte 이내)
175,2,"자신의 핵심역량은 무엇이며, 이를 위해 어떤 경험을 하였는지 작성하시기 바랍니다. (1000자 이내)"
176,2,본인의 강점과 핵심역량을 바탕으로 지원동기를 작성해 주세요. (100자 이상 - 500자 이내)
177,2,본인의 어떤 경험과 능력을 통해 어떻게 재단에 기여하고 싶은지 들려주세요.
178,2,"지원 직무와 관련하여 역량 및 전문성을 키우기 위해 어떤 활동과 노력을 기울였는지 작성해 주세요. (최대 1,000자 입력가능)"
179,2,"소위 말하는 스펙(학교, 학점, 전공, 어학점수 등)을 제외하고 S-OIL이 귀하를 채용하기 위하여 반드시 알아야 할 것이 있다면 무엇이고 그 이유에 대하여 작성해주세요 (최대 700자 입력가능)"
180,2,직장인으로서 꼭 갖추어야 할 직업윤리는 무엇이라고 생각하는지 본인의 경험 및 가치관에 비추어 작성해 주세요. (최대 300자 입력가능)
181,2,채용공고 상의 수행직무 중 본인이 희망하는 관심직무와 관련하여 전문가가 되기 위한 노력(프로젝트 경험 등)을 구체적으로 기술하시오.
182,2,타인과 차별화되는 나만의 핵심역량
183,2,2. 지원 직무에 본인이 적합하다고 생각하는 이유와 직무수행에 필요한 역량을 기르기 위해 했던 행동 및 활동을 작성해주십시오.
184,2,"4. 지원 직무 또는 본인에 대해서 어필할 수 있는 내용을 자유롭게 작성하시기 바랍니다. [연구직무의 경우 프로젝트, 논문, 습득한 지식, 결과 및 성과 등을 주요내용 위주로 작성]"
185,2,"본인이 지원하는 직무가 왜 중요한지 설명하고, 해당 직무를 수행하는데 있어 본인만의 차별화 된 역량을 구체적으로 기술해 주십시오. (최대 700자 입력가능)"
186,2,지원 분야를 선택한 이유와 본인이 해당 직무에 적합하다고 판단할 수 있는 근거를 구체적인 경험과 함께 소개해주세요.
187,2,"지원하는 직무의 핵심 역량을 정의하고, 해당 역량을 갖추기 위해 노력한 경험과 향후 자신의 커리어를 어떻게 쌓아가고 싶은지 작성해 주세요."
188,2,1. 지원분야를 선택한 이유와 이 직무에 본인이 적임자라고 설명할 수 있는 근거를 경험을 바탕으로 서술하여 주십시오.
189,2,지원하는 직무의 본인만의 역량과 관련 역량을 키우기 위해 노력한 과정을 기술하세요.
190,2,"본인이 가장 좋아하고, 잘할 수 있는 기술이나 능력에 대해 작성해주세요."
191,2,지원 분야 관련 경험 / 인생에서의 성공 및 실패 사례 - 본 문항을 작성할 때 공고에 첨부된 작성 Guide를 참조하시기 바랍니다.
192,2,"지원 직무에서 다른 지원자들과 ‘차별화 되는 강점 키워드’를 해시태그 형태로 표현한 후, 지식, 경험, 성격의 각 강점을 서술하세요. (800자)"
193,2,"지원직무와 관련한 경험 및 역량, 관심사항 등을 토대로 자신을 가장 잘 설명할 수 있는 내용에 대해 서술해 주십시오."
194,2,지원 직무에 관심을 갖게 된 계기와 해당 직무 수행 시 필요한 역량을 키우기 위해 어떠한 경험과 노력을 했는지 작성해 주세요.
195,2,2. 지원한 직무분야와 관련하여 가장 중요하다고 생각하는 역량 2가지와 그 이유에 대해 기술해 주십시오. * 한글 500자 이내 및 16라인 이내로 작성
196,2,"3. 지원한 직무분야의 전문성을 키우기 위해 어떠한 노력과 준비를 해왔으며, 어떻게 농심에 기여할 수 있는지 기술해 주십시오. * 한글 800자 이내 및 18라인 이내로 작성"
197,2,"My Competency 1. 본인의 지원분야와 관련된 경험을 가이드와 같은 형식으로 기술하시기 바랍니다. 2. LG에너지솔루션이 지향해야할 방향성에 대해 논하고, 위의 경험을 바탕으로 해당 직무에 어떻게 기여할 수 있는지 구체적으로 작성해주세요. [예시 가이드] 1-1. 회사/인턴 경력 회사명: OOO 부서명: OO부서 직무: OO 최종직위: OO 근무기간: 2023.01~2023.02 활동내역: - OOO분석 1-2. 대내외활동/공모전 단체명: 기간: 활동내용: 수상내역: 1-3. 전공수업 프로젝트 수업명: 주제: 기간: 활동 내용: 2. LG에너지솔루션이 지향해야 할 방향성에 대해 논하고, 위의 경험을 바탕으로 해당 직무에 어떻게 기여할 수 있는지 구체적으로 작성하세요."
198,2,1. 지원분야과 관련된 본인의 보유 역량을 기술하시오.
199,2,* 모든 질문은 800자 이내 및 20줄을 넘지 않도록 작성 부탁 드립니다. * [선택]외 항목은 각 100Byte 이상 입력하셔야 최종제출할 수 있습니다. 해당 직무의 지원 동기와 본인이 지원 직무에 적합하다는 것을 나타낼 수 있는 강점과 약점을 구체적으로 기술해 주십시오
200,2,"지원 직무 관련 수강과목(전공/교양과목, 최대 2개)을 선정하고, 선정 사유 및 직무 수행 시 어떻게 활용 할 것인지를 기술해 주십시오"
201,2,"2. 지원한 직무를 수행하기위해 필요한 핵심역량은 무엇이라고 생각하며, 그 이유에 대해 설명해 주십시오. 또한 해당 역량을 갖추기 위해 본인이 어떤 노력을 하였는지 기술해 주십시오."
202,2,가장 관심있게 들었던 전공 과목과 해당 과목에서의 본인 장점
203,2,"2. 신용보증기금이 청년인턴에게 기대하는 역량은 무엇이라고 생각하며, 본인이 그 역량에 어떻게 부합하는지 경험 또는 교육사항 등을 포함하여 기술하여 주십시오. (400자 이상 600자 이내)"
204,2,"지원부문과 관련된 경험을 설명하고, 그 경험에서 배운 점을 자세하게 설명해 주세요.500"
205,2,[2-3] 지원분야에 본인이 적합한 이유를 증명하시오.
206,2,지원 직무를 수행하기 위해 그동안 어떤 노력과 경험을 해왔는지 기술해 주시기 바랍니다.
207,2,"2. 지원 직무와 관련하여 어떠한 역량을(지식/기술 등) 강점으로 가지고 있는지, 그 역량을 갖추기 위해 무슨 노력과 경험을 했는지 구체적으로 작성해주시기 바랍니다."
208,2,커머스형 개발자 양성 과정에 지원한 이유와 무엇을 배워가고 싶은지 솔직하게 이야기해 주세요. (필수)
209,2,"지원 분야 관련 본인의 직무 역량 또는 전문성에 대해 기술하고, 입사 후 직무 전문가로서의 성장 Vision을 서술해주세요., 회사에 기여할 수 있는 점, 성장 Vision(경력 개발 계획, 최종 목표 등)을 포함하여 구체적으로 기술)"
210,2,지원분야를 선택한 이유와 이 직무에 본인이 적임자라고 설명할 수 있는 근거를 경험을 바탕으로 서술하여 주십시오.
211,2,"지원 직무에 지원한 동기와 이를 수행하기 위해 본인이 쌓아온 노력(지식, 경험, 기술 등)을 기술해 주십시오 (최대 1,500자 입력가능)"
212,2,"본인이 수행하고 싶은 세부 희망 직무는 무엇입니까? 희망 직무에 요구되는 역량은 무엇이라고 생각하며, 이를 갖추기 위해 어떠한 노력을 해왔는지 기술해 주십시오."
213,2,지원분야 관련 경험을 기술하세요
214,2,현대캐피탈에 지원하게 된 동기와 지원 직무에 필요한 역량을 기르기 위해 노력했던 경험을 기술해 주십시오.
215,2,"지원분야와 관련된 본인의 경험, 경력, 보유기술을 구체적인 사례를 들어 제시하여 주십시오."
216,2,"지원한 직무와 관련하여 본인만의 경쟁력은 무엇이며, 이를 얻기 위해 노력했던 구체적인 사례를 작성해 주세요."
217,2,"영업직무가 본인에게 맞는 직군인지, 그렇다면 그 이유에 대하여 본인의 경험을 기반으로 구체적으로 기술해주십시오."
218,2,"지원분야 관련된 본인만의 차별화된 강점/역량을 기술하고, 지원 모집분야에 어떻게 적용을 할 수 있을지 소개해주세요. - 전공수업/프로젝트 활동/대외활동 등 지원하신 모집분야와 관련된 경험/역량 위주로 기술해주세요."
219,2,"영화관 운영 직무 준비 과정에서 영화관에 대해 느낀점과 본인만의 강점, 관련된 지식/경험을 구체적으로 기술해주세요."
220,2,"2. 다른 지원자들과 차별화되는 자신만의 강점을 '해시태그(#)'로 표현하고, 그 이유에 대해 경험을 중심으로 기술하여 주십시오. *"
221,2,"지원하는 직무을 수행하기 위하여 가장 중요하다고 생각하는 역량 2가지를 기술하고, 그 이유와 해당 역량을 갖추기 위해 어떤 준비와 경험을 하였는지 구체적으로 기술하시오."
222,2,코레일유통의 인재상 중 지원자에 부합하는 인재상은 무엇이며 그 이유를 본인의 경험을 바탕으로 구체적으로 작성해 주십시오.
223,2,"지원한 분야에서 타인과 차별화된 본인만의 경쟁력은 무엇이며, 지원한 직무분야에서 어떻게 활용할 수 있을 지 작성해 주십시오."
224,2,"본인이 강점을 가진 역량은 무엇이며, 이러한 역량을 활용하여 SGI서울보증의 어떠한 업무에 기여할 수 있는지 기술하여 주시기 바랍니다."
225,2,"[역량기술서] - 입사지원서에 기술한 경력, 경험 사항에 대해 상세히 기술하여 주시기 바랍니다. - 경력의 경우 직무영역, 본인이 수행한 활동내용, 본인의 역할 및 구체적 행동, 주요 성과에 대해 작성하여 주시기 바랍니다. - 경험의 경우 본인이 수행한 활동내용, 소속 조직이나 활동에서 본인의 역할, 활동 결과에 대해 작성하여 주시기 바랍니다. * 본인의 신상이 드러나는 사항의 기재를 금지하며 미준수 시 불이익을 받을 수 있습니다. 단, 본인의 경력 내지 경험사항 기술을 위한 본인 근무 직장명을 기재하는 것은 허용합니다. ■ 경력·경험 기술서 (최대 1,000자 입력가능)"
226,2,지원하는 직무수행에 도움이 될 과거경험이나 사회활동
227,2,3. 지원직무를 선택한 이유와 그 직무를 수행함에 있어 본인만의 차별화된 역량은 무엇인지 설명해 주세요.
228,2,"지원한 직무 관련 본인이 갖고 있는 전문지식/경험을 작성하고, 이를 바탕으로 본인이 지원 직무에 적합한 사유를 구체적으로 서술해 주시기 바랍니다."
229,2,3. 역량을 키우기 위한 노력
230,2,"다른 사람과 구별되는 본인의 경쟁력은 무엇이고, 입사 후 어떻게 발휘할 것인지 설명해 주십시오."
231,2,본인만의 차별화된 직무 관련 경험과 이를 통해 지원한 회사 및 사업부에 기여할 수 있는 점에 대해 구체적으로 기술해 주세요.
232,2,"지원 직무에서의 최근 이슈에 대해 간략히 설명하고, 이에 관해 본인의 의견을 자세히 기술해 주세요."
233,2,지원한 직무와 관련하여 자신이 갖춘 역량에 대하여 서술해 주시기 바랍니다.
234,2,"코웨이 신입사원 인재상(직무기술서 참조) 중 본인에게 가장 부합하는 역량 2가지와 그와 관련된 경험을 서술해 주시기 바랍니다. (최대 1,000자 입력가능)"
235,2,"지원 분야의 요구 역량(직무기술서 참조)에 대해 본인이 적합하다고 판단할 수 있는 근거를 기반으로 서술해 주시기 바랍니다. (최대 1,000자 입력가능)"
236,2,"지원 분야를 선택한 이유와, 이 직무에 본인이 적임자라고 설명할 수 있는 근거를 본인의 경험을 바탕으로 작성해 주세요."
237,2,지원한 직무를 수행하기 위한 본인만의 역량 및 경험에 대해 작성하시오.*
238,2,지원 분야와 관련하여 경력 및 경험 활동에 대하여 아래 기준에 따라 상세히 기술하여 주십시오. (자기개발능력) 2-1. 지원 직무와 관련 경력 및 경험의 주요 내용과 본인의 역할에 대하여 구체적으로 기술해 주십시오.
239,2,위 경력 및 경험이 우리 의학원 입사 후 지원 분야의 직무 수행에 어떻게 도움이 될 지 구체적으로 기술해 주십시오.
240,2,2. 지원한 직무에 대한 역량을 키우기 위하여 노력한 경험에 대하여 서술해 주시기 바랍니다.
241,2,본인의 연구분야 및 담당했던 업무에 대해 구체적으로 기술하여 주십시오.
242,2,지원직무를 선택한 이유와 해당직무에 본인이 적임자라고 생각하는 이유를 기술해주십시오.
243,2,"[선택사항] 전공/특정분야에 대한 학습이나 연구활동, 성과에 대해 기술해주십시오."
244,2,"지원 직무 수행에 필요한 지식, 기술 등 남들과 다른 전문성을 갖추기 위해 어떤 준비를 하였으며, 본인의 어떠한 면이 해당 직무에 적합한지를 구체적으로 작성해주시기 바랍니다."
245,2,"채용 분야에서 요구하는 역량을 쌓아온 경험(연수, 인턴, 직장, 프로젝트)과 본인이 보유한 기술 수준에 대해서 기술해주세요."
246,2,Q.3. 지원하는 직무와 연계하여 본인의 장단점을 서술하시오.
247,2,Q.4. 지원하는 직무에 대한 역량 및 경험을 작성해주세요.
248,2,지원 직무 관련하여 최근 관심있는 분야 및 해당 분야 역량 강화를 위해 노력한 점을 기술해주세요.
249,2,"[필수문항] 자신의 기술력과 열정을 보여줄 수 있는 활동사항을 기재해 주세요. 작성 시에는 '본인이 주도적으로 참여한 부분' 위주로 기입하며, 1) 진행기간 2) 주요내용 3) 본인이 공헌한 점 4) 사용한 Skill 또는 지식 5) 결과/성과 를 간결하게 핵심만 기입해 주세요."
250,2,"[필수문항] 자신이 앞으로 어떤 개발 분야에서 성장하고 싶은지, 그렇게 생각한 이유와 성장을 위해 한 노력을 포함하여 기술해주세요."
251,2,"본인이 지원하는 직무가 왜 중요한지 설명하고, 해당 직무를 수행하는데 있어 본인만의 차별화 된 역량을 구체적으로 기술해 주십시오."
252,2,수행 업무 및 프로젝트를 중심으로 경력 사항을 상세히 기술하시오.
253,2,"직장 또는 단체생활에서 구성원에게 가장 필요한 태도,역량은 무엇이라고 생각하는지 본인의 경험을 바탕으로 설명하십시오."
254,2,"지원 직무와 관련하여, 학교/사회 생활을 통해 본인의 전문성 및 역량 개발에 도움이 되었던 것들은?"
255,2,지원한 직군에서 구체적으로 하고 싶은 일과 본인이 그 일을 남들보다 잘할 수 있는 차별화된 능력과 경험을 기술하시오
256,2,[지원동기 및 기타사항] 본인이 전문건설공제조합에 필요한 이유 및 지원분야에 적합한 이유에 대해 관련 경력이나 경험 및 활동을 중심으로 기술해 주시기 바랍니다.
257,2,3. 지원한 직무를 본인이 잘 수행할 수 있다고 생각하는 이유와 특별히 노력한 경험에 대하여 서술하시오. (700자 이내)
258,2,"본인의 지원직무를 어떻게 이해하고 있는지 구체적으로 기술하고, 해당 분야에 본인이 적합하다고 판단할 수 있는 근거를 사례 및 경험을 바탕으로 기재해 주세요."
259,2,"지원분야에 귀하가 기여할 수 있는 차별화된 능력, 경쟁력(교육, 훈련, 자격 등)을 서술하십시오."
260,2,"당사 지원분야의 직무를 수행하는데 필요한 역량은 무엇이며, 그 직무를 수행하는 데 있어 본인이 적합하다고 생각하는 사유를 서술해 주시기 바랍니다."
261,2,지원한 직무를 수행함에 있어 다른 사람과 차별화되는 본인만의 강점을 기술하여 주십시오.
262,2,"자신이 가지고 있는 경쟁력(지식, Skill, 경험 등)은 무엇이며, 이를 통해 회사에 기여할 수 있는 측면을 구체적으로 기술해 주세요."
263,2,지원한 직무와 관련하여 본인이 수행해온 노력과 입사 후 해당 직무분야에서 본인의 발전 방향을 기술해 주십시오.(자기개발능력)
264,2,"지원한 직무에 필요한 역량은 무엇이라고 생각하며, 본인이 해당 직무에 적합하다고 판단할 수 있는 근거를 기술하기시 바랍니다."
265,2,"[직무 관련 경험] 교과목, 동아리, 프로젝트 등을 통해 실제로 구현과정에 참여했던 직무 관련 경험을 서술하고, 그 과정에서 드러난 본인의 강점분야 또는 관심분야를 작성하시오."
266,2,"[전공지식 / 학습이력 등] 중점적으로 수강한 전공과목의 세부 분야(예를 들어, 전자공학 내 통신분야)와 이수한 주요 과목명과, 능숙하게 활용할 수 있는 skill을 작성하시오."
267,2,지원한 직무를 하기 위한 구체적인 준비과정을 적어주세요.
268,2,지원자가 가진 다른 사람과의 차별점은 무엇입니까?
269,2,"기재한 사항 외, 지원자님을 채용하기 위해 꼭 알아야 할 사항이 있다면 적어주세요."
270,2,지원한 직무를 본인이 잘 수행할 수 있다고 생각하는 이유와 특별히 노력한 경험에 대하여 서술하시오
271,2,"본인이 가진 역량 중 “대원DNA”와 가장 일치하는 것을 하나 고르고, 경험에 기반하여 그 이유를 기술하여 주십시오."
272,2,입사 지원 분야에 대한 본인의 직무 수행 경험을 설명해 주세요.
273,2,"지원분야 관련 경력·경험에 대한 본인이 수행한 활동내용, 활동에서의 역할 및 활동 결과에 대해 구체적으로 작성해주시기 바랍니다."
274,2,본인이 지원하는 직무에 있어 그 일을 잘할 수 있는 차별화된 역량 및 그와 관련된 경험을 3가지 이내로 기술해 주십시오.
275,2,"지원하신 직무에 지원한 동기는 무엇이며, 해당 직무에 대하여 본인의 강점을 구체적 사례와 함께 말씀해 주십시오."
276,2,본인이 지원한 직무와 관련된 이슈를 선정하여 그에 대한 본인의 생각을 기술해 주십시오. (700자)
277,2,지원 분야를 선택하게 된 배경과 본인만의 차별화된 강점과 경험을 기재하여 주시기 바랍니다. (500~700자)
278,2,"본인의 희망하는 상세 직무를 쓰고, 그 직무를 수행하기 위해 어떠한 노력을 해왔는지 기술하십시오."
279,2,"지원직무를 수행함에 있어 가장 필요한 역량이 무엇인지 기술하고, 해당 역량을 갖추기 위해 어떤 노력을 해왔는지 기술해주십시오."
280,2,귀하가 지원한 직무를 잘 수행할 수 있다고 생각하는 이유를 본인의 경험과 관련지어 구체적으로 서술해 주십시오.
281,2,"본인이 응시한 채용분야와 관련하여 자기개발 또는 전문능력 향상을 위해 노력한 내용과 그 성과를 기술해주시기 바랍니다. (1,200자 이내)"
282,2,본인의 전공능력이 지원한 직무에 적합한 사유를 구체적 사례를 들어 기술해 주시기 바랍니다.
283,2,"본인의 성격 및 장단점을 기술하고, 우리 공단 직무를 수행함에 있어 본인이 가지고 있는 차별화된 경쟁력이 무엇인지 기술하여 주십시오."
284,2,"(전문성) 지원한 직무와 관련된 경력 또는 경험사항을 토대로 습득한 능력을 상세히 기재하고, 이를 습득하기 위해 어떤 노력을 기울였는지 기재해주십시오. 요약 답변(100자 이내)"
285,2,본인의 지원분야와 관련된 경력 또는 경험을 바탕으로 연구소 입소 후 기여방안에 대하여 구체적으로 기술해 주시기 바랍니다. 요약 답변(300자 이내)
286,2,지원 분야에 대해 본인이 보유한 전문성(지식과 경험)을 서술해주세요. (500)
287,2,"본인이 지원한 직종에서 업무 수행을 잘 하기 위해 보유한 능력(지식, 기술 등)은 무엇이고, 그 능력을 개발하기 위해 어떤 노력을 하였는지 구체적으로 작성해 주세요."
288,2,직무와 관련한 본인의 전공 및 경험
289,2,"2. 지원한 직무 수행 시 필요한 역량은 무엇이라고 생각하며, 해당 직무를 잘 수행할 수 있는 이유에 대해 본인만의 차별화된 강점 및 준비과정, 경험(학업, 학업 외 활동 등)을 포함하여 구체적으로 작성해 주세요. (1,000자 이내)"
290,2,"서금원 직무와 관련한 본인만의 전문성을 한 가지 제시하고, 그것을 개발하기 위해 노력한 경험 및 활동 등을 서술해 주시기 바랍니다. (최대 800자 입력가능)"
291,2,직무경험 : 지원직무 관련 본인의 강점과 약점을 기술해주세요.
292,2,조직 생활과 지원 직무 수행을 위한 본인의 강점에 대해 작성해 주세요.
293,2,"그동안 쌓은 지식, 능력, 활동 및 경험 등을 기반으로 지원한 직무에 본인이 가장 적합하다는 것을 지원한 직무의 업무 내용과 매칭하여 말씀해 주세요. (최대 500자 입력가능)"
294,2,본인이 지원분야에 왜 적합한 인물인지 기술하고 입사 후 어떤 역량을 발휘할 수 있을지 기술하시오. (1000자)
295,2,조합의 업무를 수행함에 있어 본인이 가지고 있는 차별화된 경쟁력이 무엇인지 기술하시오.
296,2,"회사 또는 단체생활에 가장 필요한 태도, 역량은 무엇이라고 생각하는지 본인의 경험을 바탕으로 설명하십시오."
297,2,채용분야와 관련된 본인의 보유 역량을 기술해 주십시오.
298,2,직무 수행 시 남들과 차별화 된 강점을 키워드로 선정하여 구체적으로 작성해주세요.(ex. #기획력 #협동 #소통의 왕)
299,2,"방송문화진흥회 업무와 본인이 수행한 활동 또는 학교(직업) 교육과의 관련성에 대해 기술하고, 그 활동 등을 통해서 어떤 성취를 이루었는지 설명해 주시기 바랍니다."
300,2,"지원분야의 관련 직무를 수행한 경력 또는 경험 중 대표적인 것에 대하여 기술해 주십시오. (1,000자 이내)"
301,2,최근 3년간 지원분야에 필요한 직무능력과 전문성을 향상시키기 위해 어떻게 노력했는지 사례를 중심으로 기술해 주십시오. (500자 이내)
302,2,"우리 공사의 기본역량인“열정인재”, “전문인재”, “정도인재”, “소통인재”와 관련하여 한 가지를 선택, 본인의 역량과 관련하여 기술해 주십시오. (500자 이내)"
303,2,지원하는 직무에 대한 역량 및 경험 (500)
304,2,경력사항(신입은 역량기술) 말씀해 주세요.
305,2,전문성 측면에서 본인이 지원한 직무의 적임자라고 말할 수 있는 이유를 기술하시오.(350~500자)
306,2,지원분야 업무를 수행함에 있어 예상되는 직무상 어려움과 어떻게 해결할 것인지 기술하시오.(350~500자)
307,2,지원한 직군과 관련해 자신만의 강점이 있다면 기재해 주세요.
308,2,"지원직무와 관련한 경험 및 역량, 관심사항 등 자신을 가장 잘 설명할 수 있는 내용을 기반으로 서술해주십시오."
309,2,"지원 분야와 관련된 경험 및 역량, 관심사항, 개인의 목표 및 비전, 지원동기, 전문성 등 자신을 어필할 수 있는 내용을 기반으로 자유롭게 기술하시기 바랍니다. 지원직무를 선택한 이유와 그 직무를 수행함에 있어 본인만의 차별화된 역량은 무엇인지 설명해 주세요."
310,2,"지원직무에 대한 경험, 프로젝트, 직무지식에 대해 서술해 주세요."
311,2,"My Competency : 지원분야 관련된 본인만의 차별화된 강점/역량을 기술하고, 지원 모집분야에 어떻게 적용을 할 수 있을지 소개해주세요. - 전공수업/프로젝트 활동/대외활동 등 지원하신 모집분야와 관련된 경험/역량 위주로 기술해주세요."
312,2,지원 분야를 선택한 이유와 이와 관련된 귀하의 경험 또는 노력에 대해 기술하여 주십시오.
313,2,본인이 생각하는 D&O 사업 성장에 가장 중요한 요인은 무엇이며 이를 위해 지원 직무에서 본인이 기여할 수 있는 부분을 기술하여 주시기 바랍니다.
314,2,본인이 생각하는 본인만의 차별화된 역량은 무엇이며 지금까지 해당 역량을 개발하기 위해 수행한 활동들을 구체적 사례 중심으로 기술해 주시기 바랍니다.
315,2,"서울특별시 사회서비스원에 입사하고자 하는 이유와, 사회서비스원에서 본인이 발휘할 수 있는 전문성을 구체적으로 기술해 주십시오. 지원 직무관련 경험과 교육을 기반으로 서술해주시기 바랍니다. 최소 100자 이상 기재하시기 바랍니다. (최대 800자 입력가능)"
316,2,"서울특별시 사회서비스원의 직무수행에 있어 가장 중요한 덕목이 무엇인지 기술하고, 그와 관련하여 조직생활 중 어려움을 극복한 경험을 구체적으로 서술해주십시오. 최소 100자 이상 기재하시기 바랍니다. (최대 800자 입력가능)"
317,2,해당 직무에 지원한 이유와 본인이 그 직무에 적합하다고 생각하는 이유를 사례를 통해 구체적으로 기술해 주세요.
318,2,전공 및 기술 능력
319,2,지원하는 직무와 연계하여 본인의 장단점을 서술하시오.
320,2,지원하는 직무에 대한 역량 및 경험
321,2,직무와 관련한 본인의 경험
322,2,지원한 직군에서 구체적으로 하고 싶은 일과 본인이 그 일을 남들보다 잘할 수 있는 차별화된 능력과 경험을 기술하시오. (1000자)
323,2,"지원직무에 대한 동기와 이를 수행하기 위한 본인의 쌓아온 노력(지식,경험,기술)등을 기술하시오.(1500자이내)"
324,2,"제약영업(전문의약품) 직무에 대해 본인이 알고 있는 내용을 서술하고, 본인이 해당 직무에 적합한 사유를 작성해주십시오?"
325,2,지원한 직무에 적합한 이유(본인의 차별화된 역량을 근거로 기재)
326,2,해당 직무에 본인이 적합하다고 판단하는 이유를 업무 경력/역량 관점에서 구체적으로 기술하시오.
327,2,해당 직무분야의 전문성을 쌓기 위한 노력과 활동을 구체적으로 기술하시오.
328,2,지원 직무 관련 자신이 갖춘 역량에 대하여 구체적으로 기술하여 주십시오.
329,2,지원 분야에 관련된 경험 또는 역량 등을 바탕으로 작성해주시기 바랍니다.
330,2,"본인이 해당 직무를 잘 수행할 수 있는 이유를 ①도전정신 ②성과창출 경험을 모두 포함하여 구체적인 사례 중심으로 작성해주세요. (1,000자 이내)"
331,2,"본인이 해당 직무를 잘 수행할 수 있는 이유를 ①도전정신 ②협업 경험을 모두 포함하여 구체적인 사례 중심으로 작성해주세요. (1,000자 이내)"
332,2,"지원한 직무 관련 본인이 갖고 있는 전문지식/경험을 작성하고, 이를 바탕으로 본인이 지원 직무에 적합한 사유를 구체적으로 서술하시기 바랍니다."
333,2,지원직무를 선택한 이유와 그 직무를 수행함에 있어 본인만의 차별화된 역량은 무엇인지 설명해주세요.
334,2,"지원 분야와 관련하여 본인이 충분한 역량 또는 잠재력을 갖고 있다고 어필할 수 있는 근거를 경험(인턴, 아르바이트, 수행과제 등) 또는 사례와 함께 이야기해 주세요."
335,2,개인의 핵심 역량과 자격
336,2,"직무와 관련해 기울인 노력이나 경험(프로젝트/경진대회/공모전/연구/학습) 가운데 자신의 강점이 잘 드러나는 사례를 기술하고, 그 강점으로 LG유플러스에서 달성하고 싶은 목표가 있다면 기술하여 주십시오."
337,2,지원 분야와 관련하여 특정 영역의 전문성을 키우기 위해 꾸준히 노력한 경험에 대해 서술해 주십시오. / 전문성을 높이기 위한 학습 과정/ 전문성 획득을 위해 투입한 시간 및 방법/ 습득한 지식 및 기술을 실전적으로 적용해 본 사례/ 전문성을 객관적으로 확인한 경험/ 전문성 향상을 위해 교류하고 있는 네트워크/ 경험의 진실성을 증명할 수 있는 근거가 잘 드러나도록 기술)
338,2,"원한 직무와 관련하여 본인이 학습한 주요 전공 과목은 무엇이었으며, 학습 결과와 공부를 하면서 느낀 점에 대해 서술하시오."
339,2,단체생활을 하는데 있어 본인의 강점과 약점이 무엇인지 서술하시오.
340,2,지원분야과 관련된 본인의 보유 역량을 기술하시오.
341,2,본인이 지원한 직무관련 지원동기와 역량에 대하여
342,2,"지원분야와 관련된 자신만의 차별화된 전문성은 무엇인지 기술해 주십시오.i) 어떤 과정을 통해 그러한 전문성을 향상 시켜왔으며, 이를 활용한 경험에 대해 기술해 주십시오."
343,2,지원 분야와 관련하여 특정 영역의 전문성을 키우기 위해 꾸준히 노력한 경험에 대해 서술해 주십시오. / 전문성을 높이기 위한 학습 과정/ 전문성 획득을 위해 투입한 시간 및 방법/ 습득한 지식 및 기술을 실전적으로 적용해 본 사례/ 전문성을 객관적으로 확인한 경험/ 전문성 향상을 위해 교류하고 있는 네트워크/ 경험의 진실성을 증명할 수 있는 근거가 잘 드러나도록 기술) (700~1000 자 10 단락 이내)*
344,2,"본인의 지원직무와 관련하여 자신의 강점/약점을 기술, 약점을 보완하기 위한 노력을 기술하십시오"
345,2,"본인이 지원한 직무 관련 지원동기와 역량에 대하여 해당 직무의 지원동기를 포함하여, 직무 관련 본인이 보유한 강점과 보완점을 사례를 통하여 구체적으로 기술해주시기 바랍니다."
346,2,지원직무를 설명하고 본인이 적합하다고 판단하는 사유를 구체적으로 기술하여 주십시오.
347,2,"희망하는 직무를 수행함에 있어서 요구되는 역량을 갖추기 위해 어떠한 학습 또는 도전적인 경험을 하였고, 입사 후 이를 어떻게 발전시켜 나갈 것인지 서술하여 주십시오."
348,2,자신이 해당 직무에 적합한 이유를 보유한 지식/기술/경험 측면에서 구체적으로 작성해주세요.
349,2,직무역량/전문성과 본인의 노력 - 지원한 직무를 수행하기 위한 역량을 갖추기 위해 어떠한 노력을 하였는지 작성해 주세요.
350,2,"[자원관리능력] 지금까지의 경험 중 달성하고자 하는 목표와 관련하여 시간, 자본, 시설, 인적자원을 계획하여 목표를 달성한 경험에 대해 작성해 주시기 바랍니다. (500자 내외)"
351,2,지원분야의 역량을 키우기 위해 노력했던 경험에 대해 기술하십시오.
352,2,직무 수행 시 예상되는 어려움은 무엇이며 이를 극복하기 위한 본인만의 강점을 작성해주십시오.
353,2,귀하가 지원한 직무역량을 발전시키기 위해서 도전했던 경험 또는 프로젝트는?
354,2,지원 분야의 어떤 점에 매력을 느끼고 관심을 갖게 되셨나요? 또한 지원 분야 업무를 잘 수행하기 위한 본인의 강점을 사례 또는 이유와 함께 작성해주세요.
355,2,해당 직무를 잘 수행할 수 있는 이유(본인의 강점)
356,2,"본인이 선택한 직무에 대해 아래 내용을 포함하여 기술하시오. ①지원한 직무의 역할이 무엇이라 생각하는지 자유롭게 기술 ②본인이 해당 직무에 적합하다는 근거를 본인의 경험을 바탕으로 기술 ③입사 후 경력개발 계획에 대해 기술 (최대 1,000자 입력가능)"
357,2,"공동의 목표를 달성하기 위하여 가장 중요하다고 생각하는 역량 1가지를 선정하고, 그 이유와 해당 역량을 발휘하여 목표를 달성한 경험에 대해 구체적으로 기술하시오. (최대 700자 입력가능)"
358,2,"지원 직무에서 가장 중요하다고 생각하는 가치를 3가지 선정하고 그렇게 선정한 이유와 그 중 본인이 가장 강점이라고 생각하는 가치와 관련된 경험, 본인만의 차별화된 강점 등을 구체적인 사례를 들어 서술해 주십시오."
359,2,"반도체/디스플레이 장비산업에 대하여 어떻게 이해하고 있으며, 지원한 직무 관련 본인이 갖고 있는 전문지식/경험을 작성하고, 이를 바탕으로 본인이 지원 직무에 적합한 사유를 구체적으로 서술해 주시기 바랍니다. (최대 1,000자 입력가능)"
360,2,My Competence 본인이 지원한 직무관련 지원동기와 역량에 대하여
361,2,지원한 직무에 관심을 갖게 된 계기가 어떻게 되나요? 관련하여 자신만의 강점/근거/경험 등 내용이 있다면 같이 작성해주세요.
362,2,지원한 직무는 무엇입니까? 해당 직무의 전문가가 되기 위해서 입사 후 어떤 노력이 필요한지 작성하여 주십시오
363,2,해당 직무를 잘 수행하기 위해 필요하다고 생각하는 역량을 자신의 경험을 바탕으로 작성하여 주십시오
364,2,"해당 직무에 지원한 동기와, 직무 역량을 키우기 위해 노력한 경험을 자세하게 기술하시오."
365,2,지원하신 직무를 수행하기 위해 필요한 역량을 기르고자 어떤 노력을 했는지 구체적인 사례에 근거하여 서술해주세요. (500자)
366,2,"지원직무를 수행함에 있어 가장 필요한 역량이 무엇인지 기술하고, 해당 역량을 갖추기 위해 어떤 노력을 해왔는지 기술해주십시오. (최대 500자 입력가능)"
367,2,"지원분야에 필요한 능력을 키우기 위해 노력한 경험들에 대해 써 주십시오. 목표한 능력을 키우기 위해 자신이 기울인 노력, 실제 갖추게 된 능력을 구체적으로 작성바랍니다."
368,2,본인이 잘 할수 있으리라 생각하는 업무와 그 이유를 기술하시오.
369,2,"본인의 지원직무를 어떻게 이해하고 있는지 구체적으로 기술하고, 해당 분야에 본인이 적합하다고 판단할 수 있는 근거를 사례 및 경험을 바탕으로 기재해 주세요"
370,2,"지원 직무에서 다른 지원자들과 ‘차별화 되는 강점 키워드’를 해시태그 형태로 표현한 후, 지식, 경험, 성격의 각 강점을 서술하세요."
371,2,지원직무와 관련하여 자신의 경쟁력을 나타낼수있는 경험이나 이력 등을 기술하십시오
372,2,지원한 직무에 본인이 적합하다고 생각하는 이유와 해당 직무를 위해 어떤 노력을 하였는지 기술하시오. (500자)
373,2,"지원분야 관련 경력·경험에 대한 본인이 수행한 활동내용, 활동에서의 역할 및 활동 결과에 대해 구체적으로 작성해주시기 바랍니다. (1000자)"
374,2,지원 직무에 필요한 역량을 키우기 위해서 어떠한 노력을 하였는지 기술하여 주십시오.
375,2,본인의 강점과 보완해야할 점에 대하여 기술하여 주십시오.
376,2,"[필수] 보안솔루션 기술지원 직무를 수행하기 위해 필요한 역량은 무엇이며, 본인은 어떤 역량을 갖추고 있는지 기술해 주세요."
377,2,(지원 포부) LH 체험형 인턴 과정을 통해 어떤 일 경험을 희망하고 있는지 귀하의 역량과 강점을 기반으로 기술해 주십시오
378,2,(경험 및 경력활동) 지원한 업무와 관련하여 귀하의 능력 향상에 가장 도움이 되었던 경험학교생활 동아리활동 업무경력 등을 기술하고 이 경험이 업무 수행에 어떻게 활용 될 수 있는지 기술해 주십시오
379,2,희망직무 준비과정과 희망직무에 대한 본인의 강점과 약점을 기술해주세요.
380,2,지원하신 직무와 관련하여 갖추고 있는 본인만의 경쟁력을 구체적인 사례와 경험을 들어 말씀해주십시오.
381,2,"직장 또는 단체생활에서 구성원에게 가장 필요한 태도, 역량은 무엇이라고 생각하는지 본인의 경험을 바탕으로 설명하십시오. (800자 이내)"
382,2,조직 생활과 지원 직무 수행을 위한 본인의 강점에 대해 작성해 주세요. (최대 500자 입력가능)
383,2,본인이 갖추고 있는 지원분야에 가장 중요한 직무능력을 중요도 순위로 3가지 나열하고 그 이유에 대하여 구체적으로 기술하시오
384,2,"본인이 지원한 직무 수행시 필요하다고 생각하는 역량을 중심으로 직무를 정의해보고, 해당 직무를 본인이 잘 수행할 수 있다고 판단하는 근거를 기술해주십시오. (800자 이내)"
385,2,"지원분야와 관련하여 보유한 기술 및 지식, 해당 분야의 수행 경력 또는 관련 경험과 함께 본인이 보유한 역량의 수준을 기술하여 주십시오. 본인의 차별성과 전문성이 효과적으로 드러날 수 있도록 핵심 내용 위주로 작성해주시길 바랍니다. 경력 또는 경험의 단순 나열은 지양해 주시길 바랍니다."
386,2,"지원분야/직무에 대한 지원 동기와, 해당 분야/직무를 위해 어떤 준비를 해왔는지 소개해주세요. -지원분야/직무를 위해 노력한 내용(전공, 직무경험 등)과, 이를 통해 본인이 어떠한 역량을 길렀는지를 중심으로 기술해주시기 바랍니다."
387,2,지원 분야와 관련하여 본인을 대표할 수 있는 경험 또는 경력을 기술해주십시오.
388,2,"지원 분야에서 가장 중요한 실무 역량은 무엇이라고 생각하는지 정의하고, 본인의 역량 수준을 점수화하여 주십시오. (100점 만점 기준) 그리고 본인의 현재 역량을 키우기 위해 어떤 노력을 해 왔는지 기술해주십시오."
389,2,"지원 분야의 직무가 어떤 것인지, 그리고 그 직무에 본인이 적합하다고 판단할 수 있는 근거를 기술하여 주시기 바랍니다. (400)"
390,2,"지원 분야의 직무와 관련하여 자신이 수행해 본 활동에 대하여 상세하게 기술하여 주십시오. 구체적으로 직무영역, 활동/수행내용, 본인의 역할 및 구체적 행동, 주요 성과 등을 중심으로 작성해 주시기 바랍니다."
391,2,"지원한 분야에 필요한 지식/역량은 무엇이며, 이를 갖추기 위해 노력한 경험에 대해 서술해 주십시오. - 구체적인 전문 영역(예: 통계 분석) / 수행 기간 및 실행 과정 / 결과 및 실제로 적용해 본 사례 등이 잘 드러나도록 기술"
392,2,지원 분야와 관련하여 특정 영역의 전문성을 키우기 위해 꾸준히 노력한 경험에 대해 서술해 주십시오.
393,2,"지원 직무 수행에 필요한 전문 역량을 키우기 위해 노력한 경험을 작성하여 주십시오. - 전공/동아리/프로젝트/공모전/논문/연구/인턴 등 경험 종류는 무관하며, 직무 연관성이 가장 큰 경험부터 작성해 주십시오. ① 관련 경험과 ②상세 내용으로 나누어 작성 ① 관련 경험 - 관련 경험 및 수행기간 - 직무 역량과 관련 있는 객관적 증빙 가능한 경험 작성"
394,2,"본인의 장/단점과 입사 후 장점은 어떻게 활용되고, 단점은 어떻게 보완 할 수 있겠는지를 기술하세요.(50자 이상 400자 이내)"
395,2,경력 및 프로젝트 수행경험(해당자에 한해 작성)
396,2,지원 직무 수행을 위해 준비한 사항에 대해 ①학습적 ②경험적 측면에서 구체적으로 기술해 주시기 바랍니다.
397,2,"지원직무와 관련하여, 본인의 주요성과 또는 경험에 대하여 기술하여 주시기 바랍니다."
398,2,"본인 지원 직무에 맞춰 한 가지 항목에만 내용을 작성해 주십시오. (일반행정) 대학 행정의 역할에 대한 본인의 생각을 서술하고, 본인이 우리대학이 요구하는 인재에 적합한 사유를 본인의 경험 및 역량과 연계하여 구체적으로 작성해 주십시오."
399,2,본인이 지원한 직무와 관련한 경험 및 활동은 어떤 내용인지 기술해 주십시오. (200자 이내)
400,2,위 경험 및 활동이 입사 후 어떻게 도움이 될 지 기술해 주십시오. (400자 이내)
401,2,직무경험 : 희망직무 준비과정과 희망직무에 대한 본인의 강점과 약점을 기술해주세요. (실패 또는 성공사례 중심)
402,2,"지원 직무 준비 과정과 본인만의 강점, 관련된 지식/경험을 구체적으로 기술해주세요."
403,2,"지원한 분야에서 타인과 차별화된 본인만의 경쟁력은 무엇이며, 해당분야의 직무역량 개발 및 전문성 향상을 위해 노력했던 사례를 작성해 주십시오."
404,2,"직무역량 : 지원한 직무분야에서 성공을 위한 지금까지의 노력(경험, 경력)과 앞으로의 계획을 기술해주세요."
405,2,지원 직무와 관련된 경험 및 수강 과목을 목차 형식으로 간략하게 기술하여 주시기 바랍니다.
406,2,지원 직무 수행과 연계한 본인만의 경쟁력 및 강점을 기술하여 주시기 바랍니다.
407,2,"지원한 직무 관련 본인이 갖고 있는 전문지식/경험을 작성하고, 이를 바탕으로 본인이 지원 직무에 적합한 사유를 구체적으로 서술해 주시기 바랍니다. - 1000자 (영문작성 시 2000자) 이내"
408,2,직무역량 및 기대역할
409,2,지원직무에 적합한 이유를 구체적인 경험과 연계하여 기술해 주십시오.
410,2,"지원분야 관련된 본인만의 차별화된 강점/역량을 기술하고, 지원 모집분야에 어떻게 적용을 할 수 있을지 소개해주세요."
411,2,지원직무에 대한 자신의 강점과 관련 지식 및 경험 기술
412,2,"직무설명서상 기재된 필요지식 및 기술 중 지원자가 가장 경쟁력 있다고 생각하는 것을 제시하고, 경쟁력을 갖추기 위해 어떤 노력을 해왔는지 작성요령의 예시를 참고하여 중요 요점이나 단어를 나열하는 방식으로 작성하시오.(직무설명서는 공고문 참조)"
413,2,"지원 직무와 관련된 본인의 강점에 대해 경험에 근거하여 서술해 주십시오. 학교 수업, 자격증, 외부 교육, 동아리 등 어떤 경험이든 무방합니다."
414,2,"지원한 직무를 수행하기 위해 필요한 핵심역량은 무엇이라고 생각하며, 그 이유에 대해 설명해 주십시오. 또한 해당 역량을 갖추기 위해 본인이 어떤 노력을 하였는지 기술해 주십시오."
415,2,"지원한 분야와 관련된 경험을 본인이 수행한 역할 중심으로 설명하고, 그 경험을 통해 무엇을 얻었는지 기술해 주십시오."
416,2,"지원 직무와 관련하여 어떠한 역량을(지식/기술 등) 강점으로 가지고 있는지, 그 역량을 갖추기 위해 무슨 노력과 경험을 했는지 구체적으로 작성해주시기 바랍니다."
417,2,지원분야에 본인이 적합한 이유를 증명하시오.
418,2,(자기소개) 정량적인 데이터 분석에 능숙한 지원자입니다.
419,2,(지원동기) IT 기업 총무 업무 경험을 보유하기를 희망
420,2,"우리 공사가 수행하는 직무에 대해 아는 대로 설명하고, 이 중 본인이 하고 싶은 업무와 그 이유에 대해 기술하여 주십시오."
421,2,"지원 분야의 전문가로서 본인의 차별화된 경쟁력이 무엇인지, 또 이를 위해 어떠한 노력을 하였는지 구체적으로 언급하고, 입행 후 어떻게 활용할 것인지 기술해 주십시오."
422,2,기업금융 또는 자산관리 분야의 경쟁력 강화를 위하여 기여할 수 있는 방안을 자신의 경험과 아이디어를 토대로 지원 분야와 관련하여 구체적으로 기술해 주십시오.
423,2,"자신의 전문성을 향상시키기 위해 어떤 노력을 했으며, 입사 후 지원분야에 어떻게 활용할 수 있을지 기술해 주시기 바랍니다."
424,2,지원 분야에 대해 본인이 보유한 전문성(지식과 경험)을 서술해주세요.
425,2,"자신의 특기와 장점을 소개해주시고, 이것을 통해 어떻게 회사에 기여할 수 있는지 서술해주세요."
426,2,지원 직무의 핵심역량 중 본인이 남들보다 뛰어나다고 생각하는 역량은 무엇입니까? 해당 역량을 갖추기 위해 어떠한 노력을 했는지 구체적 근거를 들어 기술해주십시오.
427,2,"해당 직무 지원동기와 직무 관련 본인만의 차별화된 강점, 이를 통해 당사에 기여할 수 있는 점에 대해 기술해 주세요."
428,2,"지원하신 직무가 무엇을 하는 일이라고 생각하시는지, 본인의 정의를 기술해 주십시오. 직무수행에 필요한 역량/지식을 갖추기 위해 학업 또는 학업 외적으로 어떤 준비를 하셨는지 구체적 사례 중심으로 작성해 주세요.*"
429,2,"지원한 직무를 잘 수행하기 위한 본인의 강점 중 ‘지식’과 ‘기술’을 각 1개씩 제시하고, 그 지식과 기술을 활용하여 성과를 이룬 경험에 대해 구체적으로 작성해 주십시오."
430,2,"지원한 직무와 관련하여 본인이 학습한 주요 전공 과목은 무엇이었으며, 학습 결과와 공부를 하면서 느낀 점에 대해 서술하시오."
431,2,"지원자님이 생각하는 지원 분야의 '핵심 역량'은 무엇인지 설명하고, 본인의 인생 경험에서 이를 발휘한 구체적인 사례를 소개해 주세요."
432,2,직무경험 : 희망직무 준비과정과 희망직무에 대한 본인의 강점과 약점을 기술해 주세요(실패 또는 성공사례 중심으로)
433,2,"지원 직무와 관련하여, 학교/사회 생활을 통해 본인의 전문성 및 역량 개발에 도움이 되었던 경험, 경력, 활동을 먼저 서술하고 지원 직무를 수행하는데 어떻게 활용(도움) 될 수 있는지 작성해 주십시오."
434,2,지원직무 관련 준비사항(경험) 500자
435,2,"지원하신 분야에서 가장 중요하다고 생각하는 역량이란 무엇인지 정의하고, 해당 역량이 직무수행에 있어 어떤 도움이 될 수 있을지 이유를 작성해 주십시오. 나아가 해당 역량을 보유하기 위해 본인이 노력한 경험을 구체적으로 기술해 주십시오."
436,2,지원분야와 관련된 경력 및 학습 등을 진행한 경험을 서술하십시오. 나아가 이러한 경험이 직무수행에 있어 어떤 도움이 될 수 있을 지에 대해 구체적으로 기술해 주십시오.
437,2,역량 : 영업관리자(FC)로 성장하기 위한 본인만의 경쟁력 및 보유역량에 대해 설명하여 주십시오.
438,2,지원 분야와 관련하여 본인만이 가진 강점과 관련 영역의 전문성을 키우기 위해 노력한 경험에 대해 구체적으로 서술해 주십시오.
439,2,"희망 직무에 대해 본인이 이해한 내용을 서술하고, 본인이 해당 직무에 적합한 사유(전공능력, 경력 등)를 구체적으로 기술하시오. (100자 이상 600자 이내)"
440,2,희망 직무를 수행하기 위해 준비한 것과 직무와 관련된 본인 역량을 기술해 주십시오.
441,2,직무 역량과 경험에 대하여
442,2,본인의 어떤 점이 경신의 인재상에 부합하는지 사례에 근거하여 기술해 주십시오.
443,2,지원한 직무를 수행하기 위한 본인만의 역량 및 경험에 대해 작성하시오.
444,2,"희망하는 직무를 수행함에 있어서 요구되는 역량이 무엇이라 생각하며, 이 역량을 갖추기 위한 노력 또는 특별한 경험을 기술하여 주십시오."
445,2,지원한 직무에 본인이 적합하다고 판단할 수 있는 근거를 자신만의 강점과 경험을 바탕으로 기술해 주십시오
446,2,지원 직무와 관련된 수강 과목 및 경험을 간략하게 기술하여 주시기 바랍니다.
447,2,"[전문성] 지원한 직무를 잘 수행하기 위한 본인의 강점 중 ‘지식’과 ‘기술’을 각 1개씩 제시하고, 그 지식과 기술을 활용하여 성과를 이룬 경험에 대해 구체적으로 작성해 주십시오."
448,2,[직무능력기술서] 본인이 가지고 있는 직무 경험과 경력이 본원에서 어떻게 발휘될 수 있는지 최대한 구체적으로 기술하여 주십시오
449,2,"희망직무를 수행하기 위한 역량개발 노력 또는 관련 경험, 입사 후 목표를 구체적으로 작성하여 주십시오."
450,2,재경업무 수행에 적합한 지원자로서의 본인의 장점 및 준비된 노력에 대해서 작성해 보십시오.
451,2,본인이 경험한 직장생활에 도움이 되는 경험에 대해 기술하십시오.
452,2,"본인만이 가지고 있는 차별화된 역량은 무엇이며, 그 역량을 통해 회사에 무엇을 기여할 수 있는지 기술하십시오."
453,2,지원한 직무에 본인이 적합하다고 생각하는 이유와 해당 직무를 위해 어떤 노력을 하였는지 기술하시오.
454,2,지원부문의 주요 업무 1가지를 적고 그 업무에 대해 정의 및 내용을 기술하십시오.
455,2,"본인이 지원한 분야의 필요지식을 습득하기 위해 받은 학교교육 또는 직업교육 내용을 기술하고, 현업에서의 활용방안에 대한 생각을 기술하십시오."
456,2,"지원 분야와 관련하여 보유한 기술 및 지식, 해당 분야의 수행 경력 또는 관련 경험과 함께 본인이 보유한 역량의 수준을 기술하여 주십시오."
457,2,본인이 가지고 있는 'Digital Literacy' 또는 'IT 기술 활용' 역량을 발휘하여 성과를 달성한 경험에 대해 기술해주시기 바랍니다.
458,2,지원 분야를 잘 수행할 수 있다고 생각하는 이유(성장과정 및 준비사항) (800자)
459,2,입사지원서에 기술한 경험(경력) 사항에 대해 상세히 기술해 주시기 바랍니다. 본인의 역할과 행동 그리고 주요 성과를 중심으로 구체적으로 작성해주시기 바랍니다.
460,2,한국남부발전 지원동기에 대해 기술해주시고 자신의 직무역량과 관련하여 한국남부발전의 미래 발전 및 성장동력 확보에 기여할 수 있는 바에 대해 아래 내용을 포함해 작성해 주시기 바랍니다.
461,2,지원 직무에 필요한 역량 중 지원자에게 부족하다고 느껴지는 역량을 극복하기 위해 교육/실습/체험/연구/프로젝트 참여 등의 방법으로 역량을 향상 시킨 경험에 대해 아래 내용을 포함해 작성해 주시기 바랍니다.
462,2,"지원분야와 관련된 본인의 보유역량 및 학습, 경험 등에 대해 작성해 주시기 바랍니다."
463,2,"본인만의 경쟁력(전공지식,Skill,경험)에 대하여 기술하시고, LG MMA에 어떻게 기여할 수 있을지 기술하여 주시기 바랍니다."
464,2,지원 직무를 선택하게 된 계기와 해당 직무를 수행하기 위해 했던 노력과 성과에 대해 기술하고 이를 통해 현재 본인이 가지고 있는 직무관련 강점에 대해 구체적으로 기술해 주세요.
465,2,지원직무에 대한 자신의 강점과 관련된 지식/경험을 구체적으로 기술하시오.
466,2,지원 직무에 대한 선정 사유 및 본인의 경쟁력을 기술해 주세요.
467,2,본인만이 발휘 가능한 직무 영역과 관련된 경험이나 근거 및 이를 통해서 당사에 기여할 수 있는 점에 대하여 자세히 가술하시오.
468,2,"지원자께서는 자신에게 필요한 정보를 어떻게 입수하고 관리하고 있습니까? ?- 어떤 정보를, 어떤 수단과 방법을 통해서 입수하십니까? ?- 입수된 정보는 어떻게 처리하고 관리하십니까? ?- 해당 능력이 지원하신 직무를 수행하는데 어떤 도움이 될 것이라 생각하십니까?"
469,2,경험 및 경력기술서 - 입사지원서에 기술한 직무관련 기타 활동(경험)이나 경력사항에 대해 상세히 기술해 주시기 바랍니다. (
470,2,"IB 관련 전문성을 높이기 위하여 현재까지 노력한 부분(관련 경력, 대외활동, 프로젝트 등)은 무엇이고, 그 과정에서 얻은 가장 큰 성과와 본인의 업적에 대하여 자세히 작성하여 주십시오."
471,2,"현재 본인이 지원한 채용분야에서 가장 필요한 역량이 무엇이고, 본인이 어느 정도의 역량을 갖추었다고 생각하는지 근거를 제시하며 서술하시오."
472,2,지원 직무를 수행하는 데 가장 필요한 역량이 무엇인지 기술하고 이를 위해 본인이 어떤 준비를 해왔는지 소개해주세요.
473,2,"(신입)지원분야에 있어 가장 중요한 실무역량이 무엇이라고 생각하는지 정의하고, 그에 따라 본인의 역량 수준을 점수화하여 주십시오. (100점 만점 기준, 이유포함)"
474,2,"[사회활동] 글로벌 테마파크를 만들기 위해 필요한 역량은 무엇이고, 이러한 점을 갖추기 위해 그동안의 경험을 기술해 주십시오"
475,2,[직무수행계획서] 지원분야와 관련된 전문성 향상을 위해 노려한 경험 및 공사 입사 후 업무수행계획과 자기개발 방안에 대하여 구체적으로 기술해 주십시오. 1. 지원 분야와 관련된 전문 지식 및 기술 향상을 위해 노력한 경험의 구체적 사례를 기술해 주십시오. 2. 공사 입사 후 지원분야 내 수행하고 싶은 업무와 관련된 업무수행계획에 대하여 기술해 주십시오. 3. 향후 경력개발 방안 및 역량개발계획에 대하여 기술해 주십시오.
476,2,"지원한 직무 관련 본인이 갖고 있는 전문지식/경험을 작성하고, 이를 바탕으로 본인이 지원 직무에 적합한 사유를 구체적으로 서술해 주시기 바랍니다"
477,2,직무수행을 위한 역량
478,2,"지원분야에 관심을 가지게 된 계기는 무엇, 전문성향상을 위해 어떤노력을 했는지 서술"
479,2,"본인이 지원한 직무 수행시 필요하다고 생각하는 역량을 중심으로 직무를 정의해보고, 해당 직무를 본인이 잘 수행할 수 있다고 판단하는 근거를 기술해주십시오."
480,2,"지원한 직무와 관련된 전공 혹은 경험(경력)이 있다면 적어주세요 (최대 1,000자 입력가능)"
481,2,지원분야 직무 수행을 위한 본인의 경험과 노력을 서술하여 주십시오.
482,2,"지원하신 직무에 지원한 동기는 무엇이며, 해당 직무에 대하여 본인이 가지고 있는 강점을 구체적 사례와 함께 말씀해 주십시오. (~700자)"
483,2,본인이 지원한 직무와 관련된 이슈를 선정하여 그에 대한 본인의 생각을 기술해 주십시오.(~700자)
484,2,응시분야와 관련된 직무경험 또는 응시분야와 관련이 없더라도 일을 한 경험을 구체적으로 기술해 주세요. [ 500자 이상 1000자 이내 ]
485,2,"지원직무에 대한 자신의 강점, 경험, 그리고 본인이 지원직무에 적합한 이유에 대해 기재해 주세요."
486,2,지원 커리어로 의해 발전할 수 있는 사항
487,2,"한국철도의 인재상(소통인, 전문인, 혁신인) 중 지원자에 부합하는 인재상은 무엇인지와 그 이유를 본인의 경험을 바탕으로 구체적으로 작성해 주십시오."
488,2,"지원한 분야에서 타인과 차별화된 본인만의 경쟁력은 무엇이며, 그 이유가 무엇인지를 지원직무분야와 관련한 사례 또는 경험을 바탕으로 작성해 주십시오."
489,2,"본인의 지원직무를 어떻게 이해하고 있는지 구체적으로 기술하고, 해당 직무에 본인이 적합하다고 판단할 수 있는 근거를 경험을 바탕으로 기술하여 주십시오."
490,2,지원 직무를 수행하면서 본인이 기여할 수 있는 강점에 대하여 기술하여 주십시오.
491,2,"직무경험 : 희망직무의 지원동기 및 준비과정(학업,프로젝트,공모전,스터디 등)과 희망직무에 대한 본인의 강점, 약점을 기술해주세요."
492,2,직무경험 : 희망직무 준비과정과 희망직무에 대한 본인의 강점과 약점을 기술해주세요.
493,2,지원분야에 관련된 경력 또는 경험 등을 바탕으로 자유롭게 작성해주시기 바랍니다.
494,2,"지원 분야를 위해 '노력한 내용(전공, 직무 관련 경험 등)'과 이를 통해 '확보된 역량'을 구체적으로 기술해주십시오."
495,2,지원한 분야 및 직무를 수행하기 위한 본인의 보유 역량을 기술하시오.
496,2,"지원 직무와 관련한 경험 및 역량, 관심사항 등 자신을 가장 잘 설명할 수 있는 내용을 기반으로 서술해 주십시오."
497,2,"본인의 지원직무와 관련하여 자신의 강점/약점을 기술, 약점을 보완하기 위한 노력을 기술하십시오."
498,2,지원 직무에 요구되는 역량은 무엇이라고 생각하며 해당역량을 갖추기 위한 본인의 노력 또는 경험을 기술하세요.
499,2,지원한 분야의 전문성과 역량을 갖추기 위해 본인이 노력했던 경험과 그 결과에 대하여 구체적으로 서술해 주세요.
500,2,본인이 수행한 연구 내용에 대해 기술해주시기 바랍니다.
501,2,현대글로비스에서 본인을 채용해야 하는 본인의 강점은 무엇인지와 이를 발휘한 사례를 구체적으로 설명해주세요.
502,2,본인이 지원한 직무를 위해 준비한 과정과 보유한 역량에 대해 자세히 기술하여 주시기 바랍니다.
503,2,지원분야를 선택한 이유와 본인이 이 직무에 적합하다고 판단할 수 있는 근거를 기술해 주십시오.
504,2,"지원 직무에 요구되는 역량은 무엇이라고 생각하며, 이를 갖추기 위해 어떠한 노력을 해왔는지 기술해 주십시오."
505,2,"지원한 직무에 대한 본인만의 차별화된 역량은 무엇이며, 이를 갖추기 위한 노력과 경험에 대해 기술해 주십시오."
506,2,직무경험 : 희망직무 준비과정과 희망직무에 대한 본인의 강점과 약점을 기술해주세요. 800
507,2,지원 직무와 관련된 이력을 간결하게 나열해주시기 바랍니다.
508,2,지원분야에 필요한 직무능력을 습득하기 위해 받은 교육 및 경험
509,2,현대글로비스에서 본인을 채용해야 하는 본인의 강점은 무엇인지와 이를 발휘한 사례를 구체적으로 설명해주세요. [600자 내외]
510,2,"지원하는 직무에 대해 본인이 이해하는 바에 대해서 구체적으로 기술하고, 왜 이 직무에 지원하게 되었는지 기술해주세요."
511,2,본인이 선택한 직무에 대해 아래 내용을 포함하여 기술하시오. ①지원한 직무의 역할이 무엇이라 생각하는지 자유롭게 기술 ②본인이 해당 직무에 적합하다는 근거를 본인의 경험을 바탕으로 기술 ③입사 후 경력개발 계획에 대해 기술
512,2,"공동의 목표를 달성하기 위하여 가장 중요하다고 생각하는 역량 1가지를 선정하고,그 이유와 해당 역량을 발휘하여 목표를 달성한 경험에 대해 구체적으로 기술하시오."
513,2,"지원 직무와 관련한 경험(교육, 프로젝트, 대외활동 등)을 3개 이내의 키워드로 기재해 주시고, 이에 대한 본인의 의견을 자유롭게 기재해 주세요."
514,2,"조직생활에 있어서 본인이 가진 장/단점을 기술하고, 단점을 극복하기 위한 과거의 노력과 향후의 계획에 대해 기술하여 주십시오."
515,2,지원동기 및 지원분야와 관련한 본인의 보유역량을 기술하시오. (800자 이하)
516,2,"지원분야에 대한 전문성을 향상시키기 위해 노력했던 경험 및 경력, 해당 직무에서 본인이 지닌 강점에 대해 기술하시오. (800자 이하)"
517,2,본인만의 강점 및 핵심역량 기술 [경쟁력 및 귀하가 채용되어야 하는 사유 기술] (최소 300자)
518,2,"역량기술서 항목 작성 시, 지역명 혹은 학교명이 포함되어 있는 경우 ○○로 기재 바랍니다."
519,2,입사지원서에 작성한 경력 및 경험(직무관련 활동)에 대하여 기술해주시기 바랍니다. 은 본인이 수행한 활동 내용과 소속 조직(그룹)에서의 활동 결과 및 영향력이 나타나도록 기술할 것)
520,2,"본인이 지원한 직무에 가장 필요한 역량 '2가지'를 제시하고, 그 역량을 갖추기 위해 어떠한 노력을 했는지 구체적인 경험과 함께 기술해 주세요."
521,2,"지원분야에 귀하가 기여할 수 있는 차별화된 능력, 경쟁력(교육,훈련,자격 등)을 서술하십시오."
522,2,CE 직무를 더 잘 수행하기 위한 경험한 자신만의 강점
523,2,"지원분야에 얼마나 알고 있는지, 어떤 역량을 갖추고 있는지 기술"
524,2,"입원지원서에 기술한 경력 및 경험에 대해 상세히 기술하여 주시기 바랍니다. - 경력을 기술할 경우 구체적으로 직무영역, 활동/경험/수행 내용, 본인의 역할 및 구체적 행동, 주요 성과에 대해 작성해주시고, 경험(직무관련 기타 활동)을 기술할 경우 구체적으로 본인이 수행한 활동내용, 소속 조직이나 활동에서의 역할, 활동 결과에 대해 작성해 주시기 바랍니다. - 글자 수 2,000자 이내 자유롭게 작성해 주시기 바랍니다."
525,2,해당 분야의 전문성이 어느 수준에 도달하셨다고 생각하십니까? 그 이유는 무엇인지 상세하게 기술하여 주십시오.(400자 이내)
526,2,"본인의 강점과 약점을 언급하시고, 그 강점이 앞으로 귀사와 본인의 발전에 어떻게 기여 할 수 있는지를 서술해주십시오"
527,2,본인이 해당 직무에 대해 적합하다고 생각하는 이유를 서술하시기 바랍니다.
528,2,"지원분야와 관련된 본인의 보유역량 및 학습, 경험 등에 대해 작성해 주시기 바랍니다. * 학습활동, 프로젝트, 동호회, 공모전, 관련 경력 등 / 포트폴리오 등 관련 자료가 있다면 입사 지원서에 별도 파일 첨부 가능"
529,2,지원한 직무에 필요한 역량이 무엇이라고 생각하는지 ①Knowledge(지식) ②Skill(기술/자격) ③Attitude(태도) 세가지 관점으로 구분한 후 본인은 어떤 역량(경쟁력)을 가지고 있는지 구체적으로 작성해주세요.
530,2,응시원서에 기재한 교육사항이 본인이 지원한 업무 분야에서 어떻게 활용될 수 있을지 기술하시오.
531,2,응시원서에 기재한 경험 혹은 경력사항이 본인이 지원한 업무 분야에서 어떻게 활용될 수 있을지 기술하시오.
532,2,지원분야 직무와 관련된 본인의 경험 및 주요 성과를 기술해 주십시오. (1000자 이내)
533,2,입사 후 해당 채용직무 주요업무 중 본인이 수행 가능한 업무를 선택해 주십시오. (중복체크 가능)
534,2,본인이 선택한 업무 관련 전문지식·경험 및 업무추진계획을 기술해 주십시오. (1000자 이내)
535,2,직무경험: 지원 직무와 관련된 경험을 기술해주세요. (800자)
536,2,"지원하신 직무에 지원한 동기는 무엇이며, 해당 직무에 대하여 본인이 가지고 있는 강점을 구체적 사례와 함께 말씀해 주십시오."
537,2,본인이 지원한 직무와 관련된 이슈를 선정하여 그에 대한 본인의 생각을 기술해 주십시오.
538,2,"지원한 직무에 대한 본인의 경쟁력(지식, 경험, 스킬 등)은 무엇인지 구체적인 사례(학내외 활동, 프로젝트 등)를 들어 서술하고, 이를 통해 입사 후 기여할 수 있는 점은 무엇인지 작성해주시기 바랍니다."
539,2,"자신의 기술력과 열정을 보여줄 수 있는 활동사항을 기재해 주세요. 작성 시에는 '본인이 주도적으로 참여한 부분' 위주로 기입하며, 1) 진행기간 2) 주요내용 3) 본인이 공헌한 점 4) 사용한 Skill 또는 지식 5) 결과/성과 를 간결하게 핵심만 기입해 주세요."
540,2,"지원 직무를 선택한 이유와 해당 직무를 성공적으로 수행하기 위하여 어떠한 노력과 경험을 하였는지 서술하십시오. (최소 200자, 최대 2,000자)"
541,2,본인의 업무경험이 삼성물산 패션부문 해당 부서(브랜드)에 기여할 부분 (구체적으로 서술)
542,2,역량기술서 - 직무기술서 [참고] 모집분야내 희망 연수번호 F-2 o 모집분야 직무에 대해 보유한 지식
543,2,직무에 대한 본인의 적합성(경력 및 역량중심)
544,2,직무와 관련된 경력/교육/기타 사례
545,2,지원직무를 선택한 이유와 그 직무를 수행함에 있어 본인만의 차별화된 역량은 무엇인지 설명해 주세요.
546,2,지원분야와 관련한 본인의 경력ㆍ경험 및 역량을 기술하시오.
547,2,"DL건설과 해당 직무에 지원한 동기를 작성하고, 지원한 직무를 수행함에 있어 필요한 역량은 무엇이라고 생각하며, 자신이 해당 직무를 잘할 수 있는 근거를 구체적으로 서술해 주십시오."
548,2,지원분야에 대한 주요경력 또는 경험
549,2,본인만의 차별화된 직무 강점과 이를 통해 당사에 기여할 수 있는 점에 대하여 기술하시오.(500자)
550,2,"같지만 다른 은행인 카카오뱅크, 본인의 차별화 된 역량 및 기술을 근거로 지원한 직무에 적합한 이유를 기술해 주세요."
551,2,"해당직무에 필요한 역량을 기술하고 이를 갖추기 위해 본인이 해온 노력 (지식, 경험 기술 등)을 기술해 주십시오."
552,2,"지원 직무 관련 최근 Trend를 간략히 정의하고, 해당 역량을 키우기 위해 노력한 경험을 기술하시오"
553,2,지원한 분야를 위해 본인이 어떠한 노력과 준비를 해왔는지 적어주세요.
554,2,"지원 직무를 수행하기 위해 본인이 열정적으로 준비했던 경험을 중심으로 본인만의 기술, 능력, 지식에 대해 기술해주십시오."
555,2,해당직무에 지원한 이유와 그 직무에 필요한 역량을 갖추기 위해 어떠한 노력을 했는지 기술하시오. (800자~1000자)
556,2,"세부 경력 내용에 대해 구체적으로 작성해주세요., ②프로젝트 명(진행/참여 포함), ③업무 내용, ④담당 역할)"
557,2,"지원한 직무와 관련된 본인이 갖고 있는 강점(전문지식 혹은 스킬)은 무엇이며, 앞으로의 목표는 무엇입니까."
558,2,직무와 관련하여 본인이 보유한 역량과 전문성에 대해 기술하여 주십시오.
559,2,직무와 관련하여 본인이 보유한 문제해결능력을 발휘한 경험에 대해 기술하여 주십시오.
560,2,직무 관련 경력 및 경험 사항에 대해 지원분야 관련여부 판단의 주요 참고사항이오니 구체적인 내용을 기술해주시기 바랍니다.
561,2,직무 수행에 있어서 본인의 핵심적인 역량은?
562,2,"해당 직무에 지원하게 된 동기는 무엇이며, 이 직무에 대해 본인이 어떤 강점을 가지고 있는지 구체적인 사례를 들어 설명해주십시오."
563,2,지원한 직무를 성공적으로 수행하기 위해 필요한 핵심역량은 무엇이라고 생각합니까? 현재 귀하는 어느 정도의 역량을 갖추었는지 관련 경험에 근거하여 기술해 주시기 바랍니다.(700자 이내)
564,2,본인의 지원 분야와 관련된 업무 수행 시 기여할 수 있는 측면
565,2,"본인이 지원한 직무 및 설명을 채용공고를 참조하여 첫 줄에 간략히 기입하고, 이에 대한 스스로의 경쟁력(경험,지식,Skill)과 입사 후 기여할 수 있는 점은 무엇인지 사례를 들어 설명하시오. ex) 국내영업관리 - 지역별 유통망 개발 및 육성 활동 실행 등 / 전공무관, 강한 도전정신과 실행력을 갖춘 분 등"
566,2,교육·경험·경력사항이 산업연구원에 근무하게 된다면 어떠한 도움을 줄 수 있는지 기술해 주십시오.
567,2,직무관련 역량에 대한 자신의 활용능력 및 강점을 기술해 주십시오.
568,2,직무 지식/경험 : 지원 직무와 관련된 수강 과목 및 경험을 간략하게 기술하여 주시기 바랍니다. 등으로 기술)
569,2,직무 관련 강점 : 지원 직무 수행과 연계한 본인만의 경쟁력 및 강점을 기술하여 주시기 바랍니다.
570,2,"직무 이해도 : 지원 직무 관련 최근 Trend를 간략히 기술하고, 이에 대한 본인의 견해를 구체적으로 기술하여 주시기 바랍니다."
571,2,"직무 지식/경험 지원 직무와 관련된 수강 과목 및 경험을 간략하게 기술하여 주시기 바랍니다. Guide> 학교수강교과목, 외부교육수강 이력, 프로젝트 경험 등을 제목/경험/성적(또는 성과) 등으로 기술하여 주시기 바랍니다."
572,2,직무 관련 강점 지원 직무 수행과 연계한 본인만의 경쟁력 및 강점을 기술하여 주시기 바랍니다.
573,2,"직무 이해도 지원 직무 관련 최근 Trend를 간략히 기술하고, 이에 대한 본인의 견해를 구체적으로 기술하여 주시기 바랍니다."
574,2,"지원 직무와 관련한 경험 및 역량, 관심 사항 등 자신을 가장 잘 설명할 수 있는 내용을 기반으로 서술해 주십시오."
575,2,해당 직무를 수행함에 있어 본인이 가진 강점과 역량 혹은 강점 및 역량 개발을 위한 본인 개발 계획을 서술해 주세요.(제한없음)
576,2,"지원한 직무를 위해 학습하고, 경험하고, 노력했던 과정을 구체적으로 기술하세요. (글자수 제한 없음)"
577,2,"직무와 관련해 기울인 노력이나 경험(프로젝트/경진대회/공모전/연구/학습) 가운데 자신의 강점이 잘 드러나는 사례를 기술하고, 그 강점으로 LG유플러스에서 달성하고 싶은 목표가 있다면 기술하여 주십시오. (1000)"
578,2,"My Competency 지원분야와 관련된 구체적인 지식이나 경험을 기술해주십시오. Guide> 관련학습, 동아리 활동, 수상경험 등을 중심으로 자유롭게 기재해 주시기 바랍니다."
579,2,다른 사람과 구분되는 본인만의 차별화되는 강점이나 경쟁력을 구체적인 사례를 들어 기술해주시기 바랍니다.
580,2,지원하신 직무를 성공적으로 수행할 수 있다고 생각하는 이유와 이를 위해 어떤 준비를 해 왔는지에 대해 구체적으로 기술하여 주세요.
581,2,본인 성격의 장점과 단점을 채용 직무와 연관 지어 각각 기술하여 주세요.
582,2,"입사 후 업무를 잘 수행할 수 있도록 준비한 '나의 역량'이 무엇이며, 그 역량을 갖추기 위해 어떠한 노력을 해왔는지 본인의 경험을 중심으로 기술해주시기 바랍니다."
583,2,"희망하는 직무를 수행함에 있어서 요구되는 역량이 무엇이라 생각하며, 이 역량을 갖추기 위한 노력 또는 특별한 경험을 기술하여 주십시오. (1800byte)"
584,2,해당 직무를 수행하기 위한 본인의 지식(knowledge) 또는 기술(skill)의 활용방안을 서술해 주시기 바랍니다. (500자 이내)
585,2,지원자께서 지원하는 직무와 관련하여 고객 만족을 위하여 노력했던 경험 사례를 서술해 주시기 바랍니다. (500자 이내)
586,2,"지원직무를 선택한 이유와 그 직무를 수행함에 있어 본인만의 차별화된 역량은 무엇인지 설명해 주세요. 지원 분야와 관련된 경험 및 역량, 관심사항, 개인의 목표 및 비전, 지원동기, 전문성 등 자신을 어필할 수 있는 내용을 기반으로 자유롭게 기술하시기 바랍니다."
587,2,"자기개발 - 현재 뿐만 아니라 향후에 필요한 지식, 경험, 기술 등을 적극적으로 습득하여 미래를 준비하여 꾸준히 발전한다. (A,B 중 택 1) o A. 자신이 자기개발을 꾸준히 하는 사람임을 입증할 수 있는 사례(경험)와 그 근거를 구체적으로 작성해주시기 바랍니다. o B. 자신이 지원한 분야에서 뛰어난 전문가가 되기 위해 기울이고 있는 노력에 대해 구체적으로 작성해 주시기 바랍니다."
588,2,지원분야와 관련된 구체적인 지식이나 경험은 무엇이 있나요?
589,2,지원분야와 관련하여 자신있는 본인의 강점에 대해 증명할 수 있는 사실 또는 경험을 중심으로 기술하시오.
590,2,"지원한 직무에 필요한 역량이 무엇이라고 생각하는지 ①Knowledge(지식), ②Skill(기술/자격), ③Attitude(태도) 세가지 관점으로 구분한 후, 본인은 어떤 역량(경쟁력)을 가지고 있는지 구체적으로 작성해주세요."
591,2,(R&D 지원자만 작성) 석/박사 학위기간 중 세부 전공분야와 연구성과에 대해 구체적으로 적성해주세요. (최대 800자 입력가능)
592,2,"지원 분야와 관련하여 다양한 분야에서 쌓은 경험 및 활동에 대하여 상세히 기술해 주시기 바랍니다. * 경험 및 활동에는 채용 분야의 직무와 관련하여 기업이나 조직에서 실제로 업무를 수행한 경험, 학교나 직업교육과정 내 조별 과제 활동, 동아리 활동, 재능기부 활동 등 다양한 조직과 장면에서의 경험이 포합됩니다. 2-1. 본인이 지원한 직무와 관련한 경험 및 활동은 어떤 내용인지 기술해 주십시오. (200자 이내)"
593,2,"업무수행 능력/교육·경험 (최소 1자, 최대 300자 입력가능)"
594,2,지원한 직무와 관련된 전공 혹은 경험(경력)이 있다면 적어주세요.
595,2,희망하는 직무를 수행함에 있어 필요한 역량과 이 역량을 갖추기 위한 노력 또는 경험을 기술 바랍니다.
596,2,지원분야(직무) 준비한 과정 - 개인의 경험을 토대로 구체적 기술
597,2,KCC 인재상 중 자신에게 가장 부합하는 항목을 선택하여 개인의 경험과 함께 구체적으로 기술
598,2,"코오롱글로벌이 인턴 사원에게 기대하는 역량은 무엇이라고 생각하며, 본인이 그것과 어떻게 부합하는지를 기술하여 주십시오.( 0 / 1500 bytes)"
599,2,본인이 갖추고 있는 지원분야에 가장 중요한 직무능력을 중요도 순위로 3가지 나열하고 그 이유에 대하여 구체적으로 기술하시오.
600,2,본인이 지원하게 된 분야(1지망)에서 잘할 수 있는 것과 이루고 싶은 목표를 경험지식이나 전공에 근거하여 구체적으로 기술하여 주시기 바랍니다.
601,2,"본인이 가진 가장 뛰어난 점과 그렇게 판단한 이유, 고용노동연수원 업무수행에서 나타날 수 있는 긍정적 효과에 대하여 기술해 주십시오."
602,2,"고용노동연수원이 수행하는 업무를 아는 대로 설명하고, 본인이 지원하는 분야에 대한 업무내용과 지원하는 이유를 기술해 주십시오."
603,2,"본인의 지원직무를 어떻게 이해하고 있는지 구체적으로 기술하고, 해당 분야에 본인이 적합하다고 판단할 수 있는 근거를 사례 및 경험을 바탕으로 기재해주세요."
604,2,"본인의 전공 또는 경력사항 중 지원하신 직무와 연결하여 구체적인 사례, 경험을 들려주세요."
605,2,"지원분야의 직무를 수행함에 있어서 요구되는 역량이 무엇이라 생각하며, 이 역량을 갖추기 위한 노력 또는 특별한 경험을 구체적으로 기술하시오"
606,2,타인과 차별화된 본인의 경쟁력을 구체적으로 기술하시오
607,2,지원한 직무에 필요한 역량을 갖추기 위해 어떠한 노력을 하였는지 구체적인 예시와 함께 서술해 주십시오.(교육이수 및 수상경력 등) 최대 800자 이하
608,2,수행예정업무와 관련하여 실무 경력 또는 경험이 있다면 수행내용을 기술해 주십시오. 최대 800자 이하
609,2,수행예정업무와 관련하여 가장 자신 있는 업무 또는 도전하고 싶은 업무를 자유롭게 기술해 주십시오. 최대 800자 이하
610,2,이연제약에 지원한 동기와 지원직무에 대하여 성공적으로 수행할 수 있다고 생각하는 이유를 개인의 강점을 바탕으로 구체적으로 기재하여 주십시오.
611,2,지원한 직무에 적합한 이유 (본인의 차별화된 역량을 근거로 기재)
612,2,본인의 주요 연구경력에 대해 기술하시오.
613,2,"연구 직무에 요구되는 핵심역량은 무엇이라고 생각하며, 그것을 갖추기 위해 어떠한 노력을 기울였는지 기술하시오."
614,2,"자신의 관심분야는 무엇인가요? 관심분야와 관련된 교내외 활동에 대해 설명하고, 이를 통 해 무엇을 배웠는지 서술해 주세요. (최소 1자, 최대 500자 입력가능)"
615,2,KAI인재상을 바탕으로 자신만의 경쟁력을 구체적인 사례(최근 5년 이내)를 통해 기술해주시기 바랍니다.
616,2,직무와 관련하여 직무역량을 키우기 위해 꾸준히 노력한 경험(최근 5년 이내)에 대해 기술바랍니다.
617,2,직무 관련 역량 (본인만의 경쟁력) 500자
618,2,직무 관련 경험 500자
619,2,지원 분야와 관련하여 본인만이 가진 강점과 관련 영역의 전문성을 키우기 위해 노력한 경험에 대해 구체적으로 서술해 주세요.
620,2,지원 직무의 적합성을 증명할만한 경험
621,2,"지원한 직무를 위해 학습하고, 경험하고, 노력했던 과정을 구체적으로 기술하세요."
622,2,"지원한 직무를 잘 수행할 수 있도록 준비한‘나의 역량’은 무엇이며, 그 역량을 갖추기 위하여 어떠한 노력을 해왔는지 구체적으로 작성해 주시기 바랍니다."
623,2,지원 직무 관련 수강 과목 경험
624,2,"지원자의 장점을 공사 인재상과 (창조인, 전문인, 화합인) 연관 지어 기술하여 주십시오."
625,2,"공사 사업분야 중 지원자가 가장 관심을 갖고 있는 분야를 1가지 선정하고, 본인의 지식, 경험, 경력을 어떻게 해당 분야에 활용할 수 있을 지 기술하여 주십시오."
626,2,지원하신 직무를 잘 수행하기 위해 본인이 노력한 경험 에 대해서 작성해주시길 바랍니다.
627,2,"지원 직무와 관련된 수강 과목 및 경험을 간략하게 기술하여 주시기 바랍니다. Guide> 학교수강교과목, 외부교육수강 이력, 프로젝트 경험 등을 제목/경험/성적(또는 성과) 등으로 기술하여 주시기 바랍니다. (1000자)"
628,2,지원 직무 수행과 연계한 본인만의 경쟁력 및 강점을 기술하여 주시기 바랍니다. (1000자)
629,2,지원하신 직무에 대한 본인의 열정을 생각해 보시기 바랍니다. 직무를 수행하기 위해 그동안 어떠한 노력을 해왔는지 상세히 작성해 주시기 바랍니다.
630,2,"지원 분야/직무에 본인이 적합하다고 생각하는 이유와, 해당 직무 관련 역량 육성을 위해 노력한 사례를 설명해주십시오. (최대 500자 입력가능)"
631,2,타인과 차별화 할 수 있는 본인만의 역량(교육/경험/경력사항 등)을 지원직무 중심으로 기술하시오.(역량기술)
632,2,경력기술서 및 기타 참고사항 500자
633,2,"(일반행정) 대학 행정의 역할에 대한 본인의 생각을 서술하고, 본인이 우리대학이 요구하는 인재에 적합한 사유를 본인의 경험 및 역량과 연계하여 구체적으로 작성해 주십시오. 1000자"
634,2,(선택) 업무 경력이 있으신 경우 본인이 수행했던 담당업무 및 주요실적에 대해 기술해 주십시오. 1000자
635,2,"지원 직무를 수행하기 위해 본인이 열정적으로 준비했던 경험을 중심으로 본인만의 기술, 능력, 지식에 대해 기술해 주세요."
636,2,지원분야 직무 수행을 위한 본인의 경험과 노력을 서술하여 주십시오. (최대 500자 입력가능)
637,2,"지원 직무와 관련하여 어떠한 역량을(지식/기술 등) 강점으로 가지고 있는지, 그 역량을 갖추기 위해 무슨 노력과 경험을 했는지 구체적으로 작성해주시기 바랍니다.(1500자)"
638,2,본인이 지원하는 직무에 있어 그 일을 잘할 수 있는 차별화된 역량 및 그와 관련된 경험을 3가지 이내로 기술해 주십시오. (800자)
639,2,"My Competence 본인이 지원한 직무관련 지원동기와 역량에 대하여 Guide> 해당 직무의 지원동기를 포함하여, 직무관련 본인이 보유한 강점과 보완점을 사례를 통하여 구체적으로 기술해주시기 바랍니다."
640,2,"지원 분야를 위해 '노력한 내용(전공, 직무경험 등)'과 이를 통해 '확보된 역량'을 구체적으로 기술해주십시오.(1000자)"
641,2,"본인이 지원한 직종에서 업무 수행을 잘 하기 위해 가장 중요한 능력(지식, 태도 등)은 무엇이라고 생각하는지 그 이유를 들고, 이를 습득하기 위해 노력했던 경험을 기술해 주세요."
642,2,삼화페인트 인재상 중 자신과 가장 근접한 항목에 대한 경험을 기술하시오
643,2,"지원분야와 관련된 자신만의 차별화된 전문성은 무엇인지 기술해 주십시오. (300자 이내 작성) 2-1) 어떤 과정을 통해 그러한 전문성을 향상시켜 왔으며, 이를 활용한 경험에 대해 기술해 주십시오. (300자 이내 작성)"
644,2,지원자께서 보유하신 업무 역량에 대해 간단하게 기재 바랍니다.
645,2,"교직원에 대해 본인이 이해하고 있는 내용과 직업선택의 기준을 기술하고, 본인이 왜 성균관대학교 교직원으로서 적합한지 기술해 주십시오."
646,2,"지원 직무 관련 최근 Trend를 간략히 기술하고, 이에 대한 본인의 견해를 구체적으로 기술하여 주시기 바랍니다."
647,2,희망 직무를 지원한 이유와 해당 직무를 수행하기 위해 어떠한 노력이나 경험을 하였는지 작성해주세요.
648,2,지원 직무에 본인이 적합하다고 생각하는 이유와 직무수행을 위해 필요한 역량을 기르기 위해 했던 행동 및 활동을 작성해주십시오.
649,2,지원 직무 또는 본인에 대해서 어필할 수 있는 내용을 자유롭게 작성하시기 바랍니다. [꼭 하고 싶은 나만의 이야기]
650,2,"자기계발 노력 (활동경력, 수상경력 등)"
651,2,"지원한 직무에 필요한 역량은 무엇이라고 생각하며, 본인이 해당 직무에 적합하다고 판단할 수 있는 근거를 기술해 주십시오."
652,2,"귀하가 지원한 분야의 전문성에 대해서 아래 ''가)'', ''나)''의 내용에 맞춰 본인의 생각을 기술해 주시기 바랍니다. (500자) 가) 지원한 분야에서 가장 중요하다고 생각하는 전문성은 무엇인지 기술 나) ''''가)'''에서 기술한 내용 중 본인이 보유하고 있는 전문성의 수준은 어느 정도인지 구체적으로 기술"
653,2,"귀하가 자신의 전문성을 높이기 위해 노력한 것을 아래 ''가)'', ''나)''의 내용에 맞춰 기술해 주시기 바랍니다. 가) 자신의 분야에서 뛰어난 전문가가 되기 위해 본인이 ''''노력한 것'''' 기술 나) 자신의 분야에서 뛰어난 전문가가 되기 위해 ''''준비하고 있는 것'''' 기술 (500자)"
654,2,주택도시보증공사의 다양한 업무 분야 중 본인이 가장 잘 수행할 수 있다고 생각하는 직무와 그 이유를 기술하여 주십시오. (0/500자)
655,2,직무 관련 강점/ 지원 직무 수행과 연계한 본인만의 경쟁력 및 강점을 기술하여 주시기 바랍니다.
656,2,"직무 이해도/ 지원 직무 관련 최근 Trend를 간략히 기술하고, 이에 대한 본인의 견해를 구체적으로 기술하여 주시기 바랍니다."
657,2,"지원자 본인이 현실과 타협하거나 편법을 사용하지 않고, 원칙대로 일을 처리하는 사람임을 가장 잘 나타내는 최근 5년 이내의 사례를 기술해 주시기 바랍니다."
658,2,지원자 본인이 진정성과 소통을 바탕으로 신뢰를 구축하는 사람임을 가장 잘 나타내는 최근 5년 이내의 사례를 기술해 주시기 바랍니다.
659,2,"(지원동기) 자신의 지원분야에 전문성을 높이기 위한 노력(구체적 과정, 경험 등 포함)과 이를 잘 수행할 수 있다고 생각하는 이유를 담아 지원동기를 작성해 주십시오. 또한 과거의 교육과정이나 경력 등이 지원분야 업무와 어떤 관련성이 있는지와 그러한 전공지식·기술 및 경험들이 실제 업무수행에 어떤 방식으로 도움을 줄 수 있는지 구체적으로 기술해 주십시오. (약 3,000 byte)"
660,2,"[역량] 금융 신상품개발 프로젝트에서 본인이 하고싶은 업무를 정할 수 있다면, 본인은 어떤 업무를 선택할 것이며, 해당 업무에서 본인의 역량을 어떻게 보여줄 수 있을지 여러분의 생각을 말씀해 주세요."
661,2,[직무경험] 희망 직무 준비과정과 희망 직무에 대한 본인의 강점과 약점을 기술해주십시오.
662,2,"해당 직무 지원동기와 직무 관련 본인만의 차별화된 강점, 이를 통해 당사에 기여할 수 있는 점에 대해 기술해 주세요. 600자"
663,2,지원 직무에 필요한 역량
664,2,지원한 직무분야와 관련하여 가장 중요하다고 생각하는 역량 2가지와 그 이유에 대해 기술해 주십시오. * 한글 500자 이내 및 16라인 이내로 작성
665,2,"지원한 직무분야의 전문성을 키우기 위해 어떠한 노력과 준비를 해왔으며, 어떻게 농심에 기여할 수 있는지 기술해 주십시오. * 한글 800자 이내 및 18라인 이내로 작성"
666,2,"코오롱글로벌이 인턴사원에게 기대하는 역량은 무엇이라고 생각하며, 본인이 그것과 어떻게 부합하는지를 기술하여 주십시오."
667,2,"직무와 관련하여 최근 들어 관심이 있는 기술이 있다면, 해당 기술을 직접 적용 또는 활용해봤는지, 그 기술을 통해 어떠한 결과 또는 효과를 보았는지 상세히 서술하여 주십시오."
668,2,제한된 자원을 활용하여 과제나 업무를 효율적으로 수행한 경험을 구체적으로 작성하여 주십시오. (500자 이내)
669,2,-지원한 직무를 잘 수행할 수 있는 본인만의 강점을 현재까지 경험한 내용을 토대로 기술해주시기 바랍니다
670,2,자신이 지원한 분야에서 뛰어난 전문가가 되기 위해 기울이고 있는 노력에 대해 구체적으로 서술해 주십시오. (자기개발능력)
671,2,"중요한 일을 처리할때, 어떠한 방식으로 계획을 세워서 일을 처리하는지에 대해 개인적 경험을 기반으로 구체적으로 서술해 주십시오. (자원관리능력)"
672,2,"K-water에 입사지원한 동기 및 입사 후 실천하고자 하는 목표를 K-water 인재상(내실, 혁신, 신뢰) 중 자신과 가장 잘 부합하는 역량과 결부시켜 작성해 주십시오. (조직이해능력)"
673,2,"희망 직무에서 필요로 하는 핵심 역량은 무엇이라고 생각하는지 서술하고, 해당 역량을 갖추기 위해 어떤 노력과 준비를 했는지 구체적으로 작성해 주십시오. (1200byte)"
674,2,"한전KPS에 지원한 동기(관심을 가지게 된 계기, 시기 등)와 본인이 가지고 있는 직무관련 역량 또는 경험을 상세하게 기술해주시기 바랍니다."
675,2,희망 직무의 준비과정과 희망 직무와 유관된 경험 및 본인만의 강점을 서술해주세요. 1000
676,2,지원직무를 선택한 이유와/ 그 직무를 수행함에 있어 본인만의 차별화된 역량은 무엇인지 설명해 주세요.
677,2,[조직이해능력] K-water에 입사지원한 동기 및 입사 후 실천하고자 하는 목표를 K-water 인재상(핵심가치) 중 자신과 가장 잘 부합하는 역량과 결부시켜 작성해주십시오.
678,2,"[자원관리능력] 중요한 일을 처리할 때, 어떠한 방식으로 계획을 세워서 일을 처리 하는지에 대해 개인적 경험을 기반으로 구체적으로 서술해주십시오."
679,2,[자기개발능력] 자신이 지원한 분야에서 뛰어난 전문가가 되기 위해 기울이고 있는 노력에 대해 구체적으로 서술해주십시오.
680,2,"자신의 관심분야는 무엇인가요? 관심분야와 관련된 교내외 활동에 대해 설명하고, 이를 통해 무엇을 배웠는지 서술해 주세요."
681,2,지원분야와 관련된 본인의 보유 역량을 기술해주시기 바랍니다.
682,2,지원 직무(또는 관련 분야)에 전문성을 기르기 위해 노력한 과정과 지원 직무에 대한 본인의 강점을 서술해 주십시오. 700
683,2,"지원하신 분야에 갖추어야 할 덕목은 무엇이며, 그 분야에 본인이 왜 적합하다고 생각하는지를 기술하여 주십시요."
684,2,"지원분야 직무설명서를 참고하여 직무관련 경험, 경력에 대해 구체적으로 본인이 수행한 활동과 그 경험이 입사 후 업무수행 및 실천 목표에 어떤 도움을 줄 수 있는지 기술해 주십시오."
685,2,"한국철도의 사업분야 및 특성을 고려했을 때 고객만족을 위해 필요한 역량은 무엇이라고 생각하며, 지원자가 해당 역량을 발휘했던 경험을 작성해 주십시오."
686,2,"지원분야에 필요한 지식, 기술, 태도 중 지원자가 가장 중요하게 생각하는 점은 무엇이며 이를 갖추기 위해 구체적으로 어떤 노력을 했는지 작성해 주십시오."
687,2,"본인이 해당 직무를 잘 수행할 수 있는 이유를 ①협업 ②리더십 발휘 경험을 모두 포함하여 구체적인 사례 중심으로 작성해주세요. (1,000자 이내)"
688,2,"귀하가 우리 기관에 기여할 수 있는 능력은 무엇이며, 그 능력을 개발하기 위해 어떤 노력을 하였습니까?"
689,2,"(NCS 경험 및 경력기술서) 지원 분야의 직무기술서(직무수행내용, 필요기술 등)를 참고하여 관련된 경험이나 경력에 대해 상세히 기술해 주시기 바랍니다. 나-1. 본인이 지원한 직무의 어떤 부분과 관련된 경험/경력인지 먼저 기술하고, 본인이 직접적으로 맡았던 역할 및 수행한 내용에 대해 기술해 주십시오.(0 / 600 자이내)"
690,2,"(NCS 경험 및 경력기술서) 지원 분야의 직무기술서(직무수행내용, 필요기술 등)를 참고하여 관련된 경험이나 경력에 대해 상세히 기술해 주시기 바랍니다. 나-2. 앞서 작성한 본인의 경험/경력이 업무 중 어떠한 부분에 도움을 줄 수 있는지 기술해 주십시오.(0 / 400 자이내)"
691,2,본인이 지원하는 직무에 있어 그 일을 잘할 수 있는 차별화된 역량 및 그와 관련된 경험을 3가지 이내로 기술해 주십시오. (0/800)
692,2,"지원분야와 관련하여 특정영역의 전문성을 키우기 위해 꾸준히 노력한 경험에 대해 기술하여 주십시오.(400자, 800bytes)"
693,2,직무경험 : 희망직무 준비과정과 희망직무에 대한 본인의 강점과 약점을 기술해주세요. (실패 또는 성공사례 중심) 800
694,2,"(조직적합도) 지원 분야와 관련하여 우리 공사에 입사하기 위하여 갖춰야 할 능력들은 어떤 것들이 있으며, 본인 스스로 생각하기에 자신이 얼마만큼의 능력을 갖추고 있는지 기술하시오."
695,2,(직무적합도) 지원 분야와 관련하여 본인의 전문적인 지식이나 경험을 가지고 어떤 일을 추진했거나 문제를 해결하였던 경험에 대해 기술하시오
696,2,"응시분야에 대한 직무수행을 중심으로 본인이 생각하는 자신의 강점 및 어려운 문제를 해결하였던 경험이 있다면 상황, 행동, 결과를 중심으로 구체적으로 서술해 주십시오."
697,2,"업무를 수행함에 있어 원만한 직업생활을 위한 태도, 매너, 올바른 직업관이 왜 중요한지 본인의 가치관을 중심으로 구체적으로 서술해 주십시오."
698,2,"역량기술서- (1) 입사지원서에 기술한 직무관련 경력 및 경험에 대해 상세히 기술해 주시기 바랍니다. (2) 경력을 기술할 경우 구체적으로 직무영역, 활동/경험/수행내용, 본인의 역활 및 구체적 행동, 주요 성과에 대해 작성해 주시고, 경험을 기술할 경우 구체적으로 본인이 수행한 활동내용, 소속 조직이나 활동에서의 역활, 활동결과에 대해 작성해주시기 바랍니다. ."
699,2,"해당 직무에 지원하신 동기와 본인의 강점에 대해 경험에 근거하여 서술해 주십시오. 학교 수업, 자격증, 외부 교육, 동아리 등 어떤 경험이든 무방합니다."
700,2,"[사회활동] 글로벌 테마파크를 만들기 위해 필요한 역량은 무엇이고, 이러한 점을 갖추기 위해 그동안의 경험을 기술해 주십시오 800"
701,2,아래의 디지털 분야에서 본인이 자신있는 순으로 1가지 이상을 선택하고 해당 분야를 학습했거나 프로젝트를 진행했던 경험을 구체적으로 서술하십시오.
702,2,"당사의 인재상에 비추어 볼 때, 본인은 어떤 유형의 인재라고 생각되는지 구체적 사례를 들어 기술해 주십시오."
703,2,직무 경험 : 희망 직무 준비 과정과 희망 직무에 대한 본인의 강점과 약점을 기술해 주세요. 800
704,2,현재 자신의 위치에 오기 위해 수행해온 노력과 지원한 직무분야에서 성공을 위한 노력 및 계획을 기술해 주십시오. 500자
705,2,"본인이 지원한 직무 및 설명을 채용공고를 참조하여 첫 줄에 기입하고, 이에 대한 스스로의 경쟁력(경험, 지식, Skill)과 입사 후 기여할 수 있는 점은 무엇인지 사례를 들어 설명하시오. (800자 이내)"
706,2,지원직무를 설명하고 본인이 적합하다고 판단하는 사유를 구체적으로 기술하여 주십시오. (300자)
707,2,지원한 분야에서 자신이 다른 지원자보다 조금이라도 수준이 높다고 내세울 만한 것은 무엇입니까? 5-1. 어떤 점에서 우수하다고 여깁니까? 현재 0 Bytes / 200 Bytes 이내
708,2,그런 전문성이 업무에 미칠 영향은 어느 정도 입니까? 현재 0 Bytes / 200 Bytes 이내
709,2,"지원하신 분야의 업무를 수행하기 위해 본인이 보유한 지식이나 기술은 무엇이며, 이를 얻기 위해 노력한 과정을 구체적으로 기술하여 주십시오."
710,2,지원 직무 관련하여 최근 관심있는 분야 및 해당 분야 역량 강화를 위해 노력한 점을 기술해주세요.*
711,2,"본인이 생각하는 교직원으로서의 필요한 핵심역량은 무엇이라고 생각하며, 해당 역량을 갖추기 위해 본인이 어떤 노력을 하였는지 구체적인 경험을 중심으로 기술해 주십시오. (1000자)"
712,2,지원분야에 대한 남과의 차별점과 그 성취과정
713,2,입행 후 업무수행계획과 자기개발 방안에 대하여 2번 질문과 연관지어 구체적으로 기술해 주십시오. (최대 600자 입력가능)
714,2,경험 및 경력기술서
715,2,"전문성, 지식/기술, 경력/경험, 지원자가 지원한 분야에서 보유하고 있는 전문성 및 역량 등과 관련하여 지원한 직무와 연관된 학업사항 또는 업무를 수행하였을 때 본인이 어떠한 역할을 맡았는지 상세하게 기술하여 주십시오."
716,2,"전문성, 지식/기술, 경력/경험, 지원자가 지원한 분야에서 보유하고 있는 전문성 및 역량 등과 관련하여 전문성, 지식/기술, 경력/경험을 쌓기 위해 어떠한 노력을 하였으며 현재 보유 역량 수준에 대해 기술하여 주십시오."
717,2,"지원한 직무에 가장 필요하다고 생각하는 역량과, 그와 관련된 프로젝트 혹은 직무 경험을 기술해 주세요."
718,2,"지원한 직무를 수행하는 데 있어 본인의 약점과, 이를 보완하기 위해 어떤 노력을 하였는지 기술해 주세요."
719,2,"본인이 보유한 직무 관련 Skill의 활용 정도를 기재한 후, 현재 관심있는 기술 분야는 무엇이며 그 이유에 대해 기술해 주세요."
720,2,지원한 직무와 관련한 자신의 기술력과 열정을 보여줄 수 있는 활동사항을 기술해 주세요.
721,2,지원분야와 관련된 본인의 보유 역량을 기술하여 주시기 바랍니다.
722,2,"귀하가 직무와 관련하여 습득한 지식이나 기술을 3개 이상, 열거하고, 그중에서 가장 대표적인 사항에 대한, 자기개발의 과정과 결과를 구체적으로 서술하시오."
723,2,지원한 직무와 관련하여 본인의 강점을 만들기 위해 노력한 경험을 기술해 주시기 바랍니다. (400~700자)
724,2,"(지원동기) 자신의 지원분야에 전문성을 높이기 위한 노력(구체적 과정, 경험 등 포함)과 이를 잘 수행할 수 있다고 생각하는 이유를 담아 지원동기를 작성해 주십시오. 또한 과거의 교육과정이나 경력들이 지원분야 업무와 어떤 관련성이 있는지와 그러한 전공지식?기술 및 경험들이 실제 업무수행에 어떤 방식으로 도움을 줄 수 있는지 구체적으로 기술해 주십시오. (1500자 이내)"
725,2,"한전 KPS에 지원한 동기(관심을 가지게 된 계기, 시기 등)와 본인이 가지고 있는 직무관련 역량 또는 경험을 상세하게 기술해주시기 바랍니다. (500자)"
726,2,지원 분야와 관련한 본인의 전문성은 무엇입니까? 그러한 전문성을 현실에서 발휘하거나 구현했던 사례와 과정을 기술하여 주십시오.
727,2,"대학생활 중 이수한 과목 중 가장 흥미로웠던 과목은 무엇이며, 해당 과목에서 습득한 지식 및 경험을 어떻게 지원 직무에서 발휘할 수 있을지 작성해 주십시오."
728,2,"지원한 직무에 필요한 역량은 무엇이며, 해당 역량에서 전문성을 갖추기 위해 어떠한 노력을 했는지 작성해 주십시오"
729,2,"다양한 유형의 사람을 상대하기 위해 필요한 역량은 무엇인지 서술하고, 지원자가 해당 역량을 발휘하여 상대방을 만족시켰던 경험에 대해 구체적으로 작성해 주십시오."
730,2,"지원 분야의 직무를 수행하는데 있어 지원자의 전문성(장점)을 소개하고, 전문성 향상을 위한 그동안의 노력과 입사 후 코레일 기여 방안에 대해 작성해 주십시오."
731,2,"지원하신 직무를 선택한 이유와, 해당 직무에 대한 본인의 강점과 약점을 기술해주세요."
732,2,"가장 자신 있는 또는 좋아하는 컴퓨터공학 관련 이수 과목명과 성적, 그리고 해당 과목을 택한 이유를 각각 기재해 주세요.* 최대 6개까지 작성해 주세요. * 비전공자여서 학교에서 이수한 과목이 없을 경우, 개발자가 되기 위해 별도로 공부했던 컴퓨터공학 관련 학습내용을 작성해 주세요. * 작성예시 : 컴퓨터구조 / A / 컴퓨터 구조 전반에 대한 기본기를 탄탄한 갖출 수 있는 수업이었습니다. #관심분야와의 연관성 #기본에 대한 관심 #탄탄한 기본기"
733,2,지원한 직무와 관련하여 본인의 강점을 만들기 위해 노력한 경험을 기술해 주시기 바랍니다.
734,2,본인의 지원 직무와 관련하여 아래의 내용을 포함하여 기술해 주십시오. 1) 해당 직무를 지원한 이유 2) 해당 직무를 수행함에 있어 예상되는 어려움 3) 이를 극복해 나갈 수 있는 본인만의 강점 (관련 경험 기반) 4) 해당 직무 분야에 있어 본인의 직무 비전 및 목표 800
735,2,본인이 지원 직무에 적합하다고 판단하는 근거와 직무수행에 필요한 역량/지식을 갖추기 위해 어떤 준비를 하셨나요?
736,2,"지원 직무 수행에 필요한 전문 역량을 키우기 위해 노력한 경험을 작성하여 주십시오. - 전공/동아리/프로젝트/공모전/논문/연구/인턴 등 경험 종류는 무관하며, 직무 연관성이 가장 큰 경험부터 작성해 주십시오."
737,2,지원한 직무에 대해 본인이 이해한 내용과 해당 직무에 본인이 적합하다고 생각하는 이유를 구체적인 사례와 함께 서술하여 주십시오.
738,2,본인의 지원 직무와 관련하여 아래의 내용을 포함하여 기술해 주십시오. 1) 해당 직무를 지원한 이유 2) 해당 직무를 수행함에 있어 예상되는 어려움 3) 이를 극복해 나갈 수 있는 본인만의 강점 (관련 경험 기반) 4) 해당 직무 분야에 있어 본인의 직무 비전 및 목표
739,2,"귀하가 지원한 분야의 전문성에 대해서 아래 ''가)'', ''나)''의 내용에 맞춰 본인의 생각을 기술해 주시기 바랍니다. 가) 지원한 분야에서 가장 중요하다고 생각하는 전문성은 무엇인지 기술 나) ''가)''에서 기술한 내용 중 본인이 보유하고 있는 전문성의 수준은 어느 정도인지 구체적으로 기술"
740,2,"귀하가 자신의 전문성을 높이기 위해 노력한 것을 아래 ''가)'', ''나)''의 내용에 맞춰 기술해 주시기 바랍니다. 가) 자신의 분야에서 뛰어난 전문가가 되기 위해 본인이 ''노력한 것'' 기술 나) 자신의 분야에서 뛰어난 전문가가 되기 위해 ''준비하고 있는 것'' 기술"
741,2,지원자 본인이 불확실한 결과를 두려워하지 않고 열정적으로 노력하는 사람임을 가장 잘 나타내는 최근 5년이내의 사례를 기술해 주시기 바랍니다.
742,2,지원자 본인이 자신의 지원분야에 대한 전문성을 향상시키기 위해 꾸준히 노력하는 사람임을 가장 잘 나타내는 최근 5년 이내의 사례를 기술해 주시기 바랍니다.
743,2,"본인의 글로벌 역량을 강화하기 위해 노력한 경험이 있다면 이야기해 주십시오. (200자 이상, 500자 이내)"
744,2,최근 3년간 참여한 업무 경력을 본인이 맡은 업무(역할) 위주로 서술해 주세요.
745,2,지원 직무 수행에 필요한 지식과 기술을 습득하기 위해 어떤 노력과 경험을 했는지 구체적으로 작성해주세요.
746,2,직무와 관련하여 수행한 프로젝트 또는 교육 경험 중 하나를 선정하여 자세하게 서술해주세요.
747,2,"한국전력공사에 지원하게 된 동기, 입사 후 희망하는 직무와 직무수행을 위한 역량개발(교육, 경험, 경력 등) 노력을 작성해 주십시오. 그리고, 최근 한국전력공사의 이슈 1가지에 대해 본인의 견해와 해당 이슈에 대해 본인이 기여할 수 있는 사항을 연계하여 구체적으로 기술하여 주십시오. (300~700자)"
748,2,"한국전력공사에 지원하게 된 동기, 입사 후 희망하는 직무와 직무수행을 위한 역량개발(교육, 경험, 경력 등) 노력을 작성해 주십시오. 그리고, 최근 한국전력공사의 이슈 1가지에 대해 본인의 견해와 해당 이슈에 대해 본인이 기여할 수 있는 사항을 연계하여 구체적으로 기술하여 주십시오. 700"
749,2,지원하신 직무(분야)에서 가장 중요한 능력이나 기술은 무엇이라고 생각하며 본인이 그것을 갖추기 위해 노력한 것과 입사 후 능력이나 기술을 어떻게 활용할 것인지 중심으로 서술해 주십시오. (800/800)
750,2,협업을 할 때 본인의 주요 역할과 자신만의 노하우가 있다면 기술해주십시오.
751,2,지원분야와 관련하여 본인의 역량 중 보완해야 할 부분과 그 역량을 향상시킬 수 있는 방안에 대해 기술하여 주십시오
752,2,"지원분야에 필요한 직무역량을 습득하기 위해 했던 노력에 대해 기술하여 주십시오 (전공수업, 직업교육, 자격증 등)"
753,2,해당 직무에 지원한 이유와 그 직무에 필요한 역량을 갖추기 위해 어떠한 노력을 했는지 기술하시오. 800-1000
754,2,희망업무 및 업무상 강점
755,2,에이스침대의 지원 분야와 관련하여 전문성을 키우기 위해 성취한 경험에 대하여 서술해 주세요.
756,2,"지원하신 직무가 무엇을 하는 일이라고 생각하시는지, 본인의 정의를 기술해 주십시오. 직무수행에 필요한 역량/지식을 갖추기 위해 학업 또는 학업 외적으로 어떤 준비를 하셨는지 구체적 사례 중심으로 작성해 주세요.*700자 이내로 내용을 입력해주세요."
757,2,[자기개발노력] 지원 분야에 대해 관심을 갖게 된 계기와 해당분야 직무역량 개발을 위해 꾸준히 노력한 경험을 서술해 주십시오.
758,2,"[조직적응능력] 조직이나 단체에 소속되어 해당조직의 목표달성을 위해 본인이 수행했던 역할 및 성과를 서술하고, 인턴기간 중 본인이 우리 회사에 기여할 수 있는 바를 작성해 주십시오."
759,2,"현재 본인이 지원한 채용분야에서 가장 필요한 역량은 무엇이고, 본인이 어느 정도의 역량을 갖추었다고 생각하는지 근거를 제시하며 서술하시오."
760,2,"본인이 지원한 직무와 관련한 경험 혹은 경력에 대해 기술해 주시기 바랍니다. 다양한 활동(학교, 회사, 동아리, 동호회 등)을 통해 지원한 직무와 관련하여 쌓은 경험경력 사항에 대해 작성해 주십시오. (1000자)"
761,2,"본인이 한국수력원자력의 인재상에 맞는 인재가 되기 위해 어떤 면에서 준비가 되어 있으며, 해당 능력을 개발하기 위해 어떠한 노력을 하였는지 구체적인 사례를 아래 세부 항목에 따라 작성해 주십시오. (800자)"
762,2,본인이 지원한 직무에 가장 중요하다고 생각하는 역량과 이에 대한 자신만의 차별화된 강점은 무엇인지 기술해 주십시오. (최대 700자 입력가능)
763,2,"역량기술서 회사별, 최근 일자별, PROJECT별, 직무내용별 주요 수행 업무 중심으로 본인의 보유 역량에 대하여 상세하게 작성바랍니다."
764,2,"본인의 직무와 관련하여 관심 있는 주제를 선정하여 기술하고, 그에 대한 본인의 생각을 서술해 주십시오."
765,2,"본인이 지원한 직무를 수행하기 위해 가장 필수적으로 요구되는 역량이 무엇이라 생각하며, 해당 역량을 갖추기 위해 특별히 노력한 경험에 대해 기술해 주십시오. [1000바이트]"
766,2,"지원 분야와 관련하여 본인이 충분한 역량 또는 잠재력을 갖고 있다고 어필할 수 있는 근거를 경험 (인턴, 아르바이트, 수행과제 등) 또는 사례와 함께 이야기 해 주세요. (1000byte 이내)"
767,2,[경력 및 경험활동 1] 입사지원서에 기입한 지원 직무와 관련한 경력 및 경험 활동의 주요 내용과 본인의 역할에 대해서 구체적으로 기술해 주십시오. (300자 이내)
768,2,[경력 및 경험활동 2] 위 경력 및 경험활동이 우리병원 입사 후 지원분야의 직무수행에 어떻게 도움이 될지 구체적으로 기술해 주십시오. (300자 이내) (300자)
769,2,"지원한 직무에 필요한 역량이 무엇이라고 생각하는지 ①Knowledge(지식), ②Skill(기술/자격), ③Attitude(태도) 세가지 관점으로 구분하여 작성해주세요."
770,2,"본인은 직무 관련 어떤 역량을 가지고 있으며, 앞으로 개발하고자 하는 것은 무엇입니까? (구체적으로 작성할수록 좋습니다.)"
771,2,[본인이 선택한 직무에 대해 아래 내용을 포함하여 기술하시오. ①지원한 직무의 역할이 무엇이라 생각하는지 자유롭게 기술 ②본인이 해당 직무에 적합하다는 근거를 본인의 경험을 바탕으로 기술 ③입사 후 경력개발 계획에 대해 기술 (최대 700자 입력가능)
772,2,"공동의 목표를 달성하기 위하여 가장 중요하다고 생각하는 역량 1가지를 선정하고,그 이유와 해당 역량을 발휘하여 목표를 달성한 경험에 대해 구체적으로 기술하시오. (최대 500자 입력가능)"
773,2,"본인이 지원한 직무 수행시 필요하다고 생각하는 역량을 중심으로 직무를 정의해보고, 해당 직무를 본인이 잘 수행할 수 있다고 판단하는 근거를 기술해주십시오. (800자 이내) (799/800)"
774,2,입사지원서에 기술한 직무관련 경험 및 기타활동 사항에 대해 상세히 기술해주시기 바랍니다.
775,2,"응시자께서 지원한 분야의 전문성을 쌓기 위해 어떠한 노력들을 해왔고, 그러한 노력을 통해 쌓은 전문성을 활용하여 한국국제협력단의 미션과 비전 달성에 어떻게 기여할 수 있는지 기술하여 주시기 바랍니다."
776,2,지원하신 직무와 관련된 본인의 장단점을 기술해 주세요.
777,2,"귀하가 생각하는 직장인이 가져야 할 가장 필요한 지식이나 기술 또는 가치관을 작성하고, 이와 관련한 본인의 경험을 근거로 서술하시오."
778,2,"본인의 직업관에 대하여 설명하고, 남동발전이 그에 부합하는 이유와 남동발전에 입사하기 위하여 본인이 특별히 노력한 경험(학과목, 자격증 등)에 대하여 상세하게 기술해 주십시오."
779,2,"지원분야와 관련해서 어떤 점들을 경험해 오셨고, 무엇을 배우셨는지 구체적으로 작성해주세요. 넥슨네트웍스에 입사하면 그러한 점들을 어떻게 활용할 수 있을지 고려하여 작성 부탁 드립니다. (2000자)"
780,2,"지원한 직무와 관련하여 현재 귀하의 가장 부족한 역량은 무엇이며, 이를 극복하기 위해 어떤 노력을 하고 있는지 기술해 주세요."
781,2,본인만의 강점 및 경력을 바탕으로 자기소개를 기술하여 주시기 바랍니다
782,2,"본인이 지원한 직무 수행 시 필요하다고 생각하는 역량을 중심으로 직무를 정의해보고, 해당 직무를 본인이 잘 수행할 수 있다고 판단하는 근거를 기술해주십시오. (800자 이내)"
783,2,청년인턴 직무와 관련하여 본인이 수행한 경력 또는 경험 중 가장 대표적인 것에 대해 기술하여 주십시오.
784,2,청년인턴 직무와 관련하여 현재 귀하의 능력 중 보완할 부분과 해당능력을 향상시킬 수 있는 방안에 대하여 구체적으로 기술하여 주십시오.
785,2,지원 분야와 관련하여 특정 영역의 전문성을 키우기 위해 꾸준히 노력한 경험에 대해 서술해 주십시오. / 전문성을 높이기 위한 학습 과정/ 전문성 획득을 위해 투입한 시간 및 방법/ 습득한 지식 및 기술을 실전적으로 적용해 본 사례/ 전문성을 객관적으로 확인한 경험/ 전문성 향상을 위해 교류하고 있는 네트워크/ 경험의 진실성을 증명할 수 있는 근거가 잘 드러나도록 기술) (700~1000 자 10 단락 이내
786,2,"직무에 지원한 동기와 지원 직무를 잘 수행할 수 있는 이유를 본인의 경험, 준비와 노력을 바탕으로 기술하여 주십시오"
787,2,"본인의 장/단점과 입사 후 장점은 어떻게 활용되고, 단점은 어떻게 보완 할 수 있겠는지를 기술하세요"
788,2,"지원 직무 관련 최근 Trend에 대해 간략히 기술하고, 이에 대한 본인의 견해를 구체적으로 기술하여 주시기 바랍니다."
789,2,"지원한 직무와 관련된 경력이나 경험에서 본인의 역활, 활동 내용을 기술하시고, 해당 경험이 한국가스기술공사 입사 후 업무수행에 어떠한 도움을 줄 수 있을지 기술해 주십시오. ("
790,2,"지원한 직무 관련 본인이 갖고 있는 전문지식/경험을 작성하고, 이를 바탕으로 본인이 지원 직무에 적합한 사유를 구체적으로 서술해 주시기 바랍니다. / 1000자 (영문작성 시 2000자) 이내"
791,2,지원자께서 어떠한 목적의식을 가지고 장기간 자기개발을 이룬 성과와 이를 바탕으로 어떻게 업무에 적용할지에 대하여 기술해 주시기 바랍니다.
792,2,"지원 직무 수행에 필요한 전문 역량을 키우기 위해 노력한 경험을 작성하여 주십시오. - 전공/동아리/프로젝트/공모전/논문/연구/인턴 등 경험 종류는 무관하며, 직무 연관성이 가장 큰 경험부터 작성해 주십시오. - ① 관련 경험과 ②상세 내용으로 나누어 작성 (최대 3개까지 작성 가능)"
793,2,성격의 장단점과 채용 분야에 대한 전문성 등 이력을 기술해 주세요. (글자 수 제한 없음)
794,2,"지원 직무에 요구되는 역량은 무엇이라고 생각하며, 이를 갖추기 위해 어떠한 노력을 해왔는지 기술해 주십시오. ( 0 / 1500 bytes )"
795,2,"[직무능력기술서] 직무 관련 보유 지식, 자격, 경험, 경력에 대해 자세히 기술 (800)"
796,2,지원하신 직무(분야)에서 가장 중요한 능력이나 기술은 무엇이라고 생각하며 본인이 그것을 갖추기 위해 노력한 것과 입사 후 능력이나 기술을 어떻게 활용할 것인지 중심으로 서술해 주십시오.
797,2,"세아상역의 인재상 5가지(홈페이지 참조)중 자신과 가장 유사한 인재상이 무엇이며, 그 인재상과 관련하여 본인이 이룬 성취경험에 대해 서술하시오"
798,2,지원 직무의 핵심역량 중 본인이 남들보다 뛰어나다고 생각하는 역량은 무엇입니까? 해당 역량을 갖추기 위해 어떠한 노력을 했는지 구체적 근거를 들어 기술해주십시오. (600자 이내)
799,2,"지원자의 장점을 공사 인재상인 창조인, 전문인, 화합인과 각각 연관 지어 상세히 설명하고, 이를 공사업무 수행 시 어떻게 활용할 것인지를 기술해 주십시오. (800자 이내)"
800,2,"지원 직무와 관련된 경험 및 준비해 온 것은 무엇인지, 해당 직무를 잘 수행할 수 있는 자신만의 경쟁력을 기술해 주세요* 800"
801,2,본인만의 핵심 역량
802,2,"석사(혹은 박사) 학위 과정 중 수행한 연구주제에 대해 구체적으로 기술하여 주세요 (담당교수 및 연구주제 제목 표기). 특허 및 IT개발 지원자의 경우, 열정과 책임감으로 한계를 극복하여 최고의 성과를 낸 경험에 대해 다음 내용을 포함하여 구체적으로 작성해 주세요. ① 상황에 대한 설명 ② 한계를 극복하기 위해 노력했던 과정 및 결과 ③ 배운 점 (1,000자 이내)"
803,2,"석사(혹은 박사)학위과정에서 이수한 과목 중 지원하신 직무와 관련된 과목을 기술하여 주시기 바라며, 당시 사용했던 실험기기(실험 skill)에 대해 기술하여 주십시오. 특허 및 IT개발 지원자의 경우, 대학생활 중 이수한 과목 중 지원하신 직무와 관련된 과목(복수 가능)을 기술하여 주시기 바라며, 해당 과목을 통해 직무를 잘 수행할 수 있는 이유를 기술하여 주십시오.(1,000자 이내)"
804,2,이번 인턴에서 경험해보고 싶은 부분을 본인의 지원직무와 연관하여 작성해 주십시오.
805,2,직무 관련 본인의 주요 성과 및 과정
806,2,"[필수] 가장 자신 있는 또는 좋아하는 컴퓨터공학 관련 이수 과목명과 성적, 그리고 해당 과목을 택한 이유를 각각 기재해 주세요. * 최대 6개까지 작성해 주세요. * 비전공자여서 학교에서 이수한 과목이 없을 경우, 개발자가 되기 위해 별도로 공부했던 컴퓨터공학 관련 학습내용을 작성해 주세요. * 작성예시 : 컴퓨터구조 / A / 컴퓨터 구조 전반에 대한 기본기를 탄탄한 갖출 수 있는 수업이었습니다. #관심분야와의 연관성 #기본에 대한 관심 #탄탄한 기본기"
807,2,"전문성을 나타낼 수 있는 경험(학업, 프로젝트 등) (최대 500자 입력가능)"
808,2,지원 직무에 대해 본인이 이해하고 있는 내용을 상세하게 기술해 주시기 바랍니다.
809,2,지원 직무를 수행함에 있어 본인만의 강점과 핵심역량은 무엇인가요?
810,2,지원 직무와 관련하여 해당분야의 전문성을 갖추기 위해 노력한 경험을 모두 기술해 주시기 바랍니다.
811,2,이를 위해 본인이 기여할 수 있는 방법을 구체적으로 작성해주십시오.
812,2,"지원한 분야에서 본인의 대표적인 경쟁력은 무엇이며, 입사 시 이를 어떻게 발휘할 것인지에 대하여 다음의 세부항목에 따라 작성해 주십시오. 4-1. 지원한 분야에서 본인의 대표적인 경쟁력은 무엇이며, 이를 얻기 위한 노력을 작성해주십시오."
813,2,입사 시 본인의 경쟁력을 어떻게 발휘할 수 있는지 구체적인 경험이나 사례를 중심으로 작성해주십시오
814,2,지원부문의 주요 업무 1가지를 적고 그 업무에 대해 정의 및 내용을 기술하십시오.(500자이내)
815,2,"본인이 지원한 분야의 필요지식을 습득하기 위해 받은 학교교육 또는 직업교육 내용을 기술하고, 현업에서의 활용방안에 대한 생각을 기술하십시오. (500자 이내)"
816,2,전문성 확보를 위한 노력
817,2,귀하가 지원한 직무분야에서 일하고자 하는 이유는 무엇입니까? 직무와 관련된 역량을 갖추기 위하여 그동안 어떠한 노력을 하였는지 기술해주시기 바랍니다.
818,2,직무를 성공적으로 수행하기 위하여 어떤 노력과 경험을 하였는지 작성해 주십시오.
819,2,지원 직무와 관련된 수강 과목 및 경험을 간략하게 기술하여 주시기 바랍니다. (996/1000)
820,2,지원 직무 수행과 연계한 본인만의 경쟁력 및 강점을 기술하여 주시기 바랍니다. (1000/1000)
821,2,"직무 관련, 본인의 주요 성과 및 과정"
822,2,지원분야와 관련된 본인의 보유 역량을 기술하시오.
823,2,지원 분야와 관련하여 특정 영역의 전문성을 키우기 위해 꾸준히 노력한 경험에 대해 서술해 주십시오. / 전문성을 높이기 위한 학습 과정/ 전문성 획득을 위해 투입한 시간 및 방법/ 습득한 지식 및 기술을 실전적으로 적용해 본 사례/ 전문성을 객관적으로 확인한 경험/ 전문성 향상을 위해 교류하고 있는 네트워크/ 경험의 진실성을 증명할 수 있는 근거가 잘 드러나도록 기술) (991/1000)
824,2,"가장 자신 있는 또는 좋아하는 컴퓨터공학 관련 이수 과목명과 해당 과목의 성적을 기재해주세요. * 성적이 좋았던 과목 또는 좋아했던 과목을 최대 6개까지 작성해주세요. * 비전공자여서 학교에서 이수한 과목이 없을 경우, 개발자가 되기 위해 별도로 공부했던 컴퓨터공학 관련 학습내용을 작성해주세요. * 작성예시 : 자신있는/좋아했던 과목 [컴퓨터구조 A, 알고리즘 B+, 데이터구조 B, …] #관심분야와의 연관성 #기본에 대한 관심 #탄탄한 기본기"
825,2,"(직무수행능력) 지원분야에 귀하가 기여할 수 있는 차별화된 능력, 경쟁력을 기술 하십시오."
826,2,본인의 글로벌 역량을 키우기 위한 노력 또는 경험을 기술 바랍니다.
827,2,"공동의 목표를 달성하기 위하여 가장 중요하다고 생각하는 역량 1가지를 선정하고, 그 이유와 해당 역량을 발휘하여 목표를 달성한 경험에 대해 구체적으로 기술하시오."
828,2,"고객의 서비스 만족을 위해 가장 중요한 역량은 무엇인지 서술하고, 해당 역량을 갖추기 위해 노력했던 경험 혹은 해당 역량을 발휘한 경험에 대해 구체적으로 작성해 주십시오. [800] byte 이내"
829,2,"지원하는 직무와 관련해서 타인과 비교하여 차별화된 자신만의 핵심 경쟁력이 무엇인지 기술하고, 그러한 경쟁력을 보유하게 된 과정과 입사 후 적용 방안에 대하여 작성해 주십시오. [800] byte 이내"
830,2,"지원하신 직무와 관련되거나 가깝다고 생각되는 전공 프로젝트 1가지를 선정하여, 배경/과정/결론으로 중심으로 소개해주세요."
831,2,"지원 분야에 대한 본인의 역량을 분석해 보고, 역량을 향상시키기 위해 어떠한 노력을 했는지 기술하여 주십시오.(400자 이내)"
832,2,지원한 분야에서 지원자의 경쟁력은 무엇이라고 생각하십니까 ? 가) 지원한 분야에서 귀하의 경쟁력이 어떻게 발휘될 수 있는지와 나) 귀하의 경쟁력을 증명할 근거를 포함하여 작성해 주십시오.
833,2,"지원직무와 관련하여 자신의 강점/약점을 기술, 약점을 보완하기 위한 노력을 기술하십시오"
834,2,"본인이 지원하는 직무에 대한 경험과 강점에 대해 말씀해 주십시오. (1,000자 이내)"
835,2,"자신의 글로벌 역량 강화를 위하여 어떤 노력을 하였으며, 그 결과 갖추게 된 능력이나 역량에 대하여 기술해 주십시오. (500자 이내)"
836,2,해당 분야의 전문성이 어느 수준에 도달하였다고 생각하십니까? 그 이유는 무엇인지 상세하게 기술하여 주십시오. (400자 이내)
837,2,"캠코의 4가지 인재상 중 본인과 가장 부합된다고 생각하는 인재상은 무엇이며, 그에 비추어 캠코에 지원하게 된 이유와 이를 위해 준비한 본인의 역량 (경쟁력, 강점, 노력 등)에 대해 구체적으로 기술해 주시기 바랍니다."
838,2,"지원분야와 관련된 경험 또는 경력 중 본인에게 주어진 역할을 명확히 이해하고 최선을 다하여 소기의 성과를 낸 사항에 대해 수행 역할, 행동, 성과를 중심으로 구체적으로 기술해 주시기 바랍니다."
839,2,"과거 자기개발에 꾸준히 노력한 자신의 모습을 평가해 주시고, 전문가로 성장하기 위해 본인이 노력한 내용을 기술해 주십시오. (500)"
840,2,"과거 교육과정, 경력들을 통해 습득한 전공지식, 기술경험이 우리 공단 업무와 관련성이 있는지? 그러한 지식과 경험을 실제 어떠한 방식으로 우리 공단에 적용할 수 있는지 기술해 주십시오. (500)"
841,2,"과거 학업, 업무 시 경력개발을 위한 비전 수립 및 이행 사례를 기술하시고, 공단 입사 후 본인 경력개발 비전을 제시해 주십시오. (500)"
842,2,코웨이 인재상에 부합하는 인재라 할 수 있는 역량과 그와 관련된 경험을 서술해 주시기 바랍니다.
843,2,지원 분야의 필요역량을 키우기 위해 준비한 과정과 어떤 노력을 했는지 등 적합하다고 판단할 수 있는 근거를 서술해 주시기 바랍니다.
844,2,"지원한 직무 관련 본인이 갖고 있는 전문지식/경험을 작성하고, 이를 바탕으로 본인이 지원 직무에 적합한 사유를 구체적으로 서술해 주시기 바랍니다. 1000자 (영문작성 시 2000자) 이내"
845,2,"(경험 및 경력 활동) 본인의 학교생활 또는 사회생활 중 전문성 향상 또는 역량 개발에 가장 도움이 되었던 경험, 경력, 활동을 먼저 기술하고, 귀하가 지원한 업무를 수행하는데 어떻게 활용(도움)이 될 수 있는지 기술해 주십시오. (0 / 500자 이내)"
846,2,지원하신 직무와 관련하여 습득한 지식과 경험에 대해 기술해주시기 바랍니다.
847,2,지원한 직무를 수행하기 위해 필요한 핵심역량은 무엇이라고 생각하며 그 이유는 무엇인지 설명해 주세요. (최대 500자 입력가능)
848,2,그 역량을 갖추기 위해 본인이 어떠한 노력을 기울였는지 구체적으로 기술해 주세요. (최대 500자 입력가능)
849,2,"우리원의 직무안내를 참고하여 지원 분야와 관련된 본인의 교육/자격사항에 대하여 구체적으로 기술해 주세요. (1,000자 제한)"
850,2,"우리원의 직무안내를 참고하여 지원 분야와 관련된 본인의 경력/경험사항에 대하여 구체적으로 기술해 주세요. (1,000자 제한)"
851,2,"직무수행 계획서 본인이 지원한 분야에 필요한 역량은 무엇이고, 해당 역량을 발전시키기 위해서 어떤 노력을 하였고, 향후 직무수행 계획은 어떠한지 구체적으로 기술하여 주시기 바랍니다. * [700자 이내]"
852,2,"경력/경험기술서 직무관련 경력/경험 사항에 대해 상세히 기술하여 주시기 바랍니다. - 구체적으로 직무영역, 활동/경험/수행내용, 본인 역할 및 구체적 행동, 주요 성과 등 작성 [1000자 이내]"
853,2,"지원직무와 관련하여, 본인의 주요성과에 대하여 기술하여 주시기 바랍니다."
854,2,"지원 분야와 관련 있는 본인의 경험, 능력 또는 성과는 무엇입니까? (1000자 이내)"
855,2,"지원분야에 있어 가장 중요한 실무역량이 무엇이라고 생각하는지 정의하고, 그에 따라 본인의 역량 수준을 점수화(100점 만점 기준) 하여 주시기 바랍니다. 그리고 해당 점수의 구체적인 근거와 본인이 현재의 역량을 보유하기 위해 어떤 노력을 해 왔는지 사례를 들어 상세히 기술하여 주십시오.(1,000자 이내) (1000자)"
856,2,"지원한 직무에 필요한 핵심역량 혹은 전문지식 3가지를 선정하여 그 이유를 기술하고 이와 관련한 본인의 강점에 대해 기술하여 주십시오. ① 지원한 직무에 본인이 적합한 이유 ② 지원한 직무를 잘 수행하기 위한 그 동안의 노력과 도전 등을 반드시 포함하여 구체적으로 기술하여 주십시오. (최대 1,000자 입력가능)"
857,2,"지원한 직무에 가장 필요하다고 생각하는 기술이 무엇인지 제시하고, 해당 기술을 업무에 적용하기 위한 본인의 구체적인 계획을 기술하여 주십시오."
858,2,지원 분야에 대한 내용을 아래 항목별로 작성해 주세요. 2-1. 지원한 직무를 수행하기 위해 필요한 핵심역량은 무엇이라고 생각하며 그 이유는 무엇인지 설명해 주세요. (최대 500자 입력가능)
859,2,지원 직무와 관려된 본인의 강점에 대해 경험에 근거하여 서술해 주십시오
860,2,"해당 직무에 지원하신 이유, 본인이 적합하다고 판단하는 근거, 관련 산출물 등을 작성해주세요."
861,2,"본인이 가진 역량 중 우리 공단 직무를 수행할 때 강점이 될 것이라 생각하는 역량은 무엇이며, 그 역량을 갖추기 위해 어떤 노력이나 경험을 하였는지 서술하여 주십시오. (600자)"
862,2,"직무관련 경험기술서 (3,000Bytes 이내) 상단에 작성한 직무관련 경험사항에 대해 본인이 수행한 활동 조직, 역할 및 구체적 활동 내용, 주요 결과 등에 대해 상세히 기술해 주시기 바랍니다."
863,2,"자기소개서(학교명 입력 불가) * 본인의 성장과정에서 만들어진 자신의 장단점이 무엇인지 기술하고, 그 장단점을 활용해 팀 또는 조직의 이익에 어떤 도움이 되었는지 사례를 들어 설명하시오."
864,2,지원 직무에 대해 자신이 적합하다고 생각하는 이유를 기술하십시오.
865,2,당신이 지원한 직무와 관련하여 보유한 직무역량을 서술하십시오. (30자)
866,2,해당 직무역량을 향상시키기 위해 노력했던 경험을 서술하십시오. (200자)
867,2,본인이 지원한 직무관련 지원동기와 역량에 대하여 (500~1000자)
868,2,"본인의 직업관에 대하여 설명하고, 남동발전이 그에 부합하는 이유와 남동발전에 입사하기 위하여 본인이 특별히 노력한 경험(학과목, 자격증 등)에 대하여 상세하게 기술해 주십시오. 700자"
869,2,입사지원서에 작성한 교육 이수사항에 대해 자세히 기술해주시기 바랍니다.
870,2,"자기소개서 -본인의 삶의 목표에 대해 서술하고, 해당 목표를 달성하기 위해 추진해온 노력 및 행동에 대하여 기술해주시기 바랍니다."
871,2,"다양한 유형의 사람을 상대하기 위해 필요한 역량은 무엇인지 서술하고, 지원자가 해당 역량을 발휘 하여 상대방을 만족시켰던 경험에 대해 구체적으로 작성해 주십시오."
872,2,"지원분야의 직무를 수행 하는데 있어 지원자의 전문성(장점)을 소개하고, 전문성 향상을 위한 그동안의 노력과 입사 후 코레일 기여방안에 대해 작성해 주십시오."
873,2,"해당 직무를 위해 노력해온 준비사항, 역량 등을 본인의 경험 중심으로 작성해주시고 입사 후 본인의 커리어 목표에 대해 구체적으로 작성해주시기 바랍니다. (800자 이내)"
874,2,"본인이 가진 역량 중 우리 공단 직무를 수행할 때 강점이 될 것이라 생각하는 역량은 무엇이며, 그 역량을 갖추기 위해 어떤 노력이나 경험을 하였는지 서술하여 주십시오."
875,2,"직장 또는 단체생활에서 구성원에게 가장 필요한 태도, 역량은 무엇이라고 생각하는지 본인의 경험을 바탕으로 설명하십시오."
876,2,지원분야 관련 경력(경험)활동 - 다양한 분야에서 쌓은 경력 및 경험활동에서의 본인역할과 그 역할이 도움이 되었던 구체적 사례 (최대글자수 800)
877,2,수업 혹은 실무를 통해 수행한 데이터분석 및 머신러닝 모델링 작업 관련하여 본인이 수행한 부분에 대해 상세하고 구체적으로 기술해 주시기 바랍니다.
878,2,"지원 직무 관련, 본인의 주요 성과 및 과정"
879,2,본인의 가장 뛰어난 역량은 무엇인가요?
880,2,지원 분야와 관련하여 본인의 역량 중 보완해야 할 부분과 그 역량을 향상시킬 수 있는 방안에 대해 기술하여 주십시오
881,2,"지원 분야에 필요한 직무역량을 습득하기 위해 했던 노력에 대해 기술하여 주십시오 (전공수업, 직업교육, 자격증 등)"
882,2,"지원한 분야에서 업무를 수행하기 위해 필요한 역량은 무엇이며, 해당 역량이 필요한 이유와 그 역량을 향상시키기 위한 개발과정에 대해 기술하여 주십시오. (200자 이상 500자 이내)"
883,2,"지원 직무를 어떻게 이해하고 있는지 기술하고, 본인이 적합하다고 판단할 수 있는 근거를 경험과 사례를 바탕으로 작성하여 주십시오. (500자 이내)"
884,2,지원 직무와 관련하여 본인이 이루어낸 성과를 구체적으로 기술하시오
885,2,지원 직무 관련 전문성을 향상시키기 위해 노력한 성과(경험)를 구체적으로 기술하시오
886,2,지원분야와 관련하여 전문성을 향상시키기 위한 본인의 노력과 성과에 대해 구체적으로 기술해주십시오.
887,2,경험 및 경력 사항
888,2,"한국산업기술평가관리원(이하 '우리원') 지원사유 ★ 자기소개서 작성요령 - 작성 시 학교명, 출신지역, 가족관계 등 개인 신상을 직.간접적으로 파악할 수 있도록 기재할 경우 불이익을 받을 수 있습니다. - 직무와 관련된 경험 및 경력 위주로 기재하여 주십시오."
889,2,관심분야 및 자기계발 계획
890,2,"역량기술서 ★ 직무능력기술서 작성요령 - 작성 시 학교명, 출신지역, 가족관계 등 개인 신상을 직.간접적으로 파악할 수 있도록 기재할 경우 불이익을 받을 수 있습니다. - 직무와 관련된 경험 및 경력 위주로 기재하여 주십시오. [직무능력기술서] 직무 관련 보유 지식.자격.경험.경력 사항에 대해 자세히 기술하시오."
891,2,지원 직무의 필요 역량 3가지와 그 역량을 갖추기 위해 준비한 것을 기술하시오.
892,2,"직무설명서상 기재된 필요지식 및 기술 중 지원자가 가장 경쟁력 있다고 생각하는 것을 제시하고, 경쟁력을 갖추기 위해 어떤 노력을 해왔는지 기술하시오. 800자"
893,2,"지원자가 오랜기간 동안 정기적으로 지속해온 활동 혹은 취미에 대해 기술하고, 이러한 활동 혹은 취미가 지원자에게 어떤 영향을 주고 있는지 기술하시오"
894,2,직무중심 경력개발계획 및 성장경로를 기술바랍니다.
895,2,희망하는 직무를 준비해온 과정과 희망직무에 대한 본인만의 강점 및 약점을 기술해 주세요.
896,2,정확한 분석을 통해 복잡하게 얽힌 과제나 문제를 해결했던 경험에 대해 아래 항목에 따라 기술해 주시기 바랍니다. [출처] 한국도로공사 채용형인턴 자기소개서 자소서 문항 20년 상반기 (~6/1)
897,2,"학교 수업이나 대외활동을 통해 습득한 CS 지식 중 지원한 직무와 연관된 내용을 설명해 주세요. (최대 3개 / 2,000자 이내)"
898,2,"나의 기술력과 열정을 보여줄 수 있는 SW개발 활동을 한 가지 이상 선택하여, 각 활동을 1개의 LINE STYLE 키워드를 활용하여 소개해 주세요. 활동 진행 기간/주요 내용, 공헌한 부분, 어려움을 겪었으나 극복한 과정, 사용 언어와 기술 등 본인이 주도적으로 참여한 부분을 중심으로 작성해 주시면 되며, 결과나 성과, 참고 가능한 URL이 있다면 본문에 포함해 주셔도 좋습니다."
899,2,"우리 공사가 수행하는 직무에 대해 아는 대로 설명하고, 이 중 본인이 하고 싶은 업무와 그 이유에 대해 기술하여 주십시오"
900,2,본인이 지원한 직무의 전문가가 되기 위해 수행한 경험 및 경력을 구체적으로 서술하시오.
901,2,"지원 분야 관련하여 자신이 가진 강점 및 핵심역량은 무엇이며, 그것을 'JYP'에서 어떻게 발휘할 것인지 구체적으로 기술하시기 바랍니다. (700자 내외)"
902,2,지원 직무와 관련 경력 및 경험의 주요 내용과 본인의 역할에 대해서 구체적으로 기술해 주십시오.
903,2,"공단의 인재상(창의인, 전문인, 소통인) 중 한가지를 골라 이와 연관된 경험, 활동, 노력 등을 포함하여 지원자가 공단의 인재상에 부합된다는 근거를 구체적으로 기술하여 주시기 바랍니다."
904,2,"업무수행 능력/교육·경험·경력사항 (최소 1자, 최대 500자 입력가능)"
905,2,"직무경험 : 본인이 지원한 직무에 대한 준비과정과 해당직무와 관련된 본인의 강점, 약점을 기술해주세요."
906,2,"경력 및 경험기술서 - 입사지원서에 기술한 경력 및 경험 사항에 대해 상세히 기술해 주시기 바랍니다. -구체적으로 직무영역, 활동/경험/수행 내용, 본인의 역할 및 구체적 행동, 주요 성과에 대해 작성해 주시기 바랍니다. [ 500자 이상 1000자 이내 ]"
907,2,"지원한 분야에서 업무를 수행하기 위해 필요한 역량은 무엇이며, 해당 역량이 필요한 이유와 그 역량을 향상시키기 위한 개발과정에 대해 기술하여 주십시오. [ 200자 이상 500자 이내 ]"
908,2,"지원하신 분야에 대한 경력 또는 경험을 작성해 주십시오.- 경력은 일정한 보수를 받고 일했던 사항(정식직원, 인턴, 아르바이트 등)을 의미하고, 경험은 일정한 보수를 받지 않고 일했던 내용(동아리, 봉사활동, 공모전 등)입니다.- 지원하신 분야와 직접적으로 관련되었거나 직접 관련되지 않았더라도 관련성을 납득이 되도록 기술하면 모두 인정 됩니다. (1000 ~ 2000 Bytes)"
909,2,"본인이 다른 지원자보다 차별화된 경쟁력을 갖추었다고 자랑할 수 있는 것은 무엇이며, 이를 직무수행에 어떻게 활용할 것인지 기술해 주십시오. - 차별화된 경쟁력을 갖추기 위한 본인의 도전적인 목표는 무엇이었으며, 이를 달성하기 위한 노력과정을 작성할 것 - 진흥원에서 추진하는 사업 분야 중 하나를 선택하여 본인의 역량을 어떻게 발휘할 수 있는지 작성할 것 (최대 800자 입력가능)"
910,2,지원분야 직무 수행을 위한 본인의 경험과 노력을 적어주세요
911,2,"지원 직무와 관련된 경험(프로젝트, 과업 수행 등)을 작성해 주세요 (700자)"
912,2,직무수행을 위한 교육이수
913,2,"청년인턴 직무 관련 업무를 수행한 경력 또는 관련 활동을 수행한 경험 중 대표적인 것에 대해 기술하십시오. 경력은 금전적 보수를 받고 일정기간 동안 일했던 이력을 의미하며, 경험은 직업 외적인(금전적 보수를 받지 않고 수행한) 활동을 의미합니다. 경력을 기술할 경우 구체적으로 직무영역, 활동/경험/수행내용, 본인의 역할, 주요 성과 등에 대해 작성하시고, 경험을 기술할 경우 구체적으로 본인의 학습경험 혹은 활동내용, 활동 결과에 대해 작성하시기 바랍니다"
914,2,청년인턴 직무와 관련하여 현재 귀하의 능력 중 보완할 부분과 해당 능력을 향상시킬 수 있는 방안에 대하여 구체적으로 기술하여 주십시오.
915,2,지원분야를 선택한 이유와 본인이 이 직무에 적합하다고 판단할 수 있는 근거를 기술해주십시오. [700]
916,2,직무 수행 경험 및 직무역량
917,2,"[관련 경험 1] 지원 직무에 필요한 역량과 관련된 프로젝트/공모전/논문/연구/학습 및 기타 활동에 참여한 경험을 작성하여 주십시오. (최대 3개 경험) ㅇ [관련 경험], [기간], [본인의 역할 (1)], [본인의 역할 (2)] 로 나누어 작성 ㅇ [관련 경험] : 직무 역량과 관련있는 객관적 증빙 가능 경험 작성 (50자 이내) - 예시 1) 신제품 개발 프로젝트 수행 - 예시 2) 교내 소프트웨어 프로젝트 경진대회 수상 ㅇ [기간] : 경험 수행 기간 작성 (20자 이내) - 예시 1) 2017.01~2018.01 ㅇ [본인의 역할] : 해당 경험에서 본인의 주요 역할 (또는 사용기술) 및 실행 과정 작성 (200자 이내) - 예시 1) 신규 서비스의 고객 반응 조사 담당 : 실행 과정 작성 - 예시 2) 서비스 개발 담당 ) : 실행 과정 작성 ㅇ 구체적인 성과가 없거나 실패한 사례라도 과정 상의 노력 서술 가능"
918,2,"본인의 학습과 경험을 기반으로 '도시재생'의 정의를 기술해주시고, 금번 인턴십에 지원하게 된 동기에 대해 작성해주시기 바랍니다.(50자 이상 500자 이내)"
919,2,"인턴십을 수행하기 위해 필요한 역량 3가지를 선정하고, 그 이유를 본인의 역량, 준비과정 및 관련 경험을 근거로 작성해주시기 바랍니다.(50자 이상 500자 이내)"
920,2,"인턴십 기간 중에 지원지역 발전을 위해 본인은 어떠한 역할을 할 수 있을지, 인턴십 과정 수료 후 도시재생과 관련하여 지역발전에 어떻게 기여할 수 있을지 기술해주시기 바랍니다.(50자 이상 500자 이내)"
921,2,영업관리자로 성장하기 위한 본인만의 경쟁력 및 보유역량에 대해 설명하여 주십시오
922,2,"(지원동기) 자신의 지원분야에서 전문성을 높이기 위한 노력(구제적 과정, 경험 등 포함)과 이를 잘 수행할 수 있다고 생각하는 이유를 담아 지원동기를 작성해 주십시오. 또한 과거의 교육과정이나 경력들이 지원분야 업무와 어떤 관련성이 있는지와 그러한 전공지식ㆍ기술 및 경험들이 실제 업무수행에 어떤 방식으로 도움을 줄 수 있는지 구체적으로 기술해 주십시오.(1500자 이내)"
923,2,"(자원관리능력) 본인이 주도적으로 공동의 목표를 달성하기 위해 필요한 시간, 자본, 재료 및 시설, 인적자원 등의 필요한 자원을 확인하고 실행하여 해결의 결과가 드러난 사실을 구체적으로 기술해 주십시오. (500자 이내)"
924,2,"(정보능력) 지원분야와 관련된 경험 및 경력 중 업무를 수행하기 위해 관련된 정보를 수집하고, 이를 분석하여 의미있는 정보를 찾아내 활용한 구체적인 사실을 기술해 주십시오. (500자 이내)"
925,2,"고객의 서비스 만족을 위해 가장 중요한 역량은 무엇인지 서술하고, 해당 역량을 갖추기 위해 노력했던 경험 혹은 해당 역량을 발휘한 경험에 대해 구체적으로 작성해 주십시오."
926,2,"지원하는 직무와 관련해서 타인과 비교하여 차별화된 자신만의 핵심 경쟁력이 무엇인지 기술하고, 그러한 경쟁력을 보유하게 된 과정과 입사 후 적용 방안에 대하여 작성해 주십시오."
927,2,경험/경력기술서 입사지원서에 기술한 직무 경력이나 직무관련 기타 활동에 대해 상세히 기술해 주시기 바랍니다.
928,2,"해당 경험, 경력이 인천교통공사 입사 후 업무수행에 어떠한 도움이 될 수 있는지 기술해 주십시오."
929,2,자기소개서 지원분야와 관련하여 본인의 전공 또는 경력이 적합하다고 판단할 수 있는 이유 및 근거(경험)를 기술하여 주십시오.
930,2,"지원한 직무를 수행하기 위해 필요한 핵심역량은 무엇이라고 생각하며, 그 이유에 대해 설명해 주십시오. 또한 해당 역량을 갖추기 위해 본인이 어떤 노력을 하였는지 기술해 주십시오. (최대 800자 입력가능)"
931,2,"건강보험심사평가원의 직원이 가져야할 역량 중 가장 필요한 역량이 무엇인지 제시하고, 본인이 왜 적합한 인재인지를 기술하여 주십시오."
932,2,업무를 수행함에 있어 정보를 수집하고 관리하는 자신만이 방법을 설명하고 그 사례를 기술하여 주십시오.
933,2,업무 수행 경험 및 능력
934,2,본인의 차별화 되는 역량 및 강점은 무엇이며 TSK에 어떻게 기여를 할 수 있는지 작성하여 주십시오
935,2,직무경험: 희망직무 준비과정과 희망직무에 대한 본인의 강점과 약점을 기술해주세요.
936,2,부산교통공사에 입사하기 위해 준비한 과정과 그 과정을 통해 본인이 갖게 된 경쟁력은 무엇인지 기술하시오.
937,2,지원분야 업무를 수행함에 있어 예상되는 직무상 어려움은 어떤 것이 있을지 한 가지 사례를 제시하고 어떻게 해결할 것인지 기술하시오.
938,2,"본인이 지원한 직무와 관련한 경험(금전적 보수 없음) 혹은 경력(금전적 보수 있음)에 대해 기술해 주시기 바랍니다. 다양한 활동(학교, 회사, 동아리, 동호회 등)을 통해 지원한 직무와 관련하여 쌓은 경험 또는 경력사항에 대해 작성해 주십시오. (1000자 이내)1-1. 언제, 어디서 활동했던 경험인지 기술해 주십시오. (200자 이내)"
939,2,"본인이 한국수력원자력의 인재상에 맞는 인재가 되기 위해 어떤 면에서 준비가 되어 있으며, 해당 능력을 개발하기 위해 어떠한 노력을 하였는지 구체적인 사례를 아래 세부 항목에 따라 작성해 주십시오. (800자 이내)4-1. 어떤 능력을 개발하였고, 이러한 능력개발을 위해 어떤 목표를 세웠는지 기술해 주십시오. (200자 이내)"
940,2,향후 자신의 능력을 향상시키고 이를 잘 활용하기 위해 어떻게 노력할 것인지 기술해 주십시오. (200자 이내)
941,2,지원한 직무와 관련된 노력이나 경험
942,2,지원분야와 관련된 본인의 역량을 기술 하십시오
943,2,지원분야의 전문지식 습득과 능력을 증진시키기 위해 최근 5년 이내 노력한 경험에 대하여 기술 하십시오.
944,2,"지원분야에 필요한 핵심역량은 무엇이며, 그 역량을 갖추기 위해 어떤 노력을 하였는지 객관적인 근거를 토대로 작성바랍니다. (한글 750자)"
945,2,"열악한 국내외 건설현장에 배치될 경우, 그 어려움을 극복하기 위한 자신만의 강점을 작성바랍니다. (한글 750자)"
946,2,"지원한 직무에 관심을 갖게 된 계기와 이를 잘 수행할 수 있다고 생각하는 이유를, 본인의 역량, 교육사항, 준비과정, 경험 또는 경력을 근거로 기술해 주십시오. 그리고 입사 후 실천하고자 하는 목표 및 향후 자기개발?경력개발 계획에 대해서도 함께 기술해 주십시오."
947,2,경력 및 경험기술서 *항목은 반드시 입력해야 하는 필수 기재사항입니다. (2000자 이내)
948,2,지원 직무를 수행하기 위한 본인의 지식(knowledge) 또는 기술(skill)의 활용방안을 서술해 주시기 바랍니다. (500자 이내)
949,2,"지원 직무에 본인이 적합하다고 판단할 수 있는 이유를 구체적인 경험 / 나만의 차별화 포인트 / 그동안의 노력과 도전 측면에서 실제 사례 중심으로 구체적으로 작성해 주세요. ① 대학생활과 졸업 이후 다양한 활동, 공모전 등의 경험과 ②이를 통하여 배운점과 발현된 역량, 위기를 극복한 사례를 포함하여 작성(1,500자 이내)"
950,2,[자원관리능력] 여러 가지 일을 한꺼번에 처리해야 하는 경우 본인은 어떠한 방식으로 우선 순위를 정해왔는지 그 원칙을 설명하고 실행사례나 경험을 기술하시오. (500 ~ 700자 이내)
951,2,[직무적합도] 지원분야와 관련하여 본인의 전문적인 지식이나 경험을 가지고 어떤 일을 추진했거나 문제를 해결하였던 경험에 대해 기술하시오. (500 ~ 700자 이내)
952,2,본인이 해당 업무를 지원한 이유와 지원 직무를 위해 했던 노력에 대해서 서술해 주세요.
953,2,지원분야에 대한 본인의 경험 사례를 작성하여 주십시오. (500자 이내)
954,2,"지원 직무에 대해 본인이 이해한 내용을 서술하고, 본인이 해당 직무에 적합한 사유를 전공능력 측면에서 구체적으로 서술해 주시기 바랍니다."
955,2,본인이 지원한 직무를 수행하기 위해 필요한 핵심역량은 무엇이며 해당 역량을 갖추기 위해 본인이 어떤 노력을 하였는지 기술해 주십시오.
956,2,"성명, 출신학교, 출신지역, 성별, 연령 등 개인 인적사항이 노출되지 않도록 기술해 주시기 바랍니다. · 입사지원서에 기술한 직무관련 교육·훈련, 경력 및 기타 활동에 대해 상세히 기술해 주시기 바랍니다. · 구체적으로 본인이 수행한 활동 내용, 소속 조직이나 활동에서의 역할, 활동 결과에 대해 작성해 주시기 바랍니다."
957,2,"본인이 지원한 업무를 수행함에 있어 가장 중요한 역량은 무엇이라 생각하는지 기술하고, 해당 역량이 잘 발휘되어 좋은 성과를 내었던 사례에 대해 구체적으로 작성해주시기 바랍니다."
958,2,직무와 관련된 본인의 보유 역량을 기술하시오.
959,2,선택한 직무에 지원하는 이유와 해당 직무에 필요한 역량을 키우기 위한 자신의 경험 및 노력을 기술해주십시오. (500)
960,2,"학업 외 본인이 가장 많은 시간을 투자하고 있는 활동은 무엇이며, 그 활동을 통해 무엇을 얻었는지 구체적으로 기술해주십시오. (500)"
961,2,자발적으로 최고 수준의 목표를 세우고 끈질기게 성취한 경험에 대해 서술해 주십시오. / 목표 달성을 위한 구체적 노력/ 실제 결과/ 경험의 진실성을 증명할 수 있는 근거가 잘 드러나도록 기술) (700~1000 자 10 단락 이내) *해당 채용사이트 자기소개서에서 줄바꿈(엔터)을 할 경우 2글자로 계산되어 자소설닷컴의 글자수와 차이가 발생합니다. 이를 참고하여 자기소개서를 작성해주시길 바랍니다.
962,2,[자기계발능력]자신이 지원한 분야에서 뛰어난 전문가가 되기 위해 기울이고 있는 노력에 대해 구체적으로 서술해주십시오.
963,2,[자원관리능력]중요한 일을 처리할때 어떠한 방식으로 계획을 세워서 일을 처리하는지에 대해 개인적 경험을 기반으로 구체적으로 서술해주십시오.
964,2,지원한 분야에서 지원자의 경쟁력은 무엇이라고 생각하십니까 ? ????가) 지원한 분야에서 귀하의 경쟁력이 어떻게 발휘될 수 있는지와 ????나) 귀하의 경쟁력을 증명할 근거를 포함하여 작성해 주십시오.?
965,2,한전KDN에 입사하기 위해 어떠한 노력을 하였는지 본인의 경력 또는 경험 등을 기반으로 상세히 기술하여 주십시오.
966,2,"지원 분야에 관련된 본인의 직무전문성을 향상시키기 위해서 어떠한 노력을 하였는지 최근의 사례를 구체적으로 기술하여 주십시오. 그러한 노력을 하게 된 계기는 무엇이며, 결과적으로 본인이 지원한 분야에 어떤 도움이 되었는지 구체적으로 기술하여 주십시오."
967,2,지원직무 수행 시 (1) 필요하다고 생각하는 역량 세가지를 중요도 순으로 작성해주세요. (2) 해당 역량과 관련하여 본인이 지원 직무를 잘 수행할 수 있는 이유를 구체적으로 작성해주세요.
968,2,지원분야와 관련하여 본인의 역량 중 보완해야 할 부분과 그 역량을 향상시킬 수 있는 방안에 대해 기술하여 주십시오.
969,2,"지원한 직무를 수행하기 위해 필요한 핵심역량은 무엇이라고 생각하며, 그 이유에 대해 설명해 주십시오. 또한 해당 역량을 갖추기 위해 노력한 본인의 경험에 대해 기술해 주십시오. (최대 800자 입력가능)"
970,2,"한국전력공사의 4가지 인재상 중 본인과 가장 부합된다고 생각하는 인재상을 두 가지 선택하여 그렇게 생각하는 이유를 본인의 교육, 경험, 경력사항 등 구체적인 사례를 들어 기술하여 주십시오."
971,2,"(경험 및 경력활동) 본인의 학교생활 또는 사회생활 중 전문성 향상 또는 역량 개발에 가장 도움이 되었던 경험, 경력, 활동을 먼저 기술하고, 귀하가 지원한 업무를 수행하는데 어떻게 활용(도움)이 될 수 있는지 기술해 주십시오."
972,2,"한전KDN에 입사하기 위해 어떠한 노력을 하였는지 본인의 경험 등을 기반으로 상세 히 기술하여 주십시오. - 직무경력이 있는 경우는 직무영역, 활동, 경험, 수행내용, 본인의 역할 및 구체적 행동, 주요성과에 대하여 기술하여 주십시오. - 직무경력이 없는 경우는 지원분야 관련 교육사항 및 경험사항의 주요 내용에 대하여 기술하여 주십시오."
973,2,지원하는 직무에 대해 본인이 가장 중요하게 생각하는 역량은 무엇이고 그 이유에 대해 서술하여 주십시오.
974,2,지원하는 직무에 가장 영향을 끼친 인물 또는 사건에 대해 서술하여 주십시오.
975,2,지원한 분야의 전문성과 역량을 갖추기 위한 본인의 노력과 경험에 대하여 기술하여 주십시오.
976,2,"지원한 직무 관련 본인이 갖고 있는 전문지식/경험을 작성하고, 이를 바탕으로 본인이 지원 직 무에 적합한 사유를 구체적으로 서술해 주시기 바랍니다."
977,2,지원 직무에 요구되는 역량은 무엇이라고 생각하며. 이를 갖추기 위해 어떠한 노력을 해왔는지 기술해 주십시오 *
978,2,지원하신 직무를 수행하기 위해 어떤 역량이 필요하다고 생각하시나요? 그 역량을 갖추기 위해 기울인 노력을 서술해주시기 바랍니다
979,2,"지원자 본인이, 현실과 타협하거나 편법을 사용하지 않고, 원칙대로 일을 처리하는 사람임을 가장 잘 나타내는 최근 5년 이내의 사례를 기술해 주시기 바랍니다."
980,2,"지원자 본인이, 진정성과 소통을 바탕으로 신뢰를 구축하는 사람임을 가장 잘 나타내는 최근 5년 이내의 사례를 기술해 주시기 바랍니다."
981,2,본인이 지원한 분야의 직무와 그 역할에 대하여 기술하여 주십시오.(1282/1500byte 이내)
982,2,"지원분야에 적용할 수 있는 본인의 역량 및 그 역량을 갖추기 위한 노력, 동기 등을 기술하여 주십시오.(1426/1500byte 이내)"
983,2,"입사지원서에 기술한 경력사항 및 직무관련 기타 활동에 대해 상세히 기술해 주시기 바랍니다. * 구체적으로 본인이 수행한 활동 조직, 역할 및 구체적 활동 내용, 주요 결과에 대해 작성해 주시기 바랍니다."
984,2,"직무관련 연구 및 특수훈련 등 경험 자신이 진행한 연구 및 프로젝트 또는 응시분야와 관련한 기타 경험을 요약하여 간단히 작성해 주시기 바랍니다. 단, 2500Byte 이내"
985,2,지원직무와 관련된 전문성을 갖추고 지식을 습득하기 위한 노력·활동과 (직무)경험에 대하여 기술하여 주십시오.
986,2,<경험기술서> 직무와 관련된 경험을 작성하여 주시기 바랍니다.
987,2,해당 채용분야(직무)와 관련된 본인의 경험(경력)들에 대해 기술해 주십시오. (400자 이내)
988,2,해당 채용분야(직무)와 관련된 본인의 성과 창출 경험(경력)과 해당 경험(경력)을 통해 배운 점은 무엇인지 기술해 주십시오. (400자 이내)
989,2,지원 분야와 관련된 우리공사의 주요 사업 중 본인이 어떤 부분에 기여하고 싶은지 기술해 주십시오.
990,2,"한국과학기술정보연구원의 인재상의 요소 중 자신을 가장 잘 드러낼 수 있는 하나를 택하고, 그 이유를 설명할 수 있는 사례나 객관적 근거를 기술하시오"
991,2,지원한 직군에서 구체적으로 하고 싶은 일과 본인이 그 일을 남들보다 잘할 수 있는 차별화된 능력과 경험을 기술하시오*
992,2,본인이 선택한 직무에 대해 아래 내용을 포함하여 기술하시오.(700) ①지원한 직무의 역할이 무엇이라 생각하는지 자유롭게 기술 ②본인이 해당 직무에 적합하다는 근거를 본인의 경험을 바탕으로 기술 ③입사 후 경력개발 계획에 대해 기술
993,2,직무 수행을 위한 전문성
994,2,"지원직무와 관련하여, 본인의 주요성과 및 과정에 대하여 기술하여 주시기 바랍니다(600)"
995,2,"본인의 글로벌 역량(혹은 경험)은 무엇이며, 이를 바탕으로 입사 후 회사에 기여할 수 있는 바는 무엇인지 서술해 주십시오(600)"
996,2,지원한 직무를 성공적으로 수행할 수 있다고 생각하는 이유를 자신의 경험을 바탕으로 기술해 주십시오. [750자 이내]
997,2,"[조직이해능력]K-water에 입사지원한 동기 및 입사 후 실천하고자 하는 목표를 K-water 인재상(내실, 혁신, 신뢰) 중 자신과 가장 부합하는 역량과 결부시켜 작성해주십시오."
998,2,본인이 선택한 직무에 대해 아래 내용을 포함하여 기술하시오.(2100바이트) ①지원한 직무의 역할이 무엇이라 생각하는지 자유롭게 기술 ②본인이 해당 직무에 적합하다는 근거를 본인의 경험을 바탕으로 기술 ③입사 후 경력개발 계획에 대해 기술
999,2,"공동의 목표를 달성하기 위하여 가장 중요하다고 생각하는 역량 1가지를 선정하고, 그 이유와 해당 역량을 발휘하여 목표를 달성한 경험에 대해 구체적으로 기술하시오.(1500바이트)"
1000,2,"한국철도공사의 미래 사업 또는 지원분야와 연관된 본인의 전문성을 언급하고, 그러한 전문성을 개발하기 위해 어떤 노력을 해왔는지 기술하여 주십시오."
1001,2,역량기술서 [직무능력기술서] 직무 관련 보유 지식.자격.경험.경력 사항에 대해 자세히 기술하시오.
1002,2,"지원하신 직무를 수행하기 위한 준비과정 및 관련 경험에 대해, 사실을 기반으로 구체적으로 작성해주세요.(최대 800자 입력가능)"
1003,2,"라이나생명이 귀하를 채용하기 위해 반드시 알아야 할 귀하의 남다른 경험/역량이 있다면, 그 이유와 함께 작성해주세요. (최대 500자 입력가능)"
1004,2,지원한 분야의 전문성과 역량을 갖추기 위해 본인이 노력했던 경험과 그 결과에 대하여 구체적으로 서술하시오.
1005,2,"직무와 관련된 수상 및 경력, 경험"
1006,2,입사지원서에 기술한 경력 및 경험 사항에 대해서 작성해 주십시오. (본인이 수행한 업무(활동)와 결과를 구체적으로 서술할 것) 지원직무와 관련한 다양한 업무를 수행함으로써 개발원에서 담당하게 될 업무를 직/간접적으로 경험할 수 있었습니다.
1007,2,"지원분야에 필요한 직무역량을 습득하기 위해 했던 노력에 대해 기술하여 주십시오. (전공수업, 직업교육, 자격증 등)"
1008,2,"본인의 지원분야에서 근무할 때 가장 필요하다고 생각되는 역량은 무엇인지 설명하고, 해당 역량을 향상시키기 위해 어떠한 노력을 기울여 왔는지 기술해라"
1009,2,"[전문성] 입사지원서에 기술한 직무와 관련하여 활동/경험, 본인의 역할, 주요 성과 등을 구체적으로 기술하고, 현업에서의 활용방안에 대한 생각을 작성하여 주시기 바랍니다."
1010,2,"지원직무와 관련하여, 본인의 주요성과 및 과정에 대하여 기술하여 주시기 바랍니다.?(600자)"
1011,2,"본인의 글로벌 역량(혹은 경험)은 무엇이며, 이를 바탕으로 입사 후 회사에 기여할 수 있는 바는 무엇인지 서술해 주십시오. (600자)"
1012,2,"직무능력소개서 * 지원한 직무와 관련된 경험(경력)사항에 대해 상세히 기술해 주시기 바랍니다.* 본인의 역할과 행동 그리고 주요 성과를 중심으로, 구체적으로 작성해주시기 바랍니다."
1013,2,지원 직무를 수행하기 위해 준비한 과정과 경험을 작성해 주십시오.??????해당 경험을 통해 준비한 역량을 입사 후 어떻게 향상시킬 것인지 작성해 주십시오.
1014,2,"지원하고자 하는 직무와 관련하여, 직무활동, 동아리/동호회, 팀프로젝트, 연구회, 재능기부 등 주요경험을 기재합니다."
1015,2,"직무 전문성 - 지원 직무와 관련된 전문 역량을 키우기 위해 노력한 경험에 대해 작성해 주십시오. 작성방법 안내 : [관련 경험]과 [상세 내용]으로 구분하여 작성 관련경험 안내 관련경험에는 역량향상을 위해 노력한 경험과 수행기간을 작성(100자이내) 관련경험은 강의수강/인턴십/프로젝트/논문/공모전/학회/스터디/동아리/대외활동/논문 등 자유롭게 선택 가능 관련경험은 증명서 결과물 등 객관적 증빙이 가능한 경험으로 작성 관련경험은 최소2개 최대 5개 까지 작성가능 상세내용 안내 상세내용은 해당경험에서의 역할, 수행과정, 향상된 역량, 느낀점 등에 대해 상세하게 작성(300자 이내)"
1016,2,"지원 직무 수행에 필요한 전문 역량을 키우기 위해 노력한 경험에 대해 서술해 주십시오. - 학습/동아리/공모전/프로젝트/논문/연구/인턴 등 경험의 종류는 무관하며, 직무 연관성이 가장 큰 경험부터 작성해 주십시오. - [관련경험]과 [상세내용]으로 나눠서 작성 (각 최소 2개 이상 작성) 1) [관련경험] : 경험 및 수행기간 작성 (100자 이내) 2) [상세내용] : 해당 경험에서의 역할/과정/결과/얻게 된 역량/느낀점 등에 대해 상세히 작성 (300자 이내) [관련경험 1] (10 단락 이내)"
1017,2,"본인의 지원직무를 어떻게 이해하고 있는지 구체적으로 기술하고, 해당 분야에 본인이 적합하다고 판단할 수 있는 근거를 사례 및 경험을 바탕으로 기재 해주세요."
1018,2,특정 영역의 전문성을 위한 꾸준한 노력
1019,2,지원분야와 관련된 본인의 보유 역량을 기술하여 주시기 바랍니다. (400자)
1020,2,역량기술서-(경험 및 경력기술서) 입사지원서에 기술한 직무관련 경력사항 및 활동 사항과 관련하여 구체적으로 본인이 수행한 활동 내용을 위 항목을 참고하여 기술해 주십시오.
1021,2,"역량기술서-(직무수행계획서) 지원자가 응시한 직무와 지원자의 경험, 경력, 지식 등의 관련성을 바탕으로 구체적인 직무수행계획서를 기술해 주십시오."
1022,2,"지원 직무에 대해 본인이 이해한 내용을 서술하고, 본인이 해당 직무에 적합한 사유를 전공능력 측면에서 구체적으로 서술하시오"
1023,2,지원한 직무를 잘 수행하기 위한 본인의 강점 중 지식과 기술을 각 1개씩 제시하고 그 지식과 기술을 활용하여 성과를 이룬 경험에 대해 구체적으로 작성해 주십시오.
1024,2,"지원분야와 관련된 경험 또는 경력 중 본인에게 주어진 역할을 명확히 이해하고 최선을 다하여 소기의 성과를 낸 사항에 대해 수행 역할, 행동, 성과를 중심으로 구체적으로 기술해 주시기 바랍니다. - 경험은 일정한 보수를 받지 않고 일했던 내용(동아리, 봉사활동, 공모전 등)이며, 경력은 일정한 보수를 받고 일했던 사항을 의미합니다. - 경험 또는 경력사항에 기재하지 않았더라도 지원 분야와 직접적으로 관련되었거나 직접 관련되지 않았더라도 관련성을 납득할 수 있도록 기술하면 모두 인정 됩니다.(본인이 생각하는 중요도 순으로 기술)"
1025,2,지원 직무에 지원하기 위해 했던 노력과 경험을 서술하시오
1026,2,지원한 분야에서 지원자의 경쟁력은 무엇이라고 생각하십니까z 가s 지원한 분야에서 귀하의 경쟁력이 어떻게 발휘될 수 있는지와 나s 귀하의 경쟁력을 증명할 근거를 포함하여 작성해 주십시오
1027,2,"해당 직무의 지원동기를 포함하여, 직무관련 본인이 보유한 강점과 보완점을 사례를 통하여 구체적으로 기술해주시기 바랍니다. 1000자"
1028,2,해당직무에 본인이 적합하다 판단되는 이유를 업무 경력/역량 관점에서 구체적으로 기술
1029,2,해당직무분야의 전문성을 쌓기 위한 노력과 활동을 구체적으로 기술하시오.
1030,2,"귀하가 우리 공단 및 해당 직무에 지원하게 된 동기를 기술하여 주십시오. 이를 위해 어떤 역량을 갖추고자 노력하였으며, 입사 후 해당 역량을 활용하여 어떻게 기여할 수 있을지 본인의 경험을 기반으로 작성하여 주시기 바랍니다.?*?[500자 이내]"
1031,2,본인이 경험하지 못한 분야에 대한 업무 혹은 과제를 부여받았을 때 이에 대한 전문성을 확보하기 위해 노력했던 경험을 작성하여 주시기 바랍니다.?*?[500자 이내]
1032,2,지원 업무와 관련하여 다른 지원자들 보다 뛰어난 자신의 장점은 무엇이며 이를 입증한 경험은 무엇입니까?
1033,2,희망하는 직무를 수행함에 있어 필요한 역량과 이 역량을 갖추기 위한 노력 또는 경험을 기술 바랍니다. (최대 500자 입력가능)
1034,2,"해당 직무를 지원하게 된 이유와 그 직무에 있어 가장 중요한 실무역량이 무엇이라고 생각하는 지 정의해보고 그에 따른 자신만의 역량(경험, 노력)을 구체적인 사례를 근거로 이야기 해 주세요. [700자 이상 1000자 이내]"
1035,2,"지원 직무에 있어 핵심역량은 무엇이며, 그 이유는? 해당 역량을 갖추기 위해 어떠한 준비를 하였는지 기술해주세요."
1036,2,지원 직무 관련 주요 연구 및 업무경험에 대해 구체적으로 기술해 주십시오.
1037,2,지원한 분야에서 지원자의 경쟁력은 무엇이라고 생각하십니까? 가) 지원한 분야에서 귀하의 경쟁력이 어떻게 발휘될 수 있는지와 나) 귀하의 경쟁력을 증명할 근거를 포함하여 작성해 주십시오.
1038,2,학업과정 중 직무와 관련된 역량을 개발하는 데 도움이 된 활동이나 경험에 대해 작성해주시기 바랍니다.(100자 이내)
1039,2,"지원한 분야에서 업무를 수행하기 위해 필요한 역량은 무엇이며, 해당 역량이 필요한 이유와 그 역량을 향상시키기 위한 개발과정에 대해 기술하여 주십시오."
1040,2,본인이 생각하는 본인만의 차별화된 역량은 무엇이며 지금까지 해당 역량을 개발하기 위해 수행한 활동들을 구체적 사례 중심으로 기술해 주시기 바랍니다. (1000)
1041,2,입사지원서에 기술한 직무관련 경력사항 및 직무관련 기타 활동 사항과 관련하여 구체적으로 본인이 수행한 활동 내용을 가이드(붉은글씨) 항목을 참고하여 기술해 주십시오
1042,2,"지원 직무에서 다른 지원자들과 ‘차별화 되는 강점 키워드’를 해시태그 형태로 표현한 후, 지식, 경험, 성격의 각 강점을 서술하세요.(800자)"
1043,2,직무관련 자격증 또는 경험/경력사항이 연구원에 근무하게 된다면 어떠한 도움을 줄 수 있는지 기술해 주십시오.
1044,2,업무관련 능력에 대한 자신의 활용 능력 및 강점에 대해 기술해 주십시오.
1045,2,지원분야와 관련된 본인의 보유 역량을 기술하시오. (100자 이상 입력) (최대 800자 입력가능)
1046,2,"금융분야 역량개발 노력 입력. - 경험, 교육, 자격사항 등을 바탕으로 본인의 금융분야 역량개발노력에 대해 상세히 기술할 것"
1047,2,[자기개발능력]현재 자신의 위치에 오기 위해 수행해 온 노력과 앞으로의 계획을 기술해 주십시오.
1048,2,자신이 가진 역량 기술 및 이를 바탕으로 목표를 이룬 경험(구체적 서술)
1049,2,지원하신 분야에 대한 업무경험 및 보유지식에 대해 구체적으로 기술하여 주시기 바랍니다. (1000 자 10 단락 이내)
1050,2,"지원분야에 관심을 가지게 된 계기는 무엇이며, 전문성 향상을 위해 어떤 노력을 했는지 서술해 주십시오."
1051,2,연구경력 및 세부전공에 대해 기술해 주십시오. (수행 프로젝트/연구경력 중심 기술)
1052,2,"본인의 지원분야에서 근무할 때 가장 필요하다고 생각되는 역량은 무엇인지 설명하고, 해당 역량을 향상시키기 위해 어떠한 노력을 기울여 왔는지 기술하세요."
1053,2,"본인이 지원한 직무를 효과적으로 수행하기 위해 갖춰야 하는 역량(지식, 기술, 태도 등)은 무엇이라고 생각하며, 본인은 그것에 어떤 강점이 있는지 사례와 함께 기술해 주시기 바랍니다."
1054,2,지원하신 분야(직무)를 선택한 이유와 해당 분야(직무)에 필요한 역량을 갖추기 위해 어떠한 노력을 해왔는지 구체적으로 서술해주세요.
1055,2,지원분야의 직무수행을 위해 그동안 준비한 내용과 역량에 대해 기술하십시오
1056,2,지원분야에 대한 전문성을 향상시키기 위해 노력했던 경험을 기술해 주십시오.(300)
1057,2,전문성과 창의성을 발휘하여 문제를 해결한 사례를 기술하십시오.(300)
1058,2,"직무와 관련한 본인의 경험이나 경력을 설명하고, 입사 후 본인의 역량을 발전시키기 위한 방안을 지원분야와 관련하여 기술해주시기 바랍니다."
1059,2,[경력/경험] 지원분야관련 다양한 분야에서 쌓은 경력/경험에 대하여 기술 (300자이내)
1060,2,[사무일반/국내영업]해당 직무분야에 지원하게 된 이유와 해당 직무에 본인이 적합하다고 판단할 수 있는 이유 및 근거를 기술하시오. [ 100자 이상 1000자 이내 ]
1061,2,선택한 직무에 지원하는 이유와 해당 직무에 필요한 역량을 키우기 위한 자신의 경험 및 노력을 기술해주십시오.
1062,2,지원직무와 관련된 본인의 경력내용에 대해 기술해주십시오.
1063,2,"본인의 지원분야에서 근무할 때 가장 필요하다고 생각되는 역량은 무엇인지 설명하고, 해당 역량을 향상시키기 위해 어떠한 노력을 기울여 왔는지 기술하세요"
1064,2,풀무원의 인재상과 부합하는 인재라고 할 수 있는 차별화된 역량 및 이와 관련된 경험을 서술해 주십시오.(100~1000자)
1065,2,"지원한 분야에 필요한 역량은 무엇, 해당 역량을 발전시키기 위해서 어떤 노력을 하였고, 향후 직무수행 계획은 어떠한지 구체적으로 기술하여 주세요. 700"
1066,2,본인이 지원한 부문 관련하여 본인만의 경쟁력을 3가지 이상 기술하여 주시기 바랍니다.
1067,2,"본인이 지원한 직무를 회사에서 수행하는 역할을 기준으로 하나의 키워드를 활용해서 정의해보고, 해당 직무를 본인이 잘 할 수 있다고 판단하는 근거를 기술해주십시오."
1068,2,지원분야 관련 특정 영역의 전문성을 키우기 위해 꾸준한 노력 경험
1069,2,직무와 관련하여 전문성을 키우기 위해 노력해 온 경험을 서술해 주십시오.
1070,2,직무 경험을 기술해주세요
1071,2,[직무적합도] 지원 직무를 수행하기 위해 그동안 어떤 노력과 경험을 해왔는지 기술해 주시기 바랍니다. *100자 이상 500자 이하로 입력하세요.
1072,2,"자신의 글로벌 역량 강화를 위하여 어떤 노력을 하였으며, 그 결과 갖추게 된 능력이나 역량에 대하여 기술해 주십시오."
1073,2,"지원한 분야의 직무 수행에 있어 본인이 생각하기에 가장 중요한 지식과 기술, 태도는 어떤 것인지를 본인이 보유한 핵심 역량, 태도를 비교하여 제시하고, 해당 전문지식, 능력, 역량을 습득하게 된 사례에 대하여 구체적으로 기술하시오."
1074,2,"지원 직무에 대해 본인이 이해한 내용을 서술하고, 본인이 해당 직무에 적합한 사유를 전공능력 측면 에서 구체적으로 서술해 주시기 바랍니다."
1075,2,부산교통공사에 입사하기 위해 준비한 과정과 그 과정을 통해 본인이 갖게 된 경쟁력은 무엇인지 기술하시오.(350~500자)
1076,2,지원분야 업무를 수행함에 있어 예상되는 직무상 어려움은 어떤 것이 있을지 한 가지 사례를 제시하고 어떻게 해결할 것인지 기술하시오.(350~500자)
1077,2,"본인의 지원 분야에서 근무할 때 가장 필요하다고 생각되는 역량은 무엇인지 설명하고, 해당 역량을 향상시키기 위해 어떠한 노력을 기울여 왔는지 기술하세요."
1078,2,"지원 분야와 관련하여 본인의 강점과 약점을 기술하고, 이를 어떻게 활용, 극복할 것인지 기술해 주십시오.[500자]"
1079,2,"지원 직무에 대해 본인이 이해한 내용을 서술하고, 본인이 해당 직무에 적합한 사유를 전공능력 측면에서 구체적으로 서술하시오."
1080,2,지금까지의 직무수행을 위한 경험 및 활동을 기술하시오
1081,2,"입사 후 업무를 잘 수행할 수 있도록 준비한 ‘나의 역량’이 무엇이며, 그 역량을 갖추기 위해 어떠한 노력을 해왔는지 본인의 경험을 바탕으로 기술해주시기 바랍니다."
1082,2,코오롱은 지원자의 약점보다는 강점을 보고 싶습니다. 위의 항목에서 미처 보여주지 못한 지원자의 숨겨진 강점이 있다면 소개해 주시기 바랍니다.
1083,2,"지원한 직무를 수행하는데 필요한 핵심역량은 무엇이라 생각하며, 해당 역량을 키우기 위해 어떤 노력을 해왔는지 기술하시오."
1084,2,( 공백포함 2000byte 이내 ) 지원 직무에 대한 본인 스스로의 정의를 내려보고 이 직무를 잘 수행하기 위한 본인의 노력에 대해 말씀해 주세요.
1085,2,지원분야와 관련된 본인의 보유 역량을 기술해 주십시오.
1086,2,"My Competency 지원분야/직무에 대한 지원 동기와, 해당 분야/직무를 위해 어떤 준비를 해왔는지 소개해주세요. Guide> 지원분야/직무를 위해 노력한 내용(전공, 직무경험 등)과, 이를 통해 본인이 어떠한 역량을 길렀는지를 중심으로 기술해주시기 바랍니다."
1087,2,"본인이 지원한 직무와 관련하여, 경험한 활동은 어떤 내용인지 기술해 주십시오."
1088,2,경험 및 경력 기술서
1089,2,중소기업진흥공단 입사 이후 이루고자 하는 자기성장의 목표가 무엇인지 기술하고 이러한 목표를 이루기 위해 지금까지의 교육 및 업무활동 경험을 중진공 업무에서 어떻게 활용 및 발전시킬 수 있을 지에 대해 기술하십시오.
1090,2,"직무기술서와 관련된 경험·경력이 있는 경우 수행한 업무 내용, 업무에서의 역할, 업무수행 결과 등을 구체적으로 기술하시오. [600자 이내]"
1091,2,희망하는 연구분야(과제) 또는 직무 [600자 이내]
1092,2,현재 직무 분야에서 전문성을 쌓기 위해 했던 노력과 향후 계획을 기술하시오. [600자 이내]
1093,2,"지원분야와 관련된 경험, 경력, 도출한 성과 등을 기술하여 주십시오."
1094,2,해당 직무를 선택한 이유와 지원자님께서 본 분야에 적합하다고 판단할 수 있는 근거를 서술 해주십시오.
1095,2,"본인의 장점 혹은 직무 역량을 나타낼 수 있는 주요 사례를 선정하여, 해당 경험을 통해 체득한 장점 혹은 직무 역량을 간략하게 서술해주십시오."
1096,2,"자기개발 현재 뿐만 아니라 향후에 필요한 지식, 경험, 기술 등을 적극적으로 습득하여 미래를 준비하여 꾸준히 발전한다 (A,B 중 택 1) A. 자신이 자기개발을 꾸준히 하는 사람임을 입증할 수 있는 사례(경험)와 그 근거를 구체적으로 작성해주시기 바랍니다. B. 자신이 지원한 분야에서 뛰어난 전문가가 되기위해 기울이고 있는 노력에 대해 구체적으로 작성해주시기 바랍니다."
1097,2,"본인의 약점 한 개와 취업을 위한 일반적인 스펙(자격증, 어학, 학점 등) 외에 그 약점을 보완하기 위해 노력한 경험에 대하여 자유롭게 기술하세요."
1098,2,현재 자신의 위치에 오기 위해 수행해온 노력과 지원한 직무분야에서 성공을 위한 노력 및 계획을 기술해 주십시오.
1099,2,학교나 직장 또는 기타 단체에서 업무를 추진하는데 필요한 능력을 스스로 관리하고 개발해 본 경험이 있으면 서술해 주십시오. (자기개발능력) (최대 700자 입력가능)
1100,2,국립항공박물관에 지원하신 분야와 관련한 본인의 전공과 경력이 접합하다고 생각하는 이유와 근거를 기술
1101,2,해당 직무에 있어 예상되는 가장 어려운 점 2가지와 극복방법을 작성하시오. (500자 이내)
1102,2,지원분야 업무를 위해 준비한 내용/전문지식
1103,2,지원 직무에서 본인의 차별화된 강점을 해시태그 형태로 표현한 후 ①지식 ②경험 ③성격 각 강점을 서술하세요.(500자)
1104,2,MD로서 갖춰야 할 중요한 역량과 본인의 적합성을 기술하세요.
1105,2,"본인의 장점 혹은 직무 역량을 나타낼 수 있는 주요 사례를 선정하여, 해당 경험을 통해 체득한 장점 혹은 직무 역량을 간략하게 서술 해주십시오."
1106,2,귀하가 현재 학과(전공)를 선택한 이유는 무엇이고 그 학업결과는 어떠합니까?
1107,2,귀하가 보유한 강점(지식/기술/특기/사회성 등)을 활용하여 회사발전에 기여할 수 있는 점은 무엇입니까?
1108,2,직무경험: 희망 직무 준비과정과 희망직무에 대한 본인의 강점과 약점을 기술해주세요
1109,2,"직무활동, 동아리/동호회, 팀프로젝트, 연구회, 재능기부 등 주요 직무능력을 서술하여 주십시오"
1110,2,"본인이 가진 가장 뛰어난 점과 그렇게 판단한 이유, 한국기술교육대학교 업무수행에서 나타날 수 있는 긍정적 효과에 대하여 기술해 주십시오."
1111,2,"한국기술교육대학교가 수행하는 업무를 아는 대로 설명하고, 본인이 지원하는 분야에 대한 업무내용과 지원하는 이유를 기술해 주십시오."
1112,2,지원 직무에 요구되는 역량은 무엇이라고 생각하며. 이를 갖추기 위해 어떠한 노력을 해왔는지 기술해 주십시오
1113,2,"자기소개서(대인관계,장단점,성장과정 등) - 작성내용이 틀림없음을 확인하며 지원합니다. - 지원서 제출 후 수정이 불가능하오니, 반드시 모든 정보 확인 후 접수해 주시기 바랍니다."
1114,2,"지원한 직무 관련 본인이 갖고 있는 전문지식/경험을 작성하고, 이를 바탕으로 본인이 지원 직무에 적합한 사유를 구체적으로 서술해 주시기 바랍니다. (1000자)"
1115,2,성격의 장·단점을 임용예정직무와 어떻게 연관 지어 수행할 것인지 기술하시오.
1116,2,"지스트의 직원으로서 지스트의 설립목적을 달성하기 위해 본인의 역량을 발휘할 수 있는 부분에 대해 본인의 교육, 경험, 경력사항 등 구체적인 사례를 들어 서술하십시오."
1117,2,"직무활동, 동아리/동호회, 팀프로젝트, 연구회, 재능기부 등 주요 직무능력을 서술하여 주십시오."
1118,2,Challenge A. 당신이 지원한 직무와 관련하여 보유한 직무역량을 서술하십시오.
1119,2,해당 직무역량을 향상시키기 위해 노력했던 경험을 서술하십시오.
1120,2,영업기획/관리 업무에 필요한 지식/역량과 관련된 직ㆍ간접적 경험에 대해 서술해 주십시오.
1121,2,입사지원서에 기술한 경력 및 경험 사항에 대해 상세히 기술해 주시기 바랍니다
1122,2,"지원한 분야에서 업무를 수행하기 위해 필요한 역량은 무엇이며, 해당 역량이 필요한 이유와 그 역량을 향상시키기 위한 개발과정에 대해 기술하여 주십시오"
1123,2,"지원분야(직종)에 지원한 이유를 귀하가 가진 특기, 능력 등과 관련하여 구체적으로 작성하여 주십시오"
1124,2,해당 직무를 위해 준비해온 역량
1125,2,"지원 직무에 대해 본인이 이해한 내용을 서술하고, 본인이 해당 직무에 적합한 사유를 전공능력 측면에서 구체적으로 서술하시오. 1000자 (영문작성 시 2000자) 이내"
1126,2,본인이 지원한 직무에 필요한 전문성을 갖추기 위하여 어떤 도전과 경험을 통해 이를 준비했는지 기술해 주세요. (600자)
1127,2,직무경험(800자)
1128,2,"은행원에게 가장 중요한 역량은 무엇이며, 해당 역량을 향상시키기 위한 노력이나 준비했던 경험이 있다면 기술하십시오 1000자."
1129,2,"지원 분야 직무기술서 ‘직무수행 내용’ 중 본인이 가장 잘 수행할 수 있는 업무 1가지를 선정하고, 그 이유와 해당분야의 전문가가 되기 위한 구체적인 자기계발 계획을 서술하여 주십시오.(600자 이내)"
1130,2,"역량기술서 지원직무를 선택한 이유와 그 직무를 수행함에 있어 본인만의 차별화된 역량은 무엇인지 설명해 주세요. 관련 전공과목 수강이력, 직무관련 경험, 기타 역량개발 활동 등을 바탕으로 작성해 주세요."
1131,2,지원한 직무와 관련한 본인만의 경쟁력을 서술하시오.
1132,2,핵심가치 : 희망하는 직무의 역량을 갖추기 위한 자기 개발 노력에 대하여 기술해주십시오.
1133,2,"지원하는 직무에 대해 본인이 이해하는 바에 대해서 구체적으로 기술하고, 왜 이 직무에 지원하게 되었는지와 본인이 희망하는 개발자의 모습에 대해 기술해주세요."
1134,2,"가장 자신있는 개발언어는 무엇이며, 본인의 개발 역량수준을 점수화(10점 만점 기준)하고 근거에 대해 기술해주세요."
1135,2,"자신의 지원 분야와 관련된 직무와 관련하여 현재 귀하의 능력 중 자신 있는 부분과 보완할 부분을 서술하고, 보완할 부분의 능력을 향상시킬 수 있는 방안에 대하여 구체적으로 기술해주십시오(1000자)"
1136,2,"제약영업 직무에서 가장 중요하다고 생각되는 실무역량을 정의하고, 해당 역량을 보유하기 위해 과거에 어떠한 노력을 해왔는지 사례를 들어 기술하여 주십시오."
1137,2,"공모전 수상, 인턴 경험, 혹은 본인을 어필할 수 있는 특이 경험이 있다면 기재해주세요. 자기소개서 작성 가이드 500자 (반드시 [공모전], [인턴] [특이경험]으로 말머리를 삽입후 간단한 설명문 작성 ex [공모전] [공모전명, 수상 등급, 주최사, 공모전 주제 간단히 소개 [ 특이경험], 본인의 경험 간단하게 설명 b2c 영업 직무 지원자는 아르바이트 경험도 상세하게 기재해주세요 예시 [아르바이트] , 00 기업 000팀, yyyymm ~ yyyymm 근무, 업무내용 간단한 설명"
1138,2,지원한 분야와 관련된 본인의 보유 역량을 기술하시오
1139,2,"지원한 분야와 관련된 본인의 경험(학교생활, 동아리활동, 직장생활 등)과 성과를 기술하시오."
1140,2,"지원 직무에 대해 본인이 이해한 내용을 서술하고, 본인이 해당 직무에 적합한 사유를 전공능력 측면에서 구체적으로 서술하시오.(1000자)"
1141,2,본인이 선택한 직무에 대해 아래 내용을 포함하여 기술하시오. ①지원한 직무의 역할이 무엇이라 생각하는지 자유롭게 기술 ②본인이 해당 직무에 적합하다는 근거를 본인의 경험을 바탕으로 기술 ③입사 후 경력개발 계획에 대해 기술 2100 BYTE
1142,2,"공동의 목표를 달성하기 위하여 가장 중요하다고 생각하는 역량 1가지를 선정하고,그 이유와 해당 역량을 발휘하여 목표를 달성한 경험에 대해 구체적으로 기술하시오. 1500BYTE"
1143,2,"지원 직무를 선택하게된 이유와 본인이 그 직무에 적합하다고 판단되는 근거를 역량 위주로 상세히 적어주세요 (최대 1,000자 입력가능)"
1144,2,"자신의 강점과 강점을 강화하기 위한 노력, 단점과 단점을 고치기 위한 사례를 기술하시오."
1145,2,지원한 직무에 대해 자신의 차별화된 역량과 이를 갖추기 위해 어떤 노력을 했는지 기술하시오.
1146,2,지원 분야에 대한 내용을 아래 항목별로 작성해 주세요. 1) 지원한 직무를 수행하기 위해 필요한 핵심역량은 무엇이라고 생각하며 그 이유는 무엇인지 설명해 주세요. 2) 그 역량을 갖추기 위해 본인이 어떠한 노력을 기울였는지 구체적으로 기술해 주세요.
1147,2,희망직무관련 자신만의 차별화된 경쟁력은 무엇인지 기술해 주세요 500
1148,2,"공동의 목표를 달성하기 위하여 가장 중요하다고 생각하는 역량 1가지를 선정하고,그 이유와 해당 역량을 발휘하여 목표를 달성한 경험에 대해 기술하시오."
1149,2,본인이 선택한 직무에 대해 아래 내용을 포함하여 기술하시오. ①직무선택이유 ②직무수행 시 예상되는 어려움(구체적) ③어려움을 극복하는 본인 강점 및 방안
1150,2,지원분야의 전문지식 습득과 능력을 증진시키기 위해 노력한 경험에 대하여 기술하여 주십시오.
1151,2,"자신의 글로벌 역량 강화를 위하여 어떤 노력을 하였으며, 그 결과 갖추게 된 능력이나 역량에 대하여 기술해 주십시오"
1152,2,직무를 잘 수행하기 위한 귀하의 ‘지식’ 및 ‘기술’을 각각 1개 이상 작성하시오. 그리고 이러한 ‘지식’과 ‘기술’을 활용하여 성과를 이룩한 경험이나 사례를 구체적으로 작성하시오.
1153,2,"귀하가 보유한 직무역량과 직무경력 중에서, 한국재정정보원에 기여할 수 있는 핵심역량과 경험을 작성하시오."
1154,2,"[조직적합도] 지원 분야와 관련하여 우리 공사에 입사하기 위하여 갖춰야 할 능력들은 어떤 것들이 있으며, 본인 스스로 생각하기에 자신이 얼마만큼의 능력을 갖추고 있는지 기술하시오. * [300자 이내]"
1155,2,[직무적합도]지원 분야와 관련하여 본인의 전문적인 지식이나 경험을 가지고 어떤 일을 추진했거나 문제를 해결하였던 경험에 대해 기술하시오. * [300자 이내]
1156,2,[자원관리능력]여러 가지 일을 한꺼번에 처리해야 하는 경우 본인은 어떠한 방식으로 우선 순위를 정해왔는지 그 원칙을 설명하고 실행사례나 경험을 기술하시오. * [300자 이내]
1157,2,"지원한 직무에서 가장 중요하다고 생각하는 역량을 정의하고, 해당 역량 향상을 위해 노력한 경험을 작성해 주십시오"
1158,2,자신을 잘 표현할 수 있는 키워드(단어/문장 등)와 그 이유를 지원한 직무와 연결하여 설명해 주십시오
1159,2,"최근 5년이내, 지원한 직무와 관련된 내용에 한하여 본인의 강점을 만들기 위해 노력한 경험을 , 당시의 상황, 과정, 결과로 구분하여 구체적으로 기술해 주시기 바랍니다. (300~500자)"
1160,2,자 유 기 술 : 기타 지원자가 작성하고 싶은 내용
1161,2,본인이 지원한 분야에서 직무를 수행하기 위한 본인만의 준비내용을 작성해 주세요(500자)
1162,2,영업직에 도전함에 있어 본인의 성격에 대한 장점과 단점이 무엇인지 작성하시오.
1163,2,지원 분야와 관련하여 특정 분야의 전문성을 키우기 위해 노력한 경험
1164,2,지원분야의 해당직무를 성공적으로 수행할 수 있다고 생각하는 이유를 본인의 경험 및 역량과 결부시켜 기술해 주십시오.
1165,2,지원 분야와 관련된 귀하의 전문성 향상을 위해 집중적으로 노력하고 있는 것을 기술해 주십시오. ① 어떤 부분을 향상시키고자 어떤 노력을 하고 있습니까? ② 해당 부분을 향상시키고자 하는 이유는 무엇입니까?
1166,2,학업과정 중 직무와 관련된 역량을 개발하는 데 도움이 된 활동이나 경험에 대해 작성해주시기 바랍니다. (100자 이내)
1167,2,"희망 직무에 대해 본인이 이해한 내용을 서술하고, 본인이 해당 직무에 적합한 사유(전공능력, 경력 등)를 구체적으로 기술하시오 / 600자"
1168,2,"다른 지원자와는 차별화된 본인 만의 강점은 무엇이고, 강점을 살려 성공한 사례가 있다면 기술하여 주십시오. (최대 300자 입력가능)"
1169,2,"주식회사 에스알의 인재상 구성요소(전문성, 도전, 소통) 중 본인과 가장 부합된다고 생각하는 요소를 연결하여 본인의 경험, 교육, 경력사항 등을 바탕으로 기술하여 주시기 바랍니다."
1170,2,"4차 산업혁명이 가져올 일자리 변화로 구직자에게 필요한 역량이 무엇인지에 대해 서술하고, 그 중 지원한 직무에 대해 본인이 어떻게 기여할 수 있는지 구체적인 사례를 들어 서술하여 주시기 바랍니다."
1171,2,지원부문 관련교육 및 보유기술
1172,2,"한전KPS에 지원한 동기(관심을 가지게 된 계기, 시기 등)와 본인이 가지고 있는 직무관련 역량 또는 경험을 상세하게 기술해주시기 바랍니다.(500자)"
1173,2,"지원자께서는 자신에게 필요한 정보를 어떻게 입수하고 관리하고 있습니까? - 어떤 정보를, 어떤 수단과 방법을 통해서 입수하십니까? - 입수된 정보는 어떻게 처리하고 관리하십니까? - 해당 능력이 지원하신 직무를 수행하는데 어떤 도움이 될 것이라 생각하십니까?"
1174,2,서울시설공단 인재상 중에서 본인과 부합된다고 생각하는 인재상을 하나 선택하여 본인의 보유 역량과 결부하여 기술하여 주시기 바랍니다.
1175,2,지원분야와 관련된 본인의 보유 역량을 기술하시오. (500자 이내)
1176,2,직무수행을 통하여 문제해결능력을 발휘한 경험이 있으면 기술하시오. (500자 이내)
1177,2,직무이해- 지원한 직무는 무엇입니까? 해당 직무의 전문가가 되기 위해서 입사 후 어떤 노력이 필요한지 작성하여 주십시오
1178,2,직무경험- 해당 직무를 잘 수행하기 위해 필요하다고 생각하는 역량을 자신의 경험을 바탕으로 작성하여 주십시오
1179,2,지원하신 직무에 가장 필요한 역량은 무엇이라 생각하나요? 해당 역량을 갖추기 위하여 어떠한 노력을 하셨나요? (최대 800자 입력가능)
1180,2,지원 직무의 필요 역량 3가지와 그 역량을 갖추기 위해 준비한 것을 기술하시오. (800자)
1181,2,본인이 지원한 직무에서 직무를 수행하기 위한 본인만의 준비내용을 작성해 주세요(500자)
1182,2,"경력 및 경험기술서 * 입력 시, 본인의 신분이 드러날 수 있는 출신 학교명, 세부학력, 기업명, 가족관계 등 블라인드 채용 취지에 위배되는 사항은 삭제 후 기재하시기 바랍니다. ㆍ입사지원서에 기술한 경력 및 직무관련 기타활동에 대해 상세히 기술해 주시기 바랍니다. ㆍ경력의 경우, 구체적인 직무영역, 활동, 경험, 수행내용, 본인의 역할 및 구체적 행동, 주요 성과에 대해 작성해주시기 바랍니다. ㆍ직무관련 기타활동의 경우, 구체적인 수행활동내용, 소속 조직이나 활동에서의 역할, 활동 결과에 대해 작성해주시기 바랍니다."
1183,2,조직 생활과 희망 직무 수행을 위한 본인의 강점에 대해 작성해 주세요. (최대 500자 입력가능)
1184,2,지원하는 직무에 있어 그 일을 잘할 수 있는 본인만의 차별화된 역량(준비했던 노력)은 무엇인지 기술해주세요
1185,2,"[필수문항] 수강한 SW 관련 과목들이 무엇이 있었고, 그 중 흥미를 가진 과목과 수행했던 프로젝트에 대해 설명해 주세요."
1186,2,[필수문항] Test Engineer 와 QA 직무가 수행하는 역할에 대해 이해한 내용과 TE 혹은 QA에 관심을 갖게 된 계기를 기술해 주세요.
1187,2,직무경험 : 희망직무 준비과정과 희망직무에 대하 본인의 강점과 약점을 기술해주세요(800자 이내)
1188,2,지원분야 직무 수행을 위한 본인의 경험과 노력을 서술하여 주십시오. 1000BYTE
1189,2,"오비맥주가 본인을 선발해야 하는 이유에 대해 강점을 기반으로 기술해 주십시오. (100자 이상, 350자 이내 작성)"
1190,2,지원 직무에 필요한 역량은 무엇이며 이를 갖추기 위한 노력
1191,2,지원하신 직무를 수행하기 위해 어떤 역량이 필요하다고 생각하시나요? 그 역량을 갖추기 위해 기울인 노력을 서술해주시기 바랍니다.
1192,2,지원직무 핵심역량: 분석력 / 고객 니즈 분석
1193,2,핵심 역량 위한 본인 노력
1194,2,"지원 분야에 필요한 핵심 역량은 무엇이며, 그 역량을 갖추기 위해 어떤 노력을 하였는지 객관적인 근거를 토대로 작성 바랍니다."
1195,2,"열악한 국내외 건설 현장에 배치될 경우, 그 어려움을 극복하기 위한 자신만의 강점을 작성 바랍니다."
1196,2,"은행원을 직업으로 지원하는 이유가 무엇이며, 지원한 분야에서 본인이 가진 경쟁력을 기술하십시오"
1197,2,"지원 직무 수행 시 예상되는 가장 큰 어려움(갈등)은 무엇이라고 생각하며, 이를 극복해 나갈 수 있는 필수역량(또는 가치관)은 무엇입니까? ①그렇게 생각한 이유, ②본인의 성공 또는 실패했던 경험과 연관 지어 구체적으로 작성해 주세요."
1198,2,"인사 직무(급여/보상 등)와 관련해 본인의 역량수준을 평가하고, 입사 후 회사에 어떻게 기여할 수 있을지 기술"
1199,2,"본인이 무엇을 통해 동기부여 되는지 상세히 기재, 향후 커리어 발전 계획 기술"
1200,2,"은행원에게 가장 중요한 역량은 무엇이며, 해당 역량을 향상시키기 위한 노력이나 준비했던 경험이 있다면 기술하십시오"
1201,2,역량기술서 지원직무를 선택한 이유와 그 직무를 수행함에 있어 본인만의 차별화된 역량은 무엇인지 설명해 주세요.
1202,2,"지원자에게 가장 잘 맞는 적성은 무엇이며, 그렇게 생각하는 이유를 기술해 주세요"
1203,2,희망직무 및 자신만의 경쟁력
1204,2,"해당 직무를 지원한 이유와, 본인이 그 직무에 필요한 어떤 역량을 갖추었는지 기술해 주시기 바랍니다. (500자 내외)"
1205,2,지원분야의 전문지식 습득과 능력을 증진시키기 위해 노력경험에 대하여 기술
1206,2,"희망분야와 관련한 본인만의 강점(적성, 경험, 노력)"
1207,2,"스펙(학점,어학,전공)을 제외하고 귀하를 채용하기 위하여 반드시 알아야할 것이 있다면 무엇이고 그 이유는 무엇인지"
1208,2,네오랩컨버전스 인재상 중 하나를 골라 본인을 소개해주세요.
1209,2,지원자가 해당 직무에 왜 적합한 인재인지 알려주세요.
1210,2,지원한 직무와 관련하여 어떠한 노력을 하였는지 구체적으로 서술하시오.
1211,2,지원 분야와 관련하여 특정 영역의 전문성을 키우기 위해 꾸준히 노력한 경험에 대해 서술해 주십시오. - 전문성의 구체적 영역(예. 통계분석)/ 전문성을 높이기 위한 학습 과정/ 전문성 획득을 위해 투입한 시간 및 방법/ 습득한 지식 및 기술을 실전적으로 적용해 본 사례/ 전문성을 객관적으로 확인한 경험/ 전문성 향상을 위해 교류하고 있는 네트워크/ 경험의 진실성을 증명할 수 있는 근거가 잘 드러나도록 기술 (1000 자 10 단락 이내)
1212,2,지원분야와 관련된 구체적인 지식이나 경험은 무엇이 있나요?글자수 994 / 500자 ~ 1000자
1213,2,지원한 직무에서 주체적으로 하고 싶은 일은 무엇입니까? 그 일을 다른 사람보다 더 잘할 수 있다고 생각하는 지원자의 차별점(경험/역량 등)에 대해 말씀해주세요.
1214,2,지원한 분야에서 지원자의 경쟁력은 무엇이라고 생각하십니까 가 지원한 분야에서 귀하의 경쟁력이 어떻게 발휘될 수 있는지와 나 귀하의 경쟁력을 증명할 근거를 포함하여 작성해 주십시오
1215,2,지원 분야와 관련하여 특정 영역의 전문성을 키우기 위해 꾸준히 노력한 경험에 대해 서술해 주십시오. (700~1000 자 10 단락 이내)
1216,2,서울에너지공사에 필요한 직무능력을 습득하기 위해 받은 학교교육 또는 직업교육에 대하여 기술하십시오. 또한 해당 교육이 서울에너지공사 입사 후 업무 수행에 어떠한 도움을 줄 수 있는지 기술해 주십시오.
1217,2,자신의 지식·경험·경력 등과 응시직위와의 관련성을 중심으로 ①직무에 대한 이해 및 응시 취지 ②직무수행 방향 및 비전 ③구체적 실천방안 순으로 자유롭게 기술하여 주십시오.
1218,2,"지원분야의 직무가 어떤 것인지, 그리고 그 직무에 본인이 적합하다고 판단할 수 있는 근거를 기술하여 주시기 바랍니다"
1219,2,"한국농어촌공사에 지원하게 된 이유를 공사가 가진 주요 특징과 이를 위해 준비한 본인의 역량(경쟁력, 강점, 노력 등)을 연계하여 구체적으로 기술해주십시오."
1220,2,경력 또는 경험사항 중 지원직무와 가장 연관성이 높은 대표적인 내용에 대하여 구체적 예시를들어 기술해주십시오.
1221,2,본인이 지원한 직무관련 지원동기와 역량에 대하여 글자수 976 / 500자 ~ 1000자 글자수 976 / 500자 ~ 1000자
1222,2,"직무이해, 해당 직무 전문가가 되기 위해서 입사 후 어떤 노력이 필요한지 작성"
1223,2,"직무경험, 해당 직무를 잘 수행하기 위해 필요하다고 생각하는 역량을 자신의 경험을 바탕 작성"
1224,2,"직무역량 1) 본 직무 수행에 필요한 핵심역량 3가지를 기재하십시오 2) 위에 기재한 3가지 핵심역량 중 가장 자신 있는 역량 한 가지를 선택하고, 해당 역량을 발휘한 경험을 구체적으로 작성하십시오"
1225,2,본인이 지원한 직무분야를 어떻게 이해하고 있고 본인이 해당 직무에 적합하다는 근거를 구체적인 사례 및 경험을 바탕으로 기술해 주십시오.(1000자 이내)
1226,2,"농업기술실용화재단의 인재상은 ①실용인 ②전문인 ③창의인입니다. 세가지 인재상 중 자신과 가장 잘 부합된다고 생각하는 인재상을 하나 선택하고, 왜 적합한지 구체적 경험을 바탕으로 기술해 주십시오.(1000자 이내)"
1227,2,"직무와 관련된 수상 및 경력,경험"
1228,2,지원직무를 위해 노력했던 경험과 해당 직무를 수행함에 있어 본인이 가진 역량을 작성해주세요.
1229,2,"상단에 작성한 직무관련 경험사항에 대해 본인이 수행한 활동 조직, 역할 및 구체적 활동 내용, 주요 결과 등에 대해 상세히 기술해 주시기 바랍니다."
1230,2,"다양한 은행업무 중 본인의 직무역량을 가장 잘 발휘할 수 있는 분야는 무엇이고, 그렇게 생각하는 이유를 관련경험을 통해 설명하시오."
1231,2,타인과 차별화 되는 본인만의 경쟁력은 무엇인지 서술하시오.
1232,2,한국철도공사의 미래 사업 또는 지원분야와 연관된 본인의 전문성을 언급하고 그러한 전문성을 개발하기 위해 어떤 노력을 해왔는지 기술하여 주십시오
1233,2,"지원 분야를 위해 '노력한 내용(전공, 직무경험 등)'과 이를 통해 '확보된 역량'을 구체적으로 기술해 주십시오."
1234,2,직장 또는 단체생활에서 구성원에게 가장 필요한 태도/역량은 무엇이라고 생각하는지 본인의 경험을 바탕으로 설명 하십시오.
1235,2,지원 직무와 관련한 경험을 바탕으로 본인을 자유롭게 어필해 주세요. [500자 이상 700자 이내]
1236,2,지원 분야에 대한 내용을 아래 항목별로 작성해 주세요.
1237,2,지원분야(직무) 준비한 과정 - 개인의 경험을 토대로 구체적 기술 (250자)
1238,2,KCC 인재상 중 자신에게 가장 부합하는 항목을 선택하여 개인의 경험과 함께 구체적으로 기술 (250자)
1239,2,지원 분야와 관련된 영역의 전문성을 키우기 위해 노력한 경험에 대해 서술해 주십시오.
1240,2,본인이 해당 직무에 적합하다고 판단하는 이유를 구체적으로 기술하여 주시기 바랍니다.
1241,2,본인이 지원한 분야에서 직무를 수행하기 위한 본인만의 준비내용을 작성해 주세요.
1242,2,지원한 직무관련 경력/경험에 대해 기술하여 주십시오.
1243,2,본인이 지원한 직무에 가장 필요한 핵심역량 또는 기술은 무엇이라고 생각하는지 이유와 함께 기술하여 주십시오.
1244,2,지원직무를 선택한 이유와 해당 직무를 성공적으로 수행하기 위해 어떤 노력과 경험을 하였는지 서술해 주십시오
1245,2,"본인의 글로벌 역량(혹은 경험)은 무엇이며, 이를 바탕으로 입사 후 회사에 기여할 수 있는 바는 무엇인지 서술해 주십시오"
1246,2,"입사 전 경력에 대해 말씀해주세요. 필수 기재 항목이 아니며, 해당자에 한하여 입력(인턴/직장경력)"
1247,2,지원분야와 관련된 구체적인 지식이나 경험을 기술해주십시오.
1248,2,지원직무 수행 시 ① 필요하다고 생각하는 역량 세가지를 중요도 순으로 작성해 주세요. ② 해당 역량과 관련하여 본인이 지원 직무를 잘 수행할 수 있는 이유를 구체적으로 작성해 주세요.
1249,2,"해당직무에 필요한 역량을 기술하고 이를 갖추기 위해 본인이 해온 노력 (지식, 경험 기술등)을 기술해 주십시오"
1250,2,희망직무를 지원하게 된 이유와 그에 필요한 역량을 키우기 위해 어떤 노력을 하고 있는지 서술하시오.
1251,2,기타 자신이 활동하고 싶은 관심 분야 및 PROJECT 경험 등에 대해 서술하시오. (0Bytes / 1000 Bytes)
1252,2,지원한 직무를 수행하기 위해 필요한 핵심역량은 무엇이라고 생각하며 그 이유는 무엇인지 설명해 주세요.
1253,2,그 역량을 갖추기 위해 본인이 어떠한 노력을 기울였는지 구체적으로 기술해 주세요.
1254,2,주요경력/ 업무 강점 등(신입제외)
1255,2,지원 직무의 특징과 역할에 대해 아는대로 말해주세요! (700자 이내)
1256,2,지원 직무에 대해 지난 3년간 준비한 것은 무엇인가요? (700자 이내)
1257,2,지원 직무에서 중요한 덕목은 무엇이라 생각하시나요? (700자 이내)
1258,2,"◎ 직무 포트폴리오 KB국민카드에서 일반직무 업무를 수행하기 위해 지원자께서는 어떤 준비(역량 개발)를 하셨는지 「보고서 형식」으로 작성하여 주시기 바랍니다.(3,000자 이내) - 카드업 이슈사항, 상품/서비스/디지털/데이터 등 트렌드, 전략방향 등을 고려하여 지원자의 역량 개발 내용이 당사에 어떻게 기여될 수 있는지를"
1259,2,"지원분야와 관련된 대표적인 경험/프로젝트 1가지에 대해 구체적으로 기술하고,(역할/기여 부분 상세 명시), 해당 경험을 통해 얻은 결과에 대해 적어주세요"
1260,2,2번 질문 외에 '과제/프로젝트/인턴 경험'등 지원분야와 관련되어 경험한 활동을 적어주세요.
1261,2,지원분야와 관련성은 없으나 관심을 갖고 있는 영역과 이것을 향상시켜온 경험에 대해 적어주세요
1262,2,"지원분야에 필요한 직무능력을 습득하기 위해 받은 학교 및 직업교육(경험, 경력 등)에 대해 구체적으로 기술하시오. (700자)"
1263,2,"새로운 것을 처음 배울 때, 빠르고 효과적으로 습득할 수 있는 ‘본인만의 노하우’가 있다면 무엇인지 서술하십시오."
1264,2,지원분야 직무 수행을 위한 본인의 경험과 노력을 서술하여 주십시오. (1000byte)
1265,2,직장 또는 단체생활에서 구성원에게 가장 필요한 태도/역량은 무엇이라고 생각하는지 본인의 경험을 바탕으로 설명
1266,2,희망 직무를 지원한 이유와 직무수행에 필요한 역량을 키우기 위해 노력한 경험들에 대해 작성해 주세요.
1267,2,지원 직무와 본인이 적합하다고 판단한 근거를 작성해 주시기 바랍니다. (700자)
1268,2,본인이 관심있는 IT분야 혹은 관련경험을 자유롭게 기술해주십시오.
1269,2,"지원한 직무를 수행 시 예상되는 문제상황(어려운 점)을 가정한 후, 이를 해결할 수 있는 방안에 대해 작성해 주시기 바랍니다. 또한 이 직무를 잘 수행할 수 있는 ‘나의 차별화된 역량’은 무엇이며, 그 역량을 갖추기 위하여 어떠한 노력을 해왔는지 함께 작성해 주시기 바랍니다."
1270,2,지원 분야에 대해 전문성과 역량을 갖추기 위해 어떠한 노력을 했는지 경험과 결과를 중심으로 기술하세요.(500 ~ 1500자)
1271,2,"본인이 지원한 직무에 있어서 가장 중요한 역량은 무엇이라고 생각합니까? 그리고 해당 역량을 발휘한 사례(직무경험, 자격증, 전공지식)가 있다면 구체적으로 작성 바랍니다."
1272,2,지원한 직무관련 어떻게 성장하고 싶은지 그리고 그 방법에 대해 구체적으로 작성 바랍니다. 자기소개서 작성 가이드
1273,2,"직무 역량을 습득하기 위한 경험과 활용 방법 자신이 지원한 직무를 수행함에 있어 갖추어야 할 지식, 기술, 역량등을 습득하기 위해 노력했던 구체적인 경험과 입사 후 어떻게 활용할 수 있을지 기술하세요"
1274,2,자신만의 경쟁력과 입사 후 활용법
1275,2,"희망직무는 무엇이며 희망직무를 성공적으로 수행하기 위해 가장 필요한 역량을 한 가지 선정하고, 선정 이유와 향상 시키기 위해 본인이 했던 노력에 대하여 서술하시오."
1276,2,지원 직무에서 다른 지원자들과 ‘차별화 되는 강점 키워드’를 해시태그 형태로 표현한 후 ①지식 ②경험 ③성격의 각 강점을 서술하세요. (600자)
1277,2,"(NCS 경험 및 경력기술서) 지원 분야의 직무기술서(직무수행내용, 필요기술 등)를 참고하여 관련된 경험이나 경력에 대해 기술해 주시기 바랍니다. 나-1. 본인이 직접적으로 맡았던 역할 및 수행한 내용에 대해 기술해 주십시오."
1278,2,앞서 작성한 본인의 경험/경력이 귀하가 지원한 업무를 수행하는데 어떻게 활용(혹은 도움)될 수 있는지 기술해 주십시오.
1279,2,"해당 직무에 지원하신 이유와 본인이 적합하다고 판단하는 근거를 경험(학업, 대내외 활동, 아르바이트 등)을 바탕으로 작성해주세요."
1280,2,"본인의 지원직무를 어떻게 이해하고 있는지 구체적으로 기술하고, 해당 분야에 본인이 적합하다고 생각하는 이유를 기재해주세요. (최대 500자 입력가능)"
1281,2,"은행원에게 가장 중요한 역량은 무엇이며, 해당 역량을 향상시키기 위한 노력이나 준비했던 경험이 있다면 기술하십시오 [ 1000자이내 2000kbyte ]"
1282,2,자신 있는 개발 분야와 그 분야 역량을 키우기 위해 어떤 준비와 노력을 했는지 기술해주세요. 1000자
1283,2,지원직무를 잘 수행할 수 있는 이유
1284,2,지원직무를 선택한 이유와 그 직무를 수행함에 있어 본인만의 차별화된 역량은 무엇인지 설명해 주세요. (2000자)
1285,2,지원 분야(직무) 준비한 과정 - 개인의 경험을 토대로 구체적 기술
1286,2,당신이 지원한 직무와 관련하여 보유한 직무역량을 서술하십시오. (30자이내)
1287,2,해당 직무역량을 향상시키기 위해 노력했던 경험을 서술하십시오. (200자이내)
1288,2,본인이 지원한 분야에서 직무를 수행하기 위한 본인만의 준비내용을 작성해 주세요. (최대 500자 입력가능)
1289,2,"md/상품개발 직무 시 필요한 역량은 무엇인가? 이 역량을 갖추기 위해 그 동안 어떤 노력, 도전, 경험을 했는지"
1290,2,지원 분야를 선택하게 된 배경과 본인만의 차별화된 강점과 경험을 기재하여 주시기 바랍니다. (700~1000자)
1291,2,희망 직무를 선택한 이유와 그에 필요한 역량을 키우기 위해 어떤 노력을 하였는지 기술하여 주십시오.
1292,2,"직무 필요 역량/전문성과 본인의 노력 : 본인이 지원한 직무를 수행하는데 요구되는 핵심 필요 역량과 전문성이 무엇이라 생각하며, 이 역량과 전문성을 갖추기 위해 어떠한 노력을 하였는지 기술해 주십시오."
1293,2,"지원한 직무와 관련된 경험(경력)사항에 대해 상세히 기술해 주시기 바랍니다. 본인의 역할과 행동 그리고 주요 성과를 중심으로, 구체적으로 작성해주시기 바랍니다."
1294,2,"본인이 지원한 직무를 수행하기 위해 가장 필수적으로 요구되는 역량이 무엇이라 생각하며, 해당 역량을 갖추기 위해 특별히 노력한 경험에 대해 기술해 주십시오."
1295,2,지원분야와 관련된 우리 공사의 주요 사업 중 본인이 어떤 부분에 기여하고 싶은지 기술해 주십시오.
1296,2,조직 생활과 희망 직무 수행을 위한 본인의 강점에 대해 작성해 주세요.
1297,2,"울산대학교의 인재상을 홈페이지에서 확인하신 후, 본인의 경험을 기반으로 실천 사례를 들어 서술하시오.(최근 5년 이내, 600자 이내)"
1298,2,"청년인턴으로 근무하게 된다면, 업무의 숙지 및 수행은 물론 더 나아가 업무프로세스를 개선할 수 있도록 고민하는 자세가 요구됩니다. 이를 위해 스스로 학습할 수 있는 의지와 능력은 지원자들이 갖추어야 할 중요 역량입니다. 지원자의 장기간 자기개발 또는 소속 조직의 발전을 위해 학습하고 노력한 경험에 대해 기술해 주시기 바랍니다."
1299,2,"지원한 직무는 무엇이며, 해당 직무에 관심을 갖게 된 계기와 이를 잘 수행할 수 있다고 생각하는 이유를 본인의 역량, 준비과정, 및 관련 경험을 근거로 서술"
1300,2,상기 역량(전부 또는 일부)을 개발하기 위해 스스로 노력하고 있습니까? 그 사례를 구체적으로 기재해주시기 바랍니다.
1301,2,"본 직무는 고객지향적 마인드,문제해결력,의사소통능력을 중요시 하고 있습니다. 이에 비추어 자신의 성공적인 경험을 기재하여 주시기 바랍니다."
1302,2,지원자께서는 자신에게 필요한 정보를 어떻게 입수하고 관리하고 있습니까?
1303,2,"지원 직무를 위해 노력했던 경험, 본인이 가진 역량"
1304,2,"지원분야에 대한 내용을 아래 항목별로 작성해주세요. 2-1) 지원자 직무를 수행하기 위해 필요한 핵심역량을 무엇이라고 생각하며, 그 이유는 무엇인지 설명해주세요. 500자"
1305,2,그 역량을 갖추기 위해 본인이 어떠한 노력을 기울였는지 구체적으로 기술해주세요. 500자
1306,2,"최근 5년 이내, 지원한 직무와 관련된 내용에 한하여 본인의 강점을 만들기 위해 노력한 경험을, 당시의 상황, 과정, 결과로 구분하여 구체적으로 기술해 주시기 바랍니다.(300~500자)"
1307,2,"지원자가 신용보증기금 입사를 위해 경쟁력(직무역량)을 갖추고, 전문성을 향상시키기 위해 어떤 노력을 하였는지 경력·경험·자격사항 등을 바탕으로 구체적으로 기술하시오."
1308,2,"지원자가 생각하는 금융 공기업인의 가장 중요한 기본역량 하나를 선정하고, 그렇게 생각하는 이유와 그 역량과 관련하여 지원자가 겪었거나 타인으로부터 인정받았던 경험을 구체적으로 기술하시오."
1309,2,타인과 구별되는 본인만의 장점이나 경쟁력은 무엇이며 그것을 가지거나 키우기 위해 어떠한 노력을 해왔는지 작성해 주세요.
1310,2,"귀하의 입사 전 경험, 경력사항이 극동방송의 사역에 어떻게 적용될 수 있을지 적어주세요"
1311,2,"우리재단 직무수행을 위한 본인만의 차별화된 경험, 역량, 능력은 무엇입니까? (최대 300자 입력가능)"
1312,2,본인의 관심분야에서 자기개발을 꾸준히 해 온 경험은 무엇입니까? (최대 300자 입력가능)
1313,2,"입사지원서에 기술한 직무관련 경험 및 경력사항에 대해 담당업무, 활동, 역할 등에 대해 상세히 기술해 주십시오."
1314,2,해당 직무에 지원한 이유와 직무를 잘 수행하기 위해 자신의 역량을 어떻게 개발시켜왔는지 구체적으로 기술하여 주십시오.
1315,2,지원분야와 관련하여 특정 영역의 전문성을 키우기 위해 꾸준히 노력한 경험에 대해 서술해 주십시오. / 전문성을 높이기 위한 학습 과정 / 전문성 획득을 위해 투입한 시간 및 방법 / 습득한 지식 및 기술을 실전적으로 적용해 본 사례 / 전문성을 객관적으로 확인한 경험 / 전문성 향상을 위해 교류하고 있는 네트워크 / 경험의 진실성을 증명할 수 있는 근거가 잘 드러나도록 기술) (700~1000자 10단락 이내)
1316,2,직무 전문성 [관련 경험 1]
1317,2,"지원 분야와 관련하여 특정 영역의 전문성을 키우기 위해 꾸준히 노력한 경험에 대해 서술해 주십시오. (1,000자 10 단락 이내)"
1318,2,직무와 관련한 자신만의 역량
1319,2,"직무활동, 동아리/동호회, 팀프로젝트, 연구회, 재능기부등 주요직무능력을 서술하여 주십시오."
1320,2,"지원한 직무를 수행하기 위하여 필요한 역량은 무엇이라고 생각하며, 해당역량을 갖추기 위해 본인이 무엇을 어떻게 노력해왔는지(지식, 경험, 기술 등) 기술해 주십시오."
1321,2,지원직무에 있어서 본인이 갖고 있는 성격상의 장점과 단점을 각각 설명해 주세요 (900자 이내)
1322,2,해당 직무에 지원하기 위해 지난 3년간 준비해 왔던 것에 대해 설명해 주세요. (900자 이내)
1323,2,"직무와 관련하여 본인이 수행한 경험 내용, 경험에서의 역할, 경험 결과 등에 대해 작성해주시기 바랍니다."
1324,2,지원한 직무에 대해 본인이 갖추고 있는 지식이나 기술에 관하여 서술해주십시오.
1325,2,지원한 직무를 효과적으로 수행하기 위해 귀하가 가지고 있는 장점은 무엇인지 소개
1326,2,지원한 직무를 수행함에 있어 어려움이 발생할 수 있는 귀하의 단점과 개선방법을 소개해주십시오
1327,2,"대학 행정의 역할에 대한 본인의 생각을 서술하고, 본인이 우리대학이 요구하는 인재에 적합한 사유를 본인의 경험 및 역량과 연계하여 구체적으로 작성해 주십시오."
1328,2,마케팅 직무에 있어서 왜 본인이 적임자인지 해당 직무와 관련된 경험과 역량향상을 위한 본인의 노력에 대해 서술 해 주십시오. - 마케팅 직무의 전문성 획득을 위해 어떠한 경험 및 노력을 했는지 구체적으로 작성 - 경험 및 노력의 결과와 그 과정에서 느낀 점에 대해 구체적으로 작성 - 프로젝트/공모전/대회/논문/연구/학습 및 기타 활동에 참여 경험 등 작성 가능 (1000 자 10 단락 이내)
1329,2,선택한 직무에 지원하는 이유와 해당 직무에 필요한 역량을 키우기 위한 자신의 경험 및 노력을 기술해주십시오. (500자)
1330,2,"학업 외 본인이 가장 많은 시간을 투자하고 있는 활동은 무엇이며, 그 활동을 통해 무엇을 얻었는지 구체적으로 기술해주십시오. (500자)"
1331,2,지원하는 직무에 대해 본인이 가장 중요하게 생각하는 역량은 무엇이고 그 이유에 대해 서술하여 주십시오. * [500자 이상 700자 이내]
1332,2,"입사 후 업무를 잘 수행할 수 있도록 준비한 ‘나의 역량’이 무엇이며, 그 역량을 갖추기 위해 어떠한 노력을 해왔는지 본인의 경험을 바탕으로 기술해주시기 바랍니다. *"
1333,2,"대학생활 중 이수한 과목 중 지원하신 직무와 관련된 과목(복수 가능)을 기술하여 주시기 바라며, 해당 과목을 통해 직무를 잘 수행할 수 있는 이유를 기술하여 주십시오.① 이수과목 중 지원 직무와 관련된 과목 ② 해당 과목을 통해 지원 직무를 잘 수행할 수 있는 이유 (1,000자 이내)"
1334,2,"지원 직무를 수행함에 있어 ① 예상되는 어려움 또는 갈등은 무엇이며, ② 이를 극복해 나갈 수 있는 본인만의 강점을 구체적으로 작성해주세요. (1,000자 이내)"
1335,2,희망 직무를 지원한 이유와 해당 직무를 수행하기 위해 어떠한 노력이나 경험을 하였는지 작성해주세요. _글자수 제한 없음
1336,2,본인의 전공능력이 지원한 직무에 적합한 사유를 구체적 사례를 들어 기술해 주시기 바랍니다. (1000자 이내)
1337,2,경력 및 경험기술서
1338,2,"KB국민카드에서 IT직무¹ 업무를 수행하기 위해 지원자께서는 어떤 준비(역량 개발)를 하셨는지 「보고서 형식」으로 작성하여 주시기 바랍니다.(3,000자 이내)"
1339,2,"지원한 업무에 대해 아는 바를 설명하고, 이 업무를 수행하기에 왜 본인이 적합한 지 본인의 직무 지식과 경험을 바탕으로 서술 해 주세요"
1340,2,"오렌지라이프 인재상 중, 본인이 보유하고 있는 역량 1가지를 선택하여 서술하고 해당역량을 발휘한 구체적인 사례를 들어주세요"
1341,2,지원한 직군에서 구체적으로 하고 싶은 일과 본인이 그 일을 남들보다 잘할 수 있는 차별화된 능력과 경험을 기술하시오. 1000자
1342,2,"한국철도공사의 미래 사업 또는 지원 분야와 연관된 본인의 전문성을 언급하고, 그러한 전문성을 개발하기 위해 어떤 노력을 해왔는지 기술하여 주십시오. (800byte)"
1343,2,"지원한 분야의 직무를 잘 할 수 있다고 생각하는 이유와, 그 직무를 통해 달성하려는 목표를 기술하여 주십시오."
1344,2,본인만의 차별화된 강점은 무엇인가요? 이와 관련된 경험 중심으로 작성해주시기 바랍니다.
1345,2,지원 직무와 관련하여 전문지식을 갖추기 위해 학습한 경험에 대해 작성해주시기 바랍니다.
1346,2,본인의 경력사항 및 가장 경쟁력 있는 업무분야를 기재하시오.
1347,2,응시자께서 지원한 분야의 전문성을 높이기 위해 어떤 경험을 갖고 계시고 그러한 부분이 한국국제협력단의 미션과 비전 달성에 어떻게 연계된다고 생각하시는지 기술하여 주시기 바랍니다.
1348,2,"한국국제협력단이 직원에게 기대하는 역량은 무엇이라고 생각하며, 본인이 그것에 어떻게 부합하는지 기술하여 주십시오."
1349,2,"지원직무 수행 시 ① 필요하다고 생각하는 역량 세가지를 중요도 순으로 작성해 주세요. ② 해당 역량과 관련하여 본인이 지원 직무를 잘 수행할 수 있는 이유를 구체적으로 작성해 주세요. (1,000자 이내)"
1350,2,"전문성 : 입사지원서에 기술한 직무와 관련하여 활동/경험, 본인의 역할, 주요 성과 등을 구체적으로 기술하고, 현업에서의 활용방안에 대한 생각을 작성하여 주시기 바랍니다"
1351,2,지원 분야에 본인이 적합하다고 판단하는 근거를 본인의 보유역량을 토대로 기술하십시오. (500자 이내)
1352,2,"본인이 서울관광재단의 인재상과 부합하는 인물이라고 생각하는 가장 큰 이유를 경험, 경력사항 등의 구체적인 사례를 들어 기술하십시오. (500자 이내)"
1353,2,직무수행을 통해 문제해결능력을 발휘한 경험이 있으면 기술하십시오. (500자 이내)
1354,2,지원직무에 대하여 자신이 알고 있고 응용할 수 있는 지식을 구체적으로 나열하시오.
1355,2,"지원 부문과 관련된 경험(스터디, 프로젝트, 업무 등)이 있다면 본인은 어떤 역할을 했었고, 그 결과로 어떤 지식이나 교훈을 얻었는지 적어주세요."
1356,2,"본인이 지원한 직무를 위해 필요한 역량은 무엇이며, 해당 역량을 갖추기 위한 노력 혹은 자신만의 특별한 경험에 대해 기술하여 주십시오."
1357,2,지원하신 직무의 전문성을 키우기 위해 남들과 달리 특별한 노력을 한 경험이 있다면 서술해 주시기 바랍니다. (600자 이내)
1358,2,본인의 희망 직무는 무엇이며 그 일을 남들보다 잘 할 수 있는 차별화된 능력과 경험이 무엇인지 서술하여 주십시오
1359,2,자신이 지원한 분야에서 뛰어난 전문가가 되기 위해 기울이고 있는 노력에 대해 구체적으로 서술해주십시오.
1360,2,Team Player로서 가장 중요하다고 생각되는 자질 하나를 제시하고 본인이 이에 어떻게 부합하는지에 대하여 기술하시오. (600자 이내)
1361,2,"금융분야 역량개발 노력 1000자, 15문단 이내로 작성해주세요. 금융분야 역량개발 노력 입력. - 금융 관련 교육·자격·경력 및 기타활동을 포함한 역량개발노력에 대해 상세히 기술할 것"
1362,2,희망직무 준비과정 및 관련된 경험에 대해 구체적으로 기술해 주세요. (800자 이내)
1363,2,지원하신 부문의 직무를 수행하기 위해 어떤 역량이 필요하다고 생각하시나요? 그 역량을 갖추기 위해 기울인 노력을 서술해주시기 바랍니다.
1364,2,"귀하가 지원한 직무는 무엇이며, 해당 직무에 관심을 갖게 된 계기와 이를 잘 수행할 수 있다고 생각하는 이유를 본인의 역량, 준비과정 및 관련 경험을 근거로 서술해 주십시오 * [100자 이상 500자 이내]"
1365,2,"지원분야와 관련하여 본인의 강점과 약점을 기술하고, 이를 어떻게, 활용, 극복할 것인지 기술해 주십시오."
1366,2,직무와 관련된 본인의 장점 및 역량
1367,2,지원 직무 관련 자신이 갖춘 역량에 대하여 구체적으로 기술하여 주십시오. (500~700자)
1368,2,"해당직무에 지원한 동기와, 지원직무 역량 강화를 위해 지금까지 어떠한 노력을 해왔는지 서술하여 주시기 바랍니다. (600자)"
1369,2,"지원한 직무에서 구체적으로 하고 싶은 일은 무엇입니까?그 일을 다른 사람보다 더 잘할 수 있다고 생각하는 지원자의 차별점(경험/역량 등)에 대해 말씀해주세요. 775/800 (글자 수, 공백 포함)"
1370,2,지원분야에 본인이 적합하다고 판단하는 근거를 기술해 주십시오.
1371,2,"지원분야와 관련해 최근에 가장 관심 가진 주제를 1개 선택하여, 그에 대한 본인의 생각을 서술하시오."
1372,2,"최근 5년 이내, 지원한 직무와 관련된 내용에 한하여 본인의 강점을 만들기 위해 노력한 경험을, 당시의 상황, 과정, 결과로 구분하여 구체적으로 기술해 주시기 바랍니다."
1373,2,"본인이 지원한 분야에 필요한 역량은 무엇이고, 해당 역량을 현재의 수준까지 향상시키기 위해 어떤 노력을 하였는지 구체적으로 기술해 주시기 바랍니다."
1374,2,"지원분야와 관련된 본인의 보유 역량을 기술하시오. (최소 100자, 최대 250자 입력가능"
1375,2,귀하가 지원한 직무를 수행함에 있어서 필요한 능력 세 가지와 선정한 사유를 기술하고 그 능력을 갖추기 위해 본인이 노력했던 점 및 그 성과에 대하여 기술하여 주십시오
1376,2,"(NCS 경험 및 경력기술서) 지원 분야의 직무기술서(직무수행내용, 필요기술 등)를 참고하여 관련된 경험이나 경력에 대해 상세히 기술해 주시기 바랍니다. 나-1. 본인이 지원한 직무의 어떤 부분과 관련된 경험/경력인지 먼저 기술하고, 본인이 직접적으로 맡았던 역할 및 수행한 내용에 대해 기술해 주십시오."
1377,2,앞서 작성한 본인의 경험/경력이 업무 중 어떠한 부분에 도움을 줄 수 있는지 기술해 주십시오.
1378,2,지원 분야 관련 경험 / 인생에서의 성공 및 실패 사례 Guide> 중요 내용 위주로 간략하게 기술하여 주시기 바랍니다.
1379,2,"지원 분야에 대한 본인의 역량을 분석해 보고, 역량을 향상시키기 위해 어떠한 노력을 했는지 기술하여 주십시요."
1380,2,IT 관련하여 본인이 경험한 프로젝트/직무 경험을 기초로 본인의 강점과 약점을 기술해주세요.
1381,2,"본인의 강점이라고 생각하는 역량을 우리 공단 입사지원 동기와 연계하여 서술하고, 해당 역량을 현재의 수준까지 향상시키기 위하여 어떤 노력을 하였는지 서술하여 주십시오."
1382,2,지원 직무에 대해 본인이 이해한 내용을 서술하고 본인이 해당 직무에 적합한 사유를 전공능력 측면에서 구체적으로 서술하시오. (1000자 이내)
1383,2,입사지원서에 기술한 경력 및 직무관련 기타활동에 대해 상세히 기술해 주시기 바랍니다.
1384,2,[자기개발능력] 자신이 지원한 분야에서 뛰어난 전문가가 되기 위해 기울이고 있는 노력에 대해 구체적으로 서술해주십시오. 1000 Bytes 이내
1385,2,"[자원관리능력] 중요한 일을 처리할 때, 어떠한 방식으로 계획을 세워서 일을 처리하는지에 대해 개인적 경험을 기반으로 구체적으로 서술해주십시오. 1000 Bytes 이내"
1386,2,"[조직이해능력] K-water에 입사지원한 동기 및 입사 후 실천하고자 하는 목표를 K-water 인재상(내실, 혁신, 신뢰) 중 자신과 가장 잘 부합하는 역량과 결부시켜 작성해주십시오. 1000 Bytes 이내"
1387,2,"입사지원한 선발분야(단위) 관련 교육, 경력, 경험사항에 대해 상세히 기술해주시기 바랍니다. 1400 Bytes 이내"
1388,2,지원 분야와 관련하여 특정 영역의 전문성을 키우기 위해 꾸준히 노력한 경험에 대해 서술해 주십시오. /전문성을 높이기 위한 학습 과정/전문성 획득을 위해 투입한 시간 및 방법/습득한 지식 및 기술을 실전적으로 적용해 본 사례/전문성을 객관적으로 확인한 경험/전문성 향상을 위해 교류하고 있는 네트워크/경험의 진실성을 증명할 수 있는 근거가 잘 드러나도록 기술 (700~1000자 10단락 이내)
1389,2,"희망하는 직무를 수행함에 있어서 요구되는 역량이 무엇이라 생각하며, 이 역량을 갖추기 위한 노력 또는 특별한 경험을 기술하여 주십시오 1800byte"
1390,2,"직무활동, 동아리/동호회, 팀프로젝트, 연구회, 재능기부 등 주요 직무능력을 서술하여 주십시오. 2000 Bytes 이내"
1391,2,지원분야와 관련하여 특정영역의 전문성을 키우기 위해 꾸준히 노력한 경험에 대해 기술하여 주십시오. 현재 800 Bytes 이내
1392,2,"지원직무 수행 시 예상되는 어려움(갈등)은 무엇이며, 이를 극복해 나갈 수 있는 본인의 강점과 가치관을 작성해주세요. ① 지원 직무 수행시 필요하다고 생각하는 역량, ② 지원 직무를 잘 수행하기 위한 그동안의 노력과 도전 등을 반드시 포함하여 구체적으로 작성해 주세요. (1,000자 이내)"
1393,2,"직무수행을 위한 지식(Knowledge) □ 진흥원 직무를 수행함에 있어 본인이 보유하고 있는 필요한 핵심 지식(knowledge)이 무엇인지 기술하고, 해당 지식을 보유하게 된 경력 또는 경험을 기술하세요."
1394,2,"직무수행을 위한 기술 (Skill) 진흥원 직무를 수행함에 있어 본인이 보유하고 있는 필요한 핵심 기술(Skill)이 무엇인지 기술하고, 해당 기술을 보유하게 된 경력 또는 경험을 기술하세요."
1395,2,"지원분야를 위해 노력했던 준비사항과 직무를 잘 수행 할 수 있는 본인의 전공/직무 경험, 역량 등에 대하여 구체적으로 작성하시오"
1396,2,직무경험 : 희망직무 준비과정과 희망직무에 대한 본인의 강점과 약점을 기술해주세요. (800자)
1397,2,"(학업,팀 프로젝트, 인턴 활동 등)을 하면서 전문 지식 또는 기술을 활용하여 주어진 업무나 과제를 성공적으로 수행했던 경험에 대해 작성해 주시기 바랍니다.(500자)"
1398,2,"직무경험 : 희망직무 준비과정과 희망직무에 대한 본인의 강점과 약점을 기술해주세요. 764/800 (글자 수, 공백 포함)"
1399,2,인턴십 수행을 통해 얻고자 하는 바에 대하여 [500자]
1400,2,다른 사람과 차별화된 본인의 역량을 우리 공단 인재상* 및 지원동기와 연계하여 작성해 주십시오.
1401,2,지원분야와 관련하여 특정영역의 전문성을 키우기 위해 꾸준히 노력한 경험에 대해 기술하여 주십시오.
1402,2,본인이 지원한 직무에 가장 중요하다고 생각하는 역량과 이에 대한 자신만의 차별화된 강점은 무엇인지 기술해 주십시오.
1403,2,"본인의 수상경력, 해외연수, 봉사활동 경험에 대해 기술해 주십시오"
1404,2,"입사지원서에 기술한 경험사항 또는 경력사항에 대해 상세히 기술해 주시기 바랍니다. - 직무관련 '경험'사항 기술은 본인이 수행한 활동내용, 소속 조직이나 활동에서의 역할, 활동결과에 대해 구체적으로 작성해 주시기 바랍니다. - 직무관련 '경력'사항 기술은 직무영역, 활동/경험/수행 내용, 본인의 역할 및 활동, 주요성과에 대해 구체적으로 작성해 주시기 바랍니다. [1000자 이내]"
1405,2,"지원 분야의 직무를 수행할 역량 강화 및 경험 축적을 위해 당신이 기울인 노력과 그 과정에서 느낀 성취 및 한계, 그리고 한계를 극복한 경험 또는 계획에 대하여 설명해주세요. * [1000자 이내]"
1406,2,본인이 지원한 분야에서 직무를 수행하기 위한 본인만의 준비내용
1407,2,"지원분야의 관련 업무를 수행한 경험 중 대표적인 것에 대해 기술하십시오. 경험은 직업 외적인(금전적 보수를 받지 않고, 수행한) 활동을 의미합니다. 경험을 기술할 경우 구체적으로 본인의 학습경험 혹은 활동내용, 활동 결과에 대해 작성하시기 바랍니다."
1408,2,직무경험: 희망직무 준비과정과 희망직무에 대한 본인의 강점과 약점을 기술해주세요. (800)
1409,2,경력/경험기술서 - 직무관련 경력사항 및 직무관련 활동사항과 관련하여 작성하시기 바랍니다.
1410,2,재학 기간 중 본인이 수행한 다양한 경험활동 중 우리 기관의 인재상에 가장 부합된다고 판단되는 인재상 하나를 제시하여 그 경험활동과 어떻게 부합되는지 설명하십시오.
1411,2,지원분야(직무) 준비한 과정 개인의 경험을 토대로 구체적 기술
1412,2,KCC인재상 중 자신에게 가장 부합하는 항목 선택하여 개인의 경험과 함께 구체적 기술
1413,2,"지원 직무에 대해 본인이 이해한 내용을 서술하고, 본인이 해당 직무에 적합한 사유를 전공능력 측면에서 구체적으로 서술하시오. 1000"
1414,2,"금융권 역량 개발 노력 (800자, 7문단 이내로 작성해주세요. - 금융관련 교육ㆍ자격ㆍ경험 및 기타활동을 포함한 역량개발노력에 대해 상세히 기술할 것"
1415,2,주택도시보증공사의 다양한 업무분야 중 본인이 가장 잘 수행할 수 있다고 생각하는 직무와 그 이유를 기술하여 주십시오
1416,2,지원한 직무에 대해 자신의 차별화된 역량과 이를 갖추기 위해 어떤 노력을 했는지 기술하시
1417,2,직무와 관련된 경험을 기술해주세요.
1418,2,"(기술능력) 과거의 교육과정이나 경력들을 통해 습득한 전공 지식·기술 및 경험들이 지원 분야의 업무와 어떠한 관련성을 맺고 있다고 생각합니까?또한, 그러한 지식과 경험이 실제 업무 수행에 어떠한 방식으로 도움을 줄 수 있는지 구체적으로 기술하여 주십시오."
1419,2,"해당 직무를 지원하게 된 이유와 그 직무에 있어 가장 중요한 실무역량이 무엇이라고 생각하는 지 정의해보고 그에 따른 자신만의 역량(경험, 노력)을 구체적인 사례를 근거로 이야기 해 주세요. [700자 이상 1000자 이내] (1000자)"
1420,2,지원자 본인이 자신의 지원분야에 대한 전문성을 향상시키기 위해 꾸준히 노력하는 사람임을
1421,2,지원부문에서 구체적으로 하고 싶은 일과 본인이 그일을 남들보다 잘 할 수 있는 차별화된 능력과 경험을 기술해 주시기 바랍니다.
1422,2,"원분야의 관련 업무를 수행한 경력 또는 관련 활동을 수행한 경험 중 대표적인 것에 대해 기술하십시오. 경력은 금전적 보수를 받고 일정기간 동안 일했던 이력을 의미하며, 경험은 직업 외적인(금전적 보수를 받지 않고, 수행한) 활동 을 의미합니다."
1423,2,지원 분야와 관련하여 현재 귀하의 능력 중 보완할 부분과 해당능력을 향상시킬 수 있는 방안에 대하여 구체적으로 기술하여 주십시오.
1424,2,희망하는 직무를 기재하고 그 이유와 본인의 적합성을 지식/자신의 장기 비전/성격에 비추어 기술하시오.
1425,2,직무능력소개서 (필수기입)
1426,2,지원 분야와 관련된 귀하의 전문성 향상을 위해 집중적으로 노력하고 있는 것을 기술해 주십시오.
1427,2,지원 직무를 잘 수행하기 위한 그동안의 노력을 본인의 경험 또는 역량을 중심으로 ① 해당 경험 및 역량을 취득하는 과정에서 어려웠던 점 ② 이를 극복하기 위한 과정 및 결과 등을 포함하여 구체적으로 작성 1000자
1428,2,"본인이 희망하는 직무에 필요한 역량은 무엇이라 생각하며, 해당 역량을 갖추기 위한 본인의 노력에 대해 구체적인 사례를 통하여 설명해 주시기 바랍니다."
1429,2,"지원하신 직무가 무엇을 하는 일이라고 생각하시는지, 본인의 정의를 기술해 주십시오. 또한 해당 직무에 어떤 역량/지식이 필요하다고 생각하시는지, 이를 갖추기 위해 학업 또는 학업 외적으로 어떤 준비를 하셨는지 구체적 사례 중심으로 작성해주세요. (글자수 : 0 / 800)"
1430,2,"공동의 목표를 달성하기 위하여 가장 중요하다고 생각하는 역량 1가지를 정의하고, 그 이유와 해당 역량을 발휘하여 목표를 달성한 경험에 대해 서술해 주십시오. ["
1431,2,"에스엘에서 일하고 싶은 구체적인 분야(직무)를 제시하고, 해당 직무에 관심을 갖게 된 계기와 이를 잘 수행할 수 있다고 생각하는 이유를 본인의 준비과정, 보유 역량, 관련 경험 등 구체적으로 서술해 주십시오."
1432,2,"지원 직무에 대한 중장기적 성장 목표가 무엇인지 구체적으로 서술하고, 그에 차별화된 강점이 있다면 구체적인 사례와 경험을 들어 서술해 주십시오"
1433,2,지원 분야와 관련하여 특정 영역의 전문성을 키우기 위해 꾸준히 노력한 경험에 대해 서술하시오.
1434,2,지원업무와 관련한 자신의 전문역량
1435,2,지원분야 선택 이유와 본인이 적합하다고 판단할 수 있는 근거를 기술해 주십시오.
1436,2,"[자원관리능력] 중요한 일을 처리할 때, 어떠한 방식으로 계획을 세워서 일을 처리하는지에 대해 개인적 경험을 기반으로 구체적으로 서술해주십"
1437,2,"입사지원한 선발분야(단위) 관련 교육, 경력, 경험사항에 대해 상세히 기술해주시기 바랍니다."
1438,2,직무경험: 희망직무 준비과정과 희망직무에 대한 본인의 강점과 약점을 기술해주세요 (800자)
1439,2,"조직생활에 있어서 본인이 가진 장/단점을 기술하고, 단점을 극복하기 위한 과거의 노력과 향후의 계획에 대해 기술하여 주십시오"
1440,2,"공동의 목표를 달성하기 위하여 가장 중요하다고 생각하는 역량 1가지를 선정하고,그 이유와 해당 역량을 발휘하여 목표를 달성한 경험에 대해 구체적으로 기술하시오"
1441,2,지원 분야와 관련하여 특정 영역의 전문성을 키우기 위해 꾸준히 노력한 경험에 대해 서술해 주십시오. (전문성의 구체적 영역(예. 통계분석)/ 전문성을 높이기 위한 학습 과정/ 전문성 획득을 위해 투입한 시간 및 방법/ 습득한 지식 및 기술을 실전적으로 적용해 본 사례/ 전문성을 객관적으로 확인한 경험/ 전문성 향상을 위해 교류하고 있는 네트워크/ 경험의 진실성을 증명할 수 있는 근거가 잘 드러나도록 기술) (700~1000자 10단락 이내)
1442,2,"지원직무와 관련하여, 본인의 주요성과 및 과정에 대하여 기술하여 주시기 바랍니다. [ 50자 이상 3000자 이내 ]"
1443,2,지원 직군과 관련한 성공경험 또는 입사 후 직무 관련 성과창출을 위해 본인이 지금까지 개발한 역량 및 노력에 대해 기술해 주시기 바랍니다.(1000자)
1444,2,대학생활과 졸업이후의 다양한 활동 중 여러분이 지원한 직무와 관련하여 자신의 역량을 보여줄 수 있었던 실제 사례 중심의 구체적인 경험을 작성해 주세요. ① 경험 및 역량을 바탕으로 본인을 어필할 수 있는 나만의 차별화 포인트 ② 경험을 통하여 배운점과 발현된 역량 등을 포함하여 구체적으로 작성해 주세요.
1445,2,지원 직무 관련 자신이 갖춘 역량에 대하여 구체적으로 기술하여 주십시오.(700자)
1446,2,직무에 지원하는 동기 및 직무역량을 위한 노력 또는 경험
1447,2,"지원 직무와 관련된 ① 학습경험(학교 수업, 자격증, 외부 교육 등), ② 활동경험(동아리, 블로그 운영, 취미 등)에 대해 각각 서술해 주세요."
1448,2,지원한 직무에서 하고자하는 업무와 이를 위해 준비된 본인의 역량을 기술하세요.(500자 이내)
1449,2,(기술능력) 과거의 교육과정이나 경력들을 통해 습득한 전공 지식·기술 및 경험들이 KOGAS 지원 분야 내의 업무들과 어떠한 관련성을 맺고 있다고 생각합니까?또 그러한 지식과 경험이 실제 업무 수행에 어떠한 방식으로 도움을 줄 수 있는지 구체적으로 기술하여 주십시오.
1450,2,본인에 대해 면접관이 꼭 알아주었으면 하는 점을 적어주세요.
1451,2,"지원직무와 관련된 경험 또는 경력사항, 성과 등을 상세히 기술해 주세요. (600자 내외)"
1452,2,"본인의 지원직무를 위해 필요한 역량은 무엇이며, 이 역량을 갖추기 위한 노력이나 자신만의 특별한 경험을 기술하여 주십시오."
1453,2,회계직무를 수행하는데 필요한 역량은 무엇이라고 생각합니까? 그 역량을 발휘한 본인의 사례를 구체적으로 작성해주시기 바랍니다.
1454,2,"[직무역량] 본인이 지원한 분야(금융영업 또는 디지털)에서 필요한 역량(2개이상)들은 무엇이고, 그 중 본인이 가지고 있는 경쟁력은 무엇인지 설명해 주십시오."
1455,2,본인만의 경쟁력(경험 및 SKILL)
1456,2,"해당 경험, 경력이 부산교통공사 입사 후 업무수행에 어떠한 도움이 될 수 있는지 기술해 주십시오."
1457,2,"본인이 지원한 직무에 있어서 가장 중요한 역량은 무엇이라고 생각합니까? 그리고 해당 역량을 발휘한 사례(직무경험, 자격증, 전공지식)가 있다면 구체적으로 작성 바랍니다.글자수 959 / 300자 ~ 1000자"
1458,2,성격의 장단점과 채용 분야에 대한 전문성 등 이력을 기술하시오. (글자수 제한 없음)
1459,2,"지원분야에 있어 가장 중요한 실무역량은 무엇이라고 생각하는지 정의하고, 본인의 역량수준을 점수화하여 주십시오. (100점 만점 기준) 그리고 본인의 현재 역량을 키우기 위해 어떤 노력을 해 왔는지 기술하여 주십시오. [100자 이상 1000자 이내]"
1460,2,KAI인재상을 바탕으로 자신만의 경쟁력을 구체적 사례를 통해 기술해주시기 바랍니다.
1461,2,지원분야(직무)와 관련하여 특정 영역의 전문성을 키우기 위해 꾸준히 노력한 경험에 대해 기술바랍니다.
1462,2,"필수 지원직무 수행 시 예상되는 어려움(갈등)은 무엇이며, 이를 극복해 나갈 수 있는 본인의 강점과 가치관을 작성해주세요. ① 지원 직무 수행시 필요하다고 생각하는 역량, ② 지원 직무를 잘 수행하기 위한 그동안의 노력과 도전 등을 반드시 포함하여 구체적으로 작성해 주세요. (1,000자 이내)"
1463,2,"[자원관리능력] 중요한 일을 처리할 때, 어떠한 방식으로 계획을 세워서 일을 처리하는지에 대해 개인적 경험을 기반으로 구체적으로 서술해주십시오."
1464,2,"[조직이해능력] K-water에 입사지원한 동기 및 입사 후 실천하고자 하는 목표를 K-water 인재상(내실, 혁신, 신뢰) 중 자신과 가장 잘 부합하는 역량과 결부시켜 작성해주십시오."
1465,2,"본인이 지원한 직무에 가장 중요하다고 생각하는 역량과 이에 대한 자신만의 차별화된 강점(전문지식, 기술, 경험 등)은 무엇인지 기술해 주십시오. (최대 700자 입력가능)"
1466,2,최근 5년간 향후 업무(또는 학습 등)에 필요한 능력을 개발하기 위해 노력한 경험에 대하여 기술하여 주시기 바랍니다.
1467,2,관심분야 및 희망직무 중심으로 기술해주시기 바랍니다. (100자 ~ 500자)
1468,2,희망하는 직무를 기재하고 그 이유와 본인의 적합성을 지식/자신의 장기 비전/성격에 비추어 기술하시오.(1000)
1469,2,희망 직무를 수행하기 위해 준비한 것과 직무와 관련된 본인의 역량
1470,2,"지원자 본인이 현실과 타협하거나 편법을 사용하지 않고, 원칙대로 일을 처리하는 사람임을 가장 잘 나타내는 최근 5년 이내의 사례를 기술해 주시기 바랍니다"
1471,2,"지원분야의 전문지식, 경험"
1472,2,항공기 정비사가 갖추어야 할 역량/역할/의무/책임 등은 무엇인지 자유롭게 서술하여 주십시오
1473,2,"타인과 구별되는 본인만의 경쟁력은 무엇인지 제시하고, 그 경쟁력을 키우기 위해 어떠한 노력을 하였는지, 농협IT 직무에서 어떻게 활용할 것인지 기술하여 주십시오."
1474,2,보유기술 및 경험직무 (구체적으로 기술)
1475,2,건설업은 현장 근무가 필수입니다. 지원한 분야에서 본인의 장점과 이에 관련하여 현장에서 어떠한 역할을 수행할 수 있는지 기술해 주십시오.
1476,2,업무수행 능력/교육·경험
1477,2,"지원한 직무 수행에 필요한 핵심역량은 무엇이라고 생각하며, 그 이유에 대해 설명, 해당 역량을 갖추기 위해 어떤 노력을 하였는지 기술 (800자)"
1478,2,"[My Competence] 본인이 지원한 직무관련 지원동기와 역량에 대하여 Guide> 해당 직무의 지원동기를 포함하여, 직무관련 본인이 보유한 강점과 보완점을 사례를 통하여 구체적으로 기술해주시기 바랍니다 (1000자)"
1479,2,"지원하신 직무를 수행하기 위해 어떠한 역량이 필요하다고 생각하는지 기술해 주시고, 본인은 현재 어떤 역량을 가지고 계시는지 구체적으로 기술해 주세요"
1480,2,[역량준비] 지원분야 관련 본인이 수행한 프로젝트 및 연구 경험을 작성하세요
1481,2,지원 분야와 관련하여 특정 영역의 전문성을 키우기 위해 꾸준히 노력한 경험에 대해 서술해 주십시오. /전문성을 높이기 위한 학습 과정/ 전문성 획득을 위해 투입한 시간 및 방법/ 습득한 지식 및 기술을 실천적으로 적용해 본 사례/ 전문성을 객관적으로 확인한 경험/ 전문성 향상을 위해 교류하고 있는 네트워크/ 경험의 진실성을 증명할 수 있는 근거
1482,2,본인이 IT관련 진로를 구체화하기 위해 습득한 IT기술교육이나 관련 경험 등을 설명하여 주십시오
1483,2,"지원 분야 관련 직무 전문성 확보를 위해 본인이 했던 구체적인 노력을 기술하고, 습득한 지식과 기술을 실전적으로 활용해 본 경험이 있다면 함께 서술해 주십시오. (600자 이내로 기술)"
1484,2,"입사 후, 본인의 지식, 직무경험/활동을 업무에서 어떻게 활용할 것이며, 향후 중장기적으로 조직과 본인의 성장을 위해 어떤 노력을 할 것인지 기술해 주십시오."
1485,2,"입사지원서에 기술한 직무 관련 경력, 경험 중 가장 몰입했던 사례를 상세하게 기술해 주십시오."
1486,2,"본인이 지원한 직무 및 설명을 채용공고를 참조하여 첫 줄에 기입하고, 이에 대한 스스로의 경쟁력(경험,지식,Skill)과 입사 후 기여할 수 있는 점은 무엇인지 사례를 들어 설명하시오.(800자 이내)"
1487,2,직무수행과 관련하여 자신의 장점과 보완점 기술
1488,2,"본인의 Digital 역량 및 관심도에 대해 분량에 관계없이 자유롭게 기술하시오. * 공통 기술사항 : 컴퓨터, 소프트웨어, 통계, 머신러닝, UI/UX 등 Digital관련 이수한 수업 (학내외 모두 가능) 세부분야별 기술사항 : 본인이 지원한 세부분야별 요구되는 내용을 최대한 포함하여 기술"
1489,2,차별화되는 본인만의 핵심역량은 무엇인지 서술하여 주시기 바랍니다.
1490,2,"본인이 수행한 봉사활동, 동아리, 경진대회, 학습경험, 과제 수행 활동 등 경험/경력 중 공단의 채용직무와 가장 밀접한 경험 활동 내용 한가지에 대해 기술하시오."
1491,2,본인이 지원서에 입력한 학교 교육 및 기타교육 항목 중 공단의 채용직무와 가장 밀접한 교육 내용 한가지에 대해 기술하시오.
1492,2,해당 직무에 지원하게 된 동기와 해당 직무를 수행하기 위한 본인의 차별화된 강점을 기술해 주십시오.* [100자 이상 1000자 이내]
1493,2,지원한 직무에서 (업무를 성공적으로 수행하기 위한) 가장 중요한 역량은 무엇이라 생각하는가? * [100자 이상 1000자 이내]
1494,2,"자기계발 노력(활동경력, 수상경력 등)"
1495,2,"지원분야에 있어 가장 중요한 실무역량은 무엇이라고 생각하는지 정의하고, 본인의 역량수준을 점수화하여 주십시요.(100점 만점) 그리고 본인의 현재 역량을 키우기 위해 어떤 노력을 해 왔는지 기술하여 주십시오."
1496,2,"본인의 강점과 약점을 언급하시고, 그 강점이 아픙로 귀사와 본인의 발전에 어떻게 기여 할 수 있는지를 서술해주십시오."
1497,2,"오리온에 입사하기 위해서 준비한 지식이나 스킬, 또는 경험을 기술해 주시기 바랍니다. 구체적으로 어느 분야에서 어떤 전문가로 활동하고 싶은지 설명해 주시기 바랍니다. [ 500자 이상 1000자 이내]"
1498,2,서울시설공단 인재상 중에서 본인과 부합된다고 생각하는 인재상을 하나 선택하여 본인의 보유 역량과 결부하여 기술하여 주시기 바랍니다. (400자)
1499,2,"지원하신 직무에 부합하는 인재가 되기 위해 어떤 준비가 되어 있으며, 해당 능력을 개발하기 위해 어떤 노력을 하였는지 상세히 기술해 주십시오."
1500,2,지원분야와 관련하여 본인이 준비한 사항
1501,2,지원분야와 관련하여 본인의 자기개발 계획
1502,2,"입사지원서의 '경험 혹은 경력사항'에 기입한 것 중 하나를 선택한 후 아래의 질문에 답해 주시기 바랍니다. - 직무활동, 동아리/동호회, 팀 프로젝트, 연구회, 재능기부 등의 주요 직무경험을 서술하여 주십시오. * 가. 본인이 지원한 직무와 관련하여, 경험(경력)한 활동은 어떤 내용인지 기술해 주십시오. (200자 이내)"
1503,2,"한전KPS에 지원한 동기(관심을 가지게 된 계기, 시기 등)와 본인이 가지고 있는 직무관련 역량 또는 경험을 상세하게 기술해 주시기 바랍니다."
1504,2,지원분야 직무 수행을 위한 본인의 경험과 노력을 서술하여 주십시오. (500자 이내)
1505,2,지원한 지역의 금융전문가로 성장함에 있어 본인이 가진 강점을 최근의 경험을 바탕으로 기술하시오. 500자
1506,2,지원 직무에서 다른 지원자들과 차별화 되는 강점의 각 키워드를 해시태그 형태로 표현한 후 ①지식 ②경험 ③성격 각 강점을 서술하세요.(800자)
1507,2,"본인이 가지고 있는 IT역량을 기술하고, 해당 역량을 갖추기 위해 구체적으로 기울인 경험 및 노력을 작성 바랍니다."
1508,2,"금전적 보수를 받고 일정기간 동안 일했던 이력이나 직업 외적인 활동으로 산학 활동, 팀 프로젝트 활동, 연구회 활동, 동아리·동호회 활동, 온라인 커뮤니티 활동, 재능기부 활동 등이 포함될 수 있습니다. 본인이 지원한 분야의 직무와 관련하여, 경험에 대한 본인의 담당직무, 역할 및 구체적 행동, 주요 성과에 대해 작성하세요."
1509,2,"우리 공사 인재상에 맞는 직원이 되기 위해 당신은 어떤 면에서 준비가 되어 있으며, 최근 3년 이내에 해당 능력을 개발하기 위해 어떠한 노력을 하였는지 구체적인 사례로 기술해 주시기 바랍니다."
1510,2,본인이 선택한 직무에 대해 아래 내용을 포함하여 기술하시오. 1) 직무를 선택하게 된 이유 2) 직무를 수행함에 있어 예상되는 어려움 3) 이를 극복해 나갈 수 있는 본인만의 강점 (관련경험 기반)
1511,2,지원 분야와 관련하여 특정 영역의 전문성을 키우기 위해 꾸준히 노력한 경험에 대해 서술해 주십시오
1512,2,"지원 직무에 대해 본인이 이해한 내용을 서술하고, 본인이 해당 직무에 적합한 사유를 전공능력 측면에서 구체적으로 서술하시오. (1000자 이내)"
1513,2,"희망 직무에 대해 본인이 이해한 내용을 서술하고, 본인이 해당 직무에 적합한 사유(전공능력, 경력 등)를 구체적으로 기술하시오 [100자 이상 600자 이내"
1514,2,"귀하가 지원한 직무는 무엇이며, 해당 직무에 관심을 갖게 된 계기와 이를 잘 수행할 수 있다고 생각하는 이유를 본인의 역량, 준비과정 및 관련 경험을 근거로 서술해 주십시오"
1515,2,오비맥주가 본인을 선발해야 하는 이유에 대해 강점을 기반으로 기술해 주십시오.
1516,2,"본인이 지원한 직무와 관련한 경험(금전적 보수 없음) 혹은 경력(금전적 보수 있음)에 대해 기술해 주시기 바랍니다. 다양한 활동(학교, 회사, 동아리, 동호회 등)을 통해 지원한 직무와 관련하여 쌓은 경험 또는 경력사항에 대해 작성해 주십시오. (1000자 이내)"
1517,2,"본인이 한국수력원자력의 인재상에 맞는 인재가 되기 위해 어떤 면에서 준비가 되어 있으며, 해당 능력을 개발하기 위해 어떠한 노력을 하였는지 구체적인 사례를 아래 세부 항목에 따라 작성해 주십시오. (800자 이내)"
1518,2,"[Part2] 나는 이런 경험과 역량을 가지고 있습니다. 지원한 직무와 관련하여 어떤 준비를 했는지 구체적으로 기술하여 주시고, 입사 후 직무수행에서 예상되는 본인의 강점과 약점을 기술해주십시오."
1519,2,"지원한 직무 수행 시 필요한 역량은 무엇이라고 생각하며, 해당 직무를 잘 수행할 수 있는 이유에 대해 본인만의 차별화된 강점 및 준비과정, 경험(학업, 학업 외 활동 등)을 포함하여 구체적으로 작성해 주세요. (1,000자 이내)"
1520,2,[역량기술서]경력 기술 하세요 (주요 업무 및 프로젝트 위주) _ 해당자에 한함
1521,2,전공선택 이유와 관심분야-700자 이내
1522,2,"지원분야/직무를 위해 노력한 내용(전공, 직무경험 등)과, 이를 통해 본인이 어떠한 역량을 길렀는지를 중심으로 기술해주시기 바랍니다."
1523,2,기타 자신이 활동하고 싶은 관심 분야 및 PROJECT 경험 등에 대해 서술하시오.
1524,2,지원 직무에 요구되는 역량은 무엇이라고 생각하며 해당역량을 갖추기 위한 본인의 노력 또는 특별한 경험을 기술하세요.
1525,2,"지원한 직무를 수행하기 위해 필요한 핵심역량은 무엇이라고 생각하며, 그 이유에 대해 설명해 주십시오. 또한 해당 역량을 갖추기 위해 본인이 어떤 노력을 하였는지 기술해 주십시오"
1526,2,"경험/경력기술서 - 경험/경력기술서는 경험/경력사항에 기재한 내용을 바탕으로 기술해 주시기 바랍니다. 입사지원서에 기술한 경험사항 또는 경력사항에 대해 상세히 기술해 주시기 바랍니다. - 직무관련 '경험'사항 기술은 본인이 수행한 활동내용, 소속 조직이나 활동에서의 역할, 활동결과에 대해 구체적으로 작성해 주시기 바랍니다. - 직무관련 '경력'사항 기술은 직무영역, 활동/경험/수행 내용, 본인의 역할 및 활동, 주요성과에 대해 구체적으로 작성해 주시기 바랍니다. [2000자 이내]"
1527,2,"본인이 지원한 직무관련 지원동기와 역량에 대하여. 해당 직무의 지원동기를 포함하여, 직무관련 본인이 보유한 강점과 보완점을 사례를 통하여 구체적으로 기술해주시기 바랍니다."
1528,2,본인이 지원하는 직무에 있어 그 일을 잘할 수 있는 차별화된 역량 및 그와 관련된 경험을 3가지 이내로 기술해 주십시오.(800자)
1529,2,타인과 차별화 할 수 있는 경쟁력을 자신의 경험을 바탕으로 기술하시오.
1530,2,한국전력기술 인턴을 통하여 본인의 어떠한 역량을 개발하고 싶으십니까? (최소200자 / 최대500자)
1531,2,"본인의 강점과 약점은 무엇이며, 그 강점이 앞으로 당사와 본인의 발전에 어떻게 기여 할 수 있는지 기술하여 주십시오. [ 200자 이상 600자 이내]"
1532,2,"지원한 직무를 잘 수행할 수 있도록 준비한 '나의 역량'은 무엇이며, 그 역량을 갖추기 위하여 어떠한 노력을 해왔는지 구체적으로 작성해주시기 바랍니다."
1533,2,주제2.본인의 역량 기술(적성 및 전문지식에 대한 본인 평가)
1534,2,입사 지원동기 및 다른 사람과 차별화된 본인의 역량을 우리 공단의 인재상*과 결부시켜 작성해 주십시오
1535,2,"항공사 직원이 갖추어야 할 글로벌 역량을 한가지 제시하고, 본인이 이를 위해 어떻게 노력해 왔는지 기술하여 주십시오(600자 이내)"
1536,2,입사 지원하신 직무(1지망)를 수행하는데 있어 자신이 적합하다고 생각하는 이유를 지금까지 쌓아온 경험과 능력 위주로 소개해 주십시오. [ 1자 이상 500자 이내 ]
1537,2,"지원하신 직무 관련 연구개발 수행(또는 실무경력/경험)을 통해 얻었던 성과(가시적 또는 내재적)가 있다면, 그 과정과 성과의 우수성을 사실대로 기술해주세요. (최대 500자 입력가능)"
1538,2,지원하신 직무에 있어 본인이 생각하는 고객의 정의와 해당 고객의 만족을 위해 본인이 습득한 기술이나 지식을 어떻게 활용할 수 있을지 생각을 기술해주세요. (500자 이내) (최대 500자 입력가능)
1539,2,"본인이 공사 직무를 수행함에 있어 갖추어야 할 지식 및 기술, 태도 등을 습득하기 위해 노력했던 구체적인 경험을 기술하시오."
1540,2,"우리 공단이 나아가야 할 발전방향과, 본인의 직무능력이 이에 어떤 기여를 할 수 있는지 기술하시오. (500자 이내)"
1541,2,지원한 직무를 잘 수행하기 위해 중요한 세가지를 꼽아보고 이와 관련하여 본인의 장점과 단점을 기술해 주세요.
1542,2,"대학생활과 졸업이후를 포함하여 여러분이 지원한 직무와 관련된 노력과 경험을 실제사례를 중심으로 구체적으로 작성해 주세요. (1,000~1,500자 이내)"
1543,2,꾸준한 자기개발을 하는 사람입니다.
1544,2,본 직무에 지원하고자 하는 이유를 귀하의 경험(경력)과 연결하여 상세히 기술 하십시오.
1545,2,"지원한 해당 직무 수행을 위해 본인이 가지고 있는 역량(지식, 스킬, 태도)의 강점은 무엇이며, 해당 역량을 갖추기 위해 어떤 준비와 경험을 하였는지 기술해 주십시오."
1546,2,"지원분야/직무에 대한 지원 동기와, 해당 분야/직무를 위해 어떤 준비를 해왔는지 소개해주세요. Guide> 지원분야/직무를 위해 노력한 내용(전공, 직무경험 등)과, 이를 통해 본인이 어떠한 역량을 길렀는지를 중심으로 기술해주시기 바랍니다."
1547,2,"지원한 직무를 수행하기 위해 필요한 핵심 역량을 무엇이라고 생각하며, 해당역량을 갖추기 위해 어떤 노력을 하였는지 기술하세요"
1548,2,"관심 직무(운송,HR,영업 등)를 서두에 명시하고, 이와 관련하여 귀하가 보유한 경험, 역량, 재능, 지식 등을 구체적으로 기술해 주십시오. [100자 이상 600자 이내]"
1549,2,경력기술서 혹은 기타 참고사항
1550,2,"경력 및 경험기술서 ㆍ입사지원서에 기술한 직무관련 경력 및 기타활동에 대해 상세히 기술해 주시기 바랍니다. ㆍ경력을 기술할 경우 구체적으로 직무영역, 활동/경험/수행 내용, 본인의 역할 및 구체적 행동, 주요 성과에 대해 작성해주시고, 경험을 기술할 경우 구체적으로 본인의 학습경험 혹은 과제 수행한 활동 내용, 소속 조직이나 활동에서의 역할, 활동 결과에 대해 작성해주시기 바랍니다. (1,000자 이내)"
1551,2,귀하가 지원한 직무를 수행함에 있어서 필요한 능력 세 가지와 선정한 사유를 기술하고 그 능력을 갖추기 위해 본인이 노력했던 점 및 그 성과에 대하여 기술하여 주십시오. (400자 이내)
1552,2,공사 직무 중 관심분야 및 해당직무 전문가로 성장하기 위한 자기계발 계획을 작성하여 주십시오.
1553,2,지원한 분야에서 자신이 다른 지원자와 차별화되는 귀하만의 노하우나 능력은 무엇입니까?
1554,2,"지원한 분야에 적합한 본인의 역량 또는 자질에 대해 기술하고, 입사 후 이를 어떻게 활용하고 싶은지 기술하여 주십시오."
1555,2,지원한 직군에서 구체적으로 하고 싶은 일과 본인이 그 일을 남들보다 잘할 수 있는 차별화된 능력과 경험을 기술하시오 *
1556,2,"지원한 직무를 잘 수행할 수 있도록 준비한 ‘나의 역량’은 무엇이며, 그 역량을 갖추기 위하여 어떠한 노력을 해왔는지 구체적으로 작성해 주시기 바랍니다. *"
1557,2,본인이 지원한 직무를 잘 수행할 수 있다고 생각하는 이유를 설명하세요.
1558,2,"오리온에 입사하여 어떤 분야의 전문가로 활동하고 싶은지와 이를 위해 준비한 지식이나 스킬, 또는 경험을 기술해 주시기 바랍니다. [500자 이상 800자 이내]"
1559,2,지원 직무를 수행함에 있어 도움이 될 것이라 생각하는 경험과 본인이 해당 직무에 적합하다고 생각하는 이유에 대해 기술해주세요.(최소 500 글자)
1560,2,지원 직무의 전문성을 향상시키기 위하여 노력한 경험을 기술하여 주십시오
1561,2,지원한 직무에 필요한 핵심역량 혹은 전문지식 시3가지를 선정하여 그 이유를 기술하고 이와 관련한 본인의 강점에 대해 작성해주세요. ①지원한 직무에 본인이 적합한 이유 ②지원한 직무를 잘 수행하기 위한 그 동안의 노력과 도전 등을 포함하여 구체적으로 작성해 주세요.
1562,2,"경험기술서 ·입사지원서에 기술한 직무관련 기타 활동에 대해 상세히 기술해 주시기 바랍니다. ·구체적으로 본인이 수행한 활동 내용, 소속 조직이나 활동에서의 역할, 활동 결과에 대해 작성해주시기 바랍니다."
1563,2,"진흥원 직무를 수행함에 있어 본인이 보유하고 있는 필요한 핵심 지식(knowledge)이 무엇인지 기술하고, 해당 지식을 보유하게 된 경력 또는 경험을 기술하세요."
1564,2,"진흥원 직무를 수행함에 있어 본인이 보유하고 있는 필요한 핵심 기술(Skill)이 무엇인지 기술하고, 해당 기술을 보유하게 된 경력 또는 경험을 기술하세요."
1565,2,"본인의 역량과 본원의 핵심가치[첨단,혁신,창의성,국제화,효율화]가 부합되는 항목을 기술(경험 및 사례를 중심으로 기술)"
1566,2,지원 분야와 관련하여 특정 영역의 전문성을 키우기 위해 꾸준히 노력한 경험에 대해 서술해 주십시오. / 전문성을 높이기 위한 학습 과정/ 전문성 획득 을 위해 투입한 시간 및 방법/ 습득한 지식 및 기술을 실전적으로 적용해 본 사례/ 전문성을 객관적으로 확인한 경험/ 전문성 향상을 위해 교류하고 있는 네트워크/ 경험의 진실성을 증명할 수 있는 근거가 잘 드러나도록 기술) (700~1000 자 10 단락 이내)*
1567,2,귀하의 과거 경험을 통해 얻게 된 본인만의 ‘Unique’ 한 점을 점을 지원 직무(BSSE)와 연결하여 상세히 기술하여 주시기 바랍니다.
1568,2,"지원 직무의 핵심 역할은 무엇이고, 본인에게 가장 어려울 것으로 생각되는 부분은 무엇인가요?"
1569,2,"인재상에 비춰볼 때, 본인은 어떤 유형의 인재라고 생각하는지 구체적 사례를 들어 기술해주십시오.(1300byte)"
1570,2,해당 직무를 선택한 이유와 그 직무를 수행함에 있어 본인의 경쟁력은 무엇인지 기술해 주십시오.(1300byte)
1571,2,"지원한 직무수행에 필요한 역량은 무엇이며, 이를 갖추기 위해 본인이 무엇을 어떻게 노력해왔는지(지식, 경험, 기술 등)기술하시오."
1572,2,"기술보증기금에 적합한 인재는 이공계, 상경계, 법학적 직무능력을 갖춘 융합형 인재입니다. 자신이 어떤 면에서 기금에 적합한 인재인지 직무관련 교육사항, 경력사항, 경험사항 등을 근거로 기술해 주시기 바랍니다."
1573,2,"조직 내에서 일을 추진해 나가기 위해 필요한 리더쉽과 책임감에 대해 본인의 관련 경험을 들어 기술하고, 입사 후 계획에 대해서도 기술해 주시기 바랍니다."
1574,2,"[자원관리능력] 중요한 일을 처리할 때, 어떠한 방식으로 계획을 세워서 일을 처리하는지에 대해 개인적 경험을 기반으로 구체적으로 서술해주십시오"
1575,2,"입사지원한 선발분야(단위) 관련 교육, 경력, 경험사항에 대해 상세히 기술해주시기 바랍니다"
1576,2,자발적으로 최고 수준의 목표를 세우고 끈질기게 성취한 경험에 대해 서술해 주십시오. / 목표 달성을 위한 구체적 노력/ 실제 결과/ 경험의 진실성을 증명할 수 있는 근거가 잘 드러나도록 기술) (700~1000 자 10 단락 이내) [유의사항] 다른 사람과 함께 팀으로 수행한 일은 본인의 구체적 행동이 최대한 드러나도록 작성하십시오. *해당 채용사이트의 자기소개서 줄바꿈(엔터)을 할 경우 2글자로 계산되어 자소설닷컴의 글자수와 차이가 있을 수 있습니다. 이를 참고하여 자기소개서를 작성해주시길 바랍니다.
1577,2,"PR/광고 직무는 ① PR, ② IMC 기획 총 두 개의 직무로 이루어져 있습니다. 본인의 역량에 가장 적합한 직무를 선택하고, 해당 직무에 있어서 왜 본인이 적임자인지 직무와 관련된 경험과 역량 향상을 위한 본인의 노력에 대해 서술 해 주십시오. - 먼저, 세부 직무를 선택 하십시오 (예 : ① PR)"
1578,2,해당 직무의 전문성 획득을 위해 어떠한 경험 및 노력을 했는지 구체적으로 작성 - 경험 및 노력의 결과와 그 과정에서 느낀 점에 대해 구체적으로 작성 - 프로젝트/공모전/대회/논문/연구/학습 및 기타 활동에 참여 경험 등 작성 가능 (1000 자 10 단락 이내)
1579,2,"LH 한국토지주택공사의 주요 사업을 기술하고, 그 사업과 관련하여 본인이 어떤 부분에 기여하고 싶은지, 본인의 주요 직무 역량 및 강점을 기반으로 기술해 주십시오."
1580,2,"지원 분야와 관련된 업무경력 및 실적 등 경력사항이나 다른 경험 및 활동에 대해 상세히 기술해 주시기 바랍니다. 경력사항의 경우, 채용 분야의 직무와 관련된 기업이나 조직에서 실제적으로 수행한 업무경험에 대해서 작성해 주십시오. 경험 및 활동의 경우, 산학, 팀 프로젝트, 연구회, 동아리/동호회, 온라인 커뮤니티, 재능기부 등 다양한 조직에서의 활동을 통해 지원 분야와 관련한 경험을 쌓은 내용을 작성해 주십시오. - 본인이 지원한 직무와 관련하여 경험한 업무 또는 활동은 어떤 내용인지 기술해 주십시오."
1581,2,해당 기업이나 조직이나 활동에서 본인이 맡았던 역할에 대해 기술해 주십시오.
1582,2,해당 활동 경험이 LH 한국토지주택공사 입사 후 업무 수행에 어떠한 도움을 줄 수 있는지 기술해 주십시오.
1583,2,"기재한 사항 외, 지원자님을 채용하기 위해 꼭 알아야 할 사항이 있다면 적어주세요. (최소 1자, 최대 300자 입력가능)"
1584,2,"경력사항 경험 및 경력기술서 직무 연관성이 높거나, 지원직무에서 본인을 어필할 수 있는 내용만을 기재하시기 바랍니다. (최대 1,000자 입력가능)"
1585,2,"지원한 직무를 하기 위한 구체적인 준비과정을 적어주세요. (최소 1자, 최대 300자 입력가능)"
1586,2,"지원자가 가진 다른 사람과의 차별점은 무엇입니까? (최소 1자, 최대 300자 입력가능)"
1587,2,"한국전력공사의 4가지 인재상 중 본인과 가장 부합된다고 생각하는 인재상을 두가지 선택하여 그렇게 생각하는 이유를 본인의 교육, 경험, 경력사항 등 구체적인 사례를 들어 기술하여 주십시오."
1588,2,"지원 분야와 관련된 업무경력 및 실적 등 경력사항이나 다른 경험 및 활동에 대해 상세히 기술해 주시기 바랍니다. 경력사항의 경우, 채용 분야의 직무와 관련된 기업이나 조직에서 실제적으로 수행한 업무경험에 대해서 작성해 주십시오. 경험 및 활동의 경우, 산학, 팀 프로젝트, 연구회, 동아리/동호회, 온라인 커뮤니티, 재능기부 등 다양한 조직에서의 활동을 통해 지원 분야와 관련한 경험을 쌓은 내용을 작성해 주십시오."
1589,2,"입사지원서만으로 표현하기 힘든, 직무와 관련된 본인의 역량을 설명해주십시오. (최대 500자 입력가능)"
1590,2,"본인의 장/단점과 입사 후 장점은 어떻게 활용되고, 단점은 어떻게 보완할 수 있겠는지를 기술하세요."
1591,2,지원분야의 역량을 키우기 위해 노력했던 경험
1592,2,"희망 직무 준비 과정과 희망직무에 대한 약, 강점을 서술하세요"
1593,2,"본인이 지원한 직무를 수행하기 위해 갖춰야 할 역량은 어떤 것이 있으며, 본인이 그 역량을 얼마나 갖추고 있는지 서술하여 주십시오. (300자 이내)"
1594,2,지원분야와 관련하여 현재 귀하의 능력 중 보완할 부분과 해당능력을 향상시킬 수 있는 방안에 대하여 구체적으로 기술하여 주십시오.
1595,2,본인의 전공능력이 지원한 직무에 적합한 사유를 구체적 사례를 들어 기술해 주시기 바랍니다.1000자 (영문작성 시 2000자) 이내
1596,2,"다른 사람과 협업하는 데 있어 중요한 역량이 무엇인지 제시하고, 해당 역량을 키우기 위해 노력했던 본인의 경험을 설명하여 주십시오.(600자 이내)"
1597,2,"지원 분야를 위해 '노력한 내용(전공, 직무경험 등)'과 이를 통해 '확보된 역량'을 구체적으로 기술해주십시오."
1598,2,(기술능력) 과거의 교육과정이나 경력들을 통해 습득한 전공 지식 및 기술 경험들이 KOGAS 지원 분야 내의 업무들과 어떠한 관련성을 맺고 있다고 생각합니까? 또 그러한 지식과 경험이 실제 업무 수행에 어떠한 방식으로 도움을 줄 수 있는지 구체적으로 기술하여 주십시 오.
1599,2,"My Copetence 본인이 지원한 직무관련 지원동기와 역량에 대하여 해당 직무의 지원동기를 포함하여, 직무관련 본인이 보유한 강점과 보완점을 사례를 통하여 구체적으로 기술해주시기 바랍니다."
1600,2,"경험 기술서 - 입사지원서에 기술한 교육, 경력, 경험사항에 대해 상세히 기술해주시기 바랍니다."
1601,2,지원 직무 관련 자신이 갖춘 역량에 대하여 구체적으로 기술하여 주십시오. (700)
1602,2,"협회에 기여할 수 있는 본인의 강점(경력, 학교 활동 등)을 사례 중심으로 기술하시오"
1603,2,본인이 가장 관심있게 수강했던 전공과목과 그 이유를 설명하시오
1604,2,타인과 차별화 할 수 있는 경쟁력을 자신의 경험을 바탕으로 기술하시오. (600자)
1605,2,본인이 이수한 교육 중 공단의 직무와 가장 밀접한 교육내용 한 가지에 대해 기술하시오.(500자 이내)
1606,2,"기업근무, 청년인턴 또는 봉사활동 등 공단의 직무와 가장 밀접한 경력·경험내용을 한 가지에 대해 기술하시오.(500자 이내)"
1607,2,"지원한직무수행시필요한역량은무엇이라고생각하며, 해당직무를잘수행할수있는이유에대해본인만의차별화된강점및준비과정, 경험(학업, 학업외활동등)을포함하여구체적으로작성해주세요. (1,000자이내)"
1608,2,업무 수행 기본 능력/스킬
1609,2,지원 분야와 관련하여 특정 영역의 전문성을 키우기 위해 꾸준히 녹력한 경험에 대해 서술해 주십시오.
1610,2,본원의 핵심가치와 지원자 본인이 가장 부합한다고 생각되는 항목을 선택하여 경험이나 사례를 서술하시기 바랍니다.
1611,2,"공사 업무를 수행함에 있어 가장 필요하다고 생각하는 핵심역량이 무엇이며, 그렇게 생각하는 이유를 기술하시오. (500)"
1612,2,"본인이 공사 직무를 수행함에 있어 갖추어야 할 지식 및 기술, 태도 등을 습득하기 위해 노력했던 구체적인 경험을 기술하시오. (500)"
1613,2,지원한 지역의 금융전문가로 성장함에 있어 본인이 가진 강점을 최근의 경험을 바탕으로 기술하시오.
1614,2,"지원 직무와 관련된 (1)학습 경험(학교 수업, 자격증, 외부 교육 등), (2)활동 경험(동아리, 블로그 운영, 취미 등)에 대해 각각 서술해 주세요 전공이 지원 직무와 직접적 관련이 없어도 어떻게 연관되어 활용될 수 있는지 서술해 주셔도 무방합니다."
1615,2,지원분야에 본인이 적합하다고 판단하는 근거를 기술해 주십시오. (1000)
1616,2,지원한 직무와 관련된 경력 또는 경험 내용 및 본인이 수행한 역할에 대해 구체적으로 기술해 주십시오. 이를 통해 본인이 배우거나 얻은 점에 대해서도 상세히 기술해 주십시오.
1617,2,지원자 본인이 보유한 지식 또는 기술이나 남다른 아이디어로 성과를 창출하거나 문제를 해결한 경험 중에서 최근 5년 이내의 사례 하나를 아래 세부 항목에 따라 작성해 주십시오.
1618,2,지원자 본인이 일을 수행함에 있어 긍정적인 자세로 끊임없이 도전하고 주어진 책임을 다하기 위해 끝까지 노력하는 사람임을 가장 잘 보여주는 최근 5년 이내의 사례 하나를 아래 세부 항목에 따라 작성해 주십시오.
1619,2,"지원 직무 관련 자신이 갖춘 역량에 대하여 구체적으로 기술하여 주십시오. 597/700 (글자 수, 공백 포함)"
1620,2,지원 직무에 대한 타인과 차별화 될 수 있는 본인만의 강점
1621,2,지원 직무 관련 자신이 갖춘 역량에 대하여 구체적으로 기술하여 주십시오. 500~700자
1622,2,직무경험 : 희망직무 준비과정과 희망직무에 대한 본인의 강점과 약점을 기술해주세요.(실패 또는 성공사례 중심으로 기술해 주세요
1623,2,"본인이 지원한 직무를 수행함에 있어 필요한 핵심역량은 무엇이라고 생각하며, 이를 위해 그 동안의 노력과 앞으로의 계획에 대해 기술하시오"
1624,2,"지원한 직무와 관련하여 어떤 준비를 했는지 구체적으로 기술하여 주시고, 입사 후 직무수행에서 예상되는 본인의 강점과 약점을 기술해주십시오. (전공 / 자격증 / 관련교육 / 스터디 / 직무경험 등"
1625,2,본인이 기여하고 싶은 분야는 무엇인가?
1626,2,응시분야와 관련된 직무경험 또는 응시분야와 관련이 없더라도 일을 한 경험을 구체적으로 기술해 주세요.
1627,2,직무경험: 희망직무 준비과정과 희망직무에 대한 본인의 강점과 약점을 기술해주세요
1628,2,전문성의 구체적 영역(예. 통계분석)/ 전문성을 높이기 위한 학습 과정/ 전문성 획득을 위해 투입한 시간 및 방법/ 습득한 지식 및 기술을 실전적으로 적용해 본 사례/ 전문성을 객관적으로 확인한 경험/ 전문성 향상을 위해 교류하고 있는 네트워크/ 경험의 진실성을 증명할 수 있는 근거가 잘 드러나도록 기술 (1000 자 10 단락 이내)
1629,2,과거의 교육과정이나 경력들을 통해 습득한 전공 지식 및 기술 경험들이 KOGAS 지원 분야 내의 업무들과 어떠한 관련성을 맺고 있다고 생각합니까? 또 그러한 지식과 경험이 실제 업무 수행에 어떠한 방식으로 도움을 줄 수 있는지 구체적으로 기술하여 주십시오. (1000바이트)
1630,2,"한국전력공사의 4가지 인재상 중 본인과 가장 부합된다고 생각하는 인재상을 두 가지 선택하여 그렇게 생각하는 이유를 본인의 교육, 경험, 경력사항 등 구체적인 사례를 들어 기술하여 주십시오. (800자)"
1631,2,KAI인재상 중 하나를 선택하여 타인과 구별되는 자신만의 경쟁력을 구체적 사례를 바탕으로 기술바랍니다.
1632,2,자신의 전공을 직무에 활용할 수 있는 방안에 대해 구체적으로 기술바랍니다.
1633,2,지원 직무에 있어서 왜 본인이 적임자인지 직무와 관련된 경험과 역량 향상을 위한 본인의 노력에 대해 서술해 주십시오.
1634,2,[조직이해능력] 우리 공단은 보훈가족에게 의료복지서비스를 제공하는 기관입니다. 본인이 우리 공단에 입사한다면 사무직으로서 공단 발전에 어떻게 기여할 수 있는지 본인의 직무경험 및 역량과 결부시켜 기술하여 주시기 바랍니다.
1635,2,"본인이 지원한 직무에 필요한 역량을 갖추기 위해 기울인 노력은 무엇인지 구체적으로 기술해주시고, 그것이 앞으로 회사 생활 및 직무 수행에 어떻게 기여할 수 있는지 기술해주십시오."
1636,2,해당 직무에 지원한 이유와 직무와 관련하여 본인의 강점을 서술해 주십시오. (최대 700자 입력가능)
1637,2,본인이 지원한 직무에 대하여 그 직무를 잘 수행할 수 있다고 생각하는 이유를 설명하십시오.
1638,2,응시원서에 기재한 직무관련 자격사항이 연구원에 근무하게 된다면 어떠한 도움을 줄 수 있는지 기술해 주십시오.
1639,2,"희망직무는 무엇이며 희망직무를 성공적으로 수행하기 위해 가장 필요한 역량을 한가지 선정하고, 선정 이유와 필요역량을 향상시키기 위해 본인이 했던 노력에 대하여 기술하시오. ① 희망직무 (10자)"
1640,2,희망직무에 가장 필요한 역량 한 가지 (10자)
1641,2,필요역량을 향상시키기 위해 본인이 했던 노력 (500자)
1642,2,"직무활동, 동아리/동호회, 팀 프로젝트, 연구회, 재능기부 등 주요 직무능력을 서술하여 주십시오."
1643,2,전공역량과 도전정신
1644,2,"지원 직무 수행 시 예상되는 가장 큰 어려움(갈등)이 무엇이라고 생각하며, 이를 극복해 나갈 수 있는 필수역량(또는 가치관)은 무엇입니까? ①그렇게 생각한 이유, ②본인의 성공 또는 실패했던 경험과 연관 지어 구체적으로 작성해 주세요."
1645,2,입사지원서에 기술한 경험 및 경력사항에 대해 구체적으로 작성해 주십시오.* 경험 및 경력기술서는 지원하신 분야의 전문성을 기술하는 것입니다. 지원하신 분야의 경험 및 경력에 대해 작성해 주십시오. [ 500자 이상 1800자 이내 ]
1646,2,"경험(직무 관련 기타활동) 및 경력을 기술할 경우 본인의 역할, 활동/경험/수행 내용 및 주요 성과에 대해 구체적으로 작성해주십시오. [ 150자 이상 600자 이내 ]"
1647,2,관심분야 및 희망직무 중심으로 기술해주시기 바랍니다.
1648,2,"다른 사람과 협업하는 데 있어 중요한 역량이 무엇인지 제시하고, 해당 역량을 키우기 위해 노력했던 본인의 경험을 설명하여 주십시오.(600자 이내) 글자수 자"
1649,2,최근 5년간향후 업무(또는 학습 등)에 필요한 능력을 개발하기 위해 노력한 경험에 대하여 기술하여 주시기 바랍니다.
1650,2,"지원한 직무에 필요한 글로벌 역량은 무엇이라고 생각하며, 본인은 그러한 글로벌 역량을 발전시키기 위해 어떠한 노력을 기울였고, 어떠한 결과를 얻었는지 구체적으로 기술해주세요. (1,000자 이내)"
1651,2,관련분야와 관련하여 실무 경력 또는 경험이 있다면 수행내용을 기술해 주십시오.
1652,2,"[직무]지원 분야를 위해 '노력한 내용(전공, 직무경험 등)'과 이를 통해 '확보된 역량'을 구체적으로 기술해주십시오"
1653,2,"지원한 직무와 관련된 경험 및 역량 향상을 위한 본인의 노력에 대해 서술해 주십시오. - 방법과 노력(난이도, 시간 등)은 구체적으로 무엇이었나요? - 실제로 본인의 역량을 확인할 수 있었던 객관적인 사례나 근거가 있었나요?"
1654,2,"최근 5년간 향후 업무(또는 학습 등)에 필요한 능력을 개발하기 위해 노력한 경험에 대하여 기술하여 주시기 바랍니다. 5-1. 어떤 업무(학습)이었으며, 그러한 능력이 필요하다고 생각한 이유는 무엇인가요?"
1655,2,그러한 능력을 개발하기 위해 어떠한 활동을 수행하였나요?
1656,2,"희망 직무와 관련한 본인만의 역량을 기술하고, 그 역량이 모두투어 발전에 기여할 수 있는 부분을 기술해주세요."
1657,2,본인이 선택한 직무에 대해 아래 내용을 포함하여 기술하시오.
1658,2,"해당 직무를 지원하게 된 이유와 그 직무에 있어 가장 중요한 실무역량이 무엇이라고 생각하는 지 정의해보고 그에 따른 자신만의 역량(경험, 노력)을 구체적인 사례를 근거로 이야기 해 주세요. [ 700자 이상 1000자 이내 ]"
1659,2,"지원 분야를 위해 '노력한 내용(전공, 직무경험 등)'과 이를 통해 '확보된 역량'을 구체적으로 기술해주십시오. (100~1000자)"
1660,2,지원한 직무에 대하여 본인만의 경험 및 강점을 자세히 기술해 주세요.
1661,2,입사지원서에 기술한 직무관련 경력 및 경험 사항과 관련하여 대표적으로 본인이 수행한 활동(3개 이내)을기술해 주십시오
1662,2,귀하가 가진 직무관련 경험과 능력을 바탕으로 인천관광공사에 기여할 수 있는 바를 기술해 주십시오. (500자 이내)
1663,2,"본인의 강점에 대하여 기술하고, 부산환경공단에서 본인의 강점을 어떻게 기여할 수 있는지 기술해 주세요."
1664,2,(기술능력) 과거의 교육과정이나 경력들을 통해 습득한 전공 지식 및 기술 경험들이 KOGAS 지원 분야 내의 업무들과 어떠한 관련성을 맺고 있다고 생각합니까? 또 그러한 지식과 경험이 실제 업무 수행에 어떠한 방식으로 도움을 줄 수 있는지 구체적으로 기술하여 주십시오.
1665,2,"우리 원의 입사시 지원한 부문의 전문성을 향상시키기 위하여 기울인 노력은 무엇이며, 타인과 차별되는 본인만의 경험과 역량은 무엇인지 서술해 주십시오."
1666,2,지원 분야와 관련하여 특정 영역의 전문성을 키우기 위해 꾸준히 노력한 경험
1667,2,"희망직무는 무엇이고, 여러분의 경험과 지식 등이 해당 직무에 어떻게 활용될 수 있을지 구체적인 근거로 설명해주세요. 1000자"
1668,2,관심분야 및 희망직무 중심으로.
1669,2,"지원 분야 직무기술서 ‘직무수행 내용’ 중 본인이 가장 잘 수행할 수 있는 업무 1 가지를 선정하고, 그 이유와 해당분야의 전문가가 되기 위한 구체적인 자기계발 계획을 서술하여 주십시오.(600 자 이내) 386/600"
1670,2,"본인이 지원한 직무와 관련한 경험(금전적 보수 없음) 혹은 경력(금전적 보수 있음)에 대해 기술해 주시기 바랍니다. 다양한 활동(학교, 회사, 동아리, 동호회 등)을 통해 지원한 직무와 관련하여 쌓은 경험 또는 경력사항에 대해 작성해 주십시오. 1-1. 언제, 어디서 활동했던 경험인지 기술해 주십시오. (200자 이내)"
1671,2,"본인이 한국수력원자력의 인재상에 맞는 인재가 되기 위해 어떤 면에서 준비가 되어 있으며, 해당 능력을 개발하기 위해 어떠한 노력을 하였는지 구체적인 사례를 아래 세부 항목에 따라 작성해 주십시오. 4-1. 어떤 능력을 개발하였고, 이러한 능력개발을 위해 어떤 목표를 세웠는지 기술해 주십시오. (200자 이내)"
1672,2,"입사지원서에 기술한 경력 및 경험에 대해 상세히 기술해 주시기 바랍니다.경력을 기술할 경우 구체적으로 직무영역, 활동/경험/수행 내용, 본인의 역할 및 구체적 행동, 주요 성과에 대해 작성해주시고,경험(직무관련 기타 활동)을 기술할 경우 구체적으로 본인이 수행한 활동 내용, 소속 조직이나 활동에서의 역할, 활동 결과에 대해 작성해주시기 바랍니다."
1673,2,"해당 직무에 지원한 동기를 지원자의 남다른 재능이나 경험, 역량을 중심으로 기술해 주시기 바랍니다. (최소 1자, 최대 700자 입력가능)"
1674,2,교육기관에서 교직원의 역할을 기술하고 본인의 경험을 토대로 이를 구체적으로 기술하시오.
1675,2,반도체 공정 또는 장비 관련하여 본인이 보유한 지식 및 경험을 기술하여 주십시오.
1676,2,지원하는 직무와 관련한 본인의 강점에 대해 기술하여 주십시오.
1677,2,"지원자께서 남들 보다 뛰어난 점은 무엇이며, 직무에 어떻게 적용 할 수 있을 것인지를 구체적으로 기술하여 주시기 바랍니다. [ 500자 이상 1000자 이내 ]"
1678,2,"희망직무 준비과정과 희망직무에 대한 본인의 강, 약점"
1679,2,직무관련 경험기술서 (3000바이트 이내로 기입)
1680,2,"[경쟁력 및 역량] 본인이 은행원으로서 갖춘 경쟁력(역량)을 한 문장으로 정의하고, 그 이유와 관련된 사례에 대해 설명하여 주십시오"
1681,2,여러분이 해당 계열사 및 직무를 지원한 이유와 해당 직무를 잘 수행할 수 있다고 생각하는 본인만의 차별화된 강점에 대해 구체적으로 작성해 주세요.
1682,2,과거 경력별 주요역할 및 업무성과에 대해서 구체적으로 서술하시오.
1683,2,"지원 직무를 수행하기 위한 본인만의 강점, 노력 또는 경험에 대하여 서술하여 주십시오."
1684,2,본인의 장단점을 지원 직무와 연관 지어 기술하여 주십시오
1685,2,지원 분야와 관련하여 특정영역의 전문성을 키우기 위해 꾸준히 노력한 경험에 대해 서술해 주십시오. / 전문성을 높이기 위한 학습과정/ 전문성 획득을 위해 투입한 시간 및 방법/ 습득한 지식 및 기술을 실전적으로 적용해 본 사례/ 전문성을 객관적으로 확인한 경험/ 전문성 향상을 위해 교유하고 있는 네트워크/ 경험의 진실성을 증명할 수 있는 근거가 잘 드러나도록 기술)
1686,2,지원 분야와 관련하여 특정영역의 전문성을 키우기 위해 꾸준히 노력한 경험에 대해 서술해 주십시오.
1687,2,"희망직무는 무엇이며 희망직무를 성공적으로 수행하기 위해 가장 필요한 역량을 한가지 선정하고, 선정 이유와 필요역량을 향상시키기 위해 본인이 했던 노력에 대하여 기술하시오.① 희망직무 (10자) ② 희망직무에 가장 필요한 역량 한 가지 (10자) ③ 해당역량 선정 이유 (200자) ④ 필요역량을 향상시키기 위해 본인이 했던 노력 (500자)"
1688,2,항공정비사가 갖추어야 할 역량/역할/의무/책임 등은 무엇인지 자유롭게 서술하여 주십시오 (500자이내)
1689,2,직무와 관련된 본인의 역량
1690,2,"지원한 직무를 수행하기 위해 필요한 핵심역량은 무엇이라고 생각하며, 그 이유에 대해 설명해 주십시오."
1691,2,"경험, 경력 기술서"
1692,2,"*LH 한국토지주택공사의 주요 사업을 기술하고, 그 사업과 관련하여 본인이 어떤 부분에 기여하고 싶은지, 본인의 주요 직무 역량 및 강점을 기반으로 기술해 주십시오."
1693,2,본인이 지원한 직무와 관련하여 경험한 업무 또는 활동은 어떤 내용인지 기술해 주십시오.
1694,2,[Competitiveness] 지원하신 직무와 관련하여 갖추고 있는 본인만의 경쟁력을 구체적인 사례와 경험을 들어 말씀해주십시오.(694/700)
1695,2,"주식회사 에스알의 인재상 구성요소(전문성, 도전, 소통) 중 본인과 가장 부합된다고 생각하는 요소를 두 가지 선택하여 그렇게 생각하는 이유를 본인의 경험, 교육, 경력사항 등 구체적인 사례를 들어 기술하여 주시기 바랍니다."
1696,2,"다음의 ‘4차 산업혁명‘이 가져올 일자리 변화로 구직자에게 필요한 역량이 무엇인지에 대해 서술하고, 그 중 지원한 직무에 필요한 역량을 자신은 어느정도 보유하고 있는지 구체적인 사례를 들어 서술하여 주시기 바랍니다."
1697,2,"한국전력공사의 4가지 인재상 중 본인과 가장 부합된다고 생각하는 인재상을 두 가지 선택하여 그렇게 생각하는 이유를 본인의 교육, 경험, 경력 사항 등 구체적인 사례를 들어 기술하여 주십시오."
1698,2,지원분야와 관련하여 특정영역의 전문성을 키우기 위해 꾸준히 노력한 경험에 대해 기술하여 주십시오
1699,2,"본인의 지원직무를 어떻게 이해하고 있는지 구체적으로 기술하고, 해당 분야에 본인이 적합하다고 판단할 수 있는 근거를 사례 및 경험을 바탕으로 기재해 주십시오"
1700,2,열악한 국내외 건설현장에 배치될 경우 자신만의 강점을 구체적(능력/어학)으로 기술할 것.
1701,2,"역량기술서 - 아래 항목에 대한 자신의 역량, 노력 및 경험을 구체적으로 기술하여 주십시오. 단 출신학교, 가족관계 등 개인신상과 관련한 내용이 직·간접적으로 드러날 경우 불이익을 받을 수 있음."
1702,2,"직무수행계획서 - 입사 후 본인이 속한 팀(부서)의 성과 달성 및 개인의 취업역량 강화를 위한 추진계획, 지원한 분야와 관련하여 본인의 직무역량을 구체적으로 기술하여 주십시오. 단 출신학교, 가족관계 등 개인신상과 관련한 내용이 직·간접적으로 드러날경우 불이익을 받을 수 있음."
1703,2,"직무수행역량(본인의 직무역량을 구체적으로 기재) - 직무와 관련된 경험, 어학능력, 보유자격증 등"
1704,2,청년인턴 관련 능력 중 보완할 부분과 향상방법
1705,2,"[역량기술서] 본인이 생각하는 본인만의 차별화된 역량은 무엇이며 지금까지 해당 역량을 개발하기 위해 수행한 활동들을 구체적 사례 중심으로 기술해 주시기 바랍니다. Guide> [Sample] - 아래와 같이 본인이 경험한 사실 위주 나열형으로 작성 바랍니다. ? 나의 역량 : 직무 관련 기초지식, 협업Skill, 분석능력 ? 역량 개발 활동 / 결과 1. ’15년 구매자재관리사(KPM) 자격증 준비 / 구매 관련 기초 지식 함양 및 자격증 취득 2. 컴퓨터 활용 관련 기초 역량 개발 / 컴퓨터활용능력 1급 자격증 취득 3. ’16년 서브원 인턴십(3개월) / 직무 관련 실무 역량 개발 4. [재무관리](’15년 2학기), [소비자 행동론](’16년 1학기) 팀 프로젝트 조장 역할 수행 / 해당 과목 A+학점 취득 및 협업Skill, 리더십 역량 개발 5. 통계학 복수전공 / 분석능력 개발 및 복수전공 평점 4.0 취득"
1706,2,"IBK캐피탈의 일원이 되기 위하여 필요한 역량은 무엇이고, 이러한 점을 갖추기 위해 그 동안 준비한 것을 설명 하시오."
1707,2,"지원한 직무에 어울리는 본인의 강점, 역량, 경험 및 해당 직무 지원 사유 등을 자유롭게 서술해 주세요."
1708,2,"희망직무에 요구되는 역량은 무엇이라고 생각하며, 이를 갖추기 위한 본인의 노력 또는 특별한 경험을 기술하세요"
1709,2,해당 영역에서의 직무 수행을 위해 본인이 무엇을 어떻게 준비하고 노력해 왔는지 작성해 주십시오. (700~1000 자)
1710,2,"지원 직무에 대해 본인이 이해한 내용을 서술하고, 본인이 해당직무에 적합한 이유를 전공 능력 측면에서 구체적으로 서술하시오"
1711,2,"직업윤리) 본인이 어떤 일을 할 때 사명감과 책임감을 가지고 수행하여 성공한 사례가 있다면 간략하게 요약하고, 본인이 생각하는 직장생활의 의미와 바람직한 직장생활의 모습에 대해 기술하여 주십시오."
1712,2,지원한 직무와 관련하여 본인이 수행해온 노력과 입사 후 해당 직무분야에서 본인의 발전 방향을 기술해 주십시오.
1713,2,"지원자가 갖춘 경쟁력(역량)을 한 문장으로 정의하고, 그 이유와 관련된 사례에 대해 설명하여 주십시오."
1714,2,해당하는 직무의 수행과 관련하여 가지고 있는 개인의 장점과 약점을 모두 기술하여 주십시오 1000자
1715,2,직무경험 : 희망직무 준비과정과 희망직무에 대한 본인의 강점과 약점을 기술해주세요. (800)
1716,2,공동의 목표를 달성하기 위해 중요하다고 생각하는 역량 1가지를 선정하고 그 이유를 서술하세요.
1717,2,지원 분야와 관련하여 특정 영역의 전문성을 키우기 위해 꾸준히 노력한 경험에 대해 서술해 주십시오. 전문성의 구체적 영역(예. 통계분석)/ 전문성을 높이기 위한 학습 과정/ 전문성 획득을 위해 투입한 시간 및 방법/ 습득한 지식 및 기술을 실전적으로 적용해 본 사례/ 전문성을 객관적으로 확인한 경험/ 전문성 향상을 위해 교류하고 있는 네트워크/ 경험의 진실성을 증명할 수 있는 근거가 잘 드러나도록 기술 (1000 자 10 단락 이내)
1718,2,"공단 4가지 인재상은 ‘창조적 전문인’, ‘혁신적 협력인’, ‘미래지향적 세계인’, ‘지역사회 나눔인’입니다. 인재상 하나를 선택, 본인이 그간 수행한 다양한 경험활동과 어떻게 부합하는지 기술해 주십시오. [100자 이상 800자 이내]"
1719,2,직무경험 : IT 관련하여 본인이 경험한 프로젝트/직무 경험을 기초로 본인의 강점과 약점을 기술해주세요.(800)
1720,2,지원 직무에서 본인의 차별화된 강점을 해시태그 형태로 표현한 후 ①지식 ②경험 ③성격 3가지 측면에서의 강점을 서술하세요.(800자)
1721,2,희망직무를 지원한 이유와 직무를 수행하기 위해 어떠한 노력이나 경험을 하였는지 구체적으로 작성해주시기 바랍니다.(최대 500 자 이내로 작성)
1722,2,본인의 장점과 단점에 대해 작성하고 입사 후 어떻게 활용할 것인지 작성해주시기 바랍니다.(최대 500 자 이내로 작성)
1723,2,입사지원서에 기술한 경력 및 경험 중 대표적인 것에 대해 구체적으로 기술하십시오.
1724,2,입사 지원동기 및 다른 사람과 차별화된 본인의 역량을 우리 공단의 인재상*과 결부시켜 작성해 주십시오.
1725,2,희망직무를 지원한 이유와 직무를 수행하기 위해 어떠한 노력이나 경험을 하였는지 구체적으로 작성해주시기 바랍니다
1726,2,본인의 장점과 단점에 대해 작성하고 입사 후 어떻게 활용할 것인지 작성해주시기 바랍니다.
1727,2,"[My Competency] 관심분야 및 희망직무 중심으로 기술해주시기 바랍니다. Guide> 관심분야 및 직무에 관련된 경험, 역량, 개인의 목표 및 비전 등을 자유롭게 기술해주시기 바랍니다."
1728,2,자신이 지원한 직무의 역할에 대해서 기술하시오.
1729,2,본인이 지원한 직무관련 지원동기와 역량
1730,2,[직무경력 및 경험기술서] 한전KDN에 입사하기 위해 어떠한 노력을 하였는지 본인의 경험 등을 기반으로 상세히 기술하여 주십시오.
1731,2,[전문성] 지원 분야에 관련된 본인의 직무전문성을 향상시키기 위해서 어떠한 노력을 하였는지 최근의 사례를
1732,2,역량기술서 - 본인의 직무 역량 또는 Skill에 대해 서술하세요.
1733,2,영화진흥위원회에서 사무직 업무를 수행하기에 적합한 지원자의 강점을 기술하여 주십시오. 1000바이트
1734,2,지원하신 직무와 관련하여 습득한 지식과 경험에 대해 기술해주시기 바랍니다. [100자 이상 500자 이내]
1735,2,"지원 직무에 대해 본인이 이해한 내용을 서술하고, 본인이 해당 직무에 적합한 사유를 전공능력 측면에서 구체적으로 서술하시오 (1000)"
1736,2,아래 KOGAS 인재상 중 택1하여 그에 부합하는 자신의 경험(행동)을 자유롭게 기술하여 주시기 바랍니다.
1737,2,지원한 분야의 전문성과 역량을 갖추기 위해 본인이 노력했던 경험과 그 결과에 대하여 구체적으로 서술하시오.(1500)
1738,2,과거의 교육과정이나 경력들을 통해 습득한 전공 지식 및 기술 경험들이 KOGAS 지원 분야 내의 업무들과 어떠한 관련성을 맺고 있다고 생각합니까? 또 그러한 지식과 경험이 실제 업무 수행에 어떠한 방식으로 도움을 줄 수 있는지 구체적으로 기술하여 주십시오.
1739,2,직무관련 역량 (본인만의 경쟁력)
1740,2,직무를 잘 수행할 수 있다고 생각하는 이유는?
1741,2,지원업무와 관련된 경험이나 경력
1742,2,자신이 지원한 분야에서 뛰어난 전문가가 되기위해 기울이고 있는 노력에 대해 구체적으로 서술해주십시오.
1743,2,"지원 직무 수행 시 예상되는 어려움(갈등)이 무엇이라고 생각하며, 이를 극복해 나갈 수 있는 본인의 강점(또는 가치관)은 무엇입니까? ①그렇게 생각한 이유, ②본인이 경험한 성공이나 실패사례를 반드시 포함하여 구체적으로 작성해 주세요"
1744,2,"청년인턴 직무 관련 업무를 수행한 경력 또는 관련 활동을 수행한 경험 중 대표적인 것에 대해 기술하십시오. 경력은 금전적 보수를 받고 일정기간 동안 일했던 이력을 의미하며, 경험은 직업 외적인(금전적 보수를 받지 않고 수행한) 활동을 의미합니다. 경력을 기술할 경우 구체적으로 직무영역, 활동/경험/수행내용, 본인의 역할, 주요 성과 등에 대해 작성하시고, 경험을 기술할 경우 구체적으로 본인의 학습경험 혹은 활동내용, 활동 결과에 대해 작성하시기 바랍니다. (600자)"
1745,2,청년인턴 직무와 관련하여 현재 귀하의 능력 중 보완할 부분과 해당능력을 향상시킬 수 있는 방안에 대하여 구체적으로 기술하여 주십시오. (600자)
1746,2,"여러분이 지원한 직무와 관련된 노력과 도전, 경험, 그리고 입사 후 해당 직무에서의 성장 비전을 구체적으로 기술해주세요. (1,000자 이내)"
1747,2,"우리공사 인재상“섬길줄 아는 인재”,“창의적인 인재”,“도전적인 글로벌 인재”과 관련하여 한가지를 선택, 본인의 역량과 관련하여 기술해 주십시오."
1748,2,"대내외 활동을 통해 수행업무, 역할, 성과 등에 대해서 구체적으로 기술하여 주시기 바랍니다."
1749,2,"지원분야에 있어 가장 중요한 실무역량이 무엇이라고 생각하는지 정의하고, 그에 따라 본인의 역량 수준을 점수화(100점 만점 기준)하여 주시기 바랍니다. 그리고 본인이 현재의 역량을 보유하기 위해 과거에 어떤 노력을 해 왔는지 사례를 들어 상세히 기술하여 주십시오."
1750,2,업무 발전을 위해 필요한 점과 자신이 갖춘 점
1751,2,지원한 직무관련 지원동기와 역량
1752,2,본인이 생각하는 해당직무에서 갖춰야 할 능력
1753,2,지원 분야와 관련된 업무경력 및 실적 등 경력사항이나 다른 경험 및 활동에 대해 상세히 기술해 주시기 바랍니다.
1754,2,타인과 차별화되는 본인만의 경쟁력에 대하여 기술하시오.
1755,2,"본인의 장점을 전문성, 리더십, 성실성, 팀웍, 창의력 중 찾아보고, 이를 공사업무 수행 시 어떻게 활용할 것인지를 기술하시오."
1756,2,"공사업무 중 본인이 가장 잘 수행할 수 있는 업무 1가지를 선정하고, 그 이유와 해당 분야의 전문가가 되기 위한 구체적인 자기계발 계획을 기술하시오."
1757,2,직무를 위해 준비해온 것
1758,2,지원 분야와 관련하여 특정 영역의 전문성을 키우기 위해 꾸준히 노력한 경험에 대해 서술해 주십시오. ( /1000)
1759,2,"관심분야, 희망직무 및 지원동기 기술(800자)"
1760,2,"관련 경험, 경력 기술 800자"
1761,2,희망직무와 관련된 본인의 경험 또는 노력에 대해 작성해주세요. * [500자 이내]
1762,2,"소위 말하는 스펙(학교, 학점, 전공, 어학점수 등)을 제외하고 S-OIL이 귀하를 채용하기 위하여 반드시 알아야 할 것이 있다면 무엇인지 작성해주세요. * [500자 이내]"
1763,2,"해당 영역에서의 직무 수행을 위해 본인이 무엇을 어떻게 준비하고 노력해 왔는지 작성해 주십시오. (700~1000 자) *3-1번 문항의 영역 선택 사유를 기재하고, 이와 연계하여 작성 *관련된 경험 및 Knowledge, Skill(자격증) 등 본인의 역량을 상세히 기술"
1764,2,"본인의 직무역량 향상을 위해서 노력한 점이 있다면 기술해 보십시오. 어떤 활동을 했는지 내용, 장소, 기간 등을 구체적으로 기술해 보십시오. (1200 byte 이내)"
1765,2,본인의 직무역량 향상을 위해서 노력한 점이 있다면 기술해 보십시오. 그 활동을 통해 습득한 교훈이나 소감 등에 대하여 기술해 보십시오. (1200 byte 이내)
1766,2,본인이 희망하는 분야의 전문가가 되기 위해 어떤 노력을 하였습니까? 구체적으로 어느 분야에서 어떤 전문가로 활동하고 싶습니까? (400 byte 이내)
1767,2,본인이 희망하는 분야의 전문가가 되기 위해 어떤 노력을 하였습니까? 그 동안 전문가가 되기 위해 어떤 노력을 기울였습니까? (400 byte 이내)
1768,2,본인이 희망하는 분야의 전문가가 되기 위해 어떤 노력을 하였습니까? 지금까지 달성한 본인의 수준은 어느 정도가 된다고 생각하는지 기술해 보십시오. (400 byte 이내)
1769,2,"지원 직무에 적합한 능력을 갖추기 위해 어떠한 노력을 해왔는지 구체적인 경험을 바탕으로 설명하고, 그 능력을 바탕으로 실제 업무수행에 어떻게 도움을 줄 수 있는지 기술하여 주십시오. 700"
1770,2,"본인이 세아인이 되기 위해 가장 부족한 역량은 무엇이며, 어떠한 방식으로 개선할 계획인지 기술하시오 (500자)"
1771,2,"직무가 어떤일을 하는지, 잘 할 수 있는 이유"
1772,2,"지원분야에 대한 전문성을 향상시키기 위해 노력했던 사례를 구체적으로 기술해 주십시오. 그렇게 노력했던 계기는 무엇이었으며, 입사 후 지원분야에 어떻게 활용할 수 있을지 기술해 주십시오."
1773,2,자신이 직무를 잘 할수있다고 생각하는 이유
1774,2,"사회홛동 및 경력사항에 대해 자세히 소개해 주시기 바랍니다.(대외활동, 업무관련경력 등)"
1775,2,"[My Competency] 지원 직무와 관련된 이력을 간결하게 나열해주시기 바랍니다. Guide> 학교수강교과목, 외부교육수강 이력, 프로젝트 경험 등을 제목/경험/성적(또는 성과) 등으로 기술해주시면 됩니다."
1776,2,전공과 지원직무와의 연결성에 대해 설명해 보세요.
1777,2,해당 직무를 수행하기 위해 필요한 역량은 무엇일까요? 그 역량을 갖추기 위해 어떠한 노력을 기울였는지 서술해주세요
1778,2,지원분야와 관련하여 특정영억의 전문성을 키우기 위해 꾸준히 노력한 경험
1779,2,"지원직무 수행 시 예상되는 어려움(갈등)은 무엇이며, 이를 극복해 나갈 수 있는 본인의 강점과 가치관을 작성해주세요. ① 지원 직무 수행시 필요하다고 생각하는 역량, ② 지원 직무를 잘 수행하기 위한 그동안의 노력과 도전 등을 반드시 포함하여 구체적으로 작성해 주세요."
1780,2,"[직무경험] 한화큐셀에 지원한 직무를 수행하기 위해서 그 동안 어떤 노력 및 자기계발을 했는지 기술하시오. 만약, 관련 역량을 발휘했던 경험이 있다면 함께 서술하시오."
1781,2,지원하신 직무와 관련하여 습득한 지식과 경험[500]]
1782,2,해당 직무를 지원한 이유와 지원직무를 잘 수행하기 위해 역량을 개발해온 과정을 구체적으로 기술하여 주십시오.
1783,2,"[My Competence] 본인이 지원한 직무관련 지원동기와 역량에 대하여 Guide> 해당 직무의 지원동기를 포함하여, 직무관련 본인이 보유한 강점과 보완점을 사례를 통하여 구체적으로 기술해주시기 바랍니다."
1784,2,"본인의 지원직무와 관련하여 자신의 강점/약점을 기술, 약점을 보완 하기 위한 노력을 기술하시오"
1785,2,IT경험(학교 내/외 프로젝트) 및 보유한 IT기술 등 자신의 경험을 자유롭게 기술 최소 500자 /5000자 제한
1786,2,"한전KPS에 지원한 동기(관심을 가지게 된 계기, 시기 등)와 본인이 가지고 있는 직무관련 역량 또는 경험을 상세하게 기술해주시기 바랍니다. 500자"
1787,2,객실승무원이 갖추어야 할 자질을 제시하고 본인이 이에 어떻게 부합하는지에 대해 구체적으로 기술하여주시기 바랍니다.
1788,2,"[경쟁력 및 역량] 본인이 은행원으로서 갖춘 경쟁력(역량)을 한 문장으로 정의하고, 그 이유와 관련된 사례에 대해 설명하여 주십시오."
1789,2,"지원 직무를 성공적으로 수행해 나가기 위하여 중요하다고 생각하는 역량을 한 가지 제시하고, 해당 역량을 개발하기 위해 본인이 어떠한 노력을 해왔는지 구체적으로 기술하여 주십시오."
1790,2,본인의 지원직무를 어떻게 이해하고있는지 구체적으로 기술. 해당분야에 본인이 적합하다고 판단할 수 있는 근거를 사례 및 경험을 바탕으로 기재 [ 700]
1791,2,지원한 분야에서 자신이 다른 지원자보다 조금이라도 수준이 높다고 내세울 만한 것은 무엇입니까?
1792,2,본인이 지원한 직무를 선택한 이유와 해당 직무에 필요한 역량을 갖추기 위해 어떠한 노력을 했는지 기술해 주세요. (10행/500자)
1793,2,관심분야 및 희망 직무 중심으로 기술해주시기 바랍니다.(500자)
1794,2,[자기개발능력] 자신이 지원한 분야에서 뛰어난 전문가가 되기 위해 기울이고 있는 노력에 대해 구체적으로 서술해주십시오
1795,2,"최근 5년간 향후 업무(또는 학습 등)에 필요한 능력을 개발하기 위해 노력한 경험에 대하여 기술하여 주시기 바랍니다. 1)어떤 업무(학습)이었으며, 그러한 능력이 필요하다고 생각한 이유는 무엇인가요? (100~200자)"
1796,2,2) 그러한 능력을 개발하기 위해 어떠한 활동을 수행하였나요?(100~200자)
1797,2,"우리 공사 인재상에 맞는 직원이 되기 위해 당신은 어떤 면에서 준비가 되어 있으며, 최근 3년 이내에 해당 능력을 개발하기 위해 어떠한 노력을 하였는지 구체적인 사례로 기술해 주시기 바랍니다. (400자 이내)"
1798,2,"여러분이 지원한 직무와 관련된 노력과 도전, 경험 , 그리고 입사 후 해당 직무에서의 성장 비전을 구체적으로 기술해주세요. (1,000자 이내)"
1799,2,"입사지원서에 기술한 경력 및 경험사항에 대하여 상세히 기술해 주시기 바랍니다. 구체적으로 활동/경험/수행내용, 본인의 역할, 주요 성과에 대해 작성해 주시기 바랍니다."
1800,2,"본인의 지원 분야에 대한 역량을 분석해 보고, 자신의 지원 분야에 대한 역량을 향상시키기 위해 어떠한 노력을 했는지 기술해 주시기 바랍니다."
1801,2,"Food Sales 직무를 수행함에 있어 예상되는 어려움은 무엇이며, 이를 극복해 나갈 수 있는 본인만의 강점을 구체적으로 작성해주세요. (1,000자 이내)"
1802,2,"지원직무를 잘 수행할수 있는 이유는 무엇인가요? ① 지원 직무 수행시 필요하다고 생각하는 역량 ② 지원 직무를 잘 수행하기 위한 그동안의 노력과 도전 (본인만의 강점, 준비, 관련경험) ③ 영업사원으로서 예상되는 하루업무 일과 등을 포함하여 구제적으로 작성해 주세요. (1,000자 이내)"
1803,2,한전KDN에 입사하기 위해 어떠한 노력을 하였는지 본인의 경험 등을 기반으로 상세히 기술하여 주십시오.
1804,2,"공동의 목표를 달성하기 위하여 가장 중요하다고 생각하는 역량 1가지를 선정하고, 그 이유와 해당 역량을 발휘하여 목표를 달성한 경험에 대해 서술 620자"
1805,2,자신의 업무적 역량 및 성과를 학창시절 또는 직장에서의 경력 중심으로 작성하세요.
1806,2,입사 지원동기 및 다른 사람과 차별화된 본인의 역량을 우리 공단의 인재상과 결부시켜 작성해 주십시오.
1807,2,"희망직무는 무엇이고, 여러분의 경험과 지식 등이 해당 직무에 어떻게 활용될 수 있을지 구체적인 근거로 설명해주세요."
1808,2,(직무적합도)지원 직무를 수행하기 위해 그동안 어떤 노력과 경험을 해왔는지 기술해 주시기 바랍니다.
1809,2,"본인이 가진 독특한 능력이 있다면 구체적인 경험을 바탕으로 설명해 주시고, JW그룹에 입사한다면 그 능력을 어떻게 발휘해 성과창출에 기여할 수 있을지 기술해 주십시오."
1810,2,Global Leader로서의 역량을 키우기 위해 노력한 경험에 대하여 작성하여 주십시오.[최소100자 이상 최대 500자 이하]
1811,2,"역량기술서 [최소 500자 이상 최대 2,000자 이하] 해당직무에 대한 주요경력사항을 작성해 주십시오. - 경력지원의 경우 직무영역, 활동/경험/수행내용, 본인의 역할 및 구체적 행동, 주요성과에 대해 구체적으로 작성해 주십시오. - 신입지원의 경우 해당직무를 수행하기 위해 대학생활을 포함하여 지금까지 어떠한 준비를 하였는지 작성해 주십시오."
1812,2,해당직무에 지원한 이유와 그 직무에 필요한 역량을 갖추기 위해 어떠한 노력을 했는지 기술하시오.
1813,2,능력개발을 위해 노력한 일
1814,2,"경험 및 경력 기술서 - 입사지원서에 기술한 직무관련 경력 및 기타 경험 활동에 대해 상세히 기술해 주시기 바랍니다. - 경험 기술서 작성시 특수문자나 특수기호 등을 입력할 경우 에러발생의 요인이 되오니 삼가주시기 바랍니다. ? 구체적으로 본인이 수행한 활동 내용, 소속 조직이나 활동에서의 역할, 활동 결과에 대해 작성해 주시기 바랍니다. (1,000자 이내)"
1815,2,지원한 분야에서 자신이 다른 지원자보다 조금이라도 수준이 높다고 내세울 만한 것은 무엇입니까? 어떤 점에서 우수하다고 여깁니까? 그 점을 어떻게 증명할 수 있습니까? 그런 전문성이 업무에 미칠 영향은 어느 정도 입니까?
1816,2,"[신입] 지원한 직무를 수행하기 위해 본인이 지금까지 무엇을 어떻게 노력해왔는지(지식, 경험, 기술 등)제시하고 노력의 결과에 대한 느낀 점을 기술하시오. [1000자 이내]"
1817,2,"업무와 관련하여, 본인의 장단점을 예시나 상황을 통해서 기재해 주세요."
1818,2,"지원 직무 관련 경험(인턴, 교육, 프로젝트)과 이를 통해 느낀 점을 기술하여 주십시오"
1819,2,"본인의 장,단점을 기술하고 희망한 직무를 성공적으로 수행할 수 있는 이유를 기술해 주십시오. 가급적 도전정신의 관점에서 기술해주십시오"
1820,2,"직무기술서에 기재된 필요역량* 중 본인의 강점이라고 생각되는 역량 한가지를 선택하고, 그 역량을 활용한 경험에 대하여 기술하여 주시기 바랍니다.(700자 이내)"
1821,2,[NCS 직무능력 소개서] 해당 직무를 지원한 이유와 직무를 잘 수행하기 위해 역량을 개발해온 과정을 구체적으로 기술하여 주십시오
1822,2,지원동기 및 지원분야와 관련된 본인의 경쟁력 600자
1823,2,귀하의 교내외 활동사항 및 주요경력을 기술하여 주십시오.(희망업무와 관련하여 기술하여 주십시오.
1824,2,지원한 직무를 선택한 이유와 해당 직무에 필요한 역량을 갖추기 위해 어떠한 노력을 했는지 기술해 주세요.
1825,2,"공동의 목표를 달성하기 위하여 가장 중요하다고 생각하는 역량 1가지를 선정하고, 그 이유와 해당 역량을 발휘하여 목표를 달성한 경험에 대해 기술하시오."
1826,2,지원 직무와 관련된 이력을 간결하게 나열해주시기 바랍니다. (263/500자)
1827,2,지원하는 직무관련 준비 사항 및 직무에 대한 본인의 강약점
1828,2,희망직무 준비과정과 직무에 대한 본인의 강점과 약점을 기술해 주세요(800자)
1829,2,지원분야에 필요한 핵심역량은 무엇이며 그 역량을 갖기 위해 어떤 노력을 했는지 객관적인 근거를 토대로 작성바랍니다.(700자)
1830,2,열악한 국내외 현장에 배치될 경우 그 어려움을 극복하기 위한 자신만의 강점을 작성 바랍니다.(500자)
1831,2,본인의 포부와 그 포부를 달성하기 위해 어떠한 준비와 노력을 하였는지 기술 하십시오.
1832,2,NI 제품을 직접 적용해 본 분야 / 프로젝트 경험이 있다면 상세 기술(동종의 타사제품 사용 경험도 포함) (400자 이내)
1833,2,세부 전공에 대하여 기술 (학부생의 경우 수강실험과목 기술) (500자 이내)
1834,2,"전공/특정분야에 대한 학습이나 연구 활동, 성과에 대해 기술하시오. (500자 이내)"
1835,2,"지원하신 직무를 잘 수행할 수 있다고 생각하는 이유를, 보유한 전문지식 및 스킬과 관련하여 기술하시오."
1836,2,"(문제해결능력) 외부환경이나 타의로 인해 일이 지연되었을 때, 지원자께서 지도력이나 추진력을 바탕으로 적기에 일을 완수한 경험을 기술해 주십시오. (500자 이내)"
1837,2,지원 분야와 관련하여 다양한 분야에서 쌓은 경력 및 경험 활동에 대하여 아래 기준에 따라 상세히 기술해 주시기 바랍니다. 2-1. 입사지원서에 기입한 지원 직무와 관련한 경력 및 경험 활동의 주요 내용과 본인의 역할에 대해서 구체적으로 기술해주십시오. (약 200자 이내) 2-2. 위 경력 및 경험 활동이 우리 병원 입사 후 지원 분야의 직무 수행에 어떻게 도움이 될지 구체적으로 기술해 주십시오. (200자 이내)
1838,2,"세 가지 인재상 중 자신과 가장 부합된다고 생각하는 인재상을 하나 선택하여, 구체적인 사례를 포함하여 그렇게 생각하는 이유를 기술하여 주십시오."
1839,2,본인이 지원한 분야에 적합하다고 생각하는 이유를 기술해 주시기 바랍니다. (성향/전문지식/역량)
1840,2,해당 직무를 선택한 이유와 그 직무를 수행함에 있어 본인의 경쟁력은 무엇인지 기술해 주십시오.
1841,2,직무 관련 경험 및 본인의 노력
1842,2,"지원분야에 있어 가장 중요한 실무역량은 무엇이라고 생각하는지 정의하고, 본인의 역량수준을 점수화하여 주십시오. (100점 만점 기준) 그리고 본인의 현재 역량을 키우기 위해 어떤 노력을 해 왔는지 기술하여 주십시오."
1843,2,"본인의 강점과 약점을 언급하시고, 그 강점이 앞으로 귀사와 본인의 발전에 어떻게 기여 할 수 있는지를 서술해주십시오."
1844,2,"본인의 지원직무를 어떻게 이해하고 있는지 구체적으로 기술하고, 해당 분야에 본인이 적합하다고 판단할 수 있는 근거를 사례 및 경험을 바탕으로 기재해 주십시오."
1845,2,귀하가 항공정비 직무를 성공적으로 수행할 수 있다고 생각하는 이유를 본인의 경험과 강점을 바탕으로 구체적으로 서술해 주십시오.(600)
1846,2,경력기술서 (경력 지원자만 작성) / 항공정비 관련 교육 이수 내역 또는 자격취득 진행현황 (신입 지원자만 작성)(1000)
1847,2,지원한 직무는 무엇입니까? 해당직무에 대한 전문가가 되기위해 어떤노력(전문지식 습득 등)을 하였으며 이를 통해 무엇을 배웠는지 기술하여 주십시오
1848,2,"한국전력공사의 4가지 인재상 중 본인과 가장 부합된다고 생각하는 인재상을 두 가지 선택하여 그렇게 생각하는 이유를 본인의 교육, 경험, 경력사항 등 구체적인 사례를 들어 기술하여 주십시오 800자"
1849,2,자신의 전문성을 통해 어떤 성과를 이루었는지 기술하시오.
1850,2,본인이 지원한 분야에 왜 적합한 인물인지 기술해 주십시오.
1851,2,"[직무 능력] 직무수행능력의 차별화된 경쟁력 (Competitiveness) 본인이 진흥원 직무를 수행함에 있어 타인과 비교하여 차별화된 자신의 핵심 경쟁력이 무엇인지 기술하고, 해당 경쟁력을 보유하게 된 경력 또는 경험을 기술하세요."
1852,2,"직무수행을 위한 지식 및 기술 (Knowledge &Skill) 본인이 보유하고 있는 진흥원 직무를 수행함에 있어 필요한 핵심 지식(knowledge) 및 기술(Skill)이 무엇인지 기술하고, 해당 지식과 기술을 보유하게 된 경력 또는 경험을 기술하세요."
1853,2,"직무수행을 위한 태도 (Attitude) 진흥원 직무를 수행하기 위해 가장 중요한 태도(attitude)가 무엇인지와 그 필요성을 기술하고, 그 태도와 관련한 본인의 경험을 기술하세요."
1854,2,[자기소개서] 자신의 전공 또는 자신이 가지고 있는 취미나 다양한 활동들을 기존과는 다르게 타 분야의 영역과 연결하여 다양한 방식으로 사고하고 일을 진행해 나간 사례가 있다면 이야기해 주십시오. (진흥원의 주요 기능 - 융합)
1855,2,객실승무원이 갖춰야할 자질 2가지 이상 제시하고 본인이 이에 어떻게 부합하는지에 대해 구체적으로 기술하여 주시기 바랍니다.
1856,2,"공동의 목표를 달성하기 위하여 가장 중요하다고 생각하는 역량 1가지를 선정하고,그 이유와 해당 역량을 발휘하여 목표를 달성한 경험에 대해 구체적으로 기술하시오. (1500byte) (600자)"
1857,2,"공동의 목표를 달성하기 위하여 가장 중요하다고 생각하는 역량 1가지를 선정하고, 그 이유와 해당 역량을 발휘하여 목표를 달성한 경험에 대해 기술하시오"
1858,2,"희망직무(기획,인사,운항통제 등)를 서두에 명시하고, 이와 관련하여 귀하가 보유한 경험, 역량, 재능, 지식 등을 구체적으로 기술해 주십시오. [100자 이상 600자 이내]"
1859,2,"공동의 목표를 달성하기 위하여 가장 중요하다고 생각하는 역량 1가지를 선정하고, 그 이유와 해당 역량을 발휘하여 목표를 달성한 경험에 대해 기술하시오 (2100byte)"
1860,2,해당직무에 지원한 이유와 그 직무에 필요한 역량을 갖추기 위해 어떠한 노력을 했는지.
1861,2,직무관련 본인의 역량
1862,2,본인만의 차별화된 역량과 그 역량을 통해 회사에 무엇 기여하겠는가
1863,2,해당 직무 분야에 지원하게 된 이유와 선택 직무에 본인이 적합하다고 판단할 수 있는 이유 및 근거를 기술해 주십시오.
1864,2,지원한 분야와 관련하여 자신이 다른 지원자보다 조금이라도 수준이 높다고 내세울만한 역량 및 부족하다고 생각하는 역량을 각각 한가지씩 기술하여 주십시오.
1865,2,직무를 수행하는데 있어 본인의 역량이나 장점
1866,2,지원하신 분야를 선택한 이유와 지원직무를 수행하기 위한 노력 및 경험을 구체적으로 기술하시오.
1867,2,"지원직무에 대한 지원동기, 준비한 역량에 대해 작성해주십시오"
1868,2,"나는 어떤 책임을 지고 있는가? 학업, 직장 등 본인이 속한 위치에 따라 어떠한 책임을 가지고 있는지 기술해 주시기 바랍니다."
1869,2,신용보증기금 지원 동기 및 입사 후 직무 수행과 관련하여 자신의 전문성 향상을 위해 지금까지 해 온 노력에 대하여 구체적으로 기술하시오.
1870,2,"지원 직무와 관련하여 자신의 경쟁력은 무엇이며, 그러한 경쟁력을 활용한 입사 후 기대를 기술해주시기 바랍니다."
1871,2,지원 분야와 관련한 준비과정 또는 본인의 주요 성과(경력)를 사례 중심으로 기술해주기 바랍니다.
1872,2,본인이 1지망으로 선택한 직무를 잘 수행할 수 있을 거라고 생각하는 이유에 대해 본인의 강점과 연결지어 기술해 주십시오.
1873,2,지원 직무를 수행함에 있어 도움이 될 것이라 생각하는 경험과 본인이 해당 직무에 적합하다고 생각하는 이유에 대해 기술해주세요.
1874,2,"입사지원서에 기술한 경험 및 경력사항에 대해 구체적으로 작성해 주십시오. 본인의 역할, 활동/경험/수행 내용 및 주요 성과에 대해 구체적으로 작성해주십시오."
1875,2,"한국전력공사의 4가지 인재상중 본인과 가장 부합된다고 생각하는 인재상을 두 가지 선택하여 그렇게 생각하는 이유를 본인의 교육, 경험, 경력사항 등 구체적인 사례를 들어 기술하여 주십시오. (800)"
1876,2,"지원한 희망직무를 수행하기 위한 본인이 가지고 있는 역량은 무엇이며, 해당 역량을 갖추기 위해 어떤 준비와 경험을 하였는지 작성해 주십시오.*"
1877,2,"지원 직무를 수행하기 위한 본인만의 강점, 노력 또는 경험에 대하여 서술하여 주십시오. (800자, 면접 시 활용예정) *필요 시 하단의 첨부기능 활용 가능"
1878,2,지원 분야와 관련하여 특정 영역의 전문성을 키우기 위해 꾸준히 노력한 경험에 대해 서술해 주십시오. / 전문성을 높이기 위한 학습 과정/ 전문성 획득을 위해 투입한 시간 및 방법/ 습득한 지식 및 기술을 실전적으로 적용해 본 사례/ 전문성을 객관적으로 확인한 경험/ 전문성 향상을 위해 교류하고
1879,2,해당 직무를 선택한 이유와 본인의 경쟁력은 무엇인지 기술해 주시기 바랍니다. 700자
1880,2,"한국예탁결제원에 입사하기 위해 본인이 어떤 직무능력을 갖추고자 노력해왔는지 설명하고, 해당 직무능력을 실제로 활용한 사례가 있다면 구체적으로 기술해 주십시오."
1881,2,"직무이해도 평가 1~3번 중 하나의 주제를 선택하여 이를 한국예탁결제원과 연관지어 자유롭게 설명하고, 이와 관련하여 본인이 입사 후 어떤 방법으로 기여할 수 있을지 자기소개서 2번에서 기술한 직무능력을 토대로 기술해 주십시오."
1882,2,"지원하신 직무와 연관되어 본인이 보유한 지식, 기술, 경험 등을 구체적으로 기술하여 주십시오."
1883,2,지원분야와 관련하여 특정 영역의 전문성을 키우기 위해 꾸준히 노력한 경험에 대해 서술해 주십시오.
1884,2,직무경험: 희망직무 준비과정과 희망직무에 대한 본인의 강점과 약점을 기술해주세요. 800자
1885,2,입행을 위해 어떠한 준비를 해왔는지에 대하여 구체적인 사례를 바탕으로 작성해 주세요.
1886,2,지원 직무를 잘 수행하기 위한 준비과정과 자신만의 강점 입사 후 이루고 싶은 목표
1887,2,지원 직무를 선택한 이유와 해당 직무를 성공적으로 수행하기 위해 어떤 노력과 경험을 하였는지 서술해 주십시오. [ 300자 이상 600자 이내]
1888,2,지원 직무 관련 자신이 갖춘 역량에 대하여 구체적으로 기술하여 주십시오. (700자)
1889,2,남들과 차별되는 본인만의 핵심경쟁력은 무엇인가요?(본인 지원분야와 관련하여 기술)
1890,2,[My Competency] 관심분야 및 희망직무 중심으로 기술해주시기 바랍니다.
1891,2,"여러분이 지원한 직무와 관련된 노력과 경험 , 그리고 입사 후 해당 직무에서의 성장 비전을 구체적으로 기술해주세요. (1,000자 이내)"
1892,2,"지원직무 수행 시 ① CJ인으로서 기본적으로 갖춰야하는 정직, 열정, 창의, 존중 외 영업사원으로서 필요한 역량 다섯 가지를 중요도 순으로 작성해주세요. ② 본인이 가진 가장 높은 역량과 그렇게 생각하는 이유를 기술하고, 가장 낮은 수준으로 판단되는 역량은 어떻게 극복해 나갈 수 있을지 구체적으로 작성해 주세요.(1,000자 이내)"
1893,2,지원하신 직무에 있어 본인만의 차별화된 특성이나 특별히 강조하는 전문성이 있다면 기재하시오.
1894,2,"항공사 직원이 갖추어야 할 글로벌 역량을 한가지 제시하고, 본인이 이를 위해 어떻게 노력해 왔는지 기술하여 주십시오(600자 이내"
1895,2,직무능력 및 수상내역
1896,2,지원 분야와 관련하여 특정 영역의 전문성을 키우기 위해 꾸준히 노력한 경험에 대해 서술
1897,2,"해당 직무의 지원동기를 포함하여, 직무관련 본인이 보유한 강점과 보완점을 사례를 통하여 구체적으로 기술해주시기 바랍니다."
1898,2,본인이 중요하게 생각하는 직업인으로서 갖추어야 하는 덕목과 그러한 덕목을 발휘했던 경험에 대해 기술해 주십시오.
1899,2,지원하는 이유와 지원한 업무를 누구보다 더 잘 수행할 것이라고 확신하는 이유
1900,2,"지원 직무와 관련한 준비과정(학업, 교내외 활동 등) 및 입사 후 어떻게 성장해 나갈 것인지 기술하십시오."
1901,2,"입사지원서에 기술한 직무 관련 경력, 경험 중 가장 몰입했던 사례를 상세하게 기술해 주십시오. - 본인의 역할, 구체적인 직무 내용, 발전하게 된 본인의 역량과 자세 등 구체적으로 기재"
1902,2,"지원 직무에 적합한 능력을 갖추기 위해 어떠한 노력을 해왔는지 구체적인 경험을 바탕으로 설명하고, 그 능력을 바탕으로 실제 업무수행에 어떻게 도움을 줄 수 있는지 기술하여 주십시오."
1903,2,"항공사 직원이 함양해야 할 국제적 감각이란 무엇이며, 이 역량을 배양하기 위해 본인은 어떠한 노력을 기울였는지 기술하시오. (600자 이내)"
1904,2,"본인의 지원 분야에 대한 전문성을 향상시키기 위해 어떠한 노력을 하였으며, 우리 회사에서 어떻게 활용될 수 있는지 기술해 주시기 바랍니다. (최근 5년 이내 사례로 기술할 것)"
1905,2,"세부경력사항 : 신입은 인턴, 아르바이트, 수상경력을 자세히 기술 → Project 업무는 본인의 역할과 업무영역 등을 명확하게 기술"
1906,2,"지원한 직무에 필요한 역량은 무엇이며 이 역량을 확보하기 위해 어떤 노력을 기울였습니까? ① 지원한 직무에 본인이 적합한 이유, ② 지원한 직무를 잘 수행하기 위한 그동안의 노력과 도전 등을 반드시 포함하여 구체적으로 작성해 주세요 (1,000자 이내)"
1907,2,내가 지원한 직무에서 다른 지원자들과 차별화되는 강점의 각 키워드를 해시태그 형태로 표현한 후 ① 지식 ② 경험 ③ 성격에서 각 강점을 서술하시오.(1500자)
1908,2,지원한 직무를 선택한 이유와 해당 직무에 필요한 역량을 갖추기 위해 어떠한 노력을 했는지 기술해 주세요.(10행)
1909,2,다른 지원자와는 차별화된 본인 만의 강점을 예를 들어 기술하여 주십시오. (300 자)
1910,2,"지원직무 수행 시 예상되는 어려움(갈등)은 무엇이며, 이를 극복해 나갈 수 있는 본인의 강점과 가치관을 작성해주세요. (1,000)"
1911,2,"자신이 수강한 전공과목 중 가장 자신 있는 전공 3가지에 대해, 각각의 이유와 학점을 명시해 주세요."
1912,2,"관심있는 직무는 무엇이며, 이에 필요한 역량을 갖추기 위해 어떠한 노력을 해왔는지 구체적으로 서술해 주세요."
1913,2,직무경험: IT 관련하여 본인이 경험한 프로젝트/직무 경험을 기초로 본인의 강점과 약점을 기술해주세요.
1914,2,"직무관련 활동에 대해 상세히 기술해 주십시오. 구체적으로 직무영역, 활동/수행내용, 본인의 역할 및 구체적 행동, 주요 성과에 대하여 작성해 주시기 바랍니다(500자 내외)"
1915,2,"입사지원서에 기술한 경험(경력)사항에 대해 상세히 기술해 주시기 바랍니다. * 본인의 역할과 행동 그리고 주요 성과를 중심으로, 구체적으로 작성해주시기 바랍니다."
1916,2,자신의 지원 분야에서 뛰어난 전문가가 되기 위해 기울이고 있는 노력
1917,2,"희망직무에 요구되는 역량은 무엇이라고 생각하며, 이를 갖추기 위한 본인의 노력 또는 특별한 경험을 기술하세요."
1918,2,"본인의 장단점과 입사 후 장점은 어떻게 활용되고, 단점은 어떻게 보완할 수 있겠는지를 기술하세요. ( 50자 이상 400자 이내)"
1919,2,본인만이 가지고 있는 차별화된 역량은 무엇이며 그 역량을 통해 회사에 무엇을 기여할 수 있는지 기술하십시오.
1920,2,지원한 직무에 대한 열정과 해당직무와 관련된 본인의 강점에 대해서 기술하십시오.
1921,2,지원 직무를 선택한 이유와 해당 직무를 성공적으로 수행하기 위해 어떤 노력과 경험을 하였는지 서술해 주십시오.
1922,2,본인의 지원 직무를 통해 지원 회사의 성장을 도모할 수 있는 방법을 서술해 주십시오.
1923,2,"지원직무를 수행함에 있어 남들과 차별화 되는 본인만의 강점을 해당 직무의 핵심역량을 고려하여 구체적으로 기술하시오. (1,000자 이내)"
1924,2,"[경력] 본인의 경력사항에 대한 세부정보를 기술해 주시기 바랍니다. [신입] 도전적인 목표를 정하고 열정적으로 일을 추진했던 경험을 구체적으로 기술해 주시기 바랍니다. Guide> [경력]회사명과 각 재직기간, 소속"
1925,2,"[직무역량]지원동기와 해당 직무를 선택하게 된 이유, 어떠한 노력을 기울였는지 작성해 주세요. *600자 이상 1000자 이하로 입력하세요."
1926,2,[자원관리능력] 교육 또는 기타 경험/경력에 의하여 습득한 기술이나 지식을 일 혹은 생활 중에 적절히 활용한 경험이 있다면 기술해주세요.
1927,2,"지원 직무와 관련한 준비과정(학업, 교내외 활동 등) 및 입사 후 어떻게 성장해 나갈 것인지 기술하십시오. 1194/1200 (바이트 수(2 byte), 공백 포함)"
1928,2,"본인이 지원한 직무를 수행하기 위해 준비한 지식이나 스킬, 경험 등에 대해 기술하고 향후 구체적으로 어느 분야에서의 전문가로 성장하고자 하는 지에 대해 설명해 주십시오."
1929,2,"공사가 수행하는 업무 중 본인이 하고 싶은 업무와, 그 업무에 필요한 역량을 개발하기 위해 노력했던 사례를 기술해 주십시오. (600자)"
1930,2,지원자 본인이 지원하는 직무에 적합하다고 생각하는 이유를 기술해 주시기 바랍니다.
1931,2,대학내일의 4가지 인재상 중 가장 자신 있는 부분과 부족하다고 생각하는 부분에 대해 사례를 중심으로 각각 서술해 주세요.
1932,2,[업무경험] 지원분야와 관련된 업무경력 및 실적 등 경력사항이나 기타 경험 및 교육 활동에 대하여 상세히 기술하여 주시기 바랍니다. (본인의 역할 및 해당 경력 또는 경험이 근로복지공단 입사 후 업무수행에 어떠한 도움을 줄 수 있는지 기술하여 주십시오.
1933,2,"[경력개발계획] 공단에는 다양한 직무분야가 존재하고 정규 임용 후 주임->대리->과장의 직급을 거치게 되는 바, 이러한 과정에서 공단의 여러 직무분야를 어떻게 수행해 나갈 것인지 경력경로 및 경력목표를 제시하여 주시고 이에 수반되는 경력개발계획을 구체적으로 설명해 주십시오."
1934,2,본인이 지원한 직무관련 지원동기와 역량에 대해서
1935,2,지원분야와 관련하여 본인의 역량 중 보완해야 할 부분과 그 역량을 향상시킬 수 있는 방안에 대해 기술하여 주십시오. [200자 이상 700자 이내]
1936,2,"지원분야에 필요한 직무역량을 습득하기 위해 했던 노력에 대해 기술하여 주십시오. (전공수업, 직업교육, 자격증 등) [ 200자 이상 700자 이내]"
1937,2,지원 직무에 요구되는 역량은 무엇이라고 생각하십니까. 그리고 이를 갖추기 위해 어떠한 노력을 기울이셨나요.
1938,2,해당 직무에 지원하기 위해 준비한 본인만의 경쟁력을 구체적인 사례와 경험을 들어 말씀해주십시오.
1939,2,"지원분야와 관련된 구체적인 지식이나 경험을 기술해주십시오. 1지망을 SW개발로 선택한 경우 : 가장 자신 있는 프로그래밍 언어 및 사용 수준 1지망을 스마트에너지로 선택한 경우 : IT서비스 회사에서 에너지사업을 할 때의 장/단점 1지망을 AI로 선택한 경우 : AI 알고리즘 개발 및 활용 경험 1지망을 빅데이터로 선택한 경우 : 통계 기반으로 데이터를 분석한 경험(R, SAS, SPSS 등 사용)1지망을 컨설팅으로 선택한 경우 : 컨설팅이란 무엇이고, 최고의 컨설턴트가 되기 위해 필요한 역량은 무엇인지, 그렇게 생각한 사유 )"
1940,2,"지원분야에 있어 가장 중요한 실무역량이 무엇이라고 생각하는지 정의하고, 그에 따라 본인의 역량 수준을 점수화(100점 만점 기준)하여 주시기 바랍니다. 그리고 본인이 현재의 역량을 보유하기 위해 과거에 어떤 노력을 해 왔는지 사례를 들어 상세히 기술하여 주십시오. 2795/제한 없음 (글자 수, 공백 포함)"
1941,2,"해당 영역에서의 직무 수행을 위해 본인이 무엇을 어떻게 준비하고 노력해 왔는지 작성해 주십시오. 관련된 경험 및 Knowledge, Skill(자격증) 등 본인의 역량을 상세히 기술"
1942,2,"인공지능/기계학습과 관련하여 공부했던 과목 혹은 연구분야 등을 나열하고, 가장 관심있게 배운 과목/연구분야는 무엇이며 그 이유에 대해 서술하여 주십시오."
1943,2,"지원동기 및 주요 경력, 업적"
1944,2,"지원 직무 수행에 필요한 전문성을 갖추기 위해 어떤 준비를 했으며, 왜 본인이 해당 직무에 적합한지 구체적으로 작성해 주시기 바랍니다."
1945,2,"지원한 직무를 위해 필요한 핵심 역량 무엇, 그 이유에 대해 설명 / 갖추기 위한 노력"
1946,2,당신이 지원한 직무와 관련하여 보유한 직무역량을 서술하십시오.
1947,2,"해당 직무역량을 발휘한 경험이 있다면 서술하시고, 경험이 없다면 금호석유화학그룹에서 당신의 직무역량을 발휘할 수 있는 계획을 서술하십시오."
1948,2,"지원분야관련, 경력사항, 경험사항"
1949,2,본인이 우리 공단에 입사하기 위해 어떤 노력을 했는지와 그러한 노력이 본인의 지원 업무와 어떠한 연관성이 있는지 기술하시오.
1950,2,지원분야와 관련하여 본인의 전문적인 지식이나 경험을 가지고 어떤 일을 추진했거나 문제를 해결했던 경험에 대해 기술하시오.
1951,2,관심분야 및 희망직무 중심으로 기술해주시기 바랍니다. 글자수 499 / 100자 ~ 500자
1952,2,지원직무와 관련된 경력 및 경험활동의 주요내용과 본인의 역할을 구체적으로 기술하시오.
1953,2,한국토지주택공사에 지원하게 된 동기와 지원분야 직무를 수행하는데 활용될 수 있는 본인의 강점/역량에 대해 기술해 주십시오
1954,2,"회사를 알기 위해서는 인재상을 살펴보라는 말이 떠올랐습니다. 인재상 중 전문성과 열정이 눈에 들어왔습니다. 저의 꿈은 전기명장이 되어 우리나라뿐 아니라 세계에 진출해 강의하는 것입니다. 이를 이루기 위해서는 그 분야에 전문가가 되어야 하므로 끊임없는 도전이 필요합니다. 가장 먼저 기본이 되는 전기기능사 취득을 위해 문제집과 인터넷 강의를 활용하여 자격증에 취득하였습니다. 또한, 입대할 때 경력을 인정받기 위해 정비병에 지원하여 꾸준히 전기산업기사 공부를 하였습니다. 그 덕분에 전기산업기사 필기시험에서 한 번에 합격하였으며 얼마 전 실기시험도 볼 수 있었습니다. 입사하여 경력이 쌓이게 된다면 제가 지원한 기계분야와 저의 꿈인 전기분야에 기사 와 기능장 자격증을 취득할 계획입니다. 그렇게 된다면 어느 정도 그 분야에 전문가가 되기 때문에 후배들에게 제가 가진 지식을 나눠줌으로써 전문인재 양성에 도움을 줄 계획입니다. 또한, 명장이 되어 세계에 나가 강의를 할 때 저를 성장시켜준 인천항만공사를"
1955,2,해당 직무에 지원한 동기와 해당직무와 관련된 본인의 경험 및 역량을 기술해 주십시오.
1956,2,"공사의 3가지 인재상(창조, 화합, 소통) 중에서 지원자와 가장 부합한다고 생각하는 1가지를 본인의 경험 등 사례를 통해 구체적으로 작성해 주시기 바랍니다."
1957,2,"해당 영역에서의 직무 수행을 위해 본인이 무엇을 어떻게 준비하고 노력해 왔는지 작성해 주십시오. *3-1)번 문항의 영역 선택 사유를 기재하고, 이와 연계하여 작성 *관련된 경험 및 Knowledge/Skill 등 본인의 역량을 상세히 기술"
1958,2,귀하가 가진 직무관련 경험과 능력을 바탕으로 인천관광공사에 기여할 수 있는 바를 기술하여 주십시오.
1959,2,"지원한 직무를 수행하기 위해 필요한 핵심역량은 무엇이라고 생각하며, 그 이 유에 대해 설명해 주십시오. 또한 해당 역량을 갖추기 위해 본인이 어떤 노력을 하였는지 기술해 주십시오. (최대 800자 입력가능)"
1960,2,해당 직무 지원동기 및 직무수행을 위한 본인의 보유역량을 서술하시기 바랍니다.(700자)
1961,2,지원분야와 관련된 구체적인 지식이나 경험을 기술해주십시오. (
1962,2,My Competency - 해당 직무에 지원하는 동기를 본인의 경험과 연계하여 기술해 주시기 바랍니다. (0 / 100자 ~ 1000자)
1963,2,공사 직무 중 관심분야 및 해당직무 전문가로 성장하기 위한 자기계발 계획을 작성하여 주십시오
1964,2,"지원하신 직무를 선택한 이유와, 그 직무에 필요한 역량을 갖추기 위해 지금까지 어떠한 노력을 해왔는지 구체적으로 서술해 주시고, 그 경험들이 앞으로 회사와 본인의 발전에 어떻게 기여할 것이라 생각하는지 작성해 주시기 바랍니다."
1965,2,"본인이 지원 분야에 대한 전문지식 또는 경력, 경험, 노하우, 가치관을 가지고 있는 것이 있다면 구체적으로 기술해 주세요."
1966,2,"[경험/경력기술서] - 경험/경력기술서 작성시 출신지, 학교명, 가족관계 등이 드러나지 않도록 작성해 주시기 바랍니다. 입사지원서에 기술한 경험사항 또는 경력사항에 대해 상세히 기술해 주시기 바랍니다. - 직무관련 '경험'사항 기술은 본인이 수행한 활동내용, 소속 조직이나 활동에서의 역할, 활동결과에 대해 구체적으로 작성해 주시기 바랍니다. - 직무관련 '경력'사항 기술은 직무영역, 활동/경험/수행 내용, 본인의 역할 및 활동, 주요성과에 대해 구체적으로 작성해 주시기 바랍니다. [2000자 이내]"
1967,2,"자기소개서 * [2000자 이내] · 자기소개서는 면접자료로 활용할 계획입니다. 지원하게 된 동기, 직무활동, 동아리/동호회, 팀 프로젝트, 연구회, 재능기부 등 주요 직무경험 혹은 경력사항을 자유롭게 기술하여 주십시오. · 블라인드 채용에 따라 출신지, 출생년도, 학교명, 가족관계 등 인적사항을 확인할 수 있는 내용이 포함될 경우 불이익이 있을 수 있으니 드러나지 않도록 주의하시기 바랍니다."
1968,2,"해당 직무에 지원하기 위해 어떠한 노력을 하였으며, 본인의 노력이 해당 직무의 전문성 함양에 어떤 영향을 주었습니까? - 준비과정 및 현재 본인의 수준, 해당 직무에서 기여할 수 있는 부분에 대해 구체적으로 작성해 주십시오."
1969,2,"본인의 지원직무와 관련하여 자신의 강점/약점을 기술하고, 약점을 보완하기 위한 노력을 기술하십시오."
1970,2,"(My Competency)지원 직무와 관련된 이력을 간결하게 나열해주시기 바랍니다.<Guide> 학교수강교과목, 외부교육수강 이력, 프로젝트 경험 등을 제목/경험/성적(또는 성과) 등으로 기술해주시면 됩니다."
1971,2,직무경험 : 선택한 직무에 있어서 필요한 사람임을 보일 수 있도록 자신에 대해 좀 더 자세히 기술해 주세요.
1972,2,"지원 직무에 필요한 핵심역량은 무엇이며, 역량개발을 위해 어떤 활동과 노력을 하였는지 경험을 중심으로 작성해 주시기 바랍니다."
1973,2,지원 분야와 관련된 자신의 전문성을 향상시키기 위해 어떻게 노력했는지 최근의 사례를 중심으로 기술해 주십시오.
1974,2,해당 업무를 지원한 이유와 업무와 관련된 경험을 작성해주세요. [100자 이상 1000자 이내]
1975,2,직무경험 : 희망직무 준비과정과 희망직무에 대한 본인의 강점과 약점 기술. 실패 또는 성공사례를 중심으로 800자
1976,2,지원한 분야에서 본인이 하고자 하는 구체적인 직무는 무엇입니까? 해당 직무와 관련된 본인의 역량을 구체적으로 작성해 주십시오. (전공 or 전공 이외
1977,2,"소위 말하는 스펙(학교, 학점, 전공, 어학점수 등)을 제외하고 S-OIL이 귀하를 채용하기 위하여 반드시 알아야 할 것이 있다면 무엇인지 작성해주세요. * [700자 이내]"
1978,2,"해당 직무를 수행하기 위해 필요한 역량은 무엇이며, 이 역량을 갖추기 위해 어떠한 노력을 해왔는지 사실에 근거하여 설명해 주십시오. 또한 지원직무와 관련해 본인만의 차별화된 지식과 경험을 구체적으로 기술하여 주십시오."
1979,2,직무분야와 관련한 연구개발 수행을 통해 어떠한 성과를 창출했으며 그 우수성을 사실에 근거하여 기술하여 주십시오
1980,2,"본인만의 경쟁력(경험,Skill,지식 등)에 대하여 기술하시고 이를 얻기 위해 노력했던 경험을 기술해 주십시오. (800자 이내)"
1981,2,"본인이 지원한 직무와 관련된 실무역량을 습득하기 위하여 노력했거나 경험했던 사례를 구체적으로 기술하고, 습득한 실무역량을 다양한 환경변화 속에서 지속적으로 유지&발전 시키기 위하여 어떠한 노력을 기울이고 있는지 자세히 기술하시오."
1982,2,보유능력 및 기술-500자 이내
1983,2,해당하는 직무의 수행과 관련하여 가지고 있는 개인의 장점과 약점을 모두 기술하여 주십시오 686/1000
1984,2,"희망하는 직무에 지원하기 위해 준비해 온 과정과 함께, 지원 분야 관련 프로젝트 수행경험이 있다면 역할 및 기여도를 중심으로 기술하시기 바랍니다."
1985,2,"원하는 직무에 대해 본인이 갖추고 있는 전문지식이나 기술, 강점 등을 기술해주십시오."
1986,2,지원직무 관련 본인의 강점과 입사 후 기여방안
1987,2,지원하신 분야를 선택한 이유와 지원직무를 잘 수행하기 위한 노력 및 경험을 구체적으로 작성해주시기 바랍니다.
1988,2,직무경험: 희망직무 준비과정과 희망직무에 대한본인의 강점과 약점을 기술해주세요. 800
1989,2,지원하신 직무와 관련하여 갖추고 있는 본인만의 경쟁력을 구체적인 사례와 경험을 들어 말씀해주십시오. (700자)
1990,2,"본인이 희망한 직무를 성공적으로 수행할 수 있는 역량을 기술하고, 해당 역량을 갖추기 위해 어떤 준비와 경험을 하였는지 기술해 주십시오."
1991,2,청년인턴 직무에 필요한 직무능력을 습득하기 위해 받은 학교교육 또는 직업교육에 대해 기술하십시오. 400
1992,2,"청년인턴 직무 관련 업무를 수행한 경력 또는 관련 활동을 수행한 경험 중 대표적인 것에 대해 기술하십시오. 경력은 금전적 보수를 받고 일정기간 동안 일했던 이력을 의미하며, 경험은 직업 외적인(금전적 보수를 받지 않고 수행한) 활동을 의미합니다. 경력을 기술할 경우 구체적으로 직무영역, 활동/경험/수행내용, 본인의 역할, 주요 성과 등에 대해 작성하시고, 경험을 기술할 경우 구체적으로 본인의 학습경험 혹은 활동내용, 활동 결과에 대해 작성하시기 바랍니다. 400"
1993,2,청년인턴 직무와 관련하여 현재 귀하의 능력 중 보완할 부분과 해당능력을 향상시킬 수 있는 방안에 대하여 구체적으로 기술하여 주십시오. 400
1994,2,본인이 지원한 직무와 관련하여 해당 직무를 수행할 수 있는 역량에 대해 구체적으로 기술하여 주시기 바랍니다.
1995,2,지원분야와 관련하여 본인의 전문성을 키우기 위해 남들과 달리 특별한 노력을 했던 경험이 있다면 구체적으로 이야기 해주십시오.
1996,2,"본인이 지원한 직무 및 설명을 채용공고를 참조하여 첫 줄에 기입하고, 이에 대한 스스로의 경쟁력(경험,지식,Skill)과 입사 후 기여할 수 있는 점은 무엇인지 사례를 들어 설명하시오.(800자 이내"
1997,2,넥센타이어와 지원 직무에 요구되는 역량은 무엇이라고 생각하시나요? 또 이를 갖추기 위한 본인의 노력 또는 특별한 경험도 함께 기술해 주세요. 993 / 1000 자
1998,2,(기술능력) 과거의 교육과정이나 경력들을 통해 습득한 전공 지식 및 기술 경험들이 KOGAS 지원 분야 내의 업무들과 어떠한 관련성을 맺고 있다고 생각합니까? 또 그러한 지식과 경험이 실제 업무 수행에 어떠한 방식으로 도움을 줄 수 있는지 구체적으로 기술하여 주십시오. (500자 이내)
1999,2,지원분야에 필요한 직무능력을 습득하기 위해 받은 학교교육 또는 직업교육에 대해 기술하십시오.
2000,2,"지원분야의 관련 업무를 수행한 경험 중 대표적인것에 대해 기술하십시오. 경험은 직업 외적인(금전적 보수를 받지 않고 수행한) 활동을 의미합니다. 경험을 기술할 경우 구체적으로 본인의 학습경험 혹은 활동내용, 활동 결과에 대해 작성하시기 바랍니다."
2001,2,SW 개발 관련하여 수강한 과목명 및 성적을 연도별로 구분하여 작성해 주세요.
2002,2,학교생활 이외에 개발 능력 향상을 위한 활동이 있으면 기술하시오
2003,2,"본인의 지원 분야에 대한 전문성을 향상시키기 위해 어떠한 노력을 하였으며, 우리 회사에서 어떻게 활용될 수 있는지 기술해 주시기 바랍니다."
2004,2,지원 분야와 관련하여 특정 영역의 전문성을 키우기 위해 꾸준히 노력한 경험에 대해 서술해 주십시오. / 전문성을 높이기 위한 학습 과정/ 전문성 획득을 위해 투입한 시간 및 방법/ 습득한 지식 및 기술을 실전적으로 적용해 본 사례/ 전문성을 객관적으로 확인한 경험/ 전문성 향상을 위해 교류하
2005,2,지원 분야와 관련된 본인의 강점 혹은 업적 혹은 성장 가능성을 사례로 들어 간략히 적어주세요.
2006,2,"본인의 전문분야, 전공"
2007,2,"본인이 지원한 부서의 주요 업무내용 및 자격요건과 관련지어서, 해당 업무를 잘 수행할 수 있는 이유에 대하여 본인의 핵심 업무 역량 중심으로 기술하시오. 또한 업무 관련 경험이나 경력이 있을 경우 이에 대해 상세히 기술하시오.(업무 능력 중심)"
2008,2,"본인의 적성은 무엇인지, 왜 그렇게 생각하는지 기술하여 주십시오."
2009,2,"본인의 지원 분야에 대한 역량을 분석해 보고, 자신의 지원 분야에 대한 역량을 향상시키기 위해 어떠한 노력을 했는지 기술해 주시기 바랍니다 (최근 5년 이내 사례로 기술할 것)"
2010,2,지원분야에 필요한 직무능력을 습득하기 위해 받은 학교교육 또는 직업교육에 대해 기술하십시오(400자 이내 작성)
2011,2,"지원분야의 관련 업무를 수행한 경험 중 대표적인것에 대해 기술하십시오. 경험은 직업 외적인(금전적 보수를 받지 않고 수행한) 활동을 의미합니다. 경험을 기술할 경우 구체적으로 본인의 학습경험 혹은 활동내용, 활동결과에 대해 작성하시기 바랍니다.(400자 이내 작성)"
2012,2,"본인의 장/단점과 입사 후 장점은 어떻게 활용되고, 단점은 어떻게 보완 할 수 있겠는지를 기술하세요.(50자 이상 400자 이내"
2013,2,희망직무 및 지원 동기 기술
2014,2,"[직무]지원 분야를 위해 '노력한 내용(전공, 직무경험 등)'과 이를 통해 '확보된 역량'을 구체적으로 기술해주십시오.(100자 ~ 1000자)"
2015,2,특정 분야에 대한 전문가가 되기 위해 지식이나 정보를 수집하고 분석하는 등의 노력을 기울였던 경험이 있다면 구체적으로 기술해 주십시오.
2016,2,본인이 지원한 부문에 적합하다고 판단될 수 있는 이유 및 근거를 기재하시오.
2017,2,지원 직무를 향상시킨 경험
2018,2,보유하고 있는 전문기술을 위주로 자신을 PR
2019,2,"본인의 지원직무를 어떻게 이해하고 있는지 구체적으로 기술하고, 해당 분야에 본인이 적합하다고 판단할 수 있는 근거를 사례 및 경험을 바탕으로 기재해 주십시오. (700자)"
2020,2,지원분야(직무) 준비한 과정 - 개인의 경험을 토대로 구체적 기술 (1000바이트)
2021,2,KCC 인재상 중 자신에게 가장 부합하는 항목을 선택하여 개인의 경험과 함께 구체적으로 기술 (1000바이트)
2022,2,자신이 생각하는 인사담당자가 갖추어야 할 핵심역량은 무엇이라고 생각하는지 기술해 주세요
2023,2,"본인의 지원직무와 관련하여 자신의 강점/약점을 기술하고, 약점을 보완하기 위한 노력을 기술하십시오 [ 650자 이내]"
2024,2,"자신의 장점과 앞으로 바람직한 직장인-사회인이 되기 위해 꼭 필요한 가치들과 자기계발 계획에 대해 자세히 기술하십시오.[최소 700자 최대 2,500자]"
2025,2,직무능력 활용한 사례
2026,2,본인이 다른 지원자들보다 차별화 되는 창의성과 독창성에 관한 포인트를 기술해 주십시오.
2027,2,본인이 지원하는 직무에 있어 그 일을 잘할 수 있는 차별화된 역량과 경험에 대하여 기술해주십시오
2028,2,"지원자께서 남들 보다 뛰어난 점은 무엇이며, 직무에 어떻게 적용 할 수 있을 것인지를 구체적으로 기술하여 주시기 바랍니다. [ 500자 이상 1000자 이내 ] (1000자)"
2029,2,지원 분야에서 구체적으로 하고 싶은 일과 본인이 그 일을 남들보다 잘 할 수 있는 차별화된 능력과 경험을 기술해 주십시오.
2030,2,타인과 차별화 할 수 있는 경쟁력을 자신의 경험을 바탕으로 기술해라
2031,2,"지원직무를 잘 수행할 수 있는 이유는 무엇인가요? ① 지원 직무 수행 시 필요하다고 생각하는 역량 ② 지원 직무를 잘 수행하기 위한 그동안의 노력과 도전 (본인만의 강점, 준비, 관련경험) ③ 입사 후 성장 목표 등을 포함하여 구체적으로 작성해 주세요. (1,000자 이내)"
2032,2,지원 직무의 필요 역량 3가지와 그 역량을 갖추기 위해 준비한 것을 기술하시오.(800자)
2033,2,전문성의 구체적 영역(예. 통계분석)/ 전문성을 높이기 위한 학습 과정/ 전문성 획득을 위해 투입한 시간 및 방법/ 습득한 지식 및 기술을 실전적으로 적용해 본 사례/ 전문성을 객관적으로 확인한 경험/ 전문성 향상을 위해 교류하고 있는 네트워크/ 경험의 진실성을 증명할 수 있는 근거가 잘 드러나도록 기술 (1000 자 10 단락 이내) (1000
2034,2,인턴 지원과 관련된 본인의 경력 또는 경험을 기술하여 주십시오[ 200자 이상 500자 이내 ]
2035,2,타인과 구별되는 자신만의 경쟁력과 이를 얻기 위해 어떠한 노력을 했는지 기술하여 주십시오 [ 200자 이상 500자 이내 ]
2036,2,지원자 본인이 불확실한 결과를 두려워하지 않고 열정적으로 노력하는 사람임을 가장 잘나타내는 최근 3년 이내의 사례를 기술해 주시기 바랍니다.
2037,2,"지원자 본인이 현실과 타협하거나 편법을 사용하지 않고, 원칙대로 일을 처리하는 사람임을 가장 잘 나타내는 최근 3년 이내의 사례를 기술해 주시기 바랍니다."
2038,2,지원자 본인이 자신의 지원분야에 대한 전문성을 향상시키기 위해 꾸준히 노력하는 사람임을 가장 잘 나타내는 최근 3년 이내의 사례를 기술해 주시기 바랍니다.
2039,2,"귀하가 지원한 직무는 무엇이며, 해당 직무에 관심을 갖게 된 계기와 이를 잘 수행할 수 있다고 생각하는 이유를 본인의 역량, 준비과정 및 관련 경험을 근거로 서술해 주십시오. [500자 이하]"
2040,2,"[경험/경력기술서] 입사지원서에 기술한 경력사항 또는 직무관련 기타 활동에 대해 상세히 기술해 주시기 바랍니다. - 직무관련 '경력'사항 기술은 직무영역, 활동/경험/수행 내용, 본인의 역할 및 활동, 주요성과에 대해 구체적으로 작성해 주시기 바랍니다. - 직무관련 '경험'사항 기술은 본인이 수행한 활동내용, 소속 조직이나 활동에서의 역할, 활동결과에 대해 구체적으로 작성해 주시기 바랍니다. [1000자 이내]"
2041,2,"지원한 업무를 수행하는데 있어, 본인이 다른 지원자보다 자신있게 내세울 수 있는 역량 3가지를 사례 또는 이유와 함께 작성해 주세요(공백포함 200자 이내)"
2042,2,"희망직무는 무엇이고, 여러분의 경험과 지식 등이 해당 직무에 어떻게 활용될 수 있을지 구체적인 근거로 설명해주세요"
2043,2,"본인이 지원한 직무 및 설명을 채용공고를 참조하여 첫 줄에 기입하고, 이에 대한 스스로의 경쟁력(경험,지식,Skill)과 입사 후 기여할 수 있는 점은 무엇인지 사례를 들어 설명하시오.(800자 이내) ex) 국내영업관리 - 유통망 육성 및 영업활동 지원, 영업정보 분석, 신규시장 개발, 전공무관, 명확한 목표의식, 적극성, 영업적 커뮤니케이션 스킬"
2044,2,"[경험기술서]ㆍ입사지원서에 기술한 경력 및 직무관련 기타 활동에 대해 상세히 기술해 주시기 바랍니다. ㆍ구체적으로 본인이 수행한 경력이나 직무관련 활동내용, 소속 조직이나 활동에서의 역할, 활동 결과, 성과에 대해 작성해주시기 바랍니다."
2045,2,[자기소개서사항]*(조직이해능력) 본인이 알고 있는 남동발전에 관한 내용에 대해 자세하게 기술해 주십시오.
2046,2,"*(자기개발능력) 현재 지원하고자 하는 분야와 관련된 강점을 개발시키기 위해 취했던 행동들에 대해 구체적으로 기술해 주십시오. 그러한 활동 및 행동을 하게 된 계기는 무엇이었으며, 결과적으로 본인이 지원한 분야에 어떤 도움이 될 지에 대해 구체적으로 기술해 주십시오."
2047,2,"직무경험, 희망직무 준비과정과 희망직무에 대한 본인의 강점과 약점(실패 또는 성공사례 중심)"
2048,2,과거의 교육과정이나 경력들을 통해 습득한 전공 지식 및 기술 경험들이 KOGAS 지원 분야 내의 업무들과 어떠한 관련성을 맺고 있다고 생각합니까? 또 그러한 지식과 경험이 실제 업무 수행에 어떠한 방식으로 도움을 줄 수 있는지 구체적으로 기술하여 주십시오
2049,2,직무적합도 : 본인이 지원하는 직무에 적합하다고 생각하는 이유를 기술해 주시기 바랍니다.
2050,2,희망직무 준비과정 및 관련된 경험에 대해 구체적으로 기술해 주세요. (700자)
2051,2,직무경험: IT 관련하여 본인이 경험한 프로젝트/직무 경험을 기초로 본인의 강점과 약점을 기술해주세요. (800자)
2052,2,직무경험 : IT 관련하여 본인이 경험한 프로젝트/직무 경험을 기초로 본인의 강점과 약점을 기술해주세요. (800자)
2053,2,"'하나투어'가 왜 본인을 선발해야 하는지, 지원한 직무에 있어 '나만의 장점'이 무엇인지 구체적으로 기술하시오."
2054,2,입사를 위해 필요한 직무 역량
2055,2,"본인이 지원한 직무에 가장 중요하다고 생각하는 역량과 이에 대한 자신만의 차별화된 강점 (전문지식, 기술, 경험 등)은 무엇인지 기술해 주십시오."
2056,2,"지원하신 직무와 관련 하여, 가장 필요한 역량은 무엇이며, 이 역량을 갖추기 위하여 어떠한 노력을 하였는지 본인의 경험에 근거하여 서술하여 주시기 바랍니다. [500자 이상 1000자 이내]"
2057,2,세부역량기술 *지원자가 갖고있는 역량에 대하여 기술하여 주십시오.
2058,2,프로젝트 및 성과 경험 *지원자의 업무 경력의 성과 경험에 대하여 기술하여 주십시오.
2059,2,지원분야 지원을 위해 받은 교육을 쓰시오
2060,2,지원 분야와 관련 된 활동
2061,2,"본인의 지원직무와 관련하여 자신의 강점/약점을 기술, 약점을 보완하기 위한 노력을 기술하십시오. (1200 Byte)"
2062,2,"해당 희망직무를 지원한 이유를 기술하고, 지원한 직무를 성공적으로 수행하기 위해 어떠한 활동 또는 노력을 하고 있는지 기술하시오. (띄어쓰기 포함 800 자 이내)"
2063,2,"본인이 지원한 직무와 관련한 경험(금전적 보수 없음) 혹은 경력(금전적 보수 있음)에 대해 기술해 주시기 바랍니다. 다양한 활동(학교, 회사, 동아리, 동호회 등)을 통해 지원한 직무와 관련하여 쌓은 경험 또는 경력사항에 대해 작성해 주십시오. (1000자 이내) 1-1. 언제, 어디서 활동했던 경험인지 기술해 주십시오. (200자 이내)"
2064,2,지원동기 및 지원분야와 관련된 본인의 경쟁력
2065,2,지원분야와 관련된 구체적인 지식이나 경험을 기재하여 주십시오.(500자)
2066,2,지원 분야에서 구체적으로 하고 싶은 일과 본인이 그 일을 남들보다 잘 할 수 있는 차별화된 능력과 경험을 기술해 주십시오.(500~700자)
2067,2,[My Competence] 본인이 지원한 직무관련 지원동기와 역량에 대하여 해당 직무의 지원동기를 포함하여 직무관련 본인이 보유한 강점과 보완점을 사례를 통하여 구체적으로 기술해주시기 바랍니다.(1000자)
2068,2,지원 분야에 관련된 본인의 직무전문성을 향상시키기 위해서 어떠한 노력을 하였는지 최근의 사례를 구체적으로 기술하여 주십시오.
2069,2,청년인턴 직무에 필요한 직무능력을 습득하기 위해 받은 학교교육 또는 직업교육에 대해 기술하십시오.
2070,2,"청년인턴 직무 관련 업무를 수행한 경력 또는 관련 활동을 수행한 경험 중 대표적인 것에 대해 기술하십시오. 경력은 금전적 보수를 받고 일정기간 동안 일했던 이력을 의미하며, 경험은 직업 외적인(금전적 보수를 받지 않고 수행한) 활동을 의미합니다. 경력을 기술할 경우 구체적으로 직무영역, 활동/경험/수행내용, 본인의 역할, 주요 성과 등에 대해 작성하시고, 경험을 기술할 경우 구체적으로 본인의 학습경험 혹은 활동내용, 활동 결과에 대해 작성하시기 바랍니다."
2071,2,지원분야와 관련하여 특정 영역의 전문성을 키우기 위해 꾸준히 노력한 경험에 대해 서술해 주십시오
2072,2,"본인의 지원 분야에 대한 전문성을 향상시키기 위해 어떠한 노력을 하였으며, 우리 회사에서 어떻게 활용될 수 있는지 기술해 주시기 바랍니다.(최근 5년 이내 사례로 기술할 것)"
2073,2,Test Engineer와 QA 직무가 수행하는 역할에 대해 이해한 내용과 TE 혹은 QA에 관심을 갖게 된 계기를 기술해 주세요.
2074,2,"지원분야에 대한 지원자 본인의 직무전문성을 가장 잘 보여주는 사례를 구체적으로 기술해 주시기 바랍니다. ㆍ지원분야에 대한 본인의 전문성(전공분야, 전문분야)를 보유하기 위해 어떤 노력을 기울였으며 또한 전문성을 향상시키기 위한 계획을 간략히 기술해 주시기 바랍니다"
2075,2,"입사지원서에 기술한 직무관련 경력 및 경험에 대해 상세히 기술해 주시기 바랍니다. 경력을 기술할 경우 구체적으로 직무영역, 활동/경험/수행내용, 본인의 역할 및 구체적 행동, 주요성과에 대해 작성해 주시고, 경험을 기술할 경우 구체적으로 본인이 수행한 활동내용, 소속조직이나 활동에서의 역할, 활동결과에 대해 작성해주시기 바랍니다. 2000바이트"
2076,2,"본인 전문성의 강점을 가지고 어떤 문제를 해결함에 있어, 본인이 지원한 채용업무와 연계하여 경험한 사례를 기술하여 주십시오."
2077,2,직무에 필요한 역량은?
2078,2,"입사지원서에 기술한 경력 및 직무관련 기타 활동에 대해 상세히 기술해 주시기 바랍니다. *ㆍ구체적으로 본인이 수행한 경력이나 직무관련 활동내용, 소속 조직이나 활동에서의 역할, 활동 결과, 성과에 대해 작성해주시기 바랍니다."
2079,2,(조직이해능력) 본인이 알고 있는 남동발전에 관한 내용에 대해 자세하게 기술해 주십시오.어떠한 경로를 통해 그러한 정보를 얻게 되었는지 혹은 추가적인 정보를 얻기 위해 취한 행동/노력은 무엇이었는지를 기술해 주십시오.
2080,2,[직무역량]지원직무에 지원하는 이유와 지원한 직무와 관련된 본인이 가진 열정과 역량에 대하여 작성해 주시기 바랍니다. (700자)
2081,2,"지원직무 수행 시 예상되는 어려움(갈등)은 무엇이며, 이를 극복해 나갈 수 있는 본인의 강점과 가치관을 작성해주세요."
2082,2,주요경력 .활동 ? 세부전공 내용 중심으로 기술
2083,2,"본인이 세아인이 되기 위해 가장 부족한 역량은 무엇이며, 어떠한 방식으로 개선할 계획인지 기술하시오"
2084,2,해당직무에 지원하게 된 동기와 자신의 어떠한 부분이 해당직무 수행에 적합한지 기술하시오
2085,2,"지원 직무 관련 주요 연구 및 업무경험에 대해 구체적으로 기술해 주십시오. * Lab명, Lab 주요연구활동, 주요논문 혹은 연구과제, 연구기간, 관련 특허, 논문초록 등 (700자)"
2086,2,[지원분야 관련 전문지식 (논문요약포함)]
2087,2,지원서에 기술한 경험사항(경력이 있으시면 경력사항 기재)에 대해서 상세히 작성해 주십시오.
2088,2,"에이전시 업이란 무엇인지 자신의 생각으로 정의하고, 에이전시 업을 수행하는데 적합하다고 생각되는 자신의 강점을 기술해주세요. (600자)"
2089,2,"본인의 지원 분야에 대한 역량을 분석해 보고, 자신의 지원 분야에 대한 역량을 향상시키기 위해 어떠한 노력을 했는지 기술해 주시기 바랍니다. (최근 5년 이내 사례로 기술할 것)"
2090,2,경력기술 * 포트폴리오에 경력기술이 포함된 경우 포트폴리오로 대체 가능 *
2091,2,"지원분야와 관련된 구체적인 지식이나 경험을 기재하여 주십시오. Guide> 관련학습, 동아리 활동, 수상경험 등을 중심으로 자유롭게 기재해 주시기 바랍니다. (500자)"
2092,2,희망직무를 기재하시고 그 이유와 본인의 적합성에 대해 세 가지 차원에서 정리하여 기술하십시오.
2093,2,"아래 열거된 역량은 DSME에서 필요한 역량입니다. 본인이 보유한 역량 중 가장 근접한 역량 3가지를 선택하고, 스스로 각 역량별로 점수화(각각 100점 만점 기준)한 다음 그에 따른 근거를 기술하십시오. → 성실성, 협력성, 책임감, 주도성/적극성, 창의성, 협상력, 위기관리능력, 외국어구사능력, 복수과제처리능력, 조선해양산업의 이해, 의사소통능력, 기획력"
2094,2,당신이 보유한 직무역량 중 금호석유화학그룹人이 되기 위해 가장 적합한 직무역량을 서술하십시오. (30자)
2095,2,해당 직무역량을 향상시키기 위해 노력했던 경험을 서술하십시오. (150자)
2096,2,해당 직무역량을 최대한 발휘하고자 노력하신 경험을 구체적으로 서술하십시오. (300자)
2097,2,"입사지원서에 기술한 경력 및 경험사항에 대하여 상세히 기술해 주시기 바랍니다. 구체적으로 활동/경험/수행내용, 본인의 역할, 주요 성과에 대해 작성해 주시기 바랍니다. 4000 Bytes 이내"
2098,2,지원한 직무와 관련한 경력이나 경험 및 활동의 내용을 기술해 주십시오. (400byte 이내)
2099,2,해당 경험이 국민건강보험공단 입사 후 업무 수행에 어떠한 도움을 줄 수 있는지 기술해 주십시오. (400byte 이내)
2100,2,"본인이 지원한 분야에 기여할 수 있는 점 지원분야의 직무를 잘 수행할 수 있는 본인의 강점, 역량, 직무경험 등에 대하여 작성하여 주십시오."
2101,2,"(NCS 경험 및 경력기술서)지원 분야와 관련된 업무경력 및 실적 등 경력사항이나 다른 경험 및 활동에 대해 상세히 기술해 주시기 바랍니다. 경력사항의 경우, 채용 분야의 직무와 관련된 기업이나 조직에서 실제적으로 수행한 업무 경험에 대해서 작성해 주십시오. 경험 및 활동의 경우, 산학, 팀 프로젝트, 연구회, 동아리/동호회, 온라인 커뮤니티, 재능기부 등 다양한 조직에서의 활동을 통해 지원 분야와 관련한 경험을 쌓은 내용을 작성해 주십시오. 2-1. 본인이 지원한 직무와 관련하여 경험한 업무 또는 활동은 어떤 내용인지 기술해 주십시오."
2102,2,사회 활동이나 강점과 연계한 직무 연관성
2103,2,"지원직무를 잘 수행할 수 있는 이유는 무엇인가요? ① 지원 직무 수행 시 필요하다고 생각하는 역량 ② 지원 직무를 잘 수행하기 위한 그동안의 노력과 도전 (본인만의 강점, 준비, 관련경험) ③ 영업사원으로서 예상되는 하루업무 일과 등을 포함하여 구제적으로 작성해 주세요. (1,000자 이내)"
2104,2,Global 쌍용건설의 인재로서 갖추어야 할 중요한 마인드 및 매너는 무엇이라고 생각하는지 본인의 경험에 비추어 작성해 주시기 바랍니다. (영문 작성 가능)
2105,2,"지원분야와 관련하여 자신 있는 본인의 강점에 대해, 구체적인 경험을 중심으로 서술하여 주십시오.(600자 /1800byte)"
2106,2,"지원한 분야에서의 전문성 향상과 지식 습득을 위해 본인이 노력한 경험을 토대로, 현대엔지니어링이 귀하를 채용해야 하는 이유를 기술해 주십시오."
2107,2,"해당 직무 분야를 선택하게 된 이유와, 직무 수행에 필요한 역량을 갖추기 위해 어떠한 노력을 하였는지 구체적인 경험을 근거로 상세하게 기술하여 주시길 바랍니다. (700자)"
2108,2,지원분야에서 남들보다 잘할 수 있는 본인의 강점과 경험을 구체적으로 기술해 주시기 바랍니다. (500자)
2109,2,"[역량] 관련 역량을 갖추기 위해 구체적으로 어떠한 노력을 하였는지 말씀해 주세요. (학업과정, 경험, 자격증 취득 등)"
2110,2,"입사 전 경력에 대해 말씀해주세요. 필수 기재 항목이 아니며, 해당자에 한하여 입력(인턴/직장경력) (500자 이하로 작성)"
2111,2,"지원한 직무를 선택한 동기는 무엇이며, 직무 수행에 필요한 역량을 갖추기 위한 본인의 노력에 대해 구체적으로 기술하십시오. (전공 또는 전공 외 교육 및 경험)* 1000자 이내(공백 포함)로 기술하여 주십시오."
2112,2,입사 지원하신 직무(1지망)를 수행하는데 있어 자신이 적합하다고 생각하는 이유를 지금까지 쌓아온 경험과 능력 위주로 소개해 주십시오.
2113,2,[필수] 희망하는 개발분야 또는 관심있는 기술분야에 대해서 작성해주세요.
2114,2,[필수] 자신의 기술력과 열정을 보여줄 수 있는 활동사항을 기재해 주세요.
2115,2,"희망직무에 요구되는 역량은 무엇이라고 생각하며, 이를 갖추기 위한 본인의 노력 또는 특별한 경험을 기술하세요. (600자)"
2116,2,성격의 장단점 : 자신의 성격의 장단점이 업무 수행에 미칠 영향은 무엇입니까?
2117,2,"본인이 지원한 직무와 관련한 경험(금전적 보수 없음) 혹은 경력(금전적 보수 있음)에 대해 기술해주시기 바랍니다. 다양한 활동(학교, 회사, 동아리, 동호회 등)을 통해 지원한 직무와 관련하여 쌓은 경험 또는 경력사항에 대해 작성해 주십시오."
2118,2,"본인이 한국수력원자력의 인재상에 맞는 인재가 되기 위해 어떤 면에서 준비가 되어있으며, 해당능력을 개발하기 위해 어떠한 노력을 하였는지 구체적인 사례를 아래 세부항목에 따라 작성해 주십시오."
2119,2,지원 직무를 위해 준비된 본인 만의 차별화된 필살기/경험/경력을 상세히 기술하시오. * [100자 이상 1000자 이내]
2120,2,"지원하고자 하는 분야와 관련된 강점을 개발시키기 위해 취했던 행동들에 대해 구체적으로 기술해 주십시오. 그러한 행동 및 활동을 하게 된 계기는 무엇이었으며, 결과적으로 본인이 지원한 분야에 어떤 도움이 될지에 대해 구체적으로 기술해 주십시오. (200자 이상 600자 이내)"
2121,2,"지원하신 직무를 수행하기 위해 필요한 전문적인 역량은 무엇이라 생각하며, 귀하가 가진 역량에 대해 아래 질문을 감안하여 기술하여 주십시오. - 서울시설공단을 알게된 경로나 지원하게 된 동기는 무엇입니까?"
2122,2,"지원분야 업무를 수행함에 있어서 필요한 역량은 무엇이라고 생각하며, 본인이 가진 역량은 무엇입니까?"
2123,2,"지원하신 직무를 수행하기 위해 필요한 전문적인 역량은 무엇인지, 그 역량을 가지게 되기 까지의 경험, 자신의 행동, 결과 등을 아래 질문을 감안하여 기술하여 주십시오."
2124,2,해당지원 분야에 대해 본인이 가진 강점은 무엇인가요?
2125,2,"디스플레이 및 지원 직무 관련된 이력을 간결하게 나열해주시기 바랍니다. 학교수강교과목, 외부교육수강 이력, 프로젝트 경험 등을 제목/경험/성적(또는 성과) 등으로 기술해주시면 됩니다."
2126,2,지원분야와 관련된 구체적인 지식이나 경험을 기재하여 주십시오.
2127,2,"해당 직무를 수행하기 위해 필요한 역량은 무엇이며, 이 역량을 갖추기 위해 어떠한 노력을 해왔는지(학습사항, 학위 및 전공 등) 사실에 근거하여 설명해주십시오. 또한 지원직무와 관련해 본인 만의 차별화된 지식과 경험을 구체적으로 기술하여 주십시오. [ 100자 이상 1000자 이내 ]"
2128,2,직무분야와 관련한 연구개발 수행(또는 실무경력)을 통해 어떠한 성과를 창출했으며 그 우수성을 사실에 근거하여 기술하여 주십시오. [ 100자 이상 1000자 이내 ]
2129,2,"본인이 지원한 직렬에 필요한 지식이나 기술을 습득하기 위해 받은 교육(전공포함), 경력(경험, 현장실습 등 포함)을 기술해 주십시오. (띄어쓰기 포함 800자 이내)"
2130,2,해당 직무를 수행함에 있어 예상되는 어려움과 이를 극복해 나갈 수 있는 본인만의 경쟁력이 무엇인지 기술하시오.(경험 중심으로 기재) 300
2131,2,"[신입] 최근 3년 동안 지원자가 했던 일 중에서 가장 자랑할 만한 것은 무엇이며, 이에 대한 진행과정 및 구체적인 성과를 기술하시오. 400"
2132,2,입사지원서에 기술한 직무관련 경험 등에 대해 상세히 기술해 주시기 바랍니다.
2133,2,(5)관심분야 및 자기개발 계획
2134,2,(6)직무 관련 보유 지식·자격·경험·경력에 대해 자세히 기술
2135,2,지원하신 직무에 귀하를 반드시 채용해야 하는 이유를 두 가지 이상 기술해주십시오.
2136,2,지원분야에 대한 준비과정(사회경험) 또는 해당 지원분야에 대한 본인의 강점을 기술해주세요. (700자)
2137,2,지원분야(직무) 준비한 과정 - 개인의 경험을 토대로 구체적 기술 (1000byte)
2138,2,KCC 인재상 중 자신에게 가장 부합하는 항목을 선택하여 개인의 경험과 함께 구체적으로 기술 (1000byte)
2139,2,원분야에 필요한 직무능력을 습득하기 위해 받은 학교교육
2140,2,지원분야의 관련 업무를 수행한 경력 또는 관련 활동을 수행한 경험
2141,2,지원분야와 관련하여 현재 귀하의 능력
2142,2,지원분야에 대한 강점
2143,2,본인이 요구 역량을 함양하기 위해 어떤 노력을 해 왔는지 구체적 사례를 중심으로 서술하세요
2144,2,"Big Data 직무는 ①Data 분석 및 Modeling ②Data Engineering의 두 가지 분야로 이루어져 있습니다. 본인의 역량에 가장 적합한 분야를 한가지 선택하고, 해당 분야와 관련된 프로젝트 / 공모전 / 대회 / 논문 / 연구 / 학습 및 기타 활동에 참여했던 2가지 경험에 대해 서술해 주십시오. (4~5번 문항 각 1가지)"
2145,2,"[필수문항] LINE에서 왜 자신을 채용해야 하는지, 자신의 경쟁력에 대해 구체적으로 적어 주세요. (제한 없음)"
2146,2,해당 직무에 지원하기 위해 준비한 본인만의 경쟁력을 구체적인 사례와 경험을 들어 말씀해주십시오. (700자)
2147,2,직무경험 : IT 관련하여 본인이 경험한 프로젝트/직무 경험을 기초로 본인의 강점과 약점을 기술해주세요.
2148,2,"지원분야의 직무를 잘 수행할 수 있는 본인의 강점, 역량, 직무경험 등에 대하여 작성하여 주십시오."
2149,2,자신의 전문성 향상을 위해 어떤 노력을 하였는지 기술하시오. * [500자 이내]
2150,2,"(직무역량) 본인이 희망하는 직무를 선정하고, 그 이유와 이를 위해 어떠한 준비를 하였는지 서술하시오."
2151,2,학교법인 한국폴리텍의 직원으로서 본인의 객관성과 공정성을 나타낼 수 있는 경험이나 사례에 대해 기술하여 주십시오.
2152,2,"해외영업직을 효과적으로 수행하기 위해 필요한 역량 또는 덕목은 무엇이며, 이를 바탕으로 본인이 가진 강점과 보완점을 기술해 주시기 바랍니다.(500)"
2153,2,지원동기 및 자신이 잘 할 수 있는 업무와 그 이유를 기술하시오.
2154,2,본인이 지원한 직무를 하고 싶은 이유와 본인이 그 직무에 어떻게 적합한지 기술해주세요.
2155,2,본인이 다른 지원자들보다 차별화 되는 창의성과 독창성에 관한 포인트를 기술해 주십시오. (1000자 이하)
2156,2,직장(담당 업무 및 업무성과 위주로 기재) 및 사회활동 경력
2157,2,"지원동기 및 직무역량 지원한 직무를 선택하게 된 계기는 무엇이며, 해당 직무수행을 위한 준비사항 및 경험을 작성하여 주시고, 다른 사람보다 차별화된 역량이 무엇인지 기술하여 주시기 바랍니다. 500자"
2158,2,자신이 지원한 분야에서 뛰어난 전문가가 되기위해 기울이고있는 노력
2159,2,지원한 직무는 무엇입니까? 해당 직무에 대한 전문가가(전문지식 습득 등)되기 위해 어떤 노력을 하였으며 이를 통해 무엇을 배웠는지 기술하여 주십시오
2160,2,전공 및 프로젝트 수행사항
2161,2,희망직무 및 지원동기 기술
2162,2,항공기 정비사가 갖추어야 할 역량/역할/의무/책임 등은 무엇인지 자유롭게 서술하여 주십시오. * [200자 이상 500자 이내] /500
2163,2,(조직이해능력) 본인이 알고 있는 남동발전에 관한 내용에 대해 자세하게 기술해 주십시오. 어떠한 경로를 통해 그러한 정보를 얻게 되었는지 혹은 추가적인 정보를 얻기 위해 취한 행동/노력은 무엇이었는지를 기술해 주십시오.
2164,2,"(자기개발능력) 현재 지원하고자 하는 분야와 관련된 강점을 개발시키기 위해 취했던 행동들에 대해 구체적으로 기술해 주십시오. 그러한 활동 및 행동을 하게 된 계기는 무엇이었으며, 결과적으로 본인이 지원한 분야에 어떤 도움이 될 지에 대해 구체적으로 기술해 주십시오."
2165,2,본인이 지원한 직무에 대한 적합성과 지원동기에 대하여 자세히 기술하여 주시기 바랍니다.
2166,2,본인의 관심분야와 경험
2167,2,지원직무를 수행하기에 특화된 장점을 본인의 경험을 바탕으로 기술하여 주십시오
2168,2,"본인만의 경쟁력(경험, Skill, 지식)에 대하여 소개하고 회사에 어떻게 기여할 수 있는지 작성해 주세요."
2169,2,"(My Competency)지원 직무와 관련된 이력을 간결하게 나열해주시기 바랍니다.≪Guide≫ 학교수강교과목, 외부교육수강 이력, 프로젝트 경험 등을 제목/경험/성적(또는 성과) 등으로 기술해주시면 됩니다."
2170,2,지원직무 관련 경험
2171,2,입사지원서에 기술한 경험 및 경력사항에 대해 구체적으로 작성해주십시오.
2172,2,본인이 선택한 직무에 대해 아래 내용을 포함하여 기술하시오.1) 직무를 선택하게 된 이유2) 직무를 수행함에 있어 예상되는 어려움3) 이를 극복해 나갈 수 있는 본인만의 강점 (관련경험 기반)
2173,2,귀하가 현재 학과(전공)를 선택한 이유는 무엇이고 그 학업결과는 어떠합니까? [최소 300자 500자 제한]
2174,2,귀하가 보유한 강점(지식/기술/특기/사회성 등)을 활용하여 회사발전에 기여할 수 있는 점은 무엇입니까? [최소 300자 500자 제한]
2175,2,"지원한 직렬에 필요한 지식이나 기술을 습득하기 위해 받은 교육, 경험을 기술하시오."
2176,2,"본인이 지원하는 직무를 수행함에 있어서 요구되는 역량이 무엇이라 생각하며, 이 역량을 갖추기 위한 노력 또는 특별한 경험을 기술하여 주십시오."
2177,2,관심분야 및 희망직무 중심으로 기술해주시기 바랍니다. (최대 500자)
2178,2,직무경험(희망직무에 대한 본인의 강점과 약점)
2179,2,응시분야와 관련된 직무경험 또는 응시분야와 관련이 없더라도 일을 한 경험을 구체적으로 기술해 주세요. (1000자)
2180,2,지원직무를 위해 노력했던 경험과 해당 직무를 수행함에 있어 본인이 가진 역량을 기술해 주십시오.
2181,2,"지원분야의 관련 업무를 수행한 경력 또는 관련 활동을 수행한 경험 중 대표적인 것에 대해 기술하십시오. 경력은 금전적 보수를 받고 일정기간 동안 일했던 이력을 의미하며, 경험은 직업 외적인(금전적 보수를 받지 않고 수행한) 활동을 의미합니다. 경력을 기술할 경우 구체적으로 직무영역, 활동/경험/수행내용, 본인의 역할, 주요 성과 등에 대해 작성하시고, 경험을 기술할 경우 구체적으로 본인의 학습경험 혹은 활동내용, 활동 결과에 대해 작성하시기 바랍니다."
2182,2,"지원한 직무를 수행함에 있어 본인이 가지고 있는 강점 및 경험, 노력 등을 기술해 주세요"
2183,2,"[세부경력사항]신입은 인턴, 아르바이트, 수상경력을 자세히 기술 → Project 업무는 본인의 역할과 업무영역 등을 명확하게 기술 (2000자)"
2184,2,직무 역량에 대해 서술하시오.
2185,2,본인이 지원한 직무에 대해 남들보다 어떠한 강점과 경쟁력이 있는지 기술해 주세요.
2186,2,해당 직무를 지원한 이유와 직무를 잘 수행하기 위해 역량을 개발해온 과정을 구체적으로 기술하여 주십시오.
2187,2,직무를 위해 준비해 온 것
2188,2,"지원직무를 선택한 이유와 그 직무에 필요한 역량을 갖추기 위해 어떠한 노력을 해왔는지 구체적으로 서술하고, 그 준비과정들이 회사와 본인의 발전에 어떻게 기여할 것이라 생각하시는지 기술하시오."
2189,2,"지원직무 수행 시, 중요하다고 생각되는 직무관련 전문지식을 2~3가지 주제로 선정하고 그 이유와 내용을 구체적으로 작성해주세요. (700자 이내)"
2190,2,"자신의 장점(성격, 특기 등)을 소개하고, 청년인턴으로 근무하게 된다면 이 장점이 공단에 어떤 기여를 할 수 있을 지 500자 이상 구체적으로 기재하여 주시기 바랍니다."
2191,2,자신의 전문성을 통해 어떤 성과를 이루었는지 기술하시오. (1000자 이내)
2192,2,"지원한 직무를 선택한 동기는 무엇이며, 직무 수행에 필요한 역량을 갖추기 위한 본인의 노력에 대해 구체적으로 기술하십시오. (전공 또는 전공 외 교육 및 경험)"
2193,2,"본인의 지원직무와 관련하여 강점/약점을 기술하고, 약점을 보완하기 위한 노력"
2194,2,직무 강점을 서술하시오.
2195,2,지원 직무를 수행하는데 필요한 역량 중 본인이 보유한 강점은 무엇인가요?
2196,2,"해당 직무에 지원하는 구체적 이유, 그리고 그 직무를 잘 수행하기 위해 준비해 온 과정을 기술해주십시오."
2197,2,"본인이 지원분야에 적합하다고 판단할 수 있는 이유 및 근거를, 본인의 노력과 경험을 바탕으로 제시해 주시기 바랍니다. (1000자 이내)"
2198,2,지원분야 관련 자신의 강점 기술 (1000자 이내)
2199,2,지원분야에 필요한 직무능력을 습득하기 위해 받은 학교교육 또는 직업교육에 대해 기수하십시오.
2200,2,[자기개발능력] 본인의 포부와 그 포부를 달성하기 위해 어떠한 준비와 노력을 하였는지 기술 하십시오
2201,2,"본인이 지원한 직렬의 주요업무를 간략히 기술하고, 그에 따른 필요한 지식이나 기술을 습득하기 위해 받은 교육, 실무실습 내용을 기술하십시오."
2202,2,"수강했던 전공 과목을 나열하여 작성하고, 그 중 가장 관심 있게 수강한 과목과 그 이유를 기술하여 주십시오.(전산/컴퓨터공학 관련 과목 작성)"
2203,2,"지원분야에 필요한 직무능력을 습득하기 위해 받은 학교교육 또는 직업교육에 대해 기술하십시오 (분야, 과목명, 주요내용, 성과 등) 400자"
2204,2,"지원분야의 관련 업무를 수행한 경력 또는 관련 활동을 수행한 경험 중 대표적인 것에 대해 기술하십시오 본인의 학습경험 혹은 활동내용, 결과에 대해 작성"
2205,2,지원 분야와 관련하여 현재 귀하의 능력 중 보완할 부분과 해당능력을 향상시킬 수 있는 방안에 대하여 구체적으로 기술하여 주십시오
2206,2,희망 직무에 지원한 이유와 해당 직무에 대한 본인만의 강점을 쓰시오.
2207,2,"본인의 장/단점과 입사 후 장점은 어떻게 활용되고, 단점은 어떻게 보완 할 수 있는지 설명하시오."
2208,2,"본인이 희망하는 업무는 무엇이며, 업무 수행에 필요한 역량을 갖추기 위해 어떠한 노력을 했는지 구체적으로 기술해 주십시오."
2209,2,"지원한 지역의 경제, 문화, 산업(농업 등)의 특성에 대해 설명하고, 해당지역 인재로 성장하기 위해 어떠한 역량을 갖추고 있는지 기술하시오."
2210,2,"은행 지점에서 근무하기 위해 가장 필요한 역량에 대해 제시하고, 자신은 얼마나 그 역량을 갖추고 있는지 구체적 경험을 들어 기술하시오."
2211,2,본인이 지원 분야에 적합하다고 판단할 수 있는 근거에 대해 경험을 중심으로 작성해 주십시오. (1000자 이내)
2212,2,채용공고상 주요업무를 수행하는데 있어 도움이 될 본인의 강점이나 관련 경험에 대해 작성해 주세요.
2213,2,"경험기술서 · 입사지원서에 입력한 직무관련 기타 활동에 대해 기술해 주시기 바랍니다. 구체적인 활동 내용, 본인의 역할, 활동 결과 등에 대해 800자 이내로 작성해 주시기 바랍니다."
2214,2,"희망직무는 무엇이며, 그 직무를 수행하기 위한 필요역량이 무엇인지 제시하고 그러한 역량을 확보하기 위해 어떠한 노력을 해왔는지 기술하세요. (1000자 이내)"
2215,2,"지원자의 장점 및 단점이 무엇이며, 그 중 장점을 발휘했던 경험과 단점을 보완하기 위해 노력했던 경험을 기술하세요.(1000자 이내)"
2216,2,입사지원서에 기술한 경력 및 직무관련 기타 활동에 대해 상세히 기술해 주시기 바랍니다.
2217,2,(자기개발능력) 현재 지원하고자 하는 분야와 관련된 강점을 개발시키기 위해 취했던 행동들에 대해 구체적으로 기술해 주십시오.
2218,2,"본인의 장,단점을 중심으로 자신을 소개하고, 입사 후 장점은 어떻게 활용하고, 단점은 어떻게 보완할 수 있겠는지를 기술하시오."
2219,2,"해당직무를 지원한 동기와 이를 잘 수행할 수 있는 본인만의 경쟁력을 자신의 경험에 근거하여 구체적으로 작성해 주세요. ① 직접경험 , ② 간접경험 (1000자 이내)"
2220,2,"입사를 위해 어떤 준비를 했습니까? (자격 및 교육수료, 경력사항 중심)"
2221,2,주요 경력 및 활동사항
2222,2,"자신이 수강한 전공과목 중 가장 자신 있는 전공 3가지에 대해, 각각의 이유와 학점을 명시해 주세요. (1000자 이내)"
2223,2,"자신이 갖춘 직무와 관련된 실력을 표현하고, 그 근거를 기술하시오."
2224,2,"지원한 직무와 직접적인 연관성은 없으나, 입사 후 회사생활을 하는 데 도움이 될 수 있는 자신이 가진 지식이나 경험에 대해 기술하시오. (400 자 4 단락 이내)"
2225,2,"본인이 희망하는 관심직무에 대해 선택하게 된 사유와 해당직무를 지원하면서 본인이 준비해온 과정을 교육사항, 자격사항, 사회활동, 경력사항 등과 연계하여 자유롭게 기재하여 주시기 바랍니다. 그리고 해당직무를 수행함에 있어서 본인만의 강점을 구체적 사례와 함께 기술 바랍니다. (1000자 이내)"
2226,2,주요경력 - 세부전공 내용 중심으로 기술
2227,2,"귀하가 우리 공단에 기여할 수 있는 적합한 인재로서 보유한 능력은 무엇이며, 그 능력을 개발하기 위하여 어떤 노력을 하였습니까?"
2228,2,"여신전문금융업무를 위해 필요한 역량은 무엇이고, 이러한 점을 갖추기 위해 그동안 준비한 것을 설명 하시오. (1000자 이내)"
2229,2,본인의 전문성을 키우거나 다른 사람과 차별되는 능력을 습득 또는 자신만의 독특한 경력(경험)을 쌓기 위해 어떠한 노력을 하였는지 기술하기 바랍니다. (1000자 이내)
2230,2,해당 직무에 지원하는 동기를 본인의 경험과 연계하여 기술해 주시기 바랍니다.
2231,2,희망하는 개발분야 또는 관심있는 기술분야에 대해서 작성해주세요.
2232,2,본인이 보유한 Skill의 활용 정도를 모두 적어주세요
2233,2,"자신의 기술력과 열정을 보여줄 수 있는 활동사항을 기재해 주세요. 작성 시에는 `본인이 주도적으로 참여한 부분` 위주로 기입하며, 1) 진행기간 2) 주요내용 3) 본인이 공헌한 점 4) 사용한 Skill 또는 지식 5) 결과/성과 를 간결하게 핵심만 기입해 주세요."
2234,2,희망직무를 지원한 이유와 직무를 수행하기 위한 노력 및 경험을 구체적으로 작성하시오
2235,2,본인의 장점과 단점과 입사 후 어떻게 활용할 것인지 작성하시오
2236,2,희망 직무을 지원한 이유와 해당 직군의 직무를 수행하기 위해 어떠한 노력이나 경험을 하였는지 작성해주세요.
2237,2,"지원 직무와 관련한 본인의 경험(전공, 개인역량 등) 및 노력에 대하여 기술하시오."
2238,2,"소위 말하는 스펙(학교, 학점, 전공, 어학점수 등)을 제외하고 S-OIL이 당신을 채용하기 위하여 반드시 알아야 할 것이 있다면 무엇이고 그 이유에 대하여 기술하시오."
2239,2,"‘고객 만족’을 이끌어 낼 수 있는 본인의 역량은 무엇이며, 그러한 역량을 발휘한 경험을 서술해 주십시오."
2240,2,지원 직무 관련 자신이 갖춘 역량에 대하여 구체적으로 기술하여 주십시오. (1000자 이내)
2241,2,"[지원동기]귀하가 우리 공단에 기여할 수 있는 적합한 인재로서 보유한 능력은 무엇이며, 그 능력을 개발하기 위하여 어떤 노력을 하였습니까? (1000자 이내)"
2242,2,직무경험 : IT 관련하여 본인이 경험한 프로젝트/직무 경험을 기초로 본인의 강점과 약점을 기술해주세요. (1000자 이내)
2243,2,"지원한 분야의 직무를 잘 할 수 있다고 생각하는 이유와, 그 직무를 통해 달성하려는 목표를 기술하여 주십시오. (1000자 이내)"
2244,2,"CS마인드 해당역량의 정의 및 중점사항을 참고하여 본인의 경험 사례를 기술하고, 이를 통해 얻은 결과 및 성과에 대해 자유롭게 기술 하시오(1000자 이내)"
2245,2,본인이 해당 직무 분야에 지원하게 된 이유와 해당 직무에 본인이 적합하다고 판단할 수 있는 이유 및 근거를 기술하시오.
2246,2,"현재귀하의 가장 부족한 역량은 무엇이며, 역량개발을 위해 어떤 활동과 노력을 하고 있는지 기술하시오."
2247,2,지원한직무를 수행함에 있어 귀하가 가지고 있는 강점에 대해 경험을 중심으로 기술하시오.
2248,2,"희망하는 직무에 지원하기 위해 준비해 온 과정과 함께, 지원분야 관련 프로젝트 수행경험이 있다면 역할 및 기여도를 중심으로 기술하시기 바랍니다. (1000자 이내)"
2249,2,직무에 대해 남들과 차별화 되는 본인의 경쟁력.
2250,2,"[국제적 감각]항공사 직원이 함양해야 할 국제적 감각이란 무엇이며, 이 역량을 배양하기 위해 본인은 어떠한 노력을 기울였는지 기술하시오.(1000자 이내)"
2251,2,오픈소스 소프트웨어 프로젝트에 참여한 경험 등 학교생활 이외에 개발 능력 향상을 위한 활동이 있으면 기술하시오. (공개 가능한 URL 포함)
2252,2,"지원한 직무 수행을 위해 본인이 무엇을 어떻게 준비하고 노력 해 왔는지 구체적으로 기술하십시오. / 관련 Project 수행 당시 본인의 역할/ knowledge, skill 등 보유 역량)"
2253,2,본인만의 핵심역량.
2254,2,해당 직무 분야에 본인이 최적의 지원자라고 생각하는 이유를 서술하시오
2255,2,"본인의 역량, 경쟁력에 대해 말씀해 주십시오."
2256,2,글로벌 역량이란 무엇인지? 그리고 본인이 내세울 수 있는 글로벌 역량에 대해 설명하고 그것을 달성하기 위한 상세과정과 결과를 100점 만점 기준 점수로 평가해 주십시오.
2257,2,본인의 IT경험 또는 IT역량을 상세히 기술바랍니다.
2258,2,"공단 입사 후 업무를 수행함에 있어 현재 본인에게 가장 필요한 역량은 무엇이며, 역량 개발을 위해 어떤 활동과 노력을 하고 있는지 기술해주시길 바랍니다."
2259,2,지원한 직무는 무엇입니까? 해당 직무에 대한 전문가가(전문지식 습득 등)되기 위해 어떤 노력을 하였으며 이를 통해 무엇을 배웠는지 기술하여 주십시오. (1000자 이내)
2260,2,지원분야와 관련된 업무경력 및 실적 등 경력사항이나 기타 경험 및 교육 활동에 대하여 상세히 기술하여 주시기 바랍니다.
2261,2,"귀하가 지원한 직무는 무엇이며, 해당 직무에 관심을 갖게 된 계기와 이를 잘 수행할 수 있다고 생각하는 이유를 본인의 역량, 준비과정 및 관련 경험을 근거로 서술해 주십시오. (1000자 이내)"
2262,2,본인이 생각하는 영업관리 직무의 필수적인 역량과 이와 관련된 본인의 강점과 약점을 기술하시오
2263,2,3. 직무 수행에 필요한 강점
2264,2,"입사지원서에 기술한 교육, 경력, 경험사항에 대하 상세히 기술해주시기 바랍니다."
2265,2,"본인의 장점에 대해 기술하고 그 장점을 발휘하여 성공적으로 일을 처리했던 경험, 그리고 이러한 경험이 인천국제공항에 어떠한 기여를 할 수 있을지에 대해 기술하세요."
2266,2,"B2B 솔루션 분야에 있어서 왜 본인이 적임자인지 제시하십시오. (학습적인 측면(이수과목, 전공 등)과 그 외 활동으로 구분하여 제시할 것. 본인이 기울인 노력이 구체적으로 드러나도록 할 것. 본인의 노력이 전문성에 어떤 영향을 미쳤는지 언급할 것.)"
2267,2,"입사지원서에 기술한 교육, 경력, 경험사항에 대해 상세히 기술해주시기 바랍니다."
2268,2,지원직무에 대한 자신의 강점과 약점
2269,2,추가 경력사항 및 프로젝트진행경험 - 이전 단계에서 다 입력하지 못한 경우 입력하세요.
2270,2,본인이 지원하는 직무에 있어 그 일을 잘할 수 있는 차별화된 역량과 경험에 대하여 기술해주십시오.
2271,2,"지원 직무를 본인이 훌륭히 수행할 수 있는 근거와 이유를, 본인의 강점과 경험 등을 바탕으로."
2272,2,"본인의 강점과 약점은 무엇이며, 그 강점이 앞으로 당사와 본인의 발전에 어떻게 기여 할 수 있는지 기술하여 주십시오."
2273,2,"입사지원서에 기술한 경력사항 및 경험사항에 대해 상세히 기술해 주시기 바랍니다. 본인의 역할과 행동 그리고 주요 성과를 중심으로, 구체적으로 작성해주시기 바랍니다."
2274,2,"최근 5년간 업무(또는 학습)를 수행하다가 본인의 지식 부족으로 업무가 미흡했던 경우, 업무를 위한 자기계발을 수행한 경험에 대하여 기술하여 주십시오."
2275,2,"본인의 전문성을 키우거나 다른 사람과 차별되는 능력을 습득 또는 자신만의 독특한 경력(경험)을 쌓기 위해 어떠한 노력을 하였는지 기술하기 바랍니다. (Tip·전문성(경험)을 쌓기 위해 구체적으로 취한 노력(행동), 실생활에서 적용 또는 활용한 경험, 더 발전시키기 위한 현재의 노력 등을 중심으로 기술)"
2276,2,지원한 업무를 수행하기 위해 가장 필요한 역량과 이를 위해 준비한 경험을 작성하여 주십시오_학교생활 이외 (500字 이내)
2277,2,"귀하가 지원한 직무는 무엇이며, 해당 직무에 관심을 갖게 된 계기와 이를 잘 수행할 수 있다고 생각하는 이유를 본인의 역량, 준비과정 및 관련 경험을 근거로 서술해 주십시오."
2278,2,본인이 자랑스럽게 생각하는 경험 또는 업무와 관련된 경력에 대해 기술하시오.
2279,2,"ㆍ입사지원서에 기술한 경력 및 직무관련 기타활동에 대해 상세히 기술해 주시기 바랍니다. ㆍ경력의 경우, 구체적인 직무영역, 활동, 경험, 수행내용, 본인의 역할 및 구체적 행동, 주요 성과에 대해 작성해주시기 바랍니다. ㆍ직무관련 기타활동의 경우, 구체적인 수행활동내용, 소속 조직이나 활동에서의 역할, 활동 결과에 대해 작성해주시기 바랍니다."
2280,2,지원자 본인이 불확실한 결과를 두려워하지 않고 열정적으로 노력하는 사람임을 가장 잘 나타내는 최근 5년 이내의 사례를 기술해 주시기 바랍니다.
2281,2,3. 지원 직무와 관련된 이력을 간결하게 나열해주시기 바랍니다.
2282,2,지원 직무를 잘 수행하여 위하여 어떤 준비를 했는지 구체적으로 기술해 주세요.(600자 이내)
2283,2,"1)지원직무 수행을 위해 필요한 역량(지식, 스킬, 태도)은 무엇이라고 생각하는지 서술하세요 2)본인이 요구 역량을 함양하기 위해 어떤 노력을 해 왔는지 구체적 사례를 중심으로 서술하세요."
2284,2,"[국제적 감각] 항공사 직원이 함양해야 할 국제적 감각이란 무엇이며, 이 역량을 배양하기 위해 본인은 어떠한 노력을 기울였는지 기술하시오. (600자 이내)"
2285,2,자신이 남보다 특별히 잘 할 수 있는 것 1~2가지가 있다면 어떤 것인지 기술해 주세요.
2286,2,"본인이 지원한 분야에 대한 지식, 직무 수행을 위해 노력한 경험이나 자신만의 노하우가 있다면 어떤 것인지 구체적으로 기술해 주세요."
2287,2,본인이 지원한 직무관련 역량에 대해 기술해 주십시오.
2288,2,해당 직무 지원동기를 기술해주세요.
2289,2,지원직무 관련 업무경험에 대해 기술해주세요.
2290,2,2. 지원자 본인이 불확실한 결과를 두려워하지 않고 열정적으로 노력하는 사람임을 가장 잘 나타내는 최근 5년이내의 사례를 기술해 주시기 바랍니다.
2291,2,"3. 지원자 본인이 현실과 타협하거나 편법을 사용하지 않고, 원칙대로 일을 처리하는 사람임을 가장 잘 나타내는 최근 5년 이내의 사례를 기술해 주시기 바랍니다."
2292,2,4. 지원자 본인이 자신의 지원분야에 대한 전문성을 향상시키기 위해 꾸준히 노력하는 사람임을 가장 잘 나타내는 최근 5년 이내의 사례를 기술해 주시기 바랍니다.
2293,2,"본인이, 지원한 직무를 잘 수행할 수 있다고 생각하는 이유를 설명하세요."
2294,2,"Q2. 지원 직무에 필요한 핵심역량은 무엇이며, 역량개발을 위해 어떤 활동과 노력을 하였는지 경험을 중심으로 작성해 주시기 바랍니다."
2295,2,"지원자께서 남들 보다 뛰어난 점은 무엇이며, 직무에 어떻게 적용 할 수 있을 것인지를 구체적으로 기술하여 주시기 바랍니다"
2296,2,직무기술 및 경력사항을 기술하세요.
2297,2,"지원한 희망 직무를 수행하기 위해 본인이 가지고 있는 역량 2가지를 기술하고, 해당역량을 갖추기 위해 어떤 준비와 경험을 하였는지 구체적으로 기술하여 주십시오."
2298,2,지원 직무 관련 자신이 갖춘 역량에 대하여 구체적으로 기술하여 주십시오. (700자 이내)
2299,2,직무와 관련된 경험.
2300,2,"입사지원서에 기술한 경력 및 직무관련 기타활동에 대해 상세히 기술해 주시기 바랍니다. 경력의 경우, 구체적인 직무영역, 활동, 경험, 수행내용, 본인의 역할 및 구체적 행동, 주요 성과에 대해 작성해주시기 바랍니다. 직무관련 기타활동의 경우, 구체적인 수행활동내용, 소속 조직이나 활동에서의 역할, 활동 결과에 대해 작성해주시기 바랍니다."
2301,2,3. 지원자 본인이 불확실한 결과를 두려워하지 않고 열정적으로 노력하는 사람임을 가장 잘 나타내는 최근 5년이내의 사례를 기술해 주시기 바랍니다.
2302,2,"세부경력사항: 신입은 인턴, 아르바이트, 수상경력을 자세히 기술 → Project 업무는 본인의 역할과 업무영역 등을 명확하게 기술."
2303,2,직무관련 경험 및 경력에 대해 기술해 주시기 바랍니다.
2304,2,지원하신 직무를 본인이 잘 수행할 수 있다고 생각하는 이유를 기술해 주십시오
2305,2,"[경력 및 경험 기술서] 입사지원서에 기술한 경력사항 및 경험사항에 대해 상세히 기술해 주시기 바랍니다. 본인의 역할과 행동 그리고 주요 성과를 중심으로, 구체적으로 작성해주시기 바랍니다."
2306,2,"사고조사업무에 본인의 강/약점은 무엇이며, 약점 보완을 위해 무엇이 필요한지 기술하십시오"
2307,2,지원동기 : 해당 직무를 지원한 동기와 그 직무를 수행하기 위한 본인만의 차별화된 역량을 기술해 주시기 바랍니다.
2308,2,"지원 분야의 업무 중 이슈를 1개 선정하여, 해당 이슈에 대한 본인의 지식과 경험을 활용하여 우리 공단에 기여할 수 있는 바를 구체적으로 기술해주십시오."
2309,2,직무설명자료를 참고하여 본인이 지원 분야의 전문성을 향상시키기 위해 꾸준히 노력하는 사람임을 가장 잘 나타내는 최근 3년 이내의 사례를 구체적으로 기술해주십시오.
2310,2,"[국제적 감각]항공사 직원이 함양해야 할 국제적 감각이란 무엇이며, 이 역량을 배양하기 위해 본인은 어떠한 노력을 기울였는지 기술하시오.(600자 이내)"
2311,2,"지원자 본인이 생각하는 본인의 장·단점은 무엇이며, 단점을 보완하기 위해 어떠한 노력을 했는지 작성해 주십시오.(800자 이내)"
2312,2,"본인이 한국수력원자력의 인재상에 맞는 인재가 되기 위해 어떤 면에서 준비가 되어 있으며, 해당 능력을 개발하기 위해 어떠한 노력을 하였는지 구체적으로 작성해 주십시오. (800자 이내)"
2313,2,자신의 전문성을 통해 어떤 성과를 이루었는지 기술하시오. [500자 이내]
2314,2,모집직무와 관련하여 지금까지 준비한 학력/경력에 대해 작성하여 주십시오.
2315,2,직무 경험: 희망 직무 준비 과정과 희망 직무에 대한 본인의 장점과 단점을 기술해 주세요.
2316,2,자신이 가진 열정에 대하여 기술
2317,2,"지원분야의 직무수행과 관련하여 본인이 내세울 만한 강점과 보완해야 할 단점을 언급하고, 어떻게 이를 개선하고 있는지 또는 개선할 계획인지 기술하십시오. (500 자 5 단락 이내)"
2318,2,본인의 봉사활동에 대해 말씀해 주세요.
2319,2,"필수입력표시[직무 Guide]를 참고하여 관심직무 분야와 사유, 그리고 이와 관련하여 준비해온 과정에 대하여 작성 바랍니다."
2320,2,자신의 기술력과 열정을 보여줄 수 있는 활동사항을 기재해 주세요.
2321,2,"영업전문직에 강점으로 작용할 본인의 장점과, 보완해야할 단점에 대하여 기술하시오."
2322,2,"지원한 희망 직무를 수행하기 위해 본인이 가지고 있는 역량 2가지를 기술하고, 해당 역량을 갖추기 위해 어떤 준비와 경험을 하였는지 구체적으로 기술해주세요."
2323,2,지원 분야와 관련한 역량.
2324,2,"B2B 솔루션 분야에 있어서 왜 본인이 적임자인지 제시하십시오. - 학습적인 측면(이수과목, 전공 등)과 그 외 활동으로 구분하여 제시할 것 - 본인이 기울인 노력이 구체적으로 드러나도록 할 것 - 본인의 노력이 전문성 햠양에 어떤 영향을 미쳤는지 언급할 것"
2325,2,Test Engineer 와 QA 직무가 수행하는 역할에 대해 이해한 내용과 TE 혹은 QA에 관심을 갖게 된 계기를 기술해 주세요.
2326,2,"해당 직무 분야를 선택하게 된 이유와, 직무 수행에 필요한 역량을 갖추기 위해 어떠한 노력을 하였는지 구체적인 사례를 근거로 기술해 주시길 바랍니다."
2327,2,"본인이 지원한 직무와 관련한 경험(금전적 보수 없음) 혹은 경력(금전적 보수 있음)에 대해 기술해 주시기 바랍니다. 다양한 활동(학교, 회사, 동아리, 동호회 등)을 통해 지원한 직무와 관련하여 쌓은 경험 또는 경력사항에 대해 작성해 주십시오.언제, 어디서 활동했던 경험인지 기술해 주십시오."
2328,2,해당 활동에서 본인이 맡았던 역할에 대해 기술해 주십시오.
2329,2,"본인이 한국수력원자력의 인재상에 맞는 인재가 되기 위해 어떤 면에서 준비가 되어 있으며, 해당 능력을 개발하기 위해 어떠한 노력을 하였는지 구체적인 사례를 아래 세부 항목에 따라 작성해 주십시오. 어떤 능력을 개발하였고, 이러한 능력개발을 위해 어떤 목표를 세웠는지 기술해 주십시오."
2330,2,향후 자신의 능력을 향상시키고 이를 잘 활용하기 위해 어떻게 노력할 것인지 기술해 주십시오.
2331,2,본인이 지원한 직무를 선택한 이유와 해당 직무에 필요한 역량을 갖추기 위해 어떠한 노력을 했는지 기술해 주세요.
2332,2,"귀하가 한전에 입사하기 위해서는 어떤 직무능력이 필요하다고 생각하십니까? 그리고 그 직무능력을 갖추기 위해 그동안 어떤 노력 및 자기계발을 했는지 기술하세요. 만약, 관련 능력을 발휘했던 경험이 있다면 함께 기술하세요. (1000자)"
2333,2,"직무능력소개서 (경험 및 경력기술서) 입사지원서에 기술한 직무관련 경험 혹은 경력사항, 기타 경험 혹은 경력사항과 관련하여 구체적으로 본인이 수행한 활동 내용을 아래 항목을 참고하여 기술해 주십시오."
2334,2,관심분야 및 희망직무 중심으로 기술해주시기 바랍니다
2335,2,지원한 직무 수행을 위해 본인이 무엇을 어떻게 준비하고 노력해 왔는지 구체적으로 기술하십시오.
2336,2,"1. 본인이 지원한 직렬에 필요한 지식이나 기술을 습득하기 위해 받은 교육(전공포함), 경력(경험, 현장실습 등 포함)을 기술해 주십시오."
2337,2,"지원분야에 있어 가장 중요한 실무역량은 무엇이라고 생각하는지 정의하고, 본인의 현재 역량을 키우기 위해 어떤 노력을 해 왔는지 기술하여 주십시오. [ 50자 이상 1000자 이내]"
2338,2,"지원자께서 남들 보다 뛰어난 점은 무엇이며, 직무에 어떻게 적용 할 수 있을 것인지를 구체적으로 기술하여 주시기 바랍니다."
2339,2,"ICT(전자, 통신, 소프트웨어 등) 분야의 역량을 키우기 위해 노력했던 경험에 대해 서술하십시오."
2340,2,"개발 역량을 보여줄 수 있는 본인의 대표적인 프로젝트 1가지에 대해 구체적으로 기술하고(담당역할 및 기여부분 상세 명시), 본인이 다룰 수 있는 Programming 언어 및 수준, 희망하는 세부업무에 대해 모두 적어주세요 \n-활용 수준 예시\n상: 서비스 설계와 각 기능 구현이 자유로움\n중: 외부의 정보를 활용하여 대부분의 기능 구현이 가능\n하: 작은 단위의 기능들을 구현할 수 있음"
2341,2,"① R&D, ② Application, ③ Infra 중 본인이 가장 역량을 발휘할 수 있는 영역을 선택하여 주십시오."
2342,2,해당 영역에서의 직무 수행을 위해 본인이 무엇을 어떻게 준비하고 노력해 왔는지 작성해 주십시오.
2343,2,직무경험 : 희망직무 준비과정과 희망직무에 대한 본인의 강점과 약점을 기술해주세요.(1000자 이내)
2344,2,"희망직무를 성공적으로 수행하기 위해 필요하다고 생각하는 역량 1가지를 선정하고, 그 이유와 해당 역량을 갖추기 위해 노력한 경험에 대하여 구체적으로 기술하시오. (1000자 이내)"
2345,2,"공동의 목표를 달성하기 위하여 가장 중요하다고 생각하는 역량 1가지를 선정하고, 그 이유와 해당 역량을 발휘하여 목표를 달성한 경험에 대해 구체적으로 기술하시오. (1000자 이내)"
2346,2,직무경험 : 준비과정과 강점/약점 (실패 또는 성공사례 중심)(1000자 이내)
2347,2,"자신이 수강한 전공과목 중 가장 자신 있는 전공 3가지에 대해, 각각의 이유와 학점을 명시해 주세요. (필수)"
2348,2,지원분야와 연계되는 장점 및 전문성
2349,2,"[필수문항] LINE에서 왜 자신을 채용해야 하는지, 자신의 경쟁력에 대해 구체적으로 적어 주세요."
2350,2,지원 직무 관련 자신이 갖춘 역량에 대하여 기술하세요
2351,2,"지원한 직무를 수행하기 위하여 필요한 핵심역량은 무엇이라고 생각하며, 해당 역량을 갖추기 위해 본인은 어떠한 노력을 했는지 구체적으로 기술해 주십시오. 다양한 고객들에게 맞춰 적절히 대응할 수 있는 `소통능력`이 중요하다고 생각합니 기술의 변화를 잘 읽어 내고 소비자의 행동을 과학적으로 이해하는 힘을 갖게 되었습니다."
2352,2,지원한 분야를 본인이 잘 수행할 수 있다고 생각하는 이유
2353,2,"입사지원서에 기술한 경력 및 경험에 대해 상세히 기술해 주시기 바랍니다. 경력을 기술할 경우 구체적으로 직무영역, 활동/경험/수행 내용, 본인의 역할 및 구체적 행동, 주요 성과에 대해 작성해주시고, 경험(직무관련 기타 활동)을 기술할 경우 구체적으로 본인이 수행한 활동 내용, 소속 조직이나 활동에서의 역할, 활동 결과에 대해 작성해주시기 바랍니다."
2354,2,다양한 직업 중에 S/W 개발자가 되려는 이유는 무엇인가??
2355,2,"웹 또는 앱 서비스를 직접 개발하거나, 데이터를 이용한 프로그래밍 경험이 있다면 이에 대해 구체적으로 서술하세요."
2356,2,지원 직무와 관련된 이력을 간결하게 나열해주시기 바랍니다
2357,2,my competency 관심분야 및 희망직무 중심으로 기술해주시기 바람
2358,2,당사에 지원하게 된 동기 및 지원하는 직무에 대하여 본인의 역량을 기술하세요(구체적 경험 및 실천사항)(1000자 이내)
2359,2,KRX가 자신을 채용해야 하는 이유를 자신의 능력/경력/장점을 포함하여 구체적으로 작성해 주십시오.
2360,2,지원 분야에 적합하다고 생각되는 성격상의 장점
2361,2,"지원 분야 관련 직무개발 사항(지식, 기술, 능력)"
2362,2,본인이 생각하는 영업관리 직무의 필수적인 역량과 이와 관련된 본인의 강점과 약점을 기술하시오.
2363,2,"[경력개발계획] 공단에는 다양한 직무분야가 존재하고 정규 임용 후 주임-≫대리-≫과장의 직급을 거치게 되는 바, 이러한 과정에서 공단의 여러 직무분야를 어떻게 수행해 나갈 것인지 경력경로 및 경력목표를 제시하여 주시고 이에 수반되는 경력개발계획을 구체적으로 설명해 주십시오."
2364,2,"해당 직무 분야에 본인이 최적의 지원자라고 생각하는 이유를 서술하시오. - 본인이 갖추고 있는 해당 직무 분야의 요구 역량을 학습적인 측면(전공, 이수 과목 등)과 그 외 영역으로 구분하여 제시할 것 - 타인과 차별화되는 본인만의 강점이 잘 드러나도록 할 것 - 본인의 능력이나 차별적 강점에 대한 구체적인 근거를 제시할 것 (1000자 이내)"
2365,2,"직무능력소개서 * 입사지원서에 기술한 경험사항에 대해 상세히 기술해 주시기 바랍니다. * 본인의 역할과 행동 그리고 주요 성과를 중심으로, 구체적으로 작성해주시기 바랍니다."
2366,2,입행 후 일반사무직원으로서 본인이 어떻게 한국은행에 기여할 수 있을지를 과거 경험(또는 경력)을 바탕으로 기술하십시오.
2367,2,"자신이 보유한 IT관련 핵심역량을 기술하시고, 우리 회사 어떤 부분에 기여할 수 있는지 서술하세요. (1000자 이내)"
2368,2,5. 지원한 직무 수행을 위해 본인이 무엇을 어떻게 준비하고 노력 해 왔는지 구체적으로 기술하십시오.
2369,2,신입지원자는 담당업무의 지식/경험 | 경력지원자는 전 회사 담당업무를 상세하게 기술
2370,2,지원한 직무를 성공적으로 수행할 수 있다고 생각 하는 이유를 본인의 경험에 기반 하여 자기만의 강점 혹은 개성을 바탕으로 서술해 주십시오.
2371,2,입사지원동기와 지원하신 직무를 잘 수행하기 위하여 어떤 준비를 했는지를 본인의 경험과 관련하여 기술하시오.
2372,2,지원분야와 관련된 자신의 직무역량에 대해 상세하게 기재해주세요.
2373,2,보유 기술 및 경험 직무 (구체적으로 기술)
2374,2,"지원 분야와 관련된 업무 경력 및 실적 등 경력사항이나 기타 경험 및 활동에 대하여 상세히 기술해 주시기 바랍니다. 경력사항의 경우, 채용 분야의 직무와 관련하여 기업 또는 조직에서 실제적으로 수행한 업무에 관하여 작성해 주십시오. 경험 및 활동의 경우, 산학, 팀 프로젝트, 연구회, 동아리/동호회, 재능기부 등 지원 분야와 관련하여 쌓은 경험에 관하여 작성해 주십시오. 1-1. 지원한 직무와 관련한 경력이나 경험 및 활동의 내용을 기술해 주십시오. (1000자 이내)"
2375,2,해당 경험이 국민건강보험공단 입사 후 업무 수행에 어떠한 도움을 줄 수 있는지 기술해 주십시오. (1000자 이내)
2376,2,대학입학 후 자신의 인생과 일에 장기목표가 설정되어 있다면 그 목표를 구체적으로 실현하기 위한 나만의 차별화된 전략과 핵심역량을 소개해 주세요. (1000자 이내)
2377,2,경력사항(경력자).
2378,2,지원분야(직무) 준비한 과정 - 개인의 경험을 토대로 구체적 기술 (500자)
2379,2,KCC 인재상 중 자신에게 가장 부합하는 항목을 선택하여 개인의 경험과 함께 구체적으로 기술 (500자)
2380,2,"희망직무는 무엇이며 희망직무를 성공적으로 수행하기 위해 가장 필요한 역량을 한가지 선정하고, 선정 이유와 필요역량을 향상시키기 위해 본인이 했던 노력에 대하여 기술하시오."
2381,2,"[경력 및 직무관련활동 기술서] 입사지원서에 기술한 직무관련 경력이나 활동에 대해 본인이 수행한 활동 내용, 본인의 역할 및 활동 결과 등을 구체적인 사례를 중심으로 상세히 기술하여 주시기 바랍니다."
2382,2,"(직업윤리) 본인이 어떤 일을 할 때 사명감과 책임감을 가지고 수행하여 성공한 사례가 있다면 간략하게 요약하고, 본인이 생각하는 직장생활의 의미와 바람직한 직장생활의 모습에 대해 기술하여 주십시오."
2383,2,금융 IT 업무수행 시 필요역량과 본인의 노력 / 강점 [600자 이내]
2384,2,"1)지원직무 수행을 위해 필요한 역량(지식, 스킬, 태도)은 무엇이라고 생각하는지 서술하세요 2)본인이 요구 역량을 함양하기 위해 어떤 노력을 해 왔는지 구체적 사례를 중심으로 서술하세요(1000자 이내)"
2385,2,[보유역량 및 기여가능성] * 귀하가 보유한 역량은 무엇이며 역량을 활용하여 코스콤에서 어떻게 기여할 것입니까?
2386,2,희망 직무를 지원한 이유와 해당 직무를 수행하기 위해 어떠한 노력이나 경험을 하였는지 작성해주세요. (2000자 이내)
2387,2,"본인이 지원한 직무와 관련한 경험(금전적 보수 없음) 혹은 경력(금전적 보수 있음)에 대해 기술해 주시기 바랍니다. 다양한 활동(학교, 회사, 동아리, 동호회 등)을 통해 지원한 직무와 관련하여 쌓은 경험 또는 경력사항에 대해 작성해 주십시오.1-1. 언제, 어디서 활동했던 경험인지 기술해 주십시오. (1000자 이내)"
2388,2,"본인이 한국수력원자력의 인재상에 맞는 인재가 되기 위해 어떤 면에서 준비가 되어 있으며, 해당 능력을 개발하기 위해 어떠한 노력을 하였는지 구체적인 사례를 아래 세부 항목에 따라 작성해 주십시오. 4-1. 어떤 능력을 개발하였고, 이러한 능력개발을 위해 어떤 목표를 세웠는지 기술해 주십시오. (1000자 이내)"
2389,2,향후 자신의 능력을 향상시키고 이를 잘 활용하기 위해 어떻게 노력할 것인지 기술해 주십시오. (1000자 이내)
2390,2,다양한 직업 중에 S/W 개발자가 되려는 이유는 무엇인가요?
2391,2,"웹 또는 앱 서비스를 직접 개발하거나, 데이터를 이용한 프로그래밍 경험이 있다면 이에 대해 구체적으로 서술하세요. (해당자에 한함)"
2392,2,"[경험 및 경력 기술서] 입사지원서에 기술한 직무관련 경험 및 경력 사항에 대해 상세히 기술해 주시기 바랍니다. 다음의 사항들을 포함하여 구체적으로 작성해주시기 바랍니다. - 소속조직 / 직위(직급) / 본인이 맡은 주요 역할 - 주요 수행 업무 및 성과(정량적 측면, 정성적 측면) - 업무성과를 높이기 위해 본인이 기울인 노력 행동 - 성과로 인한 조직 기여 내용 및 기여 정도 - 원의 지원 분야 업무 수행 시 기여할 수 있는 측면"
2393,2,경력회사별로 담당하셨던 업무내역을 구체적으로 기술해 주시기 바랍니다.
2394,2,KOGAS 인재상 중 택1하여 그에 부합하는 자신의 경험(행동)을 자유롭게 기술하여 주시기 바랍니다.
2395,2,지원한 분야에서 본인이 하고자 하는 구체적인 직무는 무엇입니까? 해당 직무와 관련된 본인의 역량을 구체적으로 작성해 주십시오. . (1000자 10단락 이내)
2396,2,"지원한 분야, 직무와 직접적인 연관성은 없으나 입사 후 회사 생활을 하는 데 도움이 될 수 있는 자신이 가진 지식이나 경험은 무엇입니까? 해당 지식과 경험을 얻기까지 본인의 노력/과정 등과 함께 구체적으로 작성해 주십시오. (1000자 10단락 이내)"
2397,2,"(자기소개서)1. 맵퍼스 인재상과 관련된 본인의 장점 및 단점이 무엇인지, 그리고 단점을 극복하기 위해 어떠한 노력을 하고 있는 지 기술해 주시기 바랍니다. (1000자 이내)"
2398,2,"본인이 맵퍼스가 요구하는 직무역량을 가지고 있다고 판단하는 주된 이유와, 본인이 생각하는 직무역량 수준 및 근거를 기술해 주시기 바랍니다. (1000자 이내)"
2399,2,"본인이 지원한 직무와 관련한 경험(금전적 보수 없음) 혹은 경력(금전적 보수 있음)에 대해 기술해 주시기 바랍니다. 다양한 활동(학교, 회사, 동아리, 동호회 등)을 통해 지원한 직무와 관련하여 쌓은 경험 또는 경력사항에 대해 작성해 주십시오.1-1. 언제, 어디서 활동했던 경험인지 기술해 주십시오. (200자 이내)"
2400,2,지원하신 직무를 본인이 잘 수행할 수 있다고 생각하는 이유를 구체적으로 말해주세요.
2401,2,"자신이 수강한 전공과목 중 가장 자신 있는 전공 3가지에 대해, 각각의 이유와 학점을 명시해 주세요. (600자)"
2402,2,경력 및 경험 기술서
2403,2,자신이 지원한 분야에 대하여 직무수행능력을 갖추기 위한 노력과 이를 통해 갖추게 된 능력을 기술해 주세요.
2404,2,"학교생활 : 직무와 관련된 학업내용, 동아리 활동, 이색적인 경험 등 * 300자 이상 2000자 이하로 입력하세요."
2405,2,"세부 경력사항 : 신입은 인턴, 아르바이트, 수상경력을 자세히 기술 → Project 업무는 본인의 역할과 업무영역 등을 명확하게 기술 * 300자 이상 2000자 이하로 입력하세요."
2406,2,"지원한 직무 수행을 위해 본인이 무엇을 어떻게 준비하고 노력해 왔는지 구체적으로 기술하십시오. *전공 및 전공 이외 학습 내용, 프로젝트 수행 경험(본인의 역할 명시) 등을 기술 *Knowledge, Skill 등 보유 역량 등을 포함하여 작성 *입사 후 성장 목표 및 목표 달성을 위해 노력하고자 하는 바에 대해 작성 (1000자 10 단락 이내)"
2407,2,"지원한 직무와 관련한 경험(금전적 보수 없음) 혹은 경력(금전적 보수 있음)에 대해 상세히 기술해 주시기 바랍니다. 산학, 팀 프로젝트, 연구회, 동아리/동호회, 온라인 커뮤니티, 재능기부 등 다양한 활동을 통해 모집직무와 관련한 경험을 쌓은 내용 혹은 모집직무와 관련된 경력사항에 대해 최근 5년 이내의 사례를 작성해 주십시오."
2408,2,지원자 본인이 동료들과 함께 어떤 일을 할 때 주인의식을 가지고 자신이 맡은 일을 보다 더 잘하기 위해 노력하는 사람임을 가장 잘 보여주는 최근 5년 이내의 사례를 아래 세부 항목에 따라 작성해 주십시오.
2409,2,지원자 본인이 자신의 전문성을 향상시키기 위해 노력했던 경험과 전문성을 발휘하여 해결한 임무(과제)를 가장 잘 보여주는 최근 5년 이내의 사례를 아래 세부 항목에 따라 작성해 주십시오.
2410,2,지원분야에 필요한 직무능력을 습득하기 위해 받은 학교교육 또는 직업교육(온라인 포함)에 대해 기술하십시오.
2411,2,"지원분야의 관련 업무를 수행한 경험 중 대표적인 것에 대해 구체적으로 본인의 학습경험 혹은 활동내용, 활동결과에 대해 기술하십시오."
2412,2,"KB국민은행이 귀하를 채용해야 하는 이유와, KB인이 되기 위하여 준비한 본인만의 경험 및 노력을 기술하십시오. (1000자 이내)"
2413,2,"지원자에게 가장 잘 맞는 적성은 무엇이며, 그렇게 생각하는 이유는?"
2414,2,본인의 전공 및 전공과목 중 관심있는 분야에 대한 소개와 가장 기억에 남는 전공관련 프로젝트 또는 공모전 수행 경험을 기술하시오. (1500자 이내)
2415,2,업무수행기본능력/스킬
2416,2,"지원 분야와 관련된 업무 경력 및 실적 등 경력사항이나 기타 경험 및 활동에 대하여 상세히 기술해 주시기 바랍니다. 경력사항의 경우, 채용 분야의 직무와 관련하여 기업 또는 조직에서 실제적으로 수행한 업무에 관하여 작성해 주십시오. 경험 및 활동의 경우, 산학, 팀 프로젝트, 연구회, 동아리/동호회, 재능기부 등 지원 분야와 관련하여 쌓은 경험에 관하여 작성해 주십시오. (1200byte 이내) 1-1. 지원한 직무와 관련한 경력이나 경험 및 활동의 내용을 기술해 주십시오. (400byte 이내)"
2417,2,"지원 분야와 관련된 업무 경력 및 실적 등 경력사항이나 기타 경험 및 활동에 대하여 상세히 기술해 주시기 바랍니다. 경력사항의 경우, 채용 분야의 직무와 관련하여 기업 또는 조직에서 실제적으로 수행한 업무에 관하여 작성해 주십시오. 경험 및 활동의 경우, 산학, 팀 프로젝트, 연구회, 동아리/동호회, 재능기부 등 지원 분야와 관련하여 쌓은 경험에 관하여 작성해 주십시오. (1200byte 이내) 1-2. 해당 조직이나 활동에서 본인이 맡았던 역할을 기술해 주십시오. (400byte 이내)"
2418,2,"지원 분야와 관련된 업무 경력 및 실적 등 경력사항이나 기타 경험 및 활동에 대하여 상세히 기술해 주시기 바랍니다. 경력사항의 경우, 채용 분야의 직무와 관련하여 기업 또는 조직에서 실제적으로 수행한 업무에 관하여 작성해 주십시오. 1-3. 해당 경험이 국민건강보험공단 입사 후 업무 수행에 어떠한 도움을 줄 수 있는지 기술해 주십시오. (400byte 이내)"
2419,2,지원 부분 교육 및 보유기술
2420,2,"지원직무 수행을 위해 필요한 역량 (지식, 스킬 , 태도)은 무엇이라고 생각하는지 서술하세요. (1500자 30줄 이내)"
2421,2,본인이 요구 역량을 함양하기 위해 어떤 노력을 해 왔는지 구체적 사례를 중심으로 서술하세요. (1500자 30줄 이내)
2422,2,[기본 전공지식이 탄탄한 엔지니어]
2423,2,지원하는 직무관련 준비 사항 및 직무에 대한 본인의 강약점 [100Bytes 이상 1500Bytes 이내]
2424,2,"ㆍ동아리, 인턴, 해외연수 등 본인의 사회경험과 해외경험에 대해 기술해 주십시오. (700자 이내)"
2425,2,"ㆍ본인이 지원한 부문에 필요한 역량과 이에대한 자신만의 차별화된 강점(전문지식, 기술, 경험 등)은 무엇인지 기술해 주십시오. (700자 이내)"
2426,2,과거의 교육과정이나 경력들을 통해 습득한 전공 지식 및 기술 경험들이 KOGAS 지원분야 내의 업무들과 어떠한 관련성을 맺고 있다고 생각합니까? 또 그러한 지식과 경험이 실제 업무 수행에 어떠한 방식으로 도움을 줄 수 있는지 구체적으로 기술하여 주십시오.
2427,2,지원 분야와 관련된 과거의 교육 활동이나 업무 수행 중 지원자 본인이 전문 지식과 기술에 대해 추가적으로 학습하거나 보완한 경험을 구체적인 사례를 바탕으로 기술해 주십시오.
2428,2,"본인만의 차별화된 역량은 무엇이며, 그 차별화된 역량을 통해 입사 후 어떤 방식으로 회사에 기여할 수 있을지 기술해 주시기 바랍니다."
2429,2,지원직무를 위해 노력했던 경험과 해당 직무를 수행함에 있어 본인이 가진 역량을 기술해 주십시오. (1000자 이내)
2430,2,"귀하가 직장생활을 하는데 도움이 될 수 있는 장점, 경험 또는 특기를 작성해 주세요"
2431,2,"지원하는 업무에 자기의 경력사항, 특기사항, 적성"
2432,2,"[직무능력 소개서(경험기술서)]입사지원서에 작성한 직무 관련 경험사항에 대하여 본인이 수행한 역할 및 주요 업무, 성과 등에 대해 자세히 기술하여 주시기 바랍니다."
2433,2,[정보능력] 관련 직무와 관련하여 컴퓨터를 이용하여 정보를 수집했던 경험과 컴퓨터 사용능력 향상을 위하여 노력한 성과를 기술하여 주시기 바랍니다.
2434,2,[자원관리 능력] 달성하고자 하는 목표와 관련하여 시간·자본·시설·인적자원에 대한 배분계획을 수립 후 목표를 달성한 경험이 있으면 서술하여 주시기 바랍니다.
2435,2,희망 직무에 지원한 이유와 해당 직무에 대한 본인만의 강점을 쓰시오 (1200byte)
2436,2,귀하가 현재 학과(전공)을 선택한 이유는 무엇이고 그 학업결과는 어떠합니까?
2437,2,본인이 생각하는 영업관리 직무의 필수적인 역량과 이와 관련된 본인의 강점과 약점을 기술하시오.(1000자 이내)
2438,2,[필수항목] KT&G의 인재상 중 본인의 특성과 가장 유사한 항목은 무엇이며 그 이유는 무엇인지 구체적으로 기술하여 주시기 바랍니다
2439,2,[역량기술서] IT경험(학교 내/외 프로젝트) 및 보유한 IT기술 등 - 자신이 한 일 가운데 가장 혁신적이고 창조적인 일 - 구분별 항목에 따라 해당 내용을 기재합니다.
2440,2,"본인이 가장 자신있는 분야는 무엇이며, 해당 분야를 잘 해내기 위해 남들과 다르게 노력했던 점들을 작성해주시기 바랍니다."
2441,2,전문분야 및 보유기술을 100자 이내로 요약하여 주시기 바랍니다. - 지원(희망)분야 관련 핵심기술 및 보유역량 위주로 작성하시기 바랍니다.
2442,2,"지원분야와 관련, 본인이 내세울 수 있는 주요 성과 최대 2가지를 300자 내 작성바랍니다. - 해당사항이 없으신 분은 자신있는 전공과목 (교육이수과정)을 기술해 주시기 바랍니다."
2443,2,지원하신 직무를 잘 수행할 수 있다고 생각하는 본인만의 장점(강점)
2444,2,"여러분이 지원한 직무와 관련된 노력과 도전, 경험 , 그리고 입사 후 해당 직무에서의 성장 비전을 구체적으로 기술해주세요."
2445,2,"본인이 지원한 직무 수행에 필요한 지식, 기술 등 남들과 다른 전문성을 갖추기 위해 어떤 준비를 하였으며, 본인의 어떠한 면이 해당 직무에 적합한지 구체적으로 작성해주시기 바랍니다."
2446,2,"자기소개서는 성장과정, 성격의 장단점, 생활신조 등을 중심으로 작성하며 경력사원의 경우 경력에 대한 설명을 추가합니다."
2447,2,"본인이 지원한 직무관련 지원동기와 역량에 대하여. 해당 직무의 지원동기를 포함하여, 직무관련 본인이 보유한 강점과 보완점을 사례를 통하여 구체적으로 기술해주시기 바랍니다.(1000자 이내)"
2448,2,직무역량 : 지원한 직무분야에서 성공을 위한 지금까지의 노력 및 앞으로의 계획을 기술해주세요. (1000자 이내)
2449,2,"자기PR : 소위 `스펙` 을 제외하고 당신을 채용하기 위해 반드시 알아야 할 것이 있다면 무엇이며, 그 이유를 기술해주세요. (1000자 이내)"
2450,2,지원한 동기 및 입사 후 재단업무 수행을 위하여 어떤 준비가 되어 있는지 역량과 연계하여 기술 (1000자 이내)
2451,2,"[타인과 구별되는 본인만의 경쟁력은 무엇인지 제시하고, 그 경쟁력을 가지기 위해 어떠한 노력을 하였는지, NH농협생명에서 어떻게 활용할 것인지 기술하여 주십시오. 700자]"
2452,2,"본인이 한국수력원자력의 인재상에 맞는 인재가 되기 위해 어떤 면에서 준비가 되어 있으며, 해당 능력을 개발하기 위해 어떠한 노력을 하였는지 구체적인 사례(최근 3년 이내)를 아래 세부 항목에 따라 작성해 주십시오. (1000자 이내)"
2453,2,"본인의 지원직무와 관련하여 자신의 강점/약점을 기술, 약점을 보완하기 위한 노력을 기술하십시오 (1000자 이내)"
2454,2,"본인의 지원직무를 어떻게 이해하고 있는지 구체적으로 기술하고, 해당 분야에 본인이 적합하다고 판단할 수 있는 근거를 구체적인 사례 및 경험을 바탕으로 기재해 주십시오. 1000자 이내"
2455,2,희망 직무에 대한 본인의 강점과 약점 기술 (사례 중심으로) (1000자 이내)
2456,2,"본인의 지원직무와 관련하여 자신의 강점/약점을 기술, 약점을 보완하기 위한 노력을 기술하십시오 ."
2457,2,조종사의 가장 중요한 역량은? 본인이 준비했던 것은?
2458,2,"지원직무 수행을 위해 필요한 역량(지식, 스킬, 태도)은 무엇이라고 생각하는지 서술하세요? 2)본인이 요구 역량을 함양하기 위해 어떤 노력을 해 왔는지 구체적 사례를 중심으로 서술하세요. (1000자 이내)"
2459,2,"본인의 지원 직무와 관련하여 자신의 강점/약점을 기술, 약점을 보완하기 위한 노력을 기술하십시오. (1200Byte)"
2460,2,객실승무원 직무를 본인이 잘 수행할 수 있다고 생각하는 이유를 구체적으로 기술하십시오.
2461,2,입사지원서에 기술한 경력사항 또는 직무관련 기타 활동에 대해 상세히 기술해 주시기 바랍니다.
2462,2,귀하가 가진 직무관련 경험과 능력을 바탕으로 한국에너지공단의 발전 및 미래성장동력 확보에 기여할 수 있는 바를 기술해 주십시오. (1000자 이내)
2463,2,귀하가 보유한 강점(지식/기술/특기/사회성 등)을 활용하여 회사 발전에 기여할 수 있는 점은 무엇입니까? (500자)
2464,2,직무경험: 희망직무 준비과정과 희망직무에 대한 본인의 강점과 약점을 기술해주세요. (1000자 이내)
2465,2,KOLON이 왜 당신을 채용해야 한다고 생각하십니까? 목표 달성을 위해 새로운 분야의 사람과 협력하여 성과를 낸 경험을 구체적으로 작성하시오.
2466,2,"현대엔지니어링의 프로젝트 하나를 선택하여, 해당 프로젝트에서 본인이 어떠한 역할을 수행할 수 있을지 지원한 직무를 기반으로 기술해 주십시오."
2467,2,본인의 전문성을 키우거나 다른 사람과 차별되는 능력을 습득 또는 자신만의 독특한 경력(경험)을 쌓기 위해 어떠한 노력을 하였는지 기술하기 바랍니다.
2468,2,"인턴 지원 직무 중, 본인의 역량에 가장 적합하다고 생각하는 것은 무엇이며 왜 그렇게 생각하는지 설명하시오."
2469,2,희망 직무 준비 과정과 희망 직무에 대한 본인의 강점과 약점을 기술해주세요.
2470,2,"본인의 지원 분야에 대한 역량을 분석해 보고, 자신의 지원 분야에 대한 역량을 향상시키기 위해 어떠한 노력을 했는지 기술해 주시기 바랍니다.(최근 5년 이내 사례로 기술할 것) (1000자 이내)"
2471,2,"지원한 직무 수행을 위해 본인이 무엇을 어떻게 준비하고 노력해 왔는지 구체적으로 기술하십시오. - 하기의 내용을 포함하여 기술하십시오. * 인턴십, 타사 근무경험 * 관련 프로젝트 수행 당시 본인의 역할 * Knowledge. Skill 등 보유 역량 (1000자)"
2472,2,지원 직무 관련 자신이 갖춘 역량에 대하여 구체적으로 기술하여 주십시오
2473,2,Ibk 직무경험 관련 기술서
2474,2,"'고객 만족’을 이끌어 낼 수 있는 본인의 역량은 무엇이며, 그러한 역량을 발휘한 경험을 서술해 주십시오."
2475,2,입사 전 경력(구체적으로) (500자 이하)
2476,2,"전공/특정분야에 대한 학습이나 연구 활동, 성과에 대해 기술하시오. (1000자 이내)"
2477,2,"지원분야의 직무를 잘 수행할 수 있는 본인의 강점, 직무경험 등에 대하여 작성하여 주십시오."
2478,2,"Big Data 직무는 ①Data 분석 및 Modeling ②Data Engineering의 두 가지 분야로 이루어져 있습니다. 본인의 역량을 가장 잘 발휘할 수 있는 분야를 한 가지 선택하고, 해당 분야와 관련된 프로젝트/공모전/대회/논문/연구 및 학습/기타 활동에 참여했던 경험에 대해 기술하십시오. - 분야 선택의 근거를 구체적으로 서술 - 경험을 한 당시 상황에 대해 서술하고 구체적인 본인의 역할을 언급 - 해당 경험을 통해 키울 수 있었던 역량을 제시 - 결과 및 그 과정에서 배운 점을 상세히 서술 - 관련된 과제/프로젝트 관련 자료를 5개 이내로 반드시 Upload (1000자 이내)"
2479,2,"자신이 왜 한국철도시설공단의 인재상에 부합되는 인물인지 기술하고, 관련 사례를 작성해 주십시오."
2480,2,"지원한 응시분야에 가장 필요한 직무역량이 무엇이라고 생각하는지 설명하고, 해당 역량개발을 위해 어떠한 노력을 했는지 사례와 함께 작성해 주십시오."
2481,2,희망직무를 지원한 이유와 직무를 수행하기 위해 어떠한 노력이나 경험을 하였는지 구체적으로 작성해주시기 바랍니다.
2482,2,직무관련 연구 및 특수훈련 등 경험
2483,2,"인턴십에서 하고 싶은 직무는 무엇이며, 그 직무와 관련해서 어떤 지식과 기술을 어떻게 학습해 왔는지 기술하시오."
2484,2,"과거의 교육과정이나 경력을 통해 습득한 지식 및 경험들이 지원분야의 업무와 어떠한 관련성이 있으며, 실제 업무수행에 어떠한 방식으로 도움을 줄 수 있는지 기술하여 주시기 바랍니다."
2485,2,"본인의 강점 및 약점은 무엇이며, 약점을 보완하기 위해 어떤 노력을 해왔는지 기술해 주십시오."
2486,2,지원한 직군에서 구체적으로 하고 싶은 일과 / 본인이 그 일을 남들보다 잘할 수 있는 차별화된 능력과 경험을 기술하시오.(1000자 이내)
2487,2,지원한 직무에 가지고 있는 강점
2488,2,"입사지원서에 기재한 직무 관련 교육사항 및 경력사항을 포함하여, 지원자가 지원한 분야의 직무 관련 활동에 대하여 상세하게 기술하십시오. (1000자 이내)"
2489,2,"지원자가 오랜 기간 동안 열정을 가지고 수행하여 온 학업 외 활동 또는 취미를 한 가지 이상 소개하고, 이러한 활동 또는 취미가 본인의 삶에 어떠한 영향을 주고 있는지 기술하십시오."
2490,2,본인이 지원한 직무 수행에 필요한 지식 기술 등 남들과 다른 전문성을 갖추기 위해 어떤 준비를 하였으며 본인의 어떤한 면이 해당 직무에 적합한지 구체적으로 작성해 주시기 바랍니다. (1000자 이내)
2491,2,"경험기술서 / 입사지원서에 기술한 경력사항 및 직무관련 기타 활동에 대해 상세히 기술해 주시기 바랍니다. 구체적으로 본인이 수행한 활동 조직, 역할 및 구체적 활동 내용, 주요 결과에 대해 작성해 주시기 바랍니다. (1000자 이내)"
2492,2,주요경력(세부전공 내용 중심으로 기술) (1500바이트)
2493,2,"본인의 지원한 직무를 수행하기 위해 갖춰야 할 역량은 어떤 것들이 있으며, 본인은 얼마만큼(또는 어떤) 준비가 되어 있다고 생각되는지 기술해 주시기 바랍니다."
2494,2,해당 영역에서 직무 수행을 위해 본인이 무엇을 어떻게 준비하고 노력해 왔는지 작성해 주십시오.
2495,2,"지원한 분야에서의 전문성 향상과 지식 습득을 위해 본인이 노력한 경험을 토대로, 현대엔지니어링이 귀하를 채용해야하는 이유를 기술해 주십시오."
2496,2,본인이 지원한 사업분야/직무에 관련하여 보유한 직무역량에 대해 구체적으로 기술하여 주시기 바랍니다.
2497,2,"본인이 지원한 직무관련 지원동기와 역량에 대하여. 해당 직무의 지원동기를 포함하여, 직무관련 본인이 보유한 강점과 보완점을 사례를 통하여 구체적으로 기술해주시기 바랍니다"
2498,2,"현대엔지니어링의 프로젝트 하나를 선택하여, 해당 프로젝트에서 본인이 어떠한 역할을 수행할 수 있을지 지원한 직무를 기반으로 기술해 주십시오. (경영 분야는 프로젝트 무관하게 작성)"
2499,2,지원 직무를 잘 수행할 수 있는 이유
2500,2,"해당 직무 분야를 선택하게 된 이유와, 직무 수행에 필요한 역량을 갖추기 위해 어떠한 노력을 하였는지 구체적인 경험을 근거로 상세하게 기술하여 주시길 바랍니다."
2501,2,"입사 후, 회사생활을 하는데 도움이 될 수 있는 자신이 가진 경험이나 강점에 대하여 기술하십시오. (300자)"
2502,2,"글로벌 인재로 성장하기 위해, 지금까지 어떤 과정을 거쳐왔는지, 구체적으로 기술하여 주십시오. (1000자 이내)"
2503,2,자신이 지원한 직무의 역할에 대하여 기술하시오.
2504,2,희망직무 준비과정 및 관련된 경험에 대해 구체적으로 기술해주세요. (1000자 이내)
2505,2,희망직무와 관련된 본인의 경험 또는 노력에 대해 작성해주세요. (1000자 이내)
2506,2,"소위 말하는 스펙(학교, 학점, 전공, 어학점수 등)을 제외하고 S-OIL이 귀하를 채용하기 위하여 반드시 알아야 할 것이 있다면 무엇인지 작성해주세요.(1000자 이내)"
2507,2,"[필수 항목] KT&G의 인재상 중 본인의 특성과 가장 유사한 항목은 무엇이며, 그 이유는 무엇인지 구체적으로 기술하여 주시기 바랍니다. [ 800자 이내 ]"
2508,2,"본인만의 경쟁력(경험, Skill, 지식)에 대하여 기술하시오, LG생명과학에 어떻게 기여할 수 있을지 기술하시오."
2509,2,가장 관심 많았던 전공분야는 무엇이고 이와 관련한 활동이나 성취한 결과에 대해 설명해주십시오.
2510,2,"은행 업무를 위해 필요한 역량은 무엇이고, 이러한 점을 갖추기 위해 본인이 노력한 사례와 차별화된 강점을 구체적으로 설명해 주십시오.(취업준비, 자기계발 등)"
2511,2,"자신의 기술력과 열정을 보여줄 수 있는 활동 사항을 기재해 주세요. 작성 시에는 `본인이 주도적으로 참여한 부분` 위주로 기입하며, 1) 진행 기간 2) 주요 내용 3) 본인이 공헌한 점 4) 사용한 Skill 또는 지식 5) 결과/성과를 간결하게 핵심만 기입해 주세요."
2512,2,"본인이 지원한 직무 수행에 필요한 지식, 기술 등 남들과 다른 전문성을 갖추기 위해 어떤 준비를 하였으며, 본인의 어떠한 면이 해당 직무에 적합한지 구체적으로 작성해주시기 바랍니다. (1000자 이내)"
2513,2,지원한 직군에서 구체적으로 하고 싶은 일과 본인이 그 일을 남들보다 잘할 수 있는 차별화된 능력과 경험을 기술하시오* (1000자 이내)
2514,2,지원한 분야와 관련하여 쌓았던 경험을 기술하여 주세요. (1000자 이내)
2515,2,"[직무 능력] 직무수행능력의 차별화된 경쟁력 (Competitiveness)- 본인이 진흥원 직무를 수행함에 있어 타인과 비교하여 차별화된 자신의 핵심 경쟁력이 무엇인지 기술하고, 해당 경쟁력을 보유하게 된 경력 또는 경험을 기술하세요. (1000자 이내)"
2516,2,"[직무 능력] 직무수행을 위한 지식 및 기술 (Knowledge & Skill)- 본인이 보유하고 있는 진흥원 직무를 수행함에 있어 필요한 핵심 지식(knowledge) 및 기술(Skill)이 무엇인지 기술하고, 해당 지식과 기술을 보유하게 된 경력 또는 경험을 기술하세요. (1000자 이내)"
2517,2,"[직무 능력] 직무수행을 위한 태도 (Attitude)- 진흥원 직무를 수행하기 위해 가장 중요한 태도(attitude)가 무엇인지와 그 필요성을 기술하고, 그 태도와 관련한 본인의 경험을 기술하세요. (1000자 이내)"
2518,2,[자기소개서] 자신의 전공 또는 자신이 가지고 있는 취미나 다양한 활동들을 기존과는 다르게 타 분야의 영역과 연결하여 다양한 방식으로 사고하고 일을 진행해 나간 사례가 있다면 이야기해 주십시오.
2519,2,"은행업무 수행을 위해 필요한 역량은 무엇이며, 이 역량을 갖추기 위해 어떻게 노력해 왔는지 설명"
2520,2,"'고객 만족'을 이끌어 낼 수 있는 본인의 역량은 무엇이며, 그러한 역량을 발휘한 경험을 서술해 주십시오."
2521,2,④ 지원 분야와 관련된 과거의 교육 활동이나 업무 수행 중 지원자 본인이 전문 지식과 기술에 대해 추가적으로 학습하거나 보완한 경험을 구체적인 사례를 바탕으로 기술해 주십시오. ⓐ 무엇 때문에 추가적인 학습과 보완이 필요하다고 느꼈습니까? ⓑ 보완하기 위해 어떤 노력을 하셨습니까? [400 Bytes 이상 1000 Bytes 이내 작성] *
2522,2,채용공고상 주요업무를 수행하는데 있어 도움이 될 본인의 강점이나 관련 경험에 대해 적어주세요.
2523,2,채용공고상 주요업무를 수행하는데 있어 본인의 역량이나 지식으로는 부족하여 학습 또는 지도가 필요하다고 판단되는 점이 있다면 적어주세요.
2524,2,"지원자께서 남들 보다 뛰어난 점은 무엇이며, 직무에 어떻게 적용 할 수 있을 것인지를 구체적으로 기술하여 주시기 바랍니다. (1000자 이내)"
2525,2,재단의 직무를 수행함에 있어 본인이 가지고 있는 차별화된 경쟁력이 무엇인지 기술해 주십시오. (1000자 이내)
2526,2,"입사지원서에 기술한 직무관련 활동(경력, 경험 등)에 대해 상세히 기술해 주시기 바랍니다. 본인이 수행한 활동 내용, 소속 조직이나 활동에서의 역할, 활동 결과에 대해 구체적으로 작성해주시기 바랍니다. (1000자 이내)"
2527,2,"세부경력사항 신입은 인턴, 아르바이트, 수상경력을 자세히 기술 → Project 업무는 본인의 역할과 업무영역 등을 명확하게 기술"
2528,2,"귀하가 현재 학과(전공)를 선택한 이유는 무엇이고, 그 학업결과는 어떠합니까?"
2529,2,타인과 차별화할 수 있는 경쟁력을 자신의 경험을 바탕으로 기술하시오
2530,2,자신이 수강한 전공과목 중 가장 자신 있는 전공 3가지에 대해 이유와 학점 명시
2531,2,해당 직무에 본인이 적합한 이유:(1500자) 적임자가 되기 위해 어떤 경험과 노력을 했는가? 경험 및 노력의 결과와 그 과정에서 느낀 점
2532,2,지원분야(직무) 준비한 과정 - 개인의 경험을 토대로 구체적 기술 (1000자 이내)
2533,2,KCC 인재상 중 자신에게 가장 부합하는 항목을 선택하여 개인의 경험과 함께 구체적으로 기술 (1000자 이내)
2534,2,"지원하고자 하는 직무에 대한 전문지식/능력을 갖기 위해 노력했던 경험을 소개하고, 그 노력의 결과로 해당 분야에서 가장 자신이 있거나 특별한 관심이 가는 분야에 대해 작성하시기 바랍니다."
2535,2,해당직무를 수행함에 있어 본인만의 경쟁력에 대하여 기술하여 주십시오.
2536,2,"현재 귀하의 가장 부족한 역량은 무엇이며, 이를 보완하기 위해 어떠한 노력을 하고 있는지 기술하여 주십시오"
2537,2,에이블씨엔씨의 인재상 중 본인과 부합하는 인재상이 무엇인지 구체적 사례를 들어 기술하여 주십시오.
2538,2,지원 직무 및 디스플레이 관련된 이력을 간결하게 나열해주시기 바랍니다.
2539,2,본인이 지원한 사업분야/직무와 관련하여 보유한 직무역량에 대해 구체적으로 기술하여 주시기 바랍니다.
2540,2,"[직무 능력] 직무수행을 위한 태도(Attitude) - 진흥원 직무를 수행하기 위해 가장 중요한 태도(attitude)가 무엇인지와 그 필요성을 기술하고, 그 태도와 관련한 본인의 경험을 기술하세요. (200자 이상, 500자 이내)"
2541,2,"[직무 능력] 직무수행을 위한 지식 및 기술(Knowledge & Skill) - 본인이 보유하고 있는 진흥원 직무를 수행함에 있어 필요한 핵심 지식(knowledge) 및 기술(Skill)이 무엇인지 기술하고, 해당 지식과 기술을 보유하게 된 경력 또는 경험을 기술하세요. (200자 이상, 500자 이내)"
2542,2,지원동기/ 해당 직무를 지원한 동기와 그 직무를 수행하기 위한 본인만의 차별화된 역량을 기술해 주시기 바랍니다. (1000자 이내)
2543,2,열악한 국내외 건설현장에 배치될 경우 자신만의 강점을 구체적(능력/어학)으로 기술할 것. (1000자 이내)
2544,2,"경력사항 - 경력사원의 경우 본 란이 아닌 경력기술서에 세부사항 작성 / 신입사원의 경우 해외연수, 여행, 아르바이트 경력 등에 대해 기술"
2545,2,본인이 지원하는 직무에 있어 그 일을 잘할 수 있는 차별화된 역량과 경험에 대하여 기술해주십시오 (1000자 이내)
2546,2,Global Leader로서의 역량을 키우기 위해 노력한 경험에 대하여 작성하여 주십시오.
2547,2,해당 직무를 수행하기 위해 대학 생활을 포함하여 지금까지 어떠한 준비를 하였는지 작성해 주십시오.
2548,2,지원분야와 연계되는 장점 및 전문성 (1000자 이내)
2549,2,"입사 후, 회사생활을 하는데 도움이 될 수 있는 자신이 가진 경험이나 강점에 대하여 기술하십시오."
2550,2,"지원 분야와 관련된 업무 경력 및 실적 등 경력사항이나 기타 경험 및 활동에 대하여 상세히 기술해 주시기 바랍니다. 경력사항의 경우, 채용 분야의 직무와 관련하여 기업 또는 조직에서 실제적으로 수행한 업무에 관하여 작성해 주십시오. 경험 및 활동의 경우, 산학, 팀 프로젝트, 연구회, 동아리/동호회, 재능기부 등 지원 분야와 관련하여 쌓은 경험에 관하여 작성해 주십시오."
2551,2,지원 분야와 관련된 업무경력 및 실적 등 경력사항이나 기타 경험 및 교육 활동에 대하여 상세히 기술하여 주시기 바랍니다. (1000자 이내)
2552,2,"마케팅 직무 수행 시 필요한 역량은 무엇이라고 생각하며, 본인은 해당 역량을 갖추기 위해 그동안 어떤 노력과 도전, 그리고 경험을 해왔는지 구체적으로 설명해 주세요. (1,000자 이내)"
2553,2,"세부경력사항 : 신입은 인턴, 아르바이트, 수상경력을 자세히 기술 → Project 업무는 본인의 역할과 업무영역 등을 명확하게 기술 (1000자 이내)"
2554,2,"본인만의 경쟁력(경험, Skill, 지식)은 무엇이며, 당사에 어떻게 기여할 수 있을지 기술하세요."
2555,2,해당 직무에 지원하는 동기를 본인의 경험과 연계하여 기술해 주시기 바랍니다. 본인의 직무역량과 앞으로 당사에서 하고자 하는 업무를 중심으로 기술하여 주시기 바랍니다.
2556,2,"(경험 및 경력기술서) 입사지원서에 기술한 직무관련 경험 혹은 경력사항, 기타 경험 혹은 경력사항과 관련하여 구체적으로 본인이 수행한 활동 내용을 아래 항목을 참고하여 기술해 주십시오."
2557,2,"입사 후, 회사생활을 하는데 도움이 될 수 있는 자신이 가진 경험이나 강점에 대하여 기술하십시오. [300]"
2558,2,지원 분야에 맞춰 귀하가 Nielsen이 원하는 적임자임을 알 수 있는 내용과 Nielsen에서 성취하고 싶은 것에 대해 기술해 주시기 바랍니다.
2559,2,업무에 있어 본인의 최대 강점 3가지와 이를 활용했던 경험에 대하여 기술해 주십시오.
2560,2,"1)지원직무 수행을 위해 필요한 역량(지식, 스킬, 태도)은 무엇이라고 생각하는지 서술하세요. 2) 요구 역량을 함양하기 위해 어떤 노력을 해 왔는지 사례를 중심으로 서술하세요. (1000자 이내)"
2561,2,"지원분야에 있어 가장 중요한 실무역량이 무엇이라고 생각하는지 정의하고, 그에 따라 본인의 역량 수준을 점수화(100점 만점 기준)하여 주시기 바랍니다. 그리고 본인이 현재의 역량을 보유하기 위해 과거에 어떤 노력을 해왔는지 사례를 들어 상세히 기술하여 주십시오."
2562,2,"지원직무 수행을 위해 필요한 역량(지식, 스킬, 태도)은 무엇이라고 생각하는지 서술하세요"
2563,2,"[경력사항/프로젝트] 본인이 참여하여 수행한 프로젝트의 내역을 제목, 목적(무엇을, 왜 구현), 본인 역할, 수행 과정 및 결과가 잘 드러나게 기술하십시오."
2564,2,지원분야에 필요한 직무능력을 습득하기 위해 받은 학교교육 또는 직업교육에 대해 기술하십시오(1000자 이내)
2565,2,"지원분야의 관련 업무를 수행한 경험 중 대표적인것에 대해 기술하십시오. 경험은 직업 외적인(금전적 보수를 받지 않고 수행한) 활동을 의미합니다. 경험을 기술할 경우 구체적으로 본인의 학습경험 혹은 활동내용, 활동결과에 대해 작성하시기 바랍니다. (1000자 이내)"
2566,2,학창시절 및 사회경험에 기반하여 본인의 역량에 대해서 기술해 주십시오.
2567,2,지원분야에 필요한 직무능력을 습득하기 위해 받은 학교교육 또는 직업교육(온라인 포함)에 대해 기술하십시오
2568,2,해당 직무를 지원한 동기와 그 직무를 수행하기 위한 본인만의 차별화된 역량을 기술해 주시기 바랍니다. 직무에 관련된 경험 및 역량 등 자신을 어필할 수 있는 내용을 기반으로 자유롭게 기술하시기 바랍니다.
2569,2,"자신이 수강한 전공과목 중 가장 자신 있는 전공 3가지에 대해, 각각의 이유와 학점을 명시해 주세요"
2570,2,지원한 분야의 전문성과 역량을 갖추기 위해 본인이 노력했던 경험과 그 결과에 대하여 구체적으로 서술하시오. (1000자이내)
2571,2,"귀하가 현재 학과(전공)를 선택한 이유는 무엇이고, 그 학업 결과는 어떠합니까?"
2572,2,본인이 다른 지원자에 비해 업무 수행에 더 적합하다고 판단하는 본인의 강점이 무엇인지 사례를 통해 기술하시오. (1000자이내)
2573,2,"직무능력소개 다양한 교육(학교, 직업, 기타교육 등 포함) 이수를 통한 역량 제고 노력 및 기타역량향상과 관련된 다양한 활동 * 금융 및 기타 업무수행 역량 제고 노력 및 활동 포함 1. 상기 내용을 참고하여 본인이 경험한 사항을 당사에 기여할 수 있는 내용을 중심으로 상세하게 기술하여 주시기 바랍니다. (1000자이내)"
2574,2,상기 내용을 참고하여 본인이 가지고 있는 능력과 향후 발전방향에 대해서 자세하게 기술하여 주시기 바랍니다. (1000자이내)
2575,2,"본인이 지원한 직무관련 지원동기와 역량에 대하여(My Competence)(1000자이내) - 직무 지원동기, 관련 강점과 보완점 사례를 통해서"
2576,2,본인이 지원한 사업분야/직무와 관련하여 보유한 직무역량에 대해 구체적으로 기술하여 주시기 바랍니다. (1000자이내)
2577,2,지원직무에서 본인만의 경쟁력은 무엇인지 기술
2578,2,"여신전문금융업무를 위해 필요한 역량은 무엇이고, 이러한 점을 갖추기 위해 그동안 준비한 것을 설명 하시오."
2579,2,"2. 자신의 강점과 강점을 강화하기 위한 노력, 단점과 단점을 고치기 위한 사례를 기술하시오."
2580,2,"직무 지원 계기, 준비사항 및 경험, 차별화된 역량"
2581,2,"본인이 지원한 직렬에 필요한 지식이나 기술을 습득하기 위해 받은 교육(전공포함), 경력(경험, 현장실습 등 포함)을 기술해 주십시오. (1000자이내)"
2582,2,"지원 직무 관련 주요 연구 및 업무경험에 대해 구체적으로 기술해 주십시오. * Lab명, Lab주요연구활동, 주요논문 혹은 연구과제, 연구기간, 관련 특허, 논문초록 등"
2583,2,"[경험기술서] 입사지원서에 기술한 경력 및 경험에 대해 상세히 기술해 주시기 바랍니다. 경험(직무관련 기타 활동)을 기술할 경우 구체적으로 본인이 수행한 활동 내용, 소속 조직이나 활동에서의 역할, 활동 결과에 대해 작성해주시기 바랍니다."
2584,2,"본인이 가진 열정과 역량에 대하여(본인이 지원한 직무와 관련된 경험 및 역량, 관심사항 등 자신을 어필할 수 있는 내용을 기반으로 자유롭게 기술해주시기 바랍니다."
2585,2,선택한 직무에 지원한 동기와 직무를 수행하는데 필요한 역량을 갖추기 위해 어떤 노력을 기울였는지 기술해 주시기 바랍니다
2586,2,다른 사람들이 지원자를 어떤 사람이라고 정의하는지 지원자는 자신을 어떤 사람이라고 정의 하는지 구체적인 사례와 이유를 설명해 주세요
2587,2,"본인의 지원직무를 어떻게 이해하고 있는지 구체적으로 기술하고, 해당 분야에 본인이 적합하다고 판단할 수 있는 근거를 구체적인 사례 및 경험을 바탕으로 기재해 주십시오.(1000자)"
2588,2,"본인의 지원직무를 어떻게 이해하고 있는지 구체적으로 기술하고, 해당 분야에 본인이 적합하다고 판단할 수 있는 근거를 구체적인 사례 및 경험을 바탕으로 기재해 주십시오"
2589,2,"지원한 직무를 잘 수행할 수 있는 본인만의 강점을 현재까지 경험한 내용을 토대로 기술하십시오. (200자 이상, 500자 이하)"
2590,2,직무경험 : 희망 직무 준비과정과 직무에 대한 본인의 강점과 약점을 기술하시오
2591,2,"‘고객 만족’을 이끌어 낼 수 있는 본인의 역량은 무엇이며, 그러한 역량을 발휘한 경험을 서술해 주십시오. [650자]"
2592,2,"SCM 직무 수행 시 필요한 역량은 무엇이라고 생각하며, 본인은 해당 역량을 갖추기 위해 그 동안 어떤 노력과 도전, 그리고 경험을 해 왔는지 구체적으로 설명해 주세요. (1,000자 이내)"
2593,2,지원하신 직무를 본인이 잘 수행할 수 있다고 생각하는 이유를 기술해 주십시오.(1000자 이내)
2594,2,"현재 귀하의 가장 부족한 역량은 무엇이며, 역량개발을 위해 어떤 활동과 노력을 하고 있는지 기술하시오."
2595,2,지원한 직무를 수행함에 있어 귀하가 가지고 있는 강점에 대해 경험을 중심으로 기술하시오.
2596,2,"(자유양식)지원하신 직무에 지원하게 되신 동기를 간략하게 밝히고, 지원하신 직무에 연관되어 본인이 보유한 지식, 기술, 경험 등을 구체적으로 기술 하시오."
2597,2,직무를 훌륭히 수행할 수 있는 근거
2598,2,인턴근무에 필요한 직무능력을 습득하기 위해 받은 학교교육 또는 직업교육에 대해 기술하십시오.
2599,2,"관련 업무를 수행한 경력 또는 관련 활동을 수행한 경험 중 대표적인 것에 대해 기술하십시오. 경력은 금전적 보수를 받고 일정기간 동안 일했던 이력을 의미하며, 경험은 직업 외적인(금전적 보수를 받지 않고 수행한) 활동을 의미합니다. 경력을 기술할 경우 구체적으로 직무영역, 활동/경험/수행내용, 본인의 역할, 주요 성과 등에 대해 작성하시고, 경험을 기술할 경우 구체적으로 본인의 학습경험 혹은 활동내용, 활동 결과에 대해 작성하시기 바랍니다."
2600,2,신용보증기금 지원 동기 및 입사 후 직무 수행과 관련하여 자신의 전문성 향상을 위해 지금까지 해 온 노력에 대하여 구체적으로 기술하시오. [ 200자 이상 400자 이내 ]
2601,2,"현재 귀하의 가장 부족한 역량은 무엇이며, 역량개발을 위해 어떤 활동과 노력을 하고 있는지 기술하시오. (1000자이내)"
2602,2,지원한 직무를 수행함에 있어 귀하가 가지고 있는 강점에 대해 경험을 중심으로 기술하시오. (1000자이내)
2603,2,"해당 직무 분야에 본인이 최적의 지원자라고 생각하는 이유를 서술하시오. - 본인이 갖추고 있는 해당 직무 분야의 요구 역량을 학습적인 측면(전공, 이수 과목 등)과 그 외 영역으로 구분하여 제시할 것 - 타인과 차별화되는 본인만의 강점이 잘 드러나도록 할 것 - 본인의 능력이나 차별적 강점에 대한 구체적인 근거를 제시할 것 (1000자이내)"
2604,2,지원 직무 관련 자신이 갖춘 역량에 대하여 구체적으로 기술하여 주십시오. .[500~700자]
2605,2,지원한 분야에서 본인이 하고자 하는 구체적인 직무는 무엇입니까? 해당 직무와 관련된 본인의 역량을 구체적으로 작성해 주십시오. (1000 자 10 단락 이내)
2606,2,"지원한 분야, 직무와 직접적인 연관성은 없으나 입사 후 회사생활을 하는데 도움이 될 수 있는 자신이 가진 지식이나 경험은 무엇입니까? 해당 지식과 경험을 얻기까지 본인의 노력/ 과정 등과 함께 구체적으로 작성해 주십시오. (1000 자 10 단락 이내)"
2607,2,보유기술 및 경험직무
2608,2,재경업무 수행에 적합한 지원자로서의 본인의 장점 및 준비된 노력에 대해서 작성해 보십시오
2609,2,지원 분야와 관련된 업무 경력 및 실적 등 경력사항
2610,2,"희망하는 직무를 수행함에 있어서 요구되는 역량이 무엇이라 생각하며, 이 역량을 갖추기 위한 노력 또는 ‘특별한 경험’을 기술하여 주십시오. (600자 이내)"
2611,2,"1)지원직무 수행을 위해 필요한 역량(지식, 스킬, 태도)은 무엇이라고 생각하는지 서술하세요 2)본인이 요구 역량을 함양하기 위해 어떤 노력을 해 왔는지 구체적 사례를 중심으로 서술하세요(1500자,30줄이내)"
2612,2,(경험 및 경력기술서) 입사지원서에 기술한 직무관련 경력사항 및 직무관련 기타 활동 사항과 관련하여 구체적으로 본인이 수행한 활동 내용을 아래 항목을 참고하여 기술해 주십시오.
2613,2,지원 직무 관련 자신이 갖춘 역량에 대하여 구체적으로 기술하여 주십시오. [700자]
2614,2,"[자기개발] 최근 5년간 업무(또는 학습)를 수행하다가 본인의 지식 부족으로 업무가 미흡했던 경우, 업무를 위한 자기개발을 수행한 경험에 대하여 기술하여 주십시오."
2615,2,전공을 포함한 자신의 관심분야를 자유기술(1000자 이내)
2616,2,본인의 경력사항 및 가장 경쟁력 있는 업무분야를 기재하시오
2617,2,"세부경력사항 : 신입은 인턴, 아르바이트, 수상경력을 자세히 기술 → Project 업무는 본인의 역할과 업무영역 등을 명확하게 기술 *300자 이상 2000자 이하로 입력하세요."
2618,2,"본인이 지원한 직무관련 지원동기와 역량에 대하여 (해당 직무의 지원동기를 포함하여, 직무관련 본인이 보유한 강점과 보완점을 사례를 통하여 구체적으로 기술해주시기 바랍니다."
2619,2,지원분야(직무) 준비한 과정 - 개인의 경험을 토대로 구체적 기술(한글 500자 이내)
2620,2,지원한 직군에서 구체적으로 하고 싶은 일과 본인이 그 일을 남들보다 잘할 수 있는 차별화된 능력과 경험을 기술하시오. [1000자]
2621,2,"지원하신 직무를 수행하기 위해 필요한 전문적인 역량은 무엇인지, 그 역량을 가지게 되기 까지이 경험, 자신의 행동, 결과등을 아래 질문을 감안하여 기술하여 주십시오."
2622,2,"지원직무를 잘 수행할수 있는 이유는 무엇인가요? ① 지원 직무 수행시 필요하다고 생각하는 역량 ② 지원 직무를 잘 수행하기 위한 그동안의 노력과 도전 (본인만의 강점, 준비, 관련경험) ③ 입사 후 성장 목표 등을 포함하여 구제적으로 작성해 주세요. (1,000자 이내)"
2623,2,지원 직무를 본인이 훌륭히 수행할 수 있는 근거와 이유를 구체적으로 서술하되 본인의 강점과 경험을 중심으로 작성하십시오.
2624,2,"지원한 직무분야와 관련한 본인의 강점은 무엇이며, 본인이 어떻게 기여할 수 있는지를 구체적으로 기술해 주십시오."
2625,2,"본인의 지원직무를 어떻게 이해하고 있는지 구체적으로 기술하고, 해당 분야에 본인이 적합하다고 판단할 수 있는 근거를 구체적인 사례 및 경험을 바탕으로 기재해 주십시오. * [0자 이상 1000자 이내]"
2626,2,[조직 이해 능력] 본인이 알고 있는 남동발전에 관한 내용 에 대해 자세하게 기술해 주십시오. 어떠한 경로를 통해 그러한 정보를 얻게 되었는지 혹은 추가적인 정보를 얻기 위해 취한 행동/노력은 무엇이었는지를 기술해 주십시오. (1300Bytes 이내)
2627,2,"[자기 개발 능력] 현재 지원하고자 하는 분야와 관련된 강점을 개발시키기 위해 취했던 행동들에 대해 구체적으로 기술해 주십시오. 그러한 활동 및 행동을 하게 된 계기는 무엇이었으며, 결과적으로 본인이 지원한 분야에 어떤 도움이 될 지에 대해 구체적으로 기술해 주십시오."
2628,2,Global Leader로서의 역량을 키우기 위해 노력한 경험에 대하여 작성하여 주십시오. ( 500자 이내 )
2629,2,"해당 직무 분야를 선택하게 된 이유와, 직무 수행에 필요한 역량을 갖추기 위해 어떠한 노력을 하였는지 구체적인 사례를 근거로 기술해 주시길 바랍니다. (700자 이내)"
2630,2,"직무관련 경험(1,000자 이내)"
2631,2,"지원하신 직무와 관련하여, 필요한 역량을 갖추기 위해 지금까지 어떠한 노력을 해왔는지 구체적으로 기술하고, 이들을 업무에 어떻게 적용할 것인지 기술하여 주시기 바랍니다. [ 400자 이상 2000자 이내 ]"
2632,2,"현재 귀하의 가장 부족한 역량은 무엇이며, 역량개발을 위해 어떤 활동과 노력을 하고 있는지 기술하시오. [600자]"
2633,2,지원한 직무를 수행함에 있어 귀하가 가지고 있는 강점에 대해 경험을 중심으로 기술하시오. [600자]
2634,2,해당 직무에 지원한 동기와 해당 직무와 관련된 본인의 경험 및 역량을 기술해 주십시오(1000자)
2635,2,특기사항(우수역량)
2636,2,"[국제적 감각] 항공사 직원이 함양해야 할 국제적 감각이란 무엇이며, 이 역량을 배양하기 위해 본인은 어떠한 노력을 기울였는지 기술하시오."
2637,2,"귀하가 지원한 직무는 무엇이며, 지원한 직무를 성공적으로 수행할 수 있다고 생각하는 이유를 본인의 경험에 기반하여 내세울만한 강점 혹은 개성을 바탕으로 서술해 주십시오"
2638,2,"CJ푸드빌과 해당 직무를 지원한 동기 및 해당 직무를 잘 수행할 수 있는 본인만의 경쟁력을 기술해주세요. 단, 자신의 실제경험을 바탕으로 아래와 같이 직접/간접경험으로 구분하여 작성해 주시기 바랍니다. (1,000자 이내) ① 직접경험 , ② 간접경험"
2639,2,"최근 5년간 업무(또는 학습)을 수행하다가 본인의 지식 부족으로 업무가 미흡했던 경우, 업무를 위한 자기계발을 수행한 경험에 대하여 기술하여 주십시오."
2640,2,"본인의 장점 및 단점을 하나씩 들고, 장점이 재단 직무수행에 도움이 될 수 있는 이유와, 단점을 보완하기 위해 기울인 노력을 구체적으로 기술하여 주십시오."
2641,2,"재단 인재상 중 자신이 가장 부합 한다고 생각하는 것 하나를 선택하고, 그 이유를 구체적인 경험을 들어 기술하여 주십시오."
2642,2,IT경험(학교 내/외 프로젝트) 및 보유한 IT기술 등 자신의 경험을 자유롭게 기술 (최소 300자 최대 5000자 제한)
2643,2,"본인이 지원한 직무 수행에 필요한 지식, 기술 등 남들과 다른 전문성을 갖추기 위해 어떤 준비를 하였으며, 본인의 어떠한 면이 해당 직무에 적합한지 구체적으로 작성해주시기 바랍니다. [700자 이내]"
2644,2,"최근 5년간 업무(또는 학습)를 수행하다가 본인의 지식 부족으로 업무가 미흡했던 경우, 업무를 위한 자기개발을 수행한 경험에 대하여 기술하여 주십시오."
2645,2,"업무에 필요한 지식, 능력을 습득하기 위해 무엇을 준비하였는지 기술해 주십시오"
2646,2,Global Leader 로서의 역량을 키우기 위해 노력한 경험에 대하여 작성하여 주십시오.
2647,2,해당직무를 수행하기 위해 대학생활을 포함하여 지금까지 어떠한 준비를 하였는지 작성해 주십시오. [ 500자 이상 2000자 이내 ]
2648,2,직무역량 : 지원한 직무분야에서 성공을 위한 지금까지의 노력 및 앞으로의 계획을 기술해주세요.
2649,2,"자기PR : 소위 `스펙` 을 제외하고 당신을 채용하기 위해 반드시 알아야 할 것이 있다면 무엇이며, 그 이유를 기술해주세요."
2650,2,본인이 지원 분야에 적합하다고 판단할 수 있는 근거에 대해 경험을 중심으로 작성해 주십시오.
2651,2,"귀하가 지원한 직무는 무엇이며, 지원한 직무를 수행할 수 있다고 생각하는 이유를 본인의 경험에 기반하여 내세울만 한 강점, 혹은 개성을 바탕으로 서술해 주십시오."
2652,2,"오리온에 입사하기 위해서 준비한 지식이나 스킬, 또는 경험을 기술해 주시기 바랍니다. 구체적으로 어느 분야에서 어떤 전문가로 활동하고 싶은지 설명해 주시기 바랍니다. [ 300자 이상 700자 이내 ]"
2653,2,지원한 직무와 관련한 경력이나 경험 및 활동의 내용을 기술해 주십시오.
2654,2,해당 조직이나 활동에서 본인이 맡았던 역할을 기술해 주십시오.
2655,2,해당 경험이 국민건강보험공단 입사 후 업무 수행에 어떠한 도움을 줄 수 있는지 기술해 주십시오.
2656,2,지원분야에 대한 지원자 본인의 직무전문성을 가장 잘 보여주는 사례를 구체적으로 기술해 주시길 바랍니다.
2657,2,"1)지원직무 수행을 위해 필요한 역량(지식, 스킬, 태도)은 무엇이라고 생각하는지 서술하세요 2)본인이 요구 역량을 함양하기 위해 어떤 노력을 해 왔는지 구체적 사례를 중심으로 서술하세요(1500자)"
2658,2,귀하가 가진 직무관련 경험과 능력을 바탕으로 한국에너지공단의 발전 및 미래성장동력 확보에 기여할 수 있는 바를 기술해 주십시오. [500자 이내]
2659,2,해당직무를 수행하기 위한 구체적인 준비와 노력과정을 설명하십시오.
2660,2,"지금까지 기재한 내용을 제외하고, 데상트코리아가 당신을 채용하기 위해 꼭 알아야 할 사항이 있다면 적어주십시오."
2661,2,지원분야에 대한 지원자 본인의 직무전문성을 가장 잘 보여주는 사례를 구체적으로 기술해 주시기 바랍니다.
2662,2,귀하의 교육/훈련 경험이 지원하는 업무와 어떤 관련성이 있는지 기술해 주십시오(300자)
2663,2,지원한 직무와 관련한 경력이나 경험의 활동 내용을 기술해 주십시오(200자)
2664,2,해당 조직이나 활동에서 본인이 맡았던 역할을 기술해 주십시오(200자)
2665,2,해당 경험이 한국가스기술공사 입사 후 업무수행에 어떠한 도움을 줄 수 있을지 기술해 주십시오(200자)
2666,2,"본인이 성공 또는 실패했던 조직적응 사례를 기술하고, 조직 적응을 위해 필요한 역량이 무엇인지 기술하시오. [ 600자 이내 ]"
2667,2,본인이 희망하는 직무 수행을 위해 본인이 무엇을 어떻게 준비해왔는지를 구체적으로 기술하시오. [ 500자 이내 ]
2668,2,"여러분이 지원한 직무와 관련된 노력과 경험 , 그리고 입사 후 해당 직무에서의 성장 비전을 구체적으로 기술해주세요."
2669,2,"해당 직무 수행 시 필요한 역량은 무엇이라고 생각하며, 본인은 해당 역량을 갖추기 위해 그 동안 어떤 노력과 도전, 그리고 경험을 해 왔는지 구체적으로 설명해 주세요."
2670,2,쌍용건설 인재상 중 자신에게 가장 부합하는 항목 한 가지 개인 경험 토대로 서술
2671,2,해외근무시 발휘할 수 있는 역량 한 가지를 사례를 들어 작성
2672,2,지원 직무를 잘 수행하기 위하여 어떤 준비를 했는지 구체적으로 기술해 주세요
2673,2,"특정 분야에서 전문지식/능력 등을 갖기 위해 지속적으로 노력했던 경험을 소개하고, 습득한 전문 지식/능력 등이 본인에게 어떤 영향을 주었는지 자세히 작성하시기 바랍니다."
2674,2,"지원하신 직무분야의 업무수행을 위해 가장 필요한 자격요건(기질, 역량 등)을 3가지 제시하고 입사 후 5년 이내에 해당분야에서 꼭 성취해보고 싶은 것이 무엇인지 구체적으로 제시해주시기 바랍니다."
2675,2,지원한 직무와 관련하여 타 지원자가 가지지 못한 본인`만`의 경쟁력이 무엇이라고 생각합니까? 또한 그 경쟁력을 보유/유지 하기 위해 어떤 노력을 해 왔습니까?
2676,2,자신만의 경쟁력과 입사 후 활용법 [200byte 이상 1200byte 이내]
2677,2,지원한 직무와 관련한 경력이나 경험 및 활동의 내용을 기술해 주십시오.(200자)
2678,2,해당 조직이나 활동에서 본인이 맡았던 역할을 기술해 주십시오. (200자)
2679,2,해당 경험이 국민건강보험공단 입사 후 업무 수행에 어떠한 도움을 줄 수 있는지 기술해 주십시오.(200자)
2680,2,"현재 귀하의 가장 부족한 역량은 무엇이며, 역량개발을 위해 어떤 활동과 노력을 하고 있는지 기술하시오"
2681,2,개발자로서 역량을 쌓기 위해 해온 자기계발 활동
2682,2,"본인의 장점에 대해 기술하고 그 장점을 발휘하여 성공적으로 일을 처리했던 경험, 그리고 이러한 경험이 인천국제공항에 어떠한 기여를 할 수 있을지에 대해 기술하세요. (300자 이내)"
2683,2,"현대엔지니어링의 프로젝트 하나를 선택하여, 해당 프로젝트에서 본인이 어떠한 수행을 할수있을지 지원한 직무를 기반으로 기술해주십시오"
2684,2,귀하가 가진 직무관련 경험과 능력을 바탕으로 한국에너지공단의 발전 및 미래성장동력 확보에 기여할 수 있는 바를 기술해 주십시오.
2685,2,개발자로서의 역량향상을 위한 자기계발 활동
2686,2,능력 및 주요경력 소개
2687,2,직무와 관련된 경력 및 활동사항과 성과에 대해 말씀해 주십시오.
2688,2,본인이 가진 열정과 역량에 대하여
2689,2,"직무와 관련하여 본인의 특별한 경험과 역량은 무엇입니까?창업(신사업을 일궈낸 경험), 마케팅조사 (2000 Bytes 이내)"
2690,2,"입사지원서에 기술한 경험 및 경력사항에 대해 상세히 기술해주십시오. 본인의 역할과 행동 그리고 주요 성과를 중심으로, 구체적으로 작성해주십시오."
2691,2,해당 직무에 지원하기 위해 어떤 준비를 했는지 구체적으로 서술하시오.
2692,2,지원자 본인이 불확실한 결과를 두려워하지 않고 열정적으로 노력하는 사람임을 가장 잘 나타내는 최근 5년 이내의 사례를 기술해 주시기 바랍니다. (300~500자)
2693,2,"지원자 본인이 현실과 타협하거나 편법을 사용하지 않고, 원칙대로 일을 처리하는 사람임을 가장 잘 나타내는 최근 5년 이내의 사례를 기술해 주시기 바랍니다. (300~500자)"
2694,2,지원자 본인이 자신의 지원분야에 대한 전문성을 향상시키기 위해 꾸준히 노력하는 사람임을 가장 잘 나타내는 최근 5년 이내의 사례를 기술해 주시기 바랍니다. (300~500자)
2695,2,지원한 직무와 관련하여 본인이 수행해 온 노력과 입사 후 해당 직무분야에서 본인의 발전 방향을 기술해 주십시오.
2696,2,자신이 지원한 분야에 입사하기 위하여 개인적으로 어떤 노력을 기울였는지 사례를 들어 설명하여 주십시오.
2697,2,"당사의 지원동기와 지원분야에서 성과를 내는데 필요한 역량은 무엇이며, 해당역량을 갖추기 위해 어떤 노력을 해왔는지 기술하시오."
2698,2,"본인의 강점과 약점은 무엇이며, 그 강점이 앞으로 당사와 본인의 발전에 어떻게 기여 할 수 있는지 기술하여 주십시오. [ 200자 이상 600자 이내 ]"
2699,2,"업무에 필요한 지식, 능력을 습득하기 위해 무엇을 준비하였는지 기술해 주십시오."
2700,2,지원분야에 필요한 직무능력을 습득하기 위해 받은 학교교육 또는 직업교육에 대해 기술하십시오. (400자 이내)
2701,2,"지원분야의 관련 업무를 수행한 경력 또는 관련 활동을 수행한 경험 중 대표적인 것에 대해 기술하십시오. 경력은 금전적 보수를 받고 일정기간 동안 일했던 이력을 의미하며, 경험은 직업 외적인(금전적 보수를 받지 않고 수행한) 활동을 의미합니다. 경력을 기술할 경우 구체적으로 직무영역, 활동/경험/수행내용, 본인의 역할, 주요 성과 등에 대해 작성하시고, 경험을 기술할 경우 구체적으로 본인의 학습경험 혹은 활동내용, 활동 결과에 대해 작성하시기 바랍니다. (400자 이내)"
2702,2,"본인의 지원직무와 관련하여 자신의 강점/약점을 기술, 약점을 보완하기 위한 노력을 기술하십시오 (600자)"
2703,2,"본인의 장/단점과 입사 후 장점은 어떻게 활용되고, 단점은 어떻게 보완 할 수 있겠는지를 기술하세요.(400자)"
2704,2,"지원하신 직무분야를 선택하고, 지원직무 수행을 위해 어떤 준비를 했는지 구체적 사례를 중심으로 써주세요.(300자)"
2705,2,개발자로서 역량을 쌓기 위해 해온 노력!
2706,2,"지원분야의 관련 업무를 수행한 경험 중 대표적인 것에 대해 기술하십시오. 경험은 직업 외적인(금전적 보수를 받지 않고 수행한) 활동을 의미합니다. 경험을 기술할 경우 구체적으로 본인의 학습경험 혹은 활동내용, 활동 결과에 대해 작성하시기 바랍니다.)"
2707,2,해당 직무를 선택한 이유와 그 직무를 수행함에 있어 본인의 경쟁력은 무엇인지 기술해 주십시오. (400자)
2708,2,"세부경력사항 : 신입은 인턴, 아르바이트, 수상경력을 자세히 기술 → Project 업무는 본인의 역할과 업무영역 등을 명확하게 기술 * 300자 이상 2000자 이하로 입력하세요."
2709,2,"본인의 장점에 대해 기술하고 그 장점을 발휘하여 성공적으로 일을 처리했던 경험, 그리고 이러한 경험이 인천국제공항공사에 어떠한 기여를 할 수 있을지에 대해 기술하세요."
2710,2,"B2B 솔루션 분야에 있어서 왜 본인이 적임자인지 제시하십시오. (학습적인 측면 (이수과목, 전공 등)과 그 외 활동으로 구분하여 제시할 것, 본인이 기울인 노력이 구체적으로 드러나도록 할 것, 본인의 노력이 전문성 함양에 어떤 영향을 미쳤는지 언급할 것)"
2711,2,희망직무 준비과정 및 관련된 경험에 대해 구체적으로 기술해 주세요.(800자 16줄 이내)
2712,2,"해외영업직을 효과적으로 수행하기 위해 필요한 역량 또는 덕목은 무엇이며, 이를 바탕으로 본인이 가진 강점과 보완점을 기술해 주시기 바랍니다."
2713,2,과거의 교육과정이나 경력들을 통해 습득한 전공 지식 및 기술 경험들이 KOGAS 지원 분야 내의 업무들과 어떠한 관련성을 맺고 있다고 생각합니까? 또 그러한 지식과 경험이 실제 업무 수행에 어떠한 방식으로 도움을 줄 수 있는지 구체적으로 기술하여 주십시오. (500자)
2714,2,지원직무에 대하여 자신이응용할 수 알고 있고 있는 지식을 구체적으로 나열하시오.
2715,2,본인이 자신 있는 직무와 이유를 설명해 주세요. [500자]
2716,2,"업무에 필요한 지식, 능력을 습득하기 위해 무엇을 준비하였는지 기술해 주십시오. (200자 이내)"
2717,2,자신에게 있어 건설 기술전문가의 의미에 대해 기술해 주십시오. (300자 이내)
2718,2,"현재 귀하의 가장 부족한 역량은 무엇이며, 역량개발을 위해 어떤 활동과 노력을 하고 있는지 기술하시오. (600자)"
2719,2,지원한 직무를 수행함에 있어 귀하가 가지고 있는 강점에 대해 경험을 중심으로 기술하시오. (600자)
2720,2,"입사지원서에 입력한 직무관련 기타 활동에 대해 기술해 주시기 바랍니다. 구체적인 활동 내용, 본인의 역할, 활동 결과 등에 대해 800자 이내로 작성해 주시기 바랍니다"
2721,2,"지원 분야와 관련된 학업, 업무, 특정 과업들의 수행과정에서 새로운 방식을 시도했던 최근의 사례에 대해 기술해주십시오. 본인의 역할과 행동 그리고 주요 성과를 중심으로, 구체적으로 작성해주십시오."
2722,2,입사 이후의 중소기업진흥공단 안에서 직장 생활을 통해 이루고 싶은 목표가 무엇인지 기술하고 이러한 목표를 이루기 위해 이전 교육(실습) 및 업무 활동 경험을 실제 업무에서 어떻게 활용 및 발전시킬 수 있을지에 대해 기술하십시오.
2723,2,본인이 지원 분야에 적합하다고 판단할 수 있는 근거에 대해 경험을 중심으로 작성해 주십시오. [1000자 이내]
2724,2,"지원하신 직무와 관련하여, 필요한 역량을 갖추기 위해 지금까지 어떠한 노력을 해왔는지 구체적으로 기술하고, 이들을 업무에 어떻게 적용할것인지 기술하여 주시기 바랍니다. [400자 이상2000자 이내]"
2725,2,우리 공단에 지원한 동기 및 지원 분야의 직무 수행과 관련하여 자신의 전문성 향상을 위해 어떤 노력을 했는지 구체적으로 기술해 주시기 바랍니다. [500자~700자]
2726,2,지원 직무에 대한 본인만의 강점
2727,2,"지원분야의 관련 업무를 수행한 경력 또는 관련 행동을 수행한 경험 중 대표적인 것에 대해 기술하십시오. 경력은 금전적 보수를 받고 일정기간 동안 일했던 이력을 의미하며, 경험은 직업 외적인 활동 을 의미합니다. 경력을 기술할 경우 구체적으로 직무영역, 활동 경험 수행내용, 본인의 역할, 주요 성과 등에 대해 작성하시고, 경험을 기술할 경우 구체적으로 본인의 학습경험 혹은 활동내용, 활동 결과에 대해 작성하시기 바랍니다."
2728,2,입사지원서에 기술한 직무관련 경력사항 및 직무관련 기타 활동 사항과 관련하여 구체적으로 본인이 수행한 활동 내용을 아래 항목을 참고하여 기술해 주십시오.
2729,2,"현재 귀하의 가장 부족한 역량은 무엇이며, 역량개발을 위해 어떤 활동과 노력을 하고 있는지 기술하시오. (최대 600자 최소 100자)"
2730,2,지원 직무와 관련된 이력을 간결하게 나열해주시기 바랍니다. 등으로 기술해주시면 됩니다. 예시) 디스플레이 개론 수강(2013)/ A학점 취득 (100~500자)
2731,2,지원분야 직무를 선택한 이유와 직무를 수행함에 있어 본인의 강점을 기재해주시기 바랍니다. (1000자)
2732,2,"해당 직무 분야를 선택하게 된 이유와, 직무 수행에 필요한 역량을 갖추기 위해 어떠한 노력을 하였는지 구체적인 사례를 근거로 기술해 주시길 바랍니다(700자 이내)"
2733,2,해당 직무에 지원하기 위해 준비한 본인만의 경쟁력을 구체적 사례와 경험을 들어 기술하세요. (700자)
2734,2,[경험기술서] 지원서에 기술한 경험사항(경력이 있으시면 경력사항 기재)에 대해서 상세히 작성해 주십시오. - 본인이 수행한 업무(활동)와 결과를 구체적으로 작성해 주십시오.
2735,2,"직무수행능력의 차별화된 경쟁력 (Competitiveness) - 본인이 진흥원 직무를 수행함에 있어 타인과 비교하여 차별화된 자신의 핵심 경쟁력이 무엇인지 기술하고, 해당 경쟁력을 보유하게 된 경력 또는 경험을 기술하세요. [1000자]"
2736,2,"직무수행을 위한 지식 및 기술 (Knowledge & Skill) - 본인이 보유하고 있는 진흥원 직무를 수행함에 있어 필요한 핵심 지식(knowledge) 및 기술(Skill)이 무엇인지 기술하고, 해당 지식과 기술을 보유하게 된 경력 또는 경험을 기술하세요.[1000자]"
2737,2,"직무수행을 위한 태도 (Attitude) - 진흥원 직무를 수행하기 위해 가장 중요한 태도(attitude)가 무엇인지와 그 필요성을 기술하고, 그 태도와 관련한 본인의 경험을 기술하세요. [1000자]"
2738,2,사지원서에 기술한 경력 및 경험에 대해 상세히 기술해 주시기 바랍니다.
2739,2,지원한 직무와 관련하여 본인이 수행해 온 노력과 입사 후 해당 직무분야에서 본인의 발전 방향을 기술해 주십시오
2740,2,희망하는 직무를 기재하고 그 이유와 본인의 적합성을 지식/자신의 장기 비전/성격에 비추어 기술하시오
2741,2,"경력은 금전적 보수를 받고 일정기간 동안 일했던 이력을 의미하며, 경험은 직업 외적인 활동으로 산학 활동, 팀 프로젝트 활동, 연구회 활동, 동아리·동호회 활동, 온라인 커뮤니티 활동, 재능기부 활동 등이 포함될 수 있습니다. 본인이 지원한 분야의 직무와 관련하여, 경력 및 경험에 대한 본인의 담당직무, 역할 및 구체적 행동, 주요 성과에 대해 작성하세요."
2742,2,자신이 다른 사람과 차별화되는 강점을 적으시오. 그 강점을 키우기 위해 어떤 노력을 했는지 구체적으로 기술하시오.
2743,2,"오리온에 입사하기 위해서 준비한 지식이나 스킬, 또는 경험을 기술해 주시기 바랍니다. 구체적으로 어느 분야에서 어떤 전문가로 활동하고 싶은지 설명해 주시기 바랍니다.[500자]"
2744,2,직무경험 : 선택한 직무에 있어서 필요한 사람임을 보일 수 있도록 자신에 대해 좀 더 자세히 기술해 주세요.[800자]
2745,2,"본인이 지원한 직무에 가장 중요하다고 생각하는 역량과 이에 대한 자신만의 차별화된 강점(전문지식, 기술, 경험 등)은 무엇인지 기술해 주십시오. (700자이내)"
2746,2,해당 직무를 수행함에 있어 본인만의 경쟁력에 대하여 기술하여 주십시오.(300자)
2747,2,"현재 귀하의 가장 부족한 역량은 무엇이며, 이를 보완하기 위해 어떠한 노력을 하고 있는지 기술하여 주십시오.(300자)"
2748,2,‘에이블씨엔씨’ 의 인재상 중 본인과 부합하는 인재상이 무엇인지 구체적 사례를 들어 기술하여 주십시오.(300자)
2749,2,지원한 직무를 수행함에 있어 귀하가 가지고 있는 강점에 대해 경험을 중심으로 기술하시오
2750,2,자기소개(경력직은 경력위주)
2751,2,성격의 장점 및 단점(경력직은 업무중심)
2752,2,"당신이 제출한 소위 “스펙”을 제외하고 데상트코리아가 당신을 채용하기 위해 알아야 할 것이 있다면 무엇이며, 그 이유를 기술하십시오. * [100자 이상 400자 이내]"
2753,2,입사지원서에 기술한 경력 및 경험에 대해 상세히 기술해 주시기 바랍니다.
2754,2,"본인만의 경쟁력(경험,Skill,지식)에 대하여 기술하시고, LG생명과학에 어떻게 기여할 수 있을지 기술하시오."
2755,2,지원직무와 관련된 경험 또는 보유역량/기술에 대해 기술하시오
2756,2,본인이 지원 분야에 적합하다고 판단할 수 있는 근거에 대해 경험을 중심으로 작성해 주십시오. * [1000자 이내]
2757,2,지원자 본인이 불확실한 결과를 두려워하지 않고 열정적으로 노력하는 사람임을 가장 잘 나타내는 최근 5년 이내의 사례를 기술해 주시기 바랍니다. (500자)
2758,2,"지원자 본인이 현실과 타협하거나 편법을 사용하지 않고, 원칙대로 일을 처리하는 사람임을 가장 잘 나타내는 최근 5년 이내의 사례를 기술해 주시기 바랍니다. (500자)"
2759,2,지원자 본인이 자신의 지원분야에 대한 전문성을 향상시키기 위해 꾸준히 노력하는 사람임을 가장 잘 나타내는 최근 5년 이내의 사례를 기술해 주시기 바랍니다. (500자)
2760,2,보유 지식 및 기술의 차별화된 경쟁력
2761,2,직무능력 제고를 위한 자기개발
2762,2,현재 자신의 위치에 오기 위해 수행했던 노력과 지원한 분야에서 성공하기 위한 노력 및 향후 계획을 기술해 주십시오.
2763,2,지원한 분야와 관련하여 자신이 다른 지원자보다 조금이라도 수준이 높다고 내세울만한 역량 및 부족하다고 생각하는 역량을 각각 한 가지씩 기술하여 주십시오.
2764,2,"인턴십을 지원한 이유와 필요한 역량을 갖추기 위해 지금까지 어떠한 노력을 해왔는지 구체적으로 서술하여 주시고, 그 경험들이 앞으로 회사와 본인의 발전에 어떻게 기여할 것이라고 생각하는지 기술하여 주시기 바랍니다."
2765,2,인턴프로그램을 통해 본인이 얻고자 하는 것은 무엇인지 기술하여 주시기 바랍니다.
2766,2,그 외 본인의 장점 및 인턴지원 시 어필하고 싶은 내용을 자유롭게 기술하여 주시기 바랍니다.
2767,2,지원 분야에 대한 지원자 본인의 직무전문성을 가장 잘 보여주는 사례를 구체적으로 기술해 주시기 바랍니다.
2768,2,지원 직무와 관련된 경력사항과 주요 실적을 기재해주세요.
2769,2,학업 외 활동 중 본인의 역량을 개발하는 데 도움이 된 활동이나 경험에 대해 작성해주시기 바랍니다. 학업과정 중 특기사항(100자 이내)
2770,2,"[경험기술서] 입사지원서에 기술한 직무관련 기타 활동에 대해 상세히 기술해 주시기 바랍니다. 구체적으로 본인이 수행한 활동 내용, 소속 조직이나 활동에서의 역할, 활동 결과에 대해 작성해주시기 바랍니다. [600자]"
2771,2,"[경력기술서] 입사지원서에 기술한 경력 사항에 대해 상세히 기술해 주시기 바랍니다. 구체적으로 직무영역, 활동/경험/수행 내용, 본인의 역할 및 구체적 행동, 주요 성과에 대해 작성해주시기 바랍니다. [600자]"
2772,2,입사 이후의 중소기업진흥공단 안에서 직장 생활을 통해 이루고 싶은 목표가 무엇인지 기술하고 이러한 목표를 이루기 위해 이전 교육(실습) 및 업무 활동 경험을 실제 업무에서 어떻게 활용 및 발전시킬 수 있을지에 대해 기술하십시오. [500자]
2773,2,직무수행능력의 차별화된 경쟁력 (Competitiveness)
2774,2,직무수행을 위한 지식 및 기술 (Knowledge & Skill)
2775,2,영업관리 직무에 대한 준비과정과 이와 관련된 본인의 강점과 약점 기술
2776,2,지원하신 직무를 선택한 이유와 그 직무에 필요한 역량을 갖추기 위해 지금까지 어떠한 노력을 해왔는지 구체적으로 작성해주십시오. (600자 이내)
2777,2,"다른 사람과 차별화된 본인만의 경쟁력은 무엇이며, JB우리캐피탈 발전에 어떻게 기여할 수 있는지 구체적으로 작성해주십시오. (600자 이내)"
2778,2,"지원자가 지원한 분야의 직무에 필요하다고 생각하는 역량 한 가지를 제시하고, 이를 지원자가 가진 능력 및 성격의 장단점과 비교하여 설명하여 주십시오. (600자 이내)"
2779,2,"직무관련 기타활동 기술서ㆍ입사지원서에 기술한 직무관련 기타 활동에 대해 상세히 기술해 주시기 바랍니다. 구체적으로 본인이 수행한 활동 내용, 소속 조직이나 활동에서의 역할, 활동 결과에 대해 작성해 주시기 바랍니다.(1000자 이내)"
2780,2,"본인이 희망하는 업무는 무엇이며, 업무 수행에 필요한 역량을 갖추기 위해 어떠한 노력을 했는지 구체적으로 기술해 주십시오. (500자 이내)"
2781,2,석사(혹은 박사)학위 과정 중 수행한 연구주제에 대해 구체적으로 기술하여 주십시오.
2782,2,"석사(혹은 박사)학위과정에서 이수한 과목 중 지원하신 직무와 관련된 과목을 기술하여주시기 바라며, 당시 사용했던 실험기기(실험 skill)에 대해 기술하여 주시기 바랍니다."
2783,2,본인의 장점과 단점에 대해 작성하고 입사 후 어떻게 활용할 것인지 작성해주시기 바랍니다. (500자)
2784,2,해당 직무를 지원한 동기와 그 직무를 수행하기 위한 본인만의 차별화된 역량을 기술해 주시기 바랍니다.
2785,2,"지원하신 직무를 수행하기 위해 필요한 전문적인 역량은 무엇인지, 그 역량을 가지게 되기까지의 경험, 자신의 행동, 결과 등을 아래 질문을 감안하여 기술하여 주십시오."
2786,2,과거의 교육과정이나 경력들을 통해 습득한 전공 지식 및 기술 경험들이 KOGAS 지원 분야 내의 업무들과 어떠한 관련성을 맺고 있다고 생각합니까? 또 그러한 지식과 경험이 실제 업무 수행에 어떠한 방식으로 도움을 줄 수 있는지 구체적으로 기술하여 주십시오. (1000자 이내)
2787,2,재단의 직무를 수행함에 있어 본인이 가지고 있는 차별화된 경쟁력이 무엇인지 기술해 주십시오. [500자 이내]
2788,2,"경험기술서 (600자 이내) * 입사지원서에 기술한 직무관련 기타 활동에 대해 상세히 기술해 주시기 바랍니다. * 구체적으로 본인이 수행한 활동 내용, 소속 조직이나 활동에서의 역할, 활동 결과에 대해 작성해주시기 바랍니다."
2789,2,"본인이 지원한 직무에 필요한 역량은 무엇이라고 생각하며, 그 이유는 무엇입니까?"
2790,2,직무에 필요한 역량을 갖추기 위해 본인이 노력했던 점은 무엇입니까?
2791,2,본인이 지원 분야에 적합하다고 판단할 수 있는 근거에 대해 경험을 중심으로 작성해 주십시오. (1000자)
2792,2,대학전공분야 중 관심분야를 기술해 주십시오.
2793,2,지원직무와 지원자의 자격 연관성에 대해 기술하여 주십시오.
2794,2,희망직무를 지원한 이유와 직무를 수행하기 위해 어떠한 노력이나 경험을 하였는지 구체적으로 작성해주시기 바랍니다. (500 자 이내)
2795,2,본인의 장점과 단점에 대해 작성하고 입사 후 어떻게 활용할 것인지 작성해주시기 바랍니다. (500 자 이내)
2796,2,귀하가 가진 직무관련 경험과 능력을 바탕으로 한국에너지공단의 발전 및 미래성장동력 확보에 기여할 수 있는 바를 기술해 주십시오. * [500자 이내]
2797,2,재경업무 수행에 적합한 지원자로서의 본인의 장점 및 준비된 노력에 대해서 작성해 보십시오. (1000자)
2798,2,"타인과 차별화된 자신만의 역량, 이를 위해 준비해온 과정"
2799,2,"PB가 가져야할 역량 중 본인의 강점은 무엇이며 그 역량을 갖추기 위한 구체적인 노력, 경험에 대하여 서술해 주시기 바랍니다"
2800,2,지원한 직무 수행을 위해 본인이 무엇을 어떻게 준비하고 노력 해 왔는지 구체적으로 기술하십시오.
2801,2,해당직무를 지원한 동기와 그 직무를 수행하기 위한 본인만의 차별화된 역량을 기술해 주시기 바랍니다. (1000자)
2802,2,경력사항(신입은 역량기술)
2803,2,"귀하가 지원한 직무는 무엇이며, 해당 직무에 관심을 갖게 된 계기와 이를 잘 수행할 수 있다고 생각하는 이유를 본인의 역량, 준비과정 및 관련 경험을 근거로 서술"
2804,2,"본인의 장/단점과 입사 후 장점은 어떻게 활용되고, 단점은 어떻게 보완 할 수 있겠는지를 기술하세요. (50자 이상 400자 이내)"
2805,2,지원하신 직무를 수행함에 있어 본인이 가지고 있는 강점에 대해 경험을 중심으로 기술해 주십시오. (500자 이내)
2806,2,해당 직무에 지원한 사유 및 직무 수행에 적합하다고 생각되는 근거를 본인의 전공 및 경험등에 연계하여 서술해 주시기 바랍니다 (최소 500자 1000자 이하)
2807,2,"지원직무와 관련하여 자신의 강점/약점을 기술, 약점을 보완하기 위한 노력을 기술하십시오 (400자)"
2808,2,"본인이 해당직무를 지원하게 된 이유는 무엇이며 직무를 잘 수행하기 위해 어떻게 준비해왔는지 경험, 전공 등을 연계하여 서술하시오 (400자)"
2809,2,"대우건설 내 희망 직무는 무엇이며, 직무 수행에 필요한 지식, 기술 등 남들과 다른 전문성을 갖추기 위해 어떤 준비를 하였는지 구체적으로 작성해 주시기 바랍니다. [700자]"
2810,2,"KB국민은행이 귀하를 채용해야 하는 이유와, KB인이 되기 위하여 준비한 본인만의 경험 및 노력을 기술하십시오. [ 600자 이내]"
2811,2,지원한 분야를 본인이 잘 수행 할 수 있다고 생각하는 이유
2812,2,"경험기술서 · 입사지원서에 입력한 직무관련 기타 활동에 대해 기술해 주시기 바랍니다. · 구체적인 활동 내용, 본인의 역할, 활동 결과 등에 대해 800자 이내로 작성해 주시기 바랍니다."
2813,2,"지원한 직무와 직접적인 연관성은 없으나, 입사 후 회사생활을 하는 데 도움이 될 수 있는 자신이 가진 지식이나 경험에 대해 기술하시오."
2814,2,다양한 직업 중에 S/W 개발자가 되려는 이유는 무엇인가요? (1000자)
2815,2,"지원분야와 관련하여 어떠한 준비(관련지식,자격증,수상경력 등)을 해왔는지 기술해 주십시오."
2816,2,"지원분야와 관련된 경험(수행활동, 활동기간 등)이 있다면 구체적으로 기술해 주십시오."
2817,2,"해당 지원분야와 관련된 경험을 통해, 본인이 느꼈던 생각과 결과에 대해 최대한 구체적으로 작성해 주십시오."
2818,2,"[직무 Guide]를 참고하여 희망직무 분야와 사유, 그리고 이와 관련하여 준비해온 과정에 대하여 작성 바랍니다. (800자)"
2819,2,현대해상 직원으로서 갖추어야 할 각 역량의 정의 및 중점사항을 참고하여 본인의 경험 사례를 작성해 주시기 바랍니다. (800자)
2820,2,"오리온에 입사하기 위해서 준비한 지식이나 스킬, 또는 경험을 기술해 주시기 바랍니다. 구체적으로 어느 분야에서 어떤 전문가로 활동하고 싶은지 설명해 주시기 바랍니다. [ 300자 이상 700자 이내]"
2821,2,금융투자업에서의 대희망직무와 희망직무에 한 본인만의 강점을 구체적인 경험을 토대로 서술해주시기 바랍니다.
2822,2,세부지원 분야 및 관련 직무/연구경험
2823,2,직무경험 : 희망직무 준비과정과 희망직무에 대한 본인의 강점과 약점을 기술해주세요
2824,2,해당직무 수행에 필요한 역량/자질 3가지를 꼽아주세요. [100자 이내]
2825,2,"관련 역량을 갖추기 위해 구체적으로 어떠한 노력을 하였는지 말씀해 주세요. (학업과정, 경험, 자격증 취득 등) [600자 이내] *"
2826,2,"본인의 글로벌 역량과 관련한 사항을 말씀해 주세요.(외국어능력, 거주경험 등) [600자 이내]"
2827,2,"귀하가 지원한 직무는 무엇이며, 해당 직무에 관심을 갖게 된 계기와 이를 잘 수행할 수 있다고 생각하는 이유를 본인의 역량, 준비과정 및 관련 경험을 근거로 서술해 주십시오 [100자 이상 500자 이내]"
2828,2,"지원직무를 선택한 이유와 그 직무에 필요한 역량을 갖추기 위해 어떠한 노력을 해왔는지 구체적으로 서술하고, 그 경험들이 앞으로 회사와 본인의 발전에 어떻게 기여할 것이라 생각하십니까?"
2829,2,"① 지원직무 수행을 위해 필요한 역량(지식, 스킬, 태도)은 무엇이라고 생각하는지 서술하세요. ② 본인이 요구 역량을 함양하기 위해 어떤 노력을 해 왔는지 구체적 사례를 중심으로 서술하세요. (1500자,30줄 이내)"
2830,2,"지원한 부문의 업무를 수행하기 위하여 필요한 핵심역량은 무엇이라고 생각하며, 해당 역량을 갖추기 위해 본인은 어떠한 노력을 했는지 구체적으로 기술해 주십시오. (1000자 이내)"
2831,2,직무경험 : 희망직무 준비과정과 희망 직무에 대한 본인의 강점과 약점을 기술 (실패 또는 성공 사례 중심으로 기술) (800자)
2832,2,"지원하신 직무분야의 업무수행을 위해 가장 필요한 자격요건(기질, 역량 등)을 3가지 제시하고 입사 후 5년 이내에 해당분야에서 꼭 성취해보고 싶은 것이 무엇인지 구체적으로 제시해주시기 바랍니다. (1000 자 10 단락 이내)"
2833,2,"은행업무 수행을 위해 필요한 역량은 무엇이며, 이 역량을 갖추기 위해 어떻게 노력해 왔는지 설명해 주십시오."
2834,2,직무관련 경험 및 강점
2835,2,본인이 지원한 분야의 필요지식을 습득하기 위해 받은 학교교육 또는 직업교육 내용을 기술하고 현업에서의 활용방안에 대한 생각을 기술하십시오. (850자 이내)
2836,2,1의 필요지식 외에 귀하가 한전에 입사하여 효과적인 업무수행을 하기 위해 필요하다고 생각하는 능력은 무엇입니까? (450자 이내)
2837,2,"당신이 제출한 소위 “스펙”을 제외하고 데상트코리아가 당신을 채용하기 위해 알아야 할 것이 있다면 무엇이며, 그 이유를 기술하십시오."
2838,2,석사(또는 박사) 학위 과정 중 수행한 연구 주제에 대해 구체적으로 기술하여 주십시오.
2839,2,"석사(또는 박사) 학위 과정에서 이수한 과목 중 지원하신 직무와 관련된 과목을 기술하여 주시기 바라며, 당시 사용했던 실험기기 (실험 SKILL)에 대해 기술하여주시기 바랍니다."
2840,2,지원분야 역량개발 노력 및 주요경력(교육사항 등 포함)
2841,2,지원직무와 관련된 경험 또는 보유역량/기술에 대해 기술하시오 (500자)
2842,2,본인이 해당 직무 분야에 지원하게 된 이유와 해당 직무에 본인이 적합하다고 판단할 수 있는 이유 및 근거를 기술하시오. (800자)
2843,2,주요경력 : 세부전공 내용 중심으로 기술 (15줄/ 1500바이트)
2844,2,지원분야에 대한 자신의 준비사항 및 구체적인 노력 내용과 이를 통해 확보된 역량을 기술해 주십시오
2845,2,"현재 귀하의 가장 부족한 역량은 무엇이며, 역량개발을 위해 어떤 활동과 노력을 하고 있는지 기술하시오. (최대 600 최소 100)"
2846,2,지원한 직무를 수행함에 있어 귀하가 가지고 있는 강점에 대해 경험을 중심으로 기술하시오. (최대 600 최소 100)
2847,2,(경험 및 경력기술서) 입사지원서에 기술한 직무관련 경력사항 및 직무관련 기타 활동 사항과 관련하여 구체적으로 본인이 수행한 활동 내용을 아래 항목을 참고하여 술해 주십시오 (1500자)
2848,2,주요경력 - 세부전공 내용 중심으로 기술 [15line / 1500byte]
2849,2,기타 자격증 (자격증종류 / 취득일 / 발급처) (500 byte 이내)
2850,2,"소위 스펙 (학교, 학점, 전공, 어학점수등)을 제외하고 기아차가 당신을 채용하기 위해 반드시 알아야 할 것이 있다면 무엇이며, 그 이유는 무엇입니까? (2500자)"
2851,2,"희망직무를 성공적으로 수행하기 위해 필요하다고 생각하는 역량 1가지를 선정하고 그 이유와 해당 역량을 갖추기 위해 노력한 경험에 대하여 구체적으로 기술하시오. * 1,500 Byte 글자수 공백포함 이내 입력"
2852,2,"공동의 목표를 달성하기 위하여 가장 중요하다고 생각하는 역량 1가지를 선정하고 그 이유와 해당 역량을 발휘하여 목표를 달성한 경험에 대해 구체적으로 기술하시오. * 1,500 Byte 글자수 공백포함 이내 입력"
2853,2,"입사지원서에 입력한 직무관련 기타 활동에 대해 기술해 주시기 바랍니다. · 구체적인 활동 내용, 본인의 역할, 활동 결과 등에 대해 800자 이내로 작성해 주시기 바랍니다."
2854,2,본인이 지원 분야에 적합하다고 판단할 수 있는 근거에 대해 경험을 중심으로 작성해 주십시오.(1000자)
2855,2,"지원한 직무를 선택하게 된 이유를 자신의 성격,전공지식,능력,경험 등과 결부하여 기술해 주십시오."
2856,2,"지원한 지역(분야)에 대하여 얼마나 알고 있는지 설명하시고, 그 지역(분야)에 근무하기 위한 어떤 역량을 갖추고 있는지 구체적 경험을 들어 기술하시오."
2857,2,본인이 남들과 차별화되는 점은 무엇이라고 생각하며 본인이 역량을 개발하기 위해 어떠한 노력을 하고 있는지 기술하여 주십시오
2858,2,본인이 지원한 직무를 선택한 이유를 말씀해 주시고 그 직무를 수행하기 위해 남들과 차별화되어 준비된 역량이 있다 면 설명해주세요.
2859,2,"성격의 장, 단점을 기술하시고, 영업전문직에 도전 시 강점으로 작용할 부분과 단점보완을 어떻게 하실지 명확하게 기술해 주세요. (500자 이내)"
2860,2,본인이 해당직무를 지원하게 된 이유는 무엇이며 직무를 잘 수행하기 위해 어떻게 준비해 왔는지 경험 전공 등을 연계하여 서술하여 주십시오. (400자)
2861,2,지원 직무와 관련된 전문 지식을 습득하기 위하여 수행해온 학습 활동과 직무경험에 대하여 기술하여 주십시오.
2862,2,KCC 인재상 중 자신에게 가장 부합하는 항목 선택하여 개인의 경험과 함께 구체적 기술
2863,2,"현재 귀하의 가장 부족한 역량은 무엇이며, 역량 개발을 위해 어떤 활동과 노력을 하고 있는지 기술하시오 (최대 600자)"
2864,2,지원한 직무를 수행함에 있어 귀하가 가지고 있는 강점에 대해 경험을 중심으로 기술하시오 (600자)
2865,2,"대우건설 내 희망 직무는 무엇이며, 직무 수행에 필요한 지식, 기술 등 남들과 다른 전문성을 갖추기 위해 어떤 준비를 하였는지 구체적으로 작성해 주시기 바랍니다. (700자)"
2866,2,"당사가 운영하고 있는 해외현장 중 한 곳으로 배치 받는다면 어느 현장(국가)를 희망하며 이유는 무엇인지, 본인이 그곳에 적응하기 위해 필요한 역량들을 어떻게 갖추고 있는지를 객관적 증거를 들어 작성해 주시기 바랍니다. (700자)"
2867,2,위 직무관련 경력사항 및 직무관련 기타활동에 대해 상세히 기술해 주시기 바랍니다.
2868,2,"IBK기업은행 지원동기를 말씀해주시고, 학창시절 은행원이 되기 위해 노력한 사례와 본인의 차별화된 강점을 기술하여 주십시오."
2869,2,지원분야 역량개발 노력 및 주요경력 (교육사항 등 포함)
2870,2,"직무적합도 - Staff(경영지원)직무는 사업을 직접 수행하는 부서가 아니기 때문에 자칫 직무수행과정에서 주도성과 적극성을 잃어버리는 경우가 발생할 수도 있씁니다. 지원한 직무와 연계하여 본인이 가진 강 약점(경험, 역량, 태도, 스킬 등)을 기술해 주시고, 자신의 어떤 점을 살려 다른사람과는 달리 차별화되며 주도적으로 직무수행을 해나갈 수 있을지에 대해 기술해주시기 바랍니다. (100자~1,000자)"
2871,2,지원 동기와 본인이 가진 역량 서술
2872,2,"지원한 직무를 수행하기 위하여 필요한 핵심역량은 무엇이라고 생각하며, 해당 역량을 갖추기 위해 본인은 어떠한 노력을 했는지 구체적으로 기술해 주십시오."
2873,2,"현재 귀하의 가장 부족한 역량은 무엇이며, 그 역량을 개발하고 싶은 이유와 역량개발을 위해 어떤 활동과 노력을 하고 있는지 자세하게 기술하시오."
2874,2,"지금껏 해 온 업무경험이나 기본지식 등을 통해 지금 어떠한 일을 할 수 있나요? 자신의 업무능력 (사무업무, MS-Office 등) 에 대해 구체적으로 기술해주시기 바랍니다."
2875,2,"지원하신 직무와 관련하여, 필요한 역량을 갖추기 위해 지금까지 어떠한 노력을 해왔는지 구체적으로 기술하고, 이들을 업무에 어떻게 적용 할 것인지 기술하여 주시기 바랍니다."
2876,2,"귀하가 가지고 있는 남다른 지식이나 재능은 무엇이며, 미래 VISION은 무엇입니까?"
2877,2,직무경험 (800자)
2878,2,해당 직무에 지원한 사유 및 직무 수행에 적합하다고 생각되는 근거를 본인의 전공 및 경험 등에 연계하여 서술해 주시기 바랍니다. [500자 이상 1000자 이내]
2879,2,"지원분야의 직무수행과 곤련하여 본인이 내세울 만한 강점과 보완해야 할 단점을 언급하고, 어떻게 이를 개선하고 있는지 또는 개선할 계획인지 기술하십시오."
2880,2,"인테리어 직무 수행 시 필요한 역량은 무엇이라고 생각하며, 본인은 해당 역량을 갖추기 위해 그 동안 어떤 노력과 경험을 해 왔는지 구체적으로 설명해 주세요"
2881,2,에스엘에서 일하고 싶은 구체적인 분야(직무)와 이를 잘 수행할 수 있는 이유를 서술하세요
2882,2,지원한 직무와 관련하여 본인만의 강점과 성격을 기술해 주세요. (500자 이내)
2883,2,본인이 지원한 분야에 회사에 기여할 수 있는 점 (800자)
2884,2,"본인이 생각하는 영업 직무의 본질은 무엇이며, 자신이 그 역할을 잘 할 수 있다고 생각하는 이유는 무엇인지 기술해 주시기 바랍니다."
2885,2,지원한 직무와 관련하여 본인만의 강점과 성격을 기술해 주세요 (500자)
2886,2,"경력기술서 본인이 지원한 분야의 직무와 관련하여, 기업조직(기관,단체)에 소속되어 활동한 내용(인턴, 아르바이트 경험 등)과 본인의 역할 및 구체적 행동, 주요 성과에 대해 작성하세요"
2887,2,"경험기술서 본인이 지원한 분야의 직무와 관련한 기타 활동/경험/수행(연구회, 동아리, 동호회 등) 내용, 본인의역할 및 구체적 행동, 주요 성과에 대해 작성하세요"
2888,2,"우리 공사 인재상에 맞는 직원이 되기 위해 당신은 어떤 면에서 준비가 되어 있으며, 최근 3년이내에 해당 능력을 개발하기 위해 어떠한 노력을 하였는지 구체적인 사례로 기술해 주시기 바랍니다."
2889,2,본인이 지원한 직무에 대하여 그 직무를 잘 수행할 수 있다고 생각하는 이유를 설명하십시오 (400자)
2890,2,지원분야 직무를 선택한 이유와 직무를 수행함에 있어 본인의 강점을 기재해주시기 바랍니다.
2891,2,"공동의 목표를 달하기 위하여 가장 중요하다고 생각하는 역량 1가지를 선정하고, 그 이유와 해당 역량을 발휘하여 목표를 달성한 경험에 대해 구체적으로 기술하시오.(1500byte)"
2892,2,"지원 직무와 관련된 이력을 간결하게 나열해주시기 바랍니다. 학교수강과목, 외부교육수강 이력, 대외 활동, 프로젝트경험 등을 제목/경험/성적 등으로 기술"
2893,2,본인이 해당직무를 잘 수행할 수 있는 이유와 해당직무에 대한 본인의 Vision
2894,2,"웹 또는 앱 서비스를 직접 개발하거나, 데이터를 이용한 프로그래밍 경험이 있다면 이에 대해 구체적으로 서술하세요. (해당자에 한함) (2000자)"
2895,2,지원직무 관련 활동을 수행한 경험
2896,2,영업직과 관련하여 본인의 강점과 약점을 기술하고 이들을 어떻게 활용 또는 극복할 것인지 설명해 주세요.
2897,2,지원분야 역량개발 노력 및 주요경력(교육사항 등 포함) (3000byte 이내)
2898,2,지원한 직무와 관련하여 본인만의 강점과 성격을 기술해 주세요.
2899,2,해당 직무를 지원한 동기와 그 직무를 수행하기 위한 본인만의 차별화된 역량을 기술해 주시기 바랍니다. (500자 ~ 1000자)
2900,2,관심분야 및 희망직무 중심으로 기술해주시기 바랍니다. [100~500자]
2901,2,해당 직무에 지원한 사유 및 직무 수행에 적합하다고 생각되는 근거를 본인의 전공 및 경험 등에 연계하여 서술해 주시기 바랍니다. * [500자 이상 1000자 이내]
2902,2,인턴십을 통하여 귀하가 얻을 수 있다고 생각되는 것을 기술하십시오.
2903,2,"본인이 가진 열정과 역량에 대하여 (500~1000) - 본인이 지원한 직무와 관련된 경험 및 역량, 관심사항 등 자신을 어필할 수 있는 내용을 기반으로 자유롭기 기술"
2904,2,자신만의 차별화되는 능력(기술)을 갖추기 위해 꾸준히 노력한 경험에 대하여 구체적으로 기술하시오.
2905,2,"공동의 목표를 달성하기 위하여 가장 중요하다고 생각하는 역량 2가지를 선정하고, 그 이유와 해당 역량을 발휘하여 목표를 달성한 경험에 대해 구체적으로 기술하시오."
2906,2,"본인이 가진 열정과 역량에 대하여. 본인이 지원한 직무와 관련된 경험 및 역량, 관심사항 등 자신을 어필할 수 있는 내용을 기반으로 자유롭게 기술해주시기 바랍니다. 핵심위주로 근거에 기반 하여 간결하게 기술 (500~1000)"
2907,2,자신이 남들보다 뛰어난 점은 무엇이며 직무에 어떻게 적용할 수 있을 것인지를 구체적으로 기술하여 주십시오.
2908,2,본인이 남들과 차별화되는 점은 무엇이라고 생각하며 본인의 역량을 개발하기 위해 어떠한 노력을 하고 있습니까?
2909,2,선택한 직무에 지원한 동기와 직무를 수행하는데 필요한 역량을 갖추기 위해 어떤 노력을 기울였는지 기술해 주시기 바랍니다.
2910,2,"지원직무와 관련하여, 본인의 주요성과 및 과정에 대하여 기술하여 주시기 바랍니다."
2911,2,지원하는 직무 관련 경험 및 역량에 대해 작성하세요. (800자 이내)
2912,2,"본인의 장점에 대해 기술하고 그 장점을 발휘하여 성공적으로 일을 처리했던 경험, 그리고 이러한 경험이 인천공항에 어떤 기여를 할 수 있을지에 대해 기술하세요. [100자 이상 600자 이내]"
2913,2,"인천국제공항공사의 인재상 3가지 중 자신에게 가장 잘 어울리는 것을 선택하여, 그와 관련된 본인의 경험과 함께 구체적으로 기술하세요. [100자 이상 600자 이내]"
2914,2,해당 직무에 지원하기 위해 어떤 준비를 했는지 구체적으로 서술하시오
2915,2,입사지원서에 기술한 경력 사항에 대해 상세히 기술해 주시기 바랍니다.
2916,2,[과업에 대한 이해] (200자 이내) 어떤 능력이 과제 수행을 위해 필요하다고 생각했습니까? 그렇게 생각하신 이유는 무엇입니까?
2917,2,[학습의 적극성] (400자 이내) 능력을 개발하기 위하여 어떠한 노력을 하였습니까?
2918,2,[기여도] (200자 이내) 본인의 신장된 능력이 조직의 가치 창출에 어느 정도 기여하였는지 구체적으로 작성해주십시오.
2919,2,"여러분이 지원하신 직무를 잘 수행할 수 있다고 생각하는 이유 3가지를 적고, 각각의 이유를 설명할 수 있는 구체적인 경험을 작성해 주세요. (1000자)"
2920,2,"지원 분야를 위해 `노력한 내용(전공, 직무경험 등)`과 이를 통해 `확보된 역량`을 구체적으로 기술해주십시오."
2921,2,본인이 지원한 분야의 필요지식을 습득하기 위해 받은 학교교육 또는 직업 교육내용을 기술하고 현업에서의 활용방안에 대한 생각을 기술하십시오.
2922,2,"본인이 지원한 분야에서의 효과적인 업무수행에 도움이 될 수 있는 기초능력은 무엇이라고 생각하는지 구체적으로 기술하고, 관련 능력을 향상시킬 수 있었던 경력이나 경험에 대하여 기술하여 주십시오."
2923,2,"직무 관련 노력과 경험, 입사 후 성장 비전 기술"
2924,2,"본인의 장점에 대해 기술하고 그 장점을 발휘하여 성공적으로 일을 처리했던 경험, 그리고 이러한 경험이 인천국제공항에 어떠한 기여를 할 수 있을지에 대해 기술하세요. [ 100자 이상 300자 이내 ]"
2925,2,"당신이 제출한 소위 “스펙”을 제외하고 데상트코리아가 당신을 채용하기 위해 알아야 할 것이 있다면 무엇이며, 그 이유를 기술하시기 바랍니다."
2926,2,"기타 특기사항 (해외연수경험, 봉사활동 등) (300자)"
2927,2,지원 직무와 관련된 이력을 간결하게 나열해주시기 바랍니다. [100자 ~ 500자]
2928,2,본인이 해당직무를 지원하게된 이유는 무엇이며 직무를 잘 수행하기 위해 어떻게 준비해 왔는지 경험 전공 등을 연계하여 서술하여 주십시오. (400자)
2929,2,해당 직무에 지원한 사유 및 직무 수행에 적합하다고 생각되는 근거를 본인의 전공 및 경험 등에 연계하여 서술해 주시기 바랍니다.
2930,2,"본인의 강점과 약점을 언급하시고, 그 강점이 앞으로 모비스 및 본인의 발전에 어떻게 기여할 수 있는지를 서술해 주시기 바랍니다."
2931,2,"지원분야와 관련된 역량 및 경험(신입직), 경력사항(경력직)에 대해 자유롭게 서술하세요"
2932,2,금융 IT 업무수행 시 필요역량과 본인의 노력 / 강점
2933,2,주요 프로젝트 및 경력기술서
2934,2,"귀하가 희망하는 업무는 무엇이며, 자신이 가진 장점으로 희망하는 업무를 성공적으로 수행할 수 있는 이유를 기술하여 주십시오. (1000자)"
2935,2,"본인이 지원한 직무에 가장 중요하다고 생각하는 역량과 이에 대한 자신만의 차별화된 강점 (전문지식, 기술, 경험 등)은 무엇인지 기술해 주십시오. (700자이내)"
2936,2,"軍 복무 중, 본인의 전공, 특기 및 장점을 활용하여 직무나 프로젝트(임무)를 수행한 경험과 그 경험을 통해 배운점을 기술하시오 (800자 이내)"
2937,2,희망 직무를 수행하기 위한 본인의 강점과 노력에 대해 구체적으로 말씀해 주십시오.
2938,2,직무경험 : 희망직무 준비과정과 희망직무에 대한 본인의 강점과 약점을 기술해주세요 실패 또는 성공사례중심으로 기술해 주세요.
2939,2,지원하는 분야와 관련해서 어떠한 경험과 역량을 쌓고자 노력했는지 사례를 중심으로 기술해 주십시오.
2940,2,"공단에 지원한 동기가 무엇이며, 지원 분야와 관련된 본인의 경험(전공, 개인역량, 사회경험 등) 및 노력에 대하여 기술하시오 * [1200자 이내]"
2941,2,Global Leader 로서의 역량을 키우기 위해 노력한 경험에 대하여 작성하여 주십시오. [ 100자 이상 500자 이내 ]
2942,2,"Feed Sales 직무를 수행함에 있어서 예상되는 어려움을 작성하고, 그에 대한 본인만의 해결책을 제시해주세요. (1,000자 이내)"
2943,2,본인이 지원한 분야의 필요지식을 습득하기 위해 받은 학교교육 또는 직업교육 내용을 기술하고 현업에서의 활용방안에 대한 생각을 기술하십시오.
2944,2,의 필요지식 이외에 귀하가 한전에 입사하여 효과적인 업무수행을 하기 위해 필요하다고 생각하는 능력은 무엇입니까? 귀하는 최근 3년 이내에 해당 능력을 개발하기 위해서 어떤 노력을 하였습니까? 관련 능력을 발휘했던 경험이 있다면 기술하여 주십시오.
2945,2,지원 직무를 선택한 동기와 본인만의 차별화된 역량에 대해 구체적으로 서술하시오.
2946,2,"지원직무 수행을 위해 필요한 역량(지식, 스킬, 태도)은 무엇이라고 생각하는지 서술하세요 2)본인이 요구 역량을 함양하기 위해 어떤 노력을 해 왔는지 구체적 사례를 중심으로 서술하세요"
2947,2,"지원직무 수행을 위해 필요한 역량이 무엇이며, 어떤 준비를 했는지 구체적 사례를 중심으로 서술하세요. (600)"
2948,2,"해당직무를 지원한 동기와 이를 잘 수행할 수 있는 본인만의 경쟁력을 기술해주세요. 단, 자신의 실제경험을 바탕으로 아래와 같이 각각 구분하여 작성해 주시기 바랍니다."
2949,2,본인이 해당직무를 지원하게 된 이유는 무엇이며 직무를 잘 수행하기 위해 어떻게 준비해 왔는지 경험 전공 등을 연계하여 서술하여 주십시오.(400자)
2950,2,지원한 직무를 수행함에 있어 귀하가 가지고 있는 강점에 대해 경험 중심으로 서술하시오.
2951,2,해당직무를 지원하게 된 이유는 무엇이며 직무를 잘 수행하기 위해 어떻게 준비해 왔는지 경험 전공 등을 연계하여 서술하여 주십시오
2952,2,"해당직무를 지원한 동기와 이를 잘 수행할 수 있는 본인만의 경쟁력을 자신의 경험에 근거하여 구체적으로 작성해 주세요. ① 직접경험 , ②간접경험 (1500자)"
2953,2,"지원분야의 직무를 잘 수행할 수 있는 본인의 강점은 무엇인지, 지원분야에 본인이 어떻게 기여할 수 있는지에 대하여 작성하여 주십시오. (700자)"
2954,2,해당 지원 분야와 관련된 프로젝트/공모전/대회/논문/연구 및 학습/기타 활동에 참여했던 경험에 대해 서술하십시오. - 당시 상황을 밝히고 구체적인 본인의 임무나 역할을 언급할 것 - 해당 경험을 통해 키울 수 있었던 역량을 제시할 것 - 결과 및 그 과정에서 배운 점을 상세히 서술할 것 - 필요 시 역량과 관련된 과제/프로젝트 관련 자료를 Upload할 것 (700 자 10 단락 이내)
2955,2,관심분야 및 자기개발 계획
2956,2,직무 관련 보유 지식·자격·경험·경력에 대해 자세히 기술
2957,2,본인이 해당직무를 지원하게 된 이유는 무엇이며 잘 수행하기 위해 어떻게 준비해 왔는지 경험 전공 등을 연계하여 서술하여 주십시오. (400자)
2958,2,해당직무를 지원하게 된 이유는 무엇이며 직무를 잘 수행하기 위해 어떻게 준비해 왔는지 경험 전공 등을 연계하여 서술하여 주십시오 [ 500자 이내 ]
2959,2,해당 지원 분야와 관련된 프로젝트/공모전/대회/논문/연구 및 학습/기타 활동에 참여했던 경험에 대해 서술하십시오. - 당시 상황을 밝히고 구체적인 본인의 임무나 역할을 언급할 것 - 해당 경험을 통해 키울 수 있었던 역량을 제시할 것 - 결과 및 그 과정에서 배운 점을 상세히 서술할 것 - 필요 시 역량과 관련된 과제/프로젝트 관련 자료를 Upload할 것 (700자 10 단락 이내)
2960,2,"지원하신 직무를 선택한 이유와, 그 직무에 필요한 역량을 갖추기 위해 지금까지 어떠한 노력을 해왔는지 구체적으로 기술해 주세요."
2961,2,해당하는 직무의 수행과 관련하여 가지고 있는 개인의 장점과 약점을 모두 기술하여 주십시오 (1000자)
2962,2,지원 부문에서 구체적으로 하고 싶은 일과 본인이 그 일을 남들보다 잘 할 수 있는 차별화된 능력과 경험을 기술해 주십시오.(500~700자)
2963,2,여러분이 해당 계약사 및 직무를 지원한 이유와 해당 직무를 잘 수행할 수 있다고 생각하는 본인만의 차별화된 강점에 대해 구체적으로 작성해 주십시오
2964,2,지원 직무를 위해 준비된 본인 만의 차별화된 필살기/경험/경력을 상세히 기술하시오.
2965,2,[필수문항] 희망하는 개발분야 또는 관심있는 기술분야를 기입해주세요
2966,2,"[필수문항] SW개발에 대한 자신의 열정을 보여줄 수 있는 활동사항을 기재해 주세요 작성시에는 `본인이 주도적으로 참여한 부분` 위주로 기입하며, 1) 진행기간 2) 주요내용 3) 본인이 공헌한 점 4) 사용한 Skill 또는 지식 5) 결과/성과 를 간결하게 핵심만 기입해주세요"
2967,2,"직무수행능력의 차별화된 경쟁력 (Competitiveness) - 본인이 진흥원 직무를 수행함에 있어 타인과 비교하여 차별화된 자신의 핵심 경쟁력이 무엇인지 기술하고, 해당 경쟁력을 보유하게 된 경력 또는 경험을 기술하세요. [400byte 이상 1000byte 이내]"
2968,2,"직무수행을 위한 지식 및 기술 (Knowledge & Skill) - 본인이 보유하고 있는 진흥원 직무를 수행함에 있어 필요한 핵심 지식(knowledge) 및 기술(Skill)이 무엇인지 기술하고, 해당 지식과 기술을 보유하게 된 경력 또는 경험을 기술하세요. [400byte 이상 1000byte 이내]"
2969,2,"직무수행을 위한 태도 (Attitude) - 진흥원 직무를 수행하기 위해 가장 중요한 태도(attitude)가 무엇인지와 그 필요성을 기술하고, 그 태도와 관련한 본인의 경험을 기술하세요. [400byte 이상 1000byte 이내]"
2970,2,"영업전문직에 강점으로 작용할 본인의 장점과, 보완해야 할 단점에 대하여 기술하시오."
2971,2,희망업무 및 업무상 장점
2972,2,"My Competence 본인이 가진 열정과 역량에 대하여 Guide> 본인이 지원한 직무와 관련된 경험 및 역량, 관심사항 등 자신을 어필할 수 있는 내용을 기반으로 자유롭게 기술해주시기 바랍니다. (1,000자)"
2973,2,"본인이 지원한 직무를 선택한 이유를 말씀해주시고, 해당 직무에서 가장 필요한 역량이 무엇인지 본인의 생각을 서술해주세요."
2974,2,"한전KDN에 입사하기 위해 어떠한 노력을 하였는지 본인의 경력 또는 경험 등을 기반으로 상세히 기술하여 주시기 바랍니다. -직무경력이 있는 경우는 직무영역, 활동·경험·수행내용, 본인의 역할 및 구체적 행동, 주요성과에 대하여 작성하여 주시기 바랍니다. -직무경력이 없는 경우는 본인의 학교교육 또는 직업교육 내용에 대하여 작성하여 주시기 바랍니다. (500자 이상, 1000자 이내)"
2975,2,우리 공단에 지원한 동기 및 지원 분야의 직무 수행과 관련하여 자신의 전문성 향상을 위해 어떤 노력을 했는지 구체적으로 기술
2976,2,"본인이 한국수력원자력의 인재상에 맞는 인재가 되기 위해 어떤 면에서 준비가 되어 있으며, 해당 능력을 개발하기 위해 어떠한 노력을 하였는지 구체적인 사례(최근 3년 이내)를 아래 세부 항목에 따라 작성해 주십시오. (800자 이내)"
2977,2,"여신전문금융업무를 위해 필요한 역량은 무엇이고, 이러한 점을 갖추기 위해 그동안 준비한 것을 설명 하시오"
2978,2,직무경험 : 희망직무 준비과정과 희망직무에 대한 본인의 강점과 약점을 기술해주세요. (800자 이내)
2979,2,본인의 직무역량(경험)과 경쟁력을 자유롭게 표현하시오 (최소 500자 이상)
2980,2,본인이 가지고 있는 열정과 역량에 대해서
2981,2,해당직무를 수행하기 위한 구체적인 준비와 노력과정을 설명하십시오. * [100자 이상 400자 이내]
2982,2,"인턴십/근무경력, 아르바이트, 동아리/봉사활동, 자격증, 수상경력 등 직무 관련된 본인의 경험을 기술합니다. (작성가이드 참고) [50자이상 1000자 이내]"
2983,2,귀하가 보유한 강점(지식/기술/특기/사회성등)을 활용하여 화사발전에 기여할 수 있는 점은 무엇입니까?
2984,2,자신의 관심분야와 관련된 교내외 활동에 대해서 설명하고 이를 통해 무엇을 배웠는지 기재 (600자)
2985,2,"본인 지원한 직무에 있어서 탁월한 성과를 거두기 위한 가장 핵심적인 자질 세 가지는 무엇이며, 본인이 왜 적합한지(Right Person)를 본인의 노력과 경험에 기초하여 기술하여 주세요."
2986,2,학교전공 또는 개인적으로 참여해본 IT프로젝트 경험과 당시의 본인의 역할에 대해 기술해주세요.
2987,2,"지원한 직무 수행을 위해 본인이 무엇을 어떻게 준비하고 노력 해 왔는지 구체적으로 기술하십시오. * 인턴십, 타사 근무 경험 * 관련 Project 수행 당시 본인의 역할 * knowledge, skill 등 보유 역량 (1000 자 10 단락 이내)"
2988,2,"본인이 지원한 직무에 필요한 역량은 무엇이라고 생각하며, 그 이유는 무엇입니까? [ 400자 이상 600자 이내 ]"
2989,2,직무에 필요한 역량을 갖추기 위해 본인이 노력했던 점은 무엇입니까? [ 400자 이상 600자 이내 ]
2990,2,"본인이 직접 참여하여 완성한 웹 서비스에 대해서 기술해 주세요. 웹 서비스에 대한 설명, 개발시 목표, 본인의 역할, 본인이 직접 구현한 부분, 서비스 상용화 여부를 포함하여 구체적으로 작성해 주세요. (1000자)"
2991,2,본인의 장점과 단점 / 입사 후 활용
2992,2,"[지원동기]귀하가 우리 공단에 기여할 수 있는 적합한 인재로서 보유한 능력은 무엇이며, 그 능력을 개발하기 위하여 어떤 노력을 하였습니까?"
2993,2,"관련 전공과목 수강이력, 직무관련 경험, 기타 역량개발 활동 등을 바탕으로 작성해 주세요. 해당직무를 수행하기 위해 대학생활을 포함하여 지금까지 어떠한 준비를 하였는지 작성해 주십시오. [ 500자 이상 2000자 이내 ]"
2994,2,희망직무 준비과정과 희망직무에 대한 본인의 강점과 약점을 기술해주세요. (800자)
2995,2,전공 및 프로젝트 수행 사항
2996,2,"[국제적 감각]항공사 직원이 함양해야 할 국제적 감각이란 무엇이며, 이 역량을 배양 하기 위해 본인은 어떠한 노력을 기울였는지 기술하시오.(600자 이내)"
2997,2,"[Platform Savvy] 개발 역량을 보여줄 수 있는 본인의 대표적인 프로젝트 1가지에 대해 구체적으로 기술하고(담당역할 및 기여부분 상세 명시), 본인이 다룰 수 있는 Programming 언어 및 수준에 대해 모두 적어주세요"
2998,2,"본인의 경력사항, 가장 경쟁력 있는 업무분야를 기재하시오. (최대 1100byte)"
2999,2,해당 직무를 지원한 동기와 그 직무를 수행하기 위한 본인만의 차별화된 역량을 기술해 주시기 바랍니다. (1000자)
3000,2,"자신이 수강한 전공과목 중 가장 자신 있는 전공 3가지에 대해, 각각의 이유와 학점을 명시해 주세요. (필수)(600자)"
3001,2,직무경험(준비과정 및 경험) 2000자 이내
3002,2,"타인과 구별되는 본인만의 경쟁력은 무엇인지 제시하고, 그 경쟁력을 가지기 위해 어떠한 노력을 하였는지, NH농협은행에서 어떻게 활용할 것인지 기술하여 주십시오."
3003,2,지원분야와 관련된 학습내용(학창시절 이수과목포함)이나 활동사항
3004,2,개인적으로 관심을 갖고 공부하거나 작업하고 있는 것이 있다면 적어주세요.
3005,2,경력사항에 쓴 내용 (프로젝트 주요 내용)
3006,2,[보유역량 및 기여가능성] 귀하가 보유한 역량은 무엇이며 코스콤에 어떻게 기여할 수 있습니까? 800 자
3007,2,지원 직무를 잘 수행하여 위하여 어떤 준비를 했는지 구체적으로 기술해 주세요.(600자)
3008,2,직무 관련 경력기술서
3009,2,직무 관련 경험기술서 (2)
3010,2,지원분야와 관련된 지식이나 경험을 기재하여 주십시오. / 100자 ~ 500자
3011,2,"지원분야에 있어 가장 중요한 실무역량은 무엇이라고 생각하는지 정의하고, 본인의 현재 역량을 키우기 위해 어떤 노력을 해 왔는지 기술하여 주십시오. [ 50자 이상 500자 이내 ]"
3012,2,추가 경력사항 및 프로젝트진행경험 - 이전 단계에서 다 입력하지 못한 경우 입력하세요. (3000바이트)
3013,2,보유기술(상세기록)
3014,2,지원한 직무에 대해 본인의 강점과 약점에 대해 서술하세요.(800자)
3015,2,본인의 직무 역량 또는 Skill 에 대해 서술하세요 (800자)
3016,2,"소프트웨어 테스트 엔지니어가 갖춰야 할 필수역량을 기재하고, 본인이 보유하고 있는 역량 또는 강점을 적어주세요."
3017,2,<역량기술서> 아래 3가지 사항에 대하여 자신을 스스로 평가(100점 만점)하고 그 이유를 기술해 주십시오.[각 항목 400자 이내]
3018,2,입사지원 동기 및 본인이 지원한 분야를 성공적으로 수행 할 수 있다고 생각하는 이유와 그것을 수행하기 위해 어떠한 준비를 했는지 실제 경험을 바탕으로 서술해 주십시오.(경력/교육사항)
3019,2,"자신이 지원한 직무를 잘 수행할 수 있는 자신만의 강점(경험, 역량, 스킬 등)에 대하여 기술하시고, LG생활건강에 어떻게 기여할 수 있을지 기술해주시기 바랍니다."
3020,2,본인의 관심분야 및 특별한 경험/성취에 대하여 자유롭게 기술하시오. - 기 입력한 활동 및 경력에 대한 추가 설명(필요 시) - 기 입력한 활동 및 경력 외 추가 경력(있는경우) - 본인의 관심분야
3021,2,관심분야 및 자기개발 계획 (1300자)
3022,2,직무 관련 보유 지식·자격·경험·경력에 대해 자세히 기술 (1600자)
3023,2,본인이 희망하는 분야의 전문가가 되기 위해 어떤 노력을 하였습니까? 남들과 차별화되는 본인만의 경험 또는 노하우가 있다면 무엇입니까? 구체적으로 어느 분야에서 어떤 전문가로 활동하고 싶습니까? (400 byte 이내)
3024,2,본인이 그 동안 전문가가 되기 위해 어떤 노력을 기울였습니까? (400 byte 이내)
3025,2,전문가가 되기 위한 자신의 노력을 평가해봅니다. 지금까지 달성한 본인의 수준은 어느 정도가 된다고 생각하는지 기술하십시오. (400 byte 이내)
3026,2,"웹 또는 앱 서비스를 직업 개발하거나, 데이터를 이용한 프로그래밍 경험이 있다면 이에 대해 구체적으로 서술하세요."
3027,2,지원한 직무와 관련하여 본인만의 강점과 성격을 기술해 주세요. (500)
3028,2,희망직무를 지원한 이유와 직무를 수행하기 위해 어떠한 노력이나 경험을 하였는지 구체적으로 작성해주시기 바랍니다 (최대 500 자 이내로 작성)
3029,2,"(역량준비) 포스코ICT 지원분야의 필요역량은 무엇이라고 생각하며, 이를 갖추기 위해 준비한 과정 및 나만의 Story"
3030,2,"본인의 지원 분야에 대한 역량을 분석해 보고, 자신의 지원 분야에 대한 역량을 향상시키기 위해 어떠한 노력을 했는지 기술해 주시기 바랍니다.(최근 5년 이내 사례로 기술할 것)"
3031,2,본인이 해당직무를 잘 수행할 수 있는 이유와 해당직무에 대한 본인의 Vision (600자)
3032,2,"본인이 가장 자신있는 분야는 무엇이며, 해당 분야를 잘 해내기 위해 남들과 다르게 노력했던 점들을 작성해주시기 바랍니다. (2000자 이내)"
3033,2,"원하는 직무와 관련하여 경험했던 활동이나 경력에 대해 작성해주십시오. 활동이 어떤 내용이었는지, 활동의 결과와 이를 통해 배운점은 무엇인지 최대한 상세하게 기술해주십시오. (2000Byte이내 약1000자)"
3034,2,"지원한 지역에 대하여 얼마나 알고 있는지 설명하고, 그 지역에 근무하기 위한 어떤 역량을 갖추고 있는지 기술하시오"
3035,2,"본인이 지원분야에 적합하다고 판단할 수 있는 이유 및 근거를, 본인의 노력과 경험을 바탕으로 제시해 주시기 바랍니다. * [200자 이상 1000자 이내]"
3036,2,"IT 직무와 관련한 준비과정(학업, 교내외 활동 등) 및 입사 후 어떻게 성장해 나갈 것인지 기술하십시오 700"
3037,2,"해당직무를 지원하게 된 이유, 수행하기 위해 어떻게 준비해 왔는지 경험 전공 등을 연계하여 서술 (400자)"
3038,2,직무경험 : 희망직무 준비과정과 희망직무에 대한 본인의 강점과 약점을 기술해주 세요.(16줄 이내)
3039,2,"지원분야의 관련 업무를 수행한 경력 또는 관련 활동을 수행한 경험 중 대표적인 것에 대해 기술하십시오. 경력은 금전적 보수를 받고 일정기간 동안 일했던 여력을 의미하며, 경험은 직업 외적인(금전적 보수를 받지 않고 수행한) 활동을 의미합니다. 경력을 기술할 경우 구체적으로 직무영역, 활동/경험/수행내용, 본인의 역할 주요 성과 등에 대해 작성하시고 경험을 기술할 경우 구체적으로 본인의 학습경험 혹은 활동내용, 활동 결과에 대해 작성하시기 바랍니다."
3040,2,지원한 부문에 관련된 자신의 장점 3가지를 말씀해 주십시오. (500자)
3041,2,"자신의 특기(지원한 직군과 관계없이)를 소개하고, 일정 수준에 도달하기 위해 노력한 경험에 대해 말씀해 주십시오. (500자)"
3042,2,지원한 업무를 수행하기 위해 가장 필요한 역량과 이를 위해 준비한 경험을 작성하여 주십시오_학교생활 이외
3043,2,"회사 및 직무에 지원한 동기와 지원한 직무를 잘 수행할 수 있는 이유를 본인의 경험, 준비와 노력을 바탕으로 기술하여 주십시오."
3044,2,지원 직무 관련 자신이 갖춘 역량에 대하여 구체적으로 기술하여 주십시오. 700
3045,2,경력 및 경험 기술서(한글2000자 이내)
3046,2,자신이 지원한 분야에 대하여 직무수행능력을 갖추기 위한 노력과 이를 통해 갖추게 된 능력을 기술해 주세요. (한글2000자 이내)
3047,2,지원분야에 필요한 직무능력을 습득하기 위해 받은 학교교육 또는 직업교육에 대해 기술하십시오. 400자
3048,2,"지원분야의 관련 업무를 수행한 경력 또는 관련 활동을 수행한 경험 중 대표적인 것에 대해 기술하십시오, 경력은 금전적 보수를 받고 일정기간 동안 일했던 이력을 의미하며, 경험은 직업 외적인(금전적 보수를 받지 않고 수행한) 활동을 의미합니다. 경력을 기술할 경우 구체적으로 직무영역, 활동/경험/수행내용, 본인의 역할, 주요 성과 등에 대해 작성하시고, 경험을 기술할 경우 구체적으로 본인의 학습경험 혹은 활동내용, 활동 결과에 대해 작성하시기 바랍니다"
3049,2,"[경력 및 경험 기술서] 입사지원서에 기술한 경력 및 경험(직무관련 기타 활동)에 대하여 상세히 기술해주시기 바랍니다. ● 경력 및 경험기술서 작성 방법 ① 경력기술서 작성 방법 : 경력을 기술할 경우 구체적으로 직무영역, 활동/경험/수행내용, 본인의 역할 및 구체적 활동, 주요 성과 순으로 작성 ② 경험기술서 작성 방법 : 경험을 기술할 경우 구체적으로 본인이 수행한 활동 내용, 소속 조직이나 활동에서의 역할, 활동 결과의 순으로 작성"
3050,2,본인이 해당직무를 잘 수행할 수 있는 이유와 해당직무에 대한 본인의 Vision(600)
3051,2,본인의 장점과 단점에 대해 작성하고 입사 후 어떻게 활용할 것인지 작성해주시기 바랍니다. (최대 500 자 이내로 작성)
3052,2,"자신의 핵심 역량이 무엇이며, 이를 발휘하여 성과를 이뤄낸 경험을 기술해주시기 바랍니다."
3053,2,지원직무와 관련한 경험 및 강점
3054,2,"학창시절 가장 재미있게 들었던 전공 5가지를 나열하고, 그 중 입사 후 가장 잘 활용할 수 있을 것 같은 전공 한가지를 골라 그 이유를 설명해주세요.(300)"
3055,2,"입사 후 지원 분야에서 성과를 내기 위해 가장 필요한 역량은 무엇이라고 생각하며, 그러한 역량을 갖추기 위해 그동안 노력한 과정을 소개하고, 본인이 어떤 역량을 발휘할 수 있는지 구체적인 사례와 함께 쓰시오.(800자 이내)"
3056,2,"타인과 구별되는 본인만의 경쟁력은 무엇인지 제시하고, 그 경쟁력을 가지기 위해 어떠한 노력을 하였는지, NH농협은행에서 어떻게 활용할 것인지 기술하여 주십시오.(700자)"
3057,2,"직무 관련 보유 지식, 자격, 경력, 경험에 대해 자세히 기술해 주시기 바랍니다. [ 100자 이상 800자 이내 ]"
3058,2,공사 직무 중 관심분야 및 해당 직무 전문가로 성장하기 위한 자기계발 계획을 작성해 주십시오. [ 100자 이상 600자 이내 ]
3059,2,"공사 인재상(창조인, 전문인, 화합인)과 연관 지어 본인의 장단점을 기술해 주십시오. [ 100자 이상 600자 이내 ]"
3060,2,"귀하가 지원한 직무는 무엇이며, 지원한 직무를 성공적으로 수행할 수 있다고 생각하는 이유를 본인의 경험에 기반하여 내세울만한 강점 혹은 개성을 바탕으로 서술해 주십시오 * [100자 이상 500자 이내]"
3061,2,"직무경험 : 희망직무 준비과정과 희망직무에 대한 본인의 강점과 약점을 기술해주세요 (800자, 16줄 이내)"
3062,2,"본인의 지원직무와 관련하여 자신의 강점/약점을 기술, 약점을 보완하기 위한 노력을 기술하십시오.(1,200Bytes)"
3063,2,자신이 당사의 인재상에 얼마나 부합하는지 설명하고 이와 관련된 경험이 있으면 말씀해 주십시오.
3064,2,"소위 말하는 스펙(학교, 학점, 전공, 어학점수 등)을 제외하고 S-OIL이 귀하를 채용하기 위하여 반드시 알아야 할 것이 있다면 무엇이고 그 이유에 대하여 작성해주세요. * [700자 이내]"
3065,2,경력사항 및 직무관련 기타활동
3066,2,"지원한 지역(분야)에 대하여 얼마나 알고 있는지 설명하시고, 그 지역(분야)에 근무하기 위한 어떤 역량을 갖추고 있는지 구체적 경험을 들어 기술하시오. (200~1000byte)"
3067,2,나의 핵심역량(강점)
3068,2,직무관련 경험/경력(750자 이내)
3069,2,지원한 분야의 전문성과 역량을 갖추기 위해 본인이 노력했던 경험과 그 결과에 대하여 구체적으로 서술하시오 (1500자)
3070,2,[직무경력 및 경험기술서] 한전KDN에 입사하기 위해 어떠한 노력을 하였는지 본인의 경력 또는 경험 등을 기반으로 상세히 기술하여 주십시오.
3071,2,"[전문성] 지원 분야에 관련된 본인의 직무전문성을 향상시키기 위해서 어떠한 노력을 하였는지 최근의 사례를구체적으로 기술하여 주십시오. 그러한 노력을 하게 된 계기는 무엇이며, 결과적으로 본인이 지원한 분야에 어떤 도움이 되었는지 구체적으로 기술하여 주십시오."
3072,2,"지원한 직무를 수행하기 위하여 필요한 핵심역량은 무엇이라고 생각하며, 해당 역량을 갖추기 위해 본인은 어떠한 노력을 했는지 구체적으로 기술해 주십시오.(700)"
3073,2,추가 경력사항 및 프로젝트진행경험 - 이전 단계에서 다 입력하지 못한 경우 입력하세요. (3000 Bytes)
3074,2,"입사지원서에 기술한 경력 사항에 대해 상세히 기술해 주시기 바랍니다. 구체적으로 직무영역, 활동ㆍ경험ㆍ수행 내용, 본인의 역할 및 구체적 행동, 주요 성과에 대해 작성해 주시기 바랍니다."
3075,2,"입사지원서에 기술한 직무관련 기타 활동에 대해 상세히 기술해 주시기 바랍니다. 구체적으로 본인이 수행한 활동 내용, 소속 조직이나 활동에서의 역할, 활동 결과에 대해 작성해 주시기 바랍니다."
3076,2,[조직이해능력] 본인이 알고 있는 남동발전에 관한 내용에 대해 자세하게 기술해 주십시오. 어떠한 경로를 통해 그러한 정보를 얻게 되었는지 혹은 추가적인 정보를 얻기 위해 취한 행동/노력은 무엇이었는지를 기술해 주십시오.
3077,2,"현재 지원하고자 하는 분야와 관련된 강점을 개발시키기 위해 취했던 행동들에 대해 구체적으로 기술해 주십시오. 그러한 활동 및 행동을 하게 된 계기는 무엇이었으며, 결과적으로 본인이 지원한 분야에 어떤 도움이 될 지에 대해 구체적으로 기술해 주십시오."
3078,2,"지원하신 직무를 선택한 이유와, 그 직무에 필요한 역량을 갖추기 위해 지금까지 어떠한 노력을 해왔는지 구체적으로 서술해 주시고, 그 경험들이 앞으로 회사와 본인의 발전에 어떻게 기여할 것이라 생각하는지 작성해 주시기 바랍니다. * [1000자 이내]"
3079,2,본인의 장점과 단점에 대해 작성하고 입사 후 어떻게 활용할 것인지 작성해주시기 바랍니다.(500자 이내)
3080,2,[조직이해능력] 본인이 알고 있는 남동발전에 관한 내용에 대해 자세하게 기술해 주십시오.어떠한 경로를 통해 그러한 정보를 얻게 되었는지 혹은 추가적인 정보를 얻기 위해 취한 행동/노력은 무엇이었는지를 기술해 주십시오.
3081,2,"[자기개발능력] 현재 지원하고자 하는 분야와 관련된 강점을 개발시키기 위해 취했던 행동들에 대해 구체적으로 기술해 주십시오.그러한 활동 및 행동을 하게 된 계기는 무엇이었으며, 결과적으로 본인이 지원한 분야에 어떤 도움이 될 지에 대해 구체적으로 기술해 주십시오."
3082,2,지원분야 관련 자신의 강점 기술
3083,2,면접관 에게 꼭 알리고 싶은 사항
3084,2,"본인이 지원분야에 적합하다고 판단할 수 있는 이유 및 근거를, 본인의 노력과 경험을 바탕으로 제시해 주시기 바랍니다. 1000"
3085,2,학력/경력 및 보유 Skill
3086,2,지원한 직무를 본인이 잘 수행할 수 있다고 생각하는 이유 [100자 이상 600자 이내]
3087,2,지원동기 : 해당 직무를 본인이 잘 수행할 수 있다고 생각하는 이유를 구체적으로 기술해 주세요.
3088,2,경력기술 : 자신의 前 직장 경험(직무내용)과 가장 성취감을 느꼈던 일(프로젝트) 한 가지를 상세 기술해 주세요.
3089,2,희망하는 개발분야 또는 관심있는 기술분야를 기입해주세요 / 공지문 개발분야 참조
3090,2,자신의 기술력과 열정을 보여줄 수 있는 활동사항을 기재해 주세요
3091,2,본인 성격의 장점 및 단점을 기술하고 영업관리 직무를 잘 수행할 수 있는 까닭을 설명하시오.
3092,2,[직무와 관련된 경험]
3093,2,SL에서 일하고 싶은 구체적인 분야(직무)와 이를 잘 수행할 수 있는 이유를 서술하세요
3094,2,"지원한 지역(분야)에 대하여 얼마나 알고 있는지 설명하시고, 그 지역(분야)에 근무하기 위한 어떤 역량을 갖추고 있는지 구체적 경험을 들어 기술하시오. [현재 입력 글자 0 byte /최소 200byte 이상 1000byte 이내]"
3095,2,"지원직무를 선택한 이유와 그 직무에 필요한 역량을 갖추기 위해 어떠한 노력을 해왔는지 구체적으로 서술하고, 그 경험들이 앞으로 회사와 본인의 발전에 있어 어떻게 기여갛ㄹ 것이라 생각하십니까?"
3096,2,"지원분야의 관련 업무를 수행한 경력 또는 관련 활동을 수행한 경험 중 대표적인 것에 대해 기술하십시오. 경력은 금전적 보수를 받고 일정기간 동안 일했던 이력을 의미하며, 경험은 직업 외적인(금전적 보수를 받지 않고 수행한) 활동을 의미합니다. 경력을 기술할 경우 구체적으로 직무영역, 활동/경험/수행내용, 본인의 역할, 주요 성과 등에 대해 작성하시고, 경험을 기술할 경우 구체적으로 본인의 학습경험 혹은 활동내용, 활동 결과에 대해 작성하시기 바랍니다.*"
3097,2,"지원직무를 선택한 이유와 그 직무에 필요한 역량을 갖추기 위해 어떠한 노력을 해왔는지 구체적으로 서술하고, 그 경험들이 앞으로 회사와 본인의 발전에 어떻게 기여할 것이라 생각하십니까? 글자 수 100자 이상 1000자 이내"
3098,2,"본인의 장점에 대해 기술하고 그 장점을 발휘하여 성공적으로 일을 처리했던 경험, 그리고 이러한 경험이 인천국제공항에 어떠한 기여를 할 수 있을지에 대해 기술하세요. [ 300자 이내 ]"
3099,2,희망직무에서 본인의 전공 활용 방안에 대하여 기술하여 주시기 바랍니다.
3100,2,지원한 직무 수행에 필요한 역량을 기르기 위해 어떤 노력을 해 왔는지 대표적인 경험을 들어 구체적으로 기술하세요.
3101,2,본인이 가진 열정 역량에 대하여 / 500자 ~ 1000자
3102,2,[필수문항] 희망하는 개발분야 또는 관심있는 기술분야를 기입해주세요 / 공지문 개발분야 참조
3103,2,"희망하는 직무와 관련하여, 자신이 타 지원자에 비해 특별한 점이 무엇이라고 생각합니까? (600)"
3104,2,"반대로, 희망하는 직무 분야에서 자신이 부족한 점은 무엇이며 앞으로 이를 어떻게 보완할 계획인가요? (400)"
3105,2,"본인이 지원한 직무를 선택한 이유를 말씀해주시고, 해당 직무에서 가장 필요한 역량이 무엇인지 본인의 생각을 서술해주세요. (400자)"
3106,2,지원한 직무 수행을 위해 본인이 무엇을 어떻게 준비하고 노력 해 왔는지 구체적으로 기술하십시오. (1000)
3107,2,"본인이 지원한 직무와 관련된 경험 및 역량, 관심사항 등 자신을 어필할 수 있는 내용을 기반으로 자유롭게 기술해주시기 바랍니다. (1000자)"
3108,2,"본인이 지원한 직무와 관련된 경험 및 역량, 관심사항 등"
3109,2,지원 직무 관련 자신이 갖춘 역량에 대하여 구체적으로 기술하여 주십시오. 700자
3110,2,해당 직무에 지원하기 위해 준비한 본인만의 경쟁력을 구체적 사례와 경험을 들어 기술하세요(700자)
3111,2,Global Leader 로서의 역량을 키우기 위해 노력한 경험에 대하여 작성하여 주십시오. [ 100자 이상 500자 이내]
3112,2,"(역량기술서) 관련 전공과목 수강이력, 직무관련 경험, 기타 역량개발 활동 등을 바탕으로 작성해 주세요. 해당직무를 수행하기 위해 대학생활을 포함하여 지금까지 어떠한 준비를 하였는지 작성해 주십시오. [ 500자 이상 2000자 이내 ]"
3113,2,Challenge A. 당신이 보유한 직무역량 중 금호석유화학그룹人이 되기 위해 가장 적합한 직무역량을 서술하십시오. [30자 이내]
3114,2,Challenge C. 해당 직무역량을 최대한 발휘하고자 노력하신 경험을 구체적으로 서술하십시오. [300자 이내]
3115,2,"H사원은 성실하고 꼼꼼하며, 끈기를 가지고 결과를 내는 타입이며, C사원은 순발력 있고, 일처리가 빠르며, 책임감이 강한 타입입니다. 똑같지는 않더라도 본인이 누구의 성향에 더 가까운 편인지 이유와 함께 구체적으로 기술해주세요. 400자"
3116,2,[Platform Sawy] 개발 역량을 보여줄 수 있는 본인의 대표적인 프로젝트 1가지에 대해 구체적으로 기술하고(담당역할 및 기여부분 상세 명시) 본인이 다룰 수 있는 Programming 언어 및 수준에 대해 모두 적어주세요
3117,2,여러분이 대학시절 중 수행한 IT프로젝트 경험에 대해 구체적으로 작성해 주세요. ① 프로젝트 명과 상세 내용 및 본인 역할 ② 주로 사용한 개발 언어나 프로그램 ③ 프로젝트 수행 시 가장 중요하게 생각한 부분 ④ 결과를 통해 배운 점 을 반드시 포함하여 구체적으로 작성해 주세요.(1000자)
3118,2,희망직무 준비과정과 희망직무에 대한 본인의 강점과 약점을 기술해주세요.(800자 16줄 이내)
3119,2,지원 직무 관련하여 준비한 사항(교육 등)을 작성하여 주십시오. / 500자 제한
3120,2,"개발 역량을 보여줄 수 있는 본인의 대표적인 프로젝트 1가지에 대해 구체적으로 기술하고(담당역할 및 기여부분 상세 명시), 본인이 다룰 수 있는 Programming 언어 및 수준에 대해 모두 적어주세요.(1000 자 8 단락 이내) - 활용 수준 예시"
3121,2,"수강했던 전공 기초과목들을 나열하고, 그 중 가장 관심이 있었던 과목과 그 이유를 서술하여 주세요.(500자)"
3122,2,"자신이 수강한 전공과목 중 가장 자신 있는 전공 3가지에 대해, 각각의 이유와 학점을 명시해 주세요. (필수) (600자)"
3123,2,SW개발 관련하여 수강한 과목명 및 성적을 년도별로 구분하여 작성 해 주세요.
3124,2,"지원한 직무와 관련하여 자신의 강점이 무엇이며, 그러한 강점을 활용한 자신의 입사 후 포부를 기술해주시기 바랍니다"
3125,2,"지원하신 직무를 선택한 이유와, 그 직무에 필요한 역량을 갖추기 위해 지금까지 어떠한 노력을 해 왔는지 구체적으로 기술해 주시기 바랍니다.(1,000자) - 그 경험들이 앞으로 회사와 본인의 발전에 어떻게 기여할 것이라 생각하는지 포함"
3126,2,"귀하가 우리 공단에 기여할 수 있는 적합한 인재로서 보유한 능력은 무엇이며, 능력을 개발하기 위하여 어떤 노력을 하였습니까? (800자)"
3127,2,직무경험 : 희망직무 준비과정과 희망직무에 대한 본인의 강점과 약점을 기술해주세요.(800자 16줄 이내)
3128,2,"보험 컨설턴트를 관리하는 보험영업 마케팅 관리직에 대한 장점 및 예상되는 어려움, 이에 대한 극복방법에 대해 기술해 주시기 바랍니다. - 직간접경험을 통하여 알고 있거나 본인이 생각하는 보험영업관리 직무의 구체적 내용, 장단점 서술 - 본인의 역량, 성격, 경험을 바탕으로 직무수행시 예상되는 어려움과 이에 대한 극복방안 등을 기술 (1500자 이내)"
3129,2,지원한 직무와 관련하여 타 지원자가 가지지 못한 본인`만`의 경쟁력이 무엇이라고 생각합니까? 또한 그 경쟁력을 보유/유지 하기 위해 어떤 노력을 해 왔습니까? (600자 이내)
3130,2,지원한 분야의 전문성과 역량을 갖추기 위해 본인이 노력했던 경험과 그 결과에 대하여 구체적으로 서술하시오. 0/1500
3131,2,"본인이 지원분야에 적합하다고 판단할 수 있는 이유 및 근거를, 본인의 노력과 경험을 바탕으로 제시해 주시기 바랍니다. * [200자 이상 1000자 이내] /1000"
3132,2,대학입학 후 자신의 인생과 일에 장기목표가 설정되어 있다면 그 목표를 구체적으로 실현하기 위한 나만의 차별화된 전략과 핵심역량을 소개해 주세요. 600
3133,2,귀하가 희망하는 직무는 무엇이며 어떤 성과를 보여줄 수 있는지 요약해 주세요. 500
3134,2,본인이 해당직무를 지원하게 된 이유는 무엇이며 직무를 잘 수행하기 위해 어떻게 준비해 왔는지 경험 전공 등을 연계하여 서술하여 주십시오 400자
3135,2,해당직무를 지원하게 된 이유는 무엇이며 직무를 잘 수행하기 위해 어떻게 준비해 왔는지 경험 전공 등을 연계하여 서술하여 주십시오 [ 500자 이내]
3136,2,당신이 보유한 직무역량 중 금호석유화학그룹人이 되기 위해 가장 적합한 직무역량을 서술하십시오. [30자 이내]
3137,2,해당 직무역량을 향상시키기 위해 노력했던 경험을 서술하십시오. [150자 이내]
3138,2,해당 직무역량을 최대한 발휘하고자 노력하신 경험을 구체적으로 서술하십시오.
3139,2,"현재 귀하의 가장 부족한 역량은 무엇이며, 역량개발을 위해 어떤 활동과 노력을 하고 있는지 기술하시오. 600자"
3140,2,지원한 직무를 수행함에 있어 귀하가 가지고 있는 강점에 대해 경험을 중심으로 기술하시오. 600자
3141,2,"SW개발에 대한 자신의 열정을 보여줄 수 있는 활동사항을 기재해 주세요 800 작성시에는 `본인이 주도적으로 참여한 부분` 위주로 기입하며, 1) 진행기간 2) 주요내용 3) 본인이 공헌한 점 4) 사용한 Skill 또는 지식 5) 결과/성과 를 간결하게 핵심만 기입해주세요"
3142,2,학업과정 중 특기사항
3143,2,지원분야의 직무수행에 있어 본인의 강점과 약점은 무엇이라 생각하십니까? [ 800자 이상 1200자 이내 ]
3144,2,"귀하가 우리 공단에 기여할 수 있는 적합한 인재로서 보유한 능력은 무엇이며,능력을 개발하기 위하여 어떤 노력을 하였습니까?"
3145,2,"본인이 지원한 직무에 필요한 역량은 무엇이며, 그 이유는 무엇입니까? [200자 이상 400자 이내]"
3146,2,직무에 필요한 역량을 갖추기 위해 본인이 노력했던 점은 무엇입니까? [200자 이상 400자 이내]
3147,2,S/W 개발 관련된 학습 및 경험이 있다면 자유롭게 적어주세요.
3148,2,"자신이 수강한 전공과목 중 가장 자신 있는 전공 3가지에 대해, 각각의 이유와 학점을 명시해 주세요. (필수) 600자"
3149,2,"지원 분야를 위해 `노력한 내용(전공, 직무경험 등)`과 이를 통해 `확보된 역량`을 구체적으로 기술해주십시오. (1000자)"
3150,2,지원분야에 대한 자신의 준비사항 및 구체적인 노력 내용과 이를 통해 확보된 역량을 기술해 주십시오. (500자)
3151,2,"LG이노텍 핵심가치 (새로운 시도, 앞선 실행, 완벽추구) 에 연관하여 본인의 강점 및 경험을 구체적으로 기술해 주십시오. (500자)"
3152,2,"본인의 장/단점과 입사 후 장점은 어떻게 활용되고, 단점은 어떻게 보완 할 수 있겠는지를 기술하세요.(400자 이내)"
3153,2,입사지원서에 기술한 직무 관련 경력사항에 대해 상세히 기술하여 주시기 바랍니다.
3154,2,입사지원서에 기술한 직무 관련 경험사항에 대해 상세히 기술하여 주시기 바랍니다.
3155,2,해당 직무에 지원하기 위해 준비한 본인만의 경쟁력을 구체적 사례와 경험을 들어 기술하세요. 700
3156,2,해당 직무에 지원한 사유 및 직무 수행에 적합하다고 생각되는 근거를 본인의 전공 및 경험 등에 연계하여 서술하시오.
3157,2,희망하는 개발분야 또는 관심있는 기술분야를 기입해주세요
3158,2,[필수문항] SW개발에 대한 자신의 열정을 보여줄 수 있는 활동사항을 기재해 주세요
3159,2,[필수문항] 본인이 보유한 Programming Skill의 활용정도를 모두 적어주세요
3160,2,"지원분야 내에서 입사 후 희망하는 직무를 기술하고, 직무를 수행하기 위해 본인이 보유한 역량을 기술하여 주십시오.(400자~700자)"
3161,2,자신이 지원한 분야를 위해 준비해온 사항과 보유기술에 대해 기술하세요 (1000)
3162,2,희망직무를 지원한 이유와 직무를 수행하기 위해 어떠한 노력이나 경험을 하였는지 구체적으로 작성해주시기 바랍니다. 500
3163,2,본인의 장점과 단점에 대해 작성하고 입사 후 어떻게 활용할 것인지 작성해주시기 바랍니다.500
3164,2,지원한 분야의 전문성과 역량을 갖추기 위해 본인이 노력했던 경험과 그 결과에 대하여 구체적으로 서술하시오. (1500)
3165,2,지원동기와 입사를 위해 준비한 본인만의 경쟁력을 기술하세요. 500자 인턴
3166,2,지원서에 기술한 경력사항(경력이 없는 경우는 관련 기타 활동)에 대해서 상세히 작성해 주십시오.
3167,2,직무경험 : 희망직무 준비과정과 희망직무에 대한 본인의 강점과 약점을 기술해주세요.(16줄 이내)
3168,2,"자신만의 특별한 경험 있는 경우 기술(300자, 선택사항)"
3169,2,주요경력 (세부전공 내용 중심으로 기술) 1500
3170,2,지원 직무와 관련하여 어떠한 경험/준비를 하였는지 구체적으로 기술해 주십시오 (800자 이내 서술)
3171,2,지원분야와 관련하여 자신있는 본인의 강점에 대해 경험을 중심으로 기술하시오.
3172,2,"본인이 신용회복위원회에서 발휘할 수 있는 역량과, 목표달성을 위한 실천계획을 기술하여 주십시오."
3173,2,"웹 또는 앱 서비스를 직접 개발하거나, 데이터를 이용한 프로그래밍 경험이 있다면 이에 대해 구체적으로 서술하세요. (해당자에 한함) 2000자"
3174,2,"KB국민은행이 귀하를 채용해야 하는 이유와, KB인이 되기 위하여 준비한 본인만의 경험 및 노력을 기술하십시오.(600자 이내)"
3175,2,본인의 지원분야(또는 직무)와 관련하여 자신만의 특별한 경험을 기술하여 주십시오
3176,2,"본인이 지원분야에 적합하다고 판단할 수 있는 이유 및 근거를, 본인의 노력과 경험을 바탕으로 제시해 주시기 바랍니다."
3177,2,"직무를 준비해온 과정 : [영업에 대한 적극성, 현장성, 열정을 갖춘 신입]"
3178,2,지원동기/관련경험(포트폴리오 가능)
3179,2,"본인이 지원 분야에 적합하다고 판단할 수 있는 이유 및 근거를, 본인의 노력과 경험을 바탕으로 제시해 주시기 바랍니다. (1000)"
3180,2,희망직무 준비과정과 희망직무에 대한 본인의 강점과 약점을 실패 또는 성공사례 중심으로 기술 (800자 이내)
3181,2,자신이 지원한 분야에서 뛰어난 전문가가 되기위해 기울이고 있는 노력에 대해 구체적으로 서술해주십시오. [200자~500자]
3182,2,"입사지원서에 기술한 교육, 경력, 경험사항에 대해 상세히 기술해주시기 바랍니다. [200자~700자]"
3183,2,필요역량과 노력 / 강점
3184,2,"(국제적 감각) 항공사 직원이 함양해야 할 국제적 감각이란 무엇이며, 이 역량을 배양하기 위해 본인은 어떠한 노력을 기울였는지 기술하시오 (600자 이내)"
3185,2,본인이 가진 열정과 역량에 대하여 (500자 ~ 1000자)
3186,2,"타인과 구별되는 본인만의 경재력은 무엇인지 제시하고, 그 경쟁력을 가지기 위해 어떠한 노력을 하였는지, NH농협은행에서 어떻게 활용할 것인지 기술하여 주십시오."
3187,2,"국민은행이 귀하를 채용해야 하는 이유와, KB인이 되기 위하여 준비한 본인만의 경험 및 노력을 기술하십시오. 600자"
3188,2,"직무경험 800자 - 희망직무 준비과정과 희망직무에 대한 본인의 강점과 약점 기술(실패, 성공사례 중심)"
3189,2,"직무에 지원한 동기와 지원 직무를 잘 수행할 수 있는 이유를 본인의 경험, 준비와 노력을 바탕으로 기술하여 주십시오. 500자"
3190,2,"대우건설 내 희망 직무는 무엇이며, 직무 수행에 필요한 지식, 기술 등 남들과 다른 전문성을 갖추기 위해 어떤 준비를 하였는지 구체적으로 작성해 주시기 바랍니다."
3191,2,지원한 분야의 전문성과 역량을 갖추기 위해 본인이 노력했던 경험과 그 결과에 대하여 구체적으로 서술하시오. 1500
3192,2,Global Leader 로서의 역량을 키우기 위해 노력한 경험에 대하여 작성하여 주십시오. [ 100자 이상 500자 이내 ] /500
3193,2,해당직무를 수행하기 위해 대학생활을 포함하여 지금까지 어떠한 준비를 하였는지 작성해 주십시오. [ 500자 이상 2000자 이내 ] /2000
3194,2,해당 직무에 지원한 사유 및 직무 수행에 적합하다고 생각되는 근거를 본인의 전공 및 경험 등에 연계하여 서술하시오. (600자)
3195,2,"지원한직무수행을위해본인이무엇을어떻게준비하고노력해왔는지구체적으로기술하십시오. -하기의내용을포함하여기술하십시오. *인턴십,타사근무경험(해당이있을경우,회사명/담당업무명시) *관련Project수행당시본인의역할 *knowledge,skill등보유역량 (1000 자 10 단락 이내)"
3196,2,"나의 강점/포부: 지원한 직무와 관련하여 자신의 강점이 무엇이며, 그러한 강점을 활용한 자신의 입사 후 포부를 기술해주시기 바랍니다. (700자)"
3197,2,ICT 전자 통신 소프트웨어 등 분야의 역량을 키우기 위해 노력했던 경험에 대해 서술하십시오 700자
3198,2,"은행업무 수행을 위해 필요한 역량은 무엇이며, 이 역량을 갖추기 위해 어떻게 노력해 왔는지 설명해 주십시오. (1300 Bytes, 600자 이내)"
3199,2,"지원한 분야(일반, IT, 전문직)에 본인이 적임자라고 생각하는 이유를 기술해 주세요."
3200,2,지원분야에 대한 자신의 준비사항 및 구체적인 노력 내용과 이를 통해 확보된 역량을 기술해 주십시오.
3201,2,"본인의 지원직무와 관련하여 자신의 강점/약점을 기술, 약점을 보완하기 위한 노력을 기술하십시오. [1200바이트]"
3202,2,"본인이 지원한 직무를 선택한 이유를 말씀하시고, 해당 직무에서 가장 필요한 역량은 무엇인지 본인의 생각을 기술해주세요"
3203,2,해당 직무에 지원하기 위해 본인의 준비 과정을 구체적 사례와 경험을 들어 기술하시오
3204,2,"금융권 역량개발노력 (1,000자) 금융 관련 교육·자격·경력 및 기타활동을 포함한 역량개발노력에 대해 상세히 기술할 것"
3205,2,"본인이 지원한 직무와 관련된 경험 및 역량, 관심사항 등 자신을 어필할 수 있는 내용을 기반으로 자유롭게 기술해주시기 바랍니다."
3206,2,이수한 전공을 통해 얻은 지식과 역량에 관해 기술하세요.(700 자 7 단락 이내)
3207,2,"지원 분야에서 성과를 내는데 필요한 역량이 무엇이라고 생각하며, 해당 역량을 갖추기 위하여 어떠한 노력을 했는지 `전공 이외의 경험`에 대해 기술하세요. (700 자 7 단락 이내)"
3208,2,"지원한 지역에 대하여 얼마나 알고 있는지 설명하고, 그 지역에 근무하기 위한 어떤 역량을 갖추고 있는지 기술하시오 500자"
3209,2,입사지원서에 기술한 직무관련 경력 및 기타 경험 활동에 대해 상세히 기술해 주시기 바랍니다.
3210,2,지원하신 분야을 선택한 이유와 지원직무를 잘 수행하기 위한 노력 및 경험을 구체적으로 작성해주시기 바랍니다.
3211,2,"본인이 지원분야에 적합하다고 판단할 수 있는 이유 및 근거를, 본인의 노력과 경험을 바탕으로 제시해 주시기 바랍니다. * [200자 이상 1000자 이내] - 역량과 전문성"
3212,2,본인이 가진 열정과 역량에 대하여 (자기소개서 작성 가이드 1000자)
3213,2,희망직무 준비과정 희망직무에 대한 본인의 강점과 약점을 기술해주세요.
3214,2,"본인이 평소 IT 분야에서 가장 관심을 갖고 있던 부분과 그 이유는 무엇입니까? 또한, 본인이 보유한 IT 역량에 대하여 기술하여 주시기 바랍니다."
3215,2,"본인이 희망하는 업무는 무엇이며, 업무 수행에 필요한 역량을 갖추기 위해 어떠한 노력을 했는지 구체적으로 기술해 주십시오.(500)"
3216,2,보유기술 및 경험직무 (구체적으로 기술)* 800
3217,2,"훌륭한 디자이너가 되기 위해 지금까지 준비해 온 것과 본인이 소유한 디자인 관련 능력은 무엇입니까? [1,000byte이내]"
3218,2,제품/그래픽/인테리어 관련 수상경력 혹은 인턴십 경력 들을 나열해주시기 바랍니다. [1000Byte 이내]
3219,2,"우리 회사의 사업 및 지원한 직무를 수행하는데 있어서 본인이 보유한 남과 다른 차별화된 능력(능력, 재능)을 기술 해주세요."
3220,2,"KB국민은행이 귀하를 채용해야 하는 이유와, KB인이 되기 위하여 준비한 본인만의 경험 및 노력을 기술하십시오"
3221,2,"본인이 보유한 자격사항과 해당 자격을 목표로 삼은 이유, 관련 경력사항 또는 경험사항에 대해 상세히 기술해 주십시오."
3222,2,"한국기술교육대학교가 수행하는 업무를 아는 대로 설명하고, 이 중 본인이 하고 싶은 업무와 그 이유를 기술해 주십시오."
3223,2,본인이 지원한 직무와 관련된 활동은 어떤 내용인지 간략히 기술해 주십시오. (200자 이내)
3224,2,지원자 본인이 동료들과 함께 어떤 일을 할 때 주인의식을 가지고 자신이 맡은 일을 보다 더 잘하기 위해 노력하는 사람임을 가장 잘 보여주는 최근 3년 이내의 사례를 아래 세부 항목에 따라 작성해 주십시오. (800자 이내)
3225,2,자신의 전문성 향상에 가장 큰 영향을 끼쳤던 것은 무엇인지 상세히 기술해 주십시오. (200자 이내)
3226,2,향후 자신의 전문성을 향상시키고 이를 잘 활용하기 위해 어떻게 노력할 것인지 간략히 기술해 주십시오. (200자 이내)
3227,2,"수강했던 전공 기초과목들을 나열하고, 그 중 가장 관심이 있었던 과목과 그 이유를 서술하여 주세요(500자)"
3228,2,"본인이 지원한 직무 및 설명을 채용공고를 참조하여 첫 줄에 기입하고, 이에 대한 스스로의 경쟁력(경험,지식,Skill)과 입사 후 기여할 수 있는 점은 무엇인지 사례를 들어 설명하시오."
3229,2,"본인이 지원한 직렬의 주요업무를 간략히 기술하고, 그에 따른 필요한 지식이나 기술을 습득하기 위해 받은 교육(전공포함), 경험&#8231;경력을 기술하십시오."
3230,2,현재 자신의 위치에 오기 위해 수행해온 노력과 지원한 직렬에서 성공을 위한 노력과 계획을 기술해 주십시오.
3231,2,입사지원서에 기술한 직무관련 기타 활동에 대해 상세히 기술해 주시기 바랍니다.
3232,2,"지원한 직무와 관련하여 자신의 강점이 무엇이며, 그러한 강점을 활용한 자신의 입사 후 포부를 기술해주시기 바랍니다."
3233,2,자신이 지원한 분야에서 뛰어난 전문가가 되기 위해 기울이고 있는 노력에 대해 구체적으로 서술해주십시오. (500)
3234,2,중요 경력 (세부전공 내용 중심으로 기술)
3235,2,"지원 분야의 직무를 잘 수행할 수 있는 본인의 강점은 무엇인지, 지원 분야에 본인이 어떻게 기여할 수 있는지에 대하여 작성하여 주십시오. 700"
3236,2,영업관리 직무에 대한 준비과정과 이와 관련된 본인의 강점과 약점을 기술하시오. [1000자]
3237,2,"본인의 장/단점과 입사 후 장점은 어떻게 활용되고, 단점은 어떻게 보완할 수 있겠는지를 기술하세요.(50자이상 400자이내)"
3238,2,"지원한 직무와 관련하여 자신의 강점이 무엇이며, 그러한 강점을 활용한 자신의 입사 후 포부를 기술해주시기 바랍니다. (700자)"
3239,2,본인의 장점과 단점에 대해 작성하고 입사 후 어떻게 활용할 것인지 작성해주시기 바랍니다. ~500자
3240,2,해당 직무에 지원하는 동기를 본인의 경험과 연계하여 기술해 주시기 바랍니다. (1000자)
3241,2,"최고가 되고 싶습니까? 본인 스스로 최고가 되기 위해 노력했던 경험에 대해서 작성해 주시고, 당사 지원 직무와 어떠한 연관성이 있는지 기술해 주시기 바랍니다. (1200자)"
3242,2,"지원한 직무와 관련하여 자신의 강점이 무엇이며, 그러한 강점을 활용한 자신의 입사 후 포부를 기술해주시기 바랍니다.[700]"
3243,2,"본인의 장/단점과 입사 후 장점은 어떻게 활용되고, 단점은 어떻게 보완 할 수 있겠는지를 기술하세요. (400자 이내)"
3244,2,"본인의 장단점과 입사 후 장점은 어떻게 활용하고 단점은 어떻게 보완할 수 있겠는지를 기술해주십시오 [ 600자 이내 ] /600 공감, 주관이 흔들림, 원칙, 고객의 설명 구체적으로"
3245,2,"원하는 직무와 관련하여 경험했던 활동이나 경력에 대해 작성해주십시오. 활동이 어떤 내용이었는지, 활동의 결과와 이를 통해 배운점은 무엇인지 최대한 상세하게 기술해주십시오. (2000Byte이내 약1000자)[직무 관련 경험 및 경험 관련 질문]"
3246,2,지원직무 강점(700)
3247,2,아래 KOGAS 인재상 중 택1하여 그에 부합하는 자신의 경험(행동)을 자유롭게 기술하여 주시기 바랍니다. (
3248,2,"희망 직무의 수행을 위한 핵심역량은 무엇이며, 이를 위한 본인의 노력을 기술하시오.(600 자 8단락)"
3249,2,자기소개서 [프로그래밍과 쇼핑산업 흥미도 기준의 성장과정]
3250,2,"영업전문직에 강점으로 작용할 본인의 장점과, 보완해야 할 단점에 대하여 기술하시오. (500자)"
3251,2,지원 직무 관련 자신이 갖춘 역량에 대하여 구체적으로 기술하여 주십시오.(500~700)
3252,2,"본인이 지원한 직렬의 주요업무를 간략히 기술하고, 그에 따른 필요한 지식이나 기술을 습득하기 위해 받은 교육(전공포함), 경험&#8231;경력을 기술하십시오. [경험은 금전적 보수를 받지 않고 수행한 직업 외적인 활동, 경력은 금전적 보수를 받고 일정기간 일했던 이력을 의미]"
3253,2,"해당 직무를 지원하게 된 동기와 직무 관련된 준비사항에 대하여 기술해 주세요. (1500자) 1) 선택한 직무에 대해 관심 갖게 된 계기 2) 직무 역량을 개발하기 위해 기울인 노력, 준비, 경험 등 3) 선택 직무를 통해 본인이 성과를 창출할 수 있다고 생각하는 이유"
3254,2,"자신만의 특별한 경험 있는 경우 기술 (300자, 선택사항)"
3255,2,학업과정 중 특기사항(100자) 학업 외 활동 중 본인의 역량을 개발하는 데 도움이 된 활동이나 경험에 대해 작성해주시기 바랍니다.
3256,2,직무수행과 관련된 자신의 장점
3257,2,직무수행과 관련된 자신의 단점
3258,2,지원업무과 연관된 경험이나 경력
3259,2,"자신이 갖춘 직무와 관련된 실력을 표현하고, 그 근거를 기술하시오. 전공 or 전공 이외의 학습 내용, 각종 경험 등 (800 자 8 단락 이내)"
3260,2,"타인과 구별되는 본인만의 경쟁력은 무엇인지 제시하고, 그 경쟁력을 가지기 위해 어떠한 노력을 하였는지, 농협의 경제사업에 어떻게 활용할 것인지 구체적으로 기술하여 주십시오."
3261,2,"해당직무를 지원한 동기와 이를 잘 수행할 수 있는 본인만의 경쟁력을 자신의 경험에 근거하여 구체적으로 작성해 주세요.1) 직접경험 2) 간접경험 (1,500자)"
3262,2,본인의 어떤점이 LS엠트론의 인재상에 부합하는지 사례에 근거하여 기술해 주시기 바랍니다.(1200자)
3263,2,본인이 지원하는 직무에 적합하다고 생각하는 이유를 기술해 주시기 바랍니다.(1200자)
3264,2,직무를 준비해온 과정
3265,2,자신이 지원한 분야에서 뛰어난 전문가가 되기위해 기울이고 있는 노력에 대해 구체적으로 서술해주십시오. 500자
3266,2,"입사지원서에 기술한 교육, 경력, 경험사항에 대해 상세히 기술해주시기 바랍니다. 500자"
3267,2,"웹 또는 앱 서비스를 직접 개발하거나, 데이터를 이용한 프로그래밍 경험이 있다면 이에 대해 구체적으로 서술하세요. (해당자에 한함) (1000자)"
3268,2,"본인의 지원직무와 관련하여 자신의 강점/약점을 기술, 약점을 보완하기 위한 노력을 기술하십시오.(1200byte) <강점 합치기> <단점, 남한테 못 맡기고 철저한 성미, 어떻게 극복>"
3269,2,본인이 해당 직무를 잘 수행할 수 있을 거라고 생각하는 이유에 대해 본인의 강점과 연결 지어 기술해 주십시오.
3270,2,해당 직무를 수행하기 위해 그 동안 어떤 노력을 기울여 왔는지 구체적인 활동을 예로 들어 기술해 주십시오.
3271,2,"자신이 수강한 전공과목 중 가장 자신 있는 전공 3가지에 대해, 각각의 이유와 학점을 명시해 주세요. 600자"
3272,2,타인과 차별화 할 수 있는 경쟁력을 자신의 경험을 바탕으로 기술하시오.(500자)
3273,2,자신만의 차별화된 특성 또는 역량은 무엇이라 생각하십니까? 혹은 귀하가 지원한 분야를 성공적으로 수행할 수 있다고 생각하는 이유를 서술해 주십시오. * [100자 이상 600자 이내]
3274,2,대학입학 후 자신의 인생과 일에 장기목표가 설정되어 있다면 그 목표를 구체적으로 실현하기 위한 나만의 차별화된 전략과 핵심역량을 소개해 주세요. [ 500자 이상 600자 이내]
3275,2,귀하가 희망하는 직무는 무엇이며 어떤 성과를 보여줄 수 있는지 요약해 주세요. [ 300자 이상 500자 이내]
3276,2,귀하가 현재 학과(전공)를 선택한 이유는 무엇이고 그 학업결과는 어떠합니까? 최소 200자 / 500자 제한
3277,2,귀하가 보유한 강점(지식/기술/특기/사회성 등)을 활용하여 회사발전에 기여할 수 있는 점은 무엇입니까? 최소 200자 / 500자 제한
3278,2,지원분야에 대한 지원자 본인의 직무전문성을 가장 잘 보여주는 사례 기술 (600자)
3279,2,모집요강에 나열된 자격요건이나 우대사항 중 본인에게 해당되는 내용을 적어주세요.
3280,2,지원하는 분야를 선택하는 사유와 본인이 적합하다고 판단할 수 있는 근거.
3281,2,"자신의 연구분야 및 전공을 상세히 소개. (연구경력, 프로젝트, 실험 경험 등)"
3282,2,"당사가 자신을 선발해야 하는 이유에 대해서 기술하세요. 1) 자신에게 어떤 전문성*이 있고 그 전문성은 어떻게 회사에 도움이 될 거라고 예상하나요? 2) 어떤 동기에서 당신만의 전문성을 개발하기 시작했나요? 3) 자신의 전문성을 개발하기 위해 어떤 노력을 어떻게 하였으며, 그 성과는 어떠했나요?(1200자) *전문성: 남들보다 뛰어난 지식 또는 자신만의 특성"
3283,2,"본인의 장단점과 입사 후 장점은 어떻게 활용되고, 단점은 어떻게 보완 할 수 있겠는지를 기술하세요 (400자)"
3284,2,"해당 직무 분야를 선택하게 된 이유와, 직무 수행에 필요한 역량을 갖추기 위해 어떠한 노력을 하였는지 구체적인 사례를 근거로 기술해 주시길 바랍니다.(700자 이내)"
3285,2,"IT 직무와 관련한 준비과정(학업, 교내 외 활동 등) 및 입사 후 어떻게 성장해 나갈 것인지 기술하십시오. (1200 byte)"
3286,2,My Competence : 본인이 가진 열정과 역량에 대하여
3287,2,"귀하가 직장생활을 하는데 도움이 될 수 있는 장점, 경험 또는 특기를 작성해 주세요."
3288,2,"지원한 직무를 잘 할 수 있다고 생각하는 이유와, 그 직무를 통해 달성하려는 목표를 작성해 주세요."
3289,2,"본인이 지원한 직무에 필요한 역량은 무엇이며, 그 이유는 무엇입니까?"
3290,2,"본인의 장/단점과 입사 후 장점은 어떻게 활용되고, 단점은 어떻게 보완 할 수 있겠는지 기술 하세요. (400자)"
3291,2,지원 직무 관련 자신이 갖춘 역량에 대하여 기술
3292,2,직무경험 : 희망직무 준비과정과 희망직무에 대한 본인의 강점 약점 실패 또는 성공사례 중심으로 기술해 주세요
3293,2,지원직무와 지원자의 자격 연관성에 대해 기술하여 주십시오. (현재0/2000 byte)
3294,2,"직무관련 `경험`사항 기술은 본인이 수행한 활동내용, 소속 조직이나 활동에서의 역할, 활동결과에 대해 구체적으로 작성해 주시기 바랍니다. [600자 이내]"
3295,2,"지원자께서는 자신에게 필요한 정보를 어떻게 입수하고 관리하고 있습니까? - 어떤 정보를, 어떤 수단과 방법을 통해서 입수하십니까? - 입수된 정보는 어떻게 처리하고 관리하십니까? - - 해당 능력이 지원하신 직무를 수행하는데 어떤 도움이 될 것이라 생각하십니까? * [300자 이내]"
3296,2,지원한 분야의 전문성과 역량을 갖추기 위해 본인이 노력했던 경험과 그 결과에 대하여 구체적으로 서술하시오. (1500자)
3297,2,"본인이 지원분야에 적합하다고 판단할 수 있는 이유 및 근거를, 본인의 노력과 경험을 바탕으로 제시해 주시기 바랍니다. [200자 이상 1000자 이내]"
3298,2,"해당직무를 지원한 동기와 이를 잘 수행할 수 있는 본인만의 경쟁력을 자신의 경험에 근거하여 구체적으로 작성해 주세요. ① 직접경험 , ② 간접경험 (1500자)"
3299,2,귀하가 한전에 입사하여 효과적인 업무수행을 하기 위해 필요하다고 생각되는 능력에는 어떤 것이 있습니까? 최근 3년 이내에 귀하는 해당 능력을 개발하기 위하여 어떤 노력을 하였습니까? 관련 능력을 발휘했던 경험이 있다면 기술하여 주십시오.
3300,2,"지원직무 수행을 위해 필요한 역량(지식, 스킬, 태도)은 무엇이라고 생각하는지 서술하세요."
3301,2,본인이 요구 역량을 함양하기 위해 어떤 노력을 해 왔는지 구체적 사례를 중심으로 서술하세요 (1500자)
3302,2,"지원한 지역에 대하여 얼마나 알고 있는지 설명하고, 그 지역에 근무하기 위한 어떤 역량을 갖추고 있는지 기술하시오. (1000 Bytes 이내)"
3303,2,"지원 분야와 관련된 업무경력 및 실적 등 경력사항이나 다른 경험 및 활동에 대해 상세히 기술해 주시기 바랍니다. 경력사항의 경우, 채용 분야의 직무와 관련된 기업이나 조직에서 실제적으로 수행한 업무 경험에 대해서 작성해 주십시오. 경험 및 활동의 경우, 산학, 팀 프로젝트, 연구회, 동아리/동호회, 온라인 커뮤니티, 재능기부 등 다양한 조직에서의 활동을 통해 지원 분야와 관련한 경험을 쌓은 내용을 작성해 주십시오."
3304,2,[경력기술서]위에 기술한 경력사항에 대해 본인의 역할과 행동과 주요성과를 중심으로 작성해주십시오.
3305,2,"귀하가 지원한 직무는 무엇이며, 지원한 직무를 성공적으로 수행할 수 있다고 생각하는 이유를 본인의 경험에 기반하여 내세울만한 강점 혹은 개성을 바탕으로 서술해 주십시오. [100자 이상 500자 이내]"
3306,2,주요경력(1500byte) 세부전공 내용 중심으로 기술
3307,2,"본인의 장/단점과 입사 후 장점은 어떻게 활용되고, 단점은 어떻게 보완 할 수 있겠는지를 기술하세요. (50자~400자 이내)"
3308,2,2직무수행과 관련된 자신의 장점
3309,2,본인의 차별적인 경쟁력은 무엇인지 기술하여 주시기 바랍니다.
3310,2,본인이 해당 직무를 잘 수행할 수 있을 거라고 생각하는 이유에 대해 본인의 강점과 연결 지어 기술해 주십시오 (30자 ~ 1000자)
3311,2,해당 직무를 수행하기 위해 그 동안 어떤 노력을 기울여 왔는지 구체적인 활동을 예로 들어 기술해 주십시오. (최소 30자 ~ 1000자)
3312,2,직무경험 : 희망직무 준비과정과 희망직무에 대한 본인의 강점과 약점을 기술해 주세요. (800자)
3313,2,지원분야 성공적으로 수행 여부 (1000자)
3314,2,영업 관리 직무에 대한 준비과정과 이와 관련된 본인의 강점과 약점을 기술하시오.
3315,2,"해당직무를 지원한 동기와 이를 잘 수행할 수 있는 본인만의 경쟁력을 기술해주세요. 단, 자신의 실제경험을 바탕으로 아래와 같이 각각 구분하여 작성해 주시기 바랍니다. ① 직접경험 ② 간접경험 (1,000자)"
3316,2,경력사항(특기사항)
3317,2,근무경력 또는 해당업무관련 경험 및 준비과정(구체적으로 기술)
3318,2,직무경험 : 희망직무 준비과정과 희망직무에 대한 본인의 강점과 약점을 기술해 주세요.
3319,2,자신만의 차별화되는 능력(기술)을 갖추기 위해 꾸준히 노력한 경험에 대하여 구체적으로 기술하시오. (700자)
3320,2,"공동의 목표를 달성하기 위하여 가장 중요하다고 생각하는 역량 2가지를 선정하고, 그 이유와 해당 역량을 발휘하여 목표를 달성한 경험에 대해 구체적으로 기술하시오. (700자)"
3321,2,. Global Leader 로서의 역량을 키우기 위해 노력한 경험에 대하여 작성하여 주십시오. [ 100자 이상 500자 이내]
3322,2,해당직무를 수행하기 위해 대학생활을 포함하여 지금까지 어떠한 준비를 하였는지 작성해 주십시오. [ 500자 이상 2000자 이내]
3323,2,보유기술 및 경험직무 800자
3324,2,Global Leader 로서의 역량을 키우기 위해 노력한 경험에 대하여 작성하여 주십시오. 500자
3325,2,"본인이 희망하는 업무는 무엇이며, 업무 수행에 필요한 역량을 갖추기 위해 어떠한 노력을 했는지 구체적으로 기술해 주십시오. (500자)"
3326,2,"본인만의 경쟁력(경험,SKILL,지식)대하여 기술하고, 입사 후 어떻게 기여할지 500자"
3327,2,강점 및 직무관련 경험
3328,2,실무능력 배양을 위한 노력
3329,2,"본인이 희망하는 업무는 무엇이며, 업무 수행에 필요한 역량을 갖추기 위해 어떠한 노력을 했는지 구체적으로 기술해 주십시오. 글자수 자/500자 이내"
3330,2,"지원한 부문의 업무를 수행하기 위하여 필요한 핵심역량은 무엇이라고 생각하며, 해당 역량을 갖추기 위해 본인은 어떠한 노력을 했는지 구체적으로 기술해 주십시오."
3331,2,영업관리 직무에 대한 준비과정과 이와 관련된 본인의 강점과 약점을 기술하시오.
3332,2,가장 관심 많았던 전공분야는 무엇이고 이와 관련된 활동이나 성취한 결과에 대해 설명
3333,2,"은행업무 수행에 있어 필요한 요소와 역량은 무엇이고, 이러한 점을 갖추기 위해 본인이 노력한 사례와 차별화된 강점을 구체적으로 설명해 주십시오"
3334,2,본인의 강점(잘하는 부분)은 무엇이라고 생각하십니까?
3335,2,귀하가 희망하는 직무는 무엇이며 어떤 성과를 보여줄 수 있는지 요약해 주세요. [300자 이상 500자 이내]
3336,2,"입사지원서에 기술한 경력 사항에 대해 상세히 기술해 주시기 바랍니다. 구체적으로 직무영역, 활동/경력/수행 내용, 본인의 역할 및 구체적 행동, 주요 성과에 대해 작성해주시기 바랍니다."
3337,2,"입사지원서에 기술한 경험사항에 대해 상세히 기술해 주시기 바랍니다. 구체적으로 본인이 수행한 활동 내용, 소속 조직이나 활동에서의 역할, 활동 결과 등에 대해 작성해주시기 바랍니다."
3338,2,"입사지원서에 기술한 교육사항에 대해 상세히 기술해 주시기 바랍니다. 본인이 수강한 교육명, 과목개요, 수업진행방식 및 구체적인 학습내용에 대해 작성해주시기 바랍니다."
3339,2,해당 직무에 지원하기 위해 준비한 본인만의 경쟁력을 구체적 사례와 경험을 들어 기술하세요. (700자 이내로 작성해 주세요.)
3340,2,지원분야의 직무수행에 있어 본인의 강점과 약점은 무엇이라 생각하십니까? (1000자 이내)
3341,2,"본인이 희망하는 업무는 무엇이며, 업무 수행에 필요한 역량을 갖추기 위해 어떠한 노력을 했는지 구체적으로 기술해 주십시오. 500자"
3342,2,"지원한 직무와 관련하여 자신의 강점이 무엇이며, 그러한 강점을 활용한 자신의 입사 후 포부를 기술해주시기 바랍니다. 700자"
3343,2,해당 활동 경험이 한국토지주택공사 입사 후 업무 수행에 어떠한 도움을 줄 수 있는지 기술해 주십시오.
3344,2,위의 세가지 인재상 중에서 자신과 가장 적합하다고 생각하는 것 하나를 선택하여 그렇게 생각하는 이유를 구체적인 사례(행위에 따른 결과 등 포함)를 포함하여 기술해 주십시오.
3345,2,공사의 미션 및 비전 달성을 위해 본인의 경험과 능력이 어떤 시너시 효과를 발휘할 수 있는지 핵심가치 및 경영방침을 참고하여 기술해 주십시오.
3346,2,지원직무와 지원자의 자격 연관성에 대해 기술하여 주십시오
3347,2,[경력/경험기술서] 그 일은 구체적으로 어떤 내용이었으며 귀하는 어떻게 그 일을 하게 되었습니까? 100
3348,2,"[지원동기]귀하가 우리 공단에 기여할 수 있는 적합한 인재로서 보유한 능력은 무엇이며, 그 능력을 개발하기 위하여 어떤 노력을 하였습니까? 400"
3349,2,"지원한 직무분야와 관련한 본인의 강점은 무엇이며, 본인이 어떻게 기여할 수 있는지를 구체적으로 기술해 주십시오. [한글 600자 이내 및 16라인 이내로 작성"
3350,2,희망하는 업무와 해당업무를 잘 수행할 수 있는 이유를 기술하십시오.
3351,2,직무 경험 : 희망직무 준비과정과 희망직무에 대한 본인의 강점과 약점을 기술해주세요.
3352,2,"본인의 학력사항 중, 본인이 희망업무를 수행하는데 있어 반드시 필요하다고 생각되거나 어필하고자 하는 장점 및 의견을 기재하세요."
3353,2,"본인의 경력사항 중, 본인이 희망 업무를 수행하는데 있어 반드시 필요하다고 생각되거나 어필하고자 하는 장점 및 의견을 기재하세요."
3354,2,"본인의 어학사항 중, 본인의 희망업무를 수행하는데 있어 반드시 필요하다고 생각되거나 어필하고자 하는 장점 및 의견을 기재하세요."
3355,2,"희망 업무를 수행하는데 있어, 본인만이 가진 장점(다른 지원자와의 차별점)에 대해 구체적으로 서술하세요"
3356,2,주요경력 *세부전공 내용 중심으로 기술 [/1500]
3357,2,"본인이 지원하는 직무분야의 이슈를 1개 선정한 후, 해당이슈에 대한 본인의 지식을 활용하여 KT&G에 기여할 수 있는 바를 구체적으로 작성해주십시오.[/1000]"
3358,2,"항공사 직원이 함양해야 할 국제적 감각이란 무엇이며, 이 역량을 배양하기 위해 본인은 어떠한 노력을 기울였는지 기술하시오."
3359,2,"[직무 Guide]를 참고하여 희망직무 분야와 사유, 그리고 이와 관련하여 준비해온 과정에 대하여 작성 바랍니다."
3360,2,노벨리스 지원동기와 지원하신 부문의 직무를 잘 수행하기 위하여 어떤 준비를 했는지 본인의 경험과 관련하여 기술해 주십시오.
3361,2,직무교육 중에서 채용직무와 가장 밀접한 교육 한 가지를 300자 이내로 기술하시오
3362,2,"인턴, 기업 근무 등 본인의 직무 경험 중 채용직무와 가장 밀접한 경력 한 가지를 300자 이내로 기술하시오"
3363,2,직무관련 기타 활동 중에서 채용직무와 가장 밀접한 활동 한 가지를 300자 이내로 기술하시오
3364,2,"[직무중심 자기소개서] 학교, 회사, 인턴, 아르바이트 등의 경험 중에서 채용직군 업무와 관련된 일을 수행하면서 자료나 정보를 수집하고 이를 분석하여 업무에 적용했던 경험을 500자 이내로 기술하시오"
3365,2,"본인의 장/단점과 입사 후 장점은 어떻게 활용되고, 단점은 어떻게 보완 할 수 있겠는지를 기술하세요. (50자 ~ 400자)"
3366,2,"원하는 직무와 관련하여 경험했던 활동이나 경력에 대해 작성해주십시오. 활동이 어떤 내용이었는지, 활동의 결과와 이를 통해 배운점은 무엇인지 최대한 상세하게 기술해주십시오. (1000자 이내)"
3367,2,"지원자의 희망직무는 무엇이며 그 직무를 수행하기 위한 필요역량이 무엇인지 제시하고, 그러한 역량을 확보하기 위해 어떠한 노력을 해왔는지 기술하세요"
3368,2,지원자의 성장과정을 통해 형성된 인생관 및 직업관은 무엇입니까? 구체적인 사례를 들어 기술해주시기 바랍니다.
3369,2,"지원자의 장단점은 무엇이며, 장점을 강화하고 단점을 보완하기 위해 어떤 노력을 기울였는지 구체적으로 기술"
3370,2,본인이 지원한 직무를 수행하기 위해 어떠한 노력과 경험을 했는지 기술하여 주십시오. (700자)
3371,2,입사 후 어떻게 성장해 나갈 것인지 지원직무와 자신의 강/약점을 연계하여 기술해 주십시오. (700자)
3372,2,"해당직무를 성공적으로 수행하기 위해 필요하다고 생각하는 역량 1가지를 선정하고, 그 이유와 해당 역량을 갖추기 위해 노력한 경험에 대하여 구체적으로 기술하시오."
3373,2,"(역량준비) 포스코ICT 지원분야의 필요역량은 무엇이라고 생각하며, 이를 갖추기 위해 준비한 과정 및 나만의 Story [3000byte]"
3374,2,"경연대회, 공모전, 특허, 논문, 창업, 인턴 등 사내외 다양한 활동 경험시, 관련 내용 구체적으로 작성 [3000byte]"
3375,2,"본인이 지원한 직무에서 가장 필요한 역량이 무엇이라고 생각하며, 그 역량을 갖추기 위해 어떠한 노력을 했는지 경험에 근거하여 구체적으로 기술하시오."
3376,2,"직무경험 : 희망직무 준비과정과 희망직무에 대한 본인의 강점과 약점을 기술해주세요. (800자, 16줄 이내)"
3377,2,"귀하를 채용해야 하는 차별화된 이유와, KB생명인이 되기 위하여 준비한 본인만의 경험 및 노력을 기술하십시오. 100자 이상 400자 이내"
3378,2,"[Platform Savvy]개발 역량을 보여줄 수 있는 본인의 대표적인 프로젝트 1가지에 대해 구체적으로 기술하고(담당역할 및 기여부분 상세 명시),본인이 다룰 수 있는 Programming 언어 및 수준에 대해 모두 적어주세요"
3379,2,"본인의 지원직무를 위해 필요한 역량은 무엇이며, 이 역량을 갖추기 위한 노력이나 자신만의 특별한 경험을 기술하여 주십시오. [/1000]"
3380,2,"본인이 지원분야에 적합하다고 판단할 수 있는 이유 및 근거를, 본인의 노력과 경험을 바탕으로 제시해 주시기 바랍니다. [990/1000]"
3381,2,다양한 직업 중에 S/W 개발자가 되려는 이유는 무엇인가요? (1000 자)
3382,2,"웹 또는 앱 서비스를 직접 개발하거나, 데이터를 이용한 프로그래밍 경험이 있다면 이에 대해 구체적으로 서술하세요. (해당자에 한함) (1000 자)"
3383,2,지원 직무를 잘 수행하기 위하여 어떤 준비를 했는지 구체적으로 기술해주세요.
3384,2,지원한 직무 수행을 위해 본인이 무엇을 어떻게 준비하고 노력 해 왔는지 구체적으로 기술하십시오. (1000 자 10 단락 이내)
3385,2,희망 직무에서 본인의 전공 활용 방안
3386,2,재단의 직무를 수행함에 있어 본인이 가지고 있는 차별화된 경쟁력이 무엇인지 기술해 주십시오.[ 100자 이상 500자 이내 ]
3387,2,남보다 나은 나만의 특별한 고용경쟁력 (Employability) [1000 Bytes 이내]
3388,2,"[국제적 감각] 항공사 직원이 함양해야 할 국제적 감각이란 무엇이며, 이 역량을 배양하기 위해 본인은 어떠한 노력을 기울였는지 기술하시오.(600자 이내)"
3389,2,[인재상]본인의 어떤점이 LS엠트론의 인재상에 부합하는지 사례에 근거하여 기술해 주시기 바랍니다.
3390,2,전공 및 프로젝트 수행 사항에 대하여 기술하십시오.
3391,2,"현대엔지니어링의 프로젝트 하나를 선택하여, 해당 프로젝트에서 본인이 어떠한 역할을 수행할 수 있을지 지원한 직무를 기반으로 기술해 주십시오. (1,000자)"
3392,2,[직무관련 본인의 경쟁력] 지원한 직무와 관련하여 타 지원자가 가지지 못한 본인`만`의 경쟁력이 무엇이라고 생각합니까? 또한 그 경쟁력을 보유/유지 하기 위해 어떤 노력을 해 왔습니까? (600자)
3393,2,희망직무 준비과정과 직무에 관한 본인의 강점과 약점(실패 또는 성공사례)
3394,2,"본인이 지원한 부문에 적합한 인재임을 보여줄 수 있는 지금까지의 노력과 경험을 기술해 주시기 바랍니다. (200자 이상, 500자 이하)"
3395,2,"[국제적 감각]항공사 직원이 함양해야 할 국제적 감각이란 무엇이며, 이 역량을 배양하기 위해 본인은 어떠한 노력을 기울였는지 기술하시오. (600자 이내)"
3396,2,지원 직무를 선택한 동기와 본인만의 차별화된 역량에 대해 구체적으로 서술하시오
3397,2,본인의 어떤 점이 경신의 인재상에 부합하는지 사례에 근거하여 기술해 주시기 바랍니다.
3398,2,"본인의 강점이라고 생각하는 역량을 소개하고, 그 역량이 발휘되어 성취 또는 실패하였던 경험을 소개하시오."
3399,2,"본인이 가진 열정과 역량에 대하여 본인이 지원한 직무와 관련된 경험 및 역량, 관심사항 등 자신을 어필할 수 있는 내용을 기반으로 자유롭게 기술 (500~1000자)"
3400,2,지원동기 및 자신이 가지고 있는 핵심 역량과 보유 기술에 대해 자유롭게 기술하여 주십시오. (2000자)
3401,2,"해커스 교육그룹의 인재상에 비춰볼 때, 본인은 어떤 유형의 인재라고 생각하는지 기술해주십시오."
3402,2,보유기술 및 경험직무 (구체적으로 기술) (800자)
3403,2,KB국민은행이 귀하를 인턴으로 채용해야 하는 귀하만의 차별화된 경쟁력에 대해 약술하십시오. [200자]
3404,2,KB국민은행 인턴십을 통하여 귀하가 얻을 수 있다고 생각되는 것을 기술하십시오. [600자]
3405,2,KB국민은행 인턴십 근무 시 예상되는 어려운 점과 그것을 극복할 수 있는 자신만의 방법을 기술하십시오. [600자]
3406,2,"졸업자인 경우 ⇒ 직장 등 경력이 있는 경우 업무경력 및 수행업무, 수행 프로젝트 등에 대해 상세히 기재, 또한 이직시 필요시간 기재"
3407,2,"지원동기, 희망직무와 이를 준비해온 과정, 자신의 약점과 극복하기 위한 노력"
3408,2,"본인의 장/단점과 입사 후 장점은 어떻게 활용되고, 단점은 어떻게 보완 할 수 있겠는지를 기술하세요. (50~400자)"
3409,2,"해당 언어를 학습(또는 전공)하게 된 배경과, 해당 언어를 통해 향 후 이루고자 하는 목표/포부에 대해 기술해 주십시오."
3410,2,해당하는 직무의 수행과 관련하여 가지고 있는 개인의 장점과 약점을 모두 기술하여 주십시오.
3411,2,Global Leader 로서의 역량을 키우기 위해 노력한 경험에 대하여 작성하여 주십시오. (500자)
3412,2,"(역량기술서) 관련 전공과목 수강이력, 직무관련 경험, 기타 역량개발 활동 등을 바탕으로 작성해 주세요. 해당직무를 수행하기 위해 대학생활을 포함하여 지금까지 어떠한 준비를 하였는지 작성해 주십시오. (2000자)"
3413,2,희망 직무를 선택한 이유와 그에 필요한 역량을 키우기 위해 어떤 노력을 했는지 (500자)
3414,2,지원한 직무를 성공적으로 수행할 수 있다는 이유를 경험에 기반해 강점 혹은 개성을 서술해 주십시오.
3415,2,주요 관심분야 및 입사를 위해 노력한 사항(자격/어학 등)
3416,2,"4. 지원한 직무에 필요한 역량은 무엇이며, 왜 본인이 그 직무에 적합하다고 생각하는지 설명해 주세요."
3417,2,My Competency. 해당 직무에 지원하는 동기를 본인의 경험과 연계하여 기술해 주시기 바랍니다. (1000자)
3418,2,당신이 보유한 직무역량 중 금호석유화학그룹人이 되기 위해 가장 적합한 직무역량을 서술하십시오.
3419,2,해당 직무역량을 최대한 발휘하고자 노력하신 경험을 구체적으로 서술하십시오. [300자 이내]
3420,2,지원분야 준비한 과정 개인경험 토대 구체적 기술
3421,2,KCC인재상 중 자신에게 가장 부합하는 항목 선택하여 개인의 경험과 함께 기술
3422,2,[직무역량 개발 경험] 지원한 직무 수행에 필요한 역량을 기르기 위해 어떤 노력을 해왔는지 대표적인 경험을 들어 기술하세요.
3423,2,"본인 스스로 최고가 되기 위해 노력했던 경험에 대해서 작성해 주시고, 당사 지원 직무와 어떠한 연관성이 있는지 기술해 주시기 바랍니다."
3424,2,전공분야에 대한 기술
3425,2,지원한 직군에서 구체적으로 하고 싶은 일과 본인이 그 일을 남들보다 잘할 수 있는 차별화된 능력과 경험을 기술하시오.
3426,2,"지원직무 수행을 위해 필요한 역량이 무엇이며, 어떤 준비를 했는지 구체적 사례를 중심으로 서술하세요."
3427,2,"3. 지원한 직무와 관련하여 자신의 강점이 무엇이며, 그러한 강점을 활용한 자신의 입사 후 포부를 기술해주시기 바랍니다. (100자 ~ 700자)"
3428,2,[직무관련 본인의 경쟁력] 지원한 직무와 관련하여 타 지원자가 가지지 못한 본인`만`의 경쟁력이 무엇이라고 생각합니까? 또한 그 경쟁력을 보유/유지하기 위해 어떤 노력을 해 왔습니까? (600자)
