rank,cluster_id,question
1,1,"자신의 가치관 또는 인생관에 영향을 미친 경험을 소개하고, 이를 통해 배우거나 느낀 점을 구체적으로 기술하시오."
2,1,본인이 지원한 직무와 관련한 경험 중 성공했거나 실패했던 사례가 있다면 기재해 주세요.
3,1,인생을 살아가면서 가장 중요하다고 생각하는 가치가 있다면 본인의 경험을 토대로 그 이유에 대해서 기재해 주세요.
4,1,기존과 다른 새로운 변화를 시도했던 경험과 그를 통해 배운 점이 무엇인지 기술하여 주십시오.
5,1,포기하지 않고 끈기 있게 노력하여 목표를 달성했던 사례 또는 탁월한 성과를 달성한 사례에 대해 구체적으로 작성해 주십시오.
6,1,[업무추진계획] 한 번에 여러 목표를 달성하기 위해 세웠던 계획 방법에 대해 기술하고 어떤 결과를 도출하였는지 기술해 주십시오.
7,1,"본인이 살아오면서 가장 열정적 또는 헌신적으로 몰두했던 일(학업, 구직활동 제외)은 무엇이었는지 설명하고, 해당 경험이 입사 이후 업무 수행에 어떠한 도움이 될 수 있는지 기술해 주십시오."
8,1,"본인의 한계를 인식하고 이를 극복하기 위해 노력한 경험은 무엇이며, 해당 경험을 통해 깨달은 점은 무엇인지 기술해 주십시오."
9,1,"인생관이나 진로에 가장 큰 영향을 미친 요인을 자신의 경험에 비추어 소개하고, 그로 인해 자신이 어떻게 변화하였는지 기술하시오."
10,1,본인의 의지로 기존의 방식을 개선 및 변경했던 경험과 그 결과를 기술하여 주시고 그러한 경험을 통해 깨달은 점을 기술하여 주십시오.
11,1,본인만의 노하우 혹은 아이디어를 통해 좋은 결과를 이끌어낸 경험이 있다면 기술해 주십시오. (350~500자 이내)
12,1,윤리 및 도덕적 가치에 어긋나지 않기 위해 본인의 희생을 감수하며 과제를 수행한 경험에 대해 작성해 주십시오. (350~500자 이내)
13,1,주어진 과제나 업무를 위해 필요한 기술을 배우고 이를 적절히 활용하여 성공적으로 완수할 수 있었던 경험에 대해 구체적으로 기술해 주십시오. (500자 이내)
14,1,다양한 활동을 하면서 불편함을 감수하고 정해진 원칙·규칙을 철저히 지켰던 경험에 대해 기술해 주십시오. (500자 이내)
15,1,지금까지 경험한 것 중에서 자신의 영향력으로 주어진 상황을 달라지게 한 경험과 그 일의 결과에 대해서 서술하여 주십시오.
16,1,최근 3년 내 가장 어려웠던 도전은 무엇이었으며 그 경험을 통해 무엇을 배웠는지 기술해 주십시오.
17,1,"학업 이외의 활동에서 본인이 가장 열정적으로 도전했던 경험과 그 결과에 대해 소개하고, 해당 경험을 통해 얻은 교훈을 구체적으로 서술하시오. 697 / 700 자"
18,1,"프로그램 개발, 알고리즘 풀이 등 SW 개발 관련 경험 중 가장 어려웠던 경험과 해결 방안에 대해 구체적으로 서술하여 주시기 바랍니다."
19,1,"[자기통제력] 대인관계, 과도한 업무량, 고난과 외압 등의 스트레스가 주어져도 자기감정을 조절하며 업무를 수행하고 중심을 유지한다. (A, B 중 택 1) A. 자신이 스트레스 상황에서도 자신의 감정을 잘 다스리는 사람임을 입증할 수 있는 사례(경험)와 그 근거를 구체적으로 작성해 주시기 바랍니다. B. 최근 3년 이내 스트레스 상황에 효과적으로 대처했던 경험에 대해 구체적으로 작성해 주시기 바랍니다."
20,1,"[안전/위험관리] 위험이나 사고에 영향을 주는 상황들을 인식하고 사전에 이를 예방하기 위한 조치를 취한다. (A, B 중 택 1) A. 자신이 규정이나 기준을 잘 지키는 사람임을 입증할 수 있는 사례(경험)와 그 근거를 구체적으로 작성해 주시기 바랍니다. B. 최근 3년 이내 규정이나 기준을 지키기 어려운 상황임에도 불구하고, 그것을 지키기 위해 많은 노력을 기울였던 경험에 대해 구체적으로 작성해 주시기 바랍니다."
21,1,"본인이 성공적으로 수행한 프로젝트의 성공 요인이 무엇인지, 어려움을 극복하기 위해 어떤 방법을 사용했는지 기술해 주세요."
22,1,도전적인 목표에 도전한 경험(성공 혹은 실패)을 통해 무엇을 얻었는지 작성해 주세요.
23,1,본인이 경험한 일 또는 사건 중 가장 어려웠거나 힘들었던 사례와 극복과정을 기술해 주십시오.
24,1,실패에 대한 두려움을 극복하고 새로운 일에 도전하여 깨달음을 얻은 경험에 대해 기술해 주십시오.
25,1,어려운 환경이나 상황에 부딪혔을 때 이를 극복하기 위해 노력한 경험에 대하여 기술해 주시기 바랍니다.
26,1,다른 사람과 열정을 가지고 도전했던 경험과 이를 통해 얻은 성과나 결과를 구체적으로 기술해주시기 바랍니다.
27,1,"스스로 열정적으로 몰입하여 성과를 창출하거나 목표를 달성한 경험에 대하여 상세하게 기술해주십시오. (400자 이상 1,000자 이내) 721 / 1000 자"
28,1,예상치 못했던 어려운 상황에서 문제점을 분석하여 해결방안을 제시하였던 경험에 대해 기술해 주십시오. (500자)
29,1,"지금까지 가장 도전적인 목표를 정하고 노력한 경험(성공 또는 실패)이 있다면 작성하여 주십시오 또한 어떤 원인 때문에 성공 또는 실패했는지 구체적으로 작성해 주시기 바랍니다. (1,000자)"
30,1,"관심과 열정을 가지고 했던 다양한 경험 중 가장 기억에 남는 것이 무엇이며, 그것을 통해 얻은 교훈이 있다면 기술해주세요."
31,1,"본인의 성장과정을 간략히 기술하되, 가장 힘들었던 시기와, 사유, 그 시기를 극복하기 위해 어떠한 노력을 기울였는지 기술해 주십시오."
32,1,자신의 인생에 가장 영향을 끼친 사건 3가지를 든다면? (300자)
33,1,실패한 경험에 대하여 서술해주세요. [250~500자]
34,1,데이터를 활용하여 신속한 의사결정을 했던 경험을 서술하여 주십시오.
35,1,새로운 시각으로 습관적으로 일상화된 비효율을 발견하고 개선했던 경험을 서술하여 주십시오.
36,1,업무 또는 기타 계획 진행 과정에서 갑작스러운 어려움에 부딪혔지만 극복하려 노력했던 경험과 그 결과에 대해 말씀해 주세요.
37,1,"본인이 경험해 본 것 중에서 가장 의미 있다고 생각하는 경험은 무엇이며, 그 이유에 대하여 말씀해 주십시오.(700자)"
38,1,자발적으로 최고 수준의 목표를 세우고 끈질기게 성취한 경험에 대해 서술해 주십시오. / 목표 달성을 위한 구체적 노력/ 실제 결과/ 경험의 진실성을 증명할 수 있는 근거가 잘 드러나도록 기술) (700~1000 자 10 단락 이내) (1000자)
39,1,새로운 것을 접목하거나 남다른 아이디어를 통해 문제를 개선했던 경험에 대해 서술해 주십시오. (700~1000 자 10 단락 이내)
40,1,어려움의 극복 사례
41,1,"과제, 프로젝트 등을 수행하면서 발생한 문제를 해결하였던 경험에 대해 기술하여 주십시오. 구체적인 해결과제 및 난이도, 문제해결과정 및 과정, 해결의 결과에 대해 구체적으로 기술하여 주십시오."
42,1,자신의 윤리/도덕적 신념을 지키기 위해 손해나 희생을 감수하고 일을 수행한 경험에 대하여 기술하시오. (600자)
43,1,도전적인 목표를 정하고 열정적으로 일을 추진했던 경험을 구체적으로 기술해 주시기 바랍니다.
44,1,자신의 도덕적 신념을 지키기 위해 손해나 희생을 감수한 경험에 대하여 기술하시오.
45,1,도전적인 목표를 정하고 이를 달성하기 위해 노력한 경험을 본인이 이룬 성과와 당시 느낀 점을 중심으로 기술하시오.
46,1,"조직/개인 활동 중 도전에 실패했던 경험을 기술하여 주십시오. 원인은 무엇이었으며, 이를 통해 느낀 점은 무엇이었습니까?(최대 500자 입력가능)"
47,1,일이 예상대로 진행되지 않았던 경험과 그 상황을 해결하기 위해 본인이 취했던 원칙과 행동에 대해 기술하여 주십시오.
48,1,최근 5년간 본인이 경험한 가장 어려웠던 일을 기술하고 이후의 과정과 결과에 대해 기술해 주십시오
49,1,실패한 경험에 대하여 서술해주세요. [250~500자] Guide> 어떤 일을 목표로 했는지/ 목표 달성을 위해 들인 노력/ 수행 과정에서 부딪힌 장애물/ 그때의 감정과 생각/ 실패원인/ 이를 통해 배운 점 등 경험의 사실관계를 확인할 수 있도록 세부적으로 작성
50,1,기억에 남는 실패 경험과 이를 통해 배운 점은 무엇인지 작성해 주세요
51,1,업무 또는 활동을 수행하는 과정에서 예상하지 못한 문제가 발생했을 때 어떤 과정과 방법으로 해결하였는지 최근 사례를 바탕으로 기술해 주십시오. 그 과정을 통해서 문제를 해결할 수 있겠다고 생각한 이유가 무엇인지도 설명해 주십시오. (500자 이내)
52,1,"주도적으로 높은 수준의 목표를 세우고 도전하여 성취한 경험을 기술해 주십시오. 목표와 수립과정, 수행과정에서 부딪힌 장애물, 문제를 해결하기 위한 본인의 구체적인 노력, 결과와 배운 점 등을 중심으로 기술하십시오. (500자 이내)"
53,1,"성장과정 중 어려움이 있었던 순간에 난관을 해결하는 과정에서 본인이 대처했던 행동과 그렇게 행동한 이유를 설명하고, 결과를 통해 스스로 발전했다고 생각하는 부분이 무엇인지 기술하여 주시기 바랍니다."
54,1,타인으로부터 큰 신뢰를 받은 경험이나 새로운 아이디어를 가지고 자신만의 창의적인 아이디어를 발휘하였던 경험을 기술해 주십시오.
55,1,본인이 속한 조직에서 수행한 활동·업무 중에서 가장 어려웠던 경험과 어려움을 극복하기 위한 노력·마음가짐 등을 기재하여 주십시오. (700자 이내)
56,1,"[문제해결] 예상치 못한 문제에 직면했을 경우 귀하는 보통 어떻게 해결합니까? 귀하가 경험한 가장 최근 사례를 기반으로 기술해 주십시오. ① 어떤 문제였으며, 어떤 과정을 통해 문제를 해결하였나요? ② 그런 과정을 통해 문제를 해결할 수 있겠다고 생각한 이유는 무엇입니까?"
57,1,사회활동 : 학업 이외에 열정과 관심을 가지고 했던 다양한 경험 중 가장 기억에 남는 것을 구체적으로 기술해 주세요.
58,1,"본인이 살아오면서 가장 강렬히 성취하고 싶었던 일은 무엇입니까? 그 일을 꼭 성취하고 싶었던 이유와 이를 달성하기 위해 구체적으로 했던 일, 달성 과정 중 발생한 갈등과 극복방안, 달성 과정 중 타인과의 협력 경험, 달성 결과와 느낀점을 기술하여 주십시오."
59,1,일반적으로 불가능하다고 여겨지는 일(상황)을 명확한 목표와 전략을 바탕으로 과감히 실행하여 긍정적인 변화를 가져오거나 새로운 가치를 창출했던 경험을 기술해 주십시오.
60,1,(도전하는 Pioneer) 자발적으로 최고 수준의 목표를 세우고 이를 달성하기 위해 도전한 경험에 대해 기술해 주십시오.
61,1,창의적인 아이디어를 제시하고 적용하여 좋은 성과를 도출했던 경험에 대해 기술해 주십시오.
62,1,"살아오면서 열정을 가지고 노력하였으나 실패했던 경험이 있다면, 1)해당 경험을 구체적으로 설명해 주십시오. 2)실패했던 원인은 무엇인지, 이를 통해 본인의 변화된 모습은 무엇이 있었는지 구체적으로 기술해 주십시오."
63,1,"기존의 현상을 개선함으로써 조직의 성과를 조금이라도 향상시켰던 경험에 대하여 기술해 주시기 바랍니다. 1) 기존의 현상을 개선한 경험과, 그러한 개선과 변화가 필요했던 이유는 무엇입니까? 2) 그 과정에서 귀하에게 처한 어려움과 장애는 무엇이었으며, 어떻게 극복하였습니까? 3) 개선의 결과는 어떻게 나타났으며, 이러한 경험을 통해 느낀 점은 무엇입니까? (1,000자 이내)"
64,1,"[도전] 본인이 가장 재미를 느끼고 끝까지 파고들어 본 경험 또는 성취감을 느꼈던 경험이나, 성장할 수 있었던 경험이 있다면 성패와 무관하게 경험에서 배운 점과 자신의 어떤 부분이 성장했는지 등 구체적인 내용을 서술해 주세요."
65,1,자신이 변화와 도전으로 목표를 달성했던 사례를 구체적으로 기술하시오.
66,1,"타인과의 관계에서 가장 힘들었던 갈등상황은 무엇이었으며, 이를 어떻게 극복하였는지 구체적으로 기술하시오."
67,1,자신의 인생에 있어 가장 영향을 끼친 사건 3가지를 적어주십시오.
68,1,"살아오면서 자신이 성취한 것 중 자랑할 만한 것을 1,2가지 소개해 주십시오."
69,1,"지금까지 경험한 가장 큰 실패는 무엇이었고, 실패를 통해 배운 것은 무엇입니까?"
70,1,자신의 인생에 가장 영향을 끼친 사건 3가지를 써주십시오.
71,1,"살아오면서 자신이 성취한 것 중 자랑할 만한 것을 1, 2가지 소개해 주십시오."
72,1,"본인이 남들과 다르게 몰입했거나, 남다른 지식이 있는 영역이 있다면 작성해주세요."
73,1,학업 이외에 관심과 열정을 가지고 했던 다양한 경험 중 기억에 남는 것을 구체적으로 기술해주세요
74,1,일반적으로 경험하기 힘든 특별한 체험/남다른 성취경험
75,1,어떤 사안에 대해 사전에 고려해야 할 사항을 챙기며 문제를 해결해 본 경험을 작성해 보십시오
76,1,지금까지 본인이 한 일 중 가장 창조적이고 혁신적인 것은 무엇이었나요?(300자)
77,1,"본인의 경험 중 직면한 문제를 해결하기 위하여 문제의 원인을 찾아 극복하고 해결했던 사례에 대하여 구체적으로 기술해주시기 바랍니다(500자) * 당시 문제가 되었던 상황은 무엇이며, 어떠한 과정을 통해 원인을 찾아냈습니까? * 원인을 극복하며 포기하지 않고 업무를 수행한 이유와 그 결과에 대해 기술해주시기 바랍니다."
78,1,약속과 원칙을 지켜 신뢰를 형성하거나 지킨 경험에 대해 구체적으로 기술해주시기 바랍니다(500자) * 당시 상황에 대해 구체적으로 기술하여 주시기 바랍니다 * 약속과 원칙을 지키기 위해 어떤 노력을 하였으며 그 이유는 무엇입니까? * 그 일을 계기로 본인에게 생긴 변화 또는 느낀 점은 무엇입니까?
79,1,새로운 환경 속에서 어려움을 극복하고 성과를 달성한 경험에 대해 작성해 주시기 바랍니다. (700자)
80,1,자발적으로 최고 수준의 목표를 세우고 끈질기게 성취한 경험에 대해 서술해 주십시오. / 목표 달성을 위한 구체적 노력/ 실제 결과/ 경험의 진실성을 증명할 수 있는 근거가 잘 드러나도록 기술) (700~1000자 10 단락 이내)
81,1,어려움 극복의 사례
82,1,자기 주도적으로 목표를 설정하고 끝까지 완수해낸 경험에 대해 구체적인 사례를 바탕으로 그 과정과 결과에 대해 기술하시오.
83,1,"가장 중압감과 스트레스를 받았던 경험과 그 상황을 어떻게 극복하였는지 구체적으로 작성해 주십시오. (1,000자)"
84,1,"지금까지 경험했던 가장 어렵고 힘든 상황은 무엇이었고, 그때의 감정과 극복하기 위해 어떤 노력을 하였고 결과는 어떠했는지 작성해 주세요. (최대 500자)"
85,1,실패한 경험에 대하여 서술해주세요. [500자]
86,1,가장 어려웠던 상황과 그 상황을 극복해낸 과정 및 결과에 대해 작성해 주세요. (1000자)
87,1,학업 이외 활동 중 가장 의미 있었던 활동과 그것이 왜 가장 의미가 있었던 활동인지 이유에 대해 기술해 주시기 바랍니다(700자)
88,1,"본인의 경험 중 가장 힘들었던 경험, 실패했다고 생각하는 사례를 적고 이를 어떻게 극복 했는지 설명해 주세요"
89,1,본인의 경험 중 직면한 문제를 해결하기 위하여 문제의 원인을 찾아 극복하고 해결했던 사례에 대해서 구체적으로 기술해주시기 바랍니다.
90,1,기존의 방식과 다르게 접근하여 의미있는 결과를 도출한 경험에 대해 작성하시기 바랍니다.
91,1,"인생에서 가장 큰 터닝포인트가 되는 사건은 무엇이었고, 그 이유를 서술해주십시오. (500자 이상 1000자 이내)"
92,1,"자발적으로 시도 또는 도전하여 성취했던 경험, 또는 실패하였으나 많은 교훈을 얻은 경험을 서술해 주십시오. * [500자 이내]"
93,1,가장 어려웠던 상황 또는 가장 도전적인 목표에 직면했던 사례와 이를 극복했던 경험을 서술해 주시기 바랍니다.
94,1,본인이 살아오면서 가장 도전적이었거나 가장 인상 깊었던 경험을 기술하세요
95,1,(문제해결능력) 지금까지 살아오면서 부딪혔던 가장 큰 난관과 이를 극복한 경험에 대하여 기술하여 주십시오.
96,1,"(경험기술서2) 당시 본인에게 주어진 상황과 과제, 그리고 역할에 대해 기술해 주십시오."
97,1,"(경험기술서3) 당시 본인이 취한 행동과 그 결과는 무엇이었는지, 그 경험이 입사 후 업무수행에 어떠한 도움을 줄 수 있을지 기술해 주십시오."
98,1,자신이 변화와 도전으로 목표를 달성했던 사례를 구체적으로 기술하시오
99,1,"타인과의 관계에서 가장 힘들었던 갈등상황은 무엇이었으며, 이를 어떻게 극복하였는지 구체적으로 기술하시오"
100,1,도전적인 목표를 가지고 실행하여 성공 혹은 실패한 경험과 그 경험을 통해 무엇을 얻었는지 기술해 주십시오
101,1,"기존과는 다른 방식을 시도하거나 새로운 아이디어를 제시하여 문제를 해결/개선했던 경험에 대해 기술해 주십시오. (그러한 방식을 시도한 이유, 기존 방식과의 차이점, 그리고 이를 통해 무엇이 어떻게 변화되었는지 포함하여 작성해 주십시오."
102,1,"스스로 생각할 때 본인이 타인보다 높은 수준의 도덕성을 가졌다고 생각했던 경험에 대해 당시 상황과 행동, 그렇게 생각한 이유를 포함하여 구체적으로 기술해 주시기 바랍니다."
103,1,더 좋은 성과를 내기 위해 본인이 주도적으로 어떤 것을 개선해본 경험에 대하여 개선을 위해 가장 중요하게 고려했던 점과 결과를 포함해 구체적으로 기술해 주시기 바랍니다.
104,1,"어떤 과제를 수행함에 있어 다양한 대안을 두고 고민했던 경험에 대해 당시 상황과 고민한 이유, 대안을 선정하기 위해 고려했던 점을 포함하여 구체적으로 기술해 주시기 바랍니다."
105,1,"변화의 필요성을 가장 크게 느꼈던 순간을 떠올려주시고, 그 상황을 어떻게 해결했는지 적어주세요"
106,1,(자유 양식)성공적으로 목표에 도달한 경험
107,1,높은 목표를 달성하기 위해 다각도로 노력했던 경험에 대해 작성해 주시기 바랍니다.
108,1,남들과는 다른 방식으로 문제를 해결한 경험에 대해 작성해 주시기 바랍니다.
109,1,(자유양식)성공적으로 목표에 도달한 경험
110,1,어려움을 극복했던 경험과 이를 통해 배운 점을 IBK캐피탈에서 어떻게 발휘할 수 있을지 기술하시오.
111,1,자신의 장단점을 기술하고 장점의 극대화와 단점 극복을 위한 본인의 노력 경험을 설명하시오.
112,1,"인생에서 반드시 이루고 싶은 목표는 무엇이고, 목표를 이루기 위해 어떠한 노력을 기울여 왔는지에 대해 기술하시오"
113,1,창의적인 사고와 도전정신을 통해 성취와 성공을 이뤄낸 사례가 있다면 기술하시오.
114,1,(자유양식) 성공적으로 목표에 도달한 경험
115,1,기존의 틀에서 벗어난 생각의 전환을 통해 탁월한 성과를 창출한 경험을 작성해 주세요.
116,1,"본인이 창의성을 발휘하여 시도 했으나, 실패했던 사례 또는 어려웠던 상황에 대해 기술하고, 이러한 경험을 통해 배운 점이 향후 직무를 수행하는데 어떻게 활용 될 수 있는지 작성하여 주십시오"
117,1,"4. 활동 혹은 업무 수행 중 예상치 못한 문제나 어려움에 직면하였으나, 원인을 파악하여 극복했던 경험을 기술해 주십시오. (900byte 이내)"
118,1,가장 열정/도전적으로 임했던 일이 무엇이었으며 그 과정에서 어떠한 노력을 하였고 무엇을 배웠는지 작성해 주세요. (최대 700자 입력가능)
119,1,"본인에게 가장 가치있는 경험이 무엇이며, 해당 경험이 본인의 성장에 어떠한 영향을 끼쳤는지 작성해 주세요."
120,1,3. 데이터를 활용하여 신속한 의사결정을 했던 경험을 서술하여 주십시오.
121,1,5. 새로운 시각으로 습관적이고 일상화된 비효율을 발견하고 개선했던 경험을 서술하여 주십시오.
122,1,본인이 살면서 특정 분야의 전문가가 되기 위해 열정적으로 일했던 경험이나 단체생활을 하며 본인의 강점을 발휘하거나 단점을 극복한 경험에 대해 작성해주세요.
123,1,"본인이 살아오면서 가장 열정적 또는 헌신적으로 몰두했던 일(학업, 구직활동 제외)은 무엇이었는지 설명하고, 해당 경험이 입사 이후 업무수행에 어떠한 도움이 될 수 있는지 기술해 주십시오."
124,1,목표와 계획을 세우고 이를 달성하기 위해 노력했던 경험에 대해 기술해 주십시오.
125,1,"본인의 성장과정을 간략히 기술하되, 가장 힘들었던 시기와, 사유, 그 시기를 극복하기 위해 어떠한 노력을 기울였는지 기술해 주십시오. (200-800자)"
126,1,My Story 지금까지 살아오면서 가장 많은 노력을 쏟아부었던 성공 혹은 실패 경험과 그 과정을 통해 무엇을 배웠는지 소개해주세요
127,1,본인이 겪은 가장 큰 성취경험 또는 실패경험
128,1,"3. 최근 5년 내에 직면했던 삶의 어려움이 무엇이었으며, 그것을 어떻게 극복하였는지 기술하시오."
129,1,최근 5년 내 도전적인 목표를 수립하여 추진했던 성공과 실패 경험을 기술해 주십시오
130,1,"20~30대 시절 최고의 순간과 최악의 순간은 무엇이었나요? 그리고 해당 경험이 본인의 가치관 형성에 어떠한 영향을 주었는지 서술해주세요. (최대 1,000자 입력가능)"
131,1,3. 최근 3년 내 가장 어려웠던 도전은 무엇이었으며 그 경험을 통해 무엇을 배웠는지 기술해 주십시오.
132,1,[1-2] 실패했던 경험이나 크게 좌절했던 경험과 극복사례는?
133,1,새로운 시각이나 끊임없는 혁신의 실행으로 문제를 포기하지 않고 해결했던 경험을 서술해주세요.
134,1,새로운 시각으로 습관적이고 일상화된 비효율을 발견하고 개선했던 경험을 서술하여 주십시오.
135,1,본인의 삶에서 다른 사람에게 꼭 이야기해주고 싶은 경험이 있다면 기술해 주십시오.
136,1,"4. 지금까지 경험한 가장 큰 실패는 무엇이었고, 실패를 통해 배운 것은 무엇입니까? (300자)"
137,1,도전적인 목표를 수립하고 이를 위해 적극적으로 노력하여 성과를 낸 경험에 대해 기술해 주십시오.
138,1,기억에 남는 실패 경험과 이를 통해 배운 점은 무엇인지 작성해 주세요.
139,1,"지금까지 살아오면서 가장 많은 노력을 쏟아부었던 성공 혹은 실패 경험과 그 과정을 통해 무엇을 배웠는지 소개해주세요 - 무엇을 달성하기 위해, 구체적으로 어떻게 노력을 했으며, 성공/실패 경험이 자신에게 어떤 영향을 주었는지 구체적으로 기술해주시기 바랍니다."
140,1,"4. 기존의 관행에 의문을 가지고 자신만의 독창적인 방식으로 문제를 개선한 경험은 무엇이며, 의문을 가진 이유/해결과정/결과를 중심으로 구체적으로 서술하여 주십시오."
141,1,지식과 역량의 지속적 습득을 통해 변화를 예측하고 최적의 솔루션을 제시한 경험을 기술하여 주십시오.
142,1,계획된 일/과제를 치밀하게 실행하여 탁월한 성과를 창출한 경험을 구체적으로 기술하여 주십시오.
143,1,자신이 성취했던 구체적 사례
144,1,"2. 도전적인 목표를 설정하여 가치있는 혁신을 실현해 본 경험해 대해 실행과정과 결과, 느낀점을 포함하여 설명해 주세요."
145,1,기존과는 다른 방식이나 새로운 기술(IT기술 또는 툴) 등을 사용하여 문제 해결을 시도한 경험과 본인이 느낀 점을 구체적으로 서술해 주십시오.
146,1,일반적으로 경험하기 힘든 특별한 체험/남다른 성취경험*
147,1,일상생활이나 학업 또는 업무 수행 중 기존보다 더 나은 성과를 창출하기 위해 새롭게 또는 창의적으로 시도했던 경험을 기술하세요.
148,1,"본인의 성격 유형 또는 실패, 위기에 직면했을 때 어떻게 극복했는지 서술하여 주시기 바랍니다."
149,1,"성격의 장,단점에 대해 기술하시고, 단점을 극복하기 위해 어떠한 노력의 과정이 있었는지 작성하시오.*"
150,1,3. 가장 어려웠던 상황 또는 가장 도전적인 목표에 직면했던 사례와 이를 극복했던 경험을 서술해 주시기 바랍니다.
151,1,스스로 ‘도전적인 목표’를 선정하고 이를 달성하기 위해 ‘행동의 변화를 추구’하여 ‘새로운 기회를 포착’한 본인의 경험과 이를 통해 배운점을 기술하시오.
152,1,내 인생 최고의 선택과 최악은 선택은 무엇이었는가? 그러한 선택을 한 이유와 함께 각각 기술하시오.
153,1,최신 트렌드의 기술 스택을 습득하기 위해 노력했던 경험과 해당 기술을 선택한 이유에 대해 기술해주세요.
154,1,"적당함을 넘어 최고의 기준(목표)에 스스로 도전하고, 요구 받은 것 이상의 일을 주도적으로 수행하여 정량적인 성취를 이뤄낸 사례를 기술해주세요."
155,1,기존의 틀을 깨고 새로운 시도와 도전을 통해 목표를 성취한 경험을 작성해 주십시오.
156,1,학업 외 가장 열정적이고 도전적으로 몰입하여 성과를 창출했거나 목표를 달성한 경험을 기술하시오
157,1,"본인이 지금까지 겪은 어려운 상황에 대하여 극복한 경험과, 이를 통해 느낀 바에 대하여 말씀해 주세요."
158,1,[역 량] 본인은 주도적이고 변화를 추구하는 스타일인지 아니면 주어진 일을 충실히 수행하는 실무형 인지 구체적인 사례를 들어 기술해 주시기 바랍니다.기존에 시도하지 않았던 새로운 일에 도전해 강한 열정과 노력을 바탕으로 목표를 달성할 수 있었던 경험에 대해 기술해 주시기 바랍니다.
159,1,"2. 살아오면서 ONLYONE(최초, 최고, 차별화)적 결과를 창출한 경험과 관련된 배경, 과정, 결과 등에 대하여 상세히 서술하시오. (700자 이내)"
160,1,"프로그램 개발, 알고리즘 풀이 등 SW개발 관련 경험 중 가장 어려웠던 경험과 해결방안에 대해 구체적으로 서술하여 주시기 바랍니다. 1000자 (영문작성 시 2000자) 이내"
161,1,3. 어려운 상황이었지만 논리적으로 접근하여 해결했던 대표적인 경험에 대해 기술해 주세요.
162,1,목표를 달성하는 과정에서 힘들고 어려운 문제가 발생하였음에도 포기하지 않고 임무를 완수한 사례를 작성해 주세요.
163,1,"새로운 일에 도전했거나, 기존 방식이나 현상에 대해 문제의식을 갖고 해결한 경험을 서술하십시오."
164,1,본인이 수행했던 디자인 프로젝트/과제 중 사용자 경험 관점에서 기존 대비 개선한 경험에 대해 기술해주시기 바랍니다.
165,1,자신의 목표와 꿈을 이루기 위하여 노력해 온 과정과 그 과정에서 배운점 및 실제 성과에 대해서 구체적으로 기술해 주세요.
166,1,자신의 인생에 가장 영향을 끼친 사건 3가지를 든다면?
167,1,지금까지 본인이 이루었던 것 중에 가장 자랑스럽게 생각하는 성취의 경험에 대해 기술해 주십시오.
168,1,"성격의 장단점을 기술하고, 단점을 극복하기 위해 노력했던 경험이나 사례를 기술하시기 바랍니다."
169,1,"2. 직무와 관련하여 지금까지 자신이 가장 심혈을 기울여 도전(수행)했던 것은 무엇인지, 왜 도전하게 된 것인지, 얼마만큼 노력했는지 기술해주세요. (800자 이하)"
170,1,"살아오면서 ONLYONE(최초,최고,차별화)적 결과를 창출한 경험과 관련된 배경,과정,결과 등에 대하여 상세히 서술하시오"
171,1,과거 경험 中 본인의 실패 사례를 소개해 주세요.
172,1,본인의 열정 발휘 사례를 소개해 주세요.
173,1,자발적으로 최고 수준의 목표를 세우고 끈질기게 성취한 경험에 대해 서술해 주십시오. / 목표 달성을 위한 구체적 노력/ 실제 결과/ 경험의 진실성을 증명할 수 있는 근거가 잘 드러나도록 기술) (700~1000 자 10 단락 이내)
174,1,지금까지 살아오면서 가장 열정적/도전적으로 임했던 일과 그 일을 통해 이룬 성과와 느낀 점을 구체적으로 기술해 주십시오.
175,1,높은 목표 설정 자발적으로 최고 수준의 목표를 세우고 끈질기게 성취한 경험에 대해 서술해 주십시오. (700자 10 단락 이내) /목표 달성을 위한 구체적 노력/실제 결과/경험의 진실성을 증명할 수 있는 근거가 잘 드러나도록 기술)
176,1,기존의 틀을 깨는 과감한 실행 새로운 것을 접목하거나 남다른 아이디어를 통해 문제를 개선했던 경험에 대해 서술해 주십시오. (700자 10 단락 이내)
177,1,자신이 수행했던 일 중 가장 도전적인 활동에 대하여 기술해 주십시오.
178,1,기존의 방식을 개선하고 새로운 혁신을 실행했던 활동에 대하여 기술해 주십시오.
179,1,"지금까지 살아오면서 가장 기억에 남는 실패 경험과 그것을 통해 어떠한 교훈을 얻었는지, 그리고 그 후에는 어떤 노력을 했는지에 대해 구체적으로 작성해 주시기 바랍니다."
180,1,"본인의 경험 중 가장 의미 있다고 생각하는 경험은 무엇이며, 그 이유에 대하여 말씀해 주십시오. (700자)"
181,1,"도전적인 목표를 수립하여 끈기 있고, 열정적으로 추진했던 경험을 구체적으로 기재하여 주시기 바랍니다. (500~700자)"
182,1,"본인의 강점을 발휘하여 노력한 경험(실패 또는 성공)에 대해 구체적으로 기술하여 주시기 바라며, 실패 또는 성공의 원인을 구체적으로 기재하여 주시기 바랍니다. (500~700자)"
183,1,"창의, 열정, 신뢰 중 한 가지 키워드를 선택하여, 해당 가치를 실현한 경험을 기술해주십시오."
184,1,일반적으로 경험하기 힘든 특별한 체험/남다른 경험
185,1,본인이 대학생활을 하면서 작은 일이라도 성공했던 경험을 서술해주세요.
186,1,"(도전정신) 본인이 직면했던 최근 5년 이내의 상황 중 본인이 해결하기 어려운 문제에 도전한 경험을 상세히 기재하고, 당시의 상황과 해결방법을 기재해 주십시오. 요약 답변(100자 이내)"
187,1,(창의성) 본인이 가진 역량을 중심으로 기존의 방식으로 해결하기 어려운 상황에 직면하여 본인만의 지식 및 기술이나 아이디어를 발휘하여 문제를 해결한 경험을 기술해주십시오. 요약 답변(100자 이내)
188,1,해결하기 어렵거나 예상하지 못한 문제에 직면했을 때 이에 대응하는 본인만의 방법을 구체적인 사례를 바탕으로 작성해 주세요.
189,1,"주어진 문제를 기존과 다른 방식으로 해결했던 경험에 대해 문제 상황, 해결법, 결과 및 다른 문제에 대한 적용사례 등을 중심으로 구체적으로 서술해주세요. (최대 800자 입력가능)"
190,1,편법 등을 사용해서 문제를 용이하게 처리할 수 있었음에도 불구하고 원칙을 지켰던 경험에 대해 서술해주세요. (최대 800자 입력가능)
191,1,사회활동 : 학업 이외에 관심과 열정을 가지고 했던 다양한 경험 중 가장 기억에 남는 것을 구체적으로 기술해주세요.
192,1,최근에 본인이 가장 열정적으로 임했던 경험 1가지에 대해 다음 내용이 포함되도록 작성해 주세요.
193,1,"본인이 성취감을 느꼈던 경험을 소개하고, 이를 이루어내는 과정에서 어려움을 어떻게 극복해냈는지 구체적으로 기술해 주십시오. (1000자)"
194,1,어떠한 목표를 달성하고자 철저하게 계획을 수립하여 실행에 옮겼던 경험에 대해 기술해 주십시오.
195,1,도전정신을 발휘하여 추진했던 경험을 구체적으로 기술하고 이를 시작하게 된 동기와 노력에 대해 작성해 주세요. (필수
196,1,최신 트렌드의 기술 스택을 습득하기 위해 노력했던 경험과 해당 기술을 선택한 이유에 대해 기술해 주세요.
197,1,"본인의 강점과 약점에 대한 객관적인 평가와 강점을 극대화 하고, 약점을 극복하기 위해 노력했던 경험을 기술해 주시기 바랍니다."
198,1,최근 3년간 본인이 경험한 가장 어려웠던 일을 기술하고 이후의 과정과 결과에 대해 말씀해 주십시오. (500자 이내)
199,1,목표와 계획을 세우고 이를 달성하기 위해 노력했던 경험에 대해 기술해주십시오.
200,1,"도전적인 목표를 설정하여 가치있는 혁신을 실현해 본 경험해 대해 실행과정과 결과, 느낀점을 포함하여 설명해 주세요."
201,1,지금까지의 경험 중 해결하기 어려운 문제를 많은 노력으로 해결했던 경험에 대해 작성하여 주시가 바랍니다.
202,1,그 동안의 경험 중 가장 적극적으로 목표를 달성하기 위해 노력했던 경험에 대해 작성하여 주십시오.
203,1,힘들고 어려운 문제가 발생하였음에도 포기하지 않고 임무를 완수한 경험을 작성해주세요.
204,1,"기존의 관행에서 벗어나, 새로운 아이디어를 제시하고 이를 실현시키기 위해 노력했던 경험을 작성해주세요."
205,1,빠르게 변화하는 환경에 적응하여 의미있는 결과를 이루어낸 경험을 작성해주세요.
206,1,"My Story : 지금까지 살아오면서 가장 많은 노력을 쏟아부었던 성공 혹은 실패 경험과 그 과정을 통해 무엇을 배웠는지 소개해주세요 - 무엇을 달성하기 위해, 구체적으로 어떻게 노력을 했으며, 성공/실패 경험이 자신에게 어떤 영향을 주었는지 구체적으로 기술해주시기 바랍니다."
207,1,지금까지 자신이 가장 심혈을 기율여 도전했던 것은 무엇이었으며 왜 도전하고자 했는지 기술하시오.
208,1,도전을 통해 얻은 성과 혹은 효과가 있다면 그 결과는 자신에게 어떤 변화를 가져왔는지 기술하시오.
209,1,지금까지 가장 열정적/혁신적으로 임하여 성과를 이룬 경험과 그 과정에서 배운 교훈을 기술해 주시기 바랍니다.
210,1,"최근 5년간 본인이 가장 열정적 혹은 도전적으로 임했던 일에 대해 기술하고, 그 경험을 통해 배운 점을 작성해 주세요."
211,1,학업 외 가장 열정적이고 도전적으로 몰입하여 성과를 창출했거나 목표를 달성한 경험을 기술하시오. (1000자)
212,1,"최근 5년동안 귀하가 경험한 대표적인 실패 사례는 무엇이며, 이를 극복하기 위해 어떤 일을 하였습니까?"
213,1,살아오며 겪은 가장 큰 실패와 극복의 경험과 이러한 경험을 직장인으로서 어떻게 활용해 갈 것인지 기술해 주세요.
214,1,"자신이 했던 게임 중, 가장 기억에 남는 게임의 좋았던 점과 아쉬웠던 점을 기술해주세요."
215,1,성장과정과 자신을 변화 시킨 의미 있는 사건
216,1,본인이 살아오면서 경험한 가장 큰 성공(성과)과 가장 큰 실패에 대해 작성해 주십시오.
217,1,자신의 목표와 꿈을 이루기 위하여 노력해 온 과정과 그 과정에서 배운 점 및 실제 성과에 대해서 구체적으로 기술해 주세요.
218,1,"도전적인 목표를 설정하여 가치 있는 혁신을 실현해 본 경험에 대해 실행 과정과 결과, 느낀점을 포함하여 설명해주세요"
219,1,어려운 상황이었지만 논리적으로 접근하여 해결했던 대표적인 경험에 대해 당시 상황/본인의 역할/결과를 포함하여 구체적으로 기술하여 주십시오. (최대 800자)최소 400자
220,1,목표달성을 위해 스스로 노력하였던 점과 이를 통해 조직과 본인에게 일어난 변화를 구체적으로 기술하여 주십시오.
221,1,자발적으로 최고 수준의 목표를 세우고 끈질기게 성취한 경험에 대해 서술해 주십시오. / 목표 달성을 위한 구체적 노력/ 실제 결과/ 경험의 진실성을 증명할 수 있는 근거가 잘 드러나도록 기술)
222,1,새로운 것을 접목하거나 남다른 아이디어를 통해 문제를 개선했던 경험에 대해 서술해 주십시오.
223,1,"본인이 극복했던 문제나 어려움 중 가장 슬기롭게 해결한 것은 어떤 것이었으며, 어떻게 해결을 했는지 당시의 상황과 과정에 대해 서술하시오."
224,1,"최근 5년 내에 직면했던 삶의 어려움이 무엇이었으며, 그것을 어떻게 극복하였는지 기술하시오."
225,1,새로운 것을 접목하거나 남다른 아이디어를 통해 문제를 개선했던 경험에 대해 서술해 주십시오. (700~1000 자 10 단락 이내)*
226,1,자신이 가진 열정을 발휘하여 힘든 상황이나 위기를 극복하고 성취감을 느꼈던 경험을 기술하십시오.
227,1,"열정을 가지고 몰입했던 경험, 창의적인 아이디어를 가지고 목표를 이루어 낸 경험, 가장 힘들었던 경험과 그것을 통해 깨달은 점 중 한 가지를 선택하여 구체적으로 기술해주십시오. (1000자)"
228,1,가장 감명깊었던 영화/소설/시/음악은 무엇이며 본인에게 어떠한 영향을 주었는지 기술하여 주십시오.
229,1,자신이 가진 열정을 발휘하여 성취감을 느꼈던 경험을 기술하십시오
230,1,어려움 극복의 경험과 깨달음 - 가장 어려웠던 상황과 그 상황을 극복해낸 과정 및 결과에 대해 작성해주세요.
231,1,"자신에게 주어졌던 일 중 가장 어려웠던 경험은 무엇이었습니까? 그 일을 하게 된 이유와 그때 느꼈던 감정, 진행하면서 가장 어려웠던 점과 그것을 극복하기 위해 했던 행동과 생각, 결과에 대해 최대한 구체적으로 작성해 주십시오."
232,1,[문제해결능력] 해결하기 어려운 문제를 적극적인 노력으로 해결했던 경험에 대해 작성해 주시기 바랍니다. (500자 내외)
233,1,"이제까지 가장 강하게 소속감을 느꼈던 조직은 무엇이었으며, 그 조직의 발전을 위해 헌신적으로 노력했던 것 중 가장 기억에 남는 경험은 무엇입니까? 개인적으로 더 많은 노력을 기울였던 일과 그 때 했던 행동과 생각, 결과에 대해 최대한 구체적으로 작성해 주십시오."
234,1,"자신에게 요구된 것보다 더 높은 목표를 스스로 세워 시도했던 경험 중 가장 기억에 남는 것은 무엇입니까? 목표 달성 과정에서 아쉬웠던 점이나 그 때 느꼈던 자신의 한계는 무엇이고, 이를 극복하기 위해 했던 행동과 생각, 결과에 대해 최대한 구체적으로 작성해 주십시오."
235,1,"기존과는 다른 방식을 시도하여 이전에 비해 조금이라도 개선했던 경험 중, 가장 효과적이었던 것은 무엇입니까? 그 방식을 시도했던 이유, 기존 방식과의 차이점, 진행 과정에서 했던 행동과 생각, 결과에 대해 최대한 구체적으로 작성해 주십시오."
236,1,"다른 사람이 인식하지 못하는 문제점을 파악하고, 자신 만의 독창적인 방법으로 문제를 해결한 경험에 대해 기술하십시오."
237,1,"귀하가 지원한 직무의 힘들고 어려운 점은 무엇이라 생각하며, 이를 해결했던 경험은?"
238,1,"고등학교 졸업 이후 현재까지 어떤 경험들을 해오셨나요? 졸업, 입학, 휴학, 인턴, 입대, 아르바이트 등을 시간 순서로 서술하고 지원분야와 관련된 장점을 말씀해 주십시오."
239,1,"최근 2년간 가장 오랜 시간 동안 플레이한 게임의 이름, 장르, 플랫폼, 가장 인상적인 콘텐츠는 무엇인가요? (1개 이상) 해당 게임의 최고 레벨은 어떻게 되며, 본인은 얼마나 달성하셨는지도 말씀 부탁드립니다."
240,1,"최근 5년 간 플레이한 게임들을 적어주세요. 그리고 그 중에서 가장 재미 있었던 게임, 재미 없었던 게임, 실력에 자신있는 게임, 난이도가 어려웠던 게임을 각각 꼽아 그 이유를 함께 말씀해주세요."
241,1,남들과 다른 새로운 관점으로 변화/혁신을 추구한 경험과 그를 통해 배운점이 무엇인지 기술하시오. (최대 700자 입력가능)
242,1,학업 이외 활동 중 가장 의미 있었던 활동과 그것이 왜 가장 의미가 있었던 활동인지 이유에 대해 기술해 주시기 바랍니다. (최대 700자 입력가능)
243,1,가장 크게 성취했던 경험
244,1,지금까지 가장 도전적인 목표를 정하고 노력한 경험(성공 또는 실패)이 있다면 작성하여 주십시오 또한 어떤 원인 때문에 성공 또는 실패했는지 구체적으로 작성해 주시기 바랍니다.
245,1,"지금까지 살아오면서 주변의 반대 혹은 부정적인 인식에도 불구하고 흔들리지 않고 열정적으로 노력하였던 경험을 구체적으로 작성하고, 그 경험을 통하여 얻게 된 교훈과 느낀점을 기술하여 주십시오."
246,1,"본인이 살아오면서 경험한 가장 큰 성과와 가장 큰 실패에 대해 작성하고, 그 경험을 통해 배운 것이 무엇인지 서술하십시오. (최대 800자 입력가능)"
247,1,"본인에게 가장 큰 영향을 미친 사건이나 경험은 무엇이며, 이를 통해 어떤 교훈을 얻었는지 기술하시오."
248,1,높은 목표를 달성하기 위해 다각도로 노력했던 경험에 대해 작성해 주시기 바랍니다. /노력의 결과가 잘 드러날 수 있도록 작성)
249,1,Digital 화 되어 있지 않았던 것을 Digital Transformation 했던 경험에 대해 작성해 주시기 바랍니다. 가 잘 드러날 수 있게 작성)
250,1,실패한 경험에 대하여 서술해주세요. (500자)
251,1,자신에게 주어진 일중 중도에 포기할 수도 있었지만 노력해서 완수한 경험 ① 그 일을 맡게 된 이유/그 일이 어려웠던 이유 ② 포기하고 싶었던 순간/극복하기 위해 했던 노력/그 과정에서 느낀 점 ③ 과제 수행의 결과/이를 통해 느낀 바를 구체적으로 기술하여 주시기 바랍니다 (300~1000자)
252,1,"스스로 높은 목표를 세워서 달성한 경험에 대해 써 주십시오. 목표를 세운 과정, 목표를 달성하기 위해 자신이 기울인 노력, 어려웠던 점, 실제 결과를 구체적으로 작성바랍니다."
253,1,"어려웠지만 포기하지 않고 문제 상황을 해결한 경험에 대해 써 주십시오. 어려웠던 점, 문제 상황을 해결한 과정, 결과를 구체적으로 작성바랍니다."
254,1,최근 1년간 뚜렷하게 성취를 이루었던 경험을 기술하시오.
255,1,목표를 달성하는 과정에서 힘들고 어려운 문제가 발생하였음에도 포기하지 않고 임무를 완수한 사례를 작성해 주세요
256,1,평소 내가 가장 좋아하는 일은 무엇인지 구체적인 경험을 바탕으로 서술해 주십시오.
257,1,자신이 가진 열정을 발휘하여 성취감을 느꼈거나 어려움을 극복하여 성장하는 계기가 되었던 경험을 기술하십시오.
258,1,인생에서 가장 큰 성취경험 또는 실패경험은 무엇입니까? 그 과정을 통해 느낀 점에 대해서 기술하여 주십시오.
259,1,학업 이외에 관심과 열정을 가지고 했던 다양한 경험 중 가장 기억에 남는 것을 구체적으로 기술해주세요.
260,1,최근에 본인이 가장 열정적으로 임했던 경험 1가지에 대해 다음 내용이 포함되도록 작성해 주세요. (최대 500자 입력가능)
261,1,"제한된 자원(시간, 비용, 인력 등)에도 불구하고 도전적인 목표를 달성했던 경험을 구체적으로 기술하시오."
262,1,지금까지 최상의 몰입을 통해 최고의 성과를 얻은 경험에 대해 소개하여 주십시오.
263,1,기존의 방식이나 고정관념을 뛰어넘어 창의적인 방법으로 획기적인 개선 또는 문제를 해결한 경험을 소개하여 주십시오.
264,1,업무를 수행하며 좋은 성과를 냈던 경험
265,1,"자발적으로 더 높은 수준의 목표를 세우고 도전했던 경험 중 어려웠던 문제나 상황은 무엇이었으며, 이를 극복하기 위한 문제해결 과정 및 노력에 대해 서술해 주십시오. - 설정한 목표와 근거 / 가장 어려웠던 점과 그 이유 / 문제 해결을 위한 본인의 구체적인 행동 / 실제 결과 및 배운 점 등이 잘 드러나도록 기술"
266,1,자발적으로 최고 수준의 목표를 세우고 끈질기게 성취한 경험에 대해 서술해 주십시오.
267,1,지원 직무 관련 프로젝트/과제 중 기술적으로 가장 어려웠던 과제와 해결방안에 대해 구체적으로 서술하여 주시기 바랍니다. (1000자 이내)
268,1,일상생활 및 업무를 진행하며 기존 방식에 대해 문제의식을 가졌던 가장 대표적인 경험에 대해 아래 세부 질문에 따라 구체적으로 작성해 주십시오. 문제의식을 가지게 된 계기는 무엇입니까?
269,1,문제를 해결하기 위해 어떤 행동을 하였습니까? 아무 행동도 하지 않았다면 그 이유는 무엇입니까?
270,1,자기개발/난관(어려운일)극복 사례
271,1,"프로그램 개발, 알고리즘 풀이 등 SW개발 관련 경험 중 가장 어려웠던 경험과 해결방안에 대해 구체적으로 서술하여 주시기 바랍니다. (1000자)"
272,1,다른 사람들이 어렵다고 시도하지 않은 일을 추진하여 성공한 경험 또는 실패한 경험 중에서 가장 대표적인 사례를 기술해 주십시오.
273,1,다른 사람과 차별화된 능력을 갖추기 위해 지속적으로 시간과 자원을 꾸준히 투자하여 자기개발을 한 경험에 대해서 기술해 주십시오.
274,1,지금까지 살아오면서 가장 많은 노력을 쏟아부었던 성공 혹은 실패 경험과 그 과정을 통해 무엇을 배웠는지 소개해주세요
275,1,"오류 없이 성공적으로 과제, 업무 수행하고자 최선 다한 경험 1) 오류, 실수 발생 가능성 있는 업무 특성, 주의 기울인 행동 2) 진행과정 별 치밀하게 처리한 방법"
276,1,최근 3년 내 본인이 문제 상황에 직면하게 된 경험과 그 문제를 해결하기 위해 본인은 어떤 노력을 하였는지 기술해 주십시오.
277,1,"살아오면서 갈등관계라 할 수 있는 경험은 무엇이었으며, 어떻게 해결했는지 행동중심으로 기술하여 주십시오."
278,1,"본인의 경험 중 가장 도전적이었던 시도는 무엇이었으며, 그 과정을 통해 배운 바를 기술하여 주십시오."
279,1,해결하기 어려웠던 문제나 상황에서 남들이 하지 않은 새로운 시도/변화를 통해 기회를 창출하거나 문제를 해결한 경험에 대해 서술해 주십시오. (필수)
280,1,"스스로 높은 수준의 목표를 세우고, 치열하고 끈질기게 노력하여 성취한 경험에 대해서 서술해 주십시오. (필수)"
281,1,실패했던 경험이나 크게 좌절했던 경험과 극복사례는?
282,1,한정된 자원을 활용하여 최상의 결과를 얻었던 경험을 다음의 세부 항목에 따라 작성해 주십시오.
283,1,꼼꼼하게 자료를 정리하여 실수 없이 일을 처리하였던 경험을 다음의 세부 항목에 따라 작성해 주십시오.
284,1,다양한 정보를 활용하여 일을 진행했던 경험을 다음의 세부 항목에 따라 작성해 주십시오.
285,1,본인이 살아오면서 가장 도전적이었거나 가장 인상 깊었던 경험을 기술하세요.
286,1,"본인의 성장 또는 가치관 형성에 가장 큰 영향을 미친 경험을 설명하고, 그 과정에서의 본인의 노력과 성취를 객관적으로 평가해 주세요."
287,1,도전적 목표를 설정하고 열정을 다하였던 경험을 구체적으로 기술해 주세요.
288,1,지금의 나를 있게 한 가장 중요한 사건에 대해 구체적으로 기술해주세요.*
289,1,"달성하기 어려운 높은 목표를 자율적으로 설정해서 도전해본 경험을 기술해 주세요. 목표 수립과정과 계기, 수행과정에서 겪었던 어려움과 극복을 위해 기울인 노력 등을 구체적으로 작성해 주시기 바랍니다.*"
290,1,사회활동 : 학업 이외에 관심과 열정을 가지고 했던 다양한 경험 중 가장 기억에 남는 것을 구체적으로 기술해 주세요.
291,1,"본인의 인생에서 가장 큰 성취감을 느꼈던 사건에 대하여 소개하고, 그 성취를 이루어내기 위해 어떠한 노력을 하였는지 구체적으로 작성해 주십시오."
292,1,최근 2년 이내 열정적으로 임하여 가장 성취감 있었던 경험에 대한 설명과 느낀 점을 기술해 주십시오.
293,1,본인이 이룬 가장 큰 성취경험과 실패경험에 대하여
294,1,"성격의 장,단점에 대해 기술하시고, 단점을 극복하기 위해 어떠한 노력의 과정이 있었는지 작성하시오."
295,1,가장 힘들었던 순간과 이를 극복한 과정에 대해 기술하여 주십시오.
296,1,"지금까지 살면서 가장 기억에 남는 성공 혹은 실패 경험이 무엇인지 기술하고, 그 경험을 통해 무엇을 얻었는지 기술해 주십시오."
297,1,"달성하기 어려운 높은 목표를 자율적으로 설정해서 도전해본 경험을 기술해 주세요. 목표 수립과정과 계기, 수행과정에서 겪었던 어려움과 극복을 위해 기울인 노력 등을 구체적으로 작성해 주시기 바랍니다."
298,1,어떤 사안에 대해 사전에 고려해야 할 사항을 챙기며 문제를 해결해 본 경험을 작성해 보십시오.
299,1,그 동안 난관에 부딪혔던 경험과 이를 극복하기 위해 본인이 기울인 노력과 결과에 대해 기술하십시오.
300,1,본인이 가장 열정과 책임감을 가지고 수행한 일은 무엇이며 그 경험을 통해 얻은 것을 기술하여 주시기 바랍니다. (최대 700자 입력가능)
301,1,"본인의 삶의 목표에 대해 서술하고, 해당 목표를 달성하기 위해 추진해온 노력 및 행동에 대하여 기술해주시기 바랍니다."
302,1,과제나 업무를 수행하던 중 발생한 내·외부 환경의 변화에 적극적으로 대응한 경험에 대해 아래 내용을 포함해 작성해주시기 바랍니다.
303,1,"본인에게 주어졌던 일 또는 본인 스스로 시도했던 일 중 가장 도전적인 경험은 무엇입니까? 그 일을 하게 된 이유와 그 때 느꼈던 감정, 진행하면서 가장 어려웠던 점과 그것을 극복하기 위해 했던 행동과 생각, 결과에 대해 최대한 구체적으로 작성해 주시기 바랍니다."
304,1,"이제까지 가장 강하게 소속감을 느꼈던 조직과 그 조직의 발전 또는 협력을 위해 본인이 노력했던 일 중 가장 기억에 남는 경험은 무엇입니까? 당시 본인의 행동과 생각, 결과에 대해 최대한 구체적으로 작성해 주시기 바랍니다."
305,1,인생에서의 가장 큰 성공 경험과 실패 경험에 대해 기술해 주시기 바랍니다.
306,1,"본인이 이루어낸 가장 뛰어난 성과에 대해 구체적으로 기술해 주세요. ( 계기, 구체적 성과 등 )"
307,1,대학 생활 혹은 외부에서 활동시 자신의 변화와 도전으로 목표를 달성했던 경험에 대해 상세히 서술하시오.
308,1,"시키는 일의 범위를 넘어서 적극적으로 도전한 경험이 있다면 소개해 주십시오. (300자이내) - 구체적으로 언제, 어떤 상황이었습니까? - 어떻게 행동했습니까? - 결과에서 얻은 교훈은 무엇입니까?"
309,1,귀하는 자신의 변화와 혁신을 위해 스스로 하고 있는 것에 대해 기술해 주십시오. ?- 구체적으로 어떤 노력을 하고 있습니까? ?- 그 노력을 통해 어떤 효과를 얻을 수 있습니까? ?- 그 결과에 대해 어느 정도 만족하십니까?
310,1,"지금까지 자신이 다른 사람에게 설명해야 했던 가장 복잡하거나 어려웠던 아이디어, 상황 또는 경험에 대해 경험에 기술해 주십시오. (300자이내) - 구체적으로 언제, 어떤 상황이었습니까? - 어떻게 설명을 했습니까? - 그 결과는 어떠했습니까?"
311,1,"지원자가 살아오면서 해결해야 했던 가장 어려운 과제는 무엇이었습니까? - 구체적으로 언제, 어떤 상황이었습니까? - 어떤 대안들을 모색했으며, 어떤 기준으로 하나의 대안을 선택하셨습니까? - 그결과에 어느 정도 만족하십니까?"
312,1,"본인의 성장과정에서 기억에 남는 이슈 또는 경험담을 순차적으로 기술하고, 성장과정에서 희망하였던 인생목표와 현재 추구하는 목표에 대해 구분하여 설명하시오."
313,1,본인이 살아오면서 가장 강렬히 성취하고 싶었던 일은 무엇입니까?
314,1,"[성장과정] 가장 힘들었던 경험 및 도전을 기술하고, 이를 극복한 방법에 대해 기술해 주십시오."
315,1,"[문제해결] 예상치 못한 문제에 직면했을 경우 귀하는 어떻게 해결합니까? 귀하가 경험한 가장 최근 사례를 기반으로 기술해 주십시오. 1. 어떤 문제였으며, 어떤 과정을 통해 문제를 해결하였나요? 2. 그런 과정을 통해 문제를 해결할 수 있겠다고 생각한 이유는 무엇입니까?"
316,1,사회활동 : 학업 이외에 관심과 열정을 가지고 했던 다양한 경험 중 가장 기억에 남는 것을 구체적으로 기술해주세요
317,1,"본인이 생각하는 실패의 기준은 무엇이고, 그동안 살아오면서 가장 크게 실패했던 경험을 기술하시오."
318,1,새로운 환경 극복경험
319,1,매사에 능동적이며 맡은 바 업무를 끝까지 해결한 경험을 서술
320,1,"변화의 필요성을 가장 크게 느꼈던 순간을 떠올려주시고, 그 상황을 어떻게 해결하였는지 적어주세요 (최대 1,000자 입력가능)"
321,1,실수나 실패를 극복한 경험을 서술하여 주십시오.
322,1,자신의 불리함을 감수하고 정직함을 지킨 경험에 대하여 서술하여 주십시오.
323,1,"본인의 경험 중 가장 의미 있다고 생각하는 경험은 무엇이며, 그 이유에 대하여 말씀해 주십시오.(~700자)"
324,1,지금까지 학업이나 일 등을 하면서 새로운 시도나 다르게 해 본 경험과 그에 대한 결과를 구체적으로 기술해 주세요. [ 500자 이상 1000자 이내 ]
325,1,살아오면서 가장 힘들었던 순간과 이를 극복했던 과정에 대해 기술해 주세요. (대상무관)
326,1,가치관 : 목표를 수행함에 있어 가장 중요하게 생각하는 가치관과 이를 토대로 행동했던 경험을 구체적으로 기술해주세요.
327,1,사회활동 : 학업 이외에 관심과 열정을 가지고 했던 다양한 경험 중 가장 기억에 남는 일을 구체적으로 기술해주세요.
328,1,문제해결 : 창의적인 아이디어로 문제를 해결한 경험에 대해 구체적으로 기술해주세요.
329,1,사회활동 : 학업 이외에 관심과 열정을 가지고 했던 다양한 경험 중 기억에 남는 것을 구체적으로 기술해주세요
330,1,대인관계 중 가장 힘들었던 점과 이를 극복할 수 있었던 본인만의 노하우/경험을 기술하시오.
331,1,"학업, 팀/개인 프로젝트, 대외활동 등의 경험 중, 무언가에 빠져 끝까지 파고들어 보았던 경험과 결과를 기재해 주세요. 또한 이 경험을 통해 변화/성장한 부분이 있다면 함께 기재해 주세요. (200~500자)"
332,1,자신이 가진 열정을 발휘하여 성취감을 느꼈던 경험을 기술하십시오.
333,1,"최근에 지원자가 목표를 달성하고자 노력했던 사례에 대해서 구체적으로 작성하시고, 그 경험을 통해 얻게 된 교훈 및 느낀점에 대해서 기술해 주세요."
334,1,스스로 목표를 세우고 노력했던 경험을 기술해 주시기 바랍니다.
335,1,"자신이 하고 싶은 것을 진지하게 수행했던 경험(Integrity), 무언가에 빠져 헌신적으로 수행했던 경험(Passion), 끊임없는 개선을 통해 타인을 감동시켰던 경험 중 한 개를 선택해, 그 경험과 결과를 서술해 주세요."
336,1,본인에게 있어 가장 의미 있는 도전은 무엇이었는지와 이를 달성하기 위한 노력을 구체적으로 설명해주세요.
337,1,본인의 성장과정을 기술하되 자신에게 큰 영향과 변화를 준 경험 중심으로 기술하여 주시기 바랍니다.
338,1,"산업 동향이나 신기술 트랜드에 대해 파악하고자 노력했던 사례에 대해 기술해 주십시오. 해당 동향이나 신기술에 관심을 갖게 된 계기 또는 이유에 대해 기술하고, 해당 동향이나 신기술 트랜드를 파악하기 위해 얼마 동안, 어떤 노력을, 어떻게 했고, 그러한 노력의 결과 어떤 점을 파악하게 되었는지를 중심으로 기술해 주십시오. (600자 이내)"
339,1,"복잡하고 어려웠던 문제를 해결하기 위해 노력했던 최근의 가장 대표적인 경험에 대해 기술해 주십시오. 언제, 어떤 일을 하면서 어떤 문제를 접하게 되었고, 그 문제가 복잡하고 어려웠던 이유는 무엇이고, 해당 문제를 해결하기 위해 지원자께서는 어떤 노력을 어떻게 하였고, 그 결과 무엇이 어떻게 바뀌었는지를 구체적으로 기술해 주십시오. (600자 이내)"
340,1,어떤 업무를 처리하는 과정에서 다양한 상황들을 고려하여 의사결정을 내렸던 경험에 대해 아래 항목에 따라 기술해 주시기 바랍니다. 2-1. 업무 처리시 의사결정을 내렸던 과정과 이를 위해 활용한 자료들에 대해 기술 2-2. 의사결정 시 고려했던 대안들과 최종 결정한 근거에 대해 기술
341,1,"자신이 추진했던 일(프로젝트, 연구활동, 기타과업 등)의 프로세스를 지속적으로 향상시키기 위해 노력했던 경험이 있다면 3-1. 프로세스 향상을 위한 기존 프로세스에 대한 검토 내용 기술 3-2. 프로세스를 향상시킨 구체적인 방안 기술"
342,1,본인의 삶에서 다른 사람에게 꼭 이야기 해주고 싶은 경험이 있다면 기술해 주십시오.
343,1,사회활동 : 학업 이외에 관심과 열정을 가지고 했던 다양한 경험 중 가장 기억에 남는 것을 구체적으로 기술해주세요. 800
344,1,도전적인 목표를 정하고 열정적으로 일을 추진했던 경험을 구체적으로 기술해 주십시오.
345,1,자신의 인생 경험 중 가장 힘들었을 때와 그것을 극복하기 위해 했던 일을 구체적으로 기술해 주십시오.(1000자 내외)
346,1,본인에게 있어 가장 의미 있는 도전은 무엇이었는 지와 이를 달성하기 위한 노력을 구체적으로 설명해주세요. [800자 내외]
347,1,다양한 사회경험 또는 학업경험 중 본인이 실패했다고 느낀 경험과 그 상황을 통해 배운 점에 대하여 자세히 기술해주세요.
348,1,자신이 수행했던 일 중 가장 도전적인 활동에 대하여 기술해 주십시오
349,1,기존의 방식을 개선하고 새로운 혁신을 실행했던 활동에 대하여 기술해 주십시오
350,1,지원 직무 관련 프로젝트/과제 중 기술적으로 가장 어려웠던 과제와 해결방안에 대해 구체적으로 서술하여 주시기 바랍니다.
351,1,남들과 다른 새로운 관점으로 변화/혁신을 추구한 경험과 그를 통해 배운점이 무엇인지 기술하시오.
352,1,"지금까지 인생에서 가장 기억에 남는 성공 사례 및 실패 사례는 각각 무엇이며, 이를 통해 느낀 점은 무엇인지 작성하여 주시기 바랍니다."
353,1,실패했던 경험이나 크게 좌절했던 경험과 극복사례는? (최대 300자)
354,1,본인의 성장과정 중 가장 영향을 끼쳤거나 기억에 남는 것을 기술해 주십시오.
355,1,재학 기간 중 가장 의미가 있었다고 생각하는 활동을 기술하여 주십시오.
356,1,"최근 5년이내 직면했던 어려움이 무엇이었으며, 그것을 어떻게 극복하였는지 기술하시오. (800자 이하)"
357,1,개선 경험 (최소 300자)
358,1,기존 제도나 관습의 틀을 벗어난 새로운 생각으로 성과를 달성한 경험에 대해 기술해주시기 바랍니다.
359,1,힘들었던 상황을 극복했던 경험을 이야기해 주세요.
360,1,지금까지 자신이 가장 심혈을 기울여 도전했던 것은 무엇이었으며 왜 도전하고자 했는지 기술하시오
361,1,도전을 통해 얻은 성과 혹은 효과가 있다면 그 결과는 자신에게 어떤 변화를 가져왔는지 기술하시오
362,1,자신과 다른 타인의 생각을 변화 시켰던 경험에 대해 기술
363,1,도전을 통해 어려움을 극복해 본 경험이 있습니까? (사례를 중심으로 기술하여 주십시오.)
364,1,"다른 사람들이 발견하지 못한 문제를 발견하여 이를 해결하신 경험을 다음 항목에 따라 구체적으로 작성하여 주십시오. 2-1 언제, 어디서 있었던 경험이며, 문제는 무엇이었습니까? (200자 이내)"
365,1,당신이 문제를 발견할 수 있었던 이유와 이를 해결하기 위해 제시하신 대안은 무엇이었습니까? (400자 이내)
366,1,"제한된 자원을 활용하여 주어진 과제나 업무를 효과적으로 달성하신 경험을 다음 항목에 따라 구체적으로 작성하여 주십시오. 4-1. 언제, 어디에서 있었던 일이었습니까? 해당 업무 또는 과제의 목표는 무엇이었습니까? (300자 이내)"
367,1,지금까지 본인이 열정적으로 추진한 일과 그 일을 통해 느낀 점은 무엇인지 작성해 주세요.(
368,1,실패 혹은 좌절을 경험한 사례와 이를 통해 얻은 교훈에 대해 작성해 주세요.
369,1,창조적인 아이디어를 통해 문제를 개선했던 경험에 대해 서술하시기 바랍니다.
370,1,본인이 세웠던 가장 도전적인 일과 그것을 성취하기 위해 어떠한 노력을 했는지 서술하시기 바랍니다.
371,1,"성장과정 중 가장 힘들었던 경험을 간략히 서술하되, 이를 이겨내기 위해 했던 노력을 구체적으로 작성해 주십시오. (1200Bytes)"
372,1,새로운 방식의 사고를 통하여 문제점을 인식하여 해결한 경험에 대해 기술하시오.
373,1,자신의 삶에서 가장 어려웠던 일을 극복한 경험을 작성해주세요.
374,1,"본인의 경험 중 가장 의미 있다고 생각하는 경험은 무엇이며, 그 이유에 대하여 말씀해 주십시오."
375,1,"가장 열정적으로 임했던 경험을 기술하고, 그 경험을 통해 청년인턴으로 근무하면서 어떤 기여를 할 수 있을지 구체적으로 기술하여 주시기 바랍니다. (300자 이상 500자 이내)"
376,1,"살아오면서 실패했던 경험과 이를 극복하기 위해 어떠한 노력을 했는지 기술하고, 그러한 경험이 본인의 삶에 어떠한 영향을 미쳤는지 구체적으로 작성해주시기 바랍니다."
377,1,"도전적인 목표와 계획을 세우고 이를 달성하기 위해 가장 열정적으로 몰입했던 경험에 대해 서술하고, 그로 인해 무엇을 배웠는지 구체적으로 작성해주시기 바랍니다."
378,1,힘든 상황에서 끊임없이 시도하여 원하는 결과를 도출했던 경험과 이를 통해 얻은 교훈을 기술해 주십시오.
379,1,역경극복사례 및 이를 통해 느낀점
380,1,성인이 된 이후 겪었던 가장 힘들었던 상황이 무엇이며 그것을 어떻게 극복하였는지 기술하시오.
381,1,"최근 귀하가 성취한 일 중에서 가장 자랑할 만한 것이 무엇이며, 그 일을 성취하기 위해 어떠한 노력을 했는지 기술하시오."
382,1,"어려운 문제(목표)를 포기하지 않고, 도전적으로 끝까지 노력하여 해결(달성)했던 경험을 서술해 주십시오."
383,1,"기존의 관행에서 벗어나, 창의적인 대안으로 문제를 해결한 경험을 서술해 주십시오."
384,1,기존과 다른 방식을 시도하여 개선한 경험을 구체적으로 기술해 주십시오.
385,1,도전적인 목표를 설정하고 노력하여 가장 큰 성취를 이룬 사례를 소개하시오
386,1,학업 외에 관심과 열정을 가지고 했던 다양한 경험 중 가장 기억에 남는 것을 구체적으로 기술해 주세요.
387,1,"자신에게 주어진 일이나 과제를 수행하는데 있어, 고정관념을 깨고 창의적으로 문제를 해결했던 사례에 대해 구체적으로 기술해 주세요."
388,1,내 인생 최고의 선택과 최악의 선택은 무엇이었는가? 그러한 선택을 한 이유와 함께 각각 기술하시오. (500자~600자)
389,1,자신의 직장 경험 중에서 가장 큰 성과를 냈던 일과 과정에 대해 상세하게 기술하시오.
390,1,"도전적인 목표를 설정하여 가치있는 혁신을 실현해 본 경험에 대해 실행과정과 결과, 느낀점을 포함하여 설명해 주세요."
391,1,자신의 경험을 토대로 성공 또는 실패 사례에 대해 기술하시오.
392,1,"기존의 현상을 개선함으로써 조직의 성과를 조금이라도 향상시켰던 경험에 대하여 기술해 주시기 바랍니다. 1) 기존의 현상을 개선한 경험과, 그러한 개선과 변화가 필요했던 이유는 무엇입니까?"
393,1,활동성과를 높이기 위해 본인이 기울인 노력 행동
394,1,"살아오면서 실패했던 경험과 이를 극복하기 위해 어떠한 행동을 했으며, 그 과정에서 배운 것은 무엇인지 구체적으로 기술하시오."
395,1,인생에서 가장 힘들었던 순간과 이를 극복한 과정
396,1,"자신에게 주어졌던 일 중 가장 어려웠던 경험은 무엇이었습니까? 그 일을 하게 된 이유와 그때 느꼈던 감정, 진행하면서 가장 어려웠던 점과 그것을 극복하기 위해 했던 행동과 생각, 결과에 대해 최대한 구체적으로 작성해 주십시오"
397,1,학업 이외에 가장 기억에 남늠 교내/외 활동에 대해 구체적으로 기술해 주세요.
398,1,"지원자 본인이 지금까지 살아오면서 가장 열정을 쏟고 절실하게 성취하고 싶었던 것을 기술하고, 그것을 이루기 위해 다른 사람들과 구별되게 행동했던 경험을 구체적으로 기술하시오. (글자수 제한 없음)"
399,1,목표달성을 위해 스스로 노력하였던 점과 이를 통해 조직과 본인에게 일어난 변화를 구체적으로 기술하여 주십시오. (700)
400,1,최근 5년 이내 본인이 소속된 조직의 발전을 위해 가장 많은 기여를 했다고 자부할 수 있는 경험에 대해 작성하여 주십시오. /700자 이내
401,1,최근 5년 이내 자신의 부족한 점을 보완하기 위해 6개월 이상의 지속적인 노력을 기울였던 경험에 대해 작성하여 주십시오. /700자 이내
402,1,자신이 가장 재미를 느끼고 끝까지 파고들어 성취감을 느꼈던 경험 또는 성장의 계기가 되었던 경험과 그 경험을 통해 성장한 부분(배운점)을 기록해 주세요.
403,1,학창시절에 가장 관심을 가지고 전념했던 일을 구체적으로 기술하시오. (500자 이내)
404,1,가장 성취감을 느꼈던 경험에 대해 과정을 중심으로 기술하시오. (500자 이내)
405,1,본인이 관심과 열정을 가지고 도전했던 경험과 이를 통해 얻은 성과나 결과를 구체적으로 기술해주시기 바랍니다.
406,1,"본인의 삶 속에서 '위기'라고 생각했던 것은 무엇이고, 그 위기를 극복하기 위해 노력했던 '성공이나 실패에 대한 본인의 이야기'를 기술해주시기 바랍니다."
407,1,가장 힘들었던 순간과 이를 극복한 과정에 대해 기술하여 주십시오. (1800byte)
408,1,"안전/위험관리 - 위험이나 사고에 영향을 주는 상황들을 인식하고 사전에 이를 예방하기 위한 조치를 취한다 (A,B 중 택 1) o A. 자신이 규정이나 기준을 잘 지키는 사람임을 입증할 수 있는 사례(경험)와 그 근거를 구체적으로 작성해주시기 바랍니다. o B. 최근 3년 이내 규정이나 기준을 지키기 어려운 상황임에도 불구하고, 그것을 지키기 위해 많은 노력을 기울였던 경험에 대해 구체적으로 작성해주시기 바랍니다."
409,1,"변화의 필요성을 가장 크게 느꼈던 순간을 떠올려주시고, 그 상황을 어떻게 해결하였는지 적어주세요."
410,1,"최근 3년 이내에 가장 도전적인 목표를 세우고 성취해낸 경험에 대해, 그 과정과 결과를 포함하여 구체적으로 기술하여 주시기 바랍니다."
411,1,도전적인 목표를 세우고 이를 달성하기 위해 노력했던 사례와 결과를 구체적으로 기재해 주시기 바랍니다.
412,1,"흥미와 열정을 갖고 몰입하여 성취감을 느끼고, 한 단계 더 성장했던 경험에 대해 기술해 주십시오."
413,1,인생에 있어 가장 힘들었던 경험과 이를 어떻게 극복하였는지 구체적으로 기술
414,1,"본인을 한 단계 성장하게 한 사건이나 경험은 무엇이며, 본인이 노력한 과정과 이를 통해 얻은 교훈은 무엇인지 기술하여 주십시오. ( 0 / 1500 bytes)"
415,1,"기존 방식이나 현상에 대해 문제의식을 갖고 전략적으로 해결한 경험을 다음의 세부항목에 따라 작성해 주십시오. 1-1. [Situation&Task] 언제, 어디서 가지게 된 경험이였으며 그러한 문제의식을 가지게 된 계기는 무엇입니까?"
416,1,"[Action&Result] 어떤 방식으로 해당 문제를 해결하였으며, 본인의 노력으로 개선된 결과를 구체적으로 작성해 주십시오."
417,1,"지금의 지원자 본인을 있게 한 계기를 ""학습, 사람, 위기"" 등의 사례를 통해 들려주세요."
418,1,본인이 변화와 도전으로 목표를 달성했던 사례를 구체적으로 기술하시오.
419,1,타인과의 관계에서 가장 힘들었던 갈등상황과 이를 극복한 상황이 있으면 구체적으로 기술하시오.
420,1,"원하는 목표를 달성하기 위하여 본인이 어떤 행동을 하였는지, 결과는 어떠했는지 구체적인 사례를 들어 기재하여 주십시오."
421,1,목표를 가지고 실행하여 성공 혹은 실패한 경험과 그 경험을 통해 무엇을 얻었는지 작성해 주세요.
422,1,살아오면서 가장 도전적이었던 경험과 이를 통해 무엇을 성취할 수 있었는지 기술하시오.
423,1,"본인은 어떤 일을 할 때 가장 에너지가 넘치나요? 자신에게 있어 가장 인상적인 성취 경험 에 대하여 소개 해 주세요. (최소 1자, 최대 500자 입력가능)"
424,1,도전을 통한 성취/실패 경험
425,1,창의적으로 문제를 해결한 경험
426,1,경험해 보지 않은 새로운 과제나 업무를 맡아 이를 성공적으로 해결했거나 실패했던 사례에 대해 기술해 주십시오. 당신은 그 상황에서 어떤 생각과 행동을 했고 결과는 어떠했는지 기술해 주십시오.
427,1,"도전적이었던 과제(업무)나 새로운 문제에 직면했을 때 특히, 짧은 시간안에 많은 정보를 수집해서 빠른 결정을 했어야 했던 경험 또는 다른 사람들이 시도해서 실패한 일을 성공적으로 이루어 낸 경험에 대해 기술해 주십시오. 목표한 바를 성취하는데 어려움은 무엇이었으며, 어떤 행동과 노력을 통해 성취를 이루었는지 기술해 주십시오."
428,1,"타인과의 관계에서 가장 힘들었던 갈등상황은 무엇이었으며, 이를 어떻게 극복하였는지 기술하시오."
429,1,"인생에서 실패한 경험과 그 이유, 그리고 극복방안"
430,1,"지원자 본인이 지금까지 살아오면서 가장 열정을 쏟고 절실하게 성취하고 싶었던 것을 기술하고, 그것을 이루기 위해 다른 사람들과 구별되게 행동했던 경험을 구체적으로 기술하시오."
431,1,"동화의 주요가치(자율, 협업, 변혁, 윤리, 안전)를 실천한 경험을 설명해주십시오. [자율] 어려움 속에서도 현실과 타협하지 않고, 본인이 주도적으로 목표를 수립하고 이를 달성하기 위해 노력했던 경험에 대해 서술해주십시오."
432,1,"최근 본인이 심적·체력적·환경적으로 한계에 부딪혔던 상황에 대해 생각해 보시기 바랍니다. 상황에 대한 내용, 이를 해결하기 위해 노력했던 사항에 대해 구체적으로 작성해 주시기 바랍니다."
433,1,"성장 과정에서 가장 크게 성취감을 느낀 사례를 구체적으로 설명해주십시오. (최대 1,500자 입력가능)"
434,1,"자신의 경험 중 가장 도전적이었던 일은 무엇이며, 극복하기 위해 했던 행동, 노력, 생각을 구체적으로 기술하시오."
435,1,"본인의 적극적인 노력으로 기존방식에서 탈피하여 새로운 관점 및 아이디어를 제시하여 실행에 옮겼던 경험이나, 협업을 통해 조직 또는 팀의 목표를 달성했던 경험에 대해 구체적으로 기술해 주십시오. 1000자"
436,1,지원 직무 관련 가장 어려웠던 과제와 해결방안에 대해 구체적으로 기술하세요.
437,1,실수나 실패를 극복한 경험을 서술하여 주십시오. (최대 500자 입력가능)
438,1,자신의 불리함을 감수하고 정직함을 지킨 경험에 대하여 서술하여 주십시오. (최대 500자 입력가능)
439,1,자신이 수행했던 일 중 가장 도전적인 활동에 대하여 기술해 주십시오. (600자)
440,1,본인의 경험 중 제한된 환경을 효율적으로 운용하여 목표달성에 기여한 경험을 기술하시오.
441,1,주어진 일이나 과제 수행 시 새로운 것을 접목하거나 남다른 아이디어를 통해 문제를 개선했던 경험에 대해 작성해주세요.
442,1,"본인이 경험한 단체생활 또는 조직생활 중 가장 열정적으로 노력했었던 활동에 대해 작성해주십시오. [활동의 이유, 결과 등]"
443,1,"달성하기 어려운 높은 목표를 자율적으로 설정해서 도전해본 경험을 기술하고, 성공과 실패를 통해 본인에게 어떠한 발전이 있었는지에 대해 기술해 주십시오."
444,1,"기존 업무 방식의 비효율적인 측면을 발견하고, 이를 개선했던 경험에 대해 아래 ''가)'', ''나)''의 내용에 맞춰 기술해 주시기 바랍니다. 가) 당시 진행했던 업무에 대해서 간략히 기술 나) 본인이 제시한 개선 방법과 그 결과에 대해 구체적으로 기술 (500자)"
445,1,"공공의 이익을 위해 자발적으로 노력한 경험에 대해 아래 ''가)'', ''나)''의 내용에 맞춰 기술해 주시기 바랍니다. 가) 당시 상황을 간략히 기술 나) 자신이 한 행동의 내용과 이유를 구체적으로 기술 (500자)"
446,1,"(문제해결) 예상치 못한 문제에 직면했을 경우 귀하는 보통 어떻게 해결합니까? 귀하가 경험한 가장 최근 사례를 기반으로 기술해 주십시오. [500자 이내] ① 어떤 문제였으며, 어떤 과정을 통해 문제를 해결하였나요? ② 그런 과정을 통해 문제를 해결할 수 있겠다고 생각한 이유는 무엇입니까?"
447,1,살아오면서 겪었던 가장 큰 갈등 상황 및 이를 해결했던 사례를 설명해 주십시오. (0/500자)
448,1,새로운 일에 도전하여 성공 혹은 실패한 경험과 그 과정을 통해 무엇을 얻었는지 기술하여 주십시오.
449,1,"특정 사안에 대해 문제의식을 가지고 변화와 혁신을 주도하였던 경험과, 이를 통해 본인이 얻은 것은 무엇인지 기술하여 주십시오."
450,1,"자신에게 주어졌던 일 중 가장 어려웠던 경험은 무엇이었습니까? 그 일을 하게 된 이유와 그때 느꼈던 감정, 진행하면서 가장 어려웠던 점과 그것을 극복하기 위해 했던 행동과 생각, 결과에 대해 최대한 구체적으로 작성해 주십시오. (1000 자 10 단락 이내)"
451,1,"이제까지 가장 강하게 소속감을 느꼈던 조직은 무엇이었으며, 그 조직의 발전을 위해 헌신적으로 노력했던 것 중 가장 기억에 남는 경험은 무엇입니까? 개인적으로 더 많은 노력을 기울였던 일과 그 때 했던 행동과 생각, 결과에 대해 구체적으로 작성해 주십시오. (1000 자 10 단락 이내)"
452,1,"자신에게 요구된 것보다 더 높은 목표를 스스로 세워 시도했던 경험 중 가장 기억에 남는 것은 무엇입니까? 목표 달성 과정에서 아쉬웠던 점이나 그 때 느꼈던 자신의 한계는 무엇이고, 이를 극복하기 위해 했던 행동과 생각, 결과에 대해 최대한 구체적으로 작성해 주십시오. (1000 자 10 단락 이내)"
453,1,"기존과는 다른 방식을 시도하여 이전에 비해 조금이라도 개선했던 경험 중, 가장 효과적이었던 것은 무엇입니까? 그 방식을 시도했던 이유, 기존 방식과의 차이점, 진행 과정에서 했던 행동과 생각, 결과에 대해 최대한 구체적으로 작성해 주십시오. (1000 자 10 단락 이내)"
454,1,[사회활동] 학업 이외에 관심과 열정을 가지고 했던 다양한 경험 중 기억에 남는 것을 구체적으로 기술해주십시오.
455,1,도전적 목표를 설정하고 열정을 다하였던 경험을 구체적으로 기술해 주세요. 600자
456,1,특이했던 경험 및 잘할수있는일
457,1,지금까지 본인이 어려운 상황에서도 새로운 시도로 목표를 달성했던 사례를 기술하시오
458,1,"본인을 한단계 성장하게 한 사건이나 경험은 무엇이며, 본인이 노력한 과정과 이를 통해 얻은 교훈은 무엇인지 기술하여 주십시오."
459,1,"본인이 장기간 열정을 가지고 했던 일을 서술하고, 그 일을 시작한 계기와 그것을 통해 어떤 교훈과 결과를 얻었는지 작성해 주십시오. (600byte)"
460,1,"본인의 경험 중 직면한 문제를 해결하기 위하여 문제의 원인을 찾아 극복하고 해결했던 사례에 대하여 구체적으로 기술해주시기 바랍니다. ㆍ당시 문제가 되었던 상황은 무엇이며, 어떠한 과정을 통해 원인을 찾아냈습니까? ㆍ원인을 극복하며 포기하지 않고 업무를 수행한 이유와 그 결과에 대해 기술해 주시기 바랍니다."
461,1,약속과 원칙을 지켜 신뢰를 형성하거나 지킨 경험에 대해 구체적으로 기술해 주시기 바랍니다. ㆍ당시 상황에 대해 구체적으로 기술하여 주시기 바랍니다. ㆍ약속과 원칙을 지키기 위해 어떤 노력을 하였으며 그 이유는 무엇입니까? ㆍ그 일을 계기로 본인에게 생긴 변화 또는 느낀 점은 무엇입니까?
462,1,"대인관계에서 지원자가 어려움을 느끼는 부분은 무엇이며, 이를 극복하기 위해 어떤 노력을 했는지 작성해 주십시오.(400-800byte)"
463,1,스스로 목표와 개발 계획을 수립하여 실천했던 경험을 작성해 주십시오.
464,1,학업 이외 관심과 열정을 가지고 했던 경험 중 가장 기억에 남는 것을 서술해주세요. 800
465,1,"최근에 지원자가 목표를 달성하고자 노력했던 사례에 대해서 구체적으로 작성하시고, 그 경험을 통해 얻게 된 교훈 및 느낀점에 대해서 기술해 주세요. (최대 1,000자 입력가능)"
466,1,실패 혹은 좌절을 극복한 사례와 이를 통해 얻은 교훈은?(300자)
467,1,"본인이 살면서 이룬 가장 큰 성과는 무엇입니까? 왜 그렇게 생각하는지 기술하고, 사례를 구체적으로 소개해 주십시오."
468,1,본인은 어떤 일을 할 때 가장 에너지가 넘치나요? 자신에게 있어 가장 인상적인 성취 경험에 대하여 소개 해 주세요.
469,1,"최근 5년간 자신이 성취한 일 중 가장 자랑할 만한 일이 무엇이며, 그 이유를 설명해 주시기 바랍니다."
470,1,지금까지 경험했던 실수 중 가장 기억에 남는 실수에 대해 구체적으로 서술해 주십시오. 700
471,1,학업 의외에 관심을 가지고 했던 경험 중 가장 도전적이었던 경험을 구체적으로 서술해 주십시오. 700
472,1,학업 또는 조직 활동에서 새로운 아이디어를 제시하여 문제를 해결하거나 상황을 반전시킨 경험을 구체적으로 서술해 주십시오. 700
473,1,"본인이 성취한 목표 가운데 가장 도전적이었던 목표는 무엇입니까? 목표설정 배경, 행동, 생각, 결과에 대해 상세히 기술하여 주시기 바랍니다."
474,1,"본인이 직면했던 가장 큰 어려움은 무엇인가요? 내용, 해결방법과 당시 행동, 생각, 결과에 대해 기술하여 주십시요."
475,1,"예상하지 못한 어려움에 당면하였을 때 이를 해결하는 자신만의 노하우를 제시하고, 제시한 노하우를 발휘하여 최선의 결과를 이끌어낸 경험을 기술해 주십시오."
476,1,"최근 3년 이내 본인의 부족한 부분을 발견하고 체계적인 과정이나 절차를 통해 극복한 경험이 있다면, 그 과정과 결과에 대해 구체적으로 기술하여 주십시오."
477,1,"제한된 자원(시간,비용,인력 등)에도 불구하고 목표를 달성했던 경험을 상황-행동- 결과 중심으로 기술하십시오."
478,1,열정적으로 행했던 일 또는 인생의 전환점이 된 계기 (300자 이내)
479,1,자신이 수행했던 일 중 가장 도전적인 활동에 대하여 기술해 주십시오. (0/600)
480,1,기존의 방식을 개선하고 새로운 혁신을 실행했던 활동에 대하여 기술해 주십시오. (0/600)
481,1,"타인을 배려한 경험 중에서 가장 의미가 있었던 경험 한 가지를 언급하고 왜 그런 행동을 했는지 기술하여 주십시오.(400자, 800bytes)"
482,1,"가장 도전적인 목표를 세우고, 성취한 구체적인 경험, 행동, 성과 등을 기술하여 주십시오. (400자, 800bytes)"
483,1,"(자기개발능력) 지금까지 살아오면서 어떤 목표를 세우고, 그 목표를 달성하기 위해 열심히 노력했던 경험 중 가장 높게 세웠던 큰 목표는 무엇이고, 달성하기 위해 어떤 노력을 하였으며, 그 결과는 어떠하였는지 구체적으로 기술하시오."
484,1,"[성장과정] 가장 힘들었던 경험 및 도전을 기술하고, 이를 극복한 방법에 대해 기술해 주십시오. 800"
485,1,본인이 지금까지 살아오면서 이루었던 일과 느낀점에 대하여 구체적으로 기술해 주시기 바랍니다.
486,1,본인이 기존과는 다른 방식을 시도하여 개선했던 경험에 대하여 구체적으로 기술해 주시기 바랍니다.
487,1,자발적으로 최고 수준의 목표를 세우고 끈질기게 성취한 경험에 대해 서술해 주십시오. /목표 달성을 위한 구체적 노력/실제 결과/ 경험의 진실성을 증명할 수 있는 근거가 잘 드러나도록 기술) (1000 자 10 단락 이내)
488,1,새로운 것을 접목하거나 남다른 아이디어를 통해 문제를 개선했던 경험에 대해 서술해 주십시오. (1000 자 10 단락 이내)
489,1,본인이 책임감을 가지고 일이나 프로젝트(또는 과제 등)를 추진했던 경험을 말씀해주세요. 해당 경험에서 본인의 역할과 진행과정에서의 어려움 등을 약술하십시오.
490,1,"지금까지 살아오며 가장 열정적이고, 도전적으로 임했던 일과 그로 인해 느낀 점을 기술해 주십시오."
491,1,사회 활동 : 학업 이외에 관심과 열정을 가지고 했던 다양한 경험 중에 가장 기억에 남는 활동을 기술해 주세요. 800
492,1,"예상치 못했던 문제로 인해 계획대로 일이 진행되지 않았을 때, 책임감을 가지고 적극적으로 끝까지 업무를 수행해내어 성공적으로 마무리했던 경험이 있으면 서술해 주십시오."
493,1,"살아오면서 실패했던 경험과 이를 극복하기 위해 어떠한 행동을 했으며, 그 과정에서 배운 것은 무엇인지 구체적으로 기술하시오. (700자 이내)"
494,1,"지금까지 본인의 경험 중 가장 창의적이라고 생각하는 사례에 대해 기술하여 주십시오. 4-1.그때가 언제, 무슨 일을 할 때 였습니까? 현재 0 Bytes / 200 Bytes 이내"
495,1,그 결과는 어떠했습니까? 현재 0 Bytes / 200 Bytes 이내
496,1,"지원자가 학업수행 또는 취업준비 과정에서 겪은 가장 큰 어려움은 무엇이었으며, 어려움을 극복하기 위해 어떠한 노력을 하였고, 이를 통해 느낀 점은 무엇이었는지 기술해 주십시오."
497,1,"본인의 일상, 또는 타인이 일반적으로 쉽게 수용하는 상황으로부터 문제를 새로이 발견하고, 이를 해결한 경험에 대하여 기술해 주십시오."
498,1,본인에게 불편이나 손해가 발생함에도 불구하고 원칙이나 규범을 준수했던 경험에 대해 기술해 주십시오.
499,1,"[문제해결능력] 지금까지의 경험 중 예상치 못했던 상황에서 창의적, 혁신적 사고를 통해 문제를 해결했던 경험을 서술하여 주시기 바랍니다."
500,1,[자원관리능력] 지금까지의 경험 중 한정된 자원(시간·자본·시설·인적자원 등)에도 불구하고 이를 극복하여 주어진 일을 성공적으로 마친 경험이 있다면 그 극복과정과 이를 가능하게 한 것이 무엇이었는지 서술해주시기 바랍니다.
501,1,최근 5년 이내 스스로 최고 수준의 목표를 세우고 끈질기게 성취한 경험 2가지에 대해서 기술해 주십시오. (각 100자)
502,1,"성공했던 경험(성공요인), 실패했던 경험(극복방법)"
503,1,살아오면서 포기하지 않고 끝까지 노력해서 달성한 목표가 있다면 그에 대해 자유롭게 기술해 주세요.(대상무관)(최소 200 최대 500)
504,1,열정적으로 노력했던 경험
505,1,"성취지향, 지원자가 지금까지 수행했던 업무, 연구, 과제 중 가장 큰 성취를 이룬 경험과 관련하여 해당 성취 결과에 대해 간략히 기술하여 주십시오."
506,1,"성취지향, 지원자가 지금까지 수행했던 업무, 연구, 과제 중 가장 큰 성취를 이룬 경험과 관련하여 해당 성취를 이루는 과정에서 겪은 어려움과, 어려움을 극복한 과정에 대해 기술해 주십시오."
507,1,"적극성 및 도전정신, 지원자가 업무 또는 과업을 수행하는 과정에서 개선을 이뤄냈던 경험과 관련하여 어떠한 문제점을 개선했는지와 개선 결과, 기존 대비 차이점에 대해 기술하여 주십시오."
508,1,"적극성 및 도전정신, 지원자가 업무 또는 과업을 수행하는 과정에서 개선을 이뤄냈던 경험과 관련하여 해당 문제점을 개선하기로 마음먹은 사유와 문제점을 개선한 방식에 대해 기술하여 주십시오."
509,1,"책임감, 책임감을 가지고 주어진 업무를 끝까지 완수해낸 경험에 대해 기술하여 주십시오."
510,1,"자신의 장점을 더욱 극대화 시키거나, 약점을 보완하기 위해 특별히 노력하여 좋은 결과로 이어졌던 경험에 대하여 기술하여 주시기 바랍니다."
511,1,갑작스럽게 발생한 주변 환경의 변화에 대응하고 적응하기 위해 기존에는 생각하지 못했던 방법을 활용했던 경험에 대해 기술하여 주시기 바랍니다.
512,1,"(20세 이후) 처음에는 불가능하다고 생각한 과업에 대하여, 초기의 선입관을 극복하고 성과를 이룬 사례를 소개하시오."
513,1,"열정을 가지고 몰입했던 경험, 창의적인 아이디어를 가지고 목표를 이루어낸 경험, 가장 힘들었던 경험과 그것을 통해 깨달은 점 중 한 가지를 선택하여 구체적으로 기술해주십시오."
514,1,창의적인 아이디어를 활용하여 문제를 해결하거나 좋은 성과를 도출한 경험에 대하여 기술해 주시기 바랍니다. (400~700자)
515,1,기존에 알고 있거나 익숙한 지식·정보만으로는 해결하기 어려워 새로운 지식이나 방법을 찾아 문제를 해결한 경험에 대해 기술해주세요.
516,1,"본인의 경험 중 직면한 문제를 해결하기 위하여 문제의 원인을 찾아 극복하고 해결했던 사례에 대하여 구체적으로 기술해주시기 바랍니다. (500자 내외) - 당시 문제가 되었던 상황은 무엇이며, 어떠한 과정을 통해 원인을 찾아냈습니까? - 원인을 극복하며 포기하지 않고 업무를 수행한 이유와 그 결과에 대해 기술해주시기 바랍니다."
517,1,약속과 원칙을 지켜 신뢰를 형성하거나 지킨 경험에 대해 구체적으로 기술해 주시기 바랍니다. (500자 내외) - 당시 상황에 대해 구체적으로 기술하여 주시기 바랍니다. - 약속과 원칙을 지키기 위해 어떤 노력을 하였으며 그 이유는 무엇입니까? - 그 일을 계기로 본인에게 생긴 변화 또는 느낀 점은 무엇입니까?
518,1,"자신이 가장 큰 의미를 부여할 수 있는 도전의 경험은 무엇이며 그 이유는 무엇입니까? 도전의 계기와 이유, 과정과 결과를 기술하여 주십시오."
519,1,지금까지의 경험 중 기존과 다른 방식으로 생각하고 접근하여 문제를 해결하거나 성과를 내었던 경험에 대해 기술하여 주십시오.
520,1,지금까지 살아오면서 해결해야 했던 가장 어려운 과제는 무엇이었는지에 대해 기술하십시오. (500자)
521,1,"본인 스스로 세워본 가장 도전적인 목표는 무엇이며, 그것을 달성하기 위해 기울였던 노력과 결과를 구체적으로 기술해주세요."
522,1,"기술적으로 어려운 문제를 해결한 경험을 상세히 작성해 주세요. 맞닥뜨렸던 문제를 '구체적'으로 기술하고, 본인의 접근 방법과 해결 과정, 그리고 실제 결과를 '상세히' 기술해 주세요. 문제를 잘 해결하셨다면 그 경험에서 아쉬운 점 혹은 더 나은 방법은 없었을지에 대한 고민 과정을 함께 작성해 주세요. 해결하지 못한 경험이더라도 해결을 위해 얼마나 깊이 있게 고민을 했는지 그 과정에 대해 이야기해 주세요. * 코드로 설명해 주셔도 좋습니다. #해결 못한 경험도 좋아요 #과정을 보고 싶어요"
523,1,[공모전의 아픔에서 찾아낸 인사이트]
524,1,창의적인 아이디어를 활용하여 문제를 해결하거나 좋은 성과를 도출한 경험에 대하여 기술해 주시기 바랍니다.
525,1,자기주도적으로 목표를 설정하고 끝까지 완수해 낸 경험에 대해 서술해 주십시오. 800
526,1,새로운 것을 접목하거나 남다른 아이디어를 통해 기존 Boundary를 넘어 문제를 개선했던 경험에 대해 작성하여 주십시오. - 기존 방식과 본인이 시도한 방식의 차이/ 새로운 시도를 하게 된 계기/ 새로운 시도를 했을 때의 주변 반응/ 새로운 시도를 위해 감수해야 했던 점/ 구체적인 실행 과정 및 결과/ 경험의 진실성을 증명할 수 있는 근거가 잘 드러나도록 작성 (1000 자 10 단락 이내)
527,1,평소 어렵다고 생각했거나 전혀 새로운 분야에 도전해 보았던 경험을 서술하여 주십시오.
528,1,자기주도적으로 목표를 설정하고 끝까지 완수해 낸 경험에 대해 서술해 주십시오.
529,1,"기존 업무 방식의 비효율적인 측면을 발견하고, 이를 개선했던 경험에 대해 아래 ''가)'', ''나)''의 내용에 맞춰 기술해 주시기 바랍니다. 가) 당시 진행했던 업무에 대해서 간략히 기술 나) 본인이 제시한 개선 방법과 그 결과에 대해 구체적으로 기술"
530,1,"공공의 이익을 위해 자발적으로 노력한 경험에 대해 아래 ''가)'', ''나)''의 내용에 맞춰 기술해 주시기 바랍니다. 가) 당시 상황을 간략히 기술 나) 자신이 한 행동의 내용과 이유를 구체적으로 기술"
531,1,귀하가 최근 3년 이내 성취한 일을 바탕으로 그것을 성취하기 위하여 어떠한 노력을 기울였는지 구체적으로 서술하여 주십시오.(500~1000자 이내)
532,1,"최근 본인이 심적·체력적·환경적으로 한계에 부딪혔던 상황에 대해 생각해 보시기 바랍니다. 어떠한 상황이었는지, 이를 해결하기 위한 노력은 무엇이었는지 구체적으로 작성해 주시기 바랍니다."
533,1,"새로운 아이디어를 가지고 자신만의 창의적인 아이디어를 발휘하였던 경험이나 일상생활에서 보통 다른 사람들과 다르게 하고 있는 자신만의 독특한 행동방식이 있다면 이야기해 주십시오. (200자 이상, 500자 이내)"
534,1,"본인이 살아오면서 경험한 가장 큰 성과와 가장 큰 실패에 대해 작성하고, 그 경험을 통해 배운 것이 무엇인지 서술하십시오."
535,1,"본인의 말에 끝까지 책임을 다하고, 본인만의 원칙을 지켰던 경험을 서술하십시오."
536,1,과제의 완수가 불가능한 상황에서 전략적 사고와 계획성을 바탕으로 성공적인 결과를 이끌어 냈던 경험을 구체적으로 기술해 주세요.
537,1,내 인생 최고의 선택과 최악의 선택은 무엇이었는가? 그러한 선택을 한 이유와 함께 각각 기술하시오.
538,1,사회 활동 : 학업 이외에 관심과 열정을 가지고 했던 다양한 경험 중에 가장 기억에 남는 것을 기술해 주세요. 800
539,1,"기존의 관행이나 다른 사람들과는 다른 새로운 방식을 시도해본 경험이 있다면 그 이유, 과정 및 결과에 대해 구체적으로 기술해 주십시오. (795/800)"
540,1,최근 당면한 가장 어려웠던 문제 상황을 기술하고 이를 해결하기 위해 어떤 행동을 취했는지 기술하시오.
541,1,지금까지 귀하의 가장 큰 성취 및 실패에 대하여 서술하시오.(500자).
542,1,"스스로 ""도전적인 목표""를 설정하고 이를 달성하기 위해 ""행동의 변화를 추구""하여 ""새로운 기회를 포착""한 본인의 경험과 이를 통해 배운점을 기술하시오. 600-800"
543,1,내 인생 최고의 선택과 최악의 선택은 무엇이었는가? 그러한 선택을 한 이유와 함께 각각 기술하시오. 500-600
544,1,살아오면서 가장 힘들었던 일과 이를 극복했던 사례를 서술해 주세요.
545,1,"[변화혁신] 기존의 비효율적인 관행에 대해 문제의식을 갖고, 이를 주도적으로 해결했던 경험에 대해 작성해 주십시오."
546,1,재학 또는 재직기간 동안 가장 뛰어난 업적은 무엇입니까? 그리고 왜 그렇게 생각하는지 기술해 주십시오.
547,1,최근 5년간 본인을 한단계 성장하게 한 사건이나 경험에 대해 기술하고 그 과정을 통해 느낀점을 구체적으로 서술하세요.
548,1,"어떤 일을 맡아서 수행하며 정해진 절차나 규정을 준수하기 어려운 상황에 처했던 경험에 대해 이야기해 주시기 바랍니다. 당시 상황을 간략히 기술하고, 지켜야 했었던 절차 또는 규정이 무엇이었는지, 어떤 이유로 그것들을 준수하기 어려웠는지 서술해주시기 바랍니다."
549,1,본인이 그동안 이룬 가장 큰 성취경험과 실패경험에 대해서 기술해 주십시오. (최대 500자 입력가능)
550,1,최근 5년간 본인을 한단계 성장하게 한 사건이나 경험에 대해 기술하고 그 과정을 통해 느낀점을 구체적으로 서술하세요. (2500bytes)
551,1,"과거부터 지속적으로 해오던 것은 무엇이 있으며, 지속해 온 이유는 무엇입니까?"
552,1,남들과 다른 새로운 관점으로 변화/혁신을 추구한 경험과 그를 통해 배운점이 무엇인지 기술하시오. (최대 500자 입력가능)
553,1,최근 귀하가 겪은 경험 중 기존 방식에서 벗어나 새로운 방식을 도입하여 성공적인 결과를 얻었던 사례를 기술해 주십시오. (600)
554,1,"지금까지 가장 애정을 갖고 열정적으로 이루어낸 성과가 있다면 무엇이고, 이를 통해 느낀 점은 무엇입니까? 또한 이러한 경험을 우리은행에서 어떻게 활용할 수 있을지 구체적으로 기술하여 주십시오.1197/1200 (바이트 수(2 byte), 공백 포함)"
555,1,학업 의외에 관심을 가지고 했던 경험 중 가장 도전적이었던 경험을 구체적으로 서술해 주십시오.
556,1,자신을 긍정적으로 변화를 시켜서 자신뿐만 아니라 주변의 사람들에게 긍정적인 변화를 전파한 사례를 소개하시오.
557,1,"본인이 살아오면서 경험한 가장 큰 성공(성과)과 가장 큰 실패에 대해 작성해 주십시오 (최대 1,000자 입력가능)"
558,1,"당면한 문제를 해결하기 위해 시도했던 경험 중 원인을 철저히 규명하여 문제를 해결했던 사례에 대해 구체적으로 기술해 주십시오. 당시 문제가 되는 상황은 무엇이었으며, 어떠한 과정을 통해 원 인을 규명하였는지, 그렇게 문제를 해결한 이유는 무엇이었는지 상세하게 기술해 주십시오."
559,1,"고등학교 졸업 이후 현재까지 어떤 경험들을 해오셨나요? 졸업, 입학, 휴학, 인턴, 입대, 아르바이트 등을 시간 순서로 서술하고 지원분야와 관련된 장점을 말씀해 주십시오. (2000자)"
560,1,"(경중에 관계없이) 일이 예상대로 진행되지 않았던 경험은 무엇이 있으셨나요? 만약 시간을 돌려서 당시로 돌아갈 수 있다면, 이번에는 어떻게 해결할 수 있을지도 함께 작성해주세요. (2000자)"
561,1,"그 동안 즐겨 했던 게임은 무엇이 있으며, 어떤 점들이 재미있었나요? 또한 최근에 플레이 하는 게임이 있다면 함께 기재해주시기 바랍니다. (2000자)"
562,1,성취감을 이뤘던 경험
563,1,"귀하가 스스로 문제를 발견하고, 이를 해결했던 경험에 대해 기술하여 주십시오."
564,1,"경험기술서 - 한정된 자원을 활용하여 최상의 결과를 얻었던 경험을 다음의 세부 항목에 따라 작성해 주십시오. A. 언제, 어디에서 겪은 경험이었습니까?[ 50자 이상 100자 이내 ]"
565,1,"어떤 결과를 얻었으며, 이 경험에서 얻은 교훈은 무엇이었습니까?[ 50자 이상 100자 이내 ]"
566,1,"꼼꼼하게 자료를 정리하여 실수 없이 일을 처리하였던 경험을 다음의 세부 항목에 따라 작성해 주십시오. A. 언제, 어디에서 겪은 경험이었습니까?[ 50자 이상 100자 이내 ]"
567,1,그 일은 구체적으로 어떤 내용이었으며 귀하는 어떻게 그 일을 하게 되었습니까?[ 50자 이상 100자 이내 ]
568,1,자료를 꼼꼼하게 정리하기 위해 본인은 어떤 노력을 하였습니까?[ 50자 이상 200자 이내 ]
569,1,일의 결과는 어떠하였으며 이 경험에서 귀하는 어떤 교훈을 얻었습니까?[ 50자 이상 100자 이내 ]
570,1,"다양한 정보를 활용하여 일을 진행했던 경험을 다음의 세부 항목에 따라 작성해 주십시오. A. 언제, 어디에서 겪은 경험이었습니까?[ 50자 이상 100자 이내 ]"
571,1,"그 일의 결과는 어떠하였고, 이 경험에서 어떤 교훈을 얻었습니까?[ 50자 이상 100자 이내 ]"
572,1,"「몰입」이 가진 힘에 대하여 본인의 생각을 서술하고, 자신이 살아오면서 가장 몰입했던 경험과 그 과정에서 느낀점에 대해 구체적으로 기술해 주십시오."
573,1,실패나 어려움을 겪고 이를 극복한 경험을 구체적 사례를 들어 쓰시오
574,1,"본인이 살아오면서 가장 도전적이었거나 가장 인상 깊었던 경험을 기술하세요 (예. 프로젝트 및 공모전 경험, 학회/동아리 등 단체활동, 인턴/아르바이트 등 사회경험, 리더십 수행 경험, 역량개발 경험, 해외경험, 국내/외 봉사활동 등"
575,1,개인의 비전을 달성하기 위하여 노력하였던 경험에 대하여 기술하시오.
576,1,논리적 사고 및 근거의 타당성을 통해 문제점을 발견하고 개선한 경험에 대하여 구체적으로 기술해 주시기 바랍니다.
577,1,새로운 것을 접목하거나 남다른 아이디어를 통해 기존 Boundary를 넘어 문제를 개선했던 경험에 대해 작성하여 주십시오. - 기존 방식과 본인이 시도한 방식의 차이/새로운 시도를 하게 된 계기/새로운 시도를 했을 때의 주변 반응/새로운 시도를 위해 감수해야 했던 점/구체적인 실행 과정 및 결과/경험의 진실성을 증명할 수 있는 근거가 잘 드러나도록 작성 (1000 자 10 단락 이내)
578,1,창의성을 발휘했던 사례를 기술해 주세요.
579,1,성장 과정 중 가장 도전적이고 어려웠던 일화와 그것을 극복한 사례를 기술해 주세요. (글자 수 제한 없음)
580,1,"당면한 문제를 해결하기 위해 시도했던 경험 중 원인을 철저히 규명하여 문제를 해결했던 사례에 대해 구체적으로 기술해 주십시오. 당시 문제가 되는 상황은 무엇이었으며, 어떠한 과정을 통해 원인을 규명하였는지, 그렇게 문제를 해결한 이유는 무엇이었는지 상세하게 기술해 주십시오."
581,1,"성취한 일 중에서 가장 기억에 남는 일과, 그것을 성취하기 위해 어떠한 노력을 했는지? (600)"
582,1,"학업, 취업활동 이외에 지원자가 많은 노력을 쏟았으나 목표를 달성하지 못했던 경험을 작성하고, 이러한 과정을 통해 느끼거나 배운 점을 포함하여 서술하시오. (1000자 이내)"
583,1,"기존의 관행이나 다른 사람들과는 다른 새로운 방식을 시도해본 경험이 있다면 그 이유, 과정 및 결과에 대해 구체적으로 기술해 주십시오."
584,1,남들과 다른 새로운 아이디어를 통해 문제를 해결했던 경험이 있다면 기존 방식과 비교하여 위험요인과 기회요인 새로운 문제 해결 시 고려해야 하는 사항 중심으로 서술해 주십시오.
585,1,기억에 남는 성공 또는 실패 경험
586,1,지원동기 및 남다른 성취감을 느낀 경험
587,1,"주변의 만류에도 불구하고, 열정적으로 일을 추진하여 성공시킨 경험을 구체적으로 기술해 주십시오."
588,1,학교 생활이나 사회 경험 중 가장 어려웠거나 힘들었던 경험은 무엇이 있으며 어떻게 문제를 해결하고 극복했는지 작성해주십시오.
589,1,"본인이 가장 재미를 느끼고 몰입하여 본 경험이나 주도적인 노력을 통해 긍정적인 변화를 이루었던 경험을 작성해주십시오,"
590,1,"새로운 시도를 하게 된 상황과 이유는 무엇이며, 구체적인 과정과 기존 방식과의 차별점은 무엇이었는지 작성해 주십시오."
591,1,"도전적인 목표를 세운 이유 및 처음 생각했던 목표 달성 가능성은 무엇이며, 수행 과정에서 경험한 어려움에 대해 작성해 주십시오."
592,1,수행과정에서 발생한 어려움을 극복하기 위해 본인이 시도했던 구체적인 노력과 실제 결과에 대해 작성해 주십시오.
593,1,열정을 다해 성공적으로 마친 경험(업무/프로젝트/활동)
594,1,어려움을 극복했던 경험
595,1,"[필수] 기술적으로 어려운 문제를 해결한 경험을 상세히 작성해 주세요. 맞닥뜨렸던 문제를 '구체적'으로 기술하고, 본인의 접근 방법과 해결 과정, 그리고 실제 결과를 '상세히' 기술해 주세요. 문제를 잘 해결하셨다면 그 경험에서 아쉬운 점 혹은 더 나은 방법은 없었을지에 대한 고민 과정을 함께 작성해 주세요. 해결하지 못한 경험이더라도 해결을 위해 얼마나 깊이 있게 고민을 했는지 그 과정에 대해 이야기해 주세요. * 코드로 설명해 주셔도 좋습니다. #해결 못한 경험도 좋아요 #과정을 보고 싶어요"
596,1,어려움을 극복하고 성공한 사례 (최대 500자 입력가능)
597,1,최근 5년간 본인을 한단계 성장하게 한 사건이나 경험에 대해 기술하고 그 과정을 통해 느낀점을 구체적으로 서술하세요. (2500byte)
598,1,기존 방식이나 현상에 대해 문제의식을 갖고 새로운 방식을 시도하여 성과를 낸 경험을 다음의 세부항목에 따라 작성해주십시오. 2-1. 기존 방식이나 현상에 대해 문제의식을 가지게 된 계기와 해당 문제를 해결한 새로운 방식은 무엇인지에 대하여 작성해주십시오
599,1,"새로운 방식을 시도함에 있어서 겪었던 어려움과 이를 해결하기 위하여 어떤 노력을 하였으며, 해당 방식을 통해 개선된 결과는 어떠하였는지 작성해주십시오."
600,1,그 동안 난관에 부딪혔던 경험과 이를 극복하기 위해 본인이 기울인 노력과 결과에 대해 기술하십시오. (500자 이내)
601,1,"본인의 가장 힘들었던 경험과, 이를 극복하기 위해 어떤 노력을 하였는지 기술해 주세요."
602,1,직무와 관련된 성공사례 혹은 인상깊은 경험을 작성해 주십시오.
603,1,직무 수행간 실패사례에 대한 경험을 작성해 주십시오.
604,1,자발적으로 최고 수준의 목표를 세우고 끈질기게 성취한 경험에 대해 서술해 주십시오. / 목표 달성을 위한 구체적 노력/ 실제 결과/ 경험의 진실성을 증명할 수 있는 근거가 잘 드러나도록 기술) (968/1000)
605,1,새로운 것을 접목하거나 남다른 아이디어를 통해 문제를 개선했던 경험에 대해 서술해 주십시오. (998/1000)
606,1,"어려운 기술적 문제를 해결한 경험을 상세히 작성해주세요. 어떤 문제였는지 '구체적'으로 기술하고, 본인의 접근방법과 실제 결과가 어땠는지 '자세히' 설명해주시기 바랍니다. 해결하지 못한 경험이더라도 해결을 위해 얼마나 깊이 있게 고민을 했는지 그 과정에 대해 이야기해주세요."
607,1,"본인이 가장 재미를 느끼고 끝까지 파고들어 본 경험 또는 성취감을 느꼈던 경험이나, 성장할 수 있는 계기가 되었던 경험이 있었다면 얘기해주세요. 그 경험을 통해 배운 점이 무엇인지, 본인의 '어떤 부분이 성장'했는지에 대해 작성해주세요. 공부, 개발, 색다른 경험, 취미활동 등 어떤 분야의 경험이라도 좋습니다. #다양한 이야기를 듣고싶어요 #어떤 경험이든 배운 점이 있다면 들려주세요 #나만의 성장스토리 궁금해요"
608,1,자신의 가장 자랑스러운 성취 경험 또는 자신을 가장 힘들게 했던 실패 경험은 무엇이었으며 그것을 달성 또는 극복하기 위해 했던 노력에 대해 구체적으로 서술하시오.
609,1,본인의 경험 중 가장 큰 성공 경험과 가장 큰 실패 경험을 작성해주세요. 최소 30자 / 1000자 제한
610,1,기존에 알고 있거나 익숙한 지식·정보만으로는 해결하기 어려워 새로운 지식이나 방법을 찾아 문제를 해결한 경험에 대해 기술해주세요. (800자)
611,1,지금까지 본인의 경험 중 가장 기억에 남는 성공 사례와 실패 사례에 대하여 기술하여 주시기 바랍니다.
612,1,"기존 방식이나 현상에 대해 문제의식을 갖고 전략적으로 해결한 경험을 다음의 세부항목에 따라 작성해 주십시오. 1) [Situation&Task] 언제, 어디서 가지게 된 경험이였으며 그러한 문제의식을 가지게 된 계기는 무엇입니까?"
613,1,"기존 방식이나 현상에 대해 문제의식을 갖고 전략적으로 해결한 경험을 다음의 세부항목에 따라 작성해 주십시오. 2) [Action&Result] 어떤 방식으로 해당 문제를 해결하였으며, 본인의 노력으로 개선된 결과를 구체적으로 작성해 주십시오."
614,1,"업무 또는 과제를 수행하면서 본인의 부족한 점을 발견하고, 이를 개선하기 위해 노력하여 성과를 낸 경험을 다음의 세부항목에 따라 작성해 주십시오. 1) [Situation&Task] 본인이 맡았던 업무 또는 과제와 이를 달성하는데 부족했던 점은 무엇이라고 판단하였는지 간단히 작성해 주십시오."
615,1,"업무 또는 과제를 수행하면서 본인의 부족한 점을 발견하고, 이를 개선하기 위해 노력하여 성과를 낸 경험을 다음의 세부항목에 따라 작성해 주십시오. 2) [Action&Result] 부족하다고 판단한 이유와 이를 개선하기 위해 노력했던 방법은 무엇이었으며, 그 결과 본인의 업무나 과제에 어떤 영향을 미쳤는지 구체적으로 제시해 주십시오."
616,1,열정을 발휘하여 성취감을 느꼈던 경험을 기술하십시오
617,1,기억에 남는 과제나 프로젝트(1개월 이상)를 진행한 경험을 기술하시오
618,1,기존의 방식에 대하여 문제의식을 가지고 이전과 다른 방식으로 개선을 이끌어낸 대표적인 경험에 대하여 구체적으로 기술해 주십시오. (500자 이내)
619,1,"기존의 방법을 개선하여, 성공적인 결과를 도출하였던 경험이 있다면 기술하시오."
620,1,자발적으로 최고 수준의 목표를 세우고 끈질기게 성취한 경험에 대해 서술해 주십시오. /목표 달성을 위한 구체적 노력/실제 결과/경험의 진실성을 증명할 수 있는 근거가 잘 드러나도록 기술)
621,1,"다른 사람들이 발견하지 못한 문제를 발견하여 이를 해결하신 경험을 다음 항목에 따라 구체적으로 작성하여 주십시오. 2-1. 언제, 어디서 있었던 경험이며, 문제는 무엇이었습니까? (200자 이내)"
622,1,"상황 변화에 대해 본인이 받아들이는 방식에 대해 평가해 주시고, 과거 혁신적인 변화를 기획하고 성과를 창출한 사례를 기술해 주십시오. (500)"
623,1,"본인이 업무를 대하는 태도에 대해 평가해 주시고, 주어진 업무가 기한 내 미완수될 우려가 있었으나, 이를 해결하여 성공적으로 마무리했던 경험을 기술해 주십시오. (500)"
624,1,전략적 사고를 통해 문제를 해결한 경험과 그 과정을 서술해 주시기 바랍니다.
625,1,"최근에 지원자가 목표를 달성하고자 노력했던 사례에 대해서 구체적으로 작성하시고, 그 경험을 통해 얻게 된 교훈 및 느낀 점에 대해서 기술해 주세요. (최대 1,000자 입력가능)"
626,1,"우리원의 핵심가치 중 하나를 선택하고, 이를 위해 본인이 가장 노력했던 경험을 기술해 주세요. (1,000자 제한)"
627,1,최근 5년 이내 어떠한 목적을 달성코자(혹은 개인역량을 키우고자) 귀하의 역량이 결정적 힘을 발휘하여 어떠한 문제해결이나 곤란한 상황 등을 극복할 수 있었던 사례를 구체적으로 기술하여 주시기 바랍니다. * [700자 이내]
628,1,어떤 목표를 가지고 일을 추진했으나 뜻대로 되지 않아 고생했던 경험에 대해 이야기해 주십시오.
629,1,"본인이 속한 조직에서 미래의 불확실한 상황을 대비한 대응책이나 현재 상황을 개선하기 위한 새로운 아이디어를 제시하고, 이를 주도적으로 실현시키기 위해 노력했던 경험은 무엇입니까? 성공했다면 기존 방식과의 차이점과 진행 과정, 실패했다면 아쉬웠던 점이나 자신의 한계가 무엇이었는지를 구체적으로 작성하여 주십시오.(1,000자 이내) (1000자)"
630,1,살아오면서 가장 도전적이었던 경험과 이를 통해 무엇을 성취할 수 있었는지 기술해주십시오 (4000bytes)
631,1,자신의 경험 중 반복되는 문제점을 발견하고 이를 개선했던 경험에 대해 기술하여 주십시오.
632,1,"귀하가 스스로 문제를 발견하고, 이를 해결했던 경험에 대해 기술해 주세요. (500~1000자)"
633,1,목표와 계획을 세우고 이를 달성하기 위해 노력했던 경험에 대해 기술해주십시오
634,1,"목표를 가지고 최선을 다했지만, 계획했던 성과를 얻지 못했던 경험에 대하여 설명하고, 자신이 파악한 실패의 원인은 무엇인지와 그 경험을 통해 얻은 것은 무엇인지 서술하여 주십시오. (500자)"
635,1,"살아오는 동안 자신에게 생긴 변화 중 인생의 전환점이나, 가치관의 변화가 생긴 경험이 있다면 서술하십시오.(200자)"
636,1,어떤 이유로 변화 혹은 개선해야 한다고 생각했는지 서술하십시오.(150자)
637,1,"개선, 변화를 시도하면서 가장 어려웠던 점은 무엇이며, 그것을 어떻게 극복하셨는지 서술하십시오. (250자)"
638,1,지금까지 바꾸고 싶었지만 바꾸지 못했던 안 좋은 습관을 서술해 주십시오. 그리고 향후 이것을 개선할 계획이 있다면 서술하십시오. (200자)
639,1,단체활동 중 가장 어려웠던 경험 또는 가장 보람 있는 경험을 서술하십시오.(150자)
640,1,원칙과 절차를 준수하고자 노력한 경험에 대해 서술하십시오.(150자)
641,1,(선택사항) 원칙을 준수하여 본인이 손해를 본 경험이 있습니까? 그럼에도 준수하고자 노력하신 이유는 무엇인지 서술하십시오.(300자)
642,1,"당면한 문제를 해결하기 위해 시도했던 경험 중 원인을 철저히 규명하여 문제를 해결했던 사례에 대해 구체적으로 기술해 주십시오. 당시 문제가 되는 상황은 무엇이었으며, 어떠한 과정을 통해 원 인을 규명하였는지, 그렇게 문제를 해결한 이유는 무엇이었는지 상세하게 기술해 주십시오. 700자"
643,1,"다음 중 하나의 주제를 택하여 자유롭게 작성해주시기 바랍니다. ① 본인이 겪었던 가장 어려웠던 혹은 힘들었던 상황에 대해 구체적으로 작성해주시고, 해당 상황을 통해 얻은 교훈과 극복 방안에 대해 자유롭게 작성해주시기 바랍니다. ② 본인의 노력을 통해 기존의 제도나 시스템을 개선함으로 성과 등을 향상시켰던 경험에 대해 구체적으로 작성해주시기 바랍니다. (1,200자 이내)"
644,1,"목표를 가지고 최선을 다했지만 계획했던 성과를 얻지 못했던 경험에 대하여 설명하고, 자신이 파악한 실패의 원인은 무엇인지와 그 경험을 통해 얻은 것은 무엇인지 서술하여 주십시오."
645,1,예상하지 못한 어려움을 만났을 때 효과적으로 해결했던 경험과 이를 통해 배운 점을 기술하여 주십시오.
646,1,지금까지 본인이 한 일 중 가장 창조적이고 혁신적인 것은 무엇이였나요?
647,1,어떤 업무를 처리하는 과정에서 다양한 상황들을 고려하여 의사결정을 내렸던 경험에 대해 아래 항목에 따라 기술해 주시기 바랍니다.
648,1,오류없이 성공적으로 과제 또는 업무를 수행하고자 최선을 다했던 경험을 아래 항목에 따라 기술해 주시기 바랍니다.
649,1,정확한 분석을 통해 복잡하게 얽힌 과제나 문제를 해결했던 경험에 대해 아래 항목에 따라 기술해 주시기 바랍니다.
650,1,자발적으로 도전적인 목표를 설정하고 추진하여 성공 혹은 실패한 사례와 그 과정에서의 경험을 구체적으로 기술하여 주십시오. (700자 이내)
651,1,다른 사람이 쉽게 시도하지 않았던 것에 도전하여 만족할만한 성과를 내었던 경험을 기술하시오
652,1,최근에 문제를 개선·해결하기 위해 아이디어를 제시했던 경험에 대해 생각해 보시기 바랍니다. 아이디어의 구체적 내용과 적용과정 및 결과에 대해 구체적으로 작성해 주시기 바랍니다.
653,1,"성취한 일 중에서 가장 기억에 남는 일과, 그것을 성취하기 위해 어떠한 노력을 했는지?"
654,1,"지원자에게 가장 큰 영향을 끼친 실패 혹은 성공 경험에 대해 기술하고, 그 경험 이후 지원자가 어떻게 달라졌는지에 대해 기술하시오."
655,1,정확한 분석을 통해 복잡하게 얽힌 과제나 문제를 해결했던 경험
656,1,오류없이 성공적으로 과제 또는 업무를 수행하고자 최선을 다했던 경험
657,1,"가장 열정적으로 도전했던 경험은 무엇이며 그 경험을 시작한 계기 및 과정, 그리고 구체적으로 성취한 바를 기술해 주세요."
658,1,"이제까지 가장 강하게 소속감을 느꼈던 조직은 무엇이었으며, 그 조직의 발전을 위해 ""헌신적""으로 노력했던 것 중 가장 기억에 남는 경험은 무엇입니까? 개인적으로 더 많은 노력을 기울였던 일과 그 때 했던 행동과 생각, 결과에 대해 최대한 구체적으로 작성해 주십시오. (1000 자 10 단락 이내)"
659,1,기존 방식이나 현상에 대한 문제의식을 갖고 해결하려고 노력했던 경험에 대해 작성해 주십시오.
660,1,"한정된 자원을 활용하여 최상의 결과를 얻었던 경험을 다음의 세부 항목에 따라 작성해 주십시오. A. 언제, 어디에서 겪은 경험이었습니까?"
661,1,"어떤 결과를 얻었으며, 이 경험에서 얻은 교훈은 무엇이었습니까?"
662,1,"꼼꼼하게 자료를 정리하여 실수 없이 일을 처리하였던 경험을 다음의 세부 항목에 따라 작성해 주십시오. A. 언제, 어디에서 겪은 경험이었습니까?"
663,1,자료를 꼼꼼하게 정리하기 위해 본인은 어떤 노력을 하였습니까?
664,1,일의 결과는 어떠하였으며 이 경험에서 귀하는 어떤 교훈을 얻었습니까?
665,1,"다양한 정보를 활용하여 일을 진행했던 경험을 다음의 세부 항목에 따라 작성해 주십시오. A. 언제, 어디에서 겪은 경험이었습니까?"
666,1,"그 일의 결과는 어떠하였고, 이 경험에서 어떤 교훈을 얻었습니까?"
667,1,본인의 한계를 뛰어넘어 도전했던 경험과 이를 SK실트론 및 지원직무에 활용할 수 있는 방안을 서술하시오
668,1,최근 3년내 가장 어려웠던 도전은 무엇이었으며 그 경험을 통해 무엇을 배웠는지 기술해 주십시오.
669,1,사회활동 : 학업 이외에 관심과 열정을 가지고 했던 경험 중 가장 기억에 남는 것을 구체적으로 기술해주세요.
670,1,"경험해 보지 못한 새로운 문제 또는 과제에 부딪혀 이를 효과적으로 해결했던 가장 대표적인 사례에 관해 기술해 주십시오. - 문제/과제 내용과 해결 방법에 관한 탐색 과정, 어떻게 해결했는지에 관한 구체적인 설명을 포함하여 작성할 것 (최대 500자 입력가능)"
671,1,실수나 실패를 극복한 경험을 적어주세요
672,1,자신의 불리함을 감수하고 정직함을 지킨 경험을 적어주세요
673,1,"직무 역량 관련 경험 중, 가장 해결하기 어려웠던 문제나 상황은 무엇이었으며, 문제를 어떠한 과정으로 접근/분석/해결하였는지 작성해 주십시오. ㅇ [가장 어려웠던 점과 그 이유 / 문제를 해결하기 위한 본인만의 접근 과정 및 방식 / 결과] 로 작성 ㅇ 경험의 진실성을 증명할 수 있는 근거가 잘 드러나도록 작성 ㅇ 직무 역량과 무관한 개인적 취미 활동, 운동, 군 생활, 입시 등 기타 일상 사례 지양"
674,1,"본인의 성장과정을 간략히 기술하되, 가장 힘들었던 시기와 사유, 그 시기를 극복하기 위해 어떠한 노력을 기울였는지 기술해 주십시오."
675,1,무언가 꾸준하게 지속하여 성과를 얻은 경험에 대해 작성해 주십시오. 상대방의 도움 없이 독립적으로 행동한 경험을 위주로 작성해 주십시오. 800byte 이내
676,1,본인이 책임감을 가지고 일이나 프로젝트(또는 과제 등)를 추진했던 경험을 말씀해주세요. 해당 경험에서 본인의 역할과 진행과정에서의 어려움 등을 약술하십시오. (1200 Bytes 이내)
677,1,(문제해결능력) 새로운 일 또는 경험을 하는 과정에서 더 나은 결과를 만들기 위해 문제를 분석하고 기획하여 성과를 달성한 경험이 있다면 당시 상황과 본인의 역할 주변의 피드백을 구체적으로 기술해 주십시오. (500자 이내)
678,1,최근 3년 내 가장 어려웠던 도전은 무엇이었으며 그 경험을 통해 무엇을 배웠는지 기술해 주십시오. (최대 700자 입력가능)
679,1,기존의 방식이나 현상에 대해 문제의식을 갖고 자신만의 아이디어를 적용하여 대안을 제시했던 구체적인 경험 및 결과를 기술하여 주십시오.
680,1,"[공통]본인의 인생 중 가장 도전적 목표라고 생각되는 사례를 기재해 주세요. (최대 1,000자 입력가능)"
681,1,"[공통]과제의 완수가 불가능한 상황에서 전략적 사고와 계획성을 바탕으로 성공적인 결과를 이끌어 냈던 경험을 구체적으로 서술해 주세요. (최대 1,000자 입력가능)"
682,1,"본인이 경험 하였던 일중 가장 성공한 사례와 실패한 사례를 각각 이유, 결과를 포함해 기술해 주십시오."
683,1,사회활동: 학업 이외에 관심과 열정을 가지고 했던 다양한 경험 중 가장 기억에 남는 것을 구체적으로 기술해주세요.
684,1,해당 활동의 결과와 이를 통해 본인이 배운 점은 무엇인지 기술해 주십시오. (400자 이내)
685,1,"정직, 남을 위한 봉사, 규칙 준수 등 윤리적인 행동으로 좋은 결과를 얻었던 경험을 아래 세부 항목에 따라 구체적으로 작성해 주십시오. (800자 이내)2-1. 언제, 어디서 있었던 일이며, 본인이 맡았던 역할은 무엇이었는지 기술해 주십시오. (300자 이내)"
686,1,"목표 달성을 위해 어떤 계획을 세웠고, 계획을 실천하는 과정에서 가장 어려웠던 점과 이를 어떻게 극복하였는지 기술해 주십시오. (400자 이내)"
687,1,도전적인 목표를 세우고 성취한 경험이 있다면 구체적으로 과정과 결과 기술.
688,1,수강했던 전공 또는 교양과목 중 가장 관심 있었던 두 과목을 선택하고 그 이유를 작성바랍니다. (한글 750자)
689,1,자신의 인생 경험 중 가장 힘들었을 때와 그것을 극복하기 위해 했던 일을 구체적으로 기술해 주십시오.(1000자 내외)*
690,1,본인이 참여했던 프로젝트 중 가장 기억에 남았던 경우과 그 이유를 입력하여 주십시오
691,1,"[자기개발능력] 살아오면서 어떤 목표를 세우고, 그 목표를 달성하기 위해 열심히 노력했던 경험 중 가장 높게 세웠던 큰 목표는 무엇이고, 달성하기 위해 어떤 노력을 하고 그 결과는 어떠하였는지 구체적으로 기술.(700자)"
692,1,본인이 경험했던 가장 어려운 일과 그 것을 어떻게 극복하였는지 소개해 주세요.
693,1,오랫동안 노력해서 원하는 것을 성취했거나 실패했던 경험에 대하여 적어 주십시오. (500자 이내)
694,1,본인이 단체 생활 중 가장 힘들었던 경험과 그 경험을 통해 얻은 것은 무엇인지 기술해 주십시오
695,1,"최근 5년 이내 자신의 경험 중 가장 어려웠던 결정은 무엇이며, 그러한 결정을 내린 기준과(또는 이유와) 결과에 대하여 기술해주십시오. (500)"
696,1,"자신의 역량보다 더 높은 목표를 세워 시도했던 경험 중 가장 기억에 남는 경험의 과정과 결과를 설명하고, 이를 통해 배운 점을 기술해주십시오. (500)"
697,1,힘들고 어려웠거나 심각한 문제가 발생하였음에도 이를 극복하여 임무를 완수하거나 성공적인 결과를 가져온 사례를 작성해 주세요.
698,1,"2개 이상의 중요한 가치, 원칙 등이 충돌하는 상황에서 전략적으로 해결한 경험에 대하여 기술하여 주십시오. 당시 어떠한 상황이었으며, 이를 해결하는 과정에서 발생한 어려움을 어떻게 극복하였는지 구체적으로 기술하여 주십시오."
699,1,"최근 3년 내 가장 어려웠던 도전은 무엇이었으며, 그 경험을 통해 무엇을 배웠는지 기술해 주십시오. (최대 700자 입력가능)"
700,1,새로운 것을 접목하거나 남다른 아이디어를 통해 문제를 개선했던 경험에 대해 서술하시오.
701,1,다른 사람들이 생각하지 못한 새로운 방식을 적용하여 좋은 결과를 거둔 경험을 서술하시오.
702,1,자신의 인생 경험 중 가장 힘들었을 때와 그것을 극복하기 위해 했던 일을 구체적으로 기술해 주세요. (700자 내외)
703,1,살아오면서 가장 도전적이었던 경험과 이를 통해 무엇을 성취할 수 있었는지 기술해 주십시오. *
704,1,"당면한 문제를 해결하기 위해 시도했던 경험 중 원인을 철저히 규명하여 문제를 해결했던 사례에 대해 구체적으로 기술해 주십시오. 당시 문제가 되는 상황은 무엇이었으며, 어떠한 과정을 통해 원인을 규명하였는지, 그렇게 문제를 해결한 이유는 무엇이었는지 상세하게 기술해 주십시오. [출처] 한국남동발전 자기소개서 자소서 문항 20년 상반기 (~6/1)"
705,1,"도전적인 목표를 세우고 성취한 경험 두 가지를 간단히 기입해주시고, 한 가지를 선택하시어 자세히 서술해주시기 바랍니다. 3-1. 경험 1"
706,1,위 서술해주신 경험 중 한 가지를 선택하시어 목표 달성과정을 포함하여 자세하게 서술해주시기 바랍니다
707,1,"예상치 못한 문제로 인해 계획대로 일이 진행되지 않았을 때, 성공적으로 대처한 경험(사례)를 기술하여 주십시오.(1028/1500byte 이내)"
708,1,"경력, 경험 중 가장 우수한 사례에 대해 본인의 역할, 행동, 주요성과를 기술바랍니다."
709,1,"본인이 열정과 자신감을 가지고 도전했던 경험은 무엇이었으며, 어떻게 행동하였고 그 결과는 무엇인지 기술하여 주십시오."
710,1,주어진 업무에 대해 주도적으로 문제점을 확인하고 이를 개선하기 위해 노력했던 경험에 대해 기술해 주십시오. (400자 이내)
711,1,기존의 방식을 개선하고 새로운 혁신을 실행했던 활동에 대하여 기술해 주십시오. (600자)
712,1,"귀하가 스스로 문제를 발견하고, 이를 해결했던 경험에 대해 기술해 주세요."
713,1,자신이 어려운 문제를 해결하여 조직의 일부 또는 전체에 상당히 긍정적인 결과를 가져온 경험에 대해 기술하여 주시기 바랍니다. [ 1자 이상 500자 이내]
714,1,학업 또는 직장생활 이외에 열정을 가지고 했던 경험 가운데 기억에 남는 성공 또는 실패한 사례를 기술하시오
715,1,학업 외 가장 열정적이고 도전적으로 몰입하여 성과를 창출했거나 목표를 달성한 경험을 기술하시오*
716,1,엄청난 노력을 바탕으로 몰입하여 어려움을 극복한 경험과 느낀점을 기술해 주십시오. [750자 이내]
717,1,"자신이 경험한 가장 큰 실수는 무엇이며, 그 실수를 해결하기 위해 노력한 과정과 본인이 얻은 교훈은 무엇인지 기술하여 주십시오."
718,1,남들과 다른 새로운 관점으로 변화/혁신을 추구한 경험과 그를 통해 배운점이 무엇인지 기술하시오.(1500바이트)
719,1,최근 경험한 광고 중 가장 기억에 남는 광고(구매나 액션에 크게 영향을 미친)와 그 이유를 설명해주세요.
720,1,"지금까지의 경험 중, 본인이 주도적/주체적으로 어떤 문제상황을 개선/극복했던 경험에 대해 작성해주세요. (최대 700자 입력가능)"
721,1,"추가질문 자신이 하고 싶은 것을 진지하게 수행했던 경험(Integrity), 무엇인가에 빠져 헌신적으로 수행했던 경험(Passion), 끊임없는 개선을 통해 타인을 감동시켰던 경험(Never-ending Change) 중 한 개를 선택하여 그 경험과 결과에 대해 서술하시오"
722,1,복잡한 문제를 논리적이고 분석적으로 접근하여 해결했던 경험에 대해 서술해 주십시오.
723,1,높은 목표를 설정하고 많은 에너지와 노력을 들여 성과를 낸 경험에 대해 서술해 주십시오. 가 객관적으로 드러나게 작성할 것)
724,1,"[문제해결능력] 살아오면서 어떤 문제 상황이 발생하였을 경우, 이를 해결하기 위해 어떤 노력을 하였고, 그 결과는 어떠하였는지 구체적으로 작성하여주시기 바랍니다"
725,1,기존 관행이 아닌 창의적인 아이디어를 통해 조직의 업무 프로세스를 개선하거나 성과를 낸 경험에 대해 상세하게 기술해주십시오.
726,1,기존 방식에 대해 문제의식을 가지고 새로운 방식을 시도한 경험에 대해 아래 항목에 따라 작성해 주십시오. 2-1. 문제의식을 가지게된 상황과 개선 과정에 대해 작성해 주십시오.??????
727,1,"해당 시도의 결과는 무엇이며, 추가적인 개선방안은 무엇이 있을지 작성해 주십시오."
728,1,"예상치 못한 문제에 직면했으나 끝까지 해결했던 경험에 대해 아래 항목에 따라 작성해 주십시오. 4-1. 언제, 어떻게 발생한 상황이며, 어떤 문제를 겪었는지에 대해 작성해 주십시오."
729,1,해당 문제를 해결한 과정과 재발 방지 방안에 대해 작성해 주십시오.??????
730,1,자발적으로 최고 수준의 목표를 세우고 끈질기게 성취한 경험에 대해 최대한 구체적으로 작성해 주십시오.
731,1,높은 목표 설정 자발적으로 최고 수준의 목표를 세우고 끈질기게 성취한 경험에 대해 서술해 주십시오.(700자 10단락 이내) / 목표 달성을 위한 구체적 노력/ 실제 결과/ 경험의 진실성을 증명할 수 있는 근거가 잘 드러나도록 기술)
732,1,새로운 것을 접목하거나 남다른 아이디어를 통해 문제를 개선했던 경험에 대해 서술해 주십시오.(700자 10단락 이내)
733,1,업무 중 어려움을 극복한 경험
734,1,자발적으로 최고 수준의 목표를 세우고 끈질기게 성취한 경험
735,1,"자신의 장점을 더욱 극대화 시키거나, 약점을 보완하기 위해 특별히 노력하여 좋은 결과로 이어졌던 경험에 대하여 기술하여 주시기 바랍니다. (400자)"
736,1,갑작스럽게 발생한 주변 환경의 변화에 대응하고 적응하기 위해 기존에는 생각하지 못했던 방법을 활용했던 경험에 대해 기술하여 주시기 바랍니다. (400자)
737,1,당면한 문제를 효과적으로 해결했던 경험에 대해 구체적으로 작성해 주시기 바랍니다.
738,1,"살아오면서 큰 장애물이나 난관에 부딪혔던 경험과 이를 극복하기 위해서 어떠한 노력을 기울였으며, 결과는 어떠하였는지 기술하여 주십시오. (500자 이내)"
739,1,"자신의 고유한 아이디어를 가지고 문제를 해결하던 중 다른 사람과 의견 차이가 있어, 상대방을 설득하여 좋은 결과(혹은 실패한 결과)를 얻었던 경험을 다음 세부 항목에 따라 작성해 주십시오. - 기존 방식의 문제점, 아이디어를 생각해 낸 계기 및 노력 등 당시 상황에 대한 내용을 작성해 주십시오."
740,1,"가치가 대립되는 딜레마 상황을 겪었던 경험을 다음 세부 항목에 따라 작성해 주십시오. - 대립되는 가치는 무엇이었으며, 가치 대립이 왜 딜레마가 되었는지 등 당시 상황에 대한 내용을 작성해 주십시오."
741,1,"딜레마 상황에서 본인은 어떤 가치를 선택하였으며, 구체적으로 어떤 행동을 했는지, 그리고 그 결과는 어떠했는지에 대해 작성해주십시오."
742,1,"지금까지 가장 애정을 갖고 열정적으로 이루어낸 성과가 있다면 무엇이고, 이를 통해 느낀 점은 무엇입니까? 또한 이러한 경험을 우리은행에서 어떻게 활용할 수 있을지 구체적으로 기술하여 주십시오. (1200byte)"
743,1,[문제해결능력] 해결하기 어려운 문제를 적극적인 노력으로 해결했던 경험에 대해 작성해 주시기 바랍니다.
744,1,예상하지 못한 어려움을 만났을 때 효과적으로 해결했던 경험과 이를 통해 배운 점을 기술하여 주십시오. (600자)
745,1,지금까지 가장 열정적/혁신적으로 임하여 성과를 이룬 경험과 그 과정에서 배운 교훈을 기술해 주시기 바랍니다.(700)
746,1,문제에 대한 정확한 분석을 바탕으로 효과적으로 해결했던 경험
747,1,최근 3년 이내 자신의 정보수집 능력으로 소속 조직/팀 과제 수행에 긍정적인 성과를 도출할 수 있었던 경험에 대해 작성해 주시기 바랍니다.
748,1,"책임감을 가지고 세심하고 집요하게 노력하여 일을 마무리 했던 경험을 서술해 주세요. (최소 1자, 최대 500자 입력가능)"
749,1,"변화에 적극적으로 대처하기 위해 혁신적으로 개선을 했던 경험을 서술해 주세요. (최소 1자, 최대 500자 입력가능)"
750,1,"어려운 문제를 해결하기 위해 창의적인 대안을 찾아냈던 경험을 서술해 주세요. (최소 1자, 최대 500자 입력가능)"
751,1,"최근 5년 내에 직면했던 삶의 어려움이 무엇이었으며, 그것을 어떻게 극복하였는지 기술하시오. (100자 이상 입력) (최대 800자 입력가능)"
752,1,"본인이 사회경험, 학교생활, 취미활동 등에서 주인의식을 가지고 문제를 해결하고자 최선을 다한 경험을 서술해 주십시오."
753,1,매사에 능동적이며 맡은 바 업무를 끝까지 해결한 경험을 서술해 주십시오.
754,1,어떤 업무를 처리하는 과정에서 다양한 상황들을 고려하여 의사결정을 내렸던 경험에 대해 아래 항목에 따라 기술해 주시기 바랍니다. 1) 업무 처리시 의사결정을 내렸던 과정과 이를 위해 활용한 자료들에 대해 기술 2) 의사결정 시 고려했던 대안들과 최종 결정한 근거에 대해 기술
755,1,"정확한 분석을 통해 복잡하게 얽힌 과제나 문제를 해결했던 경험에 대해 아래 항목에 따라 기술해 주시기 바랍니다. 1) 주어진 과제나 문제의 원인, 본질을 분석했던 내용에 대한 기술 2) 분석한 결과를 과제 및 문제 해결에 적용했던 내용에 대한 기술"
756,1,오류없이 성공적으로 과제 또는 업무를 수행하고자 최선을 다했던 경험을 아래 항목에 따라 기술해 주시기 바랍니다. 1) 오류나 실수가 발생할 가능성이 있었던 업무(과제) 특성 및 주의를 기울였던 행동에 대해 기술 2) 진행과정 별 치밀하게 처리했던 방법에 대해 기술
757,1,지금까지 본인이 한일 중에 가장 창조적이고 혁신적인 것은 무엇이었나요?
758,1,"자신이 도전해 본 경험 중 한 가지에 대해서, 그것을 달성하기 위해 세웠던 목표와 노력, 과정, 결과를 기술해주세요."
759,1,업무 또는 활동 수행시 겪은 위기를 어떻게 극복하였는지 기술해 주십시오.(300)
760,1,문제가 무엇인지 파악이 잘 안되거나 혹은 감당하기 어려운 과제를 진행해 본 경험에 대해 어떻게 해결했는지 최종 결과와 함께 기술하시오
761,1,"학업 외 본인이 가장 많은 시간을 투자하고 있는 활동은 무엇이며, 그 활동을 통해 무엇을 얻었는지 구체적으로 기술해주십시오."
762,1,"최근 5년 이내 자신의 경험 중 가장 어려웠던 결정은 무엇이며, 그러한 결정을 내린 기준과(또는 이유와) 결과에 대하여 기술해주십시오."
763,1,"자신의 역량보다 더 높은 목표를 세워 시도했던 경험 중 가장 기억에 남는 경험의 과정과 결과를 설명하고, 이를 통해 배운 점을 기술해주십시오."
764,1,최근 5년 내 어떤 목적을 달성하고자 귀하 역량이 결정적 힘을 발휘하여 어떤 문제해결이나 곤란한 상황등을 극복할 수 있었던 사례를 구체적으로 기술하라 700
765,1,새로운 아이디어를 통해 문제를 개선했던 경험
766,1,"자신이 추진했던 일(프로젝트, 연구활동, 기타과업 등)의 프로세스를 지속적으로 향상시키기 위해 노력했던 경험이 있다면 프로세스 향상을 위한 기존 프로세스에 대한 검토 내용 기술 프로세스를 향상시킨 구체적인 방안 기술"
767,1,"정확한 분석을 통해 복잡하게 얽힌 과제나 문제를 해결했던 경험에 대해 아래 항목에 따라 기술해 주시기 바랍니다. 주어진 과제나 문제의 원인, 본질을 분석했던 내용에 대한 기술 분석한 결과를 과제 및 문제 해결에 적용했던 내용에 대한 기술"
768,1,"최근 본인이 가장 몰입했던 일을 하나 골라 설명하고, 그것이 본인에게 미친 영향과 이를 통해 느낀 점을 기술하여 주십시오."
769,1,예상치 못한 문제로 인하여 일이 계획대로 진행되지 않았을 때 책임감을 가지고 적극적으로 수행한 경험을 서술하십시오.
770,1,"살아오면서 큰 장애물이나 난관에 부딪혔던 경험과 이를 극복하기 위해서 어떠한 노력을 기울였으며, 결과는 어떠하였는지 기술하여 주십시오."
771,1,기존의 방식에 대하여 문제의식을 가지고 이전과 다른 방식으로 개선을 이끌어낸 대표적인 경험에 대하여 구체적으로 기술해 주십시오
772,1,본인의 경험 중 대상의 니즈를 파악하고 상황을 분석하여 전략적으로 해결방안을 제시한 경험에 대해 기술해주시기 바랍니다.
773,1,현실에 안주하지 않고 창의적인 접근을 시도하여 긍정적인 변화를 창출해낸 경험이 있다면 기술하시오(1000자이내)
774,1,최근 귀하가 겪은 경험 중 기존 방식에서 벗어나 새로운 방식을 도입하여 성공적인 결과를 얻었던 사례를 기술해 주십시오.
775,1,"공동의 목표달성을 위해 노력했던 경험을 설명하고, 본인이 수행한 역할은 무엇이었는지 기술하시오. (택하지 않은 보기는 공란으로 둘 것) 2. 살면서 가장 몰입했던 경험을 설명하고,해당 경험이 본인의 가치관이나 삶에 어떠한 영향을 미쳤는지 기술 3. 다른 사람과 크게 대립했던 경험을 설명하고, 이를 어떻게 해결했는지 기술하시오."
776,1,자신의 일상과 인생에서 감사하다고 느꼈던 상황 혹은 경험 10가지를 쓰시오
777,1,실수나 실패를 극복한 경험을 서술하여 주십시오. 도전/끈기/개선
778,1,현재 자신의 위치에 오기 위해 수행해온 노력과 지원한 분야에서 성공을 위해 계획 및 노력한 경험에 대하여 구체적으로 기술하여 주십시오.
779,1,"당시 본인에게 주어진 상황과 과제, 그리고 역할에 대해 기술해 주십시오."
780,1,"당시 본인이 취한 행동과 그 결과는 무엇이었는지, 그 경험이 입사 후 업무수행에 어떠한 도움을 줄 수 있을지 기술해 주십시오."
781,1,기존 방식이나 현상에 대해 문제의식을 갖고 전략적으로 해결한 경험을 작성해 주십시오.
782,1,"업무 또는 과제를 수행하면서 본인의 부족한 점을 발견하고, 이를 개선하기 위해 노력하여 성과를 낸 경험을 작성해 주십시오."
783,1,"학교생활 동안 남들과 다른 특별한 경험을 함으로서 얻게 된 성취감이 있으면 기재하여 주시고 (필수), 자신의 전 사회 경험 중에서 가장 성취감을 느꼈던 사항을 상세히 기재하여 주시기 바랍니다 (선택)."
784,1,"도전적인 목표를 정하고 열정적으로 일을 추진했던 경험과 관련 추진과정에서 겪은 어려움, 이를 극복한 방법, 그리고 그 일의 결과를 중심으로 서술해 주십시오. [100자 이상 500자 이내]"
785,1,개인적 취미와 여가로 가장 몰입했던 경험 세 가지에 대해 기술해주십시오.
786,1,학업이나 업무 중에 가장 힘들거나 어려웠던 사례에 대해 기술해 주십시오. 더불어 그 사례를 해결하기 위해 어떤 노력을 기울였는지 설명해주십시오.
787,1,자발적으로 최대수준의 목표를 세우고 이룬경험
788,1,(문제해결능력) 새로운 일 또는 경험을 하는 과정에서 더 나은 결과를 만들기 위해 ???문제를 분석하고 기획하여 성과를 달성한 경험이 있다면 당시 상황과 ???본인의 역할 주변의 피드백을 구체적으로 기술해 주십시오. (500자 이내)
789,1,"자기통제력 대인관계, 과도한 업무량, 고난과 외압 등의 스트레스가 주어져도 자기감정을 조절하며 업무를 수행하고 중심을 유지한다 (A,B 중 택 1) A. 자신이 스트레스를 받는 상황에서도 자신의 감정을 잘 다스리는 사람임을 입증할 수 있는 사례(경험)와 그 근거를 구체적으로 작성해주시기 바랍니다. B. 최근 3년 이내 스트레스를 받는 상황에서 효과적으로 대처했던 경험에 대해 구체적으로 작성해주시기 바랍니다."
790,1,"안전/위험관리 위험이나 사고에 영향을 주는 상황들을 인식하고 사전에 이를 예방하기 위한 조치를 취한다 (A,B 중 택 1) A. 자신이 규정이나 기준을 잘 지키는 사람임을 입증할 수 있는 사례(경험)와 그 근거를 구체적으로 작성해주시기 바랍니다. B. 최근 3년 이내 규정이나 기준을 지키기 어려운 상황임에도 불구하고, 그것을 지키기 위해 많은 노력을 기울였던 경험에 대해 구체적으로 작성해주시기 바랍니다."
791,1,최근 당면한 가장어려웠던 일이나 문제를 기술하고 해결하기 위해 취했던 행동을 서술하시오
792,1,"귀하가 어떤 구체적인 목표를 달성하기 위해, 어떤 준비와 과정을 거쳐 그 목표를 달성한 경험에 대해 기술하시오.(1000byte)"
793,1,"(창의와 도전) 새로운 일에 도전했거나, 기존 방식이나 현상에 대해 문제의식을 갖고 전략적으로 해결한 경험을 기술 하십시오."
794,1,나의 삶에 가장 큰 변화를 가져온 사건은 무엇이고 어떠한 의미가 있었는지 서술해 주십시오(300자)
795,1,"내가 대학생활에서 경험한 일 중, 가장 자랑스러웠던 경험은 무엇인지 서술해 주십시오(300자)"
796,1,"내가 인생에서 꼭 이루고 싶었던 한 가지(취업, 일 관련 제외)는 무엇이며, 그것을 이루기 위해 어떤 노력을 했는지 또는 하고 있는지 서술해 주십시오(300자)"
797,1,귀하의 대학생활 중 탁월한 활동실적(교내외)이 있다면 무엇입니까?
798,1,학업이외에 관심과 열정을 가지고 했던 다양한 경험 중에서 기억에 남는 것을 구체적으로 기술
799,1,살아오면서 가장 도전적이었던 경험과 이를 통해 무엇을 성취할 수 있었는지 기술해 주십시오
800,1,높은 목표 설정 자발적으로 최고 수준의 목표를 세우고 끈질기게 성취한 경험에 대해 서술해 주십시오. (700자 10 단락 이내)
801,1,기존의 틀을 깨는 과감한 실행 새로운 것을 접목하거나 남다른 아이디어를 통해 문제를 개선했던 경험에 대해 서술해 주십시오.(700자 10 단락 이내)
802,1,창의적 사고를 통해 주어진 업무 또는 과제를 개선하였던 경험과 이를 통해 얻게 된 교훈에 대해 서술하십시오.
803,1,"Change A. 살아오는 동안 자신에게 생긴 변화 중 인생의 전환점이나, 가치관의 변화가 생긴 경험이 있다면 서술하십시오."
804,1,B. 어떤 이유로 변화 혹은 개선해야 한다고 생각했는지 서술하십시오.
805,1,"C. 개선, 변화를 시도하면서 가장 어려웠던 점은 무엇이며, 그것을 어떻게 극복하셨는지 서술하십시오."
806,1,D. 지금까지 바꾸고 싶었지만 바꾸지 못했던 안 좋은 습관을 서술해 주십시오. 그리고 향후 이것을 개선할 계획이 있다면 서술하십시오.
807,1,Change A. 단체활동 중 가장 어려웠던 경험 또는 가장 보람이 있었던 경험을 서술하십시오.
808,1,B. (선택사항) 원칙을 준수하여 본인이 손해를 본 경험이 있습니까? 그럼에도 준수하고자 노력하신 이유는 무엇인지 서술하십시오.
809,1,"자발적으로 더 높은 수준의 목표를 세우고 도전했던 경험 중 어려웠던 문제나 상황은 무엇이었으며, 이를 극복하기 위한 문제 해결 과정 및 노력에 대해 서술해 주십시오."
810,1,"지금까지 살아오면서 가장 어려운 일에 도전해 본 경험을 골라 구체적인 상황, 자신의 행동, 결과 등을 기술해 주십시오.(육체적인 도전 제외)"
811,1,"예상치 못했던 문제로 인해 계획대로 일이 진행되지 않았을 때, 책임감을 가지고 적극적으로 끝까지 업무를 수행해내어 성공적으로 마무리했던 경험이 있으면 기술해 주십시오. (500자 이내)"
812,1,어떤 목적을 달성하기 위해 했던 노력의 과정을 들려주세요.
813,1,"귀하가 어떤 구체적인 목표를 달성하기 위해, 어떤 준비와 과정을 거쳐 그 목표를 달성한 경험에 대해 기술하시오."
814,1,"최근 3년 내 가장 어려웠던 도전은 무엇이었으며, 그 경험을 통해 무엇을 배웠는지 기술해 주십시오."
815,1,"지금까지 경험한 가장 큰 실패 및 이를 통해 깨달은 점에 대해 서술하시오. 1-2. 새로운 도전을 시도해본 경험 및 이를 통해 깨달은 점에 대해 서술하시오. → 위 1, 2번 중 희망하는 문항 1가지 선택"
816,1,가치관 : 가장 인상 깊게 읽은 책과 그 책을 통해 어떠한 가치관의 변화가 있었는지 기술해주십시오.
817,1,"다양한 사회경험 중 가장 어렵거나 힘들었던 경험은 어떤 경험이며, 어떻게 문제를 해결하고 극복 하셨나요? 그 때의 상황, 해결 과정에서의 역할, 해결 후 결과 및 배운 점에 대하여 자세히 기술해주세요."
818,1,새로운 변화 상황에서도 잘 적응했던 경험 중 가장 기억에 남는 경험을 구체적으로 기술해주십시오(1000자)
819,1,자신의 특성에 대해서 자세히 설명해 주세요. 지원동기에 대하여 설명하여 주세요. 생각을 바꿔본 계기가 되었던 경험에 대해서 그 이유를 포함하여 자세히 설명해 주세요.
820,1,자신의 특성에 대해서 자세히 설명해 주세요. 지원동기에 대하여 설명하여 주세요. 생각을 바꿔본 계기가 되었던 경험에 대해서 그 이유를 포함하여 자세히 설명해 주세요. 최근 몇 년 동안 제일 노력한 것에 대해서 설명해 주세요. 또한 그런 활동을 통해 얻은 것을 구체적으로 설명해 주세요.
821,1,[문제해결능력] 자신의 경험 중 반복되는 문제점을 발견하고 이를 개선했던 경험에 대해 기술하여 주시기 바랍니다. 문제가 반복되었던 원인과 해결책 등을 구체적으로 기술해 주십시오.
822,1,본인의 인생관에 큰 영향을 미친 도전
823,1,최근 3년 내 가장 어려웠던 도전은 무엇이었으며 그 경험을 통해 무엇을 배웠는지 기술해 주십시오. (최대 700자 입력가능) [전화위복 정신- 실력발휘를 통해 이겨낸 차별]
824,1,"불리한 여건(개인적, 상황적, 환경적 등)에도 불구하고 맡은 일(학업, 동아리활동, 팀 프로젝트 등)을 완수하기 위해 노력했던 경험을 기술해 주십시오. (최대 500자 입력가능)"
825,1,남들과 다른 새로운 관점으로 변화/혁신을 추구한 경험과 그를 통해 배운점이 무엇인지 기술하시오. 1500BYTE
826,1,기존과는 차별화된 방식으로 성공적인 결과를 얻은 경험에 대해 기술하시오.
827,1,"자신에게 주어졌던 일 중 가장 어려웠던 경험과 극복하기 위한 노력, 배운점을 기술하시오."
828,1,학업 이외 인생에서 가장 즐겁게 몰입했던 경험 및 그 경험이 본인에게 미친 영향을 기술해 주세요 500
829,1,"(최근 5년 내에) 귀하가 어떤 구체적인 목표를 달성하기 위해, 어떤 준비와 과정을 거쳐 그 목표를 달성한 경험에 대해 기술하시오. 1000byte 이내"
830,1,"(최근 5년 내에) 귀하가 어떤 구체적인 목표를 달성하기 위해, 어떤 준비와 과정을 거쳐 그 목표를 달성한 경험에 대해 기술하시오."
831,1,최근에 학업이나 기타 사회경험을 하면서 특별히 도전적인 목표를 세웠던 경험을 기술하여 주십시오.
832,1,평소 생활하면서 소신이나 좌우명 등 가치관이 흔들렸던 경험이 있으면 기술하여 주십시오.
833,1,"소중한경험 : 지금까지 살아오면서 가장 가슴 속 깊이 남아있는 즐거웠거나, 힘들었던 자신만의 소중한 경험을 기술해 주세요."
834,1,"[자기개발능력]지금까지 살아오면서 어떤 목표를 세우고, 그 목표를 달성하기 위해 열심히 노력했던 경험 중 가장 높게 세웠던 큰 목표는 무엇이고, 달성하기 위해 어떤 노력을 하고 그 결과는 어떠하였는지 구체적으로 기술하시오. * [300자 이내]"
835,1,"최근 5년 이내, 지원한 직무와 관련된 활동(학업,동아리,업무 등)예상치 못한 문제가 발생하여 난감했던 상황을 효과적으로 극복한 사례가 있다면, 문제상황, 극복방법, 결과로 구분하여 구체적으로 기술해 주시기 바랍니다. (300~500자)"
836,1,본인만의 창의적인 아이디어 또는 발상의 전환 등 기존과 다른 방법으로 문제를 해결했던 경험에 대해 구체적으로 작성해주세요(1000자)
837,1,자신이 맡은 분야에서 남들과는 다른 탁월한 목표를 설정하여 성공한 경험과 그를 통해 배운 점은 무엇인가요?
838,1,자발적으로 최고 수준의 목표를 세우고 끈질기게 성취한 경험에 대해 서술
839,1,새로운 것을 접목하거나 남다른 아이디어를 통해 문제를 개선했던 경험
840,1,조직이나 단체생활 중 어떤 시도나 일을 하는 과정에서 새로운 방법으로 문제를 해결했던 경험을 그 때 의 상황과 실행한 행동을 구체적으로 기술해 주십시오.
841,1,"목표를 달성하기 위해 필요한 시간, 비용, 인력 등을 근거에 기반해 산출했던 경험을 기술하고, 산출근거에 따라 실제 활용했을 때 일치했는 지, 그 결과는 어떠했는지 구체적으로 기술해 주십시오."
842,1,"익숙하지 않은 문제에 직면했을 경우 귀하는 보통 어떻게 해결합니까? 귀하가 경험한 가장 최근 사례를 기반으로 기술해 주십시오. ① 어떤 문제였으며, 어떤 과정을 통해 문제를 해결하였나요? ② 그런 과정을 통해 문제를 해결할 수 있겠다고 생각한 이유는 무엇입니까?"
843,1,살아오면서 본인이 새로운 아이디어를 제시하였던 경험을 그 결과 (무엇이 어떻게 변화하였는지) 와 함께 기술하시오(600자 이내)
844,1,스스로의 발전을 위해 자발적으로 계획이나 목표를 수립하고 이를 달성하기 위해 노력했던 경험이나 사례를 기술하시오.
845,1,"귀하가 지금까지 살아오면서 가장 힘들었던 때는 언제였으며, 이러한 역경을 어떻게 극복하였고 이를 통해 얻게된 교훈을 무엇인지 기술하시오."
846,1,오랫동안 사람들이 관행적으로 수행하던 방식을 본인이 창의성을 발휘하여 바꿈으로써 효율성 또는 효과성을 높였던 경험이나 사례를 기술하시오.
847,1,"기존 방식이나 현상에 대해 문제의식을 갖고 전략적으로 해결한 경험을 다음의 세부항목에 따라 작성해 주십시오. 1-2. [Action&Result] 어떤 방식으로 해당 문제를 해결하였으며, 본인의 노력으로 개선된 결과를 구체적으로 작성해 주십시오."
848,1,"업무 또는 과제를 수행하면서 본인의 부족한 점을 발견하고, 이를 개선하기 위해 노력하여 성과를 낸 경험을 다음의 세부항목에 따라 작성해 주십시오. 4-1. [Situation&Task] 본인이 맡았던 업무 또는 과제와 이를 달성하는데 부족했던 점은 무엇이라고 판단하였는지 간단히 작성해 주십시오."
849,1,"업무 또는 과제를 수행하면서 본인의 부족한 점을 발견하고, 이를 개선하기 위해 노력하여 성과를 낸 경험을 다음의 세부항목에 따라 작성해 주십시오. 4-2. [Action&Result] 부족하다고 판단한 이유와 이를 개선하기 위해 노력했던 방법은 무엇이었으며, 그 결과 본인의 업무나 과제에 어떤 영향을 미쳤는지 구체적으로 제시해 주십시오."
850,1,본인의 경험 중 대상의 니즈를 파악하고 상황을 분석하여 전략적으로 해결방안을 제시한 경험에 대해 기술해주시기 바랍니다. (1000)
851,1,어떤 어려운 상황에서도 주어진 업무에 대해 끝까지 수행한 경험에 대해 구체적으로 기술해주시기 바랍니다.(500자 내)
852,1,"시키는 일의 범위를 넘어서 적극적으로 도전한 경험이 있다면 소개해 주십시오. - 구체적으로 언제, 어떤 상황이었습니까? - 어떻게 행동했습니까? - 결과에서 얻은 교훈은 무엇입니까?"
853,1,귀하는 자신의 변화와 혁신을 위해 스스로 하고 있는 것에 대해 기술해 주십시오. - 구체적으로 어떤 노력을 하고 있습니까? - 그 노력을 통해 어떤 효과를 얻을 수 있습니까? - 그 결과에 대해 어느 정도 만족하십니까?
854,1,어떻게 설명을 했습니까? - 그 결과는 어떠했습니까?
855,1,"지원자가 살아오면서 해결해야 했던 가장 어려운 과제는 무엇이었습니까? - 구체적으로 언제, 어떤 상황이었습니까? - 어떤 대안들을 모색했으며, 어떤 기준으로 하나의 대안을 선택하셨습니까? - 그 결과에 어느 정도 만족하십니까?"
856,1,지금까지 본인이 치열한 노력을 통해 성취한 것이 있다면 그 과정을 구체적으로 기술하고 본인의 성장을 위한 앞으로의 계획을 서술해 주세요. (600자 이내)
857,1,목표달성 경험- 지금까지 가장 도전적인 목표를 정하고 노력한 경험(성공 또는 실패)이 있다면 작성하여 주십시오 또한 어떤 원인 때문에 성공 또는 실패했는지 구체적으로 작성해 주시기 바랍니다.
858,1,"(최근 5년 내에) 귀하가 어떤 구체적인 목표를 달성하기 위해, 어떤 준비와 과정을 거쳐 그 목표를 달성한 경험에 대해 기술하 시오."
859,1,"본인이 가장 어려웠다고 생각하는 시기와 상황을 '간략히' 설명하고, 이를 극복하기 위해 '노력'한 과정을 설명해 주십시오."
860,1,"자신이 경험했던 가장 어려웠던 일과, 그 일을 해결하기 위해 했던 행동 및 결과에 대해 설명해주세요. (400자 이내)"
861,1,완수하기 어려운 상황에도 불구하고 맡은 바를 끝까지 달성하고자 노력했던 경험을 기술하시오
862,1,꼼꼼히 살펴 문제를 발견하거나 결과물의 완성도를 높이는 데에 기여한 경험을 기술하시오
863,1,본인만의 창의적인 아이디어 또는 발상의 전환 등 기존과 다른 방법으로 문제를 해결했던 경험에 대해 구체적으로 작성해 주세요 (1000자)
864,1,본인이 소속된 조직의 변화를 이끌어 내기 위하여 본인이 했던 노력과 그 결과에 대하여 기술하여 주십시오.
865,1,실험/과제의 효과성을 제고하기 위해 해당 과제를 기술적으로 개선한 경험에 대해 구체적으로 서술하여 주시기 바랍니다.
866,1,최근 5년 동안 본인이 문화예술분야에서 성취한 일 중에서 가장 자랑할 만한 것은 무엇입니까? 그것을 성취하기 위해 본인은 어떤 일을 했습니까?
867,1,"가장 도전적인 목표를 세우고 성취해 낸 구체적인 경험, 자신의 행동, 결과 등을 기술"
868,1,사회활동 : 학업 이외에 관심과 열정을 가지고 했던 다양한 경험 중 가장 기억에 남는 것을 구체적으로 기술해주세오(800자 이내)
869,1,실수나 실패를 극복한 경험을 서술하여 주십시오.1000BYTE
870,1,자신의 불리함을 감수하고 정직함을 지킨 경험에 대하여 서술하여 주십시오. 1000BYTE
871,1,"본인이 받았던 가장 도전적이거나 부정적인 피드백과 이에 대한 반응 및 개선을 위한 노력을 행동 기반으로 기술해 주십시오. (100자 이상, 350자 이내 작성)"
872,1,"도전적인 목표를 세우고 성취한 경험 두 가지를 간단히 기입해주시고, 한 가지를 선택하시어 자세히 서술해주시기 바랍니다."
873,1,도전적인 목표를 가지고 실행하여 성공 혹은 실패한 경험과 그 경험을 통해 무엇을 얻었는지 기술해 주십시오. (최대 700자 입력가능)
874,1,수강했던 전공 또는 교양과목 중 가장 관심 있었던 두 과목을 선택하고 그 이유를 작성바랍니다.
875,1,새로운 시도나 아이디어를 통해 문제를 개선했던 경험에 대해 기술하십시오.
876,1,"자기주도적으로 목표를 설정하고 끝까지 완수해낸 경험을 작성해주세요. ①목표를 위해 노력하는 과정 상 발생된 문제(한계)를 해결하기 위한 노력 및 결과, ②해당 경험을 통해 얻은 점을 포함하여 작성해주시기 바랍니다. (1,000자 이내)"
877,1,"지금까지 가장 애정을 갖고 열정적으로 이루어낸 성과가 있다면 무엇이고, 이를 통해 느낀 점은 무엇입니까? 또한 이러한 경험을 우리은행에서 어떻게 활용할 수 있을지 기술"
878,1,학업 이외에 가장 즐겁게 몰입했던 경험 및 본인에게 미친 영향
879,1,학업이나 기타 사회경험을 하면서 도전적인 목표를 세웠던 경험을 기술
880,1,평소 생활소신이나 좌우명 등 가치관이 흔들렸던 경험이 있으면 기술
881,1,"열정과 책임감으로 자신의 한계를 극복하여 최고의 성과를 낸 경험에 대해 구체적으로 작성해주세요. (어떤 경험이든 무방) (1,000자 이내)"
882,1,"가장 열정, 도전적으로 임했던 일이 무엇이었으며 그 과정에서 어떠한 노력을 하였고 무엇을 배웠는지"
883,1,남다른 생각으로 무언가를 새로운 방향으로 시도한 경험에 대해 기술해주세요.
884,1,자발적으로 최고 수준의 목표를 세우고 끈질기게 성취한 경험에 대해 서술해주십시오.
885,1,새로운 것을 접목하거나 남다른 아이디어를 통해 문제를 개선했던 경험에 대해 서술해주십시오.
886,1,지금까지 살아오면서 성공 또는 실패에 대한 경험을 구체적으로 서술하시오.
887,1,"자발적으로 최고 수준의 목표를 세우고 끈질기게 성취한 경험에 대해 서술해 주십시오. 1) 먼저, 관련 대표 경험 2가지를 간략하게 작성해 주십시오. (각 50자 이내) - 언제, 어디서, 어떤 일을 수행했던 경험인지 간략하게 기술할 것 2) 위에 작성한 2가지 경험 중 1개를 골라 좀 더 상세하게 작성해 주십시오. - 본인이 설정한 목표/ 목표의 수립 과정/ 처음에 생각했던 목표 달성 가능성/ 수행 과정에서 부딪힌 장애물 및 그 때의 감정(생각)/ 목표 달성을 위한 구체적 노력/ 실제 결과/ 경험의 진실성을 증명할 수 있는 근거가 잘 드러나도록 기술 (1000 자 10 단락 이내)"
888,1,"새로운 것을 접목하거나 남다른 아이디어를 통해 문제를 개선했던 경험에 대해 서술해 주십시오. 1) 먼저, 관련 대표 경험 2가지를 간략하게 작성해 주십시오. (각 50자 이내) - 언제, 어디서, 어떤 일을 수행했던 경험인지 간략하게 기술할 것 2) 위에 작성한 2가지 경험 중 1개를 골라 좀 더 상세하게 작성해 주십시오. - 기존 방식과 본인이 시도한 방식의 차이/ 새로운 시도를 하게 된 계기/ 새로운 시도를 했을 때의 주변 반응/ 새로운 시도를 위해 감수해야 했던 점/ 구체적인 실행 과정 및 결과/ 경험의 진실성을 증명할 수 있는 근거가 잘 드러나도록 기술 (1000 자 10 단락 이내)"
889,1,기존과는 다른 방식을 시도하여 이전에 비해 업무를 개선했던 경험을 구체적으로 [600자]
890,1,자신에게 요구된 것보다 더 높은 목표를 세워 시도했던 경험 중 가장 기억에 남는 것은 무엇입니까? 목표 달성 과정에서 아쉬웠던 점이나 목표 달성을 위해 실행한 구체적인 행동을 작성 하세요. [600자]
891,1,본인의 인생에 가장 큰 영향을 미친 사건
892,1,남들과 다른 새로운 관점으로 변화/혁신을 추구한 경험과 그를 통해 배운점이 무엇인지 기술하시오
893,1,"(최근 5년 내에) 귀하가 어떤 구체적인 목표를 달성하기 위해, 어떤 준비와 과정을 거쳐 그 목표를 달성한 경험에 대해 기술하시오. (1000)"
894,1,개인적인 손해를 감수하면서 맡은 일에 대해 최선을 다했던 경험에 대해 서술하여 주시기 바랍니다.
895,1,지금까지 살아오면서 도전해 본 가장 어려운 일과 이를 창의적으로 해결하기 위해 노력한 과정에 대해 서술하여 주시기 바랍니다.
896,1,가장 기억에 남는 성공 또는 실패한 경험에 대해서 말씀해주세요.
897,1,"(최근 5년 내에) 귀하가 어떤 구체적인 목표를 달성하기 위해, 어떤 준비와 과정식을 거쳐 그 목표를 달성한 경험에 대해 기술하시오. (500)"
898,1,"최근 5년 내에 직면했던 삶의 어려움이 무엇이었으며, 그것을 어떻게 극복했는지 기술하시오."
899,1,"목표달성 경험, 가장 도전적인 목표 & 노력한 경험이 있다면 작성, 또한 어떤 요인 때문에 성공 또는 실팼는지 구체적으로 작성"
900,1,"본인에게 있어서 절제가 잘 되지 않은 점이 무엇인지 기술하고, 과거에 이를 위해서 어떤 대비책을 발휘 하였는지 작성해 주십시오."
901,1,"본인이 목표를 세우고 달성했던 경험 중 가장 보람 있었던 경험은 무엇입니까? 본인이 마주했던 상황, 행동과 결과에 대해 기술하여 주십시오."
902,1,살아오면서 본인의 가치관에 큰 영향을 준 일에 대해 자세히 이야기해주세요.
903,1,"본인이 경험한 “혁신”의 사례를 들고, 해당 경험이 “혁신”이라고 생각하는 이유를 기술하시오."
904,1,가치관 확립에 가장 큰 영향을 준 인생 경험을 서술하시오.
905,1,"지금까지 살아오면서 도전했던 경험 중 가장 큰 도전을 구체적으로 설명하고 도전 결과 성공했다면 성공의 이유, 실패했다면 얻은 교훈을 설명하시오"
906,1,일반적으로 경험하기 힘든 특별한 체험/남다른 성취경험(600자)
907,1,"장기간(2년이상) 지속해온 활동에 대해서 작성하고, 그 이유를 기술하세요"
908,1,지금까지 경험한 좌절과 실수로부터 배운것을 작성하세요
909,1,"[문제해결] 예상하지 못한 어려움에 당면 때, 해결하는 자신만의 노하우를 제시하고, 제시한 노하우를 발휘하여 최선의 결과를 이끌어 낸 경험을 기술"
910,1,자발적으로 높은 목표를 세우고 끈질기게 성취한 경험에 대해 서술해 주십시오.
911,1,창의성을 발휘하여 문제를 해결했던 경험에 대해 서술해 주십시오.
912,1,"지금까지 가장 애정을 갖고 열정적으로 이루어낸 성과가 있다면 무엇이고, 이를 통해 느낀 점은 무엇입니까?"
913,1,본인만의 창의적인 아이디어 또는 발상의 전환 등 기존과 다른 방법으로 변화를 이끌어 낸 경험에 대해 구체적으로 작성해 주세요.
914,1,"일을 진행하는 과정에서 갑작스러운 어려움에 부딪혔지만, 극복하려 노력했던 경험과 그 결과에 대해 말씀해주세요."
915,1,기존의 관행을 바꾸고자 노력한 사례를 기술
916,1,"기존의 방식이나 현상에 대해 문제의식을 갖고, 본인만의 새로운 아이디어나 다른 접근 방식을 통해 문제를 해결했던 경험에 대해 기술해 주십시오."
917,1,불리함을 감수하고 법과 원칙을 준수하여 책임감 있게 행동한 경험에 대하여 기술해 주십시오.
918,1,"본인의 ① 글로벌 경험 또는 역량을 구체적으로 작성하고, ②해당 글로벌 경험 및 역량을 취득하는 과정에서 어려웠던 상황과 이를 극복하기 위해 노력했던 과정 및 결과를 작성해 주십시오"
919,1,"본인의 성격 유형 또는 실패, 위기에 직면했을 때 어떻게 극복했는지 서술하시오. (0Bytes / 1000 Bytes)"
920,1,살아오면서 내 삶에 가장 큰 변화를 줬던 변곡점에 대해 얘기해주세요! 그 일을 전후로 무엇이 달라졌나요? (700자 이내)
921,1,"[도전/열정] 도전적인 목표를 설정하고 열정적으로 목표를 달성하기 위해 노력했던 사례를 말씀해 주세요. (최대 1,000자 입력가능)"
922,1,어떤 사안에 대해 체계적인 계획을 세워 해결했던 경험을 작성해 보십시오. 500
923,1,어떤 사안에 대해 사전에 고려해야 할 사항을 챙기며 문제를 해결해 본 경험을 작성해 보십시오. 500
924,1,실수나 실패를 극복한 경험을 서술하여 주십시오. (1000byte)
925,1,자신의 불리함을 감수하고 정직함을 지킨 경험에 대하여 서술하여 주십시오. (1000byte)
926,1,Challenge B. 해당 직무역량을 향상시키기 위해 노력했던 경험을 서술하십시오.
927,1,"Change C. 개선, 변화를 시도하면서 가장 어려웠던 점은 무엇이며, 그것을 어떻게 극복하셨는지 서술하십시오."
928,1,Change D. 지금까지 바꾸고 싶었지만 바꾸지 못했던 안 좋은 습관을 서술해 주십시오. 그리고 향후 이것을 개선할 계획이 있다면 서술하십시오.
929,1,Honesty B. (선택사항) 원칙을 준수하여 본인이 손해를 본 경험이 있습니까? 그럼에도 준수하고자 노력하신 이유는 무엇인지 서술하십시오.
930,1,지금까지 겪었던 모든 경험 중에서 가장 큰 성취감을 느꼈던 사항에 대하여 상세히 기재하여 주시기 바랍니다.
931,1,살아오면서 가장 인상 깊었거나 본인에게 큰 영향을 끼치거나 기억에 남는 경험과 그를 통해 배운 점은 무엇인지 작성해 주시기 바랍니다.
932,1,도전적인 목표를 세워 성취한 경험을 그 과정과 결과 중심으로 기술하세요.(500 ~ 1500자)
933,1,담대한 목표를 세우고 이를 달성한 경험 담대한 목표를 세우고 이를 달성하고자 노력했던 사례에 대해 기술하세요
934,1,스스로 문제점을 발견하고 해결한 경험 스스로 문제점을 발견하여 이를 주도적으로 해결한 경험에 대해 기술하세요
935,1,자신이 이룬 가장 큰 성취
936,1,학업 외 가장 열정적이고 도전적으로 몰입하여 성과를 창출했거나 목표를 달성한경험을 기술하시오
937,1,"최근의 성공 또는 실패의 경험에 대해 설명하고, 그 경험에서의 결과를 앞으로 어떻게 활용해 나갈지 기술하시오."
938,1,"대학생활에서 경험한 일(학업, 취업 관련 제외) 중, 가장 자랑스러웠던 경험은 무엇인지 서술해 주십시오. (500자)"
939,1,"어려운 기술적 문제를 해결한 경험을 구체적으로 이야기 해주세요. 어떤 문제였는지 정확히 기술하고, 본인의 접근 방법과 실제 결과가 어땠는지 자세히 설명해주시기 바랍니다. 정확한 답을 찾지는 못한 경우라면 어디까지 고민해 봤는지 이야기 해 주셔도 좋습니다."
940,1,"본인이 가진 최대한의 에너지를 집중해 끝까지 파고 들었던 경험을 기재해주세요. 그 경험을 통해 배운 점이 무엇인지, 본인의 어떤 부분이 성장 했는지도 함께 설명해 주시기 바랍니다. 공부, 개발, 색다른 경험, 취미활동 등 어떤 분야의 경험이라도 좋습니다."
941,1,"도전적인 목표를 설정하여 가치있는 혁신을 실현해 본 경험해 대해 실행과정과 결과, 느낀점을 포함하여 설명해 주세요. (500자)"
942,1,"살아오는 동안 자신에게 생긴 변화 중 인생의 전환점이나, 가치관의 변화가 생긴 경험이 있다면 서술하십시오."
943,1,어떤 이유로 변화 혹은 개선해야 한다고 생각했는지 서술하십시오.
944,1,"개선, 변화를 시도하면서 가장 어려웠던 점은 무엇이며, 그것을 어떻게 극복하셨는지 서술하십시오. (250자이내)"
945,1,지금까지 바꾸고 싶었지만 바꾸지 못했던 안 좋은 습관을 서술해 주십시오. 그리고 향후 이것을 개선할 계획이 있다면 서술하십시오. (200자이내)
946,1,단체활동 중 가장 어려웠던 경험 또는 가장 보람 있는 경험을 서술하십시오.
947,1,원칙과 절차를 준수하고자 노력한 경험에 대해 서술하십시오 . (150자이내)
948,1,(선택사항) 원칙을 준수하여 본인이 손해를 본 경험이 있습니까? 그럼에도 준수하고자 노력하신 이유는 무엇인지 서술하십시오. (300자이내)
949,1,"본인만의 창의적인 아이디어 또는 발상의 전환 등 기존과 다른 방법으로 문제를 해결했던 경험에 대해 구체적으로 작성해 주세요. (최대 1,000자 입력가능)"
950,1,자신의 단점 혹은 한계를 극복하려고 했던 경험과 느낀점에 대해 기술하시오. (최대 500자 8단락)
951,1,"도전적인 목표(진학/학업 제외)를 수립하여 끈기 있고, 열정적으로 추진했던 경험을 구체적으로 기재하여 주시기 바랍니다.(700~1000자)"
952,1,"본인의 강점을 발휘하여 노력한 경험(실패 또는 성공)에 대해 구체적으로 기술하여 주시기 바라며, 실패 또는 성공의 원인을 구체적으로 기재하여 주시기 바랍니다.(700~1000자)"
953,1,어려운 일에 도전한 경험에 대해 기술하여 주십시오
954,1,자발적 목표 설정 및 성취 경험과 깨달음 본인의 의지로 큰 목표를 설정하여 성취한 경험과 깨달음에 대하여 기술해 주십시오.
955,1,"본인의 장점에 대해 기술하고 그 장점을 발휘하여 성공적으로 일을 처리한 경험 또는 새로운 문제에 대해 기존에 없던 혹은 이전과 다른 방식으로 문제를 해결했던 경험을 구체적인 사례로 기술해주시고, 이러한 경험이 한국남부발전에 어떠한 기여를 할 수 있을지에 대해 기술하여 주십시오."
956,1,"자신에게 주어졌던 일 중 가장 어려웠던 경험은 무엇이었습니까? 그 일을 하게 된 이유와 그때 느꼈던 감정, 진행하면서 가장 어려웠던 점과 그것을 극복하기 위해 했던 행동과 생각, 결과에 대해 최대한 구체적으로 작성해 주세요. (1000 자 10 단락 이내)"
957,1,"지금까지 가장 강하게 소속감을 느꼈던 조직은 무엇이었으며, 그 조직의 발전을 위해 헌신적으로 노력했던 것 중 가장 기억에 남는 경험은 무엇입니까? 개인적으로 더 많은 노력을 기울였던 일과 그 때 했던 행동과 생각, 결과에 대해 최대한 구체적으로 작성해 주세요. (1000 자 10 단락 이내)"
958,1,"자신에게 요구된 것보다 더 높은 목표를 스스로 세워 시도했던 경험 중 가장 기억에 남는 것은 무엇입니까? 목표 달성 과정에서 아쉬웠던 점이나 그 때 느꼈던 자신의 한계는 무엇이고, 이를 극복하기 위해 했던 행동과 생각, 결과에 대해 최대한 구체적으로 작성해 주세요. (1000 자 10 단락 이내)"
959,1,"기존과는 다른 방식을 시도하여 이전에 비해 조금이라도 개선했던 경험 중, 가장 효과적이었던 것은 무엇입니까? 그 방식을 시도했던 이유, 기존 방식과의 차이점, 진행 과정에서 했던 행동과 생각, 결과에 대해 최대한 구체적으로 작성해 주세요. (1000 자 10 단락 이내)"
960,1,"도전적인 목표를 정하고 열정적으로 일을 추진했던 경험. 추진과정에서 겪은 어려움, 이를 극복한 방법, 그 일의 결과를 중심으로 서술"
961,1,"자신의 윤리, 도덕적 신념을 지키기 위해 손해나 희생을 감수하고 일을 수행한 경험"
962,1,시키는 일의 범위를 넘어서 적극적으로 도전한 경험이 있다면 소개해 주십시오.
963,1,귀하는 자신의 변화와 혁신을 위해 스스로 하고 있는 것에 대해 기술해 주십시오.
964,1,"지금까지 자신이 다른 사람에게 설명해야 했던 가장 복잡하거나 어려웠던 아이디어, 상황 또는 경험에 대해 기술해 주십시오."
965,1,지원자가 살아오면서 해결해야 했던 가장 어려운 과제는 무엇이었습니까?
966,1,살아오면서 본인의 가치관에 영향을 준 일
967,1,어떤 업무를 처리하는 과정에서 다양한 상황들을 고려하여 의사결정을 내렸던 경험에 대해 아래 항목에 따라 기술해 주시기 바랍니다. 1-1. 업무 처리시 의사결정을 내렸던 과정과 이를 위해 활용한 자료들에 대해 기술 1-2. 의사결정 시 고려했던 대안들과 최종 결정한 근거에 대해 기술
968,1,"정확한 분석을 통해 복잡하게 얽힌 과제나 문제를 해결했던 경험에 대해 아래 항목에 따라 기술해 주시기 바랍니다. 2-1. 주어진 과제나 문제의 원인, 본질을 분석했던 내용에 대한 기술 2-2. 분석한 결과를 과제 및 문제 해결에 적용했던 내용에 대한 기술"
969,1,오류없이 성공적으로 과제 또는 업무를 수행하고자 최선을 다했던 경험을 아래 항목에 따라 기술해 주시기 바랍니다. 4-1. 오류나 실수가 발생할 가능성이 있었던 업무(과제) 특성 및 주의를 기울였던 행동에 대해 기술 4-2. 진행과정 별 치밀하게 처리했던 방법에 대해 기술
970,1,"최근 5년 이내, 지원한 직무와 관련된 활동(학업, 동아리, 업무 등) 중 예상치 못한 문제가 발생하여 난감했던 상황을 효과적으로 극복한 사례가 있다면, 문제상황, 극복방법, 결과로 구분하여 구체적으로 기술해 주시기 바랍니다. (300~500자)"
971,1,"지원자가 지금까지 경험한 가장 큰 성공 또는 실패의 경험을 소개하고, 이를 통해 배우거나 느낀 점은 무엇이며, 그 경험이 지원자의 삶에 어떠한 변화(영향)을 주었는지 구체적으로 기술하시오."
972,1,기존의 틀이나 방식에서 벗어나 새로운 아이디어나 관점으로 수행하여 성과를 창출해낸 경험을 작성해 주세요.
973,1,인생에서 가장 도전적이었거나 어려웠던 경험 및 그 경험이 본인에게 미친 영향을 기술해 주세요.
974,1,"자신의 성장을 위해 최소 2년 이상, 현재까지 꾸준히 노력하고 있는 배움이나 습관은 무엇이 있습니까? 그것을 통해 삶의 어떤 변화가 있었는지 설명해 주십시오."
975,1,이를 통해 본인이 얻은 것은 무엇입니까? (최대 300자 입력가능)
976,1,그 과정에서 어떠한 수단과 방법을 활용하였습니까? (최대 300자 입력가능)
977,1,일을 추진함에 있어 다양한 상황들을 고려하여 의사결정을 내린 경험은 무엇입니까? (최대 300자 입력가능)
978,1,그 가치를 추구했던 경험이나 사례는 무엇입니까? (최대 300자 입력가능)
979,1,본인에게 생소한 과제가 주어졌을 때 해당 과제를 어떻게 수행했는지 구체적으로 기술하여 주십시오.
980,1,"가장 기억하고 싶지 않은 대인관계를 당시 상황과 원인을 포함해서 기술하고, 동일한 상황이 발생하지 않도록 어떻게 행동했는지 자세하게 기술하여 주십시오."
981,1,자발적으로 최고 수준의 목표를 세우고 끈질기게 성취한 경험에 대해 서술해 주십시오. / 목표 달성을 위한 구체적 노력 / 실제 결과 / 경험의 진실성을 증명할 수 있는 근거가 잘 드러나도록 기술) (700~1000자 10단락 이내)
982,1,새로운 것을 접목하거나 남다른 아이디어를 통해 문제를 개선했던 경험에 대해 서술해 주십시오. (700~1000자 10단락 이내)
983,1,기존의 틀을 깨는 과감한 실행
984,1,"가장 실패했던 경험이 있으면 무엇이고, 그를 통해 얻은 교훈은 무엇이었나요? (500자 이내)"
985,1,최근 5년 동안에 귀하가 성취한 일 중에서 가장 자랑할 만한 것은 무엇입니까? 그것을 성취하기 위해 귀하는 어떤 일을 했습니까?
986,1,기발하거나 창의적인 아이디어로 업무를 수행해내어 성공적으로 마무리했던 경험이 있으면 서술해주십시오.
987,1,일상생활 중에서 기존 방식에 대해 문제의식을 가졌던 가장 대표적인 경험에 대해 아래 세부 질문에 따라 구체적으로 작성해 주십시오. 문제의식을 가지게 된 계기는 무엇입니까?
988,1,"마케팅 직무 역량을 쌓는 과정에서 자신에게 주어졌던 일 또는 경험 중, 가장 힘들었던 위기상황은 무엇이었으며, 그 위기를 본인의 노력으로 극복한 경험에 대해 서술 해 주십시오. - 그 일 또는 경험을 하게 된 이유와 진행하면서 가장 어려웠던 점, 극복하기 위해 했던 행동과 생각, 결과에 대해 최대한 구체적으로 작성 - 당시 상황과 그 결과가 본인에게 어떤 영향을 미쳤는지 언급할 것 - 극복을 위한 노력의 결과와 그 과정에서 느낀 점에 대해 구체적으로 작성 - 경험의 진실성을 증명할 수 있는 근거가 잘 드러나도록 기술할 것 (1000 자 10 단락 이내)"
989,1,"최근 5년 이내 자신의 경험 중 가장 어려웠던 결정은 무엇이며, 그러한 결정을 내린 기준과(또는 이유와) 결과에 대하여 기술해주십시오. (500자)"
990,1,"자신의 역량보다 더 높은 목표를 세워 시도했던 경험 중 가장 기억에 남는 경험의 과정과 결과를 설명하고, 이를 통해 배운 점을 기술해주십시오. (500자)"
991,1,"기존 방식이나 현상에 대해 문제의식을 갖고 전략적으로 해결한 경험을 다음의 세부항목에 따라 작성해 주십시오. [Situation&Task] 언제, 어디서 가지게 된 경험이였으며 그러한 문제의식을 가지게 된 계기는 무엇입니까?"
992,1,"[Action&Result] 어떤 방식으로 해당 문제를 해결하였으며, 본인의 노력으로 개선된 결과를 구체적으로 작성해 주십시오"
993,1,오렌지라이프와 서로를 알아가요! [문항당 최소 2byte 이상 60byte 이내] ①최근의 관심분야는 무엇인가요? ②스트레스관리는 어떻게 하시나요? ③도전을 추구하나요? 안정을 추구하나요? ④남을 압도할 수 있는 분야는? ⑤삶에서 이룬 가장 큰 성취는? ⑥대학생활 중 가장 기억에 남는 활동은? ⑦대학수업 중 가장 기억에 남는 과목은? ⑧나를 형용사로 표현한다면? 그 이유는? ⑨닮고싶은 & 닮고싶지 않은 리더십은? ⑩최근1년이내 가장 후회한 일은? ⑪인생에서 가장 중요한 3가지는? ⑫오렌지라이프에 지원한 이유는? ⑬오렌지라이프에서 1년 후 나의 모습은? ⑭오렌지라이프에서 이루고 싶은 꿈은? ⑮보험을 한마디로 표현하자면?
994,1,귀하만의 적극적인 도전의식으로 성과를 창출한 경험이 있다면 무엇인지 서술하십시오
995,1,학업 외 가장 열정적이고 도전적으로 몰입하여 성과를 창출했거나 목표를 달성한 경험을 기술하시오. 1000자
996,1,지금까지 성장과정에서 가장 열정적으로 임한 활동과 그렇게 생각한 이유를 기술해 주십시오.
997,1,자신의 가장 자랑스러운 성공경험과 그것을 이루려 했던 노력을 기술하여 주십시오.
998,1,본인이 지금까지 겪었던 가장 힘들었던 상황과 가장 성취감이 컸던 상황을 서술하시오. (100~600자)
999,1,지금까지의 가장 큰 성공과 실패는 무엇인가.
1000,1,지금까지의 경험 중 해결하기 힘든 문제에 부딪혀 어려움을 겪었으나 이를 극복한 사례가 있다면 기술해 주세요
1001,1,자신에게 주어졌던 일 중 가장 도전적이었던 일과 극복방안에 대해 기재하시오.
1002,1,기존과 다른 방식을 시도하여 효과적으로 개선할 수 있었던 경험에 대해 기재하시오.
1003,1,"최근 5년 이내, 지원한 직무와 관련된 활동 중 예상치 못한 문제가 발생하여 난감했던 상황을 효과적으로 극복한 사례가 있다면, 문제상황, 극복방법, 결과로 구분하여 구체적으로 기술해 주시기 바랍니다."
1004,1,"문제해결능력 : 살아오면서 어떤 문제 상황이 발생하였을 경우, 이를 해결하기 위해 어떤 노력을 하였고, 그 결과는 어떠하였는지 구체적으로 작성하여 주시기 바랍니다."
1005,1,예기치 못했던 문제가 발생하여 난감했던 상황을 적절하게 해결했던 경험에 대해 구체적으로 기술해 주십시오.(500자 이내)
1006,1,자신만의 자료/정보 수집 및 관리방법이 주어진 업무나 과제를 해결하는데 도움이 되었던 경험에 대해 구체적으로 기술해 주십시오.(500자 이내)
1007,1,"학업, 팀 프로젝트 등 다양한 경험을 하면서 한정된 시간, 정보, 인력에도 불구하고 이를 이겨내고 주어진 업무나 과제를 성공적으로 마칠 수 있었던 경험이 있다면 구체적으로 기술해 주십시오.(500자 이내)"
1008,1,"자신의 경험 중 가장 도전적인 일 또는 실패한 사례는 무엇이며, 그 경험을 통해 배운 점은 무엇인지 기술하여 주십시오."
1009,1,"본인이 세운 목표를 최단시간 내에 달성하기 위해 투입비용을 최소화하고, 비용 대비 효과를 극대화하기 위해 가능한 자원, 기술, 인력 등 을 동원한 경험이 있다면, 그 과정과 결과에 대해 구체적으로 기술하여 주십시오."
1010,1,"누가 시키지 스스로 팀이나 조직, 단체 등을 위해 고민해서 수행했던 일이 있다면 그 경험과 스스로 찾아서 할 수 밖에 없었던 이유, 노력한 만큼 만족할만한 성과를 얻었는지에 대해 구체적으로 기술하여 주십시오."
1011,1,학업 이외에 본인이 관심과 열정을 가지고 가장 자기 주도적으로 계획을 수립하고 추진했던 경험이 있으면 서술해주십시오.
1012,1,"본인이 살아오면서 가장 도전적이었던 경험은 무엇이며, 그 경험을 통해 무엇을 성취했는지 기술하시오. (800자 이내)"
1013,1,자신이 수행했던 일 중 가장 도전적인 활동에 대하여 기술해 주십시오. (800자)
1014,1,인생에서 어려운 목표를 향해서 도전했던 경험과 성공 또는 실패했다면 그 이유를 기술해 주십시오. 또 그 경험이 자신의 삶 또는 가치관에 미친 영향은 무엇입니까?
1015,1,"창의적 아이디어를 시도하여 개선해 본 경험이 있습니까? 있다면 그 방식을 시도했던 이유, 기존과는 어떻게 다른지, 마지막으로 그 결과에 대하여 작성해 주십시오."
1016,1,학업 이외에 가장 기억에 남는 교/내외 활동에 대해 구체적으로 기술해주세요. (800자 이내)
1017,1,"본인의 ① 글로벌 경험 또는 역량을 구체적으로 작성하고, ②해당 글로벌 경험 및 역량을 취득하는 과정에서 어려웠던 상황과 이를 극복하기 위해 노력했던 과정 및 결과를 작성해 주십시오. (1,000자 이내)"
1018,1,위 서술해주신 경험 중 한 가지를 선택하시어 목표 달성과정을 포함하여 자세하게 서술해주시기 바랍니다.
1019,1,"도전적인 목표를 정하고 열정적으로 일을 추진했던 경험과 관련 추진과정에서 겪은 어려움, 이를 극복한 방법, 그리고 그 일의 결과를 중심으로 서술해 주십시오 * [100자 이상 500자 이내]"
1020,1,자신의 윤리?도덕적 신념을 지키기 위해 손해나 희생을 감수하고 일을 수행한 경험이 있다면 서술해 주십시오. * [100자 이상 500자 이내]
1021,1,자신의 불리함을 감수하고 정직함을 지킨 경험에 대해 서술하여 주십시오.
1022,1,"이제까지 가장 강하게 소속감을 느꼈던 조직은 무엇이었으며, 그 조직의 발전을 위해 헌신적으로 노력했던 것 중 가장 기억에 남는 경험은 무엇입니까? 개인적으로 더 많은 노력을 기울였던 일과 그 때 했던 행동과 생각, 결과에 대해 최대한 구체적으로 작성해 주십시오. (1000 자 10 단락 이내)"
1023,1,지금까지 가장 큰 성공과 큰 실패
1024,1,"가장 기억에 남는 성공 또는 실패한 경험에 대해서 말씀해주세요. 664/800 (글자 수, 공백 포함)"
1025,1,"자신이 가지고 있는 기술력 혹은 열정을 보여줄 수 있는 경험을 구체적으로 서술해 주세요. 작성 시 자신이 주도적으로 참여한 부분을 위주로 작성하며 1)진행 기간, 2)자신이 공헌한 점, 3)사용 skill 및 지식, 4)성과 및 결과에 대하여 구체적으로 작성해 주세요."
1026,1,"최근 5년 이내, 지원한 직무와 관련된 활동(학업, 동아리, 업무 등) 중 예상치 못한 문제가 발생하여 난감했던 상황을 효과적으로 극복한 사례가 있다면, 문제상황, 극복방법, 결과로 구분하여 구체적으로 기술해 주시기 바랍니다.."
1027,1,개인적인 손해를 감수하면서 맡은 일에 대해 최선을 다했던 경험에 대해 서술해주십시오.
1028,1,지금까지 살아오면서 도전해 본 가장 어려운 일에 대해 서술해주십시오.
1029,1,"어떤 일을 진행해 가능 과정에서 시간, 범위, 예산, 인적, 물적 자원 등 가운데 어느 하나를 효율적으로 관리하고 활용하였던 경험에 대해서 기술해 주십시오.(800자)"
1030,1,자발적으로 최고 수준의 목표를 세우고 끈질기게 성취한 경험에 대해 서술해 주십시오. / 목표 달성을 위한 구체적 노력/ 실제 결과/ 경험의 진실성을 증명할 수 있는 근거가 잘 드러나도록 기술) (700~1000 자 10 단락 이내)*
1031,1,살아오면서 중요했던 일
1032,1,최근 3년간 이뤘던 성취 중 가장 기억에 남는 일을 서술해 주십시오. (600자 이내)
1033,1,성취감을 느낀 경험
1034,1,자발적으로 최고 수준의 목표를 세우고 끈질기게 성취한 경험에 대해 서술해 주십시오. / 목표 달성을 위한 구체적 노력/실제 결과/경험의 진실성을 증명할 수 있는 근거가 잘 드러나도록 기술 (700~1000자 10단락 이내)
1035,1,기술한 경험 외 추가적으로 설명하거나 더 보여주고 싶으신 경험이 있다면 서술해 주십시오. (선택 사항)
1036,1,가장 힘들었던 순간과 이를 극복한 과정에 대해 기술하여 주십시오 1800byte
1037,1,"타인을 배려한 경험 중에서 가장 의미가 있었던 경험 한 가지를 언급하고, 왜 그런 행동을 했는지 기술하여 주십시오. 800 Bytes 이내"
1038,1,"가장 도전적인 목표를 세우고, 성취한 구체적인 경험, 행동, 성과 등을 기술하여 주십시오.현재 800 Bytes 이내"
1039,1,"달성 여부와 관계없이 가장 의미가 있었던 개인적 목표와 그 계기는 무엇이며, 달성을 위한 자신만의 원칙과 느낀 점에 대해 기술하십시오. (600 자 7 단락 이내)"
1040,1,"본인이 성공적으로 수행한 프로젝트의 성공요인이 무엇인지, 어려움을 극복하기 위해 어떤 방법을 사용했는지 기술하시오."
1041,1,"본인의 경험 중 가장 큰 실패는 무엇이었으며, 실패 극복 과정 및 그 과정에서 배운 점이 지원 직무에 어떻게 도움이 될 지 서술해주세요."
1042,1,"목표를 달성하기 위한 의지와 끝까지 노력하는 자세를 가지고, 저항이나 장애에 쉽게 굴복하지 않고 끝까지 최선을 다해서 추진했던 사례에 대하여 구체적으로 작성하시오"
1043,1,사회활동 : 학업 이외에 관심과 열정을 가지고 했던 다양한 경험 중 가장 기억에 남는 것을 구체적으로 기술해주세요. (800자)
1044,1,누군가에게 기대 이상의 만족을 느끼게 한 경험에 대하여
1045,1,실수/실패를 극복하여 성과를 달성한 경험에 대하여.
1046,1,남들이 하지 않는 새로운 시도를 통해 문제를 해결해 본 경험에 대하여.
1047,1,자신의 불리함을 감수하고 정직함을 지켜본 경험에 대하여
1048,1,지금까지 살아오면서 스스로 생각하기에 가장 큰 성공사례와 실패사례를 소개해 주세요.
1049,1,창의성을 발휘한 경험을 자세하게 소개해 주세요.
1050,1,"사회활동 : 학업 이외에 관심과 열정을 가지고 했던 다양한 경험 중 가장 기억에 남는 것을 구체적으로 기술해주세요. 725/800 (글자 수, 공백 포함)"
1051,1,개인적인 손해를 감수하면서 맡은 일에 대해 최선을 다했던 경험에 대해 서술해주십시오. (1600byte)
1052,1,지금까지 살아오면서 도전해 본 가장 어려운 일에 대해 서술해주십시오. (1600byte)
1053,1,어떤 목표를 세우고 그 목표를 달성하기 위해 능동적으로 노력했던 사례와 그 결과 및 교훈에 대해 구체적으로 서술해주시기 바랍니다.
1054,1,학업 이외에 관심과 열정을 가지고 했던 경험과 그 결과 및 교훈에 대해 구체적으로 서술해주시기 바랍니다.
1055,1,최근 3년간 본인이 경험한 가장 어려웠던 일을 기술하고 이후의 과정과 결과에 대해 말씀해 주십시오.
1056,1,열정을 가지고 끈기 있게 실행하여 성공 혹은 실패한 경험과 그 경험을 통해 무엇을 얻었는지 기술해 주십시오.
1057,1,"학창시절 또는 졸업 후, 또는 이전 회사에서 성취감을 이루었던 경험을 기술하시기 바랍니다."
1058,1,과거 단체 생활 중 어려움에 처하였던 경험을 기억하시어 이 어려움을 어떻게 극복하였는지 기술하시기 바랍니다.
1059,1,"본인이 살아오면서 겪었던 갈등이나 어려움의 사례를 한 가지 들고, 이를 해결하기 위해 기울였던 노력에 대해 서술해 주십시오."
1060,1,"타인을 배려한 경험 중에서 가장 의미가 있었던 경험 한 가지를 언급하고, 왜 그런 행동을 했는지 기술하여 주십시오."
1061,1,"가장 도전적인 목표를 세우고, 성취한 구체적인 경험, 행동, 성과 등을 기술하여 주십시오."
1062,1,본인이 그동안 이룬 가장 큰 성취경험과 실패경험에 대해서 기술해 주십시오.
1063,1,나의 삶에 가장 큰 변화를 가져온 사건은 무엇이고 어떠한 의미가 있었는지 서술해 주십시오. (300자)
1064,1,"내가 대학생활에서 경험한 일 중, 가장 자랑스러웠던 경험은 무엇인지 서술해 주십시오. (300자)"
1065,1,"내가 인생에서 꼭 이루고 싶었던 한 가지(취업, 일 관련 제외)는 무엇이며, 그것을 이루기 위해 어떤 노력을 했는지 또는 하고 있는지 서술해 주십시오. (300자)"
1066,1,"본인이 살아오면서 가장 도전적이었던 경험은 무엇이며, 그 경험을 통해 무엇을 성취했는지 기술하시오."
1067,1,본인만의 창의적인 아이디어 또는 발상의 전환 등 기존과 다른 방법으로 변화를 이끌어 낸 경험
1068,1,도전적인 목표를 가지고 실행하여 성공 혹은 실패한 경험과 그 경험을 통해 무엇을 얻었는지 기술해 주십시오.
1069,1,본인이 그간 업무 또는 여러 활동을 수행하면서 일을 원활하게 진행하기 어려운 상황에 처했을 때 그 위기를 어떤 절차와 방법으로 극복하였는지 한 가지 예를 들어 기술해 주십시오. (400자 이내)
1070,1,본인이 제한된 시간에 높은 성과를 도출하기 위하여 효과적으로 시간을 할당하여 성공한 사례를 기술하여 주십시오. (400자 이내)
1071,1,사회활동: 학업 이외에 관심과 열정을 가지고 했던 다양한 경험 중 가장 기억에 남는 것을 구체적으로 기술해주세요. (800)
1072,1,"예상치 못했던 문제로 인해 계획대로 일이 진행되지 않았을 때, 책임감을 가지고 적극적으로 끝까지 업무를 수행해내어 성공적으로 마무리했던 경험이 있으면 서술해 주십시오. 600"
1073,1,자신의 불리함을 감수하고 정직함을 지켜본 경험에 대하여.
1074,1,살아오면서 겪었던 가장 큰 갈등상황 및 이를 해결했던 사례를 설명해 주십시오
1075,1,"자신이 가지고 있는 기술력 혹은 열정을 보여줄 수 있는 경험을 구체적으로 서술해 주세요. 작성 시 자신이 주도적으로 참여한 부분을 위주로 작성하며 1)진행 기간, 2)자신이 공헌한 점, 3)사용 skill 및 지식, 4)성과 및 결과에 대하여 구체적으로 작성해 주세요. 1540/2000 (글자 수, 공백 포함)"
1076,1,실패를 통한 경험사례
1077,1,본인이 소속된 조직의 변화를 이끌어 내기 위하여 본인이 했던 노력과 그 결과에 대하여 기술하여 주십시오. (1000byte)
1078,1,열정을 가지고 몰입했던 경험 / 창의적인 아이디어를 가지고 목표를 이루어낸 경험 / 가장 힘들었던 경험과 그것을 통해 깨달은 점 중 한 가지를 선택하여 구체적으로 기술해주십시오.
1079,1,"(문제해결능력) 학업 과제 수행이나 업무 수행 중에 발생한 예상치 못한 문제의 해결방안과 재발방지책까지 제시한 경험이 있습니까? 당시 상황을 간략하게 기술하고, 문제해결과 재발방지를 위해 어떠한 노력을 기울였는지 행동중심으로 구체적으로 기술해 주십시오"
1080,1,가장 힘들었던 순간과 이를 극복한 과정에 대해 기술
1081,1,"달성하기 어려운 도전적인 목표(학업 제외)를 끈기 있고, 열정적으로 추진했던 경험을 구체적으로 기술해 주시기 바랍니다."
1082,1,인간관계에서 가장 힘들었던 갈등상황과 이를 슬기롭게 극복했던 과정에 대해 작성하여 주십시오
1083,1,타인과의 인간관계에서 가장 힘들었던 갈등상황과 이를 슬기롭게 극복했던 과정에 대해 작성하여 주십시오
1084,1,"남들과 다른 생각으로 새로운 시도를 하였거나, 기존의 것을 획기적으로 바꾼 경험이 있다면 이야기 해 주십시오."
1085,1,익숙하지 않은 문제에 직면했을 경우 귀하는 보통 어떻게 해결합니까? 귀하가 경험한 가장 최근 사례를 기반으로 기술해 주십시오.
1086,1,자신의 경험 중 가장 몰입하여 재미있고 즐겁게 수행하였던 일이 무엇인지 구체적으로 기술하여 주십시오.
1087,1,"높은 목표를 세우고 달성하는 과정에서 느꼈던 한계는 무엇이고, 이를 극복하기 위해 기울였던 노력과 결과를 기술하여 주십시오."
1088,1,"달성하기 어려운 도전적인 목표를 자율적으로 설정해서 달성해본 경험을 기술해 주세요. 목표 수립과정과 계기, 수행과정에서 겪었던 어려움과 극복을 위해 기울인 노력 등을 구체적으로 작성해 주시기 바랍니다. (글자수 : 0 / 800)"
1089,1,"기존과 다른 방식으로 문제에 접근하거나, 새로운 아이디어를 접목해서 문제를 해결한 경험을 기술해 주세요. 기존 방식과 본인이 시도한 방식이 어떤 차이가 있었는지, 접근 과정에서 어려웠던 점 등을 구체적으로 작성하여 주시기 바랍니다. (글자수 : 0 / 500)"
1090,1,도전을 통한 성취/실패 경험 (700자)
1091,1,창의적으로 문제를 해결한 경험 (700자)
1092,1,본인의 실패경험과 그 극복과정을 서술해 주십시오. [100자 이상 1200자 이내]
1093,1,자발적으로 최고 수준의 목표를 세우고 끈질기게 성취한 경험에 대해 서술하라.
1094,1,새로운 것을 접목하거나 남다른 아이디어를 통해 문제를 개선했던 경험을 서술해 주십시오
1095,1,자신의 손해나 희생을 감수하고 일을 수행한 경험이 있다면 서술해 주십시오
1096,1,"자신의 대표적인 프로젝트 한 가지를 적어 주시되, 어떠한 고민을 가지고 어떻게 결과물을 만들어 냈는지 구체적으로 설명해 주세요."
1097,1,사회활동: 학업 이외의 관심과 열정을 가지고 했던 다양한 경험 중 가장 기억에 남는 것을 구체적으로 기술해주세요. (800자)
1098,1,일반적으로 경험하기 힘든경험 / 힘든 특별한 경험
1099,1,누군가에게 기대 이상의 만족을 느끼게 한 경험에 대하여 (2000byte)
1100,1,실수/실패를 극복하여 성과를 달성한 경험에 대하여. (2000byte)
1101,1,남들이 하지 않는 새로운 시도를 통해 문제를 해결해 본 경험에 대하여. (2000byte)
1102,1,자신의 불리함을 감수하고 정직함을 지켜본 경험에 대하여. (2000byte)
1103,1,본인의 성장과정 중 가장 영향을 끼쳤거나 기억에 남는 것을 기술해 주십시오
1104,1,재학 기간 중 가장 의미가 있었다고 생각하는 활동을 기술하여 주십시오
1105,1,"누가 시키지 않았지만 스스로 팀이나 조직, 단체 등을 위해 고민해서 수행했던 일이 있다면 그 경험과 스스로 찾아서 할 수 밖에 없었던 이유, 노력한 만큼 만족할만한 성과를 얻었는지에 대해 구체적으로 기술하여 주십시오."
1106,1,"여러분이 창의력을 발휘하여 탁월한 성과를 이뤄냈던 경험에 대해 구체적으로 작성해주세요. ①당시의 상황 혹은 과제, ②본인의 아이디어 혹은 역할, ③이루어냈던 성과를 포함하여 작성해주세요."
1107,1,자신의 인생에 가장 영향을 끼친 사건 3가지를 든다면? (각 문항당 120byte)
1108,1,"가장 도전적인 목표를 세우고, 성취한 구체적인 경험, 성과 등을 기술하여 주십시오."
1109,1,역량을 발휘한 경험
1110,1,남들과 다른 새로운 관점으로 변화/혁신을 추구한 경험과 그를 통해 배운점이 무엇인지 기술하시오. -1500
1111,1,손해를 감수하며 최선을 다 한 경험
1112,1,살면서 가장 어려웠던 일
1113,1,어떤 업무를 처리하는 과정에서 다양한 상황들을 고려하여 의사결정을 내렸던 경험에 대해 아래 항목에 따라 기술해 주시기 바랍니다. 1-1. 업무 처리시 의사결정을 내렸던 과정과 이를 위해 활용한 자료들에 대해 기술 1-2. 의사결정 시 고려했던 대안들과 최종 결정한 근거에 대해 기술 (1000자)
1114,1,오류없이 성공적으로 과제 또는 업무를 수행하고자 최선을 다했던 경험을 아래 항목에 따라 기술해 주시기 바랍니다. 4-1. 오류나 실수가 발생할 가능성이 있었던 업무(과제) 특성 및 주의를 기울였던 행동에 대해 기술 4-2. 진행과정 별 치밀하게 처리했던 방법에 대해 기술 (1000자)
1115,1,자발적으로 최고 수준의 목표를 세우고 끈질기게 성취한 경험에 대해 서술해주시오. / 목표 달성을 위한 구체적 노력/ 경험의 진실성을 증명할 수 있는 근거가 잘 들어나도록 기술) (700~1000자 10단락 이내)
1116,1,고교에서 수학한 과목 중 가장 좋아하는 과목과 그 이유에 대해 기술하여 주십시오
1117,1,"열정을 가지고 몰입했던 경험, 창의적인 아이디어를 가지고 목표를 이루어낸 경험, 가장 힘들었던 경험과 그것을 통해 깨달은 점 중 한 가지를 선택하여 구체적으로 기술해주십시오. (3중 1가지 선택하여 기술)"
1118,1,학업(업무)에 있어서 부족한 부분을 느끼고 이를 위해 자기개발을 한 경험에 대해 소개해 주십시오. (600자)
1119,1,기억에 남는 성과 또는 실패
1120,1,나만의 특이한 경험
1121,1,(문제해결능력) 학업 과제 수행이나 업무 수행 중에 예상치 못한 문제를 해결해본 경험이 있습니까? 그 문제를 해결하기 위해 어떠한 과정을 거쳤으며 어떠한 점에서 그 해결책이 효과적이었는지를 기술하여 주십시오.
1122,1,학업이외에 관심과 열정을 가지고 했던 다양한 경험 중 가장 기억에 남는것을 구체적으로 기술해주세요.
1123,1,학업 외에 도전적인 과제에 직접 부딪쳐 성과를 이루어 낸 경험을 기술해 주십시오. (800자)
1124,1,"자신의 경험 중 가장 도전적인 일 또는 실패한 사례는 무엇이며, 그 경험을 통해 배운점은 무엇입니까?"
1125,1,"(문제해결능력) 활동 혹은 업무 수행 중 예상치 못한 문제나 어려움에 직면하였으나, 이를 슬기롭게 극복했던 경험을 소개해 주십시오. 당시 상황은 어땠으며, 문제 상황을 해결하기 위해 귀하가 취한 행동과 그렇게 행동한 이유, 그리고 그 결과는 어땠는지 기술해 주십시오. (500자 이내)"
1126,1,"현재까지의 성장과정을 연대기적으로 나열해 주시고, 이 과정에서 인상적이었던 경험들을 함께 설명해주세요. (가족관계 제외)"
1127,1,"최근 2년 간 가장 오랜 시간 동안 플레이한 게임의 이름, 장르, 플랫폼, 가장 인상적인 콘텐츠는 무엇인가요? (1개 이상) 해당 게임의 최고 레벨은 어떻게 되며, 본인은 얼마나 달성하셨는지도 말씀 부탁드립니다."
1128,1,본인이 살아오면서 가장 도전적으로 임했던 경험과 느낀점에 대해 작성해 주십시오.
1129,1,어려운 상황에서 책임감을 가지고 적극적으로 끝까지 업무를 수행하여 성공적으로 마무리했던 경험 사례에 대해 기술해 주십시오
1130,1,본인이 편법의 유혹을 뿌리치고 원칙대로 일을 처리했던 최근 사례에 대해 기술해 주십시오.
1131,1,성장 과정 중 가장 도전적이고 어려웠던 일화와 그것을 극복한 사례를 기술하시오. (글자수 제한 없음)
1132,1,"귀하의 인생에서 '가장 힘들었던 경험 및 이를 극복해 나간 과정'에 대해서 기술하고, 이를 통해 얻은 교훈이 무엇인지 서술해주십시오. [100자 이상 1000자 이내 ]"
1133,1,본인의 장단점 및 단점을 극복하기 위해 노력한 사례
1134,1,본인이 그 동안 이룬 가장 큰 성취경험과 실패경험에 대해서 기술해 주십시오. (최대 500자 입력가능)
1135,1,"본인이 세운 목표를 최단시간 내에 달성하기 위해 투입비용을 최소화하고, 비용 대비 효과를 극대화하기 위해 가능한 자원, 기술, 인력 등을 동원한 경험이 있다면 그 과정과 결과에 대해 구체적으로 기술하여 주십시오."
1136,1,한계를 극복하기 위해 스스로 높은 목표를 설정하고 도전했던 경험과 이를 바탕으로 느꼈던 점을 기술해 주십시오.
1137,1,도전적인 목표를 가지고 실행하여 성공 혹은 실패한 경험과 그 경험을 통해 무엇을 얻었는지 기술 (700자)
1138,1,"중요한 일을 처리할 때, 어떠한 방식으로 계획을 세워서 일을 처리하는지에 대해 개인적 경험을 기반으로 구체적으로 서술해주십시오."
1139,1,"[성취경험] 살아오면서 가장 강렬히 성취하고 싶었던 일과 이를 위해 노력한 과정, 그 결과를 구체적으로 작성하세요"
1140,1,자발적으로 최고 수준의 목표를 세우고 끈질기게 성취한 경험에 대해 서술해 주십시오. /목표 달성을 위한 구체적 노력/ 실제 결과/ 경험의 진실성을 증명할 수 있는 근거가 잘 드러나도록 기술) (700~1000자 10단락 이내)
1141,1,"본인에게 주어진 일 중 가장 어려웠던 경험이 무엇이었는지 기술하고 그 일을 하게 된 이유와 일을 진행하면서 가장 어려웠던 부분, 극복하기 위해서 했던 노력과 결과에 대해 구체적으로 작성해 주십시오."
1142,1,"본인의 과거 경험 중 다음의 핵심가치 중 하나를 선택하여 구체적으로 기술해 주십시오 (창의, 혁신, 도전, 사랑)"
1143,1,본인이 가장 행복했던 순간과 그 상황에 대해 서술하여 주십시오
1144,1,가장 힘들고 어려운 임무를 맡아 끝까지 책임을 완수했던 대표적인 경험에 대해 서술해 주십시오. (600자 이내로 기술)
1145,1,지금까지 살아오면서 가장 힘들었던 대인관계와 이를 해결하기 위하여 본인이 노력한 점에 대하여 사례를 들어 구체적으로 서술해 주십시오. (600자 이내)
1146,1,"목표 달성이 어려울 것으로 예상되는 상황이나 여건 속에서도, 의욕적으로 도전적인 목표를 설정하여 성취 또는 실패한 경험을 구체적인 사례를 바탕으로 기술해 주십시오."
1147,1,"살아오면서 실패했던 경험과 이를 극복하기 위해 어떠한 행동을 했으며, 그 과정에서 배운 것은 무엇인지 구체적으로 기술하시오.(700 자 이내)"
1148,1,누군가에게 기대 이상의 만족을 느끼게 한 경험
1149,1,실수/실패를 극복하여 성과를 달성한 경험
1150,1,남들이 하지 않는 새로운 시도를 통해 문제를 해결해 본 경험
1151,1,자신의 불리함을 감수하고 정직함을 지켜본 경험
1152,1,도전했던 경험과 이를 통해 얻은 성취는 무엇인지 서술하여 주시기 바랍니다.
1153,1,자발적으로 최고수준의 목표를 세우고 끈질기게 성취한 경험을 서술해 주십시오.
1154,1,"학창시절 또는 졸업 후, 남다른 아이디어나 통찰력을 바탕으로 성공적으로 수행했던 과제, 프로젝트, 기타 활동에 대해 설명해 주세요"
1155,1,"본인의 최근 5년 성취경험 중, 제주항공의 핵심가치를 발휘한 사례를 찾아 구체적으로 기술해 주십시오. * [100자 이상 1000자 이내]"
1156,1,자신의 경험 가운데 가장 어려웠던 일이 무엇이고 어떤 이유로 어렵다고 생각한 것인지? 그리고 어떻게 극복하였고 이전과 비교하여 결과는 무엇이었는지? 에 대하여 서술해 주세요. [ 500자 이상 1000자 이내 ] /1000
1157,1,"귀하의 인생에서 '가장 힘들었던 경험 및 이를 극복해 나간 과정'에 대해서 기술하고, 이를 통해 얻은 교훈이 무엇인지 서술해주십시오."
1158,1,"자신이 가지고 있는 기술력 혹은 열정을 보여줄 수 있는 경험을 구체적으로 서술해 주세요. 작성 시 자신이 주도적으로 참여한 부분을 위주로 1)진행 기간, 2)자신이 공헌한 점, 3)사용 skill 및 지식, 4)성과 및 결과에 대하여 구체적으로 작성해 주세요."
1159,1,"자신의 인생에서 가장 어려웠던 점과 이를 어떻게 극복하였는가를 서술하시오. [미라클 모닝, 내 인생을 바꿔라]"
1160,1,최근에 이룬 업적 중에서 가장 열정적으로 에너지를 기울였던 경험에 대해서 구체적으로 기술해 주시기 바랍니다. [ 500자 이상 1000자 이내 ]
1161,1,새로운 아이디어를 제시하고 이를 실현시키기 위해 노력했던 사례에 대해 구체적으로 기술해주시기 바랍니다. [ 500자 이상 1000자 이내 ]
1162,1,본 직무를 성공적으로 수행하기 위해 그동안 어떤 노력과 경험을 하였는지 서술해 주십시오. [ 1자 이상 600자 이내 ]
1163,1,"남들과 다른 생각으로 새로운 시도를 하였거나, 기존의 것을 획기적으로 바꾼 경험이 있다면 이야기 해주십시오."
1164,1,어떤 어려운 상황에서도 주어진 업무에 대해 끝까지 수행한 경험에 대해 구체적으로 기술해주시기 바랍니다. - 본인이 수행한 업무가 무엇이며 왜 그러한 업무를 맡게 되었습니까? - 포기하지 않고 업무를 수행한 이유와 그 결과에 대해 기술해 주시기 바랍니다.
1165,1,약속과 원칙을 지켜 신뢰를 형성하거나 지킨 경험에 대해 구체적으로 기술해 주시기 바랍니다. - 당시 상황에 대해 구체적으로 기술하여 주시기 바랍니다. - 약속과 원칙을 지키기 위해 어떤 노력을 하였으며 그 이유는 무엇입니까? - 그 일을 계기로 본인에게 생긴 변화 또는 느낀 점은 무엇입니까?
1166,1,"본인이 살아오면서 가장 강렬히 성취하고 싶었던 일은 무엇입니까? 그리고 그 일을 꼭 성취하고 싶었던 이유와 했던 일, 결과와 느낀 점을 포함하여 상세히 기술해 주십시오. 500자"
1167,1,즐겨한 게임에 대한 설명
1168,1,본인의 삶에서 이룬 가장 큰 성취의 과정을 설명하고 이를 통해 느낀 점 및 본인의 변화에 대해 기술하시오
1169,1,본인이 타인과 차별화되는 본인만의 독특한 방식을 통해 창의적으로 해결한 일에 대해 기술하시오
1170,1,"내가 인생에서 꼭 이루고 싶었던 한 가지(취업, 일 관련 제외)는 무엇이며, 그것을 이루기 위해 어떤 노력을 했는지 또는 하고 있는지 서술해 주십시오. (400자)"
1171,1,"본인의 성장과정에서 가장 기억에 남는 경험은 무엇이었나요? 그 이유와 과정 속에서 본인이 했던 행동과 생각, 이를 통해 느끼고 배운 점을 구체적으로 기술하시오."
1172,1,자발적으로 최고 수준의 목표를 세우고 끈질기게 성취한 경험에 대해 서술해 주십시오
1173,1,새로운 것을 접목하거나 남다른 아이디어를 통해 문제를 개선했던 경험에 대해 서술해 주십시오
1174,1,"귀하의 인생에서 '가장 힘들었던 경험 및 이를 극복해 나간 과정'에 대해서 기술하고, 이를 통해 얻은 교훈이 무엇인지 서술해주십시오. [100자 이상 1000자 이내]"
1175,1,"일반적으로 경험하기 힘든 특별한 체험, 남다른 성취 경험 (600자)"
1176,1,"(문제해결능력) 당면한 문제를 해결하기 위해 시도했던 경험 중 원인을 철저히 규명하여 문제를 해결했던 사례에 대해 구체적으로 기술해 주십시오. 당시 문제가 되는 상황은 무엇이었으며, 어떠한 과정을 통해 원인을 규명하였는지, 그렇게 문제를 해결한 이유는 무엇이었는지 상세하게 기술해 주십시오. (500자 이상, 600자 이하)"
1177,1,"(자기개발능력) 가장 최근에 노력했던 경험들(학과목, 자격증 교육 등) 중 본인의 업무를 수행하는데 가장 많은 도움이 될 것이라고 생각하는 경험이 무엇인지 기술해 주십시오. 어떤 노력을 했는지, 어떤 발전이 있었는지, 도움이 될 것이라고 생각하는 근거가 무엇인지 상세하게 기술해 주십시오. (500자 이상, 600자 이하)"
1178,1,"(자원관리능력) 동시에 여러 가지 프로젝트를 해결해야 했던 경험에 대해 구체적으로 기술해 주십시오. 당시 당면한 상황은 무엇이었는지, 어떤 방법을 통해 모든 프로젝트를 완수할 수 있었는지 상세하게 기술해 주십시오. (500자 이상, 600자 이하)"
1179,1,본인이 받았던 가장 도전적이거나 부정적인 피드백과 이에 대한 반응 및 개선을 위한 노력을 행동 기반으로 기술해 주십시오.
1180,1,"자신의 경험 가운데 가장 어려웠던 일이 무엇인지, 그리고 어려움을 극복한 과정을 구체적으로 서술하여 주세요. [ 1000자 이내 ]"
1181,1,[Part2] 어려운 일을 극복한 경험을 과정과 결과를 중심으로 기술해주십시오.
1182,1,"본인의 성격 유형 또는 실패, 위기에 직면했을 때 어떻게 극복했는지 서술하시오."
1183,1,"(도전하는 Pioneer) 지난 5년간 가장 해결이 어려웠던 문제는 무엇이고, 이를 해결하기 위해 어떤 도전을 했는지 구체적인 사례를 들어 기술하여 주십시오."
1184,1,"자신의 경험 중 가장 도전적인 일 또는 실폐한 사례는 무엇이며, 그 경험을 통해 배운점을 기술하세요."
1185,1,"학교생활 동안 남들과 다른 특별한 경험을 함으로서 얻게 된 성취감이 있으면 기재하여 주시고(필수), 자신의 전 사회 경험 중에서 가장 성취감을 느꼈던 사항을 상세히 기재하여 주시기 바랍니다.(선택)"
1186,1,"예상치 못했던 문제로 인해 계획했던 일이 진행되지 않았을 때, 책임감을 가지고 적극적으로 끝까지 업무를 수행해내어 성공적으로 마무리했던 경험이 있으면 서술하시오. * [600자 이내]"
1187,1,자신이 수행했던 일 중 가장 도전적인 활동에 대하여 기술해 주십시오.(600자)
1188,1,기존의 방식을 개선하고 새로운 혁신을 실행했던 활동에 대하여 기술해 주십시오.(600자)
1189,1,"인생에서 가장 힘들었던 순간 또는 사건은 무엇이었으며, 이를 어떻게 극복했는지 구체적으로 기술하여 주십시오. [ 200자 이상 600자 이내]"
1190,1,인생 최대의 성공사례 및 실패사례
1191,1,인생에서 가장 힘들었던 순간은 언제이고 그 이유와 결과 서술(400-600)
1192,1,"동아리, 인턴, 직장, 아르바이트 등 여러 사회 경험 속에서 자신이 맡은 업무를 더 잘하기 위해, 새롭게 학습했던 경험에 대해 말씀해주세요. 어떤 목적으로, 무엇을, 어떻게 학습하였고, 그 결과는 무엇이었나요? 그리고 학습 결과 뜻하였던 바를 이루었나요? [ 1자 이상 500자 이내 ]"
1193,1,"자신이 오랜 기간 노력했던 일이나 크게 기대했던 일이 실패했거나 좌절했던 경험이 있습니까? 실패의 원인은 무엇이었으며, 문제해결을 위해 어떤 방법을 사용했고, 어떤 효과가 있었습니까? [ 1자 이상 500자 이내 ]"
1194,1,"남들과 다른 생각으로 새로운 시도를 하였거나, 기존의 것을 획기적으로 바꾼 경험이 있다면이야기 해주십시오."
1195,1,[차별화된 경험 ]
1196,1,불가능하다고 여겨지는 일에 창조적 사고와 전략을 바탕으로 과감히 도전했던 경험을 기술해주세요. (최대 500자 입력가능)
1197,1,"본인의 인생에서 특정 분야에서 최고가 되기 위해 노력했던 경험에 대해 얘기 하고, 앞으로 10년 후 본인의 모습에 대하여 구체적으로 기술하여 주십시오."
1198,1,"최근 5년간 가장 어려웠던 일에 도전했던 경험에 대해 얘기하고, 성공했다면 어떻게 해결했는지를, 실패했다면 그 이유를 분석하여 자세히 기술하여 주십시오."
1199,1,"기존의 방식이 아닌 새로운 시도를 통해 성취해낸 구체적인 경험, 자신의 행동, 결과 등을 기술하여 주십시오."
1200,1,"자신이 경험했던 가장 큰 문제는 무엇이었으며, 이를 어떻게 해결했는지 기술하시오. (500자 이내)"
1201,1,도전적인 목표를 가지고 실행하여 성공 혹은 실패한 그 경험을 통해 무엇을 얻었는지 기술해 주십시오. (최대 700자 입력가능)
1202,1,학창시절 어떤 목표를 달성하기 위해 집요하게 매달려 본 적이 있나요? 그 목표를 달성하기 위한 본인의 세부적인 전략과 행동 중심으로 기술해 주세요.
1203,1,본인이 목표한 것을 달성하기 위해 열정을 다한 사례와 그에 대한 결과에 대해 기술해 주십시오.
1204,1,예상치 못한 난관으로 인해 목표 달성에 영향을 받았던 사례를 기술 하시고 귀하께서 어떻게 대응하였는지 상세히 기술해 주시기 바랍니다.
1205,1,"귀하께서 결과를 도출하기 까지 오래 걸리는 일(활동)을 수행한 경험이 있다면, 어떻게 지속적으로 동기부여 상태를 유지(Stay Motivated)하였는지 기술하여 주시기 바랍니다."
1206,1,본인의 성장과정 중 실패(힘들었던 상황)를 극복한 경험 또는 높은 목표를 세우고 끈기 있게 노력하여 성취한 경험에 대해 기술해 주십시오.
1207,1,인생 최고의 경험과 가장 후회하는 일에 대하여 작성
1208,1,열정을 가지고 끈기 있게 실행하여 성공한 경험을 통해 무엇을 얻었는지 기술하세요
1209,1,"제한된 자원(시간,비용,인력 등)에도 불구하고 목표를 달성했던 경험을 상황, 행동, 결과 중심으로 기술해 주십시오. [100자 이상 600자 이내]"
1210,1,이를 통해 얻은 것은 무엇이라고 생각하십니까?
1211,1,"생애 최고의 순간이 언제였고, 본인 인생에 어떤 영향을 끼쳤는지 설명하십시오."
1212,1,자신의 창의적인 생각을 구체화하여 실행까지 옮겼던 경험을 서술해주세요. 실행과정에서 느꼈던 어려움과 이를 극복하기 위해 했던 행동과 그 결과에 대해 구체적으로 작성해 주십시오.
1213,1,"[변화], [혁신]의 관점에서 기존의 틀을 깨고 성과를 이루어 낸 경험에 대해 기술해 주시기 바랍니다. *"
1214,1,본인의 성장과정에서 가장 큰 성공과 실패의 경험 및 그러한 경험을 통해 깨닫게 된 점 혹은 변화하게 된 점에 대하여 구체적으로 기술하시오.
1215,1,정확한 분석을 통해 복잡하게 얽힌 과제나 문제를 해결했던 경험에 대해 아래 항목에 따라 기술해 주시기 바랍니다
1216,1,"지금까지 해결해야 했던 가장 어려운 일이 무엇이었고, 이를 해결하기 위해 고려했던 대안과 취했던 조치에 대해 구체적으로 기술해주시기 바랍니다. [500자 이상 800자 이내]"
1217,1,새로운 아이디어를 제시하고 이를 실현시키기 위해 노력했던 사례에 대해 구체적으로 기술해주시기 바랍니다. [500자 이상 800자 이내]
1218,1,학업 외 가장 열정적이고 도전적으로 몰입하여 성공을 이뤄낸 경험이 있다면 구체적으로 기술해주세요.(최소 500 글자)
1219,1,최근 감사했던 경험 세 가지와 그 이유에 대해 구체적으로 기술해주세요.(최소 500 글자)
1220,1,책임감을 가지고 적극적으로 끝까지 업무를 수행하여 성공적으로 마무리한 경험을 기술하여 주십시오.
1221,1,예기치 못했던 문제가 발생하여 난감했던 상황을 적절하게 해결했던 경험에 대해 구체적으로기술해 주십시오.
1222,1,지원직무 수행 시 예상되는 어려움(갈등)은 무엇이라고 생각하십니까? ①본인이 경험한 성공이나 실패 사례 ②어려움(갈등)을 극복해나갈 수 있는 본인의 강점과 가치관 등을 포함하여 구체적으로 작성해 주세요.
1223,1,본인의 가장 큰 성취경험과 실패경험에 대해 기술
1224,1,"본인의 경험 중 가장 큰 실패는 무엇이었으며, 그것을 통해 배운 점에 대해 서술해주세요."
1225,1,"본인이 이뤄냈던 가장 뛰어난 성과에 대해, 그 일을 시작한 계기와 노력과정 및 구체적인 성과를 기술해 주십시오.(1300byte)"
1226,1,헌신적으로 노력했던 경험
1227,1,"기존 방식이나 현상에 대해 문제의식을 갖고 전략적으로 해결한 경험을 다음의 세부 항목에 따라 작성해 주십 시오. I-1 [Situation & Task] 언제, 어디서 가지게 된 경험이였으며 그러한 문제의식을 가지게 된 계기는 무엇 입니까?"
1228,1,"업무 또는 과제를 수행하시면서 본인의 부족한 점을 발견하고, 이를 개선하기 위해 노력하여 성과를 내신 경험을 다음의 세부항목에 따라 작성해 주십시오. IV-1[Situation & Task] 당신이 맡았던 업무 또는 과제와 이를 달성하는데 부족했던 점은 무엇이라고 판단하셨었는지 간단히 작성해 주십시오. IV-2[Action & Result] 부족하다고 판단하신 이유와 이를 개선하기 위해 노력했던 방법은 무엇이었으며, 그 결과 당신의 업무나 과제에 어떤 영향을 미쳤는지 구체적으로 제시해 주십시오."
1229,1,상반되어 보이는 목표나 가치를 모두 달성해야 하는 딜레마 상황에서 이를 해결하기 위한 노력과 성과에 대해 기술해 주시기 바랍니다.
1230,1,"지원자님의 성장과정에서 가장 행복했던 경험 (또는 가장 큰 영향을 준 사건/인물)에 대하여 그 이유와 과정에서 본인이 했던 행동과 생각, 이를 통해 느끼고 배운 점을 함께 기술해주세요."
1231,1,학교생활 및 특별활동 중 기억나는 일들을 기술해주세요.
1232,1,"선택한 세부 직무 역량을 쌓는 과정에서 자신에게 주어졌던 일 또는 경험 중, 가장 힘들었던 위기상황은 무엇이었으며, 그 위기를 본인의 노력으로 극복한 경험에 대해 서술 해 주십시오. - 그 일 또는 경험을 하게 된 이유와 진행하면서 가장 어려웠던 점, 극복하기 위해 했던 행동과 생각, 결과에 대해 최대한 구체적으로 작성 - 당시 상황과 그 결과가 본인에게 어떤 영향을 미쳤는지 언급할 것 - 극복을 위한 노력의 결과와 그 과정에서 느낀 점에 대해 구체적으로 작성 - 경험의 진실성을 증명할 수 있는 근거가 잘 드러나도록 기술할 것 (1000 자 10 단락 이내)"
1233,1,"누가 시키지 않았지만 스스로 팀이나 조직, 단체 등을 위해 고민해서 수행했던 일이 있다면 그 경험과 스스로 찾아서 할 수 밖에 없었던 이유, 노력한 만큼 만족할만한 성과를 얻었는지에 대해 구체적으로 기 술하여 주십시오"
1234,1,"본인이 세운 목표를 최단시간 내에 달성하기 위해 투입비용을 최소화하고, 비용 대비 효과를 극대화하 기 위해 가능한 자원, 기술, 인력 등을 동원한 경험이 있다면 그 과정과 결과에 대해 구체적으로 기술하여 주십시오."
1235,1,"예상하지 못했던 문제로 인해 계획대로 일이 진행되지 않았을 때, 책임감을 가지고 적극적으로 끝까지 업무를 수행하여 성공적으로 마무리 했던 경험이 있으면 서술해 주세요."
1236,1,"기존 방식이나 현상에 대해 문제의식을 갖고 전략적으로 해결한 경험을 다음의 세부항목에 따라 작성해 주십시오. [Situation & Task] 언제, 어디서 가지게 된 경험이였으며 그러한 문제의식을 가지게 된 계기는 무엇입니까?"
1237,1,"[Action & Result] 어떤 방식으로 해당 문제를 해결하였으며, 본인의 노력으로 개선된 결과를 구체적으로 작성해 주십시오."
1238,1,"업무 또는 과제를 수행하시면서 본인의 부족한 점을 발견하고, 이를 개선하기 위해 노력하여 성과를 내신 경험을 다음의 세부항목에 따라 작성해 주십시오. [Situation & Task] 본인이 맡았던 업무 또는 과제와 이를 달성하는데 부족했던 점은 무엇이라고 판단하셨었는지 간단히 작성해 주십시오."
1239,1,"[Action & Result] 부족하다고 판단하신 이유와 이를 개선하기 위해 노력했던 방법은 무엇이었으며, 그 결과 본인의 업무나 과제에 어떤 영향을 미쳤는지 구체 적으로 제시해 주십시오."
1240,1,최근 인생에서 가장 열정적으로 몰입했던 일과 그 결과(성공 또는 실패)로 인해 배운 점이 있다면 기술하시오.
1241,1,인생에서 가장 큰 성취감을 느낀 사건은 무엇인가요? 사건이 발생한 계기와 과정을 자세하게 묘사해 주시기 바랍니다.
1242,1,"다른 사람이 인식하지 못하는 문제점을 파악하고, 자신만의 독창적인 방법으로 문제를 해결한 경험"
1243,1,학업 외에 관심과 열정을 가지고 했던 다양한 경험 중 가장 기억에 남는 것 설명을 설명하세요
1244,1,어려운 상황에서 책임감을 가지고 적극적으로 끝까지 업무를 수행하여 성공적으로 마무리한 경험에 대해 기술하시오.
1245,1,기존의 관행 혹은 방식을 개선했던 경험 중 가장 보람 있고 효과적이었던 경험 한 가지를 상세하게 설명하여 주십시오.(600자 이내)
1246,1,(문제해결능력) 학업 과제 수행이나 업무 수행 중에 예상치 못한 문제를 해결해본 경험이 있습니까? 그 문제를 해결하기 위해 어떠한 과 정을 거쳤으며 어떠한 점에서 그 해결책이 효과적이었는지를 기술하여 주십시오.
1247,1,복잡한 문제를 해결한 경험
1248,1,완수하기 어려운 상황에도 불구하고 맡은 바를 끝까지 달성하고자 노력했던 대표적인 경험
1249,1,"누가 시키지 않았지만 스스로 팀이나 조직, 단체 등을 위해 고민해서 수행했던 일이 있다면 그 경험과 스스로 찾아서 할 수밖에 없었던 이유, 노력한 만큼 만족할만한 성과를 얻었는지에 대해 구체적으로 기술하여 주십시오."
1250,1,"본인이 세운 목표를 최단시간 내에 달성하기 위해 투입비용을 회소화하고, 비용 대비 효과를 극대화하기 위해 가능한 자원, 기술, 인력 등을 동원한 경험이 있다면 그 과정과 결과에 대해 구체적으로 기술하여 주십시오."
1251,1,"(문제해결능력) 당면한 문제를 해결하기 위해 시도했던 경험 중 원인을 철저히 규명하여 문제를 해결했던 사례에 대해 구체적으로 기술해 주십시오. 당시 문제가 되는 상황은 무엇이었으며, 어떠한 과정을 통해 원인을 규명하였는지, 그렇게 문제를 해결한 이유는 무엇이었는지 상세하게 기술해 주십시오."
1252,1,"가장 최근에 노력했던 경험들(학과목, 자격증 교육 등) 중 본인의 업무를 수행하는데 가장 많은 도움이 될 것이라고 생각하는 경험이 무엇인지 기술해 주십시오. 어떤 노력을 했는지, 어떤 발전이 있었는지, 도움이 될 것이라고 생각하는 근거가 무엇인지 상세하게 기술해 주십시오."
1253,1,현재까지 가장 기억에 남는 성공(또는 실패)의 경험과 이를 위해 노력한 사항을 구체적으로 기술하시오
1254,1,"자신의 경험 중 가장 도전적이었던 일은 무엇이며, 극복하기 위해 했던 행동, 노력, 생각을 구체적으로 기술하시오. (600자)"
1255,1,익숙하지 않은 문제에 직면했을 경우 귀하는 보통 어떻게 해결합니까? 귀하가 경험한 가장 최근 사례를
1256,1,본인 스스로 해결해야만 하는 상황에 직면했던 경험중 가장 해결하기 어려웠던 경험과 이를 극복한 방법을 기술하시오.(500자 이내)
1257,1,헌신과 도전 정신을 발휘했던 경험
1258,1,기존 방식이나 현상에 대해 문제의식을 갖고 전략적으로 해결한 경험을 다음의 세부항목에 따라 작성해 주십시오.
1259,1,"업무 또는 과제를 수행하면서 본인의 부족한 점을 발견하고, 이를 개선하기 위해 노력하여 성과를 낸 경험을 다음의 세부항목에 따라 작성해 주십시오."
1260,1,본인의 창의력과 기획력을 나타낼 수 있는 경험이나 사례에 대해 기술하여 주십시오
1261,1,본인의 열정을 나타낼 수 있는 경험이나 사례에 대해 기술하여 주십시오
1262,1,"기존의 방식이 아닌 새로운 시도를 통해 성취해낸 구체적인 경험, 자신의 행동, 결과 등을 기술하여 주십시오(500)"
1263,1,본인의 삶에서 이룬 가장 큰 성취의 과정을 설명하고 이를 통해 느낀 점 및 본인의 변화에 대해 기술하시오.
1264,1,본인이 타인과 차별화되는 본인만의 독특한 방식을 통해 창의적으로 해결한 일에 대해 기술하시오.
1265,1,일반적으로 경험하기 힘든 특별한 체험/ 남다른 성취 경험
1266,1,"가장 힘들었던 실패의 경험을 통해 어떤 것을 배우게 되었고, 또 앞으로의 목표에 어떤 도움이 될 수 있을지 기술하시오"
1267,1,"본인이 참여한 프로젝트 중 주도적/인상적으로 이끌어간 경험을 설명해주세요. ①경험의 과정을 구체적으로 설명하고, ②그 과정 중에 리스크나 예기치 않은 변화에 대응했던 사례가 있다면 구체적으로 작성해주세요. (1,000자 이내)"
1268,1,"지금까지 살아오면서 반드시 지켜가고자 했던 도덕기준은 무엇이며, 이를 어떻게 지켜가고자 했는지, 어떤 상황에서 가장 힘들었는지 기술해 주시기 바랍니다."
1269,1,본인이 계획했던 일이 예상하지 못 한 문제로 어려움을 겪었을 때 책임감을 가지고 적극적으로 문제를 해결하여 목표를 달성한 경험에 대해 기술하시오
1270,1,남들과 다른 새로운 관점으로 변화/혁신을 추구한 경험과 그를 통해 배운점이 무엇인지 기술하시오. 1000 Bytes 이내
1271,1,"가장 힘들었던 실패의 경험을 통해 어떤 것을 배우게 되었고, 또 앞으로의 목표에 어떤 도움이 될 수 있을지 기술하시오. 1000 Bytes 이내"
1272,1,"누가 시키지 않았지만 스스로 팀이나 조직, 단체 등을 위해 고민해서 수행했던 일이 있다면 그 경험과 스스로 찾아서 할 수 밖에 없었던 이유, 노력한 만큼 만족할만한 성과를 얻었는지에 대해 구체적으로 기술하여 주십시오"
1273,1,"본인이 세운 목표를 최단시간 내에 달성하기 위해 투입비용을 최소화하고, 비용 대비 효과를 극대화하기 위해 가능한 자원, 기술, 인력 등을 동원한 경험이 있다면 그 과정과 결과에 대해 구체적으로 기술하여 주십시오"
1274,1,최근 5년간 본인이 경험했던 어려운 문제 상황과 그 문제를 해결했던 방법에 대해 구체적으로 서술하시오.
1275,1,창의력을 발휘한 경험
1276,1,학업 이외에 본인이 관심과 열정을 가지고 가장 자기주도적으로 계획을 수립하고 추진했던 경험이 있으면 서술해주십시오.
1277,1,성취감이 주는 성장 동력
1278,1,"어떤 방식으로 해당 문제를 해결하였으며, 본인의 노력으로 개선된 결과를 구체적으로 작성해 주십시오."
1279,1,책임감을 가지고 도전했던 경험
1280,1,지원자가 도전한 경험은 무엇인가?
1281,1,지금까지 학업이나 일 등을 하면서 새로운 시도나 다르게 해 본 경험과 그에 대한 결과를 구체적으로 작성해 보세요
1282,1,사회활동: 학업 이외 관심과 열정을 가지고 했던 다양한 경험 중 가장 기억에 남는 것을 구체적으로 기술해주세요
1283,1,본인이 설정한 목표/ 목표의 수립 과정/ 처음에 생각했던 목표 달성 가능성/ 수행 과정에서 부딪힌 장애물 및 그 때의 감정(생각)/ 목표 달성을 위한 구체적 노력/ 실제 결과/ 경험의 진실성을 증명할 수 있는 근거가 잘 드러나도록 기술 (1000 자 10 단락 이내)
1284,1,기존 방식과 본인이 시도한 방식의 차이/ 새로운 시도를 하게 된 계기/ 새로운 시도를 했을 때의 주변 반응/ 새로운 시도를 위해 감수해야 했던 점/ 구체적인 실행 과정 및 결과/ 경험의 진실성을 증명할 수 있는 근거가 잘 드러나도록 기술 (1000 자 10 단락 이내)
1285,1,힘들었던 일과 극복 방법
1286,1,학업 과제 수행이나 업무 수행 중에 예상치 못한 문제를 해결해본 경험이 있습니까? 그 문제를 해결하기 위해 어떠한 과정을 거쳤으며 어떠한 점에서 그 해결책이 효과적이었는지를 기술하여 주십시오. (1000바이트)
1287,1,"누가 시키지 않았지만 스스로 팀이나 조직, 단체 등을 위해 고민해서 수행했던 일이 있다면 그 경험과 스스로 찾아서 할 수 밖에 없었던 이유, 노력한 만큼 만족할만한 성과를 얻었는지에 대해 구체적으로 기술하여 주십시오. (600자)"
1288,1,"본인이 세운 목표를 최단시간 내에 달성하기 위해 투입비용을 최소화하고, 비용 대비 효과를 극대화하기 위해 가능한 자원, 기술, 인력 등을 동원한 경험이 있다면 그 과정과 결과에 대해 구체적으로 기술하여 주십시오. (600자)"
1289,1,"[변화], [혁신]의 관점에서 기존의 틀을 깨고 성과를 이루어낸 경험에 대해 기술해 주시기 바랍니다."
1290,1,자발적으로 최고 수준의 목표를 세우고 끈질기게 성취한 경험에 대해 구체적으로 기술해 주십시오.
1291,1,"최근 3년 이내 본인이 주도적이고, 열정적으로 진행한 일에 대해 기술해 주십시오."
1292,1,예상치 못했던 문제로 인해 계획대로 일이 진행되지 않았을 때 책임감을 가지고 적극적으로 끝까지 업무를 수행해내어 성공적으로 마무리했던 경험이 있으면 기술해 주십시오.
1293,1,"도전적인 목표를 설정하여 달성하는 과정에서 느꼈던 한계는 무엇이고, 이를 극복하기 위해 기울였던 노력과 결과를 구체적으로 기술해주십시오."
1294,1,"학교생활, 사회생활 등을 하면서 본인과 매우 다른 생각 또는 가치관을 가진 사람과 함께 했던 경험 중 힘들었던 점을 서술하고 그것을 극복하기 위해 어떠한 노력을 했는지 구체적으로 기술해주십시오"
1295,1,재학 또는 재직기간 동안 가장 뛰어난 업적은 무엇입니까? 그리고 왜 그렇게 생각하는지 기술해 주십시오. [ 200자 이상 1000자 이내]
1296,1,"기존의 방식이 아닌 새로운 시도를 통해 성취해낸 구체적인 경험, 자신의 행동, 결과 등을기술하여 주십시오"
1297,1,난감했던 상황을 해결했던 경험
1298,1,"[문제해결능력] 본인이 특정한 문제의 본질을 정확하게 이해하고, 논리적인 사고과정을 통해 문제를 해결했던 경험을 기술하여 주시기 바랍니다."
1299,1,자신의 인생에서 가장 어려웠던 점과 이를 어떻게 극복하였는가를 서술해 주십시오. (최대 700자 입력가능)
1300,1,"대학시절 (아르바이트, 동아리활동 등 포함) 가장 큰 성취감을 느꼈던 사례와 본인이 노력한 부분을 설명하십시오."
1301,1,지금까지 이룬 큰 성과와 그 과정에서 노력한 내용을 기술하시오.
1302,1,"살아오면서 겪은 가장 힘들었던 경험을 설명하고, 그 극복과정에서 느낀 점에 대해 기술하시오."
1303,1,인생에서 가장 행복했던 경험이나 힘들었던 경험(200자)
1304,1,"어떠한 과제들이었으며, 그 과제들을 수행하는데 장애요인은 무엇이었는지 기술하여 주십시오"
1305,1,"그러한 과제들을 해결하기 위한 본인만의 전략이나 노하우, 대안은 무엇이었는지 기술하여 주십시오."
1306,1,"위 전략(노하우, 대안)의 결과는 어떠했으며, 그러한 결과를 어떻게 평가하는지 기술하여"
1307,1,"어떠한 점이 특히 어렵거나 힘들었으며, 이를 해결하기 위해 어떠한 노력을 했는지 기술하여 주십시오."
1308,1,"부족한 지식이나 역량, 또는 새로운 기술을 개발하기 위해 노력을 기울였던 사례를 기술해 주십시오."
1309,1,성취감을 통한 성장동력
1310,1,"기존 방식이나 현상에 대한 문제의식을 갖고 해결하려고 노력했던 경험에 대해 다음 세부항목에 따라 작성해 주십시오. - 최근 경험을 기준으로 작성하시기 바랍니다. 성공 또는 실패 경험 모두 작성 가능합니다. * 어떤 부분에서 문제의식을 갖거나 개선이 필요하다고 생각했는지, 왜 그렇게 생각했는지에 대한 내용을 작성해 주십시오. [ 150자 이상 600자 이내 ]"
1311,1,"해당 문제를 어떻게 해결하려고 노력하였는지, 그 결과를 통해 얻은 것은 무엇인지에 대한 내용을 작성해 주십시오. [ 150자 이상 600자 이내 ]"
1312,1,실수/실패를 극복하여 성과를 달성한 경험에 대하여
1313,1,기존의 관행 혹은 방식을 개선했던 경험 중 가장 보람 있고 효과적이었던 경험 한 가지를 상세하게 설명하여 주십시오.(600자 이내) 글자수 자
1314,1,"최근 5년 이내에 다양한 과제(업무, 활동, 학습 등)를 동시에 수행해야 하거나 어려운 과제를 해결해야 하는 상황에서, 성공적으로 이를 극복한 경험에 대하여 기술하여 주십시오."
1315,1,"본인에게 있어서 절제가 잘 되지 않는 점이 무엇인지 기술하여 보시고, 과거에 이를 위해서 어떤 대비책을 발휘 하였는지 작성해 주십시오. 500자"
1316,1,(문제해결능력) 학업 과제 수행이나 업무 수행 중에 예상치 못한 문제를 해결해본 경험이 있습니까? 그 문제를 해결하기 위해 어떠한 과정을 거쳤으며 어떠한 점에서 그 해결책이 효과적이었는지를 기술하여 주십시오. (500자 이내)
1317,1,"경험사항 도전적인 목표를 정하고 열정적으로 일을 추진했던 경험을 구체적으로 기술해 주시기 바랍니다. Guide> 특히, 일을 추진해 나가는 데 있어서 어려웠던 점과 그 결과에 대해서 중점적으로 기술하시기 바랍니다. 또한, 직무관련 공모전 수상, 인턴 경험, 혹은 본인을 어필할 수 있는 특이 경험이 있다면 기재해 주시기 바랍니다."
1318,1,자발적으로 더 높은 수준의 목표를 세우고 도전하여 성공 또는 실패한 경험에 대해 서술해 주십시오. - 스스로 설정한 목표와 그 이유는 무엇이었나요? - 수행 과정 중 가장 어려웠던 점은 무엇이었나요? - 성공 또는 실패의 이유와 도전을 통해 깨달았던 점은 무엇이었나요?
1319,1,"전공(또는 지원 직무) 외 다양한 지식과 직·간접적 경험을 쌓기 위해 평소에 본인이 꾸준하게 노력한 점에 대해 서술해 주십시오. - 구체적인 행동과 실천 방법은 무엇이었고, 시간(기간)은 어느 정도였나요? - 이러한 노력의 결과 본인에게 가장 큰 변화는 무엇이라고 생각하나요?"
1320,1,성취한 일 중에 가장 기억에 남는 일과 그것을 성취하기 위해
1321,1,본인이 선정한 핵심가치를 발휘한 사례를 경험에 비추어 기술하여 주십시오.
1322,1,"그러한 노력의 결과는 어떠했는지 기술하고, 그러한 노력이 성공 또는 실패했다면 그 원인은 무엇이었는지 기술하여 주십시오."
1323,1,힘들었던 일과 극복해낸 방법
1324,1,"본인의 ① 글로벌 경험 또는 역량을 구체적으로 작성하고, ②해당 글로벌 경험 및 역량을 취득하는 과정에서 어려웠던 상황과 이를 극복하기 위해 노력했던 과정 및 결과를 작성해 주십시오. (1000자 이내)"
1325,1,성취감이 주는 성장동력
1326,1,"일을 진행하는 과정에서 갑작스러운 어려움에 부딪혔지만, 극복하려 노력했던 경험과 그 결과에 대해 말씀해주세요"
1327,1,지금까지 인생에서 본인이 쏟을 수 있는 가장 큰 열정을 가지고 노력했던 일이 있다면 무엇인지 가장 최근의 사례를 기술해 주세요.
1328,1,도전적인 목표를 정하고 열정적으로 일을 추진했던 경험을 구체적으로 기술해 주시기 바랍니다 500
1329,1,예상치 못한 문제로 인하여 일이 계획대로 진행되지 않았을때 책임감을 가지고 적극적으로 수행한 경험을 서술하십시오
1330,1,"공모전 수상, 인턴 경험, 혹은 본인을 어필할 수 있는 특이 경험이 있다면 기재해주세요."
1331,1,"대학 생활과 졸업 이후를 포함하여, 책임감과 노력으로 어려움을 극복한 경험에 대해서 작성해주세요. 어려움이 발생한 이유, 극복 과정 중의 노력(행동, 생각)과 그 결과, 느낀 점을 포함하여 구체적으로 작성해주세요. (1,000자 이내)"
1332,1,"예상치 못했던 문제로 인해 난관에 부딪혔을 때, 이전에 없던 또는 이전과는 다른 방식으로 문제를 해결하고자 했던 경험에 대해 기술해 주십시오."
1333,1,현재 자신의 위치에 오기 위해 수행해온 노력과 지원한 분야에서 성공을 위해 계획 및 노력한 경험에 대하여 구체적으로 기술해 주세요.
1334,1,본인의 성장과정에서 가장 기억에 남는 경험은 무엇이었나요?
1335,1,본인에게 닥친 어려움이나 난관을 극복하기 위해 노력했던 경험과 결과(성과/실패)와 이로 인해 개인적으로 습득한 교훈은 무엇인지 최근의 본인 경험에 대해 구체적으로 기술해 주십시오.
1336,1,지원자 인생에 있어 최대 역량을 발휘했던 경험을 기술하시오.
1337,1,어떤 업무를 처리하는 과정에서 다양한 상황들을 고려하여 의사결정을 내렸던 경험에 대해 아래 항목에 따라 기술해 주시기 바랍니다. 2-1. 업무 처리시 의사결정을 내렸던 과정과 이를 위해 활용한 자료들에 대해 기술 2-2. 의사결정 시 고려했던 대안들과 최종 결정한 근거에 대해 기술 990/(800-1000)
1338,1,"자신이 추진했던 일(프로젝트, 연구활동, 기타과업 등)의 프로세스를 지속적으로 향상시키기 위해 노력했던 경험이 있다면 아래 항목에 따라 기술해 주시기 바랍니다. 3-1. 프로세스 향상을 위한 기존 프로세스에 대한 검토 내용 기술 3-2. 프로세스를 향상시킨 구체적인 방안 기술 859/(800-1000)"
1339,1,"정확한 분석을 통해 복잡하게 얽힌 과제나 문제를 해결했던 경험에 대해 아래 항목에 따라 기술해 주시기 바랍니다. 4-1. 주어진 과제나 문제의 원인, 본질을 분석했던 내용에 대한 기술 4-2. 분석한 결과를 과제 및 문제 해결에 적용했던 내용에 대한 기술 845/(800-1000)"
1340,1,남들이 모두 어렵다고 하는 일을 적극적으로 추진하여 성공으로 이끌었던 경험을 구체적으로 기술하시오.
1341,1,자신이 가장 크게 실패했던 경험과 그것을 극복하기 위해 기울인 노력에 대해 구체적으로 기술하시오.
1342,1,최근 3 년간 이뤘던 성취 중 가장 기억에 남는 일을 서술해 주십시오. (600 자 이내) 427/600
1343,1,"정직, 남을 위한 봉사, 규칙 준수 등 윤리적인 행동으로 좋은 결과를 얻었던 경험을 아래 세부 항목에 따라 구체적으로 작성해 주십시오. 2-1. 언제, 어디서 있었던 일이며, 본인이 맡았던 역할은 무엇이었는지 기술해 주십시오. (300자 이내)"
1344,1,"본인의 장점에 대해 기술하고 그 장점을 발휘하여 성공적으로 일을 처리한 경험, 또는 새로운 문제에 대해 기존에 없던 혹은 이전과 다른 방식으로 문제를 해결했던 경험을 구체적인 사례로 기술해 주시고, 이러한 경험이 우리공사에 어떠한 기여를 할 수 있을지에 대해 기술해 주십시오."
1345,1,어떤 어려운 상황에서도 주어진 업무에 대해 끝까지 수행한 경험에 대해 구체적으로 기술해주시기 바랍니다. ㆍ본인이 수행한 업무가 무엇이며 왜 그러한 업무를 맡게 되었습니까? ㆍ포기하지 않고 업무를 수행한 이유와 그 결과에 대해 기술해 주시기 바랍니다.
1346,1,"인생을 살아가면서 가장 중요하게 생각하는 가치(관)은 무엇이고, 그 가치(관)을 유지, 발전시키기 위해 노력한 경험이나 사례를 구체적으로 기술해 주시기 바랍니다."
1347,1,자신의 창의적인 생각을 구체화해 실행까지 옮겼던 경험을 작성해주세요.
1348,1,"본인의 경험 중 가장 도전적이었던 시도는 무엇이었으며, 그 과정을 통해 배운 바를 기술하여 주십시오.(700자)"
1349,1,"살아오면서 갈등관계라 할 수 있는 경험은 무엇이었으며, 어떻게 해결했는지 행동중심으로 기술하여 주십시오"
1350,1,학업 이외에 관심과 열정을 가지고 했던 다양한 경험 중 기억에 남는 것을 기술해 주세요.
1351,1,상기의 경험을 통해 얻은 것은 무엇입니까?
1352,1,자발적으로 최고 수준의 목표를 세우고 끈질기게 성취한 경험에 대해 서술해 주십시오. / 목표 달성을 위한 구체적 노력/ 실제 결과/ 경험의 진실성을 증명할 수 있는 근거가 잘 드러나도록 기술) (700~1000자 10단락 이내)
1353,1,"과제수행을 위한 Project에서 어려운 상황(또는 목표)에 직면했던 경험은 무엇이며, 어떻게 해결했는지 기술하시오"
1354,1,"누가 시키지 스스로 팀이나 조직, 단체 등을 위해 고민해서 수행했던 일이 있다면 그 경험과 스스로 찾아서 할 수 밖에 없었던 이유, 노력한 만큼 만족할만한 성과를 얻었는지에 대해 구체적으로 기술하여주십시오."
1355,1,"본인이 세운 목표를 최단시간 내에 달성하기 위해 투입비용을 최소화 하고, 비용 대비 효과를 극대화하기 위해 가능한 자원, 기술, 인력 등을 동원한 경험이 있다면, 그 과정과 결과에 대해 구체적으로 기술하여 주십시오."
1356,1,"인생에서 가장 중요하게 생각하는 가치는 무엇이며, 그 가치를 위해 노력한 경험에 대하여 서술하여 주십시오."
1357,1,"[문제해결능력] (최근 3년 이내의 경험 중에서) 예상치 못했던 문제로 인해 계획대로 일이 진행되지 않았을 때, 책임감을 가지고 적극적으로 끝까지 업무를 수행해내어 성공적으로 마무리했던 경험이 있으면 기술해 주십시오.(500자)"
1358,1,최근 5년 동안 귀하가 도전한 일 중에서 가장 큰 도전은 무엇입니까? 그 도전을 통해 귀하는 무엇을 얻었습니까?
1359,1,새로운 것을 접목하거나 남다른 아이디어를 통해 문제를 개선했던 경험에 때해 서술해 주십시오.
1360,1,자신이 추진했던 일을 향상하기 위해 한 노력
1361,1,*최근 5년 이내 본인이 소속된 조직의 발전을 위해 가장 많은 기여를 했다고 자부할 수 있는 경험에 대해 작성하여 주십시오.
1362,1,*최근 5년 이내 자신의 부족한 점을 보완하기 위해 6개월 이상의 지속적인 노력을 기울였던 경험에 대해 작성하여 주십시오.
1363,1,"누가 시키지 않았지만 스스로 팀이나 조직, 단체 등을 위해 고민해서 수행했던 일이 있다면 그 경험과 스스로 찾아서 할 수 밖에 없었던 이유, 노력한 만큼 만족할만한 성과를 얻었는지에 대해 구체적으로 기 술하여 주십시오."
1364,1,본인의 기억에 남는 성취경험에 대하여 기술하시오
1365,1,"도전적인 목표를 정하고 열정적으로 일을 추진했던 경험과 관련 추진과정에서 겪은 어려움, 이를 극복한 방법, 그리고 그 일의 결과를 중심으로 서술해 주십시오"
1366,1,자신의 윤리?도덕적 신념을 지키기 위해 손해나 희생을 감수하고 일을 수행한 경험이 있다면 서술해 주십시오.
1367,1,어려운 조건을 극복한 사례와 얻은 교훈을 기술할 것.
1368,1,"본인의 경험 중 가장 도전적이었던 시도는 무었이었으며, 그 과정을 통해 배운 바를 기술하여 주십시오."
1369,1,"살아오면서 갈등 관계라 할 수 있는 경험은 무었이었으며, 어떻게 해결했는지 행동중심으로 기술하여 주십시오."
1370,1,"[진취성/창의성] 자신에게 주어졌던 일 중 가장 어려웠던 경험을 명시하고, 그 일을 극복하기 위해 했던 행동 및 결과에 대해 기술하시오. (600자 이내)"
1371,1,"지금까지 가장 열정적/혁신적으로 임하여 성과를 이룬 경험과 그 과정에서 배운 교훈을 기술해 주시기 바랍니다. Guide> 추진목적, 진행 시 장애사항 및 극복 방법 등 본인의 경험을 자유롭게 기술하시기 바랍니다"
1372,1,"인생에서 반드시 이루고 싶은 목표는 무엇이고, 목표를 이루기 위해 어떠한 노력을 기울여 왔는지에 대해 기술하시오."
1373,1,창의적인 사고와 도전정신을 발휘하여 성취를 이뤄낸 사례가 있다면 기술하시오.
1374,1,지금까지 수강했던 과목 또는 공부했던 분야 중 본인이 가장 열심히 했거나 흥미를 가졌던 것은 무엇이며 그 이유는 무엇인지 설명해 주세요.
1375,1,예상치 못했던 문제로 인해 난관에 부딪쳤을 때 이전과는 다른 방식으로 문제를 해결하였던 경험
1376,1,기존 방식이나 현상에 대해 문제의식을 갖고 전략적으로 해결한 경험을 다음의 세부항목에 따라 작성해 주십시오
1377,1,"업무 또는 과제를 수행하시면서 본인의 부족한 점을 발견하고, 이를 개선하기 위해 노력하여 성과를 내신 경험을 다음의 세부항목에 따라 작성해 주십시오."
1378,1,가장 힘들었던 순간과 이를 극복한 과정을 기술하세요.
1379,1,가장 기억나는 성공경험과 아쉬웠던 실패경험을 쓰고 블루홀 입사 후 업무를 수행하는데 있어서 어떤 점이 도움이 될 수 있는지 작성해주세요. * [10자 이상 800자 이내]
1380,1,새로운 것을 접목하거나 남다른 아이디어를 통해 문제를 개선했던 경험에 대해 서술해 주십시오. (700~800 자 10 단락 이내)
1381,1,본인이 이룬 가장 큰 성취경험과 실패경험에 대하여 기술하시오.
1382,1,어떤 업무를 처리하는 과정에서 다양한 상황들을 고려하여 의사결정을 내렸던 경험에 대해 아래 항목에 따라 기술해 주시기 바랍니다. ? 1-1. 업무 처리시 의사결정을 내렸던 과정과 이를 위해 활용한 자료들에 대해 기술 ? 1-2. 의사결정 시 고려했던 대안들과 최종 결정한 근거에 대해 기술
1383,1,"정확한 분석을 통해 복잡하게 얽힌 과제나 문제를 해결했던 경험에 대해 아래 항목에 따라 기술해 주시기 바랍니다. ? 2-1. 주어진 과제나 문제의 원인, 본질을 분석했던 내용에 대한 기술 ? 2-2. 분석한 결과를 과제 및 문제 해결에 적용했던 내용에 대한 기술"
1384,1,오류없이 성공적으로 과제 또는 업무를 수행하고자 최선을 다했던 경험을 아래 항목에 따라 기술해 주시기 바랍니다. ? 4-1. 오류나 실수가 발생할 가능성이 있었던 업무(과제) 특성 및 주의를 기울였던 행동에 대해 기술 ? 4-2. 진행과정 별 치밀하게 처리했던 방법에 대해 기술
1385,1,"(문제해결능력) 본인이 겪었던 가장 어렵거나 힘들었던 문제에 대해 간략하게 설명하고, 그 문제를 해결하기 위한 구체적 과정(원인 도출, 해결방안 적용 등)과 어떤 점에서 그 해결책이 효과적이었다고 생각하는지 기술하여 주십시오."
1386,1,"자신에게 주어졌던 일 중 가장 어려웠던 경험은 무엇이었습니까? ②진행하면서 가장 어려웠던 점과 그것을 극복하기 위해 했던 행동과 생각, 결과에 대해 최대한 구체적으로 작성해주십시오.(1,000자 이내)"
1387,1,사회활동 : 학업 이외에 관심과 열정을 가지고 했던 다양한 경험 중 가장 기억에 남는 것을 구체적으로 기술해주세요. (800)
1388,1,본인의 가치관을 형성하는데 가장 큰 영향을 끼친 경험은 무엇인지 서술하세요.
1389,1,지금껏 살아오면서 가장 잘했다고 생각하는 일 또는 가장 잘못했다고 생각하는 일을 적고 그 이유를 구체적으로 서술하세요.
1390,1,자발적으로 최고 수준의 목표를 세우고 끈질기게 성취한 경험에 대해 서술해 주십시오. 본인이 설정한 목표/ 목표의 수립 과정/ 처음에 생각했던 목표 달성 가능성/ 수행 과정에서 부딪힌 장애물 및 그 때의 감정(생각)/ 목표 달성을 위한 구체적 노력/ 실제 결과/ 경험의 진실성을 증명할 수 있는 근거가 잘 드러나도록 기술 (1000 자 10 단락 이내)
1391,1,새로운 것을 접목하거나 남다른 아이디어를 통해 문제를 개선했던 경험에 대해 서술해 주십시오. 기존 방식과 본인이 시도한 방식의 차이/ 새로운 시도를 하게 된 계기/ 새로운 시도를 했을 때의 주변 반응/ 새로운 시도를 위해 감수해야 했던 점/ 구체적인 실행 과정 및 결과/ 경험의 진실성을 증명할 수 있는 근거가 잘 드러나도록 기술 (1000 자 10 단락 이내)
1392,1,자신의 창의적인 생각을 구체화해 실행까지 옮겼던 경험을 작성해주세요. 1500자 이내
1393,1,사회활동 : 학업 이외에 관심과 열정을 가지고 했던 다양한 경험 중 가장 기억에 남는 것을 구체적으로 기술해주세요.(800)
1394,1,열정적으로 변화와 혁신을 위해 노력하여 성과를 얻었던 사례 또는 프로젝트에 대하여 서술하시오.
1395,1,"지금까지의 다양한 경험 중에, 남다른 노력을 한 경험이나 사회활동을 서술해주십시오.(600자)"
1396,1,본인이 도전했던 여러 경험 중 가장 힘들었던 경험을 작성하고 이를 통해 배운 점은 무엇이었는지 작성해주시기 바랍니다.(최대 500 자 이내로 작성)
1397,1,본인이 도전했던 여러 경험 중 가장 힘들었던 경험을 작성하고 이를 통해 배운 점은 무엇이었는지 작성해주시기 바랍니다.
1398,1,자발적으로 최고 수준의 목표를 세우고 끈질기게 성취한 경험에 대해 서술해 주십시오./ 목표 달성을 위한 구체적 노력/ 실제 결과/ 경험의 진실성을 증명할 수 있는 근거가 잘 드러나도록 기술)
1399,1,새로운 것을 접목하거나 남다를 아이디어를 통해 문제를 개선했던 경험에 대해 서술해 주십시오.
1400,1,"여러분이 경험한 IT와 관련된 가장 의미있는 사례를 구체적으로 기술해 주세요. ① 가장 의미있다고 생각한 이유, ② 해당 사례 에서 노력한 과정과 결과, ③ 해당 경험이 입사 후 기여할 수 있는 점은 무엇인지에 대하여 작성해 주세요. (1,000자 이내)"
1401,1,"본인 인생에서 가장 크게 실패했던 경험은 무엇이며, 이를 어떻게 극복했는지 기술해 주시기 바랍니다."
1402,1,인생에서 가장 열정을 쏟은 일 한 가지와 그로 인해 얻은 성과에 대해 설명하세요.
1403,1,"자신이 하고 싶은 것을 진지하고 순수한 마음으로 수행했던 경험(Integrity/진지함), 무엇인가에 빠져 열정적이고, 헌신적으로 그것을 수행했던 경험(Passion/헌신), 현재에 만족하지 않고, 끊임없는 개선을 통해 타인을 감동시켰던 경험 중 한 개를 선택하여 그 경험과 결과에 대해서 서술하시오.(1200)"
1404,1,"업무 또는 과제를 수행하면서 본인의 부족한 점을 발견하고, 이를 개선하기 위해 노력하여 성과를 낸 경험을 다음의 세부항목에 따라 작성해 주십시오. [Situation & Task] 본인이 맡았던 업무 또는 과제와 이를 달성하는데 부족했던 점은 무엇이라고 판단하였는지 간단히 작성해 주십시오.(350자)"
1405,1,"[Action & Result] 부족하다고 판단한 이유와 이를 개선하기 위해 노력했던 방법은 무엇이었으며, 그 결과 본인의 업무나 과제에 어떤 영향을 미쳤는지 구체적으로 제시해 주십시오.(500자)"
1406,1,"자신이 하고 싶은 것을 진지하고 순수한 마음으로 수행했던 경험(Integrity/진지함), 무엇인가에 빠져 열정적이고, 헌신적으로 그것을 수행했던 경험(Passion/헌신), 현재에 만족하지 않고, 끊임없는 개선을 통해 타인을 감동시켰던 경험 중 한 개를 선택하여 그 경험과 결과에 대해서 서술하시오."
1407,1,"본인이 살아오면서 가장 강렬히 성취하고 싶었던 일은 무엇입니까? 그 일을 꼭 성취하고 싶었던 이유, 이를 달성하기 위해 구체적으로 했던 일, 그리고 그 결과와 느꼈던 점을 포함하여 상세 기술하십시오."
1408,1,"삶에서 겪었던 심각하고 어려운 문제에 대하여 간략하게 설명하고, 그 문제를 창의적인 생각과 상상력을 통해 해결한 사례를 기술해 주십시오."
1409,1,본인의 인생에서 가장 중요하다고 생각되는 사건과 그 사건이 주는 의미에 대하여 기술하시오.
1410,1,"최근 5년 내 가장 큰 성취를 이룬 경험, 경력은 무엇이며, 이를 통해 공사 발전에 어떻게 기여할 수 있는지를 기술하시오."
1411,1,"본인의 인생관에 가장 큰 영향을 미쳤던 도전이 있다면 무엇이며, 어떻게 극복 하였습니까?"
1412,1,"본인이 지금까지 살아오면서 가장 어려웠던 문제나 난관에 부딪힌 사례와 그 일을 어떻게 극복하였으며, 그 결과를 통해 느낀 점을 작성해 주십시오."
1413,1,새로운 것을 접목하거나 남다른 아이디어를 통해 문제를 개선했던 경험에 대해 서술해 주십시요.
1414,1,"대학생활 중 가장 뛰어난 성과를 거두었던 경험이 무엇이었으며, 그 과정에서 어떠한 노력을 하였고 무엇을 배웠는지 작성해주세요. * [500자 이내]"
1415,1,"귀하가 경험했던 가장 어려웠던 일이 무엇이었으며, 그것을 극복하기 위하여 어떤 노력을 하였고 결과가 어떠하였는지 작성해주세요. * [500자 이내]"
1416,1,인생에서 어려움을 극복하고 이루었던 성취경험을 소개해 주십시오. [ 1000자 이내 ]
1417,1,자발적으로 최고 수준의 목표를 세우고 끈질기게 성취한 경험에 대해 서술해 주십시오. / 목표 달성을 위한 구체적 노력/ 실제 결과/ 경험의 진실성을 증명할 수 있는 근거가 잘 드러나도록 기술) (700~800 자 10 단락 이내)
1418,1,본인의 직무역량 향상을 위해서 노력한 점이 있다면 기술해 보십시오. 활동 중 발생한 난관이 있었다면 이를 해결하기 위해 어떤 노력을 했습니까? (1200 byte 이내)
1419,1,"본인에게 닥친 어려움을 극복하기 위해 노력했던 경험을 기술하십시오. 본인에게 닥친 어려움은 무엇이며, 어떤 내용인지 구체적인 장소, 인물 등을 기술해 보십시오. (400 byte 이내)"
1420,1,본인에게 닥친 어려움을 극복하기 위해 노력했던 경험을 기술하십시오. 원인을 파악하고 난관을 해결하기 위하여 취했던 행동은 무엇입니까? (400 byte 이내)
1421,1,"본인에게 닥친 어려움을 극복하기 위해 노력했던 경험을 기술하십시오. 그 노력을 통해 문제는 해결되었습니까? 결과(성공, 실패)의 이유와 개인적으로 습득한 교훈 등에 대하여 기술해 보십시오. (400 byte 이내)"
1422,1,스스로 변화나 혁신을 주도한 경험에 대해 기술하십시오. 왜 변화나 혁신이 필요했는지 구체적으로 예를 들어 설명해 주십시오. (400 byte 이내)
1423,1,"스스로 변화나 혁신을 주도한 경험에 대해 기술하십시오. 본인에게 주어졌던 책임이나 역할은 무엇이었으며, 그 역할을 잘 수행하기 위해서 어떤 행동이나 활동을 했는지 구체적으로 설명해 주십시오. (400 byte 이내)"
1424,1,"스스로 변화나 혁신을 주도한 경험에 대해 기술하십시오. 이러한 노력과 행동을 통해서 나타난 결과는 무엇이었으며, 왜 본인에게 의미 있는 일이었습니까? 그 결과를 통해 개인적으로 습득한 것은 무엇입니까? (400 byte 이내)"
1425,1,자신에게 주어졌던 일 중 가장 어려웠던 경험은 무엇이었습니까?
1426,1,"기존과는 다른 방식을 시도하여 이전에 비해 조금이라도 개선했던 경험 중, 가장 효과적이었던 것은 무엇입니까?"
1427,1,자신에게 요구된 것보다 더 높은 목표를 스스로 세워 시도했던 경험 중 가장 기억에 남는 것은 무엇입니까?
1428,1,살아오면서 자신의 노력으로 이루었던 것 중 가장 성취감을 크게 느꼈던 일이 무엇인지 기술하시오 (500자)
1429,1,"학교 또는 사회에서 과감한 변화와 도전을 수행했던 경험·경력 및 구성원으로써의 역할이 무엇이었으며, 어떤 목표를 달성했는지 최근의 사례를 기술해 주시기 바랍니다."
1430,1,위에 기술한 경험 外 추가로 설명하거나 더 보여주고 싶으신 경험이 있다면 서술해 주십시오. (선택 사항)
1431,1,[My Story] 도전적인 목표를 정하고 열정적으로 일을 추진했던 경험을 구체적으로 기술해 주십시오. Guide> 일을 추진해 나가는 데 있어서 어려웠던 점과 그 결과에 대해서 중점적으로 기술해 주시기 바랍니다.
1432,1,가장 실패한 경험이 있으면 무엇이고 왜 실패하였나요?
1433,1,도전적인 목표를 세우고 무언가를 성취해본 경험과 그 목표를 이루기 위한 과정을 서술해주세요
1434,1,자발적으로 최고수준의 목표를 세우고 끈질기게 성취한 경험
1435,1,새로운것을 접목하거나 남달느 아이디어를통해 문제를 개선했던 경험
1436,1,"어려운 상황에 직면했을 때, 문제를 찾아내고 해결한 경험이 있다면 구체적인 사례를 바탕으로 그 과정과 결과를 기술하여 주십시오. (최대 600자 입력가능)"
1437,1,원칙을 고수하기 어려운 상황에서도 올바르게 행동하기 위해 노력한 경험이 있다면 구체적으로 기술하여 주십시오. (최대 600자 입력가능)
1438,1,"문제 상황을 해결할 때 원인을 분석하여 문제 해결과 예방책을 마련했던 경험이 있습니까? 어떤 문제 상황이었는지 간략하게 기술하고, 원인을 어떻게 분석하였고 해결방법과 예방책은 무엇을 마련했는지, 왜 그렇게 생각했는지 구체적으로 기술해주시기 바랍니다."
1439,1,"주어진 일을 수행할 때, 본인이 생각하기에 윤리적으로 일의 진행이 잘못되었다고 느끼고 그것을 개선하고자 했던 경험이 있습니까? 당시 상황을 간략하게 기술하고, 윤리적으로 잘못되었다고 느꼈던 부분은 어디인지, 어떻게 개선하려고 노력하였는지를 구체적으로 기술해주시기 바랍니다."
1440,1,대학생활 중 성과를 냈거나 실패를 했던 경험에 대해 자세히 기술해 주세요.
1441,1,주인의식을 가지고 과제를 수행한 경험과 그 경험을 통해 무엇을 얻었는지 구체적으로 기술하여 주십시오.
1442,1,인생에서 가장 행복했던 경험과 힘들었던 경험
1443,1,어려운 상황을 겪었을 때 귀하만의 마음가짐과 그 이유
1444,1,'번아웃 증후군'은 의욕적으로 일에 몰두하는 직장인이라면 누구나 한번쯤 겪게 되는 극도의 피로감과 무기력 현상입니다. 인생에서 위와 유사한 경험을 극복한 사례가 있다면 기술하여 주십시오.
1445,1,어떤 어려운 상황에서도 주어진 업무에 대해 끝까지 수행한 경험에 대해 구체적으로 기술해주시기 바랍니다.
1446,1,"지금까지 학업 이외에 스스로 이루어낸 성공 중 가장 의미있는 경험을 서술하고, 성공을 위한 노력과 그 과정 속에서 성장한 본인의 모습을 구체적으로 서술하여 주시기 바랍니다."
1447,1,"귀하의 인생에서 가장 힘들었던 순간과, 그 이유와 결과에 대해서 솔직하게 서술해주세요."
1448,1,지금까지 해오던 방식에서 대해 문제의식을 갖고 현실적인 대안을 새롭게 제시하여 실행에 옮겼던 경험에 대해서 작성해 주십시오 (800자)
1449,1,가장 성취감을 느꼈던 일은 무엇이었습니까? 목표달성을 위해 가장 어려웠던 부분과 이를 극복하기 위해 어떤 노력을 기울였는지 작성해 주십시오(800자)
1450,1,자신이 시도했던 가장 도전적인 상황에 대하여 설명하고 이를 해결하기 위해 노력했던 과정과 그 도전을 통해 얻은 것을 구체적으로 기술하여 주십시오.
1451,1,본인이 지닌 창의성을 발휘하여 기존의 방식과 다르게 문제를 해결했던 경험에 대하여 구체적으로 기술하여 주십시오.
1452,1,"본인이 삶을 살아가는데 가장 중요하게 생각하는 가치를 네글자로 표현, 해당가치를 추구했던 경험을 구체적으로 설명"
1453,1,시키는 일의 범위를 넘어서 자발적으로 도전한 경험이 있다면 소개해 주십시오.
1454,1,"본인이 하고 싶은 일을 위해 실패를 두려워 하지 않고, 도전했던 경험을 기술해 주세요. (10행/500자)"
1455,1,"최근 5년이내에 다양한 과제(업무, 활동, 학습 등)를 동시에 수행해야 하거나 어려운 과제를 해결해야 하는 상황에서, 성공적으로 이를 극복한 경험에 대하여 기술하여 주십시오. 1) 어떠한 과제들이었으며, 그 과제들을 수행하는데 장애요인은 무엇이었는지 기술하여 주십시오.(100~200자)"
1456,1,"2) 그러한 과제들을 해결하기 위한 본인만의 전략이나 노하우, 대안은 무엇이었는지 기술하여 주십시오.(150~300자)"
1457,1,"3) 위 전략(노하우, 대안)의 결과는 어떠했으며, 그러한 결과를 어떻게 평가하는지 기술하여 주십시오.(150~300자)"
1458,1,"2) 어떠한 점이 특히 어렵거나 힘들었으며, 이를 해결하기 위해 어떠한 노력을 했는지 기술하여 주십시오.(150~300자)"
1459,1,3) 본인의 노력으로 어떠한 변화가 있었는지 기술하여 주십시오. (100~200자)
1460,1,2) 그러한 가치관 충돌을 극복하기 위하여 어떠한 노력을 하였고 결과는 무엇인지 기술하여 주십시오.(150~300자)
1461,1,"3) 그러한 노력의 결과는 어떠했는지 기술하고, 그러한 노력이 성공 또는 실패했다면 그 원인은 무엇이었는지 기술하여 주십시오.(100~200자)"
1462,1,새로운 문제에 대해 기존에 없던 혹은 이전과 다른 방식으로 문제를 해결했던 경험을 구체적인 사례로 기술해 주십시오.
1463,1,"(신의성실)남들이 신경쓰지 않는 부분까지 고려하여, 절차대로 과제를 수행하기 위해 노력했던 경험에 대해 구체적으로 작성해 주십시오."
1464,1,"(문제해결)예상치 못했던 문제로 인해 계획대로 과제를 진행할 수 없는 상황이 발생하였음에도, 책임감을 가지고 끝까지 과제를 수행하여 마무리했던 경험에 대해 작성해 주십시오."
1465,1,인생에서 이룬 가장 큰 성취
1466,1,"본인이 세운 목표를 최단시간 내에 달성하기 위해 투입비용을 최소화하고, 비용 대비 효과를 극대화하기 위해 가능한 자원, 기술, 인력 등을 동원한 경험이 있다면 그 과정과 결과에 대해 구체적으로 기술하여 주십시오. 600자"
1467,1,"본인이 기존과는 다른 방식을 시도하여 이전에 비해 조금이라도 개선했던 경험 중, 가장 효과적이었던 사례를 기술해 주시기 바랍니다."
1468,1,"살아오면서 갈등관계라 할 수 있는 경험은 무엇이었으며, 어떻게 해결했는지 행동중심으로 기술하여 주십시오.(700자)"
1469,1,"어떠한 일에 가장 크게 '몰입'하여 '재미있고 즐겁게' 했던 '나만의 경험'에 대해 기술해주십시오.(어학공부, 다이어트는 제외)"
1470,1,"자신의 삶에서 가장 중요한 경험 3가지를 기술해주시고, 그 경험을 통해 얻은 것이 무엇인지 서술해주십시오."
1471,1,자신을 힘들게 했던 실패경험 및 그 경험을 통해 얻은 교훈
1472,1,가장 크게 성취한 경험
1473,1,"최근 5년이내에 다양한 과제(업무, 활동, 학습 등)를 동시에 수행해야 하거나 어려운 과제를 해결해야 하는 상황에서, 성공적으로 이를 극복한 경험에 대하여 기술하여 주십시오."
1474,1,자기개발을 위해 노력한 일
1475,1,"친구나 다른 사람들이 포기했거나 시작조차 하지 않는 일을 완수한 경험이 있다면 그렇게 끝까지 노력한 이유는 무엇이었으며, 끝까지 노력할 수 있었던 원동력은 무엇이었는지 서술해 주십시오."
1476,1,"어떠한 일에 가장 크게 '몰입'하여 '재미있고 즐겁게' 했던 '나만의 경험'에 대해 기술해주십시오.(어학공부, 다이어트는 제외) [500자 이상 1000자 이내]"
1477,1,"자신의 삶에서 가장 중요한 경험 3가지를 기술해주시고, 그 경험을 통해 얻은 것이 무엇인지 서술해주십시오. [500자 이상 1000자 이내]"
1478,1,"어떤 일에 가장 몰입한 즐겁고 재미있는 경험에 대해 자세히 기술하여 주세요.(단, 어학, 다이어트는 제외)"
1479,1,"자기주도적으로 목표를 설정하고, 끝까지 완수해낸 경험을 작성해주세요. ①설정한 목표와 이유, ②해당 목표를 위해 노력한 과정과 결과, ③해당 경험을 통해 얻은 점을 포함하여 작성해 주시기 바랍니다."
1480,1,"학교생활이나 사회생활에서 개인 또는 조직을 위해 열정적으로 임했던 경험을 기술해 주십시오. 어떤 목적으로, 무엇을, 어떻게 학습 또는 노력하였고, 그 결과는 무엇이었나요?"
1481,1,성장과정에서 도전적인 목표를 설정하고 끈기 있게 실행하여 성과를 창출한 경험에 대하여 작성하여 주십시오. [최소100자 이상 최대 500자 이하]
1482,1,어떤 문제나 과제에 대해 기존의 방법과 다른 창의적인 방법으로 문제를 해결했던 경험에 대하여 작성하여 주십시오.[최소100자 이상 최대 500자 이하]
1483,1,"[Chance] 기회는 오는 것인가, 찾아가는 것인가? 본인의 경험과 함께 생각을 서술하시오."
1484,1,[Challenge] 스스로 도전적인 목표를 설정한 적이 있는가? 이를 성취 혹은 실패했던 경험을 서술하시오.
1485,1,[Change] 큰 변화를 시도한 경험이 있는가? 그 계기는 무엇이었으며 변화를 통해 얻은 것이 무엇인지 서술하시오.
1486,1,본인이 은행을 지원하는 이유와 이를 위해 준비해 온 노력을 구체적 경험을 바탕으로 두 가지만 기술하시오.
1487,1,본인의 삶에서 가장 큰 영향을 끼쳤던 일에 대해 아래와 같이 기술하시오
1488,1,"최근 무언가에 몰입했던 경험이 있다면 소개해 주십시오. 구체적으로 언제, 어떤 상황이었습니까? 어떻게 몰입이 가능했습니까? 결과는 어떠했습니까?"
1489,1,본인에게 가장 어려웠던 경험과 극복하기 위해 했던 노력을 기술해주십시오 가급적 변화의 관점에서 기술해 주십시오
1490,1,"스스로 높은 목표를 세우고, 목표 달성을 위해 노력했던 경험에 대해 구체적으로 작성해주세요."
1491,1,최근 5년간 가장 도전적이라고 생각되는 경험과 그 경험을 통해 무엇을 얻었는지 구체적으로 기술하여 주십시오.
1492,1,최근 5년간 주어진 과제를 수행하면서 발생했던 문제와 그 문제를 해결하기 위해 어떤 노력을 하였는지 기술하여 주십시오.
1493,1,가장 기억하고 싶지 않은 대인관계에 대해 당시 상황과 원인을 포함하여 자세하게 기술하여 주십시오.
1494,1,본인이 지금까지 했던 일 중 가장 열정을 가지고 했던 일은 무엇인지 기술하시오.(600자 이내)
1495,1,생애 힘들었던 경험 실패 및 극복사례 600자
1496,1,"기존 방식이나 현상에 대한 문제의식을 갖고 해결하려고 노력했던 경험에 대해 다음 세부 항목에 따라 작성해 주십시오. -최근 3년 이내 경험을 기준으로 작성하시기 바랍니다. 성공 또는 실패 경험 모두 작성 가능합니다. *어떤 부분에서 문제의식을 갖거나 개선이 필요하다고 생각했는지, 왜 그렇게 생각했는지에 대해 내용을 작성해 주십시오. [150자 이상 500자 이내]"
1497,1,"*해당 문제를 어떻게 해결하려고 노력하였는지, 그 결과를 통해 얻은 것은 무엇인지에 대한 내용을 작성해 주십시오.[150자 이상 500자 이내]"
1498,1,"주변의 동료들이 기피한 업무 또는 목표에 대해 책임감을 가지고 수행하였던 경험을 다음 세부 항목에 따라 작성해 주십시오. -최근 3년 이내 경험을 기준으로 작성하시기 바랍니다. 성공 또는 실패 경험 모두 작성 가능합니다. *업무 성격, 수행하게 된 계기 등 당시 상황에 대해 작성해 주십시오.[150자 이상 500자 이내]"
1499,1,*수행과정에서 어려운 점을 어떻게 극복하였는지 그리고 결과를 통해 얻은 교훈은 무엇인지에 대해 작성해주십시오.[150자 이상 500자 이내]
1500,1,"하고 싶은 일을 위해 실패를 두려워 하지 않고, 도전했던 경험을 기술해 주세요."
1501,1,남들과 다른 새로운 관점으로 변화/혁신을 추구한 경험과 그를 통해 배운 점이 무엇인지 기술하시오.
1502,1,도전적인 목표를 정하고 열정적으로 일을 추진했던 경험을 구체적으로 기술해 주십시오.(999/1000자)
1503,1,성장과정에서 본인에게 큰 영향을 미친 경험이나 사건을 4개 이내 기술해주세요. (각각의 경험이나 사건을 통해 느낀 점 또는 본인에게 미친 영향을 포함하여 기술
1504,1,수강했던 전공 또는 교양과목 중 가장 관심 있었던 두 과목을 선택하고 그 이유를 작성바랍니다.(500자)
1505,1,예기치 못했던 문제가 발생하여 난감했던 상황을 적절하게 해결했던 경험에 대해 구체적으로 기술해 주십시오
1506,1,자신만의 자료/정보 수집 및 관리방법이 주어진 업무나 과제를 해결하는데 도움이 되었던 경험에 대해 구체적으로 기술해 주십시오.
1507,1,"학업, 팀 프로젝트 등 다양한 경험을 하면서 한정된 시간, 정보, 인력에도 불구하고 이를 이겨내고 주어진 업무나 과제를 성공적으로 마칠 수 있었던 경험이 있다면 구체적으로 기술해 주십시오."
1508,1,지금까지 가장 열정적/혁신적으로 임하여 성과를 이룬 경험과 그 과정에서 배운 교훈을 기술해 주시기 바랍니다
1509,1,"그간 수강한 소프트웨어 관련 과목에는 무엇이 있었고, 그 중 무엇이 흥미로웠는지 기술해주세요."
1510,1,"활동 혹은 업무 수행 중 예상치 못한 문제나 어려움에 직면하였으나, 원인을 파악하여 극복했던 경험을 기술해 주십시오. (약 300자 이내)"
1511,1,"자신이 겪은 가장 큰 실패경험 및 극복방법, 그것을 통하여 얻은 교훈에 대하여 기술하시오"
1512,1,살아오면서 가장 도전적(열정적)으로 임했던 일과 이룬 것
1513,1,본인이 어떤 목표를 세우고 그 목표를 달성하기 위해 노력했던 사례와 그 결과에 대하여 기재하여 주시기 바랍니다.
1514,1,스트레스 상황 또는 포기하고 싶었던 상황에서 업무를 처리한 경험
1515,1,"본인이 이뤄냈던 가장 뛰어난 성과에 대해, 그 일을 시작한 계기와 노력과정 및 구체적인 성과를 기술해 주십시오."
1516,1,"본인의 강점이라고 생각하는 역량을 소개하고, 그 역량이 발휘되어 성취 또는 실패하였던 경험을 작성해 주십시오.(1000자 이내)"
1517,1,"지금까지 살아오면서 가장 힘들었던 일은 무엇입니까, 그리고 그것을 어떻게 해결하였는지 작성해 주십시오. (1000자 이내)"
1518,1,"본인이 삶을 살아가는데 가장 중요하게 생각하는 가치를 표현하고, 그 이유와 해당 가치를 추구했던 경험을 구체적으로 설명해 주십시오."
1519,1,"살아오면서 이루어낸 가장 큰 변화에 대해 자신의 행동, 결과"
1520,1,"자신의 가치관이나 원칙, 평소 생각하는 바와 일치하지 않는 지시나 부탁을 받은 경험이 있다면 어떻게 대처했는지 구체적으로 기술하여 주십시오"
1521,1,지금까지 가장 도전적인 목표를 정하고 노력한 경험(실패 또는 성공)이 있다면 기술하여 주십시오 또한 어떤 원인 때문에 성공 또는 실패했는지 구체적으로 기술해 주시기 바랍니다.
1522,1,"누가 시키지 않았지만 스스로 팀이나 조직, 단체 등을 위해 고민해서 수행했던 일이 있다면 그 경험과 스스로 찾아서 할 수 밖에 없었던 이유, 노력한 만큼 만족할만한 성과를 얻었는지에 대해 구체적으로 기술하여 주십시오. 600자"
1523,1,"지난 시절(대학,군복무 등) 사회경험 속에서 가장 큰 성취감을 느꼈던 사례와 자신이 노력한 부분을 설명 하십시오."
1524,1,"지금까지 살아오면서 가장 힘들었던 사례를 기술하시고, 그것을 어떻게 극복했는지 또는 극복하고 있는지 설명 하십시오."
1525,1,높은 수준의 목표를 설정하고 이를 달성하기 위해서 노력했던 경험에 대해 기술하시오.
1526,1,"본인이 생각하는 ‘어려움’이란 무엇이며, 본인의 인생에서 그 ‘어려움’의 순기능과 역기능에대해 이유를 들어 기술해 주십시오."
1527,1,자신이 가장 열정을 쏟았던 경험과 좋아하거나 즐겨하는 활동을 기술해 주십시오.
1528,1,새로운 아이디어를 가지고 자신만의 창의적인 아이디어를 발휘하였던 경험이나 일상생활에서 보통 다른 사람들과 다르게 하고 있는 자신만의 독특한 행동방식이 있다면 이야기해 주십시오. (진흥원의 주요 기능 - 창조)
1529,1,남들과 다른 새로운 관점으로 변화/혁신을 추구한 경험과 그를 통해 배운점이 무엇인지 기술하시오. (1500byte)
1530,1,"자신의 장단점에 대해 이야기한 후, 단점을 극복하기 위해 노력한 경험을 기술하시오.(10줄 내외)"
1531,1,"이제까지 가장 강하게 소속감을 느꼈던 조직은 무엇이며, 그 조직의 발전을 위해 헌신적으로 노력했던 것 중 가장 기억에 남는 경험은 무엇이었습니까? 개인적으로 더 많은 노력을 기울였던 일과 그 때 했던 행동과 생각, 결과에 대해 최대한 구체적으로 작성해 주십시오."
1532,1,"자신에게 요구된 것보다 더 높은 목표를 스스로 세워 도전했던 경험 중 가장 기억에 남는 것은 무엇입니까? 목표 달성 과정에서 아쉬웠던 점이나 그 때 느꼈던 자신의 한계는 무엇이고, 이를 극복하기 위해 했던 행동과 생각, 결과에 대해 최대한 구체적으로 작성해 주십시오."
1533,1,"기존과는 다른 방식으로 시도하여 이전에 비해 조금이라도 개선했던 경험 중 가장 효과적이 었던 것은 무엇입니까? 그 방식을 시도했던 이유, 기존방식과의 차이점, 진행과정에서 했던 행동과 생각, 결과에 대해 최대한 구체적으로 작성해 주십시오."
1534,1,태어나서 지금까지 살아온 과정은?
1535,1,자기 개발을 위한 노력
1536,1,지금의 내가 있기까지 나의 성장에 가장 중요한 계기가 된 경험을 적으시오.(300자)
1537,1,"자신에게 주어진 일 중 가장 어려웠던 경험은 무엇이고, 이를 극복하기 위해 어떠한 노력을 했는지, 그 경험이 나에게 미친 영향에 대해서 설명하세요.(600자)"
1538,1,스스로 도전적인 목표. 성취 혹은 실패한 경험. (Challenge) (498/500)
1539,1,큰 변화를 시도한 경험이 있는가? 그 계기는 무엇이었으며 변화를 통해 얻은 것은 무엇인지. (495/500자) (Change)
1540,1,내 인생 최고의 선택과 최악의 선택은 무엇이었는가? 그러한 선택을 한 이유와 함께 각각 기술. (494/500자)
1541,1,자발적으로 최고 수준으로 목표를 세우고 끈질기게 성취한 경험에 대해 서술해 주십시오.
1542,1,"본인이 시도하였던 도전 중 가장 큰 성공과 실패는 어떠한 것이 있었고, 이러한 두 가지 경험이 자신을 어떻게 변화시켰는지 기술하시오. (799/800자)"
1543,1,지금까지 가장 힘들었던 경험
1544,1,남들이 생각하지 못한 아이디어를 적용하여 독창성 있는 결과물 또는 과제를 해결한 경험이 있으시면 기술해 주십시오.
1545,1,"'나'에게는 다소 벅찬 기회였지만, 이에 도전하여 '나'의 것으로 만든 예를 들어 주십시오(도전은 했으나 결국은 성공하지 못한 사례도 가능합니다"
1546,1,시키는 일의 범위를 넘어서 자발적으로 도전한 경험에 대해 기술하여 주십시오.
1547,1,최근 가장 열정적으로 임했던 일을 서술해주십시오
1548,1,"지금까지 살아오면서 가장 힘들었던 순간과 이를 극복해낸 과정, 그리고 이 과정에서 얻은 경험이 회사생활에 어떠한 긍정적인 영향을 미칠지 기술하시오. (1,000자 이내)"
1549,1,가장 후회되는 일은 무엇입니까?
1550,1,당신이 살아오면서 성취한 일 중 훌륭하다고 생각되는 일은 무엇입니까?
1551,1,본인의 성장과정에서 가장 큰 성공과 실패의 경험 및 그러한 경험을 통해 깨닫게 된 점 혹은 변화하게 된 점에 대하여 구체적으로 기술하시오
1552,1,살아오면서 지켜온 신조나 가치관은?
1553,1,학업 외 가장 열정적이고 도전적으로 몰입하여 성공을 이뤄낸 경험이 있다면 구체적으로 기술해주세요.
1554,1,최근 감사했던 경험 세 가지와 그 이유에 대해 구체적으로 기술해주세요.
1555,1,"기존 방식이나 현상에 대한 문제의식을 갖고 해결하려고 노력했던 경험에 대해 다음 세부 항목에 따라 작성해 주십시오. - 어떤 부분에서 문제의식을 갖거나 개선이 필요하다고 생각했는지, 왜 그렇게 생각했는지에 대한 내용을 작성해 주십시오."
1556,1,"해당 문제를 어떻게 해결하려고 노력하였는지, 그 결과를 통해 얻은 것은 무엇인지에 대한 내용을 작성해 주십시오. 500자"
1557,1,"누가 시키지 않았지만 스스로 팀이나 조직, 단체 등을 위해 고민해서 수행했던 일이 있다면 그 경험과 스스로 찾아서 할 수 밖에 없었던 이유, 노력한 만큼 만족할만한 성과를 얻었는지에 대해 구체적으로 기술하여 주십시오. (600)"
1558,1,"본인이 세운 목표를 최단시간 내에 달성하기 위해 투입비용을 최소화하고, 비용 대비 효과를 극대화하기 위해 가능한 자원, 기술, 인력 등을 동원한 경험이 있다면 그 과정과 결과에 대해 구체적으로 기술하여 주십시오. (600)"
1559,1,"본인의 성장과정 중 최고의 순간, 힘들었던 상황이나 극복과정 등 자신에게 큰 영향을 끼친 사례를 바탕으로 자신을 소개해 주십시오.*"
1560,1,살면서 가장 즐거웠던 경험
1561,1,살면서 가장 힘들었던 경험
1562,1,죽기 전 꼭 이루고 싶은 꿈 한 가지와 그 이유
1563,1,'끈기'는 쉽게 단념하지 않고 끈질기게 이겨내는 기운이라고 합니다. 인생에서 본인의 끈기가 발휘된 사례가 있다면 정직하게 기술하여 주십시오.
1564,1,"아래의 두 경우 중 택일하여 기술하여 주십시오. ① 본인 스스로의 치열한 노력 끝에 달성한 성과나 경험이 있다면 무엇인지 소개하고, 해당 경험을 통해 얻은 교훈을 상세히 기술해 주십시오."
1565,1,학업이외에 관심과 열정을 가지고 했던 다양한 경험 중 가장 기억에 남는 것을 구체적으로 기술해주세요. (800자)
1566,1,가장 기억에 남는 성공실패 경험과 그것을 달성하기 위한 노력 및 교훈
1567,1,학업 이외 활동 중 가장 의미있었던 활동과 그 이유를 알려주세요. (500자 내외)
1568,1,인생에서 성공했던 경험과 실패했던 경험 (500자)
1569,1,"본인의 목표를 달성하기 위해 상대방을 설득시켰던 경험을 바탕으로 아래 질문을 작성해 주세요. ① 위 경험을 통해 이뤄낸 성과에 대해 '기획-실행-달성/미달성'의 과정 단계별로 작성하고, ② 성과 달성/미달성에 대한 사유를 분석해주세요.(1,000자 이내)"
1570,1,지금까지 살아오면서 스스로 생각하기에 가장 큰 성공사례와 실패사례를 소개해 주세요. (800자)
1571,1,창의성을 발휘한 경험을 자세하게 소개해 주세요. (800자)
1572,1,사전에 준비를 잘 해서 성공적으로 수행했던 일에 대한 경험 또는 살아오면서 타인과의 약속을 지키지 못했던 경험은?
1573,1,이제까지 가장 강한 소속감을 느꼈던 조직의 발전을 위해 노력한 것 중 가장 기억에 남는 경험은 무엇입니까?
1574,1,자신에게 주어졌던 일 중 가장 어려웠던 경험 또는 본인 스스로 목표를 정하고 가장 성공적인 결과를 거두었던 경험은 무엇인가
1575,1,"도전적인 목표와 계획을 세우고, 이를 달성하기 위해 노력했던 경험을 기술하여 주십시오."
1576,1,대학생활 중 가장 주목할 만한 성과 세가지를 구체적으로 작성해 주십시오.
1577,1,본인이 이룬 가장 큰 성취경험과 실패경험에 대하여 [100자~500자]
1578,1,본인의 인생에서 가장 중요하다고 생각되는 사건과 그 사건이 주는 의미에 대하여 기술하시오
1579,1,목표를 세워 도전을 하여 성공 혹은 실패하였던 경험에 대하여 기술하시오.
1580,1,지금까지 가장 열정을 가졌던 경험을 기술하시오. (대상 무관)
1581,1,원칙과 충돌한 상황과 그에 대응한 경험을 구체적으로 기술하시오.
1582,1,위에서 이야기하지 못한 다른 경험이 더 있다면? (선택사항)
1583,1,새로운 것을 접목시키거나 남다른 아이디어를 통해 문제를 개선했던 경험?
1584,1,"큰 실패 경험과 실패이유 그리고 극복하기 위해 했던 생각, 행동 및 결과"
1585,1,이제까지 가장 어려웠던 위기와 이를 극복하기 위해 했던 행동과 결과에 대해 구체적으로 기술하십시오.
1586,1,"목표 달성이 어려울 것으로 예상되는 상황이나 여건 속에서도, 의욕적으로 도전적인 목표를 설정하여 성취 또는 실패한 사례를 기술해 주십시오. 도전적인 목표라고 생각한 이유, 본인의 역할, 당면한 문제를 극복하기 위한 노력, 주요 성과 등 구체적으로 기재"
1587,1,완수하기 어려운 상황에도 불구하고 맡은 바를 끝까지 달성하고자 노력했던 대표적인 경험에 대해 서술해 주십시오.
1588,1,복잡한 문제였지만 논리적으로 접근하여 해결했던 대표적인 경험에 대해 서술해 주십시오.
1589,1,"자신에게 주어진 일이나 과제를 수행하는데 있어, 고정관념을 깨고 창의적으로 문제를 해결했던 사례에 대해 구체적으로 기술하시오. (600자 이내)"
1590,1,"본인이 불확실한 결과를 두려워하지 않고 열정적으로 노력하는 사람임을 가장 잘 나타내는 사례를 기술하고, 그 과정에서 느낀 점을 서술해 주시기 바랍니다. (최근 5년 이내 사례로 기술할 것)"
1591,1,"지원한 직무와 관련된 경험 중, 어려움을 극복한 사례를 서술해 주세요."
1592,1,"지원직무 수행 시 예상되는 어려움(갈등)은 무엇이라고 생각하십니까? ① 본인이 경험한 성공이나 실패 사례, ② 어려움(갈등)을 극복해 나갈수 있는 본인의 강점과 가치관 등을 반드시 포함하여 구체적으로 작성해 주세요 (1,000자 이내)"
1593,1,"자신에게 주어졌던 일 또는 경험 중에서 가장 힘들었던 상황은 무엇이며, 그 상황을 본인의 주도적인 노력으로 끈질기게 극복한 경험에 대해서 이야기 해 주세요. [ 500자 이상 700자 이내 ]"
1594,1,최근 3년 이내에 가장 도전적인 목표를 세우고 구체적인 성과를 냈던 경험이 있다면 그 과정과 결과에 대하여 기술해주십시오
1595,1,자신의 경험 가운데 가장 어려웠던 일이 무엇이고 어떤 이유로 어렵다고 생각한 것인지? 그리고 어떻게 극복하였고 이전과 비교하여 결과는 무엇이었는지? 에 대하여 서술해 주세요
1596,1,"하고 싶은 일을 위해 실패를 두려워 하지 않고, 도전했던 경험을 기술해 주세요.(10행)"
1597,1,극복했던 가장 큰 역경에 대해 기술하여 주십시오.
1598,1,예상하지 못한 어려움을 만났을 때 효과적으로 해결했던 경험과 이를 통해 배운점을 기술하여 주십시오.(2번 항목과 다른 경험으로 기재)
1599,1,본인이 가장 어려웠던 경험과 극복하기 위해 했던 노력을 기술하십시오. (600자 이내)
1600,1,자신의 윤리도덕적 신념을 지키기 위해 손해나 희생을 감수하고 일을 수행한 경험이 있다면 서술해 주십시오.
1601,1,"자신이 맡은 분야에서 남들과는 다른 목표를 설정하고 달성한 경험, 또는 도전하던 중 한계를 경험했으나 포기하지 않고 이를 극복하기 위해 노력한 경험에 대해 서술해 주세요. (택1)"
1602,1,이 경험을 통하여 배울 수 있었던 것은 무엇입니까?(100자 내외)
1603,1,가장 기억에 남는 성과 또는 실패
1604,1,학업 이외에 본인이 관심과 열정을 가지고 가장 자기주도적으로 계획 수립하고 추진했던 경험이 무엇인가?
1605,1,본인이 살아오면서 가장 도전적이었거나 가장 인상 깊었던 경험을 기술하세요. (/800자)
1606,1,위에서 설정한 목표를 달성하기 위하여 어떠한 준비와 노력을 해왔는지 구체적으로 기술해 주세요.
1607,1,대학생활 중 가장 도전적으로 임하였던 일은 무엇입니까?
1608,1,"지금까지 가장 힘들었던 경험(혹은 실패했던 경험)은 무엇이며, 어떻게 극복했는지(혹은 어떤 교훈을 얻었는지) 기술하십시오."
1609,1,"[경험사항] 도전적인 목표를 정하고 열정적으로 일을 추진했던 경험을 구체적으로 기술해 주시기 바랍니다. Guide> 특히, 일을 추진해 나가는 데 있어서 어려웠던 점과 그 결과에 대해서 중점적으로 기술하시기 바랍니다. 또한, 직무관련 공모전 수상, 인턴 경험, 혹은 본인을 어필할 수 있는특이 경험이 있다면 기재해주시기 바랍니다."
1610,1,살면서 가장 힘들었던 경험 200
1611,1,죽기 전 꼭 이루고 싶은 꿈 한 가지와 그 이유 200
1612,1,인생에서 본인의 끈기가 발휘된 사례가 있다면 정직하게 기술하여 주십시오
1613,1,"자신에게 주어졌던 일 또는 경험 중에서 가장 힘들었던 상황은 무엇이며, 그 상황을 본인의 주도적인 노력으로 끈질기게 극복한 경험에 대해서 이야기 해 주세요."
1614,1,열정을 가지고 끈기 있게 실행하여 성공 혹은 실패한 경험과 그 경험을 통해 무엇을 얻었는지 기술해 주십시오. (최대 700자 입력가능)
1615,1,[가치관] 인생에서 가장 큰 성취감을 느낀 사건은 무엇인가요? 사건이 발생한 계기와 과정을 자세하게 묘사해 주세요. *600자 이상 1000자 이하로 입력하세요.
1616,1,"가장 기억에 남는 성과 또는 실패 745/800 (글자 수, 공백 포함)"
1617,1,살아오면서 중요했던일
1618,1,"이제까지 가장 어려웠던 위기와 이를 극복하기 위해 했던 행동과 결과에 대해 구체적으로 기술하십시오. 1199/1200 (바이트 수(2 byte), 공백 포함)"
1619,1,"자발적으로 최고 수준의 목표를 세우고 끈질기게 성취한 경험에 대해 서술해 주십시오. 1)먼저, 관련 대표 경험 2가지를 간략하게 작성해 주십시오.(약 50자 이내) -언제, 어디서, 어떤 일을 수행했던 경험인지 간략하게 기술할 것"
1620,1,위의 2가지 경험 중 1개를 골라 좀 더 상세하게 작성해 주십시오. 본인이 설정한 목표/ 목표의 수립 과정/ 처음에 생각했던 목표 달성 가능성/ 수행 과정에서 부딪힌 장애물 및 그 때의 감정(생각)/ 목표 달성을 위한 구체적 노력/ 실제 결과/ 경험의 진실성을 증명할 수 있는 근거가 잘 드러나도록 기술할 것
1621,1,"새로운 것을 접목하거나 남다른 아이디어를 통해 문제를 개선했던 경험에 대해 서술해 주십시오. 1) 먼저, 관련 대표 경험 2가지를 간략하게 작성해 주십시오.(각 50자 이내) -언제, 어디서, 어떤 일을 수행했던 경험인지 간략하게 기술할 것"
1622,1,위에 작성한 2가지 경험 중 1개를 골라 좀 더 상세하게 작성해 주십시오. -기존 방식과 본인이 시도한 방식의 차이/ 새로운 시도를 하게 된 계기/ 새로운 시도를 했을 때 주변 반응/ 새로운 시도를 위해 감수해야 했던 점/ 구체적인 실행 과정 및 결과
1623,1,"생애 최고의 순간이 언제였고, 본인 인생에 어떤 영향을 끼쳤는지 설명하십시오"
1624,1,최근 본인이 이룬 성과 가운데 가장 열정을 다해 노력했던 경험에 대해 그 과정 및 결과가 어떠하였는지 구체적으로 설명해 주십시오.
1625,1,"예상치 못한 문제의 발생으로 계획대로 일이 진행되지 않았을 때, 책임감을 가지고 적극적으로 문제를 해결한 경험과, 그 경험을 통해 얻은 것은 무엇인지 구체적으로 기술해 주십시오."
1626,1,"[내몫완수] 더 높은 목표를 세워 달성하는 과정에서 느꼈던 한계는 무엇이고, 이를 극복하기 위해 기울였던 노력과 결과를 구체적인 사례를 바탕으로 말씀해 주세요."
1627,1,"본인의 단점 중 현재까지 극복하지 못한 단점 두가지와, 이를 극복하지 못한 이유를 말씀해주십시오."
1628,1,재학 또는 재직기간 동안 가장 뛰어난 업적은 무엇입니까? 그리고 왜 그렇게 생각하는지 기술해 주십시오.(1000자 이내 작성)
1629,1,"본인이 살아오면서 가장 강렬히 성취하고 싶었던 일은 무엇입니까? 그 일을 꼭 성취하고 싶었던 이유, 이를 달성하기 위해 구체적으로 했던 일, 그리고 그 결과와 느꼈던 점을 포함하여 상세 기술하십시오. 1739/제한 없음 (글자 수, 공백 포함)"
1630,1,"여러분이 경험한 융합기술연구분야 (AI, IOT, 증강현실, 로봇 中) 가장 의미있는 사례를 구체적으로 기술해 주세요. (1,000자 이내) ① 가장 의미있다고 생각한 이유, ② 해당 사례에서 노력한 과정과 결과, ③ 해당 경험이 입사 후 기여할 수 있는 점은 무엇인지에 대하여 작성해 주세요."
1631,1,위에 기술한 경험 외 추가적으로 설명하거나 더 보여주고 싶으신 경험이 있다면 서술해 주십시오.
1632,1,"더 높은 목표를 세워 달성하는 과정에서 느꼈던 한계는 무엇이고, 이를 극복하기 위해 기울였던 노력과 결과를 구체적인 사례를 바탕으로 말씀해 주세요."
1633,1,사회활동 중 겪었던 어려움을 극복한 사례에 대해 구체적으로 작성해 주시기 바랍니다.
1634,1,열정을 가지고 끈기 있기 실행하여 성공 혹은 실패한 경험
1635,1,변화 혹은 개선하기 위해 어떤 노력을 하셨는지 구체적인 경험을 서술하십시오.
1636,1,"어려웠던 경험이 있었다면 어떻게 극복했는지, 보람 있는 경험이 있었다면 어떻게 결과를 만들었는지 서술하십시오."
1637,1,설정한 목표를 달성하기 위하여 어떠한 준비와 노력을 해왔는지 구체적으로 기술해 주세요.
1638,1,본인의 경험 중 지원한 직무와 관련하여 가장 특별하고 인상 깊었던 경험에 대해 구체적으로 기술해 주십시오.
1639,1,본인의 삶에서 가장 큰 영향을 끼쳤던 일에 대해 아래와 같이 기술하시오.(최근 5년이내의 경험)
1640,1,타인과의 관계에서 가장 힘들었던 갈등상황과 이를 극복한 상황이 있으면 기술하시오.
1641,1,지원자의 책임감과 성실성을 인정받았던 경험에 대해서 기술해 주십시오. 당시 상황과 당신이 취한 행동을 중심으로 기술해 주십시오.
1642,1,"지금까지 본인이 한 일 중에서 가장 열정적이고 주도적으로 한 일은 무엇이며, 그 일을 통해 배우고 느낀 점을 중심으로 설명해 주십시오."
1643,1,"타인과의 관계에서 가장 힘들었던 상황을 설명하고, 그 상황을 극복하는 과정에서 새롭게 발견한 자신의 가치에 대해 구체적인 경험을 들어 설명해 주십시오."
1644,1,"삶은 선택의 연속이라고 합니다. 지금의 나를 있게 만든, 가장 기억에 나는 선택의 순간은 어떤 것이었으며 그 결과는 어떻게 되었는지 구체적으로 설명해 주십시오."
1645,1,지금까지 본인이 어려운 상황에서도 새로운 시도로 목표를 달성했던 사례를 기술하시오. [100자 이상 800자 이내]
1646,1,재활을 겪으며 자신과의 싸움에서 승리하다
1647,1,"가장 어려웠던 경험은 무엇이었으며, 이를 극복하기 위해 했던 노력과 느낀 점을 기술해 주십시오."
1648,1,인생에서 가장 재미있고 즐겁게 몰입해서 성과를 낸 경험과 가장 힘들었던 경험 및 이를 극복해 나간 과정에 대해 기술 후 이를 통해 얻은 교훈이 무엇인지 작성해 주세요.
1649,1,"불가능해 보이는 과제에 대해 도전해 본 경험 중 가장 기억에 남는 것은 무엇입니까? [군대경험 제외] - 어떠한 목표를 세웠고, 달성 과정에서 어려웠던 점이나 그 때 느꼈던 자신의 한계는 무엇이고, 이를 극복하기 위해 했던 행동과 생각, 결과에 대해 구체적으로 작성해 주십시오."
1650,1,"자신의 문제나 새로운 과제를 해결하기 위해 무엇인가를 시급하게 배워야 했던 경험은 어떤 것이 있습니까? [군대경험 제외] - 새로운 것을 배워야 했던 상황, 노력한 기간, 과정 중 어려운 점, 그리고 그 결과에 대해 구체적으로 작성해 주십시오."
1651,1,"(My Story)도전적인 목표를 정하고 열정적으로 일을 추진했던 경험을 구체적으로 기술해 주십시오.<Guide> 일을 추진해 나가는 데 있어서 어려웠던 점과 그 결과에 대해서 중점적으로 기술해 주시기 바랍니다.(100자~1,000자)"
1652,1,"자신의 윤리,도덕적 신념을 지키기 위해 손해나 희생을 감수하고 일을 수행한 경험이 있다면 서술해 주십시오. * [100자 이상 500자 이내]"
1653,1,"대학생활과 졸업이후를 포함하여, 책임감과 노력으로 어려움을 극복한 경험에 대해서 작성해주세요. ① 어려움의 발생 이유 또는 당시 상황, ② 극복 과정 중의 노력(행동, 생각), ③ 그 결과와 느낀 점을 포함하여 구체적으로 작성해주세요. (1,000자 이내)"
1654,1,도전을 통해 어려움을 극복해 본 경험이 있습니까? (사례를 중심으로 기술하여 주십시오.) * 1000
1655,1,"학업, 업무, 특정 과업들의 수행과정에서 어떤 목표를 설정하고 이를 달성하기 위해 어떻게 노력했는지 최근의 사례를 중심으로 기술해 주십시오."
1656,1,"이제까지 가장 강하게 소속감을 느꼈던 조직은 무엇이었으며, 그 조직의 발전을 위해 헌신적으로 노력했던 것 중 가장 기억에 남는 경험은 무엇입니까? 개인적으로 더 많은 노력을 기울였던 일과 그 때 했던 행동과 생각, 결과에 대해 최대한 구체적으로 작성해 주십시오"
1657,1,"자신에게 요구된 것보다 더 높은 목표를 스스로 세워 시도했던 경험 중 가장 기억에 남는 것은 무엇입니까? 목표 달성 과정에서 아쉬웠던 점이나 그 때 느꼈던 자신의 한계는 무엇이고, 이를 극복하기 위해 했던 행동과 생각, 결과에 대해 최대한 구체적으로 작성해 주십시오"
1658,1,"기존과는 다른 방식을 시도하며 이전에 비해 조금이라도 개선했던 경험 중, 가장 효과적이었던 것은 무엇입니까? 그 방식을 시도했던 이유, 기존 방식과의 차이점, 진행 과정에서 했던 행동과 생각, 결과에 대해 최대한 구체적으로 작성해 주십시오"
1659,1,학업 이외에 관심과 열정을 가지고 했던 다양한 경험 중 가장 기억에 남는 것을 구체적으로 기술. 800자
1660,1,본인이 세웠던 가장 도전적인 목표와 그것을 성취하기 위해 어떠한 노력을 했는지 기술해 주시기 바랍니다.
1661,1,"여러분이 경험한 IT와 관련된 가장 의미있는 사례를 구체적으로 기술해 주세요. ① 가장 의미있다고 생각한 이유, ② 해당 사례에서 노력한 과정과 결과, ③ 해당 경험이 입사 후 기여할 수 있는 점은 무엇인지에 대하여 작성해 주세요. (1,000자 이내)"
1662,1,"자신에게 주어졌던 일 중 가장 어려웠던 경험, 혹은 자신에게 요구된 것보다 더 높은 목표를 스스로 세워 시도한 경험은 무엇입니까? 그 일을 하게 된 이유와 그때 느꼈던 감정, 진행하면서 가장 어려웠던 점과 그것을 극복하기 위해 했던 행동과 생각, 결과에 대해 최대한 구체적으로 작성해 주십시오. (1000 자 10 단락 이내)"
1663,1,일반적으로 불가능하다고 여겨지는 일을 도전적인 자세와 남다른 아이디어로 극복했던 경험에 대해 기술하여 주십시오.
1664,1,본인의 경험 사례 중 가장 행복했던 경험 또는 가장 즐거웠던 경험을 소개하고 그 이유를 약술하여 주십시오. [ 200자 이내]
1665,1,창의적인 사고를 통해 문제 해결 및 개선을 한 경험이 있으면 구체적인 사례를 들어 기술해 주십시오. (800자 이내)
1666,1,가장 힘들었던 또는 실패했던 경험과 그것을 극복했던 경험을 토대로 본인 성격의 장단점을 기술하시오.
1667,1,"지원자 본인이 지금까지 살아오면서 가장 열정을 쏟고 절실하게 성취하고 싶었던 것을 기술하고, 그것을 이루기 위해 다른 사람들과 구별되게 행동했던 경"
1668,1,"예상치 못했던 문제로 인해 계획대로 일이 진행되지 않았을 때, 책임감을 가지고 적극적으로 끝까지 업무를 수행해"
1669,1,"여러분이 경험한 IT와 관련된 가장 의미있는 사례를 구체적으로 기술해 주세요. ① 가장 의미있다고 생각한 이유, ② 해당 사례에서 노력한 과정과 결과, ③ 해당 경험이 입사 후 기여할 수 있는 점은 무엇인지에 대하여 작성해 주세요."
1670,1,"다소 무리한 목표를 세우고 진행했던 경험이 있다면, 진행 과정에서의 어려움이나 문제점들을 어떻게 극복했는지 구체적으로 기술하시기 바랍니다."
1671,1,"어떤 일을 처리하며 발생한 문제의 해결방안 뿐만 아니라 재발방지책까지 마련했던 경험이 있습니까? 당시 상황을 간략하게 기술하고, 문제해결과 재발방지를 위해 어떤 노력을 했는지 행동중심으로 구체적으로 기술해주시기 바랍니다."
1672,1,"편법을 사용하여 손쉽게 큰 성과를 얻어낼 수 있는 유혹에도 불구하고 정직한 방법을 선택했던 경험이 있습니까? 당시 상황을 간략하게 기술하고, 정직하게 행동하기 위해 어떤 노력을 했는지 구체적으로 기술해주시기 바랍니다."
1673,1,"자신에게 주어졌던 일 중 가장 어려웠던 경험은 무엇이었습니까? 그 일을 하게된 이유와 그때느꼈던 감정, 진행하면서 가장 어려웠던 점과 그것을 극복하기 위해 했던 행동과 생각, 결과에 대해 최대한 구체적으로 작성해주십시오.(1000자)"
1674,1,"이제까지 가장 강하게 소속감을 느꼇던 조직은 무엇이었으며, 그 조직의 발전을 위해 헌신적으로 노력했던 것 중 가장 기억에 남는 경험은 무엇입니까? 개인적으로 더 많은 노력을 기울였던 일과 그 때 했던 행동과 생각, 결과에 대해 최대한 구체적으로 작성해 주십시오.(1000자)"
1675,1,지금까지 이룬 가장 큰 성취와 달성 과정을 시간의 흐름에 따라 기술해주십시오.
1676,1,"자발적으로 최고 수준의 목표를 세우고 끈질기게 성취한 경험에 대해 서술해 주십시오. 1) 먼저, 관련 대표 경험 2가지를 간략하게 작성해 주십시오. (각 50자 이내)"
1677,1,위에 작성한 2가지 경험 중 1개를 골라 좀 더 상세하게 작성해 주십시오. - 본인이 설정한 목표/ 목표의 수립 과정/ 처음에 생각했던 목표 달성 가능성/ 수행 과정에서부딪힌 장애물 및 그 때의 감정(생각)/ 목표 달성을 위한 구체적 노력/ 실제 결과/경험의 진실성을 증명할 수 있는 근거가 잘 드러나도록 기술 (1000 자 10 단락 이내)
1678,1,"새로운 것을 접목하거나 남다른 아이디어를 통해 문제를 개선했던 경험에 대해 서술해 주십시오. 1) 먼저, 관련 대표 경험 2가지를 간략하게 작성해 주십시오. (각 50자 이내) - 언제, 어디서, 어떤 일을 수행했던 경험인지 간략하게 기술할 것"
1679,1,위에 작성한 2가지 경험 중 1개를 골라 좀 더 상세하게 작성해 주십시오. - 기존 방식과 본인이 시도한 방식의 차이/ 새로운 시도를 하게 된 계기/ 새로운 시도를 했을 때의 주변 반응/ 새로운 시도를 위해 감수해야
1680,1,"열정과 책임감으로 한계를 극복하여 최고의 성과를 낸 경험에 대해 구체적으로 작성해 주세요. 1 그 일을 시작한 계기, 2 노력한 과정과 결과, 3 최고라고 생각하는 이유를 반드시 포함하여 작성해 주세요."
1681,1,최근 3년간 지원자가 노력한 사례는?
1682,1,불확실한 결과를 두려워 하지 않고 도전하고 혁신한 최근 5년 이내의 사례와 성과에 대하여 구체적으로 기술해주시기 바랍니다.
1683,1,"본인을 크게 변화시켰던 특별한 경험과, 이를 통해 배운점이 무엇인지 구체적으로 작성해주시기 바랍니다."
1684,1,"살아오면서 부딪혔던 큰 장애물은 무엇이었으며, 그 난관을 극복하기 위해 어떤 노력을 하였고, 그 결과는 어떠했는지 기술하십시오. (공백 포함 600자)"
1685,1,지금까지 경험한 가장 특별한 체험이나 남다른 성취가 있다면 기술하십시오. (공백 포함 600자)
1686,1,사회활동: 학업 이외에 관심과 열정을 가지고 했던 다양한 경험 중 가장 기억에 남는 것을 구체적으로 기술해주세요. 800
1687,1,"살아오면서 직면했던 삶의 어려움이 무엇이었으며, 그것을 어떻게 극복하였는지 기술하시오."
1688,1,"본인의 주요 사회활동 중에서 목표를 정하고 노력한 경험을 구체적으로 기술하고, 그 결과를 통해 느낀 점을 기술해 주십시오."
1689,1,[문제의식] 어떤 문제의식을 가졌습니까? 그러한 문제의식을 가지게 된 계기는 무엇입니까?
1690,1,[경험의 결과] 본인의 노력으로 개선된 결과를 구체적으로 작성해 주십시오.
1691,1,[경험의 결과] 본인의 노력을 통해 얻은 성과를 구체적으로 작성해 주십시오.
1692,1,본인의 삶 중에서 가장 기억에 남는 순간과 그 의미를 기술하여 주십시요.
1693,1,최근 5년 이내 본인이 소속된 조직의 발전을 위해 가장 많은 기여를 했다고 자부할 수 있는 경험에 대해 작성하여 주십시오.
1694,1,최근 5년 이내 자신의 부족한 점을 보완하기 위해 6개월 이상의 지속적인 노력을 기울였던 경험에 대해 작성하여 주십시오.
1695,1,위에 사항중 선택한 것중 발휘한 예
1696,1,얻게 된 교훈 은 무엇인가
1697,1,지금까지 살아오면서 가장 도전적/열정적으로 임했던 일과 그 일을 통해 이룬 성과와 느낀 점을 구체적으로 기술하여 주십시오.
1698,1,"자신에게 주어졌던 일 또는 경험 중에서 가장 힘들었던 상황은 무엇이며, 그 상황을 본인의 주도적인 노력으로 끈질기게 극복한 경험에 대해서 이야기 해 주세요. [ 500자 이상 700자 이내 ] /700"
1699,1,자발적으로 찾아서 일을 처리해 본 경험을 작성해 보십시오
1700,1,예기치 못했던 문제가 발생하여 난감했던 상황을 적절하게 해결했던 경험에 대해 구체적으로 기술해주십시오
1701,1,자신만의 자료/정보 수집 및 관리방법이 주어진 업무나 과제를 해결하는데 도움이 되었던 경험에 대해 구체적으로 기술해주십시오
1702,1,"학업, 팀 프로젝트 등 다양한 경험을 하면서 한정된 시간, 정보, 인력에도 불구하고 이를 이겨내고 주어진 업무나 과제를 성공적으로 마칠 수 있었던 경험이 있다면 구체적으로 기술해 주십시오"
1703,1,스스로 변화를 주도하여 기존보다 더 나은 성장 또는 발전을 이루었던 경험에 대해 이야기해 주십시오.
1704,1,본인의 특별한 경험/성취에 대하여 자유롭게 기술하시오
1705,1,사회활동: 학업 이외에 관심과 열정을 가지고 했던 경험 중 가장 기억에 남는 것을 구체적으로 기술해주세요.
1706,1,도전적인 목표를 정하고 열정적으로 일을 추진했던 경험을 구체적으로 기술해 주십시오. - 일을 추진해 나가는 데 있어서 어려웠던 점과 그 결과에 대해서 중점적으로 기술해 주시기 바랍니다
1707,1,"지원자님의 성장과정에서 가장 행복했던 경험 (또는 가장 큰 영향을 준 사건/인물)에 대하여, 그 이유와 과정에서 본인이 했던 행동과 생각, 이를 통해 느끼고 배운 점을 함께 기술해 주세요. 995 / 1000 자"
1708,1,본인이 참여하여 수행했던 프로젝트나 팀작업 중 어려움이 예상되었으나 도전정신을 발휘하여 몰입해 보았던 경험에 대해 기술하여 주십시오.
1709,1,까다로운 상대에게 효과적으로 대처했던 경험이 있다면 기술하여 주십시오.
1710,1,"누가 시키지 않았지만 스스로 팀이나 조직, 단체 등을 위해 고민해서 수행했던 일이 있다면 그 경험과 스스로 찾아서 할 수 밖에 없었던 이유, 노려한 만큼 만족할만한 성과를 얻었는지에 대해 구체적 기술"
1711,1,"본인이 세운 목표를 최단기간 내에 달성하기 위해 투입비용을 최소화 하고 비용 대비 효과를 극대화 하기 위해 가능한 자원, 기술, 인력 등을 동원한 경험"
1712,1,"본인이 불확실한 결과를 두려워하지 않고 열정적으로 노력하는 사람임을 가장 잘 나타내는 사례를 기술하고, 그 과정에서 느낀 점을 서술해 주시기 바랍니다."
1713,1,"지금까지 살아오면서 가장 어려운 일에 도전해 본 경험을 골라 구체적인 상황, 자신의 행동, 결과 등을 기술해 주십시오.(육체적인 도전 제외)*"
1714,1,"지금까지 살아오면서 타인 또는 타문화를 이해하고 수용하는 능력을 키우는데 가장 도움이 되었던 경험을 골라 구체적인 상황, 자신의 행동, 결과 등을 서술해 주십시오.*"
1715,1,"자신에게 주어졌던 일 중 가장 해결하기 어려웠던 경험은 무엇입니까? 또한 그 난관을 극복하기 위해 어떠한 노력을 하였고, 그 결과는 어떠했는지 구체적으로 작성해 주십시오. [1000자]"
1716,1,"가장 도전적인 목표를 세웠던 경험과, 그 목표를 달성하기 위해 노력했던 과정 그리고 결과와 느낀점에 대해 기술해주십시오."
1717,1,어려운 상황 새로운 시도 목표달성
1718,1,"최근 3년 동안 지원자가 한 일 중 가장 자랑할 만한 내용은 무엇이며, 이를 위해 노력했던 사례를 구체적으로 작성하시오."
1719,1,"신입 : 최근 3년 동안 지원자가 한 일 중 가장 자랑할 만한 내용은 무엇이며, 이를 위해 노력했던 사례를 구체적으로 작성하시오."
1720,1,자신만의 자료/정보 수집 및 관리방법이 주어진 업무나 과제를 해결하는데 도움이 되었던 경험에 대해 구체적으로 기술해 주십시오
1721,1,도전을 통해 어려움을 극복해 본 경험이 있습니까? (사례를 중심으로 기술하여 주십시오)
1722,1,"본인이 기존과는 다른 방식을 시도하여 이전에 비해 조금이라도 개선했던 경험 중, 가장 효과적이었던 사례를 기술해 주시기 바랍니다 (최근 5년 이내 사례로 기술할 것)"
1723,1,"자신에게 주어졌던 일 중 가장 어려웠던 경험. 하게 된 이유와 그때 느꼈던 감정, 진행하면서 가장 어려웠던 점과 극복하기 위해 했던 행동과 생각, 결과에 대해 구체적으로 작성."
1724,1,"가장 강하게 소속감을 느꼈던 조직? 그 조직의 발전을 위해 헌식적으로 노력했던것중 가장 기억에 남는 경험. 개인적으로 더 많은 노력을 기울였던 일과 그 때 했던 생각, 결과를 구체적으로"
1725,1,"자신에게 요구된 것보다 더 높은 목표를 스스로 세워 시도했던 경험 중 가장 기억에 남는 것은 무었인가? 그 과정 중 아쉬웠던 점이나 그 때 느꼈던 한계, 이를 극복하기 위해 했던 행동과 생각, 결과에 대해 구체적으로 작성."
1726,1,"기존과는 다른 방식을 시도하여 이전에 비해 조금이라도 개선했던 경험 중, 가장 효과적이었던 것은 무었입니까? 그 방식을 시도했던 이유, 기존 방식과 차이점, 진행과정에서 했던 행동과 생각, 결과에 대해 구체적으로 서술"
1727,1,본인이 참여하여 수행했던 프로젝트나 팀작업 중 어려움이 예상되었으나 도전정신을 발휘하여 몰입해 보았던 경험에 대해 기술하여 주십시오.(400자 이내 작성)
1728,1,까다로운 상대에게 효과적으로 대처했던 경험이 있다면 기술하여 주십시오.(400자 이내 작성)
1729,1,도전을 통해 어려운 상황 극복 사례
1730,1,자신의 단점과 극복할 수 있는 사례
1731,1,"기존의 관행에 대해 ‘왜’라는 질문을 던지고, 새로운 아이디어를 제안하여 찬사를 받은 사건이나 경험에 대해 구체적으로 작성하시오.* 1000 / 1000 bytes"
1732,1,"동시에 여러 가지 프로젝트를 해결해야 했던 경험에 대해 구체적으로 기술해 주십시오. 당시 당면한 상황은 무엇이었는지, 어떤 방법을 통해 모든 프로젝트를 완수할 수 있었는지 상세하게 기술해 주십시오."
1733,1,기존 방식이나 현상에 대해 문제의식을 갖고 전략적으로 해결한 경험을 다음의 세부 항목에 따라 작성해 주십시오.
1734,1,자신이 경험했던 까다로운 문제와 그 문제를 해결한 방법의 경험을 기술해 주세요. 1000 Bytes 이내
1735,1,"본인이 시도하였던 도전 중 가장 큰 성공과 실패는 어떠한 것이 있었고, 이러한 두 가지 경험이 자신을 어떻게 변화시켰는지 기술하시오. 800자"
1736,1,"학업, 팀 프로젝트, 인턴 활동 등을 추진하던 중 어려운 문제에 직면하였으나 효과적으로 대응하여 해결했던 경험이 있다면 구체적으로 기술해 주십시오."
1737,1,끈기를 가지고 업무 수행을 한 경험
1738,1,도전을 통해 성취한 경험
1739,1,"자신의 경험 중 가장 도전적이었던 일은 무엇이며, 극복하기 위해 했던 행동, 노력, 생각을 구체적으로 기술하시오. (1000바이트)"
1740,1,"학교생활 또는 교·내외 사회활동, 봉사활동 경험중에서 본인에게 닥친 어려움이나 난관을 극복하기 위해 노력했던 경험과 결과(성과/실패)와 이로인해 개인적으로 습득한 교훈은 무엇인지 최근의 본인 경험에 대해 구체적으로 기술해 주십시오."
1741,1,최근 3년 이내에 가장 도전적인 목표를 세우고 구체적인 성과를 냈던 경험이 있다면 그 과정과 결과에 대하여 기술해주십시오.
1742,1,"지금까지 살아오면서 도전했던 경험 중 가장 큰 도전을 구체적으로 설명하고 도전결과 성공했다면 그 이유, 실패했다면 얻은 교훈"
1743,1,"전공과 관련하여, 인턴십, 팀/개인 프로젝트 등에서 도전적인 목표를 설정하여 이를 성취하거나 혹은 실패하였던 경험을 구체적으로 기술하시고, 이러한 경험을 통해 무엇을 배웠는지 기술하여 주십시오."
1744,1,"자신의 윤리,도덕적 신념을 지키기 위해 손해나 희생을 감수하고 일을 수행한 경험이 있다면 서술해 주십시오."
1745,1,기존 방식이나 현상에 대해 문제의식을 갖고 전략적으로 해결한 경험
1746,1,"업무 또는 과제를 수행하시면서 본인의 부족한 점을 발견하고, 이를 개선하기 위해 노력하여 성과를 내신 경험"
1747,1,자신이 가진 열정을 발휘하여 성취감을 느꼈던 경험을 기술하십시오 [ 650자 이내]
1748,1,학교생활 동안 남들과 다른 특별한 경험을 함으로서 얻게 된 성취감이 있으면 기재하여 주시고(신입)
1749,1,예상치 못한 난관 해결 사례
1750,1,경험해 보지 않은 새로운 과제나 업무를 맡아 이를 성공적으로 해결했거나 실패했던 사례에 대해 기술해 주십시오. 당신은 어떤 생각과 행동을 했고 결과에 대한 이유는 무엇인지 기술해 주십시오.
1751,1,"도전적이었던 과제(업무)나 새로운 문제에 직면했을 때 특히, 짧은 시간안에 많은 정보를 수집해서 빠른 결정을 했어야 했던 경험 또는 다른 사람들이 시도해서 실패한 일을 성공적으로 이루어 낸 경험에 대해 기술해 주십시오. 목표한 바를 성취하는데 어려움은 무엇 이었으며, 어떤 행동과 노력을 통해 성취를 이루었는지 기술해 주십시오."
1752,1,자신의 인생에 가장 영향을 끼친 사건 3가지를 든다면? [3가지]
1753,1,지금까지 살아오면서 도전적인 목표를 설정하고 노력하여 가장 큰 성취감을 맛 볼 수 있었던 사례를 한가지만 기술해 주십시오.
1754,1,"""끊임없이 자신을 개발하고 노력하는 사람입니다."""
1755,1,"""아무리 어려운 상황이라도 그것에 도전하여 해결책을 찾는 사람입니다."""
1756,1,"""매 순간이 발전하는 과정입니다."""
1757,1,"자신에게 주어졌던 일 중 가장 어려웠던 경험은 무엇이었습니까? 1) 그 일을 하게 된 이유와 그때 느꼈던 감정, 2) 진행하면서 가장 어려웠던 점과 3)그것을 극복하기 위해 했던 행동과 생각, 결과에 대해 최대한 구체적으로 작성해 주십시오. (1000 자 10 단락 이내)"
1758,1,"1) 이제까지 가장 강하게 소속감을 느꼈던 조직은 무엇이었으며, 2) 그 조직의 발전을 위해 헌신적으로 노력했던 것 중 가장 기억에 남는 경험은 무엇입니까?3) 개인적으로 더 많은 노력을 기울였던 일과 그 때 했던 행동과 생각, 결과에 대해 최대한 구체적으로 작성해 주십시오. (1000 자 10 단락 이내)"
1759,1,"자신에게 주어졌던 일 또는 경험 중에서 가장 힘들었던 상황은 무엇이며, 그 상황을 본인의 주도적인 노력으로 끈질기게 극복한 경험에 대해서 이야기 해 주세요. [ 500자 이상 700자 이내]"
1760,1,온갖 어려움과 역경에도 포기하지 않고 끝까지 해낸 경험을 기술해 주시기 바랍니다.
1761,1,"자신의 경험 중 가장 도전적이었던 일은 무엇이며, 이를 극복하기 위해 했던 행동 노력, 생각을 구체적으로 기술해라"
1762,1,"살아오면서 도전이라고 생각했던 경험이 있으면 기술하고, 그 경험이 회사에 어떤 기여를 할 수 있는지 서술하여 주십시오."
1763,1,"헌신했던 경험에 대해 기술하고, 헌신을 통해 얻은 것이 무엇인지 서술하여 주십시오."
1764,1,"본인이 생각하는 '정도'의 의미를 기술하고, 정도를 지키기 위해 노력하였던 경험이 있으면 서술하여 주십시오."
1765,1,자발적으로 최고 수준의 목표를 세우고 끈질기게 성취한 경험에 대해 서술해 주십시오 본인이 설정한 목표/ 목표의 수립 과정/ 처음에 생각했던 목표 달성 가능성/ 수행 과정에서 부딪힌 장애물 및 그 때의 감정(생각)/ 목표 달성을 위한 구체적 노력/ 실제 결과/ 경험의 진실성을 증명할 수 있는 근거가 잘 드러나도록 기술 (1000 자 10 단락 이내) (1000자)
1766,1,새로운 것을 접목하거나 남다른 아이디어를 통해 문제를 개선했던 경험에 대해 서술해 주십시오. 기존 방식과 본인이 시도한 방식의 차이/ 새로운 시도를 하게 된 계기/ 새로운 시도를 했을 때의 주변 반응/ 새로운 시도를 위해 감수해야 했던 점/ 구체적인 실행 과정 및 결과/ 경험의 진실성을 증명할 수 있는 근거가 잘 드러나도록 기술 (1000 자 10 단락 이내) (1000자)
1767,1,"학창시절 해당 직무와 관련된 프로젝트 경험에 대해 구체적으로 작성해 주세요. ① 프로젝트 수행 과정에 있어서 본인의 역할과 문제가 발생하였다면 그 상황과 이유, ② 해결 과정과 결과를 포함하여 구체적으로 작성해 주세요. (1,000자 이내)"
1768,1,"최근 3년 이내 본인이 주도적이고, 열정적으로 진행한 일"
1769,1,예상치 못했던 문제로 인해 계획대로 일이 진행되지 않았을 때 책임감을 가지고 적극적으로 끝까지 업무를 수행해내어 성공적으로 마무리했던 경험
1770,1,본인의 삶 중에서 가장 기억에 남는 순간과 그 의미는 무엇입니까
1771,1,도전을 통한 성취/실패 경험 (350자)
1772,1,창의적으로 문제를 해결한 경험 (350자)
1773,1,"도전적인 목표를 정하고 열정적으로 일을 추진했던 경험과 관련 추진과정에서 겪은 어려움, 이를 극복한 방법, 그리고 그 일의 결과를 중심으로 서술해 주십시오. [500자 이하]"
1774,1,자신의 윤리/도덕적 신념을 지키기 위해 손해나 희생을 감수하고 일을 수행한 경험이 있다면 서술해 주십시오. [500자 이하]
1775,1,"어려운 문제에 직면했으나 효과적으로 대응하여 문제를 해결한 사례를 기술해 주십시오. [500자, 10줄 이내]"
1776,1,"예상치 못했던 문제로 인해 난관에 부딪혔을 때, 이전에 없던 혹은 이전과는 다른 방식으로 문제를 해결하고자 했던 경험에 대해 기술해 주십시오. * [500자 이내]"
1777,1,"최근까지 즐겨 하고 있는 모바일 게임 2가지, PC게임 2가지를 레벨과 함께 작성해 주세요."
1778,1,"본인이 경험했던 최악의 서비스가 있다면 적어 주시고, 본인이 서비스 제공자라면 어떤 행동을 취했을지 작성해 주세요(공백포함 200자 이내)"
1779,1,예상치 못한 일로 계획한 일을 성공하지 못했던 경험에 대해 작성해 주세요
1780,1,자신이 수행했던 일 중 가장 도전적인 활동에 대하여 기술해 주십시오.(0/600
1781,1,기존의 방식을 개선하고 새로운 혁신을 실행했던 활동에 대하여 기술해 주십시오.(0/600
1782,1,"*(문제해결능력) 이전에 없던 혹은 이전과는 다른 방식으로 문제를 해결하고자 했던 경험에 대해 구체적으로 기술해 주십시오. 당시 발생한 문제상황과 그에 대한 본인의 문제해결방안은 무엇이었으며, 그러한 방안을 실행에 옮기기 위해 어떠한 노력을 기울였는지 구체적으로 기술해 주십시오"
1783,1,사회활동 /학업외 관심과 열정을 가지고 했던 기억에 남는 것
1784,1,학업 과제 수행이나 업무 수행 중에 예상치 못한 문제를 해결해본 경험이 있습니까? 그 문제를 해결하기 위해 어떠한 과정을 거쳤으며 어떠한 점에서 그 해결책이 효과적이었는지를 기술하여 주십시오.
1785,1,"[문제해결능력](최근 3년 이내의 경험 중) 예상치 못했던 문제로 인해 계획대로 일이 진행되지 않았을 때, 책임감을 가지고 적극적으로 끝까지 업무를 수행해 내어 성공적으로 마무리 했던 경험이 있으면 기술해 주십시오."
1786,1,"자신에게 주어졌던 일 중 가장 어려웠던 경험은 무엇이었습니까? 그 일을 하게 된 이유와 그 때 느꼈던 감정, 진행하면서 가장 어려웠던 점과 그것을 극복하기 위해 했던 행동과 생각, 결과에 대해 최대한 구체적으로 작성해 주십시오."
1787,1,"자신에게 요구된 것보다 더 높은 목표를 스스로 세워 도전했던 경험 중 가장 기억에 남는 것은 무엇입니까? 목표 달성 과정에서 아쉬웠던 점이나 그 때 느꼈던 자신의 한계는 무엇이고, 이를 극복하기 위해 했던 행동과 생각, 결과에 대해 최대한 구체적으로 작성해 주십시오"
1788,1,학업이외에 가장 기억에 남는 교/내외 활동에 대해 구체적으로 기술해주세요. (700자)
1789,1,사회활동: 학업 이외에 관심과 열정을 가지고 했던 다양한 경험 중 가장 기억에 남는 것을 구체적으로 기술해주세요. (800자)
1790,1,"지금까지 살아오면서 자신이 이루어낸 가장 큰 변화에 대해 당시 상황, 자신의 행동, 결과 등을 바탕으로 구체적으로 서술하십시오."
1791,1,"고등학교 또는 대학교 성적에 대해 스스로 평가하고, 그렇게 평가한 이유를 구체적으로 기술하시오."
1792,1,귀하가 경험한 일 중 '소개하고 싶은 경험'을 약술하십시오.
1793,1,귀하가 살아오면서 '목표를 정하고 노력한 경험(실패 또는 성공)'이 있다면 무엇인지 기술하십시오.
1794,1,도전정신을 통해 성공한 사례
1795,1,자신의 인생에서 가장 어려웠던 점과 어떻게 극복하였는가를 서술하시오
1796,1,창의적인 시도 경험
1797,1,본인이 지금까지 생활해오면서 가장 성공했거나 또는 실패했던 경험과 이를 통해 얻은 것을 기술하시오./경력자는 경력기술 작성 * [600자 이내]
1798,1,자신이 가진 열정을 발휘하여 성취감을 느꼈던 경험을 기술하십시오. (1200 Byte)
1799,1,살면서 잘했다고 느끼는일
1800,1,"본인이 현실과 타협하거나 편법을 사용하지 않고, 원칙대로 일관되게 일을 처리해서 좋은 결과를 이끌어 냈 던 사례를 아래 세부 항목에 따라 구체적으로 작성해 주십시오. (800자 이내) 2-1. 언제, 어디서 활동했던 경험 이며, 본인이 맡았던 역할은 무엇이었는지 기술해 주십시오. (200자 이내)"
1801,1,"당시 역할 완수에 어려웠던 점은 무엇이며, 이를 해결하기 위해 어떤 노력을 기울이셨는지 기술하여 주십 시오. (400자 이내)"
1802,1,"노력의 결과로 인해 어떤 결과가 나타났으며, 그 이후 달라진 점은 무엇인지 기술해 주십시오. (200자 이 내)"
1803,1,"신입: 최근 3년 동안 지원자가 한 일 중 가장 자랑할 만한 내용은 무엇이며, 이를 위해 노력했던 사례를 구체적으로 작성하시오."
1804,1,생애 힘들었던 경험 실패 및 극복사례
1805,1,"최근 당면한 가장 어려웠던 문제상황을 기술하고, 이를 해결하기 위해 어떤 행동을 취했는지 기술하시오."
1806,1,온갖 어려움과 역경에도 포기하지 않고 끝까지 해낸 경험을 기술해 주시기 바랍니다.(500~700자)
1807,1,도전하고 극복한 사례
1808,1,지금까지 인생에서 도전해 본 경험 [ 200자 이상 500자 이내 ]
1809,1,지금까지 인생에서 실패해 본 경험 [ 200자 이상 500자 이내 ]
1810,1,"최근 5년이내에 다양한 과제(업무, 활동, 학습 등)를 동시에 수행해야 하는 상황에서, 성공적으로 수행한 경험에 대하여 기술하여 주십시오."
1811,1,"수강한 SW 관련 과목들이 무엇이 있었고, 그 중 흥미를 가진 과목과 수행했던 프로젝트에 대해 설명해 주세요."
1812,1,최근 3년 내 겪었던 가장 어려웠던 상황에서 문제를 효과적으로 해결했던 경험에 대해 구체적으로 기술해 주시기 바랍니다. ㆍ당시 문제상황에 대해 구체적으로 기술하여 주시기 바랍니다. ㆍ그 문제를 해결하기 위해 어떤 점들을 고려하였으며 그 근거는 무엇입니까? ㆍ그 일을 계기로 본인에게 생긴 변화 또는 느낀 점은 무엇입니까?
1813,1,"자신에게 주어졌던 일 중 가장 어려웠던 경험은 무엇이었습니까? 그 일을 하게 된 이유와 그때 느d꼈던 감정, 진행하면서 가장 어려웠던 점과 그것을 극복하기 위해 했던 행동과 생각, 결과에 대해 최대한 구체적으로 작성해 주십시오."
1814,1,"기존과는 다른 방식을 시도하여 이전에 비해 조금이라도 개선했던 경험 중, 가장 효과적이었던 것은 무엇입니까? 그 방식을 시도했던 이유, 기존 방식과의 차이점, 진행 과정에서 했던 행동과 생각, 결"
1815,1,당신이 어느 누구보다 잘 할 수 있는 능력과 그러한 능력을 바탕으로 심혈을 기울여 성과를 창출했던 경험
1816,1,"예상치 못했던 문제로 인해 계획대로 일이 진행되지 않았을 때, 책임감을 가지고 끝까지 그 일을 수행하여 성공적으로 마무리했던 경험"
1817,1,(문제해결능력) 학업 과제 수행이나 업무 수행 중에 예상치 못한 문제를 해결해본 경험이 있습니까? 그 문제를 해결하기 위해 어떠한 과정 을 거쳤으며 어떠한 점에서 그 해결책이 효과적이었는지를 기술하여 주십시오.
1818,1,"기존과는 다른 방식을 시도하여 이전에 비해 조금이라도 개선했던 경험 중, 가장 효과적이었던 것은 무엇입니까? 그 방식을 시도했던 이유, 기존 방식과의 차이점, 진행 과정에서 했던 행동과 생각, 결과"
1819,1,역경을 극복한 사례
1820,1,포기하지 않고 도전한예
1821,1,자신의 역할을 수행한 경험
1822,1,"(문제해결능력) 이전에 없던 혹은 이전과는 다른 방식으로 문제를 해결하고자 했던 경험에 대해 구체적으로 기술해 주십시오. 당시 발생한 문제 상황과 그에 대한 본인의 문제해결방안은 무엇이었으며, 그러한 방안을 실행에 옮기기 위해 어떠한 노력을 기울였는지 구체적으로 기술해 주십시오."
1823,1,(문제해결능력) 이전에 없던 혹은 이전과는 다른 방식으로 문제를 해결하고자 했던 경험에 대해 구체적으로 기술해 주십시오.
1824,1,[열정/도전]도전적인 목표를 정하고 열정적으로 일을 추진했던 경험을 하기 내용을 포함하여 구체적으로 작성해주시기 바랍니다. (500자)
1825,1,살아오면서 자신의 노력으로 이루었던 것 중 가장 성취감을 크게 느꼈던 일이 무엇인지 기술하시오
1826,1,"살아오면서 힘든 일을 겪게 될 때, 힘이 되는 말(言)이나 경험 등을 이유와 함께 기술하시오."
1827,1,"여러분이 CJ CGV의 해당 직무를 수행하기 위해 노력해온 과정과 그 과정에서의 어려움 및 극복 방법을 본인의 경험을 바탕으로 구체적으로 작성해 주세요. (1,000자 이내)"
1828,1,"이제까지 가장 강하게 소속감을 느꼈던 조직은 무엇이었으며, 그 조직의 발전을 위해 헌신적으로 노력했던 것 중 가장 기억에 남는 경험은 무엇입니까? 개인적으로 더 많은 노력을 기울였던 일과 그 때 했던 행동과 생각, 결과에 대해 최대한 구체적으로 작성해 주십시오. (1,000자, 10단락 이내) (1000 자 10 단락 이내)"
1829,1,"기존과는 다른 방식을 시도하여 이전에 비해 조금이라도 개선했던 경험 중, 가장 효과적이었던 것은 무엇입니까? 그 방식을 시도했던 이유, 기존 방식과의 차이점, 진행 과정에서"
1830,1,자신에게 주어졌던일 중 가장 어려웠던 경험은 무엇이었습니까? 그 일을 하게 된 이유와 그것을 극복하기 위해 했던 행동과 결과에 대해 구체적으로 작성해 주십시오.
1831,1,스트레스 상황 또는 포기하고 싶었던 상황에서 업무(학업)를 처리했던 경험에 대해 기술하세요.
1832,1,"예상치 못한 문제의 발생으로 계획대로 일이 진행되지 않았을 때, 책임감을 가지고 적극적으로 문제를 해결한 경험과, 그 경험을 통해 얻은 것은 무엇인지 구체적으로 기술해 주십시오. (700자)"
1833,1,start-up 경험
1834,1,지금까지 인생에서 도전해 본 경험
1835,1,지금까지 인생에서 창조해 본 경험
1836,1,지금까지 인생에서 실패해 본 경험
1837,1,최근 5년간 귀하가 성취한 일 중에서 가장 자랑할 만한 것은 무엇입니가?(1000자)
1838,1,살아오면서 자신을 가장 성장시킨 사건 3가지 기술해주세요.
1839,1,"본인이 기존과는 다른 방식을 시도하여 이전에 비해 조금이라도 개선했던 경험 중, 가장 효과적이었던 사례를 기술해 주시기 바랍니다. (최근 5년 이내 사례로 기술할 것)본인이 기존과는 다른 방식을 시도하여 이전에 비해 조금이라도 개선했던 경험 중, 가장 효과적이었던 사례를 기술해 주시기 바랍니다. (최근 5년 이내 사례로 기술할 것)"
1840,1,최근 3년 내 자신이 성취한 일 중에서 가장 자랑할 만한 것은 무엇입니까? 그것을 성취하기 위해 어떤 일을 하셨습니까?
1841,1,"예상치 못했던 문제로 계획대로 일이 진행되지 않았을 때, 책임감을 갖고 적극적으로 끝까지 수행해 성공적으로 마무리했던 경험이 있다면 서술해 주십시오.("
1842,1,스트레스 상황 또는 포기하고 싶었던 상황에서 업무(학업)를 처리(수행)했던 경험에 대해 기술하세요.
1843,1,귀하께서 수강했던 전공(필수 또는 선택) 과목 중 가장 관심 있었던 3과목의 취득평점과 그 이유를 기술하십시오.
1844,1,어려움을 이겨내 본 경험
1845,1,"본인이 불확실한 결과를 두려워하지 않고 열정적으로 노력하는 사람임을 가장 잘 나타내는 사례를 기술하고, 그 과정에서 느낀 점을 서술해 주시기 바랍니다. 저는 1학년 2학기 때 불가능을 가능으로 만들었습니다. 저는 전자캐드기능사 실기를 준비 하고 있었습니다. 시험일은 2주정도가 남아있었고, 저의 실력을 보신 선생님은“ 이번에는 따기 힘들어 ” 라고 말씀하셨습니다. 하지만 저는 포기 하지 않고 주중에는 방과 후 시간, 쉬는 시간에도 쉬지 않고 열심히 연습하여 실력을 쌓았고 주말에도 하루 6시간씩 연습을 하였습니다. 그 결과 저는 전자캐드기능사를 취득할 수 있었고 이에 만족하지 않고 전기기능사에 도전하여 취득하였습니다. “아무리 어려워도 포기하지 않고 최선을 다하자“ 라는 마음가짐으로 지금까지 총 6"
1846,1,도전정신과 창의성을 발휘했던 경험을 구체적으로 기술 [ 500자 이상 1600자 이내 ]
1847,1,"자신의 인생에서 가장 중요한 경험은 무엇이며, 그 경험을 통해 얻은 것은 무엇인지 작성해 주시기 바랍니다. 최소 30자 /700자 제한"
1848,1,자신의 윤리?도덕적 신념을 지키기 위해 손해나 희생을 감수하고 일을 수행한 경험이 있다면 서술해 주십시오.* [100자 이상 500자 이내]
1849,1,"인생에서 가장 중요하게 생각하는 가치는 무엇이며, 그 가치를 위해 노력한 경험을 서술하여 주십시오. ((600자 /1800byte)"
1850,1,어려움과 역경을 극복하고 목표를 성취한 경험에 대해 구체적으로 기술해 주시기 바랍니다. (500자)
1851,1,[창의력(혁신)] 지원자의 창의적 사고를 바탕으로 이루어 낸 변화에 대하여 말씀하여 주세요.
1852,1,괄목할만한 본인의 경험과 모범사례
1853,1,"일을 진행하는 과정에서 갑작스러운 어려움에 부딪혔지만, 극복하려 노력했던 경험과 그 결과에 대해 말씀해주세요. 필수입력 (500자 이하로 작성)"
1854,1,"살면서 부딪혔던 가장 큰 장애물을 극복하기 위해 어떠한 노력을 하였으며, 그 결과는 어떠했는지 기술하십시오.*1000자 이내(공백 포함)로 기술하여 주십시오."
1855,1,"남들이 인식하지 못했던 문제를 파악하고, 이에 대한 대안이나 해결방안을 제시했던 경험을 기술해 주십시오."
1856,1,"목표를 달성하기 위해 계획을 세우고, 필요한 자원을 확보한 후 이를 효과적으로 활용했던 경험을 기술해 주십시오."
1857,1,개인적인 손해를 감수하면서 자신의 소신이나 원칙을 지키기 위해 노력했던 경험을 기술해 주십시오.
1858,1,본인의 인생에서 가장 기뻤던 일과 슬펐던 일을 1가지씩 선택하여 기쁨 및 슬픔을 느낀 이유를 구체적 상황설명과 함께 상세히 기술해주십시오.(500자 이상)
1859,1,"최근 3년 동안 지원자가 한 일 중 가장 자랑할 만한 내용은 무엇이며, 이를 위해 노력했던 사례를 구체적으로 작성하시오. [1000자 이내]"
1860,1,"동아리, 인턴, 직장, 아르바이트 등 여러 사회 경험 속에서 자신이 맡은 업무를 더 잘하기 위해 새롭게 학습했던 경험에 대해 말씀해주세요. 어떤 목적으로, 무엇을, 어떻게 학습하였고 그 결과는 어떠했는지 정리해서 말씀해 주십시오."
1861,1,자신이 오랜 기간 노력했던 일이나 크게 기대했던 일이 실패했거나 좌절했던 경험이 있습니까? 실패의 원인은 무엇이었으며 문제해결을 위해 어떤 방법을 사용했고 어떤 효과가 있었는지를 정리해서 말씀해 주십시오.
1862,1,"목표를 달성하기 위해 노력하던 중 (시간, 사람, 자본 등) 자원 부족으로 인해 어려움을 겪었던 적이 있습니까?"
1863,1,자신이 했던 중요한 말이나 약속을 불가피한 사정으로 인해 지키기 어려웠던 경험이 있습니까?
1864,1,힘든 상황을 극복했던 경험
1865,1,가장 힘들었던 순간과 이를 극복한 과정을 기술하세요. (600자)
1866,1,수행과정에서 어려운 점을 어떻게 극복하였는지 그리고 결과를 통해 얻은 교훈은 무엇인지에 대해 작성해주십시오.
1867,1,기존 방식이나 현상에 대한 문제의식을 갖고 해결하려고 노력했던 경험에 대해 다음 세부 항목에 따라 작성해 주십시오.
1868,1,새로운 아이디어를 가지고 자신만의 창의적인 아이디어를 발휘하였던 경험이나 일상생활에서 보통 다른 사람들과 다르게 하고 있는 자신만의 독특한 행동방식이 있다면 이야기해 주십시오. (진흥원의 주요 기능 - 창조) [6000byte 이내]
1869,1,처음접한일을 이겨낸 경험
1870,1,자신의 희생정신이 들어난 예
1871,1,"본인이 현실과 타협하거나 편법을 사용하지 않고, 원칙대로 일관되게 일을 처리해서 좋은 결과를 이끌어 냈던 사례(최근 3년 이내)를 아래 세부 항목에 따라 구체적으로 작성해 주십시오."
1872,1,"살면서 가장 강하게 소속감을 느꼈던 조직은 무엇이었으며, 그 조직의 발전을 위해 헌신적으로 노력했던 것 중 가장 기억에 남는 경험에 대해 기술하십시오 - 노력했던 사안에 대한 본인의 역할, 그 과정에서 했던 행동과 생각, 결과에 대해 최대한 구체적으로 작성 (700 자 10 단락 이내)"
1873,1,"살아오면서 큰 장애물이나 난관을 극복하기 위하여 귀하가 기울인 노력과 결과에 대해 아래 질문을 감안하여 기술하여 주십시오. - 언제, 어떤 상황에서 부딪힌 장애물(난관)이며, 그때 느꼈던 소감은 무엇입니까?"
1874,1,"기존의 방식이나 현상에 대해 문제의식을 갖고, 새로운 방식이나 독특한 아이디어를 반영한 구체적인 경험, 자신의 행동, 결과 등을 아래 질문을 감안하여 기술하여 주십시오."
1875,1,"조직 또는 집단에서 가장 도전적인 목표를 세우고 성취해낸 구체적인 경험, 자신의 행동, 결과 등을 아래 질문을 감안하여 기술하여 주십시오."
1876,1,살아오면서 큰 장애물이나 난관에 부딪혔던 경험과 이를 극복하기 위해 본인이 기울인 노력과 결과에 대해 아래 질문을 감안하여 기술하여 주십시오.
1877,1,"열정,성장,소통,도전에 관련된 경험과 이를 통해 느낀점은 무엇인가요?"
1878,1,"본인의 성장과정을 성공, 실패사례 중심으로 서술하시오"
1879,1,"특정분야에서 자신의 ‘끼’를 발산하거나 혹은, 실패를 두려워하지 않고 도전하는 ‘깡’을 보여준 경험에 대하여 말씀하여 주세요."
1880,1,"일반적으로 불가능하다고 여겨지는 일(상황)을 도전적인 자세와 남다른 아이디어로 극복했던 경험에 대해 기술해 주십시오. / 노력한 결과와 느낀 점, 주변의 반응) [ 100자 이상 1000자 이내 ]"
1881,1,본인이 살아오면서 가장 강렬히 성취하고 싶었던 일은 무엇입니까? 그 일을 꼭 성취하고 싶었던 이유와 이를 달성하기 위
1882,1,예상치 못했던 문제로 인해 계획대로 일이 진행되지 않았을 때 책임감을 가지고 적극적으로 끝까지 업무를 수행해내어 성공적으로 마무리했던 경험이 있으면 기술해 주십시오. (띄어쓰기 포함 400자 이내)
1883,1,자신이 겪은 일과 극복한 사례
1884,1,어떤 일에 최선을 다해 임했던 자신의 경험을 제시하고 그 과정을 통해 느꼈던 생각이나 배운 점을 기술해 주시기 바랍니다.
1885,1,위에 작성한 2가지 경험 중 1개를 골라 좀 더 상세하게 작성해 주십시오. - 본인이 설정한 목표/ 목표의 수립 과정/ 처음에 생각했던 목표 달성 가능성/ 수행 과정에서 부딪힌 장애물 및 그 때의 감정(생각)/ 목표 달성을 위한 구체적 노력/ 실제 결과/경험의 진실성을 증명할 수 있는 근거가 잘 드러나도록 기술 (1000 자 10 단락 이내)
1886,1,위에 작성한 2가지 경험 중 1개를 골라 좀 더 상세하게 작성해 주십시오.
1887,1,학창 시절 및 사회 생활 등 특별한 경험 소개
1888,1,"(4)성취한 일 중에서 가장 기억에 남는 일과, 그것을 성취하기 위해 어떠한 노력을 했는지?"
1889,1,본인의 인생에서 가장 기뻤던 일과 슬펐던 일을 1가지씩 선택하여 기쁨 및 슬픔을 느낀 이유를 구체적 상황설명과 함께 상세히 기술해주십시오.
1890,1,어떤 일을 하면서 기존 방식이 불편하거나 불합리하다고 느껴 변화를 건의하고 이를 주도했던 최근의 경험과 그 결과에 대해 기술해 주십시오.
1891,1,주어진 업무나 과제를 수행하면서 발생한 문제와 이를 이전과는 다른 방식으로 해결하여 좋은 성과를 얻었던 경험에 대해 구체적으로 기술해주십시오.(500자 이내)
1892,1,학업 이외에 가장 열정적으로 참여한 사회활동을 구체적인 사례를 들어 기술해주세요. (500자)
1893,1,"지금까지 학업 이외에 스스로 이루어낸 성공 중 가장 의미있는 경험을 서술하고, 성공을 위한 노력과 그 과정 속에서 성장한 본인의 모습을 구체적으로 서술하여 주시기 바랍니다. (800자)"
1894,1,지금까지 경험한 난관이 있다면 이를 어떻게 대처 했었습니까? (500자)
1895,1,"전공학습이나 소위 스펙 쌓기와 무관한 일 중, 가장 흥미있게 한 활동은 무엇이었는지와, 그 이유를 구체적으로 서술 하세요"
1896,1,"실패 혹은 위기를 극복한 경험을 기술하고 이를 통해 배운점이 무엇인지, 또 이런 경험을 인생에서 어떻게 활용할 수 있을지 서술하세요"
1897,1,자발적으로 최고 수준의 목표를 세우고 끈질기게 성취한 경험에 대해 서술하시오.
1898,1,"[필수문항] 학교 수업 혹은 대외활동 등을 통하여 경험한 가장 잘한 프로젝트를 적어주시되, 프로젝트에서 맡았던 역할과 활용한 기술 및 개발 방식, 그리고 진행을 하면서 겪었던 어려움이나 이를 극복한 방법 등을 구체적으로 설명해 주세요. (제한 없음)"
1899,1,"본인이 기존과는 다른 방식을 시도하여 이전에 비해 조금이라도 개선했던 경험 중, 가장 효과적이었던 사례를 기술해 주시기 바랍니다. (최근 5년 이내 사례로 기술할 것)"
1900,1,성취감이 컸던 경험과 목표달성을 위해 본인이 했던 노력
1901,1,"(성취경험) 지금까지 살아오면서 경험한 성공사례와 실패사례를 3개씩 열거하고, 그 중 성공/실패 사례를 1개씩 구체적으로 서술하시오"
1902,1,본인의 창의력과 기획력을 나타낼 수 있는 경험이나 사례에 대해 기술하여 주십시오.
1903,1,본인의 열정을 나타낼 수 있는 경험이나 사례에 대해 기술하여 주십시오.
1904,1,최근 1년내에 성취한 경험에 대하여 기술하시오.
1905,1,"자기주도적으로 목표를 설정하고, 끝까지 완수해낸 경험을 작성해 주세요. ① 설정한 목표와 이유, ② 그 과정에서 본인이 수행한 역할, ③ 해당 경험에서 발생한 문제점 및 해결방안, ④ 해당 경험을 통해 얻은 점을 포함하여 작성해 주시기 바랍니다."
1906,1,지금까지 살아오면서 도전적인 목표를 설정하고 노력하여 가장 큰 성취감을 맛 볼 수 있었던 사례를 한가지만 기술해 주십시오. (1000자 이하)
1907,1,살면서 노력으로 이룬 성공의 경험과 실패의 경험
1908,1,자신의 가치관이나 원칙 평소 생각하는 바와 일치하지 않는 지시나 부탁을 받은 경험이 있다면 어떻게 대처했는지 구체적으로 기술하여 주십시오
1909,1,지금까지 가장 도전적인 목표를 정하고 노력한 경험(실패 또는 성공)이 있다면 기술하여 주십시오 또한 어떤 원인 때문에 성공 또는 실패했는지 구체적으로 기술해 주시기 바랍니다
1910,1,"최근 5년동안 귀하가 경험한 대표적인 실패사례는 무엇이며, 이를 극복하기 위해 어떤 일을 하였습니까? [ 100자 이상 500자 이내 ]"
1911,1,≪ 새로운 시도를 했던 경험 ≫
1912,1,≪ 실험실 경험 (학부연구생) ≫
1913,1,"(문제해결능력) 이전에 없던 혹은 이전과는 다른 방식으로 문제를 해결하고자 했던 경험에 대해 구체적으로 기술해 주십시오. 당시 발생한 문제상황과 그에 대한 본인의 문제해결방안은 무엇이었으며, 그러한 방안을 실행에 옮기기 위해 어떠한 노력을 기울였는지 구체적으로 기술해 주십시오."
1914,1,지금까지 살아오면서 가장 어려웠던 일과 그것을 극복한 사례에 대하여 기술하여 주시기 바랍니다.
1915,1,"수강했던 전공 기초과목들을 나열하고, 그 중 가장 관심이 있었던 과목과 그 이유를 서술하여 주세요."
1916,1,"처음 프로그래밍을 시작한 시기와, 언제부터 프로그래밍에 재미를 느끼게 되었는지를 각각 기술하여 주세요."
1917,1,인생을 통틀어 가장 열정적으로 몰두했던 경험에 대하여 서술하여 주세요.
1918,1,새로운 일을 시도하거나 창의적인 방법으로 도전한 경험을 작성하세요.
1919,1,자신이 수행한 일 중 성공 또는 실패 사례에 대해 작성하세요.
1920,1,지금까지 살아오면서 가장 성취감이 컸던 경험과 목표 달성을 위한 본인의 노력에 대해 기술하여 주십시오.
1921,1,(공통) 살아오면서 겪었던 가장 어려웠던 상황과 그 상황을 어떻게 극복하였는지 말씀하여 주십시오.[최소 200자 이상 최대 600자 이하]
1922,1,살아오면서 도전적인 목표를 설정하고 끈기 있게 실행하여 성취한 경험에 대해 작성해 주세요.
1923,1,어떤 문제나 과제에 대하여 기존 방법과 틀에서 벗어나서 창의적으로 해결하였던 경험에 대해 작성해 주세요.
1924,1,"(My Story)도전적인 목표를 정하고 열정적으로 일을 추진했던 경험을 구체적으로 기술해 주십시오.≪Guide≫ 일을 추진해 나가는 데 있어서 어려웠던 점과 그 결과에 대해서 중점적으로 기술해 주시기 바랍니다.(100자~1,000자)"
1925,1,"기존과 다른 방식으로 전에 비해 조금이라도 개선했던 경험 중 가장 효과적이었던 것과, 그 방식을 시도했던 이유는 무엇이었는지 당시의 행동과 결과를 들어 기술해 주십시오."
1926,1,지금까지 본인이 한 일 중에서 가장 창조적이고 혁신적인 것은 무엇이며 이를 통해 어떤 변화가 있었는지 설명해 주십시오(각종 공모전 제외) (500자)
1927,1,기존의 방식이나 현상에 대한 문제의식을 갖고 해결하려고 노력했던 경험에 대해 작성해 주십시오
1928,1,귀하의 대학생활 중 탁월한 활동실적(교내외)이 있다면 무엇입니까? [최소 300자 500자 제한]
1929,1,도전적인 목표를 세우고 목표를 달성하기 위해 노력한 경험에 대해 서술하시오.
1930,1,예상치 못했던 문제를 책임감을 가지고 적극적으로 끝까지 업무를 수행해내어 성공적으로 마무리했던 경험을 기술하시오.
1931,1,"자신이 가장 가치 있다고 생각하는 것에 위해 어떠한 노력을 기울였으며, 그에 대해 느낀 성취감에 기술하여 주십시오."
1932,1,지금까지 본인이 경험했던 가장 큰 성취 사례와 실패 사례를 구조화하여 구체적으로 서술해 주시기 바랍니다. (1000자이내)
1933,1,스스로 문제의식을 가지고 개선점을 찾아 해결했던 경험
1934,1,"열정과 책임감으로 한계를 극복하여 최고의 성과를 낸 경험에 대해 구체적으로 작성해 주세요. ① 그 일을 시작한 계기, ② 노력한 과정과 결과, ③ 최고라고 생각하는 이유를 반드시 포함하여 작성해 주세요."
1935,1,지금까지 학업이나 일 등을 하면서 새로운 시도나 다르게 해 본 경험과 그에 대한 결과를 구체적으로 작성해 보세요. (1000자)
1936,1,살아오면서 본인의 가치관에 큰 영향을 준 일에 대해 자세히 기술해 주십시오.
1937,1,자발적으로 찾아서 일을 처리해 본 경험을 작성해 보십시오. 1000자
1938,1,어떤 사안에 대해 객관적이고 과학적인 분석을 통해 문제를 해결한 경험을 작성해 보십시오. 1000자
1939,1,새로운 시도를 했던 경험
1940,1,지금까지 성취 또는 실패한 경험을 구체적으로 기술하고 향후 발전개선방안에 대해서 기술해 주세요.
1941,1,가장 열정적으로 임했던 것과 이를 통해 이룬것
1942,1,인생에서 가장 힘들었던 경험 및 극복 방안
1943,1,예상치 못했던 문제로 인해 난관에 부딪쳤을 때 이전과는 다른 방식으로 문제를 해결하였던 경험을 작성하여 주십시오
1944,1,"귀하의 장점과 단점은 무엇이며, 단점을 보완하기 위해 어떤 노력을 했는지 기술하시오."
1945,1,귀하가 가장 열정적으로 임했던 일과 그 일을 통해서 이룬 것에 대해 상세히 기술하시오.
1946,1,"귀하가 경험했던 가장 어려웠던 일이 무엇이었으며, 그것을 극복하기 위하여 어떤 노력을 하였고 결과가 어떠하였는지 기술하시오."
1947,1,본인의 특별한 경험/성취에 대하여 자유롭게 기술
1948,1,"[ 최고, 최초 그리고 도전 ]"
1949,1,높은 수준의 목표를 설정하고 이를 달성하기 위해서 노력했던 경험에 대해 기술하시오. (1000자 이내)
1950,1,"살면서 부딪혔던 가장 큰 장애물을 극복하기 위해 어떠한 노력을 하였으며, 그 결과는 어떠했는지 기술하십시오. (1000자 이내)"
1951,1,지금까지 살아오면서 해결해야 했던 가장 어려운 과제는 무엇이었는지에 대해 기술 하십시오.
1952,1,자신이 가진 열정을 발휘하여 성취감을 느꼈던 경험
1953,1,"예상치 못한 문제 발생으로 계획대로 진행되지 않았을 때, 책임감을 가지고 적극적으로 문제를 해결한 경험과 그 경험을 통해 얻은 것이 무엇인지 구체적으로 기술하세요. (1000자 이내)"
1954,1,본인의 경험 중 지원한 직무와 관련하여 가장 특별하고 인상 깊었던 경험에 대해 구체적으로 기술하세요. (1000자 이내)
1955,1,본인의 성장과정을 중요사건이나 인상깊은 경험을 중심으로 기술해주십시오
1956,1,본인 성격의 장단점이나 생활신조가 발현되어 성공 혹은 실패한 사례와 느낀점을 기술해주십시오
1957,1,포기할 수도 있었던 상황에서 목표를 향한 끈기와 열정을 발휘하여 성공한 사례를 기술해주십시오
1958,1,귀하가 최근 3년 이내에 본인의 부족한 부분을 발견하고 체계적인 과정이나 절차를 통해 극복한 경험이 있다면 구체적으로 그 과정과 결과에 대하여 기술하여 주십시오.
1959,1,"자신에게 주어졌던 일 중 가장 어려웠던 경험은 무엇이었습니까?그 일을 하게 된 이유와 그때 느꼈던 감정, 진행하면서 가장 어려웠던 점과 그것을 극복하기 위해 했던 행동과 생각, 결과에 대해 최대한 구체적으로 작성해 주십시오. (1000자 이내)"
1960,1,"이제까지 가장 강하게 소속감을 느꼈던 조직은 무엇이었으며, 그 조직의 발전을 위해 헌신적으로 노력했던 것 중 가장 기억에 남는 경험은 무엇입니까? 개인적으로 더 많은 노력을 기울였던 일과 그 때 했던 행동과 생각, 결과에 대해 최대한 구체적으로 작성해 주십시오.(1000자 이내)"
1961,1,"자신에게 요구된 것보다 더 높은 목표를 스스로 세워 시도했던 경험 중 가장 기억에 남는 것은 무엇입니까? 목표 달성 과정에서 아쉬웠던 점이나 그 때 느꼈던 자신의 한계는 무엇이고, 이를 극복하기 위해 했던 행동과 생각, 결과에 대해 최대한 구체적으로 작성해 주십시오. (1000자 이내)"
1962,1,"기존과는 다른 방식을 시도하여 이전에 비해 조금이라도 개선했던 경험 중, 가장 효과적이었던 것은 무엇입니까? 그 방식을 시도했던 이유, 기존 방식과의 차이점, 진행 과정에서 했던 행동과 생각, 결과에 대해 최대한 구체적으로 작성해 주십시오. (1000자 이내)"
1963,1,"동시에 주어진 과업(또는 일)을 추진해야하는 상황에서 시간과 일정을 효율적으로 관리하여 달성하고자 했던 목표를 성공적으로 달성한 경험이 있습니까? 당시 상황, 맡은 과업을 기술하고, 어떻게 시간과 일정을 관리해 나갔는지 자세하게 행동 중심으로 기술해 주시기 바랍니다."
1964,1,[문제해결능력] 지금까지 살아오면서 해결해야 했던 가장 어려운 과제는 무엇이었는지에 대해 기술 하십시오 (500자)
1965,1,자신만의 창의적인 아이디어를 발휘하였던 경험이 있다면 이야기해주세요
1966,1,[Situation &Task] 당신이 맡았던 업무 또는 과제와 이를 달성하는데 부족했던 점은 무엇이라고 판단하셨는지 간단히 작성해 주십시오. (600)
1967,1,"[Action &Result] 부족하다고 판단하신 이유와 이를 개선하기 위해 노력했던 방법은 무엇이었으며, 그 결과 당신의 업무나 과제에 어떤 영향을 미쳤는지 구체적으로 제시해 주십시오. (800)"
1968,1,"[Situation &Task] 언제, 어디서 가지게 된 경험이었으며 그러한 문제의식을 가지게 된 계기는 무엇입니까?(600)"
1969,1,"[Action &Result] 어떤 방식으로 해당 문제를 해결하였으며, 본인의 노력으로 개선된 결과를 구체적으로 작성해 주십시오(800)"
1970,1,"지금까지 본인의 목표 중 가장 달성하기 어려웠던 목표는 무엇이었나요? 달성을 위한 과정 및 결과, 느낀 점을 설명하여 주십시오."
1971,1,"자신에게 요구된 것보다 더 높은 목표를 스스로 세워서 시도했던 경험 중 가장 기억에 남는 것은 무엇입니까?그러한 경험 중 목표달성과정에서 아쉬웠던 점이나 그 때 느꼈던 본인의 한계는 무엇인지, 그리고 이를 극복하기 위해 했던 행동, 생각 및 결과에 대해 구체적으로 기술해 주십시오."
1972,1,[신의성실]질문 : 어떤 일에 최선을 다해 임했던 자신의 경험을 제시하고 그 과정을 통해 느꼈던 생각이나 배운 점을 기술해 주시기 바랍니다.(1000자 이내)
1973,1,[적극적인 문제해결]질문 : 지금까지의 경험 중 해결하기 어려운 문제를 적극적 노력으로 해결했던 경험에 대해 작성해 주세요.(1000자 이내)
1974,1,자신의 경험 중 가장 도전적인 일 또는 실패한 사례는 무엇이며 그 경험을 통해 배운 점을 설명하시오.
1975,1,"기존과는 다른 방식을 시도하여 이전에 비해 조금이라도 개선했던 경험 중, 가장 효과적이었던 것은 무엇입니까? 그 방식을 시도했던 이유, 기존 방식과의 차이점, 진행 과정에서 했던 행동과 생각, 결과에 대해 설명하시오."
1976,1,목표하는 삶은 무엇이며 그것을 위해 어떤 노력을 해왔는지 자신의 인생 스토리를 소개해 주십시오.
1977,1,지금까지 이룬 가장 큰 성취 3가지
1978,1,"자신의 삶에 가장 큰 영향을 주었던 경험에 대해, 어떤 과정과 영향이 있었는지 기술하시오."
1979,1,"최근 어떤 일에 실패한 경험은 무엇이었으며, 어떻게 극복하였는지 기술하시오."
1980,1,본인의 삶에서 새로운 관점으로 변화와 도전을 추구한 경험 및 그 경험을 통해 배운 점을 작성해 주십시오. (1000자 이내)
1981,1,성인이 된 이후 지금까지의 삶에서 스스로 생각하기에 가장 큰 실패 경험과 가장 큰 성공 경험에 대해 각각 간단히 적어주세요.
1982,1,실패에 좌절하지 않고 끝까지 실행하여 성공한 경험을 구체적으로 작성하시오. (1000자 이내)
1983,1,"본인이 달성하지 못한 목표 중에서 다시 기회가 주어진다면 도전해보고 싶은 것은 무엇이며, 어떻게 그 목표를 달성할 것인지 구체적으로 기술하시오. (1000자 이내)"
1984,1,"본인의 가장 큰 장점을 쓰고, 기술한 장점을 계발/활용하여 소기의 성과를 올린 경험을 기술하시오."
1985,1,본인의 가장 큰 단점을 쓰고 단점을 극복하기 위해 기울인 노력과 성과를 기술하시오
1986,1,살면서 가장 힘들었을 때는 언제인가요?
1987,1,"인그리디언코리아에게 소개하고싶은, 인생에서 가장 의미있었던 경험은 무엇인가요?"
1988,1,"학교생활 동안 남들과 다른 특별한 경험을 함으로서 얻게 된 성취감이 있으면 기재하여 주시고(신입), 자신의 전 직장 경험 중에서 가장 성취감을 느꼈던 사항을 상세히 기재하여 주시기 바랍니다. (경력)"
1989,1,"자신에게 주어졌던 일 중 가장 어려웠던 경험은 무엇이었습니까? 그 일을 하게 된 이유와 그때 느꼈던 감정, 진행하면서 가장 어려웠던 점과 그것을 극복하기 위해 했던 행동과 생각, 결과에 대해 최대한 구체적으로 작성해 주십시오. (1000자 이내)"
1990,1,"이제까지 가장 강하게 소속감을 느꼈던 조직은 무엇이었으며, 그 조직의 발전을 위해 헌신적으로 노력했던 것 중 가장 기억에 남는 경험은 무엇입니까? 개인적으로 더 많이 노력을 기울였던 일과 그 때 했던 행동과 생각, 결과에 대해 최대한 구체적으로 작성해 주십시오."
1991,1,"지금까지 당신의 인생에서 직면했던 가장 큰 도전은 무엇이었으며, 어떻게 극복했습니까? (1000자 이내)"
1992,1,"(자원관리능력) 어떤 일을 수행하며 한정된 자원을 효과적으로 잘 활용했었던 경험에 대해 기술해주십시오. 당시 상황은 어떠했으며, 어떤 요소들을 고려하여 효과적으로 자원을 활용했는지, 본인이 취했던 방식을 중심으로 기술해 주십시오."
1993,1,최근 5년 이내 경험 중 어떤 문제와 관련하여 가장 많은 정보와 의견을 종합하여 스스로 문제를 해결하거나 의사결정을 내린 경험에 관해 기술하시오.
1994,1,최근 5년 이내에 했던 경험 중 실력을 키우기 위해 장기간 (1년 이상) 꾸준히 노력한 경험에 관해 기술하시오. (자격증 취득 목표 제외)
1995,1,새로운 시도를 통해 문제를 해결해 낸 경험에 대해 기술하시오.
1996,1,타인과 구분되는 본인만의 장점(능력)과 그 장점을 활용하여 탁월한 성과를 창출하였던 경험 및 사례를 구체적으로 기재하여 주시기 바랍니다. (1000자 이내)
1997,1,높은 수준의 목표를 설정하고 이를 달성하기 위해 노력했던 경험에 대해 기술해 주십시오
1998,1,"인생에서 반드시 이루고 싶은 목표는 무엇이고, 목표를 이루기 위해 어떠한 노력을 기울여 왔는지에 대해 기술하시오. (1000자 이내)"
1999,1,창의적인 사고와 도전정신을 발휘하여 성취를 이뤄낸 사례가 있다면 기술하시오.(1000자 이내)
2000,1,본인이 살아오면서 가장 열정적으로 수행한 일(사례)은 무엇인지 기술하기 바랍니다. (1000자 이내)
2001,1,기존의 방식에 문제를 발견하거나 의문을 가져 개선한 경험이 있다면 구체적으로 기술하여 주십시오.
2002,1,"본인이 살아오면서, 가장 올바르지 못한 행동은 무엇이었는지 기술하여 주십시오."
2003,1,자신있는 개발언어 2가지와 해당 언어로 작성했던 가장 성공적이었던 프로그램을 설명해 보세요.
2004,1,본인이 도전했던 여러 경험 중 가장 힘들었던 경험과 배운점을 작성하시오
2005,1,"대학생활 중 가장 열정을 가지고 수행했던 일(동아리, 학업 등)이 무엇이고, 그 일을 통해 배운 것이 무엇인지 기술하시오."
2006,1,"본인이 경험했던 가장 어려웠던 일이 무엇이었으며, 그것을 극복하기 위하여 어떤 노력을 하였고, 결과가 어떠하였는지 기술하시오."
2007,1,"본인에게 주어진 일 중 가장 어려웠던 경험이 무엇이었는지 기술하고 그 일을 하게 된 이유와 그 때 느꼈던 감정, 일을 진행하면서 가장 어려웠던 부분과 그것을 극복하기 위해 했던 생각, 결과에 대해 구체적으로 작성해 주십시오."
2008,1,"신입 : 최근 3년 동안 지원자가 한 일 중 가장 자랑할 만한 내용은 무엇이며, 이를 위해 노력했던 사례를 구체적으로 작성하시오. (1000자 이내 )"
2009,1,"본인에게 주어진 일 중 가장 도전적이고 어려웠던 경험에 대해 기술하고, 그 것을 극복하기 위해 취했던 행동 및 그 결과에 대해 구체적으로 기술해 주십시오."
2010,1,"지금까지 본인이 한 일 중에서 가장 창조적이고 혁신적인 것은 무엇이며, 이를 통해 어떤 변화가 있었는지 설명해 주십시오.(각종 공모전 제외)"
2011,1,"타인에게 영향력을 발휘하여 긍정적인 방향으로 상황을 변화시킨 경험이 있다면, 그 동기, 과정, 결과, 느낌 등을 자유롭게 기술하시기 바랍니다. (1000자 이내)"
2012,1,예상하지 못한 어려움을 만났을 때 효과적으로 해결했던 경험과 그 과정에서 느꼈던 경험을 기술하시기 바랍니다. (2번 항목과 다른 경험으로 기재)
2013,1,본인이 참여했던 과제활동 중 가장 성공적이었던 사례를 본인의 강점과 연계하여 기술하세요. (하나이상 가능) (1000자 이내)
2014,1,그동안 본인의 삶에 있어서 가장 기억에 남는 일들을 가급적 상세하게 적어주세요
2015,1,사회활동 : 학업 이외에 관심과 열정을 가지고 했던 다양한 경험 중 가장 기억에 남는 것을 구체적으로 기술해주세요. (1000자 이내)
2016,1,본인만이 경험한 특별한 체험이나 경험(성공 또는 실패)는 무엇이며 이를 통해서 얻은 교훈이나 역량은 무엇인지 서술하시오
2017,1,이제까지 가장 어려웠던 위기와 이를 극복하기 위해 했던 행동과 결과에 대해 구체적으로 기술하십시. (1000자 이내)
2018,1,타인과 구분되는 본인만의 장점(능력)과 그 장점을 활용하여 탁월한 성과를 창출하였던 경험 및 사례를 구체적으로 기술 바랍니다. (1000자 이내)
2019,1,"변화/혁신 해당역량의 정의 및 중점사항을 참고하여 본인의 경험 사례를 기술하고, 이를 통해 얻은 결과 및 성과에 대해 자유롭게 기술 하시오(1000자 이내)"
2020,1,가장 기억에 남는 성공/실패 경험과 그것을 달성하기 위한 노력 및 교훈에 대해 기술하시오. (1000자 이내)
2021,1,살아오면서 가장 열정을 갖고 도전한(또한 도전하고 싶은) 관심분야에 대해 서술해 주세요(500자)
2022,1,실패했던 경험이나 크게 좌절했던 경험과 극복사례는? (1000자 이내)
2023,1,최근 3년 이내에 가장 도전적인 목표를 세우고 구체적인 성과를 냈던 경험이 있다면 그 과정과 결과에 대하여 기술해주십시오. (1000자 이내)
2024,1,"다소 무리한 목표를 세우고 일을 진행했던 경험이 있다면, 진행과정에서의 어려움이나 문제점들을 어떻게 극복했는지 구체적으로 기술하시기 바랍니다. (1000자 이내)"
2025,1,성취감 있게 완수한 일.
2026,1,"[진취적 성향]자신에게 주어진 일이나 과제를 수행하는데 있어, 고정관념을 깨고 창의적으로 문제를 해결했던 사례에 대해 구체적으로 기술하시오.(1000자 이내)"
2027,1,본인이 이룬 가장 큰 성취와 실패.
2028,1,대학생활을 통해 무엇을 얻었고 나에게 어떠한 영향을 주었는지
2029,1,자신에게 부여된 일을 달성하기 위해 어려움을 참고 극복했던 경험에 대해 서술하십시오.
2030,1,다양한 문제가 얽힌 문제 상황을 인식하고 이를 전략적으로 해결한 경험에 대해 서술하시오
2031,1,학업 이외에 가장 관심과 열정을 가지고 했던 경험은 무엇입니까.
2032,1,다른 사람들이 쉽게 시도하지 않았던 것에 도전하여 만족할만한 성과(결과)를 내었던 경험이 있다면 구체적으로 이야기 해주십시오.
2033,1,지금까지의 경험 중 기존의 방법에서 벗어나 개선점을 찾거나 새로운 방법을 제안하여 본 경험이 있다면 구체적으로 이야기 해주십시오.
2034,1,"여러분이 경험한 교내,외 활동에서 IT와 관련된 가장 의미있는 사례를 구체적으로 기술해 주세요. ① 가장 의미있다고 생각한 이유, ② 해당 사례에서 노력한 과정과 결과, ③ 해당 경험이 입사 후 기여할 수 있는 점은 무엇인지에 대하여 작성해 주세요. (1000자 이내)"
2035,1,인생에 있어 가장 최고의 게임과 최악의 게임을 정하고 그 게임을 정한 이유를 각각 구체적으로 기술하여 주세요
2036,1,새로운 일에 도전한 경험에 대하여 말씀해 주십시오.
2037,1,스스로에 대해 혹은 특정사안에 대해 문제의식을 가지고 변화를 이루기 위해 노력한 경험이 있으면 말씀해 주십시오.
2038,1,본인이 살아오면서 가장 절실히 성취하고 싶었던 일은 무엇인지 기술해 주십시오.
2039,1,본인이 이룬 가장 큰 성취경험과 실패경험에 대하여 (1000자 이내)
2040,1,"자신의 경험 중 가장 도전적이었던 일은 무엇이며, 극복하기 위해 했던 행동, 노력, 생각을 구체적으로 기술하시오. (1000자 이내)"
2041,1,자신의 가치관이나 원칙 평소 생각하는 바와 일치하지 않는 지시나 부탁을 받은 경험이 있다면 어떻게 대처했는지 구체적으로 기술하여 주십시오. (1000자 이내)
2042,1,지금까지 가장 도전적인 목표를 정하고 노력한 경험(실패 또는 성공)이 있다면 기술하여 주십시오. 또한 어떤 원인 때문에 성공 또는 실패했는지 구체적으로 기술해 주시기 바랍니다. (1000자 이내)
2043,1,"도전적인 목표를 정하고 열정적으로 일을 추진했던 경험과 관련 추진과정에서 겪은 어려움, 이를 극복한 방법, 그리고 그 일의 결과를 중심으로 서술해 주십시오. (1000자 이내)"
2044,1,"자신의 윤리,도덕적 신념을 지키기 위해 손해나 희생을 감수하고 일을 수행한 경험이 있다면 서술해 주십시오. (1000자 이내)"
2045,1,"인생에서 가장 힘들거나 어려웠던 때를 기술하고, 극복과정에 대해 서술하시오"
2046,1,어떤 목표를 세우고 그 목표를 이루기 위해 노력한 경험을 서술해주세요.
2047,1,도전에 대한 경험.
2048,1,본인이 실패했던 사례와 이러한 실패를 극복한 경험에 대해 기술하세요.
2049,1,"지금까지 살아오면서 자신이 이루어낸 가장 큰 변화에 대해 당시 상황, 자신의 행동 결과 등을 바탕으로 구체적으로 서술하십시오."
2050,1,"지금까지의 경험에서 가장 보람되고 성취감 있었던 일은 무엇입니까? 어떠한 노력을 하였으며, 결과는 어떠하였습니까?"
2051,1,"달성하기 어려운 수준의 목표를 세우고, 목표를 달성하기 위해 노력한 경험에 대해서 서술하시오. 가 객관적으로 드러나게 작성할 것.)"
2052,1,"다른 사람이 인식하지 못하는 문제점을 파악하고, 자신 만의 독창적인 방법으로 문제를 해결한 경험에 대해 서술하시오. 에 대한 구체적 내용 / 해결된 상황이나 결과물의 내용이 객관적으로 드러나게 작성할 것.)"
2053,1,"다양한 의견이나 정보를 자신의 기준으로 분석 / 판단하고, 이를 바탕으로 문제를 해결했던 경험에 대해서 서술하시오."
2054,1,사회활동: 본인이 했던 경험 중에서 가장 성취감을 느꼈던 경우에 대해서 자신의 역할 및 성과를 중심으로 구체적으로 기술해주세요.
2055,1,그동안 본인의 삶에 있어서 가장 기억에 남는 일들을 가급적 상세하게 적어주세요.
2056,1,"다음 중 자신을 잘 표현할 수 있는 항목을 선택하고, 이를 구체적으로 서술하시오. ①스스로 자기계발 목표를 설정하고, 이를 달성하기 위해 노력한 경험. ②기존의 틀을 깨는 창의적인 아이디어를 적용하여 문제를 해결한 경험."
2057,1,자신에게 주어졌던 일 중 가장 어려웠던 경험은 무엇이었습니까? 그 일을 하게 된 이유와
2058,1,"자신에게 요구된 것보다 더 높은 목표를 스스로 세워 시도했던 경험 중 가장 기억에 남는 것은 무엇입니까? 목표 달성 과정에서 아쉬웠던 점이나 그 때 느꼈던 자신의 한계는 무엇이고, 이를 극복하기 위해 했던 행동과 생각, 결과에 대해 최대한 구체적으로 작성해 주십시오.(1000자)"
2059,1,"기존과는 다른 방식을 시도하여 이전에 비해 조금이라도 개선했던 경험 중, 가장 효과적이었던 것은 무엇입니까? 그 방식을 시도했던 이유, 기본 방식과의 차이점, 진행 과정에서 했던 행동과 생각, 결과에 대해 최대한 구체적으로 작성해 주십시오.(1000자)"
2060,1,가장 즐겁게 몰입해서 성과를 낸 경험과 가장 힘들었던 경험.
2061,1,"인생에서 가장 힘들었던 순간 또는 사건은 무엇이었으며, 이를 어떻게 극복했는지 구체적으로 기술하여 주십시오."
2062,1,"지금까지 가장 열정을 가지고 수행했던 일은 무엇이며, 그 일을 통해 배운 것이 무엇인지 기술하여 주십시오."
2063,1,학업 이외에 가장 관심과 열정을 가지고 했던 경험은 무엇입니까?
2064,1,최근 5년 이내에 수행할 시간이 절대적으로 부족했거나 해결하기 어려웠던 과제를 성공적으로 수행한 경험에 대하여 기술하여 주십시오.
2065,1,"살아오면서 부딪혔던 큰 장애물은 무엇이었으며, 그 난관을 극복하기 위해 어떤 노력을 하였고, 그 결과는 어떠했는지 기술하십시오. (공백 포함 550자)"
2066,1,지금까지 경험한 가장 특별한 체험이나 남다른 성취가 있다면 기술하십시오. (공백 포함 550자)
2067,1,새로운 시도를 했던 경험.
2068,1,"자신이 추진했던 일(프로젝트, 연구활동, 기타과업 등)의 프로세스를 지속적으로 향상시키기 위해 노력했던 경험이 있다면 아래 항목에 따라 기술해 주시기 바랍니다."
2069,1,도전으로 성과를 낸 경험.
2070,1,2. 도전적인 목표를 정하고 열정적으로 일을 추진했던 경험을 구체적으로 기술해 주십시오.
2071,1,귀하는 공부를 열심히 하셨는지요? 또 해야된다고 하는 것을 잘 실천하는 편이신지요?
2072,1,"전공학습이나 소위 스펙쌓기와 무관한 일 중, 가장 흥미있게 한 활동은 무엇이었는지와, 그 이유를 구체적으로 서술하세요."
2073,1,"실패 혹은 위기를 극복한 경험을 기술하고 이를 통해 배운점이 무엇인지, 또 이런 경험을 인생에서 어떻게 활용할 수 있을지 서술하세요."
2074,1,학업 이외에 했던 활동.
2075,1,"위 3가지 경험 중 하나를 선택하여, 구체적으로 적어주십시오."
2076,1,일반적으로 경험하기 힘든 특별한 체험/남다른 성취 경험
2077,1,"기존 방식이나 현상에 대해 문제의식을 갖고 전략적으로 해결한 경험을 다음의 세부 항목에 따라 작성해 주십시오. *[Situation & Task] 언제, 어디서 가지게 된 경험이었으며 그러한 문제의식을 가지게 된 계기는 무엇입니까?"
2078,1,"*[Action & Result] 어떤 방식으로 해당 문제를 해결하였으며, 본인의 노력으로 개선된 결과를 구체적으로 작성해 주십시오"
2079,1,"업무 또는 과제를 수행하시면서 본인의 부족한 점을 발견하고, 이를 개선하기 위해 노력하여 성과를 내신 경험을 다음의 세부항목에 따라 작성해 주십시오. *[Situation & Task] 당신이 맡았던 업무 또는 과제와 이를 달성하는데 부족했던 점은 무엇이라고 판단하셨었는지 간단히 작성해 주십시오. 현재 0 Bytes / 600 Bytes 이내"
2080,1,"*[Action & Result] 부족하다고 판단하신 이유와 이를 개선하기 위해 노력했던 방법은 무엇이었으며, 그 결과 당신의 업무나 과제에 어떤 영향을 미쳤는지 구체적으로 제시해 주십시오. 현재 0 Bytes / 800 Bytes 이내"
2081,1,"[진취적 성향] 자신에게 주어진 일이나 과제를 수행하는데 있어, 고정관념을 깨고 창의적으로 문제를 해결했던 사례에 대해 구체적으로 기술하시오. (600자 이내)"
2082,1,자신이 경험 한 것 중 가장 값진 일은 무엇이었습니까?
2083,1,자신이 했던 경험 중 도전적인 경험에 대해 기술해 주십시오.
2084,1,자신의 인생에서 가장 어려웠던 점과 어떻게 극복하였는가를 서술하시오. [ 700자 이내 ]
2085,1,살아오면서 가장 도전적(열정적)으로 임했던 일과 이룬 것. (100자 ~ 2000자 제한)
2086,1,"도전적인 목표를 정하고 열정적으로 일을 추진했던 경험과 관련 추진과정에서 겪은 어려움, 이를 극복한 방법, 그리고 그 일의 결과를 중심으로 서술해 주십시오."
2087,1,"자신의 윤리, 도덕적 신념을 지키기 위해 손해나 희생을 감수하고 일을 수행한 경험이 있다면 서술해 주십시오."
2088,1,본인이 실패했떤 사례와 이러한 실패를 극복한 경험에 대해 기술하세요.
2089,1,지금까지 살아오면서 가장 행복했던 경험 또는 가장 몰입했던 순간.
2090,1,본인이 활동에 가여했다고 자부할 수 있는 경험
2091,1,부족한 점을 보완하기 위해 노력했던 경험
2092,1,"학창시절 가장 힘들었던 순간을 극복했던 경험, 만약 극복하지 못했다면 그 이유를 기술하십시오."
2093,1,창의적 사고 : 발상의 전환 혹은 창의적인 사고를 통해 문제를 해결하고 성과를 이룬 경험을 구체적으로 기술해 주시기 바랍니다.
2094,1,성공경험 : 지금까지 본인에게 가장 의미 있었던 성공 경험에 대해 구체적으로 기술해 주시기 바랍니다.
2095,1,"[진취적 성향]자신에게 주어진 일이나 과제를 수행하는데 있어, 고정관념을 깨고 창의적으로 문제를 해결했던 사례에 대해 구체적으로 기술하시오.(600자 이내)"
2096,1,높은 수준의 목표를 설정하고 이를 달성하기 위해서 노력했던 경험에 대해 기술하시오. [500자 이내]
2097,1,"자신이 속한 단체 혹은 모음일 위해 개인적인 손해를 크게 감수했던 경험 중 기억에 남는 일에 대해 구체적인 상황, 자신의 행동, 결과 등을 기술해 주십시오."
2098,1,사회 활동: 학업 이외에 관심과 열정을 가지고 했던 다양한 활동 중 가장 기억에 남는 것을 구체적으로 기술해 주세요.
2099,1,본인의 경험 중 지원한 직무와 관련하여 가장 특별하고 인상 깊었던 경험에 대하여 사례위주로 설명하여 주시기 바랍니다.
2100,1,본인이 가장 성취감을 느꼈던 경험을 사례를 들어 자신의 역할 및 성과 중심으로 설명하여 주시기 바랍니다.
2101,1,"자신이 속한 단체나 조직 내에서 어려운 상황(또는 목표)에 직면했던 경험을 골라, 행동중심으로 기술하십시오 (500 자 5 단락 이내)"
2102,1,타인과 구분되는 본인만의 장점(능력)과 그 장점을 활용하여 탁월한 성과를 창출하였던 경험 및 사례를 구체적으로 기술 바랍니다.
2103,1,"본인이 살아오면서 가장 도전적이었던 경험은 무엇이며, 어떤 노력을 통해 성취했는지 기술하시오."
2104,1,"진취적 성향] 자신에게 주어진 일이나 과제를 수행하는데 있어, 고정관념을 깨고 창의적으로 문제를 해결했던 사례에 대해 구체적으로 기술하시오. (600자 이내)"
2105,1,"달성하기 어려운 수준의 목표를 세우고, 목표를 달성하기 위해 노력한 경험에 대해서 서술하시오. - 최근 5년 이내의 경험으로 작성할 것 - 목표 내용 / 목표를 설정한 이유 / 목표 달성을 위한 구체적인 노력 / 최종 결과 (목표 달성 여부)가 객관적으로 드러나게 작성할 것."
2106,1,"다른 사람이 인식하지 못하는 문제점을 파악하고, 자신 만의 독창적인 방법으로 문제를 해결한 경험에 대해 서술하시오. - 최근 5년 이내의 경험으로 작성할 것 - 문제를 파악하게 된 상황 / 해결 방식(해결책)에 대한 구체적 내용 / 해결된 상황이나 결과물의 내용이 객관적으로 드러나게 작성할 것."
2107,1,"다양한 의견이나 정보를 자신의 기준으로 분석 / 판단하고, 이를 바탕으로 문제를 해결했던 경험에 대해서 서술하시오. - 최근 5년 이내의 경험으로 작성할 것 - 분석한 의견이나 정보 / 판단 기준 및 체계 / 해결 후 상황이나 결과물의 내용이 객관적으로 드러나게 작성할 것"
2108,1,해당 활동의 결과와 이를 통해 본인이 배운 점은 무엇인지 기술해 주십시오.
2109,1,"본인이 현실과 타협하거나 편법을 사용하지 않고, 원칙대로 일관되게 일을 처리해서 좋은 결과를 이끌어 냈던 사례를 아래 세부 항목에 따라 구체적으로 작성해 주십시오. 언제, 어디서 활동했던 경험이며, 본인이 맡았던 역할은 무엇이었는지 기술해 주십시오."
2110,1,"당시 역할 완수에 어려웠던 점은 무엇이며, 이를 해결하기 위해 어떤 노력을 기울이셨는지 기술하여 주십시오."
2111,1,"노력의 결과로 인해 어떤 결과가 나타났으며, 그 이후 달라진 점은 무엇인지 기술해 주십시오."
2112,1,"목표 달성을 위해 어떤 계획을 세웠고, 계획을 실천하는 과정에서 가장 어려웠던 점과 이를 어떻게 극복하였는지 기술해 주십시오."
2113,1,"본인이 하고 싶은 일을 위해 실패를 두려워하지 않고, 도전했던 경험을 기술해 주세요."
2114,1,"귀하가 지금까지 도전적인 목표를 설정하고 성취 또는 실패한 경험을 기술하고, 그 과정에서 본인의 구체적인 노력, 배운 점, 결과를 기술하세요. (1000자)"
2115,1,지금까지 이룬 가장 큰 성취 3가지.
2116,1,새로운 방식을 시도하여 더 나은 결과를 달성한 경험에 대해 작성해 주십시오.
2117,1,"제한된 자원(역량, 시간, 비용)에도 불구하고 더 높은 목표를 세워 열정적으로 도전했던 경험에 대해 작성해 주십시오."
2118,1,"2. 최근 3년 이내 본인이 주도적이고, 열정적으로 진행한 일에 대해 기술해 주십시오."
2119,1,3. 예상치 못했던 문제로 인해 계획대로 일이 진행되지 않았을 때 책임감을 가지고 적극적으로 끝까지 업무를 수행해내어 성공적으로 마무리했던 경험이 있으면 기술해 주십시오. (띄어쓰기 포함 400자 이내)
2120,1,가장 기억에 남는 성과 및 실패
2121,1,"달성하기 어려운 수준의 목표를 세우고, 목표를 달성하기 위해 노력한 경험"
2122,1,"다른 사람이 인식하지 못하는 문제점을 파악하고, 자신만의 독창적으로 극복한 경우"
2123,1,본인의 주장을 관철시키기 위해 힘들었던 경험과 공감 받기 위한 입장표명
2124,1,"달성하기 어려운 수중의 목표를 세우고, 목표를 달성하기 위해 노력한 경험에 대해서 서술하시오."
2125,1,다른 사람이 인식하지 못하는 문제점을 파악하고 자신만의 독창적인 방법으로 문제를 해결한 경험에 대해 서술하시오
2126,1,"다양한 의견이나 정보를 자신의 기준으로 분석/판단하고, 이를 바탕으로 문제를 해결했던 경험에 대해서 서술하시오"
2127,1,재학 또는 재직기간 동안 가장 뛰어난 업적은 무엇입니까? 그리고 왜 그렇게 생각하는지 기술해 주십시오. (1000자 이내)
2128,1,"자신에게 주어졌던 일 중 가장 어려웠던 경험은 무엇이었습니까? 그 일을 하게 된 이 유와 그때 느꼈던 감정, 진행하면서 가장 어려웠던 점과 그것을 극복하기 위해 했던 행 동과 생각, 결과에 대해 최대한 구체적으로 작성해 주십시오. (1000자 이내)"
2129,1,"자신에게 요구된 것보다 더 높은 목표를 스스로 세워 시도했던 경험 중 가장 기억에 남는 것은 무엇입니까? 목표 달성 과정에서 아쉬웠던 점이나 그 때 느꼈던 자신의 한 계는 무엇이고, 이를 극복하기 위해 했던 행동과 생각, 결과에 대해 최대한 구체적으로 작성해 주십시오"
2130,1,"기존과는 다른 방식을 시도하여 이전에 비해 조금이라도 개선했던 경험 중, 가장 효과 적이었던 것은 무엇입니까? 그 방식을 시도했던 이유, 기존 방식과의 차이점, 진행 과 정에서 했던 행동과 생각, 결과에 대해 최대한 구체적으로 작성해 주십시오."
2131,1,"자신에게 요구된 것보다 더 높은 목표를 스스로 세워 시도했던 경험 중 가장 기억에 남는 것은 무엇입니까? 목표 달성 과정에서 아쉬었던 점이나 그 때 느꼈던 자신의 한계는 무엇이고, 이를 극복하기 위해 했던 행동과 생각, 결과에 대해 최대한 구체적으로 작성해 주십시오."
2132,1,"자신만의 새로운 방식을 시도하여 더 나은 결과를 달성한 경험에 대해 작성해 주십시오. *그 방식을 시도했던 이유와 실행 과정에서의 생각, 결과의 효과에 대해 구체적으로 작성 (1000자 이내)"
2133,1,"제한된 자원(역량, 시간, 비용)에도 불구하고 더 높은 목표를 세워 도전했던 경험에 대해 작성해 주십시오. *목표를 설정한 이유와 내용, 과정상의 한계, 결과 등을 구체적으로 작성 (1000자 이내)"
2134,1,구체적으로 하고 싶은 일과 남들보다 잘할 수 있는 경험을 말하시오.
2135,1,학업 외 가장 열정적으로 참여했거나 목표를 달성한 경험을 기술하시오
2136,1,사회활동 : 학업 이외에 관심과 열정을 가지고 했던 다양한 경험 중 가장 기억에 남는 것을 구체적으로 기술해주세요.(1000자 이내)
2137,1,과거 타인과의 인간관계에서 가장 힘들었던 갈등상황과 이를 슬기롭게 극복할 수 있었던 본인의 전략 및 노하우에 대해 기술하시오.(600자 이내)
2138,1,남들과 다른 새로운 관점으로 변화/혁신을 추구한 경험과 그를 통해 배운점이 무엇인지 기술하시오. (1000자 이내)
2139,1,문제에 직면했을 때 그것을 어떻게 극복했는지 서술하시오
2140,1,[필수문항] 프로젝트 진행 중 가장 기억에 남는 트러블 슈팅 경험을 적어주세요
2141,1,경험 중 어려웠던 3가지 각 1문장
2142,1,"경험 중 1개 선택, ‘어려웠던 이유’(3문장) ‘얻은 것’(3문장)"
2143,1,인생에서 성취한 일 3가지 각 1문장
2144,1,"성취한 일 중 1개 선택, ‘하게 된 이유’(3문장),‘성취하기 위한 노력’(3문장), ‘성취하기 위해 고려해야 했던 가장 중요한 포인트’(3문장)"
2145,1,"예상치 못한 문제의 발생으로 계획대로 일이 진행되지 않았을 때, 책임감을 가지고 적극적으로 문제를 해결한 경험과, 그 경험을 통해 얻은 것은 무엇인지 구체적으로 기술해 주십시오. ~ 한 상황에서도 ~한 자세와 행동으로 ~한 결과를 이끌어 냈다 1. 상황/역할 2. 생각/행동"
2146,1,"달성하기 어려운 수준의 목표를 세우고, 목표를 달성하기 위해 노력한 경험에 대해서 서술하시오."
2147,1,"다른 사람이 인식하지 못하는 문제점을 파악하고, 자신 만의 독창적인 방법으로 문제를 해결한 경험에 대해 서술하시오."
2148,1,일반적으로 경험하기 힘든 특별한 체험
2149,1,"이제까지 가장 강하게 소속감을 느꼈던 조직은 무엇이었으며, 그 조직의 발전을 위해 헌신적으로 노력했던 것 중 가장 기억에 남는 경험은 무엇입니까? 개인적으로 더 많은 노력을 기울였던 일과 그때 했던 행동과 생각, 결과에 대해 최대한 구체적으로 작성해 주십시오."
2150,1,자신이 느꼈던 가장 큰 분노 또는 부당함의 구체적인 사례와 그에 대한 극복방안을 작성해 주십시오.
2151,1,학창시절 경험 중 가장 힘들었던 경험 혹은 실패했던 경험은 무엇인지 기술해 주세요.
2152,1,"기타 업무와 관련된 유용한 경험이 있다면 자유롭게 작성하시오.(아르바이트, 여행, 에피소드 등)"
2153,1,"이제까지 가장 강하게 소속감을 느꼈던 조직은 무엇이었으며, 그 조직의 발전을 위해 헌신적으로 노력했던 것 중 가장 기억에 남는 경험은 무엇입니까? 개인적으로 더 많은 노력을 기울였던 일과 그 때 했던 행동과 생각, 결과에 대해 최대한 구체적으로 작성해 주십시오. (1000자 이내)"
2154,1,"기존과는 다른 방식을 시도하여 이전에 비해 조금이라도 개선했던 경험 중, 가장 효과적이었던 것은 무엇입니까? 그 방식을 시도했던 이유, 기존 방식과의 차이점, 진행 과정에서 했던 행동과 생각, 결과에 대해 최대한 구체적으로 작성해 주십시오. (1000자 이"
2155,1,"인생에서 가장 힘들거나 어려웠던 때를 기술하고, 극복과정에 대해 서술하시오."
2156,1,학업 외 가장 열정적이고 도전적으로 몰입하여 성과를 창출했거나 목표를 달성한 경험을 기술하시오 (1000자 이내)
2157,1,"여러분이 경험한 IT와 관련된 가장 의미있는 사례를 구체적으로 기술해 주세요. ① 가장 의미있다고 생각한 이유, ② 해당 사례에서 노력한 과정과 결과, ③ 해당 경험이 입사 후 기여할 수 있는 점은 무엇인지에 대하여 작성해 주세요.(1000자 이내)"
2158,1,책임감을 가지고 도전적으로 임했던 경험
2159,1,[가장 감명 깊게 들었던 과목]
2160,1,대학생활에서 힘을 쏟은 부분
2161,1,"자신에게 부여된 일을 달성하기 위해 어려움을 참고 극복했던 경험에 대해 서술하십시오. -자신에게 부여된 역할과 그것이 어려웠던 구체적인 이유가 드러나도록 할 것 -어려움을 참고 극복했던 방법을 구체적으로 기술할 것 -임무 완수를 통해 도출된 결과물을 밝히고, 구체적인 도출 과정을 제시할 것 (1000자 이내)"
2162,1,"다양한 문제가 얽힌 문제 상황을 인식하고, 이를 전략적으로 해결한 경험에 대해 서술하시오. -문제를 인식하게 된 계기를 구체적으로 서술할 것 -문제 해결을 위한 전략 수립 과정을 구체적으로 서술할 것 -도출한 전략이 문제 해결에 미친 영향을 구체적으로 제시할 것 (1000자 이내)"
2163,1,다른 사람들이 쉽게 시도하지 않았던 것에 도전하여 만족할만한 성과(결과)를 내었던 경험이 있다면 이야기해 주십시오.
2164,1,지금까지의 경험 중 기존의 방법에서 찾거나 새로운 방벗어나 개선점을 법을 제안하여 성과를 낸 경험이 있다면 구체적으로 이야기해 주십시오.
2165,1,"살면서 가장 힘들었던 사건이나 일이 무엇이었는지, 그리고 어떻게 극복했는지를 구체적으로 기술해 주십시오."
2166,1,어려운 여건 속에서 자신이 계획한 목적을 이루기 위해 포기하지 않고 끝까지 노력했던 경험에 대해 구체적으로 기술해 주십시오.
2167,1,"자신의 경험중에 가장 열정을 다해 몰입했던 일이 무엇인지, 그리고 왜 그렇게 했는지를 구체적으로 기술해 주십시오."
2168,1,사회활동 (학업 이외에 관심과 열정을 가지고 했던 다양한 경험 중 가장 기억에 남는것
2169,1,자신이 학업 이외에 관심과 열정을 가지고 했던 다양한 경험 중 가장 기억에 남는 것을 기술하세요. (1000자 이내)
2170,1,"최근 5년 동안 자신이 경험한 대표적인 성공과 실패 사례가 무엇이며, 이를 실현 및 극복하기 위해 어떤 일을 했는지 기술하세요. (1000자 이내)"
2171,1,"신입 : 최근 3년 동안 지원자가 한 일 중 가장 자랑할 만한 내용은 무엇이며, 이를 위해 노력했던 사례를 구체적으로 작성하시오. (1000자 이내)"
2172,1,사전에 준비를 잘 해서 성공적으로 수행했던 일에 대한 경험 또는 살아오면서 타인과의 중요한 약속을 지키지 못했던 경험에 대해서 작성해 주십시오.
2173,1,이제까지 가장 강한 소속감을 느꼈던 조직의 발전을 위해 노력한 것 중 가장 기억에 남는 경험 또는 학창 시절 자신이 경험한 환경적인 변화 중에서 자신에게 가장 의미있거나 영향이 컸던 변화는 무엇이었습니까?
2174,1,자신에게 주어졌던 일 중 가장 어려웠던 경험 또는 본인 스스로 목표를 수립하여 가장 성공적인 결과를 거두었던 경험은 무엇인가요?
2175,1,대학생활 중 가장 뛰어난 성과를 이뤄냈던 경험에 대해 자세히 서술해 주십시오.
2176,1,"개인적으로 어려움과 희생을 각오하고, 도덕과 원칙에 입각하여 행동했던 경험이 있으면 서술해 주십시오."
2177,1,다른 사람들이 어렵다고 시도하지 않은 일을 추진하여 성공한 경험 또는 실패한 경험 중에서 가장 대표적인 사례를 기술하시오.
2178,1,다른 사람과 차별화된 능력을 갖추기 위해 지속적으로 시간과 자원을 꾸준히 투자하여 자기계발을 한 경험에 대해서 기술하시오.
2179,1,"신입 : 최근 3년 동안 지원자가 한 일 중 가장 자랑할 만한 내용은 무엇이며, 이를 위해 노력했던 사례를 구체적으로 작성하시오. [ 1000자 이내 ]"
2180,1,본인의 성취경험과 실패경험
2181,1,가장 기억에 남는 성과 혹은 실패 (800자)
2182,1,"지금까지의 경험 중 본인이 제안한 아이디어로 기존의 방식을 개선하거나 성과를 낸 경험이 있다면 기술해 주십시오.(동아리, 프로젝트 등)"
2183,1,지금까지의 경험 중 본인의 능력으로 해결하기 힘든 어려운 상황에서 포기하지 않고 극복했던 경험이 있다면 기술해 주십시오.
2184,1,지금까지 본인이 성공하고 실패했던 경험
2185,1,목표를 정하고 열정적으로 일을 추진했던 경험과 성취감을 느꼈던 일을 소개해주세요. (1000자 이내)
2186,1,학창시절(고등학교 또는 대학교) 가장 싫어했던 과목은 무엇이며 그 이유에 대해 간략히 설명해 주세요. (1000자 이내)
2187,1,"학업, 업무, 특정 과업들의 수행과정에서 어떤 목표를 설정하고 이를 달성하기 위해 어떻게 노력했는지 최근의 사례를 중심으로 기술해 주십시오. 당시 지원자는 그 목표를 어떻게 설정하게 되었는지, 달성하기 위해 노력한 점은 무엇이었는지, 결과적으로 목표를 어느 정도로 달성했는지 구체적으로 기술해 주십시오. 기존과 다른 새로운 방식을 시도했다면 시도한 방식은 무엇이었는지, 고려했던 점은 무엇이었는지 기술해 주십시오."
2188,1,(자기개발) 과제수행 또는 목표 달성을 위해 노력하는 과정에서 본인의 부족한 부분을 발견하고 극복한 사례와 그 경험을 통해 본인이 얻은 것이 있다면 구체적으로 기술하여 주십시오.
2189,1,성공 또는 실패사례를 통해 내 삶이 변화된 것 [600자 이내]
2190,1,"전공학습이나 소위 스펙쌓기와 무관한 일 중, 가장 흥미있게 한 활동은 무엇이었는지와, 그 이유를 구체적으로 서술하세요"
2191,1,[인재상] 창의력과 열정 * 지금까지의 경험 중 자신이 낸 아이디어로 성과를 내거나 기존의 방식을 개선 한 경험이 있습니까?
2192,1,해당 활동의 결과와 이를 통해 본인이 배운 점은 무엇인지 기술해 주십시오.(1000자 이내)
2193,1,"본인이 현실과 타협하거나 편법을 사용하지 않고, 원칙대로 일관되게 일을 처리해서 좋은 결과를 이끌어 냈던 사례를 아래 세부 항목에 따라 구체적으로 작성해 주십시오. 2-1. 언제, 어디서 활동했던 경험이며, 본인이 맡았던 역할은 무엇이었는지 기술해 주십시오. (1000자 이내)"
2194,1,"당시 역할 완수에 어려웠던 점은 무엇이며, 이를 해결하기 위해 어떤 노력을 기울이셨는지 기술하여 주십시오.(1000자 이내)"
2195,1,"노력의 결과로 인해 어떤 결과가 나타났으며, 그 이후 달라진 점은 무엇인지 기술해 주십시오.(1000자 이내)"
2196,1,"목표 달성을 위해 어떤 계획을 세웠고, 계획을 실천하는 과정에서 가장 어려웠던 점과 이를 어떻게 극복하였는지 기술해 주십시오. (1000자 이내)"
2197,1,"자신의 경험 중에 가장 열정을 다해 몰입했던 일이 무엇인지, 그리고 왜 그렇게 했는지를 구체적으로 기술해 주십시오."
2198,1,"자신에게 주어졌던 일 중 가장 어려웠던 경험, 혹은 자신에게 요구된 것보다 더 높은 목표를 세워 시도한 경험은 무엇입니까? 그 일을 하게 된 이유와 그때 느꼈던 감정, 진행하면서 가장 어려웠던 점과 그것을 극복하기 위해 했던 행동과 생각, 결과에 대해 최대한 구체적으로 작성해 주십시오. (1000자 10단락 이내)"
2199,1,"이제까지 가장 강하게 소속감을 느꼈던 조직은 무엇이었으며, 그 조직의 발전을 위해 헌신적으로 노력했던 일과 그 때 했던 생각과 행동, 결과에 대해 최대한 구체적으로 작성해 주십시오. (1000자 10단락 이내)"
2200,1,"기존과는 다른 방식을 시도하여 이전에 비해 조금이라도 개선했던 경험 중, 가장 효과적이었던 것은 무엇입니까? 그 방식을 시도했던 이유, 기존 방식과의 차이점, 진행 과정에서 했던 행동과 생각, 결과에 대해 최대한 구체적으로 작성해 주십시오. (1000자 10단락 이내)"
2201,1,귀하가 재학기간 중 선택한 학업 외 활동은 어떤 것이 있으며 왜 그런 활동을 했는지를 기술해 주시기 바랍니다. (1000자 이내)
2202,1,"본인이 현실과 타협하거나 편법을 사용하지 않고, 원칙대로 일관되게 일을 처리해서 좋은 결과를 이끌어 냈던 사례를 아래 세부 항목에 따라 구체적으로 작성해 주십시오. 2-1. 언제, 어디서 활동했던 경험이며, 본인이 맡았던 역할은 무엇이었는지 기술해 주십시오. (200자 이내)"
2203,1,"당시 역할 완수에 어려웠던 점은 무엇이며, 이를 해결하기 위해 어떤 노력을 기울이셨는지 기술하여 주십시오. (400자 이내)"
2204,1,"노력의 결과로 인해 어떤 결과가 나타났으며, 그 이후 달라진 점은 무엇인지 기술해 주십시오. (200자 이내)"
2205,1,자신이 어려운 문제를 해결하여 조직의 일부 또는 전체에 상당히 긍정적인 결과를 가져온 경험에 대해 기술하여 주시기 바랍니다. [ 1자 이상 500자 이내
2206,1,지금까지 살아오면서 자신의 강/약점을 느꼈던 경험은 무엇인지 기술하여 주십시오.
2207,1,업무 결과에 영향을 미치는 부분들을 반드시 확인하고 수 차례 점검하여 업무상 오류를 최소화한 경험
2208,1,* 자기주도적으로 목표를 설정하여 끝까지 완수해낸 경험을 작성해 주세요. ① 설정한 목표와 이유 ② 그 과정에서 본인이 수행한 역할 ③ 해당 경험에서 발생한 문제점 및 해결방안 ④ 해당 경험을 통해 얻은 점 을 포함하여 작성해 주시기 바랍니다.
2209,1,재학 또는 재직기간 동안 가장 뛰어난 업적은 무엇입니까? 그리고 왜 그렇게 생각하는지 기술해 주십시오. [ 200자 이상 1000자 이내 ]
2210,1,학업 이외에 관심과 열정을 가지고 했던 다양한 경험 중 기억에 나는 것을 기술해 주세요.
2211,1,상기의 경험을 통해 얻은 것은 무엇입니까? (300자 이내)
2212,1,자기계발을 위한 과거 및 현재의 노력
2213,1,지금까지 경험한 가장 큰 성공 또는 실패 사례 및 이유
2214,1,최근 5년 이내 본인이 소속된 조직의 발전을 위해 가장 많은 기여를 했다고 자부할 수 있는 경험에 대해 작성하여 주십시오. (1000자 이내)
2215,1,최근 5년 이내 자신의 부족한 점을 보완하기 위해 6개월 이상의 지속적인 노력을 기울였던 경험에 대해 작성하여 주십시오. (1000자 이내)
2216,1,"본인이 스스로 세웠던 목표 중 가장 기억에 남는 목표가 무엇이며, 목표달성을 위해 했던 생각과 행동, 결과 및 아쉬웠던 부분에 대해 최대한 구체적으로 기술하여 주세요. (1000자 이내)"
2217,1,"새로운 방식을 시도하여 더 나은 결과를 달성한 경험에 대해 작성해 주십시오. *그 방식을 시도했던 이유와 구체적인 실행 과정 및 내용 *시도 과정에서의 생각, 한계 및 결과 달성 시 효과에 대해 구체적으로 작성 (600자 6 단락 이내)"
2218,1,"제한된 자원(역량, 시간, 비용)에도 불구하고 더 높은 목표를 세워 열정적으로 도전했던 경험에 대해 작성해 주십시오. *목표를 설정한 이유와 내용, 과정상의 한계, 결과 등을 구체적으로 작성 (600자 6 단락 이내)"
2219,1,어려운 조건 속에서 자신이 스스로 목표를 세워 달성하기 위해 노력했던 경험을 기술하십시오.
2220,1,귀하가 `현장중심`적인 생각을 통하여 성취했던 경험 혹은 실패했던 경험을 기술하십시오. (1000자 이내)
2221,1,이제까지 살아오면서 자신이 정말 해보고 싶은 것을 하느라고 다른 것을 포기했던 경험에 대해 기술해주세요.
2222,1,"목표한 대로 되지 않아서 낙심하고 좌절할 만한 상황이었지만, 그 상황을 잘 극복했던 경험을 기술해 주세요."
2223,1,귀하가 경험한 일 중 `소개하고 싶은 경험`을 약술하십시오.
2224,1,귀하가 살아오면서 `목표를 정하고 노력한 경험(실패 또는 성공)`이 있다면 무엇인지 기술하십시오.
2225,1,대한민국을 가장 감사하게(자랑스럽게) 느꼈던 경험 또는 가장 부끄럽게 느꼈던 경험
2226,1,"소프트웨어 개발을 하면서 겪었던 기술적인 문제를 상세히 기술하고, 그 과정에서 겪었던 시행착오와, 그에 대한 해결책을 설명해 주세요."
2227,1,"전공학습이나 소위 스펙쌓기와 무관한 일 중, 가장 흥미 있게 한 활동은 무엇이었는지와, 그 이유를 구체적으로 서술하세요 (600자 16줄)"
2228,1,"실패 혹은 위기를 극복한 경험을 기술하고, 이를 통해 배운 점이 무엇인지, 또 이런 경험을 인생에서 어떻게 활용할 수 있을지 서술하세요."
2229,1,[노력과 끈기 그리고 성취감]
2230,1,"SW 개발 관련하여 성공 혹은 실패한 프로젝트가 있다면, 왜 성공/실패했다고 판단했는지와 그 요인을 기술해 주세요. (10줄 이내)"
2231,1,ㆍ본인이 이룬 가장 큰 성취경험과 실패경험에 대해서 기술해 주십시오. (500자 이내)
2232,1,학업 과제 수행이나 업무 수행 중에 예상치 못한 문제를 해결해 본 경험이 있습니까? 그 문제를 해결하기 위해 어떠한 과정을 거쳤으며 어떠한 점에서 그 해결책이 효과적이었는지를 기술하여 주십시오.
2233,1,새로운 분야로의 도전이나 처음 해보는 과제를 하면서 예상치 못한 어려움이나 문제를 해결한 경험을 구체적인 사례를 바탕으로 기술해 주십시오.
2234,1,"학업 이외에 성과를 창출했거나, 목표를 달성한 경험을 기술해 주시기 바랍니다."
2235,1,"살아오면서 힘든 일을 겪게 될 때, 힘이 되는 말이나 경험 등을 이유와 함께 기술하시오."
2236,1,저에게 가장 큰 영향을 끼친 사건은 훈련소에서 최고전사가 된 일입니다.
2237,1,자신의 성장과정 중 가장 소중했던 기억과 가장 힘들었던 기억
2238,1,[자기개발 능력] 최근 5년 동안에 귀하가 성취한 일중에서 가장 자랑할 만한 것은 무엇이고 그것을 성취하기 위해 귀하는 어떤 일을 했습니까?
2239,1,[문제해결 능력] 예상치 못했던 문제로 인해 계획대로 일이 진행되지 않았을 때 책임감을 가지고 적극적으로 끝까지 업무(일)를 수행해내어 성공적으로 마무리했던 경험이 있으면 서술해 주시기 바랍니다.
2240,1,[수리능력] 문제해결 과정에서 적절한 수학적 사고와 기법을 선택하여 결과물을 창출하신 경험이 있으면 서술하여 주시기 바랍니다.
2241,1,어려운 문제에 직면했으나 효과적으로 대응하여 문제를 해결한 사례를 기술해 주십시오. (1000자 이내)
2242,1,"생애 최고의 순간이 언제였고, 본인 인생에 어떤 영향을 끼쳤는지 설명하십시오. (자필기재)"
2243,1,자신의 한계에 도전한 경험에 대해 쓰시오 (1200byte)
2244,1,대학생활 또는 사회활동에서 얻었던 성취와 경험에 대해 쓰시오 (1200byte)
2245,1,"인생에서 가장 힘들거나 어려웠던 때를 기술하고, 극복과정에 대해 서술하시오.(1000자 이내)"
2246,1,"지금까지 살아오면서 이룬 가장 대표적인 성취 사례 하나와 후회되는 사례 하나를 제시하고, 그 이유를 구체적으로 기술해 주시기 바랍니다. (1000자 이내)"
2247,1,이제까지 겪어온 일들 중 가장 기억나는 성공 경험과 가장 아쉬웠던 실패 경험을 각각 작성해 주세요. (1000자 이내)
2248,1,특별한 체험이나 남다른 성취
2249,1,"인턴, 아르바이트 등 경제(사회)활동 중 어려움을 겪었던 사례를 제시하고, 그것을 어떻게 극복하였으며, 과정에서 느낀 점이 무엇인지 구체적으로 작성해 주시기 바랍니다."
2250,1,특별했던 경험 및 그 경험이 본인에게 미친 영향(1000자 이내)
2251,1,가장 열정적이고 도전적으로 임했던 일과 그 일을 통해서 이룬 것에 대해 기재하여 주십시오. [ 150자 이상 500자 이내 ]
2252,1,다양한 경험 중 중요하게 생각하는 경험을 한 가지 선택하여 서술하고 그를 통해 이룬 일에 대해 기재하여 주십시오 [ 150자 이상 500자 이내 ]
2253,1,학창시절에 가장 열등했던 점은 무엇이었습니까. (1000자 이내)
2254,1,"학창시절(대학/고교) (동아리 활동, 학과) 또는 이제까지 귀하가 살아오면서 가장 인상 깊었던 일은? 또는 대표를 했거나, 상을 탔거나, 장학금을 탔거나 또는 특별히 성취했던 것은 무엇입니까? (1000자 이내)"
2255,1,학창시절 또는 이제까지 귀하가 살아오면서 가장 힘들었던 경험은? 힘들었던 상황을 어떻게 극복하셨습니까? (1000자 이내)
2256,1,"학창시절 또는 다른 경험을 돌이켜 볼 때 고쳐야 한다고 생각하는 부분은(조직체 및 본인) 무엇이었으며, 그 이유는 무엇이었습니까? (1000자 이내)"
2257,1,[끊임없이 도전하는 사람]
2258,1,가장 기억에 남는 경험을 서술하여 주시기 바랍니다. (경력: 업무경험 / 신입: 학창시절)
2259,1,[지금까지 이룬 가장 큰 성취 3가지 100자]
2260,1,"[최근 3년 이내에 본인이 이룬 가장 큰 성과를 기술하되 목표 설정 이유, 노력과정, 고난 극복, 결과 등을 구체적으로 기술하여 주십시오. 700자]"
2261,1,"본인이 현실과 타협하거나 편법을 사용하지 않고, 원칙대로 일관되게 일을 처리해서 좋은 결과를 이끌어 냈던 사례(최근 3년 이내)를 아래 세부 항목에 따라 구체적으로 작성해 주십시오. (1000자 이내)"
2262,1,"예상치 못한 문제의 발생으로 계획대로 일이 진행되지 않았을 때, 책임감을 가지고 적극적으로 문제를 해결한 경험과, 그 경험을 통해 얻은 것은 무엇인지 구체적으로 기술해 주십시오. (1000자 이내)"
2263,1,본인의 경험 중 지원한 직무와 관련하여 가장 특별하고 인상 깊었던 경험에 대해 구체적으로 기술해 주십시오. (1000자 이내)
2264,1,"본인의 삶 중에 기억에 남는 최고의 순간 및 그 의미를 설명하고, 향후 본인이 원하는 삶은 무엇인지 기술해 주십시오."
2265,1,자신이 어려운 문제를 해결하여 조직의 일부 또는 전체에 상당히 긍정적인 결과를 가져온 경험에 대해 기술하여 주시기 바랍니다. (1000자 이내)
2266,1,"자신에게 주어졌던 일 중 가장 어려웠던 경험은 무엇이었습니까? 그 일을 하게 된 이유와 그때 느꼈던 감정, 진행하면서 가장 어려웠던 점과 그것을 극복하기 위해 했던 행동과 생각, 결과에 대해 최대한 구체적으로 작성해주십시오."
2267,1,자신이 가진 열정을 발휘하여 성취감을 느꼈던 경험을 기술하십시오 (1000자 이내)
2268,1,"본인의 삶 중 본인의 성장에 가장 중요한 계기가 된 경험을 구체적인 근거를 통해 기술하고, 이를 바탕으로 지속적인 성장 및 유지를 위해 노력하였던 경험을 구체적으로 기재해 주십시오. 1000자 이내"
2269,1,"예상치 못한 문제의 발생으로 계획대로 일이 진행되지 않았을 때, 책임감을 가지고 적극적으로 문제를 해결한 경험과 그 경험을 통해 얻은 것은 무엇인지 구체적으로 기술해 주십시오."
2270,1,실패했던 경험이나 크게 좌절했던 경험과 극복사례는? (최대300자)
2271,1,다양한 경험 중 가장 기억에 남는 것 구체적으로 기술 (1000자 이내)
2272,1,살면서 가장 열정을 가지고 했던 일
2273,1,"전공학습이나 소위 스펙쌓기와 무관한 일 중, 가장 흥미있게 한 활동은 무엇이었는지와, 그 이유를 구체적으로 서술하세요 (1000자 이내)"
2274,1,"실패 혹은 위기를 극복한 경험을 기술하고 이를 통해 배운점이 무엇인지, 또 이런 경험을 인생에서 어떻게 활용할 수 있을지 서술하세요(1000자 이내)"
2275,1,자신만의 창의적인 아이디어를 내세워 기존과는 다른 방식의 새로운 일을 시도하여 실현시키고자 노력했던 경험
2276,1,자신이 가진 열정을 발휘하여 성취감을 느꼈던 경험을 기술하십시오. (1200Byte)
2277,1,"살아오면서 갈등관계라 할 수 있는 경험은 무엇이었으며, 어떻게 해결했는지 행동중심으로 기술하여 주십시오. (700자 이내)"
2278,1,인생에서 어려움을 극복하고 이루었던 성취경험
2279,1,"예상치 못했던 문제로 인해 난관에 부딪혔을 때, 이전에 없던 혹은 이전과는 다른 방식으로 문제를 해결하고자 했던 경험에 대해 기술해 주십시오. (1000자 이내)"
2280,1,귀하의 대학생활 중 탁월한 활동 실적(교내외)이 있다면 무엇입니까?(500자)
2281,1,사회활동: 학업 이외에 관심과 열정을 가지고 했던 다양한 경험 중 가장 기억에 남는 것을 구체적으로 기술해주세요. (1000자 이내)
2282,1,받고싶은 질문 - 말하고 싶은 경험
2283,1,대학생활 중 성과를 냈거나 실패를 했던 경험에 대해 자세히 기술해 주세요. (1000자 이내)
2284,1,"자신에게 주어졌던 일 중 가장 해결하기 어려웠던 경험은 무엇입니까? 또한 그 난관을 극복하기 위해 어떠한 노력을 하였고, 그 결과는 어떠하였는지 작성해 주십시오."
2285,1,본인이 살아오면서 가장 열정적으로 수행한 일(사례)은 무엇인지 기술하기 바랍니다.
2286,1,"기존의 관행에 대해 ‘왜’라는 질문을 던지고, 새로운 아이디어를 제안하여 찬사를 받은 사건이나 경험에 대해 구체적으로 작성하시오."
2287,1,"본인이 기존과는 다른 방식을 시도하여 이전에 비해 조금이라도 개선했던 경험 중, 가장 효과적이었던 사례를 기술해 주시기 바랍니다.(최근 5년 이내 사례로 기술할 것) (1000자 이내)"
2288,1,"도전적인 목표를 정하고 열정적으로 일을 추진했던 경험을 구체적으로 기술해 주시기 바랍니다. 특히, 일을 추진해 나가는 데 있어서 어려웠던 점과 그 결과에 대해서 중점적으로 기술하시기 바랍니다. 또한, 직무관련 공모전 수상, 인턴 경험, 혹은 본인을 어필할 수 있는 특이 경험이 있다면 기재해 주시기 바랍니다. (1000자 아내)"
2289,1,"자신에게 주어졌던 일 중 가장 어려웠던 경험은 무엇이었습니까? 그 일을 하게 된 이유와 그때 느꼈던 감정, 진행하면서 가장 어려웠던 점과 그것을 극복하기 위해 했던 행동과 생각, 결과에 대해 최대한 구체적으로 작성해주십시오 (1000자)"
2290,1,"이제까지 가장 강하게 소속감을 느꼈던 조직은 무엇이었으며, 그 조직의 발전을 위해 헌신적으로 노력했던 것 중 가장 기억에 남는 경험은 무엇입니까? 개인적으로 더 많은 노력을 기울였던 일과 그 때 했던 행동과 생각, 결과에 대해 최대한 구체적으로 작성해 주십시오. (1000자)"
2291,1,"자신에게 요구된 것보다 더 높은 목표를 스스로 세워 시도했던 경험 중 가장 기억에 남는 것은 무엇입니까? 목표 달성 과정에서 아쉬웠던 점이나 그 때 느꼈던 자신의 한계는 무엇이고, 이를 극복하기 위해 했던 행동과 생각, 결과에 대해 최대한 구체적으로 작성해 주십시오. (1000자)"
2292,1,"기존과는 다른 방식을 시도하여 이전에 비해 조금이라도 개선했던 경험 중, 가장 효과적이었던 것은 무엇입니까? 그 방식을 시도했던 이유, 기존 방식과의 차이점, 진행 과정에서 했던 행동과 생각, 결과에 대해 최대한 구체적으로 작성해 주십시오. (1000자)"
2293,1,자기주도적으로 목표를 설정하여 끝까지 완수해낸 경험을 작성해 주세요. ① 설정한 목표와 이유 ② 그 과정에서 본인이 수행한 역할 ③ 해당 경험에서 발생한 문제점 및 해결방안 ④ 해당 경험을 통해 얻은 점 을 포함하여 작성해 주시기 바랍니다.
2294,1,자신에게 주어졌던 일 중 가장 어려웠던 경험들에 대해 기술하십시오. (1000자 이내)
2295,1,"본인이 살아오면서 가장 도전적이었던 경험은 무엇이며, 어떤 노력을 통해 성취했는지 기술하시오. (1000자 이내)"
2296,1,자신이 어려운 문제를 해결하여 조직의 일부 또는 전체에 상당히 긍정적인 결과를 가져온 경험에 대해 기술하여 주시기 바랍니다. [ 500자 이내 ]
2297,1,"지금까지 본인이 한 일 중에서 가장 창조적이고 혁신적인 것은 무엇이며, 이를 통해 어떤 변화가 있었는지 설명해 주십시오."
2298,1,코딩으로 해결했던 가장 인상적인 문제와 해결법을 설명해 주세요
2299,1,최근 5년 동안에 귀하가 성취한 일 중에서 가장 자랑할 만한 것은 무엇입니까?
2300,1,"예상치 못했던 문제로 인해 계획대로 일이 진행되지 않았을 때, 책임감을 가지고 적극적으로"
2301,1,기존의 방식이 아니라 창의력을 발휘하여 새롭게 문제를 해결했던 사례를 기술해 주십시오. (1000자 이내)
2302,1,"자신의 인생에서 가장 어려웠던 일, 또는 실패했던 경험과 그 당시 어떻게 대처했는지에 대해 기술해 주십시오. (1000자 이내)"
2303,1,최근 3년 내에 가장 큰 성취 경험에 대해 기술하시오.
2304,1,최근 3년 내에 가장 큰 실패 경험에 대해 기술하시오.
2305,1,"살면서 가장 강하게 소속감을 느꼈던 조직은 무엇이었으며, 그 조직의 발전을 위해 헌신적으로 노력했던 것 중 가장 기억에 남는 경험에 대해 기술하십시오 - 노력했던 사안에 대한 본인의 역할, 그 과정에서 했던 행동과 생각, 결과에 대해 최대한 구체적으로 작성 (1000자 이내)"
2306,1,"자신에게 주어졌던 일 중 가장 어려웠던 경험들에 대해 기술하십시오. - 반드시 2 개 이상의 경험을 기술 - 그 일을 하게 된 이유와 그때 느꼈던 감정, 진행하면서 가장 어려웠던 점과 극복하기 위해 했던 행동과 생각, 결과에 대해 최대한 구체적으로 작성 (1000자 이내)"
2307,1,살아오면서 가장 실패한 사례에 대하여 간략하게 기술하시고 그 사례를 통해 학습된 바를 기술해 주시기 바랍니다.
2308,1,"자신을 크게 변화시켰던 특별한 경험과, 이를 통해 무엇을 배웠는지를 설명하시오. (1000자 이내)"
2309,1,"과거의 경험 중 실패했던 경험과, 그 경험을 통해 얻은 것은 무엇인지 작성해 주십시오."
2310,1,자신이 어려운 문제를 해결하여 조직의 일부 또는 전체에 상당히 긍정적인 결과를 가져온 경험에 대해 기술하여 주시기 바랍니다. [ 1자 이상 500자 이내 ]
2311,1,"자신에게 요구된 것보다 더 높은 목표를 스스로 세워 시도했던 경험 중 가장 기억에 남는 것은 무엇입니까? 목표 달성 과정에서 아쉬웠던 점이나 그때 느꼈던 자신의 한계는 무엇이고, 이를 극복하기 위해 했던 행동과 생각, 결과에 대해 최대한 구체적으로 작성해 주십시오."
2312,1,"본인이 도전했던 여러 경험 중 가장 힘들었던 경험을 작성하고, 이를 통해 배운 점은 무엇이었는지 작성해주시기 바랍니다."
2313,1,호기심에서 발견되는 즐거움
2314,1,주저하지 않고 도전하였습니다
2315,1,"책임과 끈기, 팀워크를 발휘한 대표적인 최근 경험 두가지를 골라 본인의 구체적 행동과 결과 위주로 최대한 객관적인 입장에서 기술하시오."
2316,1,"[ 수많은 좌절, YES를 받아낸 열정 ]"
2317,1,도전적 목표를 제시하고 결과를 이루어냈던 경험 및 그 결과를 얻을 수 있었던 요인에 대하여 기술하여 주시기 바랍니다.
2318,1,본인이 타인과 차별화된 능력을 갖추기 위해 지속적으로 자기계발을 한 경험에 대해 기술해 주십시오.
2319,1,학업 외 가장 열정적이고 도전적으로 몰입하여 성과를 창출했거나 목표를 달성한 경험을 기술하시오. (1000자 이내)
2320,1,인턴 아르바이트 등 경제 활동 중 어려움을 겪엇던 사례를 제시하고 그것을 어떻게 극복하였으며 과정에서 느낀점이 무엇인지 구체적으로 작성해주시기 바랍니다. (1000자 이내)
2321,1,본인의 경험 중 지원한 직무와 관련하여 가장 특별하고 인상 깊었던 경험에 대해 구체적으로 기술해 주십시오. 글쓰기 전략 & 개요 영업 관리 직무와 관련하여 가장 특별하고 인상 깊었던 경험.
2322,1,살면서 가장 힘들었을 때는 언제인가요? (1000자 이내)
2323,1,"인그리디언코리아에게 소개하고싶은, 인생에서 가장 의미있었던 경험은 무엇인가요? (1000자 이내)"
2324,1,"어떤 문제점을 해결하기 위해 노력했던 경험 (과정, 결과, 느낌 등)에 대해 기술해 주시기 바랍니다."
2325,1,"도전(경험) 재학시절 가장 힘들었던 경험을 적고, 그것을 어떻게 극복했는지 적어주시기 바랍니다. (1000자 이내)"
2326,1,"새로운 방식을 시도하여 더 나은 결과를 달성한 경험에 대해 작성해 주십시오. 그 방식을 시도했던 이유와 실행 과정에서의 생각, 결과의 효과에 대해 구체적으로 작성"
2327,1,"제한된 자원(역량, 시간, 비용)에도 불구하고 더 높은 목표를 세워 열정적으로 도전했던 경험에 대해 작성해 주십시오. 목표를 설정한 이유와 내용, 과정상의 한계, 결과 등을 구체적으로 작성"
2328,1,자발적으로 찾아서 일을 처리해 본 경험을 작성해 보십시오. (1000자 이내)
2329,1,어떤 사안에 대해 객관적이고 과학적인 분석을 통해 문제를 해결한 경험을 작성해 보십시오. (1000자 이내)
2330,1,도전정신 혹은 창의성을 발휘하여 가치를 창출한 경험이 있으면 소개해 주시기 바랍니다.
2331,1,"자신에게 주어졌던 일 중 가장 해결하기 어려웠던 경험은 무엇입니까? 또한 그 난관을 극복하기 위해 어떠한 노력을 하였고, 그 결과는 어떠했는지 구체적으로 작성해 주십시오."
2332,1,자신의 창의적인 생각을 구체화하여 실행까지 옮겼던 경험을 서술해주세요.
2333,1,자신의 삶에서 가장 어려웠던 일을 극복한 경험을 서술해주세요.
2334,1,"고교시절 가장 잘한 것은 무엇이었으며, 스스로 어떠한 노력을 하였는지 기술하십시오. (300자)"
2335,1,"(학업 이외에) 본인이 경험한 경력사항 및 학내외 활동이 있다면 그 활동을 하게 된 계기는 무엇이었으며, 활동을 통해 무엇을 얻을 수 있었는지 기술하십시오. (300자)"
2336,1,"지금까지 살아오면서 가장 어렵고 힘들었던 일은 무엇이었으며, 그 일을 극복하기 위하여 어떠한 노력을 기울였는지 기술하십시오. (300자)"
2337,1,"지금까지 살아오면서 달성했던 가장 큰 목표는 무엇입니까? 그 목표를 어떤 이유로 정하였으며, 어떤 과정을 거쳐 달성 하였는지 구체적으로 기술하여 주십시오. (1000자 이내)"
2338,1,"지금까지 살아오면서 겪은 가장 큰 환경의 변화는 무엇입니까? 당시 심정은 어떠했으며, 어떤 방식으로 환경의 변화에 대처하였는지, 구체적으로 기술하여 주십시오. (1000자 이내)"
2339,1,"평소 개선이 필요하다고 느꼈던 것을 새롭게 바꿔 효과를 봤던 경험은 무엇입니까? 당시 상황은 어떠했으며, 개선과정과 결과물의 효용성은 어떠했는지 구체적으로 기술하여 주십시오. (1000자 이내)"
2340,1,"지금까지 나의 인생에서 가장 큰 열정을 가지고 추진하여, 성취하거나 실패한 경험을 기술해주세요. (1000자 이내)"
2341,1,"지금까지 살아오면서 새로운 문화나 낯선 환경에 처했던 경험과, 당시 적응을 위해 본인이 취했던 행동 또는 노력을 구체적인 사례를 들어 기술해주세요. (1000자 이내)"
2342,1,자신의 경험 중 어려웠다고 기억되는 일 3가지를 기술해 주세요. (각각 1개의 문장으로 기술) (1000자 10 단락 이내)
2343,1,위 3가지 어려웠던 일 중 하나를 선택하여 아래 질문에 답해 주세요.
2344,1,위 3가지 성취한 일 중 하나를 선택하여 아래 질문에 답해 주세요.
2345,1,자신의 인생에 가장 영향을 끼친 사건 3가지를 든다면? (각 80자)
2346,1,지금까지 리더십을 발휘했던 경험 중 팀 목표 달성의 관점에서 가장 보람되거나 기억에 남는 경험을 기술해 주시기 바랍니다.(1000자)
2347,1,학업이외에 가장 기억에 남는 교/내외 활동에 대해 구체적으로 기술해주세요. (1000자 이내)
2348,1,"대학생활 중 가장 뛰어난 성과를 거두었던 경험이 무엇이었으며, 그 과정에서 어떠한 노력을 하였고 무엇을 배웠는지 작성해주세요. (1000자 이내)"
2349,1,"귀하가 경험했던 가장 어려웠던 일이 무엇이었으며, 그것을 극복하기 위하여 어떤 노력을 하였고 결과가 어떠하였는지 작성해주세요. (1000자 이내)"
2350,1,불확실한 결과를 두려워하지 않고 도전하고 혁신한 최근 5년 이내의 사례와 성과에 대하여 구체적으로 기술해주시기 바랍니다.
2351,1,"본인을 크게 변화시켰던 특별한 경험과, 이를 통해 배운 점이 무엇인지 구체적으로 작성해주시기 바랍니다."
2352,1,타인과의 관계에 있어서 가장 크게 후회되었던 상황과 이를 극복하기 위해 노력한 점을 설명해 주십시오.
2353,1,"학창 시절 결과적으로 좋았던 선택과 좋지 않았던 선택은 각각 무엇이었고, 그 이유를 설명해 주십시오."
2354,1,"인턴, 아르바이트 등 경제(사회)활동 중 어려움을 겪었던 사례를 제시하고, 그것을 어떻게 극복하였으며, 과정에서 느낀 점이 무엇인지 구체적으로 작성해 주시기 바랍니다. (1000자 이내)"
2355,1,학업 외 가장 열정적이고 도전적으로 몰입하여 성과를 창출했거나 목표를 달성한 경험을 기술하시오* (1000자 이내)
2356,1,실패에 좌절하지 않고 끝까지 실행하여 성공한 경험을 구체적으로 작성하시오.
2357,1,"본인이 달성하지 못한 목표 중에서 다시 기회가 주어진다면 도전해보고 싶은 것은 무엇이며, 어떻게 그 목표를 달성할 것인지 구체적으로 기술하시오."
2358,1,"본인의 인생에서 가장 큰 성공은 무엇이며, 그것을 이루기 위해 어떠한 노력을 하였습니까?"
2359,1,"생애 최악의 순간을 기술하고, 극복하고자 했던 노력을 기술하여 주세요. (1000자 이내)"
2360,1,[자기소개서] 새로운 아이디어를 가지고 자신만의 창의적인 아이디어를 발휘하였던 경험이나 일상생활에서 보통 다른 사람들과 다르게 하고 있는 자신만의 독특한 행동방식이 있다면 이야기해 주십시오.
2361,1,"학창 시절 결과적으로 좋았던 선택과, 좋지 않았던 선택은 각각 무엇, 그렇게 생각하는 이유를 설명"
2362,1,"본인이 추구하는 인생의 궁극적인 목표가 무엇인지 기술하고, 목표를 달성하기 위해 어떤 노력을 했는지, 자신의 경험을 바탕으로 설명"
2363,1,살아오면서 가장 실패한 사례에 대하여 간략하게 기술하시고 그 사례를 통해 학습된 바를 기술해 주시기 바랍니다. (1000자 이내)
2364,1,② 새로운 분야로의 도전이나 처음 해보는 과제를 하면서 예상치 못한 어려움이나 문제를 해결한 경험을 구체적인 사례를 바탕으로 기술해 주십시오. ⓐ 어떤 문제였으며 해결하기 위한 방안은 무엇이었습니까? [250] ⓑ 어떠한 절차와 방법을 통해 방안을 도출하였습니까? [250] [400 Bytes 이상 1000 Bytes 이내 작성] *
2365,1,"③ 본인이 중요시하며, 최근 6개월 이상 일관되게 유지하고 있는 행동 원칙 하나를 구체적인 사례를 바탕으로 기술해 주십시오. ⓐ 어떤 행동을 얼마나 지속하고 있으며, 현재 학업이나 업무 또는 대인관계에 어떤 영향을 미치고 있습니까? ⓑ 그러한 원칙을 지속하는데 어려움은 무엇이었으며, 어떻게 극복하여 지속하고 있습니까? [400 Bytes 이상1000 Bytes 이내 작성] *"
2366,1,자신의 경험 중 어려웠다고 생각하는 일
2367,1,"어려운 경험 하나 택해서 왜 어려웠는지, 얻는 점은 무엇인지 설명"
2368,1,자신의 인생 중 성취했다고 생각하는 3가지
2369,1,"3가지 성취한 것 중 택 1, 하게된 이유, 노력, 중요했던 포인트"
2370,1,타인으로부터 큰 신뢰를 받은 경험이나 새로운 아이디어를 가지고 자신만의 창의적인 아이디어를 발휘하였던 경험을 기술해 주십시오. (1000자 이내)
2371,1,"성장과정:(2000자) 현재의 자신에게 가장 큰 영향을 끼친 인물과 이유 본인의 인생에서 가장 기억에 남는 경험 2개와 그 이유. 이 과정에서 본인이 취한 행동과 생각, 결과, 느끼고 배운 점"
2372,1,"자신에게 주어졌던 일 중 가장 어려웠던 경험:(1300자) 2개 이상의 경험 그 일을 하게 된 이유와 그때 느꼈던 감정, 진행하며 어려웠던 점과 그것을 극복하기 위해 했던 행동과 생각, 결과"
2373,1,도전적인 목표를 정하고 열정적으로 일을 추진했던 경험을 구체적으로 기술해 주십시오.(1000자이내)
2374,1,자신의 경험 중 어려웠다고 기억되는 일 3가지를 기술해주세요. (1000자 이내)
2375,1,자신의 인생에서 성취했다고 생각하는 일 3가지를 기술해 주세요. (각각 1개의 문장으로 기술)
2376,1,본인이 타인과 차별화된 능력을 갖추기 위해 지속적으로 자기계발을 한 경험에 대해 기술해 주십시오
2377,1,"도전적인 목표를 설정하고 이를 달성하기 위해 열정적으로 노력한 경험이 있다면, 그 목표를 설정하게 된 이유와 어떠한 노력으로 달성하게 되었는지 작성하시기 바랍니다."
2378,1,타인과 구별되는 자신만의 특별한 성취 경험에 대해 기술하여 주십시오
2379,1,도전정신 혹은 창의성을 발취하여 가치를 창출한 경험이 있으면 소개해 주시기 바랍니다.
2380,1,누구에게나 자랑할 만한 탁월한 성과를 이룬 경험을 구체적으로 소개해 주십시오.(1000자 이내)
2381,1,기존의 방식을 벗어나 새로운 도전을 시도한 사례를 구체적으로 소개해 주십시오.(1000자 이내)
2382,1,"어려운 일/과제가 주어졌을 때, 이를 완수하기 위해 몰입하고 노력한 경험을 구체적으로 소개해 주십시오.(1000자 이내)"
2383,1,창의적 사고/ 발상의 전환 혹은 창의적인 사고를 통해 문제를 해결하고 성과를 이룬 경험을 구체적으로 기술해 주시기 바랍니다. (1000자 이내)
2384,1,성공경험/ 지금까지 본인에게 가장 의미 있었던 성공 경험에 대해 구체적으로 기술해 주시기 바랍니다. (1000자 이내)
2385,1,일반적으로 경험하기 힘든 특별한 체험/남다른 성취 경험(1000자이내)
2386,1,어려운 조건을 극복한 사례와 얻은 교훈을 기술할 것. (군경험 제외) (1000자 이내)
2387,1,"자신에게 부여된 일을 달성하기 위해 어려움을 참고 극복했던 경험에 대해 서술하십시오. -자신에게 부여된 역할과 그것이 어려웠던 구체적인 이유가 드러나도록 할 것 -어려움을 참고 극복했던 방법을 구체적으로 기술할 것 -임무 완수를 통해 도출된 결과물을 밝히고, 구체적인 도출 과정을 제시할 것(1000자 이내)"
2388,1,"다양한 문제가 얽힌 문제 상황을 인식하고, 이를 전략적으로 해결한 경험에 대해 서술하시오. -문제를 인식하게 된 계기를 구체적으로 서술할 것 -문제 해결을 위한 전략 수립 과정을 구체적으로 서술할 것 -도출한 전략이 문제 해결에 미친 영향을 구체적으로 제시할 것 (700 자 10 단락 이내) (1000자 이내)"
2389,1,자신의 가장 자랑스러운 성공 경험과 그것을 이루려 했던 노력을 기술하여 주십시오.
2390,1,지금까지 성장 과정에서 가장 열정적으로 임한 활동과 그렇게 생각한 이유를 기술해 주십시오.
2391,1,성장과정에서 도전적인 목표를 설정하고 끈기 있게 실행하여 성과를 창출한 경험에 대하여 작성하여 주십시오.
2392,1,어떤 문제나 과제에 대해 기존의 방법과 다른 창의적인 방법으로 문제를 해결했던 경험에 대하여 작성하여 주십시오.
2393,1,"고교시절 가장 잘한 것은 무엇이었으며, 스스로 어떠한 노력을 하였는지 기술하십시오."
2394,1,"지금까지 살아오면서 가장 어렵고 힘들었던 일은 무엇이었으며, 그 일을 극복하기 위하여 어떠한 노력을 기울였는지 기술하십시오."
2395,1,"전체 전공학점의 평점을 작성하고, 가장 인상 깊었던 전공 수업은 무엇이며, 그 이유는 무엇인지 기술하세요."
2396,1,"자신에게 주어졌던 일 중 가장 해결하기 어려웠던 경험은 무엇이며, 그 난관을 극복하기 위해 어떠한 노력을 하였는지 기술하세요."
2397,1,자신만의 새로운 방식을 시도하여 더 나은 결과를 달성한 경험에 대해 작성해 주십시오.
2398,1,"제한된 자원(역량, 시간, 비용)에도 불구하고 더 높은 목표를 세워 도전했던 경험에 대해 작성해 주십시오."
2399,1,여러분이 열정과 책임감으로 한계를 극복하여 최고의 성과를 낸 경험에 대해 구체적으로 작성해 주세요.
2400,1,인생에서 가장 도전적인 경험 / 이를 통해 느낀 점
2401,1,"삶에서 겪었던 심각하고 어려운 문제에 대하여 간략하게 설명하고, 그 문제를 창의적인 생각과 상상력을 통해 해결한 사례를 기술해 주십시오. (1000자이내)"
2402,1,"여러분의 대학생활 중, 어려움을 이겨냈던 경험에 대해 설명해주세요. ①당시의 상황 ②느꼈던 감정과 자신이 취했던 행동 ③극복 과정과 결과를 포함하여 구체적으로 작성해주세요"
2403,1,"고교시절 가장 잘한 것은 무엇이었으며, 스스로 어떠한 노력을 하였는지 기술하십시오. [300]"
2404,1,"(학업 이외에) 본인이 경험한 경력사항 및 학내외 활동이 있다면 그 활동을 하게 된 계기는 무엇이었으며, 활동을 통해 무엇을 얻을 수 있었는지 기술하십시오. [300]"
2405,1,"지금까지 살아오면서 가장 어렵고 힘들었던 일은 무엇이었으며, 그 일을 극복하기 위하여 어떠한 노력을 기울였는지 기술하십시오. [300]"
2406,1,Nielsen이 지향하는 3가지 중요한 핵심가치 중 두 가지를 선택하여 지금까지의 학교/직장/개인 생활을 통하여 Nielsen의 핵심 가치와 부합하는 성공의 경험 ( 성취분야 ) 또는 실제적인 삶의 모습과 경험을 써 주십시오.
2407,1,"전공학습이나 소위 스펙쌓기와 무관한 일 중, 가장 흥미 있게 한 활동은 무엇이었는지와, 그 이유를 구체적으로 서술하세요. (1000자 이내)"
2408,1,"실패 혹은 위기를 극복한 경험을 기술하고 이를 통해 배운 점이 무엇인지, 또 이런 경험을 인생에서 어떻게 활용할 수 있을지 서술하세요. (1000자 이내)"
2409,1,지금까지 살아오면서 자신이 이루어낸 가장 큰 변화
2410,1,"본인이 현실과 타협하거나 편법을 사용하지 않고, 원칙대로 일관되게 일을 처리해서 좋은 결과를 이끌어 냈던 사례(최근 3년 이내)를 아래 세부 항목에 따라 구체적으로 작성하시오."
2411,1,경험사항을 다음 3가지 항목으로 기술해주십시오.
2412,1,"전공학습이나 소위 스펙쌓기와 무관한 일 중, 가장 흥미있게 한 활동은 무엇이었는지와, 그 이유를 구체적으로 서술하세요(1000자이내)"
2413,1,살아오면서 힘든 일을 겪게 될 때 힘이 되는 말이나 경험 등을 이유와 함께 기술하시오. (1000자이내)
2414,1,"예상치 못한 문제의 발생으로 계획대로 일이 진행되지 않았을 때 책임감을 가지고 적극적으로 문제를 해결한 경험과, 그 경험을 통해 얻은 것은 무엇인지 구체적으로 기술해 주십시오."
2415,1,본인이 참여하여 수행했던 프로젝트나 팀작업 중 어려움이 예상되었으나 도전정신을 발휘하여 몰입해 보았던 경험에 대해 기술하여 주십시오.(1000자 이내)
2416,1,까다로운 상대에게 효과적으로 대처했던 경험이 있다면 기술하여 주십시오.(1000자 이내)
2417,1,자기주도적으로 목표를 설정하여 끝까지 완수해낸 경험을 작성해 주세요. ① 설정한 목표와 이유 ② 그 과정에서 본인이 수행한 역할 ③ 해당 경험에서 발생한 문제점 및 해결방안 ④ 해당 경험을 통해 얻은 점을 포함하여 작성해 주시기 바랍니다.
2418,1,"본인이 가장 어려웠다고 생각하는 시기와 상황을 ‘간략히’ 설명하고, 이를 극복하기 위해 ‘노력’한 과정을 설명해 주십시오. (1000자 이내)"
2419,1,"본인이 참여하여 성공적으로 수행한 프로젝트에서 본인의 Role, 성공으로 이끈 요인을 기술해 주십시오."
2420,1,그 동안 본인의 삶에 있어서 가장 기억에 남는 일들을 가급적 상세하게 적어주세요
2421,1,"발상의 전환 혹은 창의적인 사고를 통해 문제를 해결하고 성과를 이룬 경험을 구체적으로 기술해 주시기 바랍니다. 추진목적, 진행 시 장애사항 및 극복 방법 등"
2422,1,"지금까지 본인에게 가장 의미 있었던 성공 경험에 대해 구체적으로 기술해 주시기 바랍니다. 추진목적, 진행 시 장애사항 및 극복 방법 등"
2423,1,"본인이 스스로 세웠던 목표 중 가장 기억에 남는 목표가 무엇이며, 목표달성을 위해 했던 생각과 행동, 결과 및 아쉬웠던 부분에 대해 최대한 구체적으로 기술하여 주세요."
2424,1,본인이 삶에서 겪었던 어려운 문제와 창조적인 생각으로 극복한 사례를 기술하시오. (1000자이내)
2425,1,"도전적이었던 과제(업무)나 새로운 문제에 직면했을 때, 특히, 짧은 시간안에 많은 정보를 수집해서 빠른 결정을 했어야 했던 경험 또는 다른 사람들이 시도해서 실패한 일을 성공적으로 이루어 낸 경험에 대해 기술해 주십시오. 목표한 바를 성취하는 데 어려움은 무엇이었으며, 어떤 행동과 노력을 통해 성취를 이루었는지 기술해 주십시오."
2426,1,"자신에게 요구된 것보다 더 높은 목표를 스스로 세워 시도했던 경험 중 가장 기억에 남는 것은 무엇입니까? 목표 달성 과정에서 아쉬웠던 점이나 그 때 느꼈던 자신의 한계는 무엇이고, 이를 극복하기 위해 했던 행동과 생각, 결과에 대해 최대한 구체적으로 작성해 주십시오. (1000자이내)"
2427,1,"기존과는 다른 방식을 시도하여 이전에 비해 조금이라도 개선했던 경험 중, 가장 효과적이었던 것은 무엇입니까? 그 방식을 시도했던 이유, 기존 방식과의 차이점, 진행 과정에서 했던 행동과 생각, 결과에 대해 최대한 구체적으로 작성해 주십시오. (1000자이내)"
2428,1,"지금까지 살아오면서 가장 어렵고 힘들었던 일은 무엇이었으며, 그 일을 극복하기 위하여 어떠한 노력을 기울였는지 기술하십시오. 347"
2429,1,"최근 5년 이내에 했던 경험 중 가장 많은 정보나 의견을 수집, 종합하고 이를 바탕을 문제를 해결했던 경험에 대해 구체적으로 서술하십시오."
2430,1,최근 5년 이내에 했던 경험 중 장애요인이 있었지만 이를 극복하기 위해 도전하고 노력했던 경험에 대해 구체적으로 서술하십시오.
2431,1,기존에 사용(활용)되던 방법을 개선하여 결과를 성공적으로 도출할 수 있었던 경험에 대해 구체적으로 서술하십시오
2432,1,달성하기 어려운 수준의 목표를 세우고 노력한 경험
2433,1,"다른 사람이 인식하지 못하는 문제점을 파악하고, 독창적인 방식으로 해결한 경험"
2434,1,도전정신 혹은 창의성을 발휘하여 가치를 창출한 경험이 있으면 소개해 주시기 바랍니다. (1000자이내)
2435,1,본인이 가장 성취감을 느꼈던 경험에 대해 기술
2436,1,창의적인 사고와 도전정신을 발휘하여 성취를 이뤄낸 사례가 있다면 기술하시오
2437,1,귀하가 살아오면서 '목표를 정하고 노력한 경험(실패 또는 성공)'이 있다면 무엇인지 기술하십시오. (1000자이내)
2438,1,예상치 못했던 문제로 인해 계획대로 일이 진행되지 않았을 때 책임감을 가지고 적극적으로 끝까지 업무를 수행해내어 성공적으로 마무리했던 경험이 있으면 기술해 주십시오. (1000자이내)
2439,1,"예상치 못한 문제의 발생으로 계획대로 일이 진행되지 않았을 때, 책임감을 가지고 적극적으로 문제를 해결한 경험과, 그 경험을 통해 얻은 것은 무엇인지 구체적으로 기술해 주십시오"
2440,1,본인이 이룬 가장 큰 성취경험과 실패경험에 대하여(1000자이내)
2441,1,"현재까지 가장 이루고 싶었던 일은 무엇이고, 그 이유, 달성하기 위해 구체적으로 했던일, 결과 및 느낀점을 설명해 주세요."
2442,1,가장 큰 성취감을 느꼈던 사건에 대해서 소개해주세요. 그 일을 시작하게 된 동기와 과정 중에 발생한 문제 등에 대해서 작성 (1000자이내)
2443,1,"본인의 삶 중 본인의 성장에 가장 중요한 계기가 된 경험을 구체적인 근거를 통해 기술하고, 이를 바탕으로 지속적인 성장 및 유지를 위해 노력하였던 경험을 구체적으로 기재해 주십시오.(1000자)"
2444,1,새로운 문제에 대해 기존에 없던 혹은 이전과 다른 방식으로 문제를 해결했던 경험을 구체적인 사례로 기술해 주시기 바랍니다.
2445,1,"본인이 현실과 타협하거나 편법을 사용하지 않고, 원칙대로 일을 처리해서 좋은 결과를 이끌어 냈던 구체적인 사례를 기술해 주시기 바랍니다."
2446,1,"본인의 삶중 본인의 성장에 가장 중요한 계기가 된 경험을 구체적인 근거를 통해 기술하고, 이를 바탕으로 지속적인 성장 및 유지를 위해 노력하였던 경험을 구체적으로 기재해 주십시오"
2447,1,"자기주도적으로 목표를 설정하여 끝까지 완수해낸 경험을 작성해 주세요. ① 설정한 목표와 이유 ② 그 과정에서 본인이 수행한 역할 ③ 해당 경험에서 발생한 문제점 및 해결방안 ④ 해당 경험을 통해 얻은 점을 포함하여 작성해 주시기 바랍니다. [1,000자] 직무와 무관하여도 상관없습니다.)"
2448,1,사회활동 : 학업이외에 관심과 열정을 가지고 했던 다양한 경험 중 가장 기억에 남는 것을 구체적으로 적으시오
2449,1,"지금까지 나의 인생에서 가장 큰 열정을 가지고 추진하여, 성취하거나 실패한 경험을 기술해주세요."
2450,1,"지금까지 살아오면서 새로운 문화나 낯선 환경에 처했던 경험과, 당시 적응을 위해 본인이 취했던 행동 또는 노력을 구체적인 사례를 들어 기술해주세요."
2451,1,"지금까지 본인이 한 일 중에서 가장 창조적이고 혁신적인 것은 무엇이며, 이를 통해 어떤 변화가 있었는지 설명해 주십시오.(각종 공모전 제외) [650자]"
2452,1,살아오면서 가장 열정을 갖고 도전한(또는 도전하고 싶은) 관심분야에 대해 서술해주세요.
2453,1,(자유양식)학교생활 동안 남들과 다른 특별한 경험을 함으로서 얻게 된 성취감이 있으면 기재 하시오.
2454,1,"본인이 지금까지 가장 강하게 소속감을 느꼈던 조직은 무엇이었으며, 그 조직의 발전을 위해 헌신적으로 노력했던 것 중 가장 기억에 남는 경험은 무엇입니까? (1000자이내)"
2455,1,도전적인 목표를 정하고 열정적으로 일을 추진했던 경험을 하기 내용을 포함하여 구체적으로 작성해주시기 바랍니다. (1000자이내)
2456,1,본인의 성장과정에서 가장 큰 성공과 실패의 경험 및 그러한 경험을 통해 깨닫게 된 점 혹은 변화하게 된 점에 대하여 구체적으로 기술하시오. [ 200자 이상 400자 이내 ]
2457,1,대학생활 중 성과를 냈거나 실패를 했던 경험에 대해 자세히 기술해 주세요. (1000자이내)
2458,1,"자신에게 부여된 일을 달성하기 위해 어려움을 참고 극복했던 경험에 대해 서술하십시오. -자신에게 부여된 역할과 그것이 어려웠던 구체적인 이유가 드러나도록 할 것 -어려움을 참고 극복했던 방법을 구체적으로 기술할 것 -임무 완수를 통해 도출된 결과물을 밝히고, 구체적인 도출 과정을 제시할 것 (1000자이내)"
2459,1,"다양한 문제가 얽힌 문제 상황을 인식하고, 이를 전략적으로 해결한 경험에 대해 서술하시오. -문제를 인식하게 된 계기를 구체적으로 서술할 것 -문제 해결을 위한 전략 수립 과정을 구체적으로 서술할 것 -도출한 전략이 문제 해결에 미친 영향을 구체적으로 제시할 것 (1000자이내)"
2460,1,"예상치 못한 문제와 발생으로 계획대로 일이 진행되지 않았을 때, 책임감을 가지고 적극적으로 문제를 해결한 경험과, 그 경험을 통해 얻은 것은 무엇인지 구체적으로 기술해 주십시오."
2461,1,어떤 사안에 대해 사전에 고려해야 할 사항을 미리 챙기며 문제를 해결해 본 경험을 작성해 보십시오.
2462,1,대학생활 중 성과를 냈거나 실패를 했던 경험에 대해 자세히 기술해 주세요. [500자]
2463,1,"대학생활 중, 어려움을 극복했던 경험을 구체적으로 작성해 주세요. (1000자) ① 상황에 대한 설명, ② 어려움을 극복하기 위해 노력했던 과정 및 결과, ③ 해당 경험을 통해 배운 점"
2464,1,가장 힘들었던 순간과 이를 극복한 과정에 대해 기술하여 주십시오. (600자 이내)
2465,1,"전공학습이나 소위 스펙쌓기와 무관한 일 중, 가장 흥미있게 한 활동은 무엇이었는지와, 그 이유를 구체적으로 서술하세요 (600자)"
2466,1,"실패 혹은 위기를 극복한 경험을 기술하고 이를 통해 배운점이 무엇인지, 또 이런 경험을 인생에서 어떻게 활용할 수 있을지 서술하세요(600자)"
2467,1,"열정을 가지고 몰입했던 경험, 창의적인 아이디어를 가지고 목표를 이루어낸 경험, 가장 힘들었던 경험과 그것을 통해 깨달은 점 중 한가지를 선택하여 구체적으로 기술해 주십시오."
2468,1,"삶에서 겪었던 심각하고 어려운 문제에 대하여 간략하게 설명하고, 그 문제를 창의적인 생각과 상상력을 통해 해결한 사례를 기술해 주십시오. (800자)"
2469,1,[성취지향성 및 문제해결] 최근 5년 이내에 수행할 시간이 절대적으로 부족했거나 해결하기 어려웠던 과제를 성공적으로 수행한 경험에 대하여 기술하여 주십시오.
2470,1,열정적 도전으로 성취감을 느꼈거나 또는 실패를 경험한 사례 기술(1000자 이내)
2471,1,"달성하기 어려운 수준의 목표를 세우고, 목표를 달성하기 위해 노력한 경험에 대해서 서술하시오"
2472,1,"다른사람이 인식하지 못하는 문제점을 파악하고, 자신만의 독창적인 방법으로 문제를 해결한 경험에 대해 서술하시오"
2473,1,자신에게 주어졌던 일 중 가장 도전적이었던 일과 극복방안에 대해 기재하시오
2474,1,귀하가 경험한 일 중 ‘소개하고 싶은 경험’을 약술하십시오. (200자)
2475,1,귀하가 살아오면서 ‘목표를 정하고 노력한 경험(실패 또는 성공)’이 있다면 무엇인지 기술하십시오. (600자)
2476,1,과거 타인과의 인간관계에서 가장 힘들었던 갈등상황과 이를 슬기롭게 극복할 수 있었던 본인의 전략 및 노하우에 대해 기술하시오. (600자 이내)
2477,1,사회활동 : 본인이 했던 경험중에서 가장 성취감을 느꼈던 경우에 대해서 자신의 역할 및 성과를 중심으로 구체적으로 기술해주세요.
2478,1,학업 외 가장 열정적이고 도전적으로 몰입하여 성과를 창출했거나 목표를 달성한 경험을 기술하시오. [1000자]
2479,1,가장 큰 성취감을 느꼈던 사건에 대해서 소개해주세요. 그 일을 시작하게 된 동기와 과정 중에 발생한 문제 등에 대해서 작성해 주세요.[500-1200자]
2480,1,그 결과는 어땠습니까?(300자)
2481,1,"기존의 반식이나 현상에 대해 문제의식을 갖고, 새로운 방식이나 독특한 아이디어를 반영한 구체적인 경험, 자신의 행동,결과 등을 아래질문을 감안하여 기술하여주십시오."
2482,1,반영된 결과는 어떠했습니까?(400자)
2483,1,그 상황에서 자신의 어떠한 부분이 부족했습니까? 부족한 부분의 보완을 위한 자신의 행동과 노력에는 어떤 것이 있습니까?(400자)
2484,1,그 경험에서 목표를 이해하고 공유하려 했던 행동과 노력에는 어떤 것이 있습니까?(300자)
2485,1,"조직 또는 집단에서 가장 도전적인 목표를 세우고 성취해낸 구체적인 경험, 자신의 행동, 결과 등을 아래 질문을 감안하여 기술하여주십시오."
2486,1,그 목표를 성취하기 위해 실제로 당신이 취한 행동은 무엇입니까? 그 행동의 결과는 어떠했습니까?(300자)
2487,1,살아오면서 큰 장애물이나 난관에 부딪혔던 경험과 이를 극복하기 위해 본인이 기울인 노력과 결과에 대해 아래질문을 감안하여 기술하여주십시오
2488,1,그 상황에서 취했던 행동과 노력에는 어떤것이 있습니까?(300자)
2489,1,그 결과는 어떠했습니까?(200자)
2490,1,그 상황에서 취했던 행동과 노력에는 어떤 것이 있습니까?(300자)
2491,1,이제까지 살아오면서 자신이 정말 해보고 싶은 것을 하느라고 다른 것을 포기했던 경험에 대해 기술해주세요
2492,1,"목표한대로 되지 않아서 낙심하고 좌절할 만한 상황이었지만, 그 상황을 잘 극복했던 경험을 기술해 주세요"
2493,1,도전적인 목표를 세우고 노력한 경험
2494,1,새로운 아이디어를 제안한 경험
2495,1,최고 수준의 목표를 설정하고 이를 추진하여 성공했던 경험을 구체적으로 작성하시오.
2496,1,단점을 극복한 경험에 대해 설명해 주십시오. (본인이 자유로이 질문을 정하는 문항)
2497,1,"달성하기 어려운 수준의 목표를 세우고, 목표를 달성하기 위해 노력한 경험에 대해서 기술하시오"
2498,1,"다양한 의견이나 정보를 자신의 기준으로 분석 / 판단하고, 이를 바탕으로 문제를 해결했던 경험에 대해서 서술하시오"
2499,1,"이제까지 가장 강하게 소속감을 느꼈던 조직은 무엇이었으며, 그 조직의 발전을 위해 헌신 적으로 노력했던 것 중 가장 기억에 남는 경험은 무엇입니까? 개인적으로 더 많은 노력을 기울였던 일과 그 때 했던 행동과 생각, 결과에 대해 최대한 구체적으로 작성해 주십시오."
2500,1,"기존과는 다른 방식을 시도하여 이전에 비해 조금이라도 개선했던 경험 중, 가장 효과적이 었던 것은 무엇입니까? 그 방식을 시도했던 이유, 기존 방식과의 차이점, 진행 과정에서 했던 행동과 생각, 결과에 대해 최대한 구체적으로 작성해 주십시오."
2501,1,"본인의 삶 중 본인의 성장에 가장 중요한 계기가 된 경험을 구체적인 근거를 통해 기술하고, 이를 바탕으로 지속적인 성장 및 유지를 위해 노력하였던 경험을 구체적으로 기재해 주십시오. * [0자 이상 1000자 이내]"
2502,1,"[문제해결능력] 이전에 없던 혹은 이전과는 다른 방식으로 문제를 해결하고자 했던 경험에 대해 구체적으로 기술해 주십시오. 당시 발생한 문제상황과 그에 대한 본인의 문제해결방안은 무엇이었으며, 그러한 방안을 실행에 옮기기 위해 어떠한 노력을 기울였는지 구체적으로 기술해 주십시오."
2503,1,성장과정에서 도전적인 목표를 설정하고 끈기 있게 실행하여 성과를 창출한 경험에 대하여 작성하여 주십시오. ( 500자 이내 )
2504,1,어떤 문제나 과제에 대해 기존의 방법과 다른 창의적인 방법으로 문제를 해결했던 경험에 대하여 작성하여 주십시오. ( 500자 이내 )
2505,1,"자신이 어떠한 일에 가장 크게 몰입해서 `재미있고 즐겁게`했던 경험에 대해 기술하세요. -몰입하게 된 이유, 그 과정에서 얻은 점과 잃은 점"
2506,1,스트레스 상황 또는 포기하고 싶었던 상황에서 업무(학업)를 처리(수행)했던 경험에 대해 기술하시오
2507,1,"[진취적 성향] 자신에게 주어진 일이나 과제를 수행하는데 있어, 고정관념을 깨고 창의적으로 문제를 해결했던 사례에 대해 구체적으로 기술하시오."
2508,1,"예상치 못했던 문제로 인해 계획대로 일이 진행되지 않았을 때, 책임감을 가지고 적극적으로 끝까지 업무를 수행해내어 성공적으로 마무리했던 경험이 있으면 서술해 주십시오"
2509,1,"개인적인 어려움과 희생을 각오하고 윤리적, 도덕적으로 행동했던 경험이 있다면 서술해 주십시오"
2510,1,"본인의 삶중 본인의 성장에 가장 중요한 계기가 된 경험을 구체적인 근거를 통해 기술하고, 이를 바탕으로 지속적인 성장 및 유지를 위해 노력하였던 경험을 구체적으로 기재해 주십시오. * [0자 이상 1000자 이내]"
2511,1,본인이 그러한 핵심가치를 발휘한 사례를 경험에 비추어 기술하여 주십시오
2512,1,"본인의 지식이 부족하다고 느낀 부분은 어떠한 부분이었으며, 이 부족함을 채우기 위해 어떤 자기계발을 진행 하였나요?"
2513,1,자기계발 이후 해당 업무(또는 학습)수행에 어떠한 변화기 발생했는지 기술해 주십시오.
2514,1,최근 5년 이내에 수행할 시간이 절대적으로 부족했거나 해결하기 어려웠던 과제를 성공적으로 수행한 경험에 대해 기술하여 주십시오.
2515,1,"과제 수행 시 발생한 장애요인을 나열하고, 이를 극복하기 위한 본인의 노력을 서술하여 주십시오."
2516,1,"과제를 수행한 결과가 어떠했는지, 과제 수행 이후 본인에게 어떠한 변화가 있었는지 기술하여 주십시오."
2517,1,"지금까지 겪은 가장 의미 있는 경험을 들고, 그 이유와 그 일이 본인에게 미친 긍정적 영향에 관하여 기술하여 주십시오."
2518,1,"인턴, 아르바이트 등 경제(사회)활동 중 어려움을 겪었던 사례를 제시하고, 그것을 어떻게 극복하였으며, 과정에서 느낀 점이 무엇인지 구체적으로 작성해 주시기 바랍니다. [700자 이내]"
2519,1,새로운 방법이나 아이디어를 제안하고 시도하여 성공하거나 실패했던 경험을 구체적으로 기술해 주십시오.
2520,1,과거 타인과의 인간관계에서 가장 힘들었던 갈등상황과 이를 슬기롭게 극복할 수 있었던 본인의 전략 및 노하우 [500자]
2521,1,"자신에게 주어졌던 일 중, 가장 어려웠던 경험은 무엇이었습니까? 그 일을 하게 된 이유와 그때 느꼈던 감정, 진행하면서 가장 어려웠던 점과 그것을 극복하기 위해 했던 행동과 생각, 결과에 대해 구체적으로 작성.(1000자/10단락)"
2522,1,"이제까지 가장 강하게 소속감을 느꼈던 조직은 무엇이었으며, 그 조직의 발전을 위해 헌신적으로 노력했던 것 중 가장 기억에 남는 경험은 무엇입니까? 개인적으로 더 많은 노력을 기울였던 일과 그 때 했던 행동과 생각, 결과에 대해 최대한 구체적으로 작성.(1000자/10단락)"
2523,1,"자신에게 요구된 것보다 더 높은 목표를 스스로 세워 시도했던 경험 중 가장 기억에 남는 것은 무엇입니까? 목표 달성 과정에서 아쉬웠던 점이나 그 때 느꼈던 자신의 한계는 무엇이고, 이를 극복하기 위해 했던 행동과 생각, 결과에 대해 최대한 구체적으로 작성.(1000자/10단락)"
2524,1,"기존과는 다른 방식을 시도하여 이전에 비해 조금이라도 개선했던 경험 중, 가장 효과적이었던 것은 무엇입니까? 그 방식을 시도했던 이유, 기존 방식과의 차이점, 진행 과정에서 했던 행동과 생각, 결과에 대해 최대한 구체적으로 작성.(1000자/10단락)"
2525,1,본인의 삶에서 새로운 관점으로 변화와 도전을 추구한 경험 및 그 경험을 통해 배운 점을 작성해 주십시오
2526,1,"본인이 살아오면서 가장 강렬히 성취하고 싶었던 일은 무엇입니까? 그 일을 꼭 성취하고 싶었던 이유, 이를 달성하기 위해 구체적으로 했던 일, 그리고 그 결과와 느꼈던 점을 포함하여 상세히 기술하십시오."
2527,1,"개인적인 어려움과 희생을 각오하고 윤리적, 도덕적으로 행동했던 경험이 있다면 서술해 주십시오."
2528,1,본인이 이룬 가장 큰 성취경험과 실패경험에 대하여(100~500자)
2529,1,최근에 이룬 업적 중에서 가장 열정적으로 에너지를 기울였던 경험에 대해서 구체적으로 기술해 주시기 바랍니다. [ 300자 이상 700자 이내 ]
2530,1,새로운 아이디어를 제시하고 이를 실현시키기 위해 노력했던 사례에 대해 구체적으로 기술해주시기 바랍니다. [ 300자 이상 700자 이내 ]
2531,1,최근 3년 내 겪었던 가장 어려웠던 상황에서 문제를 효과적으로 해결했던 경험에 대해 구체적으로 기술해 주시기 바랍니다.
2532,1,귀하가 살아오면서 가장 도전적이고 열정적으로 임했던 일과 그 일을 통해서 이룬 것에 대해 서술해 주십시오. [600자]
2533,1,"예상치 못했던 문제로 인해 난관에 부딪혔을 때, 이전에 없던 혹은 이전과는 다른 방식으로 문제를 해결하고자 했던 경험에 대해 기술해 주십시오. [500자 이내]"
2534,1,"현실에 안주하지 않고, 더 나은 방향으로 변화하고자 노력했던 경험을 작성해 주십시오."
2535,1,도전적인 목표를 정하고 열정적으로 일을 추진했던 경험을 구체적으로 기술해 주시기 바랍니다. [100자~500자]
2536,1,최근 5년 이내 자신의 부족한 점을 보완하기 위해 6개월 이상의 지속적인 노력을 기울였던 경험에 대해 작성하여 주십시오(1000자)
2537,1,인생을 살면서 주인의식 및 책임감을 갖고 행동하였던 경험을 작성해 주십시오. [공백포함 500자 이내]
2538,1,누구에게나 자랑할 만한 탁월한 성과를 이룬 경험을 기술하여 주십시오.
2539,1,기존의 방식을 벗어난 새로운 도전을 시도한 사례를 구체적 으로 소개해 주십시오.
2540,1,"어려운 일/과제가 주어졌을 때, 이를 완수하기 위해 몰입하고 노력한 경험을 구체적으로 소개해 주십시오."
2541,1,여러분이 열정과 책임감으로 한계를 극복하여 최고의 성과를 낸 경험에 대해 다음 내용을 포함하여 구체적으로 작성해 주세요. ① 상황에 대한 설명 ② 한계를 극복하기 위해 노력했던 과정 및 결과 ③ 배운 점
2542,1,"특별한 아이디어나 방법을 도입해 상황을 개선하거나 성과를 거둔 경험이 있다면, 그러한 행동을 하게 된 계기와 본인의 역할을 중심으로 기술하시기 바랍니다."
2543,1,"귀하의 입시경험을 예로 들어, 목표의 수립, 목표달성을 위한 전략적 방향설정, 실제 실행하는 과정에서의 어려움 극복과정 등이 다른 사람들과 어떻게 달랐는지를 구체적으로 설명해주시기 바랍니다."
2544,1,기존과는 다른 방식을 시도하여 이전에 비해 개선했던 경험에 대해 구체적으로 작성해 주시기 바랍니다.
2545,1,"본인 스스로 관심을 가지고 어떤 분야에 도전하여 무언가를 성취했던 경험이 있다면, 그 노력과 결과에 대해 서술해 주십시오"
2546,1,"본인이 해결하였던 문제 중, 남들과 다르게 창의적이고 기발한 방법으로 돌파구를 찾아 해결했던 경험에 대해 서술해 주십시오"
2547,1,자신이 이룬 가장 큰 성취 [200byte 이상 1200byte 이내]
2548,1,"학교생활 또는 교내·외 사회활동, 봉사활동 등 경험 중에서 본인에게 닥친 어려움이나 난관을 극복하기 위해 노력했던 경험을 기술하십시오. 본인에게 닥친 임무(난관)는 무엇이었으며, 어떤 내용인지 구체적인 장소, 인물, 시간 등을 기록하십시오. (500 byte 이내)"
2549,1,원인을 파악하고 난관을 해결하기 위하여 본인이 취했던 행동은 무엇입니까? (500 byte 이내)
2550,1,"그 노력의 결과로 문제는 해결되었습니까? 결과(성공, 실패)의 이유와 개인적으로 습득한 교훈 등에 대하여 기술해보십시오. (500 byte 이내)"
2551,1,지금까지 이룬 업적 중에서 본인이 가장 보람을 느꼈던 일은 무엇이었습니까? [고시 또는 자격증 취득을 위한 준비 제외] 어떤 상황이었는지 구체적으로 예를 들어 설명해 주십시오. (500 byte 이내)
2552,1,"그때 본인에게 주어졌던 책임이나 역할은 무엇이었으며, 그 역할을 잘 수행하기 위해서 어떤 행동이나 활동을 했는지 구체적으로 설명해 주십시오. (500 byte 이내)"
2553,1,"이러한 본인의 노력과 행동을 통해서 나타난 결과는 무엇이었으며, 왜 본인에게 의미 있는 일이었습니까? 그 결과를 통해 개인적으로 습득한 것은 무엇입니까? (500 byte 이내)"
2554,1,살아오면서 가장 인상 깊었거나 본인에게 큰 영향을 끼친 경험을 3가지를 적어주십시오.(성공경험/실패경험/단체경험)
2555,1,"상단에 입력한 경험에 대해 상세히 기술해 주시기 바랍니다. 구체적으로 본인이 수행한 활동 내용, 소속 조직이나 활동에서의 역할, 활동 결과에 대해 작성해주시기 바랍니다.(300자 이내)"
2556,1,본인이 실패했던 사례와 이러한 실패를 극복한 경험에 대해 기술하세요. (300자 이내)
2557,1,"자신에게 주어졌던 일중 가장 해결하기 어려웠던 경험은 무엇입니까? 또한 그 난관을 극복하기위해 어떠한 노력을 하였고, 그 결과는 어떠했는지 구체적으로 작성해 주십시오."
2558,1,3순위로 선택한 역량(의사소통)을 강화하고자 노력했던 경험을 구체적으로 작성해 주세요.
2559,1,"예상치 못했던 문제로 인해 난관에 부딪혔을 때, 이전에 없던 혹은 이전과는 다른 방식으로 문제를 해결하고자 했던 경험에 대해 기술해 주십시오."
2560,1,감당하기 어려운 일을 맡았지만 끝까지 완수하기 위해 노력했던 경험에 대해 서술해주십시오.
2561,1,기존의 업무나 과정이 비효율적이라고 판단하여 자신만의 체계나 기준을 세워 문제를 해결한 경험에 대해 서술하시오.
2562,1,지금까지 본인의 업무 또는 작업과 관련해서 정직하게 행동했던 경험에 대해 기술해 주십시오.
2563,1,"지금까지 살아오면서 자신이 기술을 적용하여 서비스, 업무과정 또는 생산성을 향상시켰던 경험을 서술해 주십시오."
2564,1,최근 5년동안 본인이 성취한 일 중에서 가장 자랑할 만한 것은 무엇입니까? 그것을 성취하기 위하여 어떤 일을 하였습니까?
2565,1,본인이 이룬 가장 큰 성취경험과 실패경험을 기술하시오.
2566,1,"인생에서 가장 힘들었던 순간 또는 사건은 무엇이었으며, 이를 어떻게 극복했는지 구체적으로 기술하여 주십시오. [ 200자 이상 600자 이내 ]"
2567,1,"지금까지 가장 열정을 가지고 수행했던 일은 무엇이며, 그 일을 통해 배운 것이 무엇인지 기술하여 주십시오. [ 200자 이상 600자 이내 ]"
2568,1,귀하가 최근 3년 이내에 본인의 부족한 부분을 발견하고 체계적인 과정이나 절차를 통해 극복한 경험이 있다면 구체적으로 그 과정과 결과에 대하여 기술하여 주십시오. (400자 이내)
2569,1,자신이 가진 열정을 발휘하여 성취감을 느꼈던 경험을 기술하십시오 (600자)
2570,1,관심있는 주제를 프로젝트로 진행했던 경험
2571,1,최근 5년이내에 수행할 시간이 절대적으로 부족했거나 해결 하기 어려웠던 과제를 성공적으로 수행한 경험에 대하여 기술하여 주십시오.
2572,1,개인프로젝트의 도전!
2573,1,"최근 5년 이내에 했던 경험 중 가장 많은 정보나 의견을 수집, 종합하고 이를 바탕으로 문제를 해결했던 경험에 대해 구체적으로 서술하십시오. (700 자 10 단락 이내)"
2574,1,최근 5년 이내에 했던 경험 중 장애요인이 있었지만 이를 극복하기 위해 도전하고 노력했던 경험에 대해 구체적으로 서술하십시오. (700 자 10 단락 이내)
2575,1,기존에 사용(활용)되던 방법을 개선하여 결과를 성공적으로 도출할 수 있었던 경험에 대해 구체적으로 서술하십시오. (700 자 10 단락 이내)
2576,1,[My Story] 도전적인 목표를 정하고 열정적으로 일을 추진했던 경험을 구체적으로 기술해 주십시오 (500자)
2577,1,최근 3년 이내에 가장 도전적인 목표를 세우고 구체적인 성과를 냈던 경험이 있다면 그 과정과 결과에 대하여 기술해주십시오 [500자 이내 ]
2578,1,"본인이 이뤄냈던 가장 뛰어난 성과에 대해, 그 일을 시작한 계기와 노력과정 및 구체적인 성과를 기술해 주십시오 (400자)"
2579,1,"지금까지 살아오면서 도전했던 경험 중 가장 큰 도전을 구체적으로 설명하고 도전 결과 성공했다면 성공의 이유, 실패했다면 얻은 교훈을 설명하시오.[500자]"
2580,1,"다른 사람이 인식하지 못하는 문제점을 파악하고, 자신 만의 독창적인 방법으로 문제를 해결한 경험에 대해 서술하시오. 에 대한 구체적 내용/ 해결된 상황이나 결과물의 내용이 객관적으로 드러나도록 서술)"
2581,1,다양한 의견이나 정보를 자신의 기준으로 분석/ 판단하고 이를 바탕으로 문제를 해결했던 경험에 대하여 서술하시오.
2582,1,학업이외에 가장 기억에 남는 교/내외 활동에 대해 구체적으로 기술해주세요.(800자 16줄 이내)
2583,1,학업 과제 수행이나 업무 수행 중에 예상치 못한 문제를 해결해본 경험이 있습니까? 그 문제를 해결하기 위해 어떠한 과정을 거쳤으며 어떠한 점에서 그 해결책이 효과적이었는지를 기술하여 주십시오. (500자)
2584,1,간절히 원하던 것을 성취했던 경험을 기술해 주세요. [500자]
2585,1,새로운 방법이나 아이디어를 제안하고 시도하여 성공하거나 실패했던 경험을 구체적으로 기술해 주십시오.(300자 이내)
2586,1,학창시절 가장 즐거웠던 기억에 대해 구체적으로 서술해 주십시오.
2587,1,그 상황에서 취했던 행동과 노력에는 어떤 것이 있습니까?
2588,1,그 결과는 어떠했습니까?
2589,1,반영된 결과는 어떠했습니까?
2590,1,그 상황에서 자신의 어떠한 부분이 부족했습니까? 부족한 부분의 보완을 위한 자신의 행동과 노력에는 어떤 것이 있습니까?
2591,1,최근에 문제를 개선·해결하기 위해 아이디어를 제시했던 경험에 대해 생각해 보시기 바랍니다.
2592,1,최근 본인이 심적·체력적·환경적으로 한계에 부딪혔던 상황에 대해 생각해 보시기 바랍니다.
2593,1,학업 및 경력 중 가장 몰입했던 경험 세 가지와 중소기업진흥공단을 지원하게 된 동기에 대해 기술해주십시오.
2594,1,"학업 과제 수행이나 업무 내용 중에 가장 어렵거나 힘들었던 문제가 무엇이었습니까? 해당 문제 상황에 대해 간략하게 설명하고, 그 문제를 해결하기 위해 어떠한 과정을 거쳤으며 어떠한 점에서 그 해결책이 효과적이었다고 생각하는지 아래 항목에 따라 기술해주십시오."
2595,1,본인의 삶에서 새로운 관점으로 변화와 도전을 추구한 경험 및 그 경험을 통해 배운 점을 작성해 주십시오. [1000자 이내]
2596,1,사회활동 : 학업 이외에 관심과 열정을 가지고했던 다양한 경험 중 가장 기억에 남는 것을 구체적으로 기술해주세요.
2597,1,"지금까지 자신이 다른 사람에게 설명해야 했던 가장 복잡하거나 어려웠던 아이디어, 상황 또는 경험에 대해 기술해 주십시오"
2598,1,귀하만의 특별한 경험(성공 혹은 실패)을 서술하십시오.
2599,1,본인이 경험했던 일 중 가장 열정을 쏟아서 성과를 냈던 사례와 그 원인에 대해서 5W1H에 맞춰 구체적으로 기술하시오.
2600,1,"자신의 강점과 강점을 강화하기 위한 노력, 단점과 단점을 고치기 위한 사례"
2601,1,기존과는 차별화된 방식으로 성공적인 결과를 얻은 경험
2602,1,"자신에게 주어졌던 일 중 가장 어려웠던 경험과 극복하기 위한 노력, 배운점"
2603,1,"예상치 못했던 일이 발생하여 계획대로 진행되지 않았을 때, 책임감을 가지고 끝까지 수행하여 타인으로부터 신뢰를 얻었던 경험이 있다면 구체적으로 기술해 주시기 바랍니다."
2604,1,도전적인 목표를 정하고 열정적으로 일을 추진했던 경험을 구체적으로 기술해 주시기 바랍니다. ( 100~500자)
2605,1,본인의 가장 기뻤던 성공경험 또는 가장 쓰라렸던 실패경험을 기재해주시기 바랍니다. (1000자)
2606,1,문제에 직면했을 때 그것을 어떻게 극복했는지 서술하시오.[500자]
2607,1,자신의 인생에서 Turning Point 가 되었던 3가지 사건과 그를 통해 어떠한 변화가 있었는지 기술하세요. (700자)
2608,1,완수하기 어려운 상황에도 불구하고 맡은 바를 끝까지 달성하고자 노력했던 경험에 대해 서술해 주십시오.
2609,1,복잡한 문제를 논리적으로 접근하여 해결했던 경험에 대해 서술해 주십시오.
2610,1,[성취지향성 및 문제해결] 최근 5년이내에 수행할 시간이 절대적으로 부족했거나 해결 하기 어려웠던 과제를 성공적으로 수행한 경험에 대하여 기술하여 주십시오.
2611,1,새로운 아이디어를 가지고 자신만의 창의적인 아이디어를 발휘하였던 경험이나 일상생활에서 보통 다른 사람들과 다르게 하고 있는 자신만의 독특한 행동방식이 있다면 이야기해 주십시오. (진흥원의 주요 기능 - 창조) [6000자]
2612,1,나의 장/단점 각 2가지와 그 단점을 보완하기 위해 노력한 것은? [300 자]
2613,1,지금까지 본인의 업무 또는 작업과 관련해서 정직하게 행동했던 경험에 대해 기술해 주십시오
2614,1,"지금까지 살아오면서 자신이 기술을 적용하여 서비스, 업무과정 또는 생산성을 향상시켰던 경험을 서술해 주십시오"
2615,1,"지금까지 가장 성공했던 경험을 기술하고, 그중 가장 큰 성공에 대해서 기술하시오. 그 경험에서 배운 것은 무엇인지 기술하시오."
2616,1,현재까지 관계 속에서 가장 힘들었던 경험을 구체적으로 기술하시오. 어떻게 해결했는지 구체적으로 기술하시오.
2617,1,최근에 이룬 업적 중에서 가장 열정적으로 에너지를 기울였던 경험에 대해서 구체적으로 기술해 주시기 바랍니다.[500자]
2618,1,새로운 아이디어를 제시하고 이를 실현하기 위해 노력했던 사례에 대해 구체적으로 기술해 주시기 바랍니다.[500자]
2619,1,사회활동 : 학업이외에 관심과 열정을 가지고 했던 다양한 경험 중 가장 기억에 남는 것을 구체적으로 기술해주세요.[800자]
2620,1,본인이 그동안 이룬 가장 큰 성취경험과 실패경험에 대해서 기술해 주십시오. (500자이내)
2621,1,역경이나 고난을 극복한 경험과 이를 통해 배운점
2622,1,스트레스 상황 또는 포기하고 싶었던 상황에서 업무(학업)를 처리(수행)했던 경험에 대해 기술하시오.
2623,1,"의미 있는 결과가 있었던 경험(성공, 실패 무관) 및 그 이유를 기술하시오"
2624,1,본인의 삶에서 새로운 관점으로 변화와 도전을 추구한 경험 및 그 경험을 통해 배운 점을 작성해 주십시오. * [1000자 이내]
2625,1,자신이 어려운 문제를 해결하여 조직의 일부 또는 전체에 상당히 긍정적인 결과를 가져온 경험이 있으면 기술해 보시오. (500자)
2626,1,갑작스런 변화에 대처해야 했던 경험에 대해 기술하여 주십시오.
2627,1,"하나금융그룹의 핵심가치를 연관하여, `열정을 갖고 몰입하여 성공했던 경험`과 `가장 힘들었던 경험 및 이를 극복해 나간 과정`에 대해 약술하고, 이를 통해 얻은 교훈은 무엇인지 기술하여 주시기 바랍니다."
2628,1,나와 가장 격한 갈등을 겪었던 사람은 누구이며 그 이유와 나의 대처방법
2629,1,가치관 및 인생관에 영향을 끼친 경험
2630,1,"어떤 업무를 처리하면서 자신이 내렸던 결정 중 합리적인 의사결정을 내렸다고 생각되는 경험이 있다면 상황, 맡은 업무, 행동, 이유, 결과 등에 대해 구체적으로 기술해 주십시오. (500자 이내)"
2631,1,자신이 문제 상황 혹은 어떤 과제를 해결해야 하는 과정 속에서 다른 사람들이 보지 못한 부분들을 파악하고 이를 통해 좋은 결과를 얻을 수 있었던 경험이 있으시면 기술해 주십시오. (500자 이내)
2632,1,"어떤 일(팀 과제, 동아리, 아르바이트 등)을 추진하며 작은 실수나 오류 하나가 결과에 큰 영향을 미칠 수 있는 상황에서 철저한 준비를 통해 성공적으로 그 일을 완수해냈던 경험이 있다면 상황, 맡은 일, 행동, 결과에 대해 구체적으로 기술해주십시오. (500자 이내)"
2633,1,본인의 인생에서 가장 기뻤던 일과 슬펐던 일을 1가지씩 선택하여 기쁨 및 슬픔을 느낀 이유를 구체적 상황설명과 함께 상세히 기술해주십시오. (1000자 미만)
2634,1,"지금까지 준비해온 스펙 중 본인이 선정한 우선순위 3가지를 나열하고, 그 경험이 삶에 어떠한 영향을 미쳤는지 기술해주십시오. (1000자 미만)"
2635,1,"학교생활동안남들과다른특별한경험을함으로서얻게된성취감이있으면기재하여주시고(신입), 자신의전직장경험중에서가장성취감을느꼈던사항을상세히기재하여주시기바랍니다.(경력)"
2636,1,학업 및 경력 중 가장 몰입했던 경험 세 가지와 중소기업진흥공단을 지원하게 된 동기에 대해 기술해주십시오. [500자]
2637,1,"학업 과제 수행이나 업무 내용 중에 가장 어렵거나 힘들었던 문제가 무엇이었습니까? 해당 문제 상황에 대해 간략하게 설명하고, 그 문제를 해결하기 위해 어떠한 과정을 거쳤으며 어떠한 점에서 그 해결책이 효과적이었다고 생각하는지 아래 항목에 따라 기술해주십시오. [500자]"
2638,1,자신의 전공 또는 자신이 가지고 있는 취미나 다양한 활동들을 기존과는 다르게 타 분야의 영역과 연결하여 다양한 방식으로 사고하고 일을 진행해 나간 사례가 있다면 이야기해 주십시오.
2639,1,"본인이 인생에서 가장 힘들거나 어려웠을때를 기술하고, 이를 어떻게 극복 서술"
2640,1,자신의 인생에서 가장 어려웠던 점과 어떻게 극복하였는가를 서술하시오.
2641,1,"언제, 어디서 가지게 된 경험 이였으며 그러한 문제의식을 가지게 된 계기는 무엇입니까? (600자 이내)"
2642,1,"어떤 방식으로 해당 문제를 해결하였으며, 본인의 노력으로 개선된 결과를 구체적으로 작성해 주십시오. (800자 이내)"
2643,1,당신이 맡았던 업무 또는 과제와 이를 달성하는데 부족했던 점은 무엇이라고 판단하셨었는지 간단히 작성해 주십시오. (600자 이내)
2644,1,"부족하다고 판단하신 이유와 이를 개선하기 위해 노력했던 방법은 무엇이었으며, 그 결과 당신의 업무나 과제에 어떤 영향을 미쳤는지 구체적으로 제시해 주십시오. (800자 이내)"
2645,1,"예상치 못한 문제의 발생으로 계획대로 일이 진행되지 않았을 때, 책임감을 가지고 적극적으로 문제를 해결한 경험과, 그 경험을 통해 얻은 것은 무엇인지 구체적으로 기술해 주십시오. (500자 이내)"
2646,1,인생을 살면서 주인의식을 갖고 행동했던 경험을 작성해 주십시오.
2647,1,2 학업 이외에 관심과 열정을 가지고 했던 다양한 경험 중 기억에 나는 것을 기술해 주세요
2648,1,상기의 경험을 통해 얻은 것은 무엇입니까
2649,1,본인이 도전했던 여러 경험 중 가장 힘들었던 경험을 작성하고 이를 통해 배운 점은 무엇이었는지 작성해주시기 바랍니다. (500자)
2650,1,프로정신을 발휘하여 성과를 냈던 에피소드에 대해 기술해 주시기 바랍니다.
2651,1,창의성을 발휘하여 성과를 냈던 에피소드에 대해 기술해 주시기 바랍니다.
2652,1,새로운 성과를 창출하기 위해 노력하고 실행했던 경험에 대해 설명해 주십시오.
2653,1,본인이 가장 중요하게 생각하는 행동원칙은 무엇입니까? 그 행동원칙을 가지게 된 계기와 가장 지키기 어려웠던 상황에 대해서 설명해 주십시오
2654,1,본인이 생각하는 행복은 무엇입니까? 가족이 아닌 누군가를 행복하게 하기 위해 노력했던 경험에 대해 설명해 주십시오.
2655,1,발상의 전환 혹은 창의적인 사고를 통해 문제를 해결하고 성과를 이룬 경험을 구체적으로 기술해 주시기 바랍니다.
2656,1,지금까지 본인에게 가장 의미 있었던 성공 경험에 대해 구체적으로 기술해 주시기 바랍니다.
2657,1,학업 과제 수행이나 업무 수행 중에 예상치 못한 문제를 해결해본 경험이 있습니까? 그 문제를 해결하기 위해 어떠한 과정을 거쳤으며 어떠한 점에서 그 해결책이 효과적이었는지를 기술하여 주십시오.(1000자 이내)
2658,1,"본인의 성격상 장점과 단점은 무엇인지, 장점으로 도움이 되었던 경험과 단점으로 인해 어려움을 겪었던 경험에 대해 들려주세요."
2659,1,"지금까지 본인이 받은 부탁 중에 가장 거절하기 어려웠던 부탁이 무엇이었는지, 본인의 어떤 가치관 또는 윤리의식과 달라서 거절하였는지, 그 결과는 어떠했는지 이야기해 주세요."
2660,1,타인으로부터 큰 신뢰를 받은 경험이나 / 새로운 아이디어를 가지고 자신만의 창의적인 아이디어를 발휘하였던 경험을 기술해 주십시오. [500자 이내]
2661,1,자신의 인생관이나 신조에 따라 행동하여 좋은 결과를 만들었던 사례와 그 과정에서 본인이 배운 점을 기술하세요.
2662,1,위에서 기술한 자신의 역량을 발휘해서 좋은 성과를 창출했던 사례에 대해 작성해 주십시오.
2663,1,최근 5년이내에 수행할 시간이 절대적으로 부족했거나 해결하기 어려웠던 과제를 성공적으로 수행한 경험에 대하여 기술하여 주십시오.
2664,1,본인의 삶에서 새로운 관점으로 변화와 도전을 추구한 경험 및 그 경험을 통해 배운 점을 작성해 주십시오. (1000자)
2665,1,"예상치 못했던 문제나 일의 난이도 등에 따라 원하는 바대로 일이 진행되지 않았을 경우, 이를 끝까지 책임지고 마무리하여 신뢰를 얻었던 경험이 있으면 설명해 주십시오."
2666,1,본인이 이룬 가장 큰 성취경험과 실패경험에 대하여 (500자)
2667,1,대학시절 동아리활동 등 사회경험 속에서 가장 큰 성취감을 느꼈던 사례와 자신이 노력한 부분을 설명하십시오.
2668,1,문제해결(1000자) 예상치 못했던 문제로 인해 난관에 부딪쳤을 때 이전과는 다른 방식으로 문제를 해결하였던 경험 을 작성하여 주십시오.
2669,1,귀하가 최근 3년 이내에 가장 도전적인 목표를 세우고 성취해낸 경험이 있다면 구체적으로 그 과정과 결과에 대하여 기술하여 주십시오.
2670,1,"성장과정:가장힘들었던경험및도전을기술하고,이를극복한방법에대해기술해주십시오."
2671,1,지금까지 살아오면서 스스로 생각하기에 가장 큰 성공 및 실패 사례를 소개해 주세요. [700자 이내]
2672,1,창의성을 발휘한 경험을 자세하게 소개해 주세요. [700자 이내]
2673,1,본인이 도전했던 여러 경험 중 가장 힘들었던 경험을 작성하고 이를 통해 배운 점은 무엇이었는지 작성해주시기 바랍니다. (500 자 이내)
2674,1,어떤 사안에 대해 사전에 고려해야 할 사항을 챙기며 문제를 해결해 본 경험을 작성해 보십시오. (1000자)
2675,1,살아오면서 성취한 것 중 가장 자랑스러운 것과 이유
2676,1,인생에서 가장 열정을 쏟았던 경험에 대해 쓰고 그 경험을 통해 성취한 바를 서술해 주시기 바랍니다.
2677,1,자신에게 주어졌던 일 중 가장 어려웠던 일은 무엇이며 그것을 극복하기 위해 기울였던 노력에 대하여 서술해 주시기 바랍니다
2678,1,발상의 전환 혹은 창의적인 사고를 통해 문제를 해결하고 성과를 이룬 경험을 구체적으로 기술해 주시기 바랍니다. (700자)
2679,1,지금까지 본인에게 가장 의미 있었던 성공 경험에 대해 구체적으로 기술해 주시기 바랍니다. (700자)
2680,1,가장 어려웠던 경험 및 이를 극복한 사례
2681,1,"도전적인 목표를 정하고 열정적으로 일을 추진했던 경험과 관련 추진과정에서 겪은 어려움, 이를 극복한 방법, 그리고 그 일의 결과를 중심으로 서술"
2682,1,"자신의 윤리,도덕적 신념을 지키기 위해 손해나 희생을 감수하고 일을 수행한 경험이 있다면 서술"
2683,1,열정을 발휘하여 성취감을 느꼈던 경험을 기술하십시오 (400자)
2684,1,자신의 경험 중 가장 힘들었던 일은 무엇이며 그 일을 극복하기 위해 어떤 노력을 다하였는지 서술하여 주십시오. (500자)
2685,1,본인의 경험 중 지원한 직무와 관련하여 가장 특별하고 인상 깊었던 경험에 대해 구체적으로 기술해 주십시오. (700자)
2686,1,"인턴, 아르바이트 등 경제(사회)활동 중 어려움을 겪었던 사례를 제시하고, 그것을 어떻게 극복하였으며, 과정에서 느낀 점이 무엇인지 구체적으로 작성해 주시기 바랍니다. [700자]"
2687,1,여러분이 열정과 책임감으로 한계를 극복하여 최고의 성과를 낸 경험에 대해 다음 내용을 포함하여 구체적으로 작성해 주세요. ① 상황에 대한 설명 ② 한계를 극복하기 위해 노력했던 과정 및 결과 ③ 배운 점 (1000 자)
2688,1,귀하가 `현장중심`적인 생각을 통하여 성취했던 경험 혹은 실패했던 경험을 기술하십시오. [ 600자 이내]
2689,1,최근 5년 이내 본인이 소속된 조직의 발전을 위해 가장 많은 기여를 했다고 자부할 수 있는 경험에 대해 작성하여 주십시오. (1000자)
2690,1,최근 5년 이내 다른 사람들이 지나치거나 묵인한 문제를 해결하기 위해 노력했던 경험에 대해 작성하여 주십시오 (1000자)
2691,1,최근 5년 이내 자신의 부족한 점을 보완하기 위해 6개월 이상의 지속적인 노력을 기울였던 경험에 대해 작성하여 주십시오. (1000자)
2692,1,최근 3년 이내에 원칙과 효율성(또는 편리성) 사이에서 갈등했던 경험에 대해 기술하시오.
2693,1,본인이 지금까지 살아오면서 가장 열정을 발휘한 경험과 이루었던 무엇이 있다면 구체적으로 작성해 주십시오.
2694,1,"인생에서 가장 열정을 쏟았던 경험에 대해 서술하고, 그 경험을 통해 성취한 바를 서술해 주시기 바랍니다."
2695,1,"최근 3년동안 본인에게 가장 어려웠던 도전은 무엇이고, 도전의 성공 또는 실패의 원인을 구체적으로 서술해주시기 바랍니다."
2696,1,인생을 통해 이루고 싶은 목표
2697,1,"대학시절 높은 목표를 세우고, 목표 달성을 위해 노력했던 경험에 대해 작성해주세요. (1000자)"
2698,1,"도전적인 목표를 정하고 열정적으로 일을 추진했던 경험과 관련 추진과정에서 겪은 어려움, 이를 극복한 방법, 그리고 그 일의 결과를 중심으로 서술해 주십시오 [100자 이상 500자 이내]"
2699,1,자신의 윤리&#8729;도덕적 신념을 지키기 위해 손해나 희생을 감수하고 일을 수행한 경험이 있다면 서술해 주십시오.[100자 이상 500자 이내]
2700,1,학창 시절 팀 프로젝트나 아르바이트 등을 하던 과정에서 획기적(창의적)인 방식을 시도하여 좋은 성과를 거두었던 경험을 기술해 주십시오.
2701,1,자신의 부족한 점을 향상시키기 위해 최소 1년 이상의 장기 목표를 세우고 실천한 경험을 기술해 주십시오.
2702,1,"본인이 이룬 가장 큰 성취경험과 실패경험 (인생에서, 느끼고 배운점) (500자)"
2703,1,도전을 통해 극복해 본 경험이 있습니까? (사례를 중심으로 기술하여 주십시오)
2704,1,"전공학습이나 소위 스펙 쌓기와 무관한 일 중, 가장 흥미 있게 한 활동은 무엇이었는지 와, 그 이유를 구체적으로 서술하세요. (600자)"
2705,1,"실패 혹은 위기를 극복한 경험을 기술하고 이를 통해 배운 점이 무엇인지, 또 이런 경험을 인생에서 어떻게 활용할 수 있을지 서술하세요. (600자)"
2706,1,"예상치 못한 문제의 발생으로 계획대로 일이 진행되지 않았을 때, 책임감을 가지고 적극적으로 문제를 해결한 경험과, 그 경험을 통해 얻은 것은 무엇인지 구체적으로 기술해 주십시오. (700자 이내)"
2707,1,사회경험 : 학업 이외에 관심과 열정을 가지고 했던 다양한 경험 중 가장 기억에 남는 것을 구체적으로 기술 (800자)
2708,1,"달성하기 어려운 수준의 목표를 세우고, 목표를 달성하기 위해 노력한 경험에 대해 서술하시오."
2709,1,"다른 사람이 인식하지 못하는 문제점을 파악하고, 자신만의 독창적인 방법으로 문제를 해결한 경험을 기술하시오"
2710,1,"다양한 의견이나 정보를 자신의 기준에서 분석, 판단하고 이를 바탕으로 문제를 해결했던 경험에 대해 서술하시오."
2711,1,"귀하의 입시경험을 예로 들어, 목표의 수립, 목표달성을 위한 전략적 방향설정, 실제 실행하는 과정에서의 어려움 극복과정 등이 다른 사람들과 어떻게 달랐는지를 구체적으로 설명해주시기 바랍니다. (1000 자 10 단락 이내)"
2712,1,기존과는 다른 방식을 시도하여 이전에 비해 개선했던 경험에 대해 구체적으로 작성해 주시기 바랍니다. (1000 자 10 단락 이내)
2713,1,자신의 경험에서 가장 보람된 일과 힘들었던 일을 작성하여 주시기 바랍니다.
2714,1,공모전 또는 학창시절 수상내역이 있다면 기술해 주시기 바랍니다.
2715,1,"가족이 아닌 타인으로부터 가장 크게 영향을 받은 경험과, 그 경험으로 본인이 어떻게 변화되었는지 설명해 주십시오."
2716,1,"학창 시절 결과적으로 좋았던 선택과, 좋지 않았던 선택은 각각 무엇이었으며, 그렇게 생각하는 이유를 설명해 주십시오."
2717,1,"본인이 추구하는 인생의 궁극적인 목표가 무엇인지 기술하고, 목표를 달성하기 위해 어떤 노력을 했는지, 자신의 경험을 바탕으로 설명해 주십시오."
2718,1,"최근 5년 이내에 했던 경험 중 가장 많은 정보와 의견을 수집, 종합하고 이를 바탕으로 문제를 해결했던 경험에 대해 구체적으로 서술하십시오. (700자 10 단락 이내)"
2719,1,최근 5년 이내에 했던 경험 중 장애요인이 있엇지만 이를 극복하기 위해 도전하고 노력했던 경험에 대해 구체적으로 서술하십시오. (700자 10 단락 이내)
2720,1,기존에 사용(활용)되던 방법을 개선하여 결과를 성공적으로 도출할 수 있었던 경험에 대해 구체적으로 서술하십시오. (700자 10 단락 이내)
2721,1,인생에서 성공했던 경험과 실패했던 경험을 기술하여 주십시오.
2722,1,귀하가 최근 3년 이내에 가장 도전적인 목표를 세우고 성취해낸 구체적인 경험이 있다면 구체적으로 그 과정과 결과에 대하여 기술하여 주십시오. (450자 이내)
2723,1,본인이 세웠던 가장 도전적인 목표와 그것을 성취하기 위해 어떤 노력을 했는지 기술해 주시기 바랍니다. (1500자)
2724,1,"의미 있는 결과가 있었던 경험(성공, 실패 무관) 및 그 이유를 기술하시오 (500자)"
2725,1,"본인이 이뤄냈던 가장 뛰어난 성과에 대해, 그 일을 시작한 계기와 노력과정 및 구체적인 성과를 기술해 주십시오. (400자)"
2726,1,"근무 시 예상되는 어려운 점과, 그것을 극복할 수 있는 자신만의 방법을 기술하십시오."
2727,1,가장 큰 성취성험과 실패경험
2728,1,"지금까지 본인의 경험 중 가장 기억에 남는 성공 사례와 실폐 사례는 각각 무엇입니까?(각 한가지씩, 1600바이트)"
2729,1,시키는 일의 범위를 넘어서 적극적으로 도전한 경험이 있다면 소개해 주십시오
2730,1,귀하는 자신의 변화와 혁신을 위해 스스로 하고 있는 것에 대해 기술해 주십시오
2731,1,문제에 대한 정확한 분석을 바탕으로 효과적으로 해결했던 경험에 대해 구체적으로 작성해 주시기 바랍니다.
2732,1,"본인에게 닥친 임무(난관)는 무엇이었으며, 어떤 내용인지 구체적인 장소, 인물, 시간 등을 기록하십시오. (500 byte 이내)"
2733,1,현실에 안주하지 않고 새로운 가능성에 도전하며 할 수 있다는 열정과 창의적 사고로 목표를 달성한 경험을 서술하세요.
2734,1,학창 시절부터 현재까지 자기계발을 위하여 어떠한 노력을 하였는지 서술하세요.
2735,1,과거에 경험했던 이문화적 충격을 서술하고 어떠한 방법으로 문화적 충격을 극복했는지 서술하세요.
2736,1,꿈을 이루기 위해 준비해온 노력
2737,1,"남들과 다른 새로운 관점으로 변화/혁신을 추구한 경험과 그를 통해 배운점이 무엇인지 기술하시오. * 1,500 Byte 글자수 공백포함 이내 입력"
2738,1,"자신에게 주어졌던 일 중, 가장 어려웠던 경험은 무엇이었습니까? 그 일을 하게 된 이유와 그때 느꼈던 감정, 진행하면서 가장 어려웠던 점과 그것을 극복하기 위해 했던 행동과 생각, 결과에 대해 구체적으로 작성. (1000자/10단락)"
2739,1,"이제까지 가장 강하게 소속감을 느꼈던 조직은 무엇이었으며, 그 조직의 발전을 위해 헌신적으로 노력했던 것 중 가장 기억에 남는 경험은 무엇입니까? 개인적으로 더 많은 노력을 기울였던 일과 그 때 했던 행동과 생각, 결과에 대해 최대한 구체적으로 작성. (1000자/10단락)"
2740,1,"자신에게 요구된 것보다 더 높은 목표를 스스로 세워 시도했던 경험 중 가장 기억에 남는 것은 무엇입니까? 목표 달성 과정에서 아쉬웠던 점이나 그 때 느꼈던 자신의 한계는 무엇이고, 이를 극복하기 위해 했던 행동과 생각, 결과에 대해 최대한 구체적으로 작성. (1000자/10단락)"
2741,1,"기존과는 다른 방식을 시도하여 이전에 비해 조금이라도 개선했던 경험 중, 가장 효과적이었던 것은 무엇입니까? 그 방식을 시도했던 이유, 기존 방식과의 차이점, 진행 과정에서 했던 행동과 생각, 결과에 대해 최대한 구체적으로 작성. (1000자/10단락)"
2742,1,"여러분이 경험한 교내,외 활동에서 IT와 관련된 가장 의미있는 사례를 구체적으로 기술해 주세요. ① 가장 의미있다고 생각한 이유, ② 해당 사례에서 노력한 과정과 결과 ③ 해당 경험이 입사 후 기여할 수 있는 점은 무엇인지에 대하여 작성해 주세요.(2000자)"
2743,1,"사회활동 : 학업 이외에 관심과 열정을 가지고 했던 다양한 경험 중 가장 기억에 남는 것을 구체적으로 기술해주세요. (글자수 800, 16줄 이내)"
2744,1,본인의 삶에서 새로운 관점으로 변화와 도전을 추구한 경험 및 그 경험을 통해 배운 점을 작성해 주십시오.(1000자)
2745,1,국순당을 접해본 경험이 있습니까? 있다면 간단한 소감을 작성하여 주십시오
2746,1,자신과 다른 타인의 생각을 변화시켰던 경험에 대해 구체적으로 기술하시오.
2747,1,새로운 환경이나 조직에서 목표를 위해 헌신적으로 노력했던 경험을 구체적으로 기술하시오.
2748,1,패션 관련 경험 또는 자기계발을 위해 노력한 경험에 대해 구체적으로 설명해주세요.
2749,1,"실패 혹은 위기를 극복한 경험을 기술하고 이를 통해 배운점이 무엇인지, 또 이런 경험을 인생에서 어떻게 활용할 수 있을지 서술하세요 (600자)"
2750,1,"대학생활과 졸업 이후 가장 어려웠던 경험은 무엇인가요? ① 어려움이 발생한 이유, ② 이를 극복하기 위한 노력(행동, 생각 등)과 그 결과, 느낀 점을 모두 포함하여 구체적으로 작성해 주세요.(1000자)"
2751,1,지금까지의 생활 중 어려운 난관에 봉착했을 때 정직과 신뢰로 문제를 해결한 사례를 구체적으로 기술하여 주십시오.
2752,1,성공 경험과 실패 경험
2753,1,"인턴, 아르바이트 등 경제(사회)활동 중 어려움을 겪었던 사례를 제시하고, 그것을 어떻게 극복하였으며, 과정에서 느낀 점이 무엇인지 구체적으로 작성해 주시기 바랍니다. (700자)"
2754,1,지금까지 본인의 경험 중 가장 기억에 남는 성공 사례와 실패 사례는 각각 무엇입니까?
2755,1,"본인이 살아오면서 가장 어려웠던 경험은 무엇이고, 그 경험이 자신의 삶에 어떤 영향을 미쳤는지 작성해 주십시오."
2756,1,남다른 재능 및 내 인생 최고의 성공/실패 경험에 대해서 상세하게 기술하십시오.
2757,1,"자신의 성격의 장, 단점 및 단점을 고치기 위하여 어떠한 준비와 노력을 하였는지 기술해 주십시오"
2758,1,"여러분의 대학생활 중, 가장 뛰어난 성과를 이뤄냈던 경험을 구체적으로 적어주세요."
2759,1,직장 또는 일상생활에서 개인적으로 직면했던 문제를 극복한 사례를 기술해 주십시오. (200자 이내)
2760,1,"여러분이 대학생활 중 수행한 마케팅 관련 경험에 대해 구체적으로 작성해 주세요. ① 상세 내용, ② 수행 시 가장 중요하게 생각한 부분, ③ 수행 결과 및 배운 점을 반드시 포함하여 구체적으로 작성해 주세요.(1000자)"
2761,1,자신이 성공적으로 완성했던 프로그램의 설계/개발과정과 그 가치에 대해 설명하십시오.
2762,1,가장 힘들었던 경험과 이를 극복하기 위해 노력했던 일을 서술하세요
2763,1,본인이 이룬 가장 큰 성취와 실패
2764,1,"자신에게 주어졌던 일 중 가장 어려웠던 경험은 무엇이었습니까? 그 일을 하게 된 이유와 그때 느꼈던 감정, 진행하면서 가장 어려웠던 점과 그것을 극복하기 위해 했던 행동과 생각, 결과에 대해 최대한 구체적으로 작성해 주십시오. (1,000자 이내)"
2765,1,"이제까지 가장 강하게 소속감을 느꼈던 조직은 무엇이었으며, 그 조직의 발전을 위해 헌신적으로 노력했던 것 중 가장 기억에 남는 경험은 무엇입니까? 개인적으로 더 많은 노력을 기울였던 일과 그 때 했던 행동과 생각, 결과에 대해 최대한 구체적으로 작성해 주십시오. (1,000자 이내)"
2766,1,"자신에게 요구된 것보다 더 높은 목표를 스스로 세워 시도했던 경험 중 가장 기억에 남는 것은 무엇입니까? 목표 달성 과정에서 아쉬웠던 점이나 그 때 느꼈던 자신의 한계는 무엇이고, 이를 극복하기 위해 했던 행동과 생각, 결과에 대해 최대한 구체적으로 작성해 주십시오. (1,000자 이내)"
2767,1,"기존과는 다른 방식을 시도하여 이전에 비해 조금이라도 개선했던 경험 중, 가장 효과적이었던 것은 무엇입니까? 그 방식을 시도했던 이유, 기존 방식과의 차이점, 진행 과정에서 했던 행동과 생각, 결과에 대해 최대한 구체적으로 작성해 주십시오. (1,000자 이내)"
2768,1,본인의 가장 큰 단점을 쓰고 단점을 극복하기 위해 기울인 노력과 성과를 기술하시오.
2769,1,대학생활 중 탁월한 성과를 냈거나 실패를 했던 경험에 대해 자세히 기술해 주세요. (500자 이내)
2770,1,대학생활 중 탁월한 성과를 냈거나 실패를 했던 경험에 대해 자세히 기술해 주세요. (500자)
2771,1,"대학시절(아르바이트, 동아리활동 등 포함) 가장 큰 성취감을 느꼈던 사례와 본인이 노력한 부분을 설명하십시오 (400자)"
2772,1,본인의 가장 기뻤던 성공경험 또는 가장 쓰라렸던 실패경험을 기재해주시기 바랍니다.
2773,1,살아오는 동안 직면한 가장 힘들었던 상황 및 극복경험
2774,1,"가장 심혈을 기울여 목표를 성취한 경험이 있다면 구체적인 동기, 행동, 결과 등을 기술하여 주십시오. (500자)"
2775,1,"본인의 삶 중에 기억이 남는 최고의 순간 및 그 의미를 설명하고, 향후 본인이 원하는 삶은 무엇인지 기술해주십시오."
2776,1,남들과 다른 새로운 관점으로 변화/혁신을 추구한 경험과 그를 통해 배운점이 무엇인지 기술하시오.(1500byte)
2777,1,도전적인 목표를 정하고 열정적으로 일을 추진햇던 경험을 구체적으로 기술해 주심시오. 일을 추진해 나가는 데 있어서 어려웠던 점과 그 결과에 대해서 중점적으로 기술해 주시기 바랍니다.
2778,1,"공모전 수상, 인턴 경험, 혹은 본인을 어필할 수 있는 특이 경험이 있다면 기재해주시기 바랍니다."
2779,1,다른 사람들이 생각하지 못한 새로운 방식을 적용하여 좋은 결과를 거둔 경험을 기술하시오.
2780,1,학업 이외에 관심과 열정을 가지고 했던 다양한 경험중 기억에 남는것을 기술해 주세요
2781,1,3순위로 선택한 역량(자기개발)을 강화하고자 노력했던 경험을 구체적으로 작성해 주세요.
2782,1,학업 이외에 관심과 열정을 가지고 했던 다양한 경험 중 기억에 남는 것을 구체적으로 기술해주세요. (800자 이내)
2783,1,"여러분의 대학생활 중 가장 뛰어난 성과를 이뤄냈던 경험을 구체적으로 적어주세요. ① 그 일을 시작한 계기, ② 노력한 과정과 결과, ③ 최고라고 생각하는 이유를 반드시 포함하여 작성해 주세요. (1000자)"
2784,1,"대학생활 중, 어려움을 극복했던 경험을 구체적으로 작성해 주세요. ① 상황에 대한 설명, ② 어려움을 극복하기 위해 노력했던 과정 및 결과, ③ 해당 경험을 통해 배운 점을 반드시 포함하여 작성해 주세요. (1000자)"
2785,1,"자신의 경험 중 가장 도전적인 일과 성공/실패 여부, 그리고 그 경험을 통해 배운 점"
2786,1,"자신에게 주어졌던 일 중 가장 어려웠던 경험은 무엇이었습니까? 그 일을 하게 된 이유와 그때 느꼈던 감정, 진행하면서 가장 어려웠던 점과 그것을 극복하기 위해 했던 행동과 생각, 결과에 대해 최대한 구체적으로 작성해 주십시오. (700 자 10 단락 이내)"
2787,1,"이제까지 가장 강하게 소속감을 느꼈던 조직은 무엇이었으며, 그 조직의 발전을 위해 헌신적으로 노력했던 것 중 가장 기억에 남는 경험은 무엇입니까? 개인적으로 더 많은 노력을 기울였던 일과 그 때 했던 행동과 생각, 결과에 대해 최대한 구체적으로 작성해 주십시오. (700 자 10 단락 이내)"
2788,1,"기존과는 다른 방식을 시도하여 이전에 비해 조금이라도 개선했던 경험 중, 가장 효과적이었던 것은 무엇입니까? 그 방식을 시도했던 이유, 기존 방식과의 차이점, 진행 과정에서 했던 행동과 생각, 결과에 대해 최대한 구체적으로 작성해 주십시오. (700 자 10 단락 이내)"
2789,1,기존과는 다른 방식을 시도하여 이전에 비해 개선했던 경험
2790,1,"자신이 해본 게임 중, 가장 기억에 남는 게임을 선택하여 그 게임의 좋았던 점과 아쉬웠던 점을 작성해주세요"
2791,1,"본인의 삶 중에 기억에 남는 최고의 순간 및 그 의미를 설명하고, 향후 본인이 원하는 삶은 무엇인지 기술해 주십시오"
2792,1,대학생활 중 탁월한 성과를 냈거나 실패를 했던 경험에 대해 자세히 기술해 주세요.
2793,1,발상의 전환 혹은 창의적인 사고를 통해 문제를 해결하고 성과를 이룬 경험을 구체적으로 기술해 주시기 바랍니다. (300자 ~ 700자)
2794,1,지금까지 본인에게 가장 의미 있었던 성공 경험에 대해 구체적으로 기술해 주시기 바랍니다. (300자 ~ 700자)
2795,1,"본인이 이룬 가장 큰 성취경험과 실패경험에 대하여 (500) - 본인의 인생에서 가장 큰 성취의 경험과 실패의 결험을 적고, 그 경험을 통하여 본인이 느끼고 배운점에 대하여 자유롭게 기술"
2796,1,"기존과는 다른 방식을 시도하여 이전에 비해 조금이라도 개선했던 경험 중, 가장 효과적이었던 것은 무엇입니까? 그 방식을 시도했던 이유, 기존 방식과의 차이점, 진행 과정에서 했던 행동과 생각, 결과에 대해 최대한 구체적으로 작성해 주십시오"
2797,1,"[Action & Result] 어떤 방식으로 해당 문제를 해결하였으며, 본인의 노력으로 개선된 결과를 구체적으로 작성해 주십시오"
2798,1,"[Action & Result] 부족하다고 판단하신 이유와 이를 개선하기 위해 노력했던 방법은 무엇이었으며, 그 결과 당신의 업무나 과제에 어떤 영향을 미쳤는지 구체적으로 제시해 주십시오."
2799,1,"본인이 이룬 가장 큰 성취경험과 실패경험에 대하여. 본인의 인생에서 가장 큰 성취의 경험과 실패의 경험을 적고, 그 경험을 통하여 본인이 느끼고 배운 점에 대하여 자유롭게 기술해 주시기 바랍니다. 핵심 위주로 근거에 기반 하여 간략하게 기술 (500)"
2800,1,"여러분이 수행하거나 경험했던 최고/최악의 서비스를 한가지씩 작성하고, 그 이유를 작성해 주세요. ① 본인이 수행하거나 경험했던 최고의 서비스 사례와 그 이유, ② 본인이 수행하거나 경험했던 최악의 서비스 사례와 그 이유, 본인이라면 어떠한 서비스를 제공했을지에 대해 구체적으로 작성해 주세요. (1000자)"
2801,1,본인의 인생에 가장 큰 영향을 미쳤던 일
2802,1,자신의 윤리&#8729;도덕적 신념을 지키기 위해 손해나 희생을 감수하고 일을 수행한 경험이 있다면 서술해 주십시오. * [100자 이상 500자 이내]
2803,1,"여러분의 대학생활 중, 가장 뛰어난 성과를 이뤄냈던 경험을 구체적으로 적어주세요. ① 그 일을 시작한 계기, ② 노력한 과정과 결과, ③ 최고라고 생각하는 이유를 반드시 포함하여 작성해 주세요. (1000자)"
2804,1,"자신이 성취한 일들 중 가장 보람을 느꼈던 일은 무엇이며, 이를 성취하기 위해 어떠한 노력을 하였습니까? 구체적인 사례를 들어 기술하여 주십시오."
2805,1,자신의 가장 부족한 점은 무엇입니까? 부족한 점을 극복하기 위해 어떠한 노력을 기울이고 있습니까?
2806,1,"예상치 못했던 문제로 일이 계획대로 진행되지 않았을 경우, 책임감을 가지고 끝까지 마무리하여 신뢰를 얻었던 경험이 있으면 기술해 주십시오."
2807,1,인생에서 목표를 세워서 가장 열정적으로 도전한 일이 무엇입니까? 이를 달성하기 위해 본인이 노력한 점과 성취결과를 통해 얻은 교훈은 무엇입니까?
2808,1,자신이 직면했던 문제를 기존과 다른 방식으로 사고하여 괄목할 만한 결과를 보여준 사례가 있다면 기술해 주십시오.
2809,1,"고교시절 가장 잘한 것은 뭐?, 스스로 어떠한 노력을 하였는지 기술하십시오. (300자)"
2810,1,"지금껏 살아오면서 가장 열심히 했다고 자부하는 활동(학업, 운동, 취미, 일 등)들에 대해서 기술하고 이런한 경험이 향후 본인의 업무에 어떤 도움이 될지 기술하세요. [100자 이상 600자 이내]"
2811,1,"대학생활 중, 어려움을 극복했던 경험을 구체적으로 작성해 주세요. ① 상황에 대한 설명, ② 어려움을 극복하기 위해 노력했던 과정 및 결과, ③ 해당 경험을 통해 배운 점을 반드시 포함하여 작성해 주세요. (1,000자)"
2812,1,감당하기 어려운 일을 맡았지만 끝까지 완수하기 위해 노력했던 경험에 대해 서술해 주십시오.
2813,1,기존의 업무나 과정이 비효율적이라고 판단하여 자신만의 체계나 기준을 세워 문제를 해결한 경험에 대해 서술하시오
2814,1,[경험의 결과] (200자 이내) 본인의 노력으로 얻은 성과를 구체적으로 작성해 주십시오
2815,1,"기존 방식이나 현상에 대해 문제의식을 갖고 전략적으로 해결한 경험을 다음의 세부 항목에 따라 작성해 주십시오. [경험의 상황과 본인의 역할] (200자 이내) 언제, 어디에서 가지게 된 경험이었습니까?"
2816,1,[문제의식] (200자 이내) 어떤 문제 의식을 가졌습니까? 그러한 문제의식을 가지게 된 계기는 무엇입니까?
2817,1,[문제 해결 양상] (400자 이내) 어떤 방식으로 문제를 해결하였나요? 해결과정에서 어려움은 없었습니까?
2818,1,[경험의 결과] (200자 이내) 본인의 노력으로 개선된 결과를 구체적으로 작성해 주십시오.
2819,1,[경험의 결과] (200자 이내) 본인의 노력을 통해 얻은 성과를 구체적으로 작성해 주십시오.
2820,1,"과업이나 과제 수행을 위해 필요한 능력을 개발하고, 조직의 가치 창출에 기여한 경험을 다음의 세부 항목에 따라 작성해 주십시오. [경험의 상황과 본인의 역할] (200자 이내) 언제, 어디에서 가지게 된 경험이었습니까?"
2821,1,최근 3년 이내에 가장 도전적인 목표를 세우고 구체적인 성과를 냈던 경험이 있다면 그 과정과 결과에 대하여 작성해주십시오 [ 1자 이상 500자 이내]
2822,1,본인이 이룬 가장 큰 성취경험 및 실패경험에 대해 작성해 주십시오.
2823,1,귀하가 최근 3년 이내에 가장 도전적인 목표를 설정하여 성취해낸 경험이 있다면 구체적으로 기술하여 주십시오.
2824,1,새로운 환경이나 조직에서 목표를 위해 헌신적으로 노력 하였던 경험을 구체적으로 기술하시오.
2825,1,"상단에 입력한 경험에 대해 상세히 기술해 주시기 바랍니다. 구체적으로 본인이 수행한 활동 내용, 소속 조직이나 활동에서의 역할, 활동 결과에 대해 작성해주시기 바랍니다. [ 100자 이상 300자 이내 ]"
2826,1,본인이 실패했던 사례와 이러한 실패를 극복한 경험에 대해 기술하세요. [ 100자 이상 300자 이내 ]
2827,1,도전적인 목표를 정하고 열정적으로 일을 추진했던 경험을 구체적으로 기술해 주십시오. [100자 ~ 500자]
2828,1,다른 사람의 반대를 무릅쓰고 본인이 도전한 경험을 적어주십시오. 그리고 그 경험에서 무엇을 배우셨는지 적어주십시오 (500자)
2829,1,본인의 장점과 단점 및 단점보완을 위해 노력한 점
2830,1,성공 또는 실패사례를 통해 내 삶이 변화된 것
2831,1,"자유양식: 위 작성한 내용 외, 작성하고 싶은 내용을 본인이 스스로 항목을 만들어 기술하시오. 자신의 도전정신을 잘 나타낼 수 있는 경험과 그 과정에서 배운점을 기술하시오."
2832,1,귀하가 지금까지 살아오면서 실패를 통해 배웠던 사례와 이때 배웠던 것은 무엇이며 이를 통해 얻은 교훈은 무엇인지 기술하여 주십시오. (500자)
2833,1,귀하가 지금까지 살아오면서 새로운 것에 대한 도전 또는 변화를 한 경험과 그 결과는 어떠했는지 기술하여 주십시오. (500자)
2834,1,지금까지 해오던 방식에서 벗어나 새로운 관점에서 일을 추진했던 경험에 대해서 작성해주십시오.
2835,1,가장 성취감을 느꼈던 일은 무엇이었습니까? 그 일은 시작하게 된 동기와 달성하기 위해 어떤 노력을 기울였는지 작성해 주십시오.
2836,1,인생에서 가장 도전적이었던 경험과 그를 통해 배운 점에 대해 구체적으로 말씀해 주십시오.
2837,1,대학생활 중 탁월한 성과를 냈거나 실패를 했던 경험에 대해 자세히 기술해 주세요 (500자)
2838,1,남들이 생각하지 못한 창의적인 아이디어를 적용하여 좋은 결과를 거둔 경험에 대해 기술해 주십시오.
2839,1,다른 사람들이 어렵다고 시도하지 않은 일을 열정적으로 추진했던 경험을 구체적으로 기술해 주십시오.
2840,1,"스펙쌓기(학교, 학점, 어학 등)을 제외하고, 살면서 가장 열정을 가지고 수행했던 일이 무엇이며, 그 일을 통해서 배운 것이 무엇인지 기술하시오 * [1200자 이내]"
2841,1,"본인이 세웠던 가장 도전적인 목표와 그것을 성취하기 위해 어떠한 노력을 했는지 기술해 주시기 바랍니다. - 일을 추진하게 된 계기, 가장 어려웠던 점과 극복하기 위해 본인이 했던 행동, 당시 느꼈던 감정이나 생각, 결과와 아쉬운 점 포함 (1500자 이내)"
2842,1,성장과정에서 도전적인 목표를 설정하고 끈기 있게 실행하여 성과를 창출한 경험에 대하여 작성하여 주십시오. [ 100자 이상 500자 이내 ]
2843,1,어떤 문제나 과제에 대해 기존의 방법과 다른 창의적인 방법으로 문제를 해결했던 경험에 대하여 작성하여 주십시오. [ 100자 이상 500자 이내 ]
2844,1,본인이 경험했던 일중 가장 열정을 쏟아서 성과를 냈던 사례와 그 원인에 대해 5W1H에 맞춰 구체적으로 기술하세요
2845,1,본인이 주도적으로 기존의 프로세스 및 관행을 깨어 혁신한 사례를 5W1H에 맞춰 구체적으로 기술하세요.
2846,1,어려운 일에 도전한 경험에 대해 기술하여 주십시오.
2847,1,지금까지 본인의 경험 중 가장 기억에 남는 성공 사례와 실패 사례는 각각 무엇입니까? (각 1가지씩 선정)
2848,1,귀하가 최근 3년 이내에 가장 도전적인 목표를 세우고 성취해낸 구체적인 경험이 있다면 구체적으로 그 과정과 결과에 대하여 기술하여 주십시오.
2849,1,"자신에게 부여된 일을 달성하기 위해 어려움을 참고 극복했던 경험에 대하 서술하십시오. (700자, 10단락이내)"
2850,1,"다양한 문제가 얽힌 문제 상황을 인식하고, 이를 전략적으로 해결한 경험에 대해 서술하시오. (700자, 10단락이내)"
2851,1,"처음 프로그래밍을 시작한 시기와, 언제부터 프로그래밍에 재미를 느끼게 되었는지를 각각 기술하여 주세요"
2852,1,인생에서 가장 열정을 쏟았던 경험에 대해 쓰고 그 경험을 통해 성취한 바를 서술하시오.
2853,1,전공이나 스펙쌓기와 무관한 일 중 가장 흥미있게 한 활동은 무엇이었는지와 그 이유를 구체적으로 서술하세요. (600)
2854,1,자신의 경험 중 가장 힘들었던 일은 무엇이며 그 일을 극복하기 위해 어떤 노력을 다하였는지 서술하여 주십시오.(500자)
2855,1,대학생활에 겪었던 역경과 해결을 위해 노력한 점
2856,1,"지금까지 살아오면서 도전했던 경험 중 가장 큰 도전을 구체적으로 설명하고 도전 결과 성공했다면 성공의 이유, 실패했다면 얻은 교훈을 설명하시오."
2857,1,어떠한 상황에서 스트레스를 느끼는지와 이를 해소하기 위한 나만의 방법
2858,1,지금까지 살아오면서 자신이 이룬 꿈 또는 남들에게 자랑할 만한 성취경험
2859,1,"자신의 경험 중 가장 힘들었던 일은 무엇이며, 그 일을 극복하기 위해 어떤 노력을 다하였는지 서술하여 주십시오"
2860,1,"대표적인 프로젝트 한 가지를 적어 주시되, 어떠한 고민을 가지고 결과물을 만들어 냈는지 구체적으로 설명해 주세요"
2861,1,"예상치 못한 문제의 발생으로 계획대로 일이 진행되지 않았을 때, 책임감을 가지고 적극적으로 문제를 해결한 경험과, 그 경험을 통해 얻은 것은 무엇인지 구체적으로 기술해 주십시오. (700자이내)"
2862,1,본인의 경험 중 지원한 직무와 관련하여 가장 특별하고 인상 깊었던 경험에 대해 구체적으로 기술해 주십시오. (700자이내)
2863,1,"달성하기 어려운 수준의 목표를 세우고, 목표를 달성하기 위해 노력한 경험에 대해서 서술하시오. - 최근 5년 이내의 경험으로 작성할 것 - 목표 내용 / 목표를 설정한 이유 / 목표 달성을 위한 구체적인 노력 / 최종 결과 (목표 달성 여부)가 객관적으로 드러나게 작성할 것 (700 자 10 단락 이내)"
2864,1,"다른 사람이 인식하지 못하는 문제점을 파악하고, 자신 만의 독창적인 방법으로 문제를 해결한 경험에 대해 서술하시오. - 최근 5년 이내의 경험으로 작성할 것 - 문제를 파악하게 된 상황 / 해결 방식(해결책)에 대한 구체적 내용 / 해결된 상황이나 결과물의 내용이 객관적으로 드러나게 작성할 것 (700 자 10 단락 이내)"
2865,1,"다양한 의견이나 정보를 자신의 기준으로 분석 / 판단하고, 이를 바탕으로 문제를 해결했던 경험에 대해서 서술하시오. - 최근 5년 이내의 경험으로 작성할 것 - 분석한 의견이나 정보 / 판단 기준 및 체계 / 해결 후 상황이나 결과물의 내용이 객관적으로 드러나게 작성할 것 (700 자 10 단락 이내)"
2866,1,"자신의 경험 중 가장 힘들었던 일은 무엇이며, 그 일을 극복하기 위해 어떤 노력을 다하였는지 서술하여 주십시오 [ 400자 이내 ]"
2867,1,"인생에서 가장 노력을 기울여 도전했던 경험을 기술하고 그것이 성공했다면 성공한 이유, 실패했다면 실패한 이유를 말씀해 주십시오. 또 그 경험이 본인의 삶, 가치관에 미친 영향을 기술하여 주십시오. (500자)"
2868,1,"최근 5년 이내에 했던 경험 중 가장 많은 정보나 의견을 수집, 종합하고 이를 바탕으로 문제를 해결했던 경험에 대해 구체적으로 서술하십시오. (700자 10 단락 이내)"
2869,1,최근 5년 이내에 했던 경험 중 장애요인이 있었지만 이를 극복하기 위해 도전하고 노력했던 경험에 대해 구체적으로 서술하십시오. (700자 10 단락 이내)
2870,1,도전적인 목표를 정하고 열정적으로 일을 추진했던 경험을 구체적으로 기술해 주세요.
2871,1,"예상치 못한 문제 발생으로 계획대로 진행되지 않았을 때, 책임감을 가지고 적극적 으로 문제를 해결한 경험과 그 경험을 통해 얻은 것이 무엇인지 구체적으로 기술하 세요.(700자)"
2872,1,본인의 경험 중 지원한 직무와 관련하여 가장 특별하고 인상 깊었던 경험에 대해 구체 적으로 기술하세요.(700자)
2873,1,"자신이 어떠한 일에 가장 크게 몰입해서 재미있고 즐겁게 했던 경험을 기술해 주세요(학업관련(학점향상, 장학금 수령 등) 및 군복무 경험 제외)"
2874,1,"본인이 세웠던 가장 도전적인 목표(무대공포, 긴장 극복!!)와 그것을 성취하기 위해 어떠한 노력을 했는지 기술해 주시기 바랍니다. - 일을 추진하게 된 계기, 가장 어려웠던 점과 극복하기 위해 본인이 했던 행동, 당시 느꼈던 감정이나 생각, 결과와 아쉬운 점 포함"
2875,1,"대학생활과 졸업이후 가장 어려웠던 경험은 무엇인가요? ① 어려움이 발생한 이유, ② 이를 극복하기 위한 노력(행동, 생각 등)과 그 결과, 느낀 점을 모두 포함하여 구체적으로 작성해 주세요. (1000자)"
2876,1,"본인이 살면서 가치관을 형성하는데 가장 큰 영향을 끼친 경험(인물)이 무엇이며, 그 경험을 통하여 배운 점과 이후의 삶에 영향을 미친 구체적인 사례를 기술해 주십시오.(500~700자)"
2877,1,"My Story 본인이 이룬 가장 큰 성취경험과 실패경험에 대하여 Guide> 본인의 인생에서 가장 큰 성취의 경험과 실패의 경험을 적고, 그 경험을 통하여 본인이 느끼고 배운 점에 대하여 자유롭게 기술해주시기 바랍니다. (500자)"
2878,1,"[경험의 상황과 본인의 역할] 언제, 어디에서 가지게 된 경험이었습니까?"
2879,1,[문제해결양상] 어떤 방식으로 문제를 해결하였나요? 해결과정에서 어려움은 없었습니까?
2880,1,[경험의 결과] 본인의 노력으로 개선된 결과를 구체적으로 작성해 주십시오
2881,1,[경험의 결과] 본인의 노력을 통해 얻은 성과를 구체적으로 작성해 주십시오
2882,1,본인이 이룬 가장 큰 성취경험과 실패경험 (500자)
2883,1,사회활동 : 학업 이외에 관심과 열정을 가지고 했던 다양한 경험 중 가장 기억에 남는 것을 구체적으로 기술해주세요. (800자 이내)
2884,1,본인의 인내와 끈기를 가장 잘 보여줄 수 있는 경험(활동)구체적으로 기술하시오 (최소 500자 이상)
2885,1,"여러분이 경험한 교내,외 활동에서 IT와 관련된 가장 의미있는 사례를 구체적으로 기술해 주세요. (1500자 이내) ① 가장 의미있다고 생각한 이유 ② 해당 사례에서 노력한 과정과 결과 ③ 해당 경험이 입사 후 기여할 수 있는 점은 무엇인지에 대하여 작성해 주세요."
2886,1,자신의 인생관이나 신조에 따라 행동하여 좋은 결과를 만들었던 사례와 그 과정에서 본인이 배운 점을 기술하세요
2887,1,위에서 기술한 자신의 역량을 발휘해서 좋은 성과를 창출했던 사례에 대해 작성해 주십시오
2888,1,대학시절 목표를 세우고 목표달성을 위해 노력했던 경험 작성 (1000자)
2889,1,가장 열정/도전적으로 임하였던 일과 그 일을 통해서 이룬 것에 대해 기재 (600자)
2890,1,"본인 인생 최고의 ‘도전’은 무엇이었고, 그 과정 속에서 얻은 것을 서술하시오.(500 Bytes)"
2891,1,본인이 가장 크게 좌절했던 경험과 이를 극복할 수 있었던 당신의 슈퍼파워 (Superpower)가 무엇인지 기술해주세요.
2892,1,사회활동 : 학업 이외에 관심과 열정을 가지고 했던 다양한 경험 중 가장 기억에 남는 것을 구체적으로 기술해주 세요.
2893,1,"살아오면서 자신이 성취한 것 중 자랑할 만한 것을 1,2가지 소개해 주십시오"
2894,1,"여러분의 대학생활 중 가장 뛰어난 성과를 이뤄냈던 경험을 구체적으로 적어주세요. ① 그 일을 시작한 계기, ② 노력한 과정과 결과, ③ 뛰어난 성과라고 생각하는 이유를 반드시 포함하여 작성해 주세요. (1000자)"
2895,1,인류를 진일보하게한 역사적인 사건이라고 본인이 생각하는 1가지를 서술하시오.
2896,1,인생 최고게임 및 최악게임과 그 이유를 서술하시오.
2897,1,"본인 인생 최고의 ‘도전’은 무엇이었고, 그 과정 속에서 얻은 것을 서술하시오."
2898,1,자신의 인생관이나 신조에 따라 행동하여 좋은 결과를 만들었던 사례와 그 과정에서 본인이 배운 점을 기술하세요. [ 400자 이상 600자 이내 ]
2899,1,위에서 기술한 자신의 역량을 발휘해서 좋은 성과를 창출했던 사례에 대해 작성해 주십시오. [ 400자 이상 600자 이내 ]
2900,1,본인이 도전했던 여러 경험 중 가장 힘들었던 경험
2901,1,가장 열정적이고 도전적으로 임했던 일과 그 일을 통해서 이룬 것에 대해 기재하여 주십시오. [ 150자 이상 500자 이내]
2902,1,다양한 경험 중 중요하게 생각하는 경험을 한 가지 선택하여 서술하고 그를 통해 이룬 일에 대해 기재하여 주십시오 [ 150자 이상 500자 이내]
2903,1,"도전적인 목표를 정하고 열정적으로 일을 추진했던 경험을 구체적으로 기술해 주시기 바랍니다. (500자) 특히, 일을 추진해 나가는 데 있어서 어려웠던 점과 그 결과에 대해서 중점적으로 기술하시기 바랍니다. 또한, 직무관련 공모전 수상, 인턴 경험, 혹은 본인을 어필할 수 있는 특이 경험이 있다면 기재해 주시기 바랍니다."
2904,1,"[진취적 성향]자신에게 주어진 일이나 과제를 수행하는데 있어, 고정관념을 깨고 창의 적으로 문제를 해결했던 사례에 대해 구체적으로 기술하시오.(600자 이내)"
2905,1,"[Globality] 지금까지 살아오면서 새로운 문화나 환경(이민, 교환학생, 해외여행 등)을 접했던 경험과, 당시 환경에서의 적응을 위해 본인이 취했던 행동 또는 노력을 구체적인 사례를 들어 기술하세요"
2906,1,"[Venture Spirit] 자신에게 요구된 것보다 더 높은 목표를 스스로 세워 시도했던 경험 중 가장 몰입했던 것을 골라, 구체적인 상황, 자신의 행동, 결과 등을 기술하세요"
2907,1,자신에게 주어졌던 일 중 가장 도전적이었던 일과 극복방안에 대해 기재하시오. (최대 1100byte)
2908,1,기존과 다른 방식을 시도하여 효과적으로 개선할 수 있었던 경험에 대해 기재하시오. (최대 1100byte )
2909,1,"여러분이 경험한 교내,외 활동에서 IT 와 관련된 가장 의미있는 사례를 구체적으로 기술해 주세요. ① 가장 의미있다고 생각한 이유 ② 해당 사례에서 노력한 과정과 결과 ③ 해당 경험이 입사 후 기여할 수 있는 점은 무엇인지에 대하여 작성해 주세요. (1500 자 이내)"
2910,1,"여러분이 경험한 교내,외 활동에서 it와 관련된 가장 의미 있는 사례를 구체적으로 적어 주 세요. ① 의미 있다고 생각 한 이유 ② 노력한 과정과 결과 ③ 해당 경험이 입사 후 기여할 수 있는 점은 무엇인지"
2911,1,창의적 사고 발상의 전환 혹은 창의적인 사고를 통해 문제를 해결하고 성과를 이룬 경험을 구체적으로 기술해 주시기 바랍니다. (700자)
2912,1,"여러분이 대학생활 중 가장 뛰어나게 성과를 이뤄냈던 경험을 구체적으로 적어주세요. ① 그 일을 시작한 계기, ② 노력한 과정과 결과, ③ 최고라고 생각하는 이유를 반드시 포함하여 작성해 주세요.(1000자)"
2913,1,"예상치 못한 문제의 발생으로 계획대로 일이 진행되지 않았을 때, 책임감을 가지고 적극적으로 문제를 해결한 경험과, 그 경험을 통해 얻은 것은 무엇인지 구체적으로 기술해 주십시오.(700자이내)"
2914,1,An experience to overcome a conflict
2915,1,What I have done to improve myself
2916,1,[창의력과 열정] 귀하가 열정을 가지고 도전했던 경험은 무엇입니까? 800 자
2917,1,"성인이 된 이후 가장 큰 성취감과 좌절감을 느꼈던 일은 무엇이고, 왜 그렇게 느꼈는지 기술해 주세요"
2918,1,"기존과는 다른 방식을 시도하여 이전과 비교하면 조금이라도 개선했던 경험 중, 가장 효과적이었던 것은 무엇입니까? 그 방식을 시도했던 이유, 기존 방식과의 차이점, 진행 과정에서 했던 행동과 생각, 결과에 대해 최대한 구체적으로 작성해 주십시오. (1,000자 10단락 이내)"
2919,1,학업 이외에 관심과 열정을 가지고 했던 다양한 경험중 기억에 남는것을 기술해 주세요.(300)
2920,1,상기의 경험을 통해 얻은 것은 무엇입니까(300)
2921,1,본인의 성장과정 중 어떠한 일에 최선을 다해 헌신한 경험을 기재하여 주시기 바랍니다.
2922,1,본인이 이룬 가장 큰 성취와 가장 큰 실패에 대해 서술하세요.(1000자)
2923,1,"최근 5년 이내에 했던 경험 중 가장 많은 정보나 의견을 수집, 종합하고 이를 바탕 으로 문제를 해결했던 경험에 대해 구체적으로 서술하십시오."
2924,1,최근 5년 이내에 했던 경험 중 장애요인이 있었지만 이를 극복하기 위해 도전하고 노 력했던 경험에 대해 구체적으로 서술하십시오.
2925,1,기존에 사용(활용)되던 방법을 개선하여 결과를 성공적으로 도출할 수 있었던 경 험에 대해 구체적으로 서술하십시오.
2926,1,"성취한 일 중에서 가장 기억에 남는 일과, 그것을 성취하기 위해 어떠한 노력을 했는지 (1300자)"
2927,1,"학교 생활 또는 교내·외 사회활동, 봉사활동 경험 중에서 본인에게 닥친 어려움이나 난관을 극복하기 위해 노력했던 경험을 기술하십시오.본인에게 닥친 임무(난관)는 무엇이며, 어떤 내용인지 구체적인 장소, 인물, 시간 등을 기록하십시오 (400 byte 이내)"
2928,1,원인을 파악하고 난관을 해결하기 위하여 본인이 취했던 행동은 무엇입니까? (400 byte 이내)
2929,1,"그 노력의 결과로 문제는 해결되었습니까? 결과(성공, 실패)의 이유와 개인적으로 습득한 교훈 등에 대하여 기술해보십시오. (400 byte 이내)"
2930,1,지금까지 이룬 업적 중에서 본인이 가장 보람을 느꼈던 일은 무엇이었습니까? 어떤 상황이었는지 구체적으로 예를 들어 설명해 주십시오. (400 byte 이내)
2931,1,"그때 본인에게 주어졌던 책임이나 역할은 무엇이었으며, 그 역할을 잘 수행하기 위해서 어떤 행동이나 활동을 했는지 구체적으로 설명해 주십시오. (400 byte 이내)"
2932,1,"이러한 본인의 노력과 행동을 통해서 나타난 결과는 무엇이었으며, 왜 본인에게 의미있는 일이었습니까? 그 결과를 통해 개인적으로 습득한 것은 무엇입니까? (400 byte 이내)"
2933,1,"여러분이 경험한 교내,외 활동에서 IT와 관련된 가장 의미있는 사례를 구체적으로 기술해 주세요. ① 가장 의미있다고 생각한 이유 ② 해당 사례에서 노력한 과정과 결과 ③ 해당 경험이 입사 후 기여할 수 있는 점은 무엇인지에 대하여 작성해 주세요. (1500자 이내)"
2934,1,대학생활 중 탁월한 성과를 냈거나 실패를 했던 경험에 대해 자세히 기술해 주세요. (500)
2935,1,"여러분이 경험한 교내,외 활동에서 IT와 관련된 가장 의미있는 사례를 구체적으로 기술해 주세요. ① 가장 의미있다고 생각한 이유 ② 해당 사례에서 노력한 과정과 결과 ③ 해당 경험이 입사 후 기여할 수 있는 점은 무엇인지에 대하여 작성해 주세요."
2936,1,도전을 통해 어려움을 극복해 본 경험이 있습니까? (공백포함 700자 이내) (사례를 중심으로 기술하여 주십시오)
2937,1,본인이 도전했던 여러 경험 중 가장 힘들었던 경험을 작성하고 이를 통해 배운 점은 무엇이었는지 작성해주시기 바랍니다. (최대 500 자 이내로 작성)
2938,1,귀하가 최근 3년 이내에 가장 도전적인 목표를 세우고 성취해낸 경험이 있다면 구체적으로 그 과정과 결과에 대하여 기술하여 주십시오
2939,1,본인이 살아오면서 가장 도전적이었거나 가장 인상 깊었던 경험을 작성해 주시기 바랍니다.
2940,1,"(성취경험) 최근 7년 이내 경험 중 가장 강렬히 성취하고 싶었던 일과 이를 달성하기 위해 했던 일, 그 결과를 구체적으로 작성"
2941,1,"본인이 기존과는 다른 방식을 시도하여 이전에 비해 조금이라도 개선했던 경험 중, 가장 효과적이었던 사례를 기술해 주시기 바랍니다.(최근 5년 이내 사례로 기술할 것)"
2942,1,"자신의 경험 중 가장 도전적인 일과 성공/실패 여부, 그리고 그 경험을 통해 배운 점 (600자)"
2943,1,일반적으로 경험하기 힘든 특별한 체험/남다른 성취 경험 (600자)
2944,1,"지금까지 가장 힘들었던 시기와, 힘든 사유, 그 시기를 어떻게 해결했는지 기술해 주십시오."
2945,1,타인이 어렵다고 시도하지 않은 일을 추진하여 성공 또는 실패한 경험에서 가장 대표적인 사례를 기술해 주십시오.
2946,1,"본인이 겪은 가장 큰 성취경험과 실패경험, 그것을 통해 얻은 것은?"
2947,1,지금까지 이룬 가장 큰 성취 3가지 200Bytes
2948,1,자신이 가장 강한의지를 불태웠었던 경험과 그 결과에 대해 기술하시오.
2949,1,"최근 자신이 가장 힘들었던 경험은 무엇이었으며, 어떻게 극복하였는지 기술하시오."
2950,1,이제까지 가장 어려웠던 위기와 이를 극복하기 위해 했던 행동과 결과에 대해 구체적으로 기술하십시오 700
2951,1,마니아일정도로 몰입해 온 분야
2952,1,"인생에서 반드시 이루고 싶은 목표, 목표를 이루기 위해 어떠한 노력을?"
2953,1,사회활동 : 학업 이외에 관심과 열정을 가지고 했던 다양한 경험 중 가장 기억에 남는 것을 구체적으로 기술해주세요.(16줄 이내)
2954,1,살아오면서 가장 열정을 갖고 도전한(또는 도전하고 싶은)관심분야에 대해 서술해 주세요.
2955,1,"예상치 못한 문제 발생으로 계획대로 진행되지 않았을 때, 책임감을 가지고 적극적으로 문제를 해결한 경험과 그 경험을 통해 얻은 것이 무엇인지 구체적으로 기술하세요.(700자)"
2956,1,본인의 경험 중 지원한 직무와 관련하여 가장 특별하고 인상 깊었던 경험에 대해 구체적으로 기술하세요.(700자)
2957,1,"교육을 통해 사고방식의 변화, 역량의 발전을 경험한 사례를 말씀해 주십시오. (500자)"
2958,1,본인이 이룬 가장 큰 성취경험과 실패경험에 대하여 500자
2959,1,가장 기억에 남는 경험과 그 이유를 작성하여 주십시오
2960,1,대학생활 중 가장 성취감이 컸던 경험과 목표 달성을 위한 본인의 노력에 대해 기술하여 주십시오.
2961,1,최근 5년 동안에 귀하가 성취한 일 중에서 가장 자랑할 만한 것은 무엇입니까? 그것을 성취하기 위해 귀하는 어떤 일을 했습니까? (한글2000자 이내)
2962,1,"예상하지 못했던 문제로 인해 계획대로 일이 진행되지 않았을 때, 책임감을 가지고 적극적으로 끝까지 업무를 수행하여 성공적으로 마무리 했던 경험이 있으면 서술해 주세요. (한글2000자 이내)"
2963,1,본인이 가장 중요하게 생각하는 행동원칙은 무엇입니까? 그 행동원칙을 가지게 된 계기와 가장 지키기 어려웠던 상황에 대해서 설명해 주십시오.
2964,1,인생에서 가장 OOOO 했던 경험을 적어주세요. 그 경험에서 얻은 교훈은 무엇입니까? (300)
2965,1,지금까지 가장 도전적인 목표를 세우고 성취해낸 경험을 소개하고 당시의 상황과 어떻게 어려움을 극복하고 무엇을 배웠는지 구체적으로 기술하시오.(800자 이내)
2966,1,"낯선 환경에 처했을 때 적응하기 위해 노력했던 경험 중 가장 기억에 남는 것과, 새로운 시도를 통해 성과를 얻은 경험이 있다면 무엇이었는지 기술하시오.(800자 이내)"
2967,1,지금까지 이룬 가장 큰 성취 3가지 (100자)
2968,1,"성취한 일 중에서 가장 기억에 남는 일과, 그것을 성취하기 위해 어떠한 노력을 했는지 기술해 주십시오. [ 100자 이상 600자 이내 ]"
2969,1,"예상치 못했던 문제로 인해 계획대로 일이 진행되지 않았을 때, 책임감을 가지고 적극적으로 끝까지 업무를 수행해내어 성공적으로 마무리했던 경험이 있으면 서술해 주십시오 * [100자 이상 500자 이내]"
2970,1,"개인적인 어려움과 희생을 각오하고 윤리적, 도덕적으로 행동했던 경험이 있다면 서술해 주십시오 * [100자 이상 500자 이내]"
2971,1,인생에 있어 가장 최고의 게임과 최악의 게임을 정하고 그 게임을 정한 이유를 각각 구체적으로 기술하여 주세요.
2972,1,"사회활동 : 학업 이외에 관심과 열정을 가지고 했던 다양한 경험 중 가장 기억에 남는 것을 구체적으로 기술해주세요. (800자, 16줄 이내)"
2973,1,"자신이 가진 열정을 발휘하여 성취감을 느꼈던 경험을 기술하십시오.(1,200Bytes)"
2974,1,지금까지 이룬 가장 큰 성취 3가지 (30~200byte)
2975,1,자신과 다른 타인의 생각을 변화시켰던 경험을 구체적으로 기술하시오. (200~1000byte)
2976,1,새로운 환경이나 조직에서 목표를 위해 헌신적으로 노력 하였던 경험을 구체적으로 기술하시오. (200~1000byte)
2977,1,"자신이 하고 싶은 것을 진지하고 순수한 마음으로 수행했던 경험(Integrity/진지함), 무엇인가에 빠져 열정적이고, 헌신적으로 그것 을 수행했던 경험(Passion/헌신), 현재에 만족하지 않고, 끊임없는 개선을 통해 타인을 감동시켰던 경험 중 한 개를 선택하여 그 경험과 결과에 대해서 서술하시오. (1200자)"
2978,1,"[문제해결능력] 2개 이상의 중요한 가치, 원칙 등이 충돌하는 상황에서 전략적으로 해결한 경험에 대하여 기술하여 주십시오.당시 어떠한 상황이었으며, 이를 해결하는 과정에서 발생한 어려움을 어떻게 극복하였는지 구체적으로 기술하여 주십시오."
2979,1,프로젝트 진행 중 가장 기억에 남는 트러블 슈팅 경험을 적어주세요
2980,1,본인의 경험 중 지원한 직무와 관련하여 가장 특별하고 인상 깊었던 경험에 대해 구체적으로 기술해 주십시오.(700자이내)
2981,1,"자신이 살아오면서 가장 성취감을 느꼈던 일은 무엇이고, 그 일을 달성하기 위하여 어떤 노력을 하였는지 작성 하시오. 838 / 1200 자"
2982,1,"인생에서 겪었던 가장 의미 있는 사건은 무엇이며, 그 사건이 본인에게 미친 영향에 대하여 기술하여 주십시오 (500자 이내) byte"
2983,1,"예상치 못한 문제의 발생으로 계획대로 일이 진행되지 않았을 때, 책임감을 가지고 적극적으로 문제를 해결한 경험과, 그 경험을 통해 얻은 것은 무엇인지 구체적으로 기술해 주십시오.(700)"
2984,1,이전에 없던 혹은 이전과는 다른 방식으로 문제를 해결하고자 했던 경험에 대해 구체적으로 기술해 주십시오.
2985,1,"어떤 일을 수행하며 한정된 자원을 효과적으로 잘 활용했었던 경험에 대해 기술해주십시오. 당시 상황은 어떠했으며, 어떤 요소들을 고려하여 효과적으로 자원을 활용했는지, 본인이 취했던 방식을 중심으로 기술해 주십시오."
2986,1,"대학생활 중 가장 도전적으로 임하였던 일은 무엇입니까? - 그 일을 시작한 계기, 과정과 결과, 그 일을 통해 느낀 점을 포함해서 구체적으로 작성해 주세요. (최대 2000자 이내로 작성)"
2987,1,본인이 도전했던 여러 경험 중 가장 힘들었던 경험을 작성하고 이를 통해 배운 점은 무엇이었는지 작성해주시기 바랍니다(500자 이내)
2988,1,새로운 성과를 창출하기 위해 노력하고 실행했던 경험에 대해 설명해 주십시오. / 1000 Bytes 이내
2989,1,본인이 가장 중요하게 생각하는 행동원칙은 무엇입니까? 그 행동원칙을 가지게 된 계기와 가장 지키기 어려웠던 상황에 대해서 설명해 주십시오. / 1000 Bytes 이내
2990,1,"[문제해결능력] 이전에 없던 혹은 이전과는 다른 방식으로 문제를 해결하고자 했던 경험에 대해 구체적으로 기술해 주십시오.당시 발생한 문제상황과 그에 대한 본인의 문제해결방안은 무엇이었으며, 그러한 방안을 실행에 옮기기 위해 어떠한 노력을 기울였는지구체적으로 기술해 주십시오."
2991,1,귀하가 `현장중심`적인 생각을 통하여 성취했던 경험 혹은 실패했던 경험을 기술하십시오. [600자 이내]
2992,1,"자신이 어떠한 일에 가장 크게 몰입해서 ‘재미있고 즐겁게’ 했던 경험에 대해 기술하세요. - 몰입하게 된 이유, 그 과정에서 얻은 점과 잃은 점 (1000 자 10 단락 이내)"
2993,1,지금까지 이룬 가장 큰 성취 3가지현재 173 Bytes / 200 Bytes 이내
2994,1,최근 3년내에 가장 큰 성취 경험에 대해 기술하시오.(800자)
2995,1,최근 3년내에 가장 큰 실패 경험에 대해 기술하시오.(800자)
2996,1,창의성을 발휘한 사례와 성과에 대하여 구체적으로 기술해주시기 바랍니다.
2997,1,살아오면서 힘든 일을 겪게 될 때 힘이 되는 말이나 경험 등을 이유와 함께 기술하시오 [1200byte 이내]
2998,1,특별한 개발 경험은 있나요?
2999,1,"열정을 가지고 몰입했던 경험, 창의적인 아이디어를 가지고 목표를 이루어낸 경험, 가장 힘들었던 경험과 그것을 통해 깨달은 점 중 한 가지를 선택하여 구체적으로 기술해주십시오. (1000자 이내 작성)"
3000,1,"자신에게 주어졌던 일 중 가장 어려웠던 경험은 무엇이었습니까? 그 일을 하게 된 이유와 그때 느꼈던 감정, 진행하면서 가장 어려웠던 점과 그것을 극복하기 위해 했던 행동과 생각, 결과에 대해 최대한 구체적으로 작성해 주십시오(1000자 10단락 이내)"
3001,1,"이제까지 가장 강하게 소속감을 느꼈던 조직은 무엇이었으며, 그 조직의 발전을 위해 헌신적으로 노력했던 것 중 가장 기억에 남는 경험은 무엇입니까? 개인적으로 더 많은 노력을 기울였던 일과 그 때 했던 행동과 생각, 결과에 대해 최대한 구체적으로 작성해 주십시오. (1000자 10단락 이내)"
3002,1,"자신에게 요구된 것보다 더 높은 목표를 스스로 세워 시도했던 경험 중 가장 기억에 남는 것은 무엇입니까? 목표 달성 과정에서 아쉬웠던 점이나 그 때 느꼈던 자신의 한계는 무엇이고, 이를 극복하기 위해 했던 행동과 생각, 결과에 대해 최대한 구체적으로 작성해 주십시오.(1000자 10단락 이내)"
3003,1,본인이 인생에서 가장 힘들거나 어려웠을 때를 기술하고， 이를 어떻게 극복했는지 서술하시오.
3004,1,[도전적이거나 인상 깊었던 경험]
3005,1,지금까지 이룬 가장 큰 성취 3가지 [최소 30byte 이상 200byte 이내]
3006,1,자신과 다른 타인의 생각을 변화시켰던 경험에 대해 구체적으로 기술하시오. [최소 200byte 이상 1000byte 이내]
3007,1,새로운 환경이나 조직에서 목표를 위해 헌신적으로 노력 하였던 경험을 구체적으로 기술하시오. [최소 200byte 이상 1000byte 이내]
3008,1,"예상치 못한 문제의 발생으로 계획대로 일이 진행되지 않았을 때, 책임감을 가지고 적극적으로 문제를 해결한 경험과, 그 경험을 통해 얻은 것은 무엇인지 구체적으로 기술해 주십시오. 1400byte이내"
3009,1,본인의 경험 중 지원한 직무와 관련하여 가장 특별하고 인상 깊었던 경험에 대해 구체적으로 기술해 주십시오. 1400byte이내
3010,1,도전을 통해 극복해 본 경험이 있습니까?
3011,1,귀하가 최근 3년 이내에 가장 도전적인 목표를 세우고 성취해낸 구체적인 경험이 있다면 구체적으로 그 과정과 결과에 대해 기술하여 주십시오.
3012,1,도전을 통해 극복해 본 경험이 있습니까? (사례를 중심으로 기술하여 주십시오) 글자 수 100자 이상 1000자 이내
3013,1,본인이 실패했던 사례와 이러한 실패를 극복한 경험에 대해 기술하세요. [ 300자 이내 ]
3014,1,자신이 어떠한 일에 가장 크게 몰입해서 ‘재미있고 즐겁게’ 했던 경험에 대해 기술하세요.
3015,1,본인이 이룬 가장 큰 성취경험과 실패경험에 대하여 / 100자 ~ 500자
3016,1,"본인이 경험했던 사회활동 및 대외활동과, 그로 인해 얻은 것은 무엇이었는지 서술해 주십시오(500)"
3017,1,"이것만큼은 남에게 질 수 없다고 생각하는 것은 무엇이며, 그렇게 되기 위해 어떤 노력을 해 왔습니까? (500)"
3018,1,"자신에게 주어졌던 일 중 가장 어려웠던 경험은 무엇이었습니까? 그 일을 하게 된 이유와 그떄 느꼈던 감정, 진행하면서 가장 어려웠던 점과 그것을 극복하기 위해 했던 행동과 생각, 결과에 대한 최대한 구체적으로 작성해 주십시오. (1000)"
3019,1,"이제까지 가장 강하게 소속감을 느꼈던 조직은 무엇이었으며, 그 조직의 발전을 위해 헌신적으로 노력했던 것 중 가장 기억에 남는 경험은 무엇입니까? 개인적으로 더 많은 노력을 기울였던 일과 그 때 했던 행동과 생각, 결과에 대해 최대한 구체적으로 작성해 주십시오. (1000)"
3020,1,"자신에게 요구된 것 보다 더 높은 목표를 스스로 세워 시도했던 경험 중 가장 기억에 남는 것은 무엇입니까? 목표 달성 과정에서 아쉬웠던 점이나 그 때 느꼈던 자신의 한계는 무엇이고, 이를 극복하기 위해 했던 행동과 생각, 결과에 대해 최대한 구체적으로 작성해 주십시오. (1000)"
3021,1,"기존과 다른 방식을 시도하여 이전에 비해 조금이라도 개선했던 경험 중, 가장 효과적이었던 것은 무엇입니까? 그 방식을 시도했던 이유, 기존 방식과의 차이점, 진행 과정에서 했던 행동과 생각, 결과에 대해 최대한 구체적으로 작성해 주십시오. (1000)"
3022,1,"본인의 인생에서 가장 큰 성취 경험과 실패의 경험을 적고, 그 경험을 통하여 본인이 느끼고 배운점에 대하여 자유롭게 기술해주시기 바랍니다. (500자)"
3023,1,자신의 인생에서 Turning Point 가 되었던 3가지 사건과 그를 통해 어떠한 변화가 있었는지 기술하세요(700자)
3024,1,Challenge B. 해당 직무역량을 향상시키기 위해 노력했던 경험을 서술하십시오. [150자 이내]
3025,1,Change A. 적극적으로 노력하여 문제를 개선했던 경험에 대해 서술하십시오. [100자 이내]
3026,1,문제를 개선하기 위해 어떤 노력을 하셨는지 서술하십시오. [250자 이내]
3027,1,해당 문제를 개선할 수 있는 더 나은 방법이 있었다면 무엇이었는지 서술하십시오. [200자 이내]
3028,1,원칙을 준수하는데 어려움은 없었습니까? 그럼에도 준수하고자 노력하신 이유는 무엇인지 서술하십시오. [300자 이내]
3029,1,자신의 인생에 영향을 끼친 사건 3가지
3030,1,살아오면서 자신이 성취한 것 중 자랑할 만한 것 2가지
3031,1,"학교다닐 때, 본인이 가장 몰두했었던 분야는 무엇이고, 어느 정도로 열심히 했는지 이야기해주세요. (필수)"
3032,1,"[Globality] 지금까지 살아오면서 새로운 문화나 환경(이민, 교환학생, 해외여행 등)을 접했던 경험과, 당시 환경에서의 적응을 위해 본인이 취했던 행동 또는 노력을 구체적인 사례를 들어 기술하세요."
3033,1,"[Venture Spirit] 자신에게 요구된 것보다 더 높은 목표를 스스로 세워 시도했던 경험 중 가장 몰입했던 것을 골라, 구체적인 상황, 자신의 행동, 결과 등을 기술하세요."
3034,1,학업 이외에 관심과 열정을 가지고 했던 다양한 경험 중 가장 기억에 남는 것을 구체적으로 기술해주세요.(800줄 16줄 이내)
3035,1,"[Globality] 지금까지 살아오면서 새로운 문화나 환경(이민, 교환학생, 해외여행 등)을 접했던 경험과, 당시 환경에서의 적응을 위해 본인이 취했던 행동 또는 노력을 구체적인 사례를 들어 기술하세요. (1000 자 8 단락 이내)"
3036,1,"[Venture Spirit] 자신에게 요구된 것보다 더 높은 목표를 스스로 세워 시도했던 경험 중 가장 몰입했던 것을 골라, 구체적인 상황, 자신의 행동, 결과 등을 기술하세요. (1000 자 8단락 이내)"
3037,1,"어떠한 상황에서 스트레스를 느끼는지와, 이를 해소하기 위한 나만의 방법을 기술해주세요."
3038,1,지금까지 살아오면서 자신이 이룬 꿈 또는 남들에게 자랑할 만한 성취경험을 기술해주세요.
3039,1,"SW개발 관련하여 성공 혹은 실패한 프로젝트가 있다면, 왜 성공/실패 했다고 판단했는지와 그 요인을 기술 해 주세요. (10줄 이내) 약 750자이내"
3040,1,"본인이 살면서 가치관을 형성하는데 가장 큰 영향을 끼친 경험이 무엇이며, 그 경험을 통하여 배운 점과 이후의 삶에 영향을 미친 구체적인 사례를 기술하여 주시기 바랍니다."
3041,1,"여러분이 수행하거나 경험했던 최고/최악의 서비스를 한가지씩 작성하고, 그 이유를 작성해 주세요. ① 본인이 수행하거나 경험했던 최고의 서비스 사례와 그 이유, ② 본인이 수행하거나 경험했던 최악의 서비스 사례와 그 이유, 본인이라면 어떠한 서비스를 제공했을지에 대해 구체적으로 작성해 주세요."
3042,1,본인의 인생에서 가장 잘한 선택과 후회하는 선택에 대하여 각각 한가지씩 기술하시오. (800자 이내)
3043,1,"예상치 못했던 문제(시간, 예산, 인적자원 등)로 인해 계획대로 일이 진행되지 않았을 때, 책임감을 가지고 적극적으로 끝까지 업무를 수행해내어 성공적으로 마무리했던 경험이 있으면 기술해주십시오. (800자)"
3044,1,사회활동 : 학업 이외에 관심과 열정을 가지고 했던 다양한 경험 중 가장 기억에 남는 것을 구체적으로 기술해주세요.(800자 16줄 이내)
3045,1,"본인이 경험한 일 중 가장 어려웠던 일과 그것을 극복하기 위해 했던 노력을 구체적으로 기술해 주시기 바랍니다. - 배경이나 계기, 어려웠던 점 및 그것을 극복하기 위해 본인이 했던 행동과 이유, 그 때 느꼈던 감정이나 생각, 결과와 아쉬운 점 포함 (1000자 이내)"
3046,1,신한은행 입행을 위해 노력했던 내용과 그 결과 등에 대해 기술해 주세요. (2000byte)
3047,1,본인이 이룬 가장 큰 성취경험과 실패경험
3048,1,"본인 스스로 관심을 가지고 어떤 분야에 도전하여 무언가를 성취했던 경험이 있다면, 그 노력과 결과에 대해 서술해 주십시오 (500자 이내)"
3049,1,"문제해결 본인이 해결하였던 문제 중, 남들과 다르게 창의적이고 기발한 방법으로 돌파구를 찾아 해결했던 경험에 대해 서술해 주십시오 (500자 이내)"
3050,1,"자신이 하고 싶은 것을 진지하고 순수한 마음으로 수행했던 경험(Integrity/진지함), 무엇인가에 빠져 열정적이고, 헌신적으로 그것을 수행했던 경험(Passion/헌신), 현재에 만족하지 않고, 끊임없는 개선을 통해 타인을 감동시켰던 경험 중 한 개를 선택하여 그 경험과 결과에 대해서 서술하시오. (1200)"
3051,1,신한은행 입행을 위해 노력했던 내용과 그 결과 등에 대해 기술해 주세요. 2000 Bytes
3052,1,본인이 이룬 가장 큰 성취경험과 실패경험에 대하여 글자수 (500자)
3053,1,신한은행 입행을 위해 학창시절 특히 노력했던 내용과 결과 등에 대해서 기술해 주세요. 4000바이트
3054,1,"자신의 경험 중 가장 힘들었던 일은 무엇이며, 그 일을 극복하기 위해 어떤 노력을 다하였는지 서술하여 주십시오 [ 500자 이내]"
3055,1,적극적으로 노력하여 문제를 개선했던 경험에 대해 서술하십시오. [100자 이내]
3056,1,해당 문제를 개선할 수 있는 더 나은 방법이 있었다면 무엇이었는지 서술하십시오.
3057,1,"부족한 지식이나 역량, 또는 새로운 기술을 개발하기 위해 노력을 기울였던 사례를 기술해 주십시오. 그러한 노력을 기울이게 된 계기와 그 결과에 대해서 중점적으로 기술해 주시기 바랍니다."
3058,1,"지금까지 살아오면서 스스로 생각하기에 가장 큰 성공사례와 실패사례를 소개해 주세요. (띄어쓰기 포함 1,000자)"
3059,1,"창의성을 발휘한 경험을 자세하게 소개해 주세요. (띄어쓰기 포함 1,000자)"
3060,1,본인이 경험한 일 중 가장 어려웠던 일과 그것을 극복하기 위해 했던 노력을 구체적으로 기술해 주시기 바랍니다.
3061,1,"어떤 업무를 처리하면서 자신이 내렸던 결정 중 합리적인 의사결정을 내렸다고 생각되는 경험이 있다면 상황, 맡은 업무, 행동, 이유, 결과 등에 대해 구체적으로 기술해 주십시오."
3062,1,"자신이 추진했던 일(프로젝트, 연구활동, 기타과업 등)들의 질적 수준을 높이기 위해 조치를 취했던 경험이 있다면 구체적으로 기술해 주십시오."
3063,1,자신이 문제상황 혹은 어떤 과제를 해결해야 하는 속에서 다른 사람들이 보지 못한 부분들을 파악하고 이를 통해 좋은 결과를 얻을 수 있었던 경험이 있으시면 기술해 주십시오.
3064,1,신한은행 입행을 위해 노력했던 내용과 그 결과 등에 대해 기술해 주세요.
3065,1,"인생에서 겪었던 가장 의미 있는 사건은 무엇이며, 그 사건이 본인에게 미친 영향에 대하여 기술하여 주십시오 (500자 이내)"
3066,1,상황이 어렵거나 힘이 들 때 스스로 동기부여하고 성취욕을 자극하는 요소가 있다면 무엇입니까? [ 800자 이상 1200자 이내 ]
3067,1,"예상치 못했던 문제(시간, 예산, 인적자원 등)로 인해 계획대로 일이 진행되지 않았을 때,책임감을 가지고 적극적으로 끝까지 업무를 수행해내어 성공적으로 마무리했던 경험이 있으면 기술해 주십시오."
3068,1,자신의 인생관에 따라 행동하여 좋은 결과를 만들었던 사례는 무엇입니까? [200자 이상 400자 이내]
3069,1,위에서 기술한 자신의 역량을 발휘해서 좋은 성과를 창출했던 사례에 대해 작성해 주십시오. [200자 이상 400자 이내]
3070,1,귀하가 열정을 가지고 도전했던 경험은 무엇입니까? [800 자]
3071,1,"자신에게 요구된 것 보다 더 높은 목표를 스스로 세워 시도했던 경험 중 가장 기억에 남는 것은 무엇입니까? 목표 달성 과정에서 아쉬웠던 점이나 그 때 느꼈던 자신의 한계는 무엇이고, 이를 극복하기 위해 했던 행동과 생각, 결과에 대해 최대한 구체적으로 작성해 주십시오. (1000자)"
3072,1,다른 사람이 생각하지 못한 새로운 아이디어를 내어 주도적으로 행동한 사례를 적어주세요.
3073,1,살아오면서 본인에게 주어진 과업을 완벽하게 완수한 경험을 동기와 결과를 포함하여 구체적으로 기술하세요.
3074,1,"성인이 된 이후 가장 큰 성취감과 좌절감을 느꼈던 일은 무엇이고, 왜 그렇게 느꼈는지 기술해 주세요 (1300 Bytes 이내)"
3075,1,자신의 인생에서 Turning Point 가 되었던 3가지 사건과 그를 통해 어떠한 변화가 있었는지 기술하세요
3076,1,"본인의 과거 경험 중, 다음의 3가지 가치 중 한가지 이상의 항목을 적절히 활용하여 이루어 낸 성취경험이 있다면 구체적으로 기술하시오."
3077,1,기존과는 다른 새로운 방법을 통해 효과적으로 문제를 개선한 경험에 대해 기술하여 주십시오.(400자~700자)
3078,1,스트레스 상황 또는 포기하고 싶었던 상황에서
3079,1,"주위의 만류나 권유에도 나의 신념을 지킨 경험을 기술하고, 그로 인해 내가 얻은 것과 잃은 것을 기술하여 주십시오.(400자~700자)"
3080,1,"살아오면서 가장 힘들었던 일은 무엇이었으며, 어떻게 대처하고 해결하였는지 기술하세요 (1000)"
3081,1,본인이 도전했던 여러 경험 중 가장 힘들었던 경험을 작성하고 이를 통해 배운 점은 무엇이었는지 작성해주시기 바랍니다.500
3082,1,가장 열정/ 도전적으로 임했던 일과 그 일을 통해서 이룬 것에 대해 상세히 기재해 주세요. (최대 1000자 이내로 작성)
3083,1,"자신이 하고 싶은 것을 진지하고 순수한 마음으로 수행했던 경험(Integrity/진지함), 무엇인가에 빠져 열정적이고, 헌신적으로 그것 을 수행했던 경험(Passion/헌신), 현재에 만족하지 않고, 끊임없는 개선을 통해 타인을 감동시켰던 경험 중 한 개를 선택하여 그 경험과 결과에 대해서 서술하시오. (1200)"
3084,1,본인이 겪었던 가장 큰 실수는 무엇입니까? 그 실수를 만회하기 위해 어떻게 대처 하였습니까? * [100자 이상 600자 이내]
3085,1,가장 열정적/ 도전적으로 임했던 경험을 기술하세요. 500자 6개 동아리
3086,1,완수하기 어려운 상황에도 불구하고 맡은 바를 끝까지 달성하고자 노력했던 경험에 대해 서술해 주십시오. * [100자 이상 600자 이내]
3087,1,기존과는 다른 방식을 적용하여 성과를 낸 경험에 대해 서술해 주십시오. * [100자 이상 600자 이내]
3088,1,복잡한 문제를 논리적이고 분석적으로 접근하여 해결했던 경험에 대해 서술해 주십시오. * [100자 이상 600자 이내]
3089,1,꼼꼼히 살펴 문제를 발견하거나 결과물의 완성도를 높이는 데에 기여한 경험에 대해 서술해 주십시오. * [100자 이상 600자 이내]
3090,1,가장 열정적이고 도전적으로 임했던 일과 그 일을 통해서 이룬 것에 대해 기재하여 주십시오. (300자 이내)
3091,1,다양한 경험 중 중요하게 생각하는 경험을 한 가지 선택하여 서술하고 그를 통해 이룬 일에 대해 기재하여 주십시오. (300자 이내)
3092,1,본인의 경험 중 지원한 직무와 관련하여 가장 특별하고 인상 깊었던 경험에 대해 구체적으로 기술해 주십시오
3093,1,나의 인생경험 살아온 인생 이야기 및 실패와 성공 등
3094,1,"살아오면서 자신이 이루어낸 가장 큰 변화에 대해 당시 상황, 자신의 행동, 결과 등을 기술해 주십시오 (800자 이내 서술)"
3095,1,인생에서 가장 도전적이었던 경험 및 그 경험이 본인에게 미친 영향은? / 800 자
3096,1,"지금까지 살아오면서 겪은 가장 의미 있었던 사건은 무엇이며, 그것이 귀하에게 어떠한 영향을 미쳤습니까?"
3097,1,"남들과 차별화되는 자신만의 강점 세가지와 단점 세가지는 무엇이며, 단점극복을 위하여 노력한 사례나 과정을 기술하여 주십시오."
3098,1,창의성을 발휘하여 어려운 문제를 해결하거나 새로운 분야에 적용했던 사례를 기술하여 주십시오.
3099,1,귀하가 현장중심적인 생각을 통하여 성취했던 경험 혹은 실패했던 경험을 기술하십시오.(600자 이내)
3100,1,대학생활 중 가장 성취감이 컸던 경험과 목표 달성을 위한 본인의 노력에 대해 기술하여 주십시오. (1000자)
3101,1,본인이 이룬 가장 큰 성취경험과 실패경험(500)
3102,1,"자신에게 주어졌던 일 중 가장 어려웠던 경험은 무엇이었습니까? 그 일을 하게 된 이유와 그 때 느꼈던 감정, 진행하면서 가장 어려웠던 점과 그것을 극복하기 위해 했던 행동과 생각, 결과에 대해 최대한 구체적으로 작성해 주십시오.(1000자 이내)"
3103,1,"기존과 다른 방식을 시도하여 이전에 비해 조금이라도 개선했던 경험 중 가장 효과적이었던 것은 무엇입니까? 그 방식을 시도했던 이유, 기존 방식과의 차이점, 진행과정에서 했던 행동과 생각, 결과에 대해 최대한 구체적으로 작성해 주십시오. (1000자 이내)"
3104,1,"자신이 가장 자랑할만한 성공체험은 무엇이며, 이를 위해 어떠한 노력을 했는지 기술하시오. 500자"
3105,1,사회활동 : 학업 외에 관심과 열정을 갖고 했던 다양한 경험 중 가장 기억에 남는 것 (800자 이내)
3106,1,실패에 좌절하지 않고 끝까지 실행하여 성공한 경험을 구체적으로 작성하시오.*
3107,1,본인의 인생에 가장 큰 영향을 미쳤던 일(사건/경험)에 대해 기술해 주세요. (700)
3108,1,"인생에서 어려운 목표를 향해서 도전했던 경험, 성공 또는 실패했다면, 그 이유를 기술해 주십시오."
3109,1,"창의적 아이디어를 시도하여, 개선해 본 경험이 있습니까?"
3110,1,학업 이외에 본인이 관심과 열정을 가지고 가장 자기주도적으로 계획을 수립하고 추진했던 경험이 있으면 서술해주십시오. [200자~500자]
3111,1,성공 사례 및 실패 사례
3112,1,"(진취적 성향) 자신에게 주어진 일이나 과제를 수행하는데 있어, 고정관념을 깨고 창의적으로 문제를 해결했던 사례에 대해 구체적으로 기술하시오 (600자이내)"
3113,1,"본인이 해결하였던 문제 중, 남들과 다르게 창의적이고 기발한 방법으로 돌파구를 찾아 해결했던 경험에 대해 서술해 주십시 오"
3114,1,완수하기 어려운 상황에도 불구하고 맡은 바를 끝까지 달성하고자 노력했던 경험에 대해 서술해 주십시오. * [100자 이상 800자 이내]
3115,1,기존과는 다른 방식을 적용하여 성과를 낸 경험에 대해 서술해 주십시오. * [100자 이상 800자 이내]
3116,1,본인이 이룬 가장 큰 성취경험과 실패경험에 대하여 (500자 ~ 1000자)
3117,1,귀하가 ·현장중심·적인 생각을 통하여 성취했던 경험 혹은 실패했던 경험을 기술하십시오. 600자
3118,1,자신이 문제상황 혹은 어떤 과제를 해결해야 하는 과정 속에서 다른 사람들이 보지 못한 부분들을 파악하고 이를 통해 좋은 결과를 얻을 수 있었던 경험이 있으시면 기술해 주십시오.
3119,1,"어떤 일(팀 과제, 동아리, 아르바이트 등)을 추진하며 작은 실수나 오류 하나가 결과에 큰 영향을 미칠 수 있는 상황에서 철저한 준비를 통해 성공적으로 그 일을 완수해냈던 경험이 있다면 상황, 맡은 일, 행동, 결과에 대해 구체적으로 기술해 주십시오."
3120,1,학창시절에 가장 뛰어났던 점은 무엇이었습니까
3121,1,학창시절에 가장 열등했던 점은 무엇이었습니까.
3122,1,학창시절은 어땠습니까
3123,1,"학창시절 또는 이제까지 귀하가 살아오면서 가장 인상 깊었던 일은? 또는 대표를 했거나, 상을 탔거나, 장학금을 탔거나 또는 특별히 성취했던 것은 무엇입니까"
3124,1,학창시절 또는 이제까지 귀하가 살아오면서 가장 힘들었던 경험은? 힘들었던 상황을 어떻게 극복하셨습니까
3125,1,"학창시절 또는 다른 경험을 돌이켜 볼 때 고쳐야 한다고 생각하는 부분(조직체 및 본인)은 무엇이었으며, 그 이유는 무엇이었습니까"
3126,1,"어떤 일(팀 과제, 동아리, 아르바이트 등)을 추진하며 작은 실수나 오류 하나가 결과에 큰 영향을 미칠 수 있는 상황에서 철저한 준비를 통해 성공적으로 그 일을 완수해냈던 경험이 있다면 상황, 맡은 일, 행동, 결과에 대해 구체적으로 기술해주십시오."
3127,1,사회활동 800자 - 학업 이외에 관심과 열정을 가지고 했던 다양한 경험 중 가장 기억이 남는 것
3128,1,실패나 어려움을 겪고 이를 극복한 경험을 구체적 사례를 들어 쓰시오. 500자
3129,1,자신의 일상과 인생에서 감사하다고 느꼈던 상황 혹은 경험 10가지를 쓰시오. 500자
3130,1,수행했던 프로젝트 중 가장 인상 깊었던 프로젝트 1가지에 대해 작성해주세요
3131,1,사회활동: 학업 이외에 관심과 열정을 가지고 했던 다양한 경험 중 가장 기억에 남는 것을 구체적으로 기술해주세요. 800자
3132,1,"자신이 하고 싶은 것을 진지하고 순수한 마음으로 수행했던 경험(Integrity/진지함), 무엇인가에 빠져 열정적이고, 헌신적으로 그것을 수행했던 경험(Passion/헌신), 현재에 만족하지 않고, 끊임없는 개선을 통해 타인을 감동시켰던 경험 중 한 개를 선택하여 그 경험과 결과에 대해서 서술하시오. 1200"
3133,1,"본인의 과거 경험 중, 다음의 3가지 가치 중 한가지 이상의 항목을 적절히 활용하여 이루어 낸 성취경험이 있다면 구체적으로 기술하시오. [도전] 기존의 틀에 안주하지 않고 변화와 혁신을 통해 최고를 추구함 [헌신] 나보다 우리를 먼저 생각하며 공동의 목표를 최우선시함 [정도] 눈앞의 이익에 흔들리지 않고, 원칙에 따라 정직하게 행동함 (600자)"
3134,1,"자신에게주어졌던일중가장어려웠던경험은무엇이었습니까?그일을하게된이유와그때느꼈던감정,진행하면서가장어려웠던점과그것을극복하기위해했던행동과생각,결과에대해최대한구체적으로작성해주십시오. (1000 자 10 단락 이내)"
3135,1,"이제까지가장강하게소속감을느꼈던조직은무엇이었으며,그조직의발전을위해헌신적으로노력했던것중가장기억에남는경험은무엇입니까?개인적으로더많은노력을기울였던일과그때했던행동과생각,결과에대해최대한구체적으로작성해주십시오. (1000 자 10 단락 이내)"
3136,1,"자신에게요구된것보다더높은목표를스스로세워시도했던경험중가장기억에남는것은무엇입니까?목표달성과정에서아쉬웠던점이나그때느꼈던자신의한계는무엇이고,이를극복하기위해했던행동과생각,결과에대해최대한구체적으로작성해주십시오. (1000 자 10 단락 이내)"
3137,1,"기존과는다른방식을시도하여이전에비해조금이라도개선했던경험중,가장효과적이었던것은무엇입니까?그방식을시도했던이유,기존방식과의차이점,진행과정에서했던행동과생각,결과에대해최대한구체적으로작성해주십시오. (1000 자 10 단락 이내)"
3138,1,지금까지 이룬 가장 큰 성취 3가지현재 200 Bytes 이내
3139,1,"삶의 가치관: 본인이 살면서 가치관을 형성하는데 가장 큰 영향을 끼친 경험이 무엇이며, 그 경험을 통하여 배운 점과 이후의 삶에 영향을 미친 구체적인 사례를 기술하여 주시기 바랍니다. (1000자)"
3140,1,본인이 스스로 도전적인 목표를 설정하고 목표 달성을 위해 노력했던 사례와 그 결과를 기술해 주십시오. (1000자)
3141,1,"어떤 일(팀 과제, 동아리, 아르바이트 등)을 추진하며 작은 실수나 오류 하나가 결과에 큰 영향을 미칠 수 있는 상황에서 철저한 준비를 통해 성공적으로 그 일을 완수해냈던 경험이 있다면 상황, 맡은 일, 행동, 결과에 대해 구체적으로 기술해주십시오"
3142,1,본인의 인생에서 가장 잘한 선택과 후회하는 선택에 대하여 각각 한가지씩 기술하시오(800자 이내)
3143,1,"최근 5년 이내에 했던 경험 중 가장 많은 정보나 의견을 수집, 종합하고 이를 바탕으로 문제를 해결했던 경험에 대해 구체적으로 기술하십시오. 700자 10단락이내"
3144,1,최근 5년 이내에 했던 경험 중 장애요인이 있었지만 이를 극복하기 위해 도전하고 노력했던 경험에 대해 구체적으로 서술하십시오 700자
3145,1,기존에 사용되던 방법을 개선하여 결과를 성공적으로 도출할 수 있었던 경험에 대해 구체적으로 서술하십시오. 700자
3146,1,"인생에서 가장 열정을 쏟았던 경험 또는 새로운 분야에 대한 치열한 도전 경험은 무엇이며, 그 경험을 통해 성취한 바를 서술해주시기 바랍니다.(800자)*필수입력사항"
3147,1,"자신에게 주어졌던 일 중 가장 어려웠던 경험은 무엇이었습니까? 그 일을 한 이유와 느꼈던 감정, 진행하면서 가장 어려웠던 점과 그것을 극복하기 위해 했던 행동과 생각, 결과에 대해 구체적으로 작성해 주십시오(1000자 이내)"
3148,1,이제까지 가장 강하게 소속감을 느꼈던 조직은 무엇이었으며 그 조직의 발전을 위해 헌신적으로 노력했던 것 중 가장 기억에 남는 경험은 무엇입니까? 개인적으로 더 많은 노력을 기울였던 일과 그 때 했던 행동과 생각 결과에 대해 최대한 구체적으로 작성해 주십시오(1000자)
3149,1,"자신에게 요구된 것보다 더 높은 목표를 스스로 세워 시도했던 경험 중 가장 기억에 남는 것은 무엇입니까? 목표 달성 과정에서 아쉬웠던 점이나 그 때 느꼈던 자신의 한계는 무엇이고, 이를 극복하기 위해 했던 행동과 생각, 결과에 대해 최대한 구체적으로 작성해 주십시오(1000자)"
3150,1,"기존과는 다른 방식을 시도하여 이전에 비해 조금이라도 개선했던 경험 중, 가장 효과적이었던 것은 무엇입니까? 그 방식을 시도했던 이유, 기존 방식과의 차이점, 진행과정에서 했던 행동과 생각 그리고 결과에 대해 최대한 구체적으로 작성해 주십시오(1000자)"
3151,1,"인생에서 가장 열정을 쏟았던 경험 또는 새로운 분야에 대한 치열한 도전 경험은 무엇이며, 그 경험을 통해 성취한 바를 서술해주시기 바랍니다.(800자)"
3152,1,"학창 시절 결과적으로 좋았던 선택과 좋지 않았던 선택은 각각 무엇이었으며, 그렇게 생각하는 이유를 설명해 주십시오. (1300 Bytes, 600자 이내)"
3153,1,지금까지 살아오면서 기대 이상의 큰 성과를 창출한 경험을 기술해 주세요.
3154,1,본인이 스스로 도전적인 목표를 설정하고 목표 달성을 위해 노력했던 사례와 그 결과를 기술해 주십시오. [ 400자 이상 1000자 이내
3155,1,[경험의 결과] (200자 이내) 본인의 노력으로 얻은 성과를 구체적으로 작성해 주십시오.
3156,1,"[경험의 상황과 본인의 역할] (200자 이내) 언제, 어디에서 가지게 된 경험이었습니까?"
3157,1,어떤 문제 의식을 가졌습니까? 그러한 문제의식을 가지게 된 계기는 무엇입니까?
3158,1,(400자 이내) 어떤 방식으로 문제를 해결하였나요? 해결과정에서 어려움은 없었습니까?
3159,1,본인의 노력으로 개선된 결과를 구체적으로 작성해 주십시오.
3160,1,4-5)[경험의 결과] (200자 이내) 본인의 노력을 통해 얻은 성과를 구체적으로 작성해 주십시오.
3161,1,능력을 개발하기 위하여 어떠한 노력을 하였습니까?
3162,1,"본인의 단점 중 현재까지 극복하지 못한 단점 2가지를 말하고, 극복하지 못한 이유를 기술하시오"
3163,1,신의 인생관에 따라 행동하여 좋은 결과를 만들었던 사례는 무엇입니까?
3164,1,"본인의 인생에서 가장 큰 성취의 경험과 실패의 경험을 적고, 그 경험을 통하여 본인이 느끼고 배운 점에 대하여 자유롭게 기술해주시기 바랍니다."
3165,1,"어떠한 일에 가장 크게 몰입해서 ‘재미있게’ 했던 경험에 대해 기술하세요. - 몰입하게 된 배경 또는 이유, 그 과정에서 얻은 점과 잃은 점 - 전공 분야 관련 학업에 대한 몰입 경험은 제외 - 될 수 있으면 최근 5년 이내에 했던 경험으로 기재 (1000 자 10 단락 이내)"
3166,1,"주어진 자원(시간/비용)만으로 달성할 수 없을 것 같은 일을 기존의 방식과 다른 방식으로 시도하거나 본인이 주도해서 과감히 추진했던 경험에 관해 기술하세요. - 기존의 방식 = 통상적/상식적인 수준에서 할 수 있는 방식 - 경험의 개수가 복수인 경우, 가장 의미 있는 경험 최대 2가지만 기술 (1000 자 10 단락 이내)"
3167,1,"지금까지 살면서 가장 높은 수준으로 목표를 설정했던 경험에 관해 기술하세요. (아래의 요소 반드시 포함) - 목표 수준과 그러한 목표를 설정한 이유 - 목표 달성을 위한 과정상의 난관 및 그것을 도전/극복한 방법 - 최종 결과 및 성공/실패 원인, 그 과정에서 배운 점 *될 수 있으면 최근 5년 이내에 했던 중/장기 경험으로 기재 (1000 자 10 단락 이내)"
3168,1,지금까지 이룬 가장 큰 성취 3가지 100자
3169,1,자신이 가장 강한의지를 불태웠었던 경험과 그 결과에 대해 기술하시오. 500자
3170,1,"최근 자신이 가장 힘들었던 경험은 무엇이었으며, 어떻게 극복하였는지 기술하시오. 500자"
3171,1,"귀하의 삶의 핵심가치 (좌우명)를 쓰고, 그 가치를 지키기 위해 노력한 경험이나, 그로 인해 손해 본 경험이 있다면 설명하여 주십시오."
3172,1,"귀하가 살아오는 동안 내렸던 가장 어려운 의사결정은 어떤 것이었으며, 그 결정과정과 결과를 설명하여 주십시오."
3173,1,귀하 본인의 노력으로 이룩한 가장 큰 성공과 본인이 겪었던 가장 큰 실패에 대해 성공 요인과 실패 원인에 대해 설명하여 주십시오.
3174,1,살아오면서 힘든 일을 겪게 될 때 힘이 되는 말이나 경험 등을 이유와 함께 기술하시오
3175,1,가장 의미 있었던 경험과 그 경험이 자신의 삶에 미친 영향
3176,1,창의성을 발휘한 사례와 성과에 대하여 구체적으로 기술해 주시기 바랍니다.
3177,1,"본인을 크게 변화시켰던 특별한 경험과, 이를 통해 배운 점이 무엇인지 구체적으로 작성해 주시기 바랍니다."
3178,1,다른 사람과 차별화된 자기 계발 경험 (1200 Byte)
3179,1,본인이 이룬 가장 큰 성취경험과 실패경험에 대하여 (자기소개서 작성 가이드 500자)
3180,1,나만의 관심과 열정을 가지고 했던 경험 중 가장 기억에 남는 것을 구체적으로 기술하시오
3181,1,[Challenge] 스스로 도전적인 목표를 설정한 적이 있는가? 이를 성취 혹은 실패했던 경험을 서술하시오. (1000)
3182,1,[Change] 큰 변화를 시도한 경험이 있는가? 그 계기는 무엇이었으며 변화를 통해 얻은 것이 무엇인지 서술하시오. (1000)
3183,1,목표하는 삶은 무엇이며 그것을 위해 어떤 노력을 해왔는지 자신의 인생 스토리를 소개해 주십시오. (1000)
3184,1,"예상치 못한 문제의 발생으로 계획대로 일이 진행되지 않았을 때, 책임감을 가지고 적극적으로 문제를 해결한 경험과, 그 경험을 통해 얻은 것은 무엇인지 구체적으로 기술해 주십시오.(500)"
3185,1,본인의 장점과 단점은 무엇입니까? 그리고 단점을 극복하기 위해 어떤 노력을 하고 계십니까?
3186,1,"예상치 못했던 문제로 인해 일이 계획대로 진행되지 않았을 때, 책임감을 가지고 적극적으로 끝까지 업무를 수행하여 성공적으로 수행하였거나, 또는 실패한 경험에 대해 서술해 주십시오."
3187,1,"기존과는 다른 방식을 시도하여 이전에 비해 조금이라도 개선했던 경험 중, 가장 효과적이었던 것은 무엇입니까? 그 방식을 시도했던 이유, 기존방식과의 차이점을 설명하시오."
3188,1,"자신의 성장과정 중 생각의 전환을 가져온 사건과 그 사건으로 본인은 어떤 영향을 받았는지 구체적으로 기술하여 주시기 바랍니다. [1,000byte이내]"
3189,1,신한은행 입행을 위해 노력했던 내용과 그 결과 등에 대해 기술해 주세요. 1000자
3190,1,본인의 희생이나 남다른 열정으로 다른 사람을 감동시킨 일 중 가장 기억에 남는 것을 구체적으로 기술 해주세요.
3191,1,귀하가 ‘현장중심’적인 생각을 통하여 성취했던 경험 혹은 실패했던 경험을 기술하십시오. (600자)
3192,1,본인이 저질렀던 가장 큰 실수와 그 실수를 다시 하지 않기 위해 노력한 경험에 대하여 기술해 주십시오.
3193,1,해당 활동의 결과와 이를 통해 본인이 배운 점은 무엇인지 상세히 기술해 주십시오. (400자 이내)
3194,1,당시 본인이 맡은 역할을 보다 더 잘하기 위해 어떤 노력을 기울였는지 상세히 기술해 주십시오. (400자 이내)
3195,1,그러한 노력으로 인해 어떤 결과가 나타났는지 기술해 주십시오. (200자 이내)
3196,1,"당시 어떤 행동을 했는지, 그리고 결과는 어떠했는지 상세히 기술해 주십시오. (400자 이내)"
3197,1,자신의 전문성을 발휘하여 문제를 해결했던 당시의 상황과 해결방법에 대해 상세히 기술해 주십시오. (400자 이내)
3198,1,당신의 생각이나 의도를 효과적으로 전달하기 위하여 당신이 사용한 방법이 무엇이었고 그 결과는 어떠했는지 상세히 기술해 주십시오. (400자 이내)
3199,1,당시의 경험을 통해 깨달은 점이 있다면 무엇이었는지 간략하게 기술해 주십시오. (200자 이내)
3200,1,"처음 프로그래밍을 시작한 시기와, 언제부터 프로그래밍에 재미를 느끼게 되었는지를 각각 기술하여 주세요(500)"
3201,1,"온라인 사이트나 모바일앱 등을 활용하여 자신의 라이프스타일이 크게 개선된 경험이 있나요? ① 사용 경험, ② 온라인 사이트나 모바일 앱에 대한 추가 개선 아이디어 등을 포함하여 구체적으로 작성해 주세요.(1000자)"
3202,1,"예상치 못한 문제의 발생으로 계획대로 일이 진행되지 않았을 때, 책임감을 가지고 적극적으로 문제를 해결한 경험과, 그 경험을 통해 얻은 것은 무엇인지 구체적으로 기술해 주십시오.(700자)"
3203,1,본인의 경험 중 지원한 직무와 관련하여 가장 특별하고 인상 깊었던 경험에 대해 구체적으로 기술해 주십시오.(700자)
3204,1,1순위로 선택한 역량(자기개발)을 발휘한 사례를 경험 중심으로 작성해 주세요.
3205,1,가장 열정적으로 몰입했던 일
3206,1,"자신에게 주어졌던 일 중 가장 어려웠던 경험은 무엇이었습니까? 그 일을 하게 된 이유와 그때 느꼈던 감정, 진행하면서 가장 어려웠던 점과 그것을 극복하기 위해 했던 행동과 생각, 결과에 대해 최대한 구체적으로 작성해 주십시오. 1000"
3207,1,"자신에게 주어졌던 일 중 가장 어려웠던 경험은 무엇이었습니까? 그 일을 하게 된 이유와 그때 느꼈던 감정, 진행하면서 가장 어려웠던 점과 그것을 극복하기 위해 했던 행동과 생각, 결과에 대해 최대한 구체적으로 작성해 주십시오. (1000자)"
3208,1,"이제까지 가장 강하게 소속감을 느꼈던 조직은 무엇이었으며, 그 조직의 발전을 위해 헌신적으로 노력했던 것 중 가장 기억에 남는 경험을 무엇입니까? 개인적으로 더 많은 노력을 기울였던 일과 그 때 했던 행동과 생각, 결과에 대해 최대한 구체적으로 작성해 주십시오. (1000자)"
3209,1,"자신에게 요구된 것보다 더 높은 목표를 스스로 세워 시도했던 경험 주 가장 기억에 남는 것은 무엇입니까? 목표 달성 과정에서 아쉬웠던 점이나 그 때 느꼈던 자신의 한계는 무엇이고, 이를 극복하기 위해 했던 행동과 생각, 결과에 대해 최대한 구체적으로 작성해 주십시오. (1000자)"
3210,1,"대학생활 중, 어려움을 극복했던 경험을 구체적으로 작성해 주세요. (1000자) ① 상황에 대한 설명, ② 어려움을 극복하기 위해 노력했던 과정 및 결과, ③ 해당 경험을 통해 배운 점 (1000자)"
3211,1,*[도전] 지금까지의 경험 중 도전적 목표를 제시하고 결과를 이루어냈던 경험을 작성해 주십시오. 또한 결과를 얻을 수 있었던 요인에 대해 작성해 주십시오.
3212,1,*[분석을 위한 정확한 업무처리] 지금까지의 경험 중 정확성과 관련된 자신의 사례를 작성해 주시기 바랍니다.
3213,1,"*[전략적 사고] 그 동안의 생활에서 자랑할 수 있는 목표가 어떤 것이 있었는지 말씀해 주시고, 그 목표를 달성하기 위해 어떤 방법을 활용했는지 작성해 주시기 바랍니다."
3214,1,최근 5년 동안에 귀하가 성취한 일 중에서 가장 자랑할 만한 것은 무엇입니까? 그것을 성취하기 위해 귀하는 어떤 일을 했습니까? (500자)
3215,1,기발하거나 창의적인 아이디어로 업무를 수행해내어 성공적으로 마무리했던 경험이 있으면 서술해주십시오. (500자)
3216,1,신한은행 입행을 위해 노력했던 내용과 그 결과 등에 대해 기술해 주세요. (2000 Bytes)
3217,1,"본인이 인생에서 가장 힘들거나 어려웠을 때를 기술하고, 이를 어떻게 극복했는지 서술하시오.[1000자] (열정,끈기,도전정신,친화력,임기응변)"
3218,1,자신의 윤리&#8729;도덕적 신념을 지키기 위해 손해나 희생을 감수하고 일을 수행한 경험이 있다면 서술해 주십시오.* [100자 이상 500자 이내]
3219,1,본인이 살아오면서 가장 도전적이었거나 가장 인상깊었던 경험을 기술하세요.
3220,1,"예상치 못한 문제 발생으로 계획대로 진행되지 않았을 때, 책임감을 가지고 적극적으로 문제를 해결한 경험과 그 경험을 통해 얻은 것이 무엇인지 구체적으로 기술하세요. (700자)"
3221,1,본인의 경험 중 지원한 직무와 관련하여 가장 특별하고 인상 깊었던 경험에 대해 구체적으로 기술하세요. (700자)
3222,1,학업 이외에 관심과 열정을 가지고 했던 다양한 경험중 기억에 남는것을 기술해 주세요.
3223,1,본인이 도전했던 여러 경험 중 가장 힘들었던 경험을 작성하고 이를 통해 배운 점은 무엇이었는지 작성해주시기 바랍니다. ~500자
3224,1,"당신에게 감동을 드리겠습니다. 누군가를 감동시키기 위해 노력했던 경험과, 그러한 노력이 상대방에게 어떻게 받아들여졌으며, 어떠한 변화로 이어졌는지 기술해 주시기 바랍니다. (1200자)"
3225,1,"자신의 경험 중 가장 도전적이었던 일은 무엇이며, 극복하기 위해 했던 행동, 노력, 생각을 구체적으로 기술하시오. [500자 이내]"
3226,1,"본인이 살면서 가치관을 형성하는데 가장 큰 영향을 끼친 경험은 무엇이며, 그 경험을 통하여 배운 점과 이후의 삶에 영향을 미친 구체적인 사례를 기술하여 주시기 바랍니다.[1000]"
3227,1,"자신이 하고 싶은 것을 진지하고 순수한 마음으로 수행했던 경험(Integrity/진지함), 무엇인가에 빠져 열정적이고, 헌신적으로 그것"
3228,1,"자신의 윤리관은 어떤 것 인지와 그러한 윤리관을 가지게 된 이유, 그것을 발휘한 실제 경험사례를 구체적으로 기술하시오."
3229,1,"새롭고 낯선 환경에 적응해 가면서 좀 더 잘 생활할 수 있었던 자신의 노하우(Know-how)는 어떤 것이 있으며, 이를 활용했던 실제 적용사례를 설명하시오."
3230,1,"새롭고 낯선 환경에 적응해 가면서 좀 더 잘 생활할 수 있었던 자신의 노하우(Know-how)는 어떤 것이 있으며, 이를 활용했던 실제 적용사례를 설명하시오. [400 Bytes 이상1000 Bytes 이내 작성]"
3231,1,지금까지 살아오면서 자신의 이익을 초월하여 자발적으로 주변의 사람에게 도움을 주었던 경험과 그 과정에서 가장 힘들었던 점은 무엇이었는지 기술하시오. [400 Bytes 이상1000 Bytes 이내 작성]
3232,1,"대학생활 중 가장 뛰어난 성과를 거두었던 경험이 무엇이었으며, 그 과정에서 어떠한 노력을 하였고 무엇을 배웠는지 작성해주세요.* [500자 이내]"
3233,1,"살면서 가장 어려웠던 경험은 무엇이었으며, 그것을 극복하기 위해서 어떠한 노력을 하였고 결과가 어떠하였는지 작성해주세요. * [500자 이내]"
3234,1,자신의 단점 혹은 한계를 극복하려고 했던 경험과 그 느낀점(500자 8단락)
3235,1,기존의 방식이 아니라 창의력을 발휘하여 새롭게 문제를 해결했던 사례를 기술해 주십시오. (500자)
3236,1,"자신의 인생에서 가장 어려웠던 일, 또는 실패했던 경험과 그 당시 어떻게 대처했는지에 대해 기술해 주십시오. (500자)"
3237,1,"본인이 살면서 가치관을 형성하는데 가장 큰 영향을 끼친 경험이 무엇이며, 그 경험을 통하여 배운 점과 이후의 삶에 영향을 미친 구체적인 사례를 기술하여 주시기 바랍니다"
3238,1,본인의 인생에 가장 큰 영향을 미쳤던 일(사건/경험)에 대해 기술해 주세요. (700자) 1) 구체적인 실제 사건 2) 어떠한 영향을 미쳤는지 3) 그 사건 전/후로 어떤 점이 달라졌는지
3239,1,"대학생활 중, 어려움을 극복했던 경험을 구체적으로 작성해 주세요. (1000자) 1) 상황에 대한 설명 2) 어려움을 극복하기 위해 노력했던 과정 및 결과 3) 해당 경험을 통해 배운 점"
3240,1,"인생에서 가장 성취감을 느꼈던 일, 그 일을 달성하기 위해 어떤 노력을 하였는지"
3241,1,지금까지 힘들었던 시기와 대응방법에 대해서 (400글자 이내)
3242,1,"학창시절(고등학교 및 대학교) 가장 열심히 공부한 과목은 무엇이며, 어떻게 공부 하였고, 현재 그 분야(과목)에서 자랑할 만한 실력은 어느 정도 인지? (400글자 이내)"
3243,1,실패했던 경험이나 크게 좌절했던 경험과 극복사례는? 0자/최대300자
3244,1,본인이 갖고 있는 남다른 경험
3245,1,"최근 3년 이내에 본인이 이룬 가장 큰 성과를 기술하되 목표 설정 이유, 노력 과정, 고난 극복, 결과 등을 구체적으로 기술하여 주십시오."
3246,1,열정적이고 도전적으로 몰입하여 성과를 창출했거나 목표를 달성한 경험을 기술하시오. (1000자)
3247,1,본인의 창의적인 아이디어를 통해 조직의 업무 프로세스를 개선하거나 성과를 낸 경험이 있다면 상세하게 기술해 주십시오.
3248,1,문제에 직면했을 때 그것을 어떻게 극복했는지 서술하시오. (30자~500자)
3249,1,사회활동:학업 이외에 관심과 열정을 가지고 했던 다양한 경험 중 가장 기억에 남는 것을 구체적으로 기술해주세요.
3250,1,"자신이 겪은 가장 큰 실패경험 및 극복방법, 실패를 통하여 얻은 교훈에 대하여 기술하시오."
3251,1,학업 이외에 본인이 관심과 열정을 가지고 가장 자기주도적으로 계획을 수립하고 추진했던 경험이 있으면 서술해주십시오. 500자
3252,1,"자신의 경험 중 가장 도전적이었던 일은 무엇이며, 극복하기 위해 했던 행동, 노력, 생각을 구체적으로 기술하시오.(한글은 한 글자에 2byte입니다.) (0/1000 bytes)"
3253,1,"예상치 못한 문제의 발생으로 계획대로 일이 진행되지 않았을 때, 책임감을 가지고 적극적으로 문제를 해결한 경험과, 그 경험을 통해 얻은 것은 무엇인지 구체적으로 기술해 주십시오.(700자 이하)"
3254,1,자신이 가진 열정을 발휘하여 성취감을 느꼈던 경험을 기술하십시오. (1200byte) 성취가뭐냐
3255,1,"자신의 경험 중 가장 도전적이었던 일은 무엇이며, 극복하기 위해 했던 행동, 노력, 생각을 구체적으로 기술하시오. (500자)"
3256,1,"귀하가 지금까지 살아오면서 부딪혔던 난관을 적극적으로 극복한 실제 경험을 기술하거나, 쉽게 성취하기 어려운 목표달성을 위해 최선의 노력을 했던 실제 경험을 기술하시오. * [100자 이상 600자 이내]"
3257,1,"위 경험의 목표 달성 과정 중 난관 혹은 장애물은 무엇이었으며, 어떤 방법으로 극복했습니까?"
3258,1,위 경험의 달성 과정 상 혹은 성취결과를 통해 본인이 얻은 것은 무엇입니까?
3259,1,귀하의 대학생활 중 탁월한 활동실적(교내외)이 있다면 무엇입니까? 최소 200자 / 500자 제한
3260,1,정확한 분석력을 바탕으로 문제상황을 효과적으로 해결한 경험 (600자)
3261,1,본인에게 가장 힘들었던 도전 또는 인상적인 경험과 그것을 통해서 이룬 것 상세 기재.
3262,1,보험이 나의 삶에 도움이 됐던 경험 (500자)
3263,1,담대한 목표를 세우고 이를 달성하고자 노력했던 사례에 대해 기술하세요. 1) 어떠한 상황 속에서 그와 같은 목표를 세우게 되었나요? 2) 구체적으로 어떠한 일을 어떻게 행동하였나요? 3) 그에 대한 결과는 어떠하였나요? 성공 또는 실패에 대한 원인을 기술하세요.(1200자)
3264,1,"스스로 문제점을 발견하여 이를 해결한 경험에 대해 기술하세요. 1) 어떤 과정에서 문제점을 발견하게 되었나요? 2) 문제를 해결하기 위해 어떤 행동을 하였고, 어떤 노력을 기울였나요? 3) 노력의 결과는 어떠하였고, 얻을 수 있었던 것은 무엇이었나요? (1200자)"
3265,1,"열정을 가지고 몰입했던 경험, 창의적인 아이디어를 가지고 목표를 이루어낸 경험, 가장 힘들었던 경험과 그것을 통해 깨달은 점 중 한가지를 선택하여구체적으로 기술해 주십시오."
3266,1,기존의 현상을 개선함으로써 조직의 성과를 조금이라도 향상시켰던 경험에 대하여 기술해 주시기 바랍니다.
3267,1,기존의 방식이 아니라 창의력을 발휘하여 새롭게 문제를 해결했던 사례를 기술해 주십시오.
3268,1,"자신의 인생에서 가장 어려웠던 일, 또는 실패했던 경험과 그 당시 어떻게 대처했는지에 대해 기술해 주십시오."
3269,1,본인이 살아오면서 경험한 가장 큰 성과와 가장 큰 실패에 대해 말해보시오.
3270,1,이제까지 가장 어려웠던 위기와 이를 극복하기 위해 했던 행동과 결과에 대해 구체적으로 기술하십시오. (1200 byte)
3271,1,My Story : 본인이 이룬 가장 큰 성취경험과 실패경험에 대하여
3272,1,최근 1년 내에 본인의 목표 또는 가장 노력한 일과 그 결과에 대해 기술해 주세요
3273,1,"자신을 힘들게 했던 실패경험은 무엇이며, 그 경험을 통해 얻었던 교훈을 작성해 주세요."
3274,1,"SW개발 관련하여 성공 혹은 실패한 프로젝트가 있다면, 왜 성공/실패 했다고 판단했는지와 그 요인을 기술해주세요"
3275,1,자신의 인생관이나 생활신조에 따라 행동하여 좋은 결과를 만들었던 사례와 그 과정에서 본인이 배운 점을 기술하세요.
3276,1,사회활동: 학업 이외에 관심과 열정을 가지고 했던 경험 중 가장 기억에 남는 것을 구체적으로 기술해주세요 (800자)
3277,1,사회활동: 학업 이외에 과나심과 열정을 가지고 했던 다양한 경험 중 가장 기억에 남는 것을 구체적으로 기술해 주세요.
3278,1,"자신의 경험 중 가장 도전적이었던 일은 무엇이며, 극복하기 위해 했던 행동, 노력, 생각을 구체적으로 기술하시오. (500자 이내)"
3279,1,본인이 살면서 ‘열정’을 가지고 목표를 달성한 경험이 있으면 기술하여 주십시오.
3280,1,자신의 열정을 통해 시련을 극복했던 사례 및 자신이 얻은 변화를 구체적으로 서술하시오.
3281,1,"시키는 일의 범위를 넘어서 적극적으로 도전한 경험이 있다면 소개해 주십시오. - 구체적으로 언제, 어떤 상황이었습니까? - 어떻게 행동했습니까? - 결과에서 얻은 교훈은 무엇입니까? * [300자 이내]"
3282,1,귀하는 자신의 변화와 혁신을 위해 스스로 하고 있는 것에 대해 기술해 주십시오. - 구체적으로 어떤 노력을 하고 있습니까? - 그 노력을 통해 어떤 효과를 얻을 수 있습니까? - 그 결과에 대해 어느 정도 만족하십니까? * [300자 이내]
3283,1,"지금까지 자신이 다른 사람에게 설명해야 했던 가장 복잡하거나 어려웠던 아이디어, 상황 또는 경험에 대해 기술해 주십시오. - 구체적으로 언제, 어떤 상황이었습니까? - 어떻게 설명을 했습니까? - 그 결과는 어떠했습니까? * [300자 이내]"
3284,1,"지원자가 살아오면서 해결해야 했던 가장 어려운 과제는 무엇이었습니까? - 구체적으로 언제, 어떤 상황이었습니까? - 어떤 대안들을 모색했으며, 어떤 기준으로 하나의 대안을 선택하셨습니까? - 그 결과에 어느 정도 만족하십니까? * [300자 이내]"
3285,1,본인이 스스로 도전적인 목표를 설정하고 목표 달성을 위해 노력했던 사례와 그 결과를 기술해 주십시오. [400자 이상 1000자 이내]
3286,1,"여러분이 수행하거나 경험했던 최고/최악의 서비스를 한가지씩 작성하고, 그 이유를 작성해 주세요. 1) 본인이 수행하거나 경험했던 최고의 서비스 사례와 그 이유 2) 본인이 수행하거나 경험했던 최악의 서비스 사례와 그 이유, 본인이라면 어떠한 서비스를 제공했을 지에 대해 구체적으로 작성해 주세요. (1000자)"
3287,1,"자신이 하고 싶은 것을 진지하고 순수한 마음으로 수행했던 경험(Integrity/진지함), 무엇인가에 빠져 열정적이고, 헌신적으로 그것을 수행했던 경험(Passion/헌신), 현재에 만족하지 않고, 끊임없는 개선을 통해 타인을 감동시켰던 경험 중 한 개를 선택하여 그 경험과 결과에 대해서 서술하시오. (1200자)"
3288,1,"공모전 수상, 인턴 경험, 또는 본인을 어필할 수 있는 특이 경험이 있다면 기재해주시기 바랍니다."
3289,1,"최근 3년 이내에 귀하께서 어떤 목표를 성취한 경험이 있다면 구체적인 동기, 행동, 결과 등을 기술하여 주십시오."
3290,1,"전공학습이나 소위 스펙 쌓기와 무관한 일 중, 가장 흥미 있게 한 활동은 무엇이었는 지와, 그 이유를 구체적으로 서술하세요 (600자)"
3291,1,"실패 혹은 위기를 극복한 경험을 기술하고 이를 통해 배운 점이 무엇인지, 또 이런 경험을 인생에서 어떻게 활용할 수 있을지 서술하세요(600자)"
3292,1,지금까지 이룬 가장 큰 성취 3가지 (200Bytes 이내)
3293,1,자신이 가장 강한의지를 불태웠었던 경험과 그 결과에 대해 기술하시오. (1000 Bytes 이내)
3294,1,"최근 자신이 가장 힘들었던 경험은 무엇이었으며, 어떻게 극복하였는지 기술하시오. (1000 Bytes 이내)"
3295,1,당신에게 주어진 역할이나 일을 보다 책임감 있게 수행하고 더 좋은 결과물을 만들기 위해 노력했던 최근 경험이 있습니까? 당시 상황 속에서 당신이 취한 행동과 그 결과를 중심으로 기술해 주십시오. / 500 자
3296,1,"대학생활 중, 어려움을 극복했던 경험을 구체적으로 작성해 주세요. 1) 상황에 대한 설명 2) 어려움을 극복하기 위해 노력했던 과정 및 결과 3) 해당 경험을 통해 배운 점을 반드시 포함하여 작성해 주세요. (1000자)"
3297,1,"언제, 어디서 겪은 경험이었습니까?"
3298,1,문제를 효과적으로 해결하기 위해 어떤 행동을 하였습니까?
3299,1,결과는 어떠하였습니까?
3300,1,"예상치 못했던 문제로 인해 계획대로 일이 진행되지 않았을 때, 책임감을 가지고 적극적으로 끝까지 업무를 수행해내어 성공적으로 마무리했던 경험이 있으면 서술해 주십시오. [100자 이상 500자 이내]"
3301,1,"개인적인 어려움과 희생을 각오하고 윤리적, 도덕적으로 행동했던 경험이 있다면 서술해 주십시오. [100자 이상 500자 이내]"
3302,1,"성인이 된 이후 가장 큰 성취감과 좌절감을 느꼈던 일은 무엇이고, 왜 그렇게 느꼈는지 기술해주세요. (1000자 이내)"
3303,1,현재까지 가장 보람을 느꼈던 일과 가장 힘들었던 일 및 그에 대해서 어떻게 극복했는지 구체적으로 기재하시오.
3304,1,[또 한번의 난관]
3305,1,여러분의 대학생활 중 가장 뛰어난 성과를 이뤄냈던 경험을 구체적으로 작성
3306,1,어떤 사안에 대해 객관적이고 과학적인 분석을 통해 문제를 해결한 경험을 작성해 보십시오.
3307,1,"인생에서 겪었던 가장 의미 있는 사건은 무엇이며, 그 사건이 본인에게 미친 영향에 대하여 서술해 주십시오. (500자 이내)"
3308,1,학업 이외에 관심과 열정을 가지고 했던 다양한 경험 중 가장 기억에 남는 것을 구체적으로 기술해주세요. (800자)
3309,1,"자신의 경험 중 가장 힘들었던 일은 무엇이며, 그 일을 극복하기 위해 어떤 노력을 다하였는지 서술하여 주십시오 [ 500자 이내 ]"
3310,1,"자신의 인생에서 가장 중요한 경험은 무엇이며, 그 경험을 통해 얻은 것은 무엇인지 작성해 주시기 바랍니다. (최소 30자~700자 제한)"
3311,1,학업 이외에 관심과 열정을 가지고 했던 다양한 경험중 기억에 남는것을 기술해 주세요. 300자
3312,1,상기의 경험을 통해 얻은 것은 무엇입니까? 300자
3313,1,"자신의 경험 중 가장 도전적이었던 일은 무엇이며, 극복하기 위해 했던 행동, 노력, 생각을 구체적으로 기술하시오"
3314,1,"본인이 살면서 가치관을 형성하는데 가장 큰 영향을 끼친 경험이 무엇이며, 그 경험을 통하여 배운 점과 이후의 삶에 영향을 미친 구체적인 사례를 기술하여 주시기 바랍니다. (1000자)"
3315,1,"본인이 인생에서 가장 힘들거나 어려웠을 때를 기술하고, 이를 어떻게 극복했는지 서술하시오."
3316,1,인생에서 성공했던 경험과 실패했던 경험
3317,1,"자신에게 요구된 것보다 더 높은 목표를 스스로 세워 시도했던 경험 중 가장 기억에 남는 것은 무엇입니까? 목표 달성 과정에서 아쉬웠던 점이나 그 때 느꼈던 자신의 한계는 무엇이고 이를 극복하기 위해 했던 행동과 생각, 결과에 대해 최대한 구체적으로 작성해 주십시오."
3318,1,남들과 다른 새로운 관점으로 변화/혁신을 추구한 경험과 그를 통해 배운점이 무엇인지 기술하시오. (700자)
3319,1,성장과정에서 도전적인 목표를 설정하고 끈기 있게 실행하여 성과를 창출한 경험에 대하여 작성하여 주십시오. [ 100자 이상 500자 이내]
3320,1,어렵거나 힘이 들 때 스스로 동기부여하고 이겨낸 경험이 있으면 서술하시오. 또한 그 속에서 얻은 것은 무엇입니까?
3321,1,기존의 불합리한 문제나 자신의 부족한 부분을 극복해낸 경험에 대해 기술하시오.
3322,1,대학생활 중 가장 도전적으로 임하였던 일은 무엇입니까? (2000자)
3323,1,어떤 문제나 과제에 대해 기존의 방법과 다른 창의적인 방법으로 문제를 해결했던 경험에 대하여 작성하여 주십시오. [ 100자 이상 500자 이내
3324,1,성장과정에서 도전적인 목표를 설정하고 끈기 있게 실행하여 성과를 창출한 경험에 대하여 작성하여 주십시오. 500자
3325,1,어떤 문제나 과제에 대해 기존의 방법과 다른 창의적인 방법으로 문제를 해결했던 경험에 대하여 작성하여 주십시오. 500자
3326,1,"열정과 자신감을 가지고 도전했던 경험은 무엇이었으며, 어떻게 행동하였고 그 결과는 무엇인지 기술하여 주십시오. [500자 이상 3000자 이내]"
3327,1,"전공 혹은 취업과 무관한 일 중 가장 흥미있게 한 활동은 무엇이며, 그 이유와 활동을 통해 배운 점을 서술해주십시오. [500자 이상 3000자 이내]"
3328,1,"본인에게 주어진 일 중 가장 어려웠던 경험이 무엇이었는지 기술하고 그 일을 하게 된 이유와 그 때 느꼈던 감정, 일을 진행하면서 가장 어려웠던 부분과 그것을 극복하기 위해 했던 생각, 결과에 대해 구체적으로 작성해 주십시오.(2000자)"
3329,1,3순위로 선택한 역량(의사소통)을 강화하고자 노력했던 경험을 구체적으로 작성해 주세요
3330,1,"예상치 못한 문제의 발생으로 계획대로 일이 진행되지 않았을 때, 책임감을 가지고 적극적으로 문제를 해결한 경험과, 그 경험을 통해 얻은 것은 무엇인지 구체적으로 기술해 주십시오. 글자수 자/500자 이내"
3331,1,성장 배경이나 살아오면서 중시했던 것들이 있을까요?
3332,1,원래 그렇게 성취욕구가 많은 편인가요?
3333,1,"어려운 경험, 도전"
3334,1,성취감을 느꼈던 사례와 그때 본인이 어떤일을 했었는지 기술하시오.
3335,1,기존의 관행을 깨고 혁신한 사례를 기술하시오.
3336,1,타인과의 관계에 있어서 가장 크게 후회되었던 상황과 이를 극복하기 위해 노력한 점을 설명
3337,1,"학창 시절 결과적으로 좋았던 선택과 좋지 않았던 선택은 각각 무엇이었고, 그 이유를 설명"
3338,1,"자신에게 주어졌던 일 중 가장 어려웠던 경험은 무엇이었습니까? 그 일을 하게 된 이유와 그때 느꼈던 감정, 진행하면서 가장 어려웠던 점과 그것을 극복하기 위해 했던 생각, 결과에 대해 최대한 구체적으로 작성해 주십시오."
3339,1,"이제까지 가장 강하게 소속감을 느꼈던 조직은 무엇이엇으며, 그조직의 발전을 위해 헌신적으로 노력했던 것 중 가장 기억에 남는 경험은 무엇입니까? 개인적으로 더 많은 노력을 기울였던 일과 그 때 했던 생각, 결과에 대해 최대한 구체적으로 작성해 주십시오"
3340,1,"예상치 못했던 문제로 인해 계획대로 일이 진행되지 않았을 때, 책임감을 가지고 적극적으로 끝까지 업무를 수행하여 성공적으로 수행하였거나, 또는 실패한 경험에 대해 서술해 주십시오."
3341,1,"기존과는 다른 방식을 시도하여 이전에 비해 조금이라도 개선했던 경험 중, 가장 효과적이었던 것은 무엇입니까? 그 방식을 시도했던 이유와 기존 방식과의 차이점을 설명해 주십시오."
3342,1,도전적인 목표를 정하고 일을 추진했던 경험을 구체적으로 서술해 주십시오.
3343,1,학창시절에 가장 열등했던 점은 무엇이었습니까
3344,1,학창시절 은 어땠습니까
3345,1,"학창시절(대학/고교) (동아리 활동, 학과) 또는 이제까지 귀하가 살아오면서 가장 인상 깊었던 일은? 또는 대표를 했거나, 상을 탔거나, 장학금을 탔거나 또는 특별히 성취했던 것은 무엇입니까?"
3346,1,학창시절 또는 이제까지 귀하가 살아오면서 가장 힘들었던 경험은? 힘들었던 상황을 어떻게 극복하셨습니까?
3347,1,"학창시절 또는 다른 경험을 돌이켜 볼 때 고쳐야 한다고 생각하는 부분은(조직체 및 본인) 무엇이었으며, 그 이유는 무엇이었습니까?"
3348,1,남들과는 다른 관점에서 새로운 아이디어를 제안하여 주위로부터 찬사를 받은 사건이나 경험에 대해 구체적으로 기술하시오.
3349,1,[추가항목] 본인의 강점을 활용하여 어려움을 극복한 사례가 있습니까?
3350,1,"업무와 관련된 자료나 정보를 수집하고, 이를 분석하여 업무에 활용했었던 경험에 대해 작성해 주시기 바랍니다."
3351,1,어떤 문제나 어려움에 직면하여 이를 극복했었던 경험에 대해 작성해 주시기 바랍니다.
3352,1,사회활동 : 학업 이외에 관심과 일정을 가지고 했던 다양한 경험 중 가장 기억에 남는 것을 구체적으로 기술해주세요.
3353,1,자신의 인생에서 Turning Point 가 되었던 3가지 사건과 그를 통해 어떠한 변화가 있었는지 기술하세요. (700자 이내로 작성해 주세요.)
3354,1,[도전] 지금까지의 경험 중 도전적 목표를 제시하고 결과를 이루어냈던 경험을 작성해 주십시오. 또한 결과를 얻을 수 있었던 요인에 대해 작성해 주십시오.
3355,1,[분석을 위한 정확한 업무처리] 지금까지의 경험 중 정확성과 관련된 자신의 사례를 작성해 주시기 바랍니다.
3356,1,"[전략적 사고] 그 동안의 생활에서 자랑할 수 있는 목표가 어떤 것이 있었는지 말씀해 주시고, 그 목표를 달성하기 위해 어떤 방법을 활용했는지 작성해 주시기 바랍니다."
3357,1,"지금까지 살아오면서 자신이 이루어낸 가장 큰 변화에 대한 당시 상황, 자신의 행동, 결과"
3358,1,과거 경험중 달성하기 어려웠던 목표(일)은 어떤 것이 있었으며 결과는 어떠했습니까? (1000자 이내)
3359,1,상황이 어렵거나 힘이 들 때 스스로 동기부여하고 성취욕을 자극하는 요소가 있다면 무엇입니까? (1000자 이내)
3360,1,"예상치 못한 문제의 발생으로 계획대로 일이 진행되지 않았을 때, 책임감을 가지고 적극적으로"
3361,1,"본인이 살면서 가치관을 형성하는데 가장 큰 영향을 끼친 경험이 무엇이며, 그 경험을 통하여 배운 점과 이후의 삶에 영향을 미친 구체적인 사례를 기술하여 주시기 바랍니다. 1000자"
3362,1,"[경력/경험기술서] 언제, 어디서 겪은 경험이었습니까? 100"
3363,1,[경력/경험기술서] 문제를 효과적으로 해결하기 위해 어떤 행동을 하였습니까? 200
3364,1,경력/경험기술서] 결과는 어떠하였습니까? 200
3365,1,"3-1. [경험의 상황과 본인의 역할] 언제, 어디에서 가지게 된 경험이었습니까? (400 Bytes 이내)"
3366,1,3-4. [경험의 결과] 본인의 노력으로 개선된 결과를 구체적으로 작성해 주십시오. (400 Bytes 이내)
3367,1,[경험의 결과] 본인의 노력을 통해 얻은 성과를 구체적으로 작성해 주십시오. (400 Bytes 이내)
3368,1,여러분의 대학생활 중 가장 뛰어난 성과를 이뤄냈던 경험을 구체적으로 적어주세요. 1) 그 일을 시작한 계기 2) 노력한 과정과 결과 뛰어난 성과라고 생각하는 이유를 반드시 포함하여 작성해 주세요. (1000자)
3369,1,사회 활동 : 학업 이외에 관심과 열정을 가지고 했던 다양한 경험 중 가장 기억에 남는 것을 구체적으로 기술해주세요.
3370,1,"ICT(전자, 통신, 소프트웨어 등) 분야의 역량을 키우기 위해 노력했던 경험에 대해 서술하십시오. 당시 상황과 구체적인 시점을 밝힐 것 어떤 노력을 했는지 구체적으로 드러나도록 서술할 것 결과 및 그 과정에서 배운 점을 상세히 서술할 것(700 자 10 단락 이내)"
3371,1,본인의 인생에 가장 큰 영향을 미쳤던 일(사건/경험)에 대해 기술해 주세요.
3372,1,"가장 도전적인 목표를 세웠던 경험과, 그 목표를 달성하기 위해 노력했던 과정 그리고 결과와 느낀점에 대해 기술해주십시오.[/1000]"
3373,1,인생에서 이룬 가장 큰 성과
3374,1,본인이 가장 관심있고 호기심 많았던 분야에 대해서 기술해 주십시오.
3375,1,"나의 인생에서 가장 극적이었던 한 장면과, 그 사건이 본인에게 미친 영향을 소개해 주십시오."
3376,1,"자신에게 주어진 일이나 과제를 수행하는데 있어, 고정관념을 깨고 창의적으로 문제를 해결했던 사례에 대해 구체적으로 기술하시오."
3377,1,"자신에게 주어졌던 일 중 가장 어려웠던 경험과 극복하기 위한 노력, 배운 점을 기술하시오."
3378,1,학업 이외에 관심과 열정을 가지고 했던 다양한 경험 중 기억에 남는 것을 기술해 주세요. (300자)
3379,1,상기의 경험을 통해 얻은 것은 무엇입니까? (300자)
3380,1,"2. 대학생활 중, 어려움을 극복했던 경험을 구체적으로 작성해 주세요. (1000자) ① 상황에 대한 설명, ② 어려움을 극복하기 위해 노력했던 과정 및 결과, ③ 해당 경험을 통해 배운 점"
3381,1,"지금까지 살아오면서 가장 도전적인 목표는 무엇이었으며, 그 목표를 달성하기 위해 어떤 노력을 기울였습니까? 목표달성 과정 및 결과에 대해 구체적으로 기술해주십시오."
3382,1,대학생활 중 가장 주목할 만한 성과 세 가지를 구체적으로 작성해 주십시오.
3383,1,"(성취경험) 최근 7년 이내 경험 중 가장 강렬히 성취하고 싶었던 일과 이를 달성하기 위해 했던 일, 그 결과를 구체적으로 작성 [3000byte]"
3384,1,본인이 지금까지 살아오면서 가장 큰 난관에 부딪힌 사례를 소개하고 난관을 극복한 방법과 그 결과를 통해 느낀 점을 작성해 주십시오. ( 100자 이상 400자 이내 )
3385,1,귀하의 재학 또는 재직기간 동안 가장 뛰어난 업적은 무엇입니까? 그리고 왜 그렇게 생각하는지를 기술해 주십시오.
3386,1,"지금까지 살아오면서 새로운 문화나 환경(이민, 교환학생, 해외여행 등)을 접했던 경험과, 당시 환경에서의 적응을 위해 본인이 취했던 행동 또는 노력을 구체적인 사례를 들어 기술하세요. (1000 자 8 단락 이내)"
3387,1,살아오면서 중요했던 일 3가지
3388,1,"대학(원)생활을 통해 무엇을 얻었고, 나에게 어떤 영향을 주었는지 기술"
3389,1,본인이 스스로 도전적인 목표를 설정하고 목표 달성을 위해 노력했던 사례와 그 결과를 기술해 주십시오.
3390,1,"본인의 꿈(목표)과 관련하여 왜 그것을 꿈꾸었으며, 그 꿈을 실현하기 위해 어떠한 노력을 했으며, 그 결과에 대하여 작성해 주십시오. (300자~500자)"
3391,1,"본인이 지금까지 살아오면서 가장 어려웠던 문제나 난관에 부딪힌 사례와 그 일을 어떻게 극복하였으며, 그 결과를 통해 느낀 점을 작성해 주십시오. (400자~600자)"
3392,1,여러분의 대학생활 중 가장 뛰어난 성과를 이뤄냈던 경험을 구체적으로 적어주세요.
3393,1,"여러분이 경험한 교내,외 활동에서 IT와 관련된 가장 의미있는 사례를 구체적으로 기술해 주세요. ① 가장 의미있다고 생각한 이유 ② 해당 사례에서 노력한 과정과 결과 ③ 해당 경험이 입사 후 기여할 수 있는 점은 무엇인지에 대하여 작성해 주세요. (1500자 이내) 공모전 수상사례"
3394,1,"자신이 가장 자랑할만한 성공체험은 무엇이며, 이를 위해 어떠한 노력을 했는지 기술하시오 글자수 (100자 ~ 500자)"
3395,1,타인으로부터 큰 신뢰를 받은 경험이나 새로운 아이디어를 가지고 자신만의 창의적인 아이디어를 발휘하였던 경험을 기술해 주십시오.[ 100자 이상 500자 이내 ]
3396,1,"[진취적 성향] 자신에게 주어진 일이나 과제를 수행하는데 있어, 고정관념을 깨고 창의적으로 문제를 해결했던 사례에 대해 구체적으로 기술하시오.(600자 이내)"
3397,1,내 삶에 있어 가장 기억에 남는 일에 대해 기술하십시오.
3398,1,"여러분이 대학시절 중 수행한 IT프로젝트 경험에 대해 구체적으로 작성해 주세요. ① 프로젝트 명과 상세 내용, ② 주로 사용한 개발 언어나 프로그램, ③ 프로젝트 수행 시 가장 중요하게 생각한 부분 ④ 결과를 통해 배운 점을 반드시 포함하여 구체적으로 작성해 주세요. (1000자)"
3399,1,자발적으로 변화와 혁신을 위해 노력했던 사례를 서술하시오. (500자 이내)
3400,1,"자신이 살아오면서 가장 성취감을 느꼈던 일은 무엇이고, 그 일을 달성하기 위하여 어떤 노력을 하였는지 작성 하시오. (1200자)"
3401,1,"자신에게 주어졌던 일 중 가장 해결하기 어려웠던 경험은 무엇입니까? 또한 그 난관을 극복하기 위해 어떠한 노력을 하였고, 그 결과는 어떠했는지 구체적으로 작성해 주십시오. (1,000자)"
3402,1,[열악하기에 도전이고 개척이다]
3403,1,본인에게 가장 힘들었던 도전 또는 인상적인 경험과 그것을 통해서 이룬 것에 대해 상세히 기재해 주십시오.
3404,1,"[목표설정과 도전] 본인 스스로 관심을 가지고 어떤 분야에 도전하여 무언가를 성취했던 경험이 있다면, 그 노력과 결과에 대해 서술해 주십시오. (500자)"
3405,1,"[문제해결] 본인이 해결하였던 문제 중, 남들과 다르게 창의적이고 기발한 방법으로 돌파구를 찾아 해결했던 경험에 대해 서술해 주십시오. (500자)"
3406,1,학업 외에 열정을 가지고 임한 일
3407,1,재학 중 경험했던 일들 중 가장 인상깊은 일이나 남다른 성취 혹은 그 밖의 특징적인 사항들을 적어주세요
3408,1,자신의 인생에 있어서 가장 인상 깊었던 게임은? 그리고 그 게임을 선택한 이유는 무엇인지 상세하게 적어주세요 (500자 제한)
3409,1,사회활동 : 학업 이외의 관심과 열정을 가지고 했던 다양한 경험 중 가장 기억에 남는 것을 구체적으로 기입해주세요. (800)
3410,1,이제까지 살아오면서 자신이 정말 해보고 싶은 것을 하느라고 다른 것을 포기했던 경험에 대해 기술해 주세요 (1300자)
3411,1,"목표한대로 되지 않아서 낙심하고 좌절할 만한 상황이었지만, 그 상황을 잘 극복했던 경험을 기술해 주세요. (1300자)"
3412,1,학창시절에 가장 열등했던 점은 무엇이었습니까?
3413,1,학창시절 은 어땠습니까?
3414,1,"본인이 이룬 가장 큰 성취경험과 실패경험에 대하여 본인의 인생에서 가장 큰 성취의 경험과 실패의 경험을 적고, 그 경험을 통하여 본인이 느끼고 배운 점에 대하여 자유롭게 기술하여 주시기 바랍니다. (100~500자)"
3415,1,본인에게 가장 힘들었던 도전 또는 인상적인 경험과 그것을 통해서 이룬 것에 대해 상세히 기재해 주십시오. 1500자
3416,1,"지금까지 겪었던 일들 중 가장 큰 성공 또는 실패의 경험과, 성공의 이유 또는 실패를 통해 얻은 교훈에 대해 기술하여 주십시오. (2000자)"
3417,1,실패나 어려움을 겪고 이를 극복한 경험을 구체적 사례를 들어 쓰시오.
3418,1,"자신의 가장 자랑스러운 성취경험 또는 자신을 가장 힘들게 했던 실패경험은 무엇이었으며, 그것을 달성 또는 극복하기 위해 했던 노력에 대해 구체적으로 서술하시오. (600자 이내)"
3419,1,"최근 3년 이내에 가장 도전적인 목표를 세우고 구체적인 성과를 냈던 경험이 있다면 그 과정과,결과에 대하여 기술하여 주십시오."
3420,1,본인의 인생에서 가장 잘한 선택과 후회하는 선택 각 한가지씩 기술하시오. (800자)
3421,1,예상치 못한 문제의 발생으로 계획대로 일이 진행되지 않았을 때 책임감을 가지고 적극적으로 문제를 해결한 경험과 그 경험을 통해 얻은 것은 무엇인지 구체적으로 기술 해 주십시오
3422,1,"본인이 살아오면서 가끔 도전적이었거나, 가장 인상 깊었던 경험을 기술하세요. (50~800자)"
3423,1,"교내외 활동 중 가장 성취감이 컸던 경험과 목표 달성을 위한 본인의 노력에 대해 기술하여 주십시오,"
3424,1,자신의 열정을 발휘
3425,1,열정을 가지고 몰입한 경험
3426,1,정직함에 대하여 경험이 있다면 그 상황에서의 본인의 입장 및 대처사례 (800바이트)
3427,1,"대학생활과 졸업이후 가장 어려웠던 경험은 무엇인가요? ① 어려움이 발생한 이유, ② 이를 극복하기 위한 노력(행동, 생각 등)과 그 결과, 느낀 점을 모두 포함하여 구체적으로 작성해 주세요.(1000자)"
3428,1,성장과정에서 도전적인 목표를 설정하고 끈기 있게 실행하여 성과를 창출한 경험에 대하여 작성하여 주십시오. (500자)
3429,1,어떤 문제나 과제에 대해 기존의 방법과 다른 창의적인 방법으로 문제를 해결했던 경험에 대하여 작성하여 주십시오. (500자)
3430,1,어려운 일에 도전한 경험에 대해 (500자)
3431,1,"어려운 목표나 과제달성을 위해 창의적 발상, 새로운 방법으로 도전한 사례"
3432,1,학업 이외에 관심과 열정을 가지고 했던 다양한 경험 중 기억에 남는것을 기술해 주세요.
3433,1,"살아오면서 도전이라고 생각했던 경험이 있으면 기술하고, 이 경험을 통해 회사에 어떤 기여를 할 수 있는지 서술하여 주십시오. (500자 이내)"
3434,1,"헌신했던 경험에 대해 기술하고, 헌신을 통해 얻은 것이 무엇인지 서술하여 주십시오. (500자 이내)"
3435,1,"기존의 방식을 보다 진보한 방식으로 바꾼 경험이 있다면, 왜 그렇게 생각했는지, 무엇이 달라졌는지 서술해 주십시오."
3436,1,가장 큰 성취감을 느낀 사례나 인상 깊었던 경험
3437,1,열정을 다해 성공적으로 마친 업무
3438,1,적극적으로 노력하여 문제를 개선했던 경험에 대해 서술하십시오.
3439,1,"[도전(경험)] 재학시절 가장 힘들었던 경험을 적고, 그것을 어떻게 극복했는지 적어주시기 바랍니다. (1000자)"
3440,1,도전적인 목표를 정하고 열정적으로 일을 추진했던 경험을 구체적으로 기술해 주십시오. (100 ~ 500자)
3441,1,"누군가를 감동시키기 위해 노력했던 경험과, 그러한 노력이 상대방에게 어떻게 받아들여졌으며, 어떠한 변화로 이어졌는지 기술해 주시기 바랍니다."
3442,1,"대학생활 중, 어려움을 극복했던 경험을 구체적으로 작성해 주세요. (1000자)"
3443,1,학업 외 가장 열정적이고 도전적으로 몰입하여 성과를 창출했거나 목표를 달성한 경험을 기술하시오.
3444,1,"지금까지 살아오면서 가장 어려웠다고 생각하는 시기와 상황을 간략히 설명하고, 그 상황을 극복하기 위해 노력한 과정을 설명해 주십시오."
3445,1,도전적인 목표를 정하고 열정적으로 일을 추진했던 경험을 구체적으로 기술해 주십시오. 일을 추진해 나가는데 있어서 어려웠던 점과 그 결과에 대해서 중점적으로 기술해 주시기 바랍니다.
3446,1,포기하지 않고 목표를 향한 성공사례
3447,1,어떤 일에 몰두해 본 경험과 그 결과는 어떠 했는지 서술하세요.
3448,1,"자신의 장단점에 대해 이야기한 후, 단점을 극복하기 위해 노력한 경험을 기술하시오."
